genome	protein	domain_index	anchor_family	anchor_subfamily	anchor_score	score_margin	alternative_models	has_unknown	labels	status	HMO_candidate
NEE56_danakil__GCA_034190465.1	NEE56_danakil__GCA_034190465.1|JAXINV010000003.1_143	1	GT4	GT4_e303	132.9	0	1	True		unmapped	False
NEE56_danakil__GCA_034190465.1	NEE56_danakil__GCA_034190465.1|JAXINV010000003.1_143	1	GT4	GT4_e303	132.9	10	3	True		unmapped	False
NEE56_danakil__GCA_034190465.1	NEE56_danakil__GCA_034190465.1|JAXINV010000003.1_143	1	GT4	GT4_e303	132.9	20	4	True		unmapped	False
NEE56_danakil__GCA_034190465.1	NEE56_danakil__GCA_034190465.1|JAXINV010000003.1_144	1	GT4	GT4_e303	144.5	0	1	True		unmapped	False
NEE56_danakil__GCA_034190465.1	NEE56_danakil__GCA_034190465.1|JAXINV010000003.1_144	1	GT4	GT4_e303	144.5	10	2	True		unmapped	False
NEE56_danakil__GCA_034190465.1	NEE56_danakil__GCA_034190465.1|JAXINV010000003.1_144	1	GT4	GT4_e303	144.5	20	2	True		unmapped	False
NEE56_danakil__GCA_034190465.1	NEE56_danakil__GCA_034190465.1|JAXINV010000003.1_145	1	GT4	GT4_e3592	164.1	0	1	True		unmapped	False
NEE56_danakil__GCA_034190465.1	NEE56_danakil__GCA_034190465.1|JAXINV010000003.1_145	1	GT4	GT4_e3592	164.1	10	1	True		unmapped	False
NEE56_danakil__GCA_034190465.1	NEE56_danakil__GCA_034190465.1|JAXINV010000003.1_145	1	GT4	GT4_e3592	164.1	20	1	True		unmapped	False
NEE56_danakil__GCA_034190465.1	NEE56_danakil__GCA_034190465.1|JAXINV010000003.1_89	1	GH15	GH15_e17	78.7	0	1	False	starch	single_label_candidate	False
NEE56_danakil__GCA_034190465.1	NEE56_danakil__GCA_034190465.1|JAXINV010000003.1_89	1	GH15	GH15_e17	78.7	10	1	False	starch	single_label_candidate	False
NEE56_danakil__GCA_034190465.1	NEE56_danakil__GCA_034190465.1|JAXINV010000003.1_89	1	GH15	GH15_e17	78.7	20	2	False	starch	single_label_candidate	False
NEE56_danakil__GCA_034190465.1	NEE56_danakil__GCA_034190465.1|JAXINV010000010.1_17	1	GT66	GT66_e4	163.3	0	1	True		unmapped	False
NEE56_danakil__GCA_034190465.1	NEE56_danakil__GCA_034190465.1|JAXINV010000010.1_17	1	GT66	GT66_e4	163.3	10	1	True		unmapped	False
NEE56_danakil__GCA_034190465.1	NEE56_danakil__GCA_034190465.1|JAXINV010000010.1_17	1	GT66	GT66_e4	163.3	20	1	True		unmapped	False
NEE56_danakil__GCA_034190465.1	NEE56_danakil__GCA_034190465.1|JAXINV010000010.1_17	2	GT66	GT66_e21	63.4	0	1	True		unmapped	False
NEE56_danakil__GCA_034190465.1	NEE56_danakil__GCA_034190465.1|JAXINV010000010.1_17	2	GT66	GT66_e21	63.4	10	1	True		unmapped	False
NEE56_danakil__GCA_034190465.1	NEE56_danakil__GCA_034190465.1|JAXINV010000010.1_17	2	GT66	GT66_e21	63.4	20	1	True		unmapped	False
NEE56_danakil__GCA_034190465.1	NEE56_danakil__GCA_034190465.1|JAXINV010000018.1_44	1	GT2	GT2_e1321	361.0	0	1	True		unmapped	False
NEE56_danakil__GCA_034190465.1	NEE56_danakil__GCA_034190465.1|JAXINV010000018.1_44	1	GT2	GT2_e1321	361.0	10	1	True		unmapped	False
NEE56_danakil__GCA_034190465.1	NEE56_danakil__GCA_034190465.1|JAXINV010000018.1_44	1	GT2	GT2_e1321	361.0	20	1	True		unmapped	False
NEE56_danakil__GCA_034190465.1	NEE56_danakil__GCA_034190465.1|JAXINV010000019.1_4	1	GH1	GH1_e48	299.2	0	1	True		unmapped	False
NEE56_danakil__GCA_034190465.1	NEE56_danakil__GCA_034190465.1|JAXINV010000019.1_4	1	GH1	GH1_e48	299.2	10	1	True		unmapped	False
NEE56_danakil__GCA_034190465.1	NEE56_danakil__GCA_034190465.1|JAXINV010000019.1_4	1	GH1	GH1_e48	299.2	20	1	True		unmapped	False
NEE56_danakil__GCA_034190465.1	NEE56_danakil__GCA_034190465.1|JAXINV010000024.1_34	1	GT2	GT2_e2478	227.5	0	1	True		unmapped	False
NEE56_danakil__GCA_034190465.1	NEE56_danakil__GCA_034190465.1|JAXINV010000024.1_34	1	GT2	GT2_e2478	227.5	10	2	True		unmapped	False
NEE56_danakil__GCA_034190465.1	NEE56_danakil__GCA_034190465.1|JAXINV010000024.1_34	1	GT2	GT2_e2478	227.5	20	2	True		unmapped	False
NEE56_danakil__GCA_034190465.1	NEE56_danakil__GCA_034190465.1|JAXINV010000025.1_1	1	GT4	GT4_e2188	89.3	0	1	True		unmapped	False
NEE56_danakil__GCA_034190465.1	NEE56_danakil__GCA_034190465.1|JAXINV010000025.1_1	1	GT4	GT4_e2188	89.3	10	16	True		unmapped	False
NEE56_danakil__GCA_034190465.1	NEE56_danakil__GCA_034190465.1|JAXINV010000025.1_1	1	GT4	GT4_e2188	89.3	20	50	True		unmapped	False
NEE56_danakil__GCA_034190465.1	NEE56_danakil__GCA_034190465.1|JAXINV010000025.1_3	1	GT4	GT4_e907	66.3	0	1	True		unmapped	False
NEE56_danakil__GCA_034190465.1	NEE56_danakil__GCA_034190465.1|JAXINV010000025.1_3	1	GT4	GT4_e907	66.3	10	6	True		unmapped	False
NEE56_danakil__GCA_034190465.1	NEE56_danakil__GCA_034190465.1|JAXINV010000025.1_3	1	GT4	GT4_e907	66.3	20	9	True		unmapped	False
NEE56_danakil__GCA_034190465.1	NEE56_danakil__GCA_034190465.1|JAXINV010000040.1_1	1	GT4	GT4_e3552	95.4	0	1	True		unmapped	False
NEE56_danakil__GCA_034190465.1	NEE56_danakil__GCA_034190465.1|JAXINV010000040.1_1	1	GT4	GT4_e3552	95.4	10	4	True		unmapped	False
NEE56_danakil__GCA_034190465.1	NEE56_danakil__GCA_034190465.1|JAXINV010000040.1_1	1	GT4	GT4_e3552	95.4	20	26	True		unmapped	False
NEE56_danakil__GCA_034190465.1	NEE56_danakil__GCA_034190465.1|JAXINV010000040.1_2	1	GT4	GT4_e198	87.3	0	1	True		unmapped	False
NEE56_danakil__GCA_034190465.1	NEE56_danakil__GCA_034190465.1|JAXINV010000040.1_2	1	GT4	GT4_e198	87.3	10	7	True		unmapped	False
NEE56_danakil__GCA_034190465.1	NEE56_danakil__GCA_034190465.1|JAXINV010000040.1_2	1	GT4	GT4_e198	87.3	20	49	True		unmapped	False
NEE56_danakil__GCA_034190465.1	NEE56_danakil__GCA_034190465.1|JAXINV010000047.1_2	1	GT2	GT2_e2594	153.5	0	1	True		unmapped	False
NEE56_danakil__GCA_034190465.1	NEE56_danakil__GCA_034190465.1|JAXINV010000047.1_2	1	GT2	GT2_e2594	153.5	10	1	True		unmapped	False
NEE56_danakil__GCA_034190465.1	NEE56_danakil__GCA_034190465.1|JAXINV010000047.1_2	1	GT2	GT2_e2594	153.5	20	1	True		unmapped	False
NEE56_danakil__GCA_034190465.1	NEE56_danakil__GCA_034190465.1|JAXINV010000054.1_3	1	GT4	GT4_e363	121.2	0	1	True		unmapped	False
NEE56_danakil__GCA_034190465.1	NEE56_danakil__GCA_034190465.1|JAXINV010000054.1_3	1	GT4	GT4_e363	121.2	10	3	True		unmapped	False
NEE56_danakil__GCA_034190465.1	NEE56_danakil__GCA_034190465.1|JAXINV010000054.1_3	1	GT4	GT4_e363	121.2	20	8	True		unmapped	False
NEE56_danakil__GCA_034190465.1	NEE56_danakil__GCA_034190465.1|JAXINV010000063.1_2	1	GT2	GT2_e3966	112.3	0	1	True		unmapped	False
NEE56_danakil__GCA_034190465.1	NEE56_danakil__GCA_034190465.1|JAXINV010000063.1_2	1	GT2	GT2_e3966	112.3	10	2	True		unmapped	False
NEE56_danakil__GCA_034190465.1	NEE56_danakil__GCA_034190465.1|JAXINV010000063.1_2	1	GT2	GT2_e3966	112.3	20	7	True		unmapped	False
NEE56_danakil__GCA_034190545.1	NEE56_danakil__GCA_034190545.1|JAXIOF010000001.1_44	1	AA7	AA7_e2	56.1	0	1	True		unmapped	False
NEE56_danakil__GCA_034190545.1	NEE56_danakil__GCA_034190545.1|JAXIOF010000001.1_44	1	AA7	AA7_e2	56.1	10	1	True		unmapped	False
NEE56_danakil__GCA_034190545.1	NEE56_danakil__GCA_034190545.1|JAXIOF010000001.1_44	1	AA7	AA7_e2	56.1	20	1	True		unmapped	False
NEE56_danakil__GCA_034190545.1	NEE56_danakil__GCA_034190545.1|JAXIOF010000003.1_7	1	GT66	GT66_e10	554.5	0	1	True		unmapped	False
NEE56_danakil__GCA_034190545.1	NEE56_danakil__GCA_034190545.1|JAXIOF010000003.1_7	1	GT66	GT66_e10	554.5	10	1	True		unmapped	False
NEE56_danakil__GCA_034190545.1	NEE56_danakil__GCA_034190545.1|JAXIOF010000003.1_7	1	GT66	GT66_e10	554.5	20	1	True		unmapped	False
NEE56_danakil__GCA_034190545.1	NEE56_danakil__GCA_034190545.1|JAXIOF010000009.1_3	1	GT4	GT4_e3774	204.1	0	1	True		unmapped	False
NEE56_danakil__GCA_034190545.1	NEE56_danakil__GCA_034190545.1|JAXIOF010000009.1_3	1	GT4	GT4_e3774	204.1	10	1	True		unmapped	False
NEE56_danakil__GCA_034190545.1	NEE56_danakil__GCA_034190545.1|JAXIOF010000009.1_3	1	GT4	GT4_e3774	204.1	20	1	True		unmapped	False
NEE56_danakil__GCA_034190545.1	NEE56_danakil__GCA_034190545.1|JAXIOF010000009.1_5	1	GT3	GT3_e0	581.1	0	1	True		unmapped	False
NEE56_danakil__GCA_034190545.1	NEE56_danakil__GCA_034190545.1|JAXIOF010000009.1_5	1	GT3	GT3_e0	581.1	10	1	True		unmapped	False
NEE56_danakil__GCA_034190545.1	NEE56_danakil__GCA_034190545.1|JAXIOF010000009.1_5	1	GT3	GT3_e0	581.1	20	1	True		unmapped	False
NEE56_danakil__GCA_034190545.1	NEE56_danakil__GCA_034190545.1|JAXIOF010000009.1_7	1	GH133	GH133_e3	59.8	0	1	True		unmapped	False
NEE56_danakil__GCA_034190545.1	NEE56_danakil__GCA_034190545.1|JAXIOF010000009.1_7	1	GH133	GH133_e3	59.8	10	1	True		unmapped	False
NEE56_danakil__GCA_034190545.1	NEE56_danakil__GCA_034190545.1|JAXIOF010000009.1_7	1	GH133	GH133_e3	59.8	20	1	True		unmapped	False
NEE56_danakil__GCA_034190545.1	NEE56_danakil__GCA_034190545.1|JAXIOF010000015.1_19	1	GT4	GT4_e3592	176.4	0	1	True		unmapped	False
NEE56_danakil__GCA_034190545.1	NEE56_danakil__GCA_034190545.1|JAXIOF010000015.1_19	1	GT4	GT4_e3592	176.4	10	1	True		unmapped	False
NEE56_danakil__GCA_034190545.1	NEE56_danakil__GCA_034190545.1|JAXIOF010000015.1_19	1	GT4	GT4_e3592	176.4	20	1	True		unmapped	False
NEE56_danakil__GCA_034190545.1	NEE56_danakil__GCA_034190545.1|JAXIOF010000023.1_9	1	GT2	GT2_e2594	196.2	0	1	True		unmapped	False
NEE56_danakil__GCA_034190545.1	NEE56_danakil__GCA_034190545.1|JAXIOF010000023.1_9	1	GT2	GT2_e2594	196.2	10	2	True		unmapped	False
NEE56_danakil__GCA_034190545.1	NEE56_danakil__GCA_034190545.1|JAXIOF010000023.1_9	1	GT2	GT2_e2594	196.2	20	2	True		unmapped	False
NEE56_danakil__GCA_034190545.1	NEE56_danakil__GCA_034190545.1|JAXIOF010000031.1_26	1	GT2	GT2_e718	276.4	0	1	True		unmapped	False
NEE56_danakil__GCA_034190545.1	NEE56_danakil__GCA_034190545.1|JAXIOF010000031.1_26	1	GT2	GT2_e718	276.4	10	1	True		unmapped	False
NEE56_danakil__GCA_034190545.1	NEE56_danakil__GCA_034190545.1|JAXIOF010000031.1_26	1	GT2	GT2_e718	276.4	20	1	True		unmapped	False
NEE56_danakil__GCA_034190545.1	NEE56_danakil__GCA_034190545.1|JAXIOF010000031.1_27	1	GT66	GT66_e28	641.7	0	1	True		unmapped	False
NEE56_danakil__GCA_034190545.1	NEE56_danakil__GCA_034190545.1|JAXIOF010000031.1_27	1	GT66	GT66_e28	641.7	10	1	True		unmapped	False
NEE56_danakil__GCA_034190545.1	NEE56_danakil__GCA_034190545.1|JAXIOF010000031.1_27	1	GT66	GT66_e28	641.7	20	1	True		unmapped	False
NEE56_danakil__GCA_034190545.1	NEE56_danakil__GCA_034190545.1|JAXIOF010000036.1_5	1	AA2	AA2_e1	69.6	0	1	True		unmapped	False
NEE56_danakil__GCA_034190545.1	NEE56_danakil__GCA_034190545.1|JAXIOF010000036.1_5	1	AA2	AA2_e1	69.6	10	1	True		unmapped	False
NEE56_danakil__GCA_034190545.1	NEE56_danakil__GCA_034190545.1|JAXIOF010000036.1_5	1	AA2	AA2_e1	69.6	20	1	True		unmapped	False
NEE56_danakil__GCA_034190545.1	NEE56_danakil__GCA_034190545.1|JAXIOF010000036.1_5	2	AA2	AA2_e1	56.6	0	1	True		unmapped	False
NEE56_danakil__GCA_034190545.1	NEE56_danakil__GCA_034190545.1|JAXIOF010000036.1_5	2	AA2	AA2_e1	56.6	10	1	True		unmapped	False
NEE56_danakil__GCA_034190545.1	NEE56_danakil__GCA_034190545.1|JAXIOF010000036.1_5	2	AA2	AA2_e1	56.6	20	1	True		unmapped	False
NEE56_danakil__GCA_034190545.1	NEE56_danakil__GCA_034190545.1|JAXIOF010000038.1_8	1	GT75	GT75_e0	505.3	0	1	True		unmapped	False
NEE56_danakil__GCA_034190545.1	NEE56_danakil__GCA_034190545.1|JAXIOF010000038.1_8	1	GT75	GT75_e0	505.3	10	1	True		unmapped	False
NEE56_danakil__GCA_034190545.1	NEE56_danakil__GCA_034190545.1|JAXIOF010000038.1_8	1	GT75	GT75_e0	505.3	20	1	True		unmapped	False
NEE56_danakil__GCA_034190545.1	NEE56_danakil__GCA_034190545.1|JAXIOF010000062.1_10	1	GT2	GT2_e1619	275.9	0	1	True		unmapped	False
NEE56_danakil__GCA_034190545.1	NEE56_danakil__GCA_034190545.1|JAXIOF010000062.1_10	1	GT2	GT2_e1619	275.9	10	1	True		unmapped	False
NEE56_danakil__GCA_034190545.1	NEE56_danakil__GCA_034190545.1|JAXIOF010000062.1_10	1	GT2	GT2_e1619	275.9	20	1	True		unmapped	False
NEE56_danakil__GCA_034190545.1	NEE56_danakil__GCA_034190545.1|JAXIOF010000062.1_16	1	GT75	GT75_e0	536.3	0	1	True		unmapped	False
NEE56_danakil__GCA_034190545.1	NEE56_danakil__GCA_034190545.1|JAXIOF010000062.1_16	1	GT75	GT75_e0	536.3	10	1	True		unmapped	False
NEE56_danakil__GCA_034190545.1	NEE56_danakil__GCA_034190545.1|JAXIOF010000062.1_16	1	GT75	GT75_e0	536.3	20	1	True		unmapped	False
NEE56_danakil__GCA_034190545.1	NEE56_danakil__GCA_034190545.1|JAXIOF010000073.1_2	1	GH57	GH57_e13	466.9	0	1	True		unmapped	False
NEE56_danakil__GCA_034190545.1	NEE56_danakil__GCA_034190545.1|JAXIOF010000073.1_2	1	GH57	GH57_e13	466.9	10	1	True		unmapped	False
NEE56_danakil__GCA_034190545.1	NEE56_danakil__GCA_034190545.1|JAXIOF010000073.1_2	1	GH57	GH57_e13	466.9	20	1	True		unmapped	False
NEE56_danakil__GCA_034190545.1	NEE56_danakil__GCA_034190545.1|JAXIOF010000101.1_19	1	GT4	GT4_e303	178.0	0	1	True		unmapped	False
NEE56_danakil__GCA_034190545.1	NEE56_danakil__GCA_034190545.1|JAXIOF010000101.1_19	1	GT4	GT4_e303	178.0	10	1	True		unmapped	False
NEE56_danakil__GCA_034190545.1	NEE56_danakil__GCA_034190545.1|JAXIOF010000101.1_19	1	GT4	GT4_e303	178.0	20	1	True		unmapped	False
NEE56_danakil__GCA_042218035.1	NEE56_danakil__GCA_042218035.1|JBDGRM010000012.1_30	1	GH15	GH15_e14	496.9	0	1	True		unmapped	False
NEE56_danakil__GCA_042218035.1	NEE56_danakil__GCA_042218035.1|JBDGRM010000012.1_30	1	GH15	GH15_e14	496.9	10	1	True		unmapped	False
NEE56_danakil__GCA_042218035.1	NEE56_danakil__GCA_042218035.1|JBDGRM010000012.1_30	1	GH15	GH15_e14	496.9	20	2	True	trehalose	ambiguous	False
NEE56_danakil__GCA_042218035.1	NEE56_danakil__GCA_042218035.1|JBDGRM010000013.1_4	1	GT4	GT4_e421	182.0	0	1	True		unmapped	False
NEE56_danakil__GCA_042218035.1	NEE56_danakil__GCA_042218035.1|JBDGRM010000013.1_4	1	GT4	GT4_e421	182.0	10	3	True		unmapped	False
NEE56_danakil__GCA_042218035.1	NEE56_danakil__GCA_042218035.1|JBDGRM010000013.1_4	1	GT4	GT4_e421	182.0	20	6	True		unmapped	False
NEE56_danakil__GCA_042218035.1	NEE56_danakil__GCA_042218035.1|JBDGRM010000013.1_6	1	GT4	GT4_e734	150.6	0	1	True		unmapped	False
NEE56_danakil__GCA_042218035.1	NEE56_danakil__GCA_042218035.1|JBDGRM010000013.1_6	1	GT4	GT4_e734	150.6	10	1	True		unmapped	False
NEE56_danakil__GCA_042218035.1	NEE56_danakil__GCA_042218035.1|JBDGRM010000013.1_6	1	GT4	GT4_e734	150.6	20	2	True		unmapped	False
NEE56_danakil__GCA_042218035.1	NEE56_danakil__GCA_042218035.1|JBDGRM010000015.1_3	1	GT51	GT51_e128	232.4	0	1	True		unmapped	False
NEE56_danakil__GCA_042218035.1	NEE56_danakil__GCA_042218035.1|JBDGRM010000015.1_3	1	GT51	GT51_e128	232.4	10	2	True		unmapped	False
NEE56_danakil__GCA_042218035.1	NEE56_danakil__GCA_042218035.1|JBDGRM010000015.1_3	1	GT51	GT51_e128	232.4	20	8	True		unmapped	False
NEE56_danakil__GCA_042218035.1	NEE56_danakil__GCA_042218035.1|JBDGRM010000018.1_3	1	GH103	GH103_e12	145.4	0	1	True		unmapped	False
NEE56_danakil__GCA_042218035.1	NEE56_danakil__GCA_042218035.1|JBDGRM010000018.1_3	1	GH103	GH103_e12	145.4	10	4	True		unmapped	False
NEE56_danakil__GCA_042218035.1	NEE56_danakil__GCA_042218035.1|JBDGRM010000018.1_3	1	GH103	GH103_e12	145.4	20	4	True		unmapped	False
NEE56_danakil__GCA_042218035.1	NEE56_danakil__GCA_042218035.1|JBDGRM010000019.1_4	1	GT28	GT28_e53	123.6	0	1	True		unmapped	False
NEE56_danakil__GCA_042218035.1	NEE56_danakil__GCA_042218035.1|JBDGRM010000019.1_4	1	GT28	GT28_e53	123.6	10	5	True		unmapped	False
NEE56_danakil__GCA_042218035.1	NEE56_danakil__GCA_042218035.1|JBDGRM010000019.1_4	1	GT28	GT28_e53	123.6	20	10	True		unmapped	False
NEE56_danakil__GCA_042218035.1	NEE56_danakil__GCA_042218035.1|JBDGRM010000022.1_45	1	GT4	GT4_e740	171.5	0	1	True		unmapped	False
NEE56_danakil__GCA_042218035.1	NEE56_danakil__GCA_042218035.1|JBDGRM010000022.1_45	1	GT4	GT4_e740	171.5	10	2	True		unmapped	False
NEE56_danakil__GCA_042218035.1	NEE56_danakil__GCA_042218035.1|JBDGRM010000022.1_45	1	GT4	GT4_e740	171.5	20	2	True		unmapped	False
NEE56_danakil__GCA_042218035.1	NEE56_danakil__GCA_042218035.1|JBDGRM010000023.1_14	1	AA12	AA12_e0	82.8	0	1	True		unmapped	False
NEE56_danakil__GCA_042218035.1	NEE56_danakil__GCA_042218035.1|JBDGRM010000023.1_14	1	AA12	AA12_e0	82.8	10	2	True		unmapped	False
NEE56_danakil__GCA_042218035.1	NEE56_danakil__GCA_042218035.1|JBDGRM010000023.1_14	1	AA12	AA12_e0	82.8	20	3	True		unmapped	False
NEE56_danakil__GCA_042218035.1	NEE56_danakil__GCA_042218035.1|JBDGRM010000033.1_4	1	GT4	GT4_e1342	138.7	0	1	True		unmapped	False
NEE56_danakil__GCA_042218035.1	NEE56_danakil__GCA_042218035.1|JBDGRM010000033.1_4	1	GT4	GT4_e1342	138.7	10	2	True		unmapped	False
NEE56_danakil__GCA_042218035.1	NEE56_danakil__GCA_042218035.1|JBDGRM010000033.1_4	1	GT4	GT4_e1342	138.7	20	2	True		unmapped	False
NEE56_danakil__GCA_042218035.1	NEE56_danakil__GCA_042218035.1|JBDGRM010000039.1_1	1	GT4	GT4_e3463	92.4	0	1	True		unmapped	False
NEE56_danakil__GCA_042218035.1	NEE56_danakil__GCA_042218035.1|JBDGRM010000039.1_1	1	GT4	GT4_e3463	92.4	10	1	True		unmapped	False
NEE56_danakil__GCA_042218035.1	NEE56_danakil__GCA_042218035.1|JBDGRM010000039.1_1	1	GT4	GT4_e3463	92.4	20	4	True		unmapped	False
NEE56_danakil__GCA_042218035.1	NEE56_danakil__GCA_042218035.1|JBDGRM010000039.1_5	1	GT4	GT4_e3736	162.0	0	1	True		unmapped	False
NEE56_danakil__GCA_042218035.1	NEE56_danakil__GCA_042218035.1|JBDGRM010000039.1_5	1	GT4	GT4_e3736	162.0	10	4	True		unmapped	False
NEE56_danakil__GCA_042218035.1	NEE56_danakil__GCA_042218035.1|JBDGRM010000039.1_5	1	GT4	GT4_e3736	162.0	20	4	True		unmapped	False
NEE56_danakil__GCA_042218035.1	NEE56_danakil__GCA_042218035.1|JBDGRM010000039.1_7	1	GT2	GT2_e2410	153.6	0	1	True		unmapped	False
NEE56_danakil__GCA_042218035.1	NEE56_danakil__GCA_042218035.1|JBDGRM010000039.1_7	1	GT2	GT2_e2410	153.6	10	2	True		unmapped	False
NEE56_danakil__GCA_042218035.1	NEE56_danakil__GCA_042218035.1|JBDGRM010000039.1_7	1	GT2	GT2_e2410	153.6	20	7	True		unmapped	False
NEE56_danakil__GCA_042218065.1	NEE56_danakil__GCA_042218065.1|JBDGRL010000002.1_40	1	GT51	GT51_e128	227.8	0	1	True		unmapped	False
NEE56_danakil__GCA_042218065.1	NEE56_danakil__GCA_042218065.1|JBDGRL010000002.1_40	1	GT51	GT51_e128	227.8	10	1	True		unmapped	False
NEE56_danakil__GCA_042218065.1	NEE56_danakil__GCA_042218065.1|JBDGRL010000002.1_40	1	GT51	GT51_e128	227.8	20	2	True		unmapped	False
NEE56_danakil__GCA_042218065.1	NEE56_danakil__GCA_042218065.1|JBDGRL010000002.1_9	1	GT28	GT28_e55	120.5	0	1	True		unmapped	False
NEE56_danakil__GCA_042218065.1	NEE56_danakil__GCA_042218065.1|JBDGRL010000002.1_9	1	GT28	GT28_e55	120.5	10	5	True		unmapped	False
NEE56_danakil__GCA_042218065.1	NEE56_danakil__GCA_042218065.1|JBDGRL010000002.1_9	1	GT28	GT28_e55	120.5	20	13	True		unmapped	False
NEE56_danakil__GCA_042218065.1	NEE56_danakil__GCA_042218065.1|JBDGRL010000002.1_90	1	GT2	GT2_e970	87.9	0	2	True		unmapped	False
NEE56_danakil__GCA_042218065.1	NEE56_danakil__GCA_042218065.1|JBDGRL010000002.1_90	1	GT2	GT2_e970	87.9	10	14	True		unmapped	False
NEE56_danakil__GCA_042218065.1	NEE56_danakil__GCA_042218065.1|JBDGRL010000002.1_90	1	GT2	GT2_e970	87.9	20	42	True		unmapped	False
NEE56_danakil__GCA_042218065.1	NEE56_danakil__GCA_042218065.1|JBDGRL010000005.1_15	1	GH1	GH1_e44	448.2	0	1	False	beta-glucan	single_label_candidate	False
NEE56_danakil__GCA_042218065.1	NEE56_danakil__GCA_042218065.1|JBDGRL010000005.1_15	1	GH1	GH1_e44	448.2	10	1	False	beta-glucan	single_label_candidate	False
NEE56_danakil__GCA_042218065.1	NEE56_danakil__GCA_042218065.1|JBDGRL010000005.1_15	1	GH1	GH1_e44	448.2	20	1	False	beta-glucan	single_label_candidate	False
NEE56_danakil__GCA_042218065.1	NEE56_danakil__GCA_042218065.1|JBDGRL010000007.1_11	1	AA12	AA12_e0	59.7	0	1	True		unmapped	False
NEE56_danakil__GCA_042218065.1	NEE56_danakil__GCA_042218065.1|JBDGRL010000007.1_11	1	AA12	AA12_e0	59.7	10	1	True		unmapped	False
NEE56_danakil__GCA_042218065.1	NEE56_danakil__GCA_042218065.1|JBDGRL010000007.1_11	1	AA12	AA12_e0	59.7	20	1	True		unmapped	False
NEE56_danakil__GCA_042218065.1	NEE56_danakil__GCA_042218065.1|JBDGRL010000007.1_5	1	GT28	GT28_e36	83.2	0	1	True		unmapped	False
NEE56_danakil__GCA_042218065.1	NEE56_danakil__GCA_042218065.1|JBDGRL010000007.1_5	1	GT28	GT28_e36	83.2	10	9	True		unmapped	False
NEE56_danakil__GCA_042218065.1	NEE56_danakil__GCA_042218065.1|JBDGRL010000007.1_5	1	GT28	GT28_e36	83.2	20	20	True		unmapped	False
NEE56_danakil__GCA_042218065.1	NEE56_danakil__GCA_042218065.1|JBDGRL010000012.1_34	1	GT4	GT4_e2119	85.3	0	1	True		unmapped	False
NEE56_danakil__GCA_042218065.1	NEE56_danakil__GCA_042218065.1|JBDGRL010000012.1_34	1	GT4	GT4_e2119	85.3	10	8	True		unmapped	False
NEE56_danakil__GCA_042218065.1	NEE56_danakil__GCA_042218065.1|JBDGRL010000012.1_34	1	GT4	GT4_e2119	85.3	20	25	True		unmapped	False
NEE56_danakil__GCA_042218065.1	NEE56_danakil__GCA_042218065.1|JBDGRL010000012.1_50	1	GT2	GT2_e892	234.3	0	1	True		unmapped	False
NEE56_danakil__GCA_042218065.1	NEE56_danakil__GCA_042218065.1|JBDGRL010000012.1_50	1	GT2	GT2_e892	234.3	10	1	True		unmapped	False
NEE56_danakil__GCA_042218065.1	NEE56_danakil__GCA_042218065.1|JBDGRL010000012.1_50	1	GT2	GT2_e892	234.3	20	2	True		unmapped	False
NEE56_danakil__GCA_042218065.1	NEE56_danakil__GCA_042218065.1|JBDGRL010000012.1_52	1	GT2	GT2_e892	121.3	0	1	True		unmapped	False
NEE56_danakil__GCA_042218065.1	NEE56_danakil__GCA_042218065.1|JBDGRL010000012.1_52	1	GT2	GT2_e892	121.3	10	5	True		unmapped	False
NEE56_danakil__GCA_042218065.1	NEE56_danakil__GCA_042218065.1|JBDGRL010000012.1_52	1	GT2	GT2_e892	121.3	20	8	True		unmapped	False
NEE56_danakil__GCA_042218065.1	NEE56_danakil__GCA_042218065.1|JBDGRL010000012.1_53	1	GT2	GT2_e1683	190.0	0	1	True		unmapped	False
NEE56_danakil__GCA_042218065.1	NEE56_danakil__GCA_042218065.1|JBDGRL010000012.1_53	1	GT2	GT2_e1683	190.0	10	1	True		unmapped	False
NEE56_danakil__GCA_042218065.1	NEE56_danakil__GCA_042218065.1|JBDGRL010000012.1_53	1	GT2	GT2_e1683	190.0	20	2	True		unmapped	False
NEE56_danakil__GCA_042218065.1	NEE56_danakil__GCA_042218065.1|JBDGRL010000012.1_54	1	GT2	GT2_e3401	146.4	0	1	True		unmapped	False
NEE56_danakil__GCA_042218065.1	NEE56_danakil__GCA_042218065.1|JBDGRL010000012.1_54	1	GT2	GT2_e3401	146.4	10	3	True		unmapped	False
NEE56_danakil__GCA_042218065.1	NEE56_danakil__GCA_042218065.1|JBDGRL010000012.1_54	1	GT2	GT2_e3401	146.4	20	6	True		unmapped	False
NEE56_danakil__GCA_042218065.1	NEE56_danakil__GCA_042218065.1|JBDGRL010000012.1_61	1	GT2	GT2_e2119	122.9	0	1	True		unmapped	False
NEE56_danakil__GCA_042218065.1	NEE56_danakil__GCA_042218065.1|JBDGRL010000012.1_61	1	GT2	GT2_e2119	122.9	10	7	True		unmapped	False
NEE56_danakil__GCA_042218065.1	NEE56_danakil__GCA_042218065.1|JBDGRL010000012.1_61	1	GT2	GT2_e2119	122.9	20	12	True		unmapped	False
NEE56_danakil__GCA_042218065.1	NEE56_danakil__GCA_042218065.1|JBDGRL010000013.1_7	1	GT4	GT4_e459	160.4	0	1	True		unmapped	False
NEE56_danakil__GCA_042218065.1	NEE56_danakil__GCA_042218065.1|JBDGRL010000013.1_7	1	GT4	GT4_e459	160.4	10	7	True		unmapped	False
NEE56_danakil__GCA_042218065.1	NEE56_danakil__GCA_042218065.1|JBDGRL010000013.1_7	1	GT4	GT4_e459	160.4	20	13	True		unmapped	False
NEE56_danakil__GCA_042218065.1	NEE56_danakil__GCA_042218065.1|JBDGRL010000013.1_9	1	GT4	GT4_e3191	156.9	0	1	True		unmapped	False
NEE56_danakil__GCA_042218065.1	NEE56_danakil__GCA_042218065.1|JBDGRL010000013.1_9	1	GT4	GT4_e3191	156.9	10	4	True		unmapped	False
NEE56_danakil__GCA_042218065.1	NEE56_danakil__GCA_042218065.1|JBDGRL010000013.1_9	1	GT4	GT4_e3191	156.9	20	6	True		unmapped	False
NEE56_danakil__GCA_042218065.1	NEE56_danakil__GCA_042218065.1|JBDGRL010000023.1_5	1	GT4	GT4_e1886	139.2	0	1	True		unmapped	False
NEE56_danakil__GCA_042218065.1	NEE56_danakil__GCA_042218065.1|JBDGRL010000023.1_5	1	GT4	GT4_e1886	139.2	10	4	True		unmapped	False
NEE56_danakil__GCA_042218065.1	NEE56_danakil__GCA_042218065.1|JBDGRL010000023.1_5	1	GT4	GT4_e1886	139.2	20	17	True		unmapped	False
NEE56_danakil__GCA_042218065.1	NEE56_danakil__GCA_042218065.1|JBDGRL010000028.1_13	1	GT2	GT2_e1937	151.3	0	1	True		unmapped	False
NEE56_danakil__GCA_042218065.1	NEE56_danakil__GCA_042218065.1|JBDGRL010000028.1_13	1	GT2	GT2_e1937	151.3	10	2	True		unmapped	False
NEE56_danakil__GCA_042218065.1	NEE56_danakil__GCA_042218065.1|JBDGRL010000028.1_13	1	GT2	GT2_e1937	151.3	20	3	True		unmapped	False
NEE56_danakil__GCA_042218065.1	NEE56_danakil__GCA_042218065.1|JBDGRL010000028.1_14	1	GT4	GT4_e3367	160.8	0	1	True		unmapped	False
NEE56_danakil__GCA_042218065.1	NEE56_danakil__GCA_042218065.1|JBDGRL010000028.1_14	1	GT4	GT4_e3367	160.8	10	3	True		unmapped	False
NEE56_danakil__GCA_042218065.1	NEE56_danakil__GCA_042218065.1|JBDGRL010000028.1_14	1	GT4	GT4_e3367	160.8	20	5	True		unmapped	False
NEE56_danakil__GCA_042218065.1	NEE56_danakil__GCA_042218065.1|JBDGRL010000028.1_15	1	GT2	GT2_e3648	120.6	0	1	True		unmapped	False
NEE56_danakil__GCA_042218065.1	NEE56_danakil__GCA_042218065.1|JBDGRL010000028.1_15	1	GT2	GT2_e3648	120.6	10	7	True		unmapped	False
NEE56_danakil__GCA_042218065.1	NEE56_danakil__GCA_042218065.1|JBDGRL010000028.1_15	1	GT2	GT2_e3648	120.6	20	23	True		unmapped	False
NEE56_danakil__GCA_042218065.1	NEE56_danakil__GCA_042218065.1|JBDGRL010000030.1_1	1	GT2	GT2_e703	180.5	0	1	True		unmapped	False
NEE56_danakil__GCA_042218065.1	NEE56_danakil__GCA_042218065.1|JBDGRL010000030.1_1	1	GT2	GT2_e703	180.5	10	1	True		unmapped	False
NEE56_danakil__GCA_042218065.1	NEE56_danakil__GCA_042218065.1|JBDGRL010000030.1_1	1	GT2	GT2_e703	180.5	20	2	True		unmapped	False
NEE56_danakil__GCA_042218065.1	NEE56_danakil__GCA_042218065.1|JBDGRL010000033.1_10	1	GT4	GT4_e2566	121.1	0	1	True		unmapped	False
NEE56_danakil__GCA_042218065.1	NEE56_danakil__GCA_042218065.1|JBDGRL010000033.1_10	1	GT4	GT4_e2566	121.1	10	13	True		unmapped	False
NEE56_danakil__GCA_042218065.1	NEE56_danakil__GCA_042218065.1|JBDGRL010000033.1_10	1	GT4	GT4_e2566	121.1	20	72	True		unmapped	False
NEE56_danakil__GCA_042218065.1	NEE56_danakil__GCA_042218065.1|JBDGRL010000033.1_12	1	GT4	GT4_e3078	131.6	0	1	True		unmapped	False
NEE56_danakil__GCA_042218065.1	NEE56_danakil__GCA_042218065.1|JBDGRL010000033.1_12	1	GT4	GT4_e3078	131.6	10	5	True		unmapped	False
NEE56_danakil__GCA_042218065.1	NEE56_danakil__GCA_042218065.1|JBDGRL010000033.1_12	1	GT4	GT4_e3078	131.6	20	15	True		unmapped	False
NEE56_danakil__GCA_042218065.1	NEE56_danakil__GCA_042218065.1|JBDGRL010000033.1_21	1	GT4	GT4_e224	149.5	0	1	True		unmapped	False
NEE56_danakil__GCA_042218065.1	NEE56_danakil__GCA_042218065.1|JBDGRL010000033.1_21	1	GT4	GT4_e224	149.5	10	1	True		unmapped	False
NEE56_danakil__GCA_042218065.1	NEE56_danakil__GCA_042218065.1|JBDGRL010000033.1_21	1	GT4	GT4_e224	149.5	20	2	True		unmapped	False
NEE56_danakil__GCA_042218065.1	NEE56_danakil__GCA_042218065.1|JBDGRL010000033.1_23	1	GT4	GT4_e2171	128.7	0	1	True		unmapped	False
NEE56_danakil__GCA_042218065.1	NEE56_danakil__GCA_042218065.1|JBDGRL010000033.1_23	1	GT4	GT4_e2171	128.7	10	3	True		unmapped	False
NEE56_danakil__GCA_042218065.1	NEE56_danakil__GCA_042218065.1|JBDGRL010000033.1_23	1	GT4	GT4_e2171	128.7	20	5	True		unmapped	False
NEE56_danakil__GCA_042218065.1	NEE56_danakil__GCA_042218065.1|JBDGRL010000033.1_24	1	GT4	GT4_e481	122.0	0	1	True		unmapped	False
NEE56_danakil__GCA_042218065.1	NEE56_danakil__GCA_042218065.1|JBDGRL010000033.1_24	1	GT4	GT4_e481	122.0	10	13	True		unmapped	False
NEE56_danakil__GCA_042218065.1	NEE56_danakil__GCA_042218065.1|JBDGRL010000033.1_24	1	GT4	GT4_e481	122.0	20	71	True		unmapped	False
NEE56_danakil__GCA_042218065.1	NEE56_danakil__GCA_042218065.1|JBDGRL010000033.1_3	1	GT4	GT4_e3012	148.5	0	1	True		unmapped	False
NEE56_danakil__GCA_042218065.1	NEE56_danakil__GCA_042218065.1|JBDGRL010000033.1_3	1	GT4	GT4_e3012	148.5	10	3	True		unmapped	False
NEE56_danakil__GCA_042218065.1	NEE56_danakil__GCA_042218065.1|JBDGRL010000033.1_3	1	GT4	GT4_e3012	148.5	20	8	True		unmapped	False
NEE56_danakil__GCA_042218065.1	NEE56_danakil__GCA_042218065.1|JBDGRL010000033.1_4	1	CE4	CE4_e274	112.5	0	1	True		unmapped	False
NEE56_danakil__GCA_042218065.1	NEE56_danakil__GCA_042218065.1|JBDGRL010000033.1_4	1	CE4	CE4_e274	112.5	10	2	True		unmapped	False
NEE56_danakil__GCA_042218065.1	NEE56_danakil__GCA_042218065.1|JBDGRL010000033.1_4	1	CE4	CE4_e274	112.5	20	4	True	peptidoglycan	ambiguous	False
NEE56_danakil__GCA_042218065.1	NEE56_danakil__GCA_042218065.1|JBDGRL010000033.1_6	1	GT4	GT4_e1712	88.2	0	1	True		unmapped	False
NEE56_danakil__GCA_042218065.1	NEE56_danakil__GCA_042218065.1|JBDGRL010000033.1_6	1	GT4	GT4_e1712	88.2	10	5	True		unmapped	False
NEE56_danakil__GCA_042218065.1	NEE56_danakil__GCA_042218065.1|JBDGRL010000033.1_6	1	GT4	GT4_e1712	88.2	20	41	True		unmapped	False
NEE56_danakil__GCA_042218065.1	NEE56_danakil__GCA_042218065.1|JBDGRL010000033.1_7	1	GT4	GT4_e3855	137.1	0	1	True		unmapped	False
NEE56_danakil__GCA_042218065.1	NEE56_danakil__GCA_042218065.1|JBDGRL010000033.1_7	1	GT4	GT4_e3855	137.1	10	1	True		unmapped	False
NEE56_danakil__GCA_042218065.1	NEE56_danakil__GCA_042218065.1|JBDGRL010000033.1_7	1	GT4	GT4_e3855	137.1	20	12	True		unmapped	False
NEE56_danakil__GCA_042218065.1	NEE56_danakil__GCA_042218065.1|JBDGRL010000033.1_8	1	GT4	GT4_e2500	121.0	0	1	True		unmapped	False
NEE56_danakil__GCA_042218065.1	NEE56_danakil__GCA_042218065.1|JBDGRL010000033.1_8	1	GT4	GT4_e2500	121.0	10	6	True		unmapped	False
NEE56_danakil__GCA_042218065.1	NEE56_danakil__GCA_042218065.1|JBDGRL010000033.1_8	1	GT4	GT4_e2500	121.0	20	31	True		unmapped	False
NEE56_danakil__GCA_042218065.1	NEE56_danakil__GCA_042218065.1|JBDGRL010000034.1_1	1	GT4	GT4_e1377	164.3	0	1	True		unmapped	False
NEE56_danakil__GCA_042218065.1	NEE56_danakil__GCA_042218065.1|JBDGRL010000034.1_1	1	GT4	GT4_e1377	164.3	10	4	True		unmapped	False
NEE56_danakil__GCA_042218065.1	NEE56_danakil__GCA_042218065.1|JBDGRL010000034.1_1	1	GT4	GT4_e1377	164.3	20	15	True		unmapped	False
NEE56_danakil__GCA_042218065.1	NEE56_danakil__GCA_042218065.1|JBDGRL010000041.1_8	1	GT26	GT26_e195	155.3	0	1	True		unmapped	False
NEE56_danakil__GCA_042218065.1	NEE56_danakil__GCA_042218065.1|JBDGRL010000041.1_8	1	GT26	GT26_e195	155.3	10	1	True		unmapped	False
NEE56_danakil__GCA_042218065.1	NEE56_danakil__GCA_042218065.1|JBDGRL010000041.1_8	1	GT26	GT26_e195	155.3	20	5	True		unmapped	False
NEE56_danakil__GCA_042218065.1	NEE56_danakil__GCA_042218065.1|JBDGRL010000045.1_2	1	GH15	GH15_e52	483.3	0	1	True		unmapped	False
NEE56_danakil__GCA_042218065.1	NEE56_danakil__GCA_042218065.1|JBDGRL010000045.1_2	1	GH15	GH15_e52	483.3	10	1	True		unmapped	False
NEE56_danakil__GCA_042218065.1	NEE56_danakil__GCA_042218065.1|JBDGRL010000045.1_2	1	GH15	GH15_e52	483.3	20	1	True		unmapped	False
NEE56_danakil__GCA_042218065.1	NEE56_danakil__GCA_042218065.1|JBDGRL010000045.1_3	1	GH57	GH57_e4	471.1	0	1	True		unmapped	False
NEE56_danakil__GCA_042218065.1	NEE56_danakil__GCA_042218065.1|JBDGRL010000045.1_3	1	GH57	GH57_e4	471.1	10	1	True		unmapped	False
NEE56_danakil__GCA_042218065.1	NEE56_danakil__GCA_042218065.1|JBDGRL010000045.1_3	1	GH57	GH57_e4	471.1	20	1	True		unmapped	False
NEE56_danakil__GCA_042218065.1	NEE56_danakil__GCA_042218065.1|JBDGRL010000045.1_4	1	GT4	GT4_e602	192.3	0	1	True		unmapped	False
NEE56_danakil__GCA_042218065.1	NEE56_danakil__GCA_042218065.1|JBDGRL010000045.1_4	1	GT4	GT4_e602	192.3	10	2	True		unmapped	False
NEE56_danakil__GCA_042218065.1	NEE56_danakil__GCA_042218065.1|JBDGRL010000045.1_4	1	GT4	GT4_e602	192.3	20	2	True		unmapped	False
NEE56_danakil__GCA_042218065.1	NEE56_danakil__GCA_042218065.1|JBDGRL010000048.1_24	1	GT4	GT4_e3507	126.2	0	1	True		unmapped	False
NEE56_danakil__GCA_042218065.1	NEE56_danakil__GCA_042218065.1|JBDGRL010000048.1_24	1	GT4	GT4_e3507	126.2	10	1	True		unmapped	False
NEE56_danakil__GCA_042218065.1	NEE56_danakil__GCA_042218065.1|JBDGRL010000048.1_24	1	GT4	GT4_e3507	126.2	20	4	True		unmapped	False
NEE56_danakil__GCA_042218065.1	NEE56_danakil__GCA_042218065.1|JBDGRL010000048.1_26	1	GT2	GT2_e1664	150.9	0	1	True		unmapped	False
NEE56_danakil__GCA_042218065.1	NEE56_danakil__GCA_042218065.1|JBDGRL010000048.1_26	1	GT2	GT2_e1664	150.9	10	2	True		unmapped	False
NEE56_danakil__GCA_042218065.1	NEE56_danakil__GCA_042218065.1|JBDGRL010000048.1_26	1	GT2	GT2_e1664	150.9	20	3	True		unmapped	False
NEE56_danakil__GCA_042218065.1	NEE56_danakil__GCA_042218065.1|JBDGRL010000087.1_48	1	GT4	GT4_e1499	144.0	0	1	True		unmapped	False
NEE56_danakil__GCA_042218065.1	NEE56_danakil__GCA_042218065.1|JBDGRL010000087.1_48	1	GT4	GT4_e1499	144.0	10	5	True		unmapped	False
NEE56_danakil__GCA_042218065.1	NEE56_danakil__GCA_042218065.1|JBDGRL010000087.1_48	1	GT4	GT4_e1499	144.0	20	17	True		unmapped	False
NEE56_danakil__GCA_042218065.1	NEE56_danakil__GCA_042218065.1|JBDGRL010000090.1_2	1	GT4	GT4_e2039	159.3	0	1	True		unmapped	False
NEE56_danakil__GCA_042218065.1	NEE56_danakil__GCA_042218065.1|JBDGRL010000090.1_2	1	GT4	GT4_e2039	159.3	10	2	True		unmapped	False
NEE56_danakil__GCA_042218065.1	NEE56_danakil__GCA_042218065.1|JBDGRL010000090.1_2	1	GT4	GT4_e2039	159.3	20	2	True		unmapped	False
NEE56_danakil__GCA_042218065.1	NEE56_danakil__GCA_042218065.1|JBDGRL010000090.1_8	1	GT2	GT2_e2317	134.5	0	1	True		unmapped	False
NEE56_danakil__GCA_042218065.1	NEE56_danakil__GCA_042218065.1|JBDGRL010000090.1_8	1	GT2	GT2_e2317	134.5	10	5	True		unmapped	False
NEE56_danakil__GCA_042218065.1	NEE56_danakil__GCA_042218065.1|JBDGRL010000090.1_8	1	GT2	GT2_e2317	134.5	20	21	True		unmapped	False
NEE56_danakil__GCA_042218715.1	NEE56_danakil__GCA_042218715.1|JBDGQU010000008.1_2	1	GH109	GH109_e7	64.0	0	1	True		unmapped	False
NEE56_danakil__GCA_042218715.1	NEE56_danakil__GCA_042218715.1|JBDGQU010000008.1_2	1	GH109	GH109_e7	64.0	10	1	True		unmapped	False
NEE56_danakil__GCA_042218715.1	NEE56_danakil__GCA_042218715.1|JBDGQU010000008.1_2	1	GH109	GH109_e7	64.0	20	1	True		unmapped	False
NEE56_danakil__GCA_042218715.1	NEE56_danakil__GCA_042218715.1|JBDGQU010000023.1_5	1	GT2	GT2_e2119	137.5	0	1	True		unmapped	False
NEE56_danakil__GCA_042218715.1	NEE56_danakil__GCA_042218715.1|JBDGQU010000023.1_5	1	GT2	GT2_e2119	137.5	10	1	True		unmapped	False
NEE56_danakil__GCA_042218715.1	NEE56_danakil__GCA_042218715.1|JBDGQU010000023.1_5	1	GT2	GT2_e2119	137.5	20	4	True		unmapped	False
NEE56_danakil__GCA_042218715.1	NEE56_danakil__GCA_042218715.1|JBDGQU010000029.1_4	1	GH109	GH109_e7	56.2	0	1	True		unmapped	False
NEE56_danakil__GCA_042218715.1	NEE56_danakil__GCA_042218715.1|JBDGQU010000029.1_4	1	GH109	GH109_e7	56.2	10	1	True		unmapped	False
NEE56_danakil__GCA_042218715.1	NEE56_danakil__GCA_042218715.1|JBDGQU010000029.1_4	1	GH109	GH109_e7	56.2	20	1	True		unmapped	False
NEE56_danakil__GCA_042218715.1	NEE56_danakil__GCA_042218715.1|JBDGQU010000035.1_19	1	CE9	CE9_e51	378.7	0	1	False	host glycan	single_label_candidate	False
NEE56_danakil__GCA_042218715.1	NEE56_danakil__GCA_042218715.1|JBDGQU010000035.1_19	1	CE9	CE9_e51	378.7	10	1	False	host glycan	single_label_candidate	False
NEE56_danakil__GCA_042218715.1	NEE56_danakil__GCA_042218715.1|JBDGQU010000035.1_19	1	CE9	CE9_e51	378.7	20	4	True	host glycan	ambiguous	False
NEE56_danakil__GCA_042218715.1	NEE56_danakil__GCA_042218715.1|JBDGQU010000048.1_1	1	GH2	GH2_e112	556.6	0	1	False	beta-galactan	single_label_candidate	False
NEE56_danakil__GCA_042218715.1	NEE56_danakil__GCA_042218715.1|JBDGQU010000048.1_1	1	GH2	GH2_e112	556.6	10	1	False	beta-galactan	single_label_candidate	False
NEE56_danakil__GCA_042218715.1	NEE56_danakil__GCA_042218715.1|JBDGQU010000048.1_1	1	GH2	GH2_e112	556.6	20	2	True	beta-galactan	ambiguous	False
NEE56_danakil__GCA_042218715.1	NEE56_danakil__GCA_042218715.1|JBDGQU010000048.1_2	1	GH43	GH43_e198	383.7	0	1	False	xylan	single_label_candidate	False
NEE56_danakil__GCA_042218715.1	NEE56_danakil__GCA_042218715.1|JBDGQU010000048.1_2	1	GH43	GH43_e198	383.7	10	1	False	xylan	single_label_candidate	False
NEE56_danakil__GCA_042218715.1	NEE56_danakil__GCA_042218715.1|JBDGQU010000048.1_2	1	GH43	GH43_e198	383.7	20	1	False	xylan	single_label_candidate	False
NEE56_danakil__GCA_042218715.1	NEE56_danakil__GCA_042218715.1|JBDGQU010000052.1_13	1	GT4	GT4_e2116	211.5	0	1	True		unmapped	False
NEE56_danakil__GCA_042218715.1	NEE56_danakil__GCA_042218715.1|JBDGQU010000052.1_13	1	GT4	GT4_e2116	211.5	10	1	True		unmapped	False
NEE56_danakil__GCA_042218715.1	NEE56_danakil__GCA_042218715.1|JBDGQU010000052.1_13	1	GT4	GT4_e2116	211.5	20	1	True		unmapped	False
NEE56_danakil__GCA_042218715.1	NEE56_danakil__GCA_042218715.1|JBDGQU010000056.1_17	1	GH13	GH13_e41	315.1	0	1	True		unmapped	False
NEE56_danakil__GCA_042218715.1	NEE56_danakil__GCA_042218715.1|JBDGQU010000056.1_17	1	GH13	GH13_e41	315.1	10	1	True		unmapped	False
NEE56_danakil__GCA_042218715.1	NEE56_danakil__GCA_042218715.1|JBDGQU010000056.1_17	1	GH13	GH13_e41	315.1	20	1	True		unmapped	False
NEE56_danakil__GCA_042218715.1	NEE56_danakil__GCA_042218715.1|JBDGQU010000056.1_18	1	GH13	GH13_e0	642.7	0	1	False	starch;sucrose	ambiguous	False
NEE56_danakil__GCA_042218715.1	NEE56_danakil__GCA_042218715.1|JBDGQU010000056.1_18	1	GH13	GH13_e0	642.7	10	1	False	starch;sucrose	ambiguous	False
NEE56_danakil__GCA_042218715.1	NEE56_danakil__GCA_042218715.1|JBDGQU010000056.1_18	1	GH13	GH13_e0	642.7	20	1	False	starch;sucrose	ambiguous	False
NEE56_danakil__GCA_042218715.1	NEE56_danakil__GCA_042218715.1|JBDGQU010000056.1_19	1	GH13	GH13_e200	548.9	0	1	False	alpha-glucan;sucrose	ambiguous	False
NEE56_danakil__GCA_042218715.1	NEE56_danakil__GCA_042218715.1|JBDGQU010000056.1_19	1	GH13	GH13_e200	548.9	10	1	False	alpha-glucan;sucrose	ambiguous	False
NEE56_danakil__GCA_042218715.1	NEE56_danakil__GCA_042218715.1|JBDGQU010000056.1_19	1	GH13	GH13_e200	548.9	20	1	False	alpha-glucan;sucrose	ambiguous	False
NEE56_danakil__GCA_042218715.1	NEE56_danakil__GCA_042218715.1|JBDGQU010000056.1_19	2	CBM48	CBM48_e2	77.9	0	1	False	glycogen	single_label_candidate	False
NEE56_danakil__GCA_042218715.1	NEE56_danakil__GCA_042218715.1|JBDGQU010000056.1_19	2	CBM48	CBM48_e2	77.9	10	2	True	glycogen	ambiguous	False
NEE56_danakil__GCA_042218715.1	NEE56_danakil__GCA_042218715.1|JBDGQU010000056.1_19	2	CBM48	CBM48_e2	77.9	20	2	True	glycogen	ambiguous	False
NEE56_danakil__GCA_042218715.1	NEE56_danakil__GCA_042218715.1|JBDGQU010000056.1_20	1	GH57	GH57_e36	444.0	0	1	False	starch	single_label_candidate	False
NEE56_danakil__GCA_042218715.1	NEE56_danakil__GCA_042218715.1|JBDGQU010000056.1_20	1	GH57	GH57_e36	444.0	10	1	False	starch	single_label_candidate	False
NEE56_danakil__GCA_042218715.1	NEE56_danakil__GCA_042218715.1|JBDGQU010000056.1_20	1	GH57	GH57_e36	444.0	20	1	False	starch	single_label_candidate	False
NEE56_danakil__GCA_042218715.1	NEE56_danakil__GCA_042218715.1|JBDGQU010000056.1_21	1	GT35	GT35_e8	514.5	0	1	True		unmapped	False
NEE56_danakil__GCA_042218715.1	NEE56_danakil__GCA_042218715.1|JBDGQU010000056.1_21	1	GT35	GT35_e8	514.5	10	1	True		unmapped	False
NEE56_danakil__GCA_042218715.1	NEE56_danakil__GCA_042218715.1|JBDGQU010000056.1_21	1	GT35	GT35_e8	514.5	20	1	True		unmapped	False
NEE56_danakil__GCA_042218715.1	NEE56_danakil__GCA_042218715.1|JBDGQU010000056.1_7	1	GH1	GH1_e66	524.7	0	1	False	beta-galactan;beta-glucan;polyphenol	ambiguous	False
NEE56_danakil__GCA_042218715.1	NEE56_danakil__GCA_042218715.1|JBDGQU010000056.1_7	1	GH1	GH1_e66	524.7	10	1	False	beta-galactan;beta-glucan;polyphenol	ambiguous	False
NEE56_danakil__GCA_042218715.1	NEE56_danakil__GCA_042218715.1|JBDGQU010000056.1_7	1	GH1	GH1_e66	524.7	20	1	False	beta-galactan;beta-glucan;polyphenol	ambiguous	False
NEE56_danakil__GCA_042218715.1	NEE56_danakil__GCA_042218715.1|JBDGQU010000056.1_8	1	GH2	GH2_e94	886.5	0	1	True		unmapped	False
NEE56_danakil__GCA_042218715.1	NEE56_danakil__GCA_042218715.1|JBDGQU010000056.1_8	1	GH2	GH2_e94	886.5	10	1	True		unmapped	False
NEE56_danakil__GCA_042218715.1	NEE56_danakil__GCA_042218715.1|JBDGQU010000056.1_8	1	GH2	GH2_e94	886.5	20	1	True		unmapped	False
NEE56_danakil__GCA_042218715.1	NEE56_danakil__GCA_042218715.1|JBDGQU010000063.1_17	1	GT26	GT26_e125	210.6	0	1	True		unmapped	False
NEE56_danakil__GCA_042218715.1	NEE56_danakil__GCA_042218715.1|JBDGQU010000063.1_17	1	GT26	GT26_e125	210.6	10	4	True		unmapped	False
NEE56_danakil__GCA_042218715.1	NEE56_danakil__GCA_042218715.1|JBDGQU010000063.1_17	1	GT26	GT26_e125	210.6	20	6	True		unmapped	False
NEE56_danakil__GCA_042218715.1	NEE56_danakil__GCA_042218715.1|JBDGQU010000063.1_7	1	GT20	GT20_e1	488.5	0	1	True		unmapped	False
NEE56_danakil__GCA_042218715.1	NEE56_danakil__GCA_042218715.1|JBDGQU010000063.1_7	1	GT20	GT20_e1	488.5	10	1	True		unmapped	False
NEE56_danakil__GCA_042218715.1	NEE56_danakil__GCA_042218715.1|JBDGQU010000063.1_7	1	GT20	GT20_e1	488.5	20	1	True		unmapped	False
NEE56_danakil__GCA_042218715.1	NEE56_danakil__GCA_042218715.1|JBDGQU010000071.1_2	1	GH38	GH38_e38	335.8	0	1	False	host glycan	single_label_candidate	False
NEE56_danakil__GCA_042218715.1	NEE56_danakil__GCA_042218715.1|JBDGQU010000071.1_2	1	GH38	GH38_e38	335.8	10	2	False	host glycan	single_label_candidate	False
NEE56_danakil__GCA_042218715.1	NEE56_danakil__GCA_042218715.1|JBDGQU010000071.1_2	1	GH38	GH38_e38	335.8	20	2	False	host glycan	single_label_candidate	False
NEE56_danakil__GCA_042218715.1	NEE56_danakil__GCA_042218715.1|JBDGQU010000071.1_4	1	GH13	GH13_e136	398.2	0	1	False	starch;sucrose	ambiguous	False
NEE56_danakil__GCA_042218715.1	NEE56_danakil__GCA_042218715.1|JBDGQU010000071.1_4	1	GH13	GH13_e136	398.2	10	4	True	starch;sucrose	ambiguous	False
NEE56_danakil__GCA_042218715.1	NEE56_danakil__GCA_042218715.1|JBDGQU010000071.1_4	1	GH13	GH13_e136	398.2	20	4	True	starch;sucrose	ambiguous	False
NEE56_danakil__GCA_042218715.1	NEE56_danakil__GCA_042218715.1|JBDGQU010000071.1_9	1	GH57	GH57_e18	467.3	0	1	True		unmapped	False
NEE56_danakil__GCA_042218715.1	NEE56_danakil__GCA_042218715.1|JBDGQU010000071.1_9	1	GH57	GH57_e18	467.3	10	1	True		unmapped	False
NEE56_danakil__GCA_042218715.1	NEE56_danakil__GCA_042218715.1|JBDGQU010000071.1_9	1	GH57	GH57_e18	467.3	20	1	True		unmapped	False
NEE56_danakil__GCA_042218715.1	NEE56_danakil__GCA_042218715.1|JBDGQU010000082.1_6	1	GT28	GT28_e119	132.7	0	1	True		unmapped	False
NEE56_danakil__GCA_042218715.1	NEE56_danakil__GCA_042218715.1|JBDGQU010000082.1_6	1	GT28	GT28_e119	132.7	10	2	True		unmapped	False
NEE56_danakil__GCA_042218715.1	NEE56_danakil__GCA_042218715.1|JBDGQU010000082.1_6	1	GT28	GT28_e119	132.7	20	6	True		unmapped	False
NEE56_danakil__GCA_042218715.1	NEE56_danakil__GCA_042218715.1|JBDGQU010000088.1_6	1	GT2	GT2_e2972	315.3	0	1	True		unmapped	False
NEE56_danakil__GCA_042218715.1	NEE56_danakil__GCA_042218715.1|JBDGQU010000088.1_6	1	GT2	GT2_e2972	315.3	10	2	True		unmapped	False
NEE56_danakil__GCA_042218715.1	NEE56_danakil__GCA_042218715.1|JBDGQU010000088.1_6	1	GT2	GT2_e2972	315.3	20	2	True		unmapped	False
NEE56_danakil__GCA_042218715.1	NEE56_danakil__GCA_042218715.1|JBDGQU010000099.1_18	1	GT2	GT2_e381	122.7	0	1	True		unmapped	False
NEE56_danakil__GCA_042218715.1	NEE56_danakil__GCA_042218715.1|JBDGQU010000099.1_18	1	GT2	GT2_e381	122.7	10	11	True		unmapped	False
NEE56_danakil__GCA_042218715.1	NEE56_danakil__GCA_042218715.1|JBDGQU010000099.1_18	1	GT2	GT2_e381	122.7	20	19	True		unmapped	False
NEE56_danakil__GCA_042218715.1	NEE56_danakil__GCA_042218715.1|JBDGQU010000117.1_22	1	GT2	GT2_e2874	371.1	0	1	True		unmapped	False
NEE56_danakil__GCA_042218715.1	NEE56_danakil__GCA_042218715.1|JBDGQU010000117.1_22	1	GT2	GT2_e2874	371.1	10	1	True		unmapped	False
NEE56_danakil__GCA_042218715.1	NEE56_danakil__GCA_042218715.1|JBDGQU010000117.1_22	1	GT2	GT2_e2874	371.1	20	1	True		unmapped	False
NEE56_danakil__GCA_042218715.1	NEE56_danakil__GCA_042218715.1|JBDGQU010000120.1_10	1	AA7	AA7_e0	59.2	0	1	False	chitooligosaccharide	single_label_candidate	False
NEE56_danakil__GCA_042218715.1	NEE56_danakil__GCA_042218715.1|JBDGQU010000120.1_10	1	AA7	AA7_e0	59.2	10	1	False	chitooligosaccharide	single_label_candidate	False
NEE56_danakil__GCA_042218715.1	NEE56_danakil__GCA_042218715.1|JBDGQU010000120.1_10	1	AA7	AA7_e0	59.2	20	1	False	chitooligosaccharide	single_label_candidate	False
NEE56_danakil__GCA_042218715.1	NEE56_danakil__GCA_042218715.1|JBDGQU010000128.1_1	1	GH31	GH31_e41	594.1	0	1	False	starch	single_label_candidate	False
NEE56_danakil__GCA_042218715.1	NEE56_danakil__GCA_042218715.1|JBDGQU010000128.1_1	1	GH31	GH31_e41	594.1	10	1	False	starch	single_label_candidate	False
NEE56_danakil__GCA_042218715.1	NEE56_danakil__GCA_042218715.1|JBDGQU010000128.1_1	1	GH31	GH31_e41	594.1	20	1	False	starch	single_label_candidate	False
NEE56_danakil__GCA_042218715.1	NEE56_danakil__GCA_042218715.1|JBDGQU010000157.1_3	1	GH16	GH16_e73	83.8	0	1	True		unmapped	False
NEE56_danakil__GCA_042218715.1	NEE56_danakil__GCA_042218715.1|JBDGQU010000157.1_3	1	GH16	GH16_e73	83.8	10	1	True		unmapped	False
NEE56_danakil__GCA_042218715.1	NEE56_danakil__GCA_042218715.1|JBDGQU010000157.1_3	1	GH16	GH16_e73	83.8	20	1	True		unmapped	False
NEE56_danakil__GCA_042218715.1	NEE56_danakil__GCA_042218715.1|JBDGQU010000166.1_7	1	GH23	GH23_e936	121.0	0	1	True		unmapped	False
NEE56_danakil__GCA_042218715.1	NEE56_danakil__GCA_042218715.1|JBDGQU010000166.1_7	1	GH23	GH23_e936	121.0	10	9	True		unmapped	False
NEE56_danakil__GCA_042218715.1	NEE56_danakil__GCA_042218715.1|JBDGQU010000166.1_7	1	GH23	GH23_e936	121.0	20	20	True		unmapped	False
NEE56_danakil__GCA_042218715.1	NEE56_danakil__GCA_042218715.1|JBDGQU010000176.1_4	1	AA6	AA6_e3	219.7	0	1	True		unmapped	False
NEE56_danakil__GCA_042218715.1	NEE56_danakil__GCA_042218715.1|JBDGQU010000176.1_4	1	AA6	AA6_e3	219.7	10	2	True	lignin	ambiguous	False
NEE56_danakil__GCA_042218715.1	NEE56_danakil__GCA_042218715.1|JBDGQU010000176.1_4	1	AA6	AA6_e3	219.7	20	5	True	lignin	ambiguous	False
NEE56_danakil__GCA_042218715.1	NEE56_danakil__GCA_042218715.1|JBDGQU010000184.1_10	1	GT4	GT4_e2798	208.0	0	1	True		unmapped	False
NEE56_danakil__GCA_042218715.1	NEE56_danakil__GCA_042218715.1|JBDGQU010000184.1_10	1	GT4	GT4_e2798	208.0	10	2	True		unmapped	False
NEE56_danakil__GCA_042218715.1	NEE56_danakil__GCA_042218715.1|JBDGQU010000184.1_10	1	GT4	GT4_e2798	208.0	20	2	True		unmapped	False
NEE56_danakil__GCA_042218715.1	NEE56_danakil__GCA_042218715.1|JBDGQU010000185.1_5	1	GT20	GT20_e1	490.4	0	1	True		unmapped	False
NEE56_danakil__GCA_042218715.1	NEE56_danakil__GCA_042218715.1|JBDGQU010000185.1_5	1	GT20	GT20_e1	490.4	10	1	True		unmapped	False
NEE56_danakil__GCA_042218715.1	NEE56_danakil__GCA_042218715.1|JBDGQU010000185.1_5	1	GT20	GT20_e1	490.4	20	1	True		unmapped	False
NEE56_danakil__GCA_042218715.1	NEE56_danakil__GCA_042218715.1|JBDGQU010000192.1_4	1	GT4	GT4_e740	197.7	0	1	True		unmapped	False
NEE56_danakil__GCA_042218715.1	NEE56_danakil__GCA_042218715.1|JBDGQU010000192.1_4	1	GT4	GT4_e740	197.7	10	2	True		unmapped	False
NEE56_danakil__GCA_042218715.1	NEE56_danakil__GCA_042218715.1|JBDGQU010000192.1_4	1	GT4	GT4_e740	197.7	20	2	True		unmapped	False
NEE56_danakil__GCA_042218715.1	NEE56_danakil__GCA_042218715.1|JBDGQU010000192.1_6	1	GT20	GT20_e1	527.2	0	1	True		unmapped	False
NEE56_danakil__GCA_042218715.1	NEE56_danakil__GCA_042218715.1|JBDGQU010000192.1_6	1	GT20	GT20_e1	527.2	10	1	True		unmapped	False
NEE56_danakil__GCA_042218715.1	NEE56_danakil__GCA_042218715.1|JBDGQU010000192.1_6	1	GT20	GT20_e1	527.2	20	1	True		unmapped	False
NEE56_danakil__GCA_042218715.1	NEE56_danakil__GCA_042218715.1|JBDGQU010000197.1_8	1	GT2	GT2_e2874	233.9	0	1	True		unmapped	False
NEE56_danakil__GCA_042218715.1	NEE56_danakil__GCA_042218715.1|JBDGQU010000197.1_8	1	GT2	GT2_e2874	233.9	10	1	True		unmapped	False
NEE56_danakil__GCA_042218715.1	NEE56_danakil__GCA_042218715.1|JBDGQU010000197.1_8	1	GT2	GT2_e2874	233.9	20	1	True		unmapped	False
NEE56_danakil__GCA_042218715.1	NEE56_danakil__GCA_042218715.1|JBDGQU010000199.1_2	1	GT2	GT2_e2060	348.7	0	1	True		unmapped	False
NEE56_danakil__GCA_042218715.1	NEE56_danakil__GCA_042218715.1|JBDGQU010000199.1_2	1	GT2	GT2_e2060	348.7	10	1	True		unmapped	False
NEE56_danakil__GCA_042218715.1	NEE56_danakil__GCA_042218715.1|JBDGQU010000199.1_2	1	GT2	GT2_e2060	348.7	20	1	True		unmapped	False
NEE56_danakil__GCA_042218715.1	NEE56_danakil__GCA_042218715.1|JBDGQU010000204.1_16	1	GT4	GT4_e2592	155.2	0	1	True		unmapped	False
NEE56_danakil__GCA_042218715.1	NEE56_danakil__GCA_042218715.1|JBDGQU010000204.1_16	1	GT4	GT4_e2592	155.2	10	4	True		unmapped	False
NEE56_danakil__GCA_042218715.1	NEE56_danakil__GCA_042218715.1|JBDGQU010000204.1_16	1	GT4	GT4_e2592	155.2	20	6	True		unmapped	False
NEE56_danakil__GCA_042218715.1	NEE56_danakil__GCA_042218715.1|JBDGQU010000204.1_18	1	GT4	GT4_e1562	143.6	0	1	True		unmapped	False
NEE56_danakil__GCA_042218715.1	NEE56_danakil__GCA_042218715.1|JBDGQU010000204.1_18	1	GT4	GT4_e1562	143.6	10	2	True		unmapped	False
NEE56_danakil__GCA_042218715.1	NEE56_danakil__GCA_042218715.1|JBDGQU010000204.1_18	1	GT4	GT4_e1562	143.6	20	4	True		unmapped	False
NEE56_danakil__GCA_042218715.1	NEE56_danakil__GCA_042218715.1|JBDGQU010000208.1_3	1	GH109	GH109_e7	71.1	0	1	True		unmapped	False
NEE56_danakil__GCA_042218715.1	NEE56_danakil__GCA_042218715.1|JBDGQU010000208.1_3	1	GH109	GH109_e7	71.1	10	1	True		unmapped	False
NEE56_danakil__GCA_042218715.1	NEE56_danakil__GCA_042218715.1|JBDGQU010000208.1_3	1	GH109	GH109_e7	71.1	20	2	True		unmapped	False
NEE56_danakil__GCA_042219495.1	NEE56_danakil__GCA_042219495.1|JBDGPT010000001.1_133	1	AA7	AA7_e2	56.8	0	1	True		unmapped	False
NEE56_danakil__GCA_042219495.1	NEE56_danakil__GCA_042219495.1|JBDGPT010000001.1_133	1	AA7	AA7_e2	56.8	10	1	True		unmapped	False
NEE56_danakil__GCA_042219495.1	NEE56_danakil__GCA_042219495.1|JBDGPT010000001.1_133	1	AA7	AA7_e2	56.8	20	1	True		unmapped	False
NEE56_danakil__GCA_042219495.1	NEE56_danakil__GCA_042219495.1|JBDGPT010000004.1_18	1	AA1	AA1_e46	84.9	0	2	True	lignin	ambiguous	False
NEE56_danakil__GCA_042219495.1	NEE56_danakil__GCA_042219495.1|JBDGPT010000004.1_18	1	AA1	AA1_e46	84.9	10	4	True	lignin	ambiguous	False
NEE56_danakil__GCA_042219495.1	NEE56_danakil__GCA_042219495.1|JBDGPT010000004.1_18	1	AA1	AA1_e46	84.9	20	11	True	lignin	ambiguous	False
NEE56_danakil__GCA_042219495.1	NEE56_danakil__GCA_042219495.1|JBDGPT010000004.1_57	1	GT75	GT75_e0	550.7	0	1	True		unmapped	False
NEE56_danakil__GCA_042219495.1	NEE56_danakil__GCA_042219495.1|JBDGPT010000004.1_57	1	GT75	GT75_e0	550.7	10	1	True		unmapped	False
NEE56_danakil__GCA_042219495.1	NEE56_danakil__GCA_042219495.1|JBDGPT010000004.1_57	1	GT75	GT75_e0	550.7	20	1	True		unmapped	False
NEE56_danakil__GCA_042219495.1	NEE56_danakil__GCA_042219495.1|JBDGPT010000004.1_62	1	GT2	GT2_e1619	255.5	0	1	True		unmapped	False
NEE56_danakil__GCA_042219495.1	NEE56_danakil__GCA_042219495.1|JBDGPT010000004.1_62	1	GT2	GT2_e1619	255.5	10	1	True		unmapped	False
NEE56_danakil__GCA_042219495.1	NEE56_danakil__GCA_042219495.1|JBDGPT010000004.1_62	1	GT2	GT2_e1619	255.5	20	1	True		unmapped	False
NEE56_danakil__GCA_042219495.1	NEE56_danakil__GCA_042219495.1|JBDGPT010000005.1_37	1	GT2	GT2_e1321	410.6	0	1	True		unmapped	False
NEE56_danakil__GCA_042219495.1	NEE56_danakil__GCA_042219495.1|JBDGPT010000005.1_37	1	GT2	GT2_e1321	410.6	10	1	True		unmapped	False
NEE56_danakil__GCA_042219495.1	NEE56_danakil__GCA_042219495.1|JBDGPT010000005.1_37	1	GT2	GT2_e1321	410.6	20	1	True		unmapped	False
NEE56_danakil__GCA_042219495.1	NEE56_danakil__GCA_042219495.1|JBDGPT010000005.1_58	1	GT66	GT66_e28	893.4	0	1	True		unmapped	False
NEE56_danakil__GCA_042219495.1	NEE56_danakil__GCA_042219495.1|JBDGPT010000005.1_58	1	GT66	GT66_e28	893.4	10	1	True		unmapped	False
NEE56_danakil__GCA_042219495.1	NEE56_danakil__GCA_042219495.1|JBDGPT010000005.1_58	1	GT66	GT66_e28	893.4	20	1	True		unmapped	False
NEE56_danakil__GCA_042219495.1	NEE56_danakil__GCA_042219495.1|JBDGPT010000005.1_59	1	GT4	GT4_e2	94.2	0	1	True		unmapped	False
NEE56_danakil__GCA_042219495.1	NEE56_danakil__GCA_042219495.1|JBDGPT010000005.1_59	1	GT4	GT4_e2	94.2	10	4	True		unmapped	False
NEE56_danakil__GCA_042219495.1	NEE56_danakil__GCA_042219495.1|JBDGPT010000005.1_59	1	GT4	GT4_e2	94.2	20	14	True		unmapped	False
NEE56_danakil__GCA_042219495.1	NEE56_danakil__GCA_042219495.1|JBDGPT010000005.1_60	1	GT4	GT4_e3736	72.2	0	1	True		unmapped	False
NEE56_danakil__GCA_042219495.1	NEE56_danakil__GCA_042219495.1|JBDGPT010000005.1_60	1	GT4	GT4_e3736	72.2	10	2	True		unmapped	False
NEE56_danakil__GCA_042219495.1	NEE56_danakil__GCA_042219495.1|JBDGPT010000005.1_60	1	GT4	GT4_e3736	72.2	20	5	True		unmapped	False
NEE56_danakil__GCA_042219495.1	NEE56_danakil__GCA_042219495.1|JBDGPT010000005.1_68	1	GT2	GT2_e1050	396.5	0	1	True		unmapped	False
NEE56_danakil__GCA_042219495.1	NEE56_danakil__GCA_042219495.1|JBDGPT010000005.1_68	1	GT2	GT2_e1050	396.5	10	1	True		unmapped	False
NEE56_danakil__GCA_042219495.1	NEE56_danakil__GCA_042219495.1|JBDGPT010000005.1_68	1	GT2	GT2_e1050	396.5	20	1	True		unmapped	False
NEE56_danakil__GCA_042219495.1	NEE56_danakil__GCA_042219495.1|JBDGPT010000007.1_37	1	AA1	AA1_e12	55.8	0	1	True		unmapped	False
NEE56_danakil__GCA_042219495.1	NEE56_danakil__GCA_042219495.1|JBDGPT010000007.1_37	1	AA1	AA1_e12	55.8	10	2	True	lignin	ambiguous	False
NEE56_danakil__GCA_042219495.1	NEE56_danakil__GCA_042219495.1|JBDGPT010000007.1_37	1	AA1	AA1_e12	55.8	20	2	True	lignin	ambiguous	False
NEE56_danakil__GCA_042219495.1	NEE56_danakil__GCA_042219495.1|JBDGPT010000009.1_2	1	GT4	GT4_e726	188.4	0	1	True		unmapped	False
NEE56_danakil__GCA_042219495.1	NEE56_danakil__GCA_042219495.1|JBDGPT010000009.1_2	1	GT4	GT4_e726	188.4	10	1	True		unmapped	False
NEE56_danakil__GCA_042219495.1	NEE56_danakil__GCA_042219495.1|JBDGPT010000009.1_2	1	GT4	GT4_e726	188.4	20	1	True		unmapped	False
NEE56_danakil__GCA_042219495.1	NEE56_danakil__GCA_042219495.1|JBDGPT010000009.1_4	1	GT4	GT4_e2864	141.7	0	1	True		unmapped	False
NEE56_danakil__GCA_042219495.1	NEE56_danakil__GCA_042219495.1|JBDGPT010000009.1_4	1	GT4	GT4_e2864	141.7	10	8	True		unmapped	False
NEE56_danakil__GCA_042219495.1	NEE56_danakil__GCA_042219495.1|JBDGPT010000009.1_4	1	GT4	GT4_e2864	141.7	20	28	True		unmapped	False
NEE56_danakil__GCA_042219495.1	NEE56_danakil__GCA_042219495.1|JBDGPT010000009.1_5	1	GT4	GT4_e2990	109.6	0	1	True		unmapped	False
NEE56_danakil__GCA_042219495.1	NEE56_danakil__GCA_042219495.1|JBDGPT010000009.1_5	1	GT4	GT4_e2990	109.6	10	18	True		unmapped	False
NEE56_danakil__GCA_042219495.1	NEE56_danakil__GCA_042219495.1|JBDGPT010000009.1_5	1	GT4	GT4_e2990	109.6	20	71	True		unmapped	False
NEE56_danakil__GCA_042219495.1	NEE56_danakil__GCA_042219495.1|JBDGPT010000009.1_8	1	GT4	GT4_e383	151.0	0	1	True		unmapped	False
NEE56_danakil__GCA_042219495.1	NEE56_danakil__GCA_042219495.1|JBDGPT010000009.1_8	1	GT4	GT4_e383	151.0	10	2	True		unmapped	False
NEE56_danakil__GCA_042219495.1	NEE56_danakil__GCA_042219495.1|JBDGPT010000009.1_8	1	GT4	GT4_e383	151.0	20	4	True		unmapped	False
NEE56_danakil__GCA_042219495.1	NEE56_danakil__GCA_042219495.1|JBDGPT010000014.1_34	1	CE4	CE4_e283	58.0	0	1	True		unmapped	False
NEE56_danakil__GCA_042219495.1	NEE56_danakil__GCA_042219495.1|JBDGPT010000014.1_34	1	CE4	CE4_e283	58.0	10	6	True		unmapped	False
NEE56_danakil__GCA_042219495.1	NEE56_danakil__GCA_042219495.1|JBDGPT010000014.1_34	1	CE4	CE4_e283	58.0	20	6	True		unmapped	False
NEE56_danakil__GCA_042219495.1	NEE56_danakil__GCA_042219495.1|JBDGPT010000014.1_36	1	GT2	GT2_e4108	297.1	0	1	True		unmapped	False
NEE56_danakil__GCA_042219495.1	NEE56_danakil__GCA_042219495.1|JBDGPT010000014.1_36	1	GT2	GT2_e4108	297.1	10	1	True		unmapped	False
NEE56_danakil__GCA_042219495.1	NEE56_danakil__GCA_042219495.1|JBDGPT010000014.1_36	1	GT2	GT2_e4108	297.1	20	1	True		unmapped	False
NEE56_danakil__GCA_042219495.1	NEE56_danakil__GCA_042219495.1|JBDGPT010000016.1_22	1	GT2	GT2_e3056	356.8	0	1	True		unmapped	False
NEE56_danakil__GCA_042219495.1	NEE56_danakil__GCA_042219495.1|JBDGPT010000016.1_22	1	GT2	GT2_e3056	356.8	10	1	True		unmapped	False
NEE56_danakil__GCA_042219495.1	NEE56_danakil__GCA_042219495.1|JBDGPT010000016.1_22	1	GT2	GT2_e3056	356.8	20	1	True		unmapped	False
NEE56_danakil__GCA_042219495.1	NEE56_danakil__GCA_042219495.1|JBDGPT010000018.1_18	1	GT2	GT2_e3056	378.3	0	1	True		unmapped	False
NEE56_danakil__GCA_042219495.1	NEE56_danakil__GCA_042219495.1|JBDGPT010000018.1_18	1	GT2	GT2_e3056	378.3	10	1	True		unmapped	False
NEE56_danakil__GCA_042219495.1	NEE56_danakil__GCA_042219495.1|JBDGPT010000018.1_18	1	GT2	GT2_e3056	378.3	20	1	True		unmapped	False
NEE56_danakil__GCA_042219495.1	NEE56_danakil__GCA_042219495.1|JBDGPT010000034.1_14	1	AA1	AA1_e12	57.0	0	1	True		unmapped	False
NEE56_danakil__GCA_042219495.1	NEE56_danakil__GCA_042219495.1|JBDGPT010000034.1_14	1	AA1	AA1_e12	57.0	10	2	True	lignin	ambiguous	False
NEE56_danakil__GCA_042219495.1	NEE56_danakil__GCA_042219495.1|JBDGPT010000034.1_14	1	AA1	AA1_e12	57.0	20	2	True	lignin	ambiguous	False
NEE56_danakil__GCA_042219495.1	NEE56_danakil__GCA_042219495.1|JBDGPT010000050.1_1	1	GH99	GH99_e4	99.0	0	1	True		unmapped	False
NEE56_danakil__GCA_042219495.1	NEE56_danakil__GCA_042219495.1|JBDGPT010000050.1_1	1	GH99	GH99_e4	99.0	10	1	True		unmapped	False
NEE56_danakil__GCA_042219495.1	NEE56_danakil__GCA_042219495.1|JBDGPT010000050.1_1	1	GH99	GH99_e4	99.0	20	1	True		unmapped	False
NEE56_danakil__GCA_042219495.1	NEE56_danakil__GCA_042219495.1|JBDGPT010000078.1_14	1	GT81	GT81_e16	301.1	0	1	True		unmapped	False
NEE56_danakil__GCA_042219495.1	NEE56_danakil__GCA_042219495.1|JBDGPT010000078.1_14	1	GT81	GT81_e16	301.1	10	1	True		unmapped	False
NEE56_danakil__GCA_042219495.1	NEE56_danakil__GCA_042219495.1|JBDGPT010000078.1_14	1	GT81	GT81_e16	301.1	20	1	True		unmapped	False
NEE56_danakil__GCA_042219495.1	NEE56_danakil__GCA_042219495.1|JBDGPT010000079.1_7	1	GT2	GT2_e3324	171.5	0	1	True		unmapped	False
NEE56_danakil__GCA_042219495.1	NEE56_danakil__GCA_042219495.1|JBDGPT010000079.1_7	1	GT2	GT2_e3324	171.5	10	1	True		unmapped	False
NEE56_danakil__GCA_042219495.1	NEE56_danakil__GCA_042219495.1|JBDGPT010000079.1_7	1	GT2	GT2_e3324	171.5	20	1	True		unmapped	False
NEE56_danakil__GCA_042219495.1	NEE56_danakil__GCA_042219495.1|JBDGPT010000083.1_8	1	GT2	GT2_e4309	298.2	0	1	True		unmapped	False
NEE56_danakil__GCA_042219495.1	NEE56_danakil__GCA_042219495.1|JBDGPT010000083.1_8	1	GT2	GT2_e4309	298.2	10	1	True		unmapped	False
NEE56_danakil__GCA_042219495.1	NEE56_danakil__GCA_042219495.1|JBDGPT010000083.1_8	1	GT2	GT2_e4309	298.2	20	1	True		unmapped	False
NEE56_danakil__GCA_042219495.1	NEE56_danakil__GCA_042219495.1|JBDGPT010000157.1_5	1	GH97	GH97_e12	1008.2	0	1	True		unmapped	False
NEE56_danakil__GCA_042219495.1	NEE56_danakil__GCA_042219495.1|JBDGPT010000157.1_5	1	GH97	GH97_e12	1008.2	10	1	True		unmapped	False
NEE56_danakil__GCA_042219495.1	NEE56_danakil__GCA_042219495.1|JBDGPT010000157.1_5	1	GH97	GH97_e12	1008.2	20	1	True		unmapped	False
NEE56_danakil__GCA_042219495.1	NEE56_danakil__GCA_042219495.1|JBDGPT010000157.1_5	2	CBM13	CBM13_e122	186.5	0	1	True		unmapped	False
NEE56_danakil__GCA_042219495.1	NEE56_danakil__GCA_042219495.1|JBDGPT010000157.1_5	2	CBM13	CBM13_e122	186.5	10	3	True	xylan	ambiguous	False
NEE56_danakil__GCA_042219495.1	NEE56_danakil__GCA_042219495.1|JBDGPT010000157.1_5	2	CBM13	CBM13_e122	186.5	20	6	True	xylan	ambiguous	False
NEE56_danakil__GCA_042219495.1	NEE56_danakil__GCA_042219495.1|JBDGPT010000157.1_5	3	CBM35	CBM35_e79	167.0	0	1	True		unmapped	False
NEE56_danakil__GCA_042219495.1	NEE56_danakil__GCA_042219495.1|JBDGPT010000157.1_5	3	CBM35	CBM35_e79	167.0	10	1	True		unmapped	False
NEE56_danakil__GCA_042219495.1	NEE56_danakil__GCA_042219495.1|JBDGPT010000157.1_5	3	CBM35	CBM35_e79	167.0	20	1	True		unmapped	False
NEE56_danakil__GCA_042219495.1	NEE56_danakil__GCA_042219495.1|JBDGPT010000186.1_5	1	AA2	AA2_e1	75.2	0	1	True		unmapped	False
NEE56_danakil__GCA_042219495.1	NEE56_danakil__GCA_042219495.1|JBDGPT010000186.1_5	1	AA2	AA2_e1	75.2	10	1	True		unmapped	False
NEE56_danakil__GCA_042219495.1	NEE56_danakil__GCA_042219495.1|JBDGPT010000186.1_5	1	AA2	AA2_e1	75.2	20	1	True		unmapped	False
NEE56_danakil__GCA_042219495.1	NEE56_danakil__GCA_042219495.1|JBDGPT010000186.1_5	2	AA2	AA2_e1	59.1	0	1	True		unmapped	False
NEE56_danakil__GCA_042219495.1	NEE56_danakil__GCA_042219495.1|JBDGPT010000186.1_5	2	AA2	AA2_e1	59.1	10	1	True		unmapped	False
NEE56_danakil__GCA_042219495.1	NEE56_danakil__GCA_042219495.1|JBDGPT010000186.1_5	2	AA2	AA2_e1	59.1	20	1	True		unmapped	False
NEE56_danakil__GCA_042219495.1	NEE56_danakil__GCA_042219495.1|JBDGPT010000195.1_1	1	CE4	CE4_e37	83.2	0	1	True		unmapped	False
NEE56_danakil__GCA_042219495.1	NEE56_danakil__GCA_042219495.1|JBDGPT010000195.1_1	1	CE4	CE4_e37	83.2	10	1	True		unmapped	False
NEE56_danakil__GCA_042219495.1	NEE56_danakil__GCA_042219495.1|JBDGPT010000195.1_1	1	CE4	CE4_e37	83.2	20	8	True		unmapped	False
NEE56_danakil__GCA_042219495.1	NEE56_danakil__GCA_042219495.1|JBDGPT010000197.1_4	1	GT2	GT2_e326	189.1	0	1	True		unmapped	False
NEE56_danakil__GCA_042219495.1	NEE56_danakil__GCA_042219495.1|JBDGPT010000197.1_4	1	GT2	GT2_e326	189.1	10	1	True		unmapped	False
NEE56_danakil__GCA_042219495.1	NEE56_danakil__GCA_042219495.1|JBDGPT010000197.1_4	1	GT2	GT2_e326	189.1	20	2	True		unmapped	False
NEE56_danakil__GCA_042219495.1	NEE56_danakil__GCA_042219495.1|JBDGPT010000202.1_3	1	GT2	GT2_e2571	172.4	0	1	True		unmapped	False
NEE56_danakil__GCA_042219495.1	NEE56_danakil__GCA_042219495.1|JBDGPT010000202.1_3	1	GT2	GT2_e2571	172.4	10	1	True		unmapped	False
NEE56_danakil__GCA_042219495.1	NEE56_danakil__GCA_042219495.1|JBDGPT010000202.1_3	1	GT2	GT2_e2571	172.4	20	1	True		unmapped	False
NEE56_danakil__GCA_042219525.1	NEE56_danakil__GCA_042219525.1|JBDGPU010000009.1_18	1	AA1	AA1_e46	84.9	0	2	True	lignin	ambiguous	False
NEE56_danakil__GCA_042219525.1	NEE56_danakil__GCA_042219525.1|JBDGPU010000009.1_18	1	AA1	AA1_e46	84.9	10	4	True	lignin	ambiguous	False
NEE56_danakil__GCA_042219525.1	NEE56_danakil__GCA_042219525.1|JBDGPU010000009.1_18	1	AA1	AA1_e46	84.9	20	11	True	lignin	ambiguous	False
NEE56_danakil__GCA_042219525.1	NEE56_danakil__GCA_042219525.1|JBDGPU010000009.1_57	1	GT75	GT75_e0	550.7	0	1	True		unmapped	False
NEE56_danakil__GCA_042219525.1	NEE56_danakil__GCA_042219525.1|JBDGPU010000009.1_57	1	GT75	GT75_e0	550.7	10	1	True		unmapped	False
NEE56_danakil__GCA_042219525.1	NEE56_danakil__GCA_042219525.1|JBDGPU010000009.1_57	1	GT75	GT75_e0	550.7	20	1	True		unmapped	False
NEE56_danakil__GCA_042219525.1	NEE56_danakil__GCA_042219525.1|JBDGPU010000009.1_62	1	GT2	GT2_e1619	255.5	0	1	True		unmapped	False
NEE56_danakil__GCA_042219525.1	NEE56_danakil__GCA_042219525.1|JBDGPU010000009.1_62	1	GT2	GT2_e1619	255.5	10	1	True		unmapped	False
NEE56_danakil__GCA_042219525.1	NEE56_danakil__GCA_042219525.1|JBDGPU010000009.1_62	1	GT2	GT2_e1619	255.5	20	1	True		unmapped	False
NEE56_danakil__GCA_042219525.1	NEE56_danakil__GCA_042219525.1|JBDGPU010000011.1_18	1	GT2	GT2_e3056	378.3	0	1	True		unmapped	False
NEE56_danakil__GCA_042219525.1	NEE56_danakil__GCA_042219525.1|JBDGPU010000011.1_18	1	GT2	GT2_e3056	378.3	10	1	True		unmapped	False
NEE56_danakil__GCA_042219525.1	NEE56_danakil__GCA_042219525.1|JBDGPU010000011.1_18	1	GT2	GT2_e3056	378.3	20	1	True		unmapped	False
NEE56_danakil__GCA_042219525.1	NEE56_danakil__GCA_042219525.1|JBDGPU010000015.1_5	1	AA2	AA2_e1	75.2	0	1	True		unmapped	False
NEE56_danakil__GCA_042219525.1	NEE56_danakil__GCA_042219525.1|JBDGPU010000015.1_5	1	AA2	AA2_e1	75.2	10	1	True		unmapped	False
NEE56_danakil__GCA_042219525.1	NEE56_danakil__GCA_042219525.1|JBDGPU010000015.1_5	1	AA2	AA2_e1	75.2	20	1	True		unmapped	False
NEE56_danakil__GCA_042219525.1	NEE56_danakil__GCA_042219525.1|JBDGPU010000015.1_5	2	AA2	AA2_e1	59.1	0	1	True		unmapped	False
NEE56_danakil__GCA_042219525.1	NEE56_danakil__GCA_042219525.1|JBDGPU010000015.1_5	2	AA2	AA2_e1	59.1	10	1	True		unmapped	False
NEE56_danakil__GCA_042219525.1	NEE56_danakil__GCA_042219525.1|JBDGPU010000015.1_5	2	AA2	AA2_e1	59.1	20	1	True		unmapped	False
NEE56_danakil__GCA_042219525.1	NEE56_danakil__GCA_042219525.1|JBDGPU010000017.1_37	1	GT2	GT2_e1321	410.6	0	1	True		unmapped	False
NEE56_danakil__GCA_042219525.1	NEE56_danakil__GCA_042219525.1|JBDGPU010000017.1_37	1	GT2	GT2_e1321	410.6	10	1	True		unmapped	False
NEE56_danakil__GCA_042219525.1	NEE56_danakil__GCA_042219525.1|JBDGPU010000017.1_37	1	GT2	GT2_e1321	410.6	20	1	True		unmapped	False
NEE56_danakil__GCA_042219525.1	NEE56_danakil__GCA_042219525.1|JBDGPU010000017.1_58	1	GT66	GT66_e28	893.4	0	1	True		unmapped	False
NEE56_danakil__GCA_042219525.1	NEE56_danakil__GCA_042219525.1|JBDGPU010000017.1_58	1	GT66	GT66_e28	893.4	10	1	True		unmapped	False
NEE56_danakil__GCA_042219525.1	NEE56_danakil__GCA_042219525.1|JBDGPU010000017.1_58	1	GT66	GT66_e28	893.4	20	1	True		unmapped	False
NEE56_danakil__GCA_042219525.1	NEE56_danakil__GCA_042219525.1|JBDGPU010000017.1_59	1	GT4	GT4_e2	94.2	0	1	True		unmapped	False
NEE56_danakil__GCA_042219525.1	NEE56_danakil__GCA_042219525.1|JBDGPU010000017.1_59	1	GT4	GT4_e2	94.2	10	4	True		unmapped	False
NEE56_danakil__GCA_042219525.1	NEE56_danakil__GCA_042219525.1|JBDGPU010000017.1_59	1	GT4	GT4_e2	94.2	20	14	True		unmapped	False
NEE56_danakil__GCA_042219525.1	NEE56_danakil__GCA_042219525.1|JBDGPU010000017.1_60	1	GT4	GT4_e3736	72.2	0	1	True		unmapped	False
NEE56_danakil__GCA_042219525.1	NEE56_danakil__GCA_042219525.1|JBDGPU010000017.1_60	1	GT4	GT4_e3736	72.2	10	2	True		unmapped	False
NEE56_danakil__GCA_042219525.1	NEE56_danakil__GCA_042219525.1|JBDGPU010000017.1_60	1	GT4	GT4_e3736	72.2	20	5	True		unmapped	False
NEE56_danakil__GCA_042219525.1	NEE56_danakil__GCA_042219525.1|JBDGPU010000017.1_68	1	GT2	GT2_e1050	396.5	0	1	True		unmapped	False
NEE56_danakil__GCA_042219525.1	NEE56_danakil__GCA_042219525.1|JBDGPU010000017.1_68	1	GT2	GT2_e1050	396.5	10	1	True		unmapped	False
NEE56_danakil__GCA_042219525.1	NEE56_danakil__GCA_042219525.1|JBDGPU010000017.1_68	1	GT2	GT2_e1050	396.5	20	1	True		unmapped	False
NEE56_danakil__GCA_042219525.1	NEE56_danakil__GCA_042219525.1|JBDGPU010000019.1_5	1	GH97	GH97_e12	1008.2	0	1	True		unmapped	False
NEE56_danakil__GCA_042219525.1	NEE56_danakil__GCA_042219525.1|JBDGPU010000019.1_5	1	GH97	GH97_e12	1008.2	10	1	True		unmapped	False
NEE56_danakil__GCA_042219525.1	NEE56_danakil__GCA_042219525.1|JBDGPU010000019.1_5	1	GH97	GH97_e12	1008.2	20	1	True		unmapped	False
NEE56_danakil__GCA_042219525.1	NEE56_danakil__GCA_042219525.1|JBDGPU010000019.1_5	2	CBM13	CBM13_e122	186.5	0	1	True		unmapped	False
NEE56_danakil__GCA_042219525.1	NEE56_danakil__GCA_042219525.1|JBDGPU010000019.1_5	2	CBM13	CBM13_e122	186.5	10	3	True	xylan	ambiguous	False
NEE56_danakil__GCA_042219525.1	NEE56_danakil__GCA_042219525.1|JBDGPU010000019.1_5	2	CBM13	CBM13_e122	186.5	20	6	True	xylan	ambiguous	False
NEE56_danakil__GCA_042219525.1	NEE56_danakil__GCA_042219525.1|JBDGPU010000019.1_5	3	CBM35	CBM35_e79	167.0	0	1	True		unmapped	False
NEE56_danakil__GCA_042219525.1	NEE56_danakil__GCA_042219525.1|JBDGPU010000019.1_5	3	CBM35	CBM35_e79	167.0	10	1	True		unmapped	False
NEE56_danakil__GCA_042219525.1	NEE56_danakil__GCA_042219525.1|JBDGPU010000019.1_5	3	CBM35	CBM35_e79	167.0	20	1	True		unmapped	False
NEE56_danakil__GCA_042219525.1	NEE56_danakil__GCA_042219525.1|JBDGPU010000035.1_3	1	GT2	GT2_e2571	172.4	0	1	True		unmapped	False
NEE56_danakil__GCA_042219525.1	NEE56_danakil__GCA_042219525.1|JBDGPU010000035.1_3	1	GT2	GT2_e2571	172.4	10	1	True		unmapped	False
NEE56_danakil__GCA_042219525.1	NEE56_danakil__GCA_042219525.1|JBDGPU010000035.1_3	1	GT2	GT2_e2571	172.4	20	1	True		unmapped	False
NEE56_danakil__GCA_042219525.1	NEE56_danakil__GCA_042219525.1|JBDGPU010000053.1_4	1	GT2	GT2_e326	189.1	0	1	True		unmapped	False
NEE56_danakil__GCA_042219525.1	NEE56_danakil__GCA_042219525.1|JBDGPU010000053.1_4	1	GT2	GT2_e326	189.1	10	1	True		unmapped	False
NEE56_danakil__GCA_042219525.1	NEE56_danakil__GCA_042219525.1|JBDGPU010000053.1_4	1	GT2	GT2_e326	189.1	20	2	True		unmapped	False
NEE56_danakil__GCA_042219525.1	NEE56_danakil__GCA_042219525.1|JBDGPU010000055.1_8	1	GT2	GT2_e4309	298.2	0	1	True		unmapped	False
NEE56_danakil__GCA_042219525.1	NEE56_danakil__GCA_042219525.1|JBDGPU010000055.1_8	1	GT2	GT2_e4309	298.2	10	1	True		unmapped	False
NEE56_danakil__GCA_042219525.1	NEE56_danakil__GCA_042219525.1|JBDGPU010000055.1_8	1	GT2	GT2_e4309	298.2	20	1	True		unmapped	False
NEE56_danakil__GCA_042219525.1	NEE56_danakil__GCA_042219525.1|JBDGPU010000064.1_1	1	GH99	GH99_e4	99.0	0	1	True		unmapped	False
NEE56_danakil__GCA_042219525.1	NEE56_danakil__GCA_042219525.1|JBDGPU010000064.1_1	1	GH99	GH99_e4	99.0	10	1	True		unmapped	False
NEE56_danakil__GCA_042219525.1	NEE56_danakil__GCA_042219525.1|JBDGPU010000064.1_1	1	GH99	GH99_e4	99.0	20	1	True		unmapped	False
NEE56_danakil__GCA_042219525.1	NEE56_danakil__GCA_042219525.1|JBDGPU010000066.1_34	1	CE4	CE4_e283	58.0	0	1	True		unmapped	False
NEE56_danakil__GCA_042219525.1	NEE56_danakil__GCA_042219525.1|JBDGPU010000066.1_34	1	CE4	CE4_e283	58.0	10	6	True		unmapped	False
NEE56_danakil__GCA_042219525.1	NEE56_danakil__GCA_042219525.1|JBDGPU010000066.1_34	1	CE4	CE4_e283	58.0	20	6	True		unmapped	False
NEE56_danakil__GCA_042219525.1	NEE56_danakil__GCA_042219525.1|JBDGPU010000066.1_36	1	GT2	GT2_e4108	297.1	0	1	True		unmapped	False
NEE56_danakil__GCA_042219525.1	NEE56_danakil__GCA_042219525.1|JBDGPU010000066.1_36	1	GT2	GT2_e4108	297.1	10	1	True		unmapped	False
NEE56_danakil__GCA_042219525.1	NEE56_danakil__GCA_042219525.1|JBDGPU010000066.1_36	1	GT2	GT2_e4108	297.1	20	1	True		unmapped	False
NEE56_danakil__GCA_042219525.1	NEE56_danakil__GCA_042219525.1|JBDGPU010000069.1_133	1	AA7	AA7_e2	56.8	0	1	True		unmapped	False
NEE56_danakil__GCA_042219525.1	NEE56_danakil__GCA_042219525.1|JBDGPU010000069.1_133	1	AA7	AA7_e2	56.8	10	1	True		unmapped	False
NEE56_danakil__GCA_042219525.1	NEE56_danakil__GCA_042219525.1|JBDGPU010000069.1_133	1	AA7	AA7_e2	56.8	20	1	True		unmapped	False
NEE56_danakil__GCA_042219525.1	NEE56_danakil__GCA_042219525.1|JBDGPU010000080.1_22	1	GT2	GT2_e3056	356.8	0	1	True		unmapped	False
NEE56_danakil__GCA_042219525.1	NEE56_danakil__GCA_042219525.1|JBDGPU010000080.1_22	1	GT2	GT2_e3056	356.8	10	1	True		unmapped	False
NEE56_danakil__GCA_042219525.1	NEE56_danakil__GCA_042219525.1|JBDGPU010000080.1_22	1	GT2	GT2_e3056	356.8	20	1	True		unmapped	False
NEE56_danakil__GCA_042219525.1	NEE56_danakil__GCA_042219525.1|JBDGPU010000090.1_37	1	AA1	AA1_e12	55.8	0	1	True		unmapped	False
NEE56_danakil__GCA_042219525.1	NEE56_danakil__GCA_042219525.1|JBDGPU010000090.1_37	1	AA1	AA1_e12	55.8	10	2	True	lignin	ambiguous	False
NEE56_danakil__GCA_042219525.1	NEE56_danakil__GCA_042219525.1|JBDGPU010000090.1_37	1	AA1	AA1_e12	55.8	20	2	True	lignin	ambiguous	False
NEE56_danakil__GCA_042219525.1	NEE56_danakil__GCA_042219525.1|JBDGPU010000095.1_7	1	GT2	GT2_e3324	171.5	0	1	True		unmapped	False
NEE56_danakil__GCA_042219525.1	NEE56_danakil__GCA_042219525.1|JBDGPU010000095.1_7	1	GT2	GT2_e3324	171.5	10	1	True		unmapped	False
NEE56_danakil__GCA_042219525.1	NEE56_danakil__GCA_042219525.1|JBDGPU010000095.1_7	1	GT2	GT2_e3324	171.5	20	1	True		unmapped	False
NEE56_danakil__GCA_042219525.1	NEE56_danakil__GCA_042219525.1|JBDGPU010000133.1_2	1	GT4	GT4_e726	188.4	0	1	True		unmapped	False
NEE56_danakil__GCA_042219525.1	NEE56_danakil__GCA_042219525.1|JBDGPU010000133.1_2	1	GT4	GT4_e726	188.4	10	1	True		unmapped	False
NEE56_danakil__GCA_042219525.1	NEE56_danakil__GCA_042219525.1|JBDGPU010000133.1_2	1	GT4	GT4_e726	188.4	20	1	True		unmapped	False
NEE56_danakil__GCA_042219525.1	NEE56_danakil__GCA_042219525.1|JBDGPU010000133.1_4	1	GT4	GT4_e2864	141.7	0	1	True		unmapped	False
NEE56_danakil__GCA_042219525.1	NEE56_danakil__GCA_042219525.1|JBDGPU010000133.1_4	1	GT4	GT4_e2864	141.7	10	8	True		unmapped	False
NEE56_danakil__GCA_042219525.1	NEE56_danakil__GCA_042219525.1|JBDGPU010000133.1_4	1	GT4	GT4_e2864	141.7	20	28	True		unmapped	False
NEE56_danakil__GCA_042219525.1	NEE56_danakil__GCA_042219525.1|JBDGPU010000133.1_5	1	GT4	GT4_e2990	109.6	0	1	True		unmapped	False
NEE56_danakil__GCA_042219525.1	NEE56_danakil__GCA_042219525.1|JBDGPU010000133.1_5	1	GT4	GT4_e2990	109.6	10	18	True		unmapped	False
NEE56_danakil__GCA_042219525.1	NEE56_danakil__GCA_042219525.1|JBDGPU010000133.1_5	1	GT4	GT4_e2990	109.6	20	71	True		unmapped	False
NEE56_danakil__GCA_042219525.1	NEE56_danakil__GCA_042219525.1|JBDGPU010000133.1_8	1	GT4	GT4_e383	151.0	0	1	True		unmapped	False
NEE56_danakil__GCA_042219525.1	NEE56_danakil__GCA_042219525.1|JBDGPU010000133.1_8	1	GT4	GT4_e383	151.0	10	2	True		unmapped	False
NEE56_danakil__GCA_042219525.1	NEE56_danakil__GCA_042219525.1|JBDGPU010000133.1_8	1	GT4	GT4_e383	151.0	20	4	True		unmapped	False
NEE56_danakil__GCA_042219525.1	NEE56_danakil__GCA_042219525.1|JBDGPU010000193.1_14	1	GT81	GT81_e16	301.1	0	1	True		unmapped	False
NEE56_danakil__GCA_042219525.1	NEE56_danakil__GCA_042219525.1|JBDGPU010000193.1_14	1	GT81	GT81_e16	301.1	10	1	True		unmapped	False
NEE56_danakil__GCA_042219525.1	NEE56_danakil__GCA_042219525.1|JBDGPU010000193.1_14	1	GT81	GT81_e16	301.1	20	1	True		unmapped	False
NEE56_danakil__GCA_042219525.1	NEE56_danakil__GCA_042219525.1|JBDGPU010000205.1_1	1	CE4	CE4_e37	83.2	0	1	True		unmapped	False
NEE56_danakil__GCA_042219525.1	NEE56_danakil__GCA_042219525.1|JBDGPU010000205.1_1	1	CE4	CE4_e37	83.2	10	1	True		unmapped	False
NEE56_danakil__GCA_042219525.1	NEE56_danakil__GCA_042219525.1|JBDGPU010000205.1_1	1	CE4	CE4_e37	83.2	20	8	True		unmapped	False
NEE56_danakil__GCA_042219525.1	NEE56_danakil__GCA_042219525.1|JBDGPU010000207.1_14	1	AA1	AA1_e12	57.0	0	1	True		unmapped	False
NEE56_danakil__GCA_042219525.1	NEE56_danakil__GCA_042219525.1|JBDGPU010000207.1_14	1	AA1	AA1_e12	57.0	10	2	True	lignin	ambiguous	False
NEE56_danakil__GCA_042219525.1	NEE56_danakil__GCA_042219525.1|JBDGPU010000207.1_14	1	AA1	AA1_e12	57.0	20	2	True	lignin	ambiguous	False
NEE56_danakil__GCF_042216475.1	NEE56_danakil__GCF_042216475.1|NZ_JBDGTV010000002.1_42	1	GT2	GT2_e2900	354.5	0	1	True		unmapped	False
NEE56_danakil__GCF_042216475.1	NEE56_danakil__GCF_042216475.1|NZ_JBDGTV010000002.1_42	1	GT2	GT2_e2900	354.5	10	1	True		unmapped	False
NEE56_danakil__GCF_042216475.1	NEE56_danakil__GCF_042216475.1|NZ_JBDGTV010000002.1_42	1	GT2	GT2_e2900	354.5	20	1	True		unmapped	False
NEE56_danakil__GCF_042216475.1	NEE56_danakil__GCF_042216475.1|NZ_JBDGTV010000003.1_22	1	GT4	GT4_e1615	200.0	0	1	True		unmapped	False
NEE56_danakil__GCF_042216475.1	NEE56_danakil__GCF_042216475.1|NZ_JBDGTV010000003.1_22	1	GT4	GT4_e1615	200.0	10	1	True		unmapped	False
NEE56_danakil__GCF_042216475.1	NEE56_danakil__GCF_042216475.1|NZ_JBDGTV010000003.1_22	1	GT4	GT4_e1615	200.0	20	1	True		unmapped	False
NEE56_danakil__GCF_042216475.1	NEE56_danakil__GCF_042216475.1|NZ_JBDGTV010000003.1_58	1	GT2	GT2_e3324	165.8	0	1	True		unmapped	False
NEE56_danakil__GCF_042216475.1	NEE56_danakil__GCF_042216475.1|NZ_JBDGTV010000003.1_58	1	GT2	GT2_e3324	165.8	10	1	True		unmapped	False
NEE56_danakil__GCF_042216475.1	NEE56_danakil__GCF_042216475.1|NZ_JBDGTV010000003.1_58	1	GT2	GT2_e3324	165.8	20	1	True		unmapped	False
NEE56_danakil__GCF_042216475.1	NEE56_danakil__GCF_042216475.1|NZ_JBDGTV010000007.1_18	1	GT2	GT2_e2571	158.8	0	1	True		unmapped	False
NEE56_danakil__GCF_042216475.1	NEE56_danakil__GCF_042216475.1|NZ_JBDGTV010000007.1_18	1	GT2	GT2_e2571	158.8	10	1	True		unmapped	False
NEE56_danakil__GCF_042216475.1	NEE56_danakil__GCF_042216475.1|NZ_JBDGTV010000007.1_18	1	GT2	GT2_e2571	158.8	20	1	True		unmapped	False
NEE56_danakil__GCF_042216475.1	NEE56_danakil__GCF_042216475.1|NZ_JBDGTV010000007.1_65	1	GT4	GT4_e3592	213.2	0	1	True		unmapped	False
NEE56_danakil__GCF_042216475.1	NEE56_danakil__GCF_042216475.1|NZ_JBDGTV010000007.1_65	1	GT4	GT4_e3592	213.2	10	1	True		unmapped	False
NEE56_danakil__GCF_042216475.1	NEE56_danakil__GCF_042216475.1|NZ_JBDGTV010000007.1_65	1	GT4	GT4_e3592	213.2	20	1	True		unmapped	False
NEE56_danakil__GCF_042216475.1	NEE56_danakil__GCF_042216475.1|NZ_JBDGTV010000007.1_66	1	GT4	GT4_e4004	195.4	0	1	True		unmapped	False
NEE56_danakil__GCF_042216475.1	NEE56_danakil__GCF_042216475.1|NZ_JBDGTV010000007.1_66	1	GT4	GT4_e4004	195.4	10	1	True		unmapped	False
NEE56_danakil__GCF_042216475.1	NEE56_danakil__GCF_042216475.1|NZ_JBDGTV010000007.1_66	1	GT4	GT4_e4004	195.4	20	1	True		unmapped	False
NEE56_danakil__GCF_042216475.1	NEE56_danakil__GCF_042216475.1|NZ_JBDGTV010000008.1_280	1	GT81	GT81_e16	302.2	0	1	True		unmapped	False
NEE56_danakil__GCF_042216475.1	NEE56_danakil__GCF_042216475.1|NZ_JBDGTV010000008.1_280	1	GT81	GT81_e16	302.2	10	1	True		unmapped	False
NEE56_danakil__GCF_042216475.1	NEE56_danakil__GCF_042216475.1|NZ_JBDGTV010000008.1_280	1	GT81	GT81_e16	302.2	20	1	True		unmapped	False
NEE56_danakil__GCF_042216475.1	NEE56_danakil__GCF_042216475.1|NZ_JBDGTV010000009.1_37	1	GT4	GT4_e2749	200.5	0	1	True		unmapped	False
NEE56_danakil__GCF_042216475.1	NEE56_danakil__GCF_042216475.1|NZ_JBDGTV010000009.1_37	1	GT4	GT4_e2749	200.5	10	1	True		unmapped	False
NEE56_danakil__GCF_042216475.1	NEE56_danakil__GCF_042216475.1|NZ_JBDGTV010000009.1_37	1	GT4	GT4_e2749	200.5	20	1	True		unmapped	False
NEE56_danakil__GCF_042216475.1	NEE56_danakil__GCF_042216475.1|NZ_JBDGTV010000011.1_96	1	GT2	GT2_e4309	273.7	0	1	True		unmapped	False
NEE56_danakil__GCF_042216475.1	NEE56_danakil__GCF_042216475.1|NZ_JBDGTV010000011.1_96	1	GT2	GT2_e4309	273.7	10	1	True		unmapped	False
NEE56_danakil__GCF_042216475.1	NEE56_danakil__GCF_042216475.1|NZ_JBDGTV010000011.1_96	1	GT2	GT2_e4309	273.7	20	1	True		unmapped	False
NEE56_danakil__GCF_042216475.1	NEE56_danakil__GCF_042216475.1|NZ_JBDGTV010000012.1_124	1	GT2	GT2_e1619	277.0	0	1	True		unmapped	False
NEE56_danakil__GCF_042216475.1	NEE56_danakil__GCF_042216475.1|NZ_JBDGTV010000012.1_124	1	GT2	GT2_e1619	277.0	10	1	True		unmapped	False
NEE56_danakil__GCF_042216475.1	NEE56_danakil__GCF_042216475.1|NZ_JBDGTV010000012.1_124	1	GT2	GT2_e1619	277.0	20	1	True		unmapped	False
NEE56_danakil__GCF_042216475.1	NEE56_danakil__GCF_042216475.1|NZ_JBDGTV010000012.1_129	1	GT75	GT75_e0	505.0	0	1	True		unmapped	False
NEE56_danakil__GCF_042216475.1	NEE56_danakil__GCF_042216475.1|NZ_JBDGTV010000012.1_129	1	GT75	GT75_e0	505.0	10	1	True		unmapped	False
NEE56_danakil__GCF_042216475.1	NEE56_danakil__GCF_042216475.1|NZ_JBDGTV010000012.1_129	1	GT75	GT75_e0	505.0	20	1	True		unmapped	False
NEE56_danakil__GCF_042216475.1	NEE56_danakil__GCF_042216475.1|NZ_JBDGTV010000012.1_70	1	GH13	GH13_e122	482.4	0	1	False	starch;sucrose	ambiguous	False
NEE56_danakil__GCF_042216475.1	NEE56_danakil__GCF_042216475.1|NZ_JBDGTV010000012.1_70	1	GH13	GH13_e122	482.4	10	1	False	starch;sucrose	ambiguous	False
NEE56_danakil__GCF_042216475.1	NEE56_danakil__GCF_042216475.1|NZ_JBDGTV010000012.1_70	1	GH13	GH13_e122	482.4	20	1	False	starch;sucrose	ambiguous	False
NEE56_danakil__GCF_042216475.1	NEE56_danakil__GCF_042216475.1|NZ_JBDGTV010000012.1_71	1	GH13	GH13_e122	479.3	0	1	False	starch;sucrose	ambiguous	False
NEE56_danakil__GCF_042216475.1	NEE56_danakil__GCF_042216475.1|NZ_JBDGTV010000012.1_71	1	GH13	GH13_e122	479.3	10	1	False	starch;sucrose	ambiguous	False
NEE56_danakil__GCF_042216475.1	NEE56_danakil__GCF_042216475.1|NZ_JBDGTV010000012.1_71	1	GH13	GH13_e122	479.3	20	1	False	starch;sucrose	ambiguous	False
NEE56_danakil__GCF_042216475.1	NEE56_danakil__GCF_042216475.1|NZ_JBDGTV010000012.1_73	1	GH15	GH15_e46	440.5	0	1	True		unmapped	False
NEE56_danakil__GCF_042216475.1	NEE56_danakil__GCF_042216475.1|NZ_JBDGTV010000012.1_73	1	GH15	GH15_e46	440.5	10	1	True		unmapped	False
NEE56_danakil__GCF_042216475.1	NEE56_danakil__GCF_042216475.1|NZ_JBDGTV010000012.1_73	1	GH15	GH15_e46	440.5	20	1	True		unmapped	False
NEE56_danakil__GCF_042216475.1	NEE56_danakil__GCF_042216475.1|NZ_JBDGTV010000012.1_88	1	GH68	GH68_e9	665.6	0	1	False	fructan	single_label_candidate	False
NEE56_danakil__GCF_042216475.1	NEE56_danakil__GCF_042216475.1|NZ_JBDGTV010000012.1_88	1	GH68	GH68_e9	665.6	10	1	False	fructan	single_label_candidate	False
NEE56_danakil__GCF_042216475.1	NEE56_danakil__GCF_042216475.1|NZ_JBDGTV010000012.1_88	1	GH68	GH68_e9	665.6	20	1	False	fructan	single_label_candidate	False
NEE56_danakil__GCF_042216475.1	NEE56_danakil__GCF_042216475.1|NZ_JBDGTV010000012.1_89	1	GH32	GH32_e85	521.4	0	1	True		unmapped	False
NEE56_danakil__GCF_042216475.1	NEE56_danakil__GCF_042216475.1|NZ_JBDGTV010000012.1_89	1	GH32	GH32_e85	521.4	10	1	True		unmapped	False
NEE56_danakil__GCF_042216475.1	NEE56_danakil__GCF_042216475.1|NZ_JBDGTV010000012.1_89	1	GH32	GH32_e85	521.4	20	1	True		unmapped	False
NEE56_danakil__GCF_042216475.1	NEE56_danakil__GCF_042216475.1|NZ_JBDGTV010000014.1_8	1	CE4	CE4_e37	69.1	0	1	True		unmapped	False
NEE56_danakil__GCF_042216475.1	NEE56_danakil__GCF_042216475.1|NZ_JBDGTV010000014.1_8	1	CE4	CE4_e37	69.1	10	1	True		unmapped	False
NEE56_danakil__GCF_042216475.1	NEE56_danakil__GCF_042216475.1|NZ_JBDGTV010000014.1_8	1	CE4	CE4_e37	69.1	20	4	True		unmapped	False
NEE56_danakil__GCF_042216475.1	NEE56_danakil__GCF_042216475.1|NZ_JBDGTV010000016.1_12	1	AA3	AA3_e57	651.6	0	1	True		unmapped	False
NEE56_danakil__GCF_042216475.1	NEE56_danakil__GCF_042216475.1|NZ_JBDGTV010000016.1_12	1	AA3	AA3_e57	651.6	10	1	True		unmapped	False
NEE56_danakil__GCF_042216475.1	NEE56_danakil__GCF_042216475.1|NZ_JBDGTV010000016.1_12	1	AA3	AA3_e57	651.6	20	1	True		unmapped	False
NEE56_danakil__GCF_042216475.1	NEE56_danakil__GCF_042216475.1|NZ_JBDGTV010000016.1_66	1	GT2	GT2_e326	187.3	0	1	True		unmapped	False
NEE56_danakil__GCF_042216475.1	NEE56_danakil__GCF_042216475.1|NZ_JBDGTV010000016.1_66	1	GT2	GT2_e326	187.3	10	2	True		unmapped	False
NEE56_danakil__GCF_042216475.1	NEE56_danakil__GCF_042216475.1|NZ_JBDGTV010000016.1_66	1	GT2	GT2_e326	187.3	20	3	True		unmapped	False
NEE56_danakil__GCF_042216475.1	NEE56_danakil__GCF_042216475.1|NZ_JBDGTV010000016.1_68	1	GT2	GT2_e718	226.6	0	1	True		unmapped	False
NEE56_danakil__GCF_042216475.1	NEE56_danakil__GCF_042216475.1|NZ_JBDGTV010000016.1_68	1	GT2	GT2_e718	226.6	10	1	True		unmapped	False
NEE56_danakil__GCF_042216475.1	NEE56_danakil__GCF_042216475.1|NZ_JBDGTV010000016.1_68	1	GT2	GT2_e718	226.6	20	1	True		unmapped	False
NEE56_danakil__GCF_042216475.1	NEE56_danakil__GCF_042216475.1|NZ_JBDGTV010000016.1_69	1	GT66	GT66_e28	812.3	0	1	True		unmapped	False
NEE56_danakil__GCF_042216475.1	NEE56_danakil__GCF_042216475.1|NZ_JBDGTV010000016.1_69	1	GT66	GT66_e28	812.3	10	1	True		unmapped	False
NEE56_danakil__GCF_042216475.1	NEE56_danakil__GCF_042216475.1|NZ_JBDGTV010000016.1_69	1	GT66	GT66_e28	812.3	20	1	True		unmapped	False
NEE56_danakil__GCF_042216475.1	NEE56_danakil__GCF_042216475.1|NZ_JBDGTV010000018.1_2	1	GT4	GT4_e596	122.4	0	1	True		unmapped	False
NEE56_danakil__GCF_042216475.1	NEE56_danakil__GCF_042216475.1|NZ_JBDGTV010000018.1_2	1	GT4	GT4_e596	122.4	10	1	True		unmapped	False
NEE56_danakil__GCF_042216475.1	NEE56_danakil__GCF_042216475.1|NZ_JBDGTV010000018.1_2	1	GT4	GT4_e596	122.4	20	3	True		unmapped	False
NEE56_danakil__GCF_042216475.1	NEE56_danakil__GCF_042216475.1|NZ_JBDGTV010000020.1_46	1	GT4	GT4_e2	129.1	0	1	True		unmapped	False
NEE56_danakil__GCF_042216475.1	NEE56_danakil__GCF_042216475.1|NZ_JBDGTV010000020.1_46	1	GT4	GT4_e2	129.1	10	1	True		unmapped	False
NEE56_danakil__GCF_042216475.1	NEE56_danakil__GCF_042216475.1|NZ_JBDGTV010000020.1_46	1	GT4	GT4_e2	129.1	20	3	True		unmapped	False
NEE56_danakil__GCF_042216475.1	NEE56_danakil__GCF_042216475.1|NZ_JBDGTV010000021.1_129	1	AA2	AA2_e1	77.9	0	1	True		unmapped	False
NEE56_danakil__GCF_042216475.1	NEE56_danakil__GCF_042216475.1|NZ_JBDGTV010000021.1_129	1	AA2	AA2_e1	77.9	10	1	True		unmapped	False
NEE56_danakil__GCF_042216475.1	NEE56_danakil__GCF_042216475.1|NZ_JBDGTV010000021.1_129	1	AA2	AA2_e1	77.9	20	1	True		unmapped	False
NEE56_danakil__GCF_042216475.1	NEE56_danakil__GCF_042216475.1|NZ_JBDGTV010000021.1_129	2	AA2	AA2_e1	62.4	0	1	True		unmapped	False
NEE56_danakil__GCF_042216475.1	NEE56_danakil__GCF_042216475.1|NZ_JBDGTV010000021.1_129	2	AA2	AA2_e1	62.4	10	1	True		unmapped	False
NEE56_danakil__GCF_042216475.1	NEE56_danakil__GCF_042216475.1|NZ_JBDGTV010000021.1_129	2	AA2	AA2_e1	62.4	20	1	True		unmapped	False
NEE56_danakil__GCF_042216475.1	NEE56_danakil__GCF_042216475.1|NZ_JBDGTV010000021.1_59	1	AA1	AA1_e26	82.9	0	1	False	lignin	single_label_candidate	False
NEE56_danakil__GCF_042216475.1	NEE56_danakil__GCF_042216475.1|NZ_JBDGTV010000021.1_59	1	AA1	AA1_e26	82.9	10	5	True	lignin	ambiguous	False
NEE56_danakil__GCF_042216475.1	NEE56_danakil__GCF_042216475.1|NZ_JBDGTV010000021.1_59	1	AA1	AA1_e26	82.9	20	9	True	lignin	ambiguous	False
NEE56_mackay__GCA_013697005.1	NEE56_mackay__GCA_013697005.1|JACCXM010000002.1_1	1	AA3	AA3_e57	238.2	0	1	True		unmapped	False
NEE56_mackay__GCA_013697005.1	NEE56_mackay__GCA_013697005.1|JACCXM010000002.1_1	1	AA3	AA3_e57	238.2	10	1	True		unmapped	False
NEE56_mackay__GCA_013697005.1	NEE56_mackay__GCA_013697005.1|JACCXM010000002.1_1	1	AA3	AA3_e57	238.2	20	3	True		unmapped	False
NEE56_mackay__GCA_013697005.1	NEE56_mackay__GCA_013697005.1|JACCXM010000002.1_35	1	GT2	GT2_e1938	199.6	0	1	True		unmapped	False
NEE56_mackay__GCA_013697005.1	NEE56_mackay__GCA_013697005.1|JACCXM010000002.1_35	1	GT2	GT2_e1938	199.6	10	1	True		unmapped	False
NEE56_mackay__GCA_013697005.1	NEE56_mackay__GCA_013697005.1|JACCXM010000002.1_35	1	GT2	GT2_e1938	199.6	20	1	True		unmapped	False
NEE56_mackay__GCA_013697005.1	NEE56_mackay__GCA_013697005.1|JACCXM010000012.1_2	1	AA1	AA1_e33	109.7	0	1	False	lignin	single_label_candidate	False
NEE56_mackay__GCA_013697005.1	NEE56_mackay__GCA_013697005.1|JACCXM010000012.1_2	1	AA1	AA1_e33	109.7	10	1	False	lignin	single_label_candidate	False
NEE56_mackay__GCA_013697005.1	NEE56_mackay__GCA_013697005.1|JACCXM010000012.1_2	1	AA1	AA1_e33	109.7	20	1	False	lignin	single_label_candidate	False
NEE56_mackay__GCA_013697005.1	NEE56_mackay__GCA_013697005.1|JACCXM010000017.1_6	1	AA7	AA7_e0	197.2	0	1	False	chitooligosaccharide	single_label_candidate	False
NEE56_mackay__GCA_013697005.1	NEE56_mackay__GCA_013697005.1|JACCXM010000017.1_6	1	AA7	AA7_e0	197.2	10	2	False	chitooligosaccharide	single_label_candidate	False
NEE56_mackay__GCA_013697005.1	NEE56_mackay__GCA_013697005.1|JACCXM010000017.1_6	1	AA7	AA7_e0	197.2	20	2	False	chitooligosaccharide	single_label_candidate	False
NEE56_mackay__GCA_013697005.1	NEE56_mackay__GCA_013697005.1|JACCXM010000019.1_2	1	GH109	GH109_e7	59.7	0	1	True		unmapped	False
NEE56_mackay__GCA_013697005.1	NEE56_mackay__GCA_013697005.1|JACCXM010000019.1_2	1	GH109	GH109_e7	59.7	10	3	True		unmapped	False
NEE56_mackay__GCA_013697005.1	NEE56_mackay__GCA_013697005.1|JACCXM010000019.1_2	1	GH109	GH109_e7	59.7	20	3	True		unmapped	False
NEE56_mackay__GCA_013697005.1	NEE56_mackay__GCA_013697005.1|JACCXM010000024.1_1	1	AA7	AA7_e4	184.1	0	1	False	chitooligosaccharide	single_label_candidate	False
NEE56_mackay__GCA_013697005.1	NEE56_mackay__GCA_013697005.1|JACCXM010000024.1_1	1	AA7	AA7_e4	184.1	10	3	False	chitooligosaccharide	single_label_candidate	False
NEE56_mackay__GCA_013697005.1	NEE56_mackay__GCA_013697005.1|JACCXM010000024.1_1	1	AA7	AA7_e4	184.1	20	3	False	chitooligosaccharide	single_label_candidate	False
NEE56_mackay__GCA_013697005.1	NEE56_mackay__GCA_013697005.1|JACCXM010000032.1_4	1	CE4	CE4_e241	73.2	0	1	True		unmapped	False
NEE56_mackay__GCA_013697005.1	NEE56_mackay__GCA_013697005.1|JACCXM010000032.1_4	1	CE4	CE4_e241	73.2	10	9	True		unmapped	False
NEE56_mackay__GCA_013697005.1	NEE56_mackay__GCA_013697005.1|JACCXM010000032.1_4	1	CE4	CE4_e241	73.2	20	40	True	xylan	ambiguous	False
NEE56_mackay__GCA_013697005.1	NEE56_mackay__GCA_013697005.1|JACCXM010000037.1_8	1	GH39	GH39_e134	155.7	0	1	True		unmapped	False
NEE56_mackay__GCA_013697005.1	NEE56_mackay__GCA_013697005.1|JACCXM010000037.1_8	1	GH39	GH39_e134	155.7	10	3	True		unmapped	False
NEE56_mackay__GCA_013697005.1	NEE56_mackay__GCA_013697005.1|JACCXM010000037.1_8	1	GH39	GH39_e134	155.7	20	3	True		unmapped	False
NEE56_mackay__GCA_013697005.1	NEE56_mackay__GCA_013697005.1|JACCXM010000041.1_2	1	AA7	AA7_e0	194.4	0	1	False	chitooligosaccharide	single_label_candidate	False
NEE56_mackay__GCA_013697005.1	NEE56_mackay__GCA_013697005.1|JACCXM010000041.1_2	1	AA7	AA7_e0	194.4	10	2	False	chitooligosaccharide	single_label_candidate	False
NEE56_mackay__GCA_013697005.1	NEE56_mackay__GCA_013697005.1|JACCXM010000041.1_2	1	AA7	AA7_e0	194.4	20	2	False	chitooligosaccharide	single_label_candidate	False
NEE56_mackay__GCA_013697005.1	NEE56_mackay__GCA_013697005.1|JACCXM010000042.1_9	1	AA1	AA1_e26	149.6	0	1	False	lignin	single_label_candidate	False
NEE56_mackay__GCA_013697005.1	NEE56_mackay__GCA_013697005.1|JACCXM010000042.1_9	1	AA1	AA1_e26	149.6	10	1	False	lignin	single_label_candidate	False
NEE56_mackay__GCA_013697005.1	NEE56_mackay__GCA_013697005.1|JACCXM010000042.1_9	1	AA1	AA1_e26	149.6	20	3	True	lignin	ambiguous	False
NEE56_mackay__GCA_013697005.1	NEE56_mackay__GCA_013697005.1|JACCXM010000044.1_1	1	GH15	GH15_e22	349.9	0	1	False	trehalose	single_label_candidate	False
NEE56_mackay__GCA_013697005.1	NEE56_mackay__GCA_013697005.1|JACCXM010000044.1_1	1	GH15	GH15_e22	349.9	10	2	False	starch;trehalose	ambiguous	False
NEE56_mackay__GCA_013697005.1	NEE56_mackay__GCA_013697005.1|JACCXM010000044.1_1	1	GH15	GH15_e22	349.9	20	3	True	starch;trehalose	ambiguous	False
NEE56_mackay__GCA_013697005.1	NEE56_mackay__GCA_013697005.1|JACCXM010000057.1_3	1	AA3	AA3_e4	158.7	0	1	True		unmapped	False
NEE56_mackay__GCA_013697005.1	NEE56_mackay__GCA_013697005.1|JACCXM010000057.1_3	1	AA3	AA3_e4	158.7	10	1	True		unmapped	False
NEE56_mackay__GCA_013697005.1	NEE56_mackay__GCA_013697005.1|JACCXM010000057.1_3	1	AA3	AA3_e4	158.7	20	1	True		unmapped	False
NEE56_mackay__GCA_013697005.1	NEE56_mackay__GCA_013697005.1|JACCXM010000067.1_11	1	GH57	GH57_e46	553.5	0	1	False	beta-glucan;starch	ambiguous	False
NEE56_mackay__GCA_013697005.1	NEE56_mackay__GCA_013697005.1|JACCXM010000067.1_11	1	GH57	GH57_e46	553.5	10	1	False	beta-glucan;starch	ambiguous	False
NEE56_mackay__GCA_013697005.1	NEE56_mackay__GCA_013697005.1|JACCXM010000067.1_11	1	GH57	GH57_e46	553.5	20	1	False	beta-glucan;starch	ambiguous	False
NEE56_mackay__GCA_013697005.1	NEE56_mackay__GCA_013697005.1|JACCXM010000067.1_12	1	GH77	GH77_e26	693.5	0	1	False	starch	single_label_candidate	False
NEE56_mackay__GCA_013697005.1	NEE56_mackay__GCA_013697005.1|JACCXM010000067.1_12	1	GH77	GH77_e26	693.5	10	1	False	starch	single_label_candidate	False
NEE56_mackay__GCA_013697005.1	NEE56_mackay__GCA_013697005.1|JACCXM010000067.1_12	1	GH77	GH77_e26	693.5	20	1	False	starch	single_label_candidate	False
NEE56_mackay__GCA_013697005.1	NEE56_mackay__GCA_013697005.1|JACCXM010000067.1_9	1	GH13	GH13_e0	622.4	0	1	False	starch;sucrose	ambiguous	False
NEE56_mackay__GCA_013697005.1	NEE56_mackay__GCA_013697005.1|JACCXM010000067.1_9	1	GH13	GH13_e0	622.4	10	1	False	starch;sucrose	ambiguous	False
NEE56_mackay__GCA_013697005.1	NEE56_mackay__GCA_013697005.1|JACCXM010000067.1_9	1	GH13	GH13_e0	622.4	20	1	False	starch;sucrose	ambiguous	False
NEE56_mackay__GCA_013697005.1	NEE56_mackay__GCA_013697005.1|JACCXM010000075.1_4	1	CE14	CE14_e51	164.5	0	1	True		unmapped	False
NEE56_mackay__GCA_013697005.1	NEE56_mackay__GCA_013697005.1|JACCXM010000075.1_4	1	CE14	CE14_e51	164.5	10	1	True		unmapped	False
NEE56_mackay__GCA_013697005.1	NEE56_mackay__GCA_013697005.1|JACCXM010000075.1_4	1	CE14	CE14_e51	164.5	20	5	True		unmapped	False
NEE56_mackay__GCA_013697005.1	NEE56_mackay__GCA_013697005.1|JACCXM010000082.1_8	1	CE4	CE4_e222	128.6	0	1	True		unmapped	False
NEE56_mackay__GCA_013697005.1	NEE56_mackay__GCA_013697005.1|JACCXM010000082.1_8	1	CE4	CE4_e222	128.6	10	1	True		unmapped	False
NEE56_mackay__GCA_013697005.1	NEE56_mackay__GCA_013697005.1|JACCXM010000082.1_8	1	CE4	CE4_e222	128.6	20	2	True		unmapped	False
NEE56_mackay__GCA_013697005.1	NEE56_mackay__GCA_013697005.1|JACCXM010000085.1_5	1	GH109	GH109_e7	66.8	0	1	True		unmapped	False
NEE56_mackay__GCA_013697005.1	NEE56_mackay__GCA_013697005.1|JACCXM010000085.1_5	1	GH109	GH109_e7	66.8	10	1	True		unmapped	False
NEE56_mackay__GCA_013697005.1	NEE56_mackay__GCA_013697005.1|JACCXM010000085.1_5	1	GH109	GH109_e7	66.8	20	2	True		unmapped	False
NEE56_mackay__GCA_013697005.1	NEE56_mackay__GCA_013697005.1|JACCXM010000087.1_1	1	GH109	GH109_e7	75.1	0	1	True		unmapped	False
NEE56_mackay__GCA_013697005.1	NEE56_mackay__GCA_013697005.1|JACCXM010000087.1_1	1	GH109	GH109_e7	75.1	10	1	True		unmapped	False
NEE56_mackay__GCA_013697005.1	NEE56_mackay__GCA_013697005.1|JACCXM010000087.1_1	1	GH109	GH109_e7	75.1	20	2	True		unmapped	False
NEE56_mackay__GCA_013697005.1	NEE56_mackay__GCA_013697005.1|JACCXM010000088.1_6	1	GT2	GT2_e4144	183.0	0	1	True		unmapped	False
NEE56_mackay__GCA_013697005.1	NEE56_mackay__GCA_013697005.1|JACCXM010000088.1_6	1	GT2	GT2_e4144	183.0	10	1	True		unmapped	False
NEE56_mackay__GCA_013697005.1	NEE56_mackay__GCA_013697005.1|JACCXM010000088.1_6	1	GT2	GT2_e4144	183.0	20	2	True		unmapped	False
NEE56_mackay__GCA_013697005.1	NEE56_mackay__GCA_013697005.1|JACCXM010000091.1_1	1	GT1	GT1_e487	422.5	0	1	True		unmapped	False
NEE56_mackay__GCA_013697005.1	NEE56_mackay__GCA_013697005.1|JACCXM010000091.1_1	1	GT1	GT1_e487	422.5	10	1	True		unmapped	False
NEE56_mackay__GCA_013697005.1	NEE56_mackay__GCA_013697005.1|JACCXM010000091.1_1	1	GT1	GT1_e487	422.5	20	1	True		unmapped	False
NEE56_mackay__GCA_013697005.1	NEE56_mackay__GCA_013697005.1|JACCXM010000091.1_18	1	GT2	GT2_e3555	266.5	0	1	True		unmapped	False
NEE56_mackay__GCA_013697005.1	NEE56_mackay__GCA_013697005.1|JACCXM010000091.1_18	1	GT2	GT2_e3555	266.5	10	1	True		unmapped	False
NEE56_mackay__GCA_013697005.1	NEE56_mackay__GCA_013697005.1|JACCXM010000091.1_18	1	GT2	GT2_e3555	266.5	20	1	True		unmapped	False
NEE56_mackay__GCA_013697005.1	NEE56_mackay__GCA_013697005.1|JACCXM010000091.1_9	1	GT51	GT51_e125	201.7	0	1	True		unmapped	False
NEE56_mackay__GCA_013697005.1	NEE56_mackay__GCA_013697005.1|JACCXM010000091.1_9	1	GT51	GT51_e125	201.7	10	1	True		unmapped	False
NEE56_mackay__GCA_013697005.1	NEE56_mackay__GCA_013697005.1|JACCXM010000091.1_9	1	GT51	GT51_e125	201.7	20	2	True		unmapped	False
NEE56_mackay__GCA_013697005.1	NEE56_mackay__GCA_013697005.1|JACCXM010000093.1_1	1	GH15	GH15_e59	275.9	0	1	False	starch	single_label_candidate	False
NEE56_mackay__GCA_013697005.1	NEE56_mackay__GCA_013697005.1|JACCXM010000093.1_1	1	GH15	GH15_e59	275.9	10	2	True	starch	ambiguous	False
NEE56_mackay__GCA_013697005.1	NEE56_mackay__GCA_013697005.1|JACCXM010000093.1_1	1	GH15	GH15_e59	275.9	20	3	True	starch;trehalose	ambiguous	False
NEE56_mackay__GCA_013697005.1	NEE56_mackay__GCA_013697005.1|JACCXM010000101.1_4	1	AA3	AA3_e4	384.5	0	1	True		unmapped	False
NEE56_mackay__GCA_013697005.1	NEE56_mackay__GCA_013697005.1|JACCXM010000101.1_4	1	AA3	AA3_e4	384.5	10	1	True		unmapped	False
NEE56_mackay__GCA_013697005.1	NEE56_mackay__GCA_013697005.1|JACCXM010000101.1_4	1	AA3	AA3_e4	384.5	20	1	True		unmapped	False
NEE56_mackay__GCA_013697005.1	NEE56_mackay__GCA_013697005.1|JACCXM010000117.1_4	1	GT4	GT4_e1818	168.6	0	1	True		unmapped	False
NEE56_mackay__GCA_013697005.1	NEE56_mackay__GCA_013697005.1|JACCXM010000117.1_4	1	GT4	GT4_e1818	168.6	10	1	True		unmapped	False
NEE56_mackay__GCA_013697005.1	NEE56_mackay__GCA_013697005.1|JACCXM010000117.1_4	1	GT4	GT4_e1818	168.6	20	2	True		unmapped	False
NEE56_mackay__GCA_013697005.1	NEE56_mackay__GCA_013697005.1|JACCXM010000118.1_3	1	AA7	AA7_e0	189.6	0	1	False	chitooligosaccharide	single_label_candidate	False
NEE56_mackay__GCA_013697005.1	NEE56_mackay__GCA_013697005.1|JACCXM010000118.1_3	1	AA7	AA7_e0	189.6	10	1	False	chitooligosaccharide	single_label_candidate	False
NEE56_mackay__GCA_013697005.1	NEE56_mackay__GCA_013697005.1|JACCXM010000118.1_3	1	AA7	AA7_e0	189.6	20	1	False	chitooligosaccharide	single_label_candidate	False
NEE56_mackay__GCA_013697005.1	NEE56_mackay__GCA_013697005.1|JACCXM010000121.1_8	1	GH10	GH10_e138	491.6	0	1	True		unmapped	False
NEE56_mackay__GCA_013697005.1	NEE56_mackay__GCA_013697005.1|JACCXM010000121.1_8	1	GH10	GH10_e138	491.6	10	1	True		unmapped	False
NEE56_mackay__GCA_013697005.1	NEE56_mackay__GCA_013697005.1|JACCXM010000121.1_8	1	GH10	GH10_e138	491.6	20	1	True		unmapped	False
NEE56_mackay__GCA_013697005.1	NEE56_mackay__GCA_013697005.1|JACCXM010000124.1_2	1	GH13	GH13_e48	580.8	0	1	False	starch;sucrose	ambiguous	False
NEE56_mackay__GCA_013697005.1	NEE56_mackay__GCA_013697005.1|JACCXM010000124.1_2	1	GH13	GH13_e48	580.8	10	1	False	starch;sucrose	ambiguous	False
NEE56_mackay__GCA_013697005.1	NEE56_mackay__GCA_013697005.1|JACCXM010000124.1_2	1	GH13	GH13_e48	580.8	20	1	False	starch;sucrose	ambiguous	False
NEE56_mackay__GCA_013697005.1	NEE56_mackay__GCA_013697005.1|JACCXM010000124.1_2	2	CBM48	CBM48_e3	135.5	0	1	False	glycogen	single_label_candidate	False
NEE56_mackay__GCA_013697005.1	NEE56_mackay__GCA_013697005.1|JACCXM010000124.1_2	2	CBM48	CBM48_e3	135.5	10	1	False	glycogen	single_label_candidate	False
NEE56_mackay__GCA_013697005.1	NEE56_mackay__GCA_013697005.1|JACCXM010000124.1_2	2	CBM48	CBM48_e3	135.5	20	1	False	glycogen	single_label_candidate	False
NEE56_mackay__GCA_013697005.1	NEE56_mackay__GCA_013697005.1|JACCXM010000130.1_5	1	GT2	GT2_e941	225.5	0	1	True		unmapped	False
NEE56_mackay__GCA_013697005.1	NEE56_mackay__GCA_013697005.1|JACCXM010000130.1_5	1	GT2	GT2_e941	225.5	10	1	True		unmapped	False
NEE56_mackay__GCA_013697005.1	NEE56_mackay__GCA_013697005.1|JACCXM010000130.1_5	1	GT2	GT2_e941	225.5	20	1	True		unmapped	False
NEE56_mackay__GCA_013697005.1	NEE56_mackay__GCA_013697005.1|JACCXM010000132.1_12	1	GH109	GH109_e2	54.4	0	1	True		unmapped	False
NEE56_mackay__GCA_013697005.1	NEE56_mackay__GCA_013697005.1|JACCXM010000132.1_12	1	GH109	GH109_e2	54.4	10	1	True		unmapped	False
NEE56_mackay__GCA_013697005.1	NEE56_mackay__GCA_013697005.1|JACCXM010000132.1_12	1	GH109	GH109_e2	54.4	20	1	True		unmapped	False
NEE56_mackay__GCA_013697005.1	NEE56_mackay__GCA_013697005.1|JACCXM010000132.1_18	1	GT20	GT20_e9	703.3	0	1	True		unmapped	False
NEE56_mackay__GCA_013697005.1	NEE56_mackay__GCA_013697005.1|JACCXM010000132.1_18	1	GT20	GT20_e9	703.3	10	1	True		unmapped	False
NEE56_mackay__GCA_013697005.1	NEE56_mackay__GCA_013697005.1|JACCXM010000132.1_18	1	GT20	GT20_e9	703.3	20	1	True		unmapped	False
NEE56_mackay__GCA_013697005.1	NEE56_mackay__GCA_013697005.1|JACCXM010000145.1_2	1	CBM66	CBM66_e12	100.8	0	1	True		unmapped	False
NEE56_mackay__GCA_013697005.1	NEE56_mackay__GCA_013697005.1|JACCXM010000145.1_2	1	CBM66	CBM66_e12	100.8	10	1	True		unmapped	False
NEE56_mackay__GCA_013697005.1	NEE56_mackay__GCA_013697005.1|JACCXM010000145.1_2	1	CBM66	CBM66_e12	100.8	20	1	True		unmapped	False
NEE56_mackay__GCA_013697005.1	NEE56_mackay__GCA_013697005.1|JACCXM010000150.1_1	1	GH4	GH4_e17	232.5	0	1	False	raffinose	single_label_candidate	False
NEE56_mackay__GCA_013697005.1	NEE56_mackay__GCA_013697005.1|JACCXM010000150.1_1	1	GH4	GH4_e17	232.5	10	1	False	raffinose	single_label_candidate	False
NEE56_mackay__GCA_013697005.1	NEE56_mackay__GCA_013697005.1|JACCXM010000150.1_1	1	GH4	GH4_e17	232.5	20	1	False	raffinose	single_label_candidate	False
NEE56_mackay__GCA_013697005.1	NEE56_mackay__GCA_013697005.1|JACCXM010000152.1_5	1	GH74	GH74_e1	56.9	0	1	False	xyloglucan	single_label_candidate	False
NEE56_mackay__GCA_013697005.1	NEE56_mackay__GCA_013697005.1|JACCXM010000152.1_5	1	GH74	GH74_e1	56.9	10	1	False	xyloglucan	single_label_candidate	False
NEE56_mackay__GCA_013697005.1	NEE56_mackay__GCA_013697005.1|JACCXM010000152.1_5	1	GH74	GH74_e1	56.9	20	1	False	xyloglucan	single_label_candidate	False
NEE56_mackay__GCA_013697005.1	NEE56_mackay__GCA_013697005.1|JACCXM010000167.1_2	1	GT2	GT2_e1605	202.6	0	1	True		unmapped	False
NEE56_mackay__GCA_013697005.1	NEE56_mackay__GCA_013697005.1|JACCXM010000167.1_2	1	GT2	GT2_e1605	202.6	10	4	True		unmapped	False
NEE56_mackay__GCA_013697005.1	NEE56_mackay__GCA_013697005.1|JACCXM010000167.1_2	1	GT2	GT2_e1605	202.6	20	7	True		unmapped	False
NEE56_mackay__GCA_013697005.1	NEE56_mackay__GCA_013697005.1|JACCXM010000176.1_8	1	CE4	CE4_e219	65.7	0	1	True		unmapped	False
NEE56_mackay__GCA_013697005.1	NEE56_mackay__GCA_013697005.1|JACCXM010000176.1_8	1	CE4	CE4_e219	65.7	10	5	True		unmapped	False
NEE56_mackay__GCA_013697005.1	NEE56_mackay__GCA_013697005.1|JACCXM010000176.1_8	1	CE4	CE4_e219	65.7	20	7	True	chitin	ambiguous	False
NEE56_mackay__GCA_013697005.1	NEE56_mackay__GCA_013697005.1|JACCXM010000180.1_5	1	GH26	GH26_e46	184.7	0	1	True		unmapped	False
NEE56_mackay__GCA_013697005.1	NEE56_mackay__GCA_013697005.1|JACCXM010000180.1_5	1	GH26	GH26_e46	184.7	10	2	True		unmapped	False
NEE56_mackay__GCA_013697005.1	NEE56_mackay__GCA_013697005.1|JACCXM010000180.1_5	1	GH26	GH26_e46	184.7	20	2	True		unmapped	False
NEE56_mackay__GCA_013697005.1	NEE56_mackay__GCA_013697005.1|JACCXM010000181.1_6	1	AA1	AA1_e1	67.8	0	1	False	lignin	single_label_candidate	False
NEE56_mackay__GCA_013697005.1	NEE56_mackay__GCA_013697005.1|JACCXM010000181.1_6	1	AA1	AA1_e1	67.8	10	2	True	lignin	ambiguous	False
NEE56_mackay__GCA_013697005.1	NEE56_mackay__GCA_013697005.1|JACCXM010000181.1_6	1	AA1	AA1_e1	67.8	20	3	True	lignin	ambiguous	False
NEE56_mackay__GCA_013697005.1	NEE56_mackay__GCA_013697005.1|JACCXM010000185.1_5	1	GH109	GH109_e5	70.4	0	1	True		unmapped	False
NEE56_mackay__GCA_013697005.1	NEE56_mackay__GCA_013697005.1|JACCXM010000185.1_5	1	GH109	GH109_e5	70.4	10	3	True		unmapped	False
NEE56_mackay__GCA_013697005.1	NEE56_mackay__GCA_013697005.1|JACCXM010000185.1_5	1	GH109	GH109_e5	70.4	20	3	True		unmapped	False
NEE56_mackay__GCA_013697005.1	NEE56_mackay__GCA_013697005.1|JACCXM010000190.1_5	1	GT4	GT4_e3025	193.9	0	1	True		unmapped	False
NEE56_mackay__GCA_013697005.1	NEE56_mackay__GCA_013697005.1|JACCXM010000190.1_5	1	GT4	GT4_e3025	193.9	10	1	True		unmapped	False
NEE56_mackay__GCA_013697005.1	NEE56_mackay__GCA_013697005.1|JACCXM010000190.1_5	1	GT4	GT4_e3025	193.9	20	1	True		unmapped	False
NEE56_mackay__GCA_013697005.1	NEE56_mackay__GCA_013697005.1|JACCXM010000190.1_9	1	CBM50	CBM50_e355	57.5	0	1	True		unmapped	False
NEE56_mackay__GCA_013697005.1	NEE56_mackay__GCA_013697005.1|JACCXM010000190.1_9	1	CBM50	CBM50_e355	57.5	10	7	True		unmapped	False
NEE56_mackay__GCA_013697005.1	NEE56_mackay__GCA_013697005.1|JACCXM010000190.1_9	1	CBM50	CBM50_e355	57.5	20	7	True		unmapped	False
NEE56_mackay__GCA_013697005.1	NEE56_mackay__GCA_013697005.1|JACCXM010000202.1_14	1	GT2	GT2_e1937	175.1	0	1	True		unmapped	False
NEE56_mackay__GCA_013697005.1	NEE56_mackay__GCA_013697005.1|JACCXM010000202.1_14	1	GT2	GT2_e1937	175.1	10	1	True		unmapped	False
NEE56_mackay__GCA_013697005.1	NEE56_mackay__GCA_013697005.1|JACCXM010000202.1_14	1	GT2	GT2_e1937	175.1	20	2	True		unmapped	False
NEE56_mackay__GCA_013697005.1	NEE56_mackay__GCA_013697005.1|JACCXM010000202.1_5	1	GH109	GH109_e7	56.6	0	1	True		unmapped	False
NEE56_mackay__GCA_013697005.1	NEE56_mackay__GCA_013697005.1|JACCXM010000202.1_5	1	GH109	GH109_e7	56.6	10	1	True		unmapped	False
NEE56_mackay__GCA_013697005.1	NEE56_mackay__GCA_013697005.1|JACCXM010000202.1_5	1	GH109	GH109_e7	56.6	20	1	True		unmapped	False
NEE56_mackay__GCA_013697005.1	NEE56_mackay__GCA_013697005.1|JACCXM010000203.1_1	1	CE14	CE14_e34	130.0	0	1	True		unmapped	False
NEE56_mackay__GCA_013697005.1	NEE56_mackay__GCA_013697005.1|JACCXM010000203.1_1	1	CE14	CE14_e34	130.0	10	3	True	exo-polysaccharide	ambiguous	False
NEE56_mackay__GCA_013697005.1	NEE56_mackay__GCA_013697005.1|JACCXM010000203.1_1	1	CE14	CE14_e34	130.0	20	5	True	exo-polysaccharide	ambiguous	False
NEE56_mackay__GCA_013697005.1	NEE56_mackay__GCA_013697005.1|JACCXM010000205.1_4	1	GT4	GT4_e2186	77.5	0	1	True		unmapped	False
NEE56_mackay__GCA_013697005.1	NEE56_mackay__GCA_013697005.1|JACCXM010000205.1_4	1	GT4	GT4_e2186	77.5	10	7	True		unmapped	False
NEE56_mackay__GCA_013697005.1	NEE56_mackay__GCA_013697005.1|JACCXM010000205.1_4	1	GT4	GT4_e2186	77.5	20	60	True		unmapped	False
NEE56_mackay__GCA_013697005.1	NEE56_mackay__GCA_013697005.1|JACCXM010000214.1_6	1	GT28	GT28_e96	179.3	0	1	True		unmapped	False
NEE56_mackay__GCA_013697005.1	NEE56_mackay__GCA_013697005.1|JACCXM010000214.1_6	1	GT28	GT28_e96	179.3	10	1	True		unmapped	False
NEE56_mackay__GCA_013697005.1	NEE56_mackay__GCA_013697005.1|JACCXM010000214.1_6	1	GT28	GT28_e96	179.3	20	1	True		unmapped	False
NEE56_mackay__GCA_013697005.1	NEE56_mackay__GCA_013697005.1|JACCXM010000232.1_5	1	AA7	AA7_e0	262.5	0	1	False	chitooligosaccharide	single_label_candidate	False
NEE56_mackay__GCA_013697005.1	NEE56_mackay__GCA_013697005.1|JACCXM010000232.1_5	1	AA7	AA7_e0	262.5	10	1	False	chitooligosaccharide	single_label_candidate	False
NEE56_mackay__GCA_013697005.1	NEE56_mackay__GCA_013697005.1|JACCXM010000232.1_5	1	AA7	AA7_e0	262.5	20	1	False	chitooligosaccharide	single_label_candidate	False
NEE56_mackay__GCA_013697005.1	NEE56_mackay__GCA_013697005.1|JACCXM010000238.1_10	1	GH109	GH109_e7	69.7	0	1	True		unmapped	False
NEE56_mackay__GCA_013697005.1	NEE56_mackay__GCA_013697005.1|JACCXM010000238.1_10	1	GH109	GH109_e7	69.7	10	1	True		unmapped	False
NEE56_mackay__GCA_013697005.1	NEE56_mackay__GCA_013697005.1|JACCXM010000238.1_10	1	GH109	GH109_e7	69.7	20	1	True		unmapped	False
NEE56_mackay__GCA_013697005.1	NEE56_mackay__GCA_013697005.1|JACCXM010000239.1_9	1	AA4	AA4_e1	77.4	0	1	True		unmapped	False
NEE56_mackay__GCA_013697005.1	NEE56_mackay__GCA_013697005.1|JACCXM010000239.1_9	1	AA4	AA4_e1	77.4	10	1	True		unmapped	False
NEE56_mackay__GCA_013697005.1	NEE56_mackay__GCA_013697005.1|JACCXM010000239.1_9	1	AA4	AA4_e1	77.4	20	1	True		unmapped	False
NEE56_mackay__GCA_013697005.1	NEE56_mackay__GCA_013697005.1|JACCXM010000243.1_2	1	GH109	GH109_e7	75.0	0	1	True		unmapped	False
NEE56_mackay__GCA_013697005.1	NEE56_mackay__GCA_013697005.1|JACCXM010000243.1_2	1	GH109	GH109_e7	75.0	10	1	True		unmapped	False
NEE56_mackay__GCA_013697005.1	NEE56_mackay__GCA_013697005.1|JACCXM010000243.1_2	1	GH109	GH109_e7	75.0	20	3	True	host glycan	ambiguous	False
NEE56_mackay__GCA_013697005.1	NEE56_mackay__GCA_013697005.1|JACCXM010000246.1_2	1	GH13	GH13_e105	360.9	0	1	False	starch;sucrose	ambiguous	False
NEE56_mackay__GCA_013697005.1	NEE56_mackay__GCA_013697005.1|JACCXM010000246.1_2	1	GH13	GH13_e105	360.9	10	1	False	starch;sucrose	ambiguous	False
NEE56_mackay__GCA_013697005.1	NEE56_mackay__GCA_013697005.1|JACCXM010000246.1_2	1	GH13	GH13_e105	360.9	20	1	False	starch;sucrose	ambiguous	False
NEE56_mackay__GCA_013697005.1	NEE56_mackay__GCA_013697005.1|JACCXM010000248.1_7	1	GH15	GH15_e59	575.1	0	1	False	starch	single_label_candidate	False
NEE56_mackay__GCA_013697005.1	NEE56_mackay__GCA_013697005.1|JACCXM010000248.1_7	1	GH15	GH15_e59	575.1	10	1	False	starch	single_label_candidate	False
NEE56_mackay__GCA_013697005.1	NEE56_mackay__GCA_013697005.1|JACCXM010000248.1_7	1	GH15	GH15_e59	575.1	20	1	False	starch	single_label_candidate	False
NEE56_mackay__GCA_013697005.1	NEE56_mackay__GCA_013697005.1|JACCXM010000251.1_10	1	GT2	GT2_e4359	248.1	0	1	True		unmapped	False
NEE56_mackay__GCA_013697005.1	NEE56_mackay__GCA_013697005.1|JACCXM010000251.1_10	1	GT2	GT2_e4359	248.1	10	1	True		unmapped	False
NEE56_mackay__GCA_013697005.1	NEE56_mackay__GCA_013697005.1|JACCXM010000251.1_10	1	GT2	GT2_e4359	248.1	20	1	True		unmapped	False
NEE56_mackay__GCA_013697005.1	NEE56_mackay__GCA_013697005.1|JACCXM010000254.1_3	1	AA1	AA1_e26	125.3	0	1	False	lignin	single_label_candidate	False
NEE56_mackay__GCA_013697005.1	NEE56_mackay__GCA_013697005.1|JACCXM010000254.1_3	1	AA1	AA1_e26	125.3	10	2	False	lignin	single_label_candidate	False
NEE56_mackay__GCA_013697005.1	NEE56_mackay__GCA_013697005.1|JACCXM010000254.1_3	1	AA1	AA1_e26	125.3	20	4	True	lignin	ambiguous	False
NEE56_mackay__GCA_013697005.1	NEE56_mackay__GCA_013697005.1|JACCXM010000258.1_1	1	GH2	GH2_e112	589.7	0	1	False	beta-galactan	single_label_candidate	False
NEE56_mackay__GCA_013697005.1	NEE56_mackay__GCA_013697005.1|JACCXM010000258.1_1	1	GH2	GH2_e112	589.7	10	1	False	beta-galactan	single_label_candidate	False
NEE56_mackay__GCA_013697005.1	NEE56_mackay__GCA_013697005.1|JACCXM010000258.1_1	1	GH2	GH2_e112	589.7	20	1	False	beta-galactan	single_label_candidate	False
NEE56_mackay__GCA_013697005.1	NEE56_mackay__GCA_013697005.1|JACCXM010000258.1_2	1	GT4	GT4_e3814	143.6	0	1	True		unmapped	False
NEE56_mackay__GCA_013697005.1	NEE56_mackay__GCA_013697005.1|JACCXM010000258.1_2	1	GT4	GT4_e3814	143.6	10	1	True		unmapped	False
NEE56_mackay__GCA_013697005.1	NEE56_mackay__GCA_013697005.1|JACCXM010000258.1_2	1	GT4	GT4_e3814	143.6	20	1	True		unmapped	False
NEE56_mackay__GCA_013697005.1	NEE56_mackay__GCA_013697005.1|JACCXM010000258.1_4	1	GH1	GH1_e81	564.6	0	1	True		unmapped	False
NEE56_mackay__GCA_013697005.1	NEE56_mackay__GCA_013697005.1|JACCXM010000258.1_4	1	GH1	GH1_e81	564.6	10	1	True		unmapped	False
NEE56_mackay__GCA_013697005.1	NEE56_mackay__GCA_013697005.1|JACCXM010000258.1_4	1	GH1	GH1_e81	564.6	20	1	True		unmapped	False
NEE56_mackay__GCA_013697005.1	NEE56_mackay__GCA_013697005.1|JACCXM010000271.1_1	1	GH109	GH109_e2	74.5	0	1	True		unmapped	False
NEE56_mackay__GCA_013697005.1	NEE56_mackay__GCA_013697005.1|JACCXM010000271.1_1	1	GH109	GH109_e2	74.5	10	2	True		unmapped	False
NEE56_mackay__GCA_013697005.1	NEE56_mackay__GCA_013697005.1|JACCXM010000271.1_1	1	GH109	GH109_e2	74.5	20	4	True	host glycan	ambiguous	False
NEE56_mackay__GCA_013697005.1	NEE56_mackay__GCA_013697005.1|JACCXM010000273.1_2	1	CE14	CE14_e34	136.9	0	1	True		unmapped	False
NEE56_mackay__GCA_013697005.1	NEE56_mackay__GCA_013697005.1|JACCXM010000273.1_2	1	CE14	CE14_e34	136.9	10	3	True	exo-polysaccharide	ambiguous	False
NEE56_mackay__GCA_013697005.1	NEE56_mackay__GCA_013697005.1|JACCXM010000273.1_2	1	CE14	CE14_e34	136.9	20	5	True	exo-polysaccharide	ambiguous	False
NEE56_mackay__GCA_013697005.1	NEE56_mackay__GCA_013697005.1|JACCXM010000278.1_10	1	GH4	GH4_e20	295.3	0	1	True		unmapped	False
NEE56_mackay__GCA_013697005.1	NEE56_mackay__GCA_013697005.1|JACCXM010000278.1_10	1	GH4	GH4_e20	295.3	10	1	True		unmapped	False
NEE56_mackay__GCA_013697005.1	NEE56_mackay__GCA_013697005.1|JACCXM010000278.1_10	1	GH4	GH4_e20	295.3	20	1	True		unmapped	False
NEE56_mackay__GCA_013697005.1	NEE56_mackay__GCA_013697005.1|JACCXM010000278.1_26	1	GH1	GH1_e107	637.5	0	1	False	beta-fucosides;beta-glucan;polyphenol	ambiguous	False
NEE56_mackay__GCA_013697005.1	NEE56_mackay__GCA_013697005.1|JACCXM010000278.1_26	1	GH1	GH1_e107	637.5	10	2	False	beta-fucosides;beta-galactan;beta-glucan;polyphenol	ambiguous	False
NEE56_mackay__GCA_013697005.1	NEE56_mackay__GCA_013697005.1|JACCXM010000278.1_26	1	GH1	GH1_e107	637.5	20	2	False	beta-fucosides;beta-galactan;beta-glucan;polyphenol	ambiguous	False
NEE56_mackay__GCA_013697005.1	NEE56_mackay__GCA_013697005.1|JACCXM010000281.1_13	1	CBM57	CBM57_e15	114.2	0	1	True		unmapped	False
NEE56_mackay__GCA_013697005.1	NEE56_mackay__GCA_013697005.1|JACCXM010000281.1_13	1	CBM57	CBM57_e15	114.2	10	3	True		unmapped	False
NEE56_mackay__GCA_013697005.1	NEE56_mackay__GCA_013697005.1|JACCXM010000281.1_13	1	CBM57	CBM57_e15	114.2	20	5	True		unmapped	False
NEE56_mackay__GCA_013697005.1	NEE56_mackay__GCA_013697005.1|JACCXM010000295.1_18	1	GH109	GH109_e7	70.9	0	1	True		unmapped	False
NEE56_mackay__GCA_013697005.1	NEE56_mackay__GCA_013697005.1|JACCXM010000295.1_18	1	GH109	GH109_e7	70.9	10	2	True		unmapped	False
NEE56_mackay__GCA_013697005.1	NEE56_mackay__GCA_013697005.1|JACCXM010000295.1_18	1	GH109	GH109_e7	70.9	20	4	True	host glycan	ambiguous	False
NEE56_mackay__GCA_013697005.1	NEE56_mackay__GCA_013697005.1|JACCXM010000299.1_1	1	CE4	CE4_e234	66.1	0	1	True		unmapped	False
NEE56_mackay__GCA_013697005.1	NEE56_mackay__GCA_013697005.1|JACCXM010000299.1_1	1	CE4	CE4_e234	66.1	10	15	True		unmapped	False
NEE56_mackay__GCA_013697005.1	NEE56_mackay__GCA_013697005.1|JACCXM010000299.1_1	1	CE4	CE4_e234	66.1	20	19	True		unmapped	False
NEE56_mackay__GCA_013697005.1	NEE56_mackay__GCA_013697005.1|JACCXM010000300.1_3	1	GT76	GT76_e12	136.5	0	1	True		unmapped	False
NEE56_mackay__GCA_013697005.1	NEE56_mackay__GCA_013697005.1|JACCXM010000300.1_3	1	GT76	GT76_e12	136.5	10	1	True		unmapped	False
NEE56_mackay__GCA_013697005.1	NEE56_mackay__GCA_013697005.1|JACCXM010000300.1_3	1	GT76	GT76_e12	136.5	20	1	True		unmapped	False
NEE56_mackay__GCA_013697005.1	NEE56_mackay__GCA_013697005.1|JACCXM010000304.1_11	1	GH88	GH88_e6	511.1	0	1	True		unmapped	False
NEE56_mackay__GCA_013697005.1	NEE56_mackay__GCA_013697005.1|JACCXM010000304.1_11	1	GH88	GH88_e6	511.1	10	1	True		unmapped	False
NEE56_mackay__GCA_013697005.1	NEE56_mackay__GCA_013697005.1|JACCXM010000304.1_11	1	GH88	GH88_e6	511.1	20	1	True		unmapped	False
NEE56_mackay__GCA_013697005.1	NEE56_mackay__GCA_013697005.1|JACCXM010000310.1_5	1	GH13	GH13_e48	609.0	0	1	False	starch;sucrose	ambiguous	False
NEE56_mackay__GCA_013697005.1	NEE56_mackay__GCA_013697005.1|JACCXM010000310.1_5	1	GH13	GH13_e48	609.0	10	1	False	starch;sucrose	ambiguous	False
NEE56_mackay__GCA_013697005.1	NEE56_mackay__GCA_013697005.1|JACCXM010000310.1_5	1	GH13	GH13_e48	609.0	20	1	False	starch;sucrose	ambiguous	False
NEE56_mackay__GCA_013697005.1	NEE56_mackay__GCA_013697005.1|JACCXM010000310.1_5	2	CBM48	CBM48_e3	139.6	0	1	False	glycogen	single_label_candidate	False
NEE56_mackay__GCA_013697005.1	NEE56_mackay__GCA_013697005.1|JACCXM010000310.1_5	2	CBM48	CBM48_e3	139.6	10	1	False	glycogen	single_label_candidate	False
NEE56_mackay__GCA_013697005.1	NEE56_mackay__GCA_013697005.1|JACCXM010000310.1_5	2	CBM48	CBM48_e3	139.6	20	1	False	glycogen	single_label_candidate	False
NEE56_mackay__GCA_013697005.1	NEE56_mackay__GCA_013697005.1|JACCXM010000313.1_11	1	GH109	GH109_e7	60.3	0	1	True		unmapped	False
NEE56_mackay__GCA_013697005.1	NEE56_mackay__GCA_013697005.1|JACCXM010000313.1_11	1	GH109	GH109_e7	60.3	10	1	True		unmapped	False
NEE56_mackay__GCA_013697005.1	NEE56_mackay__GCA_013697005.1|JACCXM010000313.1_11	1	GH109	GH109_e7	60.3	20	1	True		unmapped	False
NEE56_mackay__GCA_013697005.1	NEE56_mackay__GCA_013697005.1|JACCXM010000324.1_4	1	GT1	GT1_e487	437.9	0	1	True		unmapped	False
NEE56_mackay__GCA_013697005.1	NEE56_mackay__GCA_013697005.1|JACCXM010000324.1_4	1	GT1	GT1_e487	437.9	10	1	True		unmapped	False
NEE56_mackay__GCA_013697005.1	NEE56_mackay__GCA_013697005.1|JACCXM010000324.1_4	1	GT1	GT1_e487	437.9	20	2	True		unmapped	False
NEE56_mackay__GCA_013697005.1	NEE56_mackay__GCA_013697005.1|JACCXM010000332.1_1	1	GH172	GH172_e20	374.7	0	1	True		unmapped	False
NEE56_mackay__GCA_013697005.1	NEE56_mackay__GCA_013697005.1|JACCXM010000332.1_1	1	GH172	GH172_e20	374.7	10	1	True		unmapped	False
NEE56_mackay__GCA_013697005.1	NEE56_mackay__GCA_013697005.1|JACCXM010000332.1_1	1	GH172	GH172_e20	374.7	20	1	True		unmapped	False
NEE56_mackay__GCA_013697005.1	NEE56_mackay__GCA_013697005.1|JACCXM010000344.1_1	1	AA7	AA7_e0	183.7	0	1	False	chitooligosaccharide	single_label_candidate	False
NEE56_mackay__GCA_013697005.1	NEE56_mackay__GCA_013697005.1|JACCXM010000344.1_1	1	AA7	AA7_e0	183.7	10	1	False	chitooligosaccharide	single_label_candidate	False
NEE56_mackay__GCA_013697005.1	NEE56_mackay__GCA_013697005.1|JACCXM010000344.1_1	1	AA7	AA7_e0	183.7	20	1	False	chitooligosaccharide	single_label_candidate	False
NEE56_mackay__GCA_013697005.1	NEE56_mackay__GCA_013697005.1|JACCXM010000373.1_13	1	GH3	GH3_e225	191.3	0	1	True		unmapped	False
NEE56_mackay__GCA_013697005.1	NEE56_mackay__GCA_013697005.1|JACCXM010000373.1_13	1	GH3	GH3_e225	191.3	10	4	True	chitin	ambiguous	False
NEE56_mackay__GCA_013697005.1	NEE56_mackay__GCA_013697005.1|JACCXM010000373.1_13	1	GH3	GH3_e225	191.3	20	5	True	chitin	ambiguous	False
NEE56_mackay__GCA_013697005.1	NEE56_mackay__GCA_013697005.1|JACCXM010000373.1_2	1	CE14	CE14_e46	150.8	0	1	True		unmapped	False
NEE56_mackay__GCA_013697005.1	NEE56_mackay__GCA_013697005.1|JACCXM010000373.1_2	1	CE14	CE14_e46	150.8	10	1	True		unmapped	False
NEE56_mackay__GCA_013697005.1	NEE56_mackay__GCA_013697005.1|JACCXM010000373.1_2	1	CE14	CE14_e46	150.8	20	2	True		unmapped	False
NEE56_mackay__GCA_013697005.1	NEE56_mackay__GCA_013697005.1|JACCXM010000379.1_11	1	GH8	GH8_e23	404.8	0	1	False	cellulose;chitosan	ambiguous	False
NEE56_mackay__GCA_013697005.1	NEE56_mackay__GCA_013697005.1|JACCXM010000379.1_11	1	GH8	GH8_e23	404.8	10	1	False	cellulose;chitosan	ambiguous	False
NEE56_mackay__GCA_013697005.1	NEE56_mackay__GCA_013697005.1|JACCXM010000379.1_11	1	GH8	GH8_e23	404.8	20	1	False	cellulose;chitosan	ambiguous	False
NEE56_mackay__GCA_013697005.1	NEE56_mackay__GCA_013697005.1|JACCXM010000393.1_6	1	AA7	AA7_e0	163.1	0	1	False	chitooligosaccharide	single_label_candidate	False
NEE56_mackay__GCA_013697005.1	NEE56_mackay__GCA_013697005.1|JACCXM010000393.1_6	1	AA7	AA7_e0	163.1	10	2	False	chitooligosaccharide	single_label_candidate	False
NEE56_mackay__GCA_013697005.1	NEE56_mackay__GCA_013697005.1|JACCXM010000393.1_6	1	AA7	AA7_e0	163.1	20	3	False	chitooligosaccharide	single_label_candidate	False
NEE56_mackay__GCA_013697005.1	NEE56_mackay__GCA_013697005.1|JACCXM010000397.1_2	1	GH4	GH4_e18	282.7	0	1	True		unmapped	False
NEE56_mackay__GCA_013697005.1	NEE56_mackay__GCA_013697005.1|JACCXM010000397.1_2	1	GH4	GH4_e18	282.7	10	1	True		unmapped	False
NEE56_mackay__GCA_013697005.1	NEE56_mackay__GCA_013697005.1|JACCXM010000397.1_2	1	GH4	GH4_e18	282.7	20	1	True		unmapped	False
NEE56_mackay__GCA_013697005.1	NEE56_mackay__GCA_013697005.1|JACCXM010000400.1_13	1	GT2	GT2_e2657	218.8	0	1	True		unmapped	False
NEE56_mackay__GCA_013697005.1	NEE56_mackay__GCA_013697005.1|JACCXM010000400.1_13	1	GT2	GT2_e2657	218.8	10	1	True		unmapped	False
NEE56_mackay__GCA_013697005.1	NEE56_mackay__GCA_013697005.1|JACCXM010000400.1_13	1	GT2	GT2_e2657	218.8	20	1	True		unmapped	False
NEE56_mackay__GCA_013697005.1	NEE56_mackay__GCA_013697005.1|JACCXM010000400.1_14	1	GT2	GT2_e751	233.4	0	1	True		unmapped	False
NEE56_mackay__GCA_013697005.1	NEE56_mackay__GCA_013697005.1|JACCXM010000400.1_14	1	GT2	GT2_e751	233.4	10	2	True		unmapped	False
NEE56_mackay__GCA_013697005.1	NEE56_mackay__GCA_013697005.1|JACCXM010000400.1_14	1	GT2	GT2_e751	233.4	20	6	True		unmapped	False
NEE56_mackay__GCA_013697005.1	NEE56_mackay__GCA_013697005.1|JACCXM010000400.1_14	2	GT2	GT2_e61	192.1	0	2	True		unmapped	False
NEE56_mackay__GCA_013697005.1	NEE56_mackay__GCA_013697005.1|JACCXM010000400.1_14	2	GT2	GT2_e61	192.1	10	3	True		unmapped	False
NEE56_mackay__GCA_013697005.1	NEE56_mackay__GCA_013697005.1|JACCXM010000400.1_14	2	GT2	GT2_e61	192.1	20	5	True		unmapped	False
NEE56_mackay__GCA_013697005.1	NEE56_mackay__GCA_013697005.1|JACCXM010000400.1_14	3	GT2	GT2_e495	93.9	0	1	True		unmapped	False
NEE56_mackay__GCA_013697005.1	NEE56_mackay__GCA_013697005.1|JACCXM010000400.1_14	3	GT2	GT2_e495	93.9	10	1	True		unmapped	False
NEE56_mackay__GCA_013697005.1	NEE56_mackay__GCA_013697005.1|JACCXM010000400.1_14	3	GT2	GT2_e495	93.9	20	3	True		unmapped	False
NEE56_mackay__GCA_013697005.1	NEE56_mackay__GCA_013697005.1|JACCXM010000400.1_19	1	GT1	GT1_e452	208.3	0	1	True		unmapped	False
NEE56_mackay__GCA_013697005.1	NEE56_mackay__GCA_013697005.1|JACCXM010000400.1_19	1	GT1	GT1_e452	208.3	10	1	True		unmapped	False
NEE56_mackay__GCA_013697005.1	NEE56_mackay__GCA_013697005.1|JACCXM010000400.1_19	1	GT1	GT1_e452	208.3	20	1	True		unmapped	False
NEE56_mackay__GCA_013697005.1	NEE56_mackay__GCA_013697005.1|JACCXM010000400.1_23	1	GT1	GT1_e477	428.5	0	1	True		unmapped	False
NEE56_mackay__GCA_013697005.1	NEE56_mackay__GCA_013697005.1|JACCXM010000400.1_23	1	GT1	GT1_e477	428.5	10	1	True		unmapped	False
NEE56_mackay__GCA_013697005.1	NEE56_mackay__GCA_013697005.1|JACCXM010000400.1_23	1	GT1	GT1_e477	428.5	20	3	True		unmapped	False
NEE56_mackay__GCA_013697005.1	NEE56_mackay__GCA_013697005.1|JACCXM010000412.1_4	1	AA1	AA1_e26	94.4	0	1	False	lignin	single_label_candidate	False
NEE56_mackay__GCA_013697005.1	NEE56_mackay__GCA_013697005.1|JACCXM010000412.1_4	1	AA1	AA1_e26	94.4	10	1	False	lignin	single_label_candidate	False
NEE56_mackay__GCA_013697005.1	NEE56_mackay__GCA_013697005.1|JACCXM010000412.1_4	1	AA1	AA1_e26	94.4	20	1	False	lignin	single_label_candidate	False
NEE56_mackay__GCA_013697005.1	NEE56_mackay__GCA_013697005.1|JACCXM010000414.1_2	1	GH23	GH23_e459	58.3	0	1	True		unmapped	False
NEE56_mackay__GCA_013697005.1	NEE56_mackay__GCA_013697005.1|JACCXM010000414.1_2	1	GH23	GH23_e459	58.3	10	1	True		unmapped	False
NEE56_mackay__GCA_013697005.1	NEE56_mackay__GCA_013697005.1|JACCXM010000414.1_2	1	GH23	GH23_e459	58.3	20	1	True		unmapped	False
NEE56_mackay__GCA_013697005.1	NEE56_mackay__GCA_013697005.1|JACCXM010000434.1_5	1	GH13	GH13_e127	482.1	0	1	True		unmapped	False
NEE56_mackay__GCA_013697005.1	NEE56_mackay__GCA_013697005.1|JACCXM010000434.1_5	1	GH13	GH13_e127	482.1	10	1	True		unmapped	False
NEE56_mackay__GCA_013697005.1	NEE56_mackay__GCA_013697005.1|JACCXM010000434.1_5	1	GH13	GH13_e127	482.1	20	1	True		unmapped	False
NEE56_mackay__GCA_013697005.1	NEE56_mackay__GCA_013697005.1|JACCXM010000434.1_5	2	CBM48	CBM48_e0	89.5	0	1	False	glycogen	single_label_candidate	False
NEE56_mackay__GCA_013697005.1	NEE56_mackay__GCA_013697005.1|JACCXM010000434.1_5	2	CBM48	CBM48_e0	89.5	10	1	False	glycogen	single_label_candidate	False
NEE56_mackay__GCA_013697005.1	NEE56_mackay__GCA_013697005.1|JACCXM010000434.1_5	2	CBM48	CBM48_e0	89.5	20	2	True	glycogen	ambiguous	False
NEE56_mackay__GCA_013697005.1	NEE56_mackay__GCA_013697005.1|JACCXM010000442.1_3	1	GH4	GH4_e21	247.9	0	1	True		unmapped	False
NEE56_mackay__GCA_013697005.1	NEE56_mackay__GCA_013697005.1|JACCXM010000442.1_3	1	GH4	GH4_e21	247.9	10	1	True		unmapped	False
NEE56_mackay__GCA_013697005.1	NEE56_mackay__GCA_013697005.1|JACCXM010000442.1_3	1	GH4	GH4_e21	247.9	20	1	True		unmapped	False
NEE56_mackay__GCA_013697005.1	NEE56_mackay__GCA_013697005.1|JACCXM010000442.1_8	1	GH4	GH4_e8	265.4	0	1	True		unmapped	False
NEE56_mackay__GCA_013697005.1	NEE56_mackay__GCA_013697005.1|JACCXM010000442.1_8	1	GH4	GH4_e8	265.4	10	1	True		unmapped	False
NEE56_mackay__GCA_013697005.1	NEE56_mackay__GCA_013697005.1|JACCXM010000442.1_8	1	GH4	GH4_e8	265.4	20	1	True		unmapped	False
NEE56_mackay__GCA_013697005.1	NEE56_mackay__GCA_013697005.1|JACCXM010000442.1_9	1	GH4	GH4_e29	64.1	0	1	True		unmapped	False
NEE56_mackay__GCA_013697005.1	NEE56_mackay__GCA_013697005.1|JACCXM010000442.1_9	1	GH4	GH4_e29	64.1	10	4	True	raffinose	ambiguous	False
NEE56_mackay__GCA_013697005.1	NEE56_mackay__GCA_013697005.1|JACCXM010000442.1_9	1	GH4	GH4_e29	64.1	20	4	True	raffinose	ambiguous	False
NEE56_mackay__GCA_013697005.1	NEE56_mackay__GCA_013697005.1|JACCXM010000448.1_3	1	GT35	GT35_e7	688.0	0	1	True		unmapped	False
NEE56_mackay__GCA_013697005.1	NEE56_mackay__GCA_013697005.1|JACCXM010000448.1_3	1	GT35	GT35_e7	688.0	10	1	True		unmapped	False
NEE56_mackay__GCA_013697005.1	NEE56_mackay__GCA_013697005.1|JACCXM010000448.1_3	1	GT35	GT35_e7	688.0	20	1	True		unmapped	False
NEE56_mackay__GCA_013697005.1	NEE56_mackay__GCA_013697005.1|JACCXM010000450.1_4	1	GH42	GH42_e25	594.1	0	1	False	arabinogalactan protein	single_label_candidate	False
NEE56_mackay__GCA_013697005.1	NEE56_mackay__GCA_013697005.1|JACCXM010000450.1_4	1	GH42	GH42_e25	594.1	10	1	False	arabinogalactan protein	single_label_candidate	False
NEE56_mackay__GCA_013697005.1	NEE56_mackay__GCA_013697005.1|JACCXM010000450.1_4	1	GH42	GH42_e25	594.1	20	1	False	arabinogalactan protein	single_label_candidate	False
NEE56_mackay__GCA_013697005.1	NEE56_mackay__GCA_013697005.1|JACCXM010000451.1_2	1	AA7	AA7_e0	186.0	0	1	False	chitooligosaccharide	single_label_candidate	False
NEE56_mackay__GCA_013697005.1	NEE56_mackay__GCA_013697005.1|JACCXM010000451.1_2	1	AA7	AA7_e0	186.0	10	1	False	chitooligosaccharide	single_label_candidate	False
NEE56_mackay__GCA_013697005.1	NEE56_mackay__GCA_013697005.1|JACCXM010000451.1_2	1	AA7	AA7_e0	186.0	20	1	False	chitooligosaccharide	single_label_candidate	False
NEE56_mackay__GCA_013697005.1	NEE56_mackay__GCA_013697005.1|JACCXM010000457.1_4	1	GH13	GH13_e41	307.2	0	1	True		unmapped	False
NEE56_mackay__GCA_013697005.1	NEE56_mackay__GCA_013697005.1|JACCXM010000457.1_4	1	GH13	GH13_e41	307.2	10	1	True		unmapped	False
NEE56_mackay__GCA_013697005.1	NEE56_mackay__GCA_013697005.1|JACCXM010000457.1_4	1	GH13	GH13_e41	307.2	20	1	True		unmapped	False
NEE56_mackay__GCA_013697005.1	NEE56_mackay__GCA_013697005.1|JACCXM010000463.1_2	1	AA3	AA3_e4	290.5	0	1	True		unmapped	False
NEE56_mackay__GCA_013697005.1	NEE56_mackay__GCA_013697005.1|JACCXM010000463.1_2	1	AA3	AA3_e4	290.5	10	1	True		unmapped	False
NEE56_mackay__GCA_013697005.1	NEE56_mackay__GCA_013697005.1|JACCXM010000463.1_2	1	AA3	AA3_e4	290.5	20	1	True		unmapped	False
NEE56_mackay__GCA_013697005.1	NEE56_mackay__GCA_013697005.1|JACCXM010000466.1_3	1	GT2	GT2_e915	200.8	0	1	True		unmapped	False
NEE56_mackay__GCA_013697005.1	NEE56_mackay__GCA_013697005.1|JACCXM010000466.1_3	1	GT2	GT2_e915	200.8	10	2	True		unmapped	False
NEE56_mackay__GCA_013697005.1	NEE56_mackay__GCA_013697005.1|JACCXM010000466.1_3	1	GT2	GT2_e915	200.8	20	3	True		unmapped	False
NEE56_mackay__GCA_013697905.1	NEE56_mackay__GCA_013697905.1|JACCVZ010000006.1_11	1	GH13	GH13_e0	638.1	0	1	False	starch;sucrose	ambiguous	False
NEE56_mackay__GCA_013697905.1	NEE56_mackay__GCA_013697905.1|JACCVZ010000006.1_11	1	GH13	GH13_e0	638.1	10	1	False	starch;sucrose	ambiguous	False
NEE56_mackay__GCA_013697905.1	NEE56_mackay__GCA_013697905.1|JACCVZ010000006.1_11	1	GH13	GH13_e0	638.1	20	1	False	starch;sucrose	ambiguous	False
NEE56_mackay__GCA_013697905.1	NEE56_mackay__GCA_013697905.1|JACCVZ010000006.1_12	1	GH13	GH13_e41	314.9	0	1	True		unmapped	False
NEE56_mackay__GCA_013697905.1	NEE56_mackay__GCA_013697905.1|JACCVZ010000006.1_12	1	GH13	GH13_e41	314.9	10	1	True		unmapped	False
NEE56_mackay__GCA_013697905.1	NEE56_mackay__GCA_013697905.1|JACCVZ010000006.1_12	1	GH13	GH13_e41	314.9	20	1	True		unmapped	False
NEE56_mackay__GCA_013697905.1	NEE56_mackay__GCA_013697905.1|JACCVZ010000006.1_14	1	GT35	GT35_e8	798.9	0	1	True		unmapped	False
NEE56_mackay__GCA_013697905.1	NEE56_mackay__GCA_013697905.1|JACCVZ010000006.1_14	1	GT35	GT35_e8	798.9	10	1	True		unmapped	False
NEE56_mackay__GCA_013697905.1	NEE56_mackay__GCA_013697905.1|JACCVZ010000006.1_14	1	GT35	GT35_e8	798.9	20	1	True		unmapped	False
NEE56_mackay__GCA_013697905.1	NEE56_mackay__GCA_013697905.1|JACCVZ010000006.1_18	1	GH13	GH13_e48	542.6	0	1	False	starch;sucrose	ambiguous	False
NEE56_mackay__GCA_013697905.1	NEE56_mackay__GCA_013697905.1|JACCVZ010000006.1_18	1	GH13	GH13_e48	542.6	10	1	False	starch;sucrose	ambiguous	False
NEE56_mackay__GCA_013697905.1	NEE56_mackay__GCA_013697905.1|JACCVZ010000006.1_18	1	GH13	GH13_e48	542.6	20	1	False	starch;sucrose	ambiguous	False
NEE56_mackay__GCA_013697905.1	NEE56_mackay__GCA_013697905.1|JACCVZ010000006.1_18	2	CBM48	CBM48_e3	95.5	0	1	False	glycogen	single_label_candidate	False
NEE56_mackay__GCA_013697905.1	NEE56_mackay__GCA_013697905.1|JACCVZ010000006.1_18	2	CBM48	CBM48_e3	95.5	10	1	False	glycogen	single_label_candidate	False
NEE56_mackay__GCA_013697905.1	NEE56_mackay__GCA_013697905.1|JACCVZ010000006.1_18	2	CBM48	CBM48_e3	95.5	20	1	False	glycogen	single_label_candidate	False
NEE56_mackay__GCA_013697905.1	NEE56_mackay__GCA_013697905.1|JACCVZ010000006.1_9	1	GH13	GH13_e200	541.9	0	1	False	alpha-glucan;sucrose	ambiguous	False
NEE56_mackay__GCA_013697905.1	NEE56_mackay__GCA_013697905.1|JACCVZ010000006.1_9	1	GH13	GH13_e200	541.9	10	1	False	alpha-glucan;sucrose	ambiguous	False
NEE56_mackay__GCA_013697905.1	NEE56_mackay__GCA_013697905.1|JACCVZ010000006.1_9	1	GH13	GH13_e200	541.9	20	1	False	alpha-glucan;sucrose	ambiguous	False
NEE56_mackay__GCA_013697905.1	NEE56_mackay__GCA_013697905.1|JACCVZ010000006.1_9	2	CBM48	CBM48_e2	86.2	0	1	False	glycogen	single_label_candidate	False
NEE56_mackay__GCA_013697905.1	NEE56_mackay__GCA_013697905.1|JACCVZ010000006.1_9	2	CBM48	CBM48_e2	86.2	10	1	False	glycogen	single_label_candidate	False
NEE56_mackay__GCA_013697905.1	NEE56_mackay__GCA_013697905.1|JACCVZ010000006.1_9	2	CBM48	CBM48_e2	86.2	20	2	True	glycogen	ambiguous	False
NEE56_mackay__GCA_013697905.1	NEE56_mackay__GCA_013697905.1|JACCVZ010000008.1_2	1	AA3	AA3_e57	636.3	0	1	True		unmapped	False
NEE56_mackay__GCA_013697905.1	NEE56_mackay__GCA_013697905.1|JACCVZ010000008.1_2	1	AA3	AA3_e57	636.3	10	1	True		unmapped	False
NEE56_mackay__GCA_013697905.1	NEE56_mackay__GCA_013697905.1|JACCVZ010000008.1_2	1	AA3	AA3_e57	636.3	20	1	True		unmapped	False
NEE56_mackay__GCA_013697905.1	NEE56_mackay__GCA_013697905.1|JACCVZ010000049.1_4	1	CE14	CE14_e39	120.9	0	1	True		unmapped	False
NEE56_mackay__GCA_013697905.1	NEE56_mackay__GCA_013697905.1|JACCVZ010000049.1_4	1	CE14	CE14_e39	120.9	10	3	True		unmapped	False
NEE56_mackay__GCA_013697905.1	NEE56_mackay__GCA_013697905.1|JACCVZ010000049.1_4	1	CE14	CE14_e39	120.9	20	6	True		unmapped	False
NEE56_mackay__GCA_013697905.1	NEE56_mackay__GCA_013697905.1|JACCVZ010000050.1_2	1	GT2	GT2_e3506	228.5	0	1	True		unmapped	False
NEE56_mackay__GCA_013697905.1	NEE56_mackay__GCA_013697905.1|JACCVZ010000050.1_2	1	GT2	GT2_e3506	228.5	10	2	True		unmapped	False
NEE56_mackay__GCA_013697905.1	NEE56_mackay__GCA_013697905.1|JACCVZ010000050.1_2	1	GT2	GT2_e3506	228.5	20	2	True		unmapped	False
NEE56_mackay__GCA_013697905.1	NEE56_mackay__GCA_013697905.1|JACCVZ010000050.1_3	1	GT2	GT2_e1142	268.5	0	1	True		unmapped	False
NEE56_mackay__GCA_013697905.1	NEE56_mackay__GCA_013697905.1|JACCVZ010000050.1_3	1	GT2	GT2_e1142	268.5	10	1	True		unmapped	False
NEE56_mackay__GCA_013697905.1	NEE56_mackay__GCA_013697905.1|JACCVZ010000050.1_3	1	GT2	GT2_e1142	268.5	20	1	True		unmapped	False
NEE56_mackay__GCA_013697905.1	NEE56_mackay__GCA_013697905.1|JACCVZ010000051.1_3	1	CE14	CE14_e1	231.7	0	1	False	chitin	single_label_candidate	False
NEE56_mackay__GCA_013697905.1	NEE56_mackay__GCA_013697905.1|JACCVZ010000051.1_3	1	CE14	CE14_e1	231.7	10	1	False	chitin	single_label_candidate	False
NEE56_mackay__GCA_013697905.1	NEE56_mackay__GCA_013697905.1|JACCVZ010000051.1_3	1	CE14	CE14_e1	231.7	20	1	False	chitin	single_label_candidate	False
NEE56_mackay__GCA_013697905.1	NEE56_mackay__GCA_013697905.1|JACCVZ010000056.1_32	1	GT4	GT4_e3552	221.4	0	1	True		unmapped	False
NEE56_mackay__GCA_013697905.1	NEE56_mackay__GCA_013697905.1|JACCVZ010000056.1_32	1	GT4	GT4_e3552	221.4	10	1	True		unmapped	False
NEE56_mackay__GCA_013697905.1	NEE56_mackay__GCA_013697905.1|JACCVZ010000056.1_32	1	GT4	GT4_e3552	221.4	20	1	True		unmapped	False
NEE56_mackay__GCA_013697905.1	NEE56_mackay__GCA_013697905.1|JACCVZ010000059.1_15	1	GH23	GH23_e688	229.9	0	1	True		unmapped	False
NEE56_mackay__GCA_013697905.1	NEE56_mackay__GCA_013697905.1|JACCVZ010000059.1_15	1	GH23	GH23_e688	229.9	10	1	True		unmapped	False
NEE56_mackay__GCA_013697905.1	NEE56_mackay__GCA_013697905.1|JACCVZ010000059.1_15	1	GH23	GH23_e688	229.9	20	1	True		unmapped	False
NEE56_mackay__GCA_013697905.1	NEE56_mackay__GCA_013697905.1|JACCVZ010000067.1_8	1	AA3	AA3_e57	637.5	0	1	True		unmapped	False
NEE56_mackay__GCA_013697905.1	NEE56_mackay__GCA_013697905.1|JACCVZ010000067.1_8	1	AA3	AA3_e57	637.5	10	1	True		unmapped	False
NEE56_mackay__GCA_013697905.1	NEE56_mackay__GCA_013697905.1|JACCVZ010000067.1_8	1	AA3	AA3_e57	637.5	20	1	True		unmapped	False
NEE56_mackay__GCA_013697905.1	NEE56_mackay__GCA_013697905.1|JACCVZ010000070.1_5	1	GH15	GH15_e45	604.2	0	1	True		unmapped	False
NEE56_mackay__GCA_013697905.1	NEE56_mackay__GCA_013697905.1|JACCVZ010000070.1_5	1	GH15	GH15_e45	604.2	10	1	True		unmapped	False
NEE56_mackay__GCA_013697905.1	NEE56_mackay__GCA_013697905.1|JACCVZ010000070.1_5	1	GH15	GH15_e45	604.2	20	1	True		unmapped	False
NEE56_mackay__GCA_013697905.1	NEE56_mackay__GCA_013697905.1|JACCVZ010000074.1_29	1	GT4	GT4_e1800	222.7	0	1	True		unmapped	False
NEE56_mackay__GCA_013697905.1	NEE56_mackay__GCA_013697905.1|JACCVZ010000074.1_29	1	GT4	GT4_e1800	222.7	10	1	True		unmapped	False
NEE56_mackay__GCA_013697905.1	NEE56_mackay__GCA_013697905.1|JACCVZ010000074.1_29	1	GT4	GT4_e1800	222.7	20	1	True		unmapped	False
NEE56_mackay__GCA_013697905.1	NEE56_mackay__GCA_013697905.1|JACCVZ010000076.1_1	1	GH51	GH51_e0	331.1	0	1	False	arabinan	single_label_candidate	False
NEE56_mackay__GCA_013697905.1	NEE56_mackay__GCA_013697905.1|JACCVZ010000076.1_1	1	GH51	GH51_e0	331.1	10	1	False	arabinan	single_label_candidate	False
NEE56_mackay__GCA_013697905.1	NEE56_mackay__GCA_013697905.1|JACCVZ010000076.1_1	1	GH51	GH51_e0	331.1	20	1	False	arabinan	single_label_candidate	False
NEE56_mackay__GCA_013697905.1	NEE56_mackay__GCA_013697905.1|JACCVZ010000077.1_3	1	CBM50	CBM50_e1005	62.9	0	1	True		unmapped	False
NEE56_mackay__GCA_013697905.1	NEE56_mackay__GCA_013697905.1|JACCVZ010000077.1_3	1	CBM50	CBM50_e1005	62.9	10	5	True		unmapped	False
NEE56_mackay__GCA_013697905.1	NEE56_mackay__GCA_013697905.1|JACCVZ010000077.1_3	1	CBM50	CBM50_e1005	62.9	20	5	True		unmapped	False
NEE56_mackay__GCA_013697905.1	NEE56_mackay__GCA_013697905.1|JACCVZ010000109.1_1	1	GT4	GT4_e1300	180.4	0	1	True		unmapped	False
NEE56_mackay__GCA_013697905.1	NEE56_mackay__GCA_013697905.1|JACCVZ010000109.1_1	1	GT4	GT4_e1300	180.4	10	1	True		unmapped	False
NEE56_mackay__GCA_013697905.1	NEE56_mackay__GCA_013697905.1|JACCVZ010000109.1_1	1	GT4	GT4_e1300	180.4	20	1	True		unmapped	False
NEE56_mackay__GCA_013697905.1	NEE56_mackay__GCA_013697905.1|JACCVZ010000122.1_4	1	CE14	CE14_e2	204.7	0	1	False	exo-polysaccharide	single_label_candidate	False
NEE56_mackay__GCA_013697905.1	NEE56_mackay__GCA_013697905.1|JACCVZ010000122.1_4	1	CE14	CE14_e2	204.7	10	1	False	exo-polysaccharide	single_label_candidate	False
NEE56_mackay__GCA_013697905.1	NEE56_mackay__GCA_013697905.1|JACCVZ010000122.1_4	1	CE14	CE14_e2	204.7	20	1	False	exo-polysaccharide	single_label_candidate	False
NEE56_mackay__GCA_013697905.1	NEE56_mackay__GCA_013697905.1|JACCVZ010000124.1_3	1	AA7	AA7_e0	60.9	0	1	False	chitooligosaccharide	single_label_candidate	False
NEE56_mackay__GCA_013697905.1	NEE56_mackay__GCA_013697905.1|JACCVZ010000124.1_3	1	AA7	AA7_e0	60.9	10	2	False	chitooligosaccharide	single_label_candidate	False
NEE56_mackay__GCA_013697905.1	NEE56_mackay__GCA_013697905.1|JACCVZ010000124.1_3	1	AA7	AA7_e0	60.9	20	2	False	chitooligosaccharide	single_label_candidate	False
NEE56_mackay__GCA_013697905.1	NEE56_mackay__GCA_013697905.1|JACCVZ010000128.1_3	1	GH43	GH43_e70	466.6	0	1	True		unmapped	False
NEE56_mackay__GCA_013697905.1	NEE56_mackay__GCA_013697905.1|JACCVZ010000128.1_3	1	GH43	GH43_e70	466.6	10	1	True		unmapped	False
NEE56_mackay__GCA_013697905.1	NEE56_mackay__GCA_013697905.1|JACCVZ010000128.1_3	1	GH43	GH43_e70	466.6	20	1	True		unmapped	False
NEE56_mackay__GCA_013697905.1	NEE56_mackay__GCA_013697905.1|JACCVZ010000128.1_3	2	CBM91	CBM91_e40	231.4	0	1	True		unmapped	False
NEE56_mackay__GCA_013697905.1	NEE56_mackay__GCA_013697905.1|JACCVZ010000128.1_3	2	CBM91	CBM91_e40	231.4	10	1	True		unmapped	False
NEE56_mackay__GCA_013697905.1	NEE56_mackay__GCA_013697905.1|JACCVZ010000128.1_3	2	CBM91	CBM91_e40	231.4	20	1	True		unmapped	False
NEE56_mackay__GCA_013697905.1	NEE56_mackay__GCA_013697905.1|JACCVZ010000137.1_14	1	GT28	GT28_e100	204.5	0	1	True		unmapped	False
NEE56_mackay__GCA_013697905.1	NEE56_mackay__GCA_013697905.1|JACCVZ010000137.1_14	1	GT28	GT28_e100	204.5	10	2	True		unmapped	False
NEE56_mackay__GCA_013697905.1	NEE56_mackay__GCA_013697905.1|JACCVZ010000137.1_14	1	GT28	GT28_e100	204.5	20	2	True		unmapped	False
NEE56_mackay__GCA_013697905.1	NEE56_mackay__GCA_013697905.1|JACCVZ010000138.1_17	1	GT4	GT4_e3367	186.9	0	1	True		unmapped	False
NEE56_mackay__GCA_013697905.1	NEE56_mackay__GCA_013697905.1|JACCVZ010000138.1_17	1	GT4	GT4_e3367	186.9	10	2	True		unmapped	False
NEE56_mackay__GCA_013697905.1	NEE56_mackay__GCA_013697905.1|JACCVZ010000138.1_17	1	GT4	GT4_e3367	186.9	20	2	True		unmapped	False
NEE56_mackay__GCA_013697905.1	NEE56_mackay__GCA_013697905.1|JACCVZ010000138.1_32	1	GH109	GH109_e7	61.9	0	1	True		unmapped	False
NEE56_mackay__GCA_013697905.1	NEE56_mackay__GCA_013697905.1|JACCVZ010000138.1_32	1	GH109	GH109_e7	61.9	10	1	True		unmapped	False
NEE56_mackay__GCA_013697905.1	NEE56_mackay__GCA_013697905.1|JACCVZ010000138.1_32	1	GH109	GH109_e7	61.9	20	1	True		unmapped	False
NEE56_mackay__GCA_013697905.1	NEE56_mackay__GCA_013697905.1|JACCVZ010000145.1_6	1	GT2	GT2_e3888	157.0	0	1	True		unmapped	False
NEE56_mackay__GCA_013697905.1	NEE56_mackay__GCA_013697905.1|JACCVZ010000145.1_6	1	GT2	GT2_e3888	157.0	10	3	True		unmapped	False
NEE56_mackay__GCA_013697905.1	NEE56_mackay__GCA_013697905.1|JACCVZ010000145.1_6	1	GT2	GT2_e3888	157.0	20	3	True		unmapped	False
NEE56_mackay__GCA_013697905.1	NEE56_mackay__GCA_013697905.1|JACCVZ010000155.1_4	1	GH3	GH3_e199	242.1	0	1	False	chitin	single_label_candidate	False
NEE56_mackay__GCA_013697905.1	NEE56_mackay__GCA_013697905.1|JACCVZ010000155.1_4	1	GH3	GH3_e199	242.1	10	1	False	chitin	single_label_candidate	False
NEE56_mackay__GCA_013697905.1	NEE56_mackay__GCA_013697905.1|JACCVZ010000155.1_4	1	GH3	GH3_e199	242.1	20	1	False	chitin	single_label_candidate	False
NEE56_mackay__GCA_013697905.1	NEE56_mackay__GCA_013697905.1|JACCVZ010000167.1_1	1	GT4	GT4_e3275	54.6	0	1	True		unmapped	False
NEE56_mackay__GCA_013697905.1	NEE56_mackay__GCA_013697905.1|JACCVZ010000167.1_1	1	GT4	GT4_e3275	54.6	10	1	True		unmapped	False
NEE56_mackay__GCA_013697905.1	NEE56_mackay__GCA_013697905.1|JACCVZ010000167.1_1	1	GT4	GT4_e3275	54.6	20	1	True		unmapped	False
NEE56_mackay__GCA_013697905.1	NEE56_mackay__GCA_013697905.1|JACCVZ010000177.1_16	1	GT2	GT2_e1578	224.1	0	1	True		unmapped	False
NEE56_mackay__GCA_013697905.1	NEE56_mackay__GCA_013697905.1|JACCVZ010000177.1_16	1	GT2	GT2_e1578	224.1	10	1	True		unmapped	False
NEE56_mackay__GCA_013697905.1	NEE56_mackay__GCA_013697905.1|JACCVZ010000177.1_16	1	GT2	GT2_e1578	224.1	20	1	True		unmapped	False
NEE56_mackay__GCA_013697905.1	NEE56_mackay__GCA_013697905.1|JACCVZ010000196.1_3	1	GH74	GH74_e1	55.7	0	1	False	xyloglucan	single_label_candidate	False
NEE56_mackay__GCA_013697905.1	NEE56_mackay__GCA_013697905.1|JACCVZ010000196.1_3	1	GH74	GH74_e1	55.7	10	1	False	xyloglucan	single_label_candidate	False
NEE56_mackay__GCA_013697905.1	NEE56_mackay__GCA_013697905.1|JACCVZ010000196.1_3	1	GH74	GH74_e1	55.7	20	1	False	xyloglucan	single_label_candidate	False
NEE56_mackay__GCA_013697905.1	NEE56_mackay__GCA_013697905.1|JACCVZ010000197.1_2	1	GT2	GT2_e2601	269.3	0	1	True		unmapped	False
NEE56_mackay__GCA_013697905.1	NEE56_mackay__GCA_013697905.1|JACCVZ010000197.1_2	1	GT2	GT2_e2601	269.3	10	3	True		unmapped	False
NEE56_mackay__GCA_013697905.1	NEE56_mackay__GCA_013697905.1|JACCVZ010000197.1_2	1	GT2	GT2_e2601	269.3	20	4	True		unmapped	False
NEE56_mackay__GCA_013697905.1	NEE56_mackay__GCA_013697905.1|JACCVZ010000198.1_3	1	GH51	GH51_e0	491.6	0	1	False	arabinan	single_label_candidate	False
NEE56_mackay__GCA_013697905.1	NEE56_mackay__GCA_013697905.1|JACCVZ010000198.1_3	1	GH51	GH51_e0	491.6	10	1	False	arabinan	single_label_candidate	False
NEE56_mackay__GCA_013697905.1	NEE56_mackay__GCA_013697905.1|JACCVZ010000198.1_3	1	GH51	GH51_e0	491.6	20	1	False	arabinan	single_label_candidate	False
NEE56_mackay__GCA_013697905.1	NEE56_mackay__GCA_013697905.1|JACCVZ010000217.1_12	1	GT51	GT51_e174	265.6	0	1	True		unmapped	False
NEE56_mackay__GCA_013697905.1	NEE56_mackay__GCA_013697905.1|JACCVZ010000217.1_12	1	GT51	GT51_e174	265.6	10	1	True		unmapped	False
NEE56_mackay__GCA_013697905.1	NEE56_mackay__GCA_013697905.1|JACCVZ010000217.1_12	1	GT51	GT51_e174	265.6	20	1	True		unmapped	False
NEE56_mackay__GCA_013697905.1	NEE56_mackay__GCA_013697905.1|JACCVZ010000219.1_3	1	CE4	CE4_e349	158.0	0	1	True		unmapped	False
NEE56_mackay__GCA_013697905.1	NEE56_mackay__GCA_013697905.1|JACCVZ010000219.1_3	1	CE4	CE4_e349	158.0	10	2	True		unmapped	False
NEE56_mackay__GCA_013697905.1	NEE56_mackay__GCA_013697905.1|JACCVZ010000219.1_3	1	CE4	CE4_e349	158.0	20	2	True		unmapped	False
NEE56_mackay__GCA_013697905.1	NEE56_mackay__GCA_013697905.1|JACCVZ010000219.1_4	1	GT28	GT28_e10	149.4	0	1	True		unmapped	False
NEE56_mackay__GCA_013697905.1	NEE56_mackay__GCA_013697905.1|JACCVZ010000219.1_4	1	GT28	GT28_e10	149.4	10	1	True		unmapped	False
NEE56_mackay__GCA_013697905.1	NEE56_mackay__GCA_013697905.1|JACCVZ010000219.1_4	1	GT28	GT28_e10	149.4	20	3	True		unmapped	False
NEE56_mackay__GCA_013697905.1	NEE56_mackay__GCA_013697905.1|JACCVZ010000222.1_2	1	GT2	GT2_e506	200.2	0	1	True		unmapped	False
NEE56_mackay__GCA_013697905.1	NEE56_mackay__GCA_013697905.1|JACCVZ010000222.1_2	1	GT2	GT2_e506	200.2	10	1	True		unmapped	False
NEE56_mackay__GCA_013697905.1	NEE56_mackay__GCA_013697905.1|JACCVZ010000222.1_2	1	GT2	GT2_e506	200.2	20	1	True		unmapped	False
NEE56_mackay__GCA_013697905.1	NEE56_mackay__GCA_013697905.1|JACCVZ010000222.1_7	1	GT2	GT2_e665	251.6	0	1	True		unmapped	False
NEE56_mackay__GCA_013697905.1	NEE56_mackay__GCA_013697905.1|JACCVZ010000222.1_7	1	GT2	GT2_e665	251.6	10	1	True		unmapped	False
NEE56_mackay__GCA_013697905.1	NEE56_mackay__GCA_013697905.1|JACCVZ010000222.1_7	1	GT2	GT2_e665	251.6	20	1	True		unmapped	False
NEE56_mackay__GCA_013697905.1	NEE56_mackay__GCA_013697905.1|JACCVZ010000223.1_9	1	GH3	GH3_e199	357.2	0	1	False	chitin	single_label_candidate	False
NEE56_mackay__GCA_013697905.1	NEE56_mackay__GCA_013697905.1|JACCVZ010000223.1_9	1	GH3	GH3_e199	357.2	10	1	False	chitin	single_label_candidate	False
NEE56_mackay__GCA_013697905.1	NEE56_mackay__GCA_013697905.1|JACCVZ010000223.1_9	1	GH3	GH3_e199	357.2	20	1	False	chitin	single_label_candidate	False
NEE56_mackay__GCA_013697905.1	NEE56_mackay__GCA_013697905.1|JACCVZ010000224.1_3	1	CE9	CE9_e42	438.6	0	1	True		unmapped	False
NEE56_mackay__GCA_013697905.1	NEE56_mackay__GCA_013697905.1|JACCVZ010000224.1_3	1	CE9	CE9_e42	438.6	10	2	True		unmapped	False
NEE56_mackay__GCA_013697905.1	NEE56_mackay__GCA_013697905.1|JACCVZ010000224.1_3	1	CE9	CE9_e42	438.6	20	2	True		unmapped	False
NEE56_mackay__GCA_013697905.1	NEE56_mackay__GCA_013697905.1|JACCVZ010000239.1_1	1	GH3	GH3_e199	216.4	0	1	False	chitin	single_label_candidate	False
NEE56_mackay__GCA_013697905.1	NEE56_mackay__GCA_013697905.1|JACCVZ010000239.1_1	1	GH3	GH3_e199	216.4	10	1	False	chitin	single_label_candidate	False
NEE56_mackay__GCA_013697905.1	NEE56_mackay__GCA_013697905.1|JACCVZ010000239.1_1	1	GH3	GH3_e199	216.4	20	1	False	chitin	single_label_candidate	False
NEE56_mackay__GCA_013697905.1	NEE56_mackay__GCA_013697905.1|JACCVZ010000239.1_2	1	GH171	GH171_e1	566.1	0	1	True		unmapped	False
NEE56_mackay__GCA_013697905.1	NEE56_mackay__GCA_013697905.1|JACCVZ010000239.1_2	1	GH171	GH171_e1	566.1	10	1	True		unmapped	False
NEE56_mackay__GCA_013697905.1	NEE56_mackay__GCA_013697905.1|JACCVZ010000239.1_2	1	GH171	GH171_e1	566.1	20	1	True		unmapped	False
NEE56_mackay__GCA_013697905.1	NEE56_mackay__GCA_013697905.1|JACCVZ010000245.1_8	1	GT20	GT20_e1	618.5	0	1	True		unmapped	False
NEE56_mackay__GCA_013697905.1	NEE56_mackay__GCA_013697905.1|JACCVZ010000245.1_8	1	GT20	GT20_e1	618.5	10	1	True		unmapped	False
NEE56_mackay__GCA_013697905.1	NEE56_mackay__GCA_013697905.1|JACCVZ010000245.1_8	1	GT20	GT20_e1	618.5	20	1	True		unmapped	False
NEE56_mackay__GCA_013697905.1	NEE56_mackay__GCA_013697905.1|JACCVZ010000250.1_12	1	GH43	GH43_e98	465.4	0	1	True		unmapped	False
NEE56_mackay__GCA_013697905.1	NEE56_mackay__GCA_013697905.1|JACCVZ010000250.1_12	1	GH43	GH43_e98	465.4	10	1	True		unmapped	False
NEE56_mackay__GCA_013697905.1	NEE56_mackay__GCA_013697905.1|JACCVZ010000250.1_12	1	GH43	GH43_e98	465.4	20	1	True		unmapped	False
NEE56_mackay__GCA_013697905.1	NEE56_mackay__GCA_013697905.1|JACCVZ010000250.1_12	2	CBM66	CBM66_e7	133.6	0	1	True		unmapped	False
NEE56_mackay__GCA_013697905.1	NEE56_mackay__GCA_013697905.1|JACCVZ010000250.1_12	2	CBM66	CBM66_e7	133.6	10	1	True		unmapped	False
NEE56_mackay__GCA_013697905.1	NEE56_mackay__GCA_013697905.1|JACCVZ010000250.1_12	2	CBM66	CBM66_e7	133.6	20	1	True		unmapped	False
NEE56_mackay__GCA_013697905.1	NEE56_mackay__GCA_013697905.1|JACCVZ010000255.1_2	1	AA7	AA7_e0	194.7	0	1	False	chitooligosaccharide	single_label_candidate	False
NEE56_mackay__GCA_013697905.1	NEE56_mackay__GCA_013697905.1|JACCVZ010000255.1_2	1	AA7	AA7_e0	194.7	10	2	False	chitooligosaccharide	single_label_candidate	False
NEE56_mackay__GCA_013697905.1	NEE56_mackay__GCA_013697905.1|JACCVZ010000255.1_2	1	AA7	AA7_e0	194.7	20	2	False	chitooligosaccharide	single_label_candidate	False
NEE56_mackay__GCA_013697905.1	NEE56_mackay__GCA_013697905.1|JACCVZ010000278.1_4	1	GT39	GT39_e18	379.5	0	1	True		unmapped	False
NEE56_mackay__GCA_013697905.1	NEE56_mackay__GCA_013697905.1|JACCVZ010000278.1_4	1	GT39	GT39_e18	379.5	10	1	True		unmapped	False
NEE56_mackay__GCA_013697905.1	NEE56_mackay__GCA_013697905.1|JACCVZ010000278.1_4	1	GT39	GT39_e18	379.5	20	1	True		unmapped	False
NEE56_mackay__GCA_013697905.1	NEE56_mackay__GCA_013697905.1|JACCVZ010000285.1_2	1	AA1	AA1_e1	62.3	0	1	False	lignin	single_label_candidate	False
NEE56_mackay__GCA_013697905.1	NEE56_mackay__GCA_013697905.1|JACCVZ010000285.1_2	1	AA1	AA1_e1	62.3	10	2	True	lignin	ambiguous	False
NEE56_mackay__GCA_013697905.1	NEE56_mackay__GCA_013697905.1|JACCVZ010000285.1_2	1	AA1	AA1_e1	62.3	20	2	True	lignin	ambiguous	False
NEE56_mackay__GCA_013697905.1	NEE56_mackay__GCA_013697905.1|JACCVZ010000287.1_2	1	CE4	CE4_e274	109.1	0	1	True		unmapped	False
NEE56_mackay__GCA_013697905.1	NEE56_mackay__GCA_013697905.1|JACCVZ010000287.1_2	1	CE4	CE4_e274	109.1	10	2	True		unmapped	False
NEE56_mackay__GCA_013697905.1	NEE56_mackay__GCA_013697905.1|JACCVZ010000287.1_2	1	CE4	CE4_e274	109.1	20	3	True		unmapped	False
NEE56_mackay__GCA_013697905.1	NEE56_mackay__GCA_013697905.1|JACCVZ010000287.1_3	1	GT4	GT4_e3905	91.3	0	1	True		unmapped	False
NEE56_mackay__GCA_013697905.1	NEE56_mackay__GCA_013697905.1|JACCVZ010000287.1_3	1	GT4	GT4_e3905	91.3	10	19	True		unmapped	False
NEE56_mackay__GCA_013697905.1	NEE56_mackay__GCA_013697905.1|JACCVZ010000287.1_3	1	GT4	GT4_e3905	91.3	20	123	True		unmapped	False
NEE56_mackay__GCA_013697905.1	NEE56_mackay__GCA_013697905.1|JACCVZ010000305.1_5	1	GT83	GT83_e87	55.4	0	1	True		unmapped	False
NEE56_mackay__GCA_013697905.1	NEE56_mackay__GCA_013697905.1|JACCVZ010000305.1_5	1	GT83	GT83_e87	55.4	10	1	True		unmapped	False
NEE56_mackay__GCA_013697905.1	NEE56_mackay__GCA_013697905.1|JACCVZ010000305.1_5	1	GT83	GT83_e87	55.4	20	1	True		unmapped	False
NEE56_mackay__GCA_013697905.1	NEE56_mackay__GCA_013697905.1|JACCVZ010000315.1_2	1	CE14	CE14_e39	116.3	0	1	True		unmapped	False
NEE56_mackay__GCA_013697905.1	NEE56_mackay__GCA_013697905.1|JACCVZ010000315.1_2	1	CE14	CE14_e39	116.3	10	2	True		unmapped	False
NEE56_mackay__GCA_013697905.1	NEE56_mackay__GCA_013697905.1|JACCVZ010000315.1_2	1	CE14	CE14_e39	116.3	20	5	True		unmapped	False
NEE56_mackay__GCA_013697905.1	NEE56_mackay__GCA_013697905.1|JACCVZ010000324.1_4	1	GH15	GH15_e59	584.2	0	1	False	starch	single_label_candidate	False
NEE56_mackay__GCA_013697905.1	NEE56_mackay__GCA_013697905.1|JACCVZ010000324.1_4	1	GH15	GH15_e59	584.2	10	1	False	starch	single_label_candidate	False
NEE56_mackay__GCA_013697905.1	NEE56_mackay__GCA_013697905.1|JACCVZ010000324.1_4	1	GH15	GH15_e59	584.2	20	1	False	starch	single_label_candidate	False
NEE56_mackay__GCA_013697905.1	NEE56_mackay__GCA_013697905.1|JACCVZ010000325.1_3	1	GH130	GH130_e26	485.4	0	1	True		unmapped	False
NEE56_mackay__GCA_013697905.1	NEE56_mackay__GCA_013697905.1|JACCVZ010000325.1_3	1	GH130	GH130_e26	485.4	10	1	True		unmapped	False
NEE56_mackay__GCA_013697905.1	NEE56_mackay__GCA_013697905.1|JACCVZ010000325.1_3	1	GH130	GH130_e26	485.4	20	1	True		unmapped	False
NEE56_mackay__GCA_013697905.1	NEE56_mackay__GCA_013697905.1|JACCVZ010000326.1_3	1	GT4	GT4_e768	228.3	0	1	True		unmapped	False
NEE56_mackay__GCA_013697905.1	NEE56_mackay__GCA_013697905.1|JACCVZ010000326.1_3	1	GT4	GT4_e768	228.3	10	1	True		unmapped	False
NEE56_mackay__GCA_013697905.1	NEE56_mackay__GCA_013697905.1|JACCVZ010000326.1_3	1	GT4	GT4_e768	228.3	20	1	True		unmapped	False
NEE56_mackay__GCA_013697905.1	NEE56_mackay__GCA_013697905.1|JACCVZ010000328.1_3	1	GT2	GT2_e1244	284.0	0	1	True		unmapped	False
NEE56_mackay__GCA_013697905.1	NEE56_mackay__GCA_013697905.1|JACCVZ010000328.1_3	1	GT2	GT2_e1244	284.0	10	2	True		unmapped	False
NEE56_mackay__GCA_013697905.1	NEE56_mackay__GCA_013697905.1|JACCVZ010000328.1_3	1	GT2	GT2_e1244	284.0	20	2	True		unmapped	False
NEE56_mackay__GCA_013697905.1	NEE56_mackay__GCA_013697905.1|JACCVZ010000344.1_2	1	GH13	GH13_e0	630.1	0	1	False	starch;sucrose	ambiguous	False
NEE56_mackay__GCA_013697905.1	NEE56_mackay__GCA_013697905.1|JACCVZ010000344.1_2	1	GH13	GH13_e0	630.1	10	1	False	starch;sucrose	ambiguous	False
NEE56_mackay__GCA_013697905.1	NEE56_mackay__GCA_013697905.1|JACCVZ010000344.1_2	1	GH13	GH13_e0	630.1	20	1	False	starch;sucrose	ambiguous	False
NEE56_mackay__GCA_013697905.1	NEE56_mackay__GCA_013697905.1|JACCVZ010000361.1_10	1	GH13	GH13_e105	352.2	0	1	False	starch;sucrose	ambiguous	False
NEE56_mackay__GCA_013697905.1	NEE56_mackay__GCA_013697905.1|JACCVZ010000361.1_10	1	GH13	GH13_e105	352.2	10	1	False	starch;sucrose	ambiguous	False
NEE56_mackay__GCA_013697905.1	NEE56_mackay__GCA_013697905.1|JACCVZ010000361.1_10	1	GH13	GH13_e105	352.2	20	1	False	starch;sucrose	ambiguous	False
NEE56_mackay__GCA_013697905.1	NEE56_mackay__GCA_013697905.1|JACCVZ010000361.1_11	1	GH13	GH13_e48	599.0	0	1	False	starch;sucrose	ambiguous	False
NEE56_mackay__GCA_013697905.1	NEE56_mackay__GCA_013697905.1|JACCVZ010000361.1_11	1	GH13	GH13_e48	599.0	10	1	False	starch;sucrose	ambiguous	False
NEE56_mackay__GCA_013697905.1	NEE56_mackay__GCA_013697905.1|JACCVZ010000361.1_11	1	GH13	GH13_e48	599.0	20	1	False	starch;sucrose	ambiguous	False
NEE56_mackay__GCA_013697905.1	NEE56_mackay__GCA_013697905.1|JACCVZ010000361.1_11	2	CBM48	CBM48_e3	131.2	0	1	False	glycogen	single_label_candidate	False
NEE56_mackay__GCA_013697905.1	NEE56_mackay__GCA_013697905.1|JACCVZ010000361.1_11	2	CBM48	CBM48_e3	131.2	10	1	False	glycogen	single_label_candidate	False
NEE56_mackay__GCA_013697905.1	NEE56_mackay__GCA_013697905.1|JACCVZ010000361.1_11	2	CBM48	CBM48_e3	131.2	20	1	False	glycogen	single_label_candidate	False
NEE56_mackay__GCA_013697905.1	NEE56_mackay__GCA_013697905.1|JACCVZ010000366.1_1	1	GH13	GH13_e227	550.8	0	1	True		unmapped	False
NEE56_mackay__GCA_013697905.1	NEE56_mackay__GCA_013697905.1|JACCVZ010000366.1_1	1	GH13	GH13_e227	550.8	10	1	True		unmapped	False
NEE56_mackay__GCA_013697905.1	NEE56_mackay__GCA_013697905.1|JACCVZ010000366.1_1	1	GH13	GH13_e227	550.8	20	1	True		unmapped	False
NEE56_mackay__GCA_013697905.1	NEE56_mackay__GCA_013697905.1|JACCVZ010000367.1_2	1	GT2	GT2_e160	320.7	0	1	True		unmapped	False
NEE56_mackay__GCA_013697905.1	NEE56_mackay__GCA_013697905.1|JACCVZ010000367.1_2	1	GT2	GT2_e160	320.7	10	1	True		unmapped	False
NEE56_mackay__GCA_013697905.1	NEE56_mackay__GCA_013697905.1|JACCVZ010000367.1_2	1	GT2	GT2_e160	320.7	20	1	True		unmapped	False
NEE56_mackay__GCA_013697905.1	NEE56_mackay__GCA_013697905.1|JACCVZ010000369.1_8	1	GH13	GH13_e182	463.5	0	1	False	starch;sucrose	ambiguous	False
NEE56_mackay__GCA_013697905.1	NEE56_mackay__GCA_013697905.1|JACCVZ010000369.1_8	1	GH13	GH13_e182	463.5	10	1	False	starch;sucrose	ambiguous	False
NEE56_mackay__GCA_013697905.1	NEE56_mackay__GCA_013697905.1|JACCVZ010000369.1_8	1	GH13	GH13_e182	463.5	20	1	False	starch;sucrose	ambiguous	False
NEE56_mackay__GCA_013697905.1	NEE56_mackay__GCA_013697905.1|JACCVZ010000381.1_5	1	AA3	AA3_e31	419.5	0	1	True		unmapped	False
NEE56_mackay__GCA_013697905.1	NEE56_mackay__GCA_013697905.1|JACCVZ010000381.1_5	1	AA3	AA3_e31	419.5	10	1	True		unmapped	False
NEE56_mackay__GCA_013697905.1	NEE56_mackay__GCA_013697905.1|JACCVZ010000381.1_5	1	AA3	AA3_e31	419.5	20	2	True		unmapped	False
NEE56_mackay__GCA_013697905.1	NEE56_mackay__GCA_013697905.1|JACCVZ010000382.1_4	1	GT51	GT51_e18	239.7	0	1	True		unmapped	False
NEE56_mackay__GCA_013697905.1	NEE56_mackay__GCA_013697905.1|JACCVZ010000382.1_4	1	GT51	GT51_e18	239.7	10	1	True		unmapped	False
NEE56_mackay__GCA_013697905.1	NEE56_mackay__GCA_013697905.1|JACCVZ010000382.1_4	1	GT51	GT51_e18	239.7	20	2	True		unmapped	False
NEE56_mackay__GCA_013697905.1	NEE56_mackay__GCA_013697905.1|JACCVZ010000394.1_12	1	GT2	GT2_e3515	417.4	0	1	True		unmapped	False
NEE56_mackay__GCA_013697905.1	NEE56_mackay__GCA_013697905.1|JACCVZ010000394.1_12	1	GT2	GT2_e3515	417.4	10	1	True		unmapped	False
NEE56_mackay__GCA_013697905.1	NEE56_mackay__GCA_013697905.1|JACCVZ010000394.1_12	1	GT2	GT2_e3515	417.4	20	1	True		unmapped	False
NEE56_mackay__GCA_013697915.1	NEE56_mackay__GCA_013697915.1|JACCVY010000001.1_11	1	GH144	GH144_e0	718.5	0	1	True		unmapped	False
NEE56_mackay__GCA_013697915.1	NEE56_mackay__GCA_013697915.1|JACCVY010000001.1_11	1	GH144	GH144_e0	718.5	10	1	True		unmapped	False
NEE56_mackay__GCA_013697915.1	NEE56_mackay__GCA_013697915.1|JACCVY010000001.1_11	1	GH144	GH144_e0	718.5	20	1	True		unmapped	False
NEE56_mackay__GCA_013697915.1	NEE56_mackay__GCA_013697915.1|JACCVY010000001.1_6	1	AA1	AA1_e33	99.6	0	1	False	lignin	single_label_candidate	False
NEE56_mackay__GCA_013697915.1	NEE56_mackay__GCA_013697915.1|JACCVY010000001.1_6	1	AA1	AA1_e33	99.6	10	4	True	lignin	ambiguous	False
NEE56_mackay__GCA_013697915.1	NEE56_mackay__GCA_013697915.1|JACCVY010000001.1_6	1	AA1	AA1_e33	99.6	20	6	True	lignin	ambiguous	False
NEE56_mackay__GCA_013697915.1	NEE56_mackay__GCA_013697915.1|JACCVY010000003.1_10	1	GH74	GH74_e1	62.0	0	1	False	xyloglucan	single_label_candidate	False
NEE56_mackay__GCA_013697915.1	NEE56_mackay__GCA_013697915.1|JACCVY010000003.1_10	1	GH74	GH74_e1	62.0	10	1	False	xyloglucan	single_label_candidate	False
NEE56_mackay__GCA_013697915.1	NEE56_mackay__GCA_013697915.1|JACCVY010000003.1_10	1	GH74	GH74_e1	62.0	20	1	False	xyloglucan	single_label_candidate	False
NEE56_mackay__GCA_013697915.1	NEE56_mackay__GCA_013697915.1|JACCVY010000003.1_2	1	GH23	GH23_e146	178.5	0	1	True		unmapped	False
NEE56_mackay__GCA_013697915.1	NEE56_mackay__GCA_013697915.1|JACCVY010000003.1_2	1	GH23	GH23_e146	178.5	10	1	True		unmapped	False
NEE56_mackay__GCA_013697915.1	NEE56_mackay__GCA_013697915.1|JACCVY010000003.1_2	1	GH23	GH23_e146	178.5	20	1	True		unmapped	False
NEE56_mackay__GCA_013697915.1	NEE56_mackay__GCA_013697915.1|JACCVY010000004.1_2	1	GT51	GT51_e132	231.8	0	1	True		unmapped	False
NEE56_mackay__GCA_013697915.1	NEE56_mackay__GCA_013697915.1|JACCVY010000004.1_2	1	GT51	GT51_e132	231.8	10	6	True		unmapped	False
NEE56_mackay__GCA_013697915.1	NEE56_mackay__GCA_013697915.1|JACCVY010000004.1_2	1	GT51	GT51_e132	231.8	20	13	True		unmapped	False
NEE56_mackay__GCA_013697915.1	NEE56_mackay__GCA_013697915.1|JACCVY010000004.1_23	1	GH23	GH23_e450	178.6	0	1	True		unmapped	False
NEE56_mackay__GCA_013697915.1	NEE56_mackay__GCA_013697915.1|JACCVY010000004.1_23	1	GH23	GH23_e450	178.6	10	1	True		unmapped	False
NEE56_mackay__GCA_013697915.1	NEE56_mackay__GCA_013697915.1|JACCVY010000004.1_23	1	GH23	GH23_e450	178.6	20	1	True		unmapped	False
NEE56_mackay__GCA_013697915.1	NEE56_mackay__GCA_013697915.1|JACCVY010000005.1_21	1	CE1	CE1_e22	99.2	0	1	True		unmapped	False
NEE56_mackay__GCA_013697915.1	NEE56_mackay__GCA_013697915.1|JACCVY010000005.1_21	1	CE1	CE1_e22	99.2	10	1	True		unmapped	False
NEE56_mackay__GCA_013697915.1	NEE56_mackay__GCA_013697915.1|JACCVY010000005.1_21	1	CE1	CE1_e22	99.2	20	1	True		unmapped	False
NEE56_mackay__GCA_013697915.1	NEE56_mackay__GCA_013697915.1|JACCVY010000005.1_27	1	GH38	GH38_e32	147.0	0	1	True		unmapped	False
NEE56_mackay__GCA_013697915.1	NEE56_mackay__GCA_013697915.1|JACCVY010000005.1_27	1	GH38	GH38_e32	147.0	10	1	True		unmapped	False
NEE56_mackay__GCA_013697915.1	NEE56_mackay__GCA_013697915.1|JACCVY010000005.1_27	1	GH38	GH38_e32	147.0	20	1	True		unmapped	False
NEE56_mackay__GCA_013697915.1	NEE56_mackay__GCA_013697915.1|JACCVY010000006.1_35	1	GH23	GH23_e1021	104.3	0	1	True		unmapped	False
NEE56_mackay__GCA_013697915.1	NEE56_mackay__GCA_013697915.1|JACCVY010000006.1_35	1	GH23	GH23_e1021	104.3	10	2	True		unmapped	False
NEE56_mackay__GCA_013697915.1	NEE56_mackay__GCA_013697915.1|JACCVY010000006.1_35	1	GH23	GH23_e1021	104.3	20	4	True		unmapped	False
NEE56_mackay__GCA_013697915.1	NEE56_mackay__GCA_013697915.1|JACCVY010000006.1_61	1	GT1	GT1_e477	508.6	0	1	True		unmapped	False
NEE56_mackay__GCA_013697915.1	NEE56_mackay__GCA_013697915.1|JACCVY010000006.1_61	1	GT1	GT1_e477	508.6	10	1	True		unmapped	False
NEE56_mackay__GCA_013697915.1	NEE56_mackay__GCA_013697915.1|JACCVY010000006.1_61	1	GT1	GT1_e477	508.6	20	1	True		unmapped	False
NEE56_mackay__GCA_013697915.1	NEE56_mackay__GCA_013697915.1|JACCVY010000009.1_16	1	GH23	GH23_e450	168.0	0	1	True		unmapped	False
NEE56_mackay__GCA_013697915.1	NEE56_mackay__GCA_013697915.1|JACCVY010000009.1_16	1	GH23	GH23_e450	168.0	10	2	True		unmapped	False
NEE56_mackay__GCA_013697915.1	NEE56_mackay__GCA_013697915.1|JACCVY010000009.1_16	1	GH23	GH23_e450	168.0	20	7	True		unmapped	False
NEE56_mackay__GCA_013697915.1	NEE56_mackay__GCA_013697915.1|JACCVY010000030.1_2	1	GH3	GH3_e28	264.7	0	1	False	chitin	single_label_candidate	False
NEE56_mackay__GCA_013697915.1	NEE56_mackay__GCA_013697915.1|JACCVY010000030.1_2	1	GH3	GH3_e28	264.7	10	1	False	chitin	single_label_candidate	False
NEE56_mackay__GCA_013697915.1	NEE56_mackay__GCA_013697915.1|JACCVY010000030.1_2	1	GH3	GH3_e28	264.7	20	1	False	chitin	single_label_candidate	False
NEE56_mackay__GCA_013697915.1	NEE56_mackay__GCA_013697915.1|JACCVY010000030.1_4	1	GH171	GH171_e8	547.1	0	1	True		unmapped	False
NEE56_mackay__GCA_013697915.1	NEE56_mackay__GCA_013697915.1|JACCVY010000030.1_4	1	GH171	GH171_e8	547.1	10	1	True		unmapped	False
NEE56_mackay__GCA_013697915.1	NEE56_mackay__GCA_013697915.1|JACCVY010000030.1_4	1	GH171	GH171_e8	547.1	20	1	True		unmapped	False
NEE56_mackay__GCA_013697915.1	NEE56_mackay__GCA_013697915.1|JACCVY010000036.1_6	1	GT2	GT2_e3046	193.8	0	1	True		unmapped	False
NEE56_mackay__GCA_013697915.1	NEE56_mackay__GCA_013697915.1|JACCVY010000036.1_6	1	GT2	GT2_e3046	193.8	10	1	True		unmapped	False
NEE56_mackay__GCA_013697915.1	NEE56_mackay__GCA_013697915.1|JACCVY010000036.1_6	1	GT2	GT2_e3046	193.8	20	4	True		unmapped	False
NEE56_mackay__GCA_013697915.1	NEE56_mackay__GCA_013697915.1|JACCVY010000040.1_6	1	GH144	GH144_e0	697.3	0	1	True		unmapped	False
NEE56_mackay__GCA_013697915.1	NEE56_mackay__GCA_013697915.1|JACCVY010000040.1_6	1	GH144	GH144_e0	697.3	10	1	True		unmapped	False
NEE56_mackay__GCA_013697915.1	NEE56_mackay__GCA_013697915.1|JACCVY010000040.1_6	1	GH144	GH144_e0	697.3	20	1	True		unmapped	False
NEE56_mackay__GCA_013697915.1	NEE56_mackay__GCA_013697915.1|JACCVY010000041.1_38	1	GT28	GT28_e53	204.0	0	1	True		unmapped	False
NEE56_mackay__GCA_013697915.1	NEE56_mackay__GCA_013697915.1|JACCVY010000041.1_38	1	GT28	GT28_e53	204.0	10	1	True		unmapped	False
NEE56_mackay__GCA_013697915.1	NEE56_mackay__GCA_013697915.1|JACCVY010000041.1_38	1	GT28	GT28_e53	204.0	20	2	True		unmapped	False
NEE56_mackay__GCA_013697915.1	NEE56_mackay__GCA_013697915.1|JACCVY010000047.1_16	1	GT4	GT4_e1959	183.9	0	1	True		unmapped	False
NEE56_mackay__GCA_013697915.1	NEE56_mackay__GCA_013697915.1|JACCVY010000047.1_16	1	GT4	GT4_e1959	183.9	10	3	True		unmapped	False
NEE56_mackay__GCA_013697915.1	NEE56_mackay__GCA_013697915.1|JACCVY010000047.1_16	1	GT4	GT4_e1959	183.9	20	5	True		unmapped	False
NEE56_mackay__GCA_013697915.1	NEE56_mackay__GCA_013697915.1|JACCVY010000048.1_5	1	GH23	GH23_e335	165.5	0	1	False	peptidoglycan	single_label_candidate	False
NEE56_mackay__GCA_013697915.1	NEE56_mackay__GCA_013697915.1|JACCVY010000048.1_5	1	GH23	GH23_e335	165.5	10	5	True	peptidoglycan	ambiguous	False
NEE56_mackay__GCA_013697915.1	NEE56_mackay__GCA_013697915.1|JACCVY010000048.1_5	1	GH23	GH23_e335	165.5	20	14	True	peptidoglycan	ambiguous	False
NEE56_mackay__GCA_013697915.1	NEE56_mackay__GCA_013697915.1|JACCVY010000050.1_17	1	GH94	GH94_e1	1620.3	0	1	False	beta-glucan;chitin	ambiguous	False
NEE56_mackay__GCA_013697915.1	NEE56_mackay__GCA_013697915.1|JACCVY010000050.1_17	1	GH94	GH94_e1	1620.3	10	1	False	beta-glucan;chitin	ambiguous	False
NEE56_mackay__GCA_013697915.1	NEE56_mackay__GCA_013697915.1|JACCVY010000050.1_17	1	GH94	GH94_e1	1620.3	20	1	False	beta-glucan;chitin	ambiguous	False
NEE56_mackay__GCA_013697915.1	NEE56_mackay__GCA_013697915.1|JACCVY010000050.1_17	2	GT84	GT84_e0	341.8	0	1	True		unmapped	False
NEE56_mackay__GCA_013697915.1	NEE56_mackay__GCA_013697915.1|JACCVY010000050.1_17	2	GT84	GT84_e0	341.8	10	2	True		unmapped	False
NEE56_mackay__GCA_013697915.1	NEE56_mackay__GCA_013697915.1|JACCVY010000050.1_17	2	GT84	GT84_e0	341.8	20	2	True		unmapped	False
NEE56_mackay__GCA_013697915.1	NEE56_mackay__GCA_013697915.1|JACCVY010000050.1_17	3	GH94	GH94_e9	87.2	0	1	True		unmapped	False
NEE56_mackay__GCA_013697915.1	NEE56_mackay__GCA_013697915.1|JACCVY010000050.1_17	3	GH94	GH94_e9	87.2	10	2	True	cellulose	ambiguous	False
NEE56_mackay__GCA_013697915.1	NEE56_mackay__GCA_013697915.1|JACCVY010000050.1_17	3	GH94	GH94_e9	87.2	20	2	True	cellulose	ambiguous	False
NEE56_mackay__GCA_013697915.1	NEE56_mackay__GCA_013697915.1|JACCVY010000050.1_49	1	GH5	GH5_e4	189.4	0	1	False	beta-mannan	single_label_candidate	False
NEE56_mackay__GCA_013697915.1	NEE56_mackay__GCA_013697915.1|JACCVY010000050.1_49	1	GH5	GH5_e4	189.4	10	1	False	beta-mannan	single_label_candidate	False
NEE56_mackay__GCA_013697915.1	NEE56_mackay__GCA_013697915.1|JACCVY010000050.1_49	1	GH5	GH5_e4	189.4	20	4	True	beta-mannan	ambiguous	False
NEE56_mackay__GCA_013697915.1	NEE56_mackay__GCA_013697915.1|JACCVY010000050.1_54	1	GT4	GT4_e2566	211.9	0	1	True		unmapped	False
NEE56_mackay__GCA_013697915.1	NEE56_mackay__GCA_013697915.1|JACCVY010000050.1_54	1	GT4	GT4_e2566	211.9	10	1	True		unmapped	False
NEE56_mackay__GCA_013697915.1	NEE56_mackay__GCA_013697915.1|JACCVY010000050.1_54	1	GT4	GT4_e2566	211.9	20	1	True		unmapped	False
NEE56_mackay__GCA_013697915.1	NEE56_mackay__GCA_013697915.1|JACCVY010000050.1_57	1	CE14	CE14_e10	125.5	0	1	True		unmapped	False
NEE56_mackay__GCA_013697915.1	NEE56_mackay__GCA_013697915.1|JACCVY010000050.1_57	1	CE14	CE14_e10	125.5	10	1	True		unmapped	False
NEE56_mackay__GCA_013697915.1	NEE56_mackay__GCA_013697915.1|JACCVY010000050.1_57	1	CE14	CE14_e10	125.5	20	6	True		unmapped	False
NEE56_mackay__GCA_013697915.1	NEE56_mackay__GCA_013697915.1|JACCVY010000053.1_13	1	GH109	GH109_e7	80.6	0	1	True		unmapped	False
NEE56_mackay__GCA_013697915.1	NEE56_mackay__GCA_013697915.1|JACCVY010000053.1_13	1	GH109	GH109_e7	80.6	10	1	True		unmapped	False
NEE56_mackay__GCA_013697915.1	NEE56_mackay__GCA_013697915.1|JACCVY010000053.1_13	1	GH109	GH109_e7	80.6	20	4	True		unmapped	False
NEE56_mackay__GCA_013697915.1	NEE56_mackay__GCA_013697915.1|JACCVY010000053.1_9	1	GT2	GT2_e4192	244.8	0	1	True		unmapped	False
NEE56_mackay__GCA_013697915.1	NEE56_mackay__GCA_013697915.1|JACCVY010000053.1_9	1	GT2	GT2_e4192	244.8	10	1	True		unmapped	False
NEE56_mackay__GCA_013697915.1	NEE56_mackay__GCA_013697915.1|JACCVY010000053.1_9	1	GT2	GT2_e4192	244.8	20	1	True		unmapped	False
NEE56_mackay__GCA_013697915.1	NEE56_mackay__GCA_013697915.1|JACCVY010000062.1_2	1	GT2	GT2_e4426	470.0	0	1	True		unmapped	False
NEE56_mackay__GCA_013697915.1	NEE56_mackay__GCA_013697915.1|JACCVY010000062.1_2	1	GT2	GT2_e4426	470.0	10	1	True		unmapped	False
NEE56_mackay__GCA_013697915.1	NEE56_mackay__GCA_013697915.1|JACCVY010000062.1_2	1	GT2	GT2_e4426	470.0	20	1	True		unmapped	False
NEE56_mackay__GCA_013697915.1	NEE56_mackay__GCA_013697915.1|JACCVY010000066.1_19	1	GH23	GH23_e384	138.5	0	1	True		unmapped	False
NEE56_mackay__GCA_013697915.1	NEE56_mackay__GCA_013697915.1|JACCVY010000066.1_19	1	GH23	GH23_e384	138.5	10	1	True		unmapped	False
NEE56_mackay__GCA_013697915.1	NEE56_mackay__GCA_013697915.1|JACCVY010000066.1_19	1	GH23	GH23_e384	138.5	20	1	True		unmapped	False
NEE56_mackay__GCA_013697915.1	NEE56_mackay__GCA_013697915.1|JACCVY010000068.1_5	1	GH74	GH74_e0	59.9	0	1	False	xyloglucan	single_label_candidate	False
NEE56_mackay__GCA_013697915.1	NEE56_mackay__GCA_013697915.1|JACCVY010000068.1_5	1	GH74	GH74_e0	59.9	10	1	False	xyloglucan	single_label_candidate	False
NEE56_mackay__GCA_013697915.1	NEE56_mackay__GCA_013697915.1|JACCVY010000068.1_5	1	GH74	GH74_e0	59.9	20	1	False	xyloglucan	single_label_candidate	False
NEE56_mackay__GCA_013697915.1	NEE56_mackay__GCA_013697915.1|JACCVY010000076.1_35	1	GT5	GT5_e43	553.4	0	1	True		unmapped	False
NEE56_mackay__GCA_013697915.1	NEE56_mackay__GCA_013697915.1|JACCVY010000076.1_35	1	GT5	GT5_e43	553.4	10	3	True		unmapped	False
NEE56_mackay__GCA_013697915.1	NEE56_mackay__GCA_013697915.1|JACCVY010000076.1_35	1	GT5	GT5_e43	553.4	20	4	True		unmapped	False
NEE56_mackay__GCA_013697915.1	NEE56_mackay__GCA_013697915.1|JACCVY010000076.1_8	1	GH13	GH13_e200	543.6	0	1	False	alpha-glucan;sucrose	ambiguous	False
NEE56_mackay__GCA_013697915.1	NEE56_mackay__GCA_013697915.1|JACCVY010000076.1_8	1	GH13	GH13_e200	543.6	10	1	False	alpha-glucan;sucrose	ambiguous	False
NEE56_mackay__GCA_013697915.1	NEE56_mackay__GCA_013697915.1|JACCVY010000076.1_8	1	GH13	GH13_e200	543.6	20	1	False	alpha-glucan;sucrose	ambiguous	False
NEE56_mackay__GCA_013697915.1	NEE56_mackay__GCA_013697915.1|JACCVY010000076.1_8	2	CBM48	CBM48_e2	87.2	0	1	False	glycogen	single_label_candidate	False
NEE56_mackay__GCA_013697915.1	NEE56_mackay__GCA_013697915.1|JACCVY010000076.1_8	2	CBM48	CBM48_e2	87.2	10	1	False	glycogen	single_label_candidate	False
NEE56_mackay__GCA_013697915.1	NEE56_mackay__GCA_013697915.1|JACCVY010000076.1_8	2	CBM48	CBM48_e2	87.2	20	2	True	glycogen	ambiguous	False
NEE56_mackay__GCA_013697915.1	NEE56_mackay__GCA_013697915.1|JACCVY010000076.1_9	1	GH57	GH57_e36	389.0	0	1	False	starch	single_label_candidate	False
NEE56_mackay__GCA_013697915.1	NEE56_mackay__GCA_013697915.1|JACCVY010000076.1_9	1	GH57	GH57_e36	389.0	10	1	False	starch	single_label_candidate	False
NEE56_mackay__GCA_013697915.1	NEE56_mackay__GCA_013697915.1|JACCVY010000076.1_9	1	GH57	GH57_e36	389.0	20	1	False	starch	single_label_candidate	False
NEE56_mackay__GCA_013697915.1	NEE56_mackay__GCA_013697915.1|JACCVY010000079.1_8	1	GT4	GT4_e2874	94.4	0	1	True		unmapped	False
NEE56_mackay__GCA_013697915.1	NEE56_mackay__GCA_013697915.1|JACCVY010000079.1_8	1	GT4	GT4_e2874	94.4	10	8	True		unmapped	False
NEE56_mackay__GCA_013697915.1	NEE56_mackay__GCA_013697915.1|JACCVY010000079.1_8	1	GT4	GT4_e2874	94.4	20	15	True		unmapped	False
NEE56_mackay__GCA_013697915.1	NEE56_mackay__GCA_013697915.1|JACCVY010000081.1_4	1	GT2	GT2_e2534	331.6	0	1	True		unmapped	False
NEE56_mackay__GCA_013697915.1	NEE56_mackay__GCA_013697915.1|JACCVY010000081.1_4	1	GT2	GT2_e2534	331.6	10	1	True		unmapped	False
NEE56_mackay__GCA_013697915.1	NEE56_mackay__GCA_013697915.1|JACCVY010000081.1_4	1	GT2	GT2_e2534	331.6	20	1	True		unmapped	False
NEE56_mackay__GCA_013697915.1	NEE56_mackay__GCA_013697915.1|JACCVY010000081.1_4	2	GH18	GH18_e340	285.5	0	1	True		unmapped	False
NEE56_mackay__GCA_013697915.1	NEE56_mackay__GCA_013697915.1|JACCVY010000081.1_4	2	GH18	GH18_e340	285.5	10	2	True		unmapped	False
NEE56_mackay__GCA_013697915.1	NEE56_mackay__GCA_013697915.1|JACCVY010000081.1_4	2	GH18	GH18_e340	285.5	20	2	True		unmapped	False
NEE56_mackay__GCA_013697915.1	NEE56_mackay__GCA_013697915.1|JACCVY010000081.1_4	3	CE4	CE4_e36	162.2	0	1	True		unmapped	False
NEE56_mackay__GCA_013697915.1	NEE56_mackay__GCA_013697915.1|JACCVY010000081.1_4	3	CE4	CE4_e36	162.2	10	1	True		unmapped	False
NEE56_mackay__GCA_013697915.1	NEE56_mackay__GCA_013697915.1|JACCVY010000081.1_4	3	CE4	CE4_e36	162.2	20	2	True		unmapped	False
NEE56_mackay__GCA_013697915.1	NEE56_mackay__GCA_013697915.1|JACCVY010000093.1_4	1	CBM50	CBM50_e391	78.4	0	1	True		unmapped	False
NEE56_mackay__GCA_013697915.1	NEE56_mackay__GCA_013697915.1|JACCVY010000093.1_4	1	CBM50	CBM50_e391	78.4	10	7	True		unmapped	False
NEE56_mackay__GCA_013697915.1	NEE56_mackay__GCA_013697915.1|JACCVY010000093.1_4	1	CBM50	CBM50_e391	78.4	20	18	True		unmapped	False
NEE56_mackay__GCA_013697915.1	NEE56_mackay__GCA_013697915.1|JACCVY010000095.1_16	1	GH74	GH74_e1	67.0	0	1	False	xyloglucan	single_label_candidate	False
NEE56_mackay__GCA_013697915.1	NEE56_mackay__GCA_013697915.1|JACCVY010000095.1_16	1	GH74	GH74_e1	67.0	10	2	True	xyloglucan	ambiguous	False
NEE56_mackay__GCA_013697915.1	NEE56_mackay__GCA_013697915.1|JACCVY010000095.1_16	1	GH74	GH74_e1	67.0	20	3	True	xyloglucan	ambiguous	False
NEE56_mackay__GCA_013697915.1	NEE56_mackay__GCA_013697915.1|JACCVY010000096.1_2	1	GT39	GT39_e28	56.2	0	1	True		unmapped	False
NEE56_mackay__GCA_013697915.1	NEE56_mackay__GCA_013697915.1|JACCVY010000096.1_2	1	GT39	GT39_e28	56.2	10	1	True		unmapped	False
NEE56_mackay__GCA_013697915.1	NEE56_mackay__GCA_013697915.1|JACCVY010000096.1_2	1	GT39	GT39_e28	56.2	20	1	True		unmapped	False
NEE56_mackay__GCA_013697915.1	NEE56_mackay__GCA_013697915.1|JACCVY010000107.1_3	1	GT2	GT2_e3008	153.6	0	1	True		unmapped	False
NEE56_mackay__GCA_013697915.1	NEE56_mackay__GCA_013697915.1|JACCVY010000107.1_3	1	GT2	GT2_e3008	153.6	10	4	True		unmapped	False
NEE56_mackay__GCA_013697915.1	NEE56_mackay__GCA_013697915.1|JACCVY010000107.1_3	1	GT2	GT2_e3008	153.6	20	10	True		unmapped	False
NEE56_mackay__GCA_013697915.1	NEE56_mackay__GCA_013697915.1|JACCVY010000107.1_5	1	GT9	GT9_e71	251.5	0	1	True		unmapped	False
NEE56_mackay__GCA_013697915.1	NEE56_mackay__GCA_013697915.1|JACCVY010000107.1_5	1	GT9	GT9_e71	251.5	10	1	True		unmapped	False
NEE56_mackay__GCA_013697915.1	NEE56_mackay__GCA_013697915.1|JACCVY010000107.1_5	1	GT9	GT9_e71	251.5	20	1	True		unmapped	False
NEE56_mackay__GCA_013697915.1	NEE56_mackay__GCA_013697915.1|JACCVY010000107.1_7	1	GT9	GT9_e85	274.4	0	1	True		unmapped	False
NEE56_mackay__GCA_013697915.1	NEE56_mackay__GCA_013697915.1|JACCVY010000107.1_7	1	GT9	GT9_e85	274.4	10	1	True		unmapped	False
NEE56_mackay__GCA_013697915.1	NEE56_mackay__GCA_013697915.1|JACCVY010000107.1_7	1	GT9	GT9_e85	274.4	20	1	True		unmapped	False
NEE56_mackay__GCA_013697915.1	NEE56_mackay__GCA_013697915.1|JACCVY010000110.1_10	1	AA7	AA7_e0	168.3	0	1	False	chitooligosaccharide	single_label_candidate	False
NEE56_mackay__GCA_013697915.1	NEE56_mackay__GCA_013697915.1|JACCVY010000110.1_10	1	AA7	AA7_e0	168.3	10	1	False	chitooligosaccharide	single_label_candidate	False
NEE56_mackay__GCA_013697915.1	NEE56_mackay__GCA_013697915.1|JACCVY010000110.1_10	1	AA7	AA7_e0	168.3	20	1	False	chitooligosaccharide	single_label_candidate	False
NEE56_mackay__GCA_013697915.1	NEE56_mackay__GCA_013697915.1|JACCVY010000110.1_13	1	AA7	AA7_e0	126.1	0	1	False	chitooligosaccharide	single_label_candidate	False
NEE56_mackay__GCA_013697915.1	NEE56_mackay__GCA_013697915.1|JACCVY010000110.1_13	1	AA7	AA7_e0	126.1	10	1	False	chitooligosaccharide	single_label_candidate	False
NEE56_mackay__GCA_013697915.1	NEE56_mackay__GCA_013697915.1|JACCVY010000110.1_13	1	AA7	AA7_e0	126.1	20	2	False	chitooligosaccharide	single_label_candidate	False
NEE56_mackay__GCA_013697915.1	NEE56_mackay__GCA_013697915.1|JACCVY010000114.1_1	1	CE11	CE11_e12	360.4	0	1	True		unmapped	False
NEE56_mackay__GCA_013697915.1	NEE56_mackay__GCA_013697915.1|JACCVY010000114.1_1	1	CE11	CE11_e12	360.4	10	2	True		unmapped	False
NEE56_mackay__GCA_013697915.1	NEE56_mackay__GCA_013697915.1|JACCVY010000114.1_1	1	CE11	CE11_e12	360.4	20	2	True		unmapped	False
NEE56_mackay__GCA_013697915.1	NEE56_mackay__GCA_013697915.1|JACCVY010000119.1_10	1	GT9	GT9_e244	244.4	0	1	True		unmapped	False
NEE56_mackay__GCA_013697915.1	NEE56_mackay__GCA_013697915.1|JACCVY010000119.1_10	1	GT9	GT9_e244	244.4	10	1	True		unmapped	False
NEE56_mackay__GCA_013697915.1	NEE56_mackay__GCA_013697915.1|JACCVY010000119.1_10	1	GT9	GT9_e244	244.4	20	1	True		unmapped	False
NEE56_mackay__GCA_013697915.1	NEE56_mackay__GCA_013697915.1|JACCVY010000122.1_11	1	CBM50	CBM50_e391	77.2	0	1	True		unmapped	False
NEE56_mackay__GCA_013697915.1	NEE56_mackay__GCA_013697915.1|JACCVY010000122.1_11	1	CBM50	CBM50_e391	77.2	10	8	True		unmapped	False
NEE56_mackay__GCA_013697915.1	NEE56_mackay__GCA_013697915.1|JACCVY010000122.1_11	1	CBM50	CBM50_e391	77.2	20	21	True		unmapped	False
NEE56_mackay__GCA_013697915.1	NEE56_mackay__GCA_013697915.1|JACCVY010000126.1_3	1	GH23	GH23_e624	161.0	0	1	True		unmapped	False
NEE56_mackay__GCA_013697915.1	NEE56_mackay__GCA_013697915.1|JACCVY010000126.1_3	1	GH23	GH23_e624	161.0	10	3	True		unmapped	False
NEE56_mackay__GCA_013697915.1	NEE56_mackay__GCA_013697915.1|JACCVY010000126.1_3	1	GH23	GH23_e624	161.0	20	14	True	peptidoglycan	ambiguous	False
NEE56_mackay__GCA_013697915.1	NEE56_mackay__GCA_013697915.1|JACCVY010000135.1_6	1	GT4	GT4_e3126	147.4	0	1	True		unmapped	False
NEE56_mackay__GCA_013697915.1	NEE56_mackay__GCA_013697915.1|JACCVY010000135.1_6	1	GT4	GT4_e3126	147.4	10	1	True		unmapped	False
NEE56_mackay__GCA_013697915.1	NEE56_mackay__GCA_013697915.1|JACCVY010000135.1_6	1	GT4	GT4_e3126	147.4	20	1	True		unmapped	False
NEE56_mackay__GCA_013697915.1	NEE56_mackay__GCA_013697915.1|JACCVY010000135.1_7	1	CE4	CE4_e233	89.5	0	1	True		unmapped	False
NEE56_mackay__GCA_013697915.1	NEE56_mackay__GCA_013697915.1|JACCVY010000135.1_7	1	CE4	CE4_e233	89.5	10	3	True		unmapped	False
NEE56_mackay__GCA_013697915.1	NEE56_mackay__GCA_013697915.1|JACCVY010000135.1_7	1	CE4	CE4_e233	89.5	20	8	True	peptidoglycan	ambiguous	False
NEE56_mackay__GCA_013697915.1	NEE56_mackay__GCA_013697915.1|JACCVY010000144.1_10	1	GT30	GT30_e35	210.9	0	1	True		unmapped	False
NEE56_mackay__GCA_013697915.1	NEE56_mackay__GCA_013697915.1|JACCVY010000144.1_10	1	GT30	GT30_e35	210.9	10	3	True		unmapped	False
NEE56_mackay__GCA_013697915.1	NEE56_mackay__GCA_013697915.1|JACCVY010000144.1_10	1	GT30	GT30_e35	210.9	20	4	True		unmapped	False
NEE56_mackay__GCA_013697915.1	NEE56_mackay__GCA_013697915.1|JACCVY010000144.1_18	1	GT21	GT21_e22	243.4	0	1	True		unmapped	False
NEE56_mackay__GCA_013697915.1	NEE56_mackay__GCA_013697915.1|JACCVY010000144.1_18	1	GT21	GT21_e22	243.4	10	2	True		unmapped	False
NEE56_mackay__GCA_013697915.1	NEE56_mackay__GCA_013697915.1|JACCVY010000144.1_18	1	GT21	GT21_e22	243.4	20	2	True		unmapped	False
NEE56_mackay__GCA_013697915.1	NEE56_mackay__GCA_013697915.1|JACCVY010000155.1_43	1	GH74	GH74_e7	60.6	0	1	True		unmapped	False
NEE56_mackay__GCA_013697915.1	NEE56_mackay__GCA_013697915.1|JACCVY010000155.1_43	1	GH74	GH74_e7	60.6	10	1	True		unmapped	False
NEE56_mackay__GCA_013697915.1	NEE56_mackay__GCA_013697915.1|JACCVY010000155.1_43	1	GH74	GH74_e7	60.6	20	1	True		unmapped	False
NEE56_mackay__GCA_013697915.1	NEE56_mackay__GCA_013697915.1|JACCVY010000155.1_52	1	GH74	GH74_e7	57.5	0	1	True		unmapped	False
NEE56_mackay__GCA_013697915.1	NEE56_mackay__GCA_013697915.1|JACCVY010000155.1_52	1	GH74	GH74_e7	57.5	10	1	True		unmapped	False
NEE56_mackay__GCA_013697915.1	NEE56_mackay__GCA_013697915.1|JACCVY010000155.1_52	1	GH74	GH74_e7	57.5	20	1	True		unmapped	False
NEE56_mackay__GCA_013697915.1	NEE56_mackay__GCA_013697915.1|JACCVY010000155.1_52	2	GH74	GH74_e4	54.9	0	1	True		unmapped	False
NEE56_mackay__GCA_013697915.1	NEE56_mackay__GCA_013697915.1|JACCVY010000155.1_52	2	GH74	GH74_e4	54.9	10	1	True		unmapped	False
NEE56_mackay__GCA_013697915.1	NEE56_mackay__GCA_013697915.1|JACCVY010000155.1_52	2	GH74	GH74_e4	54.9	20	1	True		unmapped	False
NEE56_mackay__GCA_013697915.1	NEE56_mackay__GCA_013697915.1|JACCVY010000156.1_5	1	GH77	GH77_e26	728.6	0	1	False	starch	single_label_candidate	False
NEE56_mackay__GCA_013697915.1	NEE56_mackay__GCA_013697915.1|JACCVY010000156.1_5	1	GH77	GH77_e26	728.6	10	1	False	starch	single_label_candidate	False
NEE56_mackay__GCA_013697915.1	NEE56_mackay__GCA_013697915.1|JACCVY010000156.1_5	1	GH77	GH77_e26	728.6	20	1	False	starch	single_label_candidate	False
NEE56_mackay__GCA_013697915.1	NEE56_mackay__GCA_013697915.1|JACCVY010000166.1_10	1	GT2	GT2_e1937	181.3	0	1	True		unmapped	False
NEE56_mackay__GCA_013697915.1	NEE56_mackay__GCA_013697915.1|JACCVY010000166.1_10	1	GT2	GT2_e1937	181.3	10	2	True		unmapped	False
NEE56_mackay__GCA_013697915.1	NEE56_mackay__GCA_013697915.1|JACCVY010000166.1_10	1	GT2	GT2_e1937	181.3	20	2	True		unmapped	False
NEE56_mackay__GCA_013697915.1	NEE56_mackay__GCA_013697915.1|JACCVY010000170.1_5	1	GT19	GT19_e41	550.2	0	1	True		unmapped	False
NEE56_mackay__GCA_013697915.1	NEE56_mackay__GCA_013697915.1|JACCVY010000170.1_5	1	GT19	GT19_e41	550.2	10	1	True		unmapped	False
NEE56_mackay__GCA_013697915.1	NEE56_mackay__GCA_013697915.1|JACCVY010000170.1_5	1	GT19	GT19_e41	550.2	20	1	True		unmapped	False
NEE56_mackay__GCA_013697915.1	NEE56_mackay__GCA_013697915.1|JACCVY010000174.1_9	1	GH171	GH171_e0	504.7	0	1	False	peptidoglycan	single_label_candidate	False
NEE56_mackay__GCA_013697915.1	NEE56_mackay__GCA_013697915.1|JACCVY010000174.1_9	1	GH171	GH171_e0	504.7	10	2	True	peptidoglycan	ambiguous	False
NEE56_mackay__GCA_013697915.1	NEE56_mackay__GCA_013697915.1|JACCVY010000174.1_9	1	GH171	GH171_e0	504.7	20	3	True	peptidoglycan	ambiguous	False
NEE56_mackay__GCA_013697915.1	NEE56_mackay__GCA_013697915.1|JACCVY010000178.1_4	1	GT4	GT4_e38	125.0	0	1	True		unmapped	False
NEE56_mackay__GCA_013697915.1	NEE56_mackay__GCA_013697915.1|JACCVY010000178.1_4	1	GT4	GT4_e38	125.0	10	1	True		unmapped	False
NEE56_mackay__GCA_013697915.1	NEE56_mackay__GCA_013697915.1|JACCVY010000178.1_4	1	GT4	GT4_e38	125.0	20	2	True		unmapped	False
NEE56_mackay__GCA_013697915.1	NEE56_mackay__GCA_013697915.1|JACCVY010000178.1_5	1	GT4	GT4_e673	186.4	0	1	True		unmapped	False
NEE56_mackay__GCA_013697915.1	NEE56_mackay__GCA_013697915.1|JACCVY010000178.1_5	1	GT4	GT4_e673	186.4	10	2	True		unmapped	False
NEE56_mackay__GCA_013697915.1	NEE56_mackay__GCA_013697915.1|JACCVY010000178.1_5	1	GT4	GT4_e673	186.4	20	4	True		unmapped	False
NEE56_mackay__GCA_013697915.1	NEE56_mackay__GCA_013697915.1|JACCVY010000182.1_16	1	AA1	AA1_e26	81.9	0	1	False	lignin	single_label_candidate	False
NEE56_mackay__GCA_013697915.1	NEE56_mackay__GCA_013697915.1|JACCVY010000182.1_16	1	AA1	AA1_e26	81.9	10	1	False	lignin	single_label_candidate	False
NEE56_mackay__GCA_013697915.1	NEE56_mackay__GCA_013697915.1|JACCVY010000182.1_16	1	AA1	AA1_e26	81.9	20	2	True	lignin	ambiguous	False
NEE56_mackay__GCA_013697915.1	NEE56_mackay__GCA_013697915.1|JACCVY010000190.1_7	1	GT4	GT4_e231	137.6	0	1	True		unmapped	False
NEE56_mackay__GCA_013697915.1	NEE56_mackay__GCA_013697915.1|JACCVY010000190.1_7	1	GT4	GT4_e231	137.6	10	2	True		unmapped	False
NEE56_mackay__GCA_013697915.1	NEE56_mackay__GCA_013697915.1|JACCVY010000190.1_7	1	GT4	GT4_e231	137.6	20	14	True		unmapped	False
NEE56_mackay__GCA_013697915.1	NEE56_mackay__GCA_013697915.1|JACCVY010000196.1_9	1	GT51	GT51_e98	221.6	0	1	True		unmapped	False
NEE56_mackay__GCA_013697915.1	NEE56_mackay__GCA_013697915.1|JACCVY010000196.1_9	1	GT51	GT51_e98	221.6	10	1	True		unmapped	False
NEE56_mackay__GCA_013697915.1	NEE56_mackay__GCA_013697915.1|JACCVY010000196.1_9	1	GT51	GT51_e98	221.6	20	2	True		unmapped	False
NEE56_mackay__GCA_013697915.1	NEE56_mackay__GCA_013697915.1|JACCVY010000199.1_20	1	GT83	GT83_e27	337.7	0	1	True		unmapped	False
NEE56_mackay__GCA_013697915.1	NEE56_mackay__GCA_013697915.1|JACCVY010000199.1_20	1	GT83	GT83_e27	337.7	10	1	True		unmapped	False
NEE56_mackay__GCA_013697915.1	NEE56_mackay__GCA_013697915.1|JACCVY010000199.1_20	1	GT83	GT83_e27	337.7	20	2	True		unmapped	False
NEE56_mackay__GCA_013697915.1	NEE56_mackay__GCA_013697915.1|JACCVY010000202.1_1	1	GH109	GH109_e2	65.9	0	1	True		unmapped	False
NEE56_mackay__GCA_013697915.1	NEE56_mackay__GCA_013697915.1|JACCVY010000202.1_1	1	GH109	GH109_e2	65.9	10	2	True		unmapped	False
NEE56_mackay__GCA_013697915.1	NEE56_mackay__GCA_013697915.1|JACCVY010000202.1_1	1	GH109	GH109_e2	65.9	20	2	True		unmapped	False
NEE56_mackay__GCA_013697915.1	NEE56_mackay__GCA_013697915.1|JACCVY010000208.1_10	1	AA4	AA4_e1	60.2	0	1	True		unmapped	False
NEE56_mackay__GCA_013697915.1	NEE56_mackay__GCA_013697915.1|JACCVY010000208.1_10	1	AA4	AA4_e1	60.2	10	1	True		unmapped	False
NEE56_mackay__GCA_013697915.1	NEE56_mackay__GCA_013697915.1|JACCVY010000208.1_10	1	AA4	AA4_e1	60.2	20	1	True		unmapped	False
NEE56_mackay__GCA_013697915.1	NEE56_mackay__GCA_013697915.1|JACCVY010000208.1_20	1	GH23	GH23_e893	128.8	0	1	True		unmapped	False
NEE56_mackay__GCA_013697915.1	NEE56_mackay__GCA_013697915.1|JACCVY010000208.1_20	1	GH23	GH23_e893	128.8	10	7	True	peptidoglycan	ambiguous	False
NEE56_mackay__GCA_013697915.1	NEE56_mackay__GCA_013697915.1|JACCVY010000208.1_20	1	GH23	GH23_e893	128.8	20	13	True	peptidoglycan	ambiguous	False
NEE56_mackay__GCA_013697915.1	NEE56_mackay__GCA_013697915.1|JACCVY010000208.1_3	1	CE9	CE9_e68	336.5	0	1	True		unmapped	False
NEE56_mackay__GCA_013697915.1	NEE56_mackay__GCA_013697915.1|JACCVY010000208.1_3	1	CE9	CE9_e68	336.5	10	3	True	host glycan	ambiguous	False
NEE56_mackay__GCA_013697915.1	NEE56_mackay__GCA_013697915.1|JACCVY010000208.1_3	1	CE9	CE9_e68	336.5	20	4	True	host glycan	ambiguous	False
NEE56_mackay__GCA_013697915.1	NEE56_mackay__GCA_013697915.1|JACCVY010000213.1_23	1	GH74	GH74_e7	56.0	0	1	True		unmapped	False
NEE56_mackay__GCA_013697915.1	NEE56_mackay__GCA_013697915.1|JACCVY010000213.1_23	1	GH74	GH74_e7	56.0	10	1	True		unmapped	False
NEE56_mackay__GCA_013697915.1	NEE56_mackay__GCA_013697915.1|JACCVY010000213.1_23	1	GH74	GH74_e7	56.0	20	1	True		unmapped	False
NEE56_mackay__GCA_013697915.1	NEE56_mackay__GCA_013697915.1|JACCVY010000213.1_25	1	GH144	GH144_e7	540.4	0	1	True		unmapped	False
NEE56_mackay__GCA_013697915.1	NEE56_mackay__GCA_013697915.1|JACCVY010000213.1_25	1	GH144	GH144_e7	540.4	10	1	True		unmapped	False
NEE56_mackay__GCA_013697915.1	NEE56_mackay__GCA_013697915.1|JACCVY010000213.1_25	1	GH144	GH144_e7	540.4	20	1	True		unmapped	False
NEE56_mackay__GCA_013697915.1	NEE56_mackay__GCA_013697915.1|JACCVY010000213.1_27	1	GH3	GH3_e77	392.0	0	1	True		unmapped	False
NEE56_mackay__GCA_013697915.1	NEE56_mackay__GCA_013697915.1|JACCVY010000213.1_27	1	GH3	GH3_e77	392.0	10	1	True		unmapped	False
NEE56_mackay__GCA_013697915.1	NEE56_mackay__GCA_013697915.1|JACCVY010000213.1_27	1	GH3	GH3_e77	392.0	20	2	True		unmapped	False
NEE56_mackay__GCA_013697915.1	NEE56_mackay__GCA_013697915.1|JACCVY010000216.1_3	1	GT2	GT2_e4144	218.3	0	1	True		unmapped	False
NEE56_mackay__GCA_013697915.1	NEE56_mackay__GCA_013697915.1|JACCVY010000216.1_3	1	GT2	GT2_e4144	218.3	10	1	True		unmapped	False
NEE56_mackay__GCA_013697915.1	NEE56_mackay__GCA_013697915.1|JACCVY010000216.1_3	1	GT2	GT2_e4144	218.3	20	2	True		unmapped	False
NEE56_mackay__GCA_013697915.1	NEE56_mackay__GCA_013697915.1|JACCVY010000216.1_8	1	GT4	GT4_e665	190.7	0	1	True		unmapped	False
NEE56_mackay__GCA_013697915.1	NEE56_mackay__GCA_013697915.1|JACCVY010000216.1_8	1	GT4	GT4_e665	190.7	10	1	True		unmapped	False
NEE56_mackay__GCA_013697915.1	NEE56_mackay__GCA_013697915.1|JACCVY010000216.1_8	1	GT4	GT4_e665	190.7	20	1	True		unmapped	False
NEE56_mackay__GCA_013697915.1	NEE56_mackay__GCA_013697915.1|JACCVY010000220.1_17	1	PL9	PL9_e36	183.1	0	1	True		unmapped	False
NEE56_mackay__GCA_013697915.1	NEE56_mackay__GCA_013697915.1|JACCVY010000220.1_17	1	PL9	PL9_e36	183.1	10	1	True		unmapped	False
NEE56_mackay__GCA_013697915.1	NEE56_mackay__GCA_013697915.1|JACCVY010000220.1_17	1	PL9	PL9_e36	183.1	20	1	True		unmapped	False
NEE56_mackay__GCA_013697915.1	NEE56_mackay__GCA_013697915.1|JACCVY010000220.1_4	1	CBM9	CBM9_e16	131.6	0	1	True		unmapped	False
NEE56_mackay__GCA_013697915.1	NEE56_mackay__GCA_013697915.1|JACCVY010000220.1_4	1	CBM9	CBM9_e16	131.6	10	1	True		unmapped	False
NEE56_mackay__GCA_013697915.1	NEE56_mackay__GCA_013697915.1|JACCVY010000220.1_4	1	CBM9	CBM9_e16	131.6	20	1	True		unmapped	False
NEE56_mackay__GCA_013697915.1	NEE56_mackay__GCA_013697915.1|JACCVY010000220.1_46	1	GH109	GH109_e7	61.1	0	1	True		unmapped	False
NEE56_mackay__GCA_013697915.1	NEE56_mackay__GCA_013697915.1|JACCVY010000220.1_46	1	GH109	GH109_e7	61.1	10	2	True		unmapped	False
NEE56_mackay__GCA_013697915.1	NEE56_mackay__GCA_013697915.1|JACCVY010000220.1_46	1	GH109	GH109_e7	61.1	20	2	True		unmapped	False
NEE56_mackay__GCA_013697915.1	NEE56_mackay__GCA_013697915.1|JACCVY010000220.1_65	1	GH23	GH23_e958	153.4	0	1	True		unmapped	False
NEE56_mackay__GCA_013697915.1	NEE56_mackay__GCA_013697915.1|JACCVY010000220.1_65	1	GH23	GH23_e958	153.4	10	4	True	peptidoglycan	ambiguous	False
NEE56_mackay__GCA_013697915.1	NEE56_mackay__GCA_013697915.1|JACCVY010000220.1_65	1	GH23	GH23_e958	153.4	20	17	True	peptidoglycan	ambiguous	False
NEE56_mackay__GCA_013697915.1	NEE56_mackay__GCA_013697915.1|JACCVY010000222.1_2	1	GH133	GH133_e2	541.9	0	1	True		unmapped	False
NEE56_mackay__GCA_013697915.1	NEE56_mackay__GCA_013697915.1|JACCVY010000222.1_2	1	GH133	GH133_e2	541.9	10	1	True		unmapped	False
NEE56_mackay__GCA_013697915.1	NEE56_mackay__GCA_013697915.1|JACCVY010000222.1_2	1	GH133	GH133_e2	541.9	20	1	True		unmapped	False
NEE56_mackay__GCA_013697915.1	NEE56_mackay__GCA_013697915.1|JACCVY010000229.1_10	1	GT35	GT35_e7	715.6	0	1	True		unmapped	False
NEE56_mackay__GCA_013697915.1	NEE56_mackay__GCA_013697915.1|JACCVY010000229.1_10	1	GT35	GT35_e7	715.6	10	1	True		unmapped	False
NEE56_mackay__GCA_013697915.1	NEE56_mackay__GCA_013697915.1|JACCVY010000229.1_10	1	GT35	GT35_e7	715.6	20	1	True		unmapped	False
NEE56_mackay__GCA_013697915.1	NEE56_mackay__GCA_013697915.1|JACCVY010000231.1_12	1	GT2	GT2_e703	223.0	0	1	True		unmapped	False
NEE56_mackay__GCA_013697915.1	NEE56_mackay__GCA_013697915.1|JACCVY010000231.1_12	1	GT2	GT2_e703	223.0	10	1	True		unmapped	False
NEE56_mackay__GCA_013697915.1	NEE56_mackay__GCA_013697915.1|JACCVY010000231.1_12	1	GT2	GT2_e703	223.0	20	1	True		unmapped	False
NEE56_mackay__GCA_013697915.1	NEE56_mackay__GCA_013697915.1|JACCVY010000231.1_2	1	GT4	GT4_e4011	171.6	0	1	True		unmapped	False
NEE56_mackay__GCA_013697915.1	NEE56_mackay__GCA_013697915.1|JACCVY010000231.1_2	1	GT4	GT4_e4011	171.6	10	5	True		unmapped	False
NEE56_mackay__GCA_013697915.1	NEE56_mackay__GCA_013697915.1|JACCVY010000231.1_2	1	GT4	GT4_e4011	171.6	20	13	True		unmapped	False
NEE56_mackay__GCA_013697915.1	NEE56_mackay__GCA_013697915.1|JACCVY010000231.1_9	1	GT4	GT4_e1568	121.8	0	1	True		unmapped	False
NEE56_mackay__GCA_013697915.1	NEE56_mackay__GCA_013697915.1|JACCVY010000231.1_9	1	GT4	GT4_e1568	121.8	10	1	True		unmapped	False
NEE56_mackay__GCA_013697915.1	NEE56_mackay__GCA_013697915.1|JACCVY010000231.1_9	1	GT4	GT4_e1568	121.8	20	1	True		unmapped	False
NEE56_mackay__GCA_013697915.1	NEE56_mackay__GCA_013697915.1|JACCVY010000234.1_4	1	GH39	GH39_e83	357.3	0	1	True		unmapped	False
NEE56_mackay__GCA_013697915.1	NEE56_mackay__GCA_013697915.1|JACCVY010000234.1_4	1	GH39	GH39_e83	357.3	10	2	True		unmapped	False
NEE56_mackay__GCA_013697915.1	NEE56_mackay__GCA_013697915.1|JACCVY010000234.1_4	1	GH39	GH39_e83	357.3	20	2	True		unmapped	False
NEE56_mackay__GCA_013697915.1	NEE56_mackay__GCA_013697915.1|JACCVY010000235.1_2	1	GH23	GH23_e526	126.6	0	1	True		unmapped	False
NEE56_mackay__GCA_013697915.1	NEE56_mackay__GCA_013697915.1|JACCVY010000235.1_2	1	GH23	GH23_e526	126.6	10	4	True	peptidoglycan	ambiguous	False
NEE56_mackay__GCA_013697915.1	NEE56_mackay__GCA_013697915.1|JACCVY010000235.1_2	1	GH23	GH23_e526	126.6	20	8	True	peptidoglycan	ambiguous	False
NEE56_mackay__GCA_013697915.1	NEE56_mackay__GCA_013697915.1|JACCVY010000240.1_57	1	GT28	GT28_e37	243.1	0	1	True		unmapped	False
NEE56_mackay__GCA_013697915.1	NEE56_mackay__GCA_013697915.1|JACCVY010000240.1_57	1	GT28	GT28_e37	243.1	10	1	True		unmapped	False
NEE56_mackay__GCA_013697915.1	NEE56_mackay__GCA_013697915.1|JACCVY010000240.1_57	1	GT28	GT28_e37	243.1	20	1	True		unmapped	False
NEE56_mackay__GCA_013697915.1	NEE56_mackay__GCA_013697915.1|JACCVY010000240.1_67	1	GT51	GT51_e134	206.8	0	1	True		unmapped	False
NEE56_mackay__GCA_013697915.1	NEE56_mackay__GCA_013697915.1|JACCVY010000240.1_67	1	GT51	GT51_e134	206.8	10	1	True		unmapped	False
NEE56_mackay__GCA_013697915.1	NEE56_mackay__GCA_013697915.1|JACCVY010000240.1_67	1	GT51	GT51_e134	206.8	20	4	True		unmapped	False
NEE56_mackay__GCA_013697915.1	NEE56_mackay__GCA_013697915.1|JACCVY010000240.1_70	1	GT9	GT9_e283	285.0	0	1	True		unmapped	False
NEE56_mackay__GCA_013697915.1	NEE56_mackay__GCA_013697915.1|JACCVY010000240.1_70	1	GT9	GT9_e283	285.0	10	1	True		unmapped	False
NEE56_mackay__GCA_013697915.1	NEE56_mackay__GCA_013697915.1|JACCVY010000240.1_70	1	GT9	GT9_e283	285.0	20	1	True		unmapped	False
NEE56_mackay__GCA_013697915.1	NEE56_mackay__GCA_013697915.1|JACCVY010000247.1_21	1	GH74	GH74_e4	55.3	0	1	True		unmapped	False
NEE56_mackay__GCA_013697915.1	NEE56_mackay__GCA_013697915.1|JACCVY010000247.1_21	1	GH74	GH74_e4	55.3	10	2	True		unmapped	False
NEE56_mackay__GCA_013697915.1	NEE56_mackay__GCA_013697915.1|JACCVY010000247.1_21	1	GH74	GH74_e4	55.3	20	2	True		unmapped	False
NEE56_mackay__GCA_013697915.1	NEE56_mackay__GCA_013697915.1|JACCVY010000247.1_22	1	GT51	GT51_e144	205.3	0	1	True		unmapped	False
NEE56_mackay__GCA_013697915.1	NEE56_mackay__GCA_013697915.1|JACCVY010000247.1_22	1	GT51	GT51_e144	205.3	10	8	True		unmapped	False
NEE56_mackay__GCA_013697915.1	NEE56_mackay__GCA_013697915.1|JACCVY010000247.1_22	1	GT51	GT51_e144	205.3	20	19	True		unmapped	False
NEE56_mackay__GCA_013697915.1	NEE56_mackay__GCA_013697915.1|JACCVY010000247.1_45	1	GT4	GT4_e2566	124.8	0	1	True		unmapped	False
NEE56_mackay__GCA_013697915.1	NEE56_mackay__GCA_013697915.1|JACCVY010000247.1_45	1	GT4	GT4_e2566	124.8	10	7	True		unmapped	False
NEE56_mackay__GCA_013697915.1	NEE56_mackay__GCA_013697915.1|JACCVY010000247.1_45	1	GT4	GT4_e2566	124.8	20	18	True		unmapped	False
NEE56_mackay__GCA_013697915.1	NEE56_mackay__GCA_013697915.1|JACCVY010000247.1_77	1	GT4	GT4_e2611	166.2	0	1	True		unmapped	False
NEE56_mackay__GCA_013697915.1	NEE56_mackay__GCA_013697915.1|JACCVY010000247.1_77	1	GT4	GT4_e2611	166.2	10	1	True		unmapped	False
NEE56_mackay__GCA_013697915.1	NEE56_mackay__GCA_013697915.1|JACCVY010000247.1_77	1	GT4	GT4_e2611	166.2	20	1	True		unmapped	False
NEE56_mackay__GCA_013697915.1	NEE56_mackay__GCA_013697915.1|JACCVY010000247.1_81	1	PL12	PL12_e12	120.8	0	1	True		unmapped	False
NEE56_mackay__GCA_013697915.1	NEE56_mackay__GCA_013697915.1|JACCVY010000247.1_81	1	PL12	PL12_e12	120.8	10	3	True		unmapped	False
NEE56_mackay__GCA_013697915.1	NEE56_mackay__GCA_013697915.1|JACCVY010000247.1_81	1	PL12	PL12_e12	120.8	20	4	True		unmapped	False
NEE56_mackay__GCA_013697915.1	NEE56_mackay__GCA_013697915.1|JACCVY010000255.1_3	1	AA3	AA3_e57	411.8	0	1	True		unmapped	False
NEE56_mackay__GCA_013697915.1	NEE56_mackay__GCA_013697915.1|JACCVY010000255.1_3	1	AA3	AA3_e57	411.8	10	1	True		unmapped	False
NEE56_mackay__GCA_013697915.1	NEE56_mackay__GCA_013697915.1|JACCVY010000255.1_3	1	AA3	AA3_e57	411.8	20	1	True		unmapped	False
NEE56_mackay__GCA_013697915.1	NEE56_mackay__GCA_013697915.1|JACCVY010000260.1_10	1	GT83	GT83_e22	103.3	0	1	True		unmapped	False
NEE56_mackay__GCA_013697915.1	NEE56_mackay__GCA_013697915.1|JACCVY010000260.1_10	1	GT83	GT83_e22	103.3	10	1	True		unmapped	False
NEE56_mackay__GCA_013697915.1	NEE56_mackay__GCA_013697915.1|JACCVY010000260.1_10	1	GT83	GT83_e22	103.3	20	2	True		unmapped	False
NEE56_mackay__GCA_013697915.1	NEE56_mackay__GCA_013697915.1|JACCVY010000260.1_7	1	GH3	GH3_e34	241.5	0	1	True		unmapped	False
NEE56_mackay__GCA_013697915.1	NEE56_mackay__GCA_013697915.1|JACCVY010000260.1_7	1	GH3	GH3_e34	241.5	10	1	True		unmapped	False
NEE56_mackay__GCA_013697915.1	NEE56_mackay__GCA_013697915.1|JACCVY010000260.1_7	1	GH3	GH3_e34	241.5	20	1	True		unmapped	False
NEE56_mackay__GCA_013697915.1	NEE56_mackay__GCA_013697915.1|JACCVY010000263.1_3	1	GT2	GT2_e3819	164.8	0	2	True		unmapped	False
NEE56_mackay__GCA_013697915.1	NEE56_mackay__GCA_013697915.1|JACCVY010000263.1_3	1	GT2	GT2_e3819	164.8	10	8	True		unmapped	False
NEE56_mackay__GCA_013697915.1	NEE56_mackay__GCA_013697915.1|JACCVY010000263.1_3	1	GT2	GT2_e3819	164.8	20	13	True		unmapped	False
NEE56_mackay__GCA_013697915.1	NEE56_mackay__GCA_013697915.1|JACCVY010000269.1_32	1	GT2	GT2_e751	81.0	0	1	True		unmapped	False
NEE56_mackay__GCA_013697915.1	NEE56_mackay__GCA_013697915.1|JACCVY010000269.1_32	1	GT2	GT2_e751	81.0	10	1	True		unmapped	False
NEE56_mackay__GCA_013697915.1	NEE56_mackay__GCA_013697915.1|JACCVY010000269.1_32	1	GT2	GT2_e751	81.0	20	1	True		unmapped	False
NEE56_mackay__GCA_013697915.1	NEE56_mackay__GCA_013697915.1|JACCVY010000269.1_37	1	GT2	GT2_e3983	69.7	0	1	True		unmapped	False
NEE56_mackay__GCA_013697915.1	NEE56_mackay__GCA_013697915.1|JACCVY010000269.1_37	1	GT2	GT2_e3983	69.7	10	16	True		unmapped	False
NEE56_mackay__GCA_013697915.1	NEE56_mackay__GCA_013697915.1|JACCVY010000269.1_37	1	GT2	GT2_e3983	69.7	20	35	True		unmapped	False
NEE56_mackay__GCA_013697915.1	NEE56_mackay__GCA_013697915.1|JACCVY010000269.1_9	1	GH23	GH23_e1011	72.4	0	1	True		unmapped	False
NEE56_mackay__GCA_013697915.1	NEE56_mackay__GCA_013697915.1|JACCVY010000269.1_9	1	GH23	GH23_e1011	72.4	10	1	True		unmapped	False
NEE56_mackay__GCA_013697915.1	NEE56_mackay__GCA_013697915.1|JACCVY010000269.1_9	1	GH23	GH23_e1011	72.4	20	1	True		unmapped	False
NEE56_mackay__GCA_013815345.1	NEE56_mackay__GCA_013815345.1|JACDGK010000001.1_100	1	CE4	CE4_e345	85.7	0	1	True		unmapped	False
NEE56_mackay__GCA_013815345.1	NEE56_mackay__GCA_013815345.1|JACDGK010000001.1_100	1	CE4	CE4_e345	85.7	10	3	True		unmapped	False
NEE56_mackay__GCA_013815345.1	NEE56_mackay__GCA_013815345.1|JACDGK010000001.1_100	1	CE4	CE4_e345	85.7	20	6	True	peptidoglycan	ambiguous	False
NEE56_mackay__GCA_013815345.1	NEE56_mackay__GCA_013815345.1|JACDGK010000001.1_101	1	GT4	GT4_e383	166.2	0	1	True		unmapped	False
NEE56_mackay__GCA_013815345.1	NEE56_mackay__GCA_013815345.1|JACDGK010000001.1_101	1	GT4	GT4_e383	166.2	10	1	True		unmapped	False
NEE56_mackay__GCA_013815345.1	NEE56_mackay__GCA_013815345.1|JACDGK010000001.1_101	1	GT4	GT4_e383	166.2	20	4	True		unmapped	False
NEE56_mackay__GCA_013815345.1	NEE56_mackay__GCA_013815345.1|JACDGK010000001.1_101	2	GT2	GT2_e2594	137.3	0	1	True		unmapped	False
NEE56_mackay__GCA_013815345.1	NEE56_mackay__GCA_013815345.1|JACDGK010000001.1_101	2	GT2	GT2_e2594	137.3	10	4	True		unmapped	False
NEE56_mackay__GCA_013815345.1	NEE56_mackay__GCA_013815345.1|JACDGK010000001.1_101	2	GT2	GT2_e2594	137.3	20	7	True		unmapped	False
NEE56_mackay__GCA_013815345.1	NEE56_mackay__GCA_013815345.1|JACDGK010000001.1_105	1	GT2	GT2_e362	287.4	0	1	True		unmapped	False
NEE56_mackay__GCA_013815345.1	NEE56_mackay__GCA_013815345.1|JACDGK010000001.1_105	1	GT2	GT2_e362	287.4	10	1	True		unmapped	False
NEE56_mackay__GCA_013815345.1	NEE56_mackay__GCA_013815345.1|JACDGK010000001.1_105	1	GT2	GT2_e362	287.4	20	2	True		unmapped	False
NEE56_mackay__GCA_013815345.1	NEE56_mackay__GCA_013815345.1|JACDGK010000001.1_38	1	GH18	GH18_e281	109.3	0	1	True		unmapped	False
NEE56_mackay__GCA_013815345.1	NEE56_mackay__GCA_013815345.1|JACDGK010000001.1_38	1	GH18	GH18_e281	109.3	10	3	True		unmapped	False
NEE56_mackay__GCA_013815345.1	NEE56_mackay__GCA_013815345.1|JACDGK010000001.1_38	1	GH18	GH18_e281	109.3	20	4	True		unmapped	False
NEE56_mackay__GCA_013815345.1	NEE56_mackay__GCA_013815345.1|JACDGK010000001.1_84	1	GH5	GH5_e72	90.3	0	1	True		unmapped	False
NEE56_mackay__GCA_013815345.1	NEE56_mackay__GCA_013815345.1|JACDGK010000001.1_84	1	GH5	GH5_e72	90.3	10	2	True		unmapped	False
NEE56_mackay__GCA_013815345.1	NEE56_mackay__GCA_013815345.1|JACDGK010000001.1_84	1	GH5	GH5_e72	90.3	20	3	True		unmapped	False
NEE56_mackay__GCA_013815345.1	NEE56_mackay__GCA_013815345.1|JACDGK010000001.1_91	1	GH39	GH39_e129	326.0	0	1	True		unmapped	False
NEE56_mackay__GCA_013815345.1	NEE56_mackay__GCA_013815345.1|JACDGK010000001.1_91	1	GH39	GH39_e129	326.0	10	1	True		unmapped	False
NEE56_mackay__GCA_013815345.1	NEE56_mackay__GCA_013815345.1|JACDGK010000001.1_91	1	GH39	GH39_e129	326.0	20	1	True		unmapped	False
NEE56_mackay__GCA_013815345.1	NEE56_mackay__GCA_013815345.1|JACDGK010000001.1_94	1	GT4	GT4_e3114	158.6	0	1	True		unmapped	False
NEE56_mackay__GCA_013815345.1	NEE56_mackay__GCA_013815345.1|JACDGK010000001.1_94	1	GT4	GT4_e3114	158.6	10	2	True		unmapped	False
NEE56_mackay__GCA_013815345.1	NEE56_mackay__GCA_013815345.1|JACDGK010000001.1_94	1	GT4	GT4_e3114	158.6	20	5	True		unmapped	False
NEE56_mackay__GCA_013815345.1	NEE56_mackay__GCA_013815345.1|JACDGK010000001.1_95	1	GT4	GT4_e282	105.1	0	1	True		unmapped	False
NEE56_mackay__GCA_013815345.1	NEE56_mackay__GCA_013815345.1|JACDGK010000001.1_95	1	GT4	GT4_e282	105.1	10	14	True		unmapped	False
NEE56_mackay__GCA_013815345.1	NEE56_mackay__GCA_013815345.1|JACDGK010000001.1_95	1	GT4	GT4_e282	105.1	20	56	True		unmapped	False
NEE56_mackay__GCA_013815345.1	NEE56_mackay__GCA_013815345.1|JACDGK010000001.1_97	1	GT4	GT4_e2682	159.0	0	1	True		unmapped	False
NEE56_mackay__GCA_013815345.1	NEE56_mackay__GCA_013815345.1|JACDGK010000001.1_97	1	GT4	GT4_e2682	159.0	10	1	True		unmapped	False
NEE56_mackay__GCA_013815345.1	NEE56_mackay__GCA_013815345.1|JACDGK010000001.1_97	1	GT4	GT4_e2682	159.0	20	1	True		unmapped	False
NEE56_mackay__GCA_013815345.1	NEE56_mackay__GCA_013815345.1|JACDGK010000001.1_98	1	GT4	GT4_e1241	164.7	0	1	True		unmapped	False
NEE56_mackay__GCA_013815345.1	NEE56_mackay__GCA_013815345.1|JACDGK010000001.1_98	1	GT4	GT4_e1241	164.7	10	1	True		unmapped	False
NEE56_mackay__GCA_013815345.1	NEE56_mackay__GCA_013815345.1|JACDGK010000001.1_98	1	GT4	GT4_e1241	164.7	20	1	True		unmapped	False
NEE56_mackay__GCA_013815345.1	NEE56_mackay__GCA_013815345.1|JACDGK010000001.1_99	1	GT4	GT4_e2990	144.8	0	1	True		unmapped	False
NEE56_mackay__GCA_013815345.1	NEE56_mackay__GCA_013815345.1|JACDGK010000001.1_99	1	GT4	GT4_e2990	144.8	10	10	True		unmapped	False
NEE56_mackay__GCA_013815345.1	NEE56_mackay__GCA_013815345.1|JACDGK010000001.1_99	1	GT4	GT4_e2990	144.8	20	53	True		unmapped	False
NEE56_mackay__GCA_013815345.1	NEE56_mackay__GCA_013815345.1|JACDGK010000002.1_10	1	GT2	GT2_e3302	159.1	0	1	True		unmapped	False
NEE56_mackay__GCA_013815345.1	NEE56_mackay__GCA_013815345.1|JACDGK010000002.1_10	1	GT2	GT2_e3302	159.1	10	1	True		unmapped	False
NEE56_mackay__GCA_013815345.1	NEE56_mackay__GCA_013815345.1|JACDGK010000002.1_10	1	GT2	GT2_e3302	159.1	20	1	True		unmapped	False
NEE56_mackay__GCA_013815345.1	NEE56_mackay__GCA_013815345.1|JACDGK010000002.1_115	1	GH26	GH26_e5	94.4	0	1	True		unmapped	False
NEE56_mackay__GCA_013815345.1	NEE56_mackay__GCA_013815345.1|JACDGK010000002.1_115	1	GH26	GH26_e5	94.4	10	6	True		unmapped	False
NEE56_mackay__GCA_013815345.1	NEE56_mackay__GCA_013815345.1|JACDGK010000002.1_115	1	GH26	GH26_e5	94.4	20	12	True		unmapped	False
NEE56_mackay__GCA_013815345.1	NEE56_mackay__GCA_013815345.1|JACDGK010000002.1_7	1	GT4	GT4_e508	118.7	0	1	True		unmapped	False
NEE56_mackay__GCA_013815345.1	NEE56_mackay__GCA_013815345.1|JACDGK010000002.1_7	1	GT4	GT4_e508	118.7	10	15	True		unmapped	False
NEE56_mackay__GCA_013815345.1	NEE56_mackay__GCA_013815345.1|JACDGK010000002.1_7	1	GT4	GT4_e508	118.7	20	78	True		unmapped	False
NEE56_mackay__GCA_013815345.1	NEE56_mackay__GCA_013815345.1|JACDGK010000002.1_76	1	GT28	GT28_e1	118.9	0	1	True		unmapped	False
NEE56_mackay__GCA_013815345.1	NEE56_mackay__GCA_013815345.1|JACDGK010000002.1_76	1	GT28	GT28_e1	118.9	10	7	True		unmapped	False
NEE56_mackay__GCA_013815345.1	NEE56_mackay__GCA_013815345.1|JACDGK010000002.1_76	1	GT28	GT28_e1	118.9	20	16	True		unmapped	False
NEE56_mackay__GCA_013815345.1	NEE56_mackay__GCA_013815345.1|JACDGK010000003.1_102	1	GT4	GT4_e3465	105.9	0	1	True		unmapped	False
NEE56_mackay__GCA_013815345.1	NEE56_mackay__GCA_013815345.1|JACDGK010000003.1_102	1	GT4	GT4_e3465	105.9	10	2	True		unmapped	False
NEE56_mackay__GCA_013815345.1	NEE56_mackay__GCA_013815345.1|JACDGK010000003.1_102	1	GT4	GT4_e3465	105.9	20	17	True		unmapped	False
NEE56_mackay__GCA_013815345.1	NEE56_mackay__GCA_013815345.1|JACDGK010000003.1_105	1	GT4	GT4_e2263	126.8	0	1	True		unmapped	False
NEE56_mackay__GCA_013815345.1	NEE56_mackay__GCA_013815345.1|JACDGK010000003.1_105	1	GT4	GT4_e2263	126.8	10	22	True		unmapped	False
NEE56_mackay__GCA_013815345.1	NEE56_mackay__GCA_013815345.1|JACDGK010000003.1_105	1	GT4	GT4_e2263	126.8	20	124	True		unmapped	False
NEE56_mackay__GCA_013815345.1	NEE56_mackay__GCA_013815345.1|JACDGK010000003.1_106	1	GT4	GT4_e2735	115.3	0	1	True		unmapped	False
NEE56_mackay__GCA_013815345.1	NEE56_mackay__GCA_013815345.1|JACDGK010000003.1_106	1	GT4	GT4_e2735	115.3	10	12	True		unmapped	False
NEE56_mackay__GCA_013815345.1	NEE56_mackay__GCA_013815345.1|JACDGK010000003.1_106	1	GT4	GT4_e2735	115.3	20	43	True		unmapped	False
NEE56_mackay__GCA_013815345.1	NEE56_mackay__GCA_013815345.1|JACDGK010000003.1_109	1	GT4	GT4_e3956	63.2	0	1	True		unmapped	False
NEE56_mackay__GCA_013815345.1	NEE56_mackay__GCA_013815345.1|JACDGK010000003.1_109	1	GT4	GT4_e3956	63.2	10	45	True		unmapped	False
NEE56_mackay__GCA_013815345.1	NEE56_mackay__GCA_013815345.1|JACDGK010000003.1_109	1	GT4	GT4_e3956	63.2	20	45	True		unmapped	False
NEE56_mackay__GCA_013815345.1	NEE56_mackay__GCA_013815345.1|JACDGK010000003.1_110	1	GT4	GT4_e1223	106.0	0	1	True		unmapped	False
NEE56_mackay__GCA_013815345.1	NEE56_mackay__GCA_013815345.1|JACDGK010000003.1_110	1	GT4	GT4_e1223	106.0	10	2	True		unmapped	False
NEE56_mackay__GCA_013815345.1	NEE56_mackay__GCA_013815345.1|JACDGK010000003.1_110	1	GT4	GT4_e1223	106.0	20	3	True		unmapped	False
NEE56_mackay__GCA_013815345.1	NEE56_mackay__GCA_013815345.1|JACDGK010000003.1_116	1	GT4	GT4_e1076	76.4	0	1	True		unmapped	False
NEE56_mackay__GCA_013815345.1	NEE56_mackay__GCA_013815345.1|JACDGK010000003.1_116	1	GT4	GT4_e1076	76.4	10	2	True		unmapped	False
NEE56_mackay__GCA_013815345.1	NEE56_mackay__GCA_013815345.1|JACDGK010000003.1_116	1	GT4	GT4_e1076	76.4	20	3	True		unmapped	False
NEE56_mackay__GCA_013815345.1	NEE56_mackay__GCA_013815345.1|JACDGK010000003.1_13	1	GH26	GH26_e5	93.3	0	2	True		unmapped	False
NEE56_mackay__GCA_013815345.1	NEE56_mackay__GCA_013815345.1|JACDGK010000003.1_13	1	GH26	GH26_e5	93.3	10	5	True		unmapped	False
NEE56_mackay__GCA_013815345.1	NEE56_mackay__GCA_013815345.1|JACDGK010000003.1_13	1	GH26	GH26_e5	93.3	20	11	True		unmapped	False
NEE56_mackay__GCA_013815345.1	NEE56_mackay__GCA_013815345.1|JACDGK010000003.1_84	1	GT4	GT4_e2158	138.9	0	1	True		unmapped	False
NEE56_mackay__GCA_013815345.1	NEE56_mackay__GCA_013815345.1|JACDGK010000003.1_84	1	GT4	GT4_e2158	138.9	10	16	True		unmapped	False
NEE56_mackay__GCA_013815345.1	NEE56_mackay__GCA_013815345.1|JACDGK010000003.1_84	1	GT4	GT4_e2158	138.9	20	51	True		unmapped	False
NEE56_mackay__GCA_013815345.1	NEE56_mackay__GCA_013815345.1|JACDGK010000004.1_34	1	GH130	GH130_e37	296.7	0	1	False	beta-mannan	single_label_candidate	False
NEE56_mackay__GCA_013815345.1	NEE56_mackay__GCA_013815345.1|JACDGK010000004.1_34	1	GH130	GH130_e37	296.7	10	2	True	beta-mannan	ambiguous	False
NEE56_mackay__GCA_013815345.1	NEE56_mackay__GCA_013815345.1|JACDGK010000004.1_34	1	GH130	GH130_e37	296.7	20	3	True	beta-mannan	ambiguous	False
NEE56_mackay__GCA_013815345.1	NEE56_mackay__GCA_013815345.1|JACDGK010000004.1_34	2	GH130	GH130_e5	227.7	0	1	True		unmapped	False
NEE56_mackay__GCA_013815345.1	NEE56_mackay__GCA_013815345.1|JACDGK010000004.1_34	2	GH130	GH130_e5	227.7	10	2	True		unmapped	False
NEE56_mackay__GCA_013815345.1	NEE56_mackay__GCA_013815345.1|JACDGK010000004.1_34	2	GH130	GH130_e5	227.7	20	2	True		unmapped	False
NEE56_mackay__GCA_013815345.1	NEE56_mackay__GCA_013815345.1|JACDGK010000004.1_35	1	GH130	GH130_e37	268.0	0	1	False	beta-mannan	single_label_candidate	False
NEE56_mackay__GCA_013815345.1	NEE56_mackay__GCA_013815345.1|JACDGK010000004.1_35	1	GH130	GH130_e37	268.0	10	1	False	beta-mannan	single_label_candidate	False
NEE56_mackay__GCA_013815345.1	NEE56_mackay__GCA_013815345.1|JACDGK010000004.1_35	1	GH130	GH130_e37	268.0	20	2	True	beta-mannan	ambiguous	False
NEE56_mackay__GCA_013815345.1	NEE56_mackay__GCA_013815345.1|JACDGK010000004.1_43	1	GT2	GT2_e970	97.9	0	1	True		unmapped	False
NEE56_mackay__GCA_013815345.1	NEE56_mackay__GCA_013815345.1|JACDGK010000004.1_43	1	GT2	GT2_e970	97.9	10	1	True		unmapped	False
NEE56_mackay__GCA_013815345.1	NEE56_mackay__GCA_013815345.1|JACDGK010000004.1_43	1	GT2	GT2_e970	97.9	20	2	True		unmapped	False
NEE56_mackay__GCA_013815345.1	NEE56_mackay__GCA_013815345.1|JACDGK010000004.1_57	1	GT83	GT83_e53	155.1	0	1	True		unmapped	False
NEE56_mackay__GCA_013815345.1	NEE56_mackay__GCA_013815345.1|JACDGK010000004.1_57	1	GT83	GT83_e53	155.1	10	5	True		unmapped	False
NEE56_mackay__GCA_013815345.1	NEE56_mackay__GCA_013815345.1|JACDGK010000004.1_57	1	GT83	GT83_e53	155.1	20	10	True		unmapped	False
NEE56_mackay__GCA_013815345.1	NEE56_mackay__GCA_013815345.1|JACDGK010000004.1_59	1	GT2	GT2_e4186	155.9	0	1	True		unmapped	False
NEE56_mackay__GCA_013815345.1	NEE56_mackay__GCA_013815345.1|JACDGK010000004.1_59	1	GT2	GT2_e4186	155.9	10	3	True		unmapped	False
NEE56_mackay__GCA_013815345.1	NEE56_mackay__GCA_013815345.1|JACDGK010000004.1_59	1	GT2	GT2_e4186	155.9	20	6	True		unmapped	False
NEE56_mackay__GCA_013815345.1	NEE56_mackay__GCA_013815345.1|JACDGK010000004.1_84	1	GH5	GH5_e72	98.8	0	1	True		unmapped	False
NEE56_mackay__GCA_013815345.1	NEE56_mackay__GCA_013815345.1|JACDGK010000004.1_84	1	GH5	GH5_e72	98.8	10	2	True		unmapped	False
NEE56_mackay__GCA_013815345.1	NEE56_mackay__GCA_013815345.1|JACDGK010000004.1_84	1	GH5	GH5_e72	98.8	20	2	True		unmapped	False
NEE56_mackay__GCA_013815345.1	NEE56_mackay__GCA_013815345.1|JACDGK010000005.1_71	1	GH26	GH26_e60	101.4	0	1	True		unmapped	False
NEE56_mackay__GCA_013815345.1	NEE56_mackay__GCA_013815345.1|JACDGK010000005.1_71	1	GH26	GH26_e60	101.4	10	4	True		unmapped	False
NEE56_mackay__GCA_013815345.1	NEE56_mackay__GCA_013815345.1|JACDGK010000005.1_71	1	GH26	GH26_e60	101.4	20	9	True		unmapped	False
NEE56_mackay__GCA_013815345.1	NEE56_mackay__GCA_013815345.1|JACDGK010000006.1_56	1	GT51	GT51_e128	213.0	0	1	True		unmapped	False
NEE56_mackay__GCA_013815345.1	NEE56_mackay__GCA_013815345.1|JACDGK010000006.1_56	1	GT51	GT51_e128	213.0	10	1	True		unmapped	False
NEE56_mackay__GCA_013815345.1	NEE56_mackay__GCA_013815345.1|JACDGK010000006.1_56	1	GT51	GT51_e128	213.0	20	4	True		unmapped	False
NEE56_mackay__GCA_013815345.1	NEE56_mackay__GCA_013815345.1|JACDGK010000007.1_25	1	GT2	GT2_e362	198.6	0	1	True		unmapped	False
NEE56_mackay__GCA_013815345.1	NEE56_mackay__GCA_013815345.1|JACDGK010000007.1_25	1	GT2	GT2_e362	198.6	10	2	True		unmapped	False
NEE56_mackay__GCA_013815345.1	NEE56_mackay__GCA_013815345.1|JACDGK010000007.1_25	1	GT2	GT2_e362	198.6	20	4	True		unmapped	False
NEE56_mackay__GCA_013815775.1	NEE56_mackay__GCA_013815775.1|JACDFN010000001.1_132	1	GH23	GH23_e158	118.7	0	1	True		unmapped	False
NEE56_mackay__GCA_013815775.1	NEE56_mackay__GCA_013815775.1|JACDFN010000001.1_132	1	GH23	GH23_e158	118.7	10	1	True		unmapped	False
NEE56_mackay__GCA_013815775.1	NEE56_mackay__GCA_013815775.1|JACDFN010000001.1_132	1	GH23	GH23_e158	118.7	20	4	True		unmapped	False
NEE56_mackay__GCA_013815775.1	NEE56_mackay__GCA_013815775.1|JACDFN010000001.1_169	1	GT2	GT2_e3064	320.4	0	1	True		unmapped	False
NEE56_mackay__GCA_013815775.1	NEE56_mackay__GCA_013815775.1|JACDFN010000001.1_169	1	GT2	GT2_e3064	320.4	10	1	True		unmapped	False
NEE56_mackay__GCA_013815775.1	NEE56_mackay__GCA_013815775.1|JACDFN010000001.1_169	1	GT2	GT2_e3064	320.4	20	1	True		unmapped	False
NEE56_mackay__GCA_013815775.1	NEE56_mackay__GCA_013815775.1|JACDFN010000001.1_188	1	GH5	GH5_e69	309.4	0	1	False	arabinan;beta-glucan;polyphenol	ambiguous	False
NEE56_mackay__GCA_013815775.1	NEE56_mackay__GCA_013815775.1|JACDFN010000001.1_188	1	GH5	GH5_e69	309.4	10	1	False	arabinan;beta-glucan;polyphenol	ambiguous	False
NEE56_mackay__GCA_013815775.1	NEE56_mackay__GCA_013815775.1|JACDFN010000001.1_188	1	GH5	GH5_e69	309.4	20	1	False	arabinan;beta-glucan;polyphenol	ambiguous	False
NEE56_mackay__GCA_013815775.1	NEE56_mackay__GCA_013815775.1|JACDFN010000001.1_202	1	GH63	GH63_e8	564.5	0	1	True		unmapped	False
NEE56_mackay__GCA_013815775.1	NEE56_mackay__GCA_013815775.1|JACDFN010000001.1_202	1	GH63	GH63_e8	564.5	10	1	True		unmapped	False
NEE56_mackay__GCA_013815775.1	NEE56_mackay__GCA_013815775.1|JACDFN010000001.1_202	1	GH63	GH63_e8	564.5	20	1	True		unmapped	False
NEE56_mackay__GCA_013815775.1	NEE56_mackay__GCA_013815775.1|JACDFN010000001.1_219	1	GH37	GH37_e0	312.1	0	1	True		unmapped	False
NEE56_mackay__GCA_013815775.1	NEE56_mackay__GCA_013815775.1|JACDFN010000001.1_219	1	GH37	GH37_e0	312.1	10	1	True		unmapped	False
NEE56_mackay__GCA_013815775.1	NEE56_mackay__GCA_013815775.1|JACDFN010000001.1_219	1	GH37	GH37_e0	312.1	20	1	True		unmapped	False
NEE56_mackay__GCA_013815775.1	NEE56_mackay__GCA_013815775.1|JACDFN010000001.1_219	2	GH37	GH37_e0	108.0	0	1	True		unmapped	False
NEE56_mackay__GCA_013815775.1	NEE56_mackay__GCA_013815775.1|JACDFN010000001.1_219	2	GH37	GH37_e0	108.0	10	2	True		unmapped	False
NEE56_mackay__GCA_013815775.1	NEE56_mackay__GCA_013815775.1|JACDFN010000001.1_219	2	GH37	GH37_e0	108.0	20	2	True		unmapped	False
NEE56_mackay__GCA_013815775.1	NEE56_mackay__GCA_013815775.1|JACDFN010000001.1_25	1	GT4	GT4_e128	191.0	0	1	True		unmapped	False
NEE56_mackay__GCA_013815775.1	NEE56_mackay__GCA_013815775.1|JACDFN010000001.1_25	1	GT4	GT4_e128	191.0	10	2	True		unmapped	False
NEE56_mackay__GCA_013815775.1	NEE56_mackay__GCA_013815775.1|JACDFN010000001.1_25	1	GT4	GT4_e128	191.0	20	2	True		unmapped	False
NEE56_mackay__GCA_013815775.1	NEE56_mackay__GCA_013815775.1|JACDFN010000001.1_271	1	GH74	GH74_e0	61.1	0	1	False	xyloglucan	single_label_candidate	False
NEE56_mackay__GCA_013815775.1	NEE56_mackay__GCA_013815775.1|JACDFN010000001.1_271	1	GH74	GH74_e0	61.1	10	1	False	xyloglucan	single_label_candidate	False
NEE56_mackay__GCA_013815775.1	NEE56_mackay__GCA_013815775.1|JACDFN010000001.1_271	1	GH74	GH74_e0	61.1	20	1	False	xyloglucan	single_label_candidate	False
NEE56_mackay__GCA_013815775.1	NEE56_mackay__GCA_013815775.1|JACDFN010000001.1_31	1	GT4	GT4_e480	108.2	0	1	True		unmapped	False
NEE56_mackay__GCA_013815775.1	NEE56_mackay__GCA_013815775.1|JACDFN010000001.1_31	1	GT4	GT4_e480	108.2	10	15	True		unmapped	False
NEE56_mackay__GCA_013815775.1	NEE56_mackay__GCA_013815775.1|JACDFN010000001.1_31	1	GT4	GT4_e480	108.2	20	35	True		unmapped	False
NEE56_mackay__GCA_013815775.1	NEE56_mackay__GCA_013815775.1|JACDFN010000001.1_32	1	GT4	GT4_e673	151.9	0	1	True		unmapped	False
NEE56_mackay__GCA_013815775.1	NEE56_mackay__GCA_013815775.1|JACDFN010000001.1_32	1	GT4	GT4_e673	151.9	10	4	True		unmapped	False
NEE56_mackay__GCA_013815775.1	NEE56_mackay__GCA_013815775.1|JACDFN010000001.1_32	1	GT4	GT4_e673	151.9	20	5	True		unmapped	False
NEE56_mackay__GCA_013815775.1	NEE56_mackay__GCA_013815775.1|JACDFN010000001.1_37	1	GT2	GT2_e3510	185.2	0	1	True		unmapped	False
NEE56_mackay__GCA_013815775.1	NEE56_mackay__GCA_013815775.1|JACDFN010000001.1_37	1	GT2	GT2_e3510	185.2	10	2	True		unmapped	False
NEE56_mackay__GCA_013815775.1	NEE56_mackay__GCA_013815775.1|JACDFN010000001.1_37	1	GT2	GT2_e3510	185.2	20	6	True		unmapped	False
NEE56_mackay__GCA_013815775.1	NEE56_mackay__GCA_013815775.1|JACDFN010000001.1_39	1	GT4	GT4_e1511	94.0	0	1	True		unmapped	False
NEE56_mackay__GCA_013815775.1	NEE56_mackay__GCA_013815775.1|JACDFN010000001.1_39	1	GT4	GT4_e1511	94.0	10	6	True		unmapped	False
NEE56_mackay__GCA_013815775.1	NEE56_mackay__GCA_013815775.1|JACDFN010000001.1_39	1	GT4	GT4_e1511	94.0	20	19	True		unmapped	False
NEE56_mackay__GCA_013815775.1	NEE56_mackay__GCA_013815775.1|JACDFN010000001.1_42	1	GT2	GT2_e785	110.5	0	1	True		unmapped	False
NEE56_mackay__GCA_013815775.1	NEE56_mackay__GCA_013815775.1|JACDFN010000001.1_42	1	GT2	GT2_e785	110.5	10	1	True		unmapped	False
NEE56_mackay__GCA_013815775.1	NEE56_mackay__GCA_013815775.1|JACDFN010000001.1_42	1	GT2	GT2_e785	110.5	20	6	True		unmapped	False
NEE56_mackay__GCA_013815775.1	NEE56_mackay__GCA_013815775.1|JACDFN010000001.1_46	1	GT4	GT4_e3191	157.1	0	1	True		unmapped	False
NEE56_mackay__GCA_013815775.1	NEE56_mackay__GCA_013815775.1|JACDFN010000001.1_46	1	GT4	GT4_e3191	157.1	10	2	True		unmapped	False
NEE56_mackay__GCA_013815775.1	NEE56_mackay__GCA_013815775.1|JACDFN010000001.1_46	1	GT4	GT4_e3191	157.1	20	9	True		unmapped	False
NEE56_mackay__GCA_013815775.1	NEE56_mackay__GCA_013815775.1|JACDFN010000001.1_52	1	GT51	GT51_e38	258.7	0	1	True		unmapped	False
NEE56_mackay__GCA_013815775.1	NEE56_mackay__GCA_013815775.1|JACDFN010000001.1_52	1	GT51	GT51_e38	258.7	10	1	True		unmapped	False
NEE56_mackay__GCA_013815775.1	NEE56_mackay__GCA_013815775.1|JACDFN010000001.1_52	1	GT51	GT51_e38	258.7	20	1	True		unmapped	False
NEE56_mackay__GCA_013815775.1	NEE56_mackay__GCA_013815775.1|JACDFN010000001.1_75	1	GH23	GH23_e462	77.9	0	1	True		unmapped	False
NEE56_mackay__GCA_013815775.1	NEE56_mackay__GCA_013815775.1|JACDFN010000001.1_75	1	GH23	GH23_e462	77.9	10	4	True		unmapped	False
NEE56_mackay__GCA_013815775.1	NEE56_mackay__GCA_013815775.1|JACDFN010000001.1_75	1	GH23	GH23_e462	77.9	20	10	True		unmapped	False
NEE56_mackay__GCA_013815775.1	NEE56_mackay__GCA_013815775.1|JACDFN010000002.1_130	1	GT4	GT4_e2372	137.1	0	1	True		unmapped	False
NEE56_mackay__GCA_013815775.1	NEE56_mackay__GCA_013815775.1|JACDFN010000002.1_130	1	GT4	GT4_e2372	137.1	10	1	True		unmapped	False
NEE56_mackay__GCA_013815775.1	NEE56_mackay__GCA_013815775.1|JACDFN010000002.1_130	1	GT4	GT4_e2372	137.1	20	2	True		unmapped	False
NEE56_mackay__GCA_013815775.1	NEE56_mackay__GCA_013815775.1|JACDFN010000002.1_131	1	GT4	GT4_e1648	126.4	0	1	True		unmapped	False
NEE56_mackay__GCA_013815775.1	NEE56_mackay__GCA_013815775.1|JACDFN010000002.1_131	1	GT4	GT4_e1648	126.4	10	4	True		unmapped	False
NEE56_mackay__GCA_013815775.1	NEE56_mackay__GCA_013815775.1|JACDFN010000002.1_131	1	GT4	GT4_e1648	126.4	20	12	True		unmapped	False
NEE56_mackay__GCA_013815775.1	NEE56_mackay__GCA_013815775.1|JACDFN010000002.1_193	1	GH13	GH13_e182	451.2	0	1	False	starch;sucrose	ambiguous	False
NEE56_mackay__GCA_013815775.1	NEE56_mackay__GCA_013815775.1|JACDFN010000002.1_193	1	GH13	GH13_e182	451.2	10	1	False	starch;sucrose	ambiguous	False
NEE56_mackay__GCA_013815775.1	NEE56_mackay__GCA_013815775.1|JACDFN010000002.1_193	1	GH13	GH13_e182	451.2	20	1	False	starch;sucrose	ambiguous	False
NEE56_mackay__GCA_013815775.1	NEE56_mackay__GCA_013815775.1|JACDFN010000002.1_194	1	GT4	GT4_e907	164.0	0	1	True		unmapped	False
NEE56_mackay__GCA_013815775.1	NEE56_mackay__GCA_013815775.1|JACDFN010000002.1_194	1	GT4	GT4_e907	164.0	10	1	True		unmapped	False
NEE56_mackay__GCA_013815775.1	NEE56_mackay__GCA_013815775.1|JACDFN010000002.1_194	1	GT4	GT4_e907	164.0	20	4	True		unmapped	False
NEE56_mackay__GCA_013815775.1	NEE56_mackay__GCA_013815775.1|JACDFN010000002.1_208	1	GT51	GT51_e128	212.6	0	1	True		unmapped	False
NEE56_mackay__GCA_013815775.1	NEE56_mackay__GCA_013815775.1|JACDFN010000002.1_208	1	GT51	GT51_e128	212.6	10	1	True		unmapped	False
NEE56_mackay__GCA_013815775.1	NEE56_mackay__GCA_013815775.1|JACDFN010000002.1_208	1	GT51	GT51_e128	212.6	20	4	True		unmapped	False
NEE56_mackay__GCA_013815775.1	NEE56_mackay__GCA_013815775.1|JACDFN010000002.1_245	1	GH63	GH63_e10	373.7	0	1	False	alpha-glucan	single_label_candidate	False
NEE56_mackay__GCA_013815775.1	NEE56_mackay__GCA_013815775.1|JACDFN010000002.1_245	1	GH63	GH63_e10	373.7	10	1	False	alpha-glucan	single_label_candidate	False
NEE56_mackay__GCA_013815775.1	NEE56_mackay__GCA_013815775.1|JACDFN010000002.1_245	1	GH63	GH63_e10	373.7	20	1	False	alpha-glucan	single_label_candidate	False
NEE56_mackay__GCA_013815775.1	NEE56_mackay__GCA_013815775.1|JACDFN010000002.1_52	1	GH1	GH1_e48	504.7	0	1	True		unmapped	False
NEE56_mackay__GCA_013815775.1	NEE56_mackay__GCA_013815775.1|JACDFN010000002.1_52	1	GH1	GH1_e48	504.7	10	1	True		unmapped	False
NEE56_mackay__GCA_013815775.1	NEE56_mackay__GCA_013815775.1|JACDFN010000002.1_52	1	GH1	GH1_e48	504.7	20	1	True		unmapped	False
NEE56_mackay__GCA_013815775.1	NEE56_mackay__GCA_013815775.1|JACDFN010000002.1_60	1	GT28	GT28_e1	118.2	0	1	True		unmapped	False
NEE56_mackay__GCA_013815775.1	NEE56_mackay__GCA_013815775.1|JACDFN010000002.1_60	1	GT28	GT28_e1	118.2	10	5	True		unmapped	False
NEE56_mackay__GCA_013815775.1	NEE56_mackay__GCA_013815775.1|JACDFN010000002.1_60	1	GT28	GT28_e1	118.2	20	8	True		unmapped	False
NEE56_mackay__GCA_013815775.1	NEE56_mackay__GCA_013815775.1|JACDFN010000002.1_88	1	GT2	GT2_e1205	140.3	0	1	True		unmapped	False
NEE56_mackay__GCA_013815775.1	NEE56_mackay__GCA_013815775.1|JACDFN010000002.1_88	1	GT2	GT2_e1205	140.3	10	3	True		unmapped	False
NEE56_mackay__GCA_013815775.1	NEE56_mackay__GCA_013815775.1|JACDFN010000002.1_88	1	GT2	GT2_e1205	140.3	20	7	True		unmapped	False
NEE56_mackay__GCA_013815775.1	NEE56_mackay__GCA_013815775.1|JACDFN010000003.1_62	1	GH15	GH15_e23	57.0	0	1	True		unmapped	False
NEE56_mackay__GCA_013815775.1	NEE56_mackay__GCA_013815775.1|JACDFN010000003.1_62	1	GH15	GH15_e23	57.0	10	1	True		unmapped	False
NEE56_mackay__GCA_013815775.1	NEE56_mackay__GCA_013815775.1|JACDFN010000003.1_62	1	GH15	GH15_e23	57.0	20	1	True		unmapped	False
NEE56_mackay__GCA_013815775.1	NEE56_mackay__GCA_013815775.1|JACDFN010000003.1_66	1	GH39	GH39_e129	64.1	0	1	True		unmapped	False
NEE56_mackay__GCA_013815775.1	NEE56_mackay__GCA_013815775.1|JACDFN010000003.1_66	1	GH39	GH39_e129	64.1	10	2	True		unmapped	False
NEE56_mackay__GCA_013815775.1	NEE56_mackay__GCA_013815775.1|JACDFN010000003.1_66	1	GH39	GH39_e129	64.1	20	2	True		unmapped	False
NEE56_mackay__GCA_013816405.1	NEE56_mackay__GCA_013816405.1|JACDEL010000001.1_26	1	CE4	CE4_e235	80.2	0	1	True		unmapped	False
NEE56_mackay__GCA_013816405.1	NEE56_mackay__GCA_013816405.1|JACDEL010000001.1_26	1	CE4	CE4_e235	80.2	10	1	True		unmapped	False
NEE56_mackay__GCA_013816405.1	NEE56_mackay__GCA_013816405.1|JACDEL010000001.1_26	1	CE4	CE4_e235	80.2	20	1	True		unmapped	False
NEE56_mackay__GCA_013816405.1	NEE56_mackay__GCA_013816405.1|JACDEL010000001.1_42	1	CE14	CE14_e39	87.0	0	1	True		unmapped	False
NEE56_mackay__GCA_013816405.1	NEE56_mackay__GCA_013816405.1|JACDEL010000001.1_42	1	CE14	CE14_e39	87.0	10	1	True		unmapped	False
NEE56_mackay__GCA_013816405.1	NEE56_mackay__GCA_013816405.1|JACDEL010000001.1_42	1	CE14	CE14_e39	87.0	20	4	True		unmapped	False
NEE56_mackay__GCA_013816405.1	NEE56_mackay__GCA_013816405.1|JACDEL010000002.1_6	1	AA3	AA3_e4	254.7	0	1	True		unmapped	False
NEE56_mackay__GCA_013816405.1	NEE56_mackay__GCA_013816405.1|JACDEL010000002.1_6	1	AA3	AA3_e4	254.7	10	1	True		unmapped	False
NEE56_mackay__GCA_013816405.1	NEE56_mackay__GCA_013816405.1|JACDEL010000002.1_6	1	AA3	AA3_e4	254.7	20	1	True		unmapped	False
NEE56_mackay__GCA_013816405.1	NEE56_mackay__GCA_013816405.1|JACDEL010000003.1_42	1	GT51	GT51_e125	170.0	0	1	True		unmapped	False
NEE56_mackay__GCA_013816405.1	NEE56_mackay__GCA_013816405.1|JACDEL010000003.1_42	1	GT51	GT51_e125	170.0	10	1	True		unmapped	False
NEE56_mackay__GCA_013816405.1	NEE56_mackay__GCA_013816405.1|JACDEL010000003.1_42	1	GT51	GT51_e125	170.0	20	5	True		unmapped	False
NEE56_mackay__GCA_013816405.1	NEE56_mackay__GCA_013816405.1|JACDEL010000004.1_17	1	AA7	AA7_e0	178.7	0	1	False	chitooligosaccharide	single_label_candidate	False
NEE56_mackay__GCA_013816405.1	NEE56_mackay__GCA_013816405.1|JACDEL010000004.1_17	1	AA7	AA7_e0	178.7	10	1	False	chitooligosaccharide	single_label_candidate	False
NEE56_mackay__GCA_013816405.1	NEE56_mackay__GCA_013816405.1|JACDEL010000004.1_17	1	AA7	AA7_e0	178.7	20	1	False	chitooligosaccharide	single_label_candidate	False
NEE56_mackay__GCA_013816405.1	NEE56_mackay__GCA_013816405.1|JACDEL010000004.1_60	1	AA7	AA7_e0	208.8	0	1	False	chitooligosaccharide	single_label_candidate	False
NEE56_mackay__GCA_013816405.1	NEE56_mackay__GCA_013816405.1|JACDEL010000004.1_60	1	AA7	AA7_e0	208.8	10	1	False	chitooligosaccharide	single_label_candidate	False
NEE56_mackay__GCA_013816405.1	NEE56_mackay__GCA_013816405.1|JACDEL010000004.1_60	1	AA7	AA7_e0	208.8	20	1	False	chitooligosaccharide	single_label_candidate	False
NEE56_mackay__GCA_013816405.1	NEE56_mackay__GCA_013816405.1|JACDEL010000006.1_16	1	GT4	GT4_e94	194.1	0	1	True		unmapped	False
NEE56_mackay__GCA_013816405.1	NEE56_mackay__GCA_013816405.1|JACDEL010000006.1_16	1	GT4	GT4_e94	194.1	10	2	True		unmapped	False
NEE56_mackay__GCA_013816405.1	NEE56_mackay__GCA_013816405.1|JACDEL010000006.1_16	1	GT4	GT4_e94	194.1	20	3	True		unmapped	False
NEE56_mackay__GCA_013816405.1	NEE56_mackay__GCA_013816405.1|JACDEL010000007.1_27	1	AA7	AA7_e0	139.8	0	1	False	chitooligosaccharide	single_label_candidate	False
NEE56_mackay__GCA_013816405.1	NEE56_mackay__GCA_013816405.1|JACDEL010000007.1_27	1	AA7	AA7_e0	139.8	10	1	False	chitooligosaccharide	single_label_candidate	False
NEE56_mackay__GCA_013816405.1	NEE56_mackay__GCA_013816405.1|JACDEL010000007.1_27	1	AA7	AA7_e0	139.8	20	1	False	chitooligosaccharide	single_label_candidate	False
NEE56_mackay__GCA_013816405.1	NEE56_mackay__GCA_013816405.1|JACDEL010000008.1_48	1	GH3	GH3_e195	109.4	0	1	True		unmapped	False
NEE56_mackay__GCA_013816405.1	NEE56_mackay__GCA_013816405.1|JACDEL010000008.1_48	1	GH3	GH3_e195	109.4	10	2	True		unmapped	False
NEE56_mackay__GCA_013816405.1	NEE56_mackay__GCA_013816405.1|JACDEL010000008.1_48	1	GH3	GH3_e195	109.4	20	3	True		unmapped	False
NEE56_mackay__GCA_013816405.1	NEE56_mackay__GCA_013816405.1|JACDEL010000008.1_49	1	GH3	GH3_e195	185.1	0	1	True		unmapped	False
NEE56_mackay__GCA_013816405.1	NEE56_mackay__GCA_013816405.1|JACDEL010000008.1_49	1	GH3	GH3_e195	185.1	10	3	True		unmapped	False
NEE56_mackay__GCA_013816405.1	NEE56_mackay__GCA_013816405.1|JACDEL010000008.1_49	1	GH3	GH3_e195	185.1	20	4	True		unmapped	False
NEE56_mackay__GCA_013816405.1	NEE56_mackay__GCA_013816405.1|JACDEL010000009.1_19	1	GH13	GH13_e182	459.3	0	1	False	starch;sucrose	ambiguous	False
NEE56_mackay__GCA_013816405.1	NEE56_mackay__GCA_013816405.1|JACDEL010000009.1_19	1	GH13	GH13_e182	459.3	10	1	False	starch;sucrose	ambiguous	False
NEE56_mackay__GCA_013816405.1	NEE56_mackay__GCA_013816405.1|JACDEL010000009.1_19	1	GH13	GH13_e182	459.3	20	1	False	starch;sucrose	ambiguous	False
NEE56_mackay__GCA_013816405.1	NEE56_mackay__GCA_013816405.1|JACDEL010000011.1_18	1	CBM50	CBM50_e84	60.9	0	1	True		unmapped	False
NEE56_mackay__GCA_013816405.1	NEE56_mackay__GCA_013816405.1|JACDEL010000011.1_18	1	CBM50	CBM50_e84	60.9	10	19	True	chitin;peptidoglycan	ambiguous	False
NEE56_mackay__GCA_013816405.1	NEE56_mackay__GCA_013816405.1|JACDEL010000011.1_18	1	CBM50	CBM50_e84	60.9	20	19	True	chitin;peptidoglycan	ambiguous	False
NEE56_mackay__GCA_013816405.1	NEE56_mackay__GCA_013816405.1|JACDEL010000011.1_20	1	GT83	GT83_e71	54.4	0	1	True		unmapped	False
NEE56_mackay__GCA_013816405.1	NEE56_mackay__GCA_013816405.1|JACDEL010000011.1_20	1	GT83	GT83_e71	54.4	10	1	True		unmapped	False
NEE56_mackay__GCA_013816405.1	NEE56_mackay__GCA_013816405.1|JACDEL010000011.1_20	1	GT83	GT83_e71	54.4	20	1	True		unmapped	False
NEE56_mackay__GCA_013816405.1	NEE56_mackay__GCA_013816405.1|JACDEL010000011.1_37	1	GT39	GT39_e10	159.8	0	1	True		unmapped	False
NEE56_mackay__GCA_013816405.1	NEE56_mackay__GCA_013816405.1|JACDEL010000011.1_37	1	GT39	GT39_e10	159.8	10	1	True		unmapped	False
NEE56_mackay__GCA_013816405.1	NEE56_mackay__GCA_013816405.1|JACDEL010000011.1_37	1	GT39	GT39_e10	159.8	20	1	True		unmapped	False
NEE56_mackay__GCA_013816405.1	NEE56_mackay__GCA_013816405.1|JACDEL010000012.1_12	1	GT2	GT2_e3401	68.5	0	1	True		unmapped	False
NEE56_mackay__GCA_013816405.1	NEE56_mackay__GCA_013816405.1|JACDEL010000012.1_12	1	GT2	GT2_e3401	68.5	10	3	True		unmapped	False
NEE56_mackay__GCA_013816405.1	NEE56_mackay__GCA_013816405.1|JACDEL010000012.1_12	1	GT2	GT2_e3401	68.5	20	4	True		unmapped	False
NEE56_mackay__GCA_013816405.1	NEE56_mackay__GCA_013816405.1|JACDEL010000012.1_35	1	GT2	GT2_e33	185.9	0	1	True		unmapped	False
NEE56_mackay__GCA_013816405.1	NEE56_mackay__GCA_013816405.1|JACDEL010000012.1_35	1	GT2	GT2_e33	185.9	10	1	True		unmapped	False
NEE56_mackay__GCA_013816405.1	NEE56_mackay__GCA_013816405.1|JACDEL010000012.1_35	1	GT2	GT2_e33	185.9	20	2	True		unmapped	False
NEE56_mackay__GCA_013816405.1	NEE56_mackay__GCA_013816405.1|JACDEL010000015.1_36	1	GT4	GT4_e3990	195.1	0	1	True		unmapped	False
NEE56_mackay__GCA_013816405.1	NEE56_mackay__GCA_013816405.1|JACDEL010000015.1_36	1	GT4	GT4_e3990	195.1	10	1	True		unmapped	False
NEE56_mackay__GCA_013816405.1	NEE56_mackay__GCA_013816405.1|JACDEL010000015.1_36	1	GT4	GT4_e3990	195.1	20	2	True		unmapped	False
NEE56_mackay__GCA_013816405.1	NEE56_mackay__GCA_013816405.1|JACDEL010000015.1_40	1	GT4	GT4_e2199	162.8	0	1	True		unmapped	False
NEE56_mackay__GCA_013816405.1	NEE56_mackay__GCA_013816405.1|JACDEL010000015.1_40	1	GT4	GT4_e2199	162.8	10	1	True		unmapped	False
NEE56_mackay__GCA_013816405.1	NEE56_mackay__GCA_013816405.1|JACDEL010000015.1_40	1	GT4	GT4_e2199	162.8	20	7	True		unmapped	False
NEE56_mackay__GCA_013816405.1	NEE56_mackay__GCA_013816405.1|JACDEL010000015.1_41	1	GT4	GT4_e2324	165.0	0	1	True		unmapped	False
NEE56_mackay__GCA_013816405.1	NEE56_mackay__GCA_013816405.1|JACDEL010000015.1_41	1	GT4	GT4_e2324	165.0	10	4	True		unmapped	False
NEE56_mackay__GCA_013816405.1	NEE56_mackay__GCA_013816405.1|JACDEL010000015.1_41	1	GT4	GT4_e2324	165.0	20	8	True		unmapped	False
NEE56_mackay__GCA_013816405.1	NEE56_mackay__GCA_013816405.1|JACDEL010000015.1_42	1	GT4	GT4_e1487	106.3	0	1	True		unmapped	False
NEE56_mackay__GCA_013816405.1	NEE56_mackay__GCA_013816405.1|JACDEL010000015.1_42	1	GT4	GT4_e1487	106.3	10	3	True		unmapped	False
NEE56_mackay__GCA_013816405.1	NEE56_mackay__GCA_013816405.1|JACDEL010000015.1_42	1	GT4	GT4_e1487	106.3	20	12	True		unmapped	False
NEE56_mackay__GCA_013816405.1	NEE56_mackay__GCA_013816405.1|JACDEL010000018.1_15	1	GT76	GT76_e12	121.1	0	1	True		unmapped	False
NEE56_mackay__GCA_013816405.1	NEE56_mackay__GCA_013816405.1|JACDEL010000018.1_15	1	GT76	GT76_e12	121.1	10	1	True		unmapped	False
NEE56_mackay__GCA_013816405.1	NEE56_mackay__GCA_013816405.1|JACDEL010000018.1_15	1	GT76	GT76_e12	121.1	20	1	True		unmapped	False
NEE56_mackay__GCA_013816405.1	NEE56_mackay__GCA_013816405.1|JACDEL010000018.1_27	1	GT2	GT2_e2991	192.4	0	1	True		unmapped	False
NEE56_mackay__GCA_013816405.1	NEE56_mackay__GCA_013816405.1|JACDEL010000018.1_27	1	GT2	GT2_e2991	192.4	10	1	True		unmapped	False
NEE56_mackay__GCA_013816405.1	NEE56_mackay__GCA_013816405.1|JACDEL010000018.1_27	1	GT2	GT2_e2991	192.4	20	3	True		unmapped	False
NEE56_mackay__GCA_013816405.1	NEE56_mackay__GCA_013816405.1|JACDEL010000018.1_29	1	GT4	GT4_e1107	157.6	0	1	True		unmapped	False
NEE56_mackay__GCA_013816405.1	NEE56_mackay__GCA_013816405.1|JACDEL010000018.1_29	1	GT4	GT4_e1107	157.6	10	3	True		unmapped	False
NEE56_mackay__GCA_013816405.1	NEE56_mackay__GCA_013816405.1|JACDEL010000018.1_29	1	GT4	GT4_e1107	157.6	20	5	True		unmapped	False
NEE56_mackay__GCA_013816405.1	NEE56_mackay__GCA_013816405.1|JACDEL010000018.1_35	1	GT4	GT4_e198	117.6	0	1	True		unmapped	False
NEE56_mackay__GCA_013816405.1	NEE56_mackay__GCA_013816405.1|JACDEL010000018.1_35	1	GT4	GT4_e198	117.6	10	2	True		unmapped	False
NEE56_mackay__GCA_013816405.1	NEE56_mackay__GCA_013816405.1|JACDEL010000018.1_35	1	GT4	GT4_e198	117.6	20	17	True		unmapped	False
NEE56_mackay__GCA_013816405.1	NEE56_mackay__GCA_013816405.1|JACDEL010000018.1_36	1	GT26	GT26_e116	189.1	0	1	True		unmapped	False
NEE56_mackay__GCA_013816405.1	NEE56_mackay__GCA_013816405.1|JACDEL010000018.1_36	1	GT26	GT26_e116	189.1	10	2	True		unmapped	False
NEE56_mackay__GCA_013816405.1	NEE56_mackay__GCA_013816405.1|JACDEL010000018.1_36	1	GT26	GT26_e116	189.1	20	2	True		unmapped	False
NEE56_mackay__GCA_013816405.1	NEE56_mackay__GCA_013816405.1|JACDEL010000019.1_16	1	GH13	GH13_e0	617.5	0	1	False	starch;sucrose	ambiguous	False
NEE56_mackay__GCA_013816405.1	NEE56_mackay__GCA_013816405.1|JACDEL010000019.1_16	1	GH13	GH13_e0	617.5	10	1	False	starch;sucrose	ambiguous	False
NEE56_mackay__GCA_013816405.1	NEE56_mackay__GCA_013816405.1|JACDEL010000019.1_16	1	GH13	GH13_e0	617.5	20	1	False	starch;sucrose	ambiguous	False
NEE56_mackay__GCA_013816405.1	NEE56_mackay__GCA_013816405.1|JACDEL010000023.1_20	1	GH24	GH24_e26	133.4	0	1	True		unmapped	False
NEE56_mackay__GCA_013816405.1	NEE56_mackay__GCA_013816405.1|JACDEL010000023.1_20	1	GH24	GH24_e26	133.4	10	3	True		unmapped	False
NEE56_mackay__GCA_013816405.1	NEE56_mackay__GCA_013816405.1|JACDEL010000023.1_20	1	GH24	GH24_e26	133.4	20	9	True		unmapped	False
NEE56_mackay__GCA_013816405.1	NEE56_mackay__GCA_013816405.1|JACDEL010000025.1_1	1	GT1	GT1_e377	581.1	0	1	True		unmapped	False
NEE56_mackay__GCA_013816405.1	NEE56_mackay__GCA_013816405.1|JACDEL010000025.1_1	1	GT1	GT1_e377	581.1	10	1	True		unmapped	False
NEE56_mackay__GCA_013816405.1	NEE56_mackay__GCA_013816405.1|JACDEL010000025.1_1	1	GT1	GT1_e377	581.1	20	1	True		unmapped	False
NEE56_mackay__GCA_013816405.1	NEE56_mackay__GCA_013816405.1|JACDEL010000026.1_10	1	GH13	GH13_e41	297.4	0	1	True		unmapped	False
NEE56_mackay__GCA_013816405.1	NEE56_mackay__GCA_013816405.1|JACDEL010000026.1_10	1	GH13	GH13_e41	297.4	10	1	True		unmapped	False
NEE56_mackay__GCA_013816405.1	NEE56_mackay__GCA_013816405.1|JACDEL010000026.1_10	1	GH13	GH13_e41	297.4	20	1	True		unmapped	False
NEE56_mackay__GCA_013816405.1	NEE56_mackay__GCA_013816405.1|JACDEL010000026.1_11	1	GH13	GH13_e48	505.2	0	1	False	starch;sucrose	ambiguous	False
NEE56_mackay__GCA_013816405.1	NEE56_mackay__GCA_013816405.1|JACDEL010000026.1_11	1	GH13	GH13_e48	505.2	10	1	False	starch;sucrose	ambiguous	False
NEE56_mackay__GCA_013816405.1	NEE56_mackay__GCA_013816405.1|JACDEL010000026.1_11	1	GH13	GH13_e48	505.2	20	1	False	starch;sucrose	ambiguous	False
NEE56_mackay__GCA_013816405.1	NEE56_mackay__GCA_013816405.1|JACDEL010000026.1_11	2	CBM48	CBM48_e3	104.8	0	1	False	glycogen	single_label_candidate	False
NEE56_mackay__GCA_013816405.1	NEE56_mackay__GCA_013816405.1|JACDEL010000026.1_11	2	CBM48	CBM48_e3	104.8	10	1	False	glycogen	single_label_candidate	False
NEE56_mackay__GCA_013816405.1	NEE56_mackay__GCA_013816405.1|JACDEL010000026.1_11	2	CBM48	CBM48_e3	104.8	20	1	False	glycogen	single_label_candidate	False
NEE56_mackay__GCA_013816405.1	NEE56_mackay__GCA_013816405.1|JACDEL010000026.1_12	1	GH13	GH13_e200	457.5	0	1	False	alpha-glucan;sucrose	ambiguous	False
NEE56_mackay__GCA_013816405.1	NEE56_mackay__GCA_013816405.1|JACDEL010000026.1_12	1	GH13	GH13_e200	457.5	10	1	False	alpha-glucan;sucrose	ambiguous	False
NEE56_mackay__GCA_013816405.1	NEE56_mackay__GCA_013816405.1|JACDEL010000026.1_12	1	GH13	GH13_e200	457.5	20	1	False	alpha-glucan;sucrose	ambiguous	False
NEE56_mackay__GCA_013816405.1	NEE56_mackay__GCA_013816405.1|JACDEL010000026.1_12	2	CBM48	CBM48_e87	67.5	0	1	True		unmapped	False
NEE56_mackay__GCA_013816405.1	NEE56_mackay__GCA_013816405.1|JACDEL010000026.1_12	2	CBM48	CBM48_e87	67.5	10	3	True	glycogen	ambiguous	False
NEE56_mackay__GCA_013816405.1	NEE56_mackay__GCA_013816405.1|JACDEL010000026.1_12	2	CBM48	CBM48_e87	67.5	20	3	True	glycogen	ambiguous	False
NEE56_mackay__GCA_013816405.1	NEE56_mackay__GCA_013816405.1|JACDEL010000026.1_16	1	GH18	GH18_e230	205.6	0	1	True		unmapped	False
NEE56_mackay__GCA_013816405.1	NEE56_mackay__GCA_013816405.1|JACDEL010000026.1_16	1	GH18	GH18_e230	205.6	10	1	True		unmapped	False
NEE56_mackay__GCA_013816405.1	NEE56_mackay__GCA_013816405.1|JACDEL010000026.1_16	1	GH18	GH18_e230	205.6	20	2	True		unmapped	False
NEE56_mackay__GCA_013816405.1	NEE56_mackay__GCA_013816405.1|JACDEL010000026.1_19	1	GT2	GT2_e1605	219.5	0	1	True		unmapped	False
NEE56_mackay__GCA_013816405.1	NEE56_mackay__GCA_013816405.1|JACDEL010000026.1_19	1	GT2	GT2_e1605	219.5	10	3	True		unmapped	False
NEE56_mackay__GCA_013816405.1	NEE56_mackay__GCA_013816405.1|JACDEL010000026.1_19	1	GT2	GT2_e1605	219.5	20	6	True		unmapped	False
NEE56_mackay__GCA_013816405.1	NEE56_mackay__GCA_013816405.1|JACDEL010000031.1_5	1	CE14	CE14_e2	146.3	0	1	False	exo-polysaccharide	single_label_candidate	False
NEE56_mackay__GCA_013816405.1	NEE56_mackay__GCA_013816405.1|JACDEL010000031.1_5	1	CE14	CE14_e2	146.3	10	1	False	exo-polysaccharide	single_label_candidate	False
NEE56_mackay__GCA_013816405.1	NEE56_mackay__GCA_013816405.1|JACDEL010000031.1_5	1	CE14	CE14_e2	146.3	20	2	True	exo-polysaccharide	ambiguous	False
NEE56_mackay__GCA_013816405.1	NEE56_mackay__GCA_013816405.1|JACDEL010000032.1_23	1	GT4	GT4_e907	145.3	0	1	True		unmapped	False
NEE56_mackay__GCA_013816405.1	NEE56_mackay__GCA_013816405.1|JACDEL010000032.1_23	1	GT4	GT4_e907	145.3	10	1	True		unmapped	False
NEE56_mackay__GCA_013816405.1	NEE56_mackay__GCA_013816405.1|JACDEL010000032.1_23	1	GT4	GT4_e907	145.3	20	2	True		unmapped	False
NEE56_mackay__GCA_013816405.1	NEE56_mackay__GCA_013816405.1|JACDEL010000034.1_20	1	GT4	GT4_e3523	140.3	0	1	True		unmapped	False
NEE56_mackay__GCA_013816405.1	NEE56_mackay__GCA_013816405.1|JACDEL010000034.1_20	1	GT4	GT4_e3523	140.3	10	7	True		unmapped	False
NEE56_mackay__GCA_013816405.1	NEE56_mackay__GCA_013816405.1|JACDEL010000034.1_20	1	GT4	GT4_e3523	140.3	20	20	True		unmapped	False
NEE56_mackay__GCA_013816405.1	NEE56_mackay__GCA_013816405.1|JACDEL010000038.1_18	1	GH109	GH109_e2	80.3	0	1	True		unmapped	False
NEE56_mackay__GCA_013816405.1	NEE56_mackay__GCA_013816405.1|JACDEL010000038.1_18	1	GH109	GH109_e2	80.3	10	1	True		unmapped	False
NEE56_mackay__GCA_013816405.1	NEE56_mackay__GCA_013816405.1|JACDEL010000038.1_18	1	GH109	GH109_e2	80.3	20	4	True		unmapped	False
NEE56_mackay__GCA_013816405.1	NEE56_mackay__GCA_013816405.1|JACDEL010000038.1_25	1	GT4	GT4_e2158	161.5	0	1	True		unmapped	False
NEE56_mackay__GCA_013816405.1	NEE56_mackay__GCA_013816405.1|JACDEL010000038.1_25	1	GT4	GT4_e2158	161.5	10	8	True		unmapped	False
NEE56_mackay__GCA_013816405.1	NEE56_mackay__GCA_013816405.1|JACDEL010000038.1_25	1	GT4	GT4_e2158	161.5	20	33	True		unmapped	False
NEE56_mackay__GCA_013816405.1	NEE56_mackay__GCA_013816405.1|JACDEL010000044.1_15	1	CE14	CE14_e52	72.5	0	1	True		unmapped	False
NEE56_mackay__GCA_013816405.1	NEE56_mackay__GCA_013816405.1|JACDEL010000044.1_15	1	CE14	CE14_e52	72.5	10	3	True		unmapped	False
NEE56_mackay__GCA_013816405.1	NEE56_mackay__GCA_013816405.1|JACDEL010000044.1_15	1	CE14	CE14_e52	72.5	20	7	True		unmapped	False
NEE56_mackay__GCA_013816405.1	NEE56_mackay__GCA_013816405.1|JACDEL010000044.1_6	1	CE14	CE14_e51	139.6	0	1	True		unmapped	False
NEE56_mackay__GCA_013816405.1	NEE56_mackay__GCA_013816405.1|JACDEL010000044.1_6	1	CE14	CE14_e51	139.6	10	5	True		unmapped	False
NEE56_mackay__GCA_013816405.1	NEE56_mackay__GCA_013816405.1|JACDEL010000044.1_6	1	CE14	CE14_e51	139.6	20	6	True		unmapped	False
NEE56_mackay__GCA_013816405.1	NEE56_mackay__GCA_013816405.1|JACDEL010000045.1_11	1	GT20	GT20_e9	602.4	0	1	True		unmapped	False
NEE56_mackay__GCA_013816405.1	NEE56_mackay__GCA_013816405.1|JACDEL010000045.1_11	1	GT20	GT20_e9	602.4	10	1	True		unmapped	False
NEE56_mackay__GCA_013816405.1	NEE56_mackay__GCA_013816405.1|JACDEL010000045.1_11	1	GT20	GT20_e9	602.4	20	1	True		unmapped	False
NEE56_mackay__GCA_013816405.1	NEE56_mackay__GCA_013816405.1|JACDEL010000045.1_6	1	AA1	AA1_e26	141.0	0	1	False	lignin	single_label_candidate	False
NEE56_mackay__GCA_013816405.1	NEE56_mackay__GCA_013816405.1|JACDEL010000045.1_6	1	AA1	AA1_e26	141.0	10	1	False	lignin	single_label_candidate	False
NEE56_mackay__GCA_013816405.1	NEE56_mackay__GCA_013816405.1|JACDEL010000045.1_6	1	AA1	AA1_e26	141.0	20	5	True	lignin	ambiguous	False
NEE56_mackay__GCA_013816405.1	NEE56_mackay__GCA_013816405.1|JACDEL010000046.1_13	1	GT81	GT81_e10	340.9	0	1	True		unmapped	False
NEE56_mackay__GCA_013816405.1	NEE56_mackay__GCA_013816405.1|JACDEL010000046.1_13	1	GT81	GT81_e10	340.9	10	1	True		unmapped	False
NEE56_mackay__GCA_013816405.1	NEE56_mackay__GCA_013816405.1|JACDEL010000046.1_13	1	GT81	GT81_e10	340.9	20	1	True		unmapped	False
NEE56_mackay__GCA_013816405.1	NEE56_mackay__GCA_013816405.1|JACDEL010000046.1_14	1	GT81	GT81_e15	417.1	0	1	True		unmapped	False
NEE56_mackay__GCA_013816405.1	NEE56_mackay__GCA_013816405.1|JACDEL010000046.1_14	1	GT81	GT81_e15	417.1	10	1	True		unmapped	False
NEE56_mackay__GCA_013816405.1	NEE56_mackay__GCA_013816405.1|JACDEL010000046.1_14	1	GT81	GT81_e15	417.1	20	1	True		unmapped	False
NEE56_mackay__GCA_013816405.1	NEE56_mackay__GCA_013816405.1|JACDEL010000053.1_15	1	GT39	GT39_e28	78.9	0	1	True		unmapped	False
NEE56_mackay__GCA_013816405.1	NEE56_mackay__GCA_013816405.1|JACDEL010000053.1_15	1	GT39	GT39_e28	78.9	10	3	True		unmapped	False
NEE56_mackay__GCA_013816405.1	NEE56_mackay__GCA_013816405.1|JACDEL010000053.1_15	1	GT39	GT39_e28	78.9	20	4	True		unmapped	False
NEE56_mackay__GCA_013816405.1	NEE56_mackay__GCA_013816405.1|JACDEL010000053.1_16	1	GT2	GT2_e1938	170.2	0	1	True		unmapped	False
NEE56_mackay__GCA_013816405.1	NEE56_mackay__GCA_013816405.1|JACDEL010000053.1_16	1	GT2	GT2_e1938	170.2	10	1	True		unmapped	False
NEE56_mackay__GCA_013816405.1	NEE56_mackay__GCA_013816405.1|JACDEL010000053.1_16	1	GT2	GT2_e1938	170.2	20	2	True		unmapped	False
NEE56_mackay__GCA_013816405.1	NEE56_mackay__GCA_013816405.1|JACDEL010000053.1_9	1	GT4	GT4_e3025	175.8	0	1	True		unmapped	False
NEE56_mackay__GCA_013816405.1	NEE56_mackay__GCA_013816405.1|JACDEL010000053.1_9	1	GT4	GT4_e3025	175.8	10	2	True		unmapped	False
NEE56_mackay__GCA_013816405.1	NEE56_mackay__GCA_013816405.1|JACDEL010000053.1_9	1	GT4	GT4_e3025	175.8	20	4	True		unmapped	False
NEE56_mackay__GCA_013816405.1	NEE56_mackay__GCA_013816405.1|JACDEL010000055.1_7	1	GT35	GT35_e7	653.1	0	1	True		unmapped	False
NEE56_mackay__GCA_013816405.1	NEE56_mackay__GCA_013816405.1|JACDEL010000055.1_7	1	GT35	GT35_e7	653.1	10	1	True		unmapped	False
NEE56_mackay__GCA_013816405.1	NEE56_mackay__GCA_013816405.1|JACDEL010000055.1_7	1	GT35	GT35_e7	653.1	20	1	True		unmapped	False
NEE56_mackay__GCA_013816405.1	NEE56_mackay__GCA_013816405.1|JACDEL010000056.1_2	1	AA3	AA3_e4	301.0	0	1	True		unmapped	False
NEE56_mackay__GCA_013816405.1	NEE56_mackay__GCA_013816405.1|JACDEL010000056.1_2	1	AA3	AA3_e4	301.0	10	1	True		unmapped	False
NEE56_mackay__GCA_013816405.1	NEE56_mackay__GCA_013816405.1|JACDEL010000056.1_2	1	AA3	AA3_e4	301.0	20	1	True		unmapped	False
NEE56_mackay__GCA_013816405.1	NEE56_mackay__GCA_013816405.1|JACDEL010000059.1_3	1	AA1	AA1_e26	64.9	0	1	False	lignin	single_label_candidate	False
NEE56_mackay__GCA_013816405.1	NEE56_mackay__GCA_013816405.1|JACDEL010000059.1_3	1	AA1	AA1_e26	64.9	10	1	False	lignin	single_label_candidate	False
NEE56_mackay__GCA_013816405.1	NEE56_mackay__GCA_013816405.1|JACDEL010000059.1_3	1	AA1	AA1_e26	64.9	20	2	False	lignin	single_label_candidate	False
NEE56_mackay__GCA_013816405.1	NEE56_mackay__GCA_013816405.1|JACDEL010000059.1_7	1	GT4	GT4_e1800	241.8	0	1	True		unmapped	False
NEE56_mackay__GCA_013816405.1	NEE56_mackay__GCA_013816405.1|JACDEL010000059.1_7	1	GT4	GT4_e1800	241.8	10	1	True		unmapped	False
NEE56_mackay__GCA_013816405.1	NEE56_mackay__GCA_013816405.1|JACDEL010000059.1_7	1	GT4	GT4_e1800	241.8	20	1	True		unmapped	False
NEE56_mackay__GCA_013816405.1	NEE56_mackay__GCA_013816405.1|JACDEL010000062.1_7	1	GT51	GT51_e81	148.7	0	1	True		unmapped	False
NEE56_mackay__GCA_013816405.1	NEE56_mackay__GCA_013816405.1|JACDEL010000062.1_7	1	GT51	GT51_e81	148.7	10	3	True		unmapped	False
NEE56_mackay__GCA_013816405.1	NEE56_mackay__GCA_013816405.1|JACDEL010000062.1_7	1	GT51	GT51_e81	148.7	20	4	True		unmapped	False
NEE56_mackay__GCA_013816405.1	NEE56_mackay__GCA_013816405.1|JACDEL010000068.1_3	1	GT4	GT4_e659	172.3	0	1	True		unmapped	False
NEE56_mackay__GCA_013816405.1	NEE56_mackay__GCA_013816405.1|JACDEL010000068.1_3	1	GT4	GT4_e659	172.3	10	2	True		unmapped	False
NEE56_mackay__GCA_013816405.1	NEE56_mackay__GCA_013816405.1|JACDEL010000068.1_3	1	GT4	GT4_e659	172.3	20	2	True		unmapped	False
NEE56_mackay__GCA_013816405.1	NEE56_mackay__GCA_013816405.1|JACDEL010000068.1_9	1	CE4	CE4_e281	70.0	0	1	True		unmapped	False
NEE56_mackay__GCA_013816405.1	NEE56_mackay__GCA_013816405.1|JACDEL010000068.1_9	1	CE4	CE4_e281	70.0	10	16	True		unmapped	False
NEE56_mackay__GCA_013816405.1	NEE56_mackay__GCA_013816405.1|JACDEL010000068.1_9	1	CE4	CE4_e281	70.0	20	35	True		unmapped	False
NEE56_mackay__GCA_013816405.1	NEE56_mackay__GCA_013816405.1|JACDEL010000078.1_2	1	CE14	CE14_e46	134.0	0	1	True		unmapped	False
NEE56_mackay__GCA_013816405.1	NEE56_mackay__GCA_013816405.1|JACDEL010000078.1_2	1	CE14	CE14_e46	134.0	10	1	True		unmapped	False
NEE56_mackay__GCA_013816405.1	NEE56_mackay__GCA_013816405.1|JACDEL010000078.1_2	1	CE14	CE14_e46	134.0	20	4	True		unmapped	False
NEE56_mackay__GCA_013816405.1	NEE56_mackay__GCA_013816405.1|JACDEL010000079.1_1	1	GH23	GH23_e570	109.9	0	1	True		unmapped	False
NEE56_mackay__GCA_013816405.1	NEE56_mackay__GCA_013816405.1|JACDEL010000079.1_1	1	GH23	GH23_e570	109.9	10	3	True		unmapped	False
NEE56_mackay__GCA_013816405.1	NEE56_mackay__GCA_013816405.1|JACDEL010000079.1_1	1	GH23	GH23_e570	109.9	20	7	True		unmapped	False
NEE56_mackay__GCA_013816405.1	NEE56_mackay__GCA_013816405.1|JACDEL010000079.1_1	2	CBM50	CBM50_e705	57.7	0	1	True		unmapped	False
NEE56_mackay__GCA_013816405.1	NEE56_mackay__GCA_013816405.1|JACDEL010000079.1_1	2	CBM50	CBM50_e705	57.7	10	12	True		unmapped	False
NEE56_mackay__GCA_013816405.1	NEE56_mackay__GCA_013816405.1|JACDEL010000079.1_1	2	CBM50	CBM50_e705	57.7	20	12	True		unmapped	False
NEE56_mackay__GCA_013816405.1	NEE56_mackay__GCA_013816405.1|JACDEL010000086.1_3	1	GT4	GT4_e629	185.0	0	1	True		unmapped	False
NEE56_mackay__GCA_013816405.1	NEE56_mackay__GCA_013816405.1|JACDEL010000086.1_3	1	GT4	GT4_e629	185.0	10	3	True		unmapped	False
NEE56_mackay__GCA_013816405.1	NEE56_mackay__GCA_013816405.1|JACDEL010000086.1_3	1	GT4	GT4_e629	185.0	20	4	True		unmapped	False
NEE56_mackay__GCA_013816405.1	NEE56_mackay__GCA_013816405.1|JACDEL010000086.1_5	1	PL1	PL1_e60	99.7	0	1	False	pectin	single_label_candidate	False
NEE56_mackay__GCA_013816405.1	NEE56_mackay__GCA_013816405.1|JACDEL010000086.1_5	1	PL1	PL1_e60	99.7	10	1	False	pectin	single_label_candidate	False
NEE56_mackay__GCA_013816405.1	NEE56_mackay__GCA_013816405.1|JACDEL010000086.1_5	1	PL1	PL1_e60	99.7	20	3	True	pectin	ambiguous	False
NEE56_mackay__GCA_013816405.1	NEE56_mackay__GCA_013816405.1|JACDEL010000095.1_1	1	CBM50	CBM50_e493	69.3	0	1	True		unmapped	False
NEE56_mackay__GCA_013816405.1	NEE56_mackay__GCA_013816405.1|JACDEL010000095.1_1	1	CBM50	CBM50_e493	69.3	10	25	True	chitin;peptidoglycan	ambiguous	False
NEE56_mackay__GCA_013816405.1	NEE56_mackay__GCA_013816405.1|JACDEL010000095.1_1	1	CBM50	CBM50_e493	69.3	20	67	True	chitin;peptidoglycan	ambiguous	False
NEE56_mackay__GCA_013816405.1	NEE56_mackay__GCA_013816405.1|JACDEL010000101.1_3	1	GT28	GT28_e62	134.5	0	1	True		unmapped	False
NEE56_mackay__GCA_013816405.1	NEE56_mackay__GCA_013816405.1|JACDEL010000101.1_3	1	GT28	GT28_e62	134.5	10	2	True		unmapped	False
NEE56_mackay__GCA_013816405.1	NEE56_mackay__GCA_013816405.1|JACDEL010000101.1_3	1	GT28	GT28_e62	134.5	20	3	True		unmapped	False
NEE56_mackay__GCA_013816855.1	NEE56_mackay__GCA_013816855.1|JACDDT010000001.1_15	1	GT2	GT2_e1937	105.5	0	1	True		unmapped	False
NEE56_mackay__GCA_013816855.1	NEE56_mackay__GCA_013816855.1|JACDDT010000001.1_15	1	GT2	GT2_e1937	105.5	10	1	True		unmapped	False
NEE56_mackay__GCA_013816855.1	NEE56_mackay__GCA_013816855.1|JACDDT010000001.1_15	1	GT2	GT2_e1937	105.5	20	4	True		unmapped	False
NEE56_mackay__GCA_013816855.1	NEE56_mackay__GCA_013816855.1|JACDDT010000001.1_85	1	GT9	GT9_e4	109.0	0	1	True		unmapped	False
NEE56_mackay__GCA_013816855.1	NEE56_mackay__GCA_013816855.1|JACDDT010000001.1_85	1	GT9	GT9_e4	109.0	10	1	True		unmapped	False
NEE56_mackay__GCA_013816855.1	NEE56_mackay__GCA_013816855.1|JACDDT010000001.1_85	1	GT9	GT9_e4	109.0	20	1	True		unmapped	False
NEE56_mackay__GCA_013816855.1	NEE56_mackay__GCA_013816855.1|JACDDT010000002.1_66	1	GT2	GT2_e3372	127.3	0	1	True		unmapped	False
NEE56_mackay__GCA_013816855.1	NEE56_mackay__GCA_013816855.1|JACDDT010000002.1_66	1	GT2	GT2_e3372	127.3	10	1	True		unmapped	False
NEE56_mackay__GCA_013816855.1	NEE56_mackay__GCA_013816855.1|JACDDT010000002.1_66	1	GT2	GT2_e3372	127.3	20	1	True		unmapped	False
NEE56_mackay__GCA_013816855.1	NEE56_mackay__GCA_013816855.1|JACDDT010000003.1_4	1	GH3	GH3_e28	272.1	0	1	False	chitin	single_label_candidate	False
NEE56_mackay__GCA_013816855.1	NEE56_mackay__GCA_013816855.1|JACDDT010000003.1_4	1	GH3	GH3_e28	272.1	10	2	False	chitin	single_label_candidate	False
NEE56_mackay__GCA_013816855.1	NEE56_mackay__GCA_013816855.1|JACDDT010000003.1_4	1	GH3	GH3_e28	272.1	20	3	True	chitin	ambiguous	False
NEE56_mackay__GCA_013816855.1	NEE56_mackay__GCA_013816855.1|JACDDT010000004.1_13	1	GT2	GT2_e3300	80.7	0	1	True		unmapped	False
NEE56_mackay__GCA_013816855.1	NEE56_mackay__GCA_013816855.1|JACDDT010000004.1_13	1	GT2	GT2_e3300	80.7	10	5	True		unmapped	False
NEE56_mackay__GCA_013816855.1	NEE56_mackay__GCA_013816855.1|JACDDT010000004.1_13	1	GT2	GT2_e3300	80.7	20	31	True		unmapped	False
NEE56_mackay__GCA_013816855.1	NEE56_mackay__GCA_013816855.1|JACDDT010000004.1_14	1	GT4	GT4_e3250	83.0	0	1	True		unmapped	False
NEE56_mackay__GCA_013816855.1	NEE56_mackay__GCA_013816855.1|JACDDT010000004.1_14	1	GT4	GT4_e3250	83.0	10	7	True		unmapped	False
NEE56_mackay__GCA_013816855.1	NEE56_mackay__GCA_013816855.1|JACDDT010000004.1_14	1	GT4	GT4_e3250	83.0	20	61	True		unmapped	False
NEE56_mackay__GCA_013816855.1	NEE56_mackay__GCA_013816855.1|JACDDT010000005.1_49	1	CE1	CE1_e24	75.8	0	1	False	xylan	single_label_candidate	False
NEE56_mackay__GCA_013816855.1	NEE56_mackay__GCA_013816855.1|JACDDT010000005.1_49	1	CE1	CE1_e24	75.8	10	1	False	xylan	single_label_candidate	False
NEE56_mackay__GCA_013816855.1	NEE56_mackay__GCA_013816855.1|JACDDT010000005.1_49	1	CE1	CE1_e24	75.8	20	1	False	xylan	single_label_candidate	False
NEE56_mackay__GCA_013816855.1	NEE56_mackay__GCA_013816855.1|JACDDT010000005.1_53	1	CE1	CE1_e24	79.9	0	1	False	xylan	single_label_candidate	False
NEE56_mackay__GCA_013816855.1	NEE56_mackay__GCA_013816855.1|JACDDT010000005.1_53	1	CE1	CE1_e24	79.9	10	1	False	xylan	single_label_candidate	False
NEE56_mackay__GCA_013816855.1	NEE56_mackay__GCA_013816855.1|JACDDT010000005.1_53	1	CE1	CE1_e24	79.9	20	1	False	xylan	single_label_candidate	False
NEE56_mackay__GCA_013816855.1	NEE56_mackay__GCA_013816855.1|JACDDT010000007.1_14	1	GT51	GT51_e58	210.6	0	1	True		unmapped	False
NEE56_mackay__GCA_013816855.1	NEE56_mackay__GCA_013816855.1|JACDDT010000007.1_14	1	GT51	GT51_e58	210.6	10	4	True		unmapped	False
NEE56_mackay__GCA_013816855.1	NEE56_mackay__GCA_013816855.1|JACDDT010000007.1_14	1	GT51	GT51_e58	210.6	20	12	True		unmapped	False
NEE56_mackay__GCA_013816855.1	NEE56_mackay__GCA_013816855.1|JACDDT010000007.1_21	1	GT4	GT4_e3061	164.8	0	1	True		unmapped	False
NEE56_mackay__GCA_013816855.1	NEE56_mackay__GCA_013816855.1|JACDDT010000007.1_21	1	GT4	GT4_e3061	164.8	10	1	True		unmapped	False
NEE56_mackay__GCA_013816855.1	NEE56_mackay__GCA_013816855.1|JACDDT010000007.1_21	1	GT4	GT4_e3061	164.8	20	5	True		unmapped	False
NEE56_mackay__GCA_013816855.1	NEE56_mackay__GCA_013816855.1|JACDDT010000007.1_23	1	GT2	GT2_e3008	124.2	0	1	True		unmapped	False
NEE56_mackay__GCA_013816855.1	NEE56_mackay__GCA_013816855.1|JACDDT010000007.1_23	1	GT2	GT2_e3008	124.2	10	1	True		unmapped	False
NEE56_mackay__GCA_013816855.1	NEE56_mackay__GCA_013816855.1|JACDDT010000007.1_23	1	GT2	GT2_e3008	124.2	20	8	True		unmapped	False
NEE56_mackay__GCA_013816855.1	NEE56_mackay__GCA_013816855.1|JACDDT010000007.1_24	1	GT4	GT4_e2825	80.7	0	1	True		unmapped	False
NEE56_mackay__GCA_013816855.1	NEE56_mackay__GCA_013816855.1|JACDDT010000007.1_24	1	GT4	GT4_e2825	80.7	10	3	True		unmapped	False
NEE56_mackay__GCA_013816855.1	NEE56_mackay__GCA_013816855.1|JACDDT010000007.1_24	1	GT4	GT4_e2825	80.7	20	27	True		unmapped	False
NEE56_mackay__GCA_013816855.1	NEE56_mackay__GCA_013816855.1|JACDDT010000008.1_31	1	GH171	GH171_e12	397.3	0	1	True		unmapped	False
NEE56_mackay__GCA_013816855.1	NEE56_mackay__GCA_013816855.1|JACDDT010000008.1_31	1	GH171	GH171_e12	397.3	10	1	True		unmapped	False
NEE56_mackay__GCA_013816855.1	NEE56_mackay__GCA_013816855.1|JACDDT010000008.1_31	1	GH171	GH171_e12	397.3	20	2	True		unmapped	False
NEE56_mackay__GCA_013816855.1	NEE56_mackay__GCA_013816855.1|JACDDT010000008.1_8	1	CE1	CE1_e24	101.7	0	1	False	xylan	single_label_candidate	False
NEE56_mackay__GCA_013816855.1	NEE56_mackay__GCA_013816855.1|JACDDT010000008.1_8	1	CE1	CE1_e24	101.7	10	1	False	xylan	single_label_candidate	False
NEE56_mackay__GCA_013816855.1	NEE56_mackay__GCA_013816855.1|JACDDT010000008.1_8	1	CE1	CE1_e24	101.7	20	1	False	xylan	single_label_candidate	False
NEE56_mackay__GCA_013816855.1	NEE56_mackay__GCA_013816855.1|JACDDT010000009.1_19	1	GH6	GH6_e14	203.1	0	1	False	cellulose	single_label_candidate	False
NEE56_mackay__GCA_013816855.1	NEE56_mackay__GCA_013816855.1|JACDDT010000009.1_19	1	GH6	GH6_e14	203.1	10	1	False	cellulose	single_label_candidate	False
NEE56_mackay__GCA_013816855.1	NEE56_mackay__GCA_013816855.1|JACDDT010000009.1_19	1	GH6	GH6_e14	203.1	20	1	False	cellulose	single_label_candidate	False
NEE56_mackay__GCA_013816855.1	NEE56_mackay__GCA_013816855.1|JACDDT010000010.1_43	1	GT30	GT30_e55	107.6	0	1	True		unmapped	False
NEE56_mackay__GCA_013816855.1	NEE56_mackay__GCA_013816855.1|JACDDT010000010.1_43	1	GT30	GT30_e55	107.6	10	1	True		unmapped	False
NEE56_mackay__GCA_013816855.1	NEE56_mackay__GCA_013816855.1|JACDDT010000010.1_43	1	GT30	GT30_e55	107.6	20	7	True		unmapped	False
NEE56_mackay__GCA_013816855.1	NEE56_mackay__GCA_013816855.1|JACDDT010000012.1_14	1	GH74	GH74_e7	64.6	0	1	True		unmapped	False
NEE56_mackay__GCA_013816855.1	NEE56_mackay__GCA_013816855.1|JACDDT010000012.1_14	1	GH74	GH74_e7	64.6	10	3	True		unmapped	False
NEE56_mackay__GCA_013816855.1	NEE56_mackay__GCA_013816855.1|JACDDT010000012.1_14	1	GH74	GH74_e7	64.6	20	3	True		unmapped	False
NEE56_mackay__GCA_013816855.1	NEE56_mackay__GCA_013816855.1|JACDDT010000012.1_14	2	GH74	GH74_e7	55.4	0	1	True		unmapped	False
NEE56_mackay__GCA_013816855.1	NEE56_mackay__GCA_013816855.1|JACDDT010000012.1_14	2	GH74	GH74_e7	55.4	10	1	True		unmapped	False
NEE56_mackay__GCA_013816855.1	NEE56_mackay__GCA_013816855.1|JACDDT010000012.1_14	2	GH74	GH74_e7	55.4	20	1	True		unmapped	False
NEE56_mackay__GCA_013816855.1	NEE56_mackay__GCA_013816855.1|JACDDT010000013.1_10	1	GT2	GT2_e2874	362.5	0	1	True		unmapped	False
NEE56_mackay__GCA_013816855.1	NEE56_mackay__GCA_013816855.1|JACDDT010000013.1_10	1	GT2	GT2_e2874	362.5	10	1	True		unmapped	False
NEE56_mackay__GCA_013816855.1	NEE56_mackay__GCA_013816855.1|JACDDT010000013.1_10	1	GT2	GT2_e2874	362.5	20	1	True		unmapped	False
NEE56_mackay__GCA_013816855.1	NEE56_mackay__GCA_013816855.1|JACDDT010000015.1_10	1	GT2	GT2_e3844	132.0	0	1	True		unmapped	False
NEE56_mackay__GCA_013816855.1	NEE56_mackay__GCA_013816855.1|JACDDT010000015.1_10	1	GT2	GT2_e3844	132.0	10	3	True		unmapped	False
NEE56_mackay__GCA_013816855.1	NEE56_mackay__GCA_013816855.1|JACDDT010000015.1_10	1	GT2	GT2_e3844	132.0	20	6	True		unmapped	False
NEE56_mackay__GCA_013816855.1	NEE56_mackay__GCA_013816855.1|JACDDT010000015.1_2	1	GT2	GT2_e1605	243.1	0	1	True		unmapped	False
NEE56_mackay__GCA_013816855.1	NEE56_mackay__GCA_013816855.1|JACDDT010000015.1_2	1	GT2	GT2_e1605	243.1	10	3	True		unmapped	False
NEE56_mackay__GCA_013816855.1	NEE56_mackay__GCA_013816855.1|JACDDT010000015.1_2	1	GT2	GT2_e1605	243.1	20	3	True		unmapped	False
NEE56_mackay__GCA_013816855.1	NEE56_mackay__GCA_013816855.1|JACDDT010000015.1_24	1	GT19	GT19_e14	470.0	0	1	True		unmapped	False
NEE56_mackay__GCA_013816855.1	NEE56_mackay__GCA_013816855.1|JACDDT010000015.1_24	1	GT19	GT19_e14	470.0	10	1	True		unmapped	False
NEE56_mackay__GCA_013816855.1	NEE56_mackay__GCA_013816855.1|JACDDT010000015.1_24	1	GT19	GT19_e14	470.0	20	1	True		unmapped	False
NEE56_mackay__GCA_013816855.1	NEE56_mackay__GCA_013816855.1|JACDDT010000015.1_27	1	CE11	CE11_e18	322.2	0	1	True		unmapped	False
NEE56_mackay__GCA_013816855.1	NEE56_mackay__GCA_013816855.1|JACDDT010000015.1_27	1	CE11	CE11_e18	322.2	10	1	True		unmapped	False
NEE56_mackay__GCA_013816855.1	NEE56_mackay__GCA_013816855.1|JACDDT010000015.1_27	1	CE11	CE11_e18	322.2	20	1	True		unmapped	False
NEE56_mackay__GCA_013816855.1	NEE56_mackay__GCA_013816855.1|JACDDT010000016.1_34	1	GH3	GH3_e62	261.5	0	1	True		unmapped	False
NEE56_mackay__GCA_013816855.1	NEE56_mackay__GCA_013816855.1|JACDDT010000016.1_34	1	GH3	GH3_e62	261.5	10	3	True	chitin	ambiguous	False
NEE56_mackay__GCA_013816855.1	NEE56_mackay__GCA_013816855.1|JACDDT010000016.1_34	1	GH3	GH3_e62	261.5	20	5	True	chitin	ambiguous	False
NEE56_mackay__GCA_013816855.1	NEE56_mackay__GCA_013816855.1|JACDDT010000021.1_27	1	CE14	CE14_e49	115.6	0	1	True		unmapped	False
NEE56_mackay__GCA_013816855.1	NEE56_mackay__GCA_013816855.1|JACDDT010000021.1_27	1	CE14	CE14_e49	115.6	10	3	True		unmapped	False
NEE56_mackay__GCA_013816855.1	NEE56_mackay__GCA_013816855.1|JACDDT010000021.1_27	1	CE14	CE14_e49	115.6	20	5	True		unmapped	False
NEE56_mackay__GCA_013816855.1	NEE56_mackay__GCA_013816855.1|JACDDT010000021.1_5	1	GH109	GH109_e7	61.5	0	1	True		unmapped	False
NEE56_mackay__GCA_013816855.1	NEE56_mackay__GCA_013816855.1|JACDDT010000021.1_5	1	GH109	GH109_e7	61.5	10	2	True	host glycan	ambiguous	False
NEE56_mackay__GCA_013816855.1	NEE56_mackay__GCA_013816855.1|JACDDT010000021.1_5	1	GH109	GH109_e7	61.5	20	2	True	host glycan	ambiguous	False
NEE56_mackay__GCA_013816855.1	NEE56_mackay__GCA_013816855.1|JACDDT010000023.1_16	1	GT4	GT4_e758	73.4	0	1	True		unmapped	False
NEE56_mackay__GCA_013816855.1	NEE56_mackay__GCA_013816855.1|JACDDT010000023.1_16	1	GT4	GT4_e758	73.4	10	1	True		unmapped	False
NEE56_mackay__GCA_013816855.1	NEE56_mackay__GCA_013816855.1|JACDDT010000023.1_16	1	GT4	GT4_e758	73.4	20	3	True		unmapped	False
NEE56_mackay__GCA_013816855.1	NEE56_mackay__GCA_013816855.1|JACDDT010000023.1_17	1	CBM50	CBM50_e657	55.3	0	1	True		unmapped	False
NEE56_mackay__GCA_013816855.1	NEE56_mackay__GCA_013816855.1|JACDDT010000023.1_17	1	CBM50	CBM50_e657	55.3	10	1	True		unmapped	False
NEE56_mackay__GCA_013816855.1	NEE56_mackay__GCA_013816855.1|JACDDT010000023.1_17	1	CBM50	CBM50_e657	55.3	20	1	True		unmapped	False
NEE56_mackay__GCA_013816855.1	NEE56_mackay__GCA_013816855.1|JACDDT010000023.1_18	1	GH23	GH23_e915	55.6	0	1	True		unmapped	False
NEE56_mackay__GCA_013816855.1	NEE56_mackay__GCA_013816855.1|JACDDT010000023.1_18	1	GH23	GH23_e915	55.6	10	2	True		unmapped	False
NEE56_mackay__GCA_013816855.1	NEE56_mackay__GCA_013816855.1|JACDDT010000023.1_18	1	GH23	GH23_e915	55.6	20	2	True		unmapped	False
NEE56_mackay__GCA_013816855.1	NEE56_mackay__GCA_013816855.1|JACDDT010000023.1_20	1	GH23	GH23_e453	57.5	0	1	True		unmapped	False
NEE56_mackay__GCA_013816855.1	NEE56_mackay__GCA_013816855.1|JACDDT010000023.1_20	1	GH23	GH23_e453	57.5	10	2	True		unmapped	False
NEE56_mackay__GCA_013816855.1	NEE56_mackay__GCA_013816855.1|JACDDT010000023.1_20	1	GH23	GH23_e453	57.5	20	2	True		unmapped	False
NEE56_mackay__GCA_013816855.1	NEE56_mackay__GCA_013816855.1|JACDDT010000025.1_17	1	GH94	GH94_e1	1480.3	0	1	False	beta-glucan;chitin	ambiguous	False
NEE56_mackay__GCA_013816855.1	NEE56_mackay__GCA_013816855.1|JACDDT010000025.1_17	1	GH94	GH94_e1	1480.3	10	1	False	beta-glucan;chitin	ambiguous	False
NEE56_mackay__GCA_013816855.1	NEE56_mackay__GCA_013816855.1|JACDDT010000025.1_17	1	GH94	GH94_e1	1480.3	20	1	False	beta-glucan;chitin	ambiguous	False
NEE56_mackay__GCA_013816855.1	NEE56_mackay__GCA_013816855.1|JACDDT010000025.1_17	2	GT84	GT84_e0	309.6	0	1	True		unmapped	False
NEE56_mackay__GCA_013816855.1	NEE56_mackay__GCA_013816855.1|JACDDT010000025.1_17	2	GT84	GT84_e0	309.6	10	1	True		unmapped	False
NEE56_mackay__GCA_013816855.1	NEE56_mackay__GCA_013816855.1|JACDDT010000025.1_17	2	GT84	GT84_e0	309.6	20	2	True		unmapped	False
NEE56_mackay__GCA_013816855.1	NEE56_mackay__GCA_013816855.1|JACDDT010000025.1_17	3	GH144	GH144_e3	117.5	0	1	True		unmapped	False
NEE56_mackay__GCA_013816855.1	NEE56_mackay__GCA_013816855.1|JACDDT010000025.1_17	3	GH144	GH144_e3	117.5	10	1	True		unmapped	False
NEE56_mackay__GCA_013816855.1	NEE56_mackay__GCA_013816855.1|JACDDT010000025.1_17	3	GH144	GH144_e3	117.5	20	1	True		unmapped	False
NEE56_mackay__GCA_013816855.1	NEE56_mackay__GCA_013816855.1|JACDDT010000025.1_17	4	GH94	GH94_e9	93.6	0	1	True		unmapped	False
NEE56_mackay__GCA_013816855.1	NEE56_mackay__GCA_013816855.1|JACDDT010000025.1_17	4	GH94	GH94_e9	93.6	10	1	True		unmapped	False
NEE56_mackay__GCA_013816855.1	NEE56_mackay__GCA_013816855.1|JACDDT010000025.1_17	4	GH94	GH94_e9	93.6	20	1	True		unmapped	False
NEE56_mackay__GCA_013816855.1	NEE56_mackay__GCA_013816855.1|JACDDT010000025.1_7	1	GT9	GT9_e265	78.5	0	1	True		unmapped	False
NEE56_mackay__GCA_013816855.1	NEE56_mackay__GCA_013816855.1|JACDDT010000025.1_7	1	GT9	GT9_e265	78.5	10	1	True		unmapped	False
NEE56_mackay__GCA_013816855.1	NEE56_mackay__GCA_013816855.1|JACDDT010000025.1_7	1	GT9	GT9_e265	78.5	20	1	True		unmapped	False
NEE56_mackay__GCA_013816855.1	NEE56_mackay__GCA_013816855.1|JACDDT010000026.1_12	1	GH115	GH115_e5	724.0	0	1	True		unmapped	False
NEE56_mackay__GCA_013816855.1	NEE56_mackay__GCA_013816855.1|JACDDT010000026.1_12	1	GH115	GH115_e5	724.0	10	1	True		unmapped	False
NEE56_mackay__GCA_013816855.1	NEE56_mackay__GCA_013816855.1|JACDDT010000026.1_12	1	GH115	GH115_e5	724.0	20	1	True		unmapped	False
NEE56_mackay__GCA_013816855.1	NEE56_mackay__GCA_013816855.1|JACDDT010000026.1_13	1	GH136	GH136_e25	61.6	0	1	True		unmapped	False
NEE56_mackay__GCA_013816855.1	NEE56_mackay__GCA_013816855.1|JACDDT010000026.1_13	1	GH136	GH136_e25	61.6	10	1	True		unmapped	False
NEE56_mackay__GCA_013816855.1	NEE56_mackay__GCA_013816855.1|JACDDT010000026.1_13	1	GH136	GH136_e25	61.6	20	1	True		unmapped	False
NEE56_mackay__GCA_013816855.1	NEE56_mackay__GCA_013816855.1|JACDDT010000026.1_4	1	GH2	GH2_e56	626.1	0	1	True		unmapped	False
NEE56_mackay__GCA_013816855.1	NEE56_mackay__GCA_013816855.1|JACDDT010000026.1_4	1	GH2	GH2_e56	626.1	10	1	True		unmapped	False
NEE56_mackay__GCA_013816855.1	NEE56_mackay__GCA_013816855.1|JACDDT010000026.1_4	1	GH2	GH2_e56	626.1	20	1	True		unmapped	False
NEE56_mackay__GCA_013816855.1	NEE56_mackay__GCA_013816855.1|JACDDT010000026.1_5	1	GH2	GH2_e149	732.9	0	1	False	beta-glucuronan	single_label_candidate	False
NEE56_mackay__GCA_013816855.1	NEE56_mackay__GCA_013816855.1|JACDDT010000026.1_5	1	GH2	GH2_e149	732.9	10	1	False	beta-glucuronan	single_label_candidate	False
NEE56_mackay__GCA_013816855.1	NEE56_mackay__GCA_013816855.1|JACDDT010000026.1_5	1	GH2	GH2_e149	732.9	20	1	False	beta-glucuronan	single_label_candidate	False
NEE56_mackay__GCA_013816855.1	NEE56_mackay__GCA_013816855.1|JACDDT010000026.1_5	2	CBM57	CBM57_e26	97.4	0	1	True		unmapped	False
NEE56_mackay__GCA_013816855.1	NEE56_mackay__GCA_013816855.1|JACDDT010000026.1_5	2	CBM57	CBM57_e26	97.4	10	3	True	glycosidases	ambiguous	False
NEE56_mackay__GCA_013816855.1	NEE56_mackay__GCA_013816855.1|JACDDT010000026.1_5	2	CBM57	CBM57_e26	97.4	20	3	True	glycosidases	ambiguous	False
NEE56_mackay__GCA_013816855.1	NEE56_mackay__GCA_013816855.1|JACDDT010000031.1_4	1	CE7	CE7_e10	385.4	0	1	True		unmapped	False
NEE56_mackay__GCA_013816855.1	NEE56_mackay__GCA_013816855.1|JACDDT010000031.1_4	1	CE7	CE7_e10	385.4	10	1	True		unmapped	False
NEE56_mackay__GCA_013816855.1	NEE56_mackay__GCA_013816855.1|JACDDT010000031.1_4	1	CE7	CE7_e10	385.4	20	1	True		unmapped	False
NEE56_mackay__GCA_013816855.1	NEE56_mackay__GCA_013816855.1|JACDDT010000032.1_6	1	GT2	GT2_e2874	337.0	0	1	True		unmapped	False
NEE56_mackay__GCA_013816855.1	NEE56_mackay__GCA_013816855.1|JACDDT010000032.1_6	1	GT2	GT2_e2874	337.0	10	1	True		unmapped	False
NEE56_mackay__GCA_013816855.1	NEE56_mackay__GCA_013816855.1|JACDDT010000032.1_6	1	GT2	GT2_e2874	337.0	20	1	True		unmapped	False
NEE56_mackay__GCA_013816855.1	NEE56_mackay__GCA_013816855.1|JACDDT010000041.1_21	1	CBM50	CBM50_e600	90.2	0	1	True		unmapped	False
NEE56_mackay__GCA_013816855.1	NEE56_mackay__GCA_013816855.1|JACDDT010000041.1_21	1	CBM50	CBM50_e600	90.2	10	2	True		unmapped	False
NEE56_mackay__GCA_013816855.1	NEE56_mackay__GCA_013816855.1|JACDDT010000041.1_21	1	CBM50	CBM50_e600	90.2	20	16	True		unmapped	False
NEE56_mackay__GCA_013816855.1	NEE56_mackay__GCA_013816855.1|JACDDT010000041.1_5	1	GH23	GH23_e442	142.7	0	1	True		unmapped	False
NEE56_mackay__GCA_013816855.1	NEE56_mackay__GCA_013816855.1|JACDDT010000041.1_5	1	GH23	GH23_e442	142.7	10	1	True		unmapped	False
NEE56_mackay__GCA_013816855.1	NEE56_mackay__GCA_013816855.1|JACDDT010000041.1_5	1	GH23	GH23_e442	142.7	20	6	True		unmapped	False
NEE56_mackay__GCA_013816855.1	NEE56_mackay__GCA_013816855.1|JACDDT010000043.1_10	1	CBM50	CBM50_e971	78.7	0	1	True		unmapped	False
NEE56_mackay__GCA_013816855.1	NEE56_mackay__GCA_013816855.1|JACDDT010000043.1_10	1	CBM50	CBM50_e971	78.7	10	6	True		unmapped	False
NEE56_mackay__GCA_013816855.1	NEE56_mackay__GCA_013816855.1|JACDDT010000043.1_10	1	CBM50	CBM50_e971	78.7	20	20	True		unmapped	False
NEE56_mackay__GCA_013816855.1	NEE56_mackay__GCA_013816855.1|JACDDT010000049.1_5	1	GT9	GT9_e147	215.9	0	1	True		unmapped	False
NEE56_mackay__GCA_013816855.1	NEE56_mackay__GCA_013816855.1|JACDDT010000049.1_5	1	GT9	GT9_e147	215.9	10	1	True		unmapped	False
NEE56_mackay__GCA_013816855.1	NEE56_mackay__GCA_013816855.1|JACDDT010000049.1_5	1	GT9	GT9_e147	215.9	20	2	True		unmapped	False
NEE56_mackay__GCA_013816855.1	NEE56_mackay__GCA_013816855.1|JACDDT010000050.1_6	1	GH3	GH3_e110	301.6	0	1	True		unmapped	False
NEE56_mackay__GCA_013816855.1	NEE56_mackay__GCA_013816855.1|JACDDT010000050.1_6	1	GH3	GH3_e110	301.6	10	1	True		unmapped	False
NEE56_mackay__GCA_013816855.1	NEE56_mackay__GCA_013816855.1|JACDDT010000050.1_6	1	GH3	GH3_e110	301.6	20	1	True		unmapped	False
NEE56_mackay__GCA_013816855.1	NEE56_mackay__GCA_013816855.1|JACDDT010000052.1_10	1	GT28	GT28_e68	188.7	0	1	True		unmapped	False
NEE56_mackay__GCA_013816855.1	NEE56_mackay__GCA_013816855.1|JACDDT010000052.1_10	1	GT28	GT28_e68	188.7	10	1	True		unmapped	False
NEE56_mackay__GCA_013816855.1	NEE56_mackay__GCA_013816855.1|JACDDT010000052.1_10	1	GT28	GT28_e68	188.7	20	1	True		unmapped	False
NEE56_mackay__GCA_013816855.1	NEE56_mackay__GCA_013816855.1|JACDDT010000053.1_4	1	GH18	GH18_e379	118.2	0	1	True		unmapped	False
NEE56_mackay__GCA_013816855.1	NEE56_mackay__GCA_013816855.1|JACDDT010000053.1_4	1	GH18	GH18_e379	118.2	10	2	True		unmapped	False
NEE56_mackay__GCA_013816855.1	NEE56_mackay__GCA_013816855.1|JACDDT010000053.1_4	1	GH18	GH18_e379	118.2	20	3	True		unmapped	False
NEE56_mackay__GCA_013816855.1	NEE56_mackay__GCA_013816855.1|JACDDT010000054.1_3	1	GT4	GT4_e3982	171.0	0	1	True		unmapped	False
NEE56_mackay__GCA_013816855.1	NEE56_mackay__GCA_013816855.1|JACDDT010000054.1_3	1	GT4	GT4_e3982	171.0	10	1	True		unmapped	False
NEE56_mackay__GCA_013816855.1	NEE56_mackay__GCA_013816855.1|JACDDT010000054.1_3	1	GT4	GT4_e3982	171.0	20	1	True		unmapped	False
NEE56_mackay__GCA_013816855.1	NEE56_mackay__GCA_013816855.1|JACDDT010000054.1_4	1	GT2	GT2_e3760	170.0	0	1	True		unmapped	False
NEE56_mackay__GCA_013816855.1	NEE56_mackay__GCA_013816855.1|JACDDT010000054.1_4	1	GT2	GT2_e3760	170.0	10	1	True		unmapped	False
NEE56_mackay__GCA_013816855.1	NEE56_mackay__GCA_013816855.1|JACDDT010000054.1_4	1	GT2	GT2_e3760	170.0	20	1	True		unmapped	False
NEE56_mackay__GCA_013816855.1	NEE56_mackay__GCA_013816855.1|JACDDT010000061.1_1	1	GH74	GH74_e1	59.6	0	1	False	xyloglucan	single_label_candidate	False
NEE56_mackay__GCA_013816855.1	NEE56_mackay__GCA_013816855.1|JACDDT010000061.1_1	1	GH74	GH74_e1	59.6	10	2	True	xyloglucan	ambiguous	False
NEE56_mackay__GCA_013816855.1	NEE56_mackay__GCA_013816855.1|JACDDT010000061.1_1	1	GH74	GH74_e1	59.6	20	2	True	xyloglucan	ambiguous	False
NEE56_mackay__GCA_013816855.1	NEE56_mackay__GCA_013816855.1|JACDDT010000067.1_4	1	GH74	GH74_e4	63.9	0	1	True		unmapped	False
NEE56_mackay__GCA_013816855.1	NEE56_mackay__GCA_013816855.1|JACDDT010000067.1_4	1	GH74	GH74_e4	63.9	10	2	True		unmapped	False
NEE56_mackay__GCA_013816855.1	NEE56_mackay__GCA_013816855.1|JACDDT010000067.1_4	1	GH74	GH74_e4	63.9	20	2	True		unmapped	False
NEE56_mackay__GCA_013816855.1	NEE56_mackay__GCA_013816855.1|JACDDT010000067.1_6	1	GH74	GH74_e9	54.7	0	1	True		unmapped	False
NEE56_mackay__GCA_013816855.1	NEE56_mackay__GCA_013816855.1|JACDDT010000067.1_6	1	GH74	GH74_e9	54.7	10	1	True		unmapped	False
NEE56_mackay__GCA_013816855.1	NEE56_mackay__GCA_013816855.1|JACDDT010000067.1_6	1	GH74	GH74_e9	54.7	20	1	True		unmapped	False
NEE56_mackay__GCA_013816855.1	NEE56_mackay__GCA_013816855.1|JACDDT010000068.1_3	1	GT51	GT51_e132	198.6	0	1	True		unmapped	False
NEE56_mackay__GCA_013816855.1	NEE56_mackay__GCA_013816855.1|JACDDT010000068.1_3	1	GT51	GT51_e132	198.6	10	2	True		unmapped	False
NEE56_mackay__GCA_013816855.1	NEE56_mackay__GCA_013816855.1|JACDDT010000068.1_3	1	GT51	GT51_e132	198.6	20	11	True		unmapped	False
NEE56_mackay__GCA_013816855.1	NEE56_mackay__GCA_013816855.1|JACDDT010000069.1_1	1	AA7	AA7_e0	106.1	0	1	False	chitooligosaccharide	single_label_candidate	False
NEE56_mackay__GCA_013816855.1	NEE56_mackay__GCA_013816855.1|JACDDT010000069.1_1	1	AA7	AA7_e0	106.1	10	4	True	chitooligosaccharide	ambiguous	False
NEE56_mackay__GCA_013816855.1	NEE56_mackay__GCA_013816855.1|JACDDT010000069.1_1	1	AA7	AA7_e0	106.1	20	5	True	chitooligosaccharide	ambiguous	False
NEE56_mackay__GCA_013816855.1	NEE56_mackay__GCA_013816855.1|JACDDT010000082.1_3	1	CE4	CE4_e151	120.1	0	1	True		unmapped	False
NEE56_mackay__GCA_013816855.1	NEE56_mackay__GCA_013816855.1|JACDDT010000082.1_3	1	CE4	CE4_e151	120.1	10	14	True		unmapped	False
NEE56_mackay__GCA_013816855.1	NEE56_mackay__GCA_013816855.1|JACDDT010000082.1_3	1	CE4	CE4_e151	120.1	20	43	True	peptidoglycan	ambiguous	False
NEE56_mackay__GCA_013816855.1	NEE56_mackay__GCA_013816855.1|JACDDT010000082.1_4	1	GT4	GT4_e3025	117.3	0	1	True		unmapped	False
NEE56_mackay__GCA_013816855.1	NEE56_mackay__GCA_013816855.1|JACDDT010000082.1_4	1	GT4	GT4_e3025	117.3	10	6	True		unmapped	False
NEE56_mackay__GCA_013816855.1	NEE56_mackay__GCA_013816855.1|JACDDT010000082.1_4	1	GT4	GT4_e3025	117.3	20	15	True		unmapped	False
NEE56_mackay__GCA_013816855.1	NEE56_mackay__GCA_013816855.1|JACDDT010000095.1_3	1	GH74	GH74_e0	59.6	0	1	False	xyloglucan	single_label_candidate	False
NEE56_mackay__GCA_013816855.1	NEE56_mackay__GCA_013816855.1|JACDDT010000095.1_3	1	GH74	GH74_e0	59.6	10	1	False	xyloglucan	single_label_candidate	False
NEE56_mackay__GCA_013816855.1	NEE56_mackay__GCA_013816855.1|JACDDT010000095.1_3	1	GH74	GH74_e0	59.6	20	1	False	xyloglucan	single_label_candidate	False
NEE56_mackay__GCA_013816855.1	NEE56_mackay__GCA_013816855.1|JACDDT010000099.1_2	1	GH74	GH74_e4	69.0	0	1	True		unmapped	False
NEE56_mackay__GCA_013816855.1	NEE56_mackay__GCA_013816855.1|JACDDT010000099.1_2	1	GH74	GH74_e4	69.0	10	1	True		unmapped	False
NEE56_mackay__GCA_013816855.1	NEE56_mackay__GCA_013816855.1|JACDDT010000099.1_2	1	GH74	GH74_e4	69.0	20	2	True	xyloglucan	ambiguous	False
NEE56_mackay__GCA_013816855.1	NEE56_mackay__GCA_013816855.1|JACDDT010000099.1_2	2	GH74	GH74_e3	59.6	0	1	True		unmapped	False
NEE56_mackay__GCA_013816855.1	NEE56_mackay__GCA_013816855.1|JACDDT010000099.1_2	2	GH74	GH74_e3	59.6	10	1	True		unmapped	False
NEE56_mackay__GCA_013816855.1	NEE56_mackay__GCA_013816855.1|JACDDT010000099.1_2	2	GH74	GH74_e3	59.6	20	1	True		unmapped	False
NEE56_mackay__GCA_013816855.1	NEE56_mackay__GCA_013816855.1|JACDDT010000110.1_2	1	GH20	GH20_e114	471.5	0	1	False	host glycan	single_label_candidate	False
NEE56_mackay__GCA_013816855.1	NEE56_mackay__GCA_013816855.1|JACDDT010000110.1_2	1	GH20	GH20_e114	471.5	10	1	False	host glycan	single_label_candidate	False
NEE56_mackay__GCA_013816855.1	NEE56_mackay__GCA_013816855.1|JACDDT010000110.1_2	1	GH20	GH20_e114	471.5	20	1	False	host glycan	single_label_candidate	False
NEE56_mackay__GCA_013816855.1	NEE56_mackay__GCA_013816855.1|JACDDT010000134.1_1	1	GT9	GT9_e244	54.8	0	1	True		unmapped	False
NEE56_mackay__GCA_013816855.1	NEE56_mackay__GCA_013816855.1|JACDDT010000134.1_1	1	GT9	GT9_e244	54.8	10	1	True		unmapped	False
NEE56_mackay__GCA_013816855.1	NEE56_mackay__GCA_013816855.1|JACDDT010000134.1_1	1	GT9	GT9_e244	54.8	20	1	True		unmapped	False
NEE56_mackay__GCA_013816855.1	NEE56_mackay__GCA_013816855.1|JACDDT010000135.1_1	1	CE1	CE1_e22	96.0	0	1	True		unmapped	False
NEE56_mackay__GCA_013816855.1	NEE56_mackay__GCA_013816855.1|JACDDT010000135.1_1	1	CE1	CE1_e22	96.0	10	1	True		unmapped	False
NEE56_mackay__GCA_013816855.1	NEE56_mackay__GCA_013816855.1|JACDDT010000135.1_1	1	CE1	CE1_e22	96.0	20	1	True		unmapped	False
NEE56_mackay__GCA_013816855.1	NEE56_mackay__GCA_013816855.1|JACDDT010000144.1_2	1	GT26	GT26_e176	253.1	0	1	True		unmapped	False
NEE56_mackay__GCA_013816855.1	NEE56_mackay__GCA_013816855.1|JACDDT010000144.1_2	1	GT26	GT26_e176	253.1	10	1	True		unmapped	False
NEE56_mackay__GCA_013816855.1	NEE56_mackay__GCA_013816855.1|JACDDT010000144.1_2	1	GT26	GT26_e176	253.1	20	1	True		unmapped	False
NEE56_mackay__GCA_013817245.1	NEE56_mackay__GCA_013817245.1|JACDDA010000001.1_105	1	GT2	GT2_e383	220.0	0	1	True		unmapped	False
NEE56_mackay__GCA_013817245.1	NEE56_mackay__GCA_013817245.1|JACDDA010000001.1_105	1	GT2	GT2_e383	220.0	10	3	True		unmapped	False
NEE56_mackay__GCA_013817245.1	NEE56_mackay__GCA_013817245.1|JACDDA010000001.1_105	1	GT2	GT2_e383	220.0	20	4	True		unmapped	False
NEE56_mackay__GCA_013817245.1	NEE56_mackay__GCA_013817245.1|JACDDA010000001.1_115	1	GT2	GT2_e87	232.2	0	1	True		unmapped	False
NEE56_mackay__GCA_013817245.1	NEE56_mackay__GCA_013817245.1|JACDDA010000001.1_115	1	GT2	GT2_e87	232.2	10	1	True		unmapped	False
NEE56_mackay__GCA_013817245.1	NEE56_mackay__GCA_013817245.1|JACDDA010000001.1_115	1	GT2	GT2_e87	232.2	20	1	True		unmapped	False
NEE56_mackay__GCA_013817245.1	NEE56_mackay__GCA_013817245.1|JACDDA010000001.1_120	1	GT4	GT4_e1449	151.1	0	1	True		unmapped	False
NEE56_mackay__GCA_013817245.1	NEE56_mackay__GCA_013817245.1|JACDDA010000001.1_120	1	GT4	GT4_e1449	151.1	10	2	True		unmapped	False
NEE56_mackay__GCA_013817245.1	NEE56_mackay__GCA_013817245.1|JACDDA010000001.1_120	1	GT4	GT4_e1449	151.1	20	2	True		unmapped	False
NEE56_mackay__GCA_013817245.1	NEE56_mackay__GCA_013817245.1|JACDDA010000001.1_181	1	GH23	GH23_e893	150.3	0	1	True		unmapped	False
NEE56_mackay__GCA_013817245.1	NEE56_mackay__GCA_013817245.1|JACDDA010000001.1_181	1	GH23	GH23_e893	150.3	10	6	True	peptidoglycan	ambiguous	False
NEE56_mackay__GCA_013817245.1	NEE56_mackay__GCA_013817245.1|JACDDA010000001.1_181	1	GH23	GH23_e893	150.3	20	13	True	peptidoglycan	ambiguous	False
NEE56_mackay__GCA_013817245.1	NEE56_mackay__GCA_013817245.1|JACDDA010000001.1_214	1	GT30	GT30_e0	185.0	0	1	True		unmapped	False
NEE56_mackay__GCA_013817245.1	NEE56_mackay__GCA_013817245.1|JACDDA010000001.1_214	1	GT30	GT30_e0	185.0	10	2	True		unmapped	False
NEE56_mackay__GCA_013817245.1	NEE56_mackay__GCA_013817245.1|JACDDA010000001.1_214	1	GT30	GT30_e0	185.0	20	3	True		unmapped	False
NEE56_mackay__GCA_013817245.1	NEE56_mackay__GCA_013817245.1|JACDDA010000001.1_222	1	GT9	GT9_e196	303.4	0	1	True		unmapped	False
NEE56_mackay__GCA_013817245.1	NEE56_mackay__GCA_013817245.1|JACDDA010000001.1_222	1	GT9	GT9_e196	303.4	10	1	True		unmapped	False
NEE56_mackay__GCA_013817245.1	NEE56_mackay__GCA_013817245.1|JACDDA010000001.1_222	1	GT9	GT9_e196	303.4	20	2	True		unmapped	False
NEE56_mackay__GCA_013817245.1	NEE56_mackay__GCA_013817245.1|JACDDA010000001.1_223	1	GT9	GT9_e84	366.6	0	1	True		unmapped	False
NEE56_mackay__GCA_013817245.1	NEE56_mackay__GCA_013817245.1|JACDDA010000001.1_223	1	GT9	GT9_e84	366.6	10	1	True		unmapped	False
NEE56_mackay__GCA_013817245.1	NEE56_mackay__GCA_013817245.1|JACDDA010000001.1_223	1	GT9	GT9_e84	366.6	20	1	True		unmapped	False
NEE56_mackay__GCA_013817245.1	NEE56_mackay__GCA_013817245.1|JACDDA010000001.1_226	1	GT4	GT4_e1722	163.2	0	1	True		unmapped	False
NEE56_mackay__GCA_013817245.1	NEE56_mackay__GCA_013817245.1|JACDDA010000001.1_226	1	GT4	GT4_e1722	163.2	10	1	True		unmapped	False
NEE56_mackay__GCA_013817245.1	NEE56_mackay__GCA_013817245.1|JACDDA010000001.1_226	1	GT4	GT4_e1722	163.2	20	1	True		unmapped	False
NEE56_mackay__GCA_013817245.1	NEE56_mackay__GCA_013817245.1|JACDDA010000001.1_227	1	GT2	GT2_e1415	121.0	0	1	True		unmapped	False
NEE56_mackay__GCA_013817245.1	NEE56_mackay__GCA_013817245.1|JACDDA010000001.1_227	1	GT2	GT2_e1415	121.0	10	5	True		unmapped	False
NEE56_mackay__GCA_013817245.1	NEE56_mackay__GCA_013817245.1|JACDDA010000001.1_227	1	GT2	GT2_e1415	121.0	20	9	True		unmapped	False
NEE56_mackay__GCA_013817245.1	NEE56_mackay__GCA_013817245.1|JACDDA010000001.1_228	1	GT4	GT4_e3461	202.1	0	1	True		unmapped	False
NEE56_mackay__GCA_013817245.1	NEE56_mackay__GCA_013817245.1|JACDDA010000001.1_228	1	GT4	GT4_e3461	202.1	10	1	True		unmapped	False
NEE56_mackay__GCA_013817245.1	NEE56_mackay__GCA_013817245.1|JACDDA010000001.1_228	1	GT4	GT4_e3461	202.1	20	1	True		unmapped	False
NEE56_mackay__GCA_013817245.1	NEE56_mackay__GCA_013817245.1|JACDDA010000001.1_236	1	GT4	GT4_e3519	213.8	0	1	True		unmapped	False
NEE56_mackay__GCA_013817245.1	NEE56_mackay__GCA_013817245.1|JACDDA010000001.1_236	1	GT4	GT4_e3519	213.8	10	1	True		unmapped	False
NEE56_mackay__GCA_013817245.1	NEE56_mackay__GCA_013817245.1|JACDDA010000001.1_236	1	GT4	GT4_e3519	213.8	20	1	True		unmapped	False
NEE56_mackay__GCA_013817245.1	NEE56_mackay__GCA_013817245.1|JACDDA010000001.1_384	1	GT51	GT51_e153	266.5	0	1	True		unmapped	False
NEE56_mackay__GCA_013817245.1	NEE56_mackay__GCA_013817245.1|JACDDA010000001.1_384	1	GT51	GT51_e153	266.5	10	2	True		unmapped	False
NEE56_mackay__GCA_013817245.1	NEE56_mackay__GCA_013817245.1|JACDDA010000001.1_384	1	GT51	GT51_e153	266.5	20	3	True		unmapped	False
NEE56_mackay__GCA_013817245.1	NEE56_mackay__GCA_013817245.1|JACDDA010000001.1_472	1	GH94	GH94_e1	1591.9	0	1	False	beta-glucan;chitin	ambiguous	False
NEE56_mackay__GCA_013817245.1	NEE56_mackay__GCA_013817245.1|JACDDA010000001.1_472	1	GH94	GH94_e1	1591.9	10	1	False	beta-glucan;chitin	ambiguous	False
NEE56_mackay__GCA_013817245.1	NEE56_mackay__GCA_013817245.1|JACDDA010000001.1_472	1	GH94	GH94_e1	1591.9	20	1	False	beta-glucan;chitin	ambiguous	False
NEE56_mackay__GCA_013817245.1	NEE56_mackay__GCA_013817245.1|JACDDA010000001.1_472	2	GT84	GT84_e1	346.0	0	1	True		unmapped	False
NEE56_mackay__GCA_013817245.1	NEE56_mackay__GCA_013817245.1|JACDDA010000001.1_472	2	GT84	GT84_e1	346.0	10	1	True		unmapped	False
NEE56_mackay__GCA_013817245.1	NEE56_mackay__GCA_013817245.1|JACDDA010000001.1_472	2	GT84	GT84_e1	346.0	20	1	True		unmapped	False
NEE56_mackay__GCA_013817245.1	NEE56_mackay__GCA_013817245.1|JACDDA010000001.1_472	3	GH94	GH94_e9	89.1	0	1	True		unmapped	False
NEE56_mackay__GCA_013817245.1	NEE56_mackay__GCA_013817245.1|JACDDA010000001.1_472	3	GH94	GH94_e9	89.1	10	1	True		unmapped	False
NEE56_mackay__GCA_013817245.1	NEE56_mackay__GCA_013817245.1|JACDDA010000001.1_472	3	GH94	GH94_e9	89.1	20	2	True	cellulose	ambiguous	False
NEE56_mackay__GCA_013817245.1	NEE56_mackay__GCA_013817245.1|JACDDA010000001.1_53	1	GT2	GT2_e3224	166.2	0	1	True		unmapped	False
NEE56_mackay__GCA_013817245.1	NEE56_mackay__GCA_013817245.1|JACDDA010000001.1_53	1	GT2	GT2_e3224	166.2	10	2	True		unmapped	False
NEE56_mackay__GCA_013817245.1	NEE56_mackay__GCA_013817245.1|JACDDA010000001.1_53	1	GT2	GT2_e3224	166.2	20	2	True		unmapped	False
NEE56_mackay__GCA_013817245.1	NEE56_mackay__GCA_013817245.1|JACDDA010000001.1_77	1	AA1	AA1_e1	85.2	0	1	False	lignin	single_label_candidate	False
NEE56_mackay__GCA_013817245.1	NEE56_mackay__GCA_013817245.1|JACDDA010000001.1_77	1	AA1	AA1_e1	85.2	10	2	False	lignin	single_label_candidate	False
NEE56_mackay__GCA_013817245.1	NEE56_mackay__GCA_013817245.1|JACDDA010000001.1_77	1	AA1	AA1_e1	85.2	20	4	True	lignin	ambiguous	False
NEE56_mackay__GCA_013817245.1	NEE56_mackay__GCA_013817245.1|JACDDA010000002.1_181	1	CBM50	CBM50_e367	83.0	0	1	True		unmapped	False
NEE56_mackay__GCA_013817245.1	NEE56_mackay__GCA_013817245.1|JACDDA010000002.1_181	1	CBM50	CBM50_e367	83.0	10	11	True		unmapped	False
NEE56_mackay__GCA_013817245.1	NEE56_mackay__GCA_013817245.1|JACDDA010000002.1_181	1	CBM50	CBM50_e367	83.0	20	19	True		unmapped	False
NEE56_mackay__GCA_013817245.1	NEE56_mackay__GCA_013817245.1|JACDDA010000002.1_217	1	GH23	GH23_e974	182.2	0	1	True		unmapped	False
NEE56_mackay__GCA_013817245.1	NEE56_mackay__GCA_013817245.1|JACDDA010000002.1_217	1	GH23	GH23_e974	182.2	10	1	True		unmapped	False
NEE56_mackay__GCA_013817245.1	NEE56_mackay__GCA_013817245.1|JACDDA010000002.1_217	1	GH23	GH23_e974	182.2	20	2	True		unmapped	False
NEE56_mackay__GCA_013817245.1	NEE56_mackay__GCA_013817245.1|JACDDA010000002.1_217	2	CBM50	CBM50_e461	58.6	0	1	True		unmapped	False
NEE56_mackay__GCA_013817245.1	NEE56_mackay__GCA_013817245.1|JACDDA010000002.1_217	2	CBM50	CBM50_e461	58.6	10	2	True		unmapped	False
NEE56_mackay__GCA_013817245.1	NEE56_mackay__GCA_013817245.1|JACDDA010000002.1_217	2	CBM50	CBM50_e461	58.6	20	2	True		unmapped	False
NEE56_mackay__GCA_013817245.1	NEE56_mackay__GCA_013817245.1|JACDDA010000002.1_270	1	GT4	GT4_e3056	181.1	0	1	True		unmapped	False
NEE56_mackay__GCA_013817245.1	NEE56_mackay__GCA_013817245.1|JACDDA010000002.1_270	1	GT4	GT4_e3056	181.1	10	1	True		unmapped	False
NEE56_mackay__GCA_013817245.1	NEE56_mackay__GCA_013817245.1|JACDDA010000002.1_270	1	GT4	GT4_e3056	181.1	20	1	True		unmapped	False
NEE56_mackay__GCA_013817245.1	NEE56_mackay__GCA_013817245.1|JACDDA010000002.1_310	1	GH103	GH103_e12	378.0	0	1	True		unmapped	False
NEE56_mackay__GCA_013817245.1	NEE56_mackay__GCA_013817245.1|JACDDA010000002.1_310	1	GH103	GH103_e12	378.0	10	3	True		unmapped	False
NEE56_mackay__GCA_013817245.1	NEE56_mackay__GCA_013817245.1|JACDDA010000002.1_310	1	GH103	GH103_e12	378.0	20	3	True		unmapped	False
NEE56_mackay__GCA_013817245.1	NEE56_mackay__GCA_013817245.1|JACDDA010000003.1_121	1	GT51	GT51_e15	265.2	0	1	True		unmapped	False
NEE56_mackay__GCA_013817245.1	NEE56_mackay__GCA_013817245.1|JACDDA010000003.1_121	1	GT51	GT51_e15	265.2	10	2	True		unmapped	False
NEE56_mackay__GCA_013817245.1	NEE56_mackay__GCA_013817245.1|JACDDA010000003.1_121	1	GT51	GT51_e15	265.2	20	3	True		unmapped	False
NEE56_mackay__GCA_013817245.1	NEE56_mackay__GCA_013817245.1|JACDDA010000003.1_192	1	GT2	GT2_e3574	81.7	0	1	True		unmapped	False
NEE56_mackay__GCA_013817245.1	NEE56_mackay__GCA_013817245.1|JACDDA010000003.1_192	1	GT2	GT2_e3574	81.7	10	4	True		unmapped	False
NEE56_mackay__GCA_013817245.1	NEE56_mackay__GCA_013817245.1|JACDDA010000003.1_192	1	GT2	GT2_e3574	81.7	20	40	True		unmapped	False
NEE56_mackay__GCA_013817245.1	NEE56_mackay__GCA_013817245.1|JACDDA010000003.1_20	1	GH23	GH23_e901	247.9	0	1	True		unmapped	False
NEE56_mackay__GCA_013817245.1	NEE56_mackay__GCA_013817245.1|JACDDA010000003.1_20	1	GH23	GH23_e901	247.9	10	6	True	peptidoglycan	ambiguous	False
NEE56_mackay__GCA_013817245.1	NEE56_mackay__GCA_013817245.1|JACDDA010000003.1_20	1	GH23	GH23_e901	247.9	20	6	True	peptidoglycan	ambiguous	False
NEE56_mackay__GCA_013817245.1	NEE56_mackay__GCA_013817245.1|JACDDA010000003.1_212	1	GT2	GT2_e3652	265.0	0	1	True		unmapped	False
NEE56_mackay__GCA_013817245.1	NEE56_mackay__GCA_013817245.1|JACDDA010000003.1_212	1	GT2	GT2_e3652	265.0	10	1	True		unmapped	False
NEE56_mackay__GCA_013817245.1	NEE56_mackay__GCA_013817245.1|JACDDA010000003.1_212	1	GT2	GT2_e3652	265.0	20	1	True		unmapped	False
NEE56_mackay__GCA_013817245.1	NEE56_mackay__GCA_013817245.1|JACDDA010000003.1_89	1	GT51	GT51_e0	220.8	0	1	True		unmapped	False
NEE56_mackay__GCA_013817245.1	NEE56_mackay__GCA_013817245.1|JACDDA010000003.1_89	1	GT51	GT51_e0	220.8	10	3	True		unmapped	False
NEE56_mackay__GCA_013817245.1	NEE56_mackay__GCA_013817245.1|JACDDA010000003.1_89	1	GT51	GT51_e0	220.8	20	4	True		unmapped	False
NEE56_mackay__GCA_013817245.1	NEE56_mackay__GCA_013817245.1|JACDDA010000004.1_28	1	GH73	GH73_e204	151.6	0	1	True		unmapped	False
NEE56_mackay__GCA_013817245.1	NEE56_mackay__GCA_013817245.1|JACDDA010000004.1_28	1	GH73	GH73_e204	151.6	10	3	True		unmapped	False
NEE56_mackay__GCA_013817245.1	NEE56_mackay__GCA_013817245.1|JACDDA010000004.1_28	1	GH73	GH73_e204	151.6	20	9	True	peptidoglycan	ambiguous	False
NEE56_mackay__GCA_013817245.1	NEE56_mackay__GCA_013817245.1|JACDDA010000004.1_58	1	AA12	AA12_e0	64.3	0	1	True		unmapped	False
NEE56_mackay__GCA_013817245.1	NEE56_mackay__GCA_013817245.1|JACDDA010000004.1_58	1	AA12	AA12_e0	64.3	10	1	True		unmapped	False
NEE56_mackay__GCA_013817245.1	NEE56_mackay__GCA_013817245.1|JACDDA010000004.1_58	1	AA12	AA12_e0	64.3	20	1	True		unmapped	False
NEE56_mackay__GCA_013817245.1	NEE56_mackay__GCA_013817245.1|JACDDA010000005.1_139	1	GT19	GT19_e19	473.9	0	1	True		unmapped	False
NEE56_mackay__GCA_013817245.1	NEE56_mackay__GCA_013817245.1|JACDDA010000005.1_139	1	GT19	GT19_e19	473.9	10	1	True		unmapped	False
NEE56_mackay__GCA_013817245.1	NEE56_mackay__GCA_013817245.1|JACDDA010000005.1_139	1	GT19	GT19_e19	473.9	20	2	True		unmapped	False
NEE56_mackay__GCA_013817245.1	NEE56_mackay__GCA_013817245.1|JACDDA010000005.1_152	1	GH3	GH3_e78	351.3	0	1	False	chitin	single_label_candidate	False
NEE56_mackay__GCA_013817245.1	NEE56_mackay__GCA_013817245.1|JACDDA010000005.1_152	1	GH3	GH3_e78	351.3	10	1	False	chitin	single_label_candidate	False
NEE56_mackay__GCA_013817245.1	NEE56_mackay__GCA_013817245.1|JACDDA010000005.1_152	1	GH3	GH3_e78	351.3	20	2	False	chitin	single_label_candidate	False
NEE56_mackay__GCA_013817245.1	NEE56_mackay__GCA_013817245.1|JACDDA010000005.1_194	1	GH23	GH23_e418	220.1	0	1	True		unmapped	False
NEE56_mackay__GCA_013817245.1	NEE56_mackay__GCA_013817245.1|JACDDA010000005.1_194	1	GH23	GH23_e418	220.1	10	2	True		unmapped	False
NEE56_mackay__GCA_013817245.1	NEE56_mackay__GCA_013817245.1|JACDDA010000005.1_194	1	GH23	GH23_e418	220.1	20	3	True		unmapped	False
NEE56_mackay__GCA_013817245.1	NEE56_mackay__GCA_013817245.1|JACDDA010000005.1_194	2	CBM50	CBM50_e496	59.2	0	1	True		unmapped	False
NEE56_mackay__GCA_013817245.1	NEE56_mackay__GCA_013817245.1|JACDDA010000005.1_194	2	CBM50	CBM50_e496	59.2	10	9	True		unmapped	False
NEE56_mackay__GCA_013817245.1	NEE56_mackay__GCA_013817245.1|JACDDA010000005.1_194	2	CBM50	CBM50_e496	59.2	20	9	True		unmapped	False
NEE56_mackay__GCA_013817245.1	NEE56_mackay__GCA_013817245.1|JACDDA010000005.1_21	1	CBM50	CBM50_e903	73.1	0	1	True		unmapped	False
NEE56_mackay__GCA_013817245.1	NEE56_mackay__GCA_013817245.1|JACDDA010000005.1_21	1	CBM50	CBM50_e903	73.1	10	3	True		unmapped	False
NEE56_mackay__GCA_013817245.1	NEE56_mackay__GCA_013817245.1|JACDDA010000005.1_21	1	CBM50	CBM50_e903	73.1	20	9	True		unmapped	False
NEE56_mackay__GCA_013817245.1	NEE56_mackay__GCA_013817245.1|JACDDA010000007.1_22	1	GH23	GH23_e279	160.9	0	1	True		unmapped	False
NEE56_mackay__GCA_013817245.1	NEE56_mackay__GCA_013817245.1|JACDDA010000007.1_22	1	GH23	GH23_e279	160.9	10	2	True		unmapped	False
NEE56_mackay__GCA_013817245.1	NEE56_mackay__GCA_013817245.1|JACDDA010000007.1_22	1	GH23	GH23_e279	160.9	20	4	True		unmapped	False
NEE56_mackay__GCA_013817245.1	NEE56_mackay__GCA_013817245.1|JACDDA010000007.1_27	1	CBM50	CBM50_e441	83.4	0	1	True		unmapped	False
NEE56_mackay__GCA_013817245.1	NEE56_mackay__GCA_013817245.1|JACDDA010000007.1_27	1	CBM50	CBM50_e441	83.4	10	1	True		unmapped	False
NEE56_mackay__GCA_013817245.1	NEE56_mackay__GCA_013817245.1|JACDDA010000007.1_27	1	CBM50	CBM50_e441	83.4	20	3	True		unmapped	False
NEE56_mackay__GCA_013817245.1	NEE56_mackay__GCA_013817245.1|JACDDA010000007.1_28	1	AA6	AA6_e2	158.1	0	1	True		unmapped	False
NEE56_mackay__GCA_013817245.1	NEE56_mackay__GCA_013817245.1|JACDDA010000007.1_28	1	AA6	AA6_e2	158.1	10	1	True		unmapped	False
NEE56_mackay__GCA_013817245.1	NEE56_mackay__GCA_013817245.1|JACDDA010000007.1_28	1	AA6	AA6_e2	158.1	20	1	True		unmapped	False
NEE56_mackay__GCA_013817245.1	NEE56_mackay__GCA_013817245.1|JACDDA010000007.1_74	1	AA3	AA3_e44	739.7	0	1	True		unmapped	False
NEE56_mackay__GCA_013817245.1	NEE56_mackay__GCA_013817245.1|JACDDA010000007.1_74	1	AA3	AA3_e44	739.7	10	1	True		unmapped	False
NEE56_mackay__GCA_013817245.1	NEE56_mackay__GCA_013817245.1|JACDDA010000007.1_74	1	AA3	AA3_e44	739.7	20	1	True		unmapped	False
NEE56_mackay__GCA_013817245.1	NEE56_mackay__GCA_013817245.1|JACDDA010000008.1_15	1	GT51	GT51_e46	152.2	0	1	True		unmapped	False
NEE56_mackay__GCA_013817245.1	NEE56_mackay__GCA_013817245.1|JACDDA010000008.1_15	1	GT51	GT51_e46	152.2	10	1	True		unmapped	False
NEE56_mackay__GCA_013817245.1	NEE56_mackay__GCA_013817245.1|JACDDA010000008.1_15	1	GT51	GT51_e46	152.2	20	3	True		unmapped	False
NEE56_mackay__GCA_013817245.1	NEE56_mackay__GCA_013817245.1|JACDDA010000008.1_86	1	CE11	CE11_e22	435.7	0	1	False	exo-polysaccharide	single_label_candidate	False
NEE56_mackay__GCA_013817245.1	NEE56_mackay__GCA_013817245.1|JACDDA010000008.1_86	1	CE11	CE11_e22	435.7	10	1	False	exo-polysaccharide	single_label_candidate	False
NEE56_mackay__GCA_013817245.1	NEE56_mackay__GCA_013817245.1|JACDDA010000008.1_86	1	CE11	CE11_e22	435.7	20	1	False	exo-polysaccharide	single_label_candidate	False
NEE56_mackay__GCA_013817245.1	NEE56_mackay__GCA_013817245.1|JACDDA010000008.1_93	1	GT28	GT28_e46	199.4	0	1	True		unmapped	False
NEE56_mackay__GCA_013817245.1	NEE56_mackay__GCA_013817245.1|JACDDA010000008.1_93	1	GT28	GT28_e46	199.4	10	1	True		unmapped	False
NEE56_mackay__GCA_013817245.1	NEE56_mackay__GCA_013817245.1|JACDDA010000008.1_93	1	GT28	GT28_e46	199.4	20	1	True		unmapped	False
