tip_id	genome_id	domain	lineage_id	collapsed_rank	collapsed_name	lineage_path
NEE60_G_02272	desert2025__GCA_030855085.1	Bacteria	B69_L001	phylum	4484-113	/phylum:4484-113
NEE60_G_00024	GCA_046260175.1	Bacteria	B69_L002	phylum	Acidobacteriota	/phylum:Acidobacteriota
NEE60_G_00053	GCA_046261635.1	Bacteria	B69_L002	phylum	Acidobacteriota	/phylum:Acidobacteriota
NEE60_G_00060	GCA_046261795.1	Bacteria	B69_L002	phylum	Acidobacteriota	/phylum:Acidobacteriota
NEE60_G_00061	GCA_046261815.1	Bacteria	B69_L002	phylum	Acidobacteriota	/phylum:Acidobacteriota
NEE60_G_00063	GCA_046261855.1	Bacteria	B69_L002	phylum	Acidobacteriota	/phylum:Acidobacteriota
NEE60_G_00064	GCA_046261875.1	Bacteria	B69_L002	phylum	Acidobacteriota	/phylum:Acidobacteriota
NEE60_G_00066	GCA_046261915.1	Bacteria	B69_L002	phylum	Acidobacteriota	/phylum:Acidobacteriota
NEE60_G_00070	GCA_046261995.1	Bacteria	B69_L002	phylum	Acidobacteriota	/phylum:Acidobacteriota
NEE60_G_00073	GCA_046262045.1	Bacteria	B69_L002	phylum	Acidobacteriota	/phylum:Acidobacteriota
NEE60_G_00076	GCA_046262135.1	Bacteria	B69_L002	phylum	Acidobacteriota	/phylum:Acidobacteriota
NEE60_G_00079	GCA_046262195.1	Bacteria	B69_L002	phylum	Acidobacteriota	/phylum:Acidobacteriota
NEE60_G_00081	GCA_046262235.1	Bacteria	B69_L002	phylum	Acidobacteriota	/phylum:Acidobacteriota
NEE60_G_00084	GCA_046262295.1	Bacteria	B69_L002	phylum	Acidobacteriota	/phylum:Acidobacteriota
NEE60_G_00086	GCA_046262335.1	Bacteria	B69_L002	phylum	Acidobacteriota	/phylum:Acidobacteriota
NEE60_G_00088	GCA_046262375.1	Bacteria	B69_L002	phylum	Acidobacteriota	/phylum:Acidobacteriota
NEE60_G_00104	GCA_046262695.1	Bacteria	B69_L002	phylum	Acidobacteriota	/phylum:Acidobacteriota
NEE60_G_00108	GCA_046262775.1	Bacteria	B69_L002	phylum	Acidobacteriota	/phylum:Acidobacteriota
NEE60_G_00111	GCA_046262835.1	Bacteria	B69_L002	phylum	Acidobacteriota	/phylum:Acidobacteriota
NEE60_G_00127	GCA_046263175.1	Bacteria	B69_L002	phylum	Acidobacteriota	/phylum:Acidobacteriota
NEE60_G_00609	GCA_050744645.1_genomic	Bacteria	B69_L002	phylum	Acidobacteriota	/phylum:Acidobacteriota
NEE60_G_00614	GCA_050745045.1_genomic	Bacteria	B69_L002	phylum	Acidobacteriota	/phylum:Acidobacteriota
NEE60_G_00615	GCA_050745065.1_genomic	Bacteria	B69_L002	phylum	Acidobacteriota	/phylum:Acidobacteriota
NEE60_G_00616	GCA_050745165.1_genomic	Bacteria	B69_L002	phylum	Acidobacteriota	/phylum:Acidobacteriota
NEE60_G_00617	GCA_050745185.1_genomic	Bacteria	B69_L002	phylum	Acidobacteriota	/phylum:Acidobacteriota
NEE60_G_00618	GCA_050745245.1_genomic	Bacteria	B69_L002	phylum	Acidobacteriota	/phylum:Acidobacteriota
NEE60_G_00619	GCA_050745265.1_genomic	Bacteria	B69_L002	phylum	Acidobacteriota	/phylum:Acidobacteriota
NEE60_G_00620	GCA_050745285.1_genomic	Bacteria	B69_L002	phylum	Acidobacteriota	/phylum:Acidobacteriota
NEE60_G_00621	GCA_050745305.1_genomic	Bacteria	B69_L002	phylum	Acidobacteriota	/phylum:Acidobacteriota
NEE60_G_00622	GCA_050745325.1_genomic	Bacteria	B69_L002	phylum	Acidobacteriota	/phylum:Acidobacteriota
NEE60_G_00623	GCA_050745345.1_genomic	Bacteria	B69_L002	phylum	Acidobacteriota	/phylum:Acidobacteriota
NEE60_G_00624	GCA_050745365.1_genomic	Bacteria	B69_L002	phylum	Acidobacteriota	/phylum:Acidobacteriota
NEE60_G_00625	GCA_050745385.1_genomic	Bacteria	B69_L002	phylum	Acidobacteriota	/phylum:Acidobacteriota
NEE60_G_00626	GCA_050745425.1_genomic	Bacteria	B69_L002	phylum	Acidobacteriota	/phylum:Acidobacteriota
NEE60_G_00627	GCA_050745445.1_genomic	Bacteria	B69_L002	phylum	Acidobacteriota	/phylum:Acidobacteriota
NEE60_G_00628	GCA_050745465.1_genomic	Bacteria	B69_L002	phylum	Acidobacteriota	/phylum:Acidobacteriota
NEE60_G_00629	GCA_050745505.1_genomic	Bacteria	B69_L002	phylum	Acidobacteriota	/phylum:Acidobacteriota
NEE60_G_00630	GCA_050745525.1_genomic	Bacteria	B69_L002	phylum	Acidobacteriota	/phylum:Acidobacteriota
NEE60_G_00631	GCA_050745565.1_genomic	Bacteria	B69_L002	phylum	Acidobacteriota	/phylum:Acidobacteriota
NEE60_G_00632	GCA_050745605.1_genomic	Bacteria	B69_L002	phylum	Acidobacteriota	/phylum:Acidobacteriota
NEE60_G_00633	GCA_050745625.1_genomic	Bacteria	B69_L002	phylum	Acidobacteriota	/phylum:Acidobacteriota
NEE60_G_00634	GCA_050745645.1_genomic	Bacteria	B69_L002	phylum	Acidobacteriota	/phylum:Acidobacteriota
NEE60_G_00635	GCA_050745665.1_genomic	Bacteria	B69_L002	phylum	Acidobacteriota	/phylum:Acidobacteriota
NEE60_G_00636	GCA_050745705.1_genomic	Bacteria	B69_L002	phylum	Acidobacteriota	/phylum:Acidobacteriota
NEE60_G_00637	GCA_050745725.1_genomic	Bacteria	B69_L002	phylum	Acidobacteriota	/phylum:Acidobacteriota
NEE60_G_00638	GCA_050745765.1_genomic	Bacteria	B69_L002	phylum	Acidobacteriota	/phylum:Acidobacteriota
NEE60_G_00639	GCA_050745825.1_genomic	Bacteria	B69_L002	phylum	Acidobacteriota	/phylum:Acidobacteriota
NEE60_G_00640	GCA_050745845.1_genomic	Bacteria	B69_L002	phylum	Acidobacteriota	/phylum:Acidobacteriota
NEE60_G_00641	GCA_050745865.1_genomic	Bacteria	B69_L002	phylum	Acidobacteriota	/phylum:Acidobacteriota
NEE60_G_00642	GCA_050745885.1_genomic	Bacteria	B69_L002	phylum	Acidobacteriota	/phylum:Acidobacteriota
NEE60_G_00643	GCA_050745905.1_genomic	Bacteria	B69_L002	phylum	Acidobacteriota	/phylum:Acidobacteriota
NEE60_G_00644	GCA_050745945.1_genomic	Bacteria	B69_L002	phylum	Acidobacteriota	/phylum:Acidobacteriota
NEE60_G_00645	GCA_050745965.1_genomic	Bacteria	B69_L002	phylum	Acidobacteriota	/phylum:Acidobacteriota
NEE60_G_00646	GCA_050745985.1_genomic	Bacteria	B69_L002	phylum	Acidobacteriota	/phylum:Acidobacteriota
NEE60_G_00647	GCA_050746005.1_genomic	Bacteria	B69_L002	phylum	Acidobacteriota	/phylum:Acidobacteriota
NEE60_G_00648	GCA_050746025.1_genomic	Bacteria	B69_L002	phylum	Acidobacteriota	/phylum:Acidobacteriota
NEE60_G_00649	GCA_050746085.1_genomic	Bacteria	B69_L002	phylum	Acidobacteriota	/phylum:Acidobacteriota
NEE60_G_00650	GCA_050746105.1_genomic	Bacteria	B69_L002	phylum	Acidobacteriota	/phylum:Acidobacteriota
NEE60_G_00651	GCA_050746125.1_genomic	Bacteria	B69_L002	phylum	Acidobacteriota	/phylum:Acidobacteriota
NEE60_G_00652	GCA_050746145.1_genomic	Bacteria	B69_L002	phylum	Acidobacteriota	/phylum:Acidobacteriota
NEE60_G_00653	GCA_050746165.1_genomic	Bacteria	B69_L002	phylum	Acidobacteriota	/phylum:Acidobacteriota
NEE60_G_00654	GCA_050746185.1_genomic	Bacteria	B69_L002	phylum	Acidobacteriota	/phylum:Acidobacteriota
NEE60_G_00655	GCA_050746205.1_genomic	Bacteria	B69_L002	phylum	Acidobacteriota	/phylum:Acidobacteriota
NEE60_G_00656	GCA_050746245.1_genomic	Bacteria	B69_L002	phylum	Acidobacteriota	/phylum:Acidobacteriota
NEE60_G_00657	GCA_050746265.1_genomic	Bacteria	B69_L002	phylum	Acidobacteriota	/phylum:Acidobacteriota
NEE60_G_00658	GCA_050746305.1_genomic	Bacteria	B69_L002	phylum	Acidobacteriota	/phylum:Acidobacteriota
NEE60_G_00659	GCA_050746325.1_genomic	Bacteria	B69_L002	phylum	Acidobacteriota	/phylum:Acidobacteriota
NEE60_G_00660	GCA_050746345.1_genomic	Bacteria	B69_L002	phylum	Acidobacteriota	/phylum:Acidobacteriota
NEE60_G_00661	GCA_050746365.1_genomic	Bacteria	B69_L002	phylum	Acidobacteriota	/phylum:Acidobacteriota
NEE60_G_00662	GCA_050746385.1_genomic	Bacteria	B69_L002	phylum	Acidobacteriota	/phylum:Acidobacteriota
NEE60_G_00663	GCA_050746405.1_genomic	Bacteria	B69_L002	phylum	Acidobacteriota	/phylum:Acidobacteriota
NEE60_G_00664	GCA_050746425.1_genomic	Bacteria	B69_L002	phylum	Acidobacteriota	/phylum:Acidobacteriota
NEE60_G_00665	GCA_050746465.1_genomic	Bacteria	B69_L002	phylum	Acidobacteriota	/phylum:Acidobacteriota
NEE60_G_00666	GCA_050746505.1_genomic	Bacteria	B69_L002	phylum	Acidobacteriota	/phylum:Acidobacteriota
NEE60_G_00667	GCA_050746525.1_genomic	Bacteria	B69_L002	phylum	Acidobacteriota	/phylum:Acidobacteriota
NEE60_G_00668	GCA_050746565.1_genomic	Bacteria	B69_L002	phylum	Acidobacteriota	/phylum:Acidobacteriota
NEE60_G_00669	GCA_050746605.1_genomic	Bacteria	B69_L002	phylum	Acidobacteriota	/phylum:Acidobacteriota
NEE60_G_00670	GCA_050746625.1_genomic	Bacteria	B69_L002	phylum	Acidobacteriota	/phylum:Acidobacteriota
NEE60_G_00671	GCA_050746665.1_genomic	Bacteria	B69_L002	phylum	Acidobacteriota	/phylum:Acidobacteriota
NEE60_G_00672	GCA_050746705.1_genomic	Bacteria	B69_L002	phylum	Acidobacteriota	/phylum:Acidobacteriota
NEE60_G_00673	GCA_050746725.1_genomic	Bacteria	B69_L002	phylum	Acidobacteriota	/phylum:Acidobacteriota
NEE60_G_00674	GCA_050746745.1_genomic	Bacteria	B69_L002	phylum	Acidobacteriota	/phylum:Acidobacteriota
NEE60_G_00675	GCA_050746765.1_genomic	Bacteria	B69_L002	phylum	Acidobacteriota	/phylum:Acidobacteriota
NEE60_G_00676	GCA_050746805.1_genomic	Bacteria	B69_L002	phylum	Acidobacteriota	/phylum:Acidobacteriota
NEE60_G_00677	GCA_050746865.1_genomic	Bacteria	B69_L002	phylum	Acidobacteriota	/phylum:Acidobacteriota
NEE60_G_00678	GCA_050746885.1_genomic	Bacteria	B69_L002	phylum	Acidobacteriota	/phylum:Acidobacteriota
NEE60_G_00679	GCA_050746905.1_genomic	Bacteria	B69_L002	phylum	Acidobacteriota	/phylum:Acidobacteriota
NEE60_G_00680	GCA_050746925.1_genomic	Bacteria	B69_L002	phylum	Acidobacteriota	/phylum:Acidobacteriota
NEE60_G_00681	GCA_050746945.1_genomic	Bacteria	B69_L002	phylum	Acidobacteriota	/phylum:Acidobacteriota
NEE60_G_00682	GCA_050746965.1_genomic	Bacteria	B69_L002	phylum	Acidobacteriota	/phylum:Acidobacteriota
NEE60_G_00683	GCA_050747005.1_genomic	Bacteria	B69_L002	phylum	Acidobacteriota	/phylum:Acidobacteriota
NEE60_G_00684	GCA_050747045.1_genomic	Bacteria	B69_L002	phylum	Acidobacteriota	/phylum:Acidobacteriota
NEE60_G_00685	GCA_050747085.1_genomic	Bacteria	B69_L002	phylum	Acidobacteriota	/phylum:Acidobacteriota
NEE60_G_00686	GCA_050747105.1_genomic	Bacteria	B69_L002	phylum	Acidobacteriota	/phylum:Acidobacteriota
NEE60_G_00687	GCA_050747145.1_genomic	Bacteria	B69_L002	phylum	Acidobacteriota	/phylum:Acidobacteriota
NEE60_G_00688	GCA_050747165.1_genomic	Bacteria	B69_L002	phylum	Acidobacteriota	/phylum:Acidobacteriota
NEE60_G_00689	GCA_050747205.1_genomic	Bacteria	B69_L002	phylum	Acidobacteriota	/phylum:Acidobacteriota
NEE60_G_00690	GCA_050747225.1_genomic	Bacteria	B69_L002	phylum	Acidobacteriota	/phylum:Acidobacteriota
NEE60_G_00691	GCA_050747245.1_genomic	Bacteria	B69_L002	phylum	Acidobacteriota	/phylum:Acidobacteriota
NEE60_G_00692	GCA_050747265.1_genomic	Bacteria	B69_L002	phylum	Acidobacteriota	/phylum:Acidobacteriota
NEE60_G_00694	GCA_050747385.1_genomic	Bacteria	B69_L002	phylum	Acidobacteriota	/phylum:Acidobacteriota
NEE60_G_00695	GCA_050747605.1_genomic	Bacteria	B69_L002	phylum	Acidobacteriota	/phylum:Acidobacteriota
NEE60_G_00696	GCA_050747645.1_genomic	Bacteria	B69_L002	phylum	Acidobacteriota	/phylum:Acidobacteriota
NEE60_G_00697	GCA_050747685.1_genomic	Bacteria	B69_L002	phylum	Acidobacteriota	/phylum:Acidobacteriota
NEE60_G_00698	GCA_050747745.1_genomic	Bacteria	B69_L002	phylum	Acidobacteriota	/phylum:Acidobacteriota
NEE60_G_00699	GCA_050747765.1_genomic	Bacteria	B69_L002	phylum	Acidobacteriota	/phylum:Acidobacteriota
NEE60_G_00700	GCA_050747805.1_genomic	Bacteria	B69_L002	phylum	Acidobacteriota	/phylum:Acidobacteriota
NEE60_G_00701	GCA_050747885.1_genomic	Bacteria	B69_L002	phylum	Acidobacteriota	/phylum:Acidobacteriota
NEE60_G_00702	GCA_050747905.1_genomic	Bacteria	B69_L002	phylum	Acidobacteriota	/phylum:Acidobacteriota
NEE60_G_00703	GCA_050747965.1_genomic	Bacteria	B69_L002	phylum	Acidobacteriota	/phylum:Acidobacteriota
NEE60_G_00704	GCA_050747985.1_genomic	Bacteria	B69_L002	phylum	Acidobacteriota	/phylum:Acidobacteriota
NEE60_G_00705	GCA_050748005.1_genomic	Bacteria	B69_L002	phylum	Acidobacteriota	/phylum:Acidobacteriota
NEE60_G_00706	GCA_050748025.1_genomic	Bacteria	B69_L002	phylum	Acidobacteriota	/phylum:Acidobacteriota
NEE60_G_00708	GCA_050748165.1_genomic	Bacteria	B69_L002	phylum	Acidobacteriota	/phylum:Acidobacteriota
NEE60_G_00709	GCA_050748205.1_genomic	Bacteria	B69_L002	phylum	Acidobacteriota	/phylum:Acidobacteriota
NEE60_G_00710	GCA_050748245.1_genomic	Bacteria	B69_L002	phylum	Acidobacteriota	/phylum:Acidobacteriota
NEE60_G_00711	GCA_050748285.1_genomic	Bacteria	B69_L002	phylum	Acidobacteriota	/phylum:Acidobacteriota
NEE60_G_00758	MAG19	Bacteria	B69_L002	phylum	Acidobacteriota	/phylum:Acidobacteriota
NEE60_G_00769	MAG30	Bacteria	B69_L002	phylum	Acidobacteriota	/phylum:Acidobacteriota
NEE60_G_00778	MAG39	Bacteria	B69_L002	phylum	Acidobacteriota	/phylum:Acidobacteriota
NEE60_G_00787	MAG48	Bacteria	B69_L002	phylum	Acidobacteriota	/phylum:Acidobacteriota
NEE60_G_00788	MAG49	Bacteria	B69_L002	phylum	Acidobacteriota	/phylum:Acidobacteriota
NEE60_G_00809	MAG70	Bacteria	B69_L002	phylum	Acidobacteriota	/phylum:Acidobacteriota
NEE60_G_00932	NEE56_mackay__GCA_013694635.1	Bacteria	B69_L002	phylum	Acidobacteriota	/phylum:Acidobacteriota
NEE60_G_00943	NEE56_mackay__GCA_013694845.1	Bacteria	B69_L002	phylum	Acidobacteriota	/phylum:Acidobacteriota
NEE60_G_00959	NEE56_mackay__GCA_013695245.1	Bacteria	B69_L002	phylum	Acidobacteriota	/phylum:Acidobacteriota
NEE60_G_00968	NEE56_mackay__GCA_013695405.1	Bacteria	B69_L002	phylum	Acidobacteriota	/phylum:Acidobacteriota
NEE60_G_00970	NEE56_mackay__GCA_013695495.1	Bacteria	B69_L002	phylum	Acidobacteriota	/phylum:Acidobacteriota
NEE60_G_01008	NEE56_mackay__GCA_013696385.1	Bacteria	B69_L002	phylum	Acidobacteriota	/phylum:Acidobacteriota
NEE60_G_01011	NEE56_mackay__GCA_013696465.1	Bacteria	B69_L002	phylum	Acidobacteriota	/phylum:Acidobacteriota
NEE60_G_01019	NEE56_mackay__GCA_013696625.1	Bacteria	B69_L002	phylum	Acidobacteriota	/phylum:Acidobacteriota
NEE60_G_01042	NEE56_mackay__GCA_013697225.1	Bacteria	B69_L002	phylum	Acidobacteriota	/phylum:Acidobacteriota
NEE60_G_01048	NEE56_mackay__GCA_013697385.1	Bacteria	B69_L002	phylum	Acidobacteriota	/phylum:Acidobacteriota
NEE60_G_01054	NEE56_mackay__GCA_013697505.1	Bacteria	B69_L002	phylum	Acidobacteriota	/phylum:Acidobacteriota
NEE60_G_01074	NEE56_mackay__GCA_013697915.1	Bacteria	B69_L002	phylum	Acidobacteriota	/phylum:Acidobacteriota
NEE60_G_01077	NEE56_mackay__GCA_013698055.1	Bacteria	B69_L002	phylum	Acidobacteriota	/phylum:Acidobacteriota
NEE60_G_01078	NEE56_mackay__GCA_013698085.1	Bacteria	B69_L002	phylum	Acidobacteriota	/phylum:Acidobacteriota
NEE60_G_01103	NEE56_mackay__GCA_013811815.1	Bacteria	B69_L002	phylum	Acidobacteriota	/phylum:Acidobacteriota
NEE60_G_01105	NEE56_mackay__GCA_013811885.1	Bacteria	B69_L002	phylum	Acidobacteriota	/phylum:Acidobacteriota
NEE60_G_01107	NEE56_mackay__GCA_013811945.1	Bacteria	B69_L002	phylum	Acidobacteriota	/phylum:Acidobacteriota
NEE60_G_01130	NEE56_mackay__GCA_013812565.1	Bacteria	B69_L002	phylum	Acidobacteriota	/phylum:Acidobacteriota
NEE60_G_01142	NEE56_mackay__GCA_013812905.1	Bacteria	B69_L002	phylum	Acidobacteriota	/phylum:Acidobacteriota
NEE60_G_01147	NEE56_mackay__GCA_013813075.1	Bacteria	B69_L002	phylum	Acidobacteriota	/phylum:Acidobacteriota
NEE60_G_01153	NEE56_mackay__GCA_013813245.1	Bacteria	B69_L002	phylum	Acidobacteriota	/phylum:Acidobacteriota
NEE60_G_01156	NEE56_mackay__GCA_013813275.1	Bacteria	B69_L002	phylum	Acidobacteriota	/phylum:Acidobacteriota
NEE60_G_01159	NEE56_mackay__GCA_013813355.1	Bacteria	B69_L002	phylum	Acidobacteriota	/phylum:Acidobacteriota
NEE60_G_01160	NEE56_mackay__GCA_013813375.1	Bacteria	B69_L002	phylum	Acidobacteriota	/phylum:Acidobacteriota
NEE60_G_01174	NEE56_mackay__GCA_013813755.1	Bacteria	B69_L002	phylum	Acidobacteriota	/phylum:Acidobacteriota
NEE60_G_01176	NEE56_mackay__GCA_013813825.1	Bacteria	B69_L002	phylum	Acidobacteriota	/phylum:Acidobacteriota
NEE60_G_01197	NEE56_mackay__GCA_013815665.1	Bacteria	B69_L002	phylum	Acidobacteriota	/phylum:Acidobacteriota
NEE60_G_01198	NEE56_mackay__GCA_013815675.1	Bacteria	B69_L002	phylum	Acidobacteriota	/phylum:Acidobacteriota
NEE60_G_01202	NEE56_mackay__GCA_013815765.1	Bacteria	B69_L002	phylum	Acidobacteriota	/phylum:Acidobacteriota
NEE60_G_01209	NEE56_mackay__GCA_013815985.1	Bacteria	B69_L002	phylum	Acidobacteriota	/phylum:Acidobacteriota
NEE60_G_01228	NEE56_mackay__GCA_013816505.1	Bacteria	B69_L002	phylum	Acidobacteriota	/phylum:Acidobacteriota
NEE60_G_01229	NEE56_mackay__GCA_013816525.1	Bacteria	B69_L002	phylum	Acidobacteriota	/phylum:Acidobacteriota
NEE60_G_01246	NEE56_mackay__GCA_013816965.1	Bacteria	B69_L002	phylum	Acidobacteriota	/phylum:Acidobacteriota
NEE60_G_01261	NEE56_mackay__GCA_013817485.1	Bacteria	B69_L002	phylum	Acidobacteriota	/phylum:Acidobacteriota
NEE60_G_01264	NEE56_mackay__GCA_013817595.1	Bacteria	B69_L002	phylum	Acidobacteriota	/phylum:Acidobacteriota
NEE60_G_01266	NEE56_mackay__GCA_013820745.1	Bacteria	B69_L002	phylum	Acidobacteriota	/phylum:Acidobacteriota
NEE60_G_01273	NEE56_mackay__GCA_013820885.1	Bacteria	B69_L002	phylum	Acidobacteriota	/phylum:Acidobacteriota
NEE60_G_01287	NEE56_mackay__GCA_013821305.1	Bacteria	B69_L002	phylum	Acidobacteriota	/phylum:Acidobacteriota
NEE60_G_01294	NEE56_mackay__GCA_013821465.1	Bacteria	B69_L002	phylum	Acidobacteriota	/phylum:Acidobacteriota
NEE60_G_01303	NEE56_mackay__GCA_013821685.1	Bacteria	B69_L002	phylum	Acidobacteriota	/phylum:Acidobacteriota
NEE60_G_01331	alaska_permafrost_reference_23_S49_bin.7	Bacteria	B69_L002	phylum	Acidobacteriota	/phylum:Acidobacteriota
NEE60_G_01338	alaska_permafrost_reference_GCA_003131315.1_20120500_P39_genomic	Bacteria	B69_L002	phylum	Acidobacteriota	/phylum:Acidobacteriota
NEE60_G_01339	alaska_permafrost_reference_GCA_003131705.1_20120500_P38_genomic	Bacteria	B69_L002	phylum	Acidobacteriota	/phylum:Acidobacteriota
NEE60_G_01341	alaska_permafrost_reference_GCA_003132145.1_20120500_P28_genomic	Bacteria	B69_L002	phylum	Acidobacteriota	/phylum:Acidobacteriota
NEE60_G_01360	alaska_permafrost_reference_GCA_003137035.1_20111000_E3D_genomic	Bacteria	B69_L002	phylum	Acidobacteriota	/phylum:Acidobacteriota
NEE60_G_01361	alaska_permafrost_reference_GCA_003139735.1_20110800_S3D_genomic	Bacteria	B69_L002	phylum	Acidobacteriota	/phylum:Acidobacteriota
NEE60_G_01374	alaska_permafrost_reference_GCA_003142185.1_20120700_S3X_genomic	Bacteria	B69_L002	phylum	Acidobacteriota	/phylum:Acidobacteriota
NEE60_G_01379	alaska_permafrost_reference_GCA_003151435.1_20120700_P3D_genomic	Bacteria	B69_L002	phylum	Acidobacteriota	/phylum:Acidobacteriota
NEE60_G_01401	alaska_permafrost_reference_GCA_003159855.1_20120700_S3D_genomic	Bacteria	B69_L002	phylum	Acidobacteriota	/phylum:Acidobacteriota
NEE60_G_01405	alaska_permafrost_reference_GCA_003167255.1_20110700_P2D_genomic	Bacteria	B69_L002	phylum	Acidobacteriota	/phylum:Acidobacteriota
NEE60_G_01406	alaska_permafrost_reference_GCA_003167275.1_20110700_P2D_genomic	Bacteria	B69_L002	phylum	Acidobacteriota	/phylum:Acidobacteriota
NEE60_G_01408	alaska_permafrost_reference_GCA_003167375.1_20110700_P2D_genomic	Bacteria	B69_L002	phylum	Acidobacteriota	/phylum:Acidobacteriota
NEE60_G_01409	alaska_permafrost_reference_GCA_003168335.1_20110700_P1D_genomic	Bacteria	B69_L002	phylum	Acidobacteriota	/phylum:Acidobacteriota
NEE60_G_01417	alaska_permafrost_reference_GCA_003170815.1_20110800_E2D_genomic	Bacteria	B69_L002	phylum	Acidobacteriota	/phylum:Acidobacteriota
NEE60_G_01419	alaska_permafrost_reference_GCA_003170915.1_20110800_E2D_genomic	Bacteria	B69_L002	phylum	Acidobacteriota	/phylum:Acidobacteriota
NEE60_G_01423	alaska_permafrost_reference_S20rbin.17	Bacteria	B69_L002	phylum	Acidobacteriota	/phylum:Acidobacteriota
NEE60_G_01433	alaska_permafrost_reference_SRR10260007bin.10	Bacteria	B69_L002	phylum	Acidobacteriota	/phylum:Acidobacteriota
NEE60_G_01435	alaska_permafrost_reference_SRR10360640bin.21	Bacteria	B69_L002	phylum	Acidobacteriota	/phylum:Acidobacteriota
NEE60_G_01438	alaska_permafrost_reference_SRR10489811bin.14	Bacteria	B69_L002	phylum	Acidobacteriota	/phylum:Acidobacteriota
NEE60_G_01440	alaska_permafrost_reference_SRR10489812bin.2	Bacteria	B69_L002	phylum	Acidobacteriota	/phylum:Acidobacteriota
NEE60_G_01441	alaska_permafrost_reference_SRR10489814bin.10	Bacteria	B69_L002	phylum	Acidobacteriota	/phylum:Acidobacteriota
NEE60_G_01443	alaska_permafrost_reference_SRR10489814bin.7	Bacteria	B69_L002	phylum	Acidobacteriota	/phylum:Acidobacteriota
NEE60_G_01451	alaska_permafrost_reference_SRR10489815bin.17	Bacteria	B69_L002	phylum	Acidobacteriota	/phylum:Acidobacteriota
NEE60_G_01454	alaska_permafrost_reference_SRR10489815bin.23	Bacteria	B69_L002	phylum	Acidobacteriota	/phylum:Acidobacteriota
NEE60_G_01467	alaska_permafrost_reference_SRR10489821bin.15	Bacteria	B69_L002	phylum	Acidobacteriota	/phylum:Acidobacteriota
NEE60_G_01475	alaska_permafrost_reference_SRR10489823bin.12	Bacteria	B69_L002	phylum	Acidobacteriota	/phylum:Acidobacteriota
NEE60_G_01482	alaska_permafrost_reference_SRR10489828bin.11	Bacteria	B69_L002	phylum	Acidobacteriota	/phylum:Acidobacteriota
NEE60_G_01486	alaska_permafrost_reference_SRR10489828bin.2	Bacteria	B69_L002	phylum	Acidobacteriota	/phylum:Acidobacteriota
NEE60_G_01494	alaska_permafrost_reference_SRR10489831bin.10	Bacteria	B69_L002	phylum	Acidobacteriota	/phylum:Acidobacteriota
NEE60_G_01513	alaska_permafrost_reference_SRR10489839bin.4	Bacteria	B69_L002	phylum	Acidobacteriota	/phylum:Acidobacteriota
NEE60_G_01550	alaska_permafrost_reference_SRR12277200bin.6	Bacteria	B69_L002	phylum	Acidobacteriota	/phylum:Acidobacteriota
NEE60_G_01563	alaska_permafrost_reference_SRR12756247bin.2	Bacteria	B69_L002	phylum	Acidobacteriota	/phylum:Acidobacteriota
NEE60_G_01584	alaska_permafrost_reference_SRR1586270rbin.9	Bacteria	B69_L002	phylum	Acidobacteriota	/phylum:Acidobacteriota
NEE60_G_01598	alaska_permafrost_reference_SRR1586285rbin.2	Bacteria	B69_L002	phylum	Acidobacteriota	/phylum:Acidobacteriota
NEE60_G_01640	alaska_permafrost_reference_SRR3984960rbin.8	Bacteria	B69_L002	phylum	Acidobacteriota	/phylum:Acidobacteriota
NEE60_G_01650	alaska_permafrost_reference_SRR3984963rbin.2	Bacteria	B69_L002	phylum	Acidobacteriota	/phylum:Acidobacteriota
NEE60_G_01652	alaska_permafrost_reference_SRR3985188rbin.4	Bacteria	B69_L002	phylum	Acidobacteriota	/phylum:Acidobacteriota
NEE60_G_01659	alaska_permafrost_reference_SRR3985384rbin.9	Bacteria	B69_L002	phylum	Acidobacteriota	/phylum:Acidobacteriota
NEE60_G_01660	alaska_permafrost_reference_SRR3985390rbin.10	Bacteria	B69_L002	phylum	Acidobacteriota	/phylum:Acidobacteriota
NEE60_G_01665	alaska_permafrost_reference_SRR3985394rbin.9	Bacteria	B69_L002	phylum	Acidobacteriota	/phylum:Acidobacteriota
NEE60_G_01667	alaska_permafrost_reference_SRR3985395rbin.2	Bacteria	B69_L002	phylum	Acidobacteriota	/phylum:Acidobacteriota
NEE60_G_01675	alaska_permafrost_reference_SRR3985397rbin.5	Bacteria	B69_L002	phylum	Acidobacteriota	/phylum:Acidobacteriota
NEE60_G_01687	alaska_permafrost_reference_SRR3989121rbin.10	Bacteria	B69_L002	phylum	Acidobacteriota	/phylum:Acidobacteriota
NEE60_G_01709	alaska_permafrost_reference_SRR3989239rbin.9	Bacteria	B69_L002	phylum	Acidobacteriota	/phylum:Acidobacteriota
NEE60_G_01720	alaska_permafrost_reference_SRR3989257rbin.29	Bacteria	B69_L002	phylum	Acidobacteriota	/phylum:Acidobacteriota
NEE60_G_01753	alaska_permafrost_reference_SRR5450747rbin.3	Bacteria	B69_L002	phylum	Acidobacteriota	/phylum:Acidobacteriota
NEE60_G_01755	alaska_permafrost_reference_SRR5450757rbin.10	Bacteria	B69_L002	phylum	Acidobacteriota	/phylum:Acidobacteriota
NEE60_G_01764	alaska_permafrost_reference_SRR5664280rbin.10	Bacteria	B69_L002	phylum	Acidobacteriota	/phylum:Acidobacteriota
NEE60_G_01776	alaska_permafrost_reference_SRR5665213rbin.34	Bacteria	B69_L002	phylum	Acidobacteriota	/phylum:Acidobacteriota
NEE60_G_01787	alaska_permafrost_reference_SRR5712664rbin.3	Bacteria	B69_L002	phylum	Acidobacteriota	/phylum:Acidobacteriota
NEE60_G_01791	alaska_permafrost_reference_SRR6152564rbin.9	Bacteria	B69_L002	phylum	Acidobacteriota	/phylum:Acidobacteriota
NEE60_G_01795	alaska_permafrost_reference_SRR6202162rbin.6	Bacteria	B69_L002	phylum	Acidobacteriota	/phylum:Acidobacteriota
NEE60_G_01797	alaska_permafrost_reference_SRR6202521rbin.9	Bacteria	B69_L002	phylum	Acidobacteriota	/phylum:Acidobacteriota
NEE60_G_01805	alaska_permafrost_reference_SRR7026314rbin.1	Bacteria	B69_L002	phylum	Acidobacteriota	/phylum:Acidobacteriota
NEE60_G_01821	alaska_permafrost_reference_SRR8090375rbin.11	Bacteria	B69_L002	phylum	Acidobacteriota	/phylum:Acidobacteriota
NEE60_G_01841	alaska_permafrost_reference_SRR9691034rbin.6	Bacteria	B69_L002	phylum	Acidobacteriota	/phylum:Acidobacteriota
NEE60_G_02021	desert2025__GCA_030773955.1	Bacteria	B69_L002	phylum	Acidobacteriota	/phylum:Acidobacteriota
NEE60_G_02026	desert2025__GCA_030774055.1	Bacteria	B69_L002	phylum	Acidobacteriota	/phylum:Acidobacteriota
NEE60_G_02029	desert2025__GCA_030774155.1	Bacteria	B69_L002	phylum	Acidobacteriota	/phylum:Acidobacteriota
NEE60_G_02038	desert2025__GCA_030774335.1	Bacteria	B69_L002	phylum	Acidobacteriota	/phylum:Acidobacteriota
NEE60_G_02046	desert2025__GCA_030774495.1	Bacteria	B69_L002	phylum	Acidobacteriota	/phylum:Acidobacteriota
NEE60_G_02070	desert2025__GCA_030775085.1	Bacteria	B69_L002	phylum	Acidobacteriota	/phylum:Acidobacteriota
NEE60_G_02081	desert2025__GCA_030775375.1	Bacteria	B69_L002	phylum	Acidobacteriota	/phylum:Acidobacteriota
NEE60_G_02083	desert2025__GCA_030775415.1	Bacteria	B69_L002	phylum	Acidobacteriota	/phylum:Acidobacteriota
NEE60_G_02085	desert2025__GCA_030775465.1	Bacteria	B69_L002	phylum	Acidobacteriota	/phylum:Acidobacteriota
NEE60_G_02088	desert2025__GCA_030775545.1	Bacteria	B69_L002	phylum	Acidobacteriota	/phylum:Acidobacteriota
NEE60_G_02099	desert2025__GCA_030775785.1	Bacteria	B69_L002	phylum	Acidobacteriota	/phylum:Acidobacteriota
NEE60_G_02103	desert2025__GCA_030775885.1	Bacteria	B69_L002	phylum	Acidobacteriota	/phylum:Acidobacteriota
NEE60_G_02107	desert2025__GCA_030775965.1	Bacteria	B69_L002	phylum	Acidobacteriota	/phylum:Acidobacteriota
NEE60_G_02109	desert2025__GCA_030776065.1	Bacteria	B69_L002	phylum	Acidobacteriota	/phylum:Acidobacteriota
NEE60_G_02111	desert2025__GCA_030776225.1	Bacteria	B69_L002	phylum	Acidobacteriota	/phylum:Acidobacteriota
NEE60_G_02117	desert2025__GCA_030776455.1	Bacteria	B69_L002	phylum	Acidobacteriota	/phylum:Acidobacteriota
NEE60_G_02189	desert2025__GCA_030853245.1	Bacteria	B69_L002	phylum	Acidobacteriota	/phylum:Acidobacteriota
NEE60_G_02194	desert2025__GCA_030853405.1	Bacteria	B69_L002	phylum	Acidobacteriota	/phylum:Acidobacteriota
NEE60_G_02195	desert2025__GCA_030853415.1	Bacteria	B69_L002	phylum	Acidobacteriota	/phylum:Acidobacteriota
NEE60_G_02198	desert2025__GCA_030853485.1	Bacteria	B69_L002	phylum	Acidobacteriota	/phylum:Acidobacteriota
NEE60_G_02214	desert2025__GCA_030853825.1	Bacteria	B69_L002	phylum	Acidobacteriota	/phylum:Acidobacteriota
NEE60_G_02216	desert2025__GCA_030853885.1	Bacteria	B69_L002	phylum	Acidobacteriota	/phylum:Acidobacteriota
NEE60_G_02222	desert2025__GCA_030854005.1	Bacteria	B69_L002	phylum	Acidobacteriota	/phylum:Acidobacteriota
NEE60_G_02235	desert2025__GCA_030854265.1	Bacteria	B69_L002	phylum	Acidobacteriota	/phylum:Acidobacteriota
NEE60_G_02239	desert2025__GCA_030854345.1	Bacteria	B69_L002	phylum	Acidobacteriota	/phylum:Acidobacteriota
NEE60_G_02240	desert2025__GCA_030854375.1	Bacteria	B69_L002	phylum	Acidobacteriota	/phylum:Acidobacteriota
NEE60_G_02243	desert2025__GCA_030854435.1	Bacteria	B69_L002	phylum	Acidobacteriota	/phylum:Acidobacteriota
NEE60_G_02254	desert2025__GCA_030854705.1	Bacteria	B69_L002	phylum	Acidobacteriota	/phylum:Acidobacteriota
NEE60_G_02255	desert2025__GCA_030854715.1	Bacteria	B69_L002	phylum	Acidobacteriota	/phylum:Acidobacteriota
NEE60_G_02260	desert2025__GCA_030854845.1	Bacteria	B69_L002	phylum	Acidobacteriota	/phylum:Acidobacteriota
NEE60_G_02271	desert2025__GCA_030855065.1	Bacteria	B69_L002	phylum	Acidobacteriota	/phylum:Acidobacteriota
NEE60_G_02277	desert2025__GCA_030855185.1	Bacteria	B69_L002	phylum	Acidobacteriota	/phylum:Acidobacteriota
NEE60_G_02278	desert2025__GCA_030855205.1	Bacteria	B69_L002	phylum	Acidobacteriota	/phylum:Acidobacteriota
NEE60_G_02289	desert2025__GCA_030855475.1	Bacteria	B69_L002	phylum	Acidobacteriota	/phylum:Acidobacteriota
NEE60_G_02300	desert2025__GCA_030855765.1	Bacteria	B69_L002	phylum	Acidobacteriota	/phylum:Acidobacteriota
NEE60_G_02306	desert2025__GCA_030855875.1	Bacteria	B69_L002	phylum	Acidobacteriota	/phylum:Acidobacteriota
NEE60_G_02317	desert2025__GCA_030856125.1	Bacteria	B69_L002	phylum	Acidobacteriota	/phylum:Acidobacteriota
NEE60_G_02324	desert2025__GCA_030856325.1	Bacteria	B69_L002	phylum	Acidobacteriota	/phylum:Acidobacteriota
NEE60_G_02329	desert2025__GCA_030856465.1	Bacteria	B69_L002	phylum	Acidobacteriota	/phylum:Acidobacteriota
NEE60_G_02337	desert2025__GCA_030856685.1	Bacteria	B69_L002	phylum	Acidobacteriota	/phylum:Acidobacteriota
NEE60_G_02341	desert2025__GCA_030856775.1	Bacteria	B69_L002	phylum	Acidobacteriota	/phylum:Acidobacteriota
NEE60_G_02348	desert2025__GCA_030856965.1	Bacteria	B69_L002	phylum	Acidobacteriota	/phylum:Acidobacteriota
NEE60_G_02353	desert2025__GCA_030857085.1	Bacteria	B69_L002	phylum	Acidobacteriota	/phylum:Acidobacteriota
NEE60_G_02362	desert2025__GCA_030857305.1	Bacteria	B69_L002	phylum	Acidobacteriota	/phylum:Acidobacteriota
NEE60_G_02363	desert2025__GCA_030857325.1	Bacteria	B69_L002	phylum	Acidobacteriota	/phylum:Acidobacteriota
NEE60_G_02365	desert2025__GCA_030857365.1	Bacteria	B69_L002	phylum	Acidobacteriota	/phylum:Acidobacteriota
NEE60_G_02376	desert2025__GCA_030857805.1	Bacteria	B69_L002	phylum	Acidobacteriota	/phylum:Acidobacteriota
NEE60_G_02392	desert2025__GCA_030858285.1	Bacteria	B69_L002	phylum	Acidobacteriota	/phylum:Acidobacteriota
NEE60_G_02396	desert2025__GCA_030858505.1	Bacteria	B69_L002	phylum	Acidobacteriota	/phylum:Acidobacteriota
NEE60_G_02400	desert2025__GCA_030858625.1	Bacteria	B69_L002	phylum	Acidobacteriota	/phylum:Acidobacteriota
NEE60_G_02426	desert2025__GCA_030859285.1	Bacteria	B69_L002	phylum	Acidobacteriota	/phylum:Acidobacteriota
NEE60_G_02429	desert2025__GCA_030859345.1	Bacteria	B69_L002	phylum	Acidobacteriota	/phylum:Acidobacteriota
NEE60_G_02445	desert2025__GCA_030859705.1	Bacteria	B69_L002	phylum	Acidobacteriota	/phylum:Acidobacteriota
NEE60_G_02449	desert2025__GCA_030859785.1	Bacteria	B69_L002	phylum	Acidobacteriota	/phylum:Acidobacteriota
NEE60_G_02452	desert2025__GCA_030859905.1	Bacteria	B69_L002	phylum	Acidobacteriota	/phylum:Acidobacteriota
NEE60_G_02461	desert2025__GCA_030860105.1	Bacteria	B69_L002	phylum	Acidobacteriota	/phylum:Acidobacteriota
NEE60_G_02464	desert2025__GCA_030860165.1	Bacteria	B69_L002	phylum	Acidobacteriota	/phylum:Acidobacteriota
NEE60_G_02473	desert2025__GCA_030860335.1	Bacteria	B69_L002	phylum	Acidobacteriota	/phylum:Acidobacteriota
NEE60_G_02482	desert2025__GCA_030860565.1	Bacteria	B69_L002	phylum	Acidobacteriota	/phylum:Acidobacteriota
NEE60_G_02486	desert2025__GCA_030860645.1	Bacteria	B69_L002	phylum	Acidobacteriota	/phylum:Acidobacteriota
NEE60_G_02487	desert2025__GCA_030860665.1	Bacteria	B69_L002	phylum	Acidobacteriota	/phylum:Acidobacteriota
NEE60_G_02512	desert2025__GCA_030861285.1	Bacteria	B69_L002	phylum	Acidobacteriota	/phylum:Acidobacteriota
NEE60_G_02531	desert2025__GCA_030861675.1	Bacteria	B69_L002	phylum	Acidobacteriota	/phylum:Acidobacteriota
NEE60_G_02532	desert2025__GCA_030861705.1	Bacteria	B69_L002	phylum	Acidobacteriota	/phylum:Acidobacteriota
NEE60_G_02597	desert2025__GCA_030863175.1	Bacteria	B69_L002	phylum	Acidobacteriota	/phylum:Acidobacteriota
NEE60_G_02620	desert2025__GCA_030913865.1	Bacteria	B69_L002	phylum	Acidobacteriota	/phylum:Acidobacteriota
NEE60_G_02621	desert2025__GCA_030913905.1	Bacteria	B69_L002	phylum	Acidobacteriota	/phylum:Acidobacteriota
NEE60_G_02643	desert2025__GCA_030946195.1	Bacteria	B69_L002	phylum	Acidobacteriota	/phylum:Acidobacteriota
NEE60_G_02647	desert2025__GCA_030946425.1	Bacteria	B69_L002	phylum	Acidobacteriota	/phylum:Acidobacteriota
NEE60_G_02668	desert2025__GCA_030946965.1	Bacteria	B69_L002	phylum	Acidobacteriota	/phylum:Acidobacteriota
NEE60_G_02681	desert2025__GCA_030947245.1	Bacteria	B69_L002	phylum	Acidobacteriota	/phylum:Acidobacteriota
NEE60_G_02682	desert2025__GCA_030947265.1	Bacteria	B69_L002	phylum	Acidobacteriota	/phylum:Acidobacteriota
NEE60_G_02702	desert2025__GCA_030948185.1	Bacteria	B69_L002	phylum	Acidobacteriota	/phylum:Acidobacteriota
NEE60_G_02735	desert2025__GCA_030948915.1	Bacteria	B69_L002	phylum	Acidobacteriota	/phylum:Acidobacteriota
NEE60_G_02739	desert2025__GCA_030948995.1	Bacteria	B69_L002	phylum	Acidobacteriota	/phylum:Acidobacteriota
NEE60_G_02825	qaidam_basin_mmag_1773_AKQ3bin60	Bacteria	B69_L002	phylum	Acidobacteriota	/phylum:Acidobacteriota
NEE60_G_02831	qaidam_basin_mmag_1773_AKQ3bin83	Bacteria	B69_L002	phylum	Acidobacteriota	/phylum:Acidobacteriota
NEE60_G_02996	qaidam_basin_mmag_1773_CJ0912_20_25bin19	Bacteria	B69_L002	phylum	Acidobacteriota	/phylum:Acidobacteriota
NEE60_G_03089	qaidam_basin_mmag_1773_CJ0912_40_45bin29	Bacteria	B69_L002	phylum	Acidobacteriota	/phylum:Acidobacteriota
NEE60_G_03090	qaidam_basin_mmag_1773_CJ0912_40_45bin3	Bacteria	B69_L002	phylum	Acidobacteriota	/phylum:Acidobacteriota
NEE60_G_03134	qaidam_basin_mmag_1773_CJ0912_5_10bin41	Bacteria	B69_L002	phylum	Acidobacteriota	/phylum:Acidobacteriota
NEE60_G_03190	qaidam_basin_mmag_1773_DLTCJS0_5bin73	Bacteria	B69_L002	phylum	Acidobacteriota	/phylum:Acidobacteriota
NEE60_G_03193	qaidam_basin_mmag_1773_DLTCJS10_15bin18	Bacteria	B69_L002	phylum	Acidobacteriota	/phylum:Acidobacteriota
NEE60_G_03217	qaidam_basin_mmag_1773_DLTCJS15_20bin15	Bacteria	B69_L002	phylum	Acidobacteriota	/phylum:Acidobacteriota
NEE60_G_03228	qaidam_basin_mmag_1773_DLTCJS15_20bin60	Bacteria	B69_L002	phylum	Acidobacteriota	/phylum:Acidobacteriota
NEE60_G_03271	qaidam_basin_mmag_1773_DLTCJS25_30bin10	Bacteria	B69_L002	phylum	Acidobacteriota	/phylum:Acidobacteriota
NEE60_G_03281	qaidam_basin_mmag_1773_DLTCJS25_30bin30	Bacteria	B69_L002	phylum	Acidobacteriota	/phylum:Acidobacteriota
NEE60_G_03285	qaidam_basin_mmag_1773_DLTCJS25_30bin39	Bacteria	B69_L002	phylum	Acidobacteriota	/phylum:Acidobacteriota
NEE60_G_03290	qaidam_basin_mmag_1773_DLTCJS25_30bin44	Bacteria	B69_L002	phylum	Acidobacteriota	/phylum:Acidobacteriota
NEE60_G_03298	qaidam_basin_mmag_1773_DLTCJS25_30bin52	Bacteria	B69_L002	phylum	Acidobacteriota	/phylum:Acidobacteriota
NEE60_G_03519	qaidam_basin_mmag_1773_L_0707_10_15bin30	Bacteria	B69_L002	phylum	Acidobacteriota	/phylum:Acidobacteriota
NEE60_G_03522	qaidam_basin_mmag_1773_L_0707_10_15bin33	Bacteria	B69_L002	phylum	Acidobacteriota	/phylum:Acidobacteriota
NEE60_G_03547	qaidam_basin_mmag_1773_L_0707_10_15bin60	Bacteria	B69_L002	phylum	Acidobacteriota	/phylum:Acidobacteriota
NEE60_G_03575	qaidam_basin_mmag_1773_L_0707_15_20bin2	Bacteria	B69_L002	phylum	Acidobacteriota	/phylum:Acidobacteriota
NEE60_G_03591	qaidam_basin_mmag_1773_L_0707_15_20bin38	Bacteria	B69_L002	phylum	Acidobacteriota	/phylum:Acidobacteriota
NEE60_G_03608	qaidam_basin_mmag_1773_L_0707_15_20bin60	Bacteria	B69_L002	phylum	Acidobacteriota	/phylum:Acidobacteriota
NEE60_G_03610	qaidam_basin_mmag_1773_L_0707_15_20bin62	Bacteria	B69_L002	phylum	Acidobacteriota	/phylum:Acidobacteriota
NEE60_G_03612	qaidam_basin_mmag_1773_L_0707_15_20bin64	Bacteria	B69_L002	phylum	Acidobacteriota	/phylum:Acidobacteriota
NEE60_G_03634	qaidam_basin_mmag_1773_L_0707_2_5bin31	Bacteria	B69_L002	phylum	Acidobacteriota	/phylum:Acidobacteriota
NEE60_G_03638	qaidam_basin_mmag_1773_L_0707_2_5bin36	Bacteria	B69_L002	phylum	Acidobacteriota	/phylum:Acidobacteriota
NEE60_G_03643	qaidam_basin_mmag_1773_L_0707_2_5bin42	Bacteria	B69_L002	phylum	Acidobacteriota	/phylum:Acidobacteriota
NEE60_G_03753	qaidam_basin_mmag_1773_L_0712_20_25bin39	Bacteria	B69_L002	phylum	Acidobacteriota	/phylum:Acidobacteriota
NEE60_G_03822	qaidam_basin_mmag_1773_L_21_NSL0_5bin12	Bacteria	B69_L002	phylum	Acidobacteriota	/phylum:Acidobacteriota
NEE60_G_03834	qaidam_basin_mmag_1773_L_21_NSL5_10bin14	Bacteria	B69_L002	phylum	Acidobacteriota	/phylum:Acidobacteriota
NEE60_G_03837	qaidam_basin_mmag_1773_L_21_NSL5_10bin2	Bacteria	B69_L002	phylum	Acidobacteriota	/phylum:Acidobacteriota
NEE60_G_03878	qaidam_basin_mmag_1773_NSL1015bin5	Bacteria	B69_L002	phylum	Acidobacteriota	/phylum:Acidobacteriota
NEE60_G_03999	qaidam_basin_mmag_1773_NSLT22bin21	Bacteria	B69_L002	phylum	Acidobacteriota	/phylum:Acidobacteriota
NEE60_G_04018	qaidam_basin_mmag_1773_NSLT22bin42	Bacteria	B69_L002	phylum	Acidobacteriota	/phylum:Acidobacteriota
NEE60_G_04052	qaidam_basin_mmag_1773_S305CJS_Wetbin1	Bacteria	B69_L002	phylum	Acidobacteriota	/phylum:Acidobacteriota
NEE60_G_04062	qaidam_basin_mmag_1773_S305CJS_Wetbin19	Bacteria	B69_L002	phylum	Acidobacteriota	/phylum:Acidobacteriota
NEE60_G_04063	qaidam_basin_mmag_1773_S305CJS_Wetbin2	Bacteria	B69_L002	phylum	Acidobacteriota	/phylum:Acidobacteriota
NEE60_G_04079	qaidam_basin_mmag_1773_S305CJS_Wetbin37	Bacteria	B69_L002	phylum	Acidobacteriota	/phylum:Acidobacteriota
NEE60_G_04105	qaidam_basin_mmag_1773_YX2bin23	Bacteria	B69_L002	phylum	Acidobacteriota	/phylum:Acidobacteriota
NEE60_G_04132	stordalen_mire_2019_hybrid_mags_cmr2.MA.201907_E_1_1to5_7.fna	Bacteria	B69_L002	phylum	Acidobacteriota	/phylum:Acidobacteriota
NEE60_G_04136	stordalen_mire_2019_hybrid_mags_cmr2.MA.201907_E_1_20to24_14.fna	Bacteria	B69_L002	phylum	Acidobacteriota	/phylum:Acidobacteriota
NEE60_G_04140	stordalen_mire_2019_hybrid_mags_cmr2.MA.201907_E_1_20to24_25.fna	Bacteria	B69_L002	phylum	Acidobacteriota	/phylum:Acidobacteriota
NEE60_G_04141	stordalen_mire_2019_hybrid_mags_cmr2.MA.201907_E_1_20to24_27.fna	Bacteria	B69_L002	phylum	Acidobacteriota	/phylum:Acidobacteriota
NEE60_G_04142	stordalen_mire_2019_hybrid_mags_cmr2.MA.201907_E_1_20to24_28.fna	Bacteria	B69_L002	phylum	Acidobacteriota	/phylum:Acidobacteriota
NEE60_G_04143	stordalen_mire_2019_hybrid_mags_cmr2.MA.201907_E_1_20to24_29.fna	Bacteria	B69_L002	phylum	Acidobacteriota	/phylum:Acidobacteriota
NEE60_G_04144	stordalen_mire_2019_hybrid_mags_cmr2.MA.201907_E_1_20to24_3.fna	Bacteria	B69_L002	phylum	Acidobacteriota	/phylum:Acidobacteriota
NEE60_G_04148	stordalen_mire_2019_hybrid_mags_cmr2.MA.201907_E_1_20to24_33.fna	Bacteria	B69_L002	phylum	Acidobacteriota	/phylum:Acidobacteriota
NEE60_G_04149	stordalen_mire_2019_hybrid_mags_cmr2.MA.201907_E_1_20to24_34.fna	Bacteria	B69_L002	phylum	Acidobacteriota	/phylum:Acidobacteriota
NEE60_G_04151	stordalen_mire_2019_hybrid_mags_cmr2.MA.201907_E_1_20to24_37.fna	Bacteria	B69_L002	phylum	Acidobacteriota	/phylum:Acidobacteriota
NEE60_G_04154	stordalen_mire_2019_hybrid_mags_cmr2.MA.201907_E_1_20to24_43.fna	Bacteria	B69_L002	phylum	Acidobacteriota	/phylum:Acidobacteriota
NEE60_G_04159	stordalen_mire_2019_hybrid_mags_cmr2.MA.201907_E_1_20to24_5.fna	Bacteria	B69_L002	phylum	Acidobacteriota	/phylum:Acidobacteriota
NEE60_G_04161	stordalen_mire_2019_hybrid_mags_cmr2.MA.201907_E_1_20to24_52.fna	Bacteria	B69_L002	phylum	Acidobacteriota	/phylum:Acidobacteriota
NEE60_G_04162	stordalen_mire_2019_hybrid_mags_cmr2.MA.201907_E_1_20to24_53.fna	Bacteria	B69_L002	phylum	Acidobacteriota	/phylum:Acidobacteriota
NEE60_G_04163	stordalen_mire_2019_hybrid_mags_cmr2.MA.201907_E_1_20to24_6.fna	Bacteria	B69_L002	phylum	Acidobacteriota	/phylum:Acidobacteriota
NEE60_G_04164	stordalen_mire_2019_hybrid_mags_cmr2.MA.201907_E_1_20to24_7.fna	Bacteria	B69_L002	phylum	Acidobacteriota	/phylum:Acidobacteriota
NEE60_G_04168	stordalen_mire_2019_hybrid_mags_cmr2.MA.201907_P_1_1to5_14.fna	Bacteria	B69_L002	phylum	Acidobacteriota	/phylum:Acidobacteriota
NEE60_G_04169	stordalen_mire_2019_hybrid_mags_cmr2.MA.201907_P_1_1to5_15.fna	Bacteria	B69_L002	phylum	Acidobacteriota	/phylum:Acidobacteriota
NEE60_G_04172	stordalen_mire_2019_hybrid_mags_cmr2.MA.201907_P_1_1to5_23.fna	Bacteria	B69_L002	phylum	Acidobacteriota	/phylum:Acidobacteriota
NEE60_G_04173	stordalen_mire_2019_hybrid_mags_cmr2.MA.201907_P_1_1to5_24.fna	Bacteria	B69_L002	phylum	Acidobacteriota	/phylum:Acidobacteriota
NEE60_G_04175	stordalen_mire_2019_hybrid_mags_cmr2.MA.201907_P_1_1to5_26.fna	Bacteria	B69_L002	phylum	Acidobacteriota	/phylum:Acidobacteriota
NEE60_G_04176	stordalen_mire_2019_hybrid_mags_cmr2.MA.201907_P_1_1to5_27.fna	Bacteria	B69_L002	phylum	Acidobacteriota	/phylum:Acidobacteriota
NEE60_G_04180	stordalen_mire_2019_hybrid_mags_cmr2.MA.201907_P_1_1to5_5.fna	Bacteria	B69_L002	phylum	Acidobacteriota	/phylum:Acidobacteriota
NEE60_G_04183	stordalen_mire_2019_hybrid_mags_cmr2.MA.201907_P_1_20to24_0.fna	Bacteria	B69_L002	phylum	Acidobacteriota	/phylum:Acidobacteriota
NEE60_G_04184	stordalen_mire_2019_hybrid_mags_cmr2.MA.201907_P_1_20to24_1.fna	Bacteria	B69_L002	phylum	Acidobacteriota	/phylum:Acidobacteriota
NEE60_G_04186	stordalen_mire_2019_hybrid_mags_cmr2.MA.201907_P_1_20to24_12.fna	Bacteria	B69_L002	phylum	Acidobacteriota	/phylum:Acidobacteriota
NEE60_G_04187	stordalen_mire_2019_hybrid_mags_cmr2.MA.201907_P_1_20to24_13.fna	Bacteria	B69_L002	phylum	Acidobacteriota	/phylum:Acidobacteriota
NEE60_G_04190	stordalen_mire_2019_hybrid_mags_cmr2.MA.201907_P_1_20to24_17.fna	Bacteria	B69_L002	phylum	Acidobacteriota	/phylum:Acidobacteriota
NEE60_G_04192	stordalen_mire_2019_hybrid_mags_cmr2.MA.201907_P_1_20to24_20.fna	Bacteria	B69_L002	phylum	Acidobacteriota	/phylum:Acidobacteriota
NEE60_G_04193	stordalen_mire_2019_hybrid_mags_cmr2.MA.201907_P_1_20to24_23.fna	Bacteria	B69_L002	phylum	Acidobacteriota	/phylum:Acidobacteriota
NEE60_G_04194	stordalen_mire_2019_hybrid_mags_cmr2.MA.201907_P_1_20to24_25.fna	Bacteria	B69_L002	phylum	Acidobacteriota	/phylum:Acidobacteriota
NEE60_G_04195	stordalen_mire_2019_hybrid_mags_cmr2.MA.201907_P_1_20to24_27.fna	Bacteria	B69_L002	phylum	Acidobacteriota	/phylum:Acidobacteriota
NEE60_G_04196	stordalen_mire_2019_hybrid_mags_cmr2.MA.201907_P_1_20to24_28.fna	Bacteria	B69_L002	phylum	Acidobacteriota	/phylum:Acidobacteriota
NEE60_G_04198	stordalen_mire_2019_hybrid_mags_cmr2.MA.201907_P_1_20to24_30.fna	Bacteria	B69_L002	phylum	Acidobacteriota	/phylum:Acidobacteriota
NEE60_G_04199	stordalen_mire_2019_hybrid_mags_cmr2.MA.201907_P_1_20to24_31.fna	Bacteria	B69_L002	phylum	Acidobacteriota	/phylum:Acidobacteriota
NEE60_G_04200	stordalen_mire_2019_hybrid_mags_cmr2.MA.201907_P_1_20to24_32.fna	Bacteria	B69_L002	phylum	Acidobacteriota	/phylum:Acidobacteriota
NEE60_G_04201	stordalen_mire_2019_hybrid_mags_cmr2.MA.201907_P_1_20to24_33.fna	Bacteria	B69_L002	phylum	Acidobacteriota	/phylum:Acidobacteriota
NEE60_G_04202	stordalen_mire_2019_hybrid_mags_cmr2.MA.201907_P_1_20to24_34.fna	Bacteria	B69_L002	phylum	Acidobacteriota	/phylum:Acidobacteriota
NEE60_G_04205	stordalen_mire_2019_hybrid_mags_cmr2.MA.201907_P_1_20to24_37.fna	Bacteria	B69_L002	phylum	Acidobacteriota	/phylum:Acidobacteriota
NEE60_G_04206	stordalen_mire_2019_hybrid_mags_cmr2.MA.201907_P_1_20to24_39.fna	Bacteria	B69_L002	phylum	Acidobacteriota	/phylum:Acidobacteriota
NEE60_G_04207	stordalen_mire_2019_hybrid_mags_cmr2.MA.201907_P_1_20to24_4.fna	Bacteria	B69_L002	phylum	Acidobacteriota	/phylum:Acidobacteriota
NEE60_G_04212	stordalen_mire_2019_hybrid_mags_cmr2.MA.201907_P_1_20to24_46.fna	Bacteria	B69_L002	phylum	Acidobacteriota	/phylum:Acidobacteriota
NEE60_G_04217	stordalen_mire_2019_hybrid_mags_cmr2.MA.201907_P_1_20to24_52.fna	Bacteria	B69_L002	phylum	Acidobacteriota	/phylum:Acidobacteriota
NEE60_G_04218	stordalen_mire_2019_hybrid_mags_cmr2.MA.201907_P_1_20to24_53.fna	Bacteria	B69_L002	phylum	Acidobacteriota	/phylum:Acidobacteriota
NEE60_G_04219	stordalen_mire_2019_hybrid_mags_cmr2.MA.201907_P_1_20to24_54.fna	Bacteria	B69_L002	phylum	Acidobacteriota	/phylum:Acidobacteriota
NEE60_G_04220	stordalen_mire_2019_hybrid_mags_cmr2.MA.201907_P_1_20to24_55.fna	Bacteria	B69_L002	phylum	Acidobacteriota	/phylum:Acidobacteriota
NEE60_G_04221	stordalen_mire_2019_hybrid_mags_cmr2.MA.201907_P_1_20to24_56.fna	Bacteria	B69_L002	phylum	Acidobacteriota	/phylum:Acidobacteriota
NEE60_G_04222	stordalen_mire_2019_hybrid_mags_cmr2.MA.201907_P_1_20to24_58.fna	Bacteria	B69_L002	phylum	Acidobacteriota	/phylum:Acidobacteriota
NEE60_G_04223	stordalen_mire_2019_hybrid_mags_cmr2.MA.201907_P_1_20to24_6.fna	Bacteria	B69_L002	phylum	Acidobacteriota	/phylum:Acidobacteriota
NEE60_G_04224	stordalen_mire_2019_hybrid_mags_cmr2.MA.201907_P_1_20to24_8.fna	Bacteria	B69_L002	phylum	Acidobacteriota	/phylum:Acidobacteriota
NEE60_G_04225	stordalen_mire_2019_hybrid_mags_cmr2.MA.201907_S_1_1to5_0.fna	Bacteria	B69_L002	phylum	Acidobacteriota	/phylum:Acidobacteriota
NEE60_G_04239	stordalen_mire_2019_hybrid_mags_cmr2.MA.201907_S_1_1to5_25.fna	Bacteria	B69_L002	phylum	Acidobacteriota	/phylum:Acidobacteriota
NEE60_G_04242	stordalen_mire_2019_hybrid_mags_cmr2.MA.201907_S_1_20to24_0.fna	Bacteria	B69_L002	phylum	Acidobacteriota	/phylum:Acidobacteriota
NEE60_G_04243	stordalen_mire_2019_hybrid_mags_cmr2.MA.201907_S_1_20to24_10.fna	Bacteria	B69_L002	phylum	Acidobacteriota	/phylum:Acidobacteriota
NEE60_G_04244	stordalen_mire_2019_hybrid_mags_cmr2.MA.201907_S_1_20to24_12.fna	Bacteria	B69_L002	phylum	Acidobacteriota	/phylum:Acidobacteriota
NEE60_G_04245	stordalen_mire_2019_hybrid_mags_cmr2.MA.201907_S_1_20to24_13.fna	Bacteria	B69_L002	phylum	Acidobacteriota	/phylum:Acidobacteriota
NEE60_G_04246	stordalen_mire_2019_hybrid_mags_cmr2.MA.201907_S_1_20to24_15.fna	Bacteria	B69_L002	phylum	Acidobacteriota	/phylum:Acidobacteriota
NEE60_G_04247	stordalen_mire_2019_hybrid_mags_cmr2.MA.201907_S_1_20to24_17.fna	Bacteria	B69_L002	phylum	Acidobacteriota	/phylum:Acidobacteriota
NEE60_G_04248	stordalen_mire_2019_hybrid_mags_cmr2.MA.201907_S_1_20to24_18.fna	Bacteria	B69_L002	phylum	Acidobacteriota	/phylum:Acidobacteriota
NEE60_G_04250	stordalen_mire_2019_hybrid_mags_cmr2.MA.201907_S_1_20to24_2.fna	Bacteria	B69_L002	phylum	Acidobacteriota	/phylum:Acidobacteriota
NEE60_G_04252	stordalen_mire_2019_hybrid_mags_cmr2.MA.201907_S_1_20to24_22.fna	Bacteria	B69_L002	phylum	Acidobacteriota	/phylum:Acidobacteriota
NEE60_G_04254	stordalen_mire_2019_hybrid_mags_cmr2.MA.201907_S_1_20to24_28.fna	Bacteria	B69_L002	phylum	Acidobacteriota	/phylum:Acidobacteriota
NEE60_G_04256	stordalen_mire_2019_hybrid_mags_cmr2.MA.201907_S_1_20to24_3.fna	Bacteria	B69_L002	phylum	Acidobacteriota	/phylum:Acidobacteriota
NEE60_G_04259	stordalen_mire_2019_hybrid_mags_cmr2.MA.201907_S_1_20to24_39.fna	Bacteria	B69_L002	phylum	Acidobacteriota	/phylum:Acidobacteriota
NEE60_G_04260	stordalen_mire_2019_hybrid_mags_cmr2.MA.201907_S_1_20to24_4.fna	Bacteria	B69_L002	phylum	Acidobacteriota	/phylum:Acidobacteriota
NEE60_G_04261	stordalen_mire_2019_hybrid_mags_cmr2.MA.201907_S_1_20to24_40.fna	Bacteria	B69_L002	phylum	Acidobacteriota	/phylum:Acidobacteriota
NEE60_G_04262	stordalen_mire_2019_hybrid_mags_cmr2.MA.201907_S_1_20to24_41.fna	Bacteria	B69_L002	phylum	Acidobacteriota	/phylum:Acidobacteriota
NEE60_G_04264	stordalen_mire_2019_hybrid_mags_cmr2.MA.201907_S_1_20to24_44.fna	Bacteria	B69_L002	phylum	Acidobacteriota	/phylum:Acidobacteriota
NEE60_G_04266	stordalen_mire_2019_hybrid_mags_cmr2.MA.201907_S_1_20to24_47.fna	Bacteria	B69_L002	phylum	Acidobacteriota	/phylum:Acidobacteriota
NEE60_G_04268	stordalen_mire_2019_hybrid_mags_cmr2.MA.201907_S_1_20to24_49.fna	Bacteria	B69_L002	phylum	Acidobacteriota	/phylum:Acidobacteriota
NEE60_G_04269	stordalen_mire_2019_hybrid_mags_cmr2.MA.201907_S_1_20to24_5.fna	Bacteria	B69_L002	phylum	Acidobacteriota	/phylum:Acidobacteriota
NEE60_G_04272	stordalen_mire_2019_hybrid_mags_cmr2.MA.201907_S_1_20to24_54.fna	Bacteria	B69_L002	phylum	Acidobacteriota	/phylum:Acidobacteriota
NEE60_G_04273	stordalen_mire_2019_hybrid_mags_cmr2.MA.201907_S_1_20to24_56.fna	Bacteria	B69_L002	phylum	Acidobacteriota	/phylum:Acidobacteriota
NEE60_G_04275	stordalen_mire_2019_hybrid_mags_cmr2.MA.201907_S_1_20to24_58.fna	Bacteria	B69_L002	phylum	Acidobacteriota	/phylum:Acidobacteriota
NEE60_G_04278	stordalen_mire_2019_hybrid_mags_cmr2.MA.201907_S_1_20to24_61.fna	Bacteria	B69_L002	phylum	Acidobacteriota	/phylum:Acidobacteriota
NEE60_G_04285	stordalen_mire_2019_hybrid_mags_cmr2.MA.201907_S_1_20to24_68.fna	Bacteria	B69_L002	phylum	Acidobacteriota	/phylum:Acidobacteriota
NEE60_G_04286	stordalen_mire_2019_hybrid_mags_cmr2.MA.201907_S_1_20to24_69.fna	Bacteria	B69_L002	phylum	Acidobacteriota	/phylum:Acidobacteriota
NEE60_G_04287	stordalen_mire_2019_hybrid_mags_cmr2.MA.201907_S_1_20to24_7.fna	Bacteria	B69_L002	phylum	Acidobacteriota	/phylum:Acidobacteriota
NEE60_G_04289	stordalen_mire_2019_hybrid_mags_cmr5.MA.201907_E_1_20to24_15.fna	Bacteria	B69_L002	phylum	Acidobacteriota	/phylum:Acidobacteriota
NEE60_G_04292	stordalen_mire_2019_hybrid_mags_cmr5.MA.201907_P_1_1to5_0.fna	Bacteria	B69_L002	phylum	Acidobacteriota	/phylum:Acidobacteriota
NEE60_G_04294	stordalen_mire_2019_hybrid_mags_cmr5.MA.201907_P_1_1to5_11.fna	Bacteria	B69_L002	phylum	Acidobacteriota	/phylum:Acidobacteriota
NEE60_G_04295	stordalen_mire_2019_hybrid_mags_cmr5.MA.201907_P_1_1to5_12.fna	Bacteria	B69_L002	phylum	Acidobacteriota	/phylum:Acidobacteriota
NEE60_G_04297	stordalen_mire_2019_hybrid_mags_cmr5.MA.201907_P_1_1to5_15.fna	Bacteria	B69_L002	phylum	Acidobacteriota	/phylum:Acidobacteriota
NEE60_G_04301	stordalen_mire_2019_hybrid_mags_cmr5.MA.201907_P_1_1to5_21.fna	Bacteria	B69_L002	phylum	Acidobacteriota	/phylum:Acidobacteriota
NEE60_G_04302	stordalen_mire_2019_hybrid_mags_cmr5.MA.201907_P_1_1to5_22.fna	Bacteria	B69_L002	phylum	Acidobacteriota	/phylum:Acidobacteriota
NEE60_G_04303	stordalen_mire_2019_hybrid_mags_cmr5.MA.201907_P_1_1to5_23.fna	Bacteria	B69_L002	phylum	Acidobacteriota	/phylum:Acidobacteriota
NEE60_G_04305	stordalen_mire_2019_hybrid_mags_cmr5.MA.201907_P_1_1to5_29.fna	Bacteria	B69_L002	phylum	Acidobacteriota	/phylum:Acidobacteriota
NEE60_G_04307	stordalen_mire_2019_hybrid_mags_cmr5.MA.201907_P_1_1to5_32.fna	Bacteria	B69_L002	phylum	Acidobacteriota	/phylum:Acidobacteriota
NEE60_G_04308	stordalen_mire_2019_hybrid_mags_cmr5.MA.201907_P_1_1to5_33.fna	Bacteria	B69_L002	phylum	Acidobacteriota	/phylum:Acidobacteriota
NEE60_G_04309	stordalen_mire_2019_hybrid_mags_cmr5.MA.201907_P_1_1to5_35.fna	Bacteria	B69_L002	phylum	Acidobacteriota	/phylum:Acidobacteriota
NEE60_G_04310	stordalen_mire_2019_hybrid_mags_cmr5.MA.201907_P_1_1to5_36.fna	Bacteria	B69_L002	phylum	Acidobacteriota	/phylum:Acidobacteriota
NEE60_G_04312	stordalen_mire_2019_hybrid_mags_cmr5.MA.201907_P_1_1to5_38.fna	Bacteria	B69_L002	phylum	Acidobacteriota	/phylum:Acidobacteriota
NEE60_G_04313	stordalen_mire_2019_hybrid_mags_cmr5.MA.201907_P_1_1to5_39.fna	Bacteria	B69_L002	phylum	Acidobacteriota	/phylum:Acidobacteriota
NEE60_G_04317	stordalen_mire_2019_hybrid_mags_cmr5.MA.201907_P_1_1to5_47.fna	Bacteria	B69_L002	phylum	Acidobacteriota	/phylum:Acidobacteriota
NEE60_G_04323	stordalen_mire_2019_hybrid_mags_cmr5.MA.201907_P_1_20to24_15.fna	Bacteria	B69_L002	phylum	Acidobacteriota	/phylum:Acidobacteriota
NEE60_G_04324	stordalen_mire_2019_hybrid_mags_cmr5.MA.201907_P_1_20to24_19.fna	Bacteria	B69_L002	phylum	Acidobacteriota	/phylum:Acidobacteriota
NEE60_G_04325	stordalen_mire_2019_hybrid_mags_cmr5.MA.201907_P_1_20to24_2.fna	Bacteria	B69_L002	phylum	Acidobacteriota	/phylum:Acidobacteriota
NEE60_G_04326	stordalen_mire_2019_hybrid_mags_cmr5.MA.201907_P_1_20to24_24.fna	Bacteria	B69_L002	phylum	Acidobacteriota	/phylum:Acidobacteriota
NEE60_G_04329	stordalen_mire_2019_hybrid_mags_cmr5.MA.201907_P_1_20to24_9.fna	Bacteria	B69_L002	phylum	Acidobacteriota	/phylum:Acidobacteriota
NEE60_G_04330	stordalen_mire_2019_hybrid_mags_cmr5.MA.201907_S_1_1to5_0.fna	Bacteria	B69_L002	phylum	Acidobacteriota	/phylum:Acidobacteriota
NEE60_G_04337	stordalen_mire_2019_hybrid_mags_cmr5.MA.201907_S_1_1to5_6.fna	Bacteria	B69_L002	phylum	Acidobacteriota	/phylum:Acidobacteriota
NEE60_G_04338	stordalen_mire_2019_hybrid_mags_cmr5.MA.201907_S_1_20to24_11.fna	Bacteria	B69_L002	phylum	Acidobacteriota	/phylum:Acidobacteriota
NEE60_G_04339	stordalen_mire_2019_hybrid_mags_cmr5.MA.201907_S_1_20to24_14.fna	Bacteria	B69_L002	phylum	Acidobacteriota	/phylum:Acidobacteriota
NEE60_G_04343	stordalen_mire_2019_hybrid_mags_cmr5.MA.201907_S_1_20to24_26.fna	Bacteria	B69_L002	phylum	Acidobacteriota	/phylum:Acidobacteriota
NEE60_G_04344	stordalen_mire_2019_hybrid_mags_cmr5.MA.201907_S_1_20to24_28.fna	Bacteria	B69_L002	phylum	Acidobacteriota	/phylum:Acidobacteriota
NEE60_G_04346	stordalen_mire_2019_hybrid_mags_cmr5.MA.201907_S_1_20to24_4.fna	Bacteria	B69_L002	phylum	Acidobacteriota	/phylum:Acidobacteriota
NEE60_G_04363	stordalen_mire_2019_hybrid_mags_cmr6.MA.201907_E_1_1to5_6.fna	Bacteria	B69_L002	phylum	Acidobacteriota	/phylum:Acidobacteriota
NEE60_G_04367	stordalen_mire_2019_hybrid_mags_cmr6.MA.201907_E_1_20to24_0.fna	Bacteria	B69_L002	phylum	Acidobacteriota	/phylum:Acidobacteriota
NEE60_G_04369	stordalen_mire_2019_hybrid_mags_cmr6.MA.201907_E_1_20to24_10.fna	Bacteria	B69_L002	phylum	Acidobacteriota	/phylum:Acidobacteriota
NEE60_G_04381	stordalen_mire_2019_hybrid_mags_cmr6.MA.201907_E_1_20to24_33.fna	Bacteria	B69_L002	phylum	Acidobacteriota	/phylum:Acidobacteriota
NEE60_G_04382	stordalen_mire_2019_hybrid_mags_cmr6.MA.201907_E_1_20to24_34.fna	Bacteria	B69_L002	phylum	Acidobacteriota	/phylum:Acidobacteriota
NEE60_G_04383	stordalen_mire_2019_hybrid_mags_cmr6.MA.201907_E_1_20to24_38.fna	Bacteria	B69_L002	phylum	Acidobacteriota	/phylum:Acidobacteriota
NEE60_G_04388	stordalen_mire_2019_hybrid_mags_cmr6.MA.201907_E_1_20to24_42.fna	Bacteria	B69_L002	phylum	Acidobacteriota	/phylum:Acidobacteriota
NEE60_G_04396	stordalen_mire_2019_hybrid_mags_cmr6.MA.201907_E_1_20to24_51.fna	Bacteria	B69_L002	phylum	Acidobacteriota	/phylum:Acidobacteriota
NEE60_G_04407	stordalen_mire_2019_hybrid_mags_cmr6.MA.201907_P_1_1to5_13.fna	Bacteria	B69_L002	phylum	Acidobacteriota	/phylum:Acidobacteriota
NEE60_G_04409	stordalen_mire_2019_hybrid_mags_cmr6.MA.201907_P_1_1to5_18.fna	Bacteria	B69_L002	phylum	Acidobacteriota	/phylum:Acidobacteriota
NEE60_G_04410	stordalen_mire_2019_hybrid_mags_cmr6.MA.201907_P_1_1to5_2.fna	Bacteria	B69_L002	phylum	Acidobacteriota	/phylum:Acidobacteriota
NEE60_G_04412	stordalen_mire_2019_hybrid_mags_cmr6.MA.201907_P_1_1to5_24.fna	Bacteria	B69_L002	phylum	Acidobacteriota	/phylum:Acidobacteriota
NEE60_G_04415	stordalen_mire_2019_hybrid_mags_cmr6.MA.201907_P_1_1to5_31.fna	Bacteria	B69_L002	phylum	Acidobacteriota	/phylum:Acidobacteriota
NEE60_G_04421	stordalen_mire_2019_hybrid_mags_cmr6.MA.201907_P_1_1to5_8.fna	Bacteria	B69_L002	phylum	Acidobacteriota	/phylum:Acidobacteriota
NEE60_G_04425	stordalen_mire_2019_hybrid_mags_cmr6.MA.201907_P_1_20to24_15.fna	Bacteria	B69_L002	phylum	Acidobacteriota	/phylum:Acidobacteriota
NEE60_G_04426	stordalen_mire_2019_hybrid_mags_cmr6.MA.201907_P_1_20to24_17.fna	Bacteria	B69_L002	phylum	Acidobacteriota	/phylum:Acidobacteriota
NEE60_G_04428	stordalen_mire_2019_hybrid_mags_cmr6.MA.201907_P_1_20to24_19.fna	Bacteria	B69_L002	phylum	Acidobacteriota	/phylum:Acidobacteriota
NEE60_G_04436	stordalen_mire_2019_hybrid_mags_cmr6.MA.201907_P_1_20to24_41.fna	Bacteria	B69_L002	phylum	Acidobacteriota	/phylum:Acidobacteriota
NEE60_G_04439	stordalen_mire_2019_hybrid_mags_cmr6.MA.201907_P_1_20to24_47.fna	Bacteria	B69_L002	phylum	Acidobacteriota	/phylum:Acidobacteriota
NEE60_G_04441	stordalen_mire_2019_hybrid_mags_cmr6.MA.201907_P_1_20to24_53.fna	Bacteria	B69_L002	phylum	Acidobacteriota	/phylum:Acidobacteriota
NEE60_G_04446	stordalen_mire_2019_hybrid_mags_cmr6.MA.201907_S_1_1to5_14.fna	Bacteria	B69_L002	phylum	Acidobacteriota	/phylum:Acidobacteriota
NEE60_G_04448	stordalen_mire_2019_hybrid_mags_cmr6.MA.201907_S_1_1to5_18.fna	Bacteria	B69_L002	phylum	Acidobacteriota	/phylum:Acidobacteriota
NEE60_G_04449	stordalen_mire_2019_hybrid_mags_cmr6.MA.201907_S_1_1to5_24.fna	Bacteria	B69_L002	phylum	Acidobacteriota	/phylum:Acidobacteriota
NEE60_G_04451	stordalen_mire_2019_hybrid_mags_cmr6.MA.201907_S_1_1to5_29.fna	Bacteria	B69_L002	phylum	Acidobacteriota	/phylum:Acidobacteriota
NEE60_G_04453	stordalen_mire_2019_hybrid_mags_cmr6.MA.201907_S_1_1to5_32.fna	Bacteria	B69_L002	phylum	Acidobacteriota	/phylum:Acidobacteriota
NEE60_G_04463	stordalen_mire_2019_hybrid_mags_cmr6.MA.201907_S_1_20to24_0.fna	Bacteria	B69_L002	phylum	Acidobacteriota	/phylum:Acidobacteriota
NEE60_G_04464	stordalen_mire_2019_hybrid_mags_cmr6.MA.201907_S_1_20to24_13.fna	Bacteria	B69_L002	phylum	Acidobacteriota	/phylum:Acidobacteriota
NEE60_G_04468	stordalen_mire_2019_hybrid_mags_cmr6.MA.201907_S_1_20to24_34.fna	Bacteria	B69_L002	phylum	Acidobacteriota	/phylum:Acidobacteriota
NEE60_G_04470	stordalen_mire_2019_hybrid_mags_cmr6.MA.201907_S_1_20to24_36.fna	Bacteria	B69_L002	phylum	Acidobacteriota	/phylum:Acidobacteriota
NEE60_G_00001	GCA_016781115.1	Bacteria	B69_L003	phylum	Actinomycetota	/phylum:Actinomycetota
NEE60_G_00002	GCA_016781135.1	Bacteria	B69_L003	phylum	Actinomycetota	/phylum:Actinomycetota
NEE60_G_00003	GCA_016781225.1	Bacteria	B69_L003	phylum	Actinomycetota	/phylum:Actinomycetota
NEE60_G_00009	GCA_016781705.1	Bacteria	B69_L003	phylum	Actinomycetota	/phylum:Actinomycetota
NEE60_G_00010	GCA_016781725.1	Bacteria	B69_L003	phylum	Actinomycetota	/phylum:Actinomycetota
NEE60_G_00012	GCA_016781775.1	Bacteria	B69_L003	phylum	Actinomycetota	/phylum:Actinomycetota
NEE60_G_00013	GCA_016781805.1	Bacteria	B69_L003	phylum	Actinomycetota	/phylum:Actinomycetota
NEE60_G_00014	GCA_016781885.1	Bacteria	B69_L003	phylum	Actinomycetota	/phylum:Actinomycetota
NEE60_G_00022	GCA_017879985.1	Bacteria	B69_L003	phylum	Actinomycetota	/phylum:Actinomycetota
NEE60_G_00035	GCA_046260445.1	Bacteria	B69_L003	phylum	Actinomycetota	/phylum:Actinomycetota
NEE60_G_00071	GCA_046262015.1	Bacteria	B69_L003	phylum	Actinomycetota	/phylum:Actinomycetota
NEE60_G_00072	GCA_046262035.1	Bacteria	B69_L003	phylum	Actinomycetota	/phylum:Actinomycetota
NEE60_G_00077	GCA_046262155.1	Bacteria	B69_L003	phylum	Actinomycetota	/phylum:Actinomycetota
NEE60_G_00078	GCA_046262175.1	Bacteria	B69_L003	phylum	Actinomycetota	/phylum:Actinomycetota
NEE60_G_00085	GCA_046262315.1	Bacteria	B69_L003	phylum	Actinomycetota	/phylum:Actinomycetota
NEE60_G_00087	GCA_046262355.1	Bacteria	B69_L003	phylum	Actinomycetota	/phylum:Actinomycetota
NEE60_G_00090	GCA_046262415.1	Bacteria	B69_L003	phylum	Actinomycetota	/phylum:Actinomycetota
NEE60_G_00094	GCA_046262495.1	Bacteria	B69_L003	phylum	Actinomycetota	/phylum:Actinomycetota
NEE60_G_00096	GCA_046262535.1	Bacteria	B69_L003	phylum	Actinomycetota	/phylum:Actinomycetota
NEE60_G_00098	GCA_046262575.1	Bacteria	B69_L003	phylum	Actinomycetota	/phylum:Actinomycetota
NEE60_G_00101	GCA_046262635.1	Bacteria	B69_L003	phylum	Actinomycetota	/phylum:Actinomycetota
NEE60_G_00102	GCA_046262655.1	Bacteria	B69_L003	phylum	Actinomycetota	/phylum:Actinomycetota
NEE60_G_00112	GCA_046262855.1	Bacteria	B69_L003	phylum	Actinomycetota	/phylum:Actinomycetota
NEE60_G_00114	GCA_046262895.1	Bacteria	B69_L003	phylum	Actinomycetota	/phylum:Actinomycetota
NEE60_G_00115	GCA_046262915.1	Bacteria	B69_L003	phylum	Actinomycetota	/phylum:Actinomycetota
NEE60_G_00116	GCA_046262935.1	Bacteria	B69_L003	phylum	Actinomycetota	/phylum:Actinomycetota
NEE60_G_00117	GCA_046262955.1	Bacteria	B69_L003	phylum	Actinomycetota	/phylum:Actinomycetota
NEE60_G_00119	GCA_046262995.1	Bacteria	B69_L003	phylum	Actinomycetota	/phylum:Actinomycetota
NEE60_G_00122	GCA_046263055.1	Bacteria	B69_L003	phylum	Actinomycetota	/phylum:Actinomycetota
NEE60_G_00123	GCA_046263075.1	Bacteria	B69_L003	phylum	Actinomycetota	/phylum:Actinomycetota
NEE60_G_00124	GCA_046263085.1	Bacteria	B69_L003	phylum	Actinomycetota	/phylum:Actinomycetota
NEE60_G_00125	GCA_046263115.1	Bacteria	B69_L003	phylum	Actinomycetota	/phylum:Actinomycetota
NEE60_G_00126	GCA_046263155.1	Bacteria	B69_L003	phylum	Actinomycetota	/phylum:Actinomycetota
NEE60_G_00128	GCA_046263195.1	Bacteria	B69_L003	phylum	Actinomycetota	/phylum:Actinomycetota
NEE60_G_00130	GCA_046263235.1	Bacteria	B69_L003	phylum	Actinomycetota	/phylum:Actinomycetota
NEE60_G_00131	GCA_046263255.1	Bacteria	B69_L003	phylum	Actinomycetota	/phylum:Actinomycetota
NEE60_G_00135	GCA_050692375.1_genomic	Bacteria	B69_L003	phylum	Actinomycetota	/phylum:Actinomycetota
NEE60_G_00136	GCA_050693515.1_genomic	Bacteria	B69_L003	phylum	Actinomycetota	/phylum:Actinomycetota
NEE60_G_00162	GCA_050696435.1_genomic	Bacteria	B69_L003	phylum	Actinomycetota	/phylum:Actinomycetota
NEE60_G_00163	GCA_050696455.1_genomic	Bacteria	B69_L003	phylum	Actinomycetota	/phylum:Actinomycetota
NEE60_G_00164	GCA_050696475.1_genomic	Bacteria	B69_L003	phylum	Actinomycetota	/phylum:Actinomycetota
NEE60_G_00165	GCA_050696495.1_genomic	Bacteria	B69_L003	phylum	Actinomycetota	/phylum:Actinomycetota
NEE60_G_00166	GCA_050696515.1_genomic	Bacteria	B69_L003	phylum	Actinomycetota	/phylum:Actinomycetota
NEE60_G_00167	GCA_050696555.1_genomic	Bacteria	B69_L003	phylum	Actinomycetota	/phylum:Actinomycetota
NEE60_G_00168	GCA_050696575.1_genomic	Bacteria	B69_L003	phylum	Actinomycetota	/phylum:Actinomycetota
NEE60_G_00169	GCA_050696595.1_genomic	Bacteria	B69_L003	phylum	Actinomycetota	/phylum:Actinomycetota
NEE60_G_00170	GCA_050696635.1_genomic	Bacteria	B69_L003	phylum	Actinomycetota	/phylum:Actinomycetota
NEE60_G_00171	GCA_050696655.1_genomic	Bacteria	B69_L003	phylum	Actinomycetota	/phylum:Actinomycetota
NEE60_G_00172	GCA_050696695.1_genomic	Bacteria	B69_L003	phylum	Actinomycetota	/phylum:Actinomycetota
NEE60_G_00173	GCA_050696715.1_genomic	Bacteria	B69_L003	phylum	Actinomycetota	/phylum:Actinomycetota
NEE60_G_00174	GCA_050696735.1_genomic	Bacteria	B69_L003	phylum	Actinomycetota	/phylum:Actinomycetota
NEE60_G_00175	GCA_050696755.1_genomic	Bacteria	B69_L003	phylum	Actinomycetota	/phylum:Actinomycetota
NEE60_G_00176	GCA_050696775.1_genomic	Bacteria	B69_L003	phylum	Actinomycetota	/phylum:Actinomycetota
NEE60_G_00177	GCA_050696795.1_genomic	Bacteria	B69_L003	phylum	Actinomycetota	/phylum:Actinomycetota
NEE60_G_00178	GCA_050696815.1_genomic	Bacteria	B69_L003	phylum	Actinomycetota	/phylum:Actinomycetota
NEE60_G_00179	GCA_050696835.1_genomic	Bacteria	B69_L003	phylum	Actinomycetota	/phylum:Actinomycetota
NEE60_G_00180	GCA_050696855.1_genomic	Bacteria	B69_L003	phylum	Actinomycetota	/phylum:Actinomycetota
NEE60_G_00181	GCA_050696875.1_genomic	Bacteria	B69_L003	phylum	Actinomycetota	/phylum:Actinomycetota
NEE60_G_00182	GCA_050697015.1_genomic	Bacteria	B69_L003	phylum	Actinomycetota	/phylum:Actinomycetota
NEE60_G_00183	GCA_050697035.1_genomic	Bacteria	B69_L003	phylum	Actinomycetota	/phylum:Actinomycetota
NEE60_G_00184	GCA_050697075.1_genomic	Bacteria	B69_L003	phylum	Actinomycetota	/phylum:Actinomycetota
NEE60_G_00185	GCA_050697135.1_genomic	Bacteria	B69_L003	phylum	Actinomycetota	/phylum:Actinomycetota
NEE60_G_00186	GCA_050697175.1_genomic	Bacteria	B69_L003	phylum	Actinomycetota	/phylum:Actinomycetota
NEE60_G_00187	GCA_050697355.1_genomic	Bacteria	B69_L003	phylum	Actinomycetota	/phylum:Actinomycetota
NEE60_G_00188	GCA_050697375.1_genomic	Bacteria	B69_L003	phylum	Actinomycetota	/phylum:Actinomycetota
NEE60_G_00189	GCA_050697395.1_genomic	Bacteria	B69_L003	phylum	Actinomycetota	/phylum:Actinomycetota
NEE60_G_00190	GCA_050697415.1_genomic	Bacteria	B69_L003	phylum	Actinomycetota	/phylum:Actinomycetota
NEE60_G_00191	GCA_050697455.1_genomic	Bacteria	B69_L003	phylum	Actinomycetota	/phylum:Actinomycetota
NEE60_G_00192	GCA_050697615.1_genomic	Bacteria	B69_L003	phylum	Actinomycetota	/phylum:Actinomycetota
NEE60_G_00193	GCA_050698235.1_genomic	Bacteria	B69_L003	phylum	Actinomycetota	/phylum:Actinomycetota
NEE60_G_00194	GCA_050698355.1_genomic	Bacteria	B69_L003	phylum	Actinomycetota	/phylum:Actinomycetota
NEE60_G_00195	GCA_050698375.1_genomic	Bacteria	B69_L003	phylum	Actinomycetota	/phylum:Actinomycetota
NEE60_G_00196	GCA_050698395.1_genomic	Bacteria	B69_L003	phylum	Actinomycetota	/phylum:Actinomycetota
NEE60_G_00197	GCA_050698415.1_genomic	Bacteria	B69_L003	phylum	Actinomycetota	/phylum:Actinomycetota
NEE60_G_00198	GCA_050698435.1_genomic	Bacteria	B69_L003	phylum	Actinomycetota	/phylum:Actinomycetota
NEE60_G_00199	GCA_050698475.1_genomic	Bacteria	B69_L003	phylum	Actinomycetota	/phylum:Actinomycetota
NEE60_G_00200	GCA_050698535.1_genomic	Bacteria	B69_L003	phylum	Actinomycetota	/phylum:Actinomycetota
NEE60_G_00201	GCA_050698555.1_genomic	Bacteria	B69_L003	phylum	Actinomycetota	/phylum:Actinomycetota
NEE60_G_00202	GCA_050698575.1_genomic	Bacteria	B69_L003	phylum	Actinomycetota	/phylum:Actinomycetota
NEE60_G_00203	GCA_050698615.1_genomic	Bacteria	B69_L003	phylum	Actinomycetota	/phylum:Actinomycetota
NEE60_G_00204	GCA_050698655.1_genomic	Bacteria	B69_L003	phylum	Actinomycetota	/phylum:Actinomycetota
NEE60_G_00205	GCA_050698675.1_genomic	Bacteria	B69_L003	phylum	Actinomycetota	/phylum:Actinomycetota
NEE60_G_00206	GCA_050698715.1_genomic	Bacteria	B69_L003	phylum	Actinomycetota	/phylum:Actinomycetota
NEE60_G_00207	GCA_050698735.1_genomic	Bacteria	B69_L003	phylum	Actinomycetota	/phylum:Actinomycetota
NEE60_G_00208	GCA_050698755.1_genomic	Bacteria	B69_L003	phylum	Actinomycetota	/phylum:Actinomycetota
NEE60_G_00209	GCA_050698775.1_genomic	Bacteria	B69_L003	phylum	Actinomycetota	/phylum:Actinomycetota
NEE60_G_00210	GCA_050698795.1_genomic	Bacteria	B69_L003	phylum	Actinomycetota	/phylum:Actinomycetota
NEE60_G_00211	GCA_050698835.1_genomic	Bacteria	B69_L003	phylum	Actinomycetota	/phylum:Actinomycetota
NEE60_G_00212	GCA_050698875.1_genomic	Bacteria	B69_L003	phylum	Actinomycetota	/phylum:Actinomycetota
NEE60_G_00213	GCA_050698895.1_genomic	Bacteria	B69_L003	phylum	Actinomycetota	/phylum:Actinomycetota
NEE60_G_00214	GCA_050698915.1_genomic	Bacteria	B69_L003	phylum	Actinomycetota	/phylum:Actinomycetota
NEE60_G_00215	GCA_050698955.1_genomic	Bacteria	B69_L003	phylum	Actinomycetota	/phylum:Actinomycetota
NEE60_G_00216	GCA_050698975.1_genomic	Bacteria	B69_L003	phylum	Actinomycetota	/phylum:Actinomycetota
NEE60_G_00217	GCA_050699055.1_genomic	Bacteria	B69_L003	phylum	Actinomycetota	/phylum:Actinomycetota
NEE60_G_00218	GCA_050699135.1_genomic	Bacteria	B69_L003	phylum	Actinomycetota	/phylum:Actinomycetota
NEE60_G_00219	GCA_050699415.1_genomic	Bacteria	B69_L003	phylum	Actinomycetota	/phylum:Actinomycetota
NEE60_G_00220	GCA_050699475.1_genomic	Bacteria	B69_L003	phylum	Actinomycetota	/phylum:Actinomycetota
NEE60_G_00221	GCA_050699495.1_genomic	Bacteria	B69_L003	phylum	Actinomycetota	/phylum:Actinomycetota
NEE60_G_00222	GCA_050699515.1_genomic	Bacteria	B69_L003	phylum	Actinomycetota	/phylum:Actinomycetota
NEE60_G_00223	GCA_050699555.1_genomic	Bacteria	B69_L003	phylum	Actinomycetota	/phylum:Actinomycetota
NEE60_G_00224	GCA_050699575.1_genomic	Bacteria	B69_L003	phylum	Actinomycetota	/phylum:Actinomycetota
NEE60_G_00225	GCA_050699595.1_genomic	Bacteria	B69_L003	phylum	Actinomycetota	/phylum:Actinomycetota
NEE60_G_00226	GCA_050699635.1_genomic	Bacteria	B69_L003	phylum	Actinomycetota	/phylum:Actinomycetota
NEE60_G_00227	GCA_050699655.1_genomic	Bacteria	B69_L003	phylum	Actinomycetota	/phylum:Actinomycetota
NEE60_G_00228	GCA_050699695.1_genomic	Bacteria	B69_L003	phylum	Actinomycetota	/phylum:Actinomycetota
NEE60_G_00229	GCA_050699715.1_genomic	Bacteria	B69_L003	phylum	Actinomycetota	/phylum:Actinomycetota
NEE60_G_00230	GCA_050699755.1_genomic	Bacteria	B69_L003	phylum	Actinomycetota	/phylum:Actinomycetota
NEE60_G_00231	GCA_050699815.1_genomic	Bacteria	B69_L003	phylum	Actinomycetota	/phylum:Actinomycetota
NEE60_G_00232	GCA_050699895.1_genomic	Bacteria	B69_L003	phylum	Actinomycetota	/phylum:Actinomycetota
NEE60_G_00233	GCA_050699955.1_genomic	Bacteria	B69_L003	phylum	Actinomycetota	/phylum:Actinomycetota
NEE60_G_00234	GCA_050700055.1_genomic	Bacteria	B69_L003	phylum	Actinomycetota	/phylum:Actinomycetota
NEE60_G_00235	GCA_050700115.1_genomic	Bacteria	B69_L003	phylum	Actinomycetota	/phylum:Actinomycetota
NEE60_G_00236	GCA_050700535.1_genomic	Bacteria	B69_L003	phylum	Actinomycetota	/phylum:Actinomycetota
NEE60_G_00237	GCA_050700555.1_genomic	Bacteria	B69_L003	phylum	Actinomycetota	/phylum:Actinomycetota
NEE60_G_00238	GCA_050700575.1_genomic	Bacteria	B69_L003	phylum	Actinomycetota	/phylum:Actinomycetota
NEE60_G_00239	GCA_050700595.1_genomic	Bacteria	B69_L003	phylum	Actinomycetota	/phylum:Actinomycetota
NEE60_G_00240	GCA_050700615.1_genomic	Bacteria	B69_L003	phylum	Actinomycetota	/phylum:Actinomycetota
NEE60_G_00241	GCA_050700695.1_genomic	Bacteria	B69_L003	phylum	Actinomycetota	/phylum:Actinomycetota
NEE60_G_00242	GCA_050700745.1_genomic	Bacteria	B69_L003	phylum	Actinomycetota	/phylum:Actinomycetota
NEE60_G_00243	GCA_050700775.1_genomic	Bacteria	B69_L003	phylum	Actinomycetota	/phylum:Actinomycetota
NEE60_G_00244	GCA_050700795.1_genomic	Bacteria	B69_L003	phylum	Actinomycetota	/phylum:Actinomycetota
NEE60_G_00245	GCA_050700835.1_genomic	Bacteria	B69_L003	phylum	Actinomycetota	/phylum:Actinomycetota
NEE60_G_00246	GCA_050700875.1_genomic	Bacteria	B69_L003	phylum	Actinomycetota	/phylum:Actinomycetota
NEE60_G_00247	GCA_050700975.1_genomic	Bacteria	B69_L003	phylum	Actinomycetota	/phylum:Actinomycetota
NEE60_G_00248	GCA_050700995.1_genomic	Bacteria	B69_L003	phylum	Actinomycetota	/phylum:Actinomycetota
NEE60_G_00249	GCA_050701035.1_genomic	Bacteria	B69_L003	phylum	Actinomycetota	/phylum:Actinomycetota
NEE60_G_00250	GCA_050701095.1_genomic	Bacteria	B69_L003	phylum	Actinomycetota	/phylum:Actinomycetota
NEE60_G_00251	GCA_050701135.1_genomic	Bacteria	B69_L003	phylum	Actinomycetota	/phylum:Actinomycetota
NEE60_G_00252	GCA_050701175.1_genomic	Bacteria	B69_L003	phylum	Actinomycetota	/phylum:Actinomycetota
NEE60_G_00253	GCA_050701335.1_genomic	Bacteria	B69_L003	phylum	Actinomycetota	/phylum:Actinomycetota
NEE60_G_00254	GCA_050701375.1_genomic	Bacteria	B69_L003	phylum	Actinomycetota	/phylum:Actinomycetota
NEE60_G_00255	GCA_050701455.1_genomic	Bacteria	B69_L003	phylum	Actinomycetota	/phylum:Actinomycetota
NEE60_G_00256	GCA_050701475.1_genomic	Bacteria	B69_L003	phylum	Actinomycetota	/phylum:Actinomycetota
NEE60_G_00257	GCA_050701495.1_genomic	Bacteria	B69_L003	phylum	Actinomycetota	/phylum:Actinomycetota
NEE60_G_00258	GCA_050701555.1_genomic	Bacteria	B69_L003	phylum	Actinomycetota	/phylum:Actinomycetota
NEE60_G_00259	GCA_050701615.1_genomic	Bacteria	B69_L003	phylum	Actinomycetota	/phylum:Actinomycetota
NEE60_G_00260	GCA_050701675.1_genomic	Bacteria	B69_L003	phylum	Actinomycetota	/phylum:Actinomycetota
NEE60_G_00261	GCA_050701755.1_genomic	Bacteria	B69_L003	phylum	Actinomycetota	/phylum:Actinomycetota
NEE60_G_00262	GCA_050701835.1_genomic	Bacteria	B69_L003	phylum	Actinomycetota	/phylum:Actinomycetota
NEE60_G_00263	GCA_050701895.1_genomic	Bacteria	B69_L003	phylum	Actinomycetota	/phylum:Actinomycetota
NEE60_G_00264	GCA_050725375.1_genomic	Bacteria	B69_L003	phylum	Actinomycetota	/phylum:Actinomycetota
NEE60_G_00563	GCA_050742355.1_genomic	Bacteria	B69_L003	phylum	Actinomycetota	/phylum:Actinomycetota
NEE60_G_00564	GCA_050742375.1_genomic	Bacteria	B69_L003	phylum	Actinomycetota	/phylum:Actinomycetota
NEE60_G_00565	GCA_050742415.1_genomic	Bacteria	B69_L003	phylum	Actinomycetota	/phylum:Actinomycetota
NEE60_G_00566	GCA_050742455.1_genomic	Bacteria	B69_L003	phylum	Actinomycetota	/phylum:Actinomycetota
NEE60_G_00573	GCA_050742975.1_genomic	Bacteria	B69_L003	phylum	Actinomycetota	/phylum:Actinomycetota
NEE60_G_00574	GCA_050743165.1_genomic	Bacteria	B69_L003	phylum	Actinomycetota	/phylum:Actinomycetota
NEE60_G_00575	GCA_050743205.1_genomic	Bacteria	B69_L003	phylum	Actinomycetota	/phylum:Actinomycetota
NEE60_G_00576	GCA_050743405.1_genomic	Bacteria	B69_L003	phylum	Actinomycetota	/phylum:Actinomycetota
NEE60_G_00577	GCA_050743425.1_genomic	Bacteria	B69_L003	phylum	Actinomycetota	/phylum:Actinomycetota
NEE60_G_00578	GCA_050743485.1_genomic	Bacteria	B69_L003	phylum	Actinomycetota	/phylum:Actinomycetota
NEE60_G_00579	GCA_050743525.1_genomic	Bacteria	B69_L003	phylum	Actinomycetota	/phylum:Actinomycetota
NEE60_G_00580	GCA_050743545.1_genomic	Bacteria	B69_L003	phylum	Actinomycetota	/phylum:Actinomycetota
NEE60_G_00581	GCA_050743565.1_genomic	Bacteria	B69_L003	phylum	Actinomycetota	/phylum:Actinomycetota
NEE60_G_00582	GCA_050743585.1_genomic	Bacteria	B69_L003	phylum	Actinomycetota	/phylum:Actinomycetota
NEE60_G_00583	GCA_050743605.1_genomic	Bacteria	B69_L003	phylum	Actinomycetota	/phylum:Actinomycetota
NEE60_G_00584	GCA_050743645.1_genomic	Bacteria	B69_L003	phylum	Actinomycetota	/phylum:Actinomycetota
NEE60_G_00585	GCA_050743665.1_genomic	Bacteria	B69_L003	phylum	Actinomycetota	/phylum:Actinomycetota
NEE60_G_00586	GCA_050743685.1_genomic	Bacteria	B69_L003	phylum	Actinomycetota	/phylum:Actinomycetota
NEE60_G_00587	GCA_050743785.1_genomic	Bacteria	B69_L003	phylum	Actinomycetota	/phylum:Actinomycetota
NEE60_G_00588	GCA_050743805.1_genomic	Bacteria	B69_L003	phylum	Actinomycetota	/phylum:Actinomycetota
NEE60_G_00589	GCA_050743825.1_genomic	Bacteria	B69_L003	phylum	Actinomycetota	/phylum:Actinomycetota
NEE60_G_00590	GCA_050743845.1_genomic	Bacteria	B69_L003	phylum	Actinomycetota	/phylum:Actinomycetota
NEE60_G_00591	GCA_050743865.1_genomic	Bacteria	B69_L003	phylum	Actinomycetota	/phylum:Actinomycetota
NEE60_G_00592	GCA_050743905.1_genomic	Bacteria	B69_L003	phylum	Actinomycetota	/phylum:Actinomycetota
NEE60_G_00593	GCA_050743945.1_genomic	Bacteria	B69_L003	phylum	Actinomycetota	/phylum:Actinomycetota
NEE60_G_00594	GCA_050743965.1_genomic	Bacteria	B69_L003	phylum	Actinomycetota	/phylum:Actinomycetota
NEE60_G_00595	GCA_050743985.1_genomic	Bacteria	B69_L003	phylum	Actinomycetota	/phylum:Actinomycetota
NEE60_G_00596	GCA_050744005.1_genomic	Bacteria	B69_L003	phylum	Actinomycetota	/phylum:Actinomycetota
NEE60_G_00597	GCA_050744025.1_genomic	Bacteria	B69_L003	phylum	Actinomycetota	/phylum:Actinomycetota
NEE60_G_00598	GCA_050744045.1_genomic	Bacteria	B69_L003	phylum	Actinomycetota	/phylum:Actinomycetota
NEE60_G_00599	GCA_050744065.1_genomic	Bacteria	B69_L003	phylum	Actinomycetota	/phylum:Actinomycetota
NEE60_G_00600	GCA_050744085.1_genomic	Bacteria	B69_L003	phylum	Actinomycetota	/phylum:Actinomycetota
NEE60_G_00601	GCA_050744105.1_genomic	Bacteria	B69_L003	phylum	Actinomycetota	/phylum:Actinomycetota
NEE60_G_00602	GCA_050744145.1_genomic	Bacteria	B69_L003	phylum	Actinomycetota	/phylum:Actinomycetota
NEE60_G_00603	GCA_050744165.1_genomic	Bacteria	B69_L003	phylum	Actinomycetota	/phylum:Actinomycetota
NEE60_G_00604	GCA_050744185.1_genomic	Bacteria	B69_L003	phylum	Actinomycetota	/phylum:Actinomycetota
NEE60_G_00605	GCA_050744205.1_genomic	Bacteria	B69_L003	phylum	Actinomycetota	/phylum:Actinomycetota
NEE60_G_00606	GCA_050744225.1_genomic	Bacteria	B69_L003	phylum	Actinomycetota	/phylum:Actinomycetota
NEE60_G_00607	GCA_050744545.1_genomic	Bacteria	B69_L003	phylum	Actinomycetota	/phylum:Actinomycetota
NEE60_G_00608	GCA_050744605.1_genomic	Bacteria	B69_L003	phylum	Actinomycetota	/phylum:Actinomycetota
NEE60_G_00610	GCA_050744825.1_genomic	Bacteria	B69_L003	phylum	Actinomycetota	/phylum:Actinomycetota
NEE60_G_00611	GCA_050744865.1_genomic	Bacteria	B69_L003	phylum	Actinomycetota	/phylum:Actinomycetota
NEE60_G_00612	GCA_050744885.1_genomic	Bacteria	B69_L003	phylum	Actinomycetota	/phylum:Actinomycetota
NEE60_G_00613	GCA_050744945.1_genomic	Bacteria	B69_L003	phylum	Actinomycetota	/phylum:Actinomycetota
NEE60_G_00740	MAG01	Bacteria	B69_L003	phylum	Actinomycetota	/phylum:Actinomycetota
NEE60_G_00741	MAG02	Bacteria	B69_L003	phylum	Actinomycetota	/phylum:Actinomycetota
NEE60_G_00744	MAG05	Bacteria	B69_L003	phylum	Actinomycetota	/phylum:Actinomycetota
NEE60_G_00746	MAG07	Bacteria	B69_L003	phylum	Actinomycetota	/phylum:Actinomycetota
NEE60_G_00747	MAG08	Bacteria	B69_L003	phylum	Actinomycetota	/phylum:Actinomycetota
NEE60_G_00748	MAG09	Bacteria	B69_L003	phylum	Actinomycetota	/phylum:Actinomycetota
NEE60_G_00751	MAG12	Bacteria	B69_L003	phylum	Actinomycetota	/phylum:Actinomycetota
NEE60_G_00752	MAG13	Bacteria	B69_L003	phylum	Actinomycetota	/phylum:Actinomycetota
NEE60_G_00754	MAG15	Bacteria	B69_L003	phylum	Actinomycetota	/phylum:Actinomycetota
NEE60_G_00755	MAG16	Bacteria	B69_L003	phylum	Actinomycetota	/phylum:Actinomycetota
NEE60_G_00756	MAG17	Bacteria	B69_L003	phylum	Actinomycetota	/phylum:Actinomycetota
NEE60_G_00757	MAG18	Bacteria	B69_L003	phylum	Actinomycetota	/phylum:Actinomycetota
NEE60_G_00761	MAG22	Bacteria	B69_L003	phylum	Actinomycetota	/phylum:Actinomycetota
NEE60_G_00762	MAG23	Bacteria	B69_L003	phylum	Actinomycetota	/phylum:Actinomycetota
NEE60_G_00763	MAG24	Bacteria	B69_L003	phylum	Actinomycetota	/phylum:Actinomycetota
NEE60_G_00765	MAG26	Bacteria	B69_L003	phylum	Actinomycetota	/phylum:Actinomycetota
NEE60_G_00766	MAG27	Bacteria	B69_L003	phylum	Actinomycetota	/phylum:Actinomycetota
NEE60_G_00767	MAG28	Bacteria	B69_L003	phylum	Actinomycetota	/phylum:Actinomycetota
NEE60_G_00770	MAG31	Bacteria	B69_L003	phylum	Actinomycetota	/phylum:Actinomycetota
NEE60_G_00771	MAG32	Bacteria	B69_L003	phylum	Actinomycetota	/phylum:Actinomycetota
NEE60_G_00775	MAG36	Bacteria	B69_L003	phylum	Actinomycetota	/phylum:Actinomycetota
NEE60_G_00777	MAG38	Bacteria	B69_L003	phylum	Actinomycetota	/phylum:Actinomycetota
NEE60_G_00779	MAG40	Bacteria	B69_L003	phylum	Actinomycetota	/phylum:Actinomycetota
NEE60_G_00780	MAG41	Bacteria	B69_L003	phylum	Actinomycetota	/phylum:Actinomycetota
NEE60_G_00781	MAG42	Bacteria	B69_L003	phylum	Actinomycetota	/phylum:Actinomycetota
NEE60_G_00782	MAG43	Bacteria	B69_L003	phylum	Actinomycetota	/phylum:Actinomycetota
NEE60_G_00783	MAG44	Bacteria	B69_L003	phylum	Actinomycetota	/phylum:Actinomycetota
NEE60_G_00784	MAG45	Bacteria	B69_L003	phylum	Actinomycetota	/phylum:Actinomycetota
NEE60_G_00790	MAG51	Bacteria	B69_L003	phylum	Actinomycetota	/phylum:Actinomycetota
NEE60_G_00791	MAG52	Bacteria	B69_L003	phylum	Actinomycetota	/phylum:Actinomycetota
NEE60_G_00792	MAG53	Bacteria	B69_L003	phylum	Actinomycetota	/phylum:Actinomycetota
NEE60_G_00795	MAG56	Bacteria	B69_L003	phylum	Actinomycetota	/phylum:Actinomycetota
NEE60_G_00797	MAG58	Bacteria	B69_L003	phylum	Actinomycetota	/phylum:Actinomycetota
NEE60_G_00798	MAG59	Bacteria	B69_L003	phylum	Actinomycetota	/phylum:Actinomycetota
NEE60_G_00799	MAG60	Bacteria	B69_L003	phylum	Actinomycetota	/phylum:Actinomycetota
NEE60_G_00803	MAG64	Bacteria	B69_L003	phylum	Actinomycetota	/phylum:Actinomycetota
NEE60_G_00804	MAG65	Bacteria	B69_L003	phylum	Actinomycetota	/phylum:Actinomycetota
NEE60_G_00926	NEE56_mackay__GCA_013694495.1	Bacteria	B69_L003	phylum	Actinomycetota	/phylum:Actinomycetota
NEE60_G_00931	NEE56_mackay__GCA_013694625.1	Bacteria	B69_L003	phylum	Actinomycetota	/phylum:Actinomycetota
NEE60_G_00934	NEE56_mackay__GCA_013694685.1	Bacteria	B69_L003	phylum	Actinomycetota	/phylum:Actinomycetota
NEE60_G_00936	NEE56_mackay__GCA_013694705.1	Bacteria	B69_L003	phylum	Actinomycetota	/phylum:Actinomycetota
NEE60_G_00941	NEE56_mackay__GCA_013694825.1	Bacteria	B69_L003	phylum	Actinomycetota	/phylum:Actinomycetota
NEE60_G_00945	NEE56_mackay__GCA_013694895.1	Bacteria	B69_L003	phylum	Actinomycetota	/phylum:Actinomycetota
NEE60_G_00946	NEE56_mackay__GCA_013694915.1	Bacteria	B69_L003	phylum	Actinomycetota	/phylum:Actinomycetota
NEE60_G_00950	NEE56_mackay__GCA_013695005.1	Bacteria	B69_L003	phylum	Actinomycetota	/phylum:Actinomycetota
NEE60_G_00952	NEE56_mackay__GCA_013695055.1	Bacteria	B69_L003	phylum	Actinomycetota	/phylum:Actinomycetota
NEE60_G_00953	NEE56_mackay__GCA_013695075.1	Bacteria	B69_L003	phylum	Actinomycetota	/phylum:Actinomycetota
NEE60_G_00954	NEE56_mackay__GCA_013695095.1	Bacteria	B69_L003	phylum	Actinomycetota	/phylum:Actinomycetota
NEE60_G_00955	NEE56_mackay__GCA_013695115.1	Bacteria	B69_L003	phylum	Actinomycetota	/phylum:Actinomycetota
NEE60_G_00956	NEE56_mackay__GCA_013695145.1	Bacteria	B69_L003	phylum	Actinomycetota	/phylum:Actinomycetota
NEE60_G_00962	NEE56_mackay__GCA_013695295.1	Bacteria	B69_L003	phylum	Actinomycetota	/phylum:Actinomycetota
NEE60_G_00963	NEE56_mackay__GCA_013695315.1	Bacteria	B69_L003	phylum	Actinomycetota	/phylum:Actinomycetota
NEE60_G_00964	NEE56_mackay__GCA_013695335.1	Bacteria	B69_L003	phylum	Actinomycetota	/phylum:Actinomycetota
NEE60_G_00966	NEE56_mackay__GCA_013695385.1	Bacteria	B69_L003	phylum	Actinomycetota	/phylum:Actinomycetota
NEE60_G_00967	NEE56_mackay__GCA_013695395.1	Bacteria	B69_L003	phylum	Actinomycetota	/phylum:Actinomycetota
NEE60_G_00975	NEE56_mackay__GCA_013695615.1	Bacteria	B69_L003	phylum	Actinomycetota	/phylum:Actinomycetota
NEE60_G_00976	NEE56_mackay__GCA_013695665.1	Bacteria	B69_L003	phylum	Actinomycetota	/phylum:Actinomycetota
NEE60_G_00978	NEE56_mackay__GCA_013695685.1	Bacteria	B69_L003	phylum	Actinomycetota	/phylum:Actinomycetota
NEE60_G_00982	NEE56_mackay__GCA_013695785.1	Bacteria	B69_L003	phylum	Actinomycetota	/phylum:Actinomycetota
NEE60_G_00983	NEE56_mackay__GCA_013695835.1	Bacteria	B69_L003	phylum	Actinomycetota	/phylum:Actinomycetota
NEE60_G_00984	NEE56_mackay__GCA_013695855.1	Bacteria	B69_L003	phylum	Actinomycetota	/phylum:Actinomycetota
NEE60_G_00985	NEE56_mackay__GCA_013695885.1	Bacteria	B69_L003	phylum	Actinomycetota	/phylum:Actinomycetota
NEE60_G_00987	NEE56_mackay__GCA_013695915.1	Bacteria	B69_L003	phylum	Actinomycetota	/phylum:Actinomycetota
NEE60_G_00989	NEE56_mackay__GCA_013695965.1	Bacteria	B69_L003	phylum	Actinomycetota	/phylum:Actinomycetota
NEE60_G_00991	NEE56_mackay__GCA_013696005.1	Bacteria	B69_L003	phylum	Actinomycetota	/phylum:Actinomycetota
NEE60_G_00994	NEE56_mackay__GCA_013696065.1	Bacteria	B69_L003	phylum	Actinomycetota	/phylum:Actinomycetota
NEE60_G_00997	NEE56_mackay__GCA_013696135.1	Bacteria	B69_L003	phylum	Actinomycetota	/phylum:Actinomycetota
NEE60_G_00998	NEE56_mackay__GCA_013696165.1	Bacteria	B69_L003	phylum	Actinomycetota	/phylum:Actinomycetota
NEE60_G_00999	NEE56_mackay__GCA_013696175.1	Bacteria	B69_L003	phylum	Actinomycetota	/phylum:Actinomycetota
NEE60_G_01000	NEE56_mackay__GCA_013696185.1	Bacteria	B69_L003	phylum	Actinomycetota	/phylum:Actinomycetota
NEE60_G_01006	NEE56_mackay__GCA_013696325.1	Bacteria	B69_L003	phylum	Actinomycetota	/phylum:Actinomycetota
NEE60_G_01007	NEE56_mackay__GCA_013696365.1	Bacteria	B69_L003	phylum	Actinomycetota	/phylum:Actinomycetota
NEE60_G_01010	NEE56_mackay__GCA_013696425.1	Bacteria	B69_L003	phylum	Actinomycetota	/phylum:Actinomycetota
NEE60_G_01012	NEE56_mackay__GCA_013696475.1	Bacteria	B69_L003	phylum	Actinomycetota	/phylum:Actinomycetota
NEE60_G_01013	NEE56_mackay__GCA_013696495.1	Bacteria	B69_L003	phylum	Actinomycetota	/phylum:Actinomycetota
NEE60_G_01015	NEE56_mackay__GCA_013696535.1	Bacteria	B69_L003	phylum	Actinomycetota	/phylum:Actinomycetota
NEE60_G_01016	NEE56_mackay__GCA_013696555.1	Bacteria	B69_L003	phylum	Actinomycetota	/phylum:Actinomycetota
NEE60_G_01017	NEE56_mackay__GCA_013696585.1	Bacteria	B69_L003	phylum	Actinomycetota	/phylum:Actinomycetota
NEE60_G_01018	NEE56_mackay__GCA_013696595.1	Bacteria	B69_L003	phylum	Actinomycetota	/phylum:Actinomycetota
NEE60_G_01020	NEE56_mackay__GCA_013696635.1	Bacteria	B69_L003	phylum	Actinomycetota	/phylum:Actinomycetota
NEE60_G_01022	NEE56_mackay__GCA_013696675.1	Bacteria	B69_L003	phylum	Actinomycetota	/phylum:Actinomycetota
NEE60_G_01025	NEE56_mackay__GCA_013696745.1	Bacteria	B69_L003	phylum	Actinomycetota	/phylum:Actinomycetota
NEE60_G_01027	NEE56_mackay__GCA_013696785.1	Bacteria	B69_L003	phylum	Actinomycetota	/phylum:Actinomycetota
NEE60_G_01028	NEE56_mackay__GCA_013696805.1	Bacteria	B69_L003	phylum	Actinomycetota	/phylum:Actinomycetota
NEE60_G_01029	NEE56_mackay__GCA_013696825.1	Bacteria	B69_L003	phylum	Actinomycetota	/phylum:Actinomycetota
NEE60_G_01032	NEE56_mackay__GCA_013696875.1	Bacteria	B69_L003	phylum	Actinomycetota	/phylum:Actinomycetota
NEE60_G_01033	NEE56_mackay__GCA_013696905.1	Bacteria	B69_L003	phylum	Actinomycetota	/phylum:Actinomycetota
NEE60_G_01034	NEE56_mackay__GCA_013696915.1	Bacteria	B69_L003	phylum	Actinomycetota	/phylum:Actinomycetota
NEE60_G_01037	NEE56_mackay__GCA_013696975.1	Bacteria	B69_L003	phylum	Actinomycetota	/phylum:Actinomycetota
NEE60_G_01044	NEE56_mackay__GCA_013697265.1	Bacteria	B69_L003	phylum	Actinomycetota	/phylum:Actinomycetota
NEE60_G_01045	NEE56_mackay__GCA_013697275.1	Bacteria	B69_L003	phylum	Actinomycetota	/phylum:Actinomycetota
NEE60_G_01046	NEE56_mackay__GCA_013697295.1	Bacteria	B69_L003	phylum	Actinomycetota	/phylum:Actinomycetota
NEE60_G_01047	NEE56_mackay__GCA_013697345.1	Bacteria	B69_L003	phylum	Actinomycetota	/phylum:Actinomycetota
NEE60_G_01050	NEE56_mackay__GCA_013697415.1	Bacteria	B69_L003	phylum	Actinomycetota	/phylum:Actinomycetota
NEE60_G_01052	NEE56_mackay__GCA_013697465.1	Bacteria	B69_L003	phylum	Actinomycetota	/phylum:Actinomycetota
NEE60_G_01055	NEE56_mackay__GCA_013697515.1	Bacteria	B69_L003	phylum	Actinomycetota	/phylum:Actinomycetota
NEE60_G_01056	NEE56_mackay__GCA_013697535.1	Bacteria	B69_L003	phylum	Actinomycetota	/phylum:Actinomycetota
NEE60_G_01058	NEE56_mackay__GCA_013697585.1	Bacteria	B69_L003	phylum	Actinomycetota	/phylum:Actinomycetota
NEE60_G_01069	NEE56_mackay__GCA_013697825.1	Bacteria	B69_L003	phylum	Actinomycetota	/phylum:Actinomycetota
NEE60_G_01072	NEE56_mackay__GCA_013697865.1	Bacteria	B69_L003	phylum	Actinomycetota	/phylum:Actinomycetota
NEE60_G_01073	NEE56_mackay__GCA_013697905.1	Bacteria	B69_L003	phylum	Actinomycetota	/phylum:Actinomycetota
NEE60_G_01080	NEE56_mackay__GCA_013698125.1	Bacteria	B69_L003	phylum	Actinomycetota	/phylum:Actinomycetota
NEE60_G_01081	NEE56_mackay__GCA_013698135.1	Bacteria	B69_L003	phylum	Actinomycetota	/phylum:Actinomycetota
NEE60_G_01083	NEE56_mackay__GCA_013698185.1	Bacteria	B69_L003	phylum	Actinomycetota	/phylum:Actinomycetota
NEE60_G_01084	NEE56_mackay__GCA_013698195.1	Bacteria	B69_L003	phylum	Actinomycetota	/phylum:Actinomycetota
NEE60_G_01088	NEE56_mackay__GCA_013698295.1	Bacteria	B69_L003	phylum	Actinomycetota	/phylum:Actinomycetota
NEE60_G_01089	NEE56_mackay__GCA_013698335.1	Bacteria	B69_L003	phylum	Actinomycetota	/phylum:Actinomycetota
NEE60_G_01092	NEE56_mackay__GCA_013698395.1	Bacteria	B69_L003	phylum	Actinomycetota	/phylum:Actinomycetota
NEE60_G_01094	NEE56_mackay__GCA_013698435.1	Bacteria	B69_L003	phylum	Actinomycetota	/phylum:Actinomycetota
NEE60_G_01095	NEE56_mackay__GCA_013698485.1	Bacteria	B69_L003	phylum	Actinomycetota	/phylum:Actinomycetota
NEE60_G_01097	NEE56_mackay__GCA_013811665.1	Bacteria	B69_L003	phylum	Actinomycetota	/phylum:Actinomycetota
NEE60_G_01098	NEE56_mackay__GCA_013811715.1	Bacteria	B69_L003	phylum	Actinomycetota	/phylum:Actinomycetota
NEE60_G_01100	NEE56_mackay__GCA_013811765.1	Bacteria	B69_L003	phylum	Actinomycetota	/phylum:Actinomycetota
NEE60_G_01101	NEE56_mackay__GCA_013811775.1	Bacteria	B69_L003	phylum	Actinomycetota	/phylum:Actinomycetota
NEE60_G_01102	NEE56_mackay__GCA_013811805.1	Bacteria	B69_L003	phylum	Actinomycetota	/phylum:Actinomycetota
NEE60_G_01104	NEE56_mackay__GCA_013811855.1	Bacteria	B69_L003	phylum	Actinomycetota	/phylum:Actinomycetota
NEE60_G_01106	NEE56_mackay__GCA_013811925.1	Bacteria	B69_L003	phylum	Actinomycetota	/phylum:Actinomycetota
NEE60_G_01108	NEE56_mackay__GCA_013811965.1	Bacteria	B69_L003	phylum	Actinomycetota	/phylum:Actinomycetota
NEE60_G_01109	NEE56_mackay__GCA_013811975.1	Bacteria	B69_L003	phylum	Actinomycetota	/phylum:Actinomycetota
NEE60_G_01110	NEE56_mackay__GCA_013812005.1	Bacteria	B69_L003	phylum	Actinomycetota	/phylum:Actinomycetota
NEE60_G_01112	NEE56_mackay__GCA_013812065.1	Bacteria	B69_L003	phylum	Actinomycetota	/phylum:Actinomycetota
NEE60_G_01113	NEE56_mackay__GCA_013812085.1	Bacteria	B69_L003	phylum	Actinomycetota	/phylum:Actinomycetota
NEE60_G_01115	NEE56_mackay__GCA_013812135.1	Bacteria	B69_L003	phylum	Actinomycetota	/phylum:Actinomycetota
NEE60_G_01116	NEE56_mackay__GCA_013812145.1	Bacteria	B69_L003	phylum	Actinomycetota	/phylum:Actinomycetota
NEE60_G_01117	NEE56_mackay__GCA_013812185.1	Bacteria	B69_L003	phylum	Actinomycetota	/phylum:Actinomycetota
NEE60_G_01118	NEE56_mackay__GCA_013812235.1	Bacteria	B69_L003	phylum	Actinomycetota	/phylum:Actinomycetota
NEE60_G_01119	NEE56_mackay__GCA_013812245.1	Bacteria	B69_L003	phylum	Actinomycetota	/phylum:Actinomycetota
NEE60_G_01120	NEE56_mackay__GCA_013812255.1	Bacteria	B69_L003	phylum	Actinomycetota	/phylum:Actinomycetota
NEE60_G_01121	NEE56_mackay__GCA_013812265.1	Bacteria	B69_L003	phylum	Actinomycetota	/phylum:Actinomycetota
NEE60_G_01122	NEE56_mackay__GCA_013812345.1	Bacteria	B69_L003	phylum	Actinomycetota	/phylum:Actinomycetota
NEE60_G_01123	NEE56_mackay__GCA_013812365.1	Bacteria	B69_L003	phylum	Actinomycetota	/phylum:Actinomycetota
NEE60_G_01124	NEE56_mackay__GCA_013812375.1	Bacteria	B69_L003	phylum	Actinomycetota	/phylum:Actinomycetota
NEE60_G_01125	NEE56_mackay__GCA_013812465.1	Bacteria	B69_L003	phylum	Actinomycetota	/phylum:Actinomycetota
NEE60_G_01126	NEE56_mackay__GCA_013812485.1	Bacteria	B69_L003	phylum	Actinomycetota	/phylum:Actinomycetota
NEE60_G_01127	NEE56_mackay__GCA_013812505.1	Bacteria	B69_L003	phylum	Actinomycetota	/phylum:Actinomycetota
NEE60_G_01132	NEE56_mackay__GCA_013812615.1	Bacteria	B69_L003	phylum	Actinomycetota	/phylum:Actinomycetota
NEE60_G_01136	NEE56_mackay__GCA_013812705.1	Bacteria	B69_L003	phylum	Actinomycetota	/phylum:Actinomycetota
NEE60_G_01140	NEE56_mackay__GCA_013812865.1	Bacteria	B69_L003	phylum	Actinomycetota	/phylum:Actinomycetota
NEE60_G_01143	NEE56_mackay__GCA_013812945.1	Bacteria	B69_L003	phylum	Actinomycetota	/phylum:Actinomycetota
NEE60_G_01148	NEE56_mackay__GCA_013813105.1	Bacteria	B69_L003	phylum	Actinomycetota	/phylum:Actinomycetota
NEE60_G_01149	NEE56_mackay__GCA_013813125.1	Bacteria	B69_L003	phylum	Actinomycetota	/phylum:Actinomycetota
NEE60_G_01150	NEE56_mackay__GCA_013813135.1	Bacteria	B69_L003	phylum	Actinomycetota	/phylum:Actinomycetota
NEE60_G_01152	NEE56_mackay__GCA_013813215.1	Bacteria	B69_L003	phylum	Actinomycetota	/phylum:Actinomycetota
NEE60_G_01157	NEE56_mackay__GCA_013813325.1	Bacteria	B69_L003	phylum	Actinomycetota	/phylum:Actinomycetota
NEE60_G_01158	NEE56_mackay__GCA_013813345.1	Bacteria	B69_L003	phylum	Actinomycetota	/phylum:Actinomycetota
NEE60_G_01163	NEE56_mackay__GCA_013813465.1	Bacteria	B69_L003	phylum	Actinomycetota	/phylum:Actinomycetota
NEE60_G_01164	NEE56_mackay__GCA_013813475.1	Bacteria	B69_L003	phylum	Actinomycetota	/phylum:Actinomycetota
NEE60_G_01169	NEE56_mackay__GCA_013813625.1	Bacteria	B69_L003	phylum	Actinomycetota	/phylum:Actinomycetota
NEE60_G_01177	NEE56_mackay__GCA_013813835.1	Bacteria	B69_L003	phylum	Actinomycetota	/phylum:Actinomycetota
NEE60_G_01178	NEE56_mackay__GCA_013813865.1	Bacteria	B69_L003	phylum	Actinomycetota	/phylum:Actinomycetota
NEE60_G_01181	NEE56_mackay__GCA_013813955.1	Bacteria	B69_L003	phylum	Actinomycetota	/phylum:Actinomycetota
NEE60_G_01182	NEE56_mackay__GCA_013813985.1	Bacteria	B69_L003	phylum	Actinomycetota	/phylum:Actinomycetota
NEE60_G_01184	NEE56_mackay__GCA_013814015.1	Bacteria	B69_L003	phylum	Actinomycetota	/phylum:Actinomycetota
NEE60_G_01185	NEE56_mackay__GCA_013814045.1	Bacteria	B69_L003	phylum	Actinomycetota	/phylum:Actinomycetota
NEE60_G_01188	NEE56_mackay__GCA_013815355.1	Bacteria	B69_L003	phylum	Actinomycetota	/phylum:Actinomycetota
NEE60_G_01194	NEE56_mackay__GCA_013815575.1	Bacteria	B69_L003	phylum	Actinomycetota	/phylum:Actinomycetota
NEE60_G_01196	NEE56_mackay__GCA_013815635.1	Bacteria	B69_L003	phylum	Actinomycetota	/phylum:Actinomycetota
NEE60_G_01201	NEE56_mackay__GCA_013815725.1	Bacteria	B69_L003	phylum	Actinomycetota	/phylum:Actinomycetota
NEE60_G_01210	NEE56_mackay__GCA_013816005.1	Bacteria	B69_L003	phylum	Actinomycetota	/phylum:Actinomycetota
NEE60_G_01211	NEE56_mackay__GCA_013816105.1	Bacteria	B69_L003	phylum	Actinomycetota	/phylum:Actinomycetota
NEE60_G_01213	NEE56_mackay__GCA_013816125.1	Bacteria	B69_L003	phylum	Actinomycetota	/phylum:Actinomycetota
NEE60_G_01217	NEE56_mackay__GCA_013816245.1	Bacteria	B69_L003	phylum	Actinomycetota	/phylum:Actinomycetota
NEE60_G_01220	NEE56_mackay__GCA_013816275.1	Bacteria	B69_L003	phylum	Actinomycetota	/phylum:Actinomycetota
NEE60_G_01222	NEE56_mackay__GCA_013816365.1	Bacteria	B69_L003	phylum	Actinomycetota	/phylum:Actinomycetota
NEE60_G_01238	NEE56_mackay__GCA_013816725.1	Bacteria	B69_L003	phylum	Actinomycetota	/phylum:Actinomycetota
NEE60_G_01247	NEE56_mackay__GCA_013817005.1	Bacteria	B69_L003	phylum	Actinomycetota	/phylum:Actinomycetota
NEE60_G_01248	NEE56_mackay__GCA_013817025.1	Bacteria	B69_L003	phylum	Actinomycetota	/phylum:Actinomycetota
NEE60_G_01249	NEE56_mackay__GCA_013817085.1	Bacteria	B69_L003	phylum	Actinomycetota	/phylum:Actinomycetota
NEE60_G_01251	NEE56_mackay__GCA_013817125.1	Bacteria	B69_L003	phylum	Actinomycetota	/phylum:Actinomycetota
NEE60_G_01257	NEE56_mackay__GCA_013817425.1	Bacteria	B69_L003	phylum	Actinomycetota	/phylum:Actinomycetota
NEE60_G_01258	NEE56_mackay__GCA_013817435.1	Bacteria	B69_L003	phylum	Actinomycetota	/phylum:Actinomycetota
NEE60_G_01262	NEE56_mackay__GCA_013817555.1	Bacteria	B69_L003	phylum	Actinomycetota	/phylum:Actinomycetota
NEE60_G_01265	NEE56_mackay__GCA_013817655.1	Bacteria	B69_L003	phylum	Actinomycetota	/phylum:Actinomycetota
NEE60_G_01268	NEE56_mackay__GCA_013820785.1	Bacteria	B69_L003	phylum	Actinomycetota	/phylum:Actinomycetota
NEE60_G_01279	NEE56_mackay__GCA_013821025.1	Bacteria	B69_L003	phylum	Actinomycetota	/phylum:Actinomycetota
NEE60_G_01280	NEE56_mackay__GCA_013821085.1	Bacteria	B69_L003	phylum	Actinomycetota	/phylum:Actinomycetota
NEE60_G_01282	NEE56_mackay__GCA_013821125.1	Bacteria	B69_L003	phylum	Actinomycetota	/phylum:Actinomycetota
NEE60_G_01283	NEE56_mackay__GCA_013821195.1	Bacteria	B69_L003	phylum	Actinomycetota	/phylum:Actinomycetota
NEE60_G_01295	NEE56_mackay__GCA_013821475.1	Bacteria	B69_L003	phylum	Actinomycetota	/phylum:Actinomycetota
NEE60_G_01296	NEE56_mackay__GCA_013821525.1	Bacteria	B69_L003	phylum	Actinomycetota	/phylum:Actinomycetota
NEE60_G_01297	NEE56_mackay__GCA_013821565.1	Bacteria	B69_L003	phylum	Actinomycetota	/phylum:Actinomycetota
NEE60_G_01307	NEE56_mackay__GCF_013815995.1	Bacteria	B69_L003	phylum	Actinomycetota	/phylum:Actinomycetota
NEE60_G_01313	alaska_permafrost_reference_125_merged	Bacteria	B69_L003	phylum	Actinomycetota	/phylum:Actinomycetota
NEE60_G_01314	alaska_permafrost_reference_132_merged	Bacteria	B69_L003	phylum	Actinomycetota	/phylum:Actinomycetota
NEE60_G_01317	alaska_permafrost_reference_15p_S15_bin.14	Bacteria	B69_L003	phylum	Actinomycetota	/phylum:Actinomycetota
NEE60_G_01318	alaska_permafrost_reference_162_merged	Bacteria	B69_L003	phylum	Actinomycetota	/phylum:Actinomycetota
NEE60_G_01320	alaska_permafrost_reference_16p_S16_bin.38	Bacteria	B69_L003	phylum	Actinomycetota	/phylum:Actinomycetota
NEE60_G_01323	alaska_permafrost_reference_17p_S17_bin.3	Bacteria	B69_L003	phylum	Actinomycetota	/phylum:Actinomycetota
NEE60_G_01326	alaska_permafrost_reference_19_S45_bin.5	Bacteria	B69_L003	phylum	Actinomycetota	/phylum:Actinomycetota
NEE60_G_01328	alaska_permafrost_reference_20_S46_bin.5	Bacteria	B69_L003	phylum	Actinomycetota	/phylum:Actinomycetota
NEE60_G_01340	alaska_permafrost_reference_GCA_003132125.1_20120500_P28_genomic	Bacteria	B69_L003	phylum	Actinomycetota	/phylum:Actinomycetota
NEE60_G_01343	alaska_permafrost_reference_GCA_003132205.1_20120500_P27_genomic	Bacteria	B69_L003	phylum	Actinomycetota	/phylum:Actinomycetota
NEE60_G_01344	alaska_permafrost_reference_GCA_003132585.1_20120500_P19_genomic	Bacteria	B69_L003	phylum	Actinomycetota	/phylum:Actinomycetota
NEE60_G_01345	alaska_permafrost_reference_GCA_003132645.1_20120500_P19_genomic	Bacteria	B69_L003	phylum	Actinomycetota	/phylum:Actinomycetota
NEE60_G_01346	alaska_permafrost_reference_GCA_003132665.1_20120500_P19_genomic	Bacteria	B69_L003	phylum	Actinomycetota	/phylum:Actinomycetota
NEE60_G_01349	alaska_permafrost_reference_GCA_003133285.1_20120500_P28_genomic	Bacteria	B69_L003	phylum	Actinomycetota	/phylum:Actinomycetota
NEE60_G_01350	alaska_permafrost_reference_GCA_003133325.1_20120500_P27_genomic	Bacteria	B69_L003	phylum	Actinomycetota	/phylum:Actinomycetota
NEE60_G_01352	alaska_permafrost_reference_GCA_003134505.1_20111000_P3M_genomic	Bacteria	B69_L003	phylum	Actinomycetota	/phylum:Actinomycetota
NEE60_G_01353	alaska_permafrost_reference_GCA_003134555.1_20111000_P3M_genomic	Bacteria	B69_L003	phylum	Actinomycetota	/phylum:Actinomycetota
NEE60_G_01358	alaska_permafrost_reference_GCA_003136415.1_20111000_P1D_genomic	Bacteria	B69_L003	phylum	Actinomycetota	/phylum:Actinomycetota
NEE60_G_01359	alaska_permafrost_reference_GCA_003136795.1_20111000_P2D_genomic	Bacteria	B69_L003	phylum	Actinomycetota	/phylum:Actinomycetota
NEE60_G_01383	alaska_permafrost_reference_GCA_003151895.1_20120700_P3D_genomic	Bacteria	B69_L003	phylum	Actinomycetota	/phylum:Actinomycetota
NEE60_G_01387	alaska_permafrost_reference_GCA_003152275.1_20120700_P3D_genomic	Bacteria	B69_L003	phylum	Actinomycetota	/phylum:Actinomycetota
NEE60_G_01392	alaska_permafrost_reference_GCA_003153855.1_20120700_E3M_genomic	Bacteria	B69_L003	phylum	Actinomycetota	/phylum:Actinomycetota
NEE60_G_01394	alaska_permafrost_reference_GCA_003157385.1_20120600_E2D_genomic	Bacteria	B69_L003	phylum	Actinomycetota	/phylum:Actinomycetota
NEE60_G_01395	alaska_permafrost_reference_GCA_003157445.1_20120600_E2D_genomic	Bacteria	B69_L003	phylum	Actinomycetota	/phylum:Actinomycetota
NEE60_G_01398	alaska_permafrost_reference_GCA_003158855.1_20120600_E1D_genomic	Bacteria	B69_L003	phylum	Actinomycetota	/phylum:Actinomycetota
NEE60_G_01399	alaska_permafrost_reference_GCA_003158895.1_20120600_E1D_genomic	Bacteria	B69_L003	phylum	Actinomycetota	/phylum:Actinomycetota
NEE60_G_01400	alaska_permafrost_reference_GCA_003158955.1_20120500_P39_genomic	Bacteria	B69_L003	phylum	Actinomycetota	/phylum:Actinomycetota
NEE60_G_01403	alaska_permafrost_reference_GCA_003162235.1_20100900_E1D_genomic	Bacteria	B69_L003	phylum	Actinomycetota	/phylum:Actinomycetota
NEE60_G_01415	alaska_permafrost_reference_GCA_003170155.1_20110800_E3D_genomic	Bacteria	B69_L003	phylum	Actinomycetota	/phylum:Actinomycetota
NEE60_G_01420	alaska_permafrost_reference_GCA_003170995.1_20110800_E1D_genomic	Bacteria	B69_L003	phylum	Actinomycetota	/phylum:Actinomycetota
NEE60_G_01424	alaska_permafrost_reference_S213bin.1	Bacteria	B69_L003	phylum	Actinomycetota	/phylum:Actinomycetota
NEE60_G_01428	alaska_permafrost_reference_S262bin.2	Bacteria	B69_L003	phylum	Actinomycetota	/phylum:Actinomycetota
NEE60_G_01429	alaska_permafrost_reference_S412bin.9	Bacteria	B69_L003	phylum	Actinomycetota	/phylum:Actinomycetota
NEE60_G_01432	alaska_permafrost_reference_SRR10159350bin.16	Bacteria	B69_L003	phylum	Actinomycetota	/phylum:Actinomycetota
NEE60_G_01434	alaska_permafrost_reference_SRR10260007bin.6	Bacteria	B69_L003	phylum	Actinomycetota	/phylum:Actinomycetota
NEE60_G_01437	alaska_permafrost_reference_SRR10360647bin.2	Bacteria	B69_L003	phylum	Actinomycetota	/phylum:Actinomycetota
NEE60_G_01439	alaska_permafrost_reference_SRR10489811bin.7	Bacteria	B69_L003	phylum	Actinomycetota	/phylum:Actinomycetota
NEE60_G_01444	alaska_permafrost_reference_SRR10489814bin.8	Bacteria	B69_L003	phylum	Actinomycetota	/phylum:Actinomycetota
NEE60_G_01449	alaska_permafrost_reference_SRR10489815bin.15	Bacteria	B69_L003	phylum	Actinomycetota	/phylum:Actinomycetota
NEE60_G_01456	alaska_permafrost_reference_SRR10489815bin.37	Bacteria	B69_L003	phylum	Actinomycetota	/phylum:Actinomycetota
NEE60_G_01457	alaska_permafrost_reference_SRR10489815bin.38	Bacteria	B69_L003	phylum	Actinomycetota	/phylum:Actinomycetota
NEE60_G_01459	alaska_permafrost_reference_SRR10489815bin.43	Bacteria	B69_L003	phylum	Actinomycetota	/phylum:Actinomycetota
NEE60_G_01464	alaska_permafrost_reference_SRR10489818bin.7	Bacteria	B69_L003	phylum	Actinomycetota	/phylum:Actinomycetota
NEE60_G_01465	alaska_permafrost_reference_SRR10489819bin.2	Bacteria	B69_L003	phylum	Actinomycetota	/phylum:Actinomycetota
NEE60_G_01470	alaska_permafrost_reference_SRR10489821bin.4	Bacteria	B69_L003	phylum	Actinomycetota	/phylum:Actinomycetota
NEE60_G_01472	alaska_permafrost_reference_SRR10489821bin.6	Bacteria	B69_L003	phylum	Actinomycetota	/phylum:Actinomycetota
NEE60_G_01474	alaska_permafrost_reference_SRR10489822bin.5	Bacteria	B69_L003	phylum	Actinomycetota	/phylum:Actinomycetota
NEE60_G_01478	alaska_permafrost_reference_SRR10489825bin.2	Bacteria	B69_L003	phylum	Actinomycetota	/phylum:Actinomycetota
NEE60_G_01479	alaska_permafrost_reference_SRR10489825bin.5	Bacteria	B69_L003	phylum	Actinomycetota	/phylum:Actinomycetota
NEE60_G_01480	alaska_permafrost_reference_SRR10489826bin.10	Bacteria	B69_L003	phylum	Actinomycetota	/phylum:Actinomycetota
NEE60_G_01481	alaska_permafrost_reference_SRR10489826bin.15	Bacteria	B69_L003	phylum	Actinomycetota	/phylum:Actinomycetota
NEE60_G_01487	alaska_permafrost_reference_SRR10489828bin.20	Bacteria	B69_L003	phylum	Actinomycetota	/phylum:Actinomycetota
NEE60_G_01493	alaska_permafrost_reference_SRR10489831bin.1	Bacteria	B69_L003	phylum	Actinomycetota	/phylum:Actinomycetota
NEE60_G_01504	alaska_permafrost_reference_SRR10489834bin.16	Bacteria	B69_L003	phylum	Actinomycetota	/phylum:Actinomycetota
NEE60_G_01507	alaska_permafrost_reference_SRR10489834bin.29	Bacteria	B69_L003	phylum	Actinomycetota	/phylum:Actinomycetota
NEE60_G_01514	alaska_permafrost_reference_SRR10489839bin.8	Bacteria	B69_L003	phylum	Actinomycetota	/phylum:Actinomycetota
NEE60_G_01515	alaska_permafrost_reference_SRR10585504bin.3	Bacteria	B69_L003	phylum	Actinomycetota	/phylum:Actinomycetota
NEE60_G_01521	alaska_permafrost_reference_SRR10998558bin.6	Bacteria	B69_L003	phylum	Actinomycetota	/phylum:Actinomycetota
NEE60_G_01523	alaska_permafrost_reference_SRR1153387rbin.5	Bacteria	B69_L003	phylum	Actinomycetota	/phylum:Actinomycetota
NEE60_G_01524	alaska_permafrost_reference_SRR11674063bin.29	Bacteria	B69_L003	phylum	Actinomycetota	/phylum:Actinomycetota
NEE60_G_01525	alaska_permafrost_reference_SRR11678563bin.6	Bacteria	B69_L003	phylum	Actinomycetota	/phylum:Actinomycetota
NEE60_G_01531	alaska_permafrost_reference_SRR11833234bin.10	Bacteria	B69_L003	phylum	Actinomycetota	/phylum:Actinomycetota
NEE60_G_01535	alaska_permafrost_reference_SRR11835640bin.36	Bacteria	B69_L003	phylum	Actinomycetota	/phylum:Actinomycetota
NEE60_G_01537	alaska_permafrost_reference_SRR11836410bin.36	Bacteria	B69_L003	phylum	Actinomycetota	/phylum:Actinomycetota
NEE60_G_01538	alaska_permafrost_reference_SRR11836440bin.55	Bacteria	B69_L003	phylum	Actinomycetota	/phylum:Actinomycetota
NEE60_G_01539	alaska_permafrost_reference_SRR11836447bin.1	Bacteria	B69_L003	phylum	Actinomycetota	/phylum:Actinomycetota
NEE60_G_01560	alaska_permafrost_reference_SRR12756228bin.2	Bacteria	B69_L003	phylum	Actinomycetota	/phylum:Actinomycetota
NEE60_G_01564	alaska_permafrost_reference_SRR12844116bin.1	Bacteria	B69_L003	phylum	Actinomycetota	/phylum:Actinomycetota
NEE60_G_01571	alaska_permafrost_reference_SRR1586264rbin.1	Bacteria	B69_L003	phylum	Actinomycetota	/phylum:Actinomycetota
NEE60_G_01572	alaska_permafrost_reference_SRR1586264rbin.5	Bacteria	B69_L003	phylum	Actinomycetota	/phylum:Actinomycetota
NEE60_G_01574	alaska_permafrost_reference_SRR1586266rbin.2	Bacteria	B69_L003	phylum	Actinomycetota	/phylum:Actinomycetota
NEE60_G_01578	alaska_permafrost_reference_SRR1586269rbin.20	Bacteria	B69_L003	phylum	Actinomycetota	/phylum:Actinomycetota
NEE60_G_01579	alaska_permafrost_reference_SRR1586269rbin.24	Bacteria	B69_L003	phylum	Actinomycetota	/phylum:Actinomycetota
NEE60_G_01582	alaska_permafrost_reference_SRR1586270rbin.6	Bacteria	B69_L003	phylum	Actinomycetota	/phylum:Actinomycetota
NEE60_G_01586	alaska_permafrost_reference_SRR1586276rbin.13	Bacteria	B69_L003	phylum	Actinomycetota	/phylum:Actinomycetota
NEE60_G_01588	alaska_permafrost_reference_SRR1586279rbin.14	Bacteria	B69_L003	phylum	Actinomycetota	/phylum:Actinomycetota
NEE60_G_01589	alaska_permafrost_reference_SRR1586279rbin.19	Bacteria	B69_L003	phylum	Actinomycetota	/phylum:Actinomycetota
NEE60_G_01591	alaska_permafrost_reference_SRR1586279rbin.21	Bacteria	B69_L003	phylum	Actinomycetota	/phylum:Actinomycetota
NEE60_G_01594	alaska_permafrost_reference_SRR1586279rbin.39	Bacteria	B69_L003	phylum	Actinomycetota	/phylum:Actinomycetota
NEE60_G_01595	alaska_permafrost_reference_SRR1586279rbin.4	Bacteria	B69_L003	phylum	Actinomycetota	/phylum:Actinomycetota
NEE60_G_01597	alaska_permafrost_reference_SRR1586279rbin.7	Bacteria	B69_L003	phylum	Actinomycetota	/phylum:Actinomycetota
NEE60_G_01603	alaska_permafrost_reference_SRR1586300rbin.1	Bacteria	B69_L003	phylum	Actinomycetota	/phylum:Actinomycetota
NEE60_G_01604	alaska_permafrost_reference_SRR1586301rbin.12	Bacteria	B69_L003	phylum	Actinomycetota	/phylum:Actinomycetota
NEE60_G_01605	alaska_permafrost_reference_SRR1586301rbin.2	Bacteria	B69_L003	phylum	Actinomycetota	/phylum:Actinomycetota
NEE60_G_01608	alaska_permafrost_reference_SRR1586304rbin.4	Bacteria	B69_L003	phylum	Actinomycetota	/phylum:Actinomycetota
NEE60_G_01625	alaska_permafrost_reference_SRR1586321rbin.4	Bacteria	B69_L003	phylum	Actinomycetota	/phylum:Actinomycetota
NEE60_G_01627	alaska_permafrost_reference_SRR1586324rbin.22	Bacteria	B69_L003	phylum	Actinomycetota	/phylum:Actinomycetota
NEE60_G_01639	alaska_permafrost_reference_SRR3984960rbin.6	Bacteria	B69_L003	phylum	Actinomycetota	/phylum:Actinomycetota
NEE60_G_01646	alaska_permafrost_reference_SRR3984963rbin.1	Bacteria	B69_L003	phylum	Actinomycetota	/phylum:Actinomycetota
NEE60_G_01647	alaska_permafrost_reference_SRR3984963rbin.13	Bacteria	B69_L003	phylum	Actinomycetota	/phylum:Actinomycetota
NEE60_G_01651	alaska_permafrost_reference_SRR3984963rbin.4	Bacteria	B69_L003	phylum	Actinomycetota	/phylum:Actinomycetota
NEE60_G_01664	alaska_permafrost_reference_SRR3985394rbin.4	Bacteria	B69_L003	phylum	Actinomycetota	/phylum:Actinomycetota
NEE60_G_01666	alaska_permafrost_reference_SRR3985395rbin.18	Bacteria	B69_L003	phylum	Actinomycetota	/phylum:Actinomycetota
NEE60_G_01668	alaska_permafrost_reference_SRR3985395rbin.20	Bacteria	B69_L003	phylum	Actinomycetota	/phylum:Actinomycetota
NEE60_G_01674	alaska_permafrost_reference_SRR3985396rbin.6	Bacteria	B69_L003	phylum	Actinomycetota	/phylum:Actinomycetota
NEE60_G_01677	alaska_permafrost_reference_SRR3985419rbin.2	Bacteria	B69_L003	phylum	Actinomycetota	/phylum:Actinomycetota
NEE60_G_01678	alaska_permafrost_reference_SRR3985420rbin.1	Bacteria	B69_L003	phylum	Actinomycetota	/phylum:Actinomycetota
NEE60_G_01679	alaska_permafrost_reference_SRR3985420rbin.3	Bacteria	B69_L003	phylum	Actinomycetota	/phylum:Actinomycetota
NEE60_G_01680	alaska_permafrost_reference_SRR3985421rbin.12	Bacteria	B69_L003	phylum	Actinomycetota	/phylum:Actinomycetota
NEE60_G_01681	alaska_permafrost_reference_SRR3985421rbin.8	Bacteria	B69_L003	phylum	Actinomycetota	/phylum:Actinomycetota
NEE60_G_01694	alaska_permafrost_reference_SRR3989121rbin.27	Bacteria	B69_L003	phylum	Actinomycetota	/phylum:Actinomycetota
NEE60_G_01699	alaska_permafrost_reference_SRR3989239rbin.10	Bacteria	B69_L003	phylum	Actinomycetota	/phylum:Actinomycetota
NEE60_G_01702	alaska_permafrost_reference_SRR3989239rbin.23	Bacteria	B69_L003	phylum	Actinomycetota	/phylum:Actinomycetota
NEE60_G_01707	alaska_permafrost_reference_SRR3989239rbin.35	Bacteria	B69_L003	phylum	Actinomycetota	/phylum:Actinomycetota
NEE60_G_01708	alaska_permafrost_reference_SRR3989239rbin.8	Bacteria	B69_L003	phylum	Actinomycetota	/phylum:Actinomycetota
NEE60_G_01710	alaska_permafrost_reference_SRR3989254rbin.10	Bacteria	B69_L003	phylum	Actinomycetota	/phylum:Actinomycetota
NEE60_G_01711	alaska_permafrost_reference_SRR3989254rbin.20	Bacteria	B69_L003	phylum	Actinomycetota	/phylum:Actinomycetota
NEE60_G_01719	alaska_permafrost_reference_SRR3989257rbin.17	Bacteria	B69_L003	phylum	Actinomycetota	/phylum:Actinomycetota
NEE60_G_01722	alaska_permafrost_reference_SRR3989257rbin.45	Bacteria	B69_L003	phylum	Actinomycetota	/phylum:Actinomycetota
NEE60_G_01727	alaska_permafrost_reference_SRR3989257rbin.7	Bacteria	B69_L003	phylum	Actinomycetota	/phylum:Actinomycetota
NEE60_G_01728	alaska_permafrost_reference_SRR3989257rbin.8	Bacteria	B69_L003	phylum	Actinomycetota	/phylum:Actinomycetota
NEE60_G_01729	alaska_permafrost_reference_SRR3989258rbin.1	Bacteria	B69_L003	phylum	Actinomycetota	/phylum:Actinomycetota
NEE60_G_01730	alaska_permafrost_reference_SRR3989258rbin.18	Bacteria	B69_L003	phylum	Actinomycetota	/phylum:Actinomycetota
NEE60_G_01738	alaska_permafrost_reference_SRR3989258rbin.34	Bacteria	B69_L003	phylum	Actinomycetota	/phylum:Actinomycetota
NEE60_G_01743	alaska_permafrost_reference_SRR4021130rbin.1	Bacteria	B69_L003	phylum	Actinomycetota	/phylum:Actinomycetota
NEE60_G_01747	alaska_permafrost_reference_SRR4027936rbin.3	Bacteria	B69_L003	phylum	Actinomycetota	/phylum:Actinomycetota
NEE60_G_01748	alaska_permafrost_reference_SRR4027936rbin.4	Bacteria	B69_L003	phylum	Actinomycetota	/phylum:Actinomycetota
NEE60_G_01750	alaska_permafrost_reference_SRR5153238rbin.1	Bacteria	B69_L003	phylum	Actinomycetota	/phylum:Actinomycetota
NEE60_G_01757	alaska_permafrost_reference_SRR5450757rbin.4	Bacteria	B69_L003	phylum	Actinomycetota	/phylum:Actinomycetota
NEE60_G_01761	alaska_permafrost_reference_SRR5659263rbin.1	Bacteria	B69_L003	phylum	Actinomycetota	/phylum:Actinomycetota
NEE60_G_01766	alaska_permafrost_reference_SRR5664280rbin.16	Bacteria	B69_L003	phylum	Actinomycetota	/phylum:Actinomycetota
NEE60_G_01767	alaska_permafrost_reference_SRR5664280rbin.2	Bacteria	B69_L003	phylum	Actinomycetota	/phylum:Actinomycetota
NEE60_G_01772	alaska_permafrost_reference_SRR5665213rbin.1	Bacteria	B69_L003	phylum	Actinomycetota	/phylum:Actinomycetota
NEE60_G_01781	alaska_permafrost_reference_SRR5665647rbin.8	Bacteria	B69_L003	phylum	Actinomycetota	/phylum:Actinomycetota
NEE60_G_01782	alaska_permafrost_reference_SRR5665648rbin.10	Bacteria	B69_L003	phylum	Actinomycetota	/phylum:Actinomycetota
NEE60_G_01783	alaska_permafrost_reference_SRR5665648rbin.2	Bacteria	B69_L003	phylum	Actinomycetota	/phylum:Actinomycetota
NEE60_G_01784	alaska_permafrost_reference_SRR5674476rbin.2	Bacteria	B69_L003	phylum	Actinomycetota	/phylum:Actinomycetota
NEE60_G_01786	alaska_permafrost_reference_SRR5680860rbin.8	Bacteria	B69_L003	phylum	Actinomycetota	/phylum:Actinomycetota
NEE60_G_01793	alaska_permafrost_reference_SRR6185512rbin.17	Bacteria	B69_L003	phylum	Actinomycetota	/phylum:Actinomycetota
NEE60_G_01800	alaska_permafrost_reference_SRR7011028rbin.3	Bacteria	B69_L003	phylum	Actinomycetota	/phylum:Actinomycetota
NEE60_G_01810	alaska_permafrost_reference_SRR7102015rbin.20	Bacteria	B69_L003	phylum	Actinomycetota	/phylum:Actinomycetota
NEE60_G_01813	alaska_permafrost_reference_SRR7102016rbin.9	Bacteria	B69_L003	phylum	Actinomycetota	/phylum:Actinomycetota
NEE60_G_01822	alaska_permafrost_reference_SRR8090375rbin.6	Bacteria	B69_L003	phylum	Actinomycetota	/phylum:Actinomycetota
NEE60_G_01824	alaska_permafrost_reference_SRR8554483rbin.107	Bacteria	B69_L003	phylum	Actinomycetota	/phylum:Actinomycetota
NEE60_G_01825	alaska_permafrost_reference_SRR8554485rbin.58	Bacteria	B69_L003	phylum	Actinomycetota	/phylum:Actinomycetota
NEE60_G_01830	alaska_permafrost_reference_SRR8676592rbin.10	Bacteria	B69_L003	phylum	Actinomycetota	/phylum:Actinomycetota
NEE60_G_01831	alaska_permafrost_reference_SRR8879134rbin.12	Bacteria	B69_L003	phylum	Actinomycetota	/phylum:Actinomycetota
NEE60_G_01835	alaska_permafrost_reference_SRR9009773bin.334	Bacteria	B69_L003	phylum	Actinomycetota	/phylum:Actinomycetota
NEE60_G_01838	alaska_permafrost_reference_SRR9656165rbin.8	Bacteria	B69_L003	phylum	Actinomycetota	/phylum:Actinomycetota
NEE60_G_01842	alaska_permafrost_reference_SRR9691041rbin.3	Bacteria	B69_L003	phylum	Actinomycetota	/phylum:Actinomycetota
NEE60_G_01846	atacama_halite_rainfall_prjna484015_SG1_Actinobacteria_73_19	Bacteria	B69_L003	phylum	Actinomycetota	/phylum:Actinomycetota
NEE60_G_01982	desert2025__GCA_030772935.1	Bacteria	B69_L003	phylum	Actinomycetota	/phylum:Actinomycetota
NEE60_G_01986	desert2025__GCA_030773055.1	Bacteria	B69_L003	phylum	Actinomycetota	/phylum:Actinomycetota
NEE60_G_01989	desert2025__GCA_030773135.1	Bacteria	B69_L003	phylum	Actinomycetota	/phylum:Actinomycetota
NEE60_G_01991	desert2025__GCA_030773215.1	Bacteria	B69_L003	phylum	Actinomycetota	/phylum:Actinomycetota
NEE60_G_01992	desert2025__GCA_030773235.1	Bacteria	B69_L003	phylum	Actinomycetota	/phylum:Actinomycetota
NEE60_G_01994	desert2025__GCA_030773295.1	Bacteria	B69_L003	phylum	Actinomycetota	/phylum:Actinomycetota
NEE60_G_01995	desert2025__GCA_030773315.1	Bacteria	B69_L003	phylum	Actinomycetota	/phylum:Actinomycetota
NEE60_G_01996	desert2025__GCA_030773355.1	Bacteria	B69_L003	phylum	Actinomycetota	/phylum:Actinomycetota
NEE60_G_01998	desert2025__GCA_030773395.1	Bacteria	B69_L003	phylum	Actinomycetota	/phylum:Actinomycetota
NEE60_G_01999	desert2025__GCA_030773415.1	Bacteria	B69_L003	phylum	Actinomycetota	/phylum:Actinomycetota
NEE60_G_02000	desert2025__GCA_030773435.1	Bacteria	B69_L003	phylum	Actinomycetota	/phylum:Actinomycetota
NEE60_G_02001	desert2025__GCA_030773455.1	Bacteria	B69_L003	phylum	Actinomycetota	/phylum:Actinomycetota
NEE60_G_02002	desert2025__GCA_030773475.1	Bacteria	B69_L003	phylum	Actinomycetota	/phylum:Actinomycetota
NEE60_G_02003	desert2025__GCA_030773495.1	Bacteria	B69_L003	phylum	Actinomycetota	/phylum:Actinomycetota
NEE60_G_02004	desert2025__GCA_030773535.1	Bacteria	B69_L003	phylum	Actinomycetota	/phylum:Actinomycetota
NEE60_G_02005	desert2025__GCA_030773555.1	Bacteria	B69_L003	phylum	Actinomycetota	/phylum:Actinomycetota
NEE60_G_02006	desert2025__GCA_030773575.1	Bacteria	B69_L003	phylum	Actinomycetota	/phylum:Actinomycetota
NEE60_G_02007	desert2025__GCA_030773595.1	Bacteria	B69_L003	phylum	Actinomycetota	/phylum:Actinomycetota
NEE60_G_02008	desert2025__GCA_030773615.1	Bacteria	B69_L003	phylum	Actinomycetota	/phylum:Actinomycetota
NEE60_G_02009	desert2025__GCA_030773675.1	Bacteria	B69_L003	phylum	Actinomycetota	/phylum:Actinomycetota
NEE60_G_02010	desert2025__GCA_030773715.1	Bacteria	B69_L003	phylum	Actinomycetota	/phylum:Actinomycetota
NEE60_G_02012	desert2025__GCA_030773755.1	Bacteria	B69_L003	phylum	Actinomycetota	/phylum:Actinomycetota
NEE60_G_02013	desert2025__GCA_030773775.1	Bacteria	B69_L003	phylum	Actinomycetota	/phylum:Actinomycetota
NEE60_G_02015	desert2025__GCA_030773835.1	Bacteria	B69_L003	phylum	Actinomycetota	/phylum:Actinomycetota
NEE60_G_02020	desert2025__GCA_030773935.1	Bacteria	B69_L003	phylum	Actinomycetota	/phylum:Actinomycetota
NEE60_G_02022	desert2025__GCA_030773975.1	Bacteria	B69_L003	phylum	Actinomycetota	/phylum:Actinomycetota
NEE60_G_02024	desert2025__GCA_030774015.1	Bacteria	B69_L003	phylum	Actinomycetota	/phylum:Actinomycetota
NEE60_G_02025	desert2025__GCA_030774035.1	Bacteria	B69_L003	phylum	Actinomycetota	/phylum:Actinomycetota
NEE60_G_02027	desert2025__GCA_030774075.1	Bacteria	B69_L003	phylum	Actinomycetota	/phylum:Actinomycetota
NEE60_G_02030	desert2025__GCA_030774175.1	Bacteria	B69_L003	phylum	Actinomycetota	/phylum:Actinomycetota
NEE60_G_02031	desert2025__GCA_030774195.1	Bacteria	B69_L003	phylum	Actinomycetota	/phylum:Actinomycetota
NEE60_G_02032	desert2025__GCA_030774215.1	Bacteria	B69_L003	phylum	Actinomycetota	/phylum:Actinomycetota
NEE60_G_02033	desert2025__GCA_030774235.1	Bacteria	B69_L003	phylum	Actinomycetota	/phylum:Actinomycetota
NEE60_G_02035	desert2025__GCA_030774275.1	Bacteria	B69_L003	phylum	Actinomycetota	/phylum:Actinomycetota
NEE60_G_02039	desert2025__GCA_030774355.1	Bacteria	B69_L003	phylum	Actinomycetota	/phylum:Actinomycetota
NEE60_G_02042	desert2025__GCA_030774415.1	Bacteria	B69_L003	phylum	Actinomycetota	/phylum:Actinomycetota
NEE60_G_02043	desert2025__GCA_030774435.1	Bacteria	B69_L003	phylum	Actinomycetota	/phylum:Actinomycetota
NEE60_G_02047	desert2025__GCA_030774515.1	Bacteria	B69_L003	phylum	Actinomycetota	/phylum:Actinomycetota
NEE60_G_02048	desert2025__GCA_030774535.1	Bacteria	B69_L003	phylum	Actinomycetota	/phylum:Actinomycetota
NEE60_G_02053	desert2025__GCA_030774635.1	Bacteria	B69_L003	phylum	Actinomycetota	/phylum:Actinomycetota
NEE60_G_02056	desert2025__GCA_030774705.1	Bacteria	B69_L003	phylum	Actinomycetota	/phylum:Actinomycetota
NEE60_G_02060	desert2025__GCA_030774805.1	Bacteria	B69_L003	phylum	Actinomycetota	/phylum:Actinomycetota
NEE60_G_02061	desert2025__GCA_030774825.1	Bacteria	B69_L003	phylum	Actinomycetota	/phylum:Actinomycetota
NEE60_G_02063	desert2025__GCA_030774885.1	Bacteria	B69_L003	phylum	Actinomycetota	/phylum:Actinomycetota
NEE60_G_02065	desert2025__GCA_030774925.1	Bacteria	B69_L003	phylum	Actinomycetota	/phylum:Actinomycetota
NEE60_G_02066	desert2025__GCA_030774945.1	Bacteria	B69_L003	phylum	Actinomycetota	/phylum:Actinomycetota
NEE60_G_02072	desert2025__GCA_030775145.1	Bacteria	B69_L003	phylum	Actinomycetota	/phylum:Actinomycetota
NEE60_G_02074	desert2025__GCA_030775195.1	Bacteria	B69_L003	phylum	Actinomycetota	/phylum:Actinomycetota
NEE60_G_02075	desert2025__GCA_030775225.1	Bacteria	B69_L003	phylum	Actinomycetota	/phylum:Actinomycetota
NEE60_G_02076	desert2025__GCA_030775245.1	Bacteria	B69_L003	phylum	Actinomycetota	/phylum:Actinomycetota
NEE60_G_02079	desert2025__GCA_030775345.1	Bacteria	B69_L003	phylum	Actinomycetota	/phylum:Actinomycetota
NEE60_G_02095	desert2025__GCA_030775705.1	Bacteria	B69_L003	phylum	Actinomycetota	/phylum:Actinomycetota
NEE60_G_02100	desert2025__GCA_030775825.1	Bacteria	B69_L003	phylum	Actinomycetota	/phylum:Actinomycetota
NEE60_G_02106	desert2025__GCA_030775945.1	Bacteria	B69_L003	phylum	Actinomycetota	/phylum:Actinomycetota
NEE60_G_02115	desert2025__GCA_030776385.1	Bacteria	B69_L003	phylum	Actinomycetota	/phylum:Actinomycetota
NEE60_G_02116	desert2025__GCA_030776445.1	Bacteria	B69_L003	phylum	Actinomycetota	/phylum:Actinomycetota
NEE60_G_02121	desert2025__GCA_030776625.1	Bacteria	B69_L003	phylum	Actinomycetota	/phylum:Actinomycetota
NEE60_G_02122	desert2025__GCA_030776665.1	Bacteria	B69_L003	phylum	Actinomycetota	/phylum:Actinomycetota
NEE60_G_02124	desert2025__GCA_030776705.1	Bacteria	B69_L003	phylum	Actinomycetota	/phylum:Actinomycetota
NEE60_G_02125	desert2025__GCA_030776725.1	Bacteria	B69_L003	phylum	Actinomycetota	/phylum:Actinomycetota
NEE60_G_02126	desert2025__GCA_030776745.1	Bacteria	B69_L003	phylum	Actinomycetota	/phylum:Actinomycetota
NEE60_G_02127	desert2025__GCA_030776765.1	Bacteria	B69_L003	phylum	Actinomycetota	/phylum:Actinomycetota
NEE60_G_02128	desert2025__GCA_030776795.1	Bacteria	B69_L003	phylum	Actinomycetota	/phylum:Actinomycetota
NEE60_G_02129	desert2025__GCA_030776845.1	Bacteria	B69_L003	phylum	Actinomycetota	/phylum:Actinomycetota
NEE60_G_02130	desert2025__GCA_030776865.1	Bacteria	B69_L003	phylum	Actinomycetota	/phylum:Actinomycetota
NEE60_G_02131	desert2025__GCA_030776885.1	Bacteria	B69_L003	phylum	Actinomycetota	/phylum:Actinomycetota
NEE60_G_02135	desert2025__GCA_030776965.1	Bacteria	B69_L003	phylum	Actinomycetota	/phylum:Actinomycetota
NEE60_G_02136	desert2025__GCA_030776985.1	Bacteria	B69_L003	phylum	Actinomycetota	/phylum:Actinomycetota
NEE60_G_02137	desert2025__GCA_030777005.1	Bacteria	B69_L003	phylum	Actinomycetota	/phylum:Actinomycetota
NEE60_G_02138	desert2025__GCA_030777105.1	Bacteria	B69_L003	phylum	Actinomycetota	/phylum:Actinomycetota
NEE60_G_02139	desert2025__GCA_030777125.1	Bacteria	B69_L003	phylum	Actinomycetota	/phylum:Actinomycetota
NEE60_G_02140	desert2025__GCA_030777145.1	Bacteria	B69_L003	phylum	Actinomycetota	/phylum:Actinomycetota
NEE60_G_02144	desert2025__GCA_030777225.1	Bacteria	B69_L003	phylum	Actinomycetota	/phylum:Actinomycetota
NEE60_G_02146	desert2025__GCA_030777265.1	Bacteria	B69_L003	phylum	Actinomycetota	/phylum:Actinomycetota
NEE60_G_02149	desert2025__GCA_030777325.1	Bacteria	B69_L003	phylum	Actinomycetota	/phylum:Actinomycetota
NEE60_G_02150	desert2025__GCA_030777355.1	Bacteria	B69_L003	phylum	Actinomycetota	/phylum:Actinomycetota
NEE60_G_02157	desert2025__GCA_030852475.1	Bacteria	B69_L003	phylum	Actinomycetota	/phylum:Actinomycetota
NEE60_G_02160	desert2025__GCA_030852585.1	Bacteria	B69_L003	phylum	Actinomycetota	/phylum:Actinomycetota
NEE60_G_02162	desert2025__GCA_030852625.1	Bacteria	B69_L003	phylum	Actinomycetota	/phylum:Actinomycetota
NEE60_G_02163	desert2025__GCA_030852645.1	Bacteria	B69_L003	phylum	Actinomycetota	/phylum:Actinomycetota
NEE60_G_02167	desert2025__GCA_030852745.1	Bacteria	B69_L003	phylum	Actinomycetota	/phylum:Actinomycetota
NEE60_G_02168	desert2025__GCA_030852785.1	Bacteria	B69_L003	phylum	Actinomycetota	/phylum:Actinomycetota
NEE60_G_02169	desert2025__GCA_030852805.1	Bacteria	B69_L003	phylum	Actinomycetota	/phylum:Actinomycetota
NEE60_G_02175	desert2025__GCA_030852925.1	Bacteria	B69_L003	phylum	Actinomycetota	/phylum:Actinomycetota
NEE60_G_02176	desert2025__GCA_030852935.1	Bacteria	B69_L003	phylum	Actinomycetota	/phylum:Actinomycetota
NEE60_G_02177	desert2025__GCA_030852965.1	Bacteria	B69_L003	phylum	Actinomycetota	/phylum:Actinomycetota
NEE60_G_02180	desert2025__GCA_030853065.1	Bacteria	B69_L003	phylum	Actinomycetota	/phylum:Actinomycetota
NEE60_G_02183	desert2025__GCA_030853115.1	Bacteria	B69_L003	phylum	Actinomycetota	/phylum:Actinomycetota
NEE60_G_02185	desert2025__GCA_030853165.1	Bacteria	B69_L003	phylum	Actinomycetota	/phylum:Actinomycetota
NEE60_G_02186	desert2025__GCA_030853185.1	Bacteria	B69_L003	phylum	Actinomycetota	/phylum:Actinomycetota
NEE60_G_02190	desert2025__GCA_030853285.1	Bacteria	B69_L003	phylum	Actinomycetota	/phylum:Actinomycetota
NEE60_G_02192	desert2025__GCA_030853345.1	Bacteria	B69_L003	phylum	Actinomycetota	/phylum:Actinomycetota
NEE60_G_02193	desert2025__GCA_030853385.1	Bacteria	B69_L003	phylum	Actinomycetota	/phylum:Actinomycetota
NEE60_G_02196	desert2025__GCA_030853445.1	Bacteria	B69_L003	phylum	Actinomycetota	/phylum:Actinomycetota
NEE60_G_02200	desert2025__GCA_030853515.1	Bacteria	B69_L003	phylum	Actinomycetota	/phylum:Actinomycetota
NEE60_G_02201	desert2025__GCA_030853545.1	Bacteria	B69_L003	phylum	Actinomycetota	/phylum:Actinomycetota
NEE60_G_02206	desert2025__GCA_030853645.1	Bacteria	B69_L003	phylum	Actinomycetota	/phylum:Actinomycetota
NEE60_G_02207	desert2025__GCA_030853685.1	Bacteria	B69_L003	phylum	Actinomycetota	/phylum:Actinomycetota
NEE60_G_02208	desert2025__GCA_030853705.1	Bacteria	B69_L003	phylum	Actinomycetota	/phylum:Actinomycetota
NEE60_G_02213	desert2025__GCA_030853805.1	Bacteria	B69_L003	phylum	Actinomycetota	/phylum:Actinomycetota
NEE60_G_02228	desert2025__GCA_030854125.1	Bacteria	B69_L003	phylum	Actinomycetota	/phylum:Actinomycetota
NEE60_G_02231	desert2025__GCA_030854185.1	Bacteria	B69_L003	phylum	Actinomycetota	/phylum:Actinomycetota
NEE60_G_02234	desert2025__GCA_030854235.1	Bacteria	B69_L003	phylum	Actinomycetota	/phylum:Actinomycetota
NEE60_G_02238	desert2025__GCA_030854325.1	Bacteria	B69_L003	phylum	Actinomycetota	/phylum:Actinomycetota
NEE60_G_02244	desert2025__GCA_030854465.1	Bacteria	B69_L003	phylum	Actinomycetota	/phylum:Actinomycetota
NEE60_G_02245	desert2025__GCA_030854475.1	Bacteria	B69_L003	phylum	Actinomycetota	/phylum:Actinomycetota
NEE60_G_02246	desert2025__GCA_030854485.1	Bacteria	B69_L003	phylum	Actinomycetota	/phylum:Actinomycetota
NEE60_G_02252	desert2025__GCA_030854665.1	Bacteria	B69_L003	phylum	Actinomycetota	/phylum:Actinomycetota
NEE60_G_02282	desert2025__GCA_030855325.1	Bacteria	B69_L003	phylum	Actinomycetota	/phylum:Actinomycetota
NEE60_G_02291	desert2025__GCA_030855545.1	Bacteria	B69_L003	phylum	Actinomycetota	/phylum:Actinomycetota
NEE60_G_02294	desert2025__GCA_030855595.1	Bacteria	B69_L003	phylum	Actinomycetota	/phylum:Actinomycetota
NEE60_G_02298	desert2025__GCA_030855735.1	Bacteria	B69_L003	phylum	Actinomycetota	/phylum:Actinomycetota
NEE60_G_02299	desert2025__GCA_030855745.1	Bacteria	B69_L003	phylum	Actinomycetota	/phylum:Actinomycetota
NEE60_G_02301	desert2025__GCA_030855795.1	Bacteria	B69_L003	phylum	Actinomycetota	/phylum:Actinomycetota
NEE60_G_02303	desert2025__GCA_030855835.1	Bacteria	B69_L003	phylum	Actinomycetota	/phylum:Actinomycetota
NEE60_G_02304	desert2025__GCA_030855845.1	Bacteria	B69_L003	phylum	Actinomycetota	/phylum:Actinomycetota
NEE60_G_02312	desert2025__GCA_030856025.1	Bacteria	B69_L003	phylum	Actinomycetota	/phylum:Actinomycetota
NEE60_G_02313	desert2025__GCA_030856045.1	Bacteria	B69_L003	phylum	Actinomycetota	/phylum:Actinomycetota
NEE60_G_02314	desert2025__GCA_030856055.1	Bacteria	B69_L003	phylum	Actinomycetota	/phylum:Actinomycetota
NEE60_G_02315	desert2025__GCA_030856085.1	Bacteria	B69_L003	phylum	Actinomycetota	/phylum:Actinomycetota
NEE60_G_02316	desert2025__GCA_030856095.1	Bacteria	B69_L003	phylum	Actinomycetota	/phylum:Actinomycetota
NEE60_G_02325	desert2025__GCA_030856345.1	Bacteria	B69_L003	phylum	Actinomycetota	/phylum:Actinomycetota
NEE60_G_02327	desert2025__GCA_030856405.1	Bacteria	B69_L003	phylum	Actinomycetota	/phylum:Actinomycetota
NEE60_G_02342	desert2025__GCA_030856795.1	Bacteria	B69_L003	phylum	Actinomycetota	/phylum:Actinomycetota
NEE60_G_02343	desert2025__GCA_030856825.1	Bacteria	B69_L003	phylum	Actinomycetota	/phylum:Actinomycetota
NEE60_G_02356	desert2025__GCA_030857145.1	Bacteria	B69_L003	phylum	Actinomycetota	/phylum:Actinomycetota
NEE60_G_02360	desert2025__GCA_030857225.1	Bacteria	B69_L003	phylum	Actinomycetota	/phylum:Actinomycetota
NEE60_G_02364	desert2025__GCA_030857345.1	Bacteria	B69_L003	phylum	Actinomycetota	/phylum:Actinomycetota
NEE60_G_02366	desert2025__GCA_030857425.1	Bacteria	B69_L003	phylum	Actinomycetota	/phylum:Actinomycetota
NEE60_G_02367	desert2025__GCA_030857445.1	Bacteria	B69_L003	phylum	Actinomycetota	/phylum:Actinomycetota
NEE60_G_02368	desert2025__GCA_030857525.1	Bacteria	B69_L003	phylum	Actinomycetota	/phylum:Actinomycetota
NEE60_G_02370	desert2025__GCA_030857555.1	Bacteria	B69_L003	phylum	Actinomycetota	/phylum:Actinomycetota
NEE60_G_02371	desert2025__GCA_030857605.1	Bacteria	B69_L003	phylum	Actinomycetota	/phylum:Actinomycetota
NEE60_G_02373	desert2025__GCA_030857745.1	Bacteria	B69_L003	phylum	Actinomycetota	/phylum:Actinomycetota
NEE60_G_02378	desert2025__GCA_030857865.1	Bacteria	B69_L003	phylum	Actinomycetota	/phylum:Actinomycetota
NEE60_G_02379	desert2025__GCA_030857885.1	Bacteria	B69_L003	phylum	Actinomycetota	/phylum:Actinomycetota
NEE60_G_02380	desert2025__GCA_030857905.1	Bacteria	B69_L003	phylum	Actinomycetota	/phylum:Actinomycetota
NEE60_G_02382	desert2025__GCA_030857985.1	Bacteria	B69_L003	phylum	Actinomycetota	/phylum:Actinomycetota
NEE60_G_02383	desert2025__GCA_030858005.1	Bacteria	B69_L003	phylum	Actinomycetota	/phylum:Actinomycetota
NEE60_G_02386	desert2025__GCA_030858065.1	Bacteria	B69_L003	phylum	Actinomycetota	/phylum:Actinomycetota
NEE60_G_02387	desert2025__GCA_030858085.1	Bacteria	B69_L003	phylum	Actinomycetota	/phylum:Actinomycetota
NEE60_G_02388	desert2025__GCA_030858105.1	Bacteria	B69_L003	phylum	Actinomycetota	/phylum:Actinomycetota
NEE60_G_02391	desert2025__GCA_030858225.1	Bacteria	B69_L003	phylum	Actinomycetota	/phylum:Actinomycetota
NEE60_G_02393	desert2025__GCA_030858325.1	Bacteria	B69_L003	phylum	Actinomycetota	/phylum:Actinomycetota
NEE60_G_02394	desert2025__GCA_030858365.1	Bacteria	B69_L003	phylum	Actinomycetota	/phylum:Actinomycetota
NEE60_G_02397	desert2025__GCA_030858525.1	Bacteria	B69_L003	phylum	Actinomycetota	/phylum:Actinomycetota
NEE60_G_02401	desert2025__GCA_030858635.1	Bacteria	B69_L003	phylum	Actinomycetota	/phylum:Actinomycetota
NEE60_G_02405	desert2025__GCA_030858745.1	Bacteria	B69_L003	phylum	Actinomycetota	/phylum:Actinomycetota
NEE60_G_02407	desert2025__GCA_030858785.1	Bacteria	B69_L003	phylum	Actinomycetota	/phylum:Actinomycetota
NEE60_G_02411	desert2025__GCA_030858865.1	Bacteria	B69_L003	phylum	Actinomycetota	/phylum:Actinomycetota
NEE60_G_02412	desert2025__GCA_030858905.1	Bacteria	B69_L003	phylum	Actinomycetota	/phylum:Actinomycetota
NEE60_G_02415	desert2025__GCA_030858965.1	Bacteria	B69_L003	phylum	Actinomycetota	/phylum:Actinomycetota
NEE60_G_02420	desert2025__GCA_030859085.1	Bacteria	B69_L003	phylum	Actinomycetota	/phylum:Actinomycetota
NEE60_G_02422	desert2025__GCA_030859165.1	Bacteria	B69_L003	phylum	Actinomycetota	/phylum:Actinomycetota
NEE60_G_02425	desert2025__GCA_030859265.1	Bacteria	B69_L003	phylum	Actinomycetota	/phylum:Actinomycetota
NEE60_G_02428	desert2025__GCA_030859325.1	Bacteria	B69_L003	phylum	Actinomycetota	/phylum:Actinomycetota
NEE60_G_02431	desert2025__GCA_030859385.1	Bacteria	B69_L003	phylum	Actinomycetota	/phylum:Actinomycetota
NEE60_G_02432	desert2025__GCA_030859405.1	Bacteria	B69_L003	phylum	Actinomycetota	/phylum:Actinomycetota
NEE60_G_02434	desert2025__GCA_030859445.1	Bacteria	B69_L003	phylum	Actinomycetota	/phylum:Actinomycetota
NEE60_G_02435	desert2025__GCA_030859465.1	Bacteria	B69_L003	phylum	Actinomycetota	/phylum:Actinomycetota
NEE60_G_02436	desert2025__GCA_030859475.1	Bacteria	B69_L003	phylum	Actinomycetota	/phylum:Actinomycetota
NEE60_G_02438	desert2025__GCA_030859525.1	Bacteria	B69_L003	phylum	Actinomycetota	/phylum:Actinomycetota
NEE60_G_02439	desert2025__GCA_030859545.1	Bacteria	B69_L003	phylum	Actinomycetota	/phylum:Actinomycetota
NEE60_G_02442	desert2025__GCA_030859645.1	Bacteria	B69_L003	phylum	Actinomycetota	/phylum:Actinomycetota
NEE60_G_02443	desert2025__GCA_030859665.1	Bacteria	B69_L003	phylum	Actinomycetota	/phylum:Actinomycetota
NEE60_G_02444	desert2025__GCA_030859685.1	Bacteria	B69_L003	phylum	Actinomycetota	/phylum:Actinomycetota
NEE60_G_02447	desert2025__GCA_030859735.1	Bacteria	B69_L003	phylum	Actinomycetota	/phylum:Actinomycetota
NEE60_G_02448	desert2025__GCA_030859765.1	Bacteria	B69_L003	phylum	Actinomycetota	/phylum:Actinomycetota
NEE60_G_02450	desert2025__GCA_030859805.1	Bacteria	B69_L003	phylum	Actinomycetota	/phylum:Actinomycetota
NEE60_G_02453	desert2025__GCA_030859925.1	Bacteria	B69_L003	phylum	Actinomycetota	/phylum:Actinomycetota
NEE60_G_02454	desert2025__GCA_030859945.1	Bacteria	B69_L003	phylum	Actinomycetota	/phylum:Actinomycetota
NEE60_G_02456	desert2025__GCA_030860005.1	Bacteria	B69_L003	phylum	Actinomycetota	/phylum:Actinomycetota
NEE60_G_02457	desert2025__GCA_030860025.1	Bacteria	B69_L003	phylum	Actinomycetota	/phylum:Actinomycetota
NEE60_G_02458	desert2025__GCA_030860035.1	Bacteria	B69_L003	phylum	Actinomycetota	/phylum:Actinomycetota
NEE60_G_02459	desert2025__GCA_030860045.1	Bacteria	B69_L003	phylum	Actinomycetota	/phylum:Actinomycetota
NEE60_G_02463	desert2025__GCA_030860135.1	Bacteria	B69_L003	phylum	Actinomycetota	/phylum:Actinomycetota
NEE60_G_02465	desert2025__GCA_030860185.1	Bacteria	B69_L003	phylum	Actinomycetota	/phylum:Actinomycetota
NEE60_G_02466	desert2025__GCA_030860205.1	Bacteria	B69_L003	phylum	Actinomycetota	/phylum:Actinomycetota
NEE60_G_02467	desert2025__GCA_030860225.1	Bacteria	B69_L003	phylum	Actinomycetota	/phylum:Actinomycetota
NEE60_G_02468	desert2025__GCA_030860245.1	Bacteria	B69_L003	phylum	Actinomycetota	/phylum:Actinomycetota
NEE60_G_02469	desert2025__GCA_030860255.1	Bacteria	B69_L003	phylum	Actinomycetota	/phylum:Actinomycetota
NEE60_G_02470	desert2025__GCA_030860265.1	Bacteria	B69_L003	phylum	Actinomycetota	/phylum:Actinomycetota
NEE60_G_02471	desert2025__GCA_030860305.1	Bacteria	B69_L003	phylum	Actinomycetota	/phylum:Actinomycetota
NEE60_G_02472	desert2025__GCA_030860325.1	Bacteria	B69_L003	phylum	Actinomycetota	/phylum:Actinomycetota
NEE60_G_02474	desert2025__GCA_030860365.1	Bacteria	B69_L003	phylum	Actinomycetota	/phylum:Actinomycetota
NEE60_G_02475	desert2025__GCA_030860375.1	Bacteria	B69_L003	phylum	Actinomycetota	/phylum:Actinomycetota
NEE60_G_02479	desert2025__GCA_030860455.1	Bacteria	B69_L003	phylum	Actinomycetota	/phylum:Actinomycetota
NEE60_G_02481	desert2025__GCA_030860505.1	Bacteria	B69_L003	phylum	Actinomycetota	/phylum:Actinomycetota
NEE60_G_02484	desert2025__GCA_030860595.1	Bacteria	B69_L003	phylum	Actinomycetota	/phylum:Actinomycetota
NEE60_G_02485	desert2025__GCA_030860625.1	Bacteria	B69_L003	phylum	Actinomycetota	/phylum:Actinomycetota
NEE60_G_02488	desert2025__GCA_030860685.1	Bacteria	B69_L003	phylum	Actinomycetota	/phylum:Actinomycetota
NEE60_G_02489	desert2025__GCA_030860695.1	Bacteria	B69_L003	phylum	Actinomycetota	/phylum:Actinomycetota
NEE60_G_02490	desert2025__GCA_030860715.1	Bacteria	B69_L003	phylum	Actinomycetota	/phylum:Actinomycetota
NEE60_G_02491	desert2025__GCA_030860745.1	Bacteria	B69_L003	phylum	Actinomycetota	/phylum:Actinomycetota
NEE60_G_02493	desert2025__GCA_030860795.1	Bacteria	B69_L003	phylum	Actinomycetota	/phylum:Actinomycetota
NEE60_G_02494	desert2025__GCA_030860825.1	Bacteria	B69_L003	phylum	Actinomycetota	/phylum:Actinomycetota
NEE60_G_02498	desert2025__GCA_030860925.1	Bacteria	B69_L003	phylum	Actinomycetota	/phylum:Actinomycetota
NEE60_G_02500	desert2025__GCA_030860965.1	Bacteria	B69_L003	phylum	Actinomycetota	/phylum:Actinomycetota
NEE60_G_02501	desert2025__GCA_030860985.1	Bacteria	B69_L003	phylum	Actinomycetota	/phylum:Actinomycetota
NEE60_G_02502	desert2025__GCA_030861005.1	Bacteria	B69_L003	phylum	Actinomycetota	/phylum:Actinomycetota
NEE60_G_02503	desert2025__GCA_030861065.1	Bacteria	B69_L003	phylum	Actinomycetota	/phylum:Actinomycetota
NEE60_G_02506	desert2025__GCA_030861115.1	Bacteria	B69_L003	phylum	Actinomycetota	/phylum:Actinomycetota
NEE60_G_02510	desert2025__GCA_030861205.1	Bacteria	B69_L003	phylum	Actinomycetota	/phylum:Actinomycetota
NEE60_G_02511	desert2025__GCA_030861215.1	Bacteria	B69_L003	phylum	Actinomycetota	/phylum:Actinomycetota
NEE60_G_02513	desert2025__GCA_030861315.1	Bacteria	B69_L003	phylum	Actinomycetota	/phylum:Actinomycetota
NEE60_G_02516	desert2025__GCA_030861385.1	Bacteria	B69_L003	phylum	Actinomycetota	/phylum:Actinomycetota
NEE60_G_02518	desert2025__GCA_030861415.1	Bacteria	B69_L003	phylum	Actinomycetota	/phylum:Actinomycetota
NEE60_G_02519	desert2025__GCA_030861435.1	Bacteria	B69_L003	phylum	Actinomycetota	/phylum:Actinomycetota
NEE60_G_02521	desert2025__GCA_030861485.1	Bacteria	B69_L003	phylum	Actinomycetota	/phylum:Actinomycetota
NEE60_G_02525	desert2025__GCA_030861565.1	Bacteria	B69_L003	phylum	Actinomycetota	/phylum:Actinomycetota
NEE60_G_02526	desert2025__GCA_030861585.1	Bacteria	B69_L003	phylum	Actinomycetota	/phylum:Actinomycetota
NEE60_G_02528	desert2025__GCA_030861625.1	Bacteria	B69_L003	phylum	Actinomycetota	/phylum:Actinomycetota
NEE60_G_02529	desert2025__GCA_030861645.1	Bacteria	B69_L003	phylum	Actinomycetota	/phylum:Actinomycetota
NEE60_G_02530	desert2025__GCA_030861665.1	Bacteria	B69_L003	phylum	Actinomycetota	/phylum:Actinomycetota
NEE60_G_02533	desert2025__GCA_030861725.1	Bacteria	B69_L003	phylum	Actinomycetota	/phylum:Actinomycetota
NEE60_G_02534	desert2025__GCA_030861775.1	Bacteria	B69_L003	phylum	Actinomycetota	/phylum:Actinomycetota
NEE60_G_02536	desert2025__GCA_030861825.1	Bacteria	B69_L003	phylum	Actinomycetota	/phylum:Actinomycetota
NEE60_G_02539	desert2025__GCA_030861905.1	Bacteria	B69_L003	phylum	Actinomycetota	/phylum:Actinomycetota
NEE60_G_02543	desert2025__GCA_030861985.1	Bacteria	B69_L003	phylum	Actinomycetota	/phylum:Actinomycetota
NEE60_G_02544	desert2025__GCA_030862005.1	Bacteria	B69_L003	phylum	Actinomycetota	/phylum:Actinomycetota
NEE60_G_02545	desert2025__GCA_030862025.1	Bacteria	B69_L003	phylum	Actinomycetota	/phylum:Actinomycetota
NEE60_G_02547	desert2025__GCA_030862065.1	Bacteria	B69_L003	phylum	Actinomycetota	/phylum:Actinomycetota
NEE60_G_02548	desert2025__GCA_030862075.1	Bacteria	B69_L003	phylum	Actinomycetota	/phylum:Actinomycetota
NEE60_G_02549	desert2025__GCA_030862105.1	Bacteria	B69_L003	phylum	Actinomycetota	/phylum:Actinomycetota
NEE60_G_02550	desert2025__GCA_030862115.1	Bacteria	B69_L003	phylum	Actinomycetota	/phylum:Actinomycetota
NEE60_G_02551	desert2025__GCA_030862165.1	Bacteria	B69_L003	phylum	Actinomycetota	/phylum:Actinomycetota
NEE60_G_02552	desert2025__GCA_030862185.1	Bacteria	B69_L003	phylum	Actinomycetota	/phylum:Actinomycetota
NEE60_G_02553	desert2025__GCA_030862205.1	Bacteria	B69_L003	phylum	Actinomycetota	/phylum:Actinomycetota
NEE60_G_02554	desert2025__GCA_030862225.1	Bacteria	B69_L003	phylum	Actinomycetota	/phylum:Actinomycetota
NEE60_G_02555	desert2025__GCA_030862235.1	Bacteria	B69_L003	phylum	Actinomycetota	/phylum:Actinomycetota
NEE60_G_02556	desert2025__GCA_030862265.1	Bacteria	B69_L003	phylum	Actinomycetota	/phylum:Actinomycetota
NEE60_G_02557	desert2025__GCA_030862275.1	Bacteria	B69_L003	phylum	Actinomycetota	/phylum:Actinomycetota
NEE60_G_02559	desert2025__GCA_030862325.1	Bacteria	B69_L003	phylum	Actinomycetota	/phylum:Actinomycetota
NEE60_G_02560	desert2025__GCA_030862345.1	Bacteria	B69_L003	phylum	Actinomycetota	/phylum:Actinomycetota
NEE60_G_02562	desert2025__GCA_030862405.1	Bacteria	B69_L003	phylum	Actinomycetota	/phylum:Actinomycetota
NEE60_G_02564	desert2025__GCA_030862465.1	Bacteria	B69_L003	phylum	Actinomycetota	/phylum:Actinomycetota
NEE60_G_02565	desert2025__GCA_030862475.1	Bacteria	B69_L003	phylum	Actinomycetota	/phylum:Actinomycetota
NEE60_G_02566	desert2025__GCA_030862505.1	Bacteria	B69_L003	phylum	Actinomycetota	/phylum:Actinomycetota
NEE60_G_02567	desert2025__GCA_030862525.1	Bacteria	B69_L003	phylum	Actinomycetota	/phylum:Actinomycetota
NEE60_G_02568	desert2025__GCA_030862535.1	Bacteria	B69_L003	phylum	Actinomycetota	/phylum:Actinomycetota
NEE60_G_02569	desert2025__GCA_030862545.1	Bacteria	B69_L003	phylum	Actinomycetota	/phylum:Actinomycetota
NEE60_G_02571	desert2025__GCA_030862625.1	Bacteria	B69_L003	phylum	Actinomycetota	/phylum:Actinomycetota
NEE60_G_02573	desert2025__GCA_030862655.1	Bacteria	B69_L003	phylum	Actinomycetota	/phylum:Actinomycetota
NEE60_G_02574	desert2025__GCA_030862685.1	Bacteria	B69_L003	phylum	Actinomycetota	/phylum:Actinomycetota
NEE60_G_02575	desert2025__GCA_030862715.1	Bacteria	B69_L003	phylum	Actinomycetota	/phylum:Actinomycetota
NEE60_G_02577	desert2025__GCA_030862755.1	Bacteria	B69_L003	phylum	Actinomycetota	/phylum:Actinomycetota
NEE60_G_02578	desert2025__GCA_030862805.1	Bacteria	B69_L003	phylum	Actinomycetota	/phylum:Actinomycetota
NEE60_G_02579	desert2025__GCA_030862815.1	Bacteria	B69_L003	phylum	Actinomycetota	/phylum:Actinomycetota
NEE60_G_02580	desert2025__GCA_030862825.1	Bacteria	B69_L003	phylum	Actinomycetota	/phylum:Actinomycetota
NEE60_G_02581	desert2025__GCA_030862865.1	Bacteria	B69_L003	phylum	Actinomycetota	/phylum:Actinomycetota
NEE60_G_02583	desert2025__GCA_030862905.1	Bacteria	B69_L003	phylum	Actinomycetota	/phylum:Actinomycetota
NEE60_G_02584	desert2025__GCA_030862925.1	Bacteria	B69_L003	phylum	Actinomycetota	/phylum:Actinomycetota
NEE60_G_02586	desert2025__GCA_030862965.1	Bacteria	B69_L003	phylum	Actinomycetota	/phylum:Actinomycetota
NEE60_G_02587	desert2025__GCA_030862975.1	Bacteria	B69_L003	phylum	Actinomycetota	/phylum:Actinomycetota
NEE60_G_02588	desert2025__GCA_030863005.1	Bacteria	B69_L003	phylum	Actinomycetota	/phylum:Actinomycetota
NEE60_G_02589	desert2025__GCA_030863015.1	Bacteria	B69_L003	phylum	Actinomycetota	/phylum:Actinomycetota
NEE60_G_02590	desert2025__GCA_030863045.1	Bacteria	B69_L003	phylum	Actinomycetota	/phylum:Actinomycetota
NEE60_G_02591	desert2025__GCA_030863065.1	Bacteria	B69_L003	phylum	Actinomycetota	/phylum:Actinomycetota
NEE60_G_02593	desert2025__GCA_030863105.1	Bacteria	B69_L003	phylum	Actinomycetota	/phylum:Actinomycetota
NEE60_G_02598	desert2025__GCA_030863205.1	Bacteria	B69_L003	phylum	Actinomycetota	/phylum:Actinomycetota
NEE60_G_02602	desert2025__GCA_030863285.1	Bacteria	B69_L003	phylum	Actinomycetota	/phylum:Actinomycetota
NEE60_G_02604	desert2025__GCA_030863315.1	Bacteria	B69_L003	phylum	Actinomycetota	/phylum:Actinomycetota
NEE60_G_02605	desert2025__GCA_030863345.1	Bacteria	B69_L003	phylum	Actinomycetota	/phylum:Actinomycetota
NEE60_G_02607	desert2025__GCA_030863375.1	Bacteria	B69_L003	phylum	Actinomycetota	/phylum:Actinomycetota
NEE60_G_02608	desert2025__GCA_030863425.1	Bacteria	B69_L003	phylum	Actinomycetota	/phylum:Actinomycetota
NEE60_G_02610	desert2025__GCA_030863465.1	Bacteria	B69_L003	phylum	Actinomycetota	/phylum:Actinomycetota
NEE60_G_02611	desert2025__GCA_030863545.1	Bacteria	B69_L003	phylum	Actinomycetota	/phylum:Actinomycetota
NEE60_G_02612	desert2025__GCA_030867425.1	Bacteria	B69_L003	phylum	Actinomycetota	/phylum:Actinomycetota
NEE60_G_02615	desert2025__GCA_030913735.1	Bacteria	B69_L003	phylum	Actinomycetota	/phylum:Actinomycetota
NEE60_G_02617	desert2025__GCA_030913775.1	Bacteria	B69_L003	phylum	Actinomycetota	/phylum:Actinomycetota
NEE60_G_02618	desert2025__GCA_030913825.1	Bacteria	B69_L003	phylum	Actinomycetota	/phylum:Actinomycetota
NEE60_G_02619	desert2025__GCA_030913835.1	Bacteria	B69_L003	phylum	Actinomycetota	/phylum:Actinomycetota
NEE60_G_02622	desert2025__GCA_030913925.1	Bacteria	B69_L003	phylum	Actinomycetota	/phylum:Actinomycetota
NEE60_G_02623	desert2025__GCA_030913945.1	Bacteria	B69_L003	phylum	Actinomycetota	/phylum:Actinomycetota
NEE60_G_02626	desert2025__GCA_030914065.1	Bacteria	B69_L003	phylum	Actinomycetota	/phylum:Actinomycetota
NEE60_G_02627	desert2025__GCA_030914075.1	Bacteria	B69_L003	phylum	Actinomycetota	/phylum:Actinomycetota
NEE60_G_02628	desert2025__GCA_030914175.1	Bacteria	B69_L003	phylum	Actinomycetota	/phylum:Actinomycetota
NEE60_G_02629	desert2025__GCA_030914195.1	Bacteria	B69_L003	phylum	Actinomycetota	/phylum:Actinomycetota
NEE60_G_02633	desert2025__GCA_030945745.1	Bacteria	B69_L003	phylum	Actinomycetota	/phylum:Actinomycetota
NEE60_G_02634	desert2025__GCA_030945905.1	Bacteria	B69_L003	phylum	Actinomycetota	/phylum:Actinomycetota
NEE60_G_02636	desert2025__GCA_030945945.1	Bacteria	B69_L003	phylum	Actinomycetota	/phylum:Actinomycetota
NEE60_G_02641	desert2025__GCA_030946085.1	Bacteria	B69_L003	phylum	Actinomycetota	/phylum:Actinomycetota
NEE60_G_02642	desert2025__GCA_030946185.1	Bacteria	B69_L003	phylum	Actinomycetota	/phylum:Actinomycetota
NEE60_G_02645	desert2025__GCA_030946315.1	Bacteria	B69_L003	phylum	Actinomycetota	/phylum:Actinomycetota
NEE60_G_02649	desert2025__GCA_030946525.1	Bacteria	B69_L003	phylum	Actinomycetota	/phylum:Actinomycetota
NEE60_G_02651	desert2025__GCA_030946605.1	Bacteria	B69_L003	phylum	Actinomycetota	/phylum:Actinomycetota
NEE60_G_02655	desert2025__GCA_030946705.1	Bacteria	B69_L003	phylum	Actinomycetota	/phylum:Actinomycetota
NEE60_G_02670	desert2025__GCA_030947025.1	Bacteria	B69_L003	phylum	Actinomycetota	/phylum:Actinomycetota
NEE60_G_02676	desert2025__GCA_030947145.1	Bacteria	B69_L003	phylum	Actinomycetota	/phylum:Actinomycetota
NEE60_G_02678	desert2025__GCA_030947185.1	Bacteria	B69_L003	phylum	Actinomycetota	/phylum:Actinomycetota
NEE60_G_02680	desert2025__GCA_030947225.1	Bacteria	B69_L003	phylum	Actinomycetota	/phylum:Actinomycetota
NEE60_G_02684	desert2025__GCA_030947305.1	Bacteria	B69_L003	phylum	Actinomycetota	/phylum:Actinomycetota
NEE60_G_02687	desert2025__GCA_030947365.1	Bacteria	B69_L003	phylum	Actinomycetota	/phylum:Actinomycetota
NEE60_G_02689	desert2025__GCA_030947395.1	Bacteria	B69_L003	phylum	Actinomycetota	/phylum:Actinomycetota
NEE60_G_02690	desert2025__GCA_030947565.1	Bacteria	B69_L003	phylum	Actinomycetota	/phylum:Actinomycetota
NEE60_G_02691	desert2025__GCA_030947625.1	Bacteria	B69_L003	phylum	Actinomycetota	/phylum:Actinomycetota
NEE60_G_02696	desert2025__GCA_030947885.1	Bacteria	B69_L003	phylum	Actinomycetota	/phylum:Actinomycetota
NEE60_G_02699	desert2025__GCA_030948105.1	Bacteria	B69_L003	phylum	Actinomycetota	/phylum:Actinomycetota
NEE60_G_02711	desert2025__GCA_030948385.1	Bacteria	B69_L003	phylum	Actinomycetota	/phylum:Actinomycetota
NEE60_G_02712	desert2025__GCA_030948425.1	Bacteria	B69_L003	phylum	Actinomycetota	/phylum:Actinomycetota
NEE60_G_02715	desert2025__GCA_030948475.1	Bacteria	B69_L003	phylum	Actinomycetota	/phylum:Actinomycetota
NEE60_G_02720	desert2025__GCA_030948625.1	Bacteria	B69_L003	phylum	Actinomycetota	/phylum:Actinomycetota
NEE60_G_02721	desert2025__GCA_030948645.1	Bacteria	B69_L003	phylum	Actinomycetota	/phylum:Actinomycetota
NEE60_G_02722	desert2025__GCA_030948665.1	Bacteria	B69_L003	phylum	Actinomycetota	/phylum:Actinomycetota
NEE60_G_02725	desert2025__GCA_030948725.1	Bacteria	B69_L003	phylum	Actinomycetota	/phylum:Actinomycetota
NEE60_G_02727	desert2025__GCA_030948765.1	Bacteria	B69_L003	phylum	Actinomycetota	/phylum:Actinomycetota
NEE60_G_02729	desert2025__GCA_030948805.1	Bacteria	B69_L003	phylum	Actinomycetota	/phylum:Actinomycetota
NEE60_G_02732	desert2025__GCA_030948865.1	Bacteria	B69_L003	phylum	Actinomycetota	/phylum:Actinomycetota
NEE60_G_02733	desert2025__GCA_030948875.1	Bacteria	B69_L003	phylum	Actinomycetota	/phylum:Actinomycetota
NEE60_G_02835	qaidam_basin_mmag_1773_CG2021bin12	Bacteria	B69_L003	phylum	Actinomycetota	/phylum:Actinomycetota
NEE60_G_02837	qaidam_basin_mmag_1773_CG2021bin16	Bacteria	B69_L003	phylum	Actinomycetota	/phylum:Actinomycetota
NEE60_G_02839	qaidam_basin_mmag_1773_CG2021bin19	Bacteria	B69_L003	phylum	Actinomycetota	/phylum:Actinomycetota
NEE60_G_02841	qaidam_basin_mmag_1773_CG2021bin22	Bacteria	B69_L003	phylum	Actinomycetota	/phylum:Actinomycetota
NEE60_G_02842	qaidam_basin_mmag_1773_CG2021bin23	Bacteria	B69_L003	phylum	Actinomycetota	/phylum:Actinomycetota
NEE60_G_02846	qaidam_basin_mmag_1773_CG2021bin29	Bacteria	B69_L003	phylum	Actinomycetota	/phylum:Actinomycetota
NEE60_G_02848	qaidam_basin_mmag_1773_CG2021bin33	Bacteria	B69_L003	phylum	Actinomycetota	/phylum:Actinomycetota
NEE60_G_02849	qaidam_basin_mmag_1773_CG2021bin35	Bacteria	B69_L003	phylum	Actinomycetota	/phylum:Actinomycetota
NEE60_G_02853	qaidam_basin_mmag_1773_CG2021bin9	Bacteria	B69_L003	phylum	Actinomycetota	/phylum:Actinomycetota
NEE60_G_02855	qaidam_basin_mmag_1773_CHGGbin10	Bacteria	B69_L003	phylum	Actinomycetota	/phylum:Actinomycetota
NEE60_G_02857	qaidam_basin_mmag_1773_CHGGbin13	Bacteria	B69_L003	phylum	Actinomycetota	/phylum:Actinomycetota
NEE60_G_02860	qaidam_basin_mmag_1773_CHGGbin18	Bacteria	B69_L003	phylum	Actinomycetota	/phylum:Actinomycetota
NEE60_G_02861	qaidam_basin_mmag_1773_CHGGbin19	Bacteria	B69_L003	phylum	Actinomycetota	/phylum:Actinomycetota
NEE60_G_02867	qaidam_basin_mmag_1773_CHGGbin28	Bacteria	B69_L003	phylum	Actinomycetota	/phylum:Actinomycetota
NEE60_G_02868	qaidam_basin_mmag_1773_CHGGbin29	Bacteria	B69_L003	phylum	Actinomycetota	/phylum:Actinomycetota
NEE60_G_02869	qaidam_basin_mmag_1773_CHGGbin3	Bacteria	B69_L003	phylum	Actinomycetota	/phylum:Actinomycetota
NEE60_G_02880	qaidam_basin_mmag_1773_CHGRbin10	Bacteria	B69_L003	phylum	Actinomycetota	/phylum:Actinomycetota
NEE60_G_02881	qaidam_basin_mmag_1773_CHGRbin11	Bacteria	B69_L003	phylum	Actinomycetota	/phylum:Actinomycetota
NEE60_G_02882	qaidam_basin_mmag_1773_CHGRbin12	Bacteria	B69_L003	phylum	Actinomycetota	/phylum:Actinomycetota
NEE60_G_02887	qaidam_basin_mmag_1773_CHGRbin2	Bacteria	B69_L003	phylum	Actinomycetota	/phylum:Actinomycetota
NEE60_G_02889	qaidam_basin_mmag_1773_CHGRbin21	Bacteria	B69_L003	phylum	Actinomycetota	/phylum:Actinomycetota
NEE60_G_02890	qaidam_basin_mmag_1773_CHGRbin23	Bacteria	B69_L003	phylum	Actinomycetota	/phylum:Actinomycetota
NEE60_G_02891	qaidam_basin_mmag_1773_CHGRbin25	Bacteria	B69_L003	phylum	Actinomycetota	/phylum:Actinomycetota
NEE60_G_02892	qaidam_basin_mmag_1773_CHGRbin26	Bacteria	B69_L003	phylum	Actinomycetota	/phylum:Actinomycetota
NEE60_G_02893	qaidam_basin_mmag_1773_CHGRbin28	Bacteria	B69_L003	phylum	Actinomycetota	/phylum:Actinomycetota
NEE60_G_02895	qaidam_basin_mmag_1773_CHGRbin3	Bacteria	B69_L003	phylum	Actinomycetota	/phylum:Actinomycetota
NEE60_G_02897	qaidam_basin_mmag_1773_CHGRbin34	Bacteria	B69_L003	phylum	Actinomycetota	/phylum:Actinomycetota
NEE60_G_02898	qaidam_basin_mmag_1773_CHGRbin35	Bacteria	B69_L003	phylum	Actinomycetota	/phylum:Actinomycetota
NEE60_G_02899	qaidam_basin_mmag_1773_CHGRbin36	Bacteria	B69_L003	phylum	Actinomycetota	/phylum:Actinomycetota
NEE60_G_02902	qaidam_basin_mmag_1773_CHGRbin40	Bacteria	B69_L003	phylum	Actinomycetota	/phylum:Actinomycetota
NEE60_G_02905	qaidam_basin_mmag_1773_CHGRbin5	Bacteria	B69_L003	phylum	Actinomycetota	/phylum:Actinomycetota
NEE60_G_02907	qaidam_basin_mmag_1773_CHGYbin1	Bacteria	B69_L003	phylum	Actinomycetota	/phylum:Actinomycetota
NEE60_G_02911	qaidam_basin_mmag_1773_CHGYbin15	Bacteria	B69_L003	phylum	Actinomycetota	/phylum:Actinomycetota
NEE60_G_02912	qaidam_basin_mmag_1773_CHGYbin16	Bacteria	B69_L003	phylum	Actinomycetota	/phylum:Actinomycetota
NEE60_G_02913	qaidam_basin_mmag_1773_CHGYbin17	Bacteria	B69_L003	phylum	Actinomycetota	/phylum:Actinomycetota
NEE60_G_02915	qaidam_basin_mmag_1773_CHGYbin19	Bacteria	B69_L003	phylum	Actinomycetota	/phylum:Actinomycetota
NEE60_G_02917	qaidam_basin_mmag_1773_CHGYbin20	Bacteria	B69_L003	phylum	Actinomycetota	/phylum:Actinomycetota
NEE60_G_02923	qaidam_basin_mmag_1773_CHGYbin29	Bacteria	B69_L003	phylum	Actinomycetota	/phylum:Actinomycetota
NEE60_G_02933	qaidam_basin_mmag_1773_CHGYbin4	Bacteria	B69_L003	phylum	Actinomycetota	/phylum:Actinomycetota
NEE60_G_02934	qaidam_basin_mmag_1773_CHGYbin40	Bacteria	B69_L003	phylum	Actinomycetota	/phylum:Actinomycetota
NEE60_G_02935	qaidam_basin_mmag_1773_CHGYbin42	Bacteria	B69_L003	phylum	Actinomycetota	/phylum:Actinomycetota
NEE60_G_02938	qaidam_basin_mmag_1773_CHGYbin7	Bacteria	B69_L003	phylum	Actinomycetota	/phylum:Actinomycetota
NEE60_G_02940	qaidam_basin_mmag_1773_CJ0912_0_5bin10	Bacteria	B69_L003	phylum	Actinomycetota	/phylum:Actinomycetota
NEE60_G_02942	qaidam_basin_mmag_1773_CJ0912_0_5bin13	Bacteria	B69_L003	phylum	Actinomycetota	/phylum:Actinomycetota
NEE60_G_02946	qaidam_basin_mmag_1773_CJ0912_0_5bin20	Bacteria	B69_L003	phylum	Actinomycetota	/phylum:Actinomycetota
NEE60_G_02948	qaidam_basin_mmag_1773_CJ0912_0_5bin22	Bacteria	B69_L003	phylum	Actinomycetota	/phylum:Actinomycetota
NEE60_G_02951	qaidam_basin_mmag_1773_CJ0912_0_5bin27	Bacteria	B69_L003	phylum	Actinomycetota	/phylum:Actinomycetota
NEE60_G_02952	qaidam_basin_mmag_1773_CJ0912_0_5bin28	Bacteria	B69_L003	phylum	Actinomycetota	/phylum:Actinomycetota
NEE60_G_02954	qaidam_basin_mmag_1773_CJ0912_0_5bin31	Bacteria	B69_L003	phylum	Actinomycetota	/phylum:Actinomycetota
NEE60_G_02961	qaidam_basin_mmag_1773_CJ0912_0_5bin9	Bacteria	B69_L003	phylum	Actinomycetota	/phylum:Actinomycetota
NEE60_G_02963	qaidam_basin_mmag_1773_CJ0912_10_15bin13	Bacteria	B69_L003	phylum	Actinomycetota	/phylum:Actinomycetota
NEE60_G_02965	qaidam_basin_mmag_1773_CJ0912_10_15bin2	Bacteria	B69_L003	phylum	Actinomycetota	/phylum:Actinomycetota
NEE60_G_02966	qaidam_basin_mmag_1773_CJ0912_10_15bin22	Bacteria	B69_L003	phylum	Actinomycetota	/phylum:Actinomycetota
NEE60_G_02967	qaidam_basin_mmag_1773_CJ0912_10_15bin23	Bacteria	B69_L003	phylum	Actinomycetota	/phylum:Actinomycetota
NEE60_G_02970	qaidam_basin_mmag_1773_CJ0912_10_15bin32	Bacteria	B69_L003	phylum	Actinomycetota	/phylum:Actinomycetota
NEE60_G_02973	qaidam_basin_mmag_1773_CJ0912_10_15bin6	Bacteria	B69_L003	phylum	Actinomycetota	/phylum:Actinomycetota
NEE60_G_02974	qaidam_basin_mmag_1773_CJ0912_10_15bin8	Bacteria	B69_L003	phylum	Actinomycetota	/phylum:Actinomycetota
NEE60_G_02975	qaidam_basin_mmag_1773_CJ0912_10_15bin9	Bacteria	B69_L003	phylum	Actinomycetota	/phylum:Actinomycetota
NEE60_G_02976	qaidam_basin_mmag_1773_CJ0912_15_20bin11	Bacteria	B69_L003	phylum	Actinomycetota	/phylum:Actinomycetota
NEE60_G_02977	qaidam_basin_mmag_1773_CJ0912_15_20bin15	Bacteria	B69_L003	phylum	Actinomycetota	/phylum:Actinomycetota
NEE60_G_02979	qaidam_basin_mmag_1773_CJ0912_15_20bin17	Bacteria	B69_L003	phylum	Actinomycetota	/phylum:Actinomycetota
NEE60_G_02980	qaidam_basin_mmag_1773_CJ0912_15_20bin18	Bacteria	B69_L003	phylum	Actinomycetota	/phylum:Actinomycetota
NEE60_G_02984	qaidam_basin_mmag_1773_CJ0912_15_20bin24	Bacteria	B69_L003	phylum	Actinomycetota	/phylum:Actinomycetota
NEE60_G_02986	qaidam_basin_mmag_1773_CJ0912_15_20bin31	Bacteria	B69_L003	phylum	Actinomycetota	/phylum:Actinomycetota
NEE60_G_02989	qaidam_basin_mmag_1773_CJ0912_15_20bin34	Bacteria	B69_L003	phylum	Actinomycetota	/phylum:Actinomycetota
NEE60_G_02990	qaidam_basin_mmag_1773_CJ0912_15_20bin36	Bacteria	B69_L003	phylum	Actinomycetota	/phylum:Actinomycetota
NEE60_G_02991	qaidam_basin_mmag_1773_CJ0912_15_20bin37	Bacteria	B69_L003	phylum	Actinomycetota	/phylum:Actinomycetota
NEE60_G_02995	qaidam_basin_mmag_1773_CJ0912_15_20bin9	Bacteria	B69_L003	phylum	Actinomycetota	/phylum:Actinomycetota
NEE60_G_03000	qaidam_basin_mmag_1773_CJ0912_20_25bin27	Bacteria	B69_L003	phylum	Actinomycetota	/phylum:Actinomycetota
NEE60_G_03002	qaidam_basin_mmag_1773_CJ0912_20_25bin8	Bacteria	B69_L003	phylum	Actinomycetota	/phylum:Actinomycetota
NEE60_G_03005	qaidam_basin_mmag_1773_CJ0912_25_30bin12	Bacteria	B69_L003	phylum	Actinomycetota	/phylum:Actinomycetota
NEE60_G_03008	qaidam_basin_mmag_1773_CJ0912_25_30bin18	Bacteria	B69_L003	phylum	Actinomycetota	/phylum:Actinomycetota
NEE60_G_03011	qaidam_basin_mmag_1773_CJ0912_25_30bin23	Bacteria	B69_L003	phylum	Actinomycetota	/phylum:Actinomycetota
NEE60_G_03013	qaidam_basin_mmag_1773_CJ0912_25_30bin29	Bacteria	B69_L003	phylum	Actinomycetota	/phylum:Actinomycetota
NEE60_G_03015	qaidam_basin_mmag_1773_CJ0912_25_30bin30	Bacteria	B69_L003	phylum	Actinomycetota	/phylum:Actinomycetota
NEE60_G_03017	qaidam_basin_mmag_1773_CJ0912_25_30bin34	Bacteria	B69_L003	phylum	Actinomycetota	/phylum:Actinomycetota
NEE60_G_03020	qaidam_basin_mmag_1773_CJ0912_30_35bin1	Bacteria	B69_L003	phylum	Actinomycetota	/phylum:Actinomycetota
NEE60_G_03021	qaidam_basin_mmag_1773_CJ0912_30_35bin10	Bacteria	B69_L003	phylum	Actinomycetota	/phylum:Actinomycetota
NEE60_G_03029	qaidam_basin_mmag_1773_CJ0912_30_35bin30	Bacteria	B69_L003	phylum	Actinomycetota	/phylum:Actinomycetota
NEE60_G_03034	qaidam_basin_mmag_1773_CJ0912_30_35bin37	Bacteria	B69_L003	phylum	Actinomycetota	/phylum:Actinomycetota
NEE60_G_03035	qaidam_basin_mmag_1773_CJ0912_30_35bin38	Bacteria	B69_L003	phylum	Actinomycetota	/phylum:Actinomycetota
NEE60_G_03036	qaidam_basin_mmag_1773_CJ0912_30_35bin39	Bacteria	B69_L003	phylum	Actinomycetota	/phylum:Actinomycetota
NEE60_G_03043	qaidam_basin_mmag_1773_CJ0912_30_35bin49	Bacteria	B69_L003	phylum	Actinomycetota	/phylum:Actinomycetota
NEE60_G_03044	qaidam_basin_mmag_1773_CJ0912_30_35bin5	Bacteria	B69_L003	phylum	Actinomycetota	/phylum:Actinomycetota
NEE60_G_03047	qaidam_basin_mmag_1773_CJ0912_30_35bin52	Bacteria	B69_L003	phylum	Actinomycetota	/phylum:Actinomycetota
NEE60_G_03049	qaidam_basin_mmag_1773_CJ0912_30_35bin54	Bacteria	B69_L003	phylum	Actinomycetota	/phylum:Actinomycetota
NEE60_G_03051	qaidam_basin_mmag_1773_CJ0912_30_35bin57	Bacteria	B69_L003	phylum	Actinomycetota	/phylum:Actinomycetota
NEE60_G_03054	qaidam_basin_mmag_1773_CJ0912_30_35bin8	Bacteria	B69_L003	phylum	Actinomycetota	/phylum:Actinomycetota
NEE60_G_03055	qaidam_basin_mmag_1773_CJ0912_30_35bin9	Bacteria	B69_L003	phylum	Actinomycetota	/phylum:Actinomycetota
NEE60_G_03057	qaidam_basin_mmag_1773_CJ0912_35_40bin13	Bacteria	B69_L003	phylum	Actinomycetota	/phylum:Actinomycetota
NEE60_G_03058	qaidam_basin_mmag_1773_CJ0912_35_40bin19	Bacteria	B69_L003	phylum	Actinomycetota	/phylum:Actinomycetota
NEE60_G_03060	qaidam_basin_mmag_1773_CJ0912_35_40bin20	Bacteria	B69_L003	phylum	Actinomycetota	/phylum:Actinomycetota
NEE60_G_03064	qaidam_basin_mmag_1773_CJ0912_35_40bin24	Bacteria	B69_L003	phylum	Actinomycetota	/phylum:Actinomycetota
NEE60_G_03073	qaidam_basin_mmag_1773_CJ0912_35_40bin40	Bacteria	B69_L003	phylum	Actinomycetota	/phylum:Actinomycetota
NEE60_G_03075	qaidam_basin_mmag_1773_CJ0912_35_40bin44	Bacteria	B69_L003	phylum	Actinomycetota	/phylum:Actinomycetota
NEE60_G_03078	qaidam_basin_mmag_1773_CJ0912_35_40bin47	Bacteria	B69_L003	phylum	Actinomycetota	/phylum:Actinomycetota
NEE60_G_03079	qaidam_basin_mmag_1773_CJ0912_35_40bin48	Bacteria	B69_L003	phylum	Actinomycetota	/phylum:Actinomycetota
NEE60_G_03080	qaidam_basin_mmag_1773_CJ0912_35_40bin49	Bacteria	B69_L003	phylum	Actinomycetota	/phylum:Actinomycetota
NEE60_G_03082	qaidam_basin_mmag_1773_CJ0912_40_45bin18	Bacteria	B69_L003	phylum	Actinomycetota	/phylum:Actinomycetota
NEE60_G_03085	qaidam_basin_mmag_1773_CJ0912_40_45bin23	Bacteria	B69_L003	phylum	Actinomycetota	/phylum:Actinomycetota
NEE60_G_03088	qaidam_basin_mmag_1773_CJ0912_40_45bin28	Bacteria	B69_L003	phylum	Actinomycetota	/phylum:Actinomycetota
NEE60_G_03091	qaidam_basin_mmag_1773_CJ0912_40_45bin30	Bacteria	B69_L003	phylum	Actinomycetota	/phylum:Actinomycetota
NEE60_G_03097	qaidam_basin_mmag_1773_CJ0912_40_45bin39	Bacteria	B69_L003	phylum	Actinomycetota	/phylum:Actinomycetota
NEE60_G_03104	qaidam_basin_mmag_1773_CJ0912_40_45bin47	Bacteria	B69_L003	phylum	Actinomycetota	/phylum:Actinomycetota
NEE60_G_03108	qaidam_basin_mmag_1773_CJ0912_45_50bin1	Bacteria	B69_L003	phylum	Actinomycetota	/phylum:Actinomycetota
NEE60_G_03112	qaidam_basin_mmag_1773_CJ0912_45_50bin6	Bacteria	B69_L003	phylum	Actinomycetota	/phylum:Actinomycetota
NEE60_G_03116	qaidam_basin_mmag_1773_CJ0912_5_10bin15	Bacteria	B69_L003	phylum	Actinomycetota	/phylum:Actinomycetota
NEE60_G_03120	qaidam_basin_mmag_1773_CJ0912_5_10bin19	Bacteria	B69_L003	phylum	Actinomycetota	/phylum:Actinomycetota
NEE60_G_03121	qaidam_basin_mmag_1773_CJ0912_5_10bin2	Bacteria	B69_L003	phylum	Actinomycetota	/phylum:Actinomycetota
NEE60_G_03138	qaidam_basin_mmag_1773_CJ0912_5_10bin47	Bacteria	B69_L003	phylum	Actinomycetota	/phylum:Actinomycetota
NEE60_G_03140	qaidam_basin_mmag_1773_CJ0912_5_10bin5	Bacteria	B69_L003	phylum	Actinomycetota	/phylum:Actinomycetota
NEE60_G_03143	qaidam_basin_mmag_1773_CJS_1_0912bin11	Bacteria	B69_L003	phylum	Actinomycetota	/phylum:Actinomycetota
NEE60_G_03146	qaidam_basin_mmag_1773_CJS_1_0912bin14	Bacteria	B69_L003	phylum	Actinomycetota	/phylum:Actinomycetota
NEE60_G_03147	qaidam_basin_mmag_1773_CJS_1_0912bin15	Bacteria	B69_L003	phylum	Actinomycetota	/phylum:Actinomycetota
NEE60_G_03150	qaidam_basin_mmag_1773_CJS_1_0912bin19	Bacteria	B69_L003	phylum	Actinomycetota	/phylum:Actinomycetota
NEE60_G_03152	qaidam_basin_mmag_1773_CJS_1_0912bin20	Bacteria	B69_L003	phylum	Actinomycetota	/phylum:Actinomycetota
NEE60_G_03154	qaidam_basin_mmag_1773_CJS_1_0912bin22	Bacteria	B69_L003	phylum	Actinomycetota	/phylum:Actinomycetota
NEE60_G_03157	qaidam_basin_mmag_1773_CJS_1_0912bin26	Bacteria	B69_L003	phylum	Actinomycetota	/phylum:Actinomycetota
NEE60_G_03161	qaidam_basin_mmag_1773_CJS_1_0912bin3	Bacteria	B69_L003	phylum	Actinomycetota	/phylum:Actinomycetota
NEE60_G_03163	qaidam_basin_mmag_1773_CJS_1_0912bin31	Bacteria	B69_L003	phylum	Actinomycetota	/phylum:Actinomycetota
NEE60_G_03164	qaidam_basin_mmag_1773_CJS_1_0912bin32	Bacteria	B69_L003	phylum	Actinomycetota	/phylum:Actinomycetota
NEE60_G_03167	qaidam_basin_mmag_1773_CJS_1_0912bin37	Bacteria	B69_L003	phylum	Actinomycetota	/phylum:Actinomycetota
NEE60_G_03168	qaidam_basin_mmag_1773_CJS_1_0912bin39	Bacteria	B69_L003	phylum	Actinomycetota	/phylum:Actinomycetota
NEE60_G_03169	qaidam_basin_mmag_1773_CJS_1_0912bin4	Bacteria	B69_L003	phylum	Actinomycetota	/phylum:Actinomycetota
NEE60_G_03175	qaidam_basin_mmag_1773_CJS_1_0912bin45	Bacteria	B69_L003	phylum	Actinomycetota	/phylum:Actinomycetota
NEE60_G_03177	qaidam_basin_mmag_1773_CJS_1_0912bin47	Bacteria	B69_L003	phylum	Actinomycetota	/phylum:Actinomycetota
NEE60_G_03178	qaidam_basin_mmag_1773_CJS_1_0912bin48	Bacteria	B69_L003	phylum	Actinomycetota	/phylum:Actinomycetota
NEE60_G_03183	qaidam_basin_mmag_1773_DLTCJS0_5bin27	Bacteria	B69_L003	phylum	Actinomycetota	/phylum:Actinomycetota
NEE60_G_03188	qaidam_basin_mmag_1773_DLTCJS0_5bin61	Bacteria	B69_L003	phylum	Actinomycetota	/phylum:Actinomycetota
NEE60_G_03203	qaidam_basin_mmag_1773_DLTCJS10_15bin49	Bacteria	B69_L003	phylum	Actinomycetota	/phylum:Actinomycetota
NEE60_G_03207	qaidam_basin_mmag_1773_DLTCJS10_15bin59	Bacteria	B69_L003	phylum	Actinomycetota	/phylum:Actinomycetota
NEE60_G_03211	qaidam_basin_mmag_1773_DLTCJS10_15bin70	Bacteria	B69_L003	phylum	Actinomycetota	/phylum:Actinomycetota
NEE60_G_03214	qaidam_basin_mmag_1773_DLTCJS10_15bin74	Bacteria	B69_L003	phylum	Actinomycetota	/phylum:Actinomycetota
NEE60_G_03218	qaidam_basin_mmag_1773_DLTCJS15_20bin28	Bacteria	B69_L003	phylum	Actinomycetota	/phylum:Actinomycetota
NEE60_G_03221	qaidam_basin_mmag_1773_DLTCJS15_20bin41	Bacteria	B69_L003	phylum	Actinomycetota	/phylum:Actinomycetota
NEE60_G_03222	qaidam_basin_mmag_1773_DLTCJS15_20bin44	Bacteria	B69_L003	phylum	Actinomycetota	/phylum:Actinomycetota
NEE60_G_03231	qaidam_basin_mmag_1773_DLTCJS15_20bin68	Bacteria	B69_L003	phylum	Actinomycetota	/phylum:Actinomycetota
NEE60_G_03232	qaidam_basin_mmag_1773_DLTCJS15_20bin69	Bacteria	B69_L003	phylum	Actinomycetota	/phylum:Actinomycetota
NEE60_G_03236	qaidam_basin_mmag_1773_DLTCJS20_25bin10	Bacteria	B69_L003	phylum	Actinomycetota	/phylum:Actinomycetota
NEE60_G_03238	qaidam_basin_mmag_1773_DLTCJS20_25bin16	Bacteria	B69_L003	phylum	Actinomycetota	/phylum:Actinomycetota
NEE60_G_03245	qaidam_basin_mmag_1773_DLTCJS20_25bin29	Bacteria	B69_L003	phylum	Actinomycetota	/phylum:Actinomycetota
NEE60_G_03246	qaidam_basin_mmag_1773_DLTCJS20_25bin30	Bacteria	B69_L003	phylum	Actinomycetota	/phylum:Actinomycetota
NEE60_G_03247	qaidam_basin_mmag_1773_DLTCJS20_25bin31	Bacteria	B69_L003	phylum	Actinomycetota	/phylum:Actinomycetota
NEE60_G_03261	qaidam_basin_mmag_1773_DLTCJS20_25bin60	Bacteria	B69_L003	phylum	Actinomycetota	/phylum:Actinomycetota
NEE60_G_03275	qaidam_basin_mmag_1773_DLTCJS25_30bin18	Bacteria	B69_L003	phylum	Actinomycetota	/phylum:Actinomycetota
NEE60_G_03276	qaidam_basin_mmag_1773_DLTCJS25_30bin19	Bacteria	B69_L003	phylum	Actinomycetota	/phylum:Actinomycetota
NEE60_G_03280	qaidam_basin_mmag_1773_DLTCJS25_30bin3	Bacteria	B69_L003	phylum	Actinomycetota	/phylum:Actinomycetota
NEE60_G_03284	qaidam_basin_mmag_1773_DLTCJS25_30bin37	Bacteria	B69_L003	phylum	Actinomycetota	/phylum:Actinomycetota
NEE60_G_03286	qaidam_basin_mmag_1773_DLTCJS25_30bin4	Bacteria	B69_L003	phylum	Actinomycetota	/phylum:Actinomycetota
NEE60_G_03294	qaidam_basin_mmag_1773_DLTCJS25_30bin48	Bacteria	B69_L003	phylum	Actinomycetota	/phylum:Actinomycetota
NEE60_G_03295	qaidam_basin_mmag_1773_DLTCJS25_30bin49	Bacteria	B69_L003	phylum	Actinomycetota	/phylum:Actinomycetota
NEE60_G_03299	qaidam_basin_mmag_1773_DLTCJS25_30bin53	Bacteria	B69_L003	phylum	Actinomycetota	/phylum:Actinomycetota
NEE60_G_03301	qaidam_basin_mmag_1773_DLTCJS25_30bin56	Bacteria	B69_L003	phylum	Actinomycetota	/phylum:Actinomycetota
NEE60_G_03303	qaidam_basin_mmag_1773_DLTCJS25_30bin58	Bacteria	B69_L003	phylum	Actinomycetota	/phylum:Actinomycetota
NEE60_G_03305	qaidam_basin_mmag_1773_DLTCJS25_30bin63	Bacteria	B69_L003	phylum	Actinomycetota	/phylum:Actinomycetota
NEE60_G_03308	qaidam_basin_mmag_1773_DLTCJS25_30bin67	Bacteria	B69_L003	phylum	Actinomycetota	/phylum:Actinomycetota
NEE60_G_03310	qaidam_basin_mmag_1773_DLTCJS25_30bin69	Bacteria	B69_L003	phylum	Actinomycetota	/phylum:Actinomycetota
NEE60_G_03314	qaidam_basin_mmag_1773_DLTCJS25_30bin8	Bacteria	B69_L003	phylum	Actinomycetota	/phylum:Actinomycetota
NEE60_G_03315	qaidam_basin_mmag_1773_DLTCJS25_30bin9	Bacteria	B69_L003	phylum	Actinomycetota	/phylum:Actinomycetota
NEE60_G_03316	qaidam_basin_mmag_1773_DLTCJS5_10bin13	Bacteria	B69_L003	phylum	Actinomycetota	/phylum:Actinomycetota
NEE60_G_03318	qaidam_basin_mmag_1773_DLTCJS5_10bin2	Bacteria	B69_L003	phylum	Actinomycetota	/phylum:Actinomycetota
NEE60_G_03321	qaidam_basin_mmag_1773_DLTCJS5_10bin36	Bacteria	B69_L003	phylum	Actinomycetota	/phylum:Actinomycetota
NEE60_G_03323	qaidam_basin_mmag_1773_DLTCJS5_10bin4	Bacteria	B69_L003	phylum	Actinomycetota	/phylum:Actinomycetota
NEE60_G_03325	qaidam_basin_mmag_1773_DLTCJS5_10bin46	Bacteria	B69_L003	phylum	Actinomycetota	/phylum:Actinomycetota
NEE60_G_03326	qaidam_basin_mmag_1773_DLTCJS5_10bin5	Bacteria	B69_L003	phylum	Actinomycetota	/phylum:Actinomycetota
NEE60_G_03328	qaidam_basin_mmag_1773_DLTCJS5_10bin65	Bacteria	B69_L003	phylum	Actinomycetota	/phylum:Actinomycetota
NEE60_G_03331	qaidam_basin_mmag_1773_DLTFbin10	Bacteria	B69_L003	phylum	Actinomycetota	/phylum:Actinomycetota
NEE60_G_03337	qaidam_basin_mmag_1773_DLTFbin3	Bacteria	B69_L003	phylum	Actinomycetota	/phylum:Actinomycetota
NEE60_G_03341	qaidam_basin_mmag_1773_DLTFbin49	Bacteria	B69_L003	phylum	Actinomycetota	/phylum:Actinomycetota
NEE60_G_03342	qaidam_basin_mmag_1773_DLTFbin53	Bacteria	B69_L003	phylum	Actinomycetota	/phylum:Actinomycetota
NEE60_G_03349	qaidam_basin_mmag_1773_DLTSQ0_15bin1	Bacteria	B69_L003	phylum	Actinomycetota	/phylum:Actinomycetota
NEE60_G_03358	qaidam_basin_mmag_1773_DLTSQ0_15bin22	Bacteria	B69_L003	phylum	Actinomycetota	/phylum:Actinomycetota
NEE60_G_03369	qaidam_basin_mmag_1773_DLTSQ0_15bin38	Bacteria	B69_L003	phylum	Actinomycetota	/phylum:Actinomycetota
NEE60_G_03370	qaidam_basin_mmag_1773_DLTSQ0_15bin4	Bacteria	B69_L003	phylum	Actinomycetota	/phylum:Actinomycetota
NEE60_G_03371	qaidam_basin_mmag_1773_DLTSQ0_15bin40	Bacteria	B69_L003	phylum	Actinomycetota	/phylum:Actinomycetota
NEE60_G_03377	qaidam_basin_mmag_1773_DLTSQ0_15bin47	Bacteria	B69_L003	phylum	Actinomycetota	/phylum:Actinomycetota
NEE60_G_03379	qaidam_basin_mmag_1773_DLTSQ0_15bin51	Bacteria	B69_L003	phylum	Actinomycetota	/phylum:Actinomycetota
NEE60_G_03381	qaidam_basin_mmag_1773_DLTSQ0_15bin56	Bacteria	B69_L003	phylum	Actinomycetota	/phylum:Actinomycetota
NEE60_G_03385	qaidam_basin_mmag_1773_DLTSQ0_15bin60	Bacteria	B69_L003	phylum	Actinomycetota	/phylum:Actinomycetota
NEE60_G_03386	qaidam_basin_mmag_1773_DLTSQ0_15bin62	Bacteria	B69_L003	phylum	Actinomycetota	/phylum:Actinomycetota
NEE60_G_03398	qaidam_basin_mmag_1773_DLTSQ15_20bin35	Bacteria	B69_L003	phylum	Actinomycetota	/phylum:Actinomycetota
NEE60_G_03402	qaidam_basin_mmag_1773_DLTSQ15_20bin46	Bacteria	B69_L003	phylum	Actinomycetota	/phylum:Actinomycetota
NEE60_G_03404	qaidam_basin_mmag_1773_DLTSQ15_20bin48	Bacteria	B69_L003	phylum	Actinomycetota	/phylum:Actinomycetota
NEE60_G_03406	qaidam_basin_mmag_1773_DLTSQ15_20bin51	Bacteria	B69_L003	phylum	Actinomycetota	/phylum:Actinomycetota
NEE60_G_03407	qaidam_basin_mmag_1773_DLTSQ15_20bin56	Bacteria	B69_L003	phylum	Actinomycetota	/phylum:Actinomycetota
NEE60_G_03408	qaidam_basin_mmag_1773_DLTSQ15_20bin58	Bacteria	B69_L003	phylum	Actinomycetota	/phylum:Actinomycetota
NEE60_G_03409	qaidam_basin_mmag_1773_DLTSQ15_20bin6	Bacteria	B69_L003	phylum	Actinomycetota	/phylum:Actinomycetota
NEE60_G_03412	qaidam_basin_mmag_1773_DLTSQ20_25bin11	Bacteria	B69_L003	phylum	Actinomycetota	/phylum:Actinomycetota
NEE60_G_03416	qaidam_basin_mmag_1773_DLTSQ20_25bin15	Bacteria	B69_L003	phylum	Actinomycetota	/phylum:Actinomycetota
NEE60_G_03430	qaidam_basin_mmag_1773_DLTSQ20_25bin43	Bacteria	B69_L003	phylum	Actinomycetota	/phylum:Actinomycetota
NEE60_G_03431	qaidam_basin_mmag_1773_DLTSQ20_25bin47	Bacteria	B69_L003	phylum	Actinomycetota	/phylum:Actinomycetota
NEE60_G_03440	qaidam_basin_mmag_1773_DLTYbin1	Bacteria	B69_L003	phylum	Actinomycetota	/phylum:Actinomycetota
NEE60_G_03442	qaidam_basin_mmag_1773_DLTYbin11	Bacteria	B69_L003	phylum	Actinomycetota	/phylum:Actinomycetota
NEE60_G_03443	qaidam_basin_mmag_1773_DLTYbin13	Bacteria	B69_L003	phylum	Actinomycetota	/phylum:Actinomycetota
NEE60_G_03445	qaidam_basin_mmag_1773_DLTYbin15	Bacteria	B69_L003	phylum	Actinomycetota	/phylum:Actinomycetota
NEE60_G_03447	qaidam_basin_mmag_1773_DLTYbin20	Bacteria	B69_L003	phylum	Actinomycetota	/phylum:Actinomycetota
NEE60_G_03450	qaidam_basin_mmag_1773_DLTYbin24	Bacteria	B69_L003	phylum	Actinomycetota	/phylum:Actinomycetota
NEE60_G_03451	qaidam_basin_mmag_1773_DLTYbin25	Bacteria	B69_L003	phylum	Actinomycetota	/phylum:Actinomycetota
NEE60_G_03452	qaidam_basin_mmag_1773_DLTYbin26	Bacteria	B69_L003	phylum	Actinomycetota	/phylum:Actinomycetota
NEE60_G_03454	qaidam_basin_mmag_1773_DLTYbin28	Bacteria	B69_L003	phylum	Actinomycetota	/phylum:Actinomycetota
NEE60_G_03455	qaidam_basin_mmag_1773_DLTYbin29	Bacteria	B69_L003	phylum	Actinomycetota	/phylum:Actinomycetota
NEE60_G_03459	qaidam_basin_mmag_1773_DLTYbin5	Bacteria	B69_L003	phylum	Actinomycetota	/phylum:Actinomycetota
NEE60_G_03462	qaidam_basin_mmag_1773_DLTYbin9	Bacteria	B69_L003	phylum	Actinomycetota	/phylum:Actinomycetota
NEE60_G_03463	qaidam_basin_mmag_1773_FCHGbin10	Bacteria	B69_L003	phylum	Actinomycetota	/phylum:Actinomycetota
NEE60_G_03464	qaidam_basin_mmag_1773_FCHGbin11	Bacteria	B69_L003	phylum	Actinomycetota	/phylum:Actinomycetota
NEE60_G_03465	qaidam_basin_mmag_1773_FCHGbin12	Bacteria	B69_L003	phylum	Actinomycetota	/phylum:Actinomycetota
NEE60_G_03467	qaidam_basin_mmag_1773_FCHGbin15	Bacteria	B69_L003	phylum	Actinomycetota	/phylum:Actinomycetota
NEE60_G_03468	qaidam_basin_mmag_1773_FCHGbin16	Bacteria	B69_L003	phylum	Actinomycetota	/phylum:Actinomycetota
NEE60_G_03469	qaidam_basin_mmag_1773_FCHGbin17	Bacteria	B69_L003	phylum	Actinomycetota	/phylum:Actinomycetota
NEE60_G_03472	qaidam_basin_mmag_1773_FCHGbin20	Bacteria	B69_L003	phylum	Actinomycetota	/phylum:Actinomycetota
NEE60_G_03476	qaidam_basin_mmag_1773_FCHGbin26	Bacteria	B69_L003	phylum	Actinomycetota	/phylum:Actinomycetota
NEE60_G_03488	qaidam_basin_mmag_1773_FCHGbin4	Bacteria	B69_L003	phylum	Actinomycetota	/phylum:Actinomycetota
NEE60_G_03489	qaidam_basin_mmag_1773_FCHGbin42	Bacteria	B69_L003	phylum	Actinomycetota	/phylum:Actinomycetota
NEE60_G_03504	qaidam_basin_mmag_1773_L_0707_10_15bin14	Bacteria	B69_L003	phylum	Actinomycetota	/phylum:Actinomycetota
NEE60_G_03507	qaidam_basin_mmag_1773_L_0707_10_15bin17	Bacteria	B69_L003	phylum	Actinomycetota	/phylum:Actinomycetota
NEE60_G_03510	qaidam_basin_mmag_1773_L_0707_10_15bin2	Bacteria	B69_L003	phylum	Actinomycetota	/phylum:Actinomycetota
NEE60_G_03511	qaidam_basin_mmag_1773_L_0707_10_15bin20	Bacteria	B69_L003	phylum	Actinomycetota	/phylum:Actinomycetota
NEE60_G_03512	qaidam_basin_mmag_1773_L_0707_10_15bin22	Bacteria	B69_L003	phylum	Actinomycetota	/phylum:Actinomycetota
NEE60_G_03514	qaidam_basin_mmag_1773_L_0707_10_15bin25	Bacteria	B69_L003	phylum	Actinomycetota	/phylum:Actinomycetota
NEE60_G_03515	qaidam_basin_mmag_1773_L_0707_10_15bin26	Bacteria	B69_L003	phylum	Actinomycetota	/phylum:Actinomycetota
NEE60_G_03516	qaidam_basin_mmag_1773_L_0707_10_15bin27	Bacteria	B69_L003	phylum	Actinomycetota	/phylum:Actinomycetota
NEE60_G_03518	qaidam_basin_mmag_1773_L_0707_10_15bin3	Bacteria	B69_L003	phylum	Actinomycetota	/phylum:Actinomycetota
NEE60_G_03523	qaidam_basin_mmag_1773_L_0707_10_15bin34	Bacteria	B69_L003	phylum	Actinomycetota	/phylum:Actinomycetota
NEE60_G_03525	qaidam_basin_mmag_1773_L_0707_10_15bin37	Bacteria	B69_L003	phylum	Actinomycetota	/phylum:Actinomycetota
NEE60_G_03526	qaidam_basin_mmag_1773_L_0707_10_15bin38	Bacteria	B69_L003	phylum	Actinomycetota	/phylum:Actinomycetota
NEE60_G_03528	qaidam_basin_mmag_1773_L_0707_10_15bin4	Bacteria	B69_L003	phylum	Actinomycetota	/phylum:Actinomycetota
NEE60_G_03529	qaidam_basin_mmag_1773_L_0707_10_15bin41	Bacteria	B69_L003	phylum	Actinomycetota	/phylum:Actinomycetota
NEE60_G_03531	qaidam_basin_mmag_1773_L_0707_10_15bin43	Bacteria	B69_L003	phylum	Actinomycetota	/phylum:Actinomycetota
NEE60_G_03533	qaidam_basin_mmag_1773_L_0707_10_15bin48	Bacteria	B69_L003	phylum	Actinomycetota	/phylum:Actinomycetota
NEE60_G_03535	qaidam_basin_mmag_1773_L_0707_10_15bin5	Bacteria	B69_L003	phylum	Actinomycetota	/phylum:Actinomycetota
NEE60_G_03537	qaidam_basin_mmag_1773_L_0707_10_15bin51	Bacteria	B69_L003	phylum	Actinomycetota	/phylum:Actinomycetota
NEE60_G_03542	qaidam_basin_mmag_1773_L_0707_10_15bin56	Bacteria	B69_L003	phylum	Actinomycetota	/phylum:Actinomycetota
NEE60_G_03544	qaidam_basin_mmag_1773_L_0707_10_15bin58	Bacteria	B69_L003	phylum	Actinomycetota	/phylum:Actinomycetota
NEE60_G_03545	qaidam_basin_mmag_1773_L_0707_10_15bin59	Bacteria	B69_L003	phylum	Actinomycetota	/phylum:Actinomycetota
NEE60_G_03548	qaidam_basin_mmag_1773_L_0707_10_15bin61	Bacteria	B69_L003	phylum	Actinomycetota	/phylum:Actinomycetota
NEE60_G_03551	qaidam_basin_mmag_1773_L_0707_10_15bin64	Bacteria	B69_L003	phylum	Actinomycetota	/phylum:Actinomycetota
NEE60_G_03552	qaidam_basin_mmag_1773_L_0707_10_15bin67	Bacteria	B69_L003	phylum	Actinomycetota	/phylum:Actinomycetota
NEE60_G_03553	qaidam_basin_mmag_1773_L_0707_10_15bin68	Bacteria	B69_L003	phylum	Actinomycetota	/phylum:Actinomycetota
NEE60_G_03556	qaidam_basin_mmag_1773_L_0707_10_15bin70	Bacteria	B69_L003	phylum	Actinomycetota	/phylum:Actinomycetota
NEE60_G_03558	qaidam_basin_mmag_1773_L_0707_10_15bin73	Bacteria	B69_L003	phylum	Actinomycetota	/phylum:Actinomycetota
NEE60_G_03562	qaidam_basin_mmag_1773_L_0707_10_15bin8	Bacteria	B69_L003	phylum	Actinomycetota	/phylum:Actinomycetota
NEE60_G_03564	qaidam_basin_mmag_1773_L_0707_10_15bin82	Bacteria	B69_L003	phylum	Actinomycetota	/phylum:Actinomycetota
NEE60_G_03565	qaidam_basin_mmag_1773_L_0707_10_15bin9	Bacteria	B69_L003	phylum	Actinomycetota	/phylum:Actinomycetota
NEE60_G_03568	qaidam_basin_mmag_1773_L_0707_15_20bin12	Bacteria	B69_L003	phylum	Actinomycetota	/phylum:Actinomycetota
NEE60_G_03570	qaidam_basin_mmag_1773_L_0707_15_20bin14	Bacteria	B69_L003	phylum	Actinomycetota	/phylum:Actinomycetota
NEE60_G_03571	qaidam_basin_mmag_1773_L_0707_15_20bin16	Bacteria	B69_L003	phylum	Actinomycetota	/phylum:Actinomycetota
NEE60_G_03579	qaidam_basin_mmag_1773_L_0707_15_20bin23	Bacteria	B69_L003	phylum	Actinomycetota	/phylum:Actinomycetota
NEE60_G_03580	qaidam_basin_mmag_1773_L_0707_15_20bin24	Bacteria	B69_L003	phylum	Actinomycetota	/phylum:Actinomycetota
NEE60_G_03582	qaidam_basin_mmag_1773_L_0707_15_20bin26	Bacteria	B69_L003	phylum	Actinomycetota	/phylum:Actinomycetota
NEE60_G_03585	qaidam_basin_mmag_1773_L_0707_15_20bin3	Bacteria	B69_L003	phylum	Actinomycetota	/phylum:Actinomycetota
NEE60_G_03590	qaidam_basin_mmag_1773_L_0707_15_20bin36	Bacteria	B69_L003	phylum	Actinomycetota	/phylum:Actinomycetota
NEE60_G_03592	qaidam_basin_mmag_1773_L_0707_15_20bin4	Bacteria	B69_L003	phylum	Actinomycetota	/phylum:Actinomycetota
NEE60_G_03596	qaidam_basin_mmag_1773_L_0707_15_20bin47	Bacteria	B69_L003	phylum	Actinomycetota	/phylum:Actinomycetota
NEE60_G_03597	qaidam_basin_mmag_1773_L_0707_15_20bin49	Bacteria	B69_L003	phylum	Actinomycetota	/phylum:Actinomycetota
NEE60_G_03598	qaidam_basin_mmag_1773_L_0707_15_20bin50	Bacteria	B69_L003	phylum	Actinomycetota	/phylum:Actinomycetota
NEE60_G_03599	qaidam_basin_mmag_1773_L_0707_15_20bin51	Bacteria	B69_L003	phylum	Actinomycetota	/phylum:Actinomycetota
NEE60_G_03601	qaidam_basin_mmag_1773_L_0707_15_20bin53	Bacteria	B69_L003	phylum	Actinomycetota	/phylum:Actinomycetota
NEE60_G_03604	qaidam_basin_mmag_1773_L_0707_15_20bin57	Bacteria	B69_L003	phylum	Actinomycetota	/phylum:Actinomycetota
NEE60_G_03605	qaidam_basin_mmag_1773_L_0707_15_20bin58	Bacteria	B69_L003	phylum	Actinomycetota	/phylum:Actinomycetota
NEE60_G_03607	qaidam_basin_mmag_1773_L_0707_15_20bin6	Bacteria	B69_L003	phylum	Actinomycetota	/phylum:Actinomycetota
NEE60_G_03611	qaidam_basin_mmag_1773_L_0707_15_20bin63	Bacteria	B69_L003	phylum	Actinomycetota	/phylum:Actinomycetota
NEE60_G_03617	qaidam_basin_mmag_1773_L_0707_2_5bin11	Bacteria	B69_L003	phylum	Actinomycetota	/phylum:Actinomycetota
NEE60_G_03619	qaidam_basin_mmag_1773_L_0707_2_5bin13	Bacteria	B69_L003	phylum	Actinomycetota	/phylum:Actinomycetota
NEE60_G_03621	qaidam_basin_mmag_1773_L_0707_2_5bin17	Bacteria	B69_L003	phylum	Actinomycetota	/phylum:Actinomycetota
NEE60_G_03622	qaidam_basin_mmag_1773_L_0707_2_5bin18	Bacteria	B69_L003	phylum	Actinomycetota	/phylum:Actinomycetota
NEE60_G_03629	qaidam_basin_mmag_1773_L_0707_2_5bin26	Bacteria	B69_L003	phylum	Actinomycetota	/phylum:Actinomycetota
NEE60_G_03631	qaidam_basin_mmag_1773_L_0707_2_5bin29	Bacteria	B69_L003	phylum	Actinomycetota	/phylum:Actinomycetota
NEE60_G_03632	qaidam_basin_mmag_1773_L_0707_2_5bin3	Bacteria	B69_L003	phylum	Actinomycetota	/phylum:Actinomycetota
NEE60_G_03633	qaidam_basin_mmag_1773_L_0707_2_5bin30	Bacteria	B69_L003	phylum	Actinomycetota	/phylum:Actinomycetota
NEE60_G_03635	qaidam_basin_mmag_1773_L_0707_2_5bin32	Bacteria	B69_L003	phylum	Actinomycetota	/phylum:Actinomycetota
NEE60_G_03637	qaidam_basin_mmag_1773_L_0707_2_5bin35	Bacteria	B69_L003	phylum	Actinomycetota	/phylum:Actinomycetota
NEE60_G_03640	qaidam_basin_mmag_1773_L_0707_2_5bin39	Bacteria	B69_L003	phylum	Actinomycetota	/phylum:Actinomycetota
NEE60_G_03641	qaidam_basin_mmag_1773_L_0707_2_5bin4	Bacteria	B69_L003	phylum	Actinomycetota	/phylum:Actinomycetota
NEE60_G_03642	qaidam_basin_mmag_1773_L_0707_2_5bin40	Bacteria	B69_L003	phylum	Actinomycetota	/phylum:Actinomycetota
NEE60_G_03647	qaidam_basin_mmag_1773_L_0707_2_5bin48	Bacteria	B69_L003	phylum	Actinomycetota	/phylum:Actinomycetota
NEE60_G_03650	qaidam_basin_mmag_1773_L_0707_2_5bin50	Bacteria	B69_L003	phylum	Actinomycetota	/phylum:Actinomycetota
NEE60_G_03651	qaidam_basin_mmag_1773_L_0707_2_5bin52	Bacteria	B69_L003	phylum	Actinomycetota	/phylum:Actinomycetota
NEE60_G_03652	qaidam_basin_mmag_1773_L_0707_2_5bin55	Bacteria	B69_L003	phylum	Actinomycetota	/phylum:Actinomycetota
NEE60_G_03656	qaidam_basin_mmag_1773_L_0707_2_5bin60	Bacteria	B69_L003	phylum	Actinomycetota	/phylum:Actinomycetota
NEE60_G_03657	qaidam_basin_mmag_1773_L_0707_2_5bin61	Bacteria	B69_L003	phylum	Actinomycetota	/phylum:Actinomycetota
NEE60_G_03659	qaidam_basin_mmag_1773_L_0707_2_5bin63	Bacteria	B69_L003	phylum	Actinomycetota	/phylum:Actinomycetota
NEE60_G_03660	qaidam_basin_mmag_1773_L_0707_2_5bin7	Bacteria	B69_L003	phylum	Actinomycetota	/phylum:Actinomycetota
NEE60_G_03662	qaidam_basin_mmag_1773_L_0707_2_5bin9	Bacteria	B69_L003	phylum	Actinomycetota	/phylum:Actinomycetota
NEE60_G_03663	qaidam_basin_mmag_1773_L_0707_40_50bin1	Bacteria	B69_L003	phylum	Actinomycetota	/phylum:Actinomycetota
NEE60_G_03668	qaidam_basin_mmag_1773_L_0707_40_50bin14	Bacteria	B69_L003	phylum	Actinomycetota	/phylum:Actinomycetota
NEE60_G_03669	qaidam_basin_mmag_1773_L_0707_40_50bin16	Bacteria	B69_L003	phylum	Actinomycetota	/phylum:Actinomycetota
NEE60_G_03671	qaidam_basin_mmag_1773_L_0707_40_50bin19	Bacteria	B69_L003	phylum	Actinomycetota	/phylum:Actinomycetota
NEE60_G_03672	qaidam_basin_mmag_1773_L_0707_40_50bin2	Bacteria	B69_L003	phylum	Actinomycetota	/phylum:Actinomycetota
NEE60_G_03675	qaidam_basin_mmag_1773_L_0707_40_50bin22	Bacteria	B69_L003	phylum	Actinomycetota	/phylum:Actinomycetota
NEE60_G_03677	qaidam_basin_mmag_1773_L_0707_40_50bin24	Bacteria	B69_L003	phylum	Actinomycetota	/phylum:Actinomycetota
NEE60_G_03680	qaidam_basin_mmag_1773_L_0707_40_50bin28	Bacteria	B69_L003	phylum	Actinomycetota	/phylum:Actinomycetota
NEE60_G_03684	qaidam_basin_mmag_1773_L_0707_40_50bin31	Bacteria	B69_L003	phylum	Actinomycetota	/phylum:Actinomycetota
NEE60_G_03686	qaidam_basin_mmag_1773_L_0707_40_50bin33	Bacteria	B69_L003	phylum	Actinomycetota	/phylum:Actinomycetota
NEE60_G_03690	qaidam_basin_mmag_1773_L_0707_40_50bin37	Bacteria	B69_L003	phylum	Actinomycetota	/phylum:Actinomycetota
NEE60_G_03691	qaidam_basin_mmag_1773_L_0707_40_50bin38	Bacteria	B69_L003	phylum	Actinomycetota	/phylum:Actinomycetota
NEE60_G_03695	qaidam_basin_mmag_1773_L_0707_40_50bin41	Bacteria	B69_L003	phylum	Actinomycetota	/phylum:Actinomycetota
NEE60_G_03698	qaidam_basin_mmag_1773_L_0707_40_50bin44	Bacteria	B69_L003	phylum	Actinomycetota	/phylum:Actinomycetota
NEE60_G_03699	qaidam_basin_mmag_1773_L_0707_40_50bin45	Bacteria	B69_L003	phylum	Actinomycetota	/phylum:Actinomycetota
NEE60_G_03700	qaidam_basin_mmag_1773_L_0707_40_50bin46	Bacteria	B69_L003	phylum	Actinomycetota	/phylum:Actinomycetota
NEE60_G_03704	qaidam_basin_mmag_1773_L_0707_40_50bin5	Bacteria	B69_L003	phylum	Actinomycetota	/phylum:Actinomycetota
NEE60_G_03706	qaidam_basin_mmag_1773_L_0707_40_50bin52	Bacteria	B69_L003	phylum	Actinomycetota	/phylum:Actinomycetota
NEE60_G_03707	qaidam_basin_mmag_1773_L_0707_40_50bin53	Bacteria	B69_L003	phylum	Actinomycetota	/phylum:Actinomycetota
NEE60_G_03708	qaidam_basin_mmag_1773_L_0707_40_50bin55	Bacteria	B69_L003	phylum	Actinomycetota	/phylum:Actinomycetota
NEE60_G_03719	qaidam_basin_mmag_1773_L_0707_40_50bin67	Bacteria	B69_L003	phylum	Actinomycetota	/phylum:Actinomycetota
NEE60_G_03720	qaidam_basin_mmag_1773_L_0707_40_50bin69	Bacteria	B69_L003	phylum	Actinomycetota	/phylum:Actinomycetota
NEE60_G_03722	qaidam_basin_mmag_1773_L_0707_40_50bin71	Bacteria	B69_L003	phylum	Actinomycetota	/phylum:Actinomycetota
NEE60_G_03726	qaidam_basin_mmag_1773_L_0707_40_50bin75	Bacteria	B69_L003	phylum	Actinomycetota	/phylum:Actinomycetota
NEE60_G_03729	qaidam_basin_mmag_1773_L_0712_20_25bin11	Bacteria	B69_L003	phylum	Actinomycetota	/phylum:Actinomycetota
NEE60_G_03734	qaidam_basin_mmag_1773_L_0712_20_25bin17	Bacteria	B69_L003	phylum	Actinomycetota	/phylum:Actinomycetota
NEE60_G_03735	qaidam_basin_mmag_1773_L_0712_20_25bin2	Bacteria	B69_L003	phylum	Actinomycetota	/phylum:Actinomycetota
NEE60_G_03736	qaidam_basin_mmag_1773_L_0712_20_25bin20	Bacteria	B69_L003	phylum	Actinomycetota	/phylum:Actinomycetota
NEE60_G_03737	qaidam_basin_mmag_1773_L_0712_20_25bin21	Bacteria	B69_L003	phylum	Actinomycetota	/phylum:Actinomycetota
NEE60_G_03750	qaidam_basin_mmag_1773_L_0712_20_25bin34	Bacteria	B69_L003	phylum	Actinomycetota	/phylum:Actinomycetota
NEE60_G_03751	qaidam_basin_mmag_1773_L_0712_20_25bin35	Bacteria	B69_L003	phylum	Actinomycetota	/phylum:Actinomycetota
NEE60_G_03754	qaidam_basin_mmag_1773_L_0712_20_25bin40	Bacteria	B69_L003	phylum	Actinomycetota	/phylum:Actinomycetota
NEE60_G_03758	qaidam_basin_mmag_1773_L_0712_20_25bin45	Bacteria	B69_L003	phylum	Actinomycetota	/phylum:Actinomycetota
NEE60_G_03767	qaidam_basin_mmag_1773_L_0712_20_25bin56	Bacteria	B69_L003	phylum	Actinomycetota	/phylum:Actinomycetota
NEE60_G_03768	qaidam_basin_mmag_1773_L_0712_20_25bin57	Bacteria	B69_L003	phylum	Actinomycetota	/phylum:Actinomycetota
NEE60_G_03779	qaidam_basin_mmag_1773_L_0712_20_25bin7	Bacteria	B69_L003	phylum	Actinomycetota	/phylum:Actinomycetota
NEE60_G_03820	qaidam_basin_mmag_1773_L_21_NSL0_5bin1	Bacteria	B69_L003	phylum	Actinomycetota	/phylum:Actinomycetota
NEE60_G_03821	qaidam_basin_mmag_1773_L_21_NSL0_5bin11	Bacteria	B69_L003	phylum	Actinomycetota	/phylum:Actinomycetota
NEE60_G_03825	qaidam_basin_mmag_1773_L_21_NSL0_5bin18	Bacteria	B69_L003	phylum	Actinomycetota	/phylum:Actinomycetota
NEE60_G_03826	qaidam_basin_mmag_1773_L_21_NSL0_5bin19	Bacteria	B69_L003	phylum	Actinomycetota	/phylum:Actinomycetota
NEE60_G_03827	qaidam_basin_mmag_1773_L_21_NSL0_5bin3	Bacteria	B69_L003	phylum	Actinomycetota	/phylum:Actinomycetota
NEE60_G_03828	qaidam_basin_mmag_1773_L_21_NSL0_5bin5	Bacteria	B69_L003	phylum	Actinomycetota	/phylum:Actinomycetota
NEE60_G_03829	qaidam_basin_mmag_1773_L_21_NSL0_5bin7	Bacteria	B69_L003	phylum	Actinomycetota	/phylum:Actinomycetota
NEE60_G_03835	qaidam_basin_mmag_1773_L_21_NSL5_10bin15	Bacteria	B69_L003	phylum	Actinomycetota	/phylum:Actinomycetota
NEE60_G_03836	qaidam_basin_mmag_1773_L_21_NSL5_10bin19	Bacteria	B69_L003	phylum	Actinomycetota	/phylum:Actinomycetota
NEE60_G_03838	qaidam_basin_mmag_1773_L_21_NSL5_10bin3	Bacteria	B69_L003	phylum	Actinomycetota	/phylum:Actinomycetota
NEE60_G_03839	qaidam_basin_mmag_1773_L_21_NSL5_10bin5	Bacteria	B69_L003	phylum	Actinomycetota	/phylum:Actinomycetota
NEE60_G_03840	qaidam_basin_mmag_1773_L_21_NSL5_10bin6	Bacteria	B69_L003	phylum	Actinomycetota	/phylum:Actinomycetota
NEE60_G_03842	qaidam_basin_mmag_1773_NSL0_5_2bin2	Bacteria	B69_L003	phylum	Actinomycetota	/phylum:Actinomycetota
NEE60_G_03848	qaidam_basin_mmag_1773_NSL0_5_2bin36	Bacteria	B69_L003	phylum	Actinomycetota	/phylum:Actinomycetota
NEE60_G_03851	qaidam_basin_mmag_1773_NSL0_5_2bin4	Bacteria	B69_L003	phylum	Actinomycetota	/phylum:Actinomycetota
NEE60_G_03852	qaidam_basin_mmag_1773_NSL0_5_2bin41	Bacteria	B69_L003	phylum	Actinomycetota	/phylum:Actinomycetota
NEE60_G_03860	qaidam_basin_mmag_1773_NSL1015bin12	Bacteria	B69_L003	phylum	Actinomycetota	/phylum:Actinomycetota
NEE60_G_03861	qaidam_basin_mmag_1773_NSL1015bin16	Bacteria	B69_L003	phylum	Actinomycetota	/phylum:Actinomycetota
NEE60_G_03863	qaidam_basin_mmag_1773_NSL1015bin2	Bacteria	B69_L003	phylum	Actinomycetota	/phylum:Actinomycetota
NEE60_G_03864	qaidam_basin_mmag_1773_NSL1015bin20	Bacteria	B69_L003	phylum	Actinomycetota	/phylum:Actinomycetota
NEE60_G_03868	qaidam_basin_mmag_1773_NSL1015bin3	Bacteria	B69_L003	phylum	Actinomycetota	/phylum:Actinomycetota
NEE60_G_03871	qaidam_basin_mmag_1773_NSL1015bin32	Bacteria	B69_L003	phylum	Actinomycetota	/phylum:Actinomycetota
NEE60_G_03872	qaidam_basin_mmag_1773_NSL1015bin33	Bacteria	B69_L003	phylum	Actinomycetota	/phylum:Actinomycetota
NEE60_G_03873	qaidam_basin_mmag_1773_NSL1015bin35	Bacteria	B69_L003	phylum	Actinomycetota	/phylum:Actinomycetota
NEE60_G_03880	qaidam_basin_mmag_1773_NSL1520bin10	Bacteria	B69_L003	phylum	Actinomycetota	/phylum:Actinomycetota
NEE60_G_03881	qaidam_basin_mmag_1773_NSL1520bin14	Bacteria	B69_L003	phylum	Actinomycetota	/phylum:Actinomycetota
NEE60_G_03882	qaidam_basin_mmag_1773_NSL1520bin19	Bacteria	B69_L003	phylum	Actinomycetota	/phylum:Actinomycetota
NEE60_G_03887	qaidam_basin_mmag_1773_NSL1520bin4	Bacteria	B69_L003	phylum	Actinomycetota	/phylum:Actinomycetota
NEE60_G_03891	qaidam_basin_mmag_1773_NSL20_25bin20	Bacteria	B69_L003	phylum	Actinomycetota	/phylum:Actinomycetota
NEE60_G_03895	qaidam_basin_mmag_1773_NSL20_25bin7	Bacteria	B69_L003	phylum	Actinomycetota	/phylum:Actinomycetota
NEE60_G_03905	qaidam_basin_mmag_1773_NSL25_30bin23	Bacteria	B69_L003	phylum	Actinomycetota	/phylum:Actinomycetota
NEE60_G_03907	qaidam_basin_mmag_1773_NSL25_30bin25	Bacteria	B69_L003	phylum	Actinomycetota	/phylum:Actinomycetota
NEE60_G_03909	qaidam_basin_mmag_1773_NSL25_30bin29	Bacteria	B69_L003	phylum	Actinomycetota	/phylum:Actinomycetota
NEE60_G_03916	qaidam_basin_mmag_1773_NSL30_35bin15	Bacteria	B69_L003	phylum	Actinomycetota	/phylum:Actinomycetota
NEE60_G_03921	qaidam_basin_mmag_1773_NSL30_35bin2	Bacteria	B69_L003	phylum	Actinomycetota	/phylum:Actinomycetota
NEE60_G_03922	qaidam_basin_mmag_1773_NSL30_35bin20	Bacteria	B69_L003	phylum	Actinomycetota	/phylum:Actinomycetota
NEE60_G_03926	qaidam_basin_mmag_1773_NSL30_35bin32	Bacteria	B69_L003	phylum	Actinomycetota	/phylum:Actinomycetota
NEE60_G_03927	qaidam_basin_mmag_1773_NSL30_35bin33	Bacteria	B69_L003	phylum	Actinomycetota	/phylum:Actinomycetota
NEE60_G_03931	qaidam_basin_mmag_1773_NSL30_35bin39	Bacteria	B69_L003	phylum	Actinomycetota	/phylum:Actinomycetota
NEE60_G_03933	qaidam_basin_mmag_1773_NSL30_35bin41	Bacteria	B69_L003	phylum	Actinomycetota	/phylum:Actinomycetota
NEE60_G_03934	qaidam_basin_mmag_1773_NSL30_35bin7	Bacteria	B69_L003	phylum	Actinomycetota	/phylum:Actinomycetota
NEE60_G_03936	qaidam_basin_mmag_1773_NSL35_40bin1	Bacteria	B69_L003	phylum	Actinomycetota	/phylum:Actinomycetota
NEE60_G_03937	qaidam_basin_mmag_1773_NSL35_40bin10	Bacteria	B69_L003	phylum	Actinomycetota	/phylum:Actinomycetota
NEE60_G_03943	qaidam_basin_mmag_1773_NSL35_40bin20	Bacteria	B69_L003	phylum	Actinomycetota	/phylum:Actinomycetota
NEE60_G_03944	qaidam_basin_mmag_1773_NSL35_40bin22	Bacteria	B69_L003	phylum	Actinomycetota	/phylum:Actinomycetota
NEE60_G_03945	qaidam_basin_mmag_1773_NSL35_40bin28	Bacteria	B69_L003	phylum	Actinomycetota	/phylum:Actinomycetota
NEE60_G_03950	qaidam_basin_mmag_1773_NSL35_40bin9	Bacteria	B69_L003	phylum	Actinomycetota	/phylum:Actinomycetota
NEE60_G_03955	qaidam_basin_mmag_1773_NSLT11bin2	Bacteria	B69_L003	phylum	Actinomycetota	/phylum:Actinomycetota
NEE60_G_03959	qaidam_basin_mmag_1773_NSLT11bin4	Bacteria	B69_L003	phylum	Actinomycetota	/phylum:Actinomycetota
NEE60_G_03960	qaidam_basin_mmag_1773_NSLT11bin7	Bacteria	B69_L003	phylum	Actinomycetota	/phylum:Actinomycetota
NEE60_G_03966	qaidam_basin_mmag_1773_NSLT12bin15	Bacteria	B69_L003	phylum	Actinomycetota	/phylum:Actinomycetota
NEE60_G_03967	qaidam_basin_mmag_1773_NSLT12bin4	Bacteria	B69_L003	phylum	Actinomycetota	/phylum:Actinomycetota
NEE60_G_03970	qaidam_basin_mmag_1773_NSLT12bin7	Bacteria	B69_L003	phylum	Actinomycetota	/phylum:Actinomycetota
NEE60_G_03973	qaidam_basin_mmag_1773_NSLT21bin10	Bacteria	B69_L003	phylum	Actinomycetota	/phylum:Actinomycetota
NEE60_G_03974	qaidam_basin_mmag_1773_NSLT21bin13	Bacteria	B69_L003	phylum	Actinomycetota	/phylum:Actinomycetota
NEE60_G_03975	qaidam_basin_mmag_1773_NSLT21bin14	Bacteria	B69_L003	phylum	Actinomycetota	/phylum:Actinomycetota
NEE60_G_03978	qaidam_basin_mmag_1773_NSLT21bin2	Bacteria	B69_L003	phylum	Actinomycetota	/phylum:Actinomycetota
NEE60_G_03979	qaidam_basin_mmag_1773_NSLT21bin21	Bacteria	B69_L003	phylum	Actinomycetota	/phylum:Actinomycetota
NEE60_G_03981	qaidam_basin_mmag_1773_NSLT21bin25	Bacteria	B69_L003	phylum	Actinomycetota	/phylum:Actinomycetota
NEE60_G_03989	qaidam_basin_mmag_1773_NSLT21bin9	Bacteria	B69_L003	phylum	Actinomycetota	/phylum:Actinomycetota
NEE60_G_03991	qaidam_basin_mmag_1773_NSLT22bin10	Bacteria	B69_L003	phylum	Actinomycetota	/phylum:Actinomycetota
NEE60_G_03992	qaidam_basin_mmag_1773_NSLT22bin12	Bacteria	B69_L003	phylum	Actinomycetota	/phylum:Actinomycetota
NEE60_G_03993	qaidam_basin_mmag_1773_NSLT22bin13	Bacteria	B69_L003	phylum	Actinomycetota	/phylum:Actinomycetota
NEE60_G_03994	qaidam_basin_mmag_1773_NSLT22bin15	Bacteria	B69_L003	phylum	Actinomycetota	/phylum:Actinomycetota
NEE60_G_03995	qaidam_basin_mmag_1773_NSLT22bin16	Bacteria	B69_L003	phylum	Actinomycetota	/phylum:Actinomycetota
NEE60_G_04001	qaidam_basin_mmag_1773_NSLT22bin24	Bacteria	B69_L003	phylum	Actinomycetota	/phylum:Actinomycetota
NEE60_G_04002	qaidam_basin_mmag_1773_NSLT22bin25	Bacteria	B69_L003	phylum	Actinomycetota	/phylum:Actinomycetota
NEE60_G_04004	qaidam_basin_mmag_1773_NSLT22bin28	Bacteria	B69_L003	phylum	Actinomycetota	/phylum:Actinomycetota
NEE60_G_04009	qaidam_basin_mmag_1773_NSLT22bin33	Bacteria	B69_L003	phylum	Actinomycetota	/phylum:Actinomycetota
NEE60_G_04010	qaidam_basin_mmag_1773_NSLT22bin34	Bacteria	B69_L003	phylum	Actinomycetota	/phylum:Actinomycetota
NEE60_G_04012	qaidam_basin_mmag_1773_NSLT22bin36	Bacteria	B69_L003	phylum	Actinomycetota	/phylum:Actinomycetota
NEE60_G_04015	qaidam_basin_mmag_1773_NSLT22bin39	Bacteria	B69_L003	phylum	Actinomycetota	/phylum:Actinomycetota
NEE60_G_04017	qaidam_basin_mmag_1773_NSLT22bin40	Bacteria	B69_L003	phylum	Actinomycetota	/phylum:Actinomycetota
NEE60_G_04020	qaidam_basin_mmag_1773_NSLT22bin44	Bacteria	B69_L003	phylum	Actinomycetota	/phylum:Actinomycetota
NEE60_G_04021	qaidam_basin_mmag_1773_NSLT22bin45	Bacteria	B69_L003	phylum	Actinomycetota	/phylum:Actinomycetota
NEE60_G_04022	qaidam_basin_mmag_1773_NSLT22bin47	Bacteria	B69_L003	phylum	Actinomycetota	/phylum:Actinomycetota
NEE60_G_04024	qaidam_basin_mmag_1773_NSLT22bin51	Bacteria	B69_L003	phylum	Actinomycetota	/phylum:Actinomycetota
NEE60_G_04025	qaidam_basin_mmag_1773_NSLT22bin53	Bacteria	B69_L003	phylum	Actinomycetota	/phylum:Actinomycetota
NEE60_G_04026	qaidam_basin_mmag_1773_NSLT22bin54	Bacteria	B69_L003	phylum	Actinomycetota	/phylum:Actinomycetota
NEE60_G_04030	qaidam_basin_mmag_1773_NSLT22bin59	Bacteria	B69_L003	phylum	Actinomycetota	/phylum:Actinomycetota
NEE60_G_04031	qaidam_basin_mmag_1773_NSLT22bin6	Bacteria	B69_L003	phylum	Actinomycetota	/phylum:Actinomycetota
NEE60_G_04032	qaidam_basin_mmag_1773_NSLT22bin7	Bacteria	B69_L003	phylum	Actinomycetota	/phylum:Actinomycetota
NEE60_G_04035	qaidam_basin_mmag_1773_S305CJS_Drybin10	Bacteria	B69_L003	phylum	Actinomycetota	/phylum:Actinomycetota
NEE60_G_04036	qaidam_basin_mmag_1773_S305CJS_Drybin11	Bacteria	B69_L003	phylum	Actinomycetota	/phylum:Actinomycetota
NEE60_G_04037	qaidam_basin_mmag_1773_S305CJS_Drybin12	Bacteria	B69_L003	phylum	Actinomycetota	/phylum:Actinomycetota
NEE60_G_04038	qaidam_basin_mmag_1773_S305CJS_Drybin13	Bacteria	B69_L003	phylum	Actinomycetota	/phylum:Actinomycetota
NEE60_G_04039	qaidam_basin_mmag_1773_S305CJS_Drybin14	Bacteria	B69_L003	phylum	Actinomycetota	/phylum:Actinomycetota
NEE60_G_04040	qaidam_basin_mmag_1773_S305CJS_Drybin15	Bacteria	B69_L003	phylum	Actinomycetota	/phylum:Actinomycetota
NEE60_G_04042	qaidam_basin_mmag_1773_S305CJS_Drybin18	Bacteria	B69_L003	phylum	Actinomycetota	/phylum:Actinomycetota
NEE60_G_04043	qaidam_basin_mmag_1773_S305CJS_Drybin19	Bacteria	B69_L003	phylum	Actinomycetota	/phylum:Actinomycetota
NEE60_G_04044	qaidam_basin_mmag_1773_S305CJS_Drybin20	Bacteria	B69_L003	phylum	Actinomycetota	/phylum:Actinomycetota
NEE60_G_04047	qaidam_basin_mmag_1773_S305CJS_Drybin3	Bacteria	B69_L003	phylum	Actinomycetota	/phylum:Actinomycetota
NEE60_G_04050	qaidam_basin_mmag_1773_S305CJS_Drybin7	Bacteria	B69_L003	phylum	Actinomycetota	/phylum:Actinomycetota
NEE60_G_04058	qaidam_basin_mmag_1773_S305CJS_Wetbin15	Bacteria	B69_L003	phylum	Actinomycetota	/phylum:Actinomycetota
NEE60_G_04065	qaidam_basin_mmag_1773_S305CJS_Wetbin21	Bacteria	B69_L003	phylum	Actinomycetota	/phylum:Actinomycetota
NEE60_G_04080	qaidam_basin_mmag_1773_S305CJS_Wetbin39	Bacteria	B69_L003	phylum	Actinomycetota	/phylum:Actinomycetota
NEE60_G_04081	qaidam_basin_mmag_1773_S305CJS_Wetbin5	Bacteria	B69_L003	phylum	Actinomycetota	/phylum:Actinomycetota
NEE60_G_04088	qaidam_basin_mmag_1773_YX1bin1	Bacteria	B69_L003	phylum	Actinomycetota	/phylum:Actinomycetota
NEE60_G_04089	qaidam_basin_mmag_1773_YX1bin10	Bacteria	B69_L003	phylum	Actinomycetota	/phylum:Actinomycetota
NEE60_G_04092	qaidam_basin_mmag_1773_YX1bin3	Bacteria	B69_L003	phylum	Actinomycetota	/phylum:Actinomycetota
NEE60_G_04093	qaidam_basin_mmag_1773_YX1bin8	Bacteria	B69_L003	phylum	Actinomycetota	/phylum:Actinomycetota
NEE60_G_04094	qaidam_basin_mmag_1773_YX2bin1	Bacteria	B69_L003	phylum	Actinomycetota	/phylum:Actinomycetota
NEE60_G_04095	qaidam_basin_mmag_1773_YX2bin10	Bacteria	B69_L003	phylum	Actinomycetota	/phylum:Actinomycetota
NEE60_G_04096	qaidam_basin_mmag_1773_YX2bin12	Bacteria	B69_L003	phylum	Actinomycetota	/phylum:Actinomycetota
NEE60_G_04097	qaidam_basin_mmag_1773_YX2bin14	Bacteria	B69_L003	phylum	Actinomycetota	/phylum:Actinomycetota
NEE60_G_04098	qaidam_basin_mmag_1773_YX2bin15	Bacteria	B69_L003	phylum	Actinomycetota	/phylum:Actinomycetota
NEE60_G_04099	qaidam_basin_mmag_1773_YX2bin16	Bacteria	B69_L003	phylum	Actinomycetota	/phylum:Actinomycetota
NEE60_G_04100	qaidam_basin_mmag_1773_YX2bin17	Bacteria	B69_L003	phylum	Actinomycetota	/phylum:Actinomycetota
NEE60_G_04102	qaidam_basin_mmag_1773_YX2bin2	Bacteria	B69_L003	phylum	Actinomycetota	/phylum:Actinomycetota
NEE60_G_04103	qaidam_basin_mmag_1773_YX2bin20	Bacteria	B69_L003	phylum	Actinomycetota	/phylum:Actinomycetota
NEE60_G_04104	qaidam_basin_mmag_1773_YX2bin21	Bacteria	B69_L003	phylum	Actinomycetota	/phylum:Actinomycetota
NEE60_G_04108	qaidam_basin_mmag_1773_YX2bin5	Bacteria	B69_L003	phylum	Actinomycetota	/phylum:Actinomycetota
NEE60_G_04111	qaidam_basin_mmag_1773_YX3bin10	Bacteria	B69_L003	phylum	Actinomycetota	/phylum:Actinomycetota
NEE60_G_04112	qaidam_basin_mmag_1773_YX3bin13	Bacteria	B69_L003	phylum	Actinomycetota	/phylum:Actinomycetota
NEE60_G_04113	qaidam_basin_mmag_1773_YX3bin14	Bacteria	B69_L003	phylum	Actinomycetota	/phylum:Actinomycetota
NEE60_G_04116	qaidam_basin_mmag_1773_YX3bin19	Bacteria	B69_L003	phylum	Actinomycetota	/phylum:Actinomycetota
NEE60_G_04117	qaidam_basin_mmag_1773_YX3bin2	Bacteria	B69_L003	phylum	Actinomycetota	/phylum:Actinomycetota
NEE60_G_04119	qaidam_basin_mmag_1773_YX3bin23	Bacteria	B69_L003	phylum	Actinomycetota	/phylum:Actinomycetota
NEE60_G_04121	qaidam_basin_mmag_1773_YX3bin25	Bacteria	B69_L003	phylum	Actinomycetota	/phylum:Actinomycetota
NEE60_G_04130	stordalen_mire_2019_hybrid_mags_cmr2.MA.201907_E_1_1to5_3.fna	Bacteria	B69_L003	phylum	Actinomycetota	/phylum:Actinomycetota
NEE60_G_04177	stordalen_mire_2019_hybrid_mags_cmr2.MA.201907_P_1_1to5_28.fna	Bacteria	B69_L003	phylum	Actinomycetota	/phylum:Actinomycetota
NEE60_G_04178	stordalen_mire_2019_hybrid_mags_cmr2.MA.201907_P_1_1to5_29.fna	Bacteria	B69_L003	phylum	Actinomycetota	/phylum:Actinomycetota
NEE60_G_04179	stordalen_mire_2019_hybrid_mags_cmr2.MA.201907_P_1_1to5_3.fna	Bacteria	B69_L003	phylum	Actinomycetota	/phylum:Actinomycetota
NEE60_G_04182	stordalen_mire_2019_hybrid_mags_cmr2.MA.201907_P_1_1to5_8.fna	Bacteria	B69_L003	phylum	Actinomycetota	/phylum:Actinomycetota
NEE60_G_04188	stordalen_mire_2019_hybrid_mags_cmr2.MA.201907_P_1_20to24_14.fna	Bacteria	B69_L003	phylum	Actinomycetota	/phylum:Actinomycetota
NEE60_G_04189	stordalen_mire_2019_hybrid_mags_cmr2.MA.201907_P_1_20to24_15.fna	Bacteria	B69_L003	phylum	Actinomycetota	/phylum:Actinomycetota
NEE60_G_04191	stordalen_mire_2019_hybrid_mags_cmr2.MA.201907_P_1_20to24_18.fna	Bacteria	B69_L003	phylum	Actinomycetota	/phylum:Actinomycetota
NEE60_G_04197	stordalen_mire_2019_hybrid_mags_cmr2.MA.201907_P_1_20to24_3.fna	Bacteria	B69_L003	phylum	Actinomycetota	/phylum:Actinomycetota
NEE60_G_04203	stordalen_mire_2019_hybrid_mags_cmr2.MA.201907_P_1_20to24_35.fna	Bacteria	B69_L003	phylum	Actinomycetota	/phylum:Actinomycetota
NEE60_G_04209	stordalen_mire_2019_hybrid_mags_cmr2.MA.201907_P_1_20to24_43.fna	Bacteria	B69_L003	phylum	Actinomycetota	/phylum:Actinomycetota
NEE60_G_04210	stordalen_mire_2019_hybrid_mags_cmr2.MA.201907_P_1_20to24_44.fna	Bacteria	B69_L003	phylum	Actinomycetota	/phylum:Actinomycetota
NEE60_G_04211	stordalen_mire_2019_hybrid_mags_cmr2.MA.201907_P_1_20to24_45.fna	Bacteria	B69_L003	phylum	Actinomycetota	/phylum:Actinomycetota
NEE60_G_04213	stordalen_mire_2019_hybrid_mags_cmr2.MA.201907_P_1_20to24_47.fna	Bacteria	B69_L003	phylum	Actinomycetota	/phylum:Actinomycetota
NEE60_G_04215	stordalen_mire_2019_hybrid_mags_cmr2.MA.201907_P_1_20to24_50.fna	Bacteria	B69_L003	phylum	Actinomycetota	/phylum:Actinomycetota
NEE60_G_04229	stordalen_mire_2019_hybrid_mags_cmr2.MA.201907_S_1_1to5_13.fna	Bacteria	B69_L003	phylum	Actinomycetota	/phylum:Actinomycetota
NEE60_G_04233	stordalen_mire_2019_hybrid_mags_cmr2.MA.201907_S_1_1to5_18.fna	Bacteria	B69_L003	phylum	Actinomycetota	/phylum:Actinomycetota
NEE60_G_04234	stordalen_mire_2019_hybrid_mags_cmr2.MA.201907_S_1_1to5_19.fna	Bacteria	B69_L003	phylum	Actinomycetota	/phylum:Actinomycetota
NEE60_G_04235	stordalen_mire_2019_hybrid_mags_cmr2.MA.201907_S_1_1to5_2.fna	Bacteria	B69_L003	phylum	Actinomycetota	/phylum:Actinomycetota
NEE60_G_04237	stordalen_mire_2019_hybrid_mags_cmr2.MA.201907_S_1_1to5_23.fna	Bacteria	B69_L003	phylum	Actinomycetota	/phylum:Actinomycetota
NEE60_G_04238	stordalen_mire_2019_hybrid_mags_cmr2.MA.201907_S_1_1to5_24.fna	Bacteria	B69_L003	phylum	Actinomycetota	/phylum:Actinomycetota
NEE60_G_04240	stordalen_mire_2019_hybrid_mags_cmr2.MA.201907_S_1_1to5_27.fna	Bacteria	B69_L003	phylum	Actinomycetota	/phylum:Actinomycetota
NEE60_G_04251	stordalen_mire_2019_hybrid_mags_cmr2.MA.201907_S_1_20to24_21.fna	Bacteria	B69_L003	phylum	Actinomycetota	/phylum:Actinomycetota
NEE60_G_04267	stordalen_mire_2019_hybrid_mags_cmr2.MA.201907_S_1_20to24_48.fna	Bacteria	B69_L003	phylum	Actinomycetota	/phylum:Actinomycetota
NEE60_G_04276	stordalen_mire_2019_hybrid_mags_cmr2.MA.201907_S_1_20to24_59.fna	Bacteria	B69_L003	phylum	Actinomycetota	/phylum:Actinomycetota
NEE60_G_04277	stordalen_mire_2019_hybrid_mags_cmr2.MA.201907_S_1_20to24_60.fna	Bacteria	B69_L003	phylum	Actinomycetota	/phylum:Actinomycetota
NEE60_G_04280	stordalen_mire_2019_hybrid_mags_cmr2.MA.201907_S_1_20to24_63.fna	Bacteria	B69_L003	phylum	Actinomycetota	/phylum:Actinomycetota
NEE60_G_04284	stordalen_mire_2019_hybrid_mags_cmr2.MA.201907_S_1_20to24_67.fna	Bacteria	B69_L003	phylum	Actinomycetota	/phylum:Actinomycetota
NEE60_G_04288	stordalen_mire_2019_hybrid_mags_cmr5.MA.201907_E_1_1to5_2.fna	Bacteria	B69_L003	phylum	Actinomycetota	/phylum:Actinomycetota
NEE60_G_04293	stordalen_mire_2019_hybrid_mags_cmr5.MA.201907_P_1_1to5_1.fna	Bacteria	B69_L003	phylum	Actinomycetota	/phylum:Actinomycetota
NEE60_G_04298	stordalen_mire_2019_hybrid_mags_cmr5.MA.201907_P_1_1to5_19.fna	Bacteria	B69_L003	phylum	Actinomycetota	/phylum:Actinomycetota
NEE60_G_04315	stordalen_mire_2019_hybrid_mags_cmr5.MA.201907_P_1_1to5_42.fna	Bacteria	B69_L003	phylum	Actinomycetota	/phylum:Actinomycetota
NEE60_G_04316	stordalen_mire_2019_hybrid_mags_cmr5.MA.201907_P_1_1to5_43.fna	Bacteria	B69_L003	phylum	Actinomycetota	/phylum:Actinomycetota
NEE60_G_04318	stordalen_mire_2019_hybrid_mags_cmr5.MA.201907_P_1_1to5_48.fna	Bacteria	B69_L003	phylum	Actinomycetota	/phylum:Actinomycetota
NEE60_G_04319	stordalen_mire_2019_hybrid_mags_cmr5.MA.201907_P_1_1to5_49.fna	Bacteria	B69_L003	phylum	Actinomycetota	/phylum:Actinomycetota
NEE60_G_04328	stordalen_mire_2019_hybrid_mags_cmr5.MA.201907_P_1_20to24_8.fna	Bacteria	B69_L003	phylum	Actinomycetota	/phylum:Actinomycetota
NEE60_G_04332	stordalen_mire_2019_hybrid_mags_cmr5.MA.201907_S_1_1to5_15.fna	Bacteria	B69_L003	phylum	Actinomycetota	/phylum:Actinomycetota
NEE60_G_04335	stordalen_mire_2019_hybrid_mags_cmr5.MA.201907_S_1_1to5_22.fna	Bacteria	B69_L003	phylum	Actinomycetota	/phylum:Actinomycetota
NEE60_G_04340	stordalen_mire_2019_hybrid_mags_cmr5.MA.201907_S_1_20to24_16.fna	Bacteria	B69_L003	phylum	Actinomycetota	/phylum:Actinomycetota
NEE60_G_04353	stordalen_mire_2019_hybrid_mags_cmr6.MA.201907_E_1_1to5_14.fna	Bacteria	B69_L003	phylum	Actinomycetota	/phylum:Actinomycetota
NEE60_G_04356	stordalen_mire_2019_hybrid_mags_cmr6.MA.201907_E_1_1to5_17.fna	Bacteria	B69_L003	phylum	Actinomycetota	/phylum:Actinomycetota
NEE60_G_04357	stordalen_mire_2019_hybrid_mags_cmr6.MA.201907_E_1_1to5_20.fna	Bacteria	B69_L003	phylum	Actinomycetota	/phylum:Actinomycetota
NEE60_G_04384	stordalen_mire_2019_hybrid_mags_cmr6.MA.201907_E_1_20to24_39.fna	Bacteria	B69_L003	phylum	Actinomycetota	/phylum:Actinomycetota
NEE60_G_04398	stordalen_mire_2019_hybrid_mags_cmr6.MA.201907_E_1_20to24_54.fna	Bacteria	B69_L003	phylum	Actinomycetota	/phylum:Actinomycetota
NEE60_G_04423	stordalen_mire_2019_hybrid_mags_cmr6.MA.201907_P_1_20to24_13.fna	Bacteria	B69_L003	phylum	Actinomycetota	/phylum:Actinomycetota
NEE60_G_04427	stordalen_mire_2019_hybrid_mags_cmr6.MA.201907_P_1_20to24_18.fna	Bacteria	B69_L003	phylum	Actinomycetota	/phylum:Actinomycetota
NEE60_G_04432	stordalen_mire_2019_hybrid_mags_cmr6.MA.201907_P_1_20to24_32.fna	Bacteria	B69_L003	phylum	Actinomycetota	/phylum:Actinomycetota
NEE60_G_04438	stordalen_mire_2019_hybrid_mags_cmr6.MA.201907_P_1_20to24_45.fna	Bacteria	B69_L003	phylum	Actinomycetota	/phylum:Actinomycetota
NEE60_G_04442	stordalen_mire_2019_hybrid_mags_cmr6.MA.201907_P_1_20to24_8.fna	Bacteria	B69_L003	phylum	Actinomycetota	/phylum:Actinomycetota
NEE60_G_04456	stordalen_mire_2019_hybrid_mags_cmr6.MA.201907_S_1_1to5_36.fna	Bacteria	B69_L003	phylum	Actinomycetota	/phylum:Actinomycetota
NEE60_G_04460	stordalen_mire_2019_hybrid_mags_cmr6.MA.201907_S_1_1to5_40.fna	Bacteria	B69_L003	phylum	Actinomycetota	/phylum:Actinomycetota
NEE60_G_04467	stordalen_mire_2019_hybrid_mags_cmr6.MA.201907_S_1_20to24_23.fna	Bacteria	B69_L003	phylum	Actinomycetota	/phylum:Actinomycetota
NEE60_G_04472	stordalen_mire_2019_hybrid_mags_cmr6.MA.201907_S_1_20to24_44.fna	Bacteria	B69_L003	phylum	Actinomycetota	/phylum:Actinomycetota
NEE60_G_04474	stordalen_mire_2019_hybrid_mags_cmr6.MA.201907_S_1_20to24_47.fna	Bacteria	B69_L003	phylum	Actinomycetota	/phylum:Actinomycetota
NEE60_G_01216	NEE56_mackay__GCA_013816225.1	Bacteria	B69_L004	phylum	Armatimonadota	/phylum:Armatimonadota
NEE60_G_02188	desert2025__GCA_030853225.1	Bacteria	B69_L004	phylum	Armatimonadota	/phylum:Armatimonadota
NEE60_G_02203	desert2025__GCA_030853605.1	Bacteria	B69_L004	phylum	Armatimonadota	/phylum:Armatimonadota
NEE60_G_02265	desert2025__GCA_030854945.1	Bacteria	B69_L004	phylum	Armatimonadota	/phylum:Armatimonadota
NEE60_G_02508	desert2025__GCA_030861165.1	Bacteria	B69_L004	phylum	Armatimonadota	/phylum:Armatimonadota
NEE60_G_02740	qaidam_basin_mmag_1773_0707bin2	Bacteria	B69_L004	phylum	Armatimonadota	/phylum:Armatimonadota
NEE60_G_02742	qaidam_basin_mmag_1773_0711bin2	Bacteria	B69_L004	phylum	Armatimonadota	/phylum:Armatimonadota
NEE60_G_02852	qaidam_basin_mmag_1773_CG2021bin8	Bacteria	B69_L004	phylum	Armatimonadota	/phylum:Armatimonadota
NEE60_G_03513	qaidam_basin_mmag_1773_L_0707_10_15bin24	Bacteria	B69_L004	phylum	Armatimonadota	/phylum:Armatimonadota
NEE60_G_03517	qaidam_basin_mmag_1773_L_0707_10_15bin28	Bacteria	B69_L004	phylum	Armatimonadota	/phylum:Armatimonadota
NEE60_G_03583	qaidam_basin_mmag_1773_L_0707_15_20bin27	Bacteria	B69_L004	phylum	Armatimonadota	/phylum:Armatimonadota
NEE60_G_03620	qaidam_basin_mmag_1773_L_0707_2_5bin15	Bacteria	B69_L004	phylum	Armatimonadota	/phylum:Armatimonadota
NEE60_G_03627	qaidam_basin_mmag_1773_L_0707_2_5bin22	Bacteria	B69_L004	phylum	Armatimonadota	/phylum:Armatimonadota
NEE60_G_03644	qaidam_basin_mmag_1773_L_0707_2_5bin45	Bacteria	B69_L004	phylum	Armatimonadota	/phylum:Armatimonadota
NEE60_G_04023	qaidam_basin_mmag_1773_NSLT22bin50	Bacteria	B69_L004	phylum	Armatimonadota	/phylum:Armatimonadota
NEE60_G_04107	qaidam_basin_mmag_1773_YX2bin4	Bacteria	B69_L004	phylum	Armatimonadota	/phylum:Armatimonadota
NEE60_G_04109	qaidam_basin_mmag_1773_YX2bin7	Bacteria	B69_L004	phylum	Armatimonadota	/phylum:Armatimonadota
NEE60_G_04115	qaidam_basin_mmag_1773_YX3bin18	Bacteria	B69_L004	phylum	Armatimonadota	/phylum:Armatimonadota
NEE60_G_00925	NEE56_mackay__GCA_013694485.1	Bacteria	B69_L005	phylum	Babelota	/phylum:Babelota
NEE60_G_01205	NEE56_mackay__GCA_013815795.1	Bacteria	B69_L005	phylum	Babelota	/phylum:Babelota
NEE60_G_01288	NEE56_mackay__GCA_013821315.1	Bacteria	B69_L005	phylum	Babelota	/phylum:Babelota
NEE60_G_00017	GCA_016782075.1	Bacteria	B69_L006	phylum	Bacillota	/phylum:Bacillota
NEE60_G_00042	GCA_046260625.1	Bacteria	B69_L006	phylum	Bacillota	/phylum:Bacillota
NEE60_G_00047	GCA_046260755.1	Bacteria	B69_L006	phylum	Bacillota	/phylum:Bacillota
NEE60_G_01630	alaska_permafrost_reference_SRR1586325rbin.6	Bacteria	B69_L006	phylum	Bacillota	/phylum:Bacillota
NEE60_G_01700	alaska_permafrost_reference_SRR3989239rbin.17	Bacteria	B69_L006	phylum	Bacillota	/phylum:Bacillota
NEE60_G_01716	alaska_permafrost_reference_SRR3989254rbin.5	Bacteria	B69_L006	phylum	Bacillota	/phylum:Bacillota
NEE60_G_01718	alaska_permafrost_reference_SRR3989257rbin.10	Bacteria	B69_L006	phylum	Bacillota	/phylum:Bacillota
NEE60_G_01725	alaska_permafrost_reference_SRR3989257rbin.52	Bacteria	B69_L006	phylum	Bacillota	/phylum:Bacillota
NEE60_G_01735	alaska_permafrost_reference_SRR3989258rbin.24	Bacteria	B69_L006	phylum	Bacillota	/phylum:Bacillota
NEE60_G_01736	alaska_permafrost_reference_SRR3989258rbin.25	Bacteria	B69_L006	phylum	Bacillota	/phylum:Bacillota
NEE60_G_01737	alaska_permafrost_reference_SRR3989258rbin.29	Bacteria	B69_L006	phylum	Bacillota	/phylum:Bacillota
NEE60_G_01739	alaska_permafrost_reference_SRR3989258rbin.4	Bacteria	B69_L006	phylum	Bacillota	/phylum:Bacillota
NEE60_G_01740	alaska_permafrost_reference_SRR3989258rbin.6	Bacteria	B69_L006	phylum	Bacillota	/phylum:Bacillota
NEE60_G_01780	alaska_permafrost_reference_SRR5665647rbin.7	Bacteria	B69_L006	phylum	Bacillota	/phylum:Bacillota
NEE60_G_01785	alaska_permafrost_reference_SRR5680860rbin.7	Bacteria	B69_L006	phylum	Bacillota	/phylum:Bacillota
NEE60_G_01829	alaska_permafrost_reference_SRR8554643rbin.120	Bacteria	B69_L006	phylum	Bacillota	/phylum:Bacillota
NEE60_G_02754	qaidam_basin_mmag_1773_AKQ1bin32	Bacteria	B69_L006	phylum	Bacillota	/phylum:Bacillota
NEE60_G_03004	qaidam_basin_mmag_1773_CJ0912_25_30bin11	Bacteria	B69_L006	phylum	Bacillota	/phylum:Bacillota
NEE60_G_03026	qaidam_basin_mmag_1773_CJ0912_30_35bin25	Bacteria	B69_L006	phylum	Bacillota	/phylum:Bacillota
NEE60_G_03027	qaidam_basin_mmag_1773_CJ0912_30_35bin27	Bacteria	B69_L006	phylum	Bacillota	/phylum:Bacillota
NEE60_G_03037	qaidam_basin_mmag_1773_CJ0912_30_35bin40	Bacteria	B69_L006	phylum	Bacillota	/phylum:Bacillota
NEE60_G_03038	qaidam_basin_mmag_1773_CJ0912_30_35bin41	Bacteria	B69_L006	phylum	Bacillota	/phylum:Bacillota
NEE60_G_03041	qaidam_basin_mmag_1773_CJ0912_30_35bin47	Bacteria	B69_L006	phylum	Bacillota	/phylum:Bacillota
NEE60_G_03045	qaidam_basin_mmag_1773_CJ0912_30_35bin50	Bacteria	B69_L006	phylum	Bacillota	/phylum:Bacillota
NEE60_G_03048	qaidam_basin_mmag_1773_CJ0912_30_35bin53	Bacteria	B69_L006	phylum	Bacillota	/phylum:Bacillota
NEE60_G_03076	qaidam_basin_mmag_1773_CJ0912_35_40bin45	Bacteria	B69_L006	phylum	Bacillota	/phylum:Bacillota
NEE60_G_03470	qaidam_basin_mmag_1773_FCHGbin19	Bacteria	B69_L006	phylum	Bacillota	/phylum:Bacillota
NEE60_G_04404	stordalen_mire_2019_hybrid_mags_cmr6.MA.201907_E_1_20to24_62.fna	Bacteria	B69_L006	phylum	Bacillota	/phylum:Bacillota
NEE60_G_00029	GCA_046260295.1	Bacteria	B69_L007	phylum	Bacteroidota	/phylum:Bacteroidota
NEE60_G_00043	GCA_046260645.1	Bacteria	B69_L007	phylum	Bacteroidota	/phylum:Bacteroidota
NEE60_G_00050	GCA_046260785.1	Bacteria	B69_L007	phylum	Bacteroidota	/phylum:Bacteroidota
NEE60_G_00054	GCA_046261655.1	Bacteria	B69_L007	phylum	Bacteroidota	/phylum:Bacteroidota
NEE60_G_00055	GCA_046261695.1	Bacteria	B69_L007	phylum	Bacteroidota	/phylum:Bacteroidota
NEE60_G_00057	GCA_046261715.1	Bacteria	B69_L007	phylum	Bacteroidota	/phylum:Bacteroidota
NEE60_G_00067	GCA_046261935.1	Bacteria	B69_L007	phylum	Bacteroidota	/phylum:Bacteroidota
NEE60_G_00082	GCA_046262255.1	Bacteria	B69_L007	phylum	Bacteroidota	/phylum:Bacteroidota
NEE60_G_00157	GCA_050696235.1_genomic	Bacteria	B69_L007	phylum	Bacteroidota	/phylum:Bacteroidota
NEE60_G_00158	GCA_050696255.1_genomic	Bacteria	B69_L007	phylum	Bacteroidota	/phylum:Bacteroidota
NEE60_G_00159	GCA_050696275.1_genomic	Bacteria	B69_L007	phylum	Bacteroidota	/phylum:Bacteroidota
NEE60_G_00160	GCA_050696315.1_genomic	Bacteria	B69_L007	phylum	Bacteroidota	/phylum:Bacteroidota
NEE60_G_00161	GCA_050696335.1_genomic	Bacteria	B69_L007	phylum	Bacteroidota	/phylum:Bacteroidota
NEE60_G_00745	MAG06	Bacteria	B69_L007	phylum	Bacteroidota	/phylum:Bacteroidota
NEE60_G_00802	MAG63	Bacteria	B69_L007	phylum	Bacteroidota	/phylum:Bacteroidota
NEE60_G_00808	MAG69	Bacteria	B69_L007	phylum	Bacteroidota	/phylum:Bacteroidota
NEE60_G_00914	NEE56_danakil__GCA_042219575.1	Bacteria	B69_L007	phylum	Bacteroidota	/phylum:Bacteroidota
NEE60_G_00938	NEE56_mackay__GCA_013694745.1	Bacteria	B69_L007	phylum	Bacteroidota	/phylum:Bacteroidota
NEE60_G_00979	NEE56_mackay__GCA_013695715.1	Bacteria	B69_L007	phylum	Bacteroidota	/phylum:Bacteroidota
NEE60_G_00981	NEE56_mackay__GCA_013695775.1	Bacteria	B69_L007	phylum	Bacteroidota	/phylum:Bacteroidota
NEE60_G_01009	NEE56_mackay__GCA_013696395.1	Bacteria	B69_L007	phylum	Bacteroidota	/phylum:Bacteroidota
NEE60_G_01024	NEE56_mackay__GCA_013696725.1	Bacteria	B69_L007	phylum	Bacteroidota	/phylum:Bacteroidota
NEE60_G_01036	NEE56_mackay__GCA_013696965.1	Bacteria	B69_L007	phylum	Bacteroidota	/phylum:Bacteroidota
NEE60_G_01043	NEE56_mackay__GCA_013697245.1	Bacteria	B69_L007	phylum	Bacteroidota	/phylum:Bacteroidota
NEE60_G_01085	NEE56_mackay__GCA_013698225.1	Bacteria	B69_L007	phylum	Bacteroidota	/phylum:Bacteroidota
NEE60_G_01090	NEE56_mackay__GCA_013698355.1	Bacteria	B69_L007	phylum	Bacteroidota	/phylum:Bacteroidota
NEE60_G_01189	NEE56_mackay__GCA_013815385.1	Bacteria	B69_L007	phylum	Bacteroidota	/phylum:Bacteroidota
NEE60_G_01223	NEE56_mackay__GCA_013816375.1	Bacteria	B69_L007	phylum	Bacteroidota	/phylum:Bacteroidota
NEE60_G_01230	NEE56_mackay__GCA_013816565.1	Bacteria	B69_L007	phylum	Bacteroidota	/phylum:Bacteroidota
NEE60_G_01233	NEE56_mackay__GCA_013816615.1	Bacteria	B69_L007	phylum	Bacteroidota	/phylum:Bacteroidota
NEE60_G_01240	NEE56_mackay__GCA_013816805.1	Bacteria	B69_L007	phylum	Bacteroidota	/phylum:Bacteroidota
NEE60_G_01244	NEE56_mackay__GCA_013816895.1	Bacteria	B69_L007	phylum	Bacteroidota	/phylum:Bacteroidota
NEE60_G_01269	NEE56_mackay__GCA_013820825.1	Bacteria	B69_L007	phylum	Bacteroidota	/phylum:Bacteroidota
NEE60_G_01275	NEE56_mackay__GCA_013820965.1	Bacteria	B69_L007	phylum	Bacteroidota	/phylum:Bacteroidota
NEE60_G_01277	NEE56_mackay__GCA_013820985.1	Bacteria	B69_L007	phylum	Bacteroidota	/phylum:Bacteroidota
NEE60_G_01289	NEE56_mackay__GCA_013821325.1	Bacteria	B69_L007	phylum	Bacteroidota	/phylum:Bacteroidota
NEE60_G_01292	NEE56_mackay__GCA_013821445.1	Bacteria	B69_L007	phylum	Bacteroidota	/phylum:Bacteroidota
NEE60_G_01321	alaska_permafrost_reference_16p_S16_bin.70	Bacteria	B69_L007	phylum	Bacteroidota	/phylum:Bacteroidota
NEE60_G_01365	alaska_permafrost_reference_GCA_003141415.1_20120800_E3S_genomic	Bacteria	B69_L007	phylum	Bacteroidota	/phylum:Bacteroidota
NEE60_G_01368	alaska_permafrost_reference_GCA_003141495.1_20120800_E3S_genomic	Bacteria	B69_L007	phylum	Bacteroidota	/phylum:Bacteroidota
NEE60_G_01369	alaska_permafrost_reference_GCA_003141525.1_20120800_E3D_genomic	Bacteria	B69_L007	phylum	Bacteroidota	/phylum:Bacteroidota
NEE60_G_01370	alaska_permafrost_reference_GCA_003141595.1_20120800_E2X_genomic	Bacteria	B69_L007	phylum	Bacteroidota	/phylum:Bacteroidota
NEE60_G_01371	alaska_permafrost_reference_GCA_003141715.1_20120800_E2D_genomic	Bacteria	B69_L007	phylum	Bacteroidota	/phylum:Bacteroidota
NEE60_G_01373	alaska_permafrost_reference_GCA_003141895.1_20120800_E1X_genomic	Bacteria	B69_L007	phylum	Bacteroidota	/phylum:Bacteroidota
NEE60_G_01375	alaska_permafrost_reference_GCA_003142515.1_20120800_E2X_genomic	Bacteria	B69_L007	phylum	Bacteroidota	/phylum:Bacteroidota
NEE60_G_01393	alaska_permafrost_reference_GCA_003157075.1_20120600_E3D_genomic	Bacteria	B69_L007	phylum	Bacteroidota	/phylum:Bacteroidota
NEE60_G_01404	alaska_permafrost_reference_GCA_003162595.1_20100900_E3D_genomic	Bacteria	B69_L007	phylum	Bacteroidota	/phylum:Bacteroidota
NEE60_G_01442	alaska_permafrost_reference_SRR10489814bin.19	Bacteria	B69_L007	phylum	Bacteroidota	/phylum:Bacteroidota
NEE60_G_01445	alaska_permafrost_reference_SRR10489814bin.9	Bacteria	B69_L007	phylum	Bacteroidota	/phylum:Bacteroidota
NEE60_G_01446	alaska_permafrost_reference_SRR10489815bin.10	Bacteria	B69_L007	phylum	Bacteroidota	/phylum:Bacteroidota
NEE60_G_01450	alaska_permafrost_reference_SRR10489815bin.16	Bacteria	B69_L007	phylum	Bacteroidota	/phylum:Bacteroidota
NEE60_G_01471	alaska_permafrost_reference_SRR10489821bin.5	Bacteria	B69_L007	phylum	Bacteroidota	/phylum:Bacteroidota
NEE60_G_01497	alaska_permafrost_reference_SRR10489833bin.14	Bacteria	B69_L007	phylum	Bacteroidota	/phylum:Bacteroidota
NEE60_G_01503	alaska_permafrost_reference_SRR10489834bin.13	Bacteria	B69_L007	phylum	Bacteroidota	/phylum:Bacteroidota
NEE60_G_01508	alaska_permafrost_reference_SRR10489834bin.30	Bacteria	B69_L007	phylum	Bacteroidota	/phylum:Bacteroidota
NEE60_G_01567	alaska_permafrost_reference_SRR1586253rbin.4	Bacteria	B69_L007	phylum	Bacteroidota	/phylum:Bacteroidota
NEE60_G_01568	alaska_permafrost_reference_SRR1586257rbin.1	Bacteria	B69_L007	phylum	Bacteroidota	/phylum:Bacteroidota
NEE60_G_01580	alaska_permafrost_reference_SRR1586270rbin.18	Bacteria	B69_L007	phylum	Bacteroidota	/phylum:Bacteroidota
NEE60_G_01620	alaska_permafrost_reference_SRR1586320rbin.11	Bacteria	B69_L007	phylum	Bacteroidota	/phylum:Bacteroidota
NEE60_G_01621	alaska_permafrost_reference_SRR1586320rbin.14	Bacteria	B69_L007	phylum	Bacteroidota	/phylum:Bacteroidota
NEE60_G_01669	alaska_permafrost_reference_SRR3985396rbin.13	Bacteria	B69_L007	phylum	Bacteroidota	/phylum:Bacteroidota
NEE60_G_01686	alaska_permafrost_reference_SRR3985527rbin.9	Bacteria	B69_L007	phylum	Bacteroidota	/phylum:Bacteroidota
NEE60_G_01701	alaska_permafrost_reference_SRR3989239rbin.22	Bacteria	B69_L007	phylum	Bacteroidota	/phylum:Bacteroidota
NEE60_G_01704	alaska_permafrost_reference_SRR3989239rbin.25	Bacteria	B69_L007	phylum	Bacteroidota	/phylum:Bacteroidota
NEE60_G_01713	alaska_permafrost_reference_SRR3989254rbin.37	Bacteria	B69_L007	phylum	Bacteroidota	/phylum:Bacteroidota
NEE60_G_01717	alaska_permafrost_reference_SRR3989254rbin.6	Bacteria	B69_L007	phylum	Bacteroidota	/phylum:Bacteroidota
NEE60_G_01721	alaska_permafrost_reference_SRR3989257rbin.36	Bacteria	B69_L007	phylum	Bacteroidota	/phylum:Bacteroidota
NEE60_G_01731	alaska_permafrost_reference_SRR3989258rbin.2	Bacteria	B69_L007	phylum	Bacteroidota	/phylum:Bacteroidota
NEE60_G_01732	alaska_permafrost_reference_SRR3989258rbin.20	Bacteria	B69_L007	phylum	Bacteroidota	/phylum:Bacteroidota
NEE60_G_01741	alaska_permafrost_reference_SRR3989258rbin.8	Bacteria	B69_L007	phylum	Bacteroidota	/phylum:Bacteroidota
NEE60_G_01756	alaska_permafrost_reference_SRR5450757rbin.11	Bacteria	B69_L007	phylum	Bacteroidota	/phylum:Bacteroidota
NEE60_G_01765	alaska_permafrost_reference_SRR5664280rbin.15	Bacteria	B69_L007	phylum	Bacteroidota	/phylum:Bacteroidota
NEE60_G_01779	alaska_permafrost_reference_SRR5665647rbin.21	Bacteria	B69_L007	phylum	Bacteroidota	/phylum:Bacteroidota
NEE60_G_01820	alaska_permafrost_reference_SRR8090375rbin.10	Bacteria	B69_L007	phylum	Bacteroidota	/phylum:Bacteroidota
NEE60_G_01827	alaska_permafrost_reference_SRR8554504rbin.36	Bacteria	B69_L007	phylum	Bacteroidota	/phylum:Bacteroidota
NEE60_G_01971	atacama_salt_crust_prjna351262_GCA_003022985.1_ASM302298v1_genomic	Bacteria	B69_L007	phylum	Bacteroidota	/phylum:Bacteroidota
NEE60_G_02094	desert2025__GCA_030775685.1	Bacteria	B69_L007	phylum	Bacteroidota	/phylum:Bacteroidota
NEE60_G_02101	desert2025__GCA_030775845.1	Bacteria	B69_L007	phylum	Bacteroidota	/phylum:Bacteroidota
NEE60_G_02112	desert2025__GCA_030776245.1	Bacteria	B69_L007	phylum	Bacteroidota	/phylum:Bacteroidota
NEE60_G_02170	desert2025__GCA_030852825.1	Bacteria	B69_L007	phylum	Bacteroidota	/phylum:Bacteroidota
NEE60_G_02187	desert2025__GCA_030853195.1	Bacteria	B69_L007	phylum	Bacteroidota	/phylum:Bacteroidota
NEE60_G_02202	desert2025__GCA_030853585.1	Bacteria	B69_L007	phylum	Bacteroidota	/phylum:Bacteroidota
NEE60_G_02215	desert2025__GCA_030853845.1	Bacteria	B69_L007	phylum	Bacteroidota	/phylum:Bacteroidota
NEE60_G_02221	desert2025__GCA_030853985.1	Bacteria	B69_L007	phylum	Bacteroidota	/phylum:Bacteroidota
NEE60_G_02268	desert2025__GCA_030855005.1	Bacteria	B69_L007	phylum	Bacteroidota	/phylum:Bacteroidota
NEE60_G_02280	desert2025__GCA_030855265.1	Bacteria	B69_L007	phylum	Bacteroidota	/phylum:Bacteroidota
NEE60_G_02285	desert2025__GCA_030855405.1	Bacteria	B69_L007	phylum	Bacteroidota	/phylum:Bacteroidota
NEE60_G_02288	desert2025__GCA_030855455.1	Bacteria	B69_L007	phylum	Bacteroidota	/phylum:Bacteroidota
NEE60_G_02295	desert2025__GCA_030855635.1	Bacteria	B69_L007	phylum	Bacteroidota	/phylum:Bacteroidota
NEE60_G_02305	desert2025__GCA_030855855.1	Bacteria	B69_L007	phylum	Bacteroidota	/phylum:Bacteroidota
NEE60_G_02321	desert2025__GCA_030856215.1	Bacteria	B69_L007	phylum	Bacteroidota	/phylum:Bacteroidota
NEE60_G_02328	desert2025__GCA_030856445.1	Bacteria	B69_L007	phylum	Bacteroidota	/phylum:Bacteroidota
NEE60_G_02355	desert2025__GCA_030857115.1	Bacteria	B69_L007	phylum	Bacteroidota	/phylum:Bacteroidota
NEE60_G_02359	desert2025__GCA_030857185.1	Bacteria	B69_L007	phylum	Bacteroidota	/phylum:Bacteroidota
NEE60_G_02377	desert2025__GCA_030857845.1	Bacteria	B69_L007	phylum	Bacteroidota	/phylum:Bacteroidota
NEE60_G_02413	desert2025__GCA_030858915.1	Bacteria	B69_L007	phylum	Bacteroidota	/phylum:Bacteroidota
NEE60_G_02416	desert2025__GCA_030858995.1	Bacteria	B69_L007	phylum	Bacteroidota	/phylum:Bacteroidota
NEE60_G_02460	desert2025__GCA_030860085.1	Bacteria	B69_L007	phylum	Bacteroidota	/phylum:Bacteroidota
NEE60_G_02507	desert2025__GCA_030861145.1	Bacteria	B69_L007	phylum	Bacteroidota	/phylum:Bacteroidota
NEE60_G_02603	desert2025__GCA_030863305.1	Bacteria	B69_L007	phylum	Bacteroidota	/phylum:Bacteroidota
NEE60_G_02640	desert2025__GCA_030946075.1	Bacteria	B69_L007	phylum	Bacteroidota	/phylum:Bacteroidota
NEE60_G_02650	desert2025__GCA_030946565.1	Bacteria	B69_L007	phylum	Bacteroidota	/phylum:Bacteroidota
NEE60_G_02665	desert2025__GCA_030946905.1	Bacteria	B69_L007	phylum	Bacteroidota	/phylum:Bacteroidota
NEE60_G_02694	desert2025__GCA_030947675.1	Bacteria	B69_L007	phylum	Bacteroidota	/phylum:Bacteroidota
NEE60_G_02704	desert2025__GCA_030948215.1	Bacteria	B69_L007	phylum	Bacteroidota	/phylum:Bacteroidota
NEE60_G_02714	desert2025__GCA_030948465.1	Bacteria	B69_L007	phylum	Bacteroidota	/phylum:Bacteroidota
NEE60_G_02723	desert2025__GCA_030948675.1	Bacteria	B69_L007	phylum	Bacteroidota	/phylum:Bacteroidota
NEE60_G_02763	qaidam_basin_mmag_1773_AKQ1bin49	Bacteria	B69_L007	phylum	Bacteroidota	/phylum:Bacteroidota
NEE60_G_02768	qaidam_basin_mmag_1773_AKQ2bin10	Bacteria	B69_L007	phylum	Bacteroidota	/phylum:Bacteroidota
NEE60_G_02770	qaidam_basin_mmag_1773_AKQ2bin13	Bacteria	B69_L007	phylum	Bacteroidota	/phylum:Bacteroidota
NEE60_G_02771	qaidam_basin_mmag_1773_AKQ2bin15	Bacteria	B69_L007	phylum	Bacteroidota	/phylum:Bacteroidota
NEE60_G_02784	qaidam_basin_mmag_1773_AKQ2bin58	Bacteria	B69_L007	phylum	Bacteroidota	/phylum:Bacteroidota
NEE60_G_02815	qaidam_basin_mmag_1773_AKQ3bin42	Bacteria	B69_L007	phylum	Bacteroidota	/phylum:Bacteroidota
NEE60_G_02816	qaidam_basin_mmag_1773_AKQ3bin44	Bacteria	B69_L007	phylum	Bacteroidota	/phylum:Bacteroidota
NEE60_G_02817	qaidam_basin_mmag_1773_AKQ3bin45	Bacteria	B69_L007	phylum	Bacteroidota	/phylum:Bacteroidota
NEE60_G_02821	qaidam_basin_mmag_1773_AKQ3bin52	Bacteria	B69_L007	phylum	Bacteroidota	/phylum:Bacteroidota
NEE60_G_02822	qaidam_basin_mmag_1773_AKQ3bin53	Bacteria	B69_L007	phylum	Bacteroidota	/phylum:Bacteroidota
NEE60_G_02847	qaidam_basin_mmag_1773_CG2021bin3	Bacteria	B69_L007	phylum	Bacteroidota	/phylum:Bacteroidota
NEE60_G_02854	qaidam_basin_mmag_1773_CHGGbin1	Bacteria	B69_L007	phylum	Bacteroidota	/phylum:Bacteroidota
NEE60_G_02856	qaidam_basin_mmag_1773_CHGGbin12	Bacteria	B69_L007	phylum	Bacteroidota	/phylum:Bacteroidota
NEE60_G_02859	qaidam_basin_mmag_1773_CHGGbin17	Bacteria	B69_L007	phylum	Bacteroidota	/phylum:Bacteroidota
NEE60_G_02862	qaidam_basin_mmag_1773_CHGGbin2	Bacteria	B69_L007	phylum	Bacteroidota	/phylum:Bacteroidota
NEE60_G_02863	qaidam_basin_mmag_1773_CHGGbin22	Bacteria	B69_L007	phylum	Bacteroidota	/phylum:Bacteroidota
NEE60_G_02870	qaidam_basin_mmag_1773_CHGGbin30	Bacteria	B69_L007	phylum	Bacteroidota	/phylum:Bacteroidota
NEE60_G_02874	qaidam_basin_mmag_1773_CHGGbin35	Bacteria	B69_L007	phylum	Bacteroidota	/phylum:Bacteroidota
NEE60_G_02876	qaidam_basin_mmag_1773_CHGGbin5	Bacteria	B69_L007	phylum	Bacteroidota	/phylum:Bacteroidota
NEE60_G_02877	qaidam_basin_mmag_1773_CHGGbin6	Bacteria	B69_L007	phylum	Bacteroidota	/phylum:Bacteroidota
NEE60_G_02879	qaidam_basin_mmag_1773_CHGGbin8	Bacteria	B69_L007	phylum	Bacteroidota	/phylum:Bacteroidota
NEE60_G_02884	qaidam_basin_mmag_1773_CHGRbin17	Bacteria	B69_L007	phylum	Bacteroidota	/phylum:Bacteroidota
NEE60_G_02885	qaidam_basin_mmag_1773_CHGRbin18	Bacteria	B69_L007	phylum	Bacteroidota	/phylum:Bacteroidota
NEE60_G_02888	qaidam_basin_mmag_1773_CHGRbin20	Bacteria	B69_L007	phylum	Bacteroidota	/phylum:Bacteroidota
NEE60_G_02900	qaidam_basin_mmag_1773_CHGRbin38	Bacteria	B69_L007	phylum	Bacteroidota	/phylum:Bacteroidota
NEE60_G_02904	qaidam_basin_mmag_1773_CHGRbin44	Bacteria	B69_L007	phylum	Bacteroidota	/phylum:Bacteroidota
NEE60_G_02908	qaidam_basin_mmag_1773_CHGYbin11	Bacteria	B69_L007	phylum	Bacteroidota	/phylum:Bacteroidota
NEE60_G_02914	qaidam_basin_mmag_1773_CHGYbin18	Bacteria	B69_L007	phylum	Bacteroidota	/phylum:Bacteroidota
NEE60_G_02920	qaidam_basin_mmag_1773_CHGYbin24	Bacteria	B69_L007	phylum	Bacteroidota	/phylum:Bacteroidota
NEE60_G_02937	qaidam_basin_mmag_1773_CHGYbin6	Bacteria	B69_L007	phylum	Bacteroidota	/phylum:Bacteroidota
NEE60_G_02968	qaidam_basin_mmag_1773_CJ0912_10_15bin3	Bacteria	B69_L007	phylum	Bacteroidota	/phylum:Bacteroidota
NEE60_G_02982	qaidam_basin_mmag_1773_CJ0912_15_20bin21	Bacteria	B69_L007	phylum	Bacteroidota	/phylum:Bacteroidota
NEE60_G_02983	qaidam_basin_mmag_1773_CJ0912_15_20bin22	Bacteria	B69_L007	phylum	Bacteroidota	/phylum:Bacteroidota
NEE60_G_02988	qaidam_basin_mmag_1773_CJ0912_15_20bin33	Bacteria	B69_L007	phylum	Bacteroidota	/phylum:Bacteroidota
NEE60_G_02993	qaidam_basin_mmag_1773_CJ0912_15_20bin5	Bacteria	B69_L007	phylum	Bacteroidota	/phylum:Bacteroidota
NEE60_G_03006	qaidam_basin_mmag_1773_CJ0912_25_30bin14	Bacteria	B69_L007	phylum	Bacteroidota	/phylum:Bacteroidota
NEE60_G_03007	qaidam_basin_mmag_1773_CJ0912_25_30bin15	Bacteria	B69_L007	phylum	Bacteroidota	/phylum:Bacteroidota
NEE60_G_03019	qaidam_basin_mmag_1773_CJ0912_25_30bin38	Bacteria	B69_L007	phylum	Bacteroidota	/phylum:Bacteroidota
NEE60_G_03024	qaidam_basin_mmag_1773_CJ0912_30_35bin17	Bacteria	B69_L007	phylum	Bacteroidota	/phylum:Bacteroidota
NEE60_G_03030	qaidam_basin_mmag_1773_CJ0912_30_35bin32	Bacteria	B69_L007	phylum	Bacteroidota	/phylum:Bacteroidota
NEE60_G_03032	qaidam_basin_mmag_1773_CJ0912_30_35bin34	Bacteria	B69_L007	phylum	Bacteroidota	/phylum:Bacteroidota
NEE60_G_03052	qaidam_basin_mmag_1773_CJ0912_30_35bin58	Bacteria	B69_L007	phylum	Bacteroidota	/phylum:Bacteroidota
NEE60_G_03065	qaidam_basin_mmag_1773_CJ0912_35_40bin26	Bacteria	B69_L007	phylum	Bacteroidota	/phylum:Bacteroidota
NEE60_G_03095	qaidam_basin_mmag_1773_CJ0912_40_45bin34	Bacteria	B69_L007	phylum	Bacteroidota	/phylum:Bacteroidota
NEE60_G_03096	qaidam_basin_mmag_1773_CJ0912_40_45bin35	Bacteria	B69_L007	phylum	Bacteroidota	/phylum:Bacteroidota
NEE60_G_03101	qaidam_basin_mmag_1773_CJ0912_40_45bin43	Bacteria	B69_L007	phylum	Bacteroidota	/phylum:Bacteroidota
NEE60_G_03102	qaidam_basin_mmag_1773_CJ0912_40_45bin44	Bacteria	B69_L007	phylum	Bacteroidota	/phylum:Bacteroidota
NEE60_G_03110	qaidam_basin_mmag_1773_CJ0912_45_50bin11	Bacteria	B69_L007	phylum	Bacteroidota	/phylum:Bacteroidota
NEE60_G_03113	qaidam_basin_mmag_1773_CJ0912_5_10bin1	Bacteria	B69_L007	phylum	Bacteroidota	/phylum:Bacteroidota
NEE60_G_03117	qaidam_basin_mmag_1773_CJ0912_5_10bin16	Bacteria	B69_L007	phylum	Bacteroidota	/phylum:Bacteroidota
NEE60_G_03124	qaidam_basin_mmag_1773_CJ0912_5_10bin27	Bacteria	B69_L007	phylum	Bacteroidota	/phylum:Bacteroidota
NEE60_G_03184	qaidam_basin_mmag_1773_DLTCJS0_5bin33	Bacteria	B69_L007	phylum	Bacteroidota	/phylum:Bacteroidota
NEE60_G_03185	qaidam_basin_mmag_1773_DLTCJS0_5bin37	Bacteria	B69_L007	phylum	Bacteroidota	/phylum:Bacteroidota
NEE60_G_03189	qaidam_basin_mmag_1773_DLTCJS0_5bin63	Bacteria	B69_L007	phylum	Bacteroidota	/phylum:Bacteroidota
NEE60_G_03191	qaidam_basin_mmag_1773_DLTCJS10_15bin11	Bacteria	B69_L007	phylum	Bacteroidota	/phylum:Bacteroidota
NEE60_G_03198	qaidam_basin_mmag_1773_DLTCJS10_15bin32	Bacteria	B69_L007	phylum	Bacteroidota	/phylum:Bacteroidota
NEE60_G_03219	qaidam_basin_mmag_1773_DLTCJS15_20bin34	Bacteria	B69_L007	phylum	Bacteroidota	/phylum:Bacteroidota
NEE60_G_03223	qaidam_basin_mmag_1773_DLTCJS15_20bin45	Bacteria	B69_L007	phylum	Bacteroidota	/phylum:Bacteroidota
NEE60_G_03237	qaidam_basin_mmag_1773_DLTCJS20_25bin11	Bacteria	B69_L007	phylum	Bacteroidota	/phylum:Bacteroidota
NEE60_G_03239	qaidam_basin_mmag_1773_DLTCJS20_25bin20	Bacteria	B69_L007	phylum	Bacteroidota	/phylum:Bacteroidota
NEE60_G_03241	qaidam_basin_mmag_1773_DLTCJS20_25bin24	Bacteria	B69_L007	phylum	Bacteroidota	/phylum:Bacteroidota
NEE60_G_03243	qaidam_basin_mmag_1773_DLTCJS20_25bin26	Bacteria	B69_L007	phylum	Bacteroidota	/phylum:Bacteroidota
NEE60_G_03253	qaidam_basin_mmag_1773_DLTCJS20_25bin46	Bacteria	B69_L007	phylum	Bacteroidota	/phylum:Bacteroidota
NEE60_G_03255	qaidam_basin_mmag_1773_DLTCJS20_25bin49	Bacteria	B69_L007	phylum	Bacteroidota	/phylum:Bacteroidota
NEE60_G_03258	qaidam_basin_mmag_1773_DLTCJS20_25bin54	Bacteria	B69_L007	phylum	Bacteroidota	/phylum:Bacteroidota
NEE60_G_03259	qaidam_basin_mmag_1773_DLTCJS20_25bin58	Bacteria	B69_L007	phylum	Bacteroidota	/phylum:Bacteroidota
NEE60_G_03262	qaidam_basin_mmag_1773_DLTCJS20_25bin63	Bacteria	B69_L007	phylum	Bacteroidota	/phylum:Bacteroidota
NEE60_G_03263	qaidam_basin_mmag_1773_DLTCJS20_25bin68	Bacteria	B69_L007	phylum	Bacteroidota	/phylum:Bacteroidota
NEE60_G_03265	qaidam_basin_mmag_1773_DLTCJS20_25bin77	Bacteria	B69_L007	phylum	Bacteroidota	/phylum:Bacteroidota
NEE60_G_03269	qaidam_basin_mmag_1773_DLTCJS20_25bin88	Bacteria	B69_L007	phylum	Bacteroidota	/phylum:Bacteroidota
NEE60_G_03319	qaidam_basin_mmag_1773_DLTCJS5_10bin23	Bacteria	B69_L007	phylum	Bacteroidota	/phylum:Bacteroidota
NEE60_G_03338	qaidam_basin_mmag_1773_DLTFbin33	Bacteria	B69_L007	phylum	Bacteroidota	/phylum:Bacteroidota
NEE60_G_03344	qaidam_basin_mmag_1773_DLTFbin58	Bacteria	B69_L007	phylum	Bacteroidota	/phylum:Bacteroidota
NEE60_G_03346	qaidam_basin_mmag_1773_DLTFbin71	Bacteria	B69_L007	phylum	Bacteroidota	/phylum:Bacteroidota
NEE60_G_03356	qaidam_basin_mmag_1773_DLTSQ0_15bin2	Bacteria	B69_L007	phylum	Bacteroidota	/phylum:Bacteroidota
NEE60_G_03359	qaidam_basin_mmag_1773_DLTSQ0_15bin23	Bacteria	B69_L007	phylum	Bacteroidota	/phylum:Bacteroidota
NEE60_G_03361	qaidam_basin_mmag_1773_DLTSQ0_15bin27	Bacteria	B69_L007	phylum	Bacteroidota	/phylum:Bacteroidota
NEE60_G_03378	qaidam_basin_mmag_1773_DLTSQ0_15bin5	Bacteria	B69_L007	phylum	Bacteroidota	/phylum:Bacteroidota
NEE60_G_03410	qaidam_basin_mmag_1773_DLTSQ15_20bin7	Bacteria	B69_L007	phylum	Bacteroidota	/phylum:Bacteroidota
NEE60_G_03411	qaidam_basin_mmag_1773_DLTSQ20_25bin10	Bacteria	B69_L007	phylum	Bacteroidota	/phylum:Bacteroidota
NEE60_G_03428	qaidam_basin_mmag_1773_DLTSQ20_25bin41	Bacteria	B69_L007	phylum	Bacteroidota	/phylum:Bacteroidota
NEE60_G_03429	qaidam_basin_mmag_1773_DLTSQ20_25bin42	Bacteria	B69_L007	phylum	Bacteroidota	/phylum:Bacteroidota
NEE60_G_03435	qaidam_basin_mmag_1773_DLTSQ20_25bin64	Bacteria	B69_L007	phylum	Bacteroidota	/phylum:Bacteroidota
NEE60_G_03446	qaidam_basin_mmag_1773_DLTYbin17	Bacteria	B69_L007	phylum	Bacteroidota	/phylum:Bacteroidota
NEE60_G_03449	qaidam_basin_mmag_1773_DLTYbin23	Bacteria	B69_L007	phylum	Bacteroidota	/phylum:Bacteroidota
NEE60_G_03458	qaidam_basin_mmag_1773_DLTYbin31	Bacteria	B69_L007	phylum	Bacteroidota	/phylum:Bacteroidota
NEE60_G_03466	qaidam_basin_mmag_1773_FCHGbin14	Bacteria	B69_L007	phylum	Bacteroidota	/phylum:Bacteroidota
NEE60_G_03471	qaidam_basin_mmag_1773_FCHGbin2	Bacteria	B69_L007	phylum	Bacteroidota	/phylum:Bacteroidota
NEE60_G_03480	qaidam_basin_mmag_1773_FCHGbin3	Bacteria	B69_L007	phylum	Bacteroidota	/phylum:Bacteroidota
NEE60_G_03484	qaidam_basin_mmag_1773_FCHGbin34	Bacteria	B69_L007	phylum	Bacteroidota	/phylum:Bacteroidota
NEE60_G_03485	qaidam_basin_mmag_1773_FCHGbin36	Bacteria	B69_L007	phylum	Bacteroidota	/phylum:Bacteroidota
NEE60_G_03487	qaidam_basin_mmag_1773_FCHGbin38	Bacteria	B69_L007	phylum	Bacteroidota	/phylum:Bacteroidota
NEE60_G_03490	qaidam_basin_mmag_1773_FCHGbin43	Bacteria	B69_L007	phylum	Bacteroidota	/phylum:Bacteroidota
NEE60_G_03491	qaidam_basin_mmag_1773_FCHGbin44	Bacteria	B69_L007	phylum	Bacteroidota	/phylum:Bacteroidota
NEE60_G_03493	qaidam_basin_mmag_1773_FCHGbin46	Bacteria	B69_L007	phylum	Bacteroidota	/phylum:Bacteroidota
NEE60_G_03494	qaidam_basin_mmag_1773_FCHGbin49	Bacteria	B69_L007	phylum	Bacteroidota	/phylum:Bacteroidota
NEE60_G_03496	qaidam_basin_mmag_1773_FCHGbin52	Bacteria	B69_L007	phylum	Bacteroidota	/phylum:Bacteroidota
NEE60_G_03497	qaidam_basin_mmag_1773_FCHGbin6	Bacteria	B69_L007	phylum	Bacteroidota	/phylum:Bacteroidota
NEE60_G_03498	qaidam_basin_mmag_1773_FCHGbin7	Bacteria	B69_L007	phylum	Bacteroidota	/phylum:Bacteroidota
NEE60_G_03499	qaidam_basin_mmag_1773_FCHGbin8	Bacteria	B69_L007	phylum	Bacteroidota	/phylum:Bacteroidota
NEE60_G_03534	qaidam_basin_mmag_1773_L_0707_10_15bin49	Bacteria	B69_L007	phylum	Bacteroidota	/phylum:Bacteroidota
NEE60_G_03539	qaidam_basin_mmag_1773_L_0707_10_15bin53	Bacteria	B69_L007	phylum	Bacteroidota	/phylum:Bacteroidota
NEE60_G_03549	qaidam_basin_mmag_1773_L_0707_10_15bin62	Bacteria	B69_L007	phylum	Bacteroidota	/phylum:Bacteroidota
NEE60_G_03554	qaidam_basin_mmag_1773_L_0707_10_15bin69	Bacteria	B69_L007	phylum	Bacteroidota	/phylum:Bacteroidota
NEE60_G_03574	qaidam_basin_mmag_1773_L_0707_15_20bin19	Bacteria	B69_L007	phylum	Bacteroidota	/phylum:Bacteroidota
NEE60_G_03646	qaidam_basin_mmag_1773_L_0707_2_5bin47	Bacteria	B69_L007	phylum	Bacteroidota	/phylum:Bacteroidota
NEE60_G_03654	qaidam_basin_mmag_1773_L_0707_2_5bin59	Bacteria	B69_L007	phylum	Bacteroidota	/phylum:Bacteroidota
NEE60_G_03661	qaidam_basin_mmag_1773_L_0707_2_5bin8	Bacteria	B69_L007	phylum	Bacteroidota	/phylum:Bacteroidota
NEE60_G_03670	qaidam_basin_mmag_1773_L_0707_40_50bin17	Bacteria	B69_L007	phylum	Bacteroidota	/phylum:Bacteroidota
NEE60_G_03702	qaidam_basin_mmag_1773_L_0707_40_50bin48	Bacteria	B69_L007	phylum	Bacteroidota	/phylum:Bacteroidota
NEE60_G_03712	qaidam_basin_mmag_1773_L_0707_40_50bin6	Bacteria	B69_L007	phylum	Bacteroidota	/phylum:Bacteroidota
NEE60_G_03718	qaidam_basin_mmag_1773_L_0707_40_50bin66	Bacteria	B69_L007	phylum	Bacteroidota	/phylum:Bacteroidota
NEE60_G_03721	qaidam_basin_mmag_1773_L_0707_40_50bin7	Bacteria	B69_L007	phylum	Bacteroidota	/phylum:Bacteroidota
NEE60_G_03727	qaidam_basin_mmag_1773_L_0707_40_50bin8	Bacteria	B69_L007	phylum	Bacteroidota	/phylum:Bacteroidota
NEE60_G_03733	qaidam_basin_mmag_1773_L_0712_20_25bin16	Bacteria	B69_L007	phylum	Bacteroidota	/phylum:Bacteroidota
NEE60_G_03761	qaidam_basin_mmag_1773_L_0712_20_25bin5	Bacteria	B69_L007	phylum	Bacteroidota	/phylum:Bacteroidota
NEE60_G_03762	qaidam_basin_mmag_1773_L_0712_20_25bin50	Bacteria	B69_L007	phylum	Bacteroidota	/phylum:Bacteroidota
NEE60_G_03763	qaidam_basin_mmag_1773_L_0712_20_25bin52	Bacteria	B69_L007	phylum	Bacteroidota	/phylum:Bacteroidota
NEE60_G_03775	qaidam_basin_mmag_1773_L_0712_20_25bin65	Bacteria	B69_L007	phylum	Bacteroidota	/phylum:Bacteroidota
NEE60_G_03788	qaidam_basin_mmag_1773_L_21_AKQ_4bin21	Bacteria	B69_L007	phylum	Bacteroidota	/phylum:Bacteroidota
NEE60_G_03791	qaidam_basin_mmag_1773_L_21_AKQ_4bin26	Bacteria	B69_L007	phylum	Bacteroidota	/phylum:Bacteroidota
NEE60_G_03794	qaidam_basin_mmag_1773_L_21_AKQ_4bin30	Bacteria	B69_L007	phylum	Bacteroidota	/phylum:Bacteroidota
NEE60_G_03797	qaidam_basin_mmag_1773_L_21_AKQ_4bin35	Bacteria	B69_L007	phylum	Bacteroidota	/phylum:Bacteroidota
NEE60_G_03818	qaidam_basin_mmag_1773_L_21_AKQ_4bin67	Bacteria	B69_L007	phylum	Bacteroidota	/phylum:Bacteroidota
NEE60_G_03845	qaidam_basin_mmag_1773_NSL0_5_2bin29	Bacteria	B69_L007	phylum	Bacteroidota	/phylum:Bacteroidota
NEE60_G_03850	qaidam_basin_mmag_1773_NSL0_5_2bin39	Bacteria	B69_L007	phylum	Bacteroidota	/phylum:Bacteroidota
NEE60_G_03854	qaidam_basin_mmag_1773_NSL0_5_2bin46	Bacteria	B69_L007	phylum	Bacteroidota	/phylum:Bacteroidota
NEE60_G_03856	qaidam_basin_mmag_1773_NSL0_5_2bin50	Bacteria	B69_L007	phylum	Bacteroidota	/phylum:Bacteroidota
NEE60_G_03858	qaidam_basin_mmag_1773_NSL0_5_2bin52	Bacteria	B69_L007	phylum	Bacteroidota	/phylum:Bacteroidota
NEE60_G_03883	qaidam_basin_mmag_1773_NSL1520bin22	Bacteria	B69_L007	phylum	Bacteroidota	/phylum:Bacteroidota
NEE60_G_03896	qaidam_basin_mmag_1773_NSL20_25bin8	Bacteria	B69_L007	phylum	Bacteroidota	/phylum:Bacteroidota
NEE60_G_03898	qaidam_basin_mmag_1773_NSL25_30bin11	Bacteria	B69_L007	phylum	Bacteroidota	/phylum:Bacteroidota
NEE60_G_03912	qaidam_basin_mmag_1773_NSL25_30bin32	Bacteria	B69_L007	phylum	Bacteroidota	/phylum:Bacteroidota
NEE60_G_03914	qaidam_basin_mmag_1773_NSL25_30bin7	Bacteria	B69_L007	phylum	Bacteroidota	/phylum:Bacteroidota
NEE60_G_03915	qaidam_basin_mmag_1773_NSL25_30bin8	Bacteria	B69_L007	phylum	Bacteroidota	/phylum:Bacteroidota
NEE60_G_03917	qaidam_basin_mmag_1773_NSL30_35bin16	Bacteria	B69_L007	phylum	Bacteroidota	/phylum:Bacteroidota
NEE60_G_03923	qaidam_basin_mmag_1773_NSL30_35bin22	Bacteria	B69_L007	phylum	Bacteroidota	/phylum:Bacteroidota
NEE60_G_03925	qaidam_basin_mmag_1773_NSL30_35bin31	Bacteria	B69_L007	phylum	Bacteroidota	/phylum:Bacteroidota
NEE60_G_03928	qaidam_basin_mmag_1773_NSL30_35bin35	Bacteria	B69_L007	phylum	Bacteroidota	/phylum:Bacteroidota
NEE60_G_03940	qaidam_basin_mmag_1773_NSL35_40bin14	Bacteria	B69_L007	phylum	Bacteroidota	/phylum:Bacteroidota
NEE60_G_03980	qaidam_basin_mmag_1773_NSLT21bin24	Bacteria	B69_L007	phylum	Bacteroidota	/phylum:Bacteroidota
NEE60_G_03983	qaidam_basin_mmag_1773_NSLT21bin3	Bacteria	B69_L007	phylum	Bacteroidota	/phylum:Bacteroidota
NEE60_G_03986	qaidam_basin_mmag_1773_NSLT21bin37	Bacteria	B69_L007	phylum	Bacteroidota	/phylum:Bacteroidota
NEE60_G_04049	qaidam_basin_mmag_1773_S305CJS_Drybin6	Bacteria	B69_L007	phylum	Bacteroidota	/phylum:Bacteroidota
NEE60_G_04053	qaidam_basin_mmag_1773_S305CJS_Wetbin10	Bacteria	B69_L007	phylum	Bacteroidota	/phylum:Bacteroidota
NEE60_G_04067	qaidam_basin_mmag_1773_S305CJS_Wetbin24	Bacteria	B69_L007	phylum	Bacteroidota	/phylum:Bacteroidota
NEE60_G_04072	qaidam_basin_mmag_1773_S305CJS_Wetbin3	Bacteria	B69_L007	phylum	Bacteroidota	/phylum:Bacteroidota
NEE60_G_04075	qaidam_basin_mmag_1773_S305CJS_Wetbin32	Bacteria	B69_L007	phylum	Bacteroidota	/phylum:Bacteroidota
NEE60_G_04077	qaidam_basin_mmag_1773_S305CJS_Wetbin35	Bacteria	B69_L007	phylum	Bacteroidota	/phylum:Bacteroidota
NEE60_G_04083	qaidam_basin_mmag_1773_S305CJS_Wetbin7	Bacteria	B69_L007	phylum	Bacteroidota	/phylum:Bacteroidota
NEE60_G_04084	qaidam_basin_mmag_1773_S305CJS_Wetbin8	Bacteria	B69_L007	phylum	Bacteroidota	/phylum:Bacteroidota
NEE60_G_04110	qaidam_basin_mmag_1773_YX2bin9	Bacteria	B69_L007	phylum	Bacteroidota	/phylum:Bacteroidota
NEE60_G_04127	stordalen_mire_2019_hybrid_mags_cmr2.MA.201907_E_1_1to5_13.fna	Bacteria	B69_L007	phylum	Bacteroidota	/phylum:Bacteroidota
NEE60_G_04129	stordalen_mire_2019_hybrid_mags_cmr2.MA.201907_E_1_1to5_18.fna	Bacteria	B69_L007	phylum	Bacteroidota	/phylum:Bacteroidota
NEE60_G_04351	stordalen_mire_2019_hybrid_mags_cmr6.MA.201907_E_1_1to5_12.fna	Bacteria	B69_L007	phylum	Bacteroidota	/phylum:Bacteroidota
NEE60_G_04352	stordalen_mire_2019_hybrid_mags_cmr6.MA.201907_E_1_1to5_13.fna	Bacteria	B69_L007	phylum	Bacteroidota	/phylum:Bacteroidota
NEE60_G_04360	stordalen_mire_2019_hybrid_mags_cmr6.MA.201907_E_1_1to5_27.fna	Bacteria	B69_L007	phylum	Bacteroidota	/phylum:Bacteroidota
NEE60_G_04361	stordalen_mire_2019_hybrid_mags_cmr6.MA.201907_E_1_1to5_4.fna	Bacteria	B69_L007	phylum	Bacteroidota	/phylum:Bacteroidota
NEE60_G_04362	stordalen_mire_2019_hybrid_mags_cmr6.MA.201907_E_1_1to5_5.fna	Bacteria	B69_L007	phylum	Bacteroidota	/phylum:Bacteroidota
NEE60_G_04400	stordalen_mire_2019_hybrid_mags_cmr6.MA.201907_E_1_20to24_57.fna	Bacteria	B69_L007	phylum	Bacteroidota	/phylum:Bacteroidota
NEE60_G_04401	stordalen_mire_2019_hybrid_mags_cmr6.MA.201907_E_1_20to24_58.fna	Bacteria	B69_L007	phylum	Bacteroidota	/phylum:Bacteroidota
NEE60_G_04403	stordalen_mire_2019_hybrid_mags_cmr6.MA.201907_E_1_20to24_61.fna	Bacteria	B69_L007	phylum	Bacteroidota	/phylum:Bacteroidota
NEE60_G_04366	stordalen_mire_2019_hybrid_mags_cmr6.MA.201907_E_1_1to5_9.fna	Bacteria	B69_L008	class	Chlorobiia	/phylum:Bacteroidota_A/class:Chlorobiia
NEE60_G_01366	alaska_permafrost_reference_GCA_003141435.1_20120800_E3S_genomic	Bacteria	B69_L009	class	Ignavibacteria	/phylum:Bacteroidota_A/class:Ignavibacteria
NEE60_G_01723	alaska_permafrost_reference_SRR3989257rbin.48	Bacteria	B69_L009	class	Ignavibacteria	/phylum:Bacteroidota_A/class:Ignavibacteria
NEE60_G_02273	desert2025__GCA_030855105.1	Bacteria	B69_L009	class	Ignavibacteria	/phylum:Bacteroidota_A/class:Ignavibacteria
NEE60_G_02339	desert2025__GCA_030856745.1	Bacteria	B69_L009	class	Ignavibacteria	/phylum:Bacteroidota_A/class:Ignavibacteria
NEE60_G_04349	stordalen_mire_2019_hybrid_mags_cmr6.MA.201907_E_1_1to5_10.fna	Bacteria	B69_L009	class	Ignavibacteria	/phylum:Bacteroidota_A/class:Ignavibacteria
NEE60_G_01511	alaska_permafrost_reference_SRR10489837bin.20	Bacteria	B69_L010	class	Kapaibacteriia	/phylum:Bacteroidota_A/class:Kapaibacteriia
NEE60_G_00034	GCA_046260435.1	Bacteria	B69_L011	class	Rhodothermia	/phylum:Bacteroidota_A/class:Rhodothermia
NEE60_G_00764	MAG25	Bacteria	B69_L011	class	Rhodothermia	/phylum:Bacteroidota_A/class:Rhodothermia
NEE60_G_00825	NEE56_danakil__GCA_042215845.1	Bacteria	B69_L011	class	Rhodothermia	/phylum:Bacteroidota_A/class:Rhodothermia
NEE60_G_00898	NEE56_danakil__GCA_042218975.1	Bacteria	B69_L011	class	Rhodothermia	/phylum:Bacteroidota_A/class:Rhodothermia
NEE60_G_00900	NEE56_danakil__GCA_042219055.1	Bacteria	B69_L011	class	Rhodothermia	/phylum:Bacteroidota_A/class:Rhodothermia
NEE60_G_00901	NEE56_danakil__GCA_042219065.1	Bacteria	B69_L011	class	Rhodothermia	/phylum:Bacteroidota_A/class:Rhodothermia
NEE60_G_00924	NEE56_danakil__GCF_042218895.1	Bacteria	B69_L011	class	Rhodothermia	/phylum:Bacteroidota_A/class:Rhodothermia
NEE60_G_01915	atacama_halite_rainfall_prjna484015_SG1_Salinibacter_62_31	Bacteria	B69_L011	class	Rhodothermia	/phylum:Bacteroidota_A/class:Rhodothermia
NEE60_G_01916	atacama_halite_rainfall_prjna484015_SG1_Salinibacter_62_5	Bacteria	B69_L011	class	Rhodothermia	/phylum:Bacteroidota_A/class:Rhodothermia
NEE60_G_01917	atacama_halite_rainfall_prjna484015_SG1_Salinibacter_64_7	Bacteria	B69_L011	class	Rhodothermia	/phylum:Bacteroidota_A/class:Rhodothermia
NEE60_G_01918	atacama_halite_rainfall_prjna484015_SG1_Salinibacter_66_7	Bacteria	B69_L011	class	Rhodothermia	/phylum:Bacteroidota_A/class:Rhodothermia
NEE60_G_01919	atacama_halite_rainfall_prjna484015_SG1_Salinibacter_68_39	Bacteria	B69_L011	class	Rhodothermia	/phylum:Bacteroidota_A/class:Rhodothermia
NEE60_G_01920	atacama_halite_rainfall_prjna484015_SG1_Salinibacter_68_41	Bacteria	B69_L011	class	Rhodothermia	/phylum:Bacteroidota_A/class:Rhodothermia
NEE60_G_01957	atacama_salt_crust_prjna351262_GCA_003022435.1_ASM302243v1_genomic	Bacteria	B69_L011	class	Rhodothermia	/phylum:Bacteroidota_A/class:Rhodothermia
NEE60_G_01958	atacama_salt_crust_prjna351262_GCA_003022505.1_ASM302250v1_genomic	Bacteria	B69_L011	class	Rhodothermia	/phylum:Bacteroidota_A/class:Rhodothermia
NEE60_G_01959	atacama_salt_crust_prjna351262_GCA_003022535.1_ASM302253v1_genomic	Bacteria	B69_L011	class	Rhodothermia	/phylum:Bacteroidota_A/class:Rhodothermia
NEE60_G_01960	atacama_salt_crust_prjna351262_GCA_003022565.1_ASM302256v1_genomic	Bacteria	B69_L011	class	Rhodothermia	/phylum:Bacteroidota_A/class:Rhodothermia
NEE60_G_01961	atacama_salt_crust_prjna351262_GCA_003022645.1_ASM302264v1_genomic	Bacteria	B69_L011	class	Rhodothermia	/phylum:Bacteroidota_A/class:Rhodothermia
NEE60_G_01962	atacama_salt_crust_prjna351262_GCA_003022655.1_ASM302265v1_genomic	Bacteria	B69_L011	class	Rhodothermia	/phylum:Bacteroidota_A/class:Rhodothermia
NEE60_G_01970	atacama_salt_crust_prjna351262_GCA_003022965.1_ASM302296v1_genomic	Bacteria	B69_L011	class	Rhodothermia	/phylum:Bacteroidota_A/class:Rhodothermia
NEE60_G_01972	atacama_salt_crust_prjna351262_GCA_003023065.1_ASM302306v1_genomic	Bacteria	B69_L011	class	Rhodothermia	/phylum:Bacteroidota_A/class:Rhodothermia
NEE60_G_01976	atacama_salt_crust_prjna351262_GCA_003023295.1_ASM302329v1_genomic	Bacteria	B69_L011	class	Rhodothermia	/phylum:Bacteroidota_A/class:Rhodothermia
NEE60_G_02997	qaidam_basin_mmag_1773_CJ0912_20_25bin2	Bacteria	B69_L011	class	Rhodothermia	/phylum:Bacteroidota_A/class:Rhodothermia
NEE60_G_03126	qaidam_basin_mmag_1773_CJ0912_5_10bin29	Bacteria	B69_L011	class	Rhodothermia	/phylum:Bacteroidota_A/class:Rhodothermia
NEE60_G_03144	qaidam_basin_mmag_1773_CJS_1_0912bin12	Bacteria	B69_L011	class	Rhodothermia	/phylum:Bacteroidota_A/class:Rhodothermia
NEE60_G_03151	qaidam_basin_mmag_1773_CJS_1_0912bin2	Bacteria	B69_L011	class	Rhodothermia	/phylum:Bacteroidota_A/class:Rhodothermia
NEE60_G_03155	qaidam_basin_mmag_1773_CJS_1_0912bin23	Bacteria	B69_L011	class	Rhodothermia	/phylum:Bacteroidota_A/class:Rhodothermia
NEE60_G_03156	qaidam_basin_mmag_1773_CJS_1_0912bin25	Bacteria	B69_L011	class	Rhodothermia	/phylum:Bacteroidota_A/class:Rhodothermia
NEE60_G_03395	qaidam_basin_mmag_1773_DLTSQ15_20bin28	Bacteria	B69_L011	class	Rhodothermia	/phylum:Bacteroidota_A/class:Rhodothermia
NEE60_G_03417	qaidam_basin_mmag_1773_DLTSQ20_25bin16	Bacteria	B69_L011	class	Rhodothermia	/phylum:Bacteroidota_A/class:Rhodothermia
NEE60_G_03424	qaidam_basin_mmag_1773_DLTSQ20_25bin26	Bacteria	B69_L011	class	Rhodothermia	/phylum:Bacteroidota_A/class:Rhodothermia
NEE60_G_03426	qaidam_basin_mmag_1773_DLTSQ20_25bin32	Bacteria	B69_L011	class	Rhodothermia	/phylum:Bacteroidota_A/class:Rhodothermia
NEE60_G_03595	qaidam_basin_mmag_1773_L_0707_15_20bin44	Bacteria	B69_L011	class	Rhodothermia	/phylum:Bacteroidota_A/class:Rhodothermia
NEE60_G_03713	qaidam_basin_mmag_1773_L_0707_40_50bin60	Bacteria	B69_L011	class	Rhodothermia	/phylum:Bacteroidota_A/class:Rhodothermia
NEE60_G_03724	qaidam_basin_mmag_1773_L_0707_40_50bin73	Bacteria	B69_L011	class	Rhodothermia	/phylum:Bacteroidota_A/class:Rhodothermia
NEE60_G_03725	qaidam_basin_mmag_1773_L_0707_40_50bin74	Bacteria	B69_L011	class	Rhodothermia	/phylum:Bacteroidota_A/class:Rhodothermia
NEE60_G_03885	qaidam_basin_mmag_1773_NSL1520bin29	Bacteria	B69_L011	class	Rhodothermia	/phylum:Bacteroidota_A/class:Rhodothermia
NEE60_G_01376	alaska_permafrost_reference_GCA_003142575.1_20120800_E2X_genomic	Bacteria	B69_L012	class	UBA10030	/phylum:Bacteroidota_A/class:UBA10030
NEE60_G_00977	NEE56_mackay__GCA_013695675.1	Bacteria	B69_L013	phylum	Bdellovibrionota	/phylum:Bdellovibrionota
NEE60_G_02765	qaidam_basin_mmag_1773_AKQ1bin51	Bacteria	B69_L013	phylum	Bdellovibrionota	/phylum:Bdellovibrionota
NEE60_G_02767	qaidam_basin_mmag_1773_AKQ1bin8	Bacteria	B69_L013	phylum	Bdellovibrionota	/phylum:Bdellovibrionota
NEE60_G_02779	qaidam_basin_mmag_1773_AKQ2bin37	Bacteria	B69_L013	phylum	Bdellovibrionota	/phylum:Bdellovibrionota
NEE60_G_02781	qaidam_basin_mmag_1773_AKQ2bin50	Bacteria	B69_L013	phylum	Bdellovibrionota	/phylum:Bdellovibrionota
NEE60_G_02790	qaidam_basin_mmag_1773_AKQ2bin73	Bacteria	B69_L013	phylum	Bdellovibrionota	/phylum:Bdellovibrionota
NEE60_G_02793	qaidam_basin_mmag_1773_AKQ2bin8	Bacteria	B69_L013	phylum	Bdellovibrionota	/phylum:Bdellovibrionota
NEE60_G_02806	qaidam_basin_mmag_1773_AKQ3bin28	Bacteria	B69_L013	phylum	Bdellovibrionota	/phylum:Bdellovibrionota
NEE60_G_02818	qaidam_basin_mmag_1773_AKQ3bin48	Bacteria	B69_L013	phylum	Bdellovibrionota	/phylum:Bdellovibrionota
NEE60_G_02826	qaidam_basin_mmag_1773_AKQ3bin63	Bacteria	B69_L013	phylum	Bdellovibrionota	/phylum:Bdellovibrionota
NEE60_G_03122	qaidam_basin_mmag_1773_CJ0912_5_10bin24	Bacteria	B69_L013	phylum	Bdellovibrionota	/phylum:Bdellovibrionota
NEE60_G_03132	qaidam_basin_mmag_1773_CJ0912_5_10bin39	Bacteria	B69_L013	phylum	Bdellovibrionota	/phylum:Bdellovibrionota
NEE60_G_03133	qaidam_basin_mmag_1773_CJ0912_5_10bin4	Bacteria	B69_L013	phylum	Bdellovibrionota	/phylum:Bdellovibrionota
NEE60_G_03192	qaidam_basin_mmag_1773_DLTCJS10_15bin15	Bacteria	B69_L013	phylum	Bdellovibrionota	/phylum:Bdellovibrionota
NEE60_G_03270	qaidam_basin_mmag_1773_DLTCJS25_30bin1	Bacteria	B69_L013	phylum	Bdellovibrionota	/phylum:Bdellovibrionota
NEE60_G_03366	qaidam_basin_mmag_1773_DLTSQ0_15bin34	Bacteria	B69_L013	phylum	Bdellovibrionota	/phylum:Bdellovibrionota
NEE60_G_03382	qaidam_basin_mmag_1773_DLTSQ0_15bin57	Bacteria	B69_L013	phylum	Bdellovibrionota	/phylum:Bdellovibrionota
NEE60_G_03388	qaidam_basin_mmag_1773_DLTSQ0_15bin64	Bacteria	B69_L013	phylum	Bdellovibrionota	/phylum:Bdellovibrionota
NEE60_G_03420	qaidam_basin_mmag_1773_DLTSQ20_25bin2	Bacteria	B69_L013	phylum	Bdellovibrionota	/phylum:Bdellovibrionota
NEE60_G_03783	qaidam_basin_mmag_1773_L_21_AKQ_4bin14	Bacteria	B69_L013	phylum	Bdellovibrionota	/phylum:Bdellovibrionota
NEE60_G_03786	qaidam_basin_mmag_1773_L_21_AKQ_4bin2	Bacteria	B69_L013	phylum	Bdellovibrionota	/phylum:Bdellovibrionota
NEE60_G_03790	qaidam_basin_mmag_1773_L_21_AKQ_4bin24	Bacteria	B69_L013	phylum	Bdellovibrionota	/phylum:Bdellovibrionota
NEE60_G_03795	qaidam_basin_mmag_1773_L_21_AKQ_4bin31	Bacteria	B69_L013	phylum	Bdellovibrionota	/phylum:Bdellovibrionota
NEE60_G_03798	qaidam_basin_mmag_1773_L_21_AKQ_4bin37	Bacteria	B69_L013	phylum	Bdellovibrionota	/phylum:Bdellovibrionota
NEE60_G_03815	qaidam_basin_mmag_1773_L_21_AKQ_4bin64	Bacteria	B69_L013	phylum	Bdellovibrionota	/phylum:Bdellovibrionota
NEE60_G_03833	qaidam_basin_mmag_1773_L_21_NSL5_10bin13	Bacteria	B69_L013	phylum	Bdellovibrionota	/phylum:Bdellovibrionota
NEE60_G_03866	qaidam_basin_mmag_1773_NSL1015bin28	Bacteria	B69_L013	phylum	Bdellovibrionota	/phylum:Bdellovibrionota
NEE60_G_03918	qaidam_basin_mmag_1773_NSL30_35bin17	Bacteria	B69_L013	phylum	Bdellovibrionota	/phylum:Bdellovibrionota
NEE60_G_03941	qaidam_basin_mmag_1773_NSL35_40bin17	Bacteria	B69_L013	phylum	Bdellovibrionota	/phylum:Bdellovibrionota
NEE60_G_03985	qaidam_basin_mmag_1773_NSLT21bin35	Bacteria	B69_L013	phylum	Bdellovibrionota	/phylum:Bdellovibrionota
NEE60_G_04056	qaidam_basin_mmag_1773_S305CJS_Wetbin13	Bacteria	B69_L013	phylum	Bdellovibrionota	/phylum:Bdellovibrionota
NEE60_G_04070	qaidam_basin_mmag_1773_S305CJS_Wetbin28	Bacteria	B69_L013	phylum	Bdellovibrionota	/phylum:Bdellovibrionota
NEE60_G_02330	desert2025__GCA_030856485.1	Bacteria	B69_L014	phylum	Bdellovibrionota_B	/phylum:Bdellovibrionota_B
NEE60_G_02782	qaidam_basin_mmag_1773_AKQ2bin52	Bacteria	B69_L014	phylum	Bdellovibrionota_B	/phylum:Bdellovibrionota_B
NEE60_G_00896	NEE56_danakil__GCA_042218715.1	Bacteria	B69_L015	phylum	Bipolaricaulota	/phylum:Bipolaricaulota
NEE60_G_00899	NEE56_danakil__GCA_042219045.1	Bacteria	B69_L015	phylum	Bipolaricaulota	/phylum:Bipolaricaulota
NEE60_G_01342	alaska_permafrost_reference_GCA_003132185.1_20120500_P28_genomic	Bacteria	B69_L016	phylum	Caldisericota	/phylum:Caldisericota
NEE60_G_01362	alaska_permafrost_reference_GCA_003140815.1_20120800_E3X_genomic	Bacteria	B69_L016	phylum	Caldisericota	/phylum:Caldisericota
NEE60_G_01363	alaska_permafrost_reference_GCA_003140945.1_20120800_E3X_genomic	Bacteria	B69_L016	phylum	Caldisericota	/phylum:Caldisericota
NEE60_G_01509	alaska_permafrost_reference_SRR10489834bin.33	Bacteria	B69_L016	phylum	Caldisericota	/phylum:Caldisericota
NEE60_G_01671	alaska_permafrost_reference_SRR3985396rbin.15	Bacteria	B69_L016	phylum	Caldisericota	/phylum:Caldisericota
NEE60_G_01695	alaska_permafrost_reference_SRR3989121rbin.28	Bacteria	B69_L016	phylum	Caldisericota	/phylum:Caldisericota
NEE60_G_01762	alaska_permafrost_reference_SRR5659263rbin.7	Bacteria	B69_L016	phylum	Caldisericota	/phylum:Caldisericota
NEE60_G_00965	NEE56_mackay__GCA_013695355.1	Bacteria	B69_L017	phylum	Chlamydiota	/phylum:Chlamydiota
NEE60_G_01082	NEE56_mackay__GCA_013698165.1	Bacteria	B69_L017	phylum	Chlamydiota	/phylum:Chlamydiota
NEE60_G_01155	NEE56_mackay__GCA_013813265.1	Bacteria	B69_L017	phylum	Chlamydiota	/phylum:Chlamydiota
NEE60_G_01190	NEE56_mackay__GCA_013815395.1	Bacteria	B69_L017	phylum	Chlamydiota	/phylum:Chlamydiota
NEE60_G_01219	NEE56_mackay__GCA_013816265.1	Bacteria	B69_L017	phylum	Chlamydiota	/phylum:Chlamydiota
NEE60_G_01250	NEE56_mackay__GCA_013817115.1	Bacteria	B69_L017	phylum	Chlamydiota	/phylum:Chlamydiota
NEE60_G_01286	NEE56_mackay__GCA_013821265.1	Bacteria	B69_L017	phylum	Chlamydiota	/phylum:Chlamydiota
NEE60_G_02811	qaidam_basin_mmag_1773_AKQ3bin36	Bacteria	B69_L017	phylum	Chlamydiota	/phylum:Chlamydiota
NEE60_G_03756	qaidam_basin_mmag_1773_L_0712_20_25bin43	Bacteria	B69_L017	phylum	Chlamydiota	/phylum:Chlamydiota
NEE60_G_03789	qaidam_basin_mmag_1773_L_21_AKQ_4bin22	Bacteria	B69_L017	phylum	Chlamydiota	/phylum:Chlamydiota
NEE60_G_03804	qaidam_basin_mmag_1773_L_21_AKQ_4bin5	Bacteria	B69_L017	phylum	Chlamydiota	/phylum:Chlamydiota
NEE60_G_00004	GCA_016781385.1	Bacteria	B69_L018	phylum	Chloroflexota	/phylum:Chloroflexota
NEE60_G_00005	GCA_016781415.1	Bacteria	B69_L018	phylum	Chloroflexota	/phylum:Chloroflexota
NEE60_G_00006	GCA_016781485.1	Bacteria	B69_L018	phylum	Chloroflexota	/phylum:Chloroflexota
NEE60_G_00007	GCA_016781525.1	Bacteria	B69_L018	phylum	Chloroflexota	/phylum:Chloroflexota
NEE60_G_00011	GCA_016781735.1	Bacteria	B69_L018	phylum	Chloroflexota	/phylum:Chloroflexota
NEE60_G_00015	GCA_016781965.1	Bacteria	B69_L018	phylum	Chloroflexota	/phylum:Chloroflexota
NEE60_G_00016	GCA_016782045.1	Bacteria	B69_L018	phylum	Chloroflexota	/phylum:Chloroflexota
NEE60_G_00018	GCA_016782125.1	Bacteria	B69_L018	phylum	Chloroflexota	/phylum:Chloroflexota
NEE60_G_00020	GCA_016782175.1	Bacteria	B69_L018	phylum	Chloroflexota	/phylum:Chloroflexota
NEE60_G_00065	GCA_046261895.1	Bacteria	B69_L018	phylum	Chloroflexota	/phylum:Chloroflexota
NEE60_G_00075	GCA_046262115.1	Bacteria	B69_L018	phylum	Chloroflexota	/phylum:Chloroflexota
NEE60_G_00091	GCA_046262435.1	Bacteria	B69_L018	phylum	Chloroflexota	/phylum:Chloroflexota
NEE60_G_00092	GCA_046262455.1	Bacteria	B69_L018	phylum	Chloroflexota	/phylum:Chloroflexota
NEE60_G_00095	GCA_046262515.1	Bacteria	B69_L018	phylum	Chloroflexota	/phylum:Chloroflexota
NEE60_G_00100	GCA_046262615.1	Bacteria	B69_L018	phylum	Chloroflexota	/phylum:Chloroflexota
NEE60_G_00109	GCA_046262795.1	Bacteria	B69_L018	phylum	Chloroflexota	/phylum:Chloroflexota
NEE60_G_00121	GCA_046263035.1	Bacteria	B69_L018	phylum	Chloroflexota	/phylum:Chloroflexota
NEE60_G_00137	GCA_050694915.1_genomic	Bacteria	B69_L018	phylum	Chloroflexota	/phylum:Chloroflexota
NEE60_G_00138	GCA_050695015.1_genomic	Bacteria	B69_L018	phylum	Chloroflexota	/phylum:Chloroflexota
NEE60_G_00139	GCA_050695035.1_genomic	Bacteria	B69_L018	phylum	Chloroflexota	/phylum:Chloroflexota
NEE60_G_00140	GCA_050695115.1_genomic	Bacteria	B69_L018	phylum	Chloroflexota	/phylum:Chloroflexota
NEE60_G_00141	GCA_050695135.1_genomic	Bacteria	B69_L018	phylum	Chloroflexota	/phylum:Chloroflexota
NEE60_G_00142	GCA_050695155.1_genomic	Bacteria	B69_L018	phylum	Chloroflexota	/phylum:Chloroflexota
NEE60_G_00143	GCA_050695175.1_genomic	Bacteria	B69_L018	phylum	Chloroflexota	/phylum:Chloroflexota
NEE60_G_00144	GCA_050695195.1_genomic	Bacteria	B69_L018	phylum	Chloroflexota	/phylum:Chloroflexota
NEE60_G_00147	GCA_050695395.1_genomic	Bacteria	B69_L018	phylum	Chloroflexota	/phylum:Chloroflexota
NEE60_G_00148	GCA_050695455.1_genomic	Bacteria	B69_L018	phylum	Chloroflexota	/phylum:Chloroflexota
NEE60_G_00149	GCA_050695495.1_genomic	Bacteria	B69_L018	phylum	Chloroflexota	/phylum:Chloroflexota
NEE60_G_00150	GCA_050695595.1_genomic	Bacteria	B69_L018	phylum	Chloroflexota	/phylum:Chloroflexota
NEE60_G_00151	GCA_050695615.1_genomic	Bacteria	B69_L018	phylum	Chloroflexota	/phylum:Chloroflexota
NEE60_G_00152	GCA_050695655.1_genomic	Bacteria	B69_L018	phylum	Chloroflexota	/phylum:Chloroflexota
NEE60_G_00153	GCA_050695695.1_genomic	Bacteria	B69_L018	phylum	Chloroflexota	/phylum:Chloroflexota
NEE60_G_00154	GCA_050695715.1_genomic	Bacteria	B69_L018	phylum	Chloroflexota	/phylum:Chloroflexota
NEE60_G_00155	GCA_050695895.1_genomic	Bacteria	B69_L018	phylum	Chloroflexota	/phylum:Chloroflexota
NEE60_G_00156	GCA_050696095.1_genomic	Bacteria	B69_L018	phylum	Chloroflexota	/phylum:Chloroflexota
NEE60_G_00408	GCA_050734135.1_genomic	Bacteria	B69_L018	phylum	Chloroflexota	/phylum:Chloroflexota
NEE60_G_00409	GCA_050734155.1_genomic	Bacteria	B69_L018	phylum	Chloroflexota	/phylum:Chloroflexota
NEE60_G_00410	GCA_050734185.1_genomic	Bacteria	B69_L018	phylum	Chloroflexota	/phylum:Chloroflexota
NEE60_G_00411	GCA_050734255.1_genomic	Bacteria	B69_L018	phylum	Chloroflexota	/phylum:Chloroflexota
NEE60_G_00412	GCA_050734395.1_genomic	Bacteria	B69_L018	phylum	Chloroflexota	/phylum:Chloroflexota
NEE60_G_00413	GCA_050734425.1_genomic	Bacteria	B69_L018	phylum	Chloroflexota	/phylum:Chloroflexota
NEE60_G_00414	GCA_050734495.1_genomic	Bacteria	B69_L018	phylum	Chloroflexota	/phylum:Chloroflexota
NEE60_G_00415	GCA_050734515.1_genomic	Bacteria	B69_L018	phylum	Chloroflexota	/phylum:Chloroflexota
NEE60_G_00416	GCA_050734615.1_genomic	Bacteria	B69_L018	phylum	Chloroflexota	/phylum:Chloroflexota
NEE60_G_00417	GCA_050734635.1_genomic	Bacteria	B69_L018	phylum	Chloroflexota	/phylum:Chloroflexota
NEE60_G_00419	GCA_050734735.1_genomic	Bacteria	B69_L018	phylum	Chloroflexota	/phylum:Chloroflexota
NEE60_G_00420	GCA_050734755.1_genomic	Bacteria	B69_L018	phylum	Chloroflexota	/phylum:Chloroflexota
NEE60_G_00421	GCA_050734895.1_genomic	Bacteria	B69_L018	phylum	Chloroflexota	/phylum:Chloroflexota
NEE60_G_00422	GCA_050734915.1_genomic	Bacteria	B69_L018	phylum	Chloroflexota	/phylum:Chloroflexota
NEE60_G_00423	GCA_050735015.1_genomic	Bacteria	B69_L018	phylum	Chloroflexota	/phylum:Chloroflexota
NEE60_G_00750	MAG11	Bacteria	B69_L018	phylum	Chloroflexota	/phylum:Chloroflexota
NEE60_G_00759	MAG20	Bacteria	B69_L018	phylum	Chloroflexota	/phylum:Chloroflexota
NEE60_G_00774	MAG35	Bacteria	B69_L018	phylum	Chloroflexota	/phylum:Chloroflexota
NEE60_G_00776	MAG37	Bacteria	B69_L018	phylum	Chloroflexota	/phylum:Chloroflexota
NEE60_G_00789	MAG50	Bacteria	B69_L018	phylum	Chloroflexota	/phylum:Chloroflexota
NEE60_G_00801	MAG62	Bacteria	B69_L018	phylum	Chloroflexota	/phylum:Chloroflexota
NEE60_G_00805	MAG66	Bacteria	B69_L018	phylum	Chloroflexota	/phylum:Chloroflexota
NEE60_G_00810	MAG71	Bacteria	B69_L018	phylum	Chloroflexota	/phylum:Chloroflexota
NEE60_G_00811	MAG72	Bacteria	B69_L018	phylum	Chloroflexota	/phylum:Chloroflexota
NEE60_G_00927	NEE56_mackay__GCA_013694505.1	Bacteria	B69_L018	phylum	Chloroflexota	/phylum:Chloroflexota
NEE60_G_00928	NEE56_mackay__GCA_013694535.1	Bacteria	B69_L018	phylum	Chloroflexota	/phylum:Chloroflexota
NEE60_G_00933	NEE56_mackay__GCA_013694645.1	Bacteria	B69_L018	phylum	Chloroflexota	/phylum:Chloroflexota
NEE60_G_00940	NEE56_mackay__GCA_013694795.1	Bacteria	B69_L018	phylum	Chloroflexota	/phylum:Chloroflexota
NEE60_G_00942	NEE56_mackay__GCA_013694835.1	Bacteria	B69_L018	phylum	Chloroflexota	/phylum:Chloroflexota
NEE60_G_00944	NEE56_mackay__GCA_013694885.1	Bacteria	B69_L018	phylum	Chloroflexota	/phylum:Chloroflexota
NEE60_G_00947	NEE56_mackay__GCA_013694935.1	Bacteria	B69_L018	phylum	Chloroflexota	/phylum:Chloroflexota
NEE60_G_00951	NEE56_mackay__GCA_013695045.1	Bacteria	B69_L018	phylum	Chloroflexota	/phylum:Chloroflexota
NEE60_G_00960	NEE56_mackay__GCA_013695255.1	Bacteria	B69_L018	phylum	Chloroflexota	/phylum:Chloroflexota
NEE60_G_00961	NEE56_mackay__GCA_013695265.1	Bacteria	B69_L018	phylum	Chloroflexota	/phylum:Chloroflexota
NEE60_G_00971	NEE56_mackay__GCA_013695505.1	Bacteria	B69_L018	phylum	Chloroflexota	/phylum:Chloroflexota
NEE60_G_00972	NEE56_mackay__GCA_013695535.1	Bacteria	B69_L018	phylum	Chloroflexota	/phylum:Chloroflexota
NEE60_G_00974	NEE56_mackay__GCA_013695595.1	Bacteria	B69_L018	phylum	Chloroflexota	/phylum:Chloroflexota
NEE60_G_00990	NEE56_mackay__GCA_013695975.1	Bacteria	B69_L018	phylum	Chloroflexota	/phylum:Chloroflexota
NEE60_G_00992	NEE56_mackay__GCA_013696045.1	Bacteria	B69_L018	phylum	Chloroflexota	/phylum:Chloroflexota
NEE60_G_01002	NEE56_mackay__GCA_013696265.1	Bacteria	B69_L018	phylum	Chloroflexota	/phylum:Chloroflexota
NEE60_G_01003	NEE56_mackay__GCA_013696275.1	Bacteria	B69_L018	phylum	Chloroflexota	/phylum:Chloroflexota
NEE60_G_01014	NEE56_mackay__GCA_013696525.1	Bacteria	B69_L018	phylum	Chloroflexota	/phylum:Chloroflexota
NEE60_G_01026	NEE56_mackay__GCA_013696755.1	Bacteria	B69_L018	phylum	Chloroflexota	/phylum:Chloroflexota
NEE60_G_01035	NEE56_mackay__GCA_013696945.1	Bacteria	B69_L018	phylum	Chloroflexota	/phylum:Chloroflexota
NEE60_G_01038	NEE56_mackay__GCA_013697005.1	Bacteria	B69_L018	phylum	Chloroflexota	/phylum:Chloroflexota
NEE60_G_01049	NEE56_mackay__GCA_013697395.1	Bacteria	B69_L018	phylum	Chloroflexota	/phylum:Chloroflexota
NEE60_G_01059	NEE56_mackay__GCA_013697605.1	Bacteria	B69_L018	phylum	Chloroflexota	/phylum:Chloroflexota
NEE60_G_01076	NEE56_mackay__GCA_013697965.1	Bacteria	B69_L018	phylum	Chloroflexota	/phylum:Chloroflexota
NEE60_G_01079	NEE56_mackay__GCA_013698095.1	Bacteria	B69_L018	phylum	Chloroflexota	/phylum:Chloroflexota
NEE60_G_01087	NEE56_mackay__GCA_013698285.1	Bacteria	B69_L018	phylum	Chloroflexota	/phylum:Chloroflexota
NEE60_G_01091	NEE56_mackay__GCA_013698385.1	Bacteria	B69_L018	phylum	Chloroflexota	/phylum:Chloroflexota
NEE60_G_01096	NEE56_mackay__GCA_013698495.1	Bacteria	B69_L018	phylum	Chloroflexota	/phylum:Chloroflexota
NEE60_G_01114	NEE56_mackay__GCA_013812125.1	Bacteria	B69_L018	phylum	Chloroflexota	/phylum:Chloroflexota
NEE60_G_01129	NEE56_mackay__GCA_013812525.1	Bacteria	B69_L018	phylum	Chloroflexota	/phylum:Chloroflexota
NEE60_G_01144	NEE56_mackay__GCA_013812995.1	Bacteria	B69_L018	phylum	Chloroflexota	/phylum:Chloroflexota
NEE60_G_01146	NEE56_mackay__GCA_013813065.1	Bacteria	B69_L018	phylum	Chloroflexota	/phylum:Chloroflexota
NEE60_G_01161	NEE56_mackay__GCA_013813385.1	Bacteria	B69_L018	phylum	Chloroflexota	/phylum:Chloroflexota
NEE60_G_01166	NEE56_mackay__GCA_013813565.1	Bacteria	B69_L018	phylum	Chloroflexota	/phylum:Chloroflexota
NEE60_G_01172	NEE56_mackay__GCA_013813705.1	Bacteria	B69_L018	phylum	Chloroflexota	/phylum:Chloroflexota
NEE60_G_01193	NEE56_mackay__GCA_013815535.1	Bacteria	B69_L018	phylum	Chloroflexota	/phylum:Chloroflexota
NEE60_G_01195	NEE56_mackay__GCA_013815585.1	Bacteria	B69_L018	phylum	Chloroflexota	/phylum:Chloroflexota
NEE60_G_01224	NEE56_mackay__GCA_013816405.1	Bacteria	B69_L018	phylum	Chloroflexota	/phylum:Chloroflexota
NEE60_G_01243	NEE56_mackay__GCA_013816885.1	Bacteria	B69_L018	phylum	Chloroflexota	/phylum:Chloroflexota
NEE60_G_01245	NEE56_mackay__GCA_013816925.1	Bacteria	B69_L018	phylum	Chloroflexota	/phylum:Chloroflexota
NEE60_G_01255	NEE56_mackay__GCA_013817355.1	Bacteria	B69_L018	phylum	Chloroflexota	/phylum:Chloroflexota
NEE60_G_01271	NEE56_mackay__GCA_013820865.1	Bacteria	B69_L018	phylum	Chloroflexota	/phylum:Chloroflexota
NEE60_G_01278	NEE56_mackay__GCA_013821005.1	Bacteria	B69_L018	phylum	Chloroflexota	/phylum:Chloroflexota
NEE60_G_01281	NEE56_mackay__GCA_013821115.1	Bacteria	B69_L018	phylum	Chloroflexota	/phylum:Chloroflexota
NEE60_G_01299	NEE56_mackay__GCA_013821605.1	Bacteria	B69_L018	phylum	Chloroflexota	/phylum:Chloroflexota
NEE60_G_01302	NEE56_mackay__GCA_013821665.1	Bacteria	B69_L018	phylum	Chloroflexota	/phylum:Chloroflexota
NEE60_G_01324	alaska_permafrost_reference_183_merged	Bacteria	B69_L018	phylum	Chloroflexota	/phylum:Chloroflexota
NEE60_G_01364	alaska_permafrost_reference_GCA_003141245.1_20120800_E3X_genomic	Bacteria	B69_L018	phylum	Chloroflexota	/phylum:Chloroflexota
NEE60_G_01367	alaska_permafrost_reference_GCA_003141455.1_20120800_E3S_genomic	Bacteria	B69_L018	phylum	Chloroflexota	/phylum:Chloroflexota
NEE60_G_01386	alaska_permafrost_reference_GCA_003152165.1_20120700_P3D_genomic	Bacteria	B69_L018	phylum	Chloroflexota	/phylum:Chloroflexota
NEE60_G_01397	alaska_permafrost_reference_GCA_003158575.1_20120600_E2D_genomic	Bacteria	B69_L018	phylum	Chloroflexota	/phylum:Chloroflexota
NEE60_G_01410	alaska_permafrost_reference_GCA_003169655.1_20110800_P1M_genomic	Bacteria	B69_L018	phylum	Chloroflexota	/phylum:Chloroflexota
NEE60_G_01412	alaska_permafrost_reference_GCA_003169785.1_20110800_P1D_genomic	Bacteria	B69_L018	phylum	Chloroflexota	/phylum:Chloroflexota
NEE60_G_01413	alaska_permafrost_reference_GCA_003169845.1_20110800_P1D_genomic	Bacteria	B69_L018	phylum	Chloroflexota	/phylum:Chloroflexota
NEE60_G_01418	alaska_permafrost_reference_GCA_003170855.1_20110800_E2D_genomic	Bacteria	B69_L018	phylum	Chloroflexota	/phylum:Chloroflexota
NEE60_G_01422	alaska_permafrost_reference_GCA_003171255.1_20110800_E2D_genomic	Bacteria	B69_L018	phylum	Chloroflexota	/phylum:Chloroflexota
NEE60_G_01455	alaska_permafrost_reference_SRR10489815bin.3	Bacteria	B69_L018	phylum	Chloroflexota	/phylum:Chloroflexota
NEE60_G_01458	alaska_permafrost_reference_SRR10489815bin.40	Bacteria	B69_L018	phylum	Chloroflexota	/phylum:Chloroflexota
NEE60_G_01461	alaska_permafrost_reference_SRR10489817bin.7	Bacteria	B69_L018	phylum	Chloroflexota	/phylum:Chloroflexota
NEE60_G_01462	alaska_permafrost_reference_SRR10489817bin.8	Bacteria	B69_L018	phylum	Chloroflexota	/phylum:Chloroflexota
NEE60_G_01468	alaska_permafrost_reference_SRR10489821bin.16	Bacteria	B69_L018	phylum	Chloroflexota	/phylum:Chloroflexota
NEE60_G_01477	alaska_permafrost_reference_SRR10489824bin.8	Bacteria	B69_L018	phylum	Chloroflexota	/phylum:Chloroflexota
NEE60_G_01489	alaska_permafrost_reference_SRR10489828bin.6	Bacteria	B69_L018	phylum	Chloroflexota	/phylum:Chloroflexota
NEE60_G_01490	alaska_permafrost_reference_SRR10489830bin.14	Bacteria	B69_L018	phylum	Chloroflexota	/phylum:Chloroflexota
NEE60_G_01491	alaska_permafrost_reference_SRR10489830bin.19	Bacteria	B69_L018	phylum	Chloroflexota	/phylum:Chloroflexota
NEE60_G_01496	alaska_permafrost_reference_SRR10489833bin.10	Bacteria	B69_L018	phylum	Chloroflexota	/phylum:Chloroflexota
NEE60_G_01501	alaska_permafrost_reference_SRR10489834bin.1	Bacteria	B69_L018	phylum	Chloroflexota	/phylum:Chloroflexota
NEE60_G_01506	alaska_permafrost_reference_SRR10489834bin.21	Bacteria	B69_L018	phylum	Chloroflexota	/phylum:Chloroflexota
NEE60_G_01529	alaska_permafrost_reference_SRR11742949bin.18	Bacteria	B69_L018	phylum	Chloroflexota	/phylum:Chloroflexota
NEE60_G_01547	alaska_permafrost_reference_SRR12277197bin.4	Bacteria	B69_L018	phylum	Chloroflexota	/phylum:Chloroflexota
NEE60_G_01548	alaska_permafrost_reference_SRR12277198bin.3	Bacteria	B69_L018	phylum	Chloroflexota	/phylum:Chloroflexota
NEE60_G_01549	alaska_permafrost_reference_SRR12277198bin.4	Bacteria	B69_L018	phylum	Chloroflexota	/phylum:Chloroflexota
NEE60_G_01557	alaska_permafrost_reference_SRR12756227bin.2	Bacteria	B69_L018	phylum	Chloroflexota	/phylum:Chloroflexota
NEE60_G_01558	alaska_permafrost_reference_SRR12756227bin.3	Bacteria	B69_L018	phylum	Chloroflexota	/phylum:Chloroflexota
NEE60_G_01561	alaska_permafrost_reference_SRR12756230bin.2	Bacteria	B69_L018	phylum	Chloroflexota	/phylum:Chloroflexota
NEE60_G_01570	alaska_permafrost_reference_SRR1586260rbin.8	Bacteria	B69_L018	phylum	Chloroflexota	/phylum:Chloroflexota
NEE60_G_01577	alaska_permafrost_reference_SRR1586269rbin.19	Bacteria	B69_L018	phylum	Chloroflexota	/phylum:Chloroflexota
NEE60_G_01583	alaska_permafrost_reference_SRR1586270rbin.7	Bacteria	B69_L018	phylum	Chloroflexota	/phylum:Chloroflexota
NEE60_G_01585	alaska_permafrost_reference_SRR1586276rbin.1	Bacteria	B69_L018	phylum	Chloroflexota	/phylum:Chloroflexota
NEE60_G_01590	alaska_permafrost_reference_SRR1586279rbin.2	Bacteria	B69_L018	phylum	Chloroflexota	/phylum:Chloroflexota
NEE60_G_01592	alaska_permafrost_reference_SRR1586279rbin.3	Bacteria	B69_L018	phylum	Chloroflexota	/phylum:Chloroflexota
NEE60_G_01599	alaska_permafrost_reference_SRR1586288rbin.2	Bacteria	B69_L018	phylum	Chloroflexota	/phylum:Chloroflexota
NEE60_G_01600	alaska_permafrost_reference_SRR1586289rbin.7	Bacteria	B69_L018	phylum	Chloroflexota	/phylum:Chloroflexota
NEE60_G_01601	alaska_permafrost_reference_SRR1586296rbin.3	Bacteria	B69_L018	phylum	Chloroflexota	/phylum:Chloroflexota
NEE60_G_01607	alaska_permafrost_reference_SRR1586304rbin.1	Bacteria	B69_L018	phylum	Chloroflexota	/phylum:Chloroflexota
NEE60_G_01610	alaska_permafrost_reference_SRR1586309rbin.1	Bacteria	B69_L018	phylum	Chloroflexota	/phylum:Chloroflexota
NEE60_G_01611	alaska_permafrost_reference_SRR1586309rbin.15	Bacteria	B69_L018	phylum	Chloroflexota	/phylum:Chloroflexota
NEE60_G_01626	alaska_permafrost_reference_SRR1586324rbin.20	Bacteria	B69_L018	phylum	Chloroflexota	/phylum:Chloroflexota
NEE60_G_01628	alaska_permafrost_reference_SRR1586324rbin.3	Bacteria	B69_L018	phylum	Chloroflexota	/phylum:Chloroflexota
NEE60_G_01629	alaska_permafrost_reference_SRR1586324rbin.8	Bacteria	B69_L018	phylum	Chloroflexota	/phylum:Chloroflexota
NEE60_G_01641	alaska_permafrost_reference_SRR3984961rbin.1	Bacteria	B69_L018	phylum	Chloroflexota	/phylum:Chloroflexota
NEE60_G_01642	alaska_permafrost_reference_SRR3984962rbin.17	Bacteria	B69_L018	phylum	Chloroflexota	/phylum:Chloroflexota
NEE60_G_01645	alaska_permafrost_reference_SRR3984962rbin.27	Bacteria	B69_L018	phylum	Chloroflexota	/phylum:Chloroflexota
NEE60_G_01657	alaska_permafrost_reference_SRR3985383rbin.2	Bacteria	B69_L018	phylum	Chloroflexota	/phylum:Chloroflexota
NEE60_G_01662	alaska_permafrost_reference_SRR3985390rbin.3	Bacteria	B69_L018	phylum	Chloroflexota	/phylum:Chloroflexota
NEE60_G_01688	alaska_permafrost_reference_SRR3989121rbin.11	Bacteria	B69_L018	phylum	Chloroflexota	/phylum:Chloroflexota
NEE60_G_01691	alaska_permafrost_reference_SRR3989121rbin.21	Bacteria	B69_L018	phylum	Chloroflexota	/phylum:Chloroflexota
NEE60_G_01696	alaska_permafrost_reference_SRR3989121rbin.37	Bacteria	B69_L018	phylum	Chloroflexota	/phylum:Chloroflexota
NEE60_G_01698	alaska_permafrost_reference_SRR3989121rbin.7	Bacteria	B69_L018	phylum	Chloroflexota	/phylum:Chloroflexota
NEE60_G_01703	alaska_permafrost_reference_SRR3989239rbin.24	Bacteria	B69_L018	phylum	Chloroflexota	/phylum:Chloroflexota
NEE60_G_01712	alaska_permafrost_reference_SRR3989254rbin.30	Bacteria	B69_L018	phylum	Chloroflexota	/phylum:Chloroflexota
NEE60_G_01745	alaska_permafrost_reference_SRR4027936rbin.10	Bacteria	B69_L018	phylum	Chloroflexota	/phylum:Chloroflexota
NEE60_G_01763	alaska_permafrost_reference_SRR5664279rbin.18	Bacteria	B69_L018	phylum	Chloroflexota	/phylum:Chloroflexota
NEE60_G_01768	alaska_permafrost_reference_SRR5664280rbin.3	Bacteria	B69_L018	phylum	Chloroflexota	/phylum:Chloroflexota
NEE60_G_01773	alaska_permafrost_reference_SRR5665213rbin.13	Bacteria	B69_L018	phylum	Chloroflexota	/phylum:Chloroflexota
NEE60_G_01777	alaska_permafrost_reference_SRR5665213rbin.38	Bacteria	B69_L018	phylum	Chloroflexota	/phylum:Chloroflexota
NEE60_G_01788	alaska_permafrost_reference_SRR5712671rbin.6	Bacteria	B69_L018	phylum	Chloroflexota	/phylum:Chloroflexota
NEE60_G_01792	alaska_permafrost_reference_SRR6185369rbin.15	Bacteria	B69_L018	phylum	Chloroflexota	/phylum:Chloroflexota
NEE60_G_01798	alaska_permafrost_reference_SRR6266550rbin.15	Bacteria	B69_L018	phylum	Chloroflexota	/phylum:Chloroflexota
NEE60_G_01803	alaska_permafrost_reference_SRR7026199rbin.1	Bacteria	B69_L018	phylum	Chloroflexota	/phylum:Chloroflexota
NEE60_G_01985	desert2025__GCA_030773035.1	Bacteria	B69_L018	phylum	Chloroflexota	/phylum:Chloroflexota
NEE60_G_01987	desert2025__GCA_030773095.1	Bacteria	B69_L018	phylum	Chloroflexota	/phylum:Chloroflexota
NEE60_G_02011	desert2025__GCA_030773735.1	Bacteria	B69_L018	phylum	Chloroflexota	/phylum:Chloroflexota
NEE60_G_02014	desert2025__GCA_030773815.1	Bacteria	B69_L018	phylum	Chloroflexota	/phylum:Chloroflexota
NEE60_G_02016	desert2025__GCA_030773855.1	Bacteria	B69_L018	phylum	Chloroflexota	/phylum:Chloroflexota
NEE60_G_02017	desert2025__GCA_030773875.1	Bacteria	B69_L018	phylum	Chloroflexota	/phylum:Chloroflexota
NEE60_G_02018	desert2025__GCA_030773895.1	Bacteria	B69_L018	phylum	Chloroflexota	/phylum:Chloroflexota
NEE60_G_02023	desert2025__GCA_030773995.1	Bacteria	B69_L018	phylum	Chloroflexota	/phylum:Chloroflexota
NEE60_G_02028	desert2025__GCA_030774095.1	Bacteria	B69_L018	phylum	Chloroflexota	/phylum:Chloroflexota
NEE60_G_02034	desert2025__GCA_030774255.1	Bacteria	B69_L018	phylum	Chloroflexota	/phylum:Chloroflexota
NEE60_G_02037	desert2025__GCA_030774315.1	Bacteria	B69_L018	phylum	Chloroflexota	/phylum:Chloroflexota
NEE60_G_02040	desert2025__GCA_030774375.1	Bacteria	B69_L018	phylum	Chloroflexota	/phylum:Chloroflexota
NEE60_G_02044	desert2025__GCA_030774455.1	Bacteria	B69_L018	phylum	Chloroflexota	/phylum:Chloroflexota
NEE60_G_02045	desert2025__GCA_030774475.1	Bacteria	B69_L018	phylum	Chloroflexota	/phylum:Chloroflexota
NEE60_G_02050	desert2025__GCA_030774575.1	Bacteria	B69_L018	phylum	Chloroflexota	/phylum:Chloroflexota
NEE60_G_02051	desert2025__GCA_030774595.1	Bacteria	B69_L018	phylum	Chloroflexota	/phylum:Chloroflexota
NEE60_G_02052	desert2025__GCA_030774615.1	Bacteria	B69_L018	phylum	Chloroflexota	/phylum:Chloroflexota
NEE60_G_02057	desert2025__GCA_030774745.1	Bacteria	B69_L018	phylum	Chloroflexota	/phylum:Chloroflexota
NEE60_G_02058	desert2025__GCA_030774765.1	Bacteria	B69_L018	phylum	Chloroflexota	/phylum:Chloroflexota
NEE60_G_02064	desert2025__GCA_030774905.1	Bacteria	B69_L018	phylum	Chloroflexota	/phylum:Chloroflexota
NEE60_G_02141	desert2025__GCA_030777155.1	Bacteria	B69_L018	phylum	Chloroflexota	/phylum:Chloroflexota
NEE60_G_02143	desert2025__GCA_030777205.1	Bacteria	B69_L018	phylum	Chloroflexota	/phylum:Chloroflexota
NEE60_G_02166	desert2025__GCA_030852675.1	Bacteria	B69_L018	phylum	Chloroflexota	/phylum:Chloroflexota
NEE60_G_02172	desert2025__GCA_030852865.1	Bacteria	B69_L018	phylum	Chloroflexota	/phylum:Chloroflexota
NEE60_G_02173	desert2025__GCA_030852885.1	Bacteria	B69_L018	phylum	Chloroflexota	/phylum:Chloroflexota
NEE60_G_02174	desert2025__GCA_030852905.1	Bacteria	B69_L018	phylum	Chloroflexota	/phylum:Chloroflexota
NEE60_G_02184	desert2025__GCA_030853145.1	Bacteria	B69_L018	phylum	Chloroflexota	/phylum:Chloroflexota
NEE60_G_02191	desert2025__GCA_030853305.1	Bacteria	B69_L018	phylum	Chloroflexota	/phylum:Chloroflexota
NEE60_G_02204	desert2025__GCA_030853625.1	Bacteria	B69_L018	phylum	Chloroflexota	/phylum:Chloroflexota
NEE60_G_02210	desert2025__GCA_030853735.1	Bacteria	B69_L018	phylum	Chloroflexota	/phylum:Chloroflexota
NEE60_G_02219	desert2025__GCA_030853945.1	Bacteria	B69_L018	phylum	Chloroflexota	/phylum:Chloroflexota
NEE60_G_02229	desert2025__GCA_030854145.1	Bacteria	B69_L018	phylum	Chloroflexota	/phylum:Chloroflexota
NEE60_G_02232	desert2025__GCA_030854195.1	Bacteria	B69_L018	phylum	Chloroflexota	/phylum:Chloroflexota
NEE60_G_02237	desert2025__GCA_030854305.1	Bacteria	B69_L018	phylum	Chloroflexota	/phylum:Chloroflexota
NEE60_G_02241	desert2025__GCA_030854405.1	Bacteria	B69_L018	phylum	Chloroflexota	/phylum:Chloroflexota
NEE60_G_02242	desert2025__GCA_030854425.1	Bacteria	B69_L018	phylum	Chloroflexota	/phylum:Chloroflexota
NEE60_G_02247	desert2025__GCA_030854525.1	Bacteria	B69_L018	phylum	Chloroflexota	/phylum:Chloroflexota
NEE60_G_02248	desert2025__GCA_030854545.1	Bacteria	B69_L018	phylum	Chloroflexota	/phylum:Chloroflexota
NEE60_G_02261	desert2025__GCA_030854855.1	Bacteria	B69_L018	phylum	Chloroflexota	/phylum:Chloroflexota
NEE60_G_02262	desert2025__GCA_030854885.1	Bacteria	B69_L018	phylum	Chloroflexota	/phylum:Chloroflexota
NEE60_G_02270	desert2025__GCA_030855035.1	Bacteria	B69_L018	phylum	Chloroflexota	/phylum:Chloroflexota
NEE60_G_02318	desert2025__GCA_030856145.1	Bacteria	B69_L018	phylum	Chloroflexota	/phylum:Chloroflexota
NEE60_G_02319	desert2025__GCA_030856175.1	Bacteria	B69_L018	phylum	Chloroflexota	/phylum:Chloroflexota
NEE60_G_02345	desert2025__GCA_030856885.1	Bacteria	B69_L018	phylum	Chloroflexota	/phylum:Chloroflexota
NEE60_G_02369	desert2025__GCA_030857545.1	Bacteria	B69_L018	phylum	Chloroflexota	/phylum:Chloroflexota
NEE60_G_02372	desert2025__GCA_030857645.1	Bacteria	B69_L018	phylum	Chloroflexota	/phylum:Chloroflexota
NEE60_G_02384	desert2025__GCA_030858025.1	Bacteria	B69_L018	phylum	Chloroflexota	/phylum:Chloroflexota
NEE60_G_02385	desert2025__GCA_030858045.1	Bacteria	B69_L018	phylum	Chloroflexota	/phylum:Chloroflexota
NEE60_G_02399	desert2025__GCA_030858605.1	Bacteria	B69_L018	phylum	Chloroflexota	/phylum:Chloroflexota
NEE60_G_02403	desert2025__GCA_030858685.1	Bacteria	B69_L018	phylum	Chloroflexota	/phylum:Chloroflexota
NEE60_G_02404	desert2025__GCA_030858705.1	Bacteria	B69_L018	phylum	Chloroflexota	/phylum:Chloroflexota
NEE60_G_02408	desert2025__GCA_030858805.1	Bacteria	B69_L018	phylum	Chloroflexota	/phylum:Chloroflexota
NEE60_G_02409	desert2025__GCA_030858825.1	Bacteria	B69_L018	phylum	Chloroflexota	/phylum:Chloroflexota
NEE60_G_02417	desert2025__GCA_030859005.1	Bacteria	B69_L018	phylum	Chloroflexota	/phylum:Chloroflexota
NEE60_G_02419	desert2025__GCA_030859065.1	Bacteria	B69_L018	phylum	Chloroflexota	/phylum:Chloroflexota
NEE60_G_02433	desert2025__GCA_030859425.1	Bacteria	B69_L018	phylum	Chloroflexota	/phylum:Chloroflexota
NEE60_G_02446	desert2025__GCA_030859715.1	Bacteria	B69_L018	phylum	Chloroflexota	/phylum:Chloroflexota
NEE60_G_02455	desert2025__GCA_030859955.1	Bacteria	B69_L018	phylum	Chloroflexota	/phylum:Chloroflexota
NEE60_G_02462	desert2025__GCA_030860125.1	Bacteria	B69_L018	phylum	Chloroflexota	/phylum:Chloroflexota
NEE60_G_02477	desert2025__GCA_030860425.1	Bacteria	B69_L018	phylum	Chloroflexota	/phylum:Chloroflexota
NEE60_G_02497	desert2025__GCA_030860875.1	Bacteria	B69_L018	phylum	Chloroflexota	/phylum:Chloroflexota
NEE60_G_02499	desert2025__GCA_030860945.1	Bacteria	B69_L018	phylum	Chloroflexota	/phylum:Chloroflexota
NEE60_G_02509	desert2025__GCA_030861175.1	Bacteria	B69_L018	phylum	Chloroflexota	/phylum:Chloroflexota
NEE60_G_02515	desert2025__GCA_030861365.1	Bacteria	B69_L018	phylum	Chloroflexota	/phylum:Chloroflexota
NEE60_G_02523	desert2025__GCA_030861525.1	Bacteria	B69_L018	phylum	Chloroflexota	/phylum:Chloroflexota
NEE60_G_02541	desert2025__GCA_030861945.1	Bacteria	B69_L018	phylum	Chloroflexota	/phylum:Chloroflexota
NEE60_G_02572	desert2025__GCA_030862645.1	Bacteria	B69_L018	phylum	Chloroflexota	/phylum:Chloroflexota
NEE60_G_02596	desert2025__GCA_030863165.1	Bacteria	B69_L018	phylum	Chloroflexota	/phylum:Chloroflexota
NEE60_G_02599	desert2025__GCA_030863215.1	Bacteria	B69_L018	phylum	Chloroflexota	/phylum:Chloroflexota
NEE60_G_02600	desert2025__GCA_030863245.1	Bacteria	B69_L018	phylum	Chloroflexota	/phylum:Chloroflexota
NEE60_G_02624	desert2025__GCA_030913985.1	Bacteria	B69_L018	phylum	Chloroflexota	/phylum:Chloroflexota
NEE60_G_02625	desert2025__GCA_030914045.1	Bacteria	B69_L018	phylum	Chloroflexota	/phylum:Chloroflexota
NEE60_G_02630	desert2025__GCA_030914225.1	Bacteria	B69_L018	phylum	Chloroflexota	/phylum:Chloroflexota
NEE60_G_02638	desert2025__GCA_030945985.1	Bacteria	B69_L018	phylum	Chloroflexota	/phylum:Chloroflexota
NEE60_G_02639	desert2025__GCA_030946065.1	Bacteria	B69_L018	phylum	Chloroflexota	/phylum:Chloroflexota
NEE60_G_02646	desert2025__GCA_030946335.1	Bacteria	B69_L018	phylum	Chloroflexota	/phylum:Chloroflexota
NEE60_G_02654	desert2025__GCA_030946685.1	Bacteria	B69_L018	phylum	Chloroflexota	/phylum:Chloroflexota
NEE60_G_02656	desert2025__GCA_030946725.1	Bacteria	B69_L018	phylum	Chloroflexota	/phylum:Chloroflexota
NEE60_G_02657	desert2025__GCA_030946735.1	Bacteria	B69_L018	phylum	Chloroflexota	/phylum:Chloroflexota
NEE60_G_02658	desert2025__GCA_030946755.1	Bacteria	B69_L018	phylum	Chloroflexota	/phylum:Chloroflexota
NEE60_G_02661	desert2025__GCA_030946825.1	Bacteria	B69_L018	phylum	Chloroflexota	/phylum:Chloroflexota
NEE60_G_02662	desert2025__GCA_030946835.1	Bacteria	B69_L018	phylum	Chloroflexota	/phylum:Chloroflexota
NEE60_G_02672	desert2025__GCA_030947065.1	Bacteria	B69_L018	phylum	Chloroflexota	/phylum:Chloroflexota
NEE60_G_02679	desert2025__GCA_030947205.1	Bacteria	B69_L018	phylum	Chloroflexota	/phylum:Chloroflexota
NEE60_G_02683	desert2025__GCA_030947285.1	Bacteria	B69_L018	phylum	Chloroflexota	/phylum:Chloroflexota
NEE60_G_02700	desert2025__GCA_030948145.1	Bacteria	B69_L018	phylum	Chloroflexota	/phylum:Chloroflexota
NEE60_G_02701	desert2025__GCA_030948155.1	Bacteria	B69_L018	phylum	Chloroflexota	/phylum:Chloroflexota
NEE60_G_02705	desert2025__GCA_030948245.1	Bacteria	B69_L018	phylum	Chloroflexota	/phylum:Chloroflexota
NEE60_G_02708	desert2025__GCA_030948325.1	Bacteria	B69_L018	phylum	Chloroflexota	/phylum:Chloroflexota
NEE60_G_02713	desert2025__GCA_030948445.1	Bacteria	B69_L018	phylum	Chloroflexota	/phylum:Chloroflexota
NEE60_G_02716	desert2025__GCA_030948505.1	Bacteria	B69_L018	phylum	Chloroflexota	/phylum:Chloroflexota
NEE60_G_02719	desert2025__GCA_030948585.1	Bacteria	B69_L018	phylum	Chloroflexota	/phylum:Chloroflexota
NEE60_G_02728	desert2025__GCA_030948775.1	Bacteria	B69_L018	phylum	Chloroflexota	/phylum:Chloroflexota
NEE60_G_02731	desert2025__GCA_030948845.1	Bacteria	B69_L018	phylum	Chloroflexota	/phylum:Chloroflexota
NEE60_G_02737	desert2025__GCA_030948965.1	Bacteria	B69_L018	phylum	Chloroflexota	/phylum:Chloroflexota
NEE60_G_02738	desert2025__GCA_030948985.1	Bacteria	B69_L018	phylum	Chloroflexota	/phylum:Chloroflexota
NEE60_G_02886	qaidam_basin_mmag_1773_CHGRbin19	Bacteria	B69_L018	phylum	Chloroflexota	/phylum:Chloroflexota
NEE60_G_02916	qaidam_basin_mmag_1773_CHGYbin2	Bacteria	B69_L018	phylum	Chloroflexota	/phylum:Chloroflexota
NEE60_G_02918	qaidam_basin_mmag_1773_CHGYbin21	Bacteria	B69_L018	phylum	Chloroflexota	/phylum:Chloroflexota
NEE60_G_02921	qaidam_basin_mmag_1773_CHGYbin27	Bacteria	B69_L018	phylum	Chloroflexota	/phylum:Chloroflexota
NEE60_G_02928	qaidam_basin_mmag_1773_CHGYbin34	Bacteria	B69_L018	phylum	Chloroflexota	/phylum:Chloroflexota
NEE60_G_02931	qaidam_basin_mmag_1773_CHGYbin37	Bacteria	B69_L018	phylum	Chloroflexota	/phylum:Chloroflexota
NEE60_G_02943	qaidam_basin_mmag_1773_CJ0912_0_5bin17	Bacteria	B69_L018	phylum	Chloroflexota	/phylum:Chloroflexota
NEE60_G_02945	qaidam_basin_mmag_1773_CJ0912_0_5bin2	Bacteria	B69_L018	phylum	Chloroflexota	/phylum:Chloroflexota
NEE60_G_02949	qaidam_basin_mmag_1773_CJ0912_0_5bin25	Bacteria	B69_L018	phylum	Chloroflexota	/phylum:Chloroflexota
NEE60_G_02957	qaidam_basin_mmag_1773_CJ0912_0_5bin36	Bacteria	B69_L018	phylum	Chloroflexota	/phylum:Chloroflexota
NEE60_G_02958	qaidam_basin_mmag_1773_CJ0912_0_5bin5	Bacteria	B69_L018	phylum	Chloroflexota	/phylum:Chloroflexota
NEE60_G_02960	qaidam_basin_mmag_1773_CJ0912_0_5bin8	Bacteria	B69_L018	phylum	Chloroflexota	/phylum:Chloroflexota
NEE60_G_03018	qaidam_basin_mmag_1773_CJ0912_25_30bin37	Bacteria	B69_L018	phylum	Chloroflexota	/phylum:Chloroflexota
NEE60_G_03039	qaidam_basin_mmag_1773_CJ0912_30_35bin43	Bacteria	B69_L018	phylum	Chloroflexota	/phylum:Chloroflexota
NEE60_G_03040	qaidam_basin_mmag_1773_CJ0912_30_35bin46	Bacteria	B69_L018	phylum	Chloroflexota	/phylum:Chloroflexota
NEE60_G_03053	qaidam_basin_mmag_1773_CJ0912_30_35bin7	Bacteria	B69_L018	phylum	Chloroflexota	/phylum:Chloroflexota
NEE60_G_03066	qaidam_basin_mmag_1773_CJ0912_35_40bin27	Bacteria	B69_L018	phylum	Chloroflexota	/phylum:Chloroflexota
NEE60_G_03071	qaidam_basin_mmag_1773_CJ0912_35_40bin37	Bacteria	B69_L018	phylum	Chloroflexota	/phylum:Chloroflexota
NEE60_G_03105	qaidam_basin_mmag_1773_CJ0912_40_45bin5	Bacteria	B69_L018	phylum	Chloroflexota	/phylum:Chloroflexota
NEE60_G_03137	qaidam_basin_mmag_1773_CJ0912_5_10bin46	Bacteria	B69_L018	phylum	Chloroflexota	/phylum:Chloroflexota
NEE60_G_03148	qaidam_basin_mmag_1773_CJS_1_0912bin17	Bacteria	B69_L018	phylum	Chloroflexota	/phylum:Chloroflexota
NEE60_G_03158	qaidam_basin_mmag_1773_CJS_1_0912bin27	Bacteria	B69_L018	phylum	Chloroflexota	/phylum:Chloroflexota
NEE60_G_03162	qaidam_basin_mmag_1773_CJS_1_0912bin30	Bacteria	B69_L018	phylum	Chloroflexota	/phylum:Chloroflexota
NEE60_G_03165	qaidam_basin_mmag_1773_CJS_1_0912bin34	Bacteria	B69_L018	phylum	Chloroflexota	/phylum:Chloroflexota
NEE60_G_03200	qaidam_basin_mmag_1773_DLTCJS10_15bin38	Bacteria	B69_L018	phylum	Chloroflexota	/phylum:Chloroflexota
NEE60_G_03215	qaidam_basin_mmag_1773_DLTCJS10_15bin78	Bacteria	B69_L018	phylum	Chloroflexota	/phylum:Chloroflexota
NEE60_G_03283	qaidam_basin_mmag_1773_DLTCJS25_30bin33	Bacteria	B69_L018	phylum	Chloroflexota	/phylum:Chloroflexota
NEE60_G_03293	qaidam_basin_mmag_1773_DLTCJS25_30bin47	Bacteria	B69_L018	phylum	Chloroflexota	/phylum:Chloroflexota
NEE60_G_03482	qaidam_basin_mmag_1773_FCHGbin31	Bacteria	B69_L018	phylum	Chloroflexota	/phylum:Chloroflexota
NEE60_G_03486	qaidam_basin_mmag_1773_FCHGbin37	Bacteria	B69_L018	phylum	Chloroflexota	/phylum:Chloroflexota
NEE60_G_03509	qaidam_basin_mmag_1773_L_0707_10_15bin19	Bacteria	B69_L018	phylum	Chloroflexota	/phylum:Chloroflexota
NEE60_G_03536	qaidam_basin_mmag_1773_L_0707_10_15bin50	Bacteria	B69_L018	phylum	Chloroflexota	/phylum:Chloroflexota
NEE60_G_03572	qaidam_basin_mmag_1773_L_0707_15_20bin17	Bacteria	B69_L018	phylum	Chloroflexota	/phylum:Chloroflexota
NEE60_G_03581	qaidam_basin_mmag_1773_L_0707_15_20bin25	Bacteria	B69_L018	phylum	Chloroflexota	/phylum:Chloroflexota
NEE60_G_03588	qaidam_basin_mmag_1773_L_0707_15_20bin34	Bacteria	B69_L018	phylum	Chloroflexota	/phylum:Chloroflexota
NEE60_G_03593	qaidam_basin_mmag_1773_L_0707_15_20bin40	Bacteria	B69_L018	phylum	Chloroflexota	/phylum:Chloroflexota
NEE60_G_03602	qaidam_basin_mmag_1773_L_0707_15_20bin54	Bacteria	B69_L018	phylum	Chloroflexota	/phylum:Chloroflexota
NEE60_G_03609	qaidam_basin_mmag_1773_L_0707_15_20bin61	Bacteria	B69_L018	phylum	Chloroflexota	/phylum:Chloroflexota
NEE60_G_03615	qaidam_basin_mmag_1773_L_0707_15_20bin9	Bacteria	B69_L018	phylum	Chloroflexota	/phylum:Chloroflexota
NEE60_G_03616	qaidam_basin_mmag_1773_L_0707_2_5bin1	Bacteria	B69_L018	phylum	Chloroflexota	/phylum:Chloroflexota
NEE60_G_03623	qaidam_basin_mmag_1773_L_0707_2_5bin19	Bacteria	B69_L018	phylum	Chloroflexota	/phylum:Chloroflexota
NEE60_G_03625	qaidam_basin_mmag_1773_L_0707_2_5bin20	Bacteria	B69_L018	phylum	Chloroflexota	/phylum:Chloroflexota
NEE60_G_03628	qaidam_basin_mmag_1773_L_0707_2_5bin24	Bacteria	B69_L018	phylum	Chloroflexota	/phylum:Chloroflexota
NEE60_G_03636	qaidam_basin_mmag_1773_L_0707_2_5bin33	Bacteria	B69_L018	phylum	Chloroflexota	/phylum:Chloroflexota
NEE60_G_03658	qaidam_basin_mmag_1773_L_0707_2_5bin62	Bacteria	B69_L018	phylum	Chloroflexota	/phylum:Chloroflexota
NEE60_G_03674	qaidam_basin_mmag_1773_L_0707_40_50bin21	Bacteria	B69_L018	phylum	Chloroflexota	/phylum:Chloroflexota
NEE60_G_03697	qaidam_basin_mmag_1773_L_0707_40_50bin43	Bacteria	B69_L018	phylum	Chloroflexota	/phylum:Chloroflexota
NEE60_G_03731	qaidam_basin_mmag_1773_L_0712_20_25bin14	Bacteria	B69_L018	phylum	Chloroflexota	/phylum:Chloroflexota
NEE60_G_03739	qaidam_basin_mmag_1773_L_0712_20_25bin23	Bacteria	B69_L018	phylum	Chloroflexota	/phylum:Chloroflexota
NEE60_G_03831	qaidam_basin_mmag_1773_L_21_NSL0_5bin9	Bacteria	B69_L018	phylum	Chloroflexota	/phylum:Chloroflexota
NEE60_G_03841	qaidam_basin_mmag_1773_NSL0_5_2bin15	Bacteria	B69_L018	phylum	Chloroflexota	/phylum:Chloroflexota
NEE60_G_03859	qaidam_basin_mmag_1773_NSL1015bin1	Bacteria	B69_L018	phylum	Chloroflexota	/phylum:Chloroflexota
NEE60_G_03865	qaidam_basin_mmag_1773_NSL1015bin24	Bacteria	B69_L018	phylum	Chloroflexota	/phylum:Chloroflexota
NEE60_G_03874	qaidam_basin_mmag_1773_NSL1015bin36	Bacteria	B69_L018	phylum	Chloroflexota	/phylum:Chloroflexota
NEE60_G_03875	qaidam_basin_mmag_1773_NSL1015bin37	Bacteria	B69_L018	phylum	Chloroflexota	/phylum:Chloroflexota
NEE60_G_03884	qaidam_basin_mmag_1773_NSL1520bin25	Bacteria	B69_L018	phylum	Chloroflexota	/phylum:Chloroflexota
NEE60_G_03889	qaidam_basin_mmag_1773_NSL1520bin9	Bacteria	B69_L018	phylum	Chloroflexota	/phylum:Chloroflexota
NEE60_G_03919	qaidam_basin_mmag_1773_NSL30_35bin18	Bacteria	B69_L018	phylum	Chloroflexota	/phylum:Chloroflexota
NEE60_G_03932	qaidam_basin_mmag_1773_NSL30_35bin40	Bacteria	B69_L018	phylum	Chloroflexota	/phylum:Chloroflexota
NEE60_G_03952	qaidam_basin_mmag_1773_NSLT11bin10	Bacteria	B69_L018	phylum	Chloroflexota	/phylum:Chloroflexota
NEE60_G_03953	qaidam_basin_mmag_1773_NSLT11bin16	Bacteria	B69_L018	phylum	Chloroflexota	/phylum:Chloroflexota
NEE60_G_03956	qaidam_basin_mmag_1773_NSLT11bin20	Bacteria	B69_L018	phylum	Chloroflexota	/phylum:Chloroflexota
NEE60_G_03957	qaidam_basin_mmag_1773_NSLT11bin21	Bacteria	B69_L018	phylum	Chloroflexota	/phylum:Chloroflexota
NEE60_G_03958	qaidam_basin_mmag_1773_NSLT11bin26	Bacteria	B69_L018	phylum	Chloroflexota	/phylum:Chloroflexota
NEE60_G_03977	qaidam_basin_mmag_1773_NSLT21bin18	Bacteria	B69_L018	phylum	Chloroflexota	/phylum:Chloroflexota
NEE60_G_03987	qaidam_basin_mmag_1773_NSLT21bin5	Bacteria	B69_L018	phylum	Chloroflexota	/phylum:Chloroflexota
NEE60_G_03990	qaidam_basin_mmag_1773_NSLT22bin1	Bacteria	B69_L018	phylum	Chloroflexota	/phylum:Chloroflexota
NEE60_G_03996	qaidam_basin_mmag_1773_NSLT22bin17	Bacteria	B69_L018	phylum	Chloroflexota	/phylum:Chloroflexota
NEE60_G_03997	qaidam_basin_mmag_1773_NSLT22bin18	Bacteria	B69_L018	phylum	Chloroflexota	/phylum:Chloroflexota
NEE60_G_04008	qaidam_basin_mmag_1773_NSLT22bin32	Bacteria	B69_L018	phylum	Chloroflexota	/phylum:Chloroflexota
NEE60_G_04019	qaidam_basin_mmag_1773_NSLT22bin43	Bacteria	B69_L018	phylum	Chloroflexota	/phylum:Chloroflexota
NEE60_G_04034	qaidam_basin_mmag_1773_S305CJS_Drybin1	Bacteria	B69_L018	phylum	Chloroflexota	/phylum:Chloroflexota
NEE60_G_04071	qaidam_basin_mmag_1773_S305CJS_Wetbin29	Bacteria	B69_L018	phylum	Chloroflexota	/phylum:Chloroflexota
NEE60_G_04086	qaidam_basin_mmag_1773_YPbin2	Bacteria	B69_L018	phylum	Chloroflexota	/phylum:Chloroflexota
NEE60_G_04090	qaidam_basin_mmag_1773_YX1bin12	Bacteria	B69_L018	phylum	Chloroflexota	/phylum:Chloroflexota
NEE60_G_04101	qaidam_basin_mmag_1773_YX2bin18	Bacteria	B69_L018	phylum	Chloroflexota	/phylum:Chloroflexota
NEE60_G_04106	qaidam_basin_mmag_1773_YX2bin3	Bacteria	B69_L018	phylum	Chloroflexota	/phylum:Chloroflexota
NEE60_G_04114	qaidam_basin_mmag_1773_YX3bin17	Bacteria	B69_L018	phylum	Chloroflexota	/phylum:Chloroflexota
NEE60_G_04120	qaidam_basin_mmag_1773_YX3bin24	Bacteria	B69_L018	phylum	Chloroflexota	/phylum:Chloroflexota
NEE60_G_04122	qaidam_basin_mmag_1773_YX3bin3	Bacteria	B69_L018	phylum	Chloroflexota	/phylum:Chloroflexota
NEE60_G_04123	qaidam_basin_mmag_1773_YX3bin5	Bacteria	B69_L018	phylum	Chloroflexota	/phylum:Chloroflexota
NEE60_G_04124	qaidam_basin_mmag_1773_YX3bin7	Bacteria	B69_L018	phylum	Chloroflexota	/phylum:Chloroflexota
NEE60_G_04135	stordalen_mire_2019_hybrid_mags_cmr2.MA.201907_E_1_20to24_12.fna	Bacteria	B69_L018	phylum	Chloroflexota	/phylum:Chloroflexota
NEE60_G_04145	stordalen_mire_2019_hybrid_mags_cmr2.MA.201907_E_1_20to24_30.fna	Bacteria	B69_L018	phylum	Chloroflexota	/phylum:Chloroflexota
NEE60_G_04181	stordalen_mire_2019_hybrid_mags_cmr2.MA.201907_P_1_1to5_7.fna	Bacteria	B69_L018	phylum	Chloroflexota	/phylum:Chloroflexota
NEE60_G_04291	stordalen_mire_2019_hybrid_mags_cmr5.MA.201907_E_1_20to24_17.fna	Bacteria	B69_L018	phylum	Chloroflexota	/phylum:Chloroflexota
NEE60_G_04341	stordalen_mire_2019_hybrid_mags_cmr5.MA.201907_S_1_20to24_20.fna	Bacteria	B69_L018	phylum	Chloroflexota	/phylum:Chloroflexota
NEE60_G_04365	stordalen_mire_2019_hybrid_mags_cmr6.MA.201907_E_1_1to5_8.fna	Bacteria	B69_L018	phylum	Chloroflexota	/phylum:Chloroflexota
NEE60_G_04378	stordalen_mire_2019_hybrid_mags_cmr6.MA.201907_E_1_20to24_29.fna	Bacteria	B69_L018	phylum	Chloroflexota	/phylum:Chloroflexota
NEE60_G_04380	stordalen_mire_2019_hybrid_mags_cmr6.MA.201907_E_1_20to24_30.fna	Bacteria	B69_L018	phylum	Chloroflexota	/phylum:Chloroflexota
NEE60_G_04387	stordalen_mire_2019_hybrid_mags_cmr6.MA.201907_E_1_20to24_41.fna	Bacteria	B69_L018	phylum	Chloroflexota	/phylum:Chloroflexota
NEE60_G_04434	stordalen_mire_2019_hybrid_mags_cmr6.MA.201907_P_1_20to24_37.fna	Bacteria	B69_L018	phylum	Chloroflexota	/phylum:Chloroflexota
NEE60_G_00145	GCA_050695295.1_genomic	Bacteria	B69_L019	phylum	Cyanobacteriota	/phylum:Cyanobacteriota
NEE60_G_00437	GCA_050736335.1_genomic	Bacteria	B69_L019	phylum	Cyanobacteriota	/phylum:Cyanobacteriota
NEE60_G_00768	MAG29	Bacteria	B69_L019	phylum	Cyanobacteriota	/phylum:Cyanobacteriota
NEE60_G_00786	MAG47	Bacteria	B69_L019	phylum	Cyanobacteriota	/phylum:Cyanobacteriota
NEE60_G_00897	NEE56_danakil__GCA_042218725.1	Bacteria	B69_L019	phylum	Cyanobacteriota	/phylum:Cyanobacteriota
NEE60_G_01301	NEE56_mackay__GCA_013821625.1	Bacteria	B69_L019	phylum	Cyanobacteriota	/phylum:Cyanobacteriota
NEE60_G_01528	alaska_permafrost_reference_SRR11719874bin.1	Bacteria	B69_L019	phylum	Cyanobacteriota	/phylum:Cyanobacteriota
NEE60_G_01553	alaska_permafrost_reference_SRR12347921bin.3	Bacteria	B69_L019	phylum	Cyanobacteriota	/phylum:Cyanobacteriota
NEE60_G_01852	atacama_halite_rainfall_prjna484015_SG1_Euhalothece_44_8	Bacteria	B69_L019	phylum	Cyanobacteriota	/phylum:Cyanobacteriota
NEE60_G_01940	atacama_salt_crust_prjna351262_GCA_003021505.1_ASM302150v1_genomic	Bacteria	B69_L019	phylum	Cyanobacteriota	/phylum:Cyanobacteriota
NEE60_G_01952	atacama_salt_crust_prjna351262_GCA_003022125.1_ASM302212v1_genomic	Bacteria	B69_L019	phylum	Cyanobacteriota	/phylum:Cyanobacteriota
NEE60_G_02132	desert2025__GCA_030776905.1	Bacteria	B69_L019	phylum	Cyanobacteriota	/phylum:Cyanobacteriota
NEE60_G_02134	desert2025__GCA_030776945.1	Bacteria	B69_L019	phylum	Cyanobacteriota	/phylum:Cyanobacteriota
NEE60_G_02759	qaidam_basin_mmag_1773_AKQ1bin41	Bacteria	B69_L019	phylum	Cyanobacteriota	/phylum:Cyanobacteriota
NEE60_G_02761	qaidam_basin_mmag_1773_AKQ1bin47	Bacteria	B69_L019	phylum	Cyanobacteriota	/phylum:Cyanobacteriota
NEE60_G_02769	qaidam_basin_mmag_1773_AKQ2bin11	Bacteria	B69_L019	phylum	Cyanobacteriota	/phylum:Cyanobacteriota
NEE60_G_02776	qaidam_basin_mmag_1773_AKQ2bin34	Bacteria	B69_L019	phylum	Cyanobacteriota	/phylum:Cyanobacteriota
NEE60_G_02919	qaidam_basin_mmag_1773_CHGYbin22	Bacteria	B69_L019	phylum	Cyanobacteriota	/phylum:Cyanobacteriota
NEE60_G_03172	qaidam_basin_mmag_1773_CJS_1_0912bin42	Bacteria	B69_L019	phylum	Cyanobacteriota	/phylum:Cyanobacteriota
NEE60_G_03384	qaidam_basin_mmag_1773_DLTSQ0_15bin6	Bacteria	B69_L019	phylum	Cyanobacteriota	/phylum:Cyanobacteriota
NEE60_G_03665	qaidam_basin_mmag_1773_L_0707_40_50bin11	Bacteria	B69_L019	phylum	Cyanobacteriota	/phylum:Cyanobacteriota
NEE60_G_03678	qaidam_basin_mmag_1773_L_0707_40_50bin25	Bacteria	B69_L019	phylum	Cyanobacteriota	/phylum:Cyanobacteriota
NEE60_G_03696	qaidam_basin_mmag_1773_L_0707_40_50bin42	Bacteria	B69_L019	phylum	Cyanobacteriota	/phylum:Cyanobacteriota
NEE60_G_03728	qaidam_basin_mmag_1773_L_0707_40_50bin9	Bacteria	B69_L019	phylum	Cyanobacteriota	/phylum:Cyanobacteriota
NEE60_G_03855	qaidam_basin_mmag_1773_NSL0_5_2bin49	Bacteria	B69_L019	phylum	Cyanobacteriota	/phylum:Cyanobacteriota
NEE60_G_03982	qaidam_basin_mmag_1773_NSLT21bin26	Bacteria	B69_L019	phylum	Cyanobacteriota	/phylum:Cyanobacteriota
NEE60_G_04028	qaidam_basin_mmag_1773_NSLT22bin57	Bacteria	B69_L019	phylum	Cyanobacteriota	/phylum:Cyanobacteriota
NEE60_G_00044	GCA_046260675.1	Bacteria	B69_L020	phylum	Deinococcota	/phylum:Deinococcota
NEE60_G_00749	MAG10	Bacteria	B69_L020	phylum	Deinococcota	/phylum:Deinococcota
NEE60_G_00800	MAG61	Bacteria	B69_L020	phylum	Deinococcota	/phylum:Deinococcota
NEE60_G_01066	NEE56_mackay__GCA_013697735.1	Bacteria	B69_L020	phylum	Deinococcota	/phylum:Deinococcota
NEE60_G_02374	desert2025__GCA_030857785.1	Bacteria	B69_L020	phylum	Deinococcota	/phylum:Deinococcota
NEE60_G_02395	desert2025__GCA_030858465.1	Bacteria	B69_L020	phylum	Deinococcota	/phylum:Deinococcota
NEE60_G_02840	qaidam_basin_mmag_1773_CG2021bin2	Bacteria	B69_L020	phylum	Deinococcota	/phylum:Deinococcota
NEE60_G_02845	qaidam_basin_mmag_1773_CG2021bin28	Bacteria	B69_L020	phylum	Deinococcota	/phylum:Deinococcota
NEE60_G_02896	qaidam_basin_mmag_1773_CHGRbin31	Bacteria	B69_L020	phylum	Deinococcota	/phylum:Deinococcota
NEE60_G_02929	qaidam_basin_mmag_1773_CHGYbin35	Bacteria	B69_L020	phylum	Deinococcota	/phylum:Deinococcota
NEE60_G_02936	qaidam_basin_mmag_1773_CHGYbin46	Bacteria	B69_L020	phylum	Deinococcota	/phylum:Deinococcota
NEE60_G_02971	qaidam_basin_mmag_1773_CJ0912_10_15bin33	Bacteria	B69_L020	phylum	Deinococcota	/phylum:Deinococcota
NEE60_G_02994	qaidam_basin_mmag_1773_CJ0912_15_20bin7	Bacteria	B69_L020	phylum	Deinococcota	/phylum:Deinococcota
NEE60_G_02998	qaidam_basin_mmag_1773_CJ0912_20_25bin22	Bacteria	B69_L020	phylum	Deinococcota	/phylum:Deinococcota
NEE60_G_03010	qaidam_basin_mmag_1773_CJ0912_25_30bin20	Bacteria	B69_L020	phylum	Deinococcota	/phylum:Deinococcota
NEE60_G_03014	qaidam_basin_mmag_1773_CJ0912_25_30bin3	Bacteria	B69_L020	phylum	Deinococcota	/phylum:Deinococcota
NEE60_G_03118	qaidam_basin_mmag_1773_CJ0912_5_10bin17	Bacteria	B69_L020	phylum	Deinococcota	/phylum:Deinococcota
NEE60_G_03128	qaidam_basin_mmag_1773_CJ0912_5_10bin34	Bacteria	B69_L020	phylum	Deinococcota	/phylum:Deinococcota
NEE60_G_03142	qaidam_basin_mmag_1773_CJS_1_0912bin1	Bacteria	B69_L020	phylum	Deinococcota	/phylum:Deinococcota
NEE60_G_03230	qaidam_basin_mmag_1773_DLTCJS15_20bin63	Bacteria	B69_L020	phylum	Deinococcota	/phylum:Deinococcota
NEE60_G_03396	qaidam_basin_mmag_1773_DLTSQ15_20bin3	Bacteria	B69_L020	phylum	Deinococcota	/phylum:Deinococcota
NEE60_G_03441	qaidam_basin_mmag_1773_DLTYbin10	Bacteria	B69_L020	phylum	Deinococcota	/phylum:Deinococcota
NEE60_G_03483	qaidam_basin_mmag_1773_FCHGbin33	Bacteria	B69_L020	phylum	Deinococcota	/phylum:Deinococcota
NEE60_G_03500	qaidam_basin_mmag_1773_FCHGbin9	Bacteria	B69_L020	phylum	Deinococcota	/phylum:Deinococcota
NEE60_G_03738	qaidam_basin_mmag_1773_L_0712_20_25bin22	Bacteria	B69_L020	phylum	Deinococcota	/phylum:Deinococcota
NEE60_G_03774	qaidam_basin_mmag_1773_L_0712_20_25bin64	Bacteria	B69_L020	phylum	Deinococcota	/phylum:Deinococcota
NEE60_G_03846	qaidam_basin_mmag_1773_NSL0_5_2bin3	Bacteria	B69_L020	phylum	Deinococcota	/phylum:Deinococcota
NEE60_G_03930	qaidam_basin_mmag_1773_NSL30_35bin37	Bacteria	B69_L020	phylum	Deinococcota	/phylum:Deinococcota
NEE60_G_03972	qaidam_basin_mmag_1773_NSLT21bin1	Bacteria	B69_L020	phylum	Deinococcota	/phylum:Deinococcota
NEE60_G_03976	qaidam_basin_mmag_1773_NSLT21bin16	Bacteria	B69_L020	phylum	Deinococcota	/phylum:Deinococcota
NEE60_G_03984	qaidam_basin_mmag_1773_NSLT21bin30	Bacteria	B69_L020	phylum	Deinococcota	/phylum:Deinococcota
NEE60_G_00041	GCA_046260585.1	Bacteria	B69_L021	class	Desulfobacteria	/phylum:Desulfobacterota/class:Desulfobacteria
NEE60_G_00134	GCA_046463795.1	Bacteria	B69_L021	class	Desulfobacteria	/phylum:Desulfobacterota/class:Desulfobacteria
NEE60_G_00030	GCA_046260335.1	Bacteria	B69_L022	class	Desulfobulbia	/phylum:Desulfobacterota/class:Desulfobulbia
NEE60_G_00045	GCA_046260685.1	Bacteria	B69_L022	class	Desulfobulbia	/phylum:Desulfobacterota/class:Desulfobulbia
NEE60_G_00023	GCA_046260115.1	Bacteria	B69_L023	class	Desulfuromonadia	/phylum:Desulfobacterota/class:Desulfuromonadia
NEE60_G_01714	alaska_permafrost_reference_SRR3989254rbin.42	Bacteria	B69_L023	class	Desulfuromonadia	/phylum:Desulfobacterota/class:Desulfuromonadia
NEE60_G_01726	alaska_permafrost_reference_SRR3989257rbin.6	Bacteria	B69_L023	class	Desulfuromonadia	/phylum:Desulfobacterota/class:Desulfuromonadia
NEE60_G_01734	alaska_permafrost_reference_SRR3989258rbin.23	Bacteria	B69_L023	class	Desulfuromonadia	/phylum:Desulfobacterota/class:Desulfuromonadia
NEE60_G_01312	alaska_permafrost_reference_11p_S11_bin.46	Bacteria	B69_L024	class	Syntrophia	/phylum:Desulfobacterota/class:Syntrophia
NEE60_G_01378	alaska_permafrost_reference_GCA_003142835.1_20120800_E1X_genomic	Bacteria	B69_L024	class	Syntrophia	/phylum:Desulfobacterota/class:Syntrophia
NEE60_G_01453	alaska_permafrost_reference_SRR10489815bin.21	Bacteria	B69_L024	class	Syntrophia	/phylum:Desulfobacterota/class:Syntrophia
NEE60_G_01689	alaska_permafrost_reference_SRR3989121rbin.13	Bacteria	B69_L024	class	Syntrophia	/phylum:Desulfobacterota/class:Syntrophia
NEE60_G_01715	alaska_permafrost_reference_SRR3989254rbin.43	Bacteria	B69_L024	class	Syntrophia	/phylum:Desulfobacterota/class:Syntrophia
NEE60_G_04150	stordalen_mire_2019_hybrid_mags_cmr2.MA.201907_E_1_20to24_36.fna	Bacteria	B69_L024	class	Syntrophia	/phylum:Desulfobacterota/class:Syntrophia
NEE60_G_04342	stordalen_mire_2019_hybrid_mags_cmr5.MA.201907_S_1_20to24_21.fna	Bacteria	B69_L024	class	Syntrophia	/phylum:Desulfobacterota/class:Syntrophia
NEE60_G_00038	GCA_046260515.1	Bacteria	B69_L025	phylum	Desulfobacterota_B	/phylum:Desulfobacterota_B
NEE60_G_00058	GCA_046261745.1	Bacteria	B69_L025	phylum	Desulfobacterota_B	/phylum:Desulfobacterota_B
NEE60_G_00431	GCA_050735535.1_genomic	Bacteria	B69_L025	phylum	Desulfobacterota_B	/phylum:Desulfobacterota_B
NEE60_G_00432	GCA_050735555.1_genomic	Bacteria	B69_L025	phylum	Desulfobacterota_B	/phylum:Desulfobacterota_B
NEE60_G_00433	GCA_050735795.1_genomic	Bacteria	B69_L025	phylum	Desulfobacterota_B	/phylum:Desulfobacterota_B
NEE60_G_00434	GCA_050735855.1_genomic	Bacteria	B69_L025	phylum	Desulfobacterota_B	/phylum:Desulfobacterota_B
NEE60_G_00435	GCA_050736075.1_genomic	Bacteria	B69_L025	phylum	Desulfobacterota_B	/phylum:Desulfobacterota_B
NEE60_G_00436	GCA_050736155.1_genomic	Bacteria	B69_L025	phylum	Desulfobacterota_B	/phylum:Desulfobacterota_B
NEE60_G_00438	GCA_050736375.1_genomic	Bacteria	B69_L025	phylum	Desulfobacterota_B	/phylum:Desulfobacterota_B
NEE60_G_00439	GCA_050736455.1_genomic	Bacteria	B69_L025	phylum	Desulfobacterota_B	/phylum:Desulfobacterota_B
NEE60_G_00440	GCA_050736495.1_genomic	Bacteria	B69_L025	phylum	Desulfobacterota_B	/phylum:Desulfobacterota_B
NEE60_G_00441	GCA_050736555.1_genomic	Bacteria	B69_L025	phylum	Desulfobacterota_B	/phylum:Desulfobacterota_B
NEE60_G_00442	GCA_050736575.1_genomic	Bacteria	B69_L025	phylum	Desulfobacterota_B	/phylum:Desulfobacterota_B
NEE60_G_00443	GCA_050736615.1_genomic	Bacteria	B69_L025	phylum	Desulfobacterota_B	/phylum:Desulfobacterota_B
NEE60_G_00444	GCA_050736675.1_genomic	Bacteria	B69_L025	phylum	Desulfobacterota_B	/phylum:Desulfobacterota_B
NEE60_G_00445	GCA_050736695.1_genomic	Bacteria	B69_L025	phylum	Desulfobacterota_B	/phylum:Desulfobacterota_B
NEE60_G_00446	GCA_050736715.1_genomic	Bacteria	B69_L025	phylum	Desulfobacterota_B	/phylum:Desulfobacterota_B
NEE60_G_00447	GCA_050736815.1_genomic	Bacteria	B69_L025	phylum	Desulfobacterota_B	/phylum:Desulfobacterota_B
NEE60_G_01448	alaska_permafrost_reference_SRR10489815bin.14	Bacteria	B69_L025	phylum	Desulfobacterota_B	/phylum:Desulfobacterota_B
NEE60_G_01648	alaska_permafrost_reference_SRR3984963rbin.15	Bacteria	B69_L025	phylum	Desulfobacterota_B	/phylum:Desulfobacterota_B
NEE60_G_02077	desert2025__GCA_030775265.1	Bacteria	B69_L025	phylum	Desulfobacterota_B	/phylum:Desulfobacterota_B
NEE60_G_03563	qaidam_basin_mmag_1773_L_0707_10_15bin80	Bacteria	B69_L025	phylum	Desulfobacterota_B	/phylum:Desulfobacterota_B
NEE60_G_04059	qaidam_basin_mmag_1773_S305CJS_Wetbin16	Bacteria	B69_L025	phylum	Desulfobacterota_B	/phylum:Desulfobacterota_B
NEE60_G_04419	stordalen_mire_2019_hybrid_mags_cmr6.MA.201907_P_1_1to5_38.fna	Bacteria	B69_L025	phylum	Desulfobacterota_B	/phylum:Desulfobacterota_B
NEE60_G_00424	GCA_050735055.1_genomic	Bacteria	B69_L026	phylum	Desulfobacterota_D	/phylum:Desulfobacterota_D
NEE60_G_00426	GCA_050735235.1_genomic	Bacteria	B69_L026	phylum	Desulfobacterota_D	/phylum:Desulfobacterota_D
NEE60_G_00427	GCA_050735275.1_genomic	Bacteria	B69_L026	phylum	Desulfobacterota_D	/phylum:Desulfobacterota_D
NEE60_G_00428	GCA_050735315.1_genomic	Bacteria	B69_L026	phylum	Desulfobacterota_D	/phylum:Desulfobacterota_D
NEE60_G_00429	GCA_050735355.1_genomic	Bacteria	B69_L026	phylum	Desulfobacterota_D	/phylum:Desulfobacterota_D
NEE60_G_00430	GCA_050735435.1_genomic	Bacteria	B69_L026	phylum	Desulfobacterota_D	/phylum:Desulfobacterota_D
NEE60_G_01460	alaska_permafrost_reference_SRR10489817bin.11	Bacteria	B69_L027	phylum	Desulfobacterota_E	/phylum:Desulfobacterota_E
NEE60_G_01672	alaska_permafrost_reference_SRR3985396rbin.16	Bacteria	B69_L027	phylum	Desulfobacterota_E	/phylum:Desulfobacterota_E
NEE60_G_01693	alaska_permafrost_reference_SRR3989121rbin.25	Bacteria	B69_L027	phylum	Desulfobacterota_E	/phylum:Desulfobacterota_E
NEE60_G_00027	GCA_046260235.1	Bacteria	B69_L028	phylum	Desulfobacterota_I	/phylum:Desulfobacterota_I
NEE60_G_00406	GCA_050734015.1_genomic	Bacteria	B69_L029	phylum	Eisenbacteria	/phylum:Eisenbacteria
NEE60_G_00407	GCA_050734025.1_genomic	Bacteria	B69_L029	phylum	Eisenbacteria	/phylum:Eisenbacteria
NEE60_G_04057	qaidam_basin_mmag_1773_S305CJS_Wetbin14	Bacteria	B69_L030	phylum	Elusimicrobiota	/phylum:Elusimicrobiota
NEE60_G_00400	GCA_050733715.1_genomic	Bacteria	B69_L031	phylum	FCPU426	/phylum:FCPU426
NEE60_G_04137	stordalen_mire_2019_hybrid_mags_cmr2.MA.201907_E_1_20to24_18.fna	Bacteria	B69_L031	phylum	FCPU426	/phylum:FCPU426
NEE60_G_04459	stordalen_mire_2019_hybrid_mags_cmr6.MA.201907_S_1_1to5_4.fna	Bacteria	B69_L031	phylum	FCPU426	/phylum:FCPU426
NEE60_G_02266	desert2025__GCA_030854955.1	Bacteria	B69_L032	phylum	Fibrobacterota	/phylum:Fibrobacterota
NEE60_G_04156	stordalen_mire_2019_hybrid_mags_cmr2.MA.201907_E_1_20to24_47.fna	Bacteria	B69_L032	phylum	Fibrobacterota	/phylum:Fibrobacterota
NEE60_G_04158	stordalen_mire_2019_hybrid_mags_cmr2.MA.201907_E_1_20to24_49.fna	Bacteria	B69_L032	phylum	Fibrobacterota	/phylum:Fibrobacterota
NEE60_G_04350	stordalen_mire_2019_hybrid_mags_cmr6.MA.201907_E_1_1to5_11.fna	Bacteria	B69_L032	phylum	Fibrobacterota	/phylum:Fibrobacterota
NEE60_G_00032	GCA_046260395.1	Bacteria	B69_L033	phylum	Gemmatimonadota	/phylum:Gemmatimonadota
NEE60_G_00062	GCA_046261835.1	Bacteria	B69_L033	phylum	Gemmatimonadota	/phylum:Gemmatimonadota
NEE60_G_00069	GCA_046261975.1	Bacteria	B69_L033	phylum	Gemmatimonadota	/phylum:Gemmatimonadota
NEE60_G_00074	GCA_046262075.1	Bacteria	B69_L033	phylum	Gemmatimonadota	/phylum:Gemmatimonadota
NEE60_G_00097	GCA_046262555.1	Bacteria	B69_L033	phylum	Gemmatimonadota	/phylum:Gemmatimonadota
NEE60_G_00105	GCA_046262715.1	Bacteria	B69_L033	phylum	Gemmatimonadota	/phylum:Gemmatimonadota
NEE60_G_00107	GCA_046262755.1	Bacteria	B69_L033	phylum	Gemmatimonadota	/phylum:Gemmatimonadota
NEE60_G_00113	GCA_046262875.1	Bacteria	B69_L033	phylum	Gemmatimonadota	/phylum:Gemmatimonadota
NEE60_G_00129	GCA_046263215.1	Bacteria	B69_L033	phylum	Gemmatimonadota	/phylum:Gemmatimonadota
NEE60_G_00383	GCA_050732835.1_genomic	Bacteria	B69_L033	phylum	Gemmatimonadota	/phylum:Gemmatimonadota
NEE60_G_00384	GCA_050732955.1_genomic	Bacteria	B69_L033	phylum	Gemmatimonadota	/phylum:Gemmatimonadota
NEE60_G_00385	GCA_050732975.1_genomic	Bacteria	B69_L033	phylum	Gemmatimonadota	/phylum:Gemmatimonadota
NEE60_G_00386	GCA_050733015.1_genomic	Bacteria	B69_L033	phylum	Gemmatimonadota	/phylum:Gemmatimonadota
NEE60_G_00387	GCA_050733095.1_genomic	Bacteria	B69_L033	phylum	Gemmatimonadota	/phylum:Gemmatimonadota
NEE60_G_00388	GCA_050733115.1_genomic	Bacteria	B69_L033	phylum	Gemmatimonadota	/phylum:Gemmatimonadota
NEE60_G_00389	GCA_050733175.1_genomic	Bacteria	B69_L033	phylum	Gemmatimonadota	/phylum:Gemmatimonadota
NEE60_G_00390	GCA_050733235.1_genomic	Bacteria	B69_L033	phylum	Gemmatimonadota	/phylum:Gemmatimonadota
NEE60_G_00391	GCA_050733255.1_genomic	Bacteria	B69_L033	phylum	Gemmatimonadota	/phylum:Gemmatimonadota
NEE60_G_00392	GCA_050733335.1_genomic	Bacteria	B69_L033	phylum	Gemmatimonadota	/phylum:Gemmatimonadota
NEE60_G_00393	GCA_050733435.1_genomic	Bacteria	B69_L033	phylum	Gemmatimonadota	/phylum:Gemmatimonadota
NEE60_G_00394	GCA_050733475.1_genomic	Bacteria	B69_L033	phylum	Gemmatimonadota	/phylum:Gemmatimonadota
NEE60_G_00395	GCA_050733495.1_genomic	Bacteria	B69_L033	phylum	Gemmatimonadota	/phylum:Gemmatimonadota
NEE60_G_00396	GCA_050733535.1_genomic	Bacteria	B69_L033	phylum	Gemmatimonadota	/phylum:Gemmatimonadota
NEE60_G_00397	GCA_050733555.1_genomic	Bacteria	B69_L033	phylum	Gemmatimonadota	/phylum:Gemmatimonadota
NEE60_G_00398	GCA_050733635.1_genomic	Bacteria	B69_L033	phylum	Gemmatimonadota	/phylum:Gemmatimonadota
NEE60_G_00399	GCA_050733655.1_genomic	Bacteria	B69_L033	phylum	Gemmatimonadota	/phylum:Gemmatimonadota
NEE60_G_00737	GCA_050921755.1_genomic	Bacteria	B69_L033	phylum	Gemmatimonadota	/phylum:Gemmatimonadota
NEE60_G_00738	GCA_050921775.1_genomic	Bacteria	B69_L033	phylum	Gemmatimonadota	/phylum:Gemmatimonadota
NEE60_G_00742	MAG03	Bacteria	B69_L033	phylum	Gemmatimonadota	/phylum:Gemmatimonadota
NEE60_G_00935	NEE56_mackay__GCA_013694695.1	Bacteria	B69_L033	phylum	Gemmatimonadota	/phylum:Gemmatimonadota
NEE60_G_00939	NEE56_mackay__GCA_013694785.1	Bacteria	B69_L033	phylum	Gemmatimonadota	/phylum:Gemmatimonadota
NEE60_G_00996	NEE56_mackay__GCA_013696125.1	Bacteria	B69_L033	phylum	Gemmatimonadota	/phylum:Gemmatimonadota
NEE60_G_01030	NEE56_mackay__GCA_013696835.1	Bacteria	B69_L033	phylum	Gemmatimonadota	/phylum:Gemmatimonadota
NEE60_G_01031	NEE56_mackay__GCA_013696865.1	Bacteria	B69_L033	phylum	Gemmatimonadota	/phylum:Gemmatimonadota
NEE60_G_01051	NEE56_mackay__GCA_013697425.1	Bacteria	B69_L033	phylum	Gemmatimonadota	/phylum:Gemmatimonadota
NEE60_G_01067	NEE56_mackay__GCA_013697765.1	Bacteria	B69_L033	phylum	Gemmatimonadota	/phylum:Gemmatimonadota
NEE60_G_01068	NEE56_mackay__GCA_013697785.1	Bacteria	B69_L033	phylum	Gemmatimonadota	/phylum:Gemmatimonadota
NEE60_G_01071	NEE56_mackay__GCA_013697855.1	Bacteria	B69_L033	phylum	Gemmatimonadota	/phylum:Gemmatimonadota
NEE60_G_01111	NEE56_mackay__GCA_013812025.1	Bacteria	B69_L033	phylum	Gemmatimonadota	/phylum:Gemmatimonadota
NEE60_G_01131	NEE56_mackay__GCA_013812605.1	Bacteria	B69_L033	phylum	Gemmatimonadota	/phylum:Gemmatimonadota
NEE60_G_01135	NEE56_mackay__GCA_013812695.1	Bacteria	B69_L033	phylum	Gemmatimonadota	/phylum:Gemmatimonadota
NEE60_G_01151	NEE56_mackay__GCA_013813145.1	Bacteria	B69_L033	phylum	Gemmatimonadota	/phylum:Gemmatimonadota
NEE60_G_01162	NEE56_mackay__GCA_013813435.1	Bacteria	B69_L033	phylum	Gemmatimonadota	/phylum:Gemmatimonadota
NEE60_G_01167	NEE56_mackay__GCA_013813605.1	Bacteria	B69_L033	phylum	Gemmatimonadota	/phylum:Gemmatimonadota
NEE60_G_01171	NEE56_mackay__GCA_013813675.1	Bacteria	B69_L033	phylum	Gemmatimonadota	/phylum:Gemmatimonadota
NEE60_G_01173	NEE56_mackay__GCA_013813715.1	Bacteria	B69_L033	phylum	Gemmatimonadota	/phylum:Gemmatimonadota
NEE60_G_01179	NEE56_mackay__GCA_013813875.1	Bacteria	B69_L033	phylum	Gemmatimonadota	/phylum:Gemmatimonadota
NEE60_G_01235	NEE56_mackay__GCA_013816685.1	Bacteria	B69_L033	phylum	Gemmatimonadota	/phylum:Gemmatimonadota
NEE60_G_01236	NEE56_mackay__GCA_013816695.1	Bacteria	B69_L033	phylum	Gemmatimonadota	/phylum:Gemmatimonadota
NEE60_G_01237	NEE56_mackay__GCA_013816705.1	Bacteria	B69_L033	phylum	Gemmatimonadota	/phylum:Gemmatimonadota
NEE60_G_01242	NEE56_mackay__GCA_013816855.1	Bacteria	B69_L033	phylum	Gemmatimonadota	/phylum:Gemmatimonadota
NEE60_G_01254	NEE56_mackay__GCA_013817305.1	Bacteria	B69_L033	phylum	Gemmatimonadota	/phylum:Gemmatimonadota
NEE60_G_01259	NEE56_mackay__GCA_013817455.1	Bacteria	B69_L033	phylum	Gemmatimonadota	/phylum:Gemmatimonadota
NEE60_G_01270	NEE56_mackay__GCA_013820855.1	Bacteria	B69_L033	phylum	Gemmatimonadota	/phylum:Gemmatimonadota
NEE60_G_01274	NEE56_mackay__GCA_013820915.1	Bacteria	B69_L033	phylum	Gemmatimonadota	/phylum:Gemmatimonadota
NEE60_G_01276	NEE56_mackay__GCA_013820975.1	Bacteria	B69_L033	phylum	Gemmatimonadota	/phylum:Gemmatimonadota
NEE60_G_01354	alaska_permafrost_reference_GCA_003134915.1_20111000_P3D_genomic	Bacteria	B69_L033	phylum	Gemmatimonadota	/phylum:Gemmatimonadota
NEE60_G_01414	alaska_permafrost_reference_GCA_003169895.1_20110800_P1D_genomic	Bacteria	B69_L033	phylum	Gemmatimonadota	/phylum:Gemmatimonadota
NEE60_G_01421	alaska_permafrost_reference_GCA_003171215.1_20110800_E2D_genomic	Bacteria	B69_L033	phylum	Gemmatimonadota	/phylum:Gemmatimonadota
NEE60_G_01473	alaska_permafrost_reference_SRR10489822bin.4	Bacteria	B69_L033	phylum	Gemmatimonadota	/phylum:Gemmatimonadota
NEE60_G_01485	alaska_permafrost_reference_SRR10489828bin.19	Bacteria	B69_L033	phylum	Gemmatimonadota	/phylum:Gemmatimonadota
NEE60_G_01499	alaska_permafrost_reference_SRR10489833bin.21	Bacteria	B69_L033	phylum	Gemmatimonadota	/phylum:Gemmatimonadota
NEE60_G_01505	alaska_permafrost_reference_SRR10489834bin.18	Bacteria	B69_L033	phylum	Gemmatimonadota	/phylum:Gemmatimonadota
NEE60_G_01545	alaska_permafrost_reference_SRR12277196bin.3	Bacteria	B69_L033	phylum	Gemmatimonadota	/phylum:Gemmatimonadota
NEE60_G_01552	alaska_permafrost_reference_SRR12277201bin.1	Bacteria	B69_L033	phylum	Gemmatimonadota	/phylum:Gemmatimonadota
NEE60_G_01596	alaska_permafrost_reference_SRR1586279rbin.6	Bacteria	B69_L033	phylum	Gemmatimonadota	/phylum:Gemmatimonadota
NEE60_G_01613	alaska_permafrost_reference_SRR1586311rbin.6	Bacteria	B69_L033	phylum	Gemmatimonadota	/phylum:Gemmatimonadota
NEE60_G_01615	alaska_permafrost_reference_SRR1586315rbin.5	Bacteria	B69_L033	phylum	Gemmatimonadota	/phylum:Gemmatimonadota
NEE60_G_01619	alaska_permafrost_reference_SRR1586317rbin.2	Bacteria	B69_L033	phylum	Gemmatimonadota	/phylum:Gemmatimonadota
NEE60_G_01643	alaska_permafrost_reference_SRR3984962rbin.21	Bacteria	B69_L033	phylum	Gemmatimonadota	/phylum:Gemmatimonadota
NEE60_G_01658	alaska_permafrost_reference_SRR3985384rbin.17	Bacteria	B69_L033	phylum	Gemmatimonadota	/phylum:Gemmatimonadota
NEE60_G_01663	alaska_permafrost_reference_SRR3985391rbin.2	Bacteria	B69_L033	phylum	Gemmatimonadota	/phylum:Gemmatimonadota
NEE60_G_01684	alaska_permafrost_reference_SRR3985424rbin.5	Bacteria	B69_L033	phylum	Gemmatimonadota	/phylum:Gemmatimonadota
NEE60_G_01690	alaska_permafrost_reference_SRR3989121rbin.14	Bacteria	B69_L033	phylum	Gemmatimonadota	/phylum:Gemmatimonadota
NEE60_G_01697	alaska_permafrost_reference_SRR3989121rbin.6	Bacteria	B69_L033	phylum	Gemmatimonadota	/phylum:Gemmatimonadota
NEE60_G_01778	alaska_permafrost_reference_SRR5665647rbin.11	Bacteria	B69_L033	phylum	Gemmatimonadota	/phylum:Gemmatimonadota
NEE60_G_01806	alaska_permafrost_reference_SRR7026564rbin.3	Bacteria	B69_L033	phylum	Gemmatimonadota	/phylum:Gemmatimonadota
NEE60_G_02019	desert2025__GCA_030773915.1	Bacteria	B69_L033	phylum	Gemmatimonadota	/phylum:Gemmatimonadota
NEE60_G_02049	desert2025__GCA_030774555.1	Bacteria	B69_L033	phylum	Gemmatimonadota	/phylum:Gemmatimonadota
NEE60_G_02055	desert2025__GCA_030774675.1	Bacteria	B69_L033	phylum	Gemmatimonadota	/phylum:Gemmatimonadota
NEE60_G_02059	desert2025__GCA_030774785.1	Bacteria	B69_L033	phylum	Gemmatimonadota	/phylum:Gemmatimonadota
NEE60_G_02069	desert2025__GCA_030775065.1	Bacteria	B69_L033	phylum	Gemmatimonadota	/phylum:Gemmatimonadota
NEE60_G_02165	desert2025__GCA_030852665.1	Bacteria	B69_L033	phylum	Gemmatimonadota	/phylum:Gemmatimonadota
NEE60_G_02178	desert2025__GCA_030852985.1	Bacteria	B69_L033	phylum	Gemmatimonadota	/phylum:Gemmatimonadota
NEE60_G_02199	desert2025__GCA_030853505.1	Bacteria	B69_L033	phylum	Gemmatimonadota	/phylum:Gemmatimonadota
NEE60_G_02225	desert2025__GCA_030854055.1	Bacteria	B69_L033	phylum	Gemmatimonadota	/phylum:Gemmatimonadota
NEE60_G_02250	desert2025__GCA_030854615.1	Bacteria	B69_L033	phylum	Gemmatimonadota	/phylum:Gemmatimonadota
NEE60_G_02334	desert2025__GCA_030856585.1	Bacteria	B69_L033	phylum	Gemmatimonadota	/phylum:Gemmatimonadota
NEE60_G_02344	desert2025__GCA_030856845.1	Bacteria	B69_L033	phylum	Gemmatimonadota	/phylum:Gemmatimonadota
NEE60_G_02375	desert2025__GCA_030857795.1	Bacteria	B69_L033	phylum	Gemmatimonadota	/phylum:Gemmatimonadota
NEE60_G_02406	desert2025__GCA_030858755.1	Bacteria	B69_L033	phylum	Gemmatimonadota	/phylum:Gemmatimonadota
NEE60_G_02410	desert2025__GCA_030858845.1	Bacteria	B69_L033	phylum	Gemmatimonadota	/phylum:Gemmatimonadota
NEE60_G_02414	desert2025__GCA_030858945.1	Bacteria	B69_L033	phylum	Gemmatimonadota	/phylum:Gemmatimonadota
NEE60_G_02424	desert2025__GCA_030859235.1	Bacteria	B69_L033	phylum	Gemmatimonadota	/phylum:Gemmatimonadota
NEE60_G_02430	desert2025__GCA_030859365.1	Bacteria	B69_L033	phylum	Gemmatimonadota	/phylum:Gemmatimonadota
NEE60_G_02451	desert2025__GCA_030859825.1	Bacteria	B69_L033	phylum	Gemmatimonadota	/phylum:Gemmatimonadota
NEE60_G_02478	desert2025__GCA_030860435.1	Bacteria	B69_L033	phylum	Gemmatimonadota	/phylum:Gemmatimonadota
NEE60_G_02538	desert2025__GCA_030861885.1	Bacteria	B69_L033	phylum	Gemmatimonadota	/phylum:Gemmatimonadota
NEE60_G_02542	desert2025__GCA_030861965.1	Bacteria	B69_L033	phylum	Gemmatimonadota	/phylum:Gemmatimonadota
NEE60_G_02585	desert2025__GCA_030862935.1	Bacteria	B69_L033	phylum	Gemmatimonadota	/phylum:Gemmatimonadota
NEE60_G_02644	desert2025__GCA_030946285.1	Bacteria	B69_L033	phylum	Gemmatimonadota	/phylum:Gemmatimonadota
NEE60_G_02653	desert2025__GCA_030946665.1	Bacteria	B69_L033	phylum	Gemmatimonadota	/phylum:Gemmatimonadota
NEE60_G_02659	desert2025__GCA_030946775.1	Bacteria	B69_L033	phylum	Gemmatimonadota	/phylum:Gemmatimonadota
NEE60_G_02677	desert2025__GCA_030947165.1	Bacteria	B69_L033	phylum	Gemmatimonadota	/phylum:Gemmatimonadota
NEE60_G_02686	desert2025__GCA_030947345.1	Bacteria	B69_L033	phylum	Gemmatimonadota	/phylum:Gemmatimonadota
NEE60_G_02703	desert2025__GCA_030948205.1	Bacteria	B69_L033	phylum	Gemmatimonadota	/phylum:Gemmatimonadota
NEE60_G_02706	desert2025__GCA_030948255.1	Bacteria	B69_L033	phylum	Gemmatimonadota	/phylum:Gemmatimonadota
NEE60_G_02717	desert2025__GCA_030948535.1	Bacteria	B69_L033	phylum	Gemmatimonadota	/phylum:Gemmatimonadota
NEE60_G_02736	desert2025__GCA_030948945.1	Bacteria	B69_L033	phylum	Gemmatimonadota	/phylum:Gemmatimonadota
NEE60_G_02741	qaidam_basin_mmag_1773_0711bin1	Bacteria	B69_L033	phylum	Gemmatimonadota	/phylum:Gemmatimonadota
NEE60_G_02773	qaidam_basin_mmag_1773_AKQ2bin22	Bacteria	B69_L033	phylum	Gemmatimonadota	/phylum:Gemmatimonadota
NEE60_G_02844	qaidam_basin_mmag_1773_CG2021bin25	Bacteria	B69_L033	phylum	Gemmatimonadota	/phylum:Gemmatimonadota
NEE60_G_02865	qaidam_basin_mmag_1773_CHGGbin25	Bacteria	B69_L033	phylum	Gemmatimonadota	/phylum:Gemmatimonadota
NEE60_G_02883	qaidam_basin_mmag_1773_CHGRbin13	Bacteria	B69_L033	phylum	Gemmatimonadota	/phylum:Gemmatimonadota
NEE60_G_02906	qaidam_basin_mmag_1773_CHGRbin6	Bacteria	B69_L033	phylum	Gemmatimonadota	/phylum:Gemmatimonadota
NEE60_G_02922	qaidam_basin_mmag_1773_CHGYbin28	Bacteria	B69_L033	phylum	Gemmatimonadota	/phylum:Gemmatimonadota
NEE60_G_02926	qaidam_basin_mmag_1773_CHGYbin32	Bacteria	B69_L033	phylum	Gemmatimonadota	/phylum:Gemmatimonadota
NEE60_G_02939	qaidam_basin_mmag_1773_CHGYbin9	Bacteria	B69_L033	phylum	Gemmatimonadota	/phylum:Gemmatimonadota
NEE60_G_02953	qaidam_basin_mmag_1773_CJ0912_0_5bin29	Bacteria	B69_L033	phylum	Gemmatimonadota	/phylum:Gemmatimonadota
NEE60_G_02959	qaidam_basin_mmag_1773_CJ0912_0_5bin7	Bacteria	B69_L033	phylum	Gemmatimonadota	/phylum:Gemmatimonadota
NEE60_G_02964	qaidam_basin_mmag_1773_CJ0912_10_15bin19	Bacteria	B69_L033	phylum	Gemmatimonadota	/phylum:Gemmatimonadota
NEE60_G_02969	qaidam_basin_mmag_1773_CJ0912_10_15bin30	Bacteria	B69_L033	phylum	Gemmatimonadota	/phylum:Gemmatimonadota
NEE60_G_02978	qaidam_basin_mmag_1773_CJ0912_15_20bin16	Bacteria	B69_L033	phylum	Gemmatimonadota	/phylum:Gemmatimonadota
NEE60_G_02981	qaidam_basin_mmag_1773_CJ0912_15_20bin20	Bacteria	B69_L033	phylum	Gemmatimonadota	/phylum:Gemmatimonadota
NEE60_G_02992	qaidam_basin_mmag_1773_CJ0912_15_20bin4	Bacteria	B69_L033	phylum	Gemmatimonadota	/phylum:Gemmatimonadota
NEE60_G_02999	qaidam_basin_mmag_1773_CJ0912_20_25bin25	Bacteria	B69_L033	phylum	Gemmatimonadota	/phylum:Gemmatimonadota
NEE60_G_03012	qaidam_basin_mmag_1773_CJ0912_25_30bin28	Bacteria	B69_L033	phylum	Gemmatimonadota	/phylum:Gemmatimonadota
NEE60_G_03016	qaidam_basin_mmag_1773_CJ0912_25_30bin33	Bacteria	B69_L033	phylum	Gemmatimonadota	/phylum:Gemmatimonadota
NEE60_G_03062	qaidam_basin_mmag_1773_CJ0912_35_40bin22	Bacteria	B69_L033	phylum	Gemmatimonadota	/phylum:Gemmatimonadota
NEE60_G_03063	qaidam_basin_mmag_1773_CJ0912_35_40bin23	Bacteria	B69_L033	phylum	Gemmatimonadota	/phylum:Gemmatimonadota
NEE60_G_03067	qaidam_basin_mmag_1773_CJ0912_35_40bin29	Bacteria	B69_L033	phylum	Gemmatimonadota	/phylum:Gemmatimonadota
NEE60_G_03068	qaidam_basin_mmag_1773_CJ0912_35_40bin3	Bacteria	B69_L033	phylum	Gemmatimonadota	/phylum:Gemmatimonadota
NEE60_G_03070	qaidam_basin_mmag_1773_CJ0912_35_40bin33	Bacteria	B69_L033	phylum	Gemmatimonadota	/phylum:Gemmatimonadota
NEE60_G_03077	qaidam_basin_mmag_1773_CJ0912_35_40bin46	Bacteria	B69_L033	phylum	Gemmatimonadota	/phylum:Gemmatimonadota
NEE60_G_03094	qaidam_basin_mmag_1773_CJ0912_40_45bin33	Bacteria	B69_L033	phylum	Gemmatimonadota	/phylum:Gemmatimonadota
NEE60_G_03100	qaidam_basin_mmag_1773_CJ0912_40_45bin42	Bacteria	B69_L033	phylum	Gemmatimonadota	/phylum:Gemmatimonadota
NEE60_G_03127	qaidam_basin_mmag_1773_CJ0912_5_10bin30	Bacteria	B69_L033	phylum	Gemmatimonadota	/phylum:Gemmatimonadota
NEE60_G_03130	qaidam_basin_mmag_1773_CJ0912_5_10bin36	Bacteria	B69_L033	phylum	Gemmatimonadota	/phylum:Gemmatimonadota
NEE60_G_03139	qaidam_basin_mmag_1773_CJ0912_5_10bin48	Bacteria	B69_L033	phylum	Gemmatimonadota	/phylum:Gemmatimonadota
NEE60_G_03145	qaidam_basin_mmag_1773_CJS_1_0912bin13	Bacteria	B69_L033	phylum	Gemmatimonadota	/phylum:Gemmatimonadota
NEE60_G_03187	qaidam_basin_mmag_1773_DLTCJS0_5bin59	Bacteria	B69_L033	phylum	Gemmatimonadota	/phylum:Gemmatimonadota
NEE60_G_03220	qaidam_basin_mmag_1773_DLTCJS15_20bin35	Bacteria	B69_L033	phylum	Gemmatimonadota	/phylum:Gemmatimonadota
NEE60_G_03240	qaidam_basin_mmag_1773_DLTCJS20_25bin22	Bacteria	B69_L033	phylum	Gemmatimonadota	/phylum:Gemmatimonadota
NEE60_G_03249	qaidam_basin_mmag_1773_DLTCJS20_25bin34	Bacteria	B69_L033	phylum	Gemmatimonadota	/phylum:Gemmatimonadota
NEE60_G_03251	qaidam_basin_mmag_1773_DLTCJS20_25bin43	Bacteria	B69_L033	phylum	Gemmatimonadota	/phylum:Gemmatimonadota
NEE60_G_03260	qaidam_basin_mmag_1773_DLTCJS20_25bin6	Bacteria	B69_L033	phylum	Gemmatimonadota	/phylum:Gemmatimonadota
NEE60_G_03279	qaidam_basin_mmag_1773_DLTCJS25_30bin29	Bacteria	B69_L033	phylum	Gemmatimonadota	/phylum:Gemmatimonadota
NEE60_G_03287	qaidam_basin_mmag_1773_DLTCJS25_30bin40	Bacteria	B69_L033	phylum	Gemmatimonadota	/phylum:Gemmatimonadota
NEE60_G_03288	qaidam_basin_mmag_1773_DLTCJS25_30bin42	Bacteria	B69_L033	phylum	Gemmatimonadota	/phylum:Gemmatimonadota
NEE60_G_03289	qaidam_basin_mmag_1773_DLTCJS25_30bin43	Bacteria	B69_L033	phylum	Gemmatimonadota	/phylum:Gemmatimonadota
NEE60_G_03296	qaidam_basin_mmag_1773_DLTCJS25_30bin5	Bacteria	B69_L033	phylum	Gemmatimonadota	/phylum:Gemmatimonadota
NEE60_G_03336	qaidam_basin_mmag_1773_DLTFbin28	Bacteria	B69_L033	phylum	Gemmatimonadota	/phylum:Gemmatimonadota
NEE60_G_03343	qaidam_basin_mmag_1773_DLTFbin56	Bacteria	B69_L033	phylum	Gemmatimonadota	/phylum:Gemmatimonadota
NEE60_G_03347	qaidam_basin_mmag_1773_DLTFbin76	Bacteria	B69_L033	phylum	Gemmatimonadota	/phylum:Gemmatimonadota
NEE60_G_03350	qaidam_basin_mmag_1773_DLTSQ0_15bin11	Bacteria	B69_L033	phylum	Gemmatimonadota	/phylum:Gemmatimonadota
NEE60_G_03383	qaidam_basin_mmag_1773_DLTSQ0_15bin58	Bacteria	B69_L033	phylum	Gemmatimonadota	/phylum:Gemmatimonadota
NEE60_G_03391	qaidam_basin_mmag_1773_DLTSQ15_20bin1	Bacteria	B69_L033	phylum	Gemmatimonadota	/phylum:Gemmatimonadota
NEE60_G_03400	qaidam_basin_mmag_1773_DLTSQ15_20bin43	Bacteria	B69_L033	phylum	Gemmatimonadota	/phylum:Gemmatimonadota
NEE60_G_03421	qaidam_basin_mmag_1773_DLTSQ20_25bin20	Bacteria	B69_L033	phylum	Gemmatimonadota	/phylum:Gemmatimonadota
NEE60_G_03434	qaidam_basin_mmag_1773_DLTSQ20_25bin56	Bacteria	B69_L033	phylum	Gemmatimonadota	/phylum:Gemmatimonadota
NEE60_G_03436	qaidam_basin_mmag_1773_DLTSQ20_25bin65	Bacteria	B69_L033	phylum	Gemmatimonadota	/phylum:Gemmatimonadota
NEE60_G_03448	qaidam_basin_mmag_1773_DLTYbin21	Bacteria	B69_L033	phylum	Gemmatimonadota	/phylum:Gemmatimonadota
NEE60_G_03502	qaidam_basin_mmag_1773_L_0707_10_15bin12	Bacteria	B69_L033	phylum	Gemmatimonadota	/phylum:Gemmatimonadota
NEE60_G_03524	qaidam_basin_mmag_1773_L_0707_10_15bin35	Bacteria	B69_L033	phylum	Gemmatimonadota	/phylum:Gemmatimonadota
NEE60_G_03546	qaidam_basin_mmag_1773_L_0707_10_15bin6	Bacteria	B69_L033	phylum	Gemmatimonadota	/phylum:Gemmatimonadota
NEE60_G_03586	qaidam_basin_mmag_1773_L_0707_15_20bin30	Bacteria	B69_L033	phylum	Gemmatimonadota	/phylum:Gemmatimonadota
NEE60_G_03600	qaidam_basin_mmag_1773_L_0707_15_20bin52	Bacteria	B69_L033	phylum	Gemmatimonadota	/phylum:Gemmatimonadota
NEE60_G_03614	qaidam_basin_mmag_1773_L_0707_15_20bin8	Bacteria	B69_L033	phylum	Gemmatimonadota	/phylum:Gemmatimonadota
NEE60_G_03630	qaidam_basin_mmag_1773_L_0707_2_5bin27	Bacteria	B69_L033	phylum	Gemmatimonadota	/phylum:Gemmatimonadota
NEE60_G_03648	qaidam_basin_mmag_1773_L_0707_2_5bin49	Bacteria	B69_L033	phylum	Gemmatimonadota	/phylum:Gemmatimonadota
NEE60_G_03649	qaidam_basin_mmag_1773_L_0707_2_5bin5	Bacteria	B69_L033	phylum	Gemmatimonadota	/phylum:Gemmatimonadota
NEE60_G_03653	qaidam_basin_mmag_1773_L_0707_2_5bin56	Bacteria	B69_L033	phylum	Gemmatimonadota	/phylum:Gemmatimonadota
NEE60_G_03664	qaidam_basin_mmag_1773_L_0707_40_50bin10	Bacteria	B69_L033	phylum	Gemmatimonadota	/phylum:Gemmatimonadota
NEE60_G_03682	qaidam_basin_mmag_1773_L_0707_40_50bin3	Bacteria	B69_L033	phylum	Gemmatimonadota	/phylum:Gemmatimonadota
NEE60_G_03683	qaidam_basin_mmag_1773_L_0707_40_50bin30	Bacteria	B69_L033	phylum	Gemmatimonadota	/phylum:Gemmatimonadota
NEE60_G_03687	qaidam_basin_mmag_1773_L_0707_40_50bin34	Bacteria	B69_L033	phylum	Gemmatimonadota	/phylum:Gemmatimonadota
NEE60_G_03689	qaidam_basin_mmag_1773_L_0707_40_50bin36	Bacteria	B69_L033	phylum	Gemmatimonadota	/phylum:Gemmatimonadota
NEE60_G_03693	qaidam_basin_mmag_1773_L_0707_40_50bin4	Bacteria	B69_L033	phylum	Gemmatimonadota	/phylum:Gemmatimonadota
NEE60_G_03711	qaidam_basin_mmag_1773_L_0707_40_50bin59	Bacteria	B69_L033	phylum	Gemmatimonadota	/phylum:Gemmatimonadota
NEE60_G_03741	qaidam_basin_mmag_1773_L_0712_20_25bin25	Bacteria	B69_L033	phylum	Gemmatimonadota	/phylum:Gemmatimonadota
NEE60_G_03770	qaidam_basin_mmag_1773_L_0712_20_25bin59	Bacteria	B69_L033	phylum	Gemmatimonadota	/phylum:Gemmatimonadota
NEE60_G_03830	qaidam_basin_mmag_1773_L_21_NSL0_5bin8	Bacteria	B69_L033	phylum	Gemmatimonadota	/phylum:Gemmatimonadota
NEE60_G_03844	qaidam_basin_mmag_1773_NSL0_5_2bin27	Bacteria	B69_L033	phylum	Gemmatimonadota	/phylum:Gemmatimonadota
NEE60_G_03853	qaidam_basin_mmag_1773_NSL0_5_2bin43	Bacteria	B69_L033	phylum	Gemmatimonadota	/phylum:Gemmatimonadota
NEE60_G_03870	qaidam_basin_mmag_1773_NSL1015bin31	Bacteria	B69_L033	phylum	Gemmatimonadota	/phylum:Gemmatimonadota
NEE60_G_03877	qaidam_basin_mmag_1773_NSL1015bin41	Bacteria	B69_L033	phylum	Gemmatimonadota	/phylum:Gemmatimonadota
NEE60_G_03879	qaidam_basin_mmag_1773_NSL1015bin6	Bacteria	B69_L033	phylum	Gemmatimonadota	/phylum:Gemmatimonadota
NEE60_G_03886	qaidam_basin_mmag_1773_NSL1520bin39	Bacteria	B69_L033	phylum	Gemmatimonadota	/phylum:Gemmatimonadota
NEE60_G_03888	qaidam_basin_mmag_1773_NSL1520bin6	Bacteria	B69_L033	phylum	Gemmatimonadota	/phylum:Gemmatimonadota
NEE60_G_03900	qaidam_basin_mmag_1773_NSL25_30bin14	Bacteria	B69_L033	phylum	Gemmatimonadota	/phylum:Gemmatimonadota
NEE60_G_03908	qaidam_basin_mmag_1773_NSL25_30bin26	Bacteria	B69_L033	phylum	Gemmatimonadota	/phylum:Gemmatimonadota
NEE60_G_03924	qaidam_basin_mmag_1773_NSL30_35bin28	Bacteria	B69_L033	phylum	Gemmatimonadota	/phylum:Gemmatimonadota
NEE60_G_03929	qaidam_basin_mmag_1773_NSL30_35bin36	Bacteria	B69_L033	phylum	Gemmatimonadota	/phylum:Gemmatimonadota
NEE60_G_03935	qaidam_basin_mmag_1773_NSL30_35bin8	Bacteria	B69_L033	phylum	Gemmatimonadota	/phylum:Gemmatimonadota
NEE60_G_03962	qaidam_basin_mmag_1773_NSLT11bin9	Bacteria	B69_L033	phylum	Gemmatimonadota	/phylum:Gemmatimonadota
NEE60_G_03963	qaidam_basin_mmag_1773_NSLT12bin10	Bacteria	B69_L033	phylum	Gemmatimonadota	/phylum:Gemmatimonadota
NEE60_G_03965	qaidam_basin_mmag_1773_NSLT12bin14	Bacteria	B69_L033	phylum	Gemmatimonadota	/phylum:Gemmatimonadota
NEE60_G_03988	qaidam_basin_mmag_1773_NSLT21bin8	Bacteria	B69_L033	phylum	Gemmatimonadota	/phylum:Gemmatimonadota
NEE60_G_04000	qaidam_basin_mmag_1773_NSLT22bin22	Bacteria	B69_L033	phylum	Gemmatimonadota	/phylum:Gemmatimonadota
NEE60_G_04003	qaidam_basin_mmag_1773_NSLT22bin26	Bacteria	B69_L033	phylum	Gemmatimonadota	/phylum:Gemmatimonadota
NEE60_G_04006	qaidam_basin_mmag_1773_NSLT22bin30	Bacteria	B69_L033	phylum	Gemmatimonadota	/phylum:Gemmatimonadota
NEE60_G_04014	qaidam_basin_mmag_1773_NSLT22bin38	Bacteria	B69_L033	phylum	Gemmatimonadota	/phylum:Gemmatimonadota
NEE60_G_04051	qaidam_basin_mmag_1773_S305CJS_Drybin8	Bacteria	B69_L033	phylum	Gemmatimonadota	/phylum:Gemmatimonadota
NEE60_G_04061	qaidam_basin_mmag_1773_S305CJS_Wetbin18	Bacteria	B69_L033	phylum	Gemmatimonadota	/phylum:Gemmatimonadota
NEE60_G_04377	stordalen_mire_2019_hybrid_mags_cmr6.MA.201907_E_1_20to24_27.fna	Bacteria	B69_L034	phylum	Goldbacteria	/phylum:Goldbacteria
NEE60_G_03946	qaidam_basin_mmag_1773_NSL35_40bin3	Bacteria	B69_L035	phylum	JADJOY01	/phylum:JADJOY01
NEE60_G_00382	GCA_050732495.1_genomic	Bacteria	B69_L036	phylum	JAJYCY01	/phylum:JAJYCY01
NEE60_G_00037	GCA_046260475.1	Bacteria	B69_L037	phylum	Krumholzibacteriota	/phylum:Krumholzibacteriota
NEE60_G_00376	GCA_050732035.1_genomic	Bacteria	B69_L038	order	Methylomirabilales	/phylum:Methylomirabilota/class:Methylomirabilia/order:Methylomirabilales
NEE60_G_00377	GCA_050732055.1_genomic	Bacteria	B69_L038	order	Methylomirabilales	/phylum:Methylomirabilota/class:Methylomirabilia/order:Methylomirabilales
NEE60_G_00378	GCA_050732075.1_genomic	Bacteria	B69_L038	order	Methylomirabilales	/phylum:Methylomirabilota/class:Methylomirabilia/order:Methylomirabilales
NEE60_G_00379	GCA_050732175.1_genomic	Bacteria	B69_L038	order	Methylomirabilales	/phylum:Methylomirabilota/class:Methylomirabilia/order:Methylomirabilales
NEE60_G_00380	GCA_050732215.1_genomic	Bacteria	B69_L038	order	Methylomirabilales	/phylum:Methylomirabilota/class:Methylomirabilia/order:Methylomirabilales
NEE60_G_00381	GCA_050732315.1_genomic	Bacteria	B69_L038	order	Methylomirabilales	/phylum:Methylomirabilota/class:Methylomirabilia/order:Methylomirabilales
NEE60_G_01476	alaska_permafrost_reference_SRR10489823bin.6	Bacteria	B69_L038	order	Methylomirabilales	/phylum:Methylomirabilota/class:Methylomirabilia/order:Methylomirabilales
NEE60_G_01498	alaska_permafrost_reference_SRR10489833bin.18	Bacteria	B69_L038	order	Methylomirabilales	/phylum:Methylomirabilota/class:Methylomirabilia/order:Methylomirabilales
NEE60_G_01683	alaska_permafrost_reference_SRR3985424rbin.2	Bacteria	B69_L038	order	Methylomirabilales	/phylum:Methylomirabilota/class:Methylomirabilia/order:Methylomirabilales
NEE60_G_00373	GCA_050731595.1_genomic	Bacteria	B69_L039	order	Rokubacteriales	/phylum:Methylomirabilota/class:Methylomirabilia/order:Rokubacteriales
NEE60_G_00374	GCA_050731615.1_genomic	Bacteria	B69_L039	order	Rokubacteriales	/phylum:Methylomirabilota/class:Methylomirabilia/order:Rokubacteriales
NEE60_G_00375	GCA_050731995.1_genomic	Bacteria	B69_L039	order	Rokubacteriales	/phylum:Methylomirabilota/class:Methylomirabilia/order:Rokubacteriales
NEE60_G_00773	MAG34	Bacteria	B69_L039	order	Rokubacteriales	/phylum:Methylomirabilota/class:Methylomirabilia/order:Rokubacteriales
NEE60_G_01551	alaska_permafrost_reference_SRR12277200bin.7	Bacteria	B69_L039	order	Rokubacteriales	/phylum:Methylomirabilota/class:Methylomirabilia/order:Rokubacteriales
NEE60_G_00890	NEE56_danakil__GCA_042218355.1	Bacteria	B69_L040	class	Bradymonadia	/phylum:Myxococcota/class:Bradymonadia
NEE60_G_00921	NEE56_danakil__GCA_042219785.1	Bacteria	B69_L040	class	Bradymonadia	/phylum:Myxococcota/class:Bradymonadia
NEE60_G_01061	NEE56_mackay__GCA_013697635.1	Bacteria	B69_L040	class	Bradymonadia	/phylum:Myxococcota/class:Bradymonadia
NEE60_G_01850	atacama_halite_rainfall_prjna484015_SG1_Deltaproteobacteria_66_5	Bacteria	B69_L040	class	Bradymonadia	/phylum:Myxococcota/class:Bradymonadia
NEE60_G_03418	qaidam_basin_mmag_1773_DLTSQ20_25bin17	Bacteria	B69_L040	class	Bradymonadia	/phylum:Myxococcota/class:Bradymonadia
NEE60_G_03730	qaidam_basin_mmag_1773_L_0712_20_25bin13	Bacteria	B69_L040	class	Bradymonadia	/phylum:Myxococcota/class:Bradymonadia
NEE60_G_03862	qaidam_basin_mmag_1773_NSL1015bin19	Bacteria	B69_L041	class	JAJVIH01	/phylum:Myxococcota/class:JAJVIH01
NEE60_G_00118	GCA_046262975.1	Bacteria	B69_L042	class	Myxococcia	/phylum:Myxococcota/class:Myxococcia
NEE60_G_02354	desert2025__GCA_030857095.1	Bacteria	B69_L042	class	Myxococcia	/phylum:Myxococcota/class:Myxococcia
NEE60_G_03031	qaidam_basin_mmag_1773_CJ0912_30_35bin33	Bacteria	B69_L042	class	Myxococcia	/phylum:Myxococcota/class:Myxococcia
NEE60_G_03353	qaidam_basin_mmag_1773_DLTSQ0_15bin14	Bacteria	B69_L042	class	Myxococcia	/phylum:Myxococcota/class:Myxococcia
NEE60_G_03374	qaidam_basin_mmag_1773_DLTSQ0_15bin43	Bacteria	B69_L042	class	Myxococcia	/phylum:Myxococcota/class:Myxococcia
NEE60_G_03478	qaidam_basin_mmag_1773_FCHGbin28	Bacteria	B69_L042	class	Myxococcia	/phylum:Myxococcota/class:Myxococcia
NEE60_G_03902	qaidam_basin_mmag_1773_NSL25_30bin17	Bacteria	B69_L042	class	Myxococcia	/phylum:Myxococcota/class:Myxococcia
NEE60_G_03903	qaidam_basin_mmag_1773_NSL25_30bin2	Bacteria	B69_L042	class	Myxococcia	/phylum:Myxococcota/class:Myxococcia
NEE60_G_04011	qaidam_basin_mmag_1773_NSLT22bin35	Bacteria	B69_L042	class	Myxococcia	/phylum:Myxococcota/class:Myxococcia
NEE60_G_01746	alaska_permafrost_reference_SRR4027936rbin.2	Bacteria	B69_L043	order	Fen-1088	/phylum:Myxococcota/class:Polyangia/order:Fen-1088
NEE60_G_04133	stordalen_mire_2019_hybrid_mags_cmr2.MA.201907_E_1_1to5_8.fna	Bacteria	B69_L043	order	Fen-1088	/phylum:Myxococcota/class:Polyangia/order:Fen-1088
NEE60_G_04153	stordalen_mire_2019_hybrid_mags_cmr2.MA.201907_E_1_20to24_42.fna	Bacteria	B69_L043	order	Fen-1088	/phylum:Myxococcota/class:Polyangia/order:Fen-1088
NEE60_G_04165	stordalen_mire_2019_hybrid_mags_cmr2.MA.201907_E_1_20to24_9.fna	Bacteria	B69_L043	order	Fen-1088	/phylum:Myxococcota/class:Polyangia/order:Fen-1088
NEE60_G_04290	stordalen_mire_2019_hybrid_mags_cmr5.MA.201907_E_1_20to24_16.fna	Bacteria	B69_L043	order	Fen-1088	/phylum:Myxococcota/class:Polyangia/order:Fen-1088
NEE60_G_01023	NEE56_mackay__GCA_013696695.1	Bacteria	B69_L044	order	Haliangiales	/phylum:Myxococcota/class:Polyangia/order:Haliangiales
NEE60_G_01133	NEE56_mackay__GCA_013812655.1	Bacteria	B69_L044	order	Haliangiales	/phylum:Myxococcota/class:Polyangia/order:Haliangiales
NEE60_G_01141	NEE56_mackay__GCA_013812895.1	Bacteria	B69_L044	order	Haliangiales	/phylum:Myxococcota/class:Polyangia/order:Haliangiales
NEE60_G_01154	NEE56_mackay__GCA_013813255.1	Bacteria	B69_L044	order	Haliangiales	/phylum:Myxococcota/class:Polyangia/order:Haliangiales
NEE60_G_01175	NEE56_mackay__GCA_013813765.1	Bacteria	B69_L044	order	Haliangiales	/phylum:Myxococcota/class:Polyangia/order:Haliangiales
NEE60_G_01180	NEE56_mackay__GCA_013813945.1	Bacteria	B69_L044	order	Haliangiales	/phylum:Myxococcota/class:Polyangia/order:Haliangiales
NEE60_G_02358	desert2025__GCA_030857175.1	Bacteria	B69_L044	order	Haliangiales	/phylum:Myxococcota/class:Polyangia/order:Haliangiales
NEE60_G_02361	desert2025__GCA_030857245.1	Bacteria	B69_L044	order	Haliangiales	/phylum:Myxococcota/class:Polyangia/order:Haliangiales
NEE60_G_03125	qaidam_basin_mmag_1773_CJ0912_5_10bin28	Bacteria	B69_L044	order	Haliangiales	/phylum:Myxococcota/class:Polyangia/order:Haliangiales
NEE60_G_03254	qaidam_basin_mmag_1773_DLTCJS20_25bin48	Bacteria	B69_L044	order	Haliangiales	/phylum:Myxococcota/class:Polyangia/order:Haliangiales
NEE60_G_03300	qaidam_basin_mmag_1773_DLTCJS25_30bin55	Bacteria	B69_L044	order	Haliangiales	/phylum:Myxococcota/class:Polyangia/order:Haliangiales
NEE60_G_03339	qaidam_basin_mmag_1773_DLTFbin42	Bacteria	B69_L044	order	Haliangiales	/phylum:Myxococcota/class:Polyangia/order:Haliangiales
NEE60_G_01306	NEE56_mackay__GCF_013812955.1	Bacteria	B69_L045	order	Nannocystales	/phylum:Myxococcota/class:Polyangia/order:Nannocystales
NEE60_G_03373	qaidam_basin_mmag_1773_DLTSQ0_15bin42	Bacteria	B69_L045	order	Nannocystales	/phylum:Myxococcota/class:Polyangia/order:Nannocystales
NEE60_G_00367	GCA_050731335.1_genomic	Bacteria	B69_L046	order	Polyangiales	/phylum:Myxococcota/class:Polyangia/order:Polyangiales
NEE60_G_00368	GCA_050731355.1_genomic	Bacteria	B69_L046	order	Polyangiales	/phylum:Myxococcota/class:Polyangia/order:Polyangiales
NEE60_G_00370	GCA_050731395.1_genomic	Bacteria	B69_L046	order	Polyangiales	/phylum:Myxococcota/class:Polyangia/order:Polyangiales
NEE60_G_00371	GCA_050731455.1_genomic	Bacteria	B69_L046	order	Polyangiales	/phylum:Myxococcota/class:Polyangia/order:Polyangiales
NEE60_G_00372	GCA_050731495.1_genomic	Bacteria	B69_L046	order	Polyangiales	/phylum:Myxococcota/class:Polyangia/order:Polyangiales
NEE60_G_01770	alaska_permafrost_reference_SRR5664280rbin.7	Bacteria	B69_L046	order	Polyangiales	/phylum:Myxococcota/class:Polyangia/order:Polyangiales
NEE60_G_02090	desert2025__GCA_030775585.1	Bacteria	B69_L046	order	Polyangiales	/phylum:Myxococcota/class:Polyangia/order:Polyangiales
NEE60_G_02110	desert2025__GCA_030776205.1	Bacteria	B69_L046	order	Polyangiales	/phylum:Myxococcota/class:Polyangia/order:Polyangiales
NEE60_G_02113	desert2025__GCA_030776305.1	Bacteria	B69_L046	order	Polyangiales	/phylum:Myxococcota/class:Polyangia/order:Polyangiales
NEE60_G_02158	desert2025__GCA_030852505.1	Bacteria	B69_L046	order	Polyangiales	/phylum:Myxococcota/class:Polyangia/order:Polyangiales
NEE60_G_02281	desert2025__GCA_030855295.1	Bacteria	B69_L046	order	Polyangiales	/phylum:Myxococcota/class:Polyangia/order:Polyangiales
NEE60_G_03205	qaidam_basin_mmag_1773_DLTCJS10_15bin52	Bacteria	B69_L046	order	Polyangiales	/phylum:Myxococcota/class:Polyangia/order:Polyangiales
NEE60_G_03329	qaidam_basin_mmag_1773_DLTCJS5_10bin74	Bacteria	B69_L046	order	Polyangiales	/phylum:Myxococcota/class:Polyangia/order:Polyangiales
NEE60_G_03355	qaidam_basin_mmag_1773_DLTSQ0_15bin18	Bacteria	B69_L046	order	Polyangiales	/phylum:Myxococcota/class:Polyangia/order:Polyangiales
NEE60_G_03667	qaidam_basin_mmag_1773_L_0707_40_50bin13	Bacteria	B69_L046	order	Polyangiales	/phylum:Myxococcota/class:Polyangia/order:Polyangiales
NEE60_G_03769	qaidam_basin_mmag_1773_L_0712_20_25bin58	Bacteria	B69_L046	order	Polyangiales	/phylum:Myxococcota/class:Polyangia/order:Polyangiales
NEE60_G_03949	qaidam_basin_mmag_1773_NSL35_40bin8	Bacteria	B69_L046	order	Polyangiales	/phylum:Myxococcota/class:Polyangia/order:Polyangiales
NEE60_G_04437	stordalen_mire_2019_hybrid_mags_cmr6.MA.201907_P_1_20to24_44.fna	Bacteria	B69_L046	order	Polyangiales	/phylum:Myxococcota/class:Polyangia/order:Polyangiales
NEE60_G_04457	stordalen_mire_2019_hybrid_mags_cmr6.MA.201907_S_1_1to5_37.fna	Bacteria	B69_L046	order	Polyangiales	/phylum:Myxococcota/class:Polyangia/order:Polyangiales
NEE60_G_03136	qaidam_basin_mmag_1773_CJ0912_5_10bin44	Bacteria	B69_L047	class	UBA727	/phylum:Myxococcota/class:UBA727
NEE60_G_03201	qaidam_basin_mmag_1773_DLTCJS10_15bin4	Bacteria	B69_L047	class	UBA727	/phylum:Myxococcota/class:UBA727
NEE60_G_03291	qaidam_basin_mmag_1773_DLTCJS25_30bin45	Bacteria	B69_L047	class	UBA727	/phylum:Myxococcota/class:UBA727
NEE60_G_03742	qaidam_basin_mmag_1773_L_0712_20_25bin26	Bacteria	B69_L047	class	UBA727	/phylum:Myxococcota/class:UBA727
NEE60_G_03893	qaidam_basin_mmag_1773_NSL20_25bin5	Bacteria	B69_L047	class	UBA727	/phylum:Myxococcota/class:UBA727
NEE60_G_00958	NEE56_mackay__GCA_013695205.1	Bacteria	B69_L048	class	UBA796	/phylum:Myxococcota/class:UBA796
NEE60_G_00713	GCA_050748365.1_genomic	Bacteria	B69_L049	order	SZUA-336	/phylum:Myxococcota_A/class:UBA9160/order:SZUA-336
NEE60_G_02814	qaidam_basin_mmag_1773_AKQ3bin41	Bacteria	B69_L050	order	UBA9160	/phylum:Myxococcota_A/class:UBA9160/order:UBA9160
NEE60_G_02827	qaidam_basin_mmag_1773_AKQ3bin74	Bacteria	B69_L050	order	UBA9160	/phylum:Myxococcota_A/class:UBA9160/order:UBA9160
NEE60_G_00354	GCA_050730795.1_genomic	Bacteria	B69_L051	phylum	Nitrospirota	/phylum:Nitrospirota
NEE60_G_00358	GCA_050730935.1_genomic	Bacteria	B69_L051	phylum	Nitrospirota	/phylum:Nitrospirota
NEE60_G_00363	GCA_050731195.1_genomic	Bacteria	B69_L051	phylum	Nitrospirota	/phylum:Nitrospirota
NEE60_G_00364	GCA_050731235.1_genomic	Bacteria	B69_L051	phylum	Nitrospirota	/phylum:Nitrospirota
NEE60_G_00365	GCA_050731255.1_genomic	Bacteria	B69_L051	phylum	Nitrospirota	/phylum:Nitrospirota
NEE60_G_00366	GCA_050731275.1_genomic	Bacteria	B69_L051	phylum	Nitrospirota	/phylum:Nitrospirota
NEE60_G_00369	GCA_050731375.1_genomic	Bacteria	B69_L051	phylum	Nitrospirota	/phylum:Nitrospirota
NEE60_G_00937	NEE56_mackay__GCA_013694735.1	Bacteria	B69_L051	phylum	Nitrospirota	/phylum:Nitrospirota
NEE60_G_01004	NEE56_mackay__GCA_013696305.1	Bacteria	B69_L051	phylum	Nitrospirota	/phylum:Nitrospirota
NEE60_G_01208	NEE56_mackay__GCA_013815965.1	Bacteria	B69_L051	phylum	Nitrospirota	/phylum:Nitrospirota
NEE60_G_01252	NEE56_mackay__GCA_013817135.1	Bacteria	B69_L051	phylum	Nitrospirota	/phylum:Nitrospirota
NEE60_G_01384	alaska_permafrost_reference_GCA_003152135.1_20120700_P3D_genomic	Bacteria	B69_L051	phylum	Nitrospirota	/phylum:Nitrospirota
NEE60_G_01530	alaska_permafrost_reference_SRR11743025bin.14	Bacteria	B69_L051	phylum	Nitrospirota	/phylum:Nitrospirota
NEE60_G_02652	desert2025__GCA_030946635.1	Bacteria	B69_L051	phylum	Nitrospirota	/phylum:Nitrospirota
NEE60_G_03603	qaidam_basin_mmag_1773_L_0707_15_20bin56	Bacteria	B69_L051	phylum	Nitrospirota	/phylum:Nitrospirota
NEE60_G_03752	qaidam_basin_mmag_1773_L_0712_20_25bin38	Bacteria	B69_L051	phylum	Nitrospirota	/phylum:Nitrospirota
NEE60_G_03904	qaidam_basin_mmag_1773_NSL25_30bin20	Bacteria	B69_L051	phylum	Nitrospirota	/phylum:Nitrospirota
NEE60_G_00362	GCA_050731015.1_genomic	Bacteria	B69_L052	phylum	Omnitrophota	/phylum:Omnitrophota
NEE60_G_04257	stordalen_mire_2019_hybrid_mags_cmr2.MA.201907_S_1_20to24_34.fna	Bacteria	B69_L052	phylum	Omnitrophota	/phylum:Omnitrophota
NEE60_G_04394	stordalen_mire_2019_hybrid_mags_cmr6.MA.201907_E_1_20to24_5.fna	Bacteria	B69_L052	phylum	Omnitrophota	/phylum:Omnitrophota
NEE60_G_04395	stordalen_mire_2019_hybrid_mags_cmr6.MA.201907_E_1_20to24_50.fna	Bacteria	B69_L052	phylum	Omnitrophota	/phylum:Omnitrophota
NEE60_G_00342	GCA_050730455.1_genomic	Bacteria	B69_L053	phylum	Patescibacteriota	/phylum:Patescibacteriota
NEE60_G_00345	GCA_050730595.1_genomic	Bacteria	B69_L053	phylum	Patescibacteriota	/phylum:Patescibacteriota
NEE60_G_00350	GCA_050730695.1_genomic	Bacteria	B69_L053	phylum	Patescibacteriota	/phylum:Patescibacteriota
NEE60_G_00351	GCA_050730715.1_genomic	Bacteria	B69_L053	phylum	Patescibacteriota	/phylum:Patescibacteriota
NEE60_G_00352	GCA_050730755.1_genomic	Bacteria	B69_L053	phylum	Patescibacteriota	/phylum:Patescibacteriota
NEE60_G_00353	GCA_050730765.1_genomic	Bacteria	B69_L053	phylum	Patescibacteriota	/phylum:Patescibacteriota
NEE60_G_00355	GCA_050730815.1_genomic	Bacteria	B69_L053	phylum	Patescibacteriota	/phylum:Patescibacteriota
NEE60_G_00356	GCA_050730835.1_genomic	Bacteria	B69_L053	phylum	Patescibacteriota	/phylum:Patescibacteriota
NEE60_G_00357	GCA_050730915.1_genomic	Bacteria	B69_L053	phylum	Patescibacteriota	/phylum:Patescibacteriota
NEE60_G_00359	GCA_050730955.1_genomic	Bacteria	B69_L053	phylum	Patescibacteriota	/phylum:Patescibacteriota
NEE60_G_00360	GCA_050730975.1_genomic	Bacteria	B69_L053	phylum	Patescibacteriota	/phylum:Patescibacteriota
NEE60_G_00361	GCA_050730995.1_genomic	Bacteria	B69_L053	phylum	Patescibacteriota	/phylum:Patescibacteriota
NEE60_G_00882	NEE56_danakil__GCA_042218035.1	Bacteria	B69_L053	phylum	Patescibacteriota	/phylum:Patescibacteriota
NEE60_G_00883	NEE56_danakil__GCA_042218065.1	Bacteria	B69_L053	phylum	Patescibacteriota	/phylum:Patescibacteriota
NEE60_G_00885	NEE56_danakil__GCA_042218115.1	Bacteria	B69_L053	phylum	Patescibacteriota	/phylum:Patescibacteriota
NEE60_G_00949	NEE56_mackay__GCA_013694995.1	Bacteria	B69_L053	phylum	Patescibacteriota	/phylum:Patescibacteriota
NEE60_G_01187	NEE56_mackay__GCA_013815345.1	Bacteria	B69_L053	phylum	Patescibacteriota	/phylum:Patescibacteriota
NEE60_G_01203	NEE56_mackay__GCA_013815775.1	Bacteria	B69_L053	phylum	Patescibacteriota	/phylum:Patescibacteriota
NEE60_G_01204	NEE56_mackay__GCA_013815785.1	Bacteria	B69_L053	phylum	Patescibacteriota	/phylum:Patescibacteriota
NEE60_G_01214	NEE56_mackay__GCA_013816135.1	Bacteria	B69_L053	phylum	Patescibacteriota	/phylum:Patescibacteriota
NEE60_G_01218	NEE56_mackay__GCA_013816255.1	Bacteria	B69_L053	phylum	Patescibacteriota	/phylum:Patescibacteriota
NEE60_G_01226	NEE56_mackay__GCA_013816445.1	Bacteria	B69_L053	phylum	Patescibacteriota	/phylum:Patescibacteriota
NEE60_G_01263	NEE56_mackay__GCA_013817565.1	Bacteria	B69_L053	phylum	Patescibacteriota	/phylum:Patescibacteriota
NEE60_G_01319	alaska_permafrost_reference_165_merged	Bacteria	B69_L053	phylum	Patescibacteriota	/phylum:Patescibacteriota
NEE60_G_01322	alaska_permafrost_reference_17_S43_bin.6	Bacteria	B69_L053	phylum	Patescibacteriota	/phylum:Patescibacteriota
NEE60_G_01329	alaska_permafrost_reference_20_S46_bin.8	Bacteria	B69_L053	phylum	Patescibacteriota	/phylum:Patescibacteriota
NEE60_G_01510	alaska_permafrost_reference_SRR10489834bin.34	Bacteria	B69_L053	phylum	Patescibacteriota	/phylum:Patescibacteriota
NEE60_G_01612	alaska_permafrost_reference_SRR1586309rbin.2	Bacteria	B69_L053	phylum	Patescibacteriota	/phylum:Patescibacteriota
NEE60_G_01644	alaska_permafrost_reference_SRR3984962rbin.22	Bacteria	B69_L053	phylum	Patescibacteriota	/phylum:Patescibacteriota
NEE60_G_01848	atacama_halite_rainfall_prjna484015_SG1_Chromatiales_50_6	Bacteria	B69_L053	phylum	Patescibacteriota	/phylum:Patescibacteriota
NEE60_G_01853	atacama_halite_rainfall_prjna484015_SG1_Gammaproteobacteria_46_8	Bacteria	B69_L053	phylum	Patescibacteriota	/phylum:Patescibacteriota
NEE60_G_01948	atacama_salt_crust_prjna351262_GCA_003021915.1_ASM302191v1_genomic	Bacteria	B69_L053	phylum	Patescibacteriota	/phylum:Patescibacteriota
NEE60_G_01953	atacama_salt_crust_prjna351262_GCA_003022255.1_ASM302225v1_genomic	Bacteria	B69_L053	phylum	Patescibacteriota	/phylum:Patescibacteriota
NEE60_G_01954	atacama_salt_crust_prjna351262_GCA_003022305.1_ASM302230v1_genomic	Bacteria	B69_L053	phylum	Patescibacteriota	/phylum:Patescibacteriota
NEE60_G_01955	atacama_salt_crust_prjna351262_GCA_003022345.1_ASM302234v1_genomic	Bacteria	B69_L053	phylum	Patescibacteriota	/phylum:Patescibacteriota
NEE60_G_01956	atacama_salt_crust_prjna351262_GCA_003022365.1_ASM302236v1_genomic	Bacteria	B69_L053	phylum	Patescibacteriota	/phylum:Patescibacteriota
NEE60_G_02067	desert2025__GCA_030775025.1	Bacteria	B69_L053	phylum	Patescibacteriota	/phylum:Patescibacteriota
NEE60_G_02073	desert2025__GCA_030775165.1	Bacteria	B69_L053	phylum	Patescibacteriota	/phylum:Patescibacteriota
NEE60_G_02263	desert2025__GCA_030854905.1	Bacteria	B69_L053	phylum	Patescibacteriota	/phylum:Patescibacteriota
NEE60_G_02264	desert2025__GCA_030854925.1	Bacteria	B69_L053	phylum	Patescibacteriota	/phylum:Patescibacteriota
NEE60_G_02274	desert2025__GCA_030855125.1	Bacteria	B69_L053	phylum	Patescibacteriota	/phylum:Patescibacteriota
NEE60_G_02275	desert2025__GCA_030855135.1	Bacteria	B69_L053	phylum	Patescibacteriota	/phylum:Patescibacteriota
NEE60_G_02276	desert2025__GCA_030855165.1	Bacteria	B69_L053	phylum	Patescibacteriota	/phylum:Patescibacteriota
NEE60_G_02284	desert2025__GCA_030855355.1	Bacteria	B69_L053	phylum	Patescibacteriota	/phylum:Patescibacteriota
NEE60_G_02290	desert2025__GCA_030855525.1	Bacteria	B69_L053	phylum	Patescibacteriota	/phylum:Patescibacteriota
NEE60_G_02293	desert2025__GCA_030855585.1	Bacteria	B69_L053	phylum	Patescibacteriota	/phylum:Patescibacteriota
NEE60_G_02296	desert2025__GCA_030855685.1	Bacteria	B69_L053	phylum	Patescibacteriota	/phylum:Patescibacteriota
NEE60_G_02297	desert2025__GCA_030855725.1	Bacteria	B69_L053	phylum	Patescibacteriota	/phylum:Patescibacteriota
NEE60_G_02302	desert2025__GCA_030855825.1	Bacteria	B69_L053	phylum	Patescibacteriota	/phylum:Patescibacteriota
NEE60_G_02309	desert2025__GCA_030855955.1	Bacteria	B69_L053	phylum	Patescibacteriota	/phylum:Patescibacteriota
NEE60_G_02320	desert2025__GCA_030856205.1	Bacteria	B69_L053	phylum	Patescibacteriota	/phylum:Patescibacteriota
NEE60_G_02347	desert2025__GCA_030856945.1	Bacteria	B69_L053	phylum	Patescibacteriota	/phylum:Patescibacteriota
NEE60_G_02352	desert2025__GCA_030857065.1	Bacteria	B69_L053	phylum	Patescibacteriota	/phylum:Patescibacteriota
NEE60_G_03119	qaidam_basin_mmag_1773_CJ0912_5_10bin18	Bacteria	B69_L053	phylum	Patescibacteriota	/phylum:Patescibacteriota
NEE60_G_03204	qaidam_basin_mmag_1773_DLTCJS10_15bin51	Bacteria	B69_L053	phylum	Patescibacteriota	/phylum:Patescibacteriota
NEE60_G_03235	qaidam_basin_mmag_1773_DLTCJS15_20bin80	Bacteria	B69_L053	phylum	Patescibacteriota	/phylum:Patescibacteriota
NEE60_G_03324	qaidam_basin_mmag_1773_DLTCJS5_10bin40	Bacteria	B69_L053	phylum	Patescibacteriota	/phylum:Patescibacteriota
NEE60_G_03375	qaidam_basin_mmag_1773_DLTSQ0_15bin44	Bacteria	B69_L053	phylum	Patescibacteriota	/phylum:Patescibacteriota
NEE60_G_03392	qaidam_basin_mmag_1773_DLTSQ15_20bin19	Bacteria	B69_L053	phylum	Patescibacteriota	/phylum:Patescibacteriota
NEE60_G_03393	qaidam_basin_mmag_1773_DLTSQ15_20bin20	Bacteria	B69_L053	phylum	Patescibacteriota	/phylum:Patescibacteriota
NEE60_G_03439	qaidam_basin_mmag_1773_DLTSQ20_25bin8	Bacteria	B69_L053	phylum	Patescibacteriota	/phylum:Patescibacteriota
NEE60_G_03456	qaidam_basin_mmag_1773_DLTYbin3	Bacteria	B69_L053	phylum	Patescibacteriota	/phylum:Patescibacteriota
NEE60_G_03457	qaidam_basin_mmag_1773_DLTYbin30	Bacteria	B69_L053	phylum	Patescibacteriota	/phylum:Patescibacteriota
NEE60_G_03832	qaidam_basin_mmag_1773_L_21_NSL5_10bin11	Bacteria	B69_L053	phylum	Patescibacteriota	/phylum:Patescibacteriota
NEE60_G_03849	qaidam_basin_mmag_1773_NSL0_5_2bin37	Bacteria	B69_L053	phylum	Patescibacteriota	/phylum:Patescibacteriota
NEE60_G_03857	qaidam_basin_mmag_1773_NSL0_5_2bin51	Bacteria	B69_L053	phylum	Patescibacteriota	/phylum:Patescibacteriota
NEE60_G_03947	qaidam_basin_mmag_1773_NSL35_40bin5	Bacteria	B69_L053	phylum	Patescibacteriota	/phylum:Patescibacteriota
NEE60_G_03998	qaidam_basin_mmag_1773_NSLT22bin19	Bacteria	B69_L053	phylum	Patescibacteriota	/phylum:Patescibacteriota
NEE60_G_04046	qaidam_basin_mmag_1773_S305CJS_Drybin22	Bacteria	B69_L053	phylum	Patescibacteriota	/phylum:Patescibacteriota
NEE60_G_04066	qaidam_basin_mmag_1773_S305CJS_Wetbin23	Bacteria	B69_L053	phylum	Patescibacteriota	/phylum:Patescibacteriota
NEE60_G_04125	stordalen_mire_2019_hybrid_mags_cmr2.MA.201907_E_1_1to5_1.fna	Bacteria	B69_L053	phylum	Patescibacteriota	/phylum:Patescibacteriota
NEE60_G_04147	stordalen_mire_2019_hybrid_mags_cmr2.MA.201907_E_1_20to24_32.fna	Bacteria	B69_L053	phylum	Patescibacteriota	/phylum:Patescibacteriota
NEE60_G_04160	stordalen_mire_2019_hybrid_mags_cmr2.MA.201907_E_1_20to24_50.fna	Bacteria	B69_L053	phylum	Patescibacteriota	/phylum:Patescibacteriota
NEE60_G_04265	stordalen_mire_2019_hybrid_mags_cmr2.MA.201907_S_1_20to24_46.fna	Bacteria	B69_L053	phylum	Patescibacteriota	/phylum:Patescibacteriota
NEE60_G_04368	stordalen_mire_2019_hybrid_mags_cmr6.MA.201907_E_1_20to24_1.fna	Bacteria	B69_L053	phylum	Patescibacteriota	/phylum:Patescibacteriota
NEE60_G_04372	stordalen_mire_2019_hybrid_mags_cmr6.MA.201907_E_1_20to24_17.fna	Bacteria	B69_L053	phylum	Patescibacteriota	/phylum:Patescibacteriota
NEE60_G_04374	stordalen_mire_2019_hybrid_mags_cmr6.MA.201907_E_1_20to24_19.fna	Bacteria	B69_L053	phylum	Patescibacteriota	/phylum:Patescibacteriota
NEE60_G_04379	stordalen_mire_2019_hybrid_mags_cmr6.MA.201907_E_1_20to24_3.fna	Bacteria	B69_L053	phylum	Patescibacteriota	/phylum:Patescibacteriota
NEE60_G_04385	stordalen_mire_2019_hybrid_mags_cmr6.MA.201907_E_1_20to24_4.fna	Bacteria	B69_L053	phylum	Patescibacteriota	/phylum:Patescibacteriota
NEE60_G_04386	stordalen_mire_2019_hybrid_mags_cmr6.MA.201907_E_1_20to24_40.fna	Bacteria	B69_L053	phylum	Patescibacteriota	/phylum:Patescibacteriota
NEE60_G_04389	stordalen_mire_2019_hybrid_mags_cmr6.MA.201907_E_1_20to24_44.fna	Bacteria	B69_L053	phylum	Patescibacteriota	/phylum:Patescibacteriota
NEE60_G_04391	stordalen_mire_2019_hybrid_mags_cmr6.MA.201907_E_1_20to24_46.fna	Bacteria	B69_L053	phylum	Patescibacteriota	/phylum:Patescibacteriota
NEE60_G_04393	stordalen_mire_2019_hybrid_mags_cmr6.MA.201907_E_1_20to24_49.fna	Bacteria	B69_L053	phylum	Patescibacteriota	/phylum:Patescibacteriota
NEE60_G_04462	stordalen_mire_2019_hybrid_mags_cmr6.MA.201907_S_1_1to5_6.fna	Bacteria	B69_L053	phylum	Patescibacteriota	/phylum:Patescibacteriota
NEE60_G_04473	stordalen_mire_2019_hybrid_mags_cmr6.MA.201907_S_1_20to24_45.fna	Bacteria	B69_L053	phylum	Patescibacteriota	/phylum:Patescibacteriota
NEE60_G_00341	GCA_050730415.1_genomic	Bacteria	B69_L054	phylum	Planctomycetota	/phylum:Planctomycetota
NEE60_G_00343	GCA_050730535.1_genomic	Bacteria	B69_L054	phylum	Planctomycetota	/phylum:Planctomycetota
NEE60_G_00344	GCA_050730575.1_genomic	Bacteria	B69_L054	phylum	Planctomycetota	/phylum:Planctomycetota
NEE60_G_00346	GCA_050730615.1_genomic	Bacteria	B69_L054	phylum	Planctomycetota	/phylum:Planctomycetota
NEE60_G_00347	GCA_050730635.1_genomic	Bacteria	B69_L054	phylum	Planctomycetota	/phylum:Planctomycetota
NEE60_G_00348	GCA_050730655.1_genomic	Bacteria	B69_L054	phylum	Planctomycetota	/phylum:Planctomycetota
NEE60_G_00349	GCA_050730675.1_genomic	Bacteria	B69_L054	phylum	Planctomycetota	/phylum:Planctomycetota
NEE60_G_00785	MAG46	Bacteria	B69_L054	phylum	Planctomycetota	/phylum:Planctomycetota
NEE60_G_00995	NEE56_mackay__GCA_013696105.1	Bacteria	B69_L054	phylum	Planctomycetota	/phylum:Planctomycetota
NEE60_G_01170	NEE56_mackay__GCA_013813655.1	Bacteria	B69_L054	phylum	Planctomycetota	/phylum:Planctomycetota
NEE60_G_01225	NEE56_mackay__GCA_013816415.1	Bacteria	B69_L054	phylum	Planctomycetota	/phylum:Planctomycetota
NEE60_G_01227	NEE56_mackay__GCA_013816485.1	Bacteria	B69_L054	phylum	Planctomycetota	/phylum:Planctomycetota
NEE60_G_01234	NEE56_mackay__GCA_013816645.1	Bacteria	B69_L054	phylum	Planctomycetota	/phylum:Planctomycetota
NEE60_G_01290	NEE56_mackay__GCA_013821365.1	Bacteria	B69_L054	phylum	Planctomycetota	/phylum:Planctomycetota
NEE60_G_01300	NEE56_mackay__GCA_013821615.1	Bacteria	B69_L054	phylum	Planctomycetota	/phylum:Planctomycetota
NEE60_G_01416	alaska_permafrost_reference_GCA_003170415.1_20110800_E3D_genomic	Bacteria	B69_L054	phylum	Planctomycetota	/phylum:Planctomycetota
NEE60_G_01593	alaska_permafrost_reference_SRR1586279rbin.36	Bacteria	B69_L054	phylum	Planctomycetota	/phylum:Planctomycetota
NEE60_G_01847	atacama_halite_rainfall_prjna484015_SG1_Burkholderiales_64_6	Bacteria	B69_L054	phylum	Planctomycetota	/phylum:Planctomycetota
NEE60_G_02086	desert2025__GCA_030775485.1	Bacteria	B69_L054	phylum	Planctomycetota	/phylum:Planctomycetota
NEE60_G_02357	desert2025__GCA_030857165.1	Bacteria	B69_L054	phylum	Planctomycetota	/phylum:Planctomycetota
NEE60_G_02398	desert2025__GCA_030858535.1	Bacteria	B69_L054	phylum	Planctomycetota	/phylum:Planctomycetota
NEE60_G_02752	qaidam_basin_mmag_1773_AKQ1bin25	Bacteria	B69_L054	phylum	Planctomycetota	/phylum:Planctomycetota
NEE60_G_02796	qaidam_basin_mmag_1773_AKQ3bin12	Bacteria	B69_L054	phylum	Planctomycetota	/phylum:Planctomycetota
NEE60_G_02810	qaidam_basin_mmag_1773_AKQ3bin35	Bacteria	B69_L054	phylum	Planctomycetota	/phylum:Planctomycetota
NEE60_G_02901	qaidam_basin_mmag_1773_CHGRbin4	Bacteria	B69_L054	phylum	Planctomycetota	/phylum:Planctomycetota
NEE60_G_02950	qaidam_basin_mmag_1773_CJ0912_0_5bin26	Bacteria	B69_L054	phylum	Planctomycetota	/phylum:Planctomycetota
NEE60_G_03074	qaidam_basin_mmag_1773_CJ0912_35_40bin42	Bacteria	B69_L054	phylum	Planctomycetota	/phylum:Planctomycetota
NEE60_G_03131	qaidam_basin_mmag_1773_CJ0912_5_10bin38	Bacteria	B69_L054	phylum	Planctomycetota	/phylum:Planctomycetota
NEE60_G_03153	qaidam_basin_mmag_1773_CJS_1_0912bin21	Bacteria	B69_L054	phylum	Planctomycetota	/phylum:Planctomycetota
NEE60_G_03179	qaidam_basin_mmag_1773_CJS_1_0912bin49	Bacteria	B69_L054	phylum	Planctomycetota	/phylum:Planctomycetota
NEE60_G_03181	qaidam_basin_mmag_1773_CJS_1_0912bin8	Bacteria	B69_L054	phylum	Planctomycetota	/phylum:Planctomycetota
NEE60_G_03199	qaidam_basin_mmag_1773_DLTCJS10_15bin36	Bacteria	B69_L054	phylum	Planctomycetota	/phylum:Planctomycetota
NEE60_G_03226	qaidam_basin_mmag_1773_DLTCJS15_20bin53	Bacteria	B69_L054	phylum	Planctomycetota	/phylum:Planctomycetota
NEE60_G_03309	qaidam_basin_mmag_1773_DLTCJS25_30bin68	Bacteria	B69_L054	phylum	Planctomycetota	/phylum:Planctomycetota
NEE60_G_03380	qaidam_basin_mmag_1773_DLTSQ0_15bin52	Bacteria	B69_L054	phylum	Planctomycetota	/phylum:Planctomycetota
NEE60_G_03394	qaidam_basin_mmag_1773_DLTSQ15_20bin24	Bacteria	B69_L054	phylum	Planctomycetota	/phylum:Planctomycetota
NEE60_G_03501	qaidam_basin_mmag_1773_L_0707_10_15bin10	Bacteria	B69_L054	phylum	Planctomycetota	/phylum:Planctomycetota
NEE60_G_03505	qaidam_basin_mmag_1773_L_0707_10_15bin15	Bacteria	B69_L054	phylum	Planctomycetota	/phylum:Planctomycetota
NEE60_G_03506	qaidam_basin_mmag_1773_L_0707_10_15bin16	Bacteria	B69_L054	phylum	Planctomycetota	/phylum:Planctomycetota
NEE60_G_03520	qaidam_basin_mmag_1773_L_0707_10_15bin31	Bacteria	B69_L054	phylum	Planctomycetota	/phylum:Planctomycetota
NEE60_G_03521	qaidam_basin_mmag_1773_L_0707_10_15bin32	Bacteria	B69_L054	phylum	Planctomycetota	/phylum:Planctomycetota
NEE60_G_03541	qaidam_basin_mmag_1773_L_0707_10_15bin55	Bacteria	B69_L054	phylum	Planctomycetota	/phylum:Planctomycetota
NEE60_G_03543	qaidam_basin_mmag_1773_L_0707_10_15bin57	Bacteria	B69_L054	phylum	Planctomycetota	/phylum:Planctomycetota
NEE60_G_03566	qaidam_basin_mmag_1773_L_0707_15_20bin1	Bacteria	B69_L054	phylum	Planctomycetota	/phylum:Planctomycetota
NEE60_G_03567	qaidam_basin_mmag_1773_L_0707_15_20bin10	Bacteria	B69_L054	phylum	Planctomycetota	/phylum:Planctomycetota
NEE60_G_03569	qaidam_basin_mmag_1773_L_0707_15_20bin13	Bacteria	B69_L054	phylum	Planctomycetota	/phylum:Planctomycetota
NEE60_G_03573	qaidam_basin_mmag_1773_L_0707_15_20bin18	Bacteria	B69_L054	phylum	Planctomycetota	/phylum:Planctomycetota
NEE60_G_03577	qaidam_basin_mmag_1773_L_0707_15_20bin21	Bacteria	B69_L054	phylum	Planctomycetota	/phylum:Planctomycetota
NEE60_G_03584	qaidam_basin_mmag_1773_L_0707_15_20bin28	Bacteria	B69_L054	phylum	Planctomycetota	/phylum:Planctomycetota
NEE60_G_03589	qaidam_basin_mmag_1773_L_0707_15_20bin35	Bacteria	B69_L054	phylum	Planctomycetota	/phylum:Planctomycetota
NEE60_G_03594	qaidam_basin_mmag_1773_L_0707_15_20bin42	Bacteria	B69_L054	phylum	Planctomycetota	/phylum:Planctomycetota
NEE60_G_03613	qaidam_basin_mmag_1773_L_0707_15_20bin7	Bacteria	B69_L054	phylum	Planctomycetota	/phylum:Planctomycetota
NEE60_G_03618	qaidam_basin_mmag_1773_L_0707_2_5bin12	Bacteria	B69_L054	phylum	Planctomycetota	/phylum:Planctomycetota
NEE60_G_03639	qaidam_basin_mmag_1773_L_0707_2_5bin37	Bacteria	B69_L054	phylum	Planctomycetota	/phylum:Planctomycetota
NEE60_G_03645	qaidam_basin_mmag_1773_L_0707_2_5bin46	Bacteria	B69_L054	phylum	Planctomycetota	/phylum:Planctomycetota
NEE60_G_03692	qaidam_basin_mmag_1773_L_0707_40_50bin39	Bacteria	B69_L054	phylum	Planctomycetota	/phylum:Planctomycetota
NEE60_G_03701	qaidam_basin_mmag_1773_L_0707_40_50bin47	Bacteria	B69_L054	phylum	Planctomycetota	/phylum:Planctomycetota
NEE60_G_03703	qaidam_basin_mmag_1773_L_0707_40_50bin49	Bacteria	B69_L054	phylum	Planctomycetota	/phylum:Planctomycetota
NEE60_G_03723	qaidam_basin_mmag_1773_L_0707_40_50bin72	Bacteria	B69_L054	phylum	Planctomycetota	/phylum:Planctomycetota
NEE60_G_03740	qaidam_basin_mmag_1773_L_0712_20_25bin24	Bacteria	B69_L054	phylum	Planctomycetota	/phylum:Planctomycetota
NEE60_G_03748	qaidam_basin_mmag_1773_L_0712_20_25bin32	Bacteria	B69_L054	phylum	Planctomycetota	/phylum:Planctomycetota
NEE60_G_03760	qaidam_basin_mmag_1773_L_0712_20_25bin48	Bacteria	B69_L054	phylum	Planctomycetota	/phylum:Planctomycetota
NEE60_G_03765	qaidam_basin_mmag_1773_L_0712_20_25bin54	Bacteria	B69_L054	phylum	Planctomycetota	/phylum:Planctomycetota
NEE60_G_03782	qaidam_basin_mmag_1773_L_21_AKQ_4bin12	Bacteria	B69_L054	phylum	Planctomycetota	/phylum:Planctomycetota
NEE60_G_03800	qaidam_basin_mmag_1773_L_21_AKQ_4bin4	Bacteria	B69_L054	phylum	Planctomycetota	/phylum:Planctomycetota
NEE60_G_03806	qaidam_basin_mmag_1773_L_21_AKQ_4bin51	Bacteria	B69_L054	phylum	Planctomycetota	/phylum:Planctomycetota
NEE60_G_03807	qaidam_basin_mmag_1773_L_21_AKQ_4bin52	Bacteria	B69_L054	phylum	Planctomycetota	/phylum:Planctomycetota
NEE60_G_03867	qaidam_basin_mmag_1773_NSL1015bin29	Bacteria	B69_L054	phylum	Planctomycetota	/phylum:Planctomycetota
NEE60_G_03890	qaidam_basin_mmag_1773_NSL20_25bin15	Bacteria	B69_L054	phylum	Planctomycetota	/phylum:Planctomycetota
NEE60_G_03938	qaidam_basin_mmag_1773_NSL35_40bin11	Bacteria	B69_L054	phylum	Planctomycetota	/phylum:Planctomycetota
NEE60_G_03939	qaidam_basin_mmag_1773_NSL35_40bin12	Bacteria	B69_L054	phylum	Planctomycetota	/phylum:Planctomycetota
NEE60_G_04033	qaidam_basin_mmag_1773_NSLT22bin9	Bacteria	B69_L054	phylum	Planctomycetota	/phylum:Planctomycetota
NEE60_G_04073	qaidam_basin_mmag_1773_S305CJS_Wetbin30	Bacteria	B69_L054	phylum	Planctomycetota	/phylum:Planctomycetota
NEE60_G_04296	stordalen_mire_2019_hybrid_mags_cmr5.MA.201907_P_1_1to5_13.fna	Bacteria	B69_L054	phylum	Planctomycetota	/phylum:Planctomycetota
NEE60_G_04430	stordalen_mire_2019_hybrid_mags_cmr6.MA.201907_P_1_20to24_23.fna	Bacteria	B69_L054	phylum	Planctomycetota	/phylum:Planctomycetota
NEE60_G_04431	stordalen_mire_2019_hybrid_mags_cmr6.MA.201907_P_1_20to24_25.fna	Bacteria	B69_L054	phylum	Planctomycetota	/phylum:Planctomycetota
NEE60_G_04455	stordalen_mire_2019_hybrid_mags_cmr6.MA.201907_S_1_1to5_35.fna	Bacteria	B69_L054	phylum	Planctomycetota	/phylum:Planctomycetota
NEE60_G_04466	stordalen_mire_2019_hybrid_mags_cmr6.MA.201907_S_1_20to24_2.fna	Bacteria	B69_L054	phylum	Planctomycetota	/phylum:Planctomycetota
NEE60_G_00008	GCA_016781555.1	Bacteria	B69_L055	class	Alphaproteobacteria	/phylum:Pseudomonadota/class:Alphaproteobacteria
NEE60_G_00026	GCA_046260225.1	Bacteria	B69_L055	class	Alphaproteobacteria	/phylum:Pseudomonadota/class:Alphaproteobacteria
NEE60_G_00039	GCA_046260535.1	Bacteria	B69_L055	class	Alphaproteobacteria	/phylum:Pseudomonadota/class:Alphaproteobacteria
NEE60_G_00089	GCA_046262395.1	Bacteria	B69_L055	class	Alphaproteobacteria	/phylum:Pseudomonadota/class:Alphaproteobacteria
NEE60_G_00266	GCA_050725455.1_genomic	Bacteria	B69_L055	class	Alphaproteobacteria	/phylum:Pseudomonadota/class:Alphaproteobacteria
NEE60_G_00268	GCA_050725575.1_genomic	Bacteria	B69_L055	class	Alphaproteobacteria	/phylum:Pseudomonadota/class:Alphaproteobacteria
NEE60_G_00269	GCA_050725615.1_genomic	Bacteria	B69_L055	class	Alphaproteobacteria	/phylum:Pseudomonadota/class:Alphaproteobacteria
NEE60_G_00270	GCA_050725655.1_genomic	Bacteria	B69_L055	class	Alphaproteobacteria	/phylum:Pseudomonadota/class:Alphaproteobacteria
NEE60_G_00271	GCA_050725715.1_genomic	Bacteria	B69_L055	class	Alphaproteobacteria	/phylum:Pseudomonadota/class:Alphaproteobacteria
NEE60_G_00272	GCA_050725795.1_genomic	Bacteria	B69_L055	class	Alphaproteobacteria	/phylum:Pseudomonadota/class:Alphaproteobacteria
NEE60_G_00273	GCA_050725835.1_genomic	Bacteria	B69_L055	class	Alphaproteobacteria	/phylum:Pseudomonadota/class:Alphaproteobacteria
NEE60_G_00274	GCA_050725855.1_genomic	Bacteria	B69_L055	class	Alphaproteobacteria	/phylum:Pseudomonadota/class:Alphaproteobacteria
NEE60_G_00275	GCA_050725875.1_genomic	Bacteria	B69_L055	class	Alphaproteobacteria	/phylum:Pseudomonadota/class:Alphaproteobacteria
NEE60_G_00276	GCA_050725915.1_genomic	Bacteria	B69_L055	class	Alphaproteobacteria	/phylum:Pseudomonadota/class:Alphaproteobacteria
NEE60_G_00277	GCA_050725935.1_genomic	Bacteria	B69_L055	class	Alphaproteobacteria	/phylum:Pseudomonadota/class:Alphaproteobacteria
NEE60_G_00278	GCA_050725955.1_genomic	Bacteria	B69_L055	class	Alphaproteobacteria	/phylum:Pseudomonadota/class:Alphaproteobacteria
NEE60_G_00279	GCA_050725975.1_genomic	Bacteria	B69_L055	class	Alphaproteobacteria	/phylum:Pseudomonadota/class:Alphaproteobacteria
NEE60_G_00280	GCA_050725995.1_genomic	Bacteria	B69_L055	class	Alphaproteobacteria	/phylum:Pseudomonadota/class:Alphaproteobacteria
NEE60_G_00281	GCA_050726075.1_genomic	Bacteria	B69_L055	class	Alphaproteobacteria	/phylum:Pseudomonadota/class:Alphaproteobacteria
NEE60_G_00282	GCA_050726115.1_genomic	Bacteria	B69_L055	class	Alphaproteobacteria	/phylum:Pseudomonadota/class:Alphaproteobacteria
NEE60_G_00283	GCA_050726135.1_genomic	Bacteria	B69_L055	class	Alphaproteobacteria	/phylum:Pseudomonadota/class:Alphaproteobacteria
NEE60_G_00284	GCA_050726155.1_genomic	Bacteria	B69_L055	class	Alphaproteobacteria	/phylum:Pseudomonadota/class:Alphaproteobacteria
NEE60_G_00285	GCA_050726215.1_genomic	Bacteria	B69_L055	class	Alphaproteobacteria	/phylum:Pseudomonadota/class:Alphaproteobacteria
NEE60_G_00286	GCA_050728395.1_genomic	Bacteria	B69_L055	class	Alphaproteobacteria	/phylum:Pseudomonadota/class:Alphaproteobacteria
NEE60_G_00287	GCA_050728415.1_genomic	Bacteria	B69_L055	class	Alphaproteobacteria	/phylum:Pseudomonadota/class:Alphaproteobacteria
NEE60_G_00288	GCA_050728455.1_genomic	Bacteria	B69_L055	class	Alphaproteobacteria	/phylum:Pseudomonadota/class:Alphaproteobacteria
NEE60_G_00289	GCA_050728495.1_genomic	Bacteria	B69_L055	class	Alphaproteobacteria	/phylum:Pseudomonadota/class:Alphaproteobacteria
NEE60_G_00290	GCA_050728535.1_genomic	Bacteria	B69_L055	class	Alphaproteobacteria	/phylum:Pseudomonadota/class:Alphaproteobacteria
NEE60_G_00291	GCA_050728555.1_genomic	Bacteria	B69_L055	class	Alphaproteobacteria	/phylum:Pseudomonadota/class:Alphaproteobacteria
NEE60_G_00292	GCA_050728615.1_genomic	Bacteria	B69_L055	class	Alphaproteobacteria	/phylum:Pseudomonadota/class:Alphaproteobacteria
NEE60_G_00293	GCA_050728635.1_genomic	Bacteria	B69_L055	class	Alphaproteobacteria	/phylum:Pseudomonadota/class:Alphaproteobacteria
NEE60_G_00294	GCA_050728655.1_genomic	Bacteria	B69_L055	class	Alphaproteobacteria	/phylum:Pseudomonadota/class:Alphaproteobacteria
NEE60_G_00295	GCA_050728675.1_genomic	Bacteria	B69_L055	class	Alphaproteobacteria	/phylum:Pseudomonadota/class:Alphaproteobacteria
NEE60_G_00296	GCA_050728695.1_genomic	Bacteria	B69_L055	class	Alphaproteobacteria	/phylum:Pseudomonadota/class:Alphaproteobacteria
NEE60_G_00297	GCA_050728715.1_genomic	Bacteria	B69_L055	class	Alphaproteobacteria	/phylum:Pseudomonadota/class:Alphaproteobacteria
NEE60_G_00298	GCA_050728735.1_genomic	Bacteria	B69_L055	class	Alphaproteobacteria	/phylum:Pseudomonadota/class:Alphaproteobacteria
NEE60_G_00299	GCA_050728755.1_genomic	Bacteria	B69_L055	class	Alphaproteobacteria	/phylum:Pseudomonadota/class:Alphaproteobacteria
NEE60_G_00300	GCA_050728775.1_genomic	Bacteria	B69_L055	class	Alphaproteobacteria	/phylum:Pseudomonadota/class:Alphaproteobacteria
NEE60_G_00301	GCA_050728795.1_genomic	Bacteria	B69_L055	class	Alphaproteobacteria	/phylum:Pseudomonadota/class:Alphaproteobacteria
NEE60_G_00302	GCA_050728855.1_genomic	Bacteria	B69_L055	class	Alphaproteobacteria	/phylum:Pseudomonadota/class:Alphaproteobacteria
NEE60_G_00303	GCA_050728895.1_genomic	Bacteria	B69_L055	class	Alphaproteobacteria	/phylum:Pseudomonadota/class:Alphaproteobacteria
NEE60_G_00304	GCA_050728915.1_genomic	Bacteria	B69_L055	class	Alphaproteobacteria	/phylum:Pseudomonadota/class:Alphaproteobacteria
NEE60_G_00305	GCA_050728995.1_genomic	Bacteria	B69_L055	class	Alphaproteobacteria	/phylum:Pseudomonadota/class:Alphaproteobacteria
NEE60_G_00306	GCA_050729015.1_genomic	Bacteria	B69_L055	class	Alphaproteobacteria	/phylum:Pseudomonadota/class:Alphaproteobacteria
NEE60_G_00307	GCA_050729195.1_genomic	Bacteria	B69_L055	class	Alphaproteobacteria	/phylum:Pseudomonadota/class:Alphaproteobacteria
NEE60_G_00308	GCA_050729255.1_genomic	Bacteria	B69_L055	class	Alphaproteobacteria	/phylum:Pseudomonadota/class:Alphaproteobacteria
NEE60_G_00309	GCA_050729295.1_genomic	Bacteria	B69_L055	class	Alphaproteobacteria	/phylum:Pseudomonadota/class:Alphaproteobacteria
NEE60_G_00310	GCA_050729355.1_genomic	Bacteria	B69_L055	class	Alphaproteobacteria	/phylum:Pseudomonadota/class:Alphaproteobacteria
NEE60_G_00311	GCA_050729395.1_genomic	Bacteria	B69_L055	class	Alphaproteobacteria	/phylum:Pseudomonadota/class:Alphaproteobacteria
NEE60_G_00312	GCA_050729475.1_genomic	Bacteria	B69_L055	class	Alphaproteobacteria	/phylum:Pseudomonadota/class:Alphaproteobacteria
NEE60_G_00313	GCA_050729495.1_genomic	Bacteria	B69_L055	class	Alphaproteobacteria	/phylum:Pseudomonadota/class:Alphaproteobacteria
NEE60_G_00314	GCA_050729515.1_genomic	Bacteria	B69_L055	class	Alphaproteobacteria	/phylum:Pseudomonadota/class:Alphaproteobacteria
NEE60_G_00315	GCA_050729555.1_genomic	Bacteria	B69_L055	class	Alphaproteobacteria	/phylum:Pseudomonadota/class:Alphaproteobacteria
NEE60_G_00316	GCA_050729575.1_genomic	Bacteria	B69_L055	class	Alphaproteobacteria	/phylum:Pseudomonadota/class:Alphaproteobacteria
NEE60_G_00317	GCA_050729595.1_genomic	Bacteria	B69_L055	class	Alphaproteobacteria	/phylum:Pseudomonadota/class:Alphaproteobacteria
NEE60_G_00318	GCA_050729675.1_genomic	Bacteria	B69_L055	class	Alphaproteobacteria	/phylum:Pseudomonadota/class:Alphaproteobacteria
NEE60_G_00319	GCA_050729695.1_genomic	Bacteria	B69_L055	class	Alphaproteobacteria	/phylum:Pseudomonadota/class:Alphaproteobacteria
NEE60_G_00320	GCA_050729715.1_genomic	Bacteria	B69_L055	class	Alphaproteobacteria	/phylum:Pseudomonadota/class:Alphaproteobacteria
NEE60_G_00321	GCA_050729755.1_genomic	Bacteria	B69_L055	class	Alphaproteobacteria	/phylum:Pseudomonadota/class:Alphaproteobacteria
NEE60_G_00322	GCA_050729795.1_genomic	Bacteria	B69_L055	class	Alphaproteobacteria	/phylum:Pseudomonadota/class:Alphaproteobacteria
NEE60_G_00323	GCA_050729815.1_genomic	Bacteria	B69_L055	class	Alphaproteobacteria	/phylum:Pseudomonadota/class:Alphaproteobacteria
NEE60_G_00324	GCA_050729835.1_genomic	Bacteria	B69_L055	class	Alphaproteobacteria	/phylum:Pseudomonadota/class:Alphaproteobacteria
NEE60_G_00325	GCA_050729855.1_genomic	Bacteria	B69_L055	class	Alphaproteobacteria	/phylum:Pseudomonadota/class:Alphaproteobacteria
NEE60_G_00326	GCA_050729895.1_genomic	Bacteria	B69_L055	class	Alphaproteobacteria	/phylum:Pseudomonadota/class:Alphaproteobacteria
NEE60_G_00327	GCA_050729935.1_genomic	Bacteria	B69_L055	class	Alphaproteobacteria	/phylum:Pseudomonadota/class:Alphaproteobacteria
NEE60_G_00328	GCA_050729955.1_genomic	Bacteria	B69_L055	class	Alphaproteobacteria	/phylum:Pseudomonadota/class:Alphaproteobacteria
NEE60_G_00329	GCA_050730055.1_genomic	Bacteria	B69_L055	class	Alphaproteobacteria	/phylum:Pseudomonadota/class:Alphaproteobacteria
NEE60_G_00330	GCA_050730075.1_genomic	Bacteria	B69_L055	class	Alphaproteobacteria	/phylum:Pseudomonadota/class:Alphaproteobacteria
NEE60_G_00331	GCA_050730095.1_genomic	Bacteria	B69_L055	class	Alphaproteobacteria	/phylum:Pseudomonadota/class:Alphaproteobacteria
NEE60_G_00332	GCA_050730115.1_genomic	Bacteria	B69_L055	class	Alphaproteobacteria	/phylum:Pseudomonadota/class:Alphaproteobacteria
NEE60_G_00333	GCA_050730135.1_genomic	Bacteria	B69_L055	class	Alphaproteobacteria	/phylum:Pseudomonadota/class:Alphaproteobacteria
NEE60_G_00334	GCA_050730155.1_genomic	Bacteria	B69_L055	class	Alphaproteobacteria	/phylum:Pseudomonadota/class:Alphaproteobacteria
NEE60_G_00335	GCA_050730175.1_genomic	Bacteria	B69_L055	class	Alphaproteobacteria	/phylum:Pseudomonadota/class:Alphaproteobacteria
NEE60_G_00336	GCA_050730195.1_genomic	Bacteria	B69_L055	class	Alphaproteobacteria	/phylum:Pseudomonadota/class:Alphaproteobacteria
NEE60_G_00337	GCA_050730215.1_genomic	Bacteria	B69_L055	class	Alphaproteobacteria	/phylum:Pseudomonadota/class:Alphaproteobacteria
NEE60_G_00338	GCA_050730295.1_genomic	Bacteria	B69_L055	class	Alphaproteobacteria	/phylum:Pseudomonadota/class:Alphaproteobacteria
NEE60_G_00339	GCA_050730335.1_genomic	Bacteria	B69_L055	class	Alphaproteobacteria	/phylum:Pseudomonadota/class:Alphaproteobacteria
NEE60_G_00340	GCA_050730355.1_genomic	Bacteria	B69_L055	class	Alphaproteobacteria	/phylum:Pseudomonadota/class:Alphaproteobacteria
NEE60_G_00743	MAG04	Bacteria	B69_L055	class	Alphaproteobacteria	/phylum:Pseudomonadota/class:Alphaproteobacteria
NEE60_G_00753	MAG14	Bacteria	B69_L055	class	Alphaproteobacteria	/phylum:Pseudomonadota/class:Alphaproteobacteria
NEE60_G_00793	MAG54	Bacteria	B69_L055	class	Alphaproteobacteria	/phylum:Pseudomonadota/class:Alphaproteobacteria
NEE60_G_00794	MAG55	Bacteria	B69_L055	class	Alphaproteobacteria	/phylum:Pseudomonadota/class:Alphaproteobacteria
NEE60_G_00806	MAG67	Bacteria	B69_L055	class	Alphaproteobacteria	/phylum:Pseudomonadota/class:Alphaproteobacteria
NEE60_G_00807	MAG68	Bacteria	B69_L055	class	Alphaproteobacteria	/phylum:Pseudomonadota/class:Alphaproteobacteria
NEE60_G_00973	NEE56_mackay__GCA_013695565.1	Bacteria	B69_L055	class	Alphaproteobacteria	/phylum:Pseudomonadota/class:Alphaproteobacteria
NEE60_G_00993	NEE56_mackay__GCA_013696055.1	Bacteria	B69_L055	class	Alphaproteobacteria	/phylum:Pseudomonadota/class:Alphaproteobacteria
NEE60_G_01041	NEE56_mackay__GCA_013697055.1	Bacteria	B69_L055	class	Alphaproteobacteria	/phylum:Pseudomonadota/class:Alphaproteobacteria
NEE60_G_01053	NEE56_mackay__GCA_013697475.1	Bacteria	B69_L055	class	Alphaproteobacteria	/phylum:Pseudomonadota/class:Alphaproteobacteria
NEE60_G_01057	NEE56_mackay__GCA_013697555.1	Bacteria	B69_L055	class	Alphaproteobacteria	/phylum:Pseudomonadota/class:Alphaproteobacteria
NEE60_G_01093	NEE56_mackay__GCA_013698425.1	Bacteria	B69_L055	class	Alphaproteobacteria	/phylum:Pseudomonadota/class:Alphaproteobacteria
NEE60_G_01165	NEE56_mackay__GCA_013813495.1	Bacteria	B69_L055	class	Alphaproteobacteria	/phylum:Pseudomonadota/class:Alphaproteobacteria
NEE60_G_01183	NEE56_mackay__GCA_013813995.1	Bacteria	B69_L055	class	Alphaproteobacteria	/phylum:Pseudomonadota/class:Alphaproteobacteria
NEE60_G_01191	NEE56_mackay__GCA_013815405.1	Bacteria	B69_L055	class	Alphaproteobacteria	/phylum:Pseudomonadota/class:Alphaproteobacteria
NEE60_G_01192	NEE56_mackay__GCA_013815465.1	Bacteria	B69_L055	class	Alphaproteobacteria	/phylum:Pseudomonadota/class:Alphaproteobacteria
NEE60_G_01215	NEE56_mackay__GCA_013816185.1	Bacteria	B69_L055	class	Alphaproteobacteria	/phylum:Pseudomonadota/class:Alphaproteobacteria
NEE60_G_01231	NEE56_mackay__GCA_013816585.1	Bacteria	B69_L055	class	Alphaproteobacteria	/phylum:Pseudomonadota/class:Alphaproteobacteria
NEE60_G_01232	NEE56_mackay__GCA_013816595.1	Bacteria	B69_L055	class	Alphaproteobacteria	/phylum:Pseudomonadota/class:Alphaproteobacteria
NEE60_G_01256	NEE56_mackay__GCA_013817375.1	Bacteria	B69_L055	class	Alphaproteobacteria	/phylum:Pseudomonadota/class:Alphaproteobacteria
NEE60_G_01284	NEE56_mackay__GCA_013821205.1	Bacteria	B69_L055	class	Alphaproteobacteria	/phylum:Pseudomonadota/class:Alphaproteobacteria
NEE60_G_01298	NEE56_mackay__GCA_013821585.1	Bacteria	B69_L055	class	Alphaproteobacteria	/phylum:Pseudomonadota/class:Alphaproteobacteria
NEE60_G_01305	NEE56_mackay__GCF_013812825.1	Bacteria	B69_L055	class	Alphaproteobacteria	/phylum:Pseudomonadota/class:Alphaproteobacteria
NEE60_G_01308	NEE56_mackay__GCF_013816785.1	Bacteria	B69_L055	class	Alphaproteobacteria	/phylum:Pseudomonadota/class:Alphaproteobacteria
NEE60_G_01336	alaska_permafrost_reference_BRice_18rbin.14	Bacteria	B69_L055	class	Alphaproteobacteria	/phylum:Pseudomonadota/class:Alphaproteobacteria
NEE60_G_01337	alaska_permafrost_reference_ERR4660997rbin.2	Bacteria	B69_L055	class	Alphaproteobacteria	/phylum:Pseudomonadota/class:Alphaproteobacteria
NEE60_G_01348	alaska_permafrost_reference_GCA_003133265.1_20120500_P28_genomic	Bacteria	B69_L055	class	Alphaproteobacteria	/phylum:Pseudomonadota/class:Alphaproteobacteria
NEE60_G_01351	alaska_permafrost_reference_GCA_003133345.1_20120500_P27_genomic	Bacteria	B69_L055	class	Alphaproteobacteria	/phylum:Pseudomonadota/class:Alphaproteobacteria
NEE60_G_01355	alaska_permafrost_reference_GCA_003135455.1_20111000_P3M_genomic	Bacteria	B69_L055	class	Alphaproteobacteria	/phylum:Pseudomonadota/class:Alphaproteobacteria
NEE60_G_01357	alaska_permafrost_reference_GCA_003136395.1_20111000_P1D_genomic	Bacteria	B69_L055	class	Alphaproteobacteria	/phylum:Pseudomonadota/class:Alphaproteobacteria
NEE60_G_01391	alaska_permafrost_reference_GCA_003153415.1_20120700_P3D_genomic	Bacteria	B69_L055	class	Alphaproteobacteria	/phylum:Pseudomonadota/class:Alphaproteobacteria
NEE60_G_01425	alaska_permafrost_reference_S22rbin.5	Bacteria	B69_L055	class	Alphaproteobacteria	/phylum:Pseudomonadota/class:Alphaproteobacteria
NEE60_G_01426	alaska_permafrost_reference_S25rbin.15	Bacteria	B69_L055	class	Alphaproteobacteria	/phylum:Pseudomonadota/class:Alphaproteobacteria
NEE60_G_01436	alaska_permafrost_reference_SRR10360644bin.23	Bacteria	B69_L055	class	Alphaproteobacteria	/phylum:Pseudomonadota/class:Alphaproteobacteria
NEE60_G_01495	alaska_permafrost_reference_SRR10489831bin.5	Bacteria	B69_L055	class	Alphaproteobacteria	/phylum:Pseudomonadota/class:Alphaproteobacteria
NEE60_G_01520	alaska_permafrost_reference_SRR10968263bin.3	Bacteria	B69_L055	class	Alphaproteobacteria	/phylum:Pseudomonadota/class:Alphaproteobacteria
NEE60_G_01522	alaska_permafrost_reference_SRR11271806bin.7	Bacteria	B69_L055	class	Alphaproteobacteria	/phylum:Pseudomonadota/class:Alphaproteobacteria
NEE60_G_01532	alaska_permafrost_reference_SRR11833507bin.12	Bacteria	B69_L055	class	Alphaproteobacteria	/phylum:Pseudomonadota/class:Alphaproteobacteria
NEE60_G_01533	alaska_permafrost_reference_SRR11833744bin.13	Bacteria	B69_L055	class	Alphaproteobacteria	/phylum:Pseudomonadota/class:Alphaproteobacteria
NEE60_G_01534	alaska_permafrost_reference_SRR11834729bin.39	Bacteria	B69_L055	class	Alphaproteobacteria	/phylum:Pseudomonadota/class:Alphaproteobacteria
NEE60_G_01536	alaska_permafrost_reference_SRR11836029bin.13	Bacteria	B69_L055	class	Alphaproteobacteria	/phylum:Pseudomonadota/class:Alphaproteobacteria
NEE60_G_01541	alaska_permafrost_reference_SRR11842108bin.17	Bacteria	B69_L055	class	Alphaproteobacteria	/phylum:Pseudomonadota/class:Alphaproteobacteria
NEE60_G_01542	alaska_permafrost_reference_SRR12060215bin.5	Bacteria	B69_L055	class	Alphaproteobacteria	/phylum:Pseudomonadota/class:Alphaproteobacteria
NEE60_G_01543	alaska_permafrost_reference_SRR12170510bin.26	Bacteria	B69_L055	class	Alphaproteobacteria	/phylum:Pseudomonadota/class:Alphaproteobacteria
NEE60_G_01554	alaska_permafrost_reference_SRR12349250bin.11	Bacteria	B69_L055	class	Alphaproteobacteria	/phylum:Pseudomonadota/class:Alphaproteobacteria
NEE60_G_01555	alaska_permafrost_reference_SRR12377070bin.3	Bacteria	B69_L055	class	Alphaproteobacteria	/phylum:Pseudomonadota/class:Alphaproteobacteria
NEE60_G_01556	alaska_permafrost_reference_SRR12659391bin.24	Bacteria	B69_L055	class	Alphaproteobacteria	/phylum:Pseudomonadota/class:Alphaproteobacteria
NEE60_G_01562	alaska_permafrost_reference_SRR12756247bin.1	Bacteria	B69_L055	class	Alphaproteobacteria	/phylum:Pseudomonadota/class:Alphaproteobacteria
NEE60_G_01565	alaska_permafrost_reference_SRR12917118bin.14	Bacteria	B69_L055	class	Alphaproteobacteria	/phylum:Pseudomonadota/class:Alphaproteobacteria
NEE60_G_01569	alaska_permafrost_reference_SRR1586257rbin.6	Bacteria	B69_L055	class	Alphaproteobacteria	/phylum:Pseudomonadota/class:Alphaproteobacteria
NEE60_G_01606	alaska_permafrost_reference_SRR1586303rbin.3	Bacteria	B69_L055	class	Alphaproteobacteria	/phylum:Pseudomonadota/class:Alphaproteobacteria
NEE60_G_01614	alaska_permafrost_reference_SRR1586311rbin.8	Bacteria	B69_L055	class	Alphaproteobacteria	/phylum:Pseudomonadota/class:Alphaproteobacteria
NEE60_G_01631	alaska_permafrost_reference_SRR2901746rbin.30	Bacteria	B69_L055	class	Alphaproteobacteria	/phylum:Pseudomonadota/class:Alphaproteobacteria
NEE60_G_01632	alaska_permafrost_reference_SRR2902415rbin.20	Bacteria	B69_L055	class	Alphaproteobacteria	/phylum:Pseudomonadota/class:Alphaproteobacteria
NEE60_G_01633	alaska_permafrost_reference_SRR351473rebin.39	Bacteria	B69_L055	class	Alphaproteobacteria	/phylum:Pseudomonadota/class:Alphaproteobacteria
NEE60_G_01635	alaska_permafrost_reference_SRR3982075rbin.1	Bacteria	B69_L055	class	Alphaproteobacteria	/phylum:Pseudomonadota/class:Alphaproteobacteria
NEE60_G_01636	alaska_permafrost_reference_SRR3984893rbin.1	Bacteria	B69_L055	class	Alphaproteobacteria	/phylum:Pseudomonadota/class:Alphaproteobacteria
NEE60_G_01649	alaska_permafrost_reference_SRR3984963rbin.18	Bacteria	B69_L055	class	Alphaproteobacteria	/phylum:Pseudomonadota/class:Alphaproteobacteria
NEE60_G_01655	alaska_permafrost_reference_SRR3985370rbin.4	Bacteria	B69_L055	class	Alphaproteobacteria	/phylum:Pseudomonadota/class:Alphaproteobacteria
NEE60_G_01656	alaska_permafrost_reference_SRR3985382rbin.2	Bacteria	B69_L055	class	Alphaproteobacteria	/phylum:Pseudomonadota/class:Alphaproteobacteria
NEE60_G_01682	alaska_permafrost_reference_SRR3985424rbin.12	Bacteria	B69_L055	class	Alphaproteobacteria	/phylum:Pseudomonadota/class:Alphaproteobacteria
NEE60_G_01685	alaska_permafrost_reference_SRR3985526rbin.14	Bacteria	B69_L055	class	Alphaproteobacteria	/phylum:Pseudomonadota/class:Alphaproteobacteria
NEE60_G_01752	alaska_permafrost_reference_SRR5195139rbin.3	Bacteria	B69_L055	class	Alphaproteobacteria	/phylum:Pseudomonadota/class:Alphaproteobacteria
NEE60_G_01759	alaska_permafrost_reference_SRR5579863rbin.13	Bacteria	B69_L055	class	Alphaproteobacteria	/phylum:Pseudomonadota/class:Alphaproteobacteria
NEE60_G_01760	alaska_permafrost_reference_SRR5581483rbin.38	Bacteria	B69_L055	class	Alphaproteobacteria	/phylum:Pseudomonadota/class:Alphaproteobacteria
NEE60_G_01774	alaska_permafrost_reference_SRR5665213rbin.19	Bacteria	B69_L055	class	Alphaproteobacteria	/phylum:Pseudomonadota/class:Alphaproteobacteria
NEE60_G_01775	alaska_permafrost_reference_SRR5665213rbin.30	Bacteria	B69_L055	class	Alphaproteobacteria	/phylum:Pseudomonadota/class:Alphaproteobacteria
NEE60_G_01789	alaska_permafrost_reference_SRR5882724rbin.12	Bacteria	B69_L055	class	Alphaproteobacteria	/phylum:Pseudomonadota/class:Alphaproteobacteria
NEE60_G_01790	alaska_permafrost_reference_SRR5916035rbin.5	Bacteria	B69_L055	class	Alphaproteobacteria	/phylum:Pseudomonadota/class:Alphaproteobacteria
NEE60_G_01796	alaska_permafrost_reference_SRR6202166rbin.4	Bacteria	B69_L055	class	Alphaproteobacteria	/phylum:Pseudomonadota/class:Alphaproteobacteria
NEE60_G_01802	alaska_permafrost_reference_SRR7011951rbin.9	Bacteria	B69_L055	class	Alphaproteobacteria	/phylum:Pseudomonadota/class:Alphaproteobacteria
NEE60_G_01804	alaska_permafrost_reference_SRR7026262rbin.4	Bacteria	B69_L055	class	Alphaproteobacteria	/phylum:Pseudomonadota/class:Alphaproteobacteria
NEE60_G_01807	alaska_permafrost_reference_SRR7097862rbin.3	Bacteria	B69_L055	class	Alphaproteobacteria	/phylum:Pseudomonadota/class:Alphaproteobacteria
NEE60_G_01809	alaska_permafrost_reference_SRR7102015rbin.17	Bacteria	B69_L055	class	Alphaproteobacteria	/phylum:Pseudomonadota/class:Alphaproteobacteria
NEE60_G_01811	alaska_permafrost_reference_SRR7102015rbin.23	Bacteria	B69_L055	class	Alphaproteobacteria	/phylum:Pseudomonadota/class:Alphaproteobacteria
NEE60_G_01814	alaska_permafrost_reference_SRR7448200rbin.2	Bacteria	B69_L055	class	Alphaproteobacteria	/phylum:Pseudomonadota/class:Alphaproteobacteria
NEE60_G_01815	alaska_permafrost_reference_SRR7468842rbin.4	Bacteria	B69_L055	class	Alphaproteobacteria	/phylum:Pseudomonadota/class:Alphaproteobacteria
NEE60_G_01818	alaska_permafrost_reference_SRR7741809rbin.9	Bacteria	B69_L055	class	Alphaproteobacteria	/phylum:Pseudomonadota/class:Alphaproteobacteria
NEE60_G_01819	alaska_permafrost_reference_SRR7968382rbin.1	Bacteria	B69_L055	class	Alphaproteobacteria	/phylum:Pseudomonadota/class:Alphaproteobacteria
NEE60_G_01823	alaska_permafrost_reference_SRR8443320rbin.2	Bacteria	B69_L055	class	Alphaproteobacteria	/phylum:Pseudomonadota/class:Alphaproteobacteria
NEE60_G_01833	alaska_permafrost_reference_SRR8881005rbin.27	Bacteria	B69_L055	class	Alphaproteobacteria	/phylum:Pseudomonadota/class:Alphaproteobacteria
NEE60_G_01834	alaska_permafrost_reference_SRR8881006rbin.67	Bacteria	B69_L055	class	Alphaproteobacteria	/phylum:Pseudomonadota/class:Alphaproteobacteria
NEE60_G_01836	alaska_permafrost_reference_SRR9009774bin.118	Bacteria	B69_L055	class	Alphaproteobacteria	/phylum:Pseudomonadota/class:Alphaproteobacteria
NEE60_G_01837	alaska_permafrost_reference_SRR9650533rbin.8	Bacteria	B69_L055	class	Alphaproteobacteria	/phylum:Pseudomonadota/class:Alphaproteobacteria
NEE60_G_01839	alaska_permafrost_reference_SRR9691026rbin.5	Bacteria	B69_L055	class	Alphaproteobacteria	/phylum:Pseudomonadota/class:Alphaproteobacteria
NEE60_G_01840	alaska_permafrost_reference_SRR9691032rbin.2	Bacteria	B69_L055	class	Alphaproteobacteria	/phylum:Pseudomonadota/class:Alphaproteobacteria
NEE60_G_01844	alaska_permafrost_reference_SRR9694538rbin.2	Bacteria	B69_L055	class	Alphaproteobacteria	/phylum:Pseudomonadota/class:Alphaproteobacteria
NEE60_G_01988	desert2025__GCA_030773115.1	Bacteria	B69_L055	class	Alphaproteobacteria	/phylum:Pseudomonadota/class:Alphaproteobacteria
NEE60_G_01997	desert2025__GCA_030773375.1	Bacteria	B69_L055	class	Alphaproteobacteria	/phylum:Pseudomonadota/class:Alphaproteobacteria
NEE60_G_02068	desert2025__GCA_030775045.1	Bacteria	B69_L055	class	Alphaproteobacteria	/phylum:Pseudomonadota/class:Alphaproteobacteria
NEE60_G_02078	desert2025__GCA_030775305.1	Bacteria	B69_L055	class	Alphaproteobacteria	/phylum:Pseudomonadota/class:Alphaproteobacteria
NEE60_G_02080	desert2025__GCA_030775365.1	Bacteria	B69_L055	class	Alphaproteobacteria	/phylum:Pseudomonadota/class:Alphaproteobacteria
NEE60_G_02089	desert2025__GCA_030775565.1	Bacteria	B69_L055	class	Alphaproteobacteria	/phylum:Pseudomonadota/class:Alphaproteobacteria
NEE60_G_02091	desert2025__GCA_030775595.1	Bacteria	B69_L055	class	Alphaproteobacteria	/phylum:Pseudomonadota/class:Alphaproteobacteria
NEE60_G_02096	desert2025__GCA_030775725.1	Bacteria	B69_L055	class	Alphaproteobacteria	/phylum:Pseudomonadota/class:Alphaproteobacteria
NEE60_G_02118	desert2025__GCA_030776465.1	Bacteria	B69_L055	class	Alphaproteobacteria	/phylum:Pseudomonadota/class:Alphaproteobacteria
NEE60_G_02120	desert2025__GCA_030776605.1	Bacteria	B69_L055	class	Alphaproteobacteria	/phylum:Pseudomonadota/class:Alphaproteobacteria
NEE60_G_02142	desert2025__GCA_030777185.1	Bacteria	B69_L055	class	Alphaproteobacteria	/phylum:Pseudomonadota/class:Alphaproteobacteria
NEE60_G_02145	desert2025__GCA_030777245.1	Bacteria	B69_L055	class	Alphaproteobacteria	/phylum:Pseudomonadota/class:Alphaproteobacteria
NEE60_G_02151	desert2025__GCA_030777385.1	Bacteria	B69_L055	class	Alphaproteobacteria	/phylum:Pseudomonadota/class:Alphaproteobacteria
NEE60_G_02155	desert2025__GCA_030799365.1	Bacteria	B69_L055	class	Alphaproteobacteria	/phylum:Pseudomonadota/class:Alphaproteobacteria
NEE60_G_02164	desert2025__GCA_030852655.1	Bacteria	B69_L055	class	Alphaproteobacteria	/phylum:Pseudomonadota/class:Alphaproteobacteria
NEE60_G_02197	desert2025__GCA_030853465.1	Bacteria	B69_L055	class	Alphaproteobacteria	/phylum:Pseudomonadota/class:Alphaproteobacteria
NEE60_G_02212	desert2025__GCA_030853785.1	Bacteria	B69_L055	class	Alphaproteobacteria	/phylum:Pseudomonadota/class:Alphaproteobacteria
NEE60_G_02226	desert2025__GCA_030854075.1	Bacteria	B69_L055	class	Alphaproteobacteria	/phylum:Pseudomonadota/class:Alphaproteobacteria
NEE60_G_02230	desert2025__GCA_030854165.1	Bacteria	B69_L055	class	Alphaproteobacteria	/phylum:Pseudomonadota/class:Alphaproteobacteria
NEE60_G_02233	desert2025__GCA_030854225.1	Bacteria	B69_L055	class	Alphaproteobacteria	/phylum:Pseudomonadota/class:Alphaproteobacteria
NEE60_G_02256	desert2025__GCA_030854745.1	Bacteria	B69_L055	class	Alphaproteobacteria	/phylum:Pseudomonadota/class:Alphaproteobacteria
NEE60_G_02286	desert2025__GCA_030855425.1	Bacteria	B69_L055	class	Alphaproteobacteria	/phylum:Pseudomonadota/class:Alphaproteobacteria
NEE60_G_02287	desert2025__GCA_030855435.1	Bacteria	B69_L055	class	Alphaproteobacteria	/phylum:Pseudomonadota/class:Alphaproteobacteria
NEE60_G_02292	desert2025__GCA_030855555.1	Bacteria	B69_L055	class	Alphaproteobacteria	/phylum:Pseudomonadota/class:Alphaproteobacteria
NEE60_G_02308	desert2025__GCA_030855945.1	Bacteria	B69_L055	class	Alphaproteobacteria	/phylum:Pseudomonadota/class:Alphaproteobacteria
NEE60_G_02322	desert2025__GCA_030856245.1	Bacteria	B69_L055	class	Alphaproteobacteria	/phylum:Pseudomonadota/class:Alphaproteobacteria
NEE60_G_02323	desert2025__GCA_030856285.1	Bacteria	B69_L055	class	Alphaproteobacteria	/phylum:Pseudomonadota/class:Alphaproteobacteria
NEE60_G_02326	desert2025__GCA_030856365.1	Bacteria	B69_L055	class	Alphaproteobacteria	/phylum:Pseudomonadota/class:Alphaproteobacteria
NEE60_G_02402	desert2025__GCA_030858665.1	Bacteria	B69_L055	class	Alphaproteobacteria	/phylum:Pseudomonadota/class:Alphaproteobacteria
NEE60_G_02421	desert2025__GCA_030859145.1	Bacteria	B69_L055	class	Alphaproteobacteria	/phylum:Pseudomonadota/class:Alphaproteobacteria
NEE60_G_02592	desert2025__GCA_030863085.1	Bacteria	B69_L055	class	Alphaproteobacteria	/phylum:Pseudomonadota/class:Alphaproteobacteria
NEE60_G_02595	desert2025__GCA_030863145.1	Bacteria	B69_L055	class	Alphaproteobacteria	/phylum:Pseudomonadota/class:Alphaproteobacteria
NEE60_G_02606	desert2025__GCA_030863365.1	Bacteria	B69_L055	class	Alphaproteobacteria	/phylum:Pseudomonadota/class:Alphaproteobacteria
NEE60_G_02637	desert2025__GCA_030945955.1	Bacteria	B69_L055	class	Alphaproteobacteria	/phylum:Pseudomonadota/class:Alphaproteobacteria
NEE60_G_02697	desert2025__GCA_030948025.1	Bacteria	B69_L055	class	Alphaproteobacteria	/phylum:Pseudomonadota/class:Alphaproteobacteria
NEE60_G_02743	qaidam_basin_mmag_1773_0711bin4	Bacteria	B69_L055	class	Alphaproteobacteria	/phylum:Pseudomonadota/class:Alphaproteobacteria
NEE60_G_02744	qaidam_basin_mmag_1773_0712bin3	Bacteria	B69_L055	class	Alphaproteobacteria	/phylum:Pseudomonadota/class:Alphaproteobacteria
NEE60_G_02745	qaidam_basin_mmag_1773_AKQ1bin10	Bacteria	B69_L055	class	Alphaproteobacteria	/phylum:Pseudomonadota/class:Alphaproteobacteria
NEE60_G_02747	qaidam_basin_mmag_1773_AKQ1bin16	Bacteria	B69_L055	class	Alphaproteobacteria	/phylum:Pseudomonadota/class:Alphaproteobacteria
NEE60_G_02748	qaidam_basin_mmag_1773_AKQ1bin18	Bacteria	B69_L055	class	Alphaproteobacteria	/phylum:Pseudomonadota/class:Alphaproteobacteria
NEE60_G_02749	qaidam_basin_mmag_1773_AKQ1bin2	Bacteria	B69_L055	class	Alphaproteobacteria	/phylum:Pseudomonadota/class:Alphaproteobacteria
NEE60_G_02751	qaidam_basin_mmag_1773_AKQ1bin24	Bacteria	B69_L055	class	Alphaproteobacteria	/phylum:Pseudomonadota/class:Alphaproteobacteria
NEE60_G_02753	qaidam_basin_mmag_1773_AKQ1bin3	Bacteria	B69_L055	class	Alphaproteobacteria	/phylum:Pseudomonadota/class:Alphaproteobacteria
NEE60_G_02755	qaidam_basin_mmag_1773_AKQ1bin33	Bacteria	B69_L055	class	Alphaproteobacteria	/phylum:Pseudomonadota/class:Alphaproteobacteria
NEE60_G_02760	qaidam_basin_mmag_1773_AKQ1bin46	Bacteria	B69_L055	class	Alphaproteobacteria	/phylum:Pseudomonadota/class:Alphaproteobacteria
NEE60_G_02762	qaidam_basin_mmag_1773_AKQ1bin48	Bacteria	B69_L055	class	Alphaproteobacteria	/phylum:Pseudomonadota/class:Alphaproteobacteria
NEE60_G_02766	qaidam_basin_mmag_1773_AKQ1bin7	Bacteria	B69_L055	class	Alphaproteobacteria	/phylum:Pseudomonadota/class:Alphaproteobacteria
NEE60_G_02775	qaidam_basin_mmag_1773_AKQ2bin3	Bacteria	B69_L055	class	Alphaproteobacteria	/phylum:Pseudomonadota/class:Alphaproteobacteria
NEE60_G_02780	qaidam_basin_mmag_1773_AKQ2bin48	Bacteria	B69_L055	class	Alphaproteobacteria	/phylum:Pseudomonadota/class:Alphaproteobacteria
NEE60_G_02785	qaidam_basin_mmag_1773_AKQ2bin61	Bacteria	B69_L055	class	Alphaproteobacteria	/phylum:Pseudomonadota/class:Alphaproteobacteria
NEE60_G_02786	qaidam_basin_mmag_1773_AKQ2bin65	Bacteria	B69_L055	class	Alphaproteobacteria	/phylum:Pseudomonadota/class:Alphaproteobacteria
NEE60_G_02803	qaidam_basin_mmag_1773_AKQ3bin20	Bacteria	B69_L055	class	Alphaproteobacteria	/phylum:Pseudomonadota/class:Alphaproteobacteria
NEE60_G_02808	qaidam_basin_mmag_1773_AKQ3bin33	Bacteria	B69_L055	class	Alphaproteobacteria	/phylum:Pseudomonadota/class:Alphaproteobacteria
NEE60_G_02809	qaidam_basin_mmag_1773_AKQ3bin34	Bacteria	B69_L055	class	Alphaproteobacteria	/phylum:Pseudomonadota/class:Alphaproteobacteria
NEE60_G_02813	qaidam_basin_mmag_1773_AKQ3bin39	Bacteria	B69_L055	class	Alphaproteobacteria	/phylum:Pseudomonadota/class:Alphaproteobacteria
NEE60_G_02824	qaidam_basin_mmag_1773_AKQ3bin59	Bacteria	B69_L055	class	Alphaproteobacteria	/phylum:Pseudomonadota/class:Alphaproteobacteria
NEE60_G_02832	qaidam_basin_mmag_1773_AKQ3bin86	Bacteria	B69_L055	class	Alphaproteobacteria	/phylum:Pseudomonadota/class:Alphaproteobacteria
NEE60_G_02838	qaidam_basin_mmag_1773_CG2021bin18	Bacteria	B69_L055	class	Alphaproteobacteria	/phylum:Pseudomonadota/class:Alphaproteobacteria
NEE60_G_02878	qaidam_basin_mmag_1773_CHGGbin7	Bacteria	B69_L055	class	Alphaproteobacteria	/phylum:Pseudomonadota/class:Alphaproteobacteria
NEE60_G_02894	qaidam_basin_mmag_1773_CHGRbin29	Bacteria	B69_L055	class	Alphaproteobacteria	/phylum:Pseudomonadota/class:Alphaproteobacteria
NEE60_G_02903	qaidam_basin_mmag_1773_CHGRbin43	Bacteria	B69_L055	class	Alphaproteobacteria	/phylum:Pseudomonadota/class:Alphaproteobacteria
NEE60_G_02910	qaidam_basin_mmag_1773_CHGYbin13	Bacteria	B69_L055	class	Alphaproteobacteria	/phylum:Pseudomonadota/class:Alphaproteobacteria
NEE60_G_02924	qaidam_basin_mmag_1773_CHGYbin3	Bacteria	B69_L055	class	Alphaproteobacteria	/phylum:Pseudomonadota/class:Alphaproteobacteria
NEE60_G_02930	qaidam_basin_mmag_1773_CHGYbin36	Bacteria	B69_L055	class	Alphaproteobacteria	/phylum:Pseudomonadota/class:Alphaproteobacteria
NEE60_G_02932	qaidam_basin_mmag_1773_CHGYbin38	Bacteria	B69_L055	class	Alphaproteobacteria	/phylum:Pseudomonadota/class:Alphaproteobacteria
NEE60_G_02941	qaidam_basin_mmag_1773_CJ0912_0_5bin11	Bacteria	B69_L055	class	Alphaproteobacteria	/phylum:Pseudomonadota/class:Alphaproteobacteria
NEE60_G_02947	qaidam_basin_mmag_1773_CJ0912_0_5bin21	Bacteria	B69_L055	class	Alphaproteobacteria	/phylum:Pseudomonadota/class:Alphaproteobacteria
NEE60_G_02955	qaidam_basin_mmag_1773_CJ0912_0_5bin34	Bacteria	B69_L055	class	Alphaproteobacteria	/phylum:Pseudomonadota/class:Alphaproteobacteria
NEE60_G_03001	qaidam_basin_mmag_1773_CJ0912_20_25bin31	Bacteria	B69_L055	class	Alphaproteobacteria	/phylum:Pseudomonadota/class:Alphaproteobacteria
NEE60_G_03042	qaidam_basin_mmag_1773_CJ0912_30_35bin48	Bacteria	B69_L055	class	Alphaproteobacteria	/phylum:Pseudomonadota/class:Alphaproteobacteria
NEE60_G_03069	qaidam_basin_mmag_1773_CJ0912_35_40bin32	Bacteria	B69_L055	class	Alphaproteobacteria	/phylum:Pseudomonadota/class:Alphaproteobacteria
NEE60_G_03081	qaidam_basin_mmag_1773_CJ0912_40_45bin14	Bacteria	B69_L055	class	Alphaproteobacteria	/phylum:Pseudomonadota/class:Alphaproteobacteria
NEE60_G_03098	qaidam_basin_mmag_1773_CJ0912_40_45bin4	Bacteria	B69_L055	class	Alphaproteobacteria	/phylum:Pseudomonadota/class:Alphaproteobacteria
NEE60_G_03103	qaidam_basin_mmag_1773_CJ0912_40_45bin46	Bacteria	B69_L055	class	Alphaproteobacteria	/phylum:Pseudomonadota/class:Alphaproteobacteria
NEE60_G_03170	qaidam_basin_mmag_1773_CJS_1_0912bin40	Bacteria	B69_L055	class	Alphaproteobacteria	/phylum:Pseudomonadota/class:Alphaproteobacteria
NEE60_G_03210	qaidam_basin_mmag_1773_DLTCJS10_15bin69	Bacteria	B69_L055	class	Alphaproteobacteria	/phylum:Pseudomonadota/class:Alphaproteobacteria
NEE60_G_03224	qaidam_basin_mmag_1773_DLTCJS15_20bin46	Bacteria	B69_L055	class	Alphaproteobacteria	/phylum:Pseudomonadota/class:Alphaproteobacteria
NEE60_G_03233	qaidam_basin_mmag_1773_DLTCJS15_20bin73	Bacteria	B69_L055	class	Alphaproteobacteria	/phylum:Pseudomonadota/class:Alphaproteobacteria
NEE60_G_03257	qaidam_basin_mmag_1773_DLTCJS20_25bin52	Bacteria	B69_L055	class	Alphaproteobacteria	/phylum:Pseudomonadota/class:Alphaproteobacteria
NEE60_G_03264	qaidam_basin_mmag_1773_DLTCJS20_25bin71	Bacteria	B69_L055	class	Alphaproteobacteria	/phylum:Pseudomonadota/class:Alphaproteobacteria
NEE60_G_03306	qaidam_basin_mmag_1773_DLTCJS25_30bin64	Bacteria	B69_L055	class	Alphaproteobacteria	/phylum:Pseudomonadota/class:Alphaproteobacteria
NEE60_G_03333	qaidam_basin_mmag_1773_DLTFbin2	Bacteria	B69_L055	class	Alphaproteobacteria	/phylum:Pseudomonadota/class:Alphaproteobacteria
NEE60_G_03345	qaidam_basin_mmag_1773_DLTFbin67	Bacteria	B69_L055	class	Alphaproteobacteria	/phylum:Pseudomonadota/class:Alphaproteobacteria
NEE60_G_03362	qaidam_basin_mmag_1773_DLTSQ0_15bin28	Bacteria	B69_L055	class	Alphaproteobacteria	/phylum:Pseudomonadota/class:Alphaproteobacteria
NEE60_G_03365	qaidam_basin_mmag_1773_DLTSQ0_15bin32	Bacteria	B69_L055	class	Alphaproteobacteria	/phylum:Pseudomonadota/class:Alphaproteobacteria
NEE60_G_03376	qaidam_basin_mmag_1773_DLTSQ0_15bin46	Bacteria	B69_L055	class	Alphaproteobacteria	/phylum:Pseudomonadota/class:Alphaproteobacteria
NEE60_G_03397	qaidam_basin_mmag_1773_DLTSQ15_20bin32	Bacteria	B69_L055	class	Alphaproteobacteria	/phylum:Pseudomonadota/class:Alphaproteobacteria
NEE60_G_03399	qaidam_basin_mmag_1773_DLTSQ15_20bin38	Bacteria	B69_L055	class	Alphaproteobacteria	/phylum:Pseudomonadota/class:Alphaproteobacteria
NEE60_G_03401	qaidam_basin_mmag_1773_DLTSQ15_20bin44	Bacteria	B69_L055	class	Alphaproteobacteria	/phylum:Pseudomonadota/class:Alphaproteobacteria
NEE60_G_03403	qaidam_basin_mmag_1773_DLTSQ15_20bin47	Bacteria	B69_L055	class	Alphaproteobacteria	/phylum:Pseudomonadota/class:Alphaproteobacteria
NEE60_G_03405	qaidam_basin_mmag_1773_DLTSQ15_20bin50	Bacteria	B69_L055	class	Alphaproteobacteria	/phylum:Pseudomonadota/class:Alphaproteobacteria
NEE60_G_03433	qaidam_basin_mmag_1773_DLTSQ20_25bin55	Bacteria	B69_L055	class	Alphaproteobacteria	/phylum:Pseudomonadota/class:Alphaproteobacteria
NEE60_G_03438	qaidam_basin_mmag_1773_DLTSQ20_25bin7	Bacteria	B69_L055	class	Alphaproteobacteria	/phylum:Pseudomonadota/class:Alphaproteobacteria
NEE60_G_03453	qaidam_basin_mmag_1773_DLTYbin27	Bacteria	B69_L055	class	Alphaproteobacteria	/phylum:Pseudomonadota/class:Alphaproteobacteria
NEE60_G_03474	qaidam_basin_mmag_1773_FCHGbin24	Bacteria	B69_L055	class	Alphaproteobacteria	/phylum:Pseudomonadota/class:Alphaproteobacteria
NEE60_G_03508	qaidam_basin_mmag_1773_L_0707_10_15bin18	Bacteria	B69_L055	class	Alphaproteobacteria	/phylum:Pseudomonadota/class:Alphaproteobacteria
NEE60_G_03530	qaidam_basin_mmag_1773_L_0707_10_15bin42	Bacteria	B69_L055	class	Alphaproteobacteria	/phylum:Pseudomonadota/class:Alphaproteobacteria
NEE60_G_03532	qaidam_basin_mmag_1773_L_0707_10_15bin44	Bacteria	B69_L055	class	Alphaproteobacteria	/phylum:Pseudomonadota/class:Alphaproteobacteria
NEE60_G_03540	qaidam_basin_mmag_1773_L_0707_10_15bin54	Bacteria	B69_L055	class	Alphaproteobacteria	/phylum:Pseudomonadota/class:Alphaproteobacteria
NEE60_G_03555	qaidam_basin_mmag_1773_L_0707_10_15bin7	Bacteria	B69_L055	class	Alphaproteobacteria	/phylum:Pseudomonadota/class:Alphaproteobacteria
NEE60_G_03557	qaidam_basin_mmag_1773_L_0707_10_15bin72	Bacteria	B69_L055	class	Alphaproteobacteria	/phylum:Pseudomonadota/class:Alphaproteobacteria
NEE60_G_03560	qaidam_basin_mmag_1773_L_0707_10_15bin77	Bacteria	B69_L055	class	Alphaproteobacteria	/phylum:Pseudomonadota/class:Alphaproteobacteria
NEE60_G_03561	qaidam_basin_mmag_1773_L_0707_10_15bin79	Bacteria	B69_L055	class	Alphaproteobacteria	/phylum:Pseudomonadota/class:Alphaproteobacteria
NEE60_G_03578	qaidam_basin_mmag_1773_L_0707_15_20bin22	Bacteria	B69_L055	class	Alphaproteobacteria	/phylum:Pseudomonadota/class:Alphaproteobacteria
NEE60_G_03587	qaidam_basin_mmag_1773_L_0707_15_20bin31	Bacteria	B69_L055	class	Alphaproteobacteria	/phylum:Pseudomonadota/class:Alphaproteobacteria
NEE60_G_03624	qaidam_basin_mmag_1773_L_0707_2_5bin2	Bacteria	B69_L055	class	Alphaproteobacteria	/phylum:Pseudomonadota/class:Alphaproteobacteria
NEE60_G_03626	qaidam_basin_mmag_1773_L_0707_2_5bin21	Bacteria	B69_L055	class	Alphaproteobacteria	/phylum:Pseudomonadota/class:Alphaproteobacteria
NEE60_G_03673	qaidam_basin_mmag_1773_L_0707_40_50bin20	Bacteria	B69_L055	class	Alphaproteobacteria	/phylum:Pseudomonadota/class:Alphaproteobacteria
NEE60_G_03681	qaidam_basin_mmag_1773_L_0707_40_50bin29	Bacteria	B69_L055	class	Alphaproteobacteria	/phylum:Pseudomonadota/class:Alphaproteobacteria
NEE60_G_03685	qaidam_basin_mmag_1773_L_0707_40_50bin32	Bacteria	B69_L055	class	Alphaproteobacteria	/phylum:Pseudomonadota/class:Alphaproteobacteria
NEE60_G_03694	qaidam_basin_mmag_1773_L_0707_40_50bin40	Bacteria	B69_L055	class	Alphaproteobacteria	/phylum:Pseudomonadota/class:Alphaproteobacteria
NEE60_G_03705	qaidam_basin_mmag_1773_L_0707_40_50bin50	Bacteria	B69_L055	class	Alphaproteobacteria	/phylum:Pseudomonadota/class:Alphaproteobacteria
NEE60_G_03710	qaidam_basin_mmag_1773_L_0707_40_50bin58	Bacteria	B69_L055	class	Alphaproteobacteria	/phylum:Pseudomonadota/class:Alphaproteobacteria
NEE60_G_03714	qaidam_basin_mmag_1773_L_0707_40_50bin61	Bacteria	B69_L055	class	Alphaproteobacteria	/phylum:Pseudomonadota/class:Alphaproteobacteria
NEE60_G_03715	qaidam_basin_mmag_1773_L_0707_40_50bin62	Bacteria	B69_L055	class	Alphaproteobacteria	/phylum:Pseudomonadota/class:Alphaproteobacteria
NEE60_G_03716	qaidam_basin_mmag_1773_L_0707_40_50bin63	Bacteria	B69_L055	class	Alphaproteobacteria	/phylum:Pseudomonadota/class:Alphaproteobacteria
NEE60_G_03743	qaidam_basin_mmag_1773_L_0712_20_25bin27	Bacteria	B69_L055	class	Alphaproteobacteria	/phylum:Pseudomonadota/class:Alphaproteobacteria
NEE60_G_03746	qaidam_basin_mmag_1773_L_0712_20_25bin30	Bacteria	B69_L055	class	Alphaproteobacteria	/phylum:Pseudomonadota/class:Alphaproteobacteria
NEE60_G_03784	qaidam_basin_mmag_1773_L_21_AKQ_4bin16	Bacteria	B69_L055	class	Alphaproteobacteria	/phylum:Pseudomonadota/class:Alphaproteobacteria
NEE60_G_03792	qaidam_basin_mmag_1773_L_21_AKQ_4bin28	Bacteria	B69_L055	class	Alphaproteobacteria	/phylum:Pseudomonadota/class:Alphaproteobacteria
NEE60_G_03799	qaidam_basin_mmag_1773_L_21_AKQ_4bin39	Bacteria	B69_L055	class	Alphaproteobacteria	/phylum:Pseudomonadota/class:Alphaproteobacteria
NEE60_G_03801	qaidam_basin_mmag_1773_L_21_AKQ_4bin43	Bacteria	B69_L055	class	Alphaproteobacteria	/phylum:Pseudomonadota/class:Alphaproteobacteria
NEE60_G_03803	qaidam_basin_mmag_1773_L_21_AKQ_4bin47	Bacteria	B69_L055	class	Alphaproteobacteria	/phylum:Pseudomonadota/class:Alphaproteobacteria
NEE60_G_03812	qaidam_basin_mmag_1773_L_21_AKQ_4bin6	Bacteria	B69_L055	class	Alphaproteobacteria	/phylum:Pseudomonadota/class:Alphaproteobacteria
NEE60_G_03814	qaidam_basin_mmag_1773_L_21_AKQ_4bin63	Bacteria	B69_L055	class	Alphaproteobacteria	/phylum:Pseudomonadota/class:Alphaproteobacteria
NEE60_G_03823	qaidam_basin_mmag_1773_L_21_NSL0_5bin13	Bacteria	B69_L055	class	Alphaproteobacteria	/phylum:Pseudomonadota/class:Alphaproteobacteria
NEE60_G_03824	qaidam_basin_mmag_1773_L_21_NSL0_5bin16	Bacteria	B69_L055	class	Alphaproteobacteria	/phylum:Pseudomonadota/class:Alphaproteobacteria
NEE60_G_03899	qaidam_basin_mmag_1773_NSL25_30bin13	Bacteria	B69_L055	class	Alphaproteobacteria	/phylum:Pseudomonadota/class:Alphaproteobacteria
NEE60_G_03969	qaidam_basin_mmag_1773_NSLT12bin6	Bacteria	B69_L055	class	Alphaproteobacteria	/phylum:Pseudomonadota/class:Alphaproteobacteria
NEE60_G_04005	qaidam_basin_mmag_1773_NSLT22bin29	Bacteria	B69_L055	class	Alphaproteobacteria	/phylum:Pseudomonadota/class:Alphaproteobacteria
NEE60_G_04007	qaidam_basin_mmag_1773_NSLT22bin31	Bacteria	B69_L055	class	Alphaproteobacteria	/phylum:Pseudomonadota/class:Alphaproteobacteria
NEE60_G_04013	qaidam_basin_mmag_1773_NSLT22bin37	Bacteria	B69_L055	class	Alphaproteobacteria	/phylum:Pseudomonadota/class:Alphaproteobacteria
NEE60_G_04016	qaidam_basin_mmag_1773_NSLT22bin4	Bacteria	B69_L055	class	Alphaproteobacteria	/phylum:Pseudomonadota/class:Alphaproteobacteria
NEE60_G_04029	qaidam_basin_mmag_1773_NSLT22bin58	Bacteria	B69_L055	class	Alphaproteobacteria	/phylum:Pseudomonadota/class:Alphaproteobacteria
NEE60_G_04085	qaidam_basin_mmag_1773_S305CJS_Wetbin9	Bacteria	B69_L055	class	Alphaproteobacteria	/phylum:Pseudomonadota/class:Alphaproteobacteria
NEE60_G_04087	qaidam_basin_mmag_1773_YPbin3	Bacteria	B69_L055	class	Alphaproteobacteria	/phylum:Pseudomonadota/class:Alphaproteobacteria
NEE60_G_04091	qaidam_basin_mmag_1773_YX1bin2	Bacteria	B69_L055	class	Alphaproteobacteria	/phylum:Pseudomonadota/class:Alphaproteobacteria
NEE60_G_04118	qaidam_basin_mmag_1773_YX3bin21	Bacteria	B69_L055	class	Alphaproteobacteria	/phylum:Pseudomonadota/class:Alphaproteobacteria
NEE60_G_04134	stordalen_mire_2019_hybrid_mags_cmr2.MA.201907_E_1_20to24_11.fna	Bacteria	B69_L055	class	Alphaproteobacteria	/phylum:Pseudomonadota/class:Alphaproteobacteria
NEE60_G_04208	stordalen_mire_2019_hybrid_mags_cmr2.MA.201907_P_1_20to24_41.fna	Bacteria	B69_L055	class	Alphaproteobacteria	/phylum:Pseudomonadota/class:Alphaproteobacteria
NEE60_G_04216	stordalen_mire_2019_hybrid_mags_cmr2.MA.201907_P_1_20to24_51.fna	Bacteria	B69_L055	class	Alphaproteobacteria	/phylum:Pseudomonadota/class:Alphaproteobacteria
NEE60_G_04236	stordalen_mire_2019_hybrid_mags_cmr2.MA.201907_S_1_1to5_21.fna	Bacteria	B69_L055	class	Alphaproteobacteria	/phylum:Pseudomonadota/class:Alphaproteobacteria
NEE60_G_04279	stordalen_mire_2019_hybrid_mags_cmr2.MA.201907_S_1_20to24_62.fna	Bacteria	B69_L055	class	Alphaproteobacteria	/phylum:Pseudomonadota/class:Alphaproteobacteria
NEE60_G_04306	stordalen_mire_2019_hybrid_mags_cmr5.MA.201907_P_1_1to5_31.fna	Bacteria	B69_L055	class	Alphaproteobacteria	/phylum:Pseudomonadota/class:Alphaproteobacteria
NEE60_G_04405	stordalen_mire_2019_hybrid_mags_cmr6.MA.201907_E_1_20to24_64.fna	Bacteria	B69_L055	class	Alphaproteobacteria	/phylum:Pseudomonadota/class:Alphaproteobacteria
NEE60_G_04414	stordalen_mire_2019_hybrid_mags_cmr6.MA.201907_P_1_1to5_30.fna	Bacteria	B69_L055	class	Alphaproteobacteria	/phylum:Pseudomonadota/class:Alphaproteobacteria
NEE60_G_04418	stordalen_mire_2019_hybrid_mags_cmr6.MA.201907_P_1_1to5_36.fna	Bacteria	B69_L055	class	Alphaproteobacteria	/phylum:Pseudomonadota/class:Alphaproteobacteria
NEE60_G_04420	stordalen_mire_2019_hybrid_mags_cmr6.MA.201907_P_1_1to5_42.fna	Bacteria	B69_L055	class	Alphaproteobacteria	/phylum:Pseudomonadota/class:Alphaproteobacteria
NEE60_G_04422	stordalen_mire_2019_hybrid_mags_cmr6.MA.201907_P_1_20to24_11.fna	Bacteria	B69_L055	class	Alphaproteobacteria	/phylum:Pseudomonadota/class:Alphaproteobacteria
NEE60_G_04435	stordalen_mire_2019_hybrid_mags_cmr6.MA.201907_P_1_20to24_4.fna	Bacteria	B69_L055	class	Alphaproteobacteria	/phylum:Pseudomonadota/class:Alphaproteobacteria
NEE60_G_04445	stordalen_mire_2019_hybrid_mags_cmr6.MA.201907_S_1_1to5_13.fna	Bacteria	B69_L055	class	Alphaproteobacteria	/phylum:Pseudomonadota/class:Alphaproteobacteria
NEE60_G_04475	stordalen_mire_2019_hybrid_mags_cmr6.MA.201907_S_1_20to24_51.fna	Bacteria	B69_L055	class	Alphaproteobacteria	/phylum:Pseudomonadota/class:Alphaproteobacteria
NEE60_G_00025	GCA_046260215.1	Bacteria	B69_L056	class	Gammaproteobacteria	/phylum:Pseudomonadota/class:Gammaproteobacteria
NEE60_G_00028	GCA_046260275.1	Bacteria	B69_L056	class	Gammaproteobacteria	/phylum:Pseudomonadota/class:Gammaproteobacteria
NEE60_G_00031	GCA_046260345.1	Bacteria	B69_L056	class	Gammaproteobacteria	/phylum:Pseudomonadota/class:Gammaproteobacteria
NEE60_G_00033	GCA_046260415.1	Bacteria	B69_L056	class	Gammaproteobacteria	/phylum:Pseudomonadota/class:Gammaproteobacteria
NEE60_G_00036	GCA_046260455.1	Bacteria	B69_L056	class	Gammaproteobacteria	/phylum:Pseudomonadota/class:Gammaproteobacteria
NEE60_G_00046	GCA_046260695.1	Bacteria	B69_L056	class	Gammaproteobacteria	/phylum:Pseudomonadota/class:Gammaproteobacteria
NEE60_G_00048	GCA_046260765.1	Bacteria	B69_L056	class	Gammaproteobacteria	/phylum:Pseudomonadota/class:Gammaproteobacteria
NEE60_G_00051	GCA_046260805.1	Bacteria	B69_L056	class	Gammaproteobacteria	/phylum:Pseudomonadota/class:Gammaproteobacteria
NEE60_G_00052	GCA_046260855.1	Bacteria	B69_L056	class	Gammaproteobacteria	/phylum:Pseudomonadota/class:Gammaproteobacteria
NEE60_G_00056	GCA_046261705.1	Bacteria	B69_L056	class	Gammaproteobacteria	/phylum:Pseudomonadota/class:Gammaproteobacteria
NEE60_G_00059	GCA_046261775.1	Bacteria	B69_L056	class	Gammaproteobacteria	/phylum:Pseudomonadota/class:Gammaproteobacteria
NEE60_G_00120	GCA_046263015.1	Bacteria	B69_L056	class	Gammaproteobacteria	/phylum:Pseudomonadota/class:Gammaproteobacteria
NEE60_G_00265	GCA_050725395.1_genomic	Bacteria	B69_L056	class	Gammaproteobacteria	/phylum:Pseudomonadota/class:Gammaproteobacteria
NEE60_G_00267	GCA_050725535.1_genomic	Bacteria	B69_L056	class	Gammaproteobacteria	/phylum:Pseudomonadota/class:Gammaproteobacteria
NEE60_G_00449	GCA_050737075.1_genomic	Bacteria	B69_L056	class	Gammaproteobacteria	/phylum:Pseudomonadota/class:Gammaproteobacteria
NEE60_G_00454	GCA_050737415.1_genomic	Bacteria	B69_L056	class	Gammaproteobacteria	/phylum:Pseudomonadota/class:Gammaproteobacteria
NEE60_G_00461	GCA_050737635.1_genomic	Bacteria	B69_L056	class	Gammaproteobacteria	/phylum:Pseudomonadota/class:Gammaproteobacteria
NEE60_G_00462	GCA_050737675.1_genomic	Bacteria	B69_L056	class	Gammaproteobacteria	/phylum:Pseudomonadota/class:Gammaproteobacteria
NEE60_G_00463	GCA_050737715.1_genomic	Bacteria	B69_L056	class	Gammaproteobacteria	/phylum:Pseudomonadota/class:Gammaproteobacteria
NEE60_G_00464	GCA_050737735.1_genomic	Bacteria	B69_L056	class	Gammaproteobacteria	/phylum:Pseudomonadota/class:Gammaproteobacteria
NEE60_G_00465	GCA_050737775.1_genomic	Bacteria	B69_L056	class	Gammaproteobacteria	/phylum:Pseudomonadota/class:Gammaproteobacteria
NEE60_G_00466	GCA_050737815.1_genomic	Bacteria	B69_L056	class	Gammaproteobacteria	/phylum:Pseudomonadota/class:Gammaproteobacteria
NEE60_G_00467	GCA_050737855.1_genomic	Bacteria	B69_L056	class	Gammaproteobacteria	/phylum:Pseudomonadota/class:Gammaproteobacteria
NEE60_G_00468	GCA_050737875.1_genomic	Bacteria	B69_L056	class	Gammaproteobacteria	/phylum:Pseudomonadota/class:Gammaproteobacteria
NEE60_G_00469	GCA_050737895.1_genomic	Bacteria	B69_L056	class	Gammaproteobacteria	/phylum:Pseudomonadota/class:Gammaproteobacteria
NEE60_G_00470	GCA_050737915.1_genomic	Bacteria	B69_L056	class	Gammaproteobacteria	/phylum:Pseudomonadota/class:Gammaproteobacteria
NEE60_G_00471	GCA_050737935.1_genomic	Bacteria	B69_L056	class	Gammaproteobacteria	/phylum:Pseudomonadota/class:Gammaproteobacteria
NEE60_G_00472	GCA_050737975.1_genomic	Bacteria	B69_L056	class	Gammaproteobacteria	/phylum:Pseudomonadota/class:Gammaproteobacteria
NEE60_G_00473	GCA_050737995.1_genomic	Bacteria	B69_L056	class	Gammaproteobacteria	/phylum:Pseudomonadota/class:Gammaproteobacteria
NEE60_G_00474	GCA_050738015.1_genomic	Bacteria	B69_L056	class	Gammaproteobacteria	/phylum:Pseudomonadota/class:Gammaproteobacteria
NEE60_G_00475	GCA_050738055.1_genomic	Bacteria	B69_L056	class	Gammaproteobacteria	/phylum:Pseudomonadota/class:Gammaproteobacteria
NEE60_G_00476	GCA_050738075.1_genomic	Bacteria	B69_L056	class	Gammaproteobacteria	/phylum:Pseudomonadota/class:Gammaproteobacteria
NEE60_G_00477	GCA_050738095.1_genomic	Bacteria	B69_L056	class	Gammaproteobacteria	/phylum:Pseudomonadota/class:Gammaproteobacteria
NEE60_G_00478	GCA_050738115.1_genomic	Bacteria	B69_L056	class	Gammaproteobacteria	/phylum:Pseudomonadota/class:Gammaproteobacteria
NEE60_G_00479	GCA_050738135.1_genomic	Bacteria	B69_L056	class	Gammaproteobacteria	/phylum:Pseudomonadota/class:Gammaproteobacteria
NEE60_G_00480	GCA_050738155.1_genomic	Bacteria	B69_L056	class	Gammaproteobacteria	/phylum:Pseudomonadota/class:Gammaproteobacteria
NEE60_G_00481	GCA_050738175.1_genomic	Bacteria	B69_L056	class	Gammaproteobacteria	/phylum:Pseudomonadota/class:Gammaproteobacteria
NEE60_G_00482	GCA_050738275.1_genomic	Bacteria	B69_L056	class	Gammaproteobacteria	/phylum:Pseudomonadota/class:Gammaproteobacteria
NEE60_G_00483	GCA_050738295.1_genomic	Bacteria	B69_L056	class	Gammaproteobacteria	/phylum:Pseudomonadota/class:Gammaproteobacteria
NEE60_G_00484	GCA_050738435.1_genomic	Bacteria	B69_L056	class	Gammaproteobacteria	/phylum:Pseudomonadota/class:Gammaproteobacteria
NEE60_G_00485	GCA_050738455.1_genomic	Bacteria	B69_L056	class	Gammaproteobacteria	/phylum:Pseudomonadota/class:Gammaproteobacteria
NEE60_G_00486	GCA_050738535.1_genomic	Bacteria	B69_L056	class	Gammaproteobacteria	/phylum:Pseudomonadota/class:Gammaproteobacteria
NEE60_G_00487	GCA_050738595.1_genomic	Bacteria	B69_L056	class	Gammaproteobacteria	/phylum:Pseudomonadota/class:Gammaproteobacteria
NEE60_G_00488	GCA_050738615.1_genomic	Bacteria	B69_L056	class	Gammaproteobacteria	/phylum:Pseudomonadota/class:Gammaproteobacteria
NEE60_G_00489	GCA_050738635.1_genomic	Bacteria	B69_L056	class	Gammaproteobacteria	/phylum:Pseudomonadota/class:Gammaproteobacteria
NEE60_G_00490	GCA_050738645.1_genomic	Bacteria	B69_L056	class	Gammaproteobacteria	/phylum:Pseudomonadota/class:Gammaproteobacteria
NEE60_G_00491	GCA_050738675.1_genomic	Bacteria	B69_L056	class	Gammaproteobacteria	/phylum:Pseudomonadota/class:Gammaproteobacteria
NEE60_G_00492	GCA_050738695.1_genomic	Bacteria	B69_L056	class	Gammaproteobacteria	/phylum:Pseudomonadota/class:Gammaproteobacteria
NEE60_G_00493	GCA_050738715.1_genomic	Bacteria	B69_L056	class	Gammaproteobacteria	/phylum:Pseudomonadota/class:Gammaproteobacteria
NEE60_G_00494	GCA_050738755.1_genomic	Bacteria	B69_L056	class	Gammaproteobacteria	/phylum:Pseudomonadota/class:Gammaproteobacteria
NEE60_G_00495	GCA_050738795.1_genomic	Bacteria	B69_L056	class	Gammaproteobacteria	/phylum:Pseudomonadota/class:Gammaproteobacteria
NEE60_G_00496	GCA_050738855.1_genomic	Bacteria	B69_L056	class	Gammaproteobacteria	/phylum:Pseudomonadota/class:Gammaproteobacteria
NEE60_G_00497	GCA_050738875.1_genomic	Bacteria	B69_L056	class	Gammaproteobacteria	/phylum:Pseudomonadota/class:Gammaproteobacteria
NEE60_G_00498	GCA_050738895.1_genomic	Bacteria	B69_L056	class	Gammaproteobacteria	/phylum:Pseudomonadota/class:Gammaproteobacteria
NEE60_G_00499	GCA_050738935.1_genomic	Bacteria	B69_L056	class	Gammaproteobacteria	/phylum:Pseudomonadota/class:Gammaproteobacteria
NEE60_G_00500	GCA_050739035.1_genomic	Bacteria	B69_L056	class	Gammaproteobacteria	/phylum:Pseudomonadota/class:Gammaproteobacteria
NEE60_G_00501	GCA_050739055.1_genomic	Bacteria	B69_L056	class	Gammaproteobacteria	/phylum:Pseudomonadota/class:Gammaproteobacteria
NEE60_G_00502	GCA_050739075.1_genomic	Bacteria	B69_L056	class	Gammaproteobacteria	/phylum:Pseudomonadota/class:Gammaproteobacteria
NEE60_G_00503	GCA_050739095.1_genomic	Bacteria	B69_L056	class	Gammaproteobacteria	/phylum:Pseudomonadota/class:Gammaproteobacteria
NEE60_G_00504	GCA_050739115.1_genomic	Bacteria	B69_L056	class	Gammaproteobacteria	/phylum:Pseudomonadota/class:Gammaproteobacteria
NEE60_G_00505	GCA_050739135.1_genomic	Bacteria	B69_L056	class	Gammaproteobacteria	/phylum:Pseudomonadota/class:Gammaproteobacteria
NEE60_G_00507	GCA_050739195.1_genomic	Bacteria	B69_L056	class	Gammaproteobacteria	/phylum:Pseudomonadota/class:Gammaproteobacteria
NEE60_G_00508	GCA_050739215.1_genomic	Bacteria	B69_L056	class	Gammaproteobacteria	/phylum:Pseudomonadota/class:Gammaproteobacteria
NEE60_G_00509	GCA_050739235.1_genomic	Bacteria	B69_L056	class	Gammaproteobacteria	/phylum:Pseudomonadota/class:Gammaproteobacteria
NEE60_G_00510	GCA_050739255.1_genomic	Bacteria	B69_L056	class	Gammaproteobacteria	/phylum:Pseudomonadota/class:Gammaproteobacteria
NEE60_G_00511	GCA_050739275.1_genomic	Bacteria	B69_L056	class	Gammaproteobacteria	/phylum:Pseudomonadota/class:Gammaproteobacteria
NEE60_G_00512	GCA_050739295.1_genomic	Bacteria	B69_L056	class	Gammaproteobacteria	/phylum:Pseudomonadota/class:Gammaproteobacteria
NEE60_G_00513	GCA_050739335.1_genomic	Bacteria	B69_L056	class	Gammaproteobacteria	/phylum:Pseudomonadota/class:Gammaproteobacteria
NEE60_G_00514	GCA_050739375.1_genomic	Bacteria	B69_L056	class	Gammaproteobacteria	/phylum:Pseudomonadota/class:Gammaproteobacteria
NEE60_G_00515	GCA_050739415.1_genomic	Bacteria	B69_L056	class	Gammaproteobacteria	/phylum:Pseudomonadota/class:Gammaproteobacteria
NEE60_G_00516	GCA_050739435.1_genomic	Bacteria	B69_L056	class	Gammaproteobacteria	/phylum:Pseudomonadota/class:Gammaproteobacteria
NEE60_G_00517	GCA_050739455.1_genomic	Bacteria	B69_L056	class	Gammaproteobacteria	/phylum:Pseudomonadota/class:Gammaproteobacteria
NEE60_G_00518	GCA_050739475.1_genomic	Bacteria	B69_L056	class	Gammaproteobacteria	/phylum:Pseudomonadota/class:Gammaproteobacteria
NEE60_G_00519	GCA_050739495.1_genomic	Bacteria	B69_L056	class	Gammaproteobacteria	/phylum:Pseudomonadota/class:Gammaproteobacteria
NEE60_G_00520	GCA_050739515.1_genomic	Bacteria	B69_L056	class	Gammaproteobacteria	/phylum:Pseudomonadota/class:Gammaproteobacteria
NEE60_G_00521	GCA_050739575.1_genomic	Bacteria	B69_L056	class	Gammaproteobacteria	/phylum:Pseudomonadota/class:Gammaproteobacteria
NEE60_G_00522	GCA_050739635.1_genomic	Bacteria	B69_L056	class	Gammaproteobacteria	/phylum:Pseudomonadota/class:Gammaproteobacteria
NEE60_G_00523	GCA_050739655.1_genomic	Bacteria	B69_L056	class	Gammaproteobacteria	/phylum:Pseudomonadota/class:Gammaproteobacteria
NEE60_G_00524	GCA_050739675.1_genomic	Bacteria	B69_L056	class	Gammaproteobacteria	/phylum:Pseudomonadota/class:Gammaproteobacteria
NEE60_G_00525	GCA_050739755.1_genomic	Bacteria	B69_L056	class	Gammaproteobacteria	/phylum:Pseudomonadota/class:Gammaproteobacteria
NEE60_G_00526	GCA_050739795.1_genomic	Bacteria	B69_L056	class	Gammaproteobacteria	/phylum:Pseudomonadota/class:Gammaproteobacteria
NEE60_G_00527	GCA_050739895.1_genomic	Bacteria	B69_L056	class	Gammaproteobacteria	/phylum:Pseudomonadota/class:Gammaproteobacteria
NEE60_G_00528	GCA_050739955.1_genomic	Bacteria	B69_L056	class	Gammaproteobacteria	/phylum:Pseudomonadota/class:Gammaproteobacteria
NEE60_G_00529	GCA_050739975.1_genomic	Bacteria	B69_L056	class	Gammaproteobacteria	/phylum:Pseudomonadota/class:Gammaproteobacteria
NEE60_G_00530	GCA_050740015.1_genomic	Bacteria	B69_L056	class	Gammaproteobacteria	/phylum:Pseudomonadota/class:Gammaproteobacteria
NEE60_G_00531	GCA_050740035.1_genomic	Bacteria	B69_L056	class	Gammaproteobacteria	/phylum:Pseudomonadota/class:Gammaproteobacteria
NEE60_G_00532	GCA_050740055.1_genomic	Bacteria	B69_L056	class	Gammaproteobacteria	/phylum:Pseudomonadota/class:Gammaproteobacteria
NEE60_G_00533	GCA_050740195.1_genomic	Bacteria	B69_L056	class	Gammaproteobacteria	/phylum:Pseudomonadota/class:Gammaproteobacteria
NEE60_G_00534	GCA_050740255.1_genomic	Bacteria	B69_L056	class	Gammaproteobacteria	/phylum:Pseudomonadota/class:Gammaproteobacteria
NEE60_G_00535	GCA_050740275.1_genomic	Bacteria	B69_L056	class	Gammaproteobacteria	/phylum:Pseudomonadota/class:Gammaproteobacteria
NEE60_G_00536	GCA_050740295.1_genomic	Bacteria	B69_L056	class	Gammaproteobacteria	/phylum:Pseudomonadota/class:Gammaproteobacteria
NEE60_G_00537	GCA_050740335.1_genomic	Bacteria	B69_L056	class	Gammaproteobacteria	/phylum:Pseudomonadota/class:Gammaproteobacteria
NEE60_G_00538	GCA_050740355.1_genomic	Bacteria	B69_L056	class	Gammaproteobacteria	/phylum:Pseudomonadota/class:Gammaproteobacteria
NEE60_G_00539	GCA_050740655.1_genomic	Bacteria	B69_L056	class	Gammaproteobacteria	/phylum:Pseudomonadota/class:Gammaproteobacteria
NEE60_G_00540	GCA_050740855.1_genomic	Bacteria	B69_L056	class	Gammaproteobacteria	/phylum:Pseudomonadota/class:Gammaproteobacteria
NEE60_G_00541	GCA_050740915.1_genomic	Bacteria	B69_L056	class	Gammaproteobacteria	/phylum:Pseudomonadota/class:Gammaproteobacteria
NEE60_G_00542	GCA_050740955.1_genomic	Bacteria	B69_L056	class	Gammaproteobacteria	/phylum:Pseudomonadota/class:Gammaproteobacteria
NEE60_G_00543	GCA_050741015.1_genomic	Bacteria	B69_L056	class	Gammaproteobacteria	/phylum:Pseudomonadota/class:Gammaproteobacteria
NEE60_G_00544	GCA_050741195.1_genomic	Bacteria	B69_L056	class	Gammaproteobacteria	/phylum:Pseudomonadota/class:Gammaproteobacteria
NEE60_G_00545	GCA_050741215.1_genomic	Bacteria	B69_L056	class	Gammaproteobacteria	/phylum:Pseudomonadota/class:Gammaproteobacteria
NEE60_G_00546	GCA_050741235.1_genomic	Bacteria	B69_L056	class	Gammaproteobacteria	/phylum:Pseudomonadota/class:Gammaproteobacteria
NEE60_G_00547	GCA_050741255.1_genomic	Bacteria	B69_L056	class	Gammaproteobacteria	/phylum:Pseudomonadota/class:Gammaproteobacteria
NEE60_G_00548	GCA_050741335.1_genomic	Bacteria	B69_L056	class	Gammaproteobacteria	/phylum:Pseudomonadota/class:Gammaproteobacteria
NEE60_G_00549	GCA_050741375.1_genomic	Bacteria	B69_L056	class	Gammaproteobacteria	/phylum:Pseudomonadota/class:Gammaproteobacteria
NEE60_G_00550	GCA_050741415.1_genomic	Bacteria	B69_L056	class	Gammaproteobacteria	/phylum:Pseudomonadota/class:Gammaproteobacteria
NEE60_G_00551	GCA_050741435.1_genomic	Bacteria	B69_L056	class	Gammaproteobacteria	/phylum:Pseudomonadota/class:Gammaproteobacteria
NEE60_G_00552	GCA_050741455.1_genomic	Bacteria	B69_L056	class	Gammaproteobacteria	/phylum:Pseudomonadota/class:Gammaproteobacteria
NEE60_G_00553	GCA_050741555.1_genomic	Bacteria	B69_L056	class	Gammaproteobacteria	/phylum:Pseudomonadota/class:Gammaproteobacteria
NEE60_G_00554	GCA_050741575.1_genomic	Bacteria	B69_L056	class	Gammaproteobacteria	/phylum:Pseudomonadota/class:Gammaproteobacteria
NEE60_G_00555	GCA_050741655.1_genomic	Bacteria	B69_L056	class	Gammaproteobacteria	/phylum:Pseudomonadota/class:Gammaproteobacteria
NEE60_G_00556	GCA_050741675.1_genomic	Bacteria	B69_L056	class	Gammaproteobacteria	/phylum:Pseudomonadota/class:Gammaproteobacteria
NEE60_G_00557	GCA_050741735.1_genomic	Bacteria	B69_L056	class	Gammaproteobacteria	/phylum:Pseudomonadota/class:Gammaproteobacteria
NEE60_G_00558	GCA_050741755.1_genomic	Bacteria	B69_L056	class	Gammaproteobacteria	/phylum:Pseudomonadota/class:Gammaproteobacteria
NEE60_G_00559	GCA_050741775.1_genomic	Bacteria	B69_L056	class	Gammaproteobacteria	/phylum:Pseudomonadota/class:Gammaproteobacteria
NEE60_G_00560	GCA_050741835.1_genomic	Bacteria	B69_L056	class	Gammaproteobacteria	/phylum:Pseudomonadota/class:Gammaproteobacteria
NEE60_G_00561	GCA_050741855.1_genomic	Bacteria	B69_L056	class	Gammaproteobacteria	/phylum:Pseudomonadota/class:Gammaproteobacteria
NEE60_G_00562	GCA_050741895.1_genomic	Bacteria	B69_L056	class	Gammaproteobacteria	/phylum:Pseudomonadota/class:Gammaproteobacteria
NEE60_G_00567	GCA_050742595.1_genomic	Bacteria	B69_L056	class	Gammaproteobacteria	/phylum:Pseudomonadota/class:Gammaproteobacteria
NEE60_G_00568	GCA_050742615.1_genomic	Bacteria	B69_L056	class	Gammaproteobacteria	/phylum:Pseudomonadota/class:Gammaproteobacteria
NEE60_G_00569	GCA_050742655.1_genomic	Bacteria	B69_L056	class	Gammaproteobacteria	/phylum:Pseudomonadota/class:Gammaproteobacteria
NEE60_G_00570	GCA_050742775.1_genomic	Bacteria	B69_L056	class	Gammaproteobacteria	/phylum:Pseudomonadota/class:Gammaproteobacteria
NEE60_G_00571	GCA_050742795.1_genomic	Bacteria	B69_L056	class	Gammaproteobacteria	/phylum:Pseudomonadota/class:Gammaproteobacteria
NEE60_G_00572	GCA_050742815.1_genomic	Bacteria	B69_L056	class	Gammaproteobacteria	/phylum:Pseudomonadota/class:Gammaproteobacteria
NEE60_G_00796	MAG57	Bacteria	B69_L056	class	Gammaproteobacteria	/phylum:Pseudomonadota/class:Gammaproteobacteria
NEE60_G_00908	NEE56_danakil__GCA_042219385.1	Bacteria	B69_L056	class	Gammaproteobacteria	/phylum:Pseudomonadota/class:Gammaproteobacteria
NEE60_G_00969	NEE56_mackay__GCA_013695435.1	Bacteria	B69_L056	class	Gammaproteobacteria	/phylum:Pseudomonadota/class:Gammaproteobacteria
NEE60_G_00980	NEE56_mackay__GCA_013695765.1	Bacteria	B69_L056	class	Gammaproteobacteria	/phylum:Pseudomonadota/class:Gammaproteobacteria
NEE60_G_01001	NEE56_mackay__GCA_013696225.1	Bacteria	B69_L056	class	Gammaproteobacteria	/phylum:Pseudomonadota/class:Gammaproteobacteria
NEE60_G_01005	NEE56_mackay__GCA_013696315.1	Bacteria	B69_L056	class	Gammaproteobacteria	/phylum:Pseudomonadota/class:Gammaproteobacteria
NEE60_G_01021	NEE56_mackay__GCA_013696665.1	Bacteria	B69_L056	class	Gammaproteobacteria	/phylum:Pseudomonadota/class:Gammaproteobacteria
NEE60_G_01040	NEE56_mackay__GCA_013697045.1	Bacteria	B69_L056	class	Gammaproteobacteria	/phylum:Pseudomonadota/class:Gammaproteobacteria
NEE60_G_01060	NEE56_mackay__GCA_013697625.1	Bacteria	B69_L056	class	Gammaproteobacteria	/phylum:Pseudomonadota/class:Gammaproteobacteria
NEE60_G_01062	NEE56_mackay__GCA_013697645.1	Bacteria	B69_L056	class	Gammaproteobacteria	/phylum:Pseudomonadota/class:Gammaproteobacteria
NEE60_G_01063	NEE56_mackay__GCA_013697655.1	Bacteria	B69_L056	class	Gammaproteobacteria	/phylum:Pseudomonadota/class:Gammaproteobacteria
NEE60_G_01064	NEE56_mackay__GCA_013697705.1	Bacteria	B69_L056	class	Gammaproteobacteria	/phylum:Pseudomonadota/class:Gammaproteobacteria
NEE60_G_01065	NEE56_mackay__GCA_013697725.1	Bacteria	B69_L056	class	Gammaproteobacteria	/phylum:Pseudomonadota/class:Gammaproteobacteria
NEE60_G_01070	NEE56_mackay__GCA_013697845.1	Bacteria	B69_L056	class	Gammaproteobacteria	/phylum:Pseudomonadota/class:Gammaproteobacteria
NEE60_G_01075	NEE56_mackay__GCA_013697955.1	Bacteria	B69_L056	class	Gammaproteobacteria	/phylum:Pseudomonadota/class:Gammaproteobacteria
NEE60_G_01134	NEE56_mackay__GCA_013812685.1	Bacteria	B69_L056	class	Gammaproteobacteria	/phylum:Pseudomonadota/class:Gammaproteobacteria
NEE60_G_01138	NEE56_mackay__GCA_013812775.1	Bacteria	B69_L056	class	Gammaproteobacteria	/phylum:Pseudomonadota/class:Gammaproteobacteria
NEE60_G_01139	NEE56_mackay__GCA_013812815.1	Bacteria	B69_L056	class	Gammaproteobacteria	/phylum:Pseudomonadota/class:Gammaproteobacteria
NEE60_G_01168	NEE56_mackay__GCA_013813615.1	Bacteria	B69_L056	class	Gammaproteobacteria	/phylum:Pseudomonadota/class:Gammaproteobacteria
NEE60_G_01199	NEE56_mackay__GCA_013815685.1	Bacteria	B69_L056	class	Gammaproteobacteria	/phylum:Pseudomonadota/class:Gammaproteobacteria
NEE60_G_01200	NEE56_mackay__GCA_013815715.1	Bacteria	B69_L056	class	Gammaproteobacteria	/phylum:Pseudomonadota/class:Gammaproteobacteria
NEE60_G_01207	NEE56_mackay__GCA_013815915.1	Bacteria	B69_L056	class	Gammaproteobacteria	/phylum:Pseudomonadota/class:Gammaproteobacteria
NEE60_G_01212	NEE56_mackay__GCA_013816115.1	Bacteria	B69_L056	class	Gammaproteobacteria	/phylum:Pseudomonadota/class:Gammaproteobacteria
NEE60_G_01221	NEE56_mackay__GCA_013816325.1	Bacteria	B69_L056	class	Gammaproteobacteria	/phylum:Pseudomonadota/class:Gammaproteobacteria
NEE60_G_01241	NEE56_mackay__GCA_013816845.1	Bacteria	B69_L056	class	Gammaproteobacteria	/phylum:Pseudomonadota/class:Gammaproteobacteria
NEE60_G_01253	NEE56_mackay__GCA_013817245.1	Bacteria	B69_L056	class	Gammaproteobacteria	/phylum:Pseudomonadota/class:Gammaproteobacteria
NEE60_G_01260	NEE56_mackay__GCA_013817465.1	Bacteria	B69_L056	class	Gammaproteobacteria	/phylum:Pseudomonadota/class:Gammaproteobacteria
NEE60_G_01291	NEE56_mackay__GCA_013821425.1	Bacteria	B69_L056	class	Gammaproteobacteria	/phylum:Pseudomonadota/class:Gammaproteobacteria
NEE60_G_01304	NEE56_mackay__GCF_013697775.1	Bacteria	B69_L056	class	Gammaproteobacteria	/phylum:Pseudomonadota/class:Gammaproteobacteria
NEE60_G_01309	NEE56_mackay__GCF_013817205.1	Bacteria	B69_L056	class	Gammaproteobacteria	/phylum:Pseudomonadota/class:Gammaproteobacteria
NEE60_G_01310	NEE56_mackay__GCF_013817345.1	Bacteria	B69_L056	class	Gammaproteobacteria	/phylum:Pseudomonadota/class:Gammaproteobacteria
NEE60_G_01311	NEE56_mackay__GCF_013817365.1	Bacteria	B69_L056	class	Gammaproteobacteria	/phylum:Pseudomonadota/class:Gammaproteobacteria
NEE60_G_01315	alaska_permafrost_reference_149_merged	Bacteria	B69_L056	class	Gammaproteobacteria	/phylum:Pseudomonadota/class:Gammaproteobacteria
NEE60_G_01316	alaska_permafrost_reference_15_S41_bin.5	Bacteria	B69_L056	class	Gammaproteobacteria	/phylum:Pseudomonadota/class:Gammaproteobacteria
NEE60_G_01325	alaska_permafrost_reference_18_S44_bin.10	Bacteria	B69_L056	class	Gammaproteobacteria	/phylum:Pseudomonadota/class:Gammaproteobacteria
NEE60_G_01327	alaska_permafrost_reference_20_S46_bin.3	Bacteria	B69_L056	class	Gammaproteobacteria	/phylum:Pseudomonadota/class:Gammaproteobacteria
NEE60_G_01330	alaska_permafrost_reference_23_S49_bin.11	Bacteria	B69_L056	class	Gammaproteobacteria	/phylum:Pseudomonadota/class:Gammaproteobacteria
NEE60_G_01332	alaska_permafrost_reference_23_S49_bin.8	Bacteria	B69_L056	class	Gammaproteobacteria	/phylum:Pseudomonadota/class:Gammaproteobacteria
NEE60_G_01334	alaska_permafrost_reference_8_S34_bin.12	Bacteria	B69_L056	class	Gammaproteobacteria	/phylum:Pseudomonadota/class:Gammaproteobacteria
NEE60_G_01335	alaska_permafrost_reference_8_S34_bin.6	Bacteria	B69_L056	class	Gammaproteobacteria	/phylum:Pseudomonadota/class:Gammaproteobacteria
NEE60_G_01347	alaska_permafrost_reference_GCA_003133245.1_20120500_P28_genomic	Bacteria	B69_L056	class	Gammaproteobacteria	/phylum:Pseudomonadota/class:Gammaproteobacteria
NEE60_G_01377	alaska_permafrost_reference_GCA_003142815.1_20120800_E1X_genomic	Bacteria	B69_L056	class	Gammaproteobacteria	/phylum:Pseudomonadota/class:Gammaproteobacteria
NEE60_G_01382	alaska_permafrost_reference_GCA_003151655.1_20120700_P3D_genomic	Bacteria	B69_L056	class	Gammaproteobacteria	/phylum:Pseudomonadota/class:Gammaproteobacteria
NEE60_G_01389	alaska_permafrost_reference_GCA_003153155.1_20120700_P3D_genomic	Bacteria	B69_L056	class	Gammaproteobacteria	/phylum:Pseudomonadota/class:Gammaproteobacteria
NEE60_G_01390	alaska_permafrost_reference_GCA_003153335.1_20120700_P3D_genomic	Bacteria	B69_L056	class	Gammaproteobacteria	/phylum:Pseudomonadota/class:Gammaproteobacteria
NEE60_G_01396	alaska_permafrost_reference_GCA_003158415.1_20120600_E3D_genomic	Bacteria	B69_L056	class	Gammaproteobacteria	/phylum:Pseudomonadota/class:Gammaproteobacteria
NEE60_G_01427	alaska_permafrost_reference_S262bin.17	Bacteria	B69_L056	class	Gammaproteobacteria	/phylum:Pseudomonadota/class:Gammaproteobacteria
NEE60_G_01430	alaska_permafrost_reference_S42rbin.10	Bacteria	B69_L056	class	Gammaproteobacteria	/phylum:Pseudomonadota/class:Gammaproteobacteria
NEE60_G_01431	alaska_permafrost_reference_S46rbin.4	Bacteria	B69_L056	class	Gammaproteobacteria	/phylum:Pseudomonadota/class:Gammaproteobacteria
NEE60_G_01447	alaska_permafrost_reference_SRR10489815bin.11	Bacteria	B69_L056	class	Gammaproteobacteria	/phylum:Pseudomonadota/class:Gammaproteobacteria
NEE60_G_01452	alaska_permafrost_reference_SRR10489815bin.2	Bacteria	B69_L056	class	Gammaproteobacteria	/phylum:Pseudomonadota/class:Gammaproteobacteria
NEE60_G_01463	alaska_permafrost_reference_SRR10489818bin.17	Bacteria	B69_L056	class	Gammaproteobacteria	/phylum:Pseudomonadota/class:Gammaproteobacteria
NEE60_G_01483	alaska_permafrost_reference_SRR10489828bin.12	Bacteria	B69_L056	class	Gammaproteobacteria	/phylum:Pseudomonadota/class:Gammaproteobacteria
NEE60_G_01488	alaska_permafrost_reference_SRR10489828bin.23	Bacteria	B69_L056	class	Gammaproteobacteria	/phylum:Pseudomonadota/class:Gammaproteobacteria
NEE60_G_01512	alaska_permafrost_reference_SRR10489839bin.1	Bacteria	B69_L056	class	Gammaproteobacteria	/phylum:Pseudomonadota/class:Gammaproteobacteria
NEE60_G_01516	alaska_permafrost_reference_SRR10695402bin.4	Bacteria	B69_L056	class	Gammaproteobacteria	/phylum:Pseudomonadota/class:Gammaproteobacteria
NEE60_G_01517	alaska_permafrost_reference_SRR10954965bin.15	Bacteria	B69_L056	class	Gammaproteobacteria	/phylum:Pseudomonadota/class:Gammaproteobacteria
NEE60_G_01518	alaska_permafrost_reference_SRR10954970bin.7	Bacteria	B69_L056	class	Gammaproteobacteria	/phylum:Pseudomonadota/class:Gammaproteobacteria
NEE60_G_01519	alaska_permafrost_reference_SRR10954973bin.3	Bacteria	B69_L056	class	Gammaproteobacteria	/phylum:Pseudomonadota/class:Gammaproteobacteria
NEE60_G_01526	alaska_permafrost_reference_SRR11678566bin.25	Bacteria	B69_L056	class	Gammaproteobacteria	/phylum:Pseudomonadota/class:Gammaproteobacteria
NEE60_G_01527	alaska_permafrost_reference_SRR11678610bin.13	Bacteria	B69_L056	class	Gammaproteobacteria	/phylum:Pseudomonadota/class:Gammaproteobacteria
NEE60_G_01540	alaska_permafrost_reference_SRR11836514bin.4	Bacteria	B69_L056	class	Gammaproteobacteria	/phylum:Pseudomonadota/class:Gammaproteobacteria
NEE60_G_01544	alaska_permafrost_reference_SRR12277191bin.8	Bacteria	B69_L056	class	Gammaproteobacteria	/phylum:Pseudomonadota/class:Gammaproteobacteria
NEE60_G_01546	alaska_permafrost_reference_SRR12277197bin.2	Bacteria	B69_L056	class	Gammaproteobacteria	/phylum:Pseudomonadota/class:Gammaproteobacteria
NEE60_G_01573	alaska_permafrost_reference_SRR1586266rbin.16	Bacteria	B69_L056	class	Gammaproteobacteria	/phylum:Pseudomonadota/class:Gammaproteobacteria
NEE60_G_01575	alaska_permafrost_reference_SRR1586267rbin.7	Bacteria	B69_L056	class	Gammaproteobacteria	/phylum:Pseudomonadota/class:Gammaproteobacteria
NEE60_G_01576	alaska_permafrost_reference_SRR1586267rbin.9	Bacteria	B69_L056	class	Gammaproteobacteria	/phylum:Pseudomonadota/class:Gammaproteobacteria
NEE60_G_01581	alaska_permafrost_reference_SRR1586270rbin.25	Bacteria	B69_L056	class	Gammaproteobacteria	/phylum:Pseudomonadota/class:Gammaproteobacteria
NEE60_G_01587	alaska_permafrost_reference_SRR1586276rbin.4	Bacteria	B69_L056	class	Gammaproteobacteria	/phylum:Pseudomonadota/class:Gammaproteobacteria
NEE60_G_01609	alaska_permafrost_reference_SRR1586305rbin.3	Bacteria	B69_L056	class	Gammaproteobacteria	/phylum:Pseudomonadota/class:Gammaproteobacteria
NEE60_G_01616	alaska_permafrost_reference_SRR1586316rbin.6	Bacteria	B69_L056	class	Gammaproteobacteria	/phylum:Pseudomonadota/class:Gammaproteobacteria
NEE60_G_01617	alaska_permafrost_reference_SRR1586317rbin.10	Bacteria	B69_L056	class	Gammaproteobacteria	/phylum:Pseudomonadota/class:Gammaproteobacteria
NEE60_G_01618	alaska_permafrost_reference_SRR1586317rbin.11	Bacteria	B69_L056	class	Gammaproteobacteria	/phylum:Pseudomonadota/class:Gammaproteobacteria
NEE60_G_01622	alaska_permafrost_reference_SRR1586320rbin.5	Bacteria	B69_L056	class	Gammaproteobacteria	/phylum:Pseudomonadota/class:Gammaproteobacteria
NEE60_G_01623	alaska_permafrost_reference_SRR1586321rbin.10	Bacteria	B69_L056	class	Gammaproteobacteria	/phylum:Pseudomonadota/class:Gammaproteobacteria
NEE60_G_01634	alaska_permafrost_reference_SRR3747750rbin.3	Bacteria	B69_L056	class	Gammaproteobacteria	/phylum:Pseudomonadota/class:Gammaproteobacteria
NEE60_G_01637	alaska_permafrost_reference_SRR3984960rbin.14	Bacteria	B69_L056	class	Gammaproteobacteria	/phylum:Pseudomonadota/class:Gammaproteobacteria
NEE60_G_01638	alaska_permafrost_reference_SRR3984960rbin.5	Bacteria	B69_L056	class	Gammaproteobacteria	/phylum:Pseudomonadota/class:Gammaproteobacteria
NEE60_G_01661	alaska_permafrost_reference_SRR3985390rbin.12	Bacteria	B69_L056	class	Gammaproteobacteria	/phylum:Pseudomonadota/class:Gammaproteobacteria
NEE60_G_01670	alaska_permafrost_reference_SRR3985396rbin.14	Bacteria	B69_L056	class	Gammaproteobacteria	/phylum:Pseudomonadota/class:Gammaproteobacteria
NEE60_G_01676	alaska_permafrost_reference_SRR3985419rbin.1	Bacteria	B69_L056	class	Gammaproteobacteria	/phylum:Pseudomonadota/class:Gammaproteobacteria
NEE60_G_01692	alaska_permafrost_reference_SRR3989121rbin.24	Bacteria	B69_L056	class	Gammaproteobacteria	/phylum:Pseudomonadota/class:Gammaproteobacteria
NEE60_G_01733	alaska_permafrost_reference_SRR3989258rbin.21	Bacteria	B69_L056	class	Gammaproteobacteria	/phylum:Pseudomonadota/class:Gammaproteobacteria
NEE60_G_01742	alaska_permafrost_reference_SRR3990169rbin.168	Bacteria	B69_L056	class	Gammaproteobacteria	/phylum:Pseudomonadota/class:Gammaproteobacteria
NEE60_G_01744	alaska_permafrost_reference_SRR4027831rbin.1	Bacteria	B69_L056	class	Gammaproteobacteria	/phylum:Pseudomonadota/class:Gammaproteobacteria
NEE60_G_01749	alaska_permafrost_reference_SRR5133179rbin.1	Bacteria	B69_L056	class	Gammaproteobacteria	/phylum:Pseudomonadota/class:Gammaproteobacteria
NEE60_G_01751	alaska_permafrost_reference_SRR5195106rbin.10	Bacteria	B69_L056	class	Gammaproteobacteria	/phylum:Pseudomonadota/class:Gammaproteobacteria
NEE60_G_01754	alaska_permafrost_reference_SRR5450747rbin.4	Bacteria	B69_L056	class	Gammaproteobacteria	/phylum:Pseudomonadota/class:Gammaproteobacteria
NEE60_G_01758	alaska_permafrost_reference_SRR5512140rbin.3	Bacteria	B69_L056	class	Gammaproteobacteria	/phylum:Pseudomonadota/class:Gammaproteobacteria
NEE60_G_01794	alaska_permafrost_reference_SRR6195952rbin.1	Bacteria	B69_L056	class	Gammaproteobacteria	/phylum:Pseudomonadota/class:Gammaproteobacteria
NEE60_G_01799	alaska_permafrost_reference_SRR6474866rbin.5	Bacteria	B69_L056	class	Gammaproteobacteria	/phylum:Pseudomonadota/class:Gammaproteobacteria
NEE60_G_01801	alaska_permafrost_reference_SRR7011942rbin.1	Bacteria	B69_L056	class	Gammaproteobacteria	/phylum:Pseudomonadota/class:Gammaproteobacteria
NEE60_G_01808	alaska_permafrost_reference_SRR7097863rbin.20	Bacteria	B69_L056	class	Gammaproteobacteria	/phylum:Pseudomonadota/class:Gammaproteobacteria
NEE60_G_01812	alaska_permafrost_reference_SRR7102016rbin.16	Bacteria	B69_L056	class	Gammaproteobacteria	/phylum:Pseudomonadota/class:Gammaproteobacteria
NEE60_G_01816	alaska_permafrost_reference_SRR7629280rbin.12	Bacteria	B69_L056	class	Gammaproteobacteria	/phylum:Pseudomonadota/class:Gammaproteobacteria
NEE60_G_01817	alaska_permafrost_reference_SRR7741809rbin.26	Bacteria	B69_L056	class	Gammaproteobacteria	/phylum:Pseudomonadota/class:Gammaproteobacteria
NEE60_G_01826	alaska_permafrost_reference_SRR8554503rbin.30	Bacteria	B69_L056	class	Gammaproteobacteria	/phylum:Pseudomonadota/class:Gammaproteobacteria
NEE60_G_01828	alaska_permafrost_reference_SRR8554504rbin.72	Bacteria	B69_L056	class	Gammaproteobacteria	/phylum:Pseudomonadota/class:Gammaproteobacteria
NEE60_G_01843	alaska_permafrost_reference_SRR9691046rbin.21	Bacteria	B69_L056	class	Gammaproteobacteria	/phylum:Pseudomonadota/class:Gammaproteobacteria
NEE60_G_01849	atacama_halite_rainfall_prjna484015_SG1_Chromatiales_69_23	Bacteria	B69_L056	class	Gammaproteobacteria	/phylum:Pseudomonadota/class:Gammaproteobacteria
NEE60_G_01851	atacama_halite_rainfall_prjna484015_SG1_Ectothiorhodospiraceae_64_8	Bacteria	B69_L056	class	Gammaproteobacteria	/phylum:Pseudomonadota/class:Gammaproteobacteria
NEE60_G_02071	desert2025__GCA_030775105.1	Bacteria	B69_L056	class	Gammaproteobacteria	/phylum:Pseudomonadota/class:Gammaproteobacteria
NEE60_G_02082	desert2025__GCA_030775405.1	Bacteria	B69_L056	class	Gammaproteobacteria	/phylum:Pseudomonadota/class:Gammaproteobacteria
NEE60_G_02087	desert2025__GCA_030775525.1	Bacteria	B69_L056	class	Gammaproteobacteria	/phylum:Pseudomonadota/class:Gammaproteobacteria
NEE60_G_02092	desert2025__GCA_030775625.1	Bacteria	B69_L056	class	Gammaproteobacteria	/phylum:Pseudomonadota/class:Gammaproteobacteria
NEE60_G_02093	desert2025__GCA_030775645.1	Bacteria	B69_L056	class	Gammaproteobacteria	/phylum:Pseudomonadota/class:Gammaproteobacteria
NEE60_G_02097	desert2025__GCA_030775745.1	Bacteria	B69_L056	class	Gammaproteobacteria	/phylum:Pseudomonadota/class:Gammaproteobacteria
NEE60_G_02102	desert2025__GCA_030775865.1	Bacteria	B69_L056	class	Gammaproteobacteria	/phylum:Pseudomonadota/class:Gammaproteobacteria
NEE60_G_02104	desert2025__GCA_030775905.1	Bacteria	B69_L056	class	Gammaproteobacteria	/phylum:Pseudomonadota/class:Gammaproteobacteria
NEE60_G_02114	desert2025__GCA_030776345.1	Bacteria	B69_L056	class	Gammaproteobacteria	/phylum:Pseudomonadota/class:Gammaproteobacteria
NEE60_G_02119	desert2025__GCA_030776545.1	Bacteria	B69_L056	class	Gammaproteobacteria	/phylum:Pseudomonadota/class:Gammaproteobacteria
NEE60_G_02153	desert2025__GCA_030799345.1	Bacteria	B69_L056	class	Gammaproteobacteria	/phylum:Pseudomonadota/class:Gammaproteobacteria
NEE60_G_02154	desert2025__GCA_030799355.1	Bacteria	B69_L056	class	Gammaproteobacteria	/phylum:Pseudomonadota/class:Gammaproteobacteria
NEE60_G_02156	desert2025__GCA_030852465.1	Bacteria	B69_L056	class	Gammaproteobacteria	/phylum:Pseudomonadota/class:Gammaproteobacteria
NEE60_G_02159	desert2025__GCA_030852515.1	Bacteria	B69_L056	class	Gammaproteobacteria	/phylum:Pseudomonadota/class:Gammaproteobacteria
NEE60_G_02171	desert2025__GCA_030852845.1	Bacteria	B69_L056	class	Gammaproteobacteria	/phylum:Pseudomonadota/class:Gammaproteobacteria
NEE60_G_02181	desert2025__GCA_030853075.1	Bacteria	B69_L056	class	Gammaproteobacteria	/phylum:Pseudomonadota/class:Gammaproteobacteria
NEE60_G_02209	desert2025__GCA_030853725.1	Bacteria	B69_L056	class	Gammaproteobacteria	/phylum:Pseudomonadota/class:Gammaproteobacteria
NEE60_G_02211	desert2025__GCA_030853745.1	Bacteria	B69_L056	class	Gammaproteobacteria	/phylum:Pseudomonadota/class:Gammaproteobacteria
NEE60_G_02236	desert2025__GCA_030854285.1	Bacteria	B69_L056	class	Gammaproteobacteria	/phylum:Pseudomonadota/class:Gammaproteobacteria
NEE60_G_02253	desert2025__GCA_030854685.1	Bacteria	B69_L056	class	Gammaproteobacteria	/phylum:Pseudomonadota/class:Gammaproteobacteria
NEE60_G_02257	desert2025__GCA_030854765.1	Bacteria	B69_L056	class	Gammaproteobacteria	/phylum:Pseudomonadota/class:Gammaproteobacteria
NEE60_G_02258	desert2025__GCA_030854785.1	Bacteria	B69_L056	class	Gammaproteobacteria	/phylum:Pseudomonadota/class:Gammaproteobacteria
NEE60_G_02259	desert2025__GCA_030854825.1	Bacteria	B69_L056	class	Gammaproteobacteria	/phylum:Pseudomonadota/class:Gammaproteobacteria
NEE60_G_02267	desert2025__GCA_030854985.1	Bacteria	B69_L056	class	Gammaproteobacteria	/phylum:Pseudomonadota/class:Gammaproteobacteria
NEE60_G_02269	desert2025__GCA_030855025.1	Bacteria	B69_L056	class	Gammaproteobacteria	/phylum:Pseudomonadota/class:Gammaproteobacteria
NEE60_G_02279	desert2025__GCA_030855235.1	Bacteria	B69_L056	class	Gammaproteobacteria	/phylum:Pseudomonadota/class:Gammaproteobacteria
NEE60_G_02283	desert2025__GCA_030855345.1	Bacteria	B69_L056	class	Gammaproteobacteria	/phylum:Pseudomonadota/class:Gammaproteobacteria
NEE60_G_02307	desert2025__GCA_030855925.1	Bacteria	B69_L056	class	Gammaproteobacteria	/phylum:Pseudomonadota/class:Gammaproteobacteria
NEE60_G_02331	desert2025__GCA_030856495.1	Bacteria	B69_L056	class	Gammaproteobacteria	/phylum:Pseudomonadota/class:Gammaproteobacteria
NEE60_G_02332	desert2025__GCA_030856525.1	Bacteria	B69_L056	class	Gammaproteobacteria	/phylum:Pseudomonadota/class:Gammaproteobacteria
NEE60_G_02333	desert2025__GCA_030856565.1	Bacteria	B69_L056	class	Gammaproteobacteria	/phylum:Pseudomonadota/class:Gammaproteobacteria
NEE60_G_02335	desert2025__GCA_030856625.1	Bacteria	B69_L056	class	Gammaproteobacteria	/phylum:Pseudomonadota/class:Gammaproteobacteria
NEE60_G_02336	desert2025__GCA_030856655.1	Bacteria	B69_L056	class	Gammaproteobacteria	/phylum:Pseudomonadota/class:Gammaproteobacteria
NEE60_G_02338	desert2025__GCA_030856725.1	Bacteria	B69_L056	class	Gammaproteobacteria	/phylum:Pseudomonadota/class:Gammaproteobacteria
NEE60_G_02346	desert2025__GCA_030856925.1	Bacteria	B69_L056	class	Gammaproteobacteria	/phylum:Pseudomonadota/class:Gammaproteobacteria
NEE60_G_02349	desert2025__GCA_030856985.1	Bacteria	B69_L056	class	Gammaproteobacteria	/phylum:Pseudomonadota/class:Gammaproteobacteria
NEE60_G_02350	desert2025__GCA_030857025.1	Bacteria	B69_L056	class	Gammaproteobacteria	/phylum:Pseudomonadota/class:Gammaproteobacteria
NEE60_G_02351	desert2025__GCA_030857045.1	Bacteria	B69_L056	class	Gammaproteobacteria	/phylum:Pseudomonadota/class:Gammaproteobacteria
NEE60_G_02389	desert2025__GCA_030858145.1	Bacteria	B69_L056	class	Gammaproteobacteria	/phylum:Pseudomonadota/class:Gammaproteobacteria
NEE60_G_02390	desert2025__GCA_030858155.1	Bacteria	B69_L056	class	Gammaproteobacteria	/phylum:Pseudomonadota/class:Gammaproteobacteria
NEE60_G_02418	desert2025__GCA_030859015.1	Bacteria	B69_L056	class	Gammaproteobacteria	/phylum:Pseudomonadota/class:Gammaproteobacteria
NEE60_G_02427	desert2025__GCA_030859305.1	Bacteria	B69_L056	class	Gammaproteobacteria	/phylum:Pseudomonadota/class:Gammaproteobacteria
NEE60_G_02440	desert2025__GCA_030859565.1	Bacteria	B69_L056	class	Gammaproteobacteria	/phylum:Pseudomonadota/class:Gammaproteobacteria
NEE60_G_02476	desert2025__GCA_030860405.1	Bacteria	B69_L056	class	Gammaproteobacteria	/phylum:Pseudomonadota/class:Gammaproteobacteria
NEE60_G_02480	desert2025__GCA_030860485.1	Bacteria	B69_L056	class	Gammaproteobacteria	/phylum:Pseudomonadota/class:Gammaproteobacteria
NEE60_G_02495	desert2025__GCA_030860835.1	Bacteria	B69_L056	class	Gammaproteobacteria	/phylum:Pseudomonadota/class:Gammaproteobacteria
NEE60_G_02535	desert2025__GCA_030861805.1	Bacteria	B69_L056	class	Gammaproteobacteria	/phylum:Pseudomonadota/class:Gammaproteobacteria
NEE60_G_02614	desert2025__GCA_030913725.1	Bacteria	B69_L056	class	Gammaproteobacteria	/phylum:Pseudomonadota/class:Gammaproteobacteria
NEE60_G_02660	desert2025__GCA_030946805.1	Bacteria	B69_L056	class	Gammaproteobacteria	/phylum:Pseudomonadota/class:Gammaproteobacteria
NEE60_G_02663	desert2025__GCA_030946855.1	Bacteria	B69_L056	class	Gammaproteobacteria	/phylum:Pseudomonadota/class:Gammaproteobacteria
NEE60_G_02664	desert2025__GCA_030946875.1	Bacteria	B69_L056	class	Gammaproteobacteria	/phylum:Pseudomonadota/class:Gammaproteobacteria
NEE60_G_02666	desert2025__GCA_030946925.1	Bacteria	B69_L056	class	Gammaproteobacteria	/phylum:Pseudomonadota/class:Gammaproteobacteria
NEE60_G_02673	desert2025__GCA_030947085.1	Bacteria	B69_L056	class	Gammaproteobacteria	/phylum:Pseudomonadota/class:Gammaproteobacteria
NEE60_G_02675	desert2025__GCA_030947115.1	Bacteria	B69_L056	class	Gammaproteobacteria	/phylum:Pseudomonadota/class:Gammaproteobacteria
NEE60_G_02695	desert2025__GCA_030947845.1	Bacteria	B69_L056	class	Gammaproteobacteria	/phylum:Pseudomonadota/class:Gammaproteobacteria
NEE60_G_02707	desert2025__GCA_030948305.1	Bacteria	B69_L056	class	Gammaproteobacteria	/phylum:Pseudomonadota/class:Gammaproteobacteria
NEE60_G_02710	desert2025__GCA_030948365.1	Bacteria	B69_L056	class	Gammaproteobacteria	/phylum:Pseudomonadota/class:Gammaproteobacteria
NEE60_G_02746	qaidam_basin_mmag_1773_AKQ1bin15	Bacteria	B69_L056	class	Gammaproteobacteria	/phylum:Pseudomonadota/class:Gammaproteobacteria
NEE60_G_02750	qaidam_basin_mmag_1773_AKQ1bin23	Bacteria	B69_L056	class	Gammaproteobacteria	/phylum:Pseudomonadota/class:Gammaproteobacteria
NEE60_G_02756	qaidam_basin_mmag_1773_AKQ1bin36	Bacteria	B69_L056	class	Gammaproteobacteria	/phylum:Pseudomonadota/class:Gammaproteobacteria
NEE60_G_02757	qaidam_basin_mmag_1773_AKQ1bin39	Bacteria	B69_L056	class	Gammaproteobacteria	/phylum:Pseudomonadota/class:Gammaproteobacteria
NEE60_G_02772	qaidam_basin_mmag_1773_AKQ2bin19	Bacteria	B69_L056	class	Gammaproteobacteria	/phylum:Pseudomonadota/class:Gammaproteobacteria
NEE60_G_02774	qaidam_basin_mmag_1773_AKQ2bin24	Bacteria	B69_L056	class	Gammaproteobacteria	/phylum:Pseudomonadota/class:Gammaproteobacteria
NEE60_G_02777	qaidam_basin_mmag_1773_AKQ2bin35	Bacteria	B69_L056	class	Gammaproteobacteria	/phylum:Pseudomonadota/class:Gammaproteobacteria
NEE60_G_02778	qaidam_basin_mmag_1773_AKQ2bin36	Bacteria	B69_L056	class	Gammaproteobacteria	/phylum:Pseudomonadota/class:Gammaproteobacteria
NEE60_G_02783	qaidam_basin_mmag_1773_AKQ2bin54	Bacteria	B69_L056	class	Gammaproteobacteria	/phylum:Pseudomonadota/class:Gammaproteobacteria
NEE60_G_02787	qaidam_basin_mmag_1773_AKQ2bin69	Bacteria	B69_L056	class	Gammaproteobacteria	/phylum:Pseudomonadota/class:Gammaproteobacteria
NEE60_G_02788	qaidam_basin_mmag_1773_AKQ2bin70	Bacteria	B69_L056	class	Gammaproteobacteria	/phylum:Pseudomonadota/class:Gammaproteobacteria
NEE60_G_02789	qaidam_basin_mmag_1773_AKQ2bin71	Bacteria	B69_L056	class	Gammaproteobacteria	/phylum:Pseudomonadota/class:Gammaproteobacteria
NEE60_G_02791	qaidam_basin_mmag_1773_AKQ2bin78	Bacteria	B69_L056	class	Gammaproteobacteria	/phylum:Pseudomonadota/class:Gammaproteobacteria
NEE60_G_02792	qaidam_basin_mmag_1773_AKQ2bin79	Bacteria	B69_L056	class	Gammaproteobacteria	/phylum:Pseudomonadota/class:Gammaproteobacteria
NEE60_G_02794	qaidam_basin_mmag_1773_AKQ2bin80	Bacteria	B69_L056	class	Gammaproteobacteria	/phylum:Pseudomonadota/class:Gammaproteobacteria
NEE60_G_02795	qaidam_basin_mmag_1773_AKQ3bin10	Bacteria	B69_L056	class	Gammaproteobacteria	/phylum:Pseudomonadota/class:Gammaproteobacteria
NEE60_G_02797	qaidam_basin_mmag_1773_AKQ3bin14	Bacteria	B69_L056	class	Gammaproteobacteria	/phylum:Pseudomonadota/class:Gammaproteobacteria
NEE60_G_02798	qaidam_basin_mmag_1773_AKQ3bin15	Bacteria	B69_L056	class	Gammaproteobacteria	/phylum:Pseudomonadota/class:Gammaproteobacteria
NEE60_G_02799	qaidam_basin_mmag_1773_AKQ3bin16	Bacteria	B69_L056	class	Gammaproteobacteria	/phylum:Pseudomonadota/class:Gammaproteobacteria
NEE60_G_02800	qaidam_basin_mmag_1773_AKQ3bin17	Bacteria	B69_L056	class	Gammaproteobacteria	/phylum:Pseudomonadota/class:Gammaproteobacteria
NEE60_G_02801	qaidam_basin_mmag_1773_AKQ3bin18	Bacteria	B69_L056	class	Gammaproteobacteria	/phylum:Pseudomonadota/class:Gammaproteobacteria
NEE60_G_02802	qaidam_basin_mmag_1773_AKQ3bin19	Bacteria	B69_L056	class	Gammaproteobacteria	/phylum:Pseudomonadota/class:Gammaproteobacteria
NEE60_G_02805	qaidam_basin_mmag_1773_AKQ3bin27	Bacteria	B69_L056	class	Gammaproteobacteria	/phylum:Pseudomonadota/class:Gammaproteobacteria
NEE60_G_02812	qaidam_basin_mmag_1773_AKQ3bin38	Bacteria	B69_L056	class	Gammaproteobacteria	/phylum:Pseudomonadota/class:Gammaproteobacteria
NEE60_G_02819	qaidam_basin_mmag_1773_AKQ3bin5	Bacteria	B69_L056	class	Gammaproteobacteria	/phylum:Pseudomonadota/class:Gammaproteobacteria
NEE60_G_02820	qaidam_basin_mmag_1773_AKQ3bin51	Bacteria	B69_L056	class	Gammaproteobacteria	/phylum:Pseudomonadota/class:Gammaproteobacteria
NEE60_G_02823	qaidam_basin_mmag_1773_AKQ3bin56	Bacteria	B69_L056	class	Gammaproteobacteria	/phylum:Pseudomonadota/class:Gammaproteobacteria
NEE60_G_02828	qaidam_basin_mmag_1773_AKQ3bin75	Bacteria	B69_L056	class	Gammaproteobacteria	/phylum:Pseudomonadota/class:Gammaproteobacteria
NEE60_G_02829	qaidam_basin_mmag_1773_AKQ3bin77	Bacteria	B69_L056	class	Gammaproteobacteria	/phylum:Pseudomonadota/class:Gammaproteobacteria
NEE60_G_02830	qaidam_basin_mmag_1773_AKQ3bin79	Bacteria	B69_L056	class	Gammaproteobacteria	/phylum:Pseudomonadota/class:Gammaproteobacteria
NEE60_G_02833	qaidam_basin_mmag_1773_AKQ3bin89	Bacteria	B69_L056	class	Gammaproteobacteria	/phylum:Pseudomonadota/class:Gammaproteobacteria
NEE60_G_02834	qaidam_basin_mmag_1773_AKQ3bin90	Bacteria	B69_L056	class	Gammaproteobacteria	/phylum:Pseudomonadota/class:Gammaproteobacteria
NEE60_G_02836	qaidam_basin_mmag_1773_CG2021bin15	Bacteria	B69_L056	class	Gammaproteobacteria	/phylum:Pseudomonadota/class:Gammaproteobacteria
NEE60_G_02843	qaidam_basin_mmag_1773_CG2021bin24	Bacteria	B69_L056	class	Gammaproteobacteria	/phylum:Pseudomonadota/class:Gammaproteobacteria
NEE60_G_02866	qaidam_basin_mmag_1773_CHGGbin27	Bacteria	B69_L056	class	Gammaproteobacteria	/phylum:Pseudomonadota/class:Gammaproteobacteria
NEE60_G_02871	qaidam_basin_mmag_1773_CHGGbin31	Bacteria	B69_L056	class	Gammaproteobacteria	/phylum:Pseudomonadota/class:Gammaproteobacteria
NEE60_G_02987	qaidam_basin_mmag_1773_CJ0912_15_20bin32	Bacteria	B69_L056	class	Gammaproteobacteria	/phylum:Pseudomonadota/class:Gammaproteobacteria
NEE60_G_03022	qaidam_basin_mmag_1773_CJ0912_30_35bin11	Bacteria	B69_L056	class	Gammaproteobacteria	/phylum:Pseudomonadota/class:Gammaproteobacteria
NEE60_G_03025	qaidam_basin_mmag_1773_CJ0912_30_35bin23	Bacteria	B69_L056	class	Gammaproteobacteria	/phylum:Pseudomonadota/class:Gammaproteobacteria
NEE60_G_03046	qaidam_basin_mmag_1773_CJ0912_30_35bin51	Bacteria	B69_L056	class	Gammaproteobacteria	/phylum:Pseudomonadota/class:Gammaproteobacteria
NEE60_G_03086	qaidam_basin_mmag_1773_CJ0912_40_45bin24	Bacteria	B69_L056	class	Gammaproteobacteria	/phylum:Pseudomonadota/class:Gammaproteobacteria
NEE60_G_03107	qaidam_basin_mmag_1773_CJ0912_40_45bin8	Bacteria	B69_L056	class	Gammaproteobacteria	/phylum:Pseudomonadota/class:Gammaproteobacteria
NEE60_G_03109	qaidam_basin_mmag_1773_CJ0912_45_50bin10	Bacteria	B69_L056	class	Gammaproteobacteria	/phylum:Pseudomonadota/class:Gammaproteobacteria
NEE60_G_03135	qaidam_basin_mmag_1773_CJ0912_5_10bin43	Bacteria	B69_L056	class	Gammaproteobacteria	/phylum:Pseudomonadota/class:Gammaproteobacteria
NEE60_G_03141	qaidam_basin_mmag_1773_CJ0912_5_10bin6	Bacteria	B69_L056	class	Gammaproteobacteria	/phylum:Pseudomonadota/class:Gammaproteobacteria
NEE60_G_03186	qaidam_basin_mmag_1773_DLTCJS0_5bin56	Bacteria	B69_L056	class	Gammaproteobacteria	/phylum:Pseudomonadota/class:Gammaproteobacteria
NEE60_G_03194	qaidam_basin_mmag_1773_DLTCJS10_15bin24	Bacteria	B69_L056	class	Gammaproteobacteria	/phylum:Pseudomonadota/class:Gammaproteobacteria
NEE60_G_03195	qaidam_basin_mmag_1773_DLTCJS10_15bin27	Bacteria	B69_L056	class	Gammaproteobacteria	/phylum:Pseudomonadota/class:Gammaproteobacteria
NEE60_G_03202	qaidam_basin_mmag_1773_DLTCJS10_15bin40	Bacteria	B69_L056	class	Gammaproteobacteria	/phylum:Pseudomonadota/class:Gammaproteobacteria
NEE60_G_03206	qaidam_basin_mmag_1773_DLTCJS10_15bin58	Bacteria	B69_L056	class	Gammaproteobacteria	/phylum:Pseudomonadota/class:Gammaproteobacteria
NEE60_G_03208	qaidam_basin_mmag_1773_DLTCJS10_15bin60	Bacteria	B69_L056	class	Gammaproteobacteria	/phylum:Pseudomonadota/class:Gammaproteobacteria
NEE60_G_03209	qaidam_basin_mmag_1773_DLTCJS10_15bin62	Bacteria	B69_L056	class	Gammaproteobacteria	/phylum:Pseudomonadota/class:Gammaproteobacteria
NEE60_G_03212	qaidam_basin_mmag_1773_DLTCJS10_15bin71	Bacteria	B69_L056	class	Gammaproteobacteria	/phylum:Pseudomonadota/class:Gammaproteobacteria
NEE60_G_03213	qaidam_basin_mmag_1773_DLTCJS10_15bin73	Bacteria	B69_L056	class	Gammaproteobacteria	/phylum:Pseudomonadota/class:Gammaproteobacteria
NEE60_G_03216	qaidam_basin_mmag_1773_DLTCJS10_15bin81	Bacteria	B69_L056	class	Gammaproteobacteria	/phylum:Pseudomonadota/class:Gammaproteobacteria
NEE60_G_03225	qaidam_basin_mmag_1773_DLTCJS15_20bin51	Bacteria	B69_L056	class	Gammaproteobacteria	/phylum:Pseudomonadota/class:Gammaproteobacteria
NEE60_G_03227	qaidam_basin_mmag_1773_DLTCJS15_20bin55	Bacteria	B69_L056	class	Gammaproteobacteria	/phylum:Pseudomonadota/class:Gammaproteobacteria
NEE60_G_03234	qaidam_basin_mmag_1773_DLTCJS15_20bin79	Bacteria	B69_L056	class	Gammaproteobacteria	/phylum:Pseudomonadota/class:Gammaproteobacteria
NEE60_G_03242	qaidam_basin_mmag_1773_DLTCJS20_25bin25	Bacteria	B69_L056	class	Gammaproteobacteria	/phylum:Pseudomonadota/class:Gammaproteobacteria
NEE60_G_03248	qaidam_basin_mmag_1773_DLTCJS20_25bin32	Bacteria	B69_L056	class	Gammaproteobacteria	/phylum:Pseudomonadota/class:Gammaproteobacteria
NEE60_G_03250	qaidam_basin_mmag_1773_DLTCJS20_25bin4	Bacteria	B69_L056	class	Gammaproteobacteria	/phylum:Pseudomonadota/class:Gammaproteobacteria
NEE60_G_03252	qaidam_basin_mmag_1773_DLTCJS20_25bin45	Bacteria	B69_L056	class	Gammaproteobacteria	/phylum:Pseudomonadota/class:Gammaproteobacteria
NEE60_G_03267	qaidam_basin_mmag_1773_DLTCJS20_25bin83	Bacteria	B69_L056	class	Gammaproteobacteria	/phylum:Pseudomonadota/class:Gammaproteobacteria
NEE60_G_03274	qaidam_basin_mmag_1773_DLTCJS25_30bin16	Bacteria	B69_L056	class	Gammaproteobacteria	/phylum:Pseudomonadota/class:Gammaproteobacteria
NEE60_G_03277	qaidam_basin_mmag_1773_DLTCJS25_30bin24	Bacteria	B69_L056	class	Gammaproteobacteria	/phylum:Pseudomonadota/class:Gammaproteobacteria
NEE60_G_03278	qaidam_basin_mmag_1773_DLTCJS25_30bin25	Bacteria	B69_L056	class	Gammaproteobacteria	/phylum:Pseudomonadota/class:Gammaproteobacteria
NEE60_G_03282	qaidam_basin_mmag_1773_DLTCJS25_30bin32	Bacteria	B69_L056	class	Gammaproteobacteria	/phylum:Pseudomonadota/class:Gammaproteobacteria
NEE60_G_03302	qaidam_basin_mmag_1773_DLTCJS25_30bin57	Bacteria	B69_L056	class	Gammaproteobacteria	/phylum:Pseudomonadota/class:Gammaproteobacteria
NEE60_G_03304	qaidam_basin_mmag_1773_DLTCJS25_30bin6	Bacteria	B69_L056	class	Gammaproteobacteria	/phylum:Pseudomonadota/class:Gammaproteobacteria
NEE60_G_03320	qaidam_basin_mmag_1773_DLTCJS5_10bin25	Bacteria	B69_L056	class	Gammaproteobacteria	/phylum:Pseudomonadota/class:Gammaproteobacteria
NEE60_G_03322	qaidam_basin_mmag_1773_DLTCJS5_10bin39	Bacteria	B69_L056	class	Gammaproteobacteria	/phylum:Pseudomonadota/class:Gammaproteobacteria
NEE60_G_03327	qaidam_basin_mmag_1773_DLTCJS5_10bin51	Bacteria	B69_L056	class	Gammaproteobacteria	/phylum:Pseudomonadota/class:Gammaproteobacteria
NEE60_G_03330	qaidam_basin_mmag_1773_DLTCJS5_10bin76	Bacteria	B69_L056	class	Gammaproteobacteria	/phylum:Pseudomonadota/class:Gammaproteobacteria
NEE60_G_03332	qaidam_basin_mmag_1773_DLTFbin14	Bacteria	B69_L056	class	Gammaproteobacteria	/phylum:Pseudomonadota/class:Gammaproteobacteria
NEE60_G_03334	qaidam_basin_mmag_1773_DLTFbin24	Bacteria	B69_L056	class	Gammaproteobacteria	/phylum:Pseudomonadota/class:Gammaproteobacteria
NEE60_G_03335	qaidam_basin_mmag_1773_DLTFbin26	Bacteria	B69_L056	class	Gammaproteobacteria	/phylum:Pseudomonadota/class:Gammaproteobacteria
NEE60_G_03340	qaidam_basin_mmag_1773_DLTFbin44	Bacteria	B69_L056	class	Gammaproteobacteria	/phylum:Pseudomonadota/class:Gammaproteobacteria
NEE60_G_03351	qaidam_basin_mmag_1773_DLTSQ0_15bin12	Bacteria	B69_L056	class	Gammaproteobacteria	/phylum:Pseudomonadota/class:Gammaproteobacteria
NEE60_G_03352	qaidam_basin_mmag_1773_DLTSQ0_15bin13	Bacteria	B69_L056	class	Gammaproteobacteria	/phylum:Pseudomonadota/class:Gammaproteobacteria
NEE60_G_03354	qaidam_basin_mmag_1773_DLTSQ0_15bin15	Bacteria	B69_L056	class	Gammaproteobacteria	/phylum:Pseudomonadota/class:Gammaproteobacteria
NEE60_G_03360	qaidam_basin_mmag_1773_DLTSQ0_15bin25	Bacteria	B69_L056	class	Gammaproteobacteria	/phylum:Pseudomonadota/class:Gammaproteobacteria
NEE60_G_03363	qaidam_basin_mmag_1773_DLTSQ0_15bin29	Bacteria	B69_L056	class	Gammaproteobacteria	/phylum:Pseudomonadota/class:Gammaproteobacteria
NEE60_G_03364	qaidam_basin_mmag_1773_DLTSQ0_15bin30	Bacteria	B69_L056	class	Gammaproteobacteria	/phylum:Pseudomonadota/class:Gammaproteobacteria
NEE60_G_03367	qaidam_basin_mmag_1773_DLTSQ0_15bin36	Bacteria	B69_L056	class	Gammaproteobacteria	/phylum:Pseudomonadota/class:Gammaproteobacteria
NEE60_G_03368	qaidam_basin_mmag_1773_DLTSQ0_15bin37	Bacteria	B69_L056	class	Gammaproteobacteria	/phylum:Pseudomonadota/class:Gammaproteobacteria
NEE60_G_03390	qaidam_basin_mmag_1773_DLTSQ0_15bin8	Bacteria	B69_L056	class	Gammaproteobacteria	/phylum:Pseudomonadota/class:Gammaproteobacteria
NEE60_G_03415	qaidam_basin_mmag_1773_DLTSQ20_25bin14	Bacteria	B69_L056	class	Gammaproteobacteria	/phylum:Pseudomonadota/class:Gammaproteobacteria
NEE60_G_03423	qaidam_basin_mmag_1773_DLTSQ20_25bin25	Bacteria	B69_L056	class	Gammaproteobacteria	/phylum:Pseudomonadota/class:Gammaproteobacteria
NEE60_G_03425	qaidam_basin_mmag_1773_DLTSQ20_25bin28	Bacteria	B69_L056	class	Gammaproteobacteria	/phylum:Pseudomonadota/class:Gammaproteobacteria
NEE60_G_03437	qaidam_basin_mmag_1773_DLTSQ20_25bin66	Bacteria	B69_L056	class	Gammaproteobacteria	/phylum:Pseudomonadota/class:Gammaproteobacteria
NEE60_G_03473	qaidam_basin_mmag_1773_FCHGbin21	Bacteria	B69_L056	class	Gammaproteobacteria	/phylum:Pseudomonadota/class:Gammaproteobacteria
NEE60_G_03479	qaidam_basin_mmag_1773_FCHGbin29	Bacteria	B69_L056	class	Gammaproteobacteria	/phylum:Pseudomonadota/class:Gammaproteobacteria
NEE60_G_03481	qaidam_basin_mmag_1773_FCHGbin30	Bacteria	B69_L056	class	Gammaproteobacteria	/phylum:Pseudomonadota/class:Gammaproteobacteria
NEE60_G_03492	qaidam_basin_mmag_1773_FCHGbin45	Bacteria	B69_L056	class	Gammaproteobacteria	/phylum:Pseudomonadota/class:Gammaproteobacteria
NEE60_G_03495	qaidam_basin_mmag_1773_FCHGbin5	Bacteria	B69_L056	class	Gammaproteobacteria	/phylum:Pseudomonadota/class:Gammaproteobacteria
NEE60_G_03527	qaidam_basin_mmag_1773_L_0707_10_15bin39	Bacteria	B69_L056	class	Gammaproteobacteria	/phylum:Pseudomonadota/class:Gammaproteobacteria
NEE60_G_03538	qaidam_basin_mmag_1773_L_0707_10_15bin52	Bacteria	B69_L056	class	Gammaproteobacteria	/phylum:Pseudomonadota/class:Gammaproteobacteria
NEE60_G_03559	qaidam_basin_mmag_1773_L_0707_10_15bin76	Bacteria	B69_L056	class	Gammaproteobacteria	/phylum:Pseudomonadota/class:Gammaproteobacteria
NEE60_G_03666	qaidam_basin_mmag_1773_L_0707_40_50bin12	Bacteria	B69_L056	class	Gammaproteobacteria	/phylum:Pseudomonadota/class:Gammaproteobacteria
NEE60_G_03676	qaidam_basin_mmag_1773_L_0707_40_50bin23	Bacteria	B69_L056	class	Gammaproteobacteria	/phylum:Pseudomonadota/class:Gammaproteobacteria
NEE60_G_03717	qaidam_basin_mmag_1773_L_0707_40_50bin64	Bacteria	B69_L056	class	Gammaproteobacteria	/phylum:Pseudomonadota/class:Gammaproteobacteria
NEE60_G_03732	qaidam_basin_mmag_1773_L_0712_20_25bin15	Bacteria	B69_L056	class	Gammaproteobacteria	/phylum:Pseudomonadota/class:Gammaproteobacteria
NEE60_G_03744	qaidam_basin_mmag_1773_L_0712_20_25bin28	Bacteria	B69_L056	class	Gammaproteobacteria	/phylum:Pseudomonadota/class:Gammaproteobacteria
NEE60_G_03745	qaidam_basin_mmag_1773_L_0712_20_25bin3	Bacteria	B69_L056	class	Gammaproteobacteria	/phylum:Pseudomonadota/class:Gammaproteobacteria
NEE60_G_03747	qaidam_basin_mmag_1773_L_0712_20_25bin31	Bacteria	B69_L056	class	Gammaproteobacteria	/phylum:Pseudomonadota/class:Gammaproteobacteria
NEE60_G_03757	qaidam_basin_mmag_1773_L_0712_20_25bin44	Bacteria	B69_L056	class	Gammaproteobacteria	/phylum:Pseudomonadota/class:Gammaproteobacteria
NEE60_G_03766	qaidam_basin_mmag_1773_L_0712_20_25bin55	Bacteria	B69_L056	class	Gammaproteobacteria	/phylum:Pseudomonadota/class:Gammaproteobacteria
NEE60_G_03772	qaidam_basin_mmag_1773_L_0712_20_25bin61	Bacteria	B69_L056	class	Gammaproteobacteria	/phylum:Pseudomonadota/class:Gammaproteobacteria
NEE60_G_03773	qaidam_basin_mmag_1773_L_0712_20_25bin62	Bacteria	B69_L056	class	Gammaproteobacteria	/phylum:Pseudomonadota/class:Gammaproteobacteria
NEE60_G_03776	qaidam_basin_mmag_1773_L_0712_20_25bin66	Bacteria	B69_L056	class	Gammaproteobacteria	/phylum:Pseudomonadota/class:Gammaproteobacteria
NEE60_G_03778	qaidam_basin_mmag_1773_L_0712_20_25bin69	Bacteria	B69_L056	class	Gammaproteobacteria	/phylum:Pseudomonadota/class:Gammaproteobacteria
NEE60_G_03780	qaidam_basin_mmag_1773_L_0712_20_25bin9	Bacteria	B69_L056	class	Gammaproteobacteria	/phylum:Pseudomonadota/class:Gammaproteobacteria
NEE60_G_03781	qaidam_basin_mmag_1773_L_21_AKQ_4bin10	Bacteria	B69_L056	class	Gammaproteobacteria	/phylum:Pseudomonadota/class:Gammaproteobacteria
NEE60_G_03785	qaidam_basin_mmag_1773_L_21_AKQ_4bin17	Bacteria	B69_L056	class	Gammaproteobacteria	/phylum:Pseudomonadota/class:Gammaproteobacteria
NEE60_G_03787	qaidam_basin_mmag_1773_L_21_AKQ_4bin20	Bacteria	B69_L056	class	Gammaproteobacteria	/phylum:Pseudomonadota/class:Gammaproteobacteria
NEE60_G_03796	qaidam_basin_mmag_1773_L_21_AKQ_4bin33	Bacteria	B69_L056	class	Gammaproteobacteria	/phylum:Pseudomonadota/class:Gammaproteobacteria
NEE60_G_03802	qaidam_basin_mmag_1773_L_21_AKQ_4bin45	Bacteria	B69_L056	class	Gammaproteobacteria	/phylum:Pseudomonadota/class:Gammaproteobacteria
NEE60_G_03808	qaidam_basin_mmag_1773_L_21_AKQ_4bin56	Bacteria	B69_L056	class	Gammaproteobacteria	/phylum:Pseudomonadota/class:Gammaproteobacteria
NEE60_G_03810	qaidam_basin_mmag_1773_L_21_AKQ_4bin58	Bacteria	B69_L056	class	Gammaproteobacteria	/phylum:Pseudomonadota/class:Gammaproteobacteria
NEE60_G_03811	qaidam_basin_mmag_1773_L_21_AKQ_4bin59	Bacteria	B69_L056	class	Gammaproteobacteria	/phylum:Pseudomonadota/class:Gammaproteobacteria
NEE60_G_03813	qaidam_basin_mmag_1773_L_21_AKQ_4bin60	Bacteria	B69_L056	class	Gammaproteobacteria	/phylum:Pseudomonadota/class:Gammaproteobacteria
NEE60_G_03817	qaidam_basin_mmag_1773_L_21_AKQ_4bin66	Bacteria	B69_L056	class	Gammaproteobacteria	/phylum:Pseudomonadota/class:Gammaproteobacteria
NEE60_G_03819	qaidam_basin_mmag_1773_L_21_AKQ_4bin69	Bacteria	B69_L056	class	Gammaproteobacteria	/phylum:Pseudomonadota/class:Gammaproteobacteria
NEE60_G_03843	qaidam_basin_mmag_1773_NSL0_5_2bin25	Bacteria	B69_L056	class	Gammaproteobacteria	/phylum:Pseudomonadota/class:Gammaproteobacteria
NEE60_G_03847	qaidam_basin_mmag_1773_NSL0_5_2bin30	Bacteria	B69_L056	class	Gammaproteobacteria	/phylum:Pseudomonadota/class:Gammaproteobacteria
NEE60_G_03894	qaidam_basin_mmag_1773_NSL20_25bin6	Bacteria	B69_L056	class	Gammaproteobacteria	/phylum:Pseudomonadota/class:Gammaproteobacteria
NEE60_G_03901	qaidam_basin_mmag_1773_NSL25_30bin16	Bacteria	B69_L056	class	Gammaproteobacteria	/phylum:Pseudomonadota/class:Gammaproteobacteria
NEE60_G_04041	qaidam_basin_mmag_1773_S305CJS_Drybin17	Bacteria	B69_L056	class	Gammaproteobacteria	/phylum:Pseudomonadota/class:Gammaproteobacteria
NEE60_G_04045	qaidam_basin_mmag_1773_S305CJS_Drybin21	Bacteria	B69_L056	class	Gammaproteobacteria	/phylum:Pseudomonadota/class:Gammaproteobacteria
NEE60_G_04048	qaidam_basin_mmag_1773_S305CJS_Drybin4	Bacteria	B69_L056	class	Gammaproteobacteria	/phylum:Pseudomonadota/class:Gammaproteobacteria
NEE60_G_04054	qaidam_basin_mmag_1773_S305CJS_Wetbin11	Bacteria	B69_L056	class	Gammaproteobacteria	/phylum:Pseudomonadota/class:Gammaproteobacteria
NEE60_G_04055	qaidam_basin_mmag_1773_S305CJS_Wetbin12	Bacteria	B69_L056	class	Gammaproteobacteria	/phylum:Pseudomonadota/class:Gammaproteobacteria
NEE60_G_04060	qaidam_basin_mmag_1773_S305CJS_Wetbin17	Bacteria	B69_L056	class	Gammaproteobacteria	/phylum:Pseudomonadota/class:Gammaproteobacteria
NEE60_G_04064	qaidam_basin_mmag_1773_S305CJS_Wetbin20	Bacteria	B69_L056	class	Gammaproteobacteria	/phylum:Pseudomonadota/class:Gammaproteobacteria
NEE60_G_04068	qaidam_basin_mmag_1773_S305CJS_Wetbin26	Bacteria	B69_L056	class	Gammaproteobacteria	/phylum:Pseudomonadota/class:Gammaproteobacteria
NEE60_G_04069	qaidam_basin_mmag_1773_S305CJS_Wetbin27	Bacteria	B69_L056	class	Gammaproteobacteria	/phylum:Pseudomonadota/class:Gammaproteobacteria
NEE60_G_04074	qaidam_basin_mmag_1773_S305CJS_Wetbin31	Bacteria	B69_L056	class	Gammaproteobacteria	/phylum:Pseudomonadota/class:Gammaproteobacteria
NEE60_G_04076	qaidam_basin_mmag_1773_S305CJS_Wetbin34	Bacteria	B69_L056	class	Gammaproteobacteria	/phylum:Pseudomonadota/class:Gammaproteobacteria
NEE60_G_04078	qaidam_basin_mmag_1773_S305CJS_Wetbin36	Bacteria	B69_L056	class	Gammaproteobacteria	/phylum:Pseudomonadota/class:Gammaproteobacteria
NEE60_G_04082	qaidam_basin_mmag_1773_S305CJS_Wetbin6	Bacteria	B69_L056	class	Gammaproteobacteria	/phylum:Pseudomonadota/class:Gammaproteobacteria
NEE60_G_04166	stordalen_mire_2019_hybrid_mags_cmr2.MA.201907_P_1_1to5_1.fna	Bacteria	B69_L056	class	Gammaproteobacteria	/phylum:Pseudomonadota/class:Gammaproteobacteria
NEE60_G_04167	stordalen_mire_2019_hybrid_mags_cmr2.MA.201907_P_1_1to5_10.fna	Bacteria	B69_L056	class	Gammaproteobacteria	/phylum:Pseudomonadota/class:Gammaproteobacteria
NEE60_G_04170	stordalen_mire_2019_hybrid_mags_cmr2.MA.201907_P_1_1to5_16.fna	Bacteria	B69_L056	class	Gammaproteobacteria	/phylum:Pseudomonadota/class:Gammaproteobacteria
NEE60_G_04174	stordalen_mire_2019_hybrid_mags_cmr2.MA.201907_P_1_1to5_25.fna	Bacteria	B69_L056	class	Gammaproteobacteria	/phylum:Pseudomonadota/class:Gammaproteobacteria
NEE60_G_04230	stordalen_mire_2019_hybrid_mags_cmr2.MA.201907_S_1_1to5_15.fna	Bacteria	B69_L056	class	Gammaproteobacteria	/phylum:Pseudomonadota/class:Gammaproteobacteria
NEE60_G_04281	stordalen_mire_2019_hybrid_mags_cmr2.MA.201907_S_1_20to24_64.fna	Bacteria	B69_L056	class	Gammaproteobacteria	/phylum:Pseudomonadota/class:Gammaproteobacteria
NEE60_G_04299	stordalen_mire_2019_hybrid_mags_cmr5.MA.201907_P_1_1to5_2.fna	Bacteria	B69_L056	class	Gammaproteobacteria	/phylum:Pseudomonadota/class:Gammaproteobacteria
NEE60_G_04304	stordalen_mire_2019_hybrid_mags_cmr5.MA.201907_P_1_1to5_28.fna	Bacteria	B69_L056	class	Gammaproteobacteria	/phylum:Pseudomonadota/class:Gammaproteobacteria
NEE60_G_04311	stordalen_mire_2019_hybrid_mags_cmr5.MA.201907_P_1_1to5_37.fna	Bacteria	B69_L056	class	Gammaproteobacteria	/phylum:Pseudomonadota/class:Gammaproteobacteria
NEE60_G_04314	stordalen_mire_2019_hybrid_mags_cmr5.MA.201907_P_1_1to5_40.fna	Bacteria	B69_L056	class	Gammaproteobacteria	/phylum:Pseudomonadota/class:Gammaproteobacteria
NEE60_G_04322	stordalen_mire_2019_hybrid_mags_cmr5.MA.201907_P_1_20to24_13.fna	Bacteria	B69_L056	class	Gammaproteobacteria	/phylum:Pseudomonadota/class:Gammaproteobacteria
NEE60_G_04333	stordalen_mire_2019_hybrid_mags_cmr5.MA.201907_S_1_1to5_17.fna	Bacteria	B69_L056	class	Gammaproteobacteria	/phylum:Pseudomonadota/class:Gammaproteobacteria
NEE60_G_04336	stordalen_mire_2019_hybrid_mags_cmr5.MA.201907_S_1_1to5_5.fna	Bacteria	B69_L056	class	Gammaproteobacteria	/phylum:Pseudomonadota/class:Gammaproteobacteria
NEE60_G_04364	stordalen_mire_2019_hybrid_mags_cmr6.MA.201907_E_1_1to5_7.fna	Bacteria	B69_L056	class	Gammaproteobacteria	/phylum:Pseudomonadota/class:Gammaproteobacteria
NEE60_G_04411	stordalen_mire_2019_hybrid_mags_cmr6.MA.201907_P_1_1to5_22.fna	Bacteria	B69_L056	class	Gammaproteobacteria	/phylum:Pseudomonadota/class:Gammaproteobacteria
NEE60_G_04416	stordalen_mire_2019_hybrid_mags_cmr6.MA.201907_P_1_1to5_33.fna	Bacteria	B69_L056	class	Gammaproteobacteria	/phylum:Pseudomonadota/class:Gammaproteobacteria
NEE60_G_04440	stordalen_mire_2019_hybrid_mags_cmr6.MA.201907_P_1_20to24_5.fna	Bacteria	B69_L056	class	Gammaproteobacteria	/phylum:Pseudomonadota/class:Gammaproteobacteria
NEE60_G_04443	stordalen_mire_2019_hybrid_mags_cmr6.MA.201907_S_1_1to5_1.fna	Bacteria	B69_L056	class	Gammaproteobacteria	/phylum:Pseudomonadota/class:Gammaproteobacteria
NEE60_G_04450	stordalen_mire_2019_hybrid_mags_cmr6.MA.201907_S_1_1to5_27.fna	Bacteria	B69_L056	class	Gammaproteobacteria	/phylum:Pseudomonadota/class:Gammaproteobacteria
NEE60_G_04454	stordalen_mire_2019_hybrid_mags_cmr6.MA.201907_S_1_1to5_34.fna	Bacteria	B69_L056	class	Gammaproteobacteria	/phylum:Pseudomonadota/class:Gammaproteobacteria
NEE60_G_04465	stordalen_mire_2019_hybrid_mags_cmr6.MA.201907_S_1_20to24_17.fna	Bacteria	B69_L056	class	Gammaproteobacteria	/phylum:Pseudomonadota/class:Gammaproteobacteria
NEE60_G_04476	stordalen_mire_2019_hybrid_mags_cmr6.MA.201907_S_1_20to24_57.fna	Bacteria	B69_L056	class	Gammaproteobacteria	/phylum:Pseudomonadota/class:Gammaproteobacteria
NEE60_G_03805	qaidam_basin_mmag_1773_L_21_AKQ_4bin50	Bacteria	B69_L057	class	Zetaproteobacteria	/phylum:Pseudomonadota/class:Zetaproteobacteria
NEE60_G_03809	qaidam_basin_mmag_1773_L_21_AKQ_4bin57	Bacteria	B69_L057	class	Zetaproteobacteria	/phylum:Pseudomonadota/class:Zetaproteobacteria
NEE60_G_00040	GCA_046260575.1	Bacteria	B69_L058	phylum	Spirochaetota	/phylum:Spirochaetota
NEE60_G_03793	qaidam_basin_mmag_1773_L_21_AKQ_4bin29	Bacteria	B69_L058	phylum	Spirochaetota	/phylum:Spirochaetota
NEE60_G_04392	stordalen_mire_2019_hybrid_mags_cmr6.MA.201907_E_1_20to24_47.fna	Bacteria	B69_L058	phylum	Spirochaetota	/phylum:Spirochaetota
NEE60_G_04399	stordalen_mire_2019_hybrid_mags_cmr6.MA.201907_E_1_20to24_55.fna	Bacteria	B69_L058	phylum	Spirochaetota	/phylum:Spirochaetota
NEE60_G_03099	qaidam_basin_mmag_1773_CJ0912_40_45bin40	Bacteria	B69_L059	phylum	Sumerlaeota	/phylum:Sumerlaeota
NEE60_G_03196	qaidam_basin_mmag_1773_DLTCJS10_15bin29	Bacteria	B69_L059	phylum	Sumerlaeota	/phylum:Sumerlaeota
NEE60_G_03313	qaidam_basin_mmag_1773_DLTCJS25_30bin73	Bacteria	B69_L059	phylum	Sumerlaeota	/phylum:Sumerlaeota
NEE60_G_03372	qaidam_basin_mmag_1773_DLTSQ0_15bin41	Bacteria	B69_L059	phylum	Sumerlaeota	/phylum:Sumerlaeota
NEE60_G_03606	qaidam_basin_mmag_1773_L_0707_15_20bin59	Bacteria	B69_L059	phylum	Sumerlaeota	/phylum:Sumerlaeota
NEE60_G_03948	qaidam_basin_mmag_1773_NSL35_40bin6	Bacteria	B69_L059	phylum	Sumerlaeota	/phylum:Sumerlaeota
NEE60_G_00146	GCA_050695335.1_genomic	Bacteria	B69_L060	phylum	Sysuimicrobiota	/phylum:Sysuimicrobiota
NEE60_G_00918	NEE56_danakil__GCA_042219695.1	Bacteria	B69_L061	phylum	T1Sed10-126	/phylum:T1Sed10-126
NEE60_G_00920	NEE56_danakil__GCA_042219765.1	Bacteria	B69_L061	phylum	T1Sed10-126	/phylum:T1Sed10-126
NEE60_G_02496	desert2025__GCA_030860865.1	Bacteria	B69_L062	phylum	Tectomicrobia	/phylum:Tectomicrobia
NEE60_G_02807	qaidam_basin_mmag_1773_AKQ3bin30	Bacteria	B69_L063	phylum	UBA8481	/phylum:UBA8481
NEE60_G_00458	GCA_050737495.1_genomic	Bacteria	B69_L064	phylum	UBP7	/phylum:UBP7
NEE60_G_00693	GCA_050747285.1_genomic	Bacteria	B69_L065	phylum	Unclassified	/phylum:Unclassified
NEE60_G_00049	GCA_046260775.1	Bacteria	B69_L066	phylum	Verrucomicrobiota	/phylum:Verrucomicrobiota
NEE60_G_00080	GCA_046262215.1	Bacteria	B69_L066	phylum	Verrucomicrobiota	/phylum:Verrucomicrobiota
NEE60_G_00083	GCA_046262275.1	Bacteria	B69_L066	phylum	Verrucomicrobiota	/phylum:Verrucomicrobiota
NEE60_G_00106	GCA_046262735.1	Bacteria	B69_L066	phylum	Verrucomicrobiota	/phylum:Verrucomicrobiota
NEE60_G_00110	GCA_046262815.1	Bacteria	B69_L066	phylum	Verrucomicrobiota	/phylum:Verrucomicrobiota
NEE60_G_00418	GCA_050734715.1_genomic	Bacteria	B69_L066	phylum	Verrucomicrobiota	/phylum:Verrucomicrobiota
NEE60_G_00448	GCA_050736975.1_genomic	Bacteria	B69_L066	phylum	Verrucomicrobiota	/phylum:Verrucomicrobiota
NEE60_G_00450	GCA_050737255.1_genomic	Bacteria	B69_L066	phylum	Verrucomicrobiota	/phylum:Verrucomicrobiota
NEE60_G_00451	GCA_050737335.1_genomic	Bacteria	B69_L066	phylum	Verrucomicrobiota	/phylum:Verrucomicrobiota
NEE60_G_00452	GCA_050737355.1_genomic	Bacteria	B69_L066	phylum	Verrucomicrobiota	/phylum:Verrucomicrobiota
NEE60_G_00453	GCA_050737375.1_genomic	Bacteria	B69_L066	phylum	Verrucomicrobiota	/phylum:Verrucomicrobiota
NEE60_G_00455	GCA_050737435.1_genomic	Bacteria	B69_L066	phylum	Verrucomicrobiota	/phylum:Verrucomicrobiota
NEE60_G_00456	GCA_050737455.1_genomic	Bacteria	B69_L066	phylum	Verrucomicrobiota	/phylum:Verrucomicrobiota
NEE60_G_00457	GCA_050737475.1_genomic	Bacteria	B69_L066	phylum	Verrucomicrobiota	/phylum:Verrucomicrobiota
NEE60_G_00459	GCA_050737535.1_genomic	Bacteria	B69_L066	phylum	Verrucomicrobiota	/phylum:Verrucomicrobiota
NEE60_G_00460	GCA_050737555.1_genomic	Bacteria	B69_L066	phylum	Verrucomicrobiota	/phylum:Verrucomicrobiota
NEE60_G_00760	MAG21	Bacteria	B69_L066	phylum	Verrucomicrobiota	/phylum:Verrucomicrobiota
NEE60_G_00772	MAG33	Bacteria	B69_L066	phylum	Verrucomicrobiota	/phylum:Verrucomicrobiota
NEE60_G_00930	NEE56_mackay__GCA_013694595.1	Bacteria	B69_L066	phylum	Verrucomicrobiota	/phylum:Verrucomicrobiota
NEE60_G_00948	NEE56_mackay__GCA_013694945.1	Bacteria	B69_L066	phylum	Verrucomicrobiota	/phylum:Verrucomicrobiota
NEE60_G_00986	NEE56_mackay__GCA_013695905.1	Bacteria	B69_L066	phylum	Verrucomicrobiota	/phylum:Verrucomicrobiota
NEE60_G_00988	NEE56_mackay__GCA_013695925.1	Bacteria	B69_L066	phylum	Verrucomicrobiota	/phylum:Verrucomicrobiota
NEE60_G_01039	NEE56_mackay__GCA_013697015.1	Bacteria	B69_L066	phylum	Verrucomicrobiota	/phylum:Verrucomicrobiota
NEE60_G_01086	NEE56_mackay__GCA_013698235.1	Bacteria	B69_L066	phylum	Verrucomicrobiota	/phylum:Verrucomicrobiota
NEE60_G_01128	NEE56_mackay__GCA_013812515.1	Bacteria	B69_L066	phylum	Verrucomicrobiota	/phylum:Verrucomicrobiota
NEE60_G_01137	NEE56_mackay__GCA_013812765.1	Bacteria	B69_L066	phylum	Verrucomicrobiota	/phylum:Verrucomicrobiota
NEE60_G_01145	NEE56_mackay__GCA_013813005.1	Bacteria	B69_L066	phylum	Verrucomicrobiota	/phylum:Verrucomicrobiota
NEE60_G_01186	NEE56_mackay__GCA_013815325.1	Bacteria	B69_L066	phylum	Verrucomicrobiota	/phylum:Verrucomicrobiota
NEE60_G_01239	NEE56_mackay__GCA_013816765.1	Bacteria	B69_L066	phylum	Verrucomicrobiota	/phylum:Verrucomicrobiota
NEE60_G_01267	NEE56_mackay__GCA_013820755.1	Bacteria	B69_L066	phylum	Verrucomicrobiota	/phylum:Verrucomicrobiota
NEE60_G_01272	NEE56_mackay__GCA_013820875.1	Bacteria	B69_L066	phylum	Verrucomicrobiota	/phylum:Verrucomicrobiota
NEE60_G_01293	NEE56_mackay__GCA_013821455.1	Bacteria	B69_L066	phylum	Verrucomicrobiota	/phylum:Verrucomicrobiota
NEE60_G_01356	alaska_permafrost_reference_GCA_003135675.1_20111000_P3D_genomic	Bacteria	B69_L066	phylum	Verrucomicrobiota	/phylum:Verrucomicrobiota
NEE60_G_01381	alaska_permafrost_reference_GCA_003151575.1_20120700_P3D_genomic	Bacteria	B69_L066	phylum	Verrucomicrobiota	/phylum:Verrucomicrobiota
NEE60_G_01385	alaska_permafrost_reference_GCA_003152145.1_20120700_P3D_genomic	Bacteria	B69_L066	phylum	Verrucomicrobiota	/phylum:Verrucomicrobiota
NEE60_G_01388	alaska_permafrost_reference_GCA_003152315.1_20120700_P3D_genomic	Bacteria	B69_L066	phylum	Verrucomicrobiota	/phylum:Verrucomicrobiota
NEE60_G_01402	alaska_permafrost_reference_GCA_003161635.1_20110600_P1D_genomic	Bacteria	B69_L066	phylum	Verrucomicrobiota	/phylum:Verrucomicrobiota
NEE60_G_01407	alaska_permafrost_reference_GCA_003167355.1_20110700_P2D_genomic	Bacteria	B69_L066	phylum	Verrucomicrobiota	/phylum:Verrucomicrobiota
NEE60_G_01411	alaska_permafrost_reference_GCA_003169695.1_20110800_P1D_genomic	Bacteria	B69_L066	phylum	Verrucomicrobiota	/phylum:Verrucomicrobiota
NEE60_G_01469	alaska_permafrost_reference_SRR10489821bin.20	Bacteria	B69_L066	phylum	Verrucomicrobiota	/phylum:Verrucomicrobiota
NEE60_G_01484	alaska_permafrost_reference_SRR10489828bin.14	Bacteria	B69_L066	phylum	Verrucomicrobiota	/phylum:Verrucomicrobiota
NEE60_G_01502	alaska_permafrost_reference_SRR10489834bin.10	Bacteria	B69_L066	phylum	Verrucomicrobiota	/phylum:Verrucomicrobiota
NEE60_G_01602	alaska_permafrost_reference_SRR1586297rbin.2	Bacteria	B69_L066	phylum	Verrucomicrobiota	/phylum:Verrucomicrobiota
NEE60_G_01624	alaska_permafrost_reference_SRR1586321rbin.15	Bacteria	B69_L066	phylum	Verrucomicrobiota	/phylum:Verrucomicrobiota
NEE60_G_01673	alaska_permafrost_reference_SRR3985396rbin.20	Bacteria	B69_L066	phylum	Verrucomicrobiota	/phylum:Verrucomicrobiota
NEE60_G_01724	alaska_permafrost_reference_SRR3989257rbin.5	Bacteria	B69_L066	phylum	Verrucomicrobiota	/phylum:Verrucomicrobiota
NEE60_G_01769	alaska_permafrost_reference_SRR5664280rbin.6	Bacteria	B69_L066	phylum	Verrucomicrobiota	/phylum:Verrucomicrobiota
NEE60_G_01771	alaska_permafrost_reference_SRR5664280rbin.9	Bacteria	B69_L066	phylum	Verrucomicrobiota	/phylum:Verrucomicrobiota
NEE60_G_01832	alaska_permafrost_reference_SRR8879134rbin.43	Bacteria	B69_L066	phylum	Verrucomicrobiota	/phylum:Verrucomicrobiota
NEE60_G_02041	desert2025__GCA_030774395.1	Bacteria	B69_L066	phylum	Verrucomicrobiota	/phylum:Verrucomicrobiota
NEE60_G_02054	desert2025__GCA_030774655.1	Bacteria	B69_L066	phylum	Verrucomicrobiota	/phylum:Verrucomicrobiota
NEE60_G_02062	desert2025__GCA_030774845.1	Bacteria	B69_L066	phylum	Verrucomicrobiota	/phylum:Verrucomicrobiota
NEE60_G_02098	desert2025__GCA_030775765.1	Bacteria	B69_L066	phylum	Verrucomicrobiota	/phylum:Verrucomicrobiota
NEE60_G_02108	desert2025__GCA_030776025.1	Bacteria	B69_L066	phylum	Verrucomicrobiota	/phylum:Verrucomicrobiota
NEE60_G_02220	desert2025__GCA_030853965.1	Bacteria	B69_L066	phylum	Verrucomicrobiota	/phylum:Verrucomicrobiota
NEE60_G_02227	desert2025__GCA_030854105.1	Bacteria	B69_L066	phylum	Verrucomicrobiota	/phylum:Verrucomicrobiota
NEE60_G_02251	desert2025__GCA_030854625.1	Bacteria	B69_L066	phylum	Verrucomicrobiota	/phylum:Verrucomicrobiota
NEE60_G_02310	desert2025__GCA_030855965.1	Bacteria	B69_L066	phylum	Verrucomicrobiota	/phylum:Verrucomicrobiota
NEE60_G_02311	desert2025__GCA_030855975.1	Bacteria	B69_L066	phylum	Verrucomicrobiota	/phylum:Verrucomicrobiota
NEE60_G_02340	desert2025__GCA_030856765.1	Bacteria	B69_L066	phylum	Verrucomicrobiota	/phylum:Verrucomicrobiota
NEE60_G_02381	desert2025__GCA_030857915.1	Bacteria	B69_L066	phylum	Verrucomicrobiota	/phylum:Verrucomicrobiota
NEE60_G_02423	desert2025__GCA_030859185.1	Bacteria	B69_L066	phylum	Verrucomicrobiota	/phylum:Verrucomicrobiota
NEE60_G_02441	desert2025__GCA_030859605.1	Bacteria	B69_L066	phylum	Verrucomicrobiota	/phylum:Verrucomicrobiota
NEE60_G_02632	desert2025__GCA_030945725.1	Bacteria	B69_L066	phylum	Verrucomicrobiota	/phylum:Verrucomicrobiota
NEE60_G_02635	desert2025__GCA_030945915.1	Bacteria	B69_L066	phylum	Verrucomicrobiota	/phylum:Verrucomicrobiota
NEE60_G_02667	desert2025__GCA_030946945.1	Bacteria	B69_L066	phylum	Verrucomicrobiota	/phylum:Verrucomicrobiota
NEE60_G_02669	desert2025__GCA_030946985.1	Bacteria	B69_L066	phylum	Verrucomicrobiota	/phylum:Verrucomicrobiota
NEE60_G_02671	desert2025__GCA_030947045.1	Bacteria	B69_L066	phylum	Verrucomicrobiota	/phylum:Verrucomicrobiota
NEE60_G_02685	desert2025__GCA_030947315.1	Bacteria	B69_L066	phylum	Verrucomicrobiota	/phylum:Verrucomicrobiota
NEE60_G_02698	desert2025__GCA_030948055.1	Bacteria	B69_L066	phylum	Verrucomicrobiota	/phylum:Verrucomicrobiota
NEE60_G_02718	desert2025__GCA_030948555.1	Bacteria	B69_L066	phylum	Verrucomicrobiota	/phylum:Verrucomicrobiota
NEE60_G_02758	qaidam_basin_mmag_1773_AKQ1bin4	Bacteria	B69_L066	phylum	Verrucomicrobiota	/phylum:Verrucomicrobiota
NEE60_G_02764	qaidam_basin_mmag_1773_AKQ1bin5	Bacteria	B69_L066	phylum	Verrucomicrobiota	/phylum:Verrucomicrobiota
NEE60_G_02804	qaidam_basin_mmag_1773_AKQ3bin26	Bacteria	B69_L066	phylum	Verrucomicrobiota	/phylum:Verrucomicrobiota
NEE60_G_03114	qaidam_basin_mmag_1773_CJ0912_5_10bin10	Bacteria	B69_L066	phylum	Verrucomicrobiota	/phylum:Verrucomicrobiota
NEE60_G_03115	qaidam_basin_mmag_1773_CJ0912_5_10bin13	Bacteria	B69_L066	phylum	Verrucomicrobiota	/phylum:Verrucomicrobiota
NEE60_G_03182	qaidam_basin_mmag_1773_DLTCJS0_5bin16	Bacteria	B69_L066	phylum	Verrucomicrobiota	/phylum:Verrucomicrobiota
NEE60_G_03229	qaidam_basin_mmag_1773_DLTCJS15_20bin62	Bacteria	B69_L066	phylum	Verrucomicrobiota	/phylum:Verrucomicrobiota
NEE60_G_03244	qaidam_basin_mmag_1773_DLTCJS20_25bin27	Bacteria	B69_L066	phylum	Verrucomicrobiota	/phylum:Verrucomicrobiota
NEE60_G_03256	qaidam_basin_mmag_1773_DLTCJS20_25bin51	Bacteria	B69_L066	phylum	Verrucomicrobiota	/phylum:Verrucomicrobiota
NEE60_G_03266	qaidam_basin_mmag_1773_DLTCJS20_25bin81	Bacteria	B69_L066	phylum	Verrucomicrobiota	/phylum:Verrucomicrobiota
NEE60_G_03268	qaidam_basin_mmag_1773_DLTCJS20_25bin86	Bacteria	B69_L066	phylum	Verrucomicrobiota	/phylum:Verrucomicrobiota
NEE60_G_03307	qaidam_basin_mmag_1773_DLTCJS25_30bin65	Bacteria	B69_L066	phylum	Verrucomicrobiota	/phylum:Verrucomicrobiota
NEE60_G_03311	qaidam_basin_mmag_1773_DLTCJS25_30bin70	Bacteria	B69_L066	phylum	Verrucomicrobiota	/phylum:Verrucomicrobiota
NEE60_G_03317	qaidam_basin_mmag_1773_DLTCJS5_10bin17	Bacteria	B69_L066	phylum	Verrucomicrobiota	/phylum:Verrucomicrobiota
NEE60_G_03503	qaidam_basin_mmag_1773_L_0707_10_15bin13	Bacteria	B69_L066	phylum	Verrucomicrobiota	/phylum:Verrucomicrobiota
NEE60_G_03550	qaidam_basin_mmag_1773_L_0707_10_15bin63	Bacteria	B69_L066	phylum	Verrucomicrobiota	/phylum:Verrucomicrobiota
NEE60_G_03576	qaidam_basin_mmag_1773_L_0707_15_20bin20	Bacteria	B69_L066	phylum	Verrucomicrobiota	/phylum:Verrucomicrobiota
NEE60_G_03655	qaidam_basin_mmag_1773_L_0707_2_5bin6	Bacteria	B69_L066	phylum	Verrucomicrobiota	/phylum:Verrucomicrobiota
NEE60_G_03679	qaidam_basin_mmag_1773_L_0707_40_50bin27	Bacteria	B69_L066	phylum	Verrucomicrobiota	/phylum:Verrucomicrobiota
NEE60_G_03764	qaidam_basin_mmag_1773_L_0712_20_25bin53	Bacteria	B69_L066	phylum	Verrucomicrobiota	/phylum:Verrucomicrobiota
NEE60_G_03777	qaidam_basin_mmag_1773_L_0712_20_25bin68	Bacteria	B69_L066	phylum	Verrucomicrobiota	/phylum:Verrucomicrobiota
NEE60_G_03816	qaidam_basin_mmag_1773_L_21_AKQ_4bin65	Bacteria	B69_L066	phylum	Verrucomicrobiota	/phylum:Verrucomicrobiota
NEE60_G_03913	qaidam_basin_mmag_1773_NSL25_30bin33	Bacteria	B69_L066	phylum	Verrucomicrobiota	/phylum:Verrucomicrobiota
NEE60_G_04126	stordalen_mire_2019_hybrid_mags_cmr2.MA.201907_E_1_1to5_10.fna	Bacteria	B69_L066	phylum	Verrucomicrobiota	/phylum:Verrucomicrobiota
NEE60_G_04128	stordalen_mire_2019_hybrid_mags_cmr2.MA.201907_E_1_1to5_16.fna	Bacteria	B69_L066	phylum	Verrucomicrobiota	/phylum:Verrucomicrobiota
NEE60_G_04131	stordalen_mire_2019_hybrid_mags_cmr2.MA.201907_E_1_1to5_5.fna	Bacteria	B69_L066	phylum	Verrucomicrobiota	/phylum:Verrucomicrobiota
NEE60_G_04138	stordalen_mire_2019_hybrid_mags_cmr2.MA.201907_E_1_20to24_2.fna	Bacteria	B69_L066	phylum	Verrucomicrobiota	/phylum:Verrucomicrobiota
NEE60_G_04139	stordalen_mire_2019_hybrid_mags_cmr2.MA.201907_E_1_20to24_21.fna	Bacteria	B69_L066	phylum	Verrucomicrobiota	/phylum:Verrucomicrobiota
NEE60_G_04155	stordalen_mire_2019_hybrid_mags_cmr2.MA.201907_E_1_20to24_44.fna	Bacteria	B69_L066	phylum	Verrucomicrobiota	/phylum:Verrucomicrobiota
NEE60_G_04157	stordalen_mire_2019_hybrid_mags_cmr2.MA.201907_E_1_20to24_48.fna	Bacteria	B69_L066	phylum	Verrucomicrobiota	/phylum:Verrucomicrobiota
NEE60_G_04185	stordalen_mire_2019_hybrid_mags_cmr2.MA.201907_P_1_20to24_11.fna	Bacteria	B69_L066	phylum	Verrucomicrobiota	/phylum:Verrucomicrobiota
NEE60_G_04204	stordalen_mire_2019_hybrid_mags_cmr2.MA.201907_P_1_20to24_36.fna	Bacteria	B69_L066	phylum	Verrucomicrobiota	/phylum:Verrucomicrobiota
NEE60_G_04214	stordalen_mire_2019_hybrid_mags_cmr2.MA.201907_P_1_20to24_49.fna	Bacteria	B69_L066	phylum	Verrucomicrobiota	/phylum:Verrucomicrobiota
NEE60_G_04226	stordalen_mire_2019_hybrid_mags_cmr2.MA.201907_S_1_1to5_1.fna	Bacteria	B69_L066	phylum	Verrucomicrobiota	/phylum:Verrucomicrobiota
NEE60_G_04228	stordalen_mire_2019_hybrid_mags_cmr2.MA.201907_S_1_1to5_11.fna	Bacteria	B69_L066	phylum	Verrucomicrobiota	/phylum:Verrucomicrobiota
NEE60_G_04231	stordalen_mire_2019_hybrid_mags_cmr2.MA.201907_S_1_1to5_16.fna	Bacteria	B69_L066	phylum	Verrucomicrobiota	/phylum:Verrucomicrobiota
NEE60_G_04241	stordalen_mire_2019_hybrid_mags_cmr2.MA.201907_S_1_1to5_7.fna	Bacteria	B69_L066	phylum	Verrucomicrobiota	/phylum:Verrucomicrobiota
NEE60_G_04253	stordalen_mire_2019_hybrid_mags_cmr2.MA.201907_S_1_20to24_24.fna	Bacteria	B69_L066	phylum	Verrucomicrobiota	/phylum:Verrucomicrobiota
NEE60_G_04255	stordalen_mire_2019_hybrid_mags_cmr2.MA.201907_S_1_20to24_29.fna	Bacteria	B69_L066	phylum	Verrucomicrobiota	/phylum:Verrucomicrobiota
NEE60_G_04258	stordalen_mire_2019_hybrid_mags_cmr2.MA.201907_S_1_20to24_38.fna	Bacteria	B69_L066	phylum	Verrucomicrobiota	/phylum:Verrucomicrobiota
NEE60_G_04263	stordalen_mire_2019_hybrid_mags_cmr2.MA.201907_S_1_20to24_42.fna	Bacteria	B69_L066	phylum	Verrucomicrobiota	/phylum:Verrucomicrobiota
NEE60_G_04270	stordalen_mire_2019_hybrid_mags_cmr2.MA.201907_S_1_20to24_51.fna	Bacteria	B69_L066	phylum	Verrucomicrobiota	/phylum:Verrucomicrobiota
NEE60_G_04271	stordalen_mire_2019_hybrid_mags_cmr2.MA.201907_S_1_20to24_52.fna	Bacteria	B69_L066	phylum	Verrucomicrobiota	/phylum:Verrucomicrobiota
NEE60_G_04274	stordalen_mire_2019_hybrid_mags_cmr2.MA.201907_S_1_20to24_57.fna	Bacteria	B69_L066	phylum	Verrucomicrobiota	/phylum:Verrucomicrobiota
NEE60_G_04282	stordalen_mire_2019_hybrid_mags_cmr2.MA.201907_S_1_20to24_65.fna	Bacteria	B69_L066	phylum	Verrucomicrobiota	/phylum:Verrucomicrobiota
NEE60_G_04283	stordalen_mire_2019_hybrid_mags_cmr2.MA.201907_S_1_20to24_66.fna	Bacteria	B69_L066	phylum	Verrucomicrobiota	/phylum:Verrucomicrobiota
NEE60_G_04300	stordalen_mire_2019_hybrid_mags_cmr5.MA.201907_P_1_1to5_20.fna	Bacteria	B69_L066	phylum	Verrucomicrobiota	/phylum:Verrucomicrobiota
NEE60_G_04327	stordalen_mire_2019_hybrid_mags_cmr5.MA.201907_P_1_20to24_32.fna	Bacteria	B69_L066	phylum	Verrucomicrobiota	/phylum:Verrucomicrobiota
NEE60_G_04331	stordalen_mire_2019_hybrid_mags_cmr5.MA.201907_S_1_1to5_1.fna	Bacteria	B69_L066	phylum	Verrucomicrobiota	/phylum:Verrucomicrobiota
NEE60_G_04345	stordalen_mire_2019_hybrid_mags_cmr5.MA.201907_S_1_20to24_32.fna	Bacteria	B69_L066	phylum	Verrucomicrobiota	/phylum:Verrucomicrobiota
NEE60_G_04347	stordalen_mire_2019_hybrid_mags_cmr6.MA.201907_E_1_1to5_0.fna	Bacteria	B69_L066	phylum	Verrucomicrobiota	/phylum:Verrucomicrobiota
NEE60_G_04348	stordalen_mire_2019_hybrid_mags_cmr6.MA.201907_E_1_1to5_1.fna	Bacteria	B69_L066	phylum	Verrucomicrobiota	/phylum:Verrucomicrobiota
NEE60_G_04354	stordalen_mire_2019_hybrid_mags_cmr6.MA.201907_E_1_1to5_15.fna	Bacteria	B69_L066	phylum	Verrucomicrobiota	/phylum:Verrucomicrobiota
NEE60_G_04355	stordalen_mire_2019_hybrid_mags_cmr6.MA.201907_E_1_1to5_16.fna	Bacteria	B69_L066	phylum	Verrucomicrobiota	/phylum:Verrucomicrobiota
NEE60_G_04358	stordalen_mire_2019_hybrid_mags_cmr6.MA.201907_E_1_1to5_22.fna	Bacteria	B69_L066	phylum	Verrucomicrobiota	/phylum:Verrucomicrobiota
NEE60_G_04359	stordalen_mire_2019_hybrid_mags_cmr6.MA.201907_E_1_1to5_24.fna	Bacteria	B69_L066	phylum	Verrucomicrobiota	/phylum:Verrucomicrobiota
NEE60_G_04370	stordalen_mire_2019_hybrid_mags_cmr6.MA.201907_E_1_20to24_11.fna	Bacteria	B69_L066	phylum	Verrucomicrobiota	/phylum:Verrucomicrobiota
NEE60_G_04375	stordalen_mire_2019_hybrid_mags_cmr6.MA.201907_E_1_20to24_23.fna	Bacteria	B69_L066	phylum	Verrucomicrobiota	/phylum:Verrucomicrobiota
NEE60_G_04390	stordalen_mire_2019_hybrid_mags_cmr6.MA.201907_E_1_20to24_45.fna	Bacteria	B69_L066	phylum	Verrucomicrobiota	/phylum:Verrucomicrobiota
NEE60_G_04408	stordalen_mire_2019_hybrid_mags_cmr6.MA.201907_P_1_1to5_17.fna	Bacteria	B69_L066	phylum	Verrucomicrobiota	/phylum:Verrucomicrobiota
NEE60_G_04417	stordalen_mire_2019_hybrid_mags_cmr6.MA.201907_P_1_1to5_35.fna	Bacteria	B69_L066	phylum	Verrucomicrobiota	/phylum:Verrucomicrobiota
NEE60_G_04424	stordalen_mire_2019_hybrid_mags_cmr6.MA.201907_P_1_20to24_14.fna	Bacteria	B69_L066	phylum	Verrucomicrobiota	/phylum:Verrucomicrobiota
NEE60_G_04429	stordalen_mire_2019_hybrid_mags_cmr6.MA.201907_P_1_20to24_2.fna	Bacteria	B69_L066	phylum	Verrucomicrobiota	/phylum:Verrucomicrobiota
NEE60_G_04433	stordalen_mire_2019_hybrid_mags_cmr6.MA.201907_P_1_20to24_36.fna	Bacteria	B69_L066	phylum	Verrucomicrobiota	/phylum:Verrucomicrobiota
NEE60_G_04444	stordalen_mire_2019_hybrid_mags_cmr6.MA.201907_S_1_1to5_10.fna	Bacteria	B69_L066	phylum	Verrucomicrobiota	/phylum:Verrucomicrobiota
NEE60_G_04452	stordalen_mire_2019_hybrid_mags_cmr6.MA.201907_S_1_1to5_3.fna	Bacteria	B69_L066	phylum	Verrucomicrobiota	/phylum:Verrucomicrobiota
NEE60_G_04458	stordalen_mire_2019_hybrid_mags_cmr6.MA.201907_S_1_1to5_38.fna	Bacteria	B69_L066	phylum	Verrucomicrobiota	/phylum:Verrucomicrobiota
NEE60_G_04461	stordalen_mire_2019_hybrid_mags_cmr6.MA.201907_S_1_1to5_5.fna	Bacteria	B69_L066	phylum	Verrucomicrobiota	/phylum:Verrucomicrobiota
NEE60_G_04469	stordalen_mire_2019_hybrid_mags_cmr6.MA.201907_S_1_20to24_35.fna	Bacteria	B69_L066	phylum	Verrucomicrobiota	/phylum:Verrucomicrobiota
NEE60_G_00093	GCA_046262475.1	Bacteria	B69_L067	phylum	Vulcanimicrobiota	/phylum:Vulcanimicrobiota
NEE60_G_00099	GCA_046262595.1	Bacteria	B69_L067	phylum	Vulcanimicrobiota	/phylum:Vulcanimicrobiota
NEE60_G_00103	GCA_046262675.1	Bacteria	B69_L067	phylum	Vulcanimicrobiota	/phylum:Vulcanimicrobiota
NEE60_G_00401	GCA_050733755.1_genomic	Bacteria	B69_L067	phylum	Vulcanimicrobiota	/phylum:Vulcanimicrobiota
NEE60_G_00402	GCA_050733775.1_genomic	Bacteria	B69_L067	phylum	Vulcanimicrobiota	/phylum:Vulcanimicrobiota
NEE60_G_00403	GCA_050733835.1_genomic	Bacteria	B69_L067	phylum	Vulcanimicrobiota	/phylum:Vulcanimicrobiota
NEE60_G_00404	GCA_050733855.1_genomic	Bacteria	B69_L067	phylum	Vulcanimicrobiota	/phylum:Vulcanimicrobiota
NEE60_G_00405	GCA_050733875.1_genomic	Bacteria	B69_L067	phylum	Vulcanimicrobiota	/phylum:Vulcanimicrobiota
NEE60_G_02084	desert2025__GCA_030775445.1	Bacteria	B69_L067	phylum	Vulcanimicrobiota	/phylum:Vulcanimicrobiota
NEE60_G_02105	desert2025__GCA_030775925.1	Bacteria	B69_L067	phylum	Vulcanimicrobiota	/phylum:Vulcanimicrobiota
NEE60_G_02179	desert2025__GCA_030853005.1	Bacteria	B69_L067	phylum	Vulcanimicrobiota	/phylum:Vulcanimicrobiota
NEE60_G_02182	desert2025__GCA_030853105.1	Bacteria	B69_L067	phylum	Vulcanimicrobiota	/phylum:Vulcanimicrobiota
NEE60_G_02205	desert2025__GCA_030853635.1	Bacteria	B69_L067	phylum	Vulcanimicrobiota	/phylum:Vulcanimicrobiota
NEE60_G_02217	desert2025__GCA_030853905.1	Bacteria	B69_L067	phylum	Vulcanimicrobiota	/phylum:Vulcanimicrobiota
NEE60_G_02218	desert2025__GCA_030853925.1	Bacteria	B69_L067	phylum	Vulcanimicrobiota	/phylum:Vulcanimicrobiota
NEE60_G_02223	desert2025__GCA_030854025.1	Bacteria	B69_L067	phylum	Vulcanimicrobiota	/phylum:Vulcanimicrobiota
NEE60_G_02224	desert2025__GCA_030854045.1	Bacteria	B69_L067	phylum	Vulcanimicrobiota	/phylum:Vulcanimicrobiota
NEE60_G_02249	desert2025__GCA_030854585.1	Bacteria	B69_L067	phylum	Vulcanimicrobiota	/phylum:Vulcanimicrobiota
NEE60_G_02631	desert2025__GCA_030945705.1	Bacteria	B69_L067	phylum	Vulcanimicrobiota	/phylum:Vulcanimicrobiota
NEE60_G_02688	desert2025__GCA_030947385.1	Bacteria	B69_L067	phylum	Vulcanimicrobiota	/phylum:Vulcanimicrobiota
NEE60_G_02692	desert2025__GCA_030947645.1	Bacteria	B69_L067	phylum	Vulcanimicrobiota	/phylum:Vulcanimicrobiota
NEE60_G_02693	desert2025__GCA_030947665.1	Bacteria	B69_L067	phylum	Vulcanimicrobiota	/phylum:Vulcanimicrobiota
NEE60_G_02724	desert2025__GCA_030948685.1	Bacteria	B69_L067	phylum	Vulcanimicrobiota	/phylum:Vulcanimicrobiota
NEE60_G_02726	desert2025__GCA_030948745.1	Bacteria	B69_L067	phylum	Vulcanimicrobiota	/phylum:Vulcanimicrobiota
NEE60_G_02730	desert2025__GCA_030948825.1	Bacteria	B69_L067	phylum	Vulcanimicrobiota	/phylum:Vulcanimicrobiota
NEE60_G_02734	desert2025__GCA_030948895.1	Bacteria	B69_L067	phylum	Vulcanimicrobiota	/phylum:Vulcanimicrobiota
NEE60_G_04171	stordalen_mire_2019_hybrid_mags_cmr2.MA.201907_P_1_1to5_22.fna	Bacteria	B69_L067	phylum	Vulcanimicrobiota	/phylum:Vulcanimicrobiota
NEE60_G_04227	stordalen_mire_2019_hybrid_mags_cmr2.MA.201907_S_1_1to5_10.fna	Bacteria	B69_L067	phylum	Vulcanimicrobiota	/phylum:Vulcanimicrobiota
NEE60_G_04232	stordalen_mire_2019_hybrid_mags_cmr2.MA.201907_S_1_1to5_17.fna	Bacteria	B69_L067	phylum	Vulcanimicrobiota	/phylum:Vulcanimicrobiota
NEE60_G_04249	stordalen_mire_2019_hybrid_mags_cmr2.MA.201907_S_1_20to24_19.fna	Bacteria	B69_L067	phylum	Vulcanimicrobiota	/phylum:Vulcanimicrobiota
NEE60_G_04321	stordalen_mire_2019_hybrid_mags_cmr5.MA.201907_P_1_1to5_7.fna	Bacteria	B69_L067	phylum	Vulcanimicrobiota	/phylum:Vulcanimicrobiota
NEE60_G_04413	stordalen_mire_2019_hybrid_mags_cmr6.MA.201907_P_1_1to5_29.fna	Bacteria	B69_L067	phylum	Vulcanimicrobiota	/phylum:Vulcanimicrobiota
NEE60_G_04447	stordalen_mire_2019_hybrid_mags_cmr6.MA.201907_S_1_1to5_16.fna	Bacteria	B69_L067	phylum	Vulcanimicrobiota	/phylum:Vulcanimicrobiota
