MAG	sample	metagenome_id	metagenome_percent
MGR_bin105	Mount Seuss 4	SD2897	0.022588669834611
MGR_bin105	Mount Seuss 5	SD2898	0.108022397065212
MGR_bin105	Mount Seuss 6	SD2899	0.0352357039635733
MGR_bin105	Mount Seuss 7	SD2900	0.0152032677111832
MGR_bin105	Mackay Glacier 1	SD2901	0.00339273521865606
MGR_bin105	Mackay Glacier 2	SD2902	0.0407800689940482
MGR_bin105	Mount Murray	SD2903	0.019598824575709
MGR_bin105	Mount Gran 1	SD2904	0.00501575616870566
MGR_bin105	Mount Gran 2	SD2905	0.00441309056274831
MGR_bin105	Towle Glacier 1	SD2906	0.00975397423940608
MGR_bin105	Towle Glacier 2	SD2907	0.00973982737258333
MGR_bin105	Cliff Nunatak	SD2908	0.00249479667900198
MGR_bin105	Benson Glacier	SD2909	0.0382063497333564
MGR_bin105	Spaulding Pond	SD2910	0.0020911785082369
MGR_bin105	Flatiron	SD2911	0.0300825563345068
MGR_bin105	Pegtop Mountain	SD2912	0.0372570962907561
MGR_bin297	Mount Seuss 4	SD2897	0.0224524322997981
MGR_bin297	Mount Seuss 5	SD2898	0.0581768595839166
MGR_bin297	Mount Seuss 6	SD2899	0.0376630747257447
MGR_bin297	Mount Seuss 7	SD2900	0.0107037832698139
MGR_bin297	Mackay Glacier 1	SD2901	0.00010944307156955
MGR_bin297	Mackay Glacier 2	SD2902	0.0184298355073369
MGR_bin297	Mount Murray	SD2903	0.00043399857584171
MGR_bin297	Mount Gran 1	SD2904	0.0345982264406086
MGR_bin297	Mount Gran 2	SD2905	0.239496964186393
MGR_bin297	Towle Glacier 1	SD2906	0.000928816304155182
MGR_bin297	Towle Glacier 2	SD2907	0.127392663084317
MGR_bin297	Cliff Nunatak	SD2908	8.06942322049157e-05
MGR_bin297	Benson Glacier	SD2909	0.00391014430070109
MGR_bin297	Spaulding Pond	SD2910	0.00040904370820458
MGR_bin297	Flatiron	SD2911	0.0202915566908474
MGR_bin297	Pegtop Mountain	SD2912	0.00041325214842815
MGR_bin381	Mount Seuss 4	SD2897	-
MGR_bin381	Mount Seuss 5	SD2898	-
MGR_bin381	Mount Seuss 6	SD2899	-
MGR_bin381	Mount Seuss 7	SD2900	-
MGR_bin381	Mackay Glacier 1	SD2901	-
MGR_bin381	Mackay Glacier 2	SD2902	-
MGR_bin381	Mount Murray	SD2903	-
MGR_bin381	Mount Gran 1	SD2904	-
MGR_bin381	Mount Gran 2	SD2905	0.18265836913053
MGR_bin381	Towle Glacier 1	SD2906	-
MGR_bin381	Towle Glacier 2	SD2907	-
MGR_bin381	Cliff Nunatak	SD2908	-
MGR_bin381	Benson Glacier	SD2909	-
MGR_bin381	Spaulding Pond	SD2910	-
MGR_bin381	Flatiron	SD2911	-
MGR_bin381	Pegtop Mountain	SD2912	-
MGR_bin428	Mount Seuss 4	SD2897	-
MGR_bin428	Mount Seuss 5	SD2898	-
MGR_bin428	Mount Seuss 6	SD2899	-
MGR_bin428	Mount Seuss 7	SD2900	-
MGR_bin428	Mackay Glacier 1	SD2901	-
MGR_bin428	Mackay Glacier 2	SD2902	-
MGR_bin428	Mount Murray	SD2903	-
MGR_bin428	Mount Gran 1	SD2904	-
MGR_bin428	Mount Gran 2	SD2905	-
MGR_bin428	Towle Glacier 1	SD2906	-
MGR_bin428	Towle Glacier 2	SD2907	-
MGR_bin428	Cliff Nunatak	SD2908	-
MGR_bin428	Benson Glacier	SD2909	0.487554389815588
MGR_bin428	Spaulding Pond	SD2910	-
MGR_bin428	Flatiron	SD2911	-
MGR_bin428	Pegtop Mountain	SD2912	-
MGR_bin403	Mount Seuss 4	SD2897	-
MGR_bin403	Mount Seuss 5	SD2898	-
MGR_bin403	Mount Seuss 6	SD2899	-
MGR_bin403	Mount Seuss 7	SD2900	-
MGR_bin403	Mackay Glacier 1	SD2901	-
MGR_bin403	Mackay Glacier 2	SD2902	-
MGR_bin403	Mount Murray	SD2903	-
MGR_bin403	Mount Gran 1	SD2904	-
MGR_bin403	Mount Gran 2	SD2905	-
MGR_bin403	Towle Glacier 1	SD2906	-
MGR_bin403	Towle Glacier 2	SD2907	-
MGR_bin403	Cliff Nunatak	SD2908	0.565814507182168
MGR_bin403	Benson Glacier	SD2909	-
MGR_bin403	Spaulding Pond	SD2910	-
MGR_bin403	Flatiron	SD2911	-
MGR_bin403	Pegtop Mountain	SD2912	-
MGR_bin10	Mount Seuss 4	SD2897	0.104277668833703
MGR_bin10	Mount Seuss 5	SD2898	0.050784379977796
MGR_bin10	Mount Seuss 6	SD2899	0.133062002213642
MGR_bin10	Mount Seuss 7	SD2900	0.0265132558400726
MGR_bin10	Mackay Glacier 1	SD2901	0.000407924175850143
MGR_bin10	Mackay Glacier 2	SD2902	0.0584986818591092
MGR_bin10	Mount Murray	SD2903	0.00118029242318857
MGR_bin10	Mount Gran 1	SD2904	0.00932710833363891
MGR_bin10	Mount Gran 2	SD2905	0.0834177080490845
MGR_bin10	Towle Glacier 1	SD2906	0.0887314210081299
MGR_bin10	Towle Glacier 2	SD2907	0.0505359540261362
MGR_bin10	Cliff Nunatak	SD2908	6.05206741536867e-05
MGR_bin10	Benson Glacier	SD2909	0.377879665365229
MGR_bin10	Spaulding Pond	SD2910	0.0105753884559409
MGR_bin10	Flatiron	SD2911	3.1238376255978e-05
MGR_bin10	Pegtop Mountain	SD2912	0.00676230788336972
MGR_bin35	Mount Seuss 4	SD2897	0.053930601280954
MGR_bin35	Mount Seuss 5	SD2898	0.0705097263117247
MGR_bin35	Mount Seuss 6	SD2899	0.0630440040986243
MGR_bin35	Mount Seuss 7	SD2900	0.058563328624048
MGR_bin35	Mackay Glacier 1	SD2901	0.000281069706530891
MGR_bin35	Mackay Glacier 2	SD2902	0.000384109789382442
MGR_bin35	Mount Murray	SD2903	0.000541924147611871
MGR_bin35	Mount Gran 1	SD2904	9.74175749898011e-05
MGR_bin35	Mount Gran 2	SD2905	0.00044777424592183
MGR_bin35	Towle Glacier 1	SD2906	0.000774481268721541
MGR_bin35	Towle Glacier 2	SD2907	0.000268738874732409
MGR_bin35	Cliff Nunatak	SD2908	0.000114316828956964
MGR_bin35	Benson Glacier	SD2909	0.00487926784510893
MGR_bin35	Spaulding Pond	SD2910	0.0150403992707808
MGR_bin35	Flatiron	SD2911	9.59464413576466e-05
MGR_bin35	Pegtop Mountain	SD2912	0.000206626074214075
MGR_bin36	Mount Seuss 4	SD2897	0.402433513771839
MGR_bin36	Mount Seuss 5	SD2898	0.239033161171984
MGR_bin36	Mount Seuss 6	SD2899	0.000651306912450523
MGR_bin36	Mount Seuss 7	SD2900	0.0663280031366834
MGR_bin36	Mackay Glacier 1	SD2901	0.00244008302749384
MGR_bin36	Mackay Glacier 2	SD2902	0.011208571466947
MGR_bin36	Mount Murray	SD2903	0.002082733906288
MGR_bin36	Mount Gran 1	SD2904	0.073290488917327
MGR_bin36	Mount Gran 2	SD2905	0.839095413651933
MGR_bin36	Towle Glacier 1	SD2906	0.0869383285055464
MGR_bin36	Towle Glacier 2	SD2907	0.0318181609452595
MGR_bin36	Cliff Nunatak	SD2908	3.13810903019116e-05
MGR_bin36	Benson Glacier	SD2909	0.0763184791221176
MGR_bin36	Spaulding Pond	SD2910	0.00021830984426649
MGR_bin36	Flatiron	SD2911	2.90070636662653e-05
MGR_bin36	Pegtop Mountain	SD2912	0.000292496650510833
MGR_bin51	Mount Seuss 4	SD2897	0.311886642196784
MGR_bin51	Mount Seuss 5	SD2898	0.0936670367331177
MGR_bin51	Mount Seuss 6	SD2899	0.00103457598016179
MGR_bin51	Mount Seuss 7	SD2900	0.0918214341957841
MGR_bin51	Mackay Glacier 1	SD2901	0.0015943865653655
MGR_bin51	Mackay Glacier 2	SD2902	0.0158377139609238
MGR_bin51	Mount Murray	SD2903	0.00166021677425162
MGR_bin51	Mount Gran 1	SD2904	0.089137081115668
MGR_bin51	Mount Gran 2	SD2905	0.0293232268211697
MGR_bin51	Towle Glacier 1	SD2906	0.251827074271294
MGR_bin51	Towle Glacier 2	SD2907	0.0223340268709653
MGR_bin51	Cliff Nunatak	SD2908	4.25886225525944e-05
MGR_bin51	Benson Glacier	SD2909	0.00872659858274655
MGR_bin51	Spaulding Pond	SD2910	5.97479573781971e-05
MGR_bin51	Flatiron	SD2911	1.78505007177017e-05
MGR_bin51	Pegtop Mountain	SD2912	0.00139539686482232
MGR_bin67	Mount Seuss 4	SD2897	0.0844161825084726
MGR_bin67	Mount Seuss 5	SD2898	0.080585992180335
MGR_bin67	Mount Seuss 6	SD2899	0.00519793016667244
MGR_bin67	Mount Seuss 7	SD2900	0.0143935355889523
MGR_bin67	Mackay Glacier 1	SD2901	0.00581043216332886
MGR_bin67	Mackay Glacier 2	SD2902	0.176246918262379
MGR_bin67	Mount Murray	SD2903	0.00278080568965244
MGR_bin67	Mount Gran 1	SD2904	0.0121222433698847
MGR_bin67	Mount Gran 2	SD2905	0.043189861356642
MGR_bin67	Towle Glacier 1	SD2906	0.0590710332893376
MGR_bin67	Towle Glacier 2	SD2907	0.0481355679605652
MGR_bin67	Cliff Nunatak	SD2908	0.000103109296706281
MGR_bin67	Benson Glacier	SD2909	0.329546871929426
MGR_bin67	Spaulding Pond	SD2910	0.00805218625589241
MGR_bin67	Flatiron	SD2911	2.45444384868398e-05
MGR_bin67	Pegtop Mountain	SD2912	0.0744766242043823
MGR_bin96	Mount Seuss 4	SD2897	0.0618761689362948
MGR_bin96	Mount Seuss 5	SD2898	0.0468552396582517
MGR_bin96	Mount Seuss 6	SD2899	0.00243989589510311
MGR_bin96	Mount Seuss 7	SD2900	0.0581869126104704
MGR_bin96	Mackay Glacier 1	SD2901	0.00537514721958633
MGR_bin96	Mackay Glacier 2	SD2902	0.0233043126409838
MGR_bin96	Mount Murray	SD2903	0.00371080263788468
MGR_bin96	Mount Gran 1	SD2904	0.0105560685104333
MGR_bin96	Mount Gran 2	SD2905	0.985385893760747
MGR_bin96	Towle Glacier 1	SD2906	0.0095828026546524
MGR_bin96	Towle Glacier 2	SD2907	0.0013176032207754
MGR_bin96	Cliff Nunatak	SD2908	8.96602580054618e-06
MGR_bin96	Benson Glacier	SD2909	0.0115532089206028
MGR_bin96	Spaulding Pond	SD2910	0.000126389909838494
MGR_bin96	Flatiron	SD2911	4.46262517942542e-06
MGR_bin96	Pegtop Mountain	SD2912	0.000101971309352401
MGR_bin128	Mount Seuss 4	SD2897	0.00356650403635323
MGR_bin128	Mount Seuss 5	SD2898	0.00319785683255298
MGR_bin128	Mount Seuss 6	SD2899	0.00442387695149086
MGR_bin128	Mount Seuss 7	SD2900	0.0124217284480604
MGR_bin128	Mackay Glacier 1	SD2901	0.00332557697019293
MGR_bin128	Mackay Glacier 2	SD2902	0.00531310573184488
MGR_bin128	Mount Murray	SD2903	0.00107466314017947
MGR_bin128	Mount Gran 1	SD2904	0.00369936996307424
MGR_bin128	Mount Gran 2	SD2905	0.00390066442035648
MGR_bin128	Towle Glacier 1	SD2906	0.356020059738322
MGR_bin128	Towle Glacier 2	SD2907	0.0445141159398993
MGR_bin128	Cliff Nunatak	SD2908	0.0006746934414911
MGR_bin128	Benson Glacier	SD2909	0.126389862249856
MGR_bin128	Spaulding Pond	SD2910	0.00299199386563126
MGR_bin128	Flatiron	SD2911	0.000390479703199725
MGR_bin128	Pegtop Mountain	SD2912	0.00800474778416345
MGR_bin159	Mount Seuss 4	SD2897	0.0985337970534643
MGR_bin159	Mount Seuss 5	SD2898	0.101107785876333
MGR_bin159	Mount Seuss 6	SD2899	0.0709874434039343
MGR_bin159	Mount Seuss 7	SD2900	0.0620320459584694
MGR_bin159	Mackay Glacier 1	SD2901	0.00190281703978877
MGR_bin159	Mackay Glacier 2	SD2902	0.237285680986759
MGR_bin159	Mount Murray	SD2903	0.00980285672099609
MGR_bin159	Mount Gran 1	SD2904	0.0407130526861223
MGR_bin159	Mount Gran 2	SD2905	0.0712104721896755
MGR_bin159	Towle Glacier 1	SD2906	0.0690438826699041
MGR_bin159	Towle Glacier 2	SD2907	0.124379134925909
MGR_bin159	Cliff Nunatak	SD2908	9.41432709057349e-05
MGR_bin159	Benson Glacier	SD2909	0.262217462349999
MGR_bin159	Spaulding Pond	SD2910	0.00942409127723025
MGR_bin159	Flatiron	SD2911	1.33878755382763e-05
MGR_bin159	Pegtop Mountain	SD2912	0.00621756641498716
MGR_bin196	Mount Seuss 4	SD2897	0.0402265649666444
MGR_bin196	Mount Seuss 5	SD2898	0.0302843075734904
MGR_bin196	Mount Seuss 6	SD2899	0.00275302421839663
MGR_bin196	Mount Seuss 7	SD2900	0.0142863007943866
MGR_bin196	Mackay Glacier 1	SD2901	0.00147499412365326
MGR_bin196	Mackay Glacier 2	SD2902	0.0108814586140536
MGR_bin196	Mount Murray	SD2903	0.00665923740709503
MGR_bin196	Mount Gran 1	SD2904	0.0334591901791894
MGR_bin196	Mount Gran 2	SD2905	0.81498983432736
MGR_bin196	Towle Glacier 1	SD2906	0.0264361885240059
MGR_bin196	Towle Glacier 2	SD2907	0.00416153888541935
MGR_bin196	Cliff Nunatak	SD2908	0.000143456412808739
MGR_bin196	Benson Glacier	SD2909	0.0144246860892186
MGR_bin196	Spaulding Pond	SD2910	0.000659525529520868
MGR_bin196	Flatiron	SD2911	0.000133878755382763
MGR_bin196	Pegtop Mountain	SD2912	0.00156445456190657
MGR_bin205	Mount Seuss 4	SD2897	0.196495883023339
MGR_bin205	Mount Seuss 5	SD2898	0.103810879953661
MGR_bin205	Mount Seuss 6	SD2899	0.09833982870027
MGR_bin205	Mount Seuss 7	SD2900	0.041939747001168
MGR_bin205	Mackay Glacier 1	SD2901	0.00032584187217298
MGR_bin205	Mackay Glacier 2	SD2902	0.043957028671392
MGR_bin205	Mount Murray	SD2903	0.000415628265753172
MGR_bin205	Mount Gran 1	SD2904	0.0083704177895083
MGR_bin205	Mount Gran 2	SD2905	0.0952561886471461
MGR_bin205	Towle Glacier 1	SD2906	0.0432867683018061
MGR_bin205	Towle Glacier 2	SD2907	0.0801363669760312
MGR_bin205	Cliff Nunatak	SD2908	0.000208460099862699
MGR_bin205	Benson Glacier	SD2909	0.311860367243983
MGR_bin205	Spaulding Pond	SD2910	0.0370805015482534
MGR_bin205	Flatiron	SD2911	4.01636266148288e-05
MGR_bin205	Pegtop Mountain	SD2912	0.0255921151919433
MGR_bin266	Mount Seuss 4	SD2897	0.00304101640207472
MGR_bin266	Mount Seuss 5	SD2898	0.0063426171743013
MGR_bin266	Mount Seuss 6	SD2899	0.00255011706490243
MGR_bin266	Mount Seuss 7	SD2900	0.00180767225125051
MGR_bin266	Mackay Glacier 1	SD2901	0.0207046392669304
MGR_bin266	Mackay Glacier 2	SD2902	0.0877158071289092
MGR_bin266	Mount Murray	SD2903	0.00508857589452503
MGR_bin266	Mount Gran 1	SD2904	0.00224809788438003
MGR_bin266	Mount Gran 2	SD2905	0.00486804835272236
MGR_bin266	Towle Glacier 1	SD2906	0.350781086808238
MGR_bin266	Towle Glacier 2	SD2907	0.00743597857269287
MGR_bin266	Cliff Nunatak	SD2908	0.000394505135224032
MGR_bin266	Benson Glacier	SD2909	0.020430111386394
MGR_bin266	Spaulding Pond	SD2910	0.000480281657386277
MGR_bin266	Flatiron	SD2911	3.57010014354034e-05
MGR_bin266	Pegtop Mountain	SD2912	0.129629685286485
MGR_bin306	Mount Seuss 4	SD2897	0.575190006354021
MGR_bin306	Mount Seuss 5	SD2898	-
MGR_bin306	Mount Seuss 6	SD2899	-
MGR_bin306	Mount Seuss 7	SD2900	-
MGR_bin306	Mackay Glacier 1	SD2901	-
MGR_bin306	Mackay Glacier 2	SD2902	-
MGR_bin306	Mount Murray	SD2903	-
MGR_bin306	Mount Gran 1	SD2904	-
MGR_bin306	Mount Gran 2	SD2905	-
MGR_bin306	Towle Glacier 1	SD2906	-
MGR_bin306	Towle Glacier 2	SD2907	-
MGR_bin306	Cliff Nunatak	SD2908	-
MGR_bin306	Benson Glacier	SD2909	-
MGR_bin306	Spaulding Pond	SD2910	-
MGR_bin306	Flatiron	SD2911	-
MGR_bin306	Pegtop Mountain	SD2912	-
MGR_bin312	Mount Seuss 4	SD2897	-
MGR_bin312	Mount Seuss 5	SD2898	0.342233431481392
MGR_bin312	Mount Seuss 6	SD2899	-
MGR_bin312	Mount Seuss 7	SD2900	-
MGR_bin312	Mackay Glacier 1	SD2901	-
MGR_bin312	Mackay Glacier 2	SD2902	-
MGR_bin312	Mount Murray	SD2903	-
MGR_bin312	Mount Gran 1	SD2904	-
MGR_bin312	Mount Gran 2	SD2905	-
MGR_bin312	Towle Glacier 1	SD2906	-
MGR_bin312	Towle Glacier 2	SD2907	-
MGR_bin312	Cliff Nunatak	SD2908	-
MGR_bin312	Benson Glacier	SD2909	-
MGR_bin312	Spaulding Pond	SD2910	-
MGR_bin312	Flatiron	SD2911	-
MGR_bin312	Pegtop Mountain	SD2912	-
MGR_bin354	Mount Seuss 4	SD2897	-
MGR_bin354	Mount Seuss 5	SD2898	-
MGR_bin354	Mount Seuss 6	SD2899	-
MGR_bin354	Mount Seuss 7	SD2900	-
MGR_bin354	Mackay Glacier 1	SD2901	-
MGR_bin354	Mackay Glacier 2	SD2902	1.2767933305456
MGR_bin354	Mount Murray	SD2903	-
MGR_bin354	Mount Gran 1	SD2904	-
MGR_bin354	Mount Gran 2	SD2905	-
MGR_bin354	Towle Glacier 1	SD2906	-
MGR_bin354	Towle Glacier 2	SD2907	-
MGR_bin354	Cliff Nunatak	SD2908	-
MGR_bin354	Benson Glacier	SD2909	-
MGR_bin354	Spaulding Pond	SD2910	-
MGR_bin354	Flatiron	SD2911	-
MGR_bin354	Pegtop Mountain	SD2912	-
MGR_bin13	Mount Seuss 4	SD2897	0.00384141191910079
MGR_bin13	Mount Seuss 5	SD2898	0.000407877588453927
MGR_bin13	Mount Seuss 6	SD2899	0.000658821992209568
MGR_bin13	Mount Seuss 7	SD2900	0.0152601678062589
MGR_bin13	Mackay Glacier 1	SD2901	0.000111930414105222
MGR_bin13	Mackay Glacier 2	SD2902	0.000619531918358778
MGR_bin13	Mount Murray	SD2903	0.000259480630000599
MGR_bin13	Mount Gran 1	SD2904	0.0304867051987314
MGR_bin13	Mount Gran 2	SD2905	0.000680042170277004
MGR_bin13	Towle Glacier 1	SD2906	0.0131745998429262
MGR_bin13	Towle Glacier 2	SD2907	0.0274348472603037
MGR_bin13	Cliff Nunatak	SD2908	0.000199494074062153
MGR_bin13	Benson Glacier	SD2909	0.00652588053398707
MGR_bin13	Spaulding Pond	SD2910	0.0409388407958685
MGR_bin13	Flatiron	SD2911	0.000651543276196112
MGR_bin13	Pegtop Mountain	SD2912	0.267129945581669
MGR_bin165	Mount Seuss 4	SD2897	0.000462234493115358
MGR_bin165	Mount Seuss 5	SD2898	0.000335473282811218
MGR_bin165	Mount Seuss 6	SD2899	0.000358218801847788
MGR_bin165	Mount Seuss 7	SD2900	0.000973867011872249
MGR_bin165	Mackay Glacier 1	SD2901	0.00088549394269909
MGR_bin165	Mackay Glacier 2	SD2902	0.00121676068765664
MGR_bin165	Mount Murray	SD2903	0.000498294661151593
MGR_bin165	Mount Gran 1	SD2904	0.00107658909796421
MGR_bin165	Mount Gran 2	SD2905	0.00059862867101849
MGR_bin165	Towle Glacier 1	SD2906	0.0192217271403716
MGR_bin165	Towle Glacier 2	SD2907	0.00272391636136539
MGR_bin165	Cliff Nunatak	SD2908	0.00154439794414408
MGR_bin165	Benson Glacier	SD2909	0.00143349524276993
MGR_bin165	Spaulding Pond	SD2910	0.00152816890986543
MGR_bin165	Flatiron	SD2911	0.000133878755382763
MGR_bin165	Pegtop Mountain	SD2912	0.946500376864492
MGR_bin174	Mount Seuss 4	SD2897	0.0277973227280846
MGR_bin174	Mount Seuss 5	SD2898	0.00666602307283873
MGR_bin174	Mount Seuss 6	SD2899	0.0419667104010908
MGR_bin174	Mount Seuss 7	SD2900	0.0552237307361445
MGR_bin174	Mackay Glacier 1	SD2901	0.000208936772996414
MGR_bin174	Mackay Glacier 2	SD2902	0.00987286065096548
MGR_bin174	Mount Murray	SD2903	0.000169925368318977
MGR_bin174	Mount Gran 1	SD2904	0.0526129841541072
MGR_bin174	Mount Gran 2	SD2905	0.0289832057360312
MGR_bin174	Towle Glacier 1	SD2906	0.119691029116118
MGR_bin174	Towle Glacier 2	SD2907	0.179152292180836
MGR_bin174	Cliff Nunatak	SD2908	0.000163629970859968
MGR_bin174	Benson Glacier	SD2909	0.0639666406139936
MGR_bin174	Spaulding Pond	SD2910	0.0175911774511577
MGR_bin174	Flatiron	SD2911	0.000149497943510752
MGR_bin174	Pegtop Mountain	SD2912	0.681951915482744
MGR_bin209	Mount Seuss 4	SD2897	0.00370030875804452
MGR_bin209	Mount Seuss 5	SD2898	0.102116619201622
MGR_bin209	Mount Seuss 6	SD2899	0.0327056271113617
MGR_bin209	Mount Seuss 7	SD2900	0.00862911826474669
MGR_bin209	Mackay Glacier 1	SD2901	0.00739486935855167
MGR_bin209	Mackay Glacier 2	SD2902	0.00437885159895984
MGR_bin209	Mount Murray	SD2903	0.00202532668726132
MGR_bin209	Mount Gran 1	SD2904	0.0325874277773576
MGR_bin209	Mount Gran 2	SD2905	0.180812198309109
MGR_bin209	Towle Glacier 1	SD2906	0.0670852307656735
MGR_bin209	Towle Glacier 2	SD2907	0.169370718963634
MGR_bin209	Cliff Nunatak	SD2908	0.000470716354528675
MGR_bin209	Benson Glacier	SD2909	0.0192164636143463
MGR_bin209	Spaulding Pond	SD2910	0.00188435865577391
MGR_bin209	Flatiron	SD2911	0.000151729256100464
MGR_bin209	Pegtop Mountain	SD2912	0.006764991338879
MGR_bin323	Mount Seuss 4	SD2897	-
MGR_bin323	Mount Seuss 5	SD2898	-
MGR_bin323	Mount Seuss 6	SD2899	0.274140089503598
MGR_bin323	Mount Seuss 7	SD2900	-
MGR_bin323	Mackay Glacier 1	SD2901	-
MGR_bin323	Mackay Glacier 2	SD2902	-
MGR_bin323	Mount Murray	SD2903	-
MGR_bin323	Mount Gran 1	SD2904	-
MGR_bin323	Mount Gran 2	SD2905	-
MGR_bin323	Towle Glacier 1	SD2906	-
MGR_bin323	Towle Glacier 2	SD2907	-
MGR_bin323	Cliff Nunatak	SD2908	-
MGR_bin323	Benson Glacier	SD2909	-
MGR_bin323	Spaulding Pond	SD2910	-
MGR_bin323	Flatiron	SD2911	-
MGR_bin323	Pegtop Mountain	SD2912	-
MGR_bin355	Mount Seuss 4	SD2897	-
MGR_bin355	Mount Seuss 5	SD2898	-
MGR_bin355	Mount Seuss 6	SD2899	-
MGR_bin355	Mount Seuss 7	SD2900	-
MGR_bin355	Mackay Glacier 1	SD2901	-
MGR_bin355	Mackay Glacier 2	SD2902	0.695092509249488
MGR_bin355	Mount Murray	SD2903	-
MGR_bin355	Mount Gran 1	SD2904	-
MGR_bin355	Mount Gran 2	SD2905	-
MGR_bin355	Towle Glacier 1	SD2906	-
MGR_bin355	Towle Glacier 2	SD2907	-
MGR_bin355	Cliff Nunatak	SD2908	-
MGR_bin355	Benson Glacier	SD2909	-
MGR_bin355	Spaulding Pond	SD2910	-
MGR_bin355	Flatiron	SD2911	-
MGR_bin355	Pegtop Mountain	SD2912	-
MGR_bin393	Mount Seuss 4	SD2897	-
MGR_bin393	Mount Seuss 5	SD2898	-
MGR_bin393	Mount Seuss 6	SD2899	-
MGR_bin393	Mount Seuss 7	SD2900	-
MGR_bin393	Mackay Glacier 1	SD2901	-
MGR_bin393	Mackay Glacier 2	SD2902	-
MGR_bin393	Mount Murray	SD2903	-
MGR_bin393	Mount Gran 1	SD2904	-
MGR_bin393	Mount Gran 2	SD2905	-
MGR_bin393	Towle Glacier 1	SD2906	0.824901121751935
MGR_bin393	Towle Glacier 2	SD2907	-
MGR_bin393	Cliff Nunatak	SD2908	-
MGR_bin393	Benson Glacier	SD2909	-
MGR_bin393	Spaulding Pond	SD2910	-
MGR_bin393	Flatiron	SD2911	-
MGR_bin393	Pegtop Mountain	SD2912	-
MGR_bin427	Mount Seuss 4	SD2897	-
MGR_bin427	Mount Seuss 5	SD2898	-
MGR_bin427	Mount Seuss 6	SD2899	-
MGR_bin427	Mount Seuss 7	SD2900	-
MGR_bin427	Mackay Glacier 1	SD2901	-
MGR_bin427	Mackay Glacier 2	SD2902	-
MGR_bin427	Mount Murray	SD2903	-
MGR_bin427	Mount Gran 1	SD2904	-
MGR_bin427	Mount Gran 2	SD2905	-
MGR_bin427	Towle Glacier 1	SD2906	-
MGR_bin427	Towle Glacier 2	SD2907	-
MGR_bin427	Cliff Nunatak	SD2908	-
MGR_bin427	Benson Glacier	SD2909	1.03577770818434
MGR_bin427	Spaulding Pond	SD2910	-
MGR_bin427	Flatiron	SD2911	-
MGR_bin427	Pegtop Mountain	SD2912	-
MGR_bin450	Mount Seuss 4	SD2897	-
MGR_bin450	Mount Seuss 5	SD2898	-
MGR_bin450	Mount Seuss 6	SD2899	-
MGR_bin450	Mount Seuss 7	SD2900	-
MGR_bin450	Mackay Glacier 1	SD2901	-
MGR_bin450	Mackay Glacier 2	SD2902	-
MGR_bin450	Mount Murray	SD2903	-
MGR_bin450	Mount Gran 1	SD2904	-
MGR_bin450	Mount Gran 2	SD2905	-
MGR_bin450	Towle Glacier 1	SD2906	-
MGR_bin450	Towle Glacier 2	SD2907	-
MGR_bin450	Cliff Nunatak	SD2908	-
MGR_bin450	Benson Glacier	SD2909	-
MGR_bin450	Spaulding Pond	SD2910	-
MGR_bin450	Flatiron	SD2911	-
MGR_bin450	Pegtop Mountain	SD2912	5.49147433983238
MGR_bin336	Mount Seuss 4	SD2897	-
MGR_bin336	Mount Seuss 5	SD2898	-
MGR_bin336	Mount Seuss 6	SD2899	-
MGR_bin336	Mount Seuss 7	SD2900	0.669615638106992
MGR_bin336	Mackay Glacier 1	SD2901	-
MGR_bin336	Mackay Glacier 2	SD2902	-
MGR_bin336	Mount Murray	SD2903	-
MGR_bin336	Mount Gran 1	SD2904	-
MGR_bin336	Mount Gran 2	SD2905	-
MGR_bin336	Towle Glacier 1	SD2906	-
MGR_bin336	Towle Glacier 2	SD2907	-
MGR_bin336	Cliff Nunatak	SD2908	-
MGR_bin336	Benson Glacier	SD2909	-
MGR_bin336	Spaulding Pond	SD2910	-
MGR_bin336	Flatiron	SD2911	-
MGR_bin336	Pegtop Mountain	SD2912	-
MGR_bin101	Mount Seuss 4	SD2897	0.0329840803034633
MGR_bin101	Mount Seuss 5	SD2898	0.122194333156345
MGR_bin101	Mount Seuss 6	SD2899	0.339476192928731
MGR_bin101	Mount Seuss 7	SD2900	0.012137227972682
MGR_bin101	Mackay Glacier 1	SD2901	0.00337283647837069
MGR_bin101	Mackay Glacier 2	SD2902	0.00267142163196305
MGR_bin101	Mount Murray	SD2903	0.00373146923673428
MGR_bin101	Mount Gran 1	SD2904	0.0120198300218185
MGR_bin101	Mount Gran 2	SD2905	0.01457062185259
MGR_bin101	Towle Glacier 1	SD2906	0.00302496669449935
MGR_bin101	Towle Glacier 2	SD2907	0.0564377728090946
MGR_bin101	Cliff Nunatak	SD2908	0.0107637139735557
MGR_bin101	Benson Glacier	SD2909	0.0901262462883914
MGR_bin101	Spaulding Pond	SD2910	0.00254618218365548
MGR_bin101	Flatiron	SD2911	0.00299442149539446
MGR_bin101	Pegtop Mountain	SD2912	0.00175766335857427
MGR_bin254	Mount Seuss 4	SD2897	0.000119207842961329
MGR_bin254	Mount Seuss 5	SD2898	6.99908287879519e-05
MGR_bin254	Mount Seuss 6	SD2899	5.26055583133115e-05
MGR_bin254	Mount Seuss 7	SD2900	6.34654906613375e-05
MGR_bin254	Mackay Glacier 1	SD2901	3.7310138035074e-05
MGR_bin254	Mackay Glacier 2	SD2902	1.23906383671756e-05
MGR_bin254	Mount Murray	SD2903	9.41478392037573e-05
MGR_bin254	Mount Gran 1	SD2904	8.7426028837001e-05
MGR_bin254	Mount Gran 2	SD2905	0.00032086496766591
MGR_bin254	Towle Glacier 1	SD2906	3.92852817467449e-05
MGR_bin254	Towle Glacier 2	SD2907	0.000260911528866417
MGR_bin254	Cliff Nunatak	SD2908	1.34490387008193e-05
MGR_bin254	Benson Glacier	SD2909	0.000235550861488017
MGR_bin254	Spaulding Pond	SD2910	1.14899918034994e-05
MGR_bin254	Flatiron	SD2911	0.361182568896797
MGR_bin254	Pegtop Mountain	SD2912	0.000185158430139885
MGR_bin268	Mount Seuss 4	SD2897	0.0192289549135989
MGR_bin268	Mount Seuss 5	SD2898	0.0561181638268089
MGR_bin268	Mount Seuss 6	SD2899	0.51642125088202
MGR_bin268	Mount Seuss 7	SD2900	0.0045213690933215
MGR_bin268	Mackay Glacier 1	SD2901	0.000218886143139101
MGR_bin268	Mackay Glacier 2	SD2902	0.000292419065465343
MGR_bin268	Mount Murray	SD2903	0.000521257548762266
MGR_bin268	Mount Gran 1	SD2904	0.0174926994270148
MGR_bin268	Mount Gran 2	SD2905	0.00920211993089622
MGR_bin268	Towle Glacier 1	SD2906	0.000496678204940988
MGR_bin268	Towle Glacier 2	SD2907	0.00776211798377589
MGR_bin268	Cliff Nunatak	SD2908	6.72451935040964e-05
MGR_bin268	Benson Glacier	SD2909	0.0572141825846704
MGR_bin268	Spaulding Pond	SD2910	0.000537731616403774
MGR_bin268	Flatiron	SD2911	0.000127184817613625
MGR_bin268	Pegtop Mountain	SD2912	0.000593043667549488
MGR_bin386	Mount Seuss 4	SD2897	-
MGR_bin386	Mount Seuss 5	SD2898	-
MGR_bin386	Mount Seuss 6	SD2899	-
MGR_bin386	Mount Seuss 7	SD2900	-
MGR_bin386	Mackay Glacier 1	SD2901	-
MGR_bin386	Mackay Glacier 2	SD2902	-
MGR_bin386	Mount Murray	SD2903	-
MGR_bin386	Mount Gran 1	SD2904	-
MGR_bin386	Mount Gran 2	SD2905	0.259898229294703
MGR_bin386	Towle Glacier 1	SD2906	-
MGR_bin386	Towle Glacier 2	SD2907	-
MGR_bin386	Cliff Nunatak	SD2908	-
MGR_bin386	Benson Glacier	SD2909	-
MGR_bin386	Spaulding Pond	SD2910	-
MGR_bin386	Flatiron	SD2911	-
MGR_bin386	Pegtop Mountain	SD2912	-
MGR_bin132	Mount Seuss 4	SD2897	0.00352271340016336
MGR_bin132	Mount Seuss 5	SD2898	0.00120673842737848
MGR_bin132	Mount Seuss 6	SD2899	0.00672850141093117
MGR_bin132	Mount Seuss 7	SD2900	0.000947605429529626
MGR_bin132	Mackay Glacier 1	SD2901	0.00229084247535354
MGR_bin132	Mackay Glacier 2	SD2902	0.00247069329041481
MGR_bin132	Mount Murray	SD2903	0.00232843680372219
MGR_bin132	Mount Gran 1	SD2904	0.000499577307640006
MGR_bin132	Mount Gran 2	SD2905	0.0113260544556698
MGR_bin132	Towle Glacier 1	SD2906	1.3629495344638
MGR_bin132	Towle Glacier 2	SD2907	0.0777881632162335
MGR_bin132	Cliff Nunatak	SD2908	0.000461750328728128
MGR_bin132	Benson Glacier	SD2909	0.122991199819815
MGR_bin132	Spaulding Pond	SD2910	0.000473387662304177
MGR_bin132	Flatiron	SD2911	2.00818133074144e-05
MGR_bin132	Pegtop Mountain	SD2912	0.0739238323694719
MGR_bin377	Mount Seuss 4	SD2897	-
MGR_bin377	Mount Seuss 5	SD2898	-
MGR_bin377	Mount Seuss 6	SD2899	-
MGR_bin377	Mount Seuss 7	SD2900	-
MGR_bin377	Mackay Glacier 1	SD2901	-
MGR_bin377	Mackay Glacier 2	SD2902	-
MGR_bin377	Mount Murray	SD2903	-
MGR_bin377	Mount Gran 1	SD2904	-
MGR_bin377	Mount Gran 2	SD2905	0.360592360789381
MGR_bin377	Towle Glacier 1	SD2906	-
MGR_bin377	Towle Glacier 2	SD2907	-
MGR_bin377	Cliff Nunatak	SD2908	-
MGR_bin377	Benson Glacier	SD2909	-
MGR_bin377	Spaulding Pond	SD2910	-
MGR_bin377	Flatiron	SD2911	-
MGR_bin377	Pegtop Mountain	SD2912	-
MGR_bin392	Mount Seuss 4	SD2897	-
MGR_bin392	Mount Seuss 5	SD2898	-
MGR_bin392	Mount Seuss 6	SD2899	-
MGR_bin392	Mount Seuss 7	SD2900	-
MGR_bin392	Mackay Glacier 1	SD2901	-
MGR_bin392	Mackay Glacier 2	SD2902	-
MGR_bin392	Mount Murray	SD2903	-
MGR_bin392	Mount Gran 1	SD2904	-
MGR_bin392	Mount Gran 2	SD2905	-
MGR_bin392	Towle Glacier 1	SD2906	0.356634593788503
MGR_bin392	Towle Glacier 2	SD2907	-
MGR_bin392	Cliff Nunatak	SD2908	-
MGR_bin392	Benson Glacier	SD2909	-
MGR_bin392	Spaulding Pond	SD2910	-
MGR_bin392	Flatiron	SD2911	-
MGR_bin392	Pegtop Mountain	SD2912	-
MGR_bin31	Mount Seuss 4	SD2897	0.000386817286343905
MGR_bin31	Mount Seuss 5	SD2898	0.000656465704493894
MGR_bin31	Mount Seuss 6	SD2899	0.000470944998233455
MGR_bin31	Mount Seuss 7	SD2900	0.000212281123936198
MGR_bin31	Mackay Glacier 1	SD2901	0.00132575357151296
MGR_bin31	Mackay Glacier 2	SD2902	0.00397987304353679
MGR_bin31	Mount Murray	SD2903	0.000980515300975716
MGR_bin31	Mount Gran 1	SD2904	0.000164860511521202
MGR_bin31	Mount Gran 2	SD2905	0.00161150838238177
MGR_bin31	Towle Glacier 1	SD2906	0.0125460353349783
MGR_bin31	Towle Glacier 2	SD2907	0.0135517448093217
MGR_bin31	Cliff Nunatak	SD2908	0.000103109296706281
MGR_bin31	Benson Glacier	SD2909	0.473082593554072
MGR_bin31	Spaulding Pond	SD2910	3.44699754104983e-05
MGR_bin31	Flatiron	SD2911	1.78505007177017e-05
MGR_bin31	Pegtop Mountain	SD2912	0.0233031276425328
MGR_bin138	Mount Seuss 4	SD2897	0.00153267226664566
MGR_bin138	Mount Seuss 5	SD2898	0.00218661003040981
MGR_bin138	Mount Seuss 6	SD2899	0.000255512711807513
MGR_bin138	Mount Seuss 7	SD2900	0.000831616774183044
MGR_bin138	Mackay Glacier 1	SD2901	0.000567114098133125
MGR_bin138	Mackay Glacier 2	SD2902	0.000537753705135419
MGR_bin138	Mount Murray	SD2903	1.93008581460729
MGR_bin138	Mount Gran 1	SD2904	0.00189839376903202
MGR_bin138	Mount Gran 2	SD2905	0.00261720454969284
MGR_bin138	Towle Glacier 1	SD2906	0.00154054426278307
MGR_bin138	Towle Glacier 2	SD2907	0.000800998393619899
MGR_bin138	Cliff Nunatak	SD2908	8.96602580054618e-05
MGR_bin138	Benson Glacier	SD2909	0.00129665140895309
MGR_bin138	Spaulding Pond	SD2910	3.90659721318981e-05
MGR_bin138	Flatiron	SD2911	8.92525035885085e-06
MGR_bin138	Pegtop Mountain	SD2912	0.000211992985232622
MGR_bin29	Mount Seuss 4	SD2897	0.000265176630260916
MGR_bin29	Mount Seuss 5	SD2898	0.000260655500313752
MGR_bin29	Mount Seuss 6	SD2899	0.000280562977670995
MGR_bin29	Mount Seuss 7	SD2900	0.000339212105258873
MGR_bin29	Mackay Glacier 1	SD2901	0.000482544451920291
MGR_bin29	Mackay Glacier 2	SD2902	0.000297375320812213
MGR_bin29	Mount Murray	SD2903	0.000783034467523932
MGR_bin29	Mount Gran 1	SD2904	0.000289754838431203
MGR_bin29	Mount Gran 2	SD2905	0.000251424041827766
MGR_bin29	Towle Glacier 1	SD2906	0.000173977676307013
MGR_bin29	Towle Glacier 2	SD2907	0.000302657373485043
MGR_bin29	Cliff Nunatak	SD2908	6.72451935040964e-06
MGR_bin29	Benson Glacier	SD2909	0.000296121083013508
MGR_bin29	Spaulding Pond	SD2910	0.000333209762301484
MGR_bin29	Flatiron	SD2911	0.782987669543498
MGR_bin29	Pegtop Mountain	SD2912	0.000367633404770497
MGR_bin97	Mount Seuss 4	SD2897	0.0443234222635195
MGR_bin97	Mount Seuss 5	SD2898	0.0207872761500217
MGR_bin97	Mount Seuss 6	SD2899	0.00604462915285813
MGR_bin97	Mount Seuss 7	SD2900	0.0270931991168055
MGR_bin97	Mackay Glacier 1	SD2901	0.00239779820438742
MGR_bin97	Mackay Glacier 2	SD2902	0.00839341842992472
MGR_bin97	Mount Murray	SD2903	0.00163036502035775
MGR_bin97	Mount Gran 1	SD2904	0.15277573644939
MGR_bin97	Mount Gran 2	SD2905	0.214948399645267
MGR_bin97	Towle Glacier 1	SD2906	0.104397830150421
MGR_bin97	Towle Glacier 2	SD2907	0.103026135403482
MGR_bin97	Cliff Nunatak	SD2908	4.48301290027309e-05
MGR_bin97	Benson Glacier	SD2909	0.0221911344937092
MGR_bin97	Spaulding Pond	SD2910	0.00165226082134322
MGR_bin97	Flatiron	SD2911	0.000548902897069327
MGR_bin97	Pegtop Mountain	SD2912	0.00225141917228063
MGR_bin172	Mount Seuss 4	SD2897	0.028381197877283
MGR_bin172	Mount Seuss 5	SD2898	0.0481078341458705
MGR_bin172	Mount Seuss 6	SD2899	0.282634634657905
MGR_bin172	Mount Seuss 7	SD2900	0.247149939891615
MGR_bin172	Mackay Glacier 1	SD2901	0.000231322855817459
MGR_bin172	Mackay Glacier 2	SD2902	0.000919385366844426
MGR_bin172	Mount Murray	SD2903	0.000523553837523333
MGR_bin172	Mount Gran 1	SD2904	0.000287256951893003
MGR_bin172	Mount Gran 2	SD2905	0.000232267924355174
MGR_bin172	Towle Glacier 1	SD2906	0.000112243662133557
MGR_bin172	Towle Glacier 2	SD2907	0.00423198499821328
MGR_bin172	Cliff Nunatak	SD2908	4.03471161024578e-05
MGR_bin172	Benson Glacier	SD2909	0.0253968695514842
MGR_bin172	Spaulding Pond	SD2910	0.19644438986443
MGR_bin172	Flatiron	SD2911	0.164664175183029
MGR_bin172	Pegtop Mountain	SD2912	0.000107338220370948
MGR_bin286	Mount Seuss 4	SD2897	0.0515002209724158
MGR_bin286	Mount Seuss 5	SD2898	0.0353405415842062
MGR_bin286	Mount Seuss 6	SD2899	0.00473700527478438
MGR_bin286	Mount Seuss 7	SD2900	0.0549567379823279
MGR_bin286	Mackay Glacier 1	SD2901	0.00229830450296056
MGR_bin286	Mackay Glacier 2	SD2902	0.578999662132073
MGR_bin286	Mount Murray	SD2903	0.00208043761752693
MGR_bin286	Mount Gran 1	SD2904	0.0110656373642261
MGR_bin286	Mount Gran 2	SD2905	0.0790070120010203
MGR_bin286	Towle Glacier 1	SD2906	0.00997565547211985
MGR_bin286	Towle Glacier 2	SD2907	0.116885755816866
MGR_bin286	Cliff Nunatak	SD2908	0.000425886225525944
MGR_bin286	Benson Glacier	SD2909	0.0982134925328133
MGR_bin286	Spaulding Pond	SD2910	0.00403298712302831
MGR_bin286	Flatiron	SD2911	0.00309259924934182
MGR_bin286	Pegtop Mountain	SD2912	0.00595458777507834
MGR_bin296	Mount Seuss 4	SD2897	0.190973397237171
MGR_bin296	Mount Seuss 5	SD2898	0.157551769078535
MGR_bin296	Mount Seuss 6	SD2899	0.119537363673948
MGR_bin296	Mount Seuss 7	SD2900	0.024114697986113
MGR_bin296	Mackay Glacier 1	SD2901	0.000591987523489841
MGR_bin296	Mackay Glacier 2	SD2902	0.003952613639129
MGR_bin296	Mount Murray	SD2903	0.00151555058230439
MGR_bin296	Mount Gran 1	SD2904	0.0873960541985426
MGR_bin296	Mount Gran 2	SD2905	0.111586778792531
MGR_bin296	Towle Glacier 1	SD2906	0.0049892307818366
MGR_bin296	Towle Glacier 2	SD2907	0.0610767797923395
MGR_bin296	Cliff Nunatak	SD2908	9.63847773558715e-05
MGR_bin296	Benson Glacier	SD2909	0.0127264765449669
MGR_bin296	Spaulding Pond	SD2910	0.000563009598371473
MGR_bin296	Flatiron	SD2911	0.00138341380562188
MGR_bin296	Pegtop Mountain	SD2912	0.00026834555092737
MGR_bin331	Mount Seuss 4	SD2897	-
MGR_bin331	Mount Seuss 5	SD2898	-
MGR_bin331	Mount Seuss 6	SD2899	-
MGR_bin331	Mount Seuss 7	SD2900	0.69408486745473
MGR_bin331	Mackay Glacier 1	SD2901	-
MGR_bin331	Mackay Glacier 2	SD2902	-
MGR_bin331	Mount Murray	SD2903	-
MGR_bin331	Mount Gran 1	SD2904	-
MGR_bin331	Mount Gran 2	SD2905	-
MGR_bin331	Towle Glacier 1	SD2906	-
MGR_bin331	Towle Glacier 2	SD2907	-
MGR_bin331	Cliff Nunatak	SD2908	-
MGR_bin331	Benson Glacier	SD2909	-
MGR_bin331	Spaulding Pond	SD2910	-
MGR_bin331	Flatiron	SD2911	-
MGR_bin331	Pegtop Mountain	SD2912	-
MGR_bin445	Mount Seuss 4	SD2897	-
MGR_bin445	Mount Seuss 5	SD2898	-
MGR_bin445	Mount Seuss 6	SD2899	-
MGR_bin445	Mount Seuss 7	SD2900	-
MGR_bin445	Mackay Glacier 1	SD2901	-
MGR_bin445	Mackay Glacier 2	SD2902	-
MGR_bin445	Mount Murray	SD2903	-
MGR_bin445	Mount Gran 1	SD2904	-
MGR_bin445	Mount Gran 2	SD2905	-
MGR_bin445	Towle Glacier 1	SD2906	-
MGR_bin445	Towle Glacier 2	SD2907	-
MGR_bin445	Cliff Nunatak	SD2908	-
MGR_bin445	Benson Glacier	SD2909	-
MGR_bin445	Spaulding Pond	SD2910	-
MGR_bin445	Flatiron	SD2911	2.77302619761798
MGR_bin445	Pegtop Mountain	SD2912	-
MGR_bin422	Mount Seuss 4	SD2897	-
MGR_bin422	Mount Seuss 5	SD2898	-
MGR_bin422	Mount Seuss 6	SD2899	-
MGR_bin422	Mount Seuss 7	SD2900	-
MGR_bin422	Mackay Glacier 1	SD2901	-
MGR_bin422	Mackay Glacier 2	SD2902	-
MGR_bin422	Mount Murray	SD2903	-
MGR_bin422	Mount Gran 1	SD2904	-
MGR_bin422	Mount Gran 2	SD2905	-
MGR_bin422	Towle Glacier 1	SD2906	-
MGR_bin422	Towle Glacier 2	SD2907	-
MGR_bin422	Cliff Nunatak	SD2908	-
MGR_bin422	Benson Glacier	SD2909	0.206744112798802
MGR_bin422	Spaulding Pond	SD2910	-
MGR_bin422	Flatiron	SD2911	-
MGR_bin422	Pegtop Mountain	SD2912	-
MGR_bin44	Mount Seuss 4	SD2897	0.0336628351644063
MGR_bin44	Mount Seuss 5	SD2898	0.0205217936959985
MGR_bin44	Mount Seuss 6	SD2899	0.04666614027708
MGR_bin44	Mount Seuss 7	SD2900	0.00584539053642871
MGR_bin44	Mackay Glacier 1	SD2901	0.000181576005104027
MGR_bin44	Mackay Glacier 2	SD2902	0.0474487105632621
MGR_bin44	Mount Murray	SD2903	0.000454665174691316
MGR_bin44	Mount Gran 1	SD2904	0.0279113841778471
MGR_bin44	Mount Gran 2	SD2905	0.0236817502254914
MGR_bin44	Towle Glacier 1	SD2906	0.0257486960934379
MGR_bin44	Towle Glacier 2	SD2907	0.228508926096496
MGR_bin44	Cliff Nunatak	SD2908	3.58641032021847e-05
MGR_bin44	Benson Glacier	SD2909	0.0412999177142324
MGR_bin44	Spaulding Pond	SD2910	0.00402379512958551
MGR_bin44	Flatiron	SD2911	0.000187430257535868
MGR_bin44	Pegtop Mountain	SD2912	0.0203218085717297
MGR_bin258	Mount Seuss 4	SD2897	0.00920333203923894
MGR_bin258	Mount Seuss 5	SD2898	0.0190109571849206
MGR_bin258	Mount Seuss 6	SD2899	0.101438546587583
MGR_bin258	Mount Seuss 7	SD2900	0.0549764341690848
MGR_bin258	Mackay Glacier 1	SD2901	0.000499955849669992
MGR_bin258	Mackay Glacier 2	SD2902	0.104787628671204
MGR_bin258	Mount Murray	SD2903	0.000890960039294093
MGR_bin258	Mount Gran 1	SD2904	0.0791755096013263
MGR_bin258	Mount Gran 2	SD2905	0.121557537937014
MGR_bin258	Towle Glacier 1	SD2906	0.00679074155908018
MGR_bin258	Towle Glacier 2	SD2907	0.135384383213495
MGR_bin258	Cliff Nunatak	SD2908	0.000114316828956964
MGR_bin258	Benson Glacier	SD2909	0.0166523242364338
MGR_bin258	Spaulding Pond	SD2910	0.0199856917430069
MGR_bin258	Flatiron	SD2911	0.00116920779700946
MGR_bin258	Pegtop Mountain	SD2912	0.0103903397319078
MGR_bin42	Mount Seuss 4	SD2897	0.00587037806256504
MGR_bin42	Mount Seuss 5	SD2898	0.0142515808273399
MGR_bin42	Mount Seuss 6	SD2899	0.000443389705783625
MGR_bin42	Mount Seuss 7	SD2900	0.00165666815278043
MGR_bin42	Mackay Glacier 1	SD2901	0.00361162136179516
MGR_bin42	Mackay Glacier 2	SD2902	0.00284736869677694
MGR_bin42	Mount Murray	SD2903	0.00246851041814729
MGR_bin42	Mount Gran 1	SD2904	0.354310218124445
MGR_bin42	Mount Gran 2	SD2905	0.0208394612954957
MGR_bin42	Towle Glacier 1	SD2906	0.00389766116758776
MGR_bin42	Towle Glacier 2	SD2907	0.000367885255701647
MGR_bin42	Cliff Nunatak	SD2908	0.00012328285475751
MGR_bin42	Benson Glacier	SD2909	0.000991556959787654
MGR_bin42	Spaulding Pond	SD2910	0.00137190502133783
MGR_bin42	Flatiron	SD2911	0.00275343973570549
MGR_bin42	Pegtop Mountain	SD2912	0.0227369185300761
MGR_bin104	Mount Seuss 4	SD2897	0.0172997341081227
MGR_bin104	Mount Seuss 5	SD2898	0.00406670850026548
MGR_bin104	Mount Seuss 6	SD2899	0.00643541330032844
MGR_bin104	Mount Seuss 7	SD2900	0.0352080280606758
MGR_bin104	Mackay Glacier 1	SD2901	0.000455183684027903
MGR_bin104	Mackay Glacier 2	SD2902	0.0486753837616124
MGR_bin104	Mount Murray	SD2903	0.000615405387966023
MGR_bin104	Mount Gran 1	SD2904	0.035327609309763
MGR_bin104	Mount Gran 2	SD2905	0.0330443026402206
MGR_bin104	Towle Glacier 1	SD2906	0.0093302544148519
MGR_bin104	Towle Glacier 2	SD2907	0.0131655957465994
MGR_bin104	Cliff Nunatak	SD2908	0.000430369238426217
MGR_bin104	Benson Glacier	SD2909	0.00479626420820363
MGR_bin104	Spaulding Pond	SD2910	0.01904351241512
MGR_bin104	Flatiron	SD2911	0.00441130498986203
MGR_bin104	Pegtop Mountain	SD2912	0.00249293016811527
MGR_bin167	Mount Seuss 4	SD2897	0.071334946353308
MGR_bin167	Mount Seuss 5	SD2898	0.0187961577448472
MGR_bin167	Mount Seuss 6	SD2899	0.0243338282597861
MGR_bin167	Mount Seuss 7	SD2900	0.0376087743798305
MGR_bin167	Mackay Glacier 1	SD2901	0.000984987644125954
MGR_bin167	Mackay Glacier 2	SD2902	0.157393322922884
MGR_bin167	Mount Murray	SD2903	0.00043399857584171
MGR_bin167	Mount Gran 1	SD2904	0.0218764903015559
MGR_bin167	Mount Gran 2	SD2905	0.00636701454495265
MGR_bin167	Towle Glacier 1	SD2906	0.00954351737290566
MGR_bin167	Towle Glacier 2	SD2907	0.00450333298823435
MGR_bin167	Cliff Nunatak	SD2908	0.000244324203064883
MGR_bin167	Benson Glacier	SD2909	0.00800872929059259
MGR_bin167	Spaulding Pond	SD2910	0.0229891756004417
MGR_bin167	Flatiron	SD2911	0.0124931191898015
MGR_bin167	Pegtop Mountain	SD2912	0.0020716276531593
MGR_bin230	Mount Seuss 4	SD2897	0.00727167842064108
MGR_bin230	Mount Seuss 5	SD2898	0.0292875416324757
MGR_bin230	Mount Seuss 6	SD2899	0.0332241676147357
MGR_bin230	Mount Seuss 7	SD2900	0.00601171389126532
MGR_bin230	Mackay Glacier 1	SD2901	0.000243759568495817
MGR_bin230	Mackay Glacier 2	SD2902	0.000478278640972976
MGR_bin230	Mount Murray	SD2903	0.00014236990318617
MGR_bin230	Mount Gran 1	SD2904	0.00480593369949686
MGR_bin230	Mount Gran 2	SD2905	0.00132895564966105
MGR_bin230	Towle Glacier 1	SD2906	0.000463005106300921
MGR_bin230	Towle Glacier 2	SD2907	0.00221252976478721
MGR_bin230	Cliff Nunatak	SD2908	5.82791677035502e-05
MGR_bin230	Benson Glacier	SD2909	0.00138638507047233
MGR_bin230	Spaulding Pond	SD2910	0.271104058605209
MGR_bin230	Flatiron	SD2911	0.140532529525286
MGR_bin230	Pegtop Mountain	SD2912	0.00317721132298006
MGR_bin436	Mount Seuss 4	SD2897	-
MGR_bin436	Mount Seuss 5	SD2898	-
MGR_bin436	Mount Seuss 6	SD2899	-
MGR_bin436	Mount Seuss 7	SD2900	-
MGR_bin436	Mackay Glacier 1	SD2901	-
MGR_bin436	Mackay Glacier 2	SD2902	-
MGR_bin436	Mount Murray	SD2903	-
MGR_bin436	Mount Gran 1	SD2904	-
MGR_bin436	Mount Gran 2	SD2905	-
MGR_bin436	Towle Glacier 1	SD2906	-
MGR_bin436	Towle Glacier 2	SD2907	-
MGR_bin436	Cliff Nunatak	SD2908	-
MGR_bin436	Benson Glacier	SD2909	-
MGR_bin436	Spaulding Pond	SD2910	0.229133416545386
MGR_bin436	Flatiron	SD2911	-
MGR_bin436	Pegtop Mountain	SD2912	-
MGR_bin119	Mount Seuss 4	SD2897	0.00697244240667692
MGR_bin119	Mount Seuss 5	SD2898	0.0135227108172033
MGR_bin119	Mount Seuss 6	SD2899	0.0012324730804833
MGR_bin119	Mount Seuss 7	SD2900	0.0135706726755501
MGR_bin119	Mackay Glacier 1	SD2901	0.000432797601206859
MGR_bin119	Mackay Glacier 2	SD2902	0.000738482046683663
MGR_bin119	Mount Murray	SD2903	0.000259480630000599
MGR_bin119	Mount Gran 1	SD2904	0.207749223382096
MGR_bin119	Mount Gran 2	SD2905	0.040536739086688
MGR_bin119	Towle Glacier 1	SD2906	0.011409568255876
MGR_bin119	Towle Glacier 2	SD2907	0.0510995229284877
MGR_bin119	Cliff Nunatak	SD2908	8.29357386550522e-05
MGR_bin119	Benson Glacier	SD2909	0.000969123544407843
MGR_bin119	Spaulding Pond	SD2910	0.013905188080595
MGR_bin119	Flatiron	SD2911	0.0285072496461696
MGR_bin119	Pegtop Mountain	SD2912	0.0372812473903395
MGR_bin170	Mount Seuss 4	SD2897	0.00944661335140492
MGR_bin170	Mount Seuss 5	SD2898	0.0100979871603031
MGR_bin170	Mount Seuss 6	SD2899	0.000182866940803416
MGR_bin170	Mount Seuss 7	SD2900	8.53501426135229e-05
MGR_bin170	Mackay Glacier 1	SD2901	0.275022976826673
MGR_bin170	Mackay Glacier 2	SD2902	0.065724902154846
MGR_bin170	Mount Murray	SD2903	0.0074537533184243
MGR_bin170	Mount Gran 1	SD2904	0.000931711678748611
MGR_bin170	Mount Gran 2	SD2905	0.0392676463041288
MGR_bin170	Towle Glacier 1	SD2906	0.241172344643267
MGR_bin170	Towle Glacier 2	SD2907	0.00103581876959967
MGR_bin170	Cliff Nunatak	SD2908	5.82791677035502e-05
MGR_bin170	Benson Glacier	SD2909	0.00682200161700058
MGR_bin170	Spaulding Pond	SD2910	9.42179327886955e-05
MGR_bin170	Flatiron	SD2911	6.02454399222432e-05
MGR_bin170	Pegtop Mountain	SD2912	0.00379708954562229
MGR_bin348	Mount Seuss 4	SD2897	-
MGR_bin348	Mount Seuss 5	SD2898	-
MGR_bin348	Mount Seuss 6	SD2899	-
MGR_bin348	Mount Seuss 7	SD2900	-
MGR_bin348	Mackay Glacier 1	SD2901	0.502425780807914
MGR_bin348	Mackay Glacier 2	SD2902	-
MGR_bin348	Mount Murray	SD2903	-
MGR_bin348	Mount Gran 1	SD2904	-
MGR_bin348	Mount Gran 2	SD2905	-
MGR_bin348	Towle Glacier 1	SD2906	-
MGR_bin348	Towle Glacier 2	SD2907	-
MGR_bin348	Cliff Nunatak	SD2908	-
MGR_bin348	Benson Glacier	SD2909	-
MGR_bin348	Spaulding Pond	SD2910	-
MGR_bin348	Flatiron	SD2911	-
MGR_bin348	Pegtop Mountain	SD2912	-
MGR_bin273	Mount Seuss 4	SD2897	0.245624111202136
MGR_bin273	Mount Seuss 5	SD2898	0.0682772602210745
MGR_bin273	Mount Seuss 6	SD2899	0.00084669898618568
MGR_bin273	Mount Seuss 7	SD2900	0.0395149275648659
MGR_bin273	Mackay Glacier 1	SD2901	0.000318379844565965
MGR_bin273	Mackay Glacier 2	SD2902	0.000426237959830839
MGR_bin273	Mount Murray	SD2903	0.00118258871194963
MGR_bin273	Mount Gran 1	SD2904	0.192999203374025
MGR_bin273	Mount Gran 2	SD2905	0.000651307994068117
MGR_bin273	Towle Glacier 1	SD2906	0.000900755388621793
MGR_bin273	Towle Glacier 2	SD2907	0.000302657373485043
MGR_bin273	Cliff Nunatak	SD2908	0.000562618118984273
MGR_bin273	Benson Glacier	SD2909	0.000724599316767901
MGR_bin273	Spaulding Pond	SD2910	0.000321719770497985
MGR_bin273	Flatiron	SD2911	0.000698400840580079
MGR_bin273	Pegtop Mountain	SD2912	0.000262978639908823
MGR_bin76	Mount Seuss 4	SD2897	0.0660533090661846
MGR_bin76	Mount Seuss 5	SD2898	0.0321523386590723
MGR_bin76	Mount Seuss 6	SD2899	0.03620514925249
MGR_bin76	Mount Seuss 7	SD2900	0.56249683219663
MGR_bin76	Mackay Glacier 1	SD2901	0.00250226659088563
MGR_bin76	Mackay Glacier 2	SD2902	0.037196696378261
MGR_bin76	Mount Murray	SD2903	0.00115962582433896
MGR_bin76	Mount Gran 1	SD2904	0.0728958228442914
MGR_bin76	Mount Gran 2	SD2905	0.0211938494687386
MGR_bin76	Towle Glacier 1	SD2906	0.0799539666292858
MGR_bin76	Towle Glacier 2	SD2907	0.720820280799249
MGR_bin76	Cliff Nunatak	SD2908	8.06942322049157e-05
MGR_bin76	Benson Glacier	SD2909	0.0280709326647577
MGR_bin76	Spaulding Pond	SD2910	0.162771819885095
MGR_bin76	Flatiron	SD2911	0.030011154331636
MGR_bin76	Pegtop Mountain	SD2912	0.0468397159143724
MGR_bin99	Mount Seuss 4	SD2897	0.0381294800557737
MGR_bin99	Mount Seuss 5	SD2898	0.0443210889607569
MGR_bin99	Mount Seuss 6	SD2899	0.00201404137542393
MGR_bin99	Mount Seuss 7	SD2900	0.0265417058876104
MGR_bin99	Mackay Glacier 1	SD2901	0.0111432945598088
MGR_bin99	Mackay Glacier 2	SD2902	0.328785589073003
MGR_bin99	Mount Murray	SD2903	0.00149947656097691
MGR_bin99	Mount Gran 1	SD2904	0.0118100075526097
MGR_bin99	Mount Gran 2	SD2905	0.00121162443014142
MGR_bin99	Towle Glacier 1	SD2906	0.23609051284017
MGR_bin99	Towle Glacier 2	SD2907	0.127849258259833
MGR_bin99	Cliff Nunatak	SD2908	0.000401229654574442
MGR_bin99	Benson Glacier	SD2909	0.0287304750769242
MGR_bin99	Spaulding Pond	SD2910	0.00299888786071336
MGR_bin99	Flatiron	SD2911	0.00172703594443764
MGR_bin99	Pegtop Mountain	SD2912	0.00445990305641289
MGR_bin247	Mount Seuss 4	SD2897	0.304495755933181
MGR_bin247	Mount Seuss 5	SD2898	0.0710044890669499
MGR_bin247	Mount Seuss 6	SD2899	0.0253483640272571
MGR_bin247	Mount Seuss 7	SD2900	1.8788958510289
MGR_bin247	Mackay Glacier 1	SD2901	0.00112676616865924
MGR_bin247	Mackay Glacier 2	SD2902	0.107570566048471
MGR_bin247	Mount Murray	SD2903	0.000624590543010292
MGR_bin247	Mount Gran 1	SD2904	0.0672655865871886
MGR_bin247	Mount Gran 2	SD2905	0.0031631538976617
MGR_bin247	Towle Glacier 1	SD2906	0.346992863211231
MGR_bin247	Towle Glacier 2	SD2907	0.414270107303519
MGR_bin247	Cliff Nunatak	SD2908	0.000459508822277992
MGR_bin247	Benson Glacier	SD2909	0.0635426490633152
MGR_bin247	Spaulding Pond	SD2910	0.681237018032761
MGR_bin247	Flatiron	SD2911	0.0618765294253232
MGR_bin247	Pegtop Mountain	SD2912	0.0587998771192053
MGR_bin324	Mount Seuss 4	SD2897	-
MGR_bin324	Mount Seuss 5	SD2898	-
MGR_bin324	Mount Seuss 6	SD2899	0.317206506576096
MGR_bin324	Mount Seuss 7	SD2900	-
MGR_bin324	Mackay Glacier 1	SD2901	-
MGR_bin324	Mackay Glacier 2	SD2902	-
MGR_bin324	Mount Murray	SD2903	-
MGR_bin324	Mount Gran 1	SD2904	-
MGR_bin324	Mount Gran 2	SD2905	-
MGR_bin324	Towle Glacier 1	SD2906	-
MGR_bin324	Towle Glacier 2	SD2907	-
MGR_bin324	Cliff Nunatak	SD2908	-
MGR_bin324	Benson Glacier	SD2909	-
MGR_bin324	Spaulding Pond	SD2910	-
MGR_bin324	Flatiron	SD2911	-
MGR_bin324	Pegtop Mountain	SD2912	-
MGR_bin400	Mount Seuss 4	SD2897	-
MGR_bin400	Mount Seuss 5	SD2898	-
MGR_bin400	Mount Seuss 6	SD2899	-
MGR_bin400	Mount Seuss 7	SD2900	-
MGR_bin400	Mackay Glacier 1	SD2901	-
MGR_bin400	Mackay Glacier 2	SD2902	-
MGR_bin400	Mount Murray	SD2903	-
MGR_bin400	Mount Gran 1	SD2904	-
MGR_bin400	Mount Gran 2	SD2905	-
MGR_bin400	Towle Glacier 1	SD2906	-
MGR_bin400	Towle Glacier 2	SD2907	1.34534594363977
MGR_bin400	Cliff Nunatak	SD2908	-
MGR_bin400	Benson Glacier	SD2909	-
MGR_bin400	Spaulding Pond	SD2910	-
MGR_bin400	Flatiron	SD2911	-
MGR_bin400	Pegtop Mountain	SD2912	-
MGR_bin439	Mount Seuss 4	SD2897	-
MGR_bin439	Mount Seuss 5	SD2898	-
MGR_bin439	Mount Seuss 6	SD2899	-
MGR_bin439	Mount Seuss 7	SD2900	-
MGR_bin439	Mackay Glacier 1	SD2901	-
MGR_bin439	Mackay Glacier 2	SD2902	-
MGR_bin439	Mount Murray	SD2903	-
MGR_bin439	Mount Gran 1	SD2904	-
MGR_bin439	Mount Gran 2	SD2905	-
MGR_bin439	Towle Glacier 1	SD2906	-
MGR_bin439	Towle Glacier 2	SD2907	-
MGR_bin439	Cliff Nunatak	SD2908	-
MGR_bin439	Benson Glacier	SD2909	-
MGR_bin439	Spaulding Pond	SD2910	0.771369109736132
MGR_bin439	Flatiron	SD2911	-
MGR_bin439	Pegtop Mountain	SD2912	-
MGR_bin107	Mount Seuss 4	SD2897	0.0175381497940453
MGR_bin107	Mount Seuss 5	SD2898	0.00396292899551093
MGR_bin107	Mount Seuss 6	SD2899	0.00382016554418095
MGR_bin107	Mount Seuss 7	SD2900	0.0287870711779046
MGR_bin107	Mackay Glacier 1	SD2901	0.00246495645285056
MGR_bin107	Mackay Glacier 2	SD2902	0.0170767777976414
MGR_bin107	Mount Murray	SD2903	0.00202991926478345
MGR_bin107	Mount Gran 1	SD2904	0.0401260493496453
MGR_bin107	Mount Gran 2	SD2905	0.00365642392258093
MGR_bin107	Towle Glacier 1	SD2906	0.0293938090212252
MGR_bin107	Towle Glacier 2	SD2907	0.0898527123110166
MGR_bin107	Cliff Nunatak	SD2908	0.000495372925480177
MGR_bin107	Benson Glacier	SD2909	0.00864808162891721
MGR_bin107	Spaulding Pond	SD2910	0.0197604879036583
MGR_bin107	Flatiron	SD2911	0.00343622138815758
MGR_bin107	Pegtop Mountain	SD2912	0.162577152029347
MGR_bin211	Mount Seuss 4	SD2897	0.0974390311487174
MGR_bin211	Mount Seuss 5	SD2898	0.0900130327750157
MGR_bin211	Mount Seuss 6	SD2899	0.0607118243467342
MGR_bin211	Mount Seuss 7	SD2900	0.138665531699437
MGR_bin211	Mackay Glacier 1	SD2901	0.000126854469319252
MGR_bin211	Mackay Glacier 2	SD2902	0.00100116358006778
MGR_bin211	Mount Murray	SD2903	0.000181406812124313
MGR_bin211	Mount Gran 1	SD2904	0.0552982121826722
MGR_bin211	Mount Gran 2	SD2905	0.0121952632859887
MGR_bin211	Towle Glacier 1	SD2906	0.00437469673165537
MGR_bin211	Towle Glacier 2	SD2907	0.00766558071809532
MGR_bin211	Cliff Nunatak	SD2908	0.000136731893458329
MGR_bin211	Benson Glacier	SD2909	0.0032550885716106
MGR_bin211	Spaulding Pond	SD2910	0.0715206029800627
MGR_bin211	Flatiron	SD2911	0.00227817015409668
MGR_bin211	Pegtop Mountain	SD2912	0.0479614003172488
MGR_bin303	Mount Seuss 4	SD2897	0.565750691441981
MGR_bin303	Mount Seuss 5	SD2898	0.292687165130086
MGR_bin303	Mount Seuss 6	SD2899	0.0637854919681834
MGR_bin303	Mount Seuss 7	SD2900	0.00326956700165649
MGR_bin303	Mackay Glacier 1	SD2901	0.000795949611414912
MGR_bin303	Mackay Glacier 2	SD2902	0.00145466094430641
MGR_bin303	Mount Murray	SD2903	0.00136399552407395
MGR_bin303	Mount Gran 1	SD2904	0.00429386695916585
MGR_bin303	Mount Gran 2	SD2905	0.00498059054287383
MGR_bin303	Towle Glacier 1	SD2906	0.00326067838497982
MGR_bin303	Towle Glacier 2	SD2907	0.00155764182733251
MGR_bin303	Cliff Nunatak	SD2908	0.000744180141445333
MGR_bin303	Benson Glacier	SD2909	0.0454680462918013
MGR_bin303	Spaulding Pond	SD2910	0.0020773905180727
MGR_bin303	Flatiron	SD2911	0.00200818133074144
MGR_bin303	Pegtop Mountain	SD2912	0.00125585717834009
MGR_bin274	Mount Seuss 4	SD2897	0.336764589178876
MGR_bin274	Mount Seuss 5	SD2898	0.139141767630448
MGR_bin274	Mount Seuss 6	SD2899	0.00020541218008055
MGR_bin274	Mount Seuss 7	SD2900	0.039436142817838
MGR_bin274	Mackay Glacier 1	SD2901	7.95949611414912e-05
MGR_bin274	Mackay Glacier 2	SD2902	0.000170990809467023
MGR_bin274	Mount Murray	SD2903	0.000156147635752573
MGR_bin274	Mount Gran 1	SD2904	0.0245767056493501
MGR_bin274	Mount Gran 2	SD2905	0.000361571717295168
MGR_bin274	Towle Glacier 1	SD2906	0.000575248768434478
MGR_bin274	Towle Glacier 2	SD2907	0.00053225951888749
MGR_bin274	Cliff Nunatak	SD2908	3.81056096523213e-05
MGR_bin274	Benson Glacier	SD2909	0.000244524227639942
MGR_bin274	Spaulding Pond	SD2910	0.000583691583617772
MGR_bin274	Flatiron	SD2911	0.00449163224309169
MGR_bin274	Pegtop Mountain	SD2912	0.000222726807269717
MGR_bin69	Mount Seuss 4	SD2897	2.27548552989516
MGR_bin69	Mount Seuss 5	SD2898	0.574127528117005
MGR_bin69	Mount Seuss 6	SD2899	0.000157816674939934
MGR_bin69	Mount Seuss 7	SD2900	0.414276461454869
MGR_bin69	Mackay Glacier 1	SD2901	7.4620276070148e-05
MGR_bin69	Mackay Glacier 2	SD2902	0.000252769022690381
MGR_bin69	Mount Murray	SD2903	4.82220639824123e-05
MGR_bin69	Mount Gran 1	SD2904	0.720745177505313
MGR_bin69	Mount Gran 2	SD2905	0.000821318536637368
MGR_bin69	Towle Glacier 1	SD2906	0.0282124444772695
MGR_bin69	Towle Glacier 2	SD2907	0.0018055077797556
MGR_bin69	Cliff Nunatak	SD2908	3.36225967520482e-05
MGR_bin69	Benson Glacier	SD2909	0.00311375805471779
MGR_bin69	Spaulding Pond	SD2910	0.000243587826234188
MGR_bin69	Flatiron	SD2911	8.03272532296576e-05
MGR_bin69	Pegtop Mountain	SD2912	0.000174424608102791
MGR_bin334	Mount Seuss 4	SD2897	-
MGR_bin334	Mount Seuss 5	SD2898	-
MGR_bin334	Mount Seuss 6	SD2899	-
MGR_bin334	Mount Seuss 7	SD2900	0.974046466018257
MGR_bin334	Mackay Glacier 1	SD2901	-
MGR_bin334	Mackay Glacier 2	SD2902	-
MGR_bin334	Mount Murray	SD2903	-
MGR_bin334	Mount Gran 1	SD2904	-
MGR_bin334	Mount Gran 2	SD2905	-
MGR_bin334	Towle Glacier 1	SD2906	-
MGR_bin334	Towle Glacier 2	SD2907	-
MGR_bin334	Cliff Nunatak	SD2908	-
MGR_bin334	Benson Glacier	SD2909	-
MGR_bin334	Spaulding Pond	SD2910	-
MGR_bin334	Flatiron	SD2911	-
MGR_bin334	Pegtop Mountain	SD2912	-
MGR_bin140	Mount Seuss 4	SD2897	0.000669023608456439
MGR_bin140	Mount Seuss 5	SD2898	0.00262344934112082
MGR_bin140	Mount Seuss 6	SD2899	0.00131012890466009
MGR_bin140	Mount Seuss 7	SD2900	0.00488903124611821
MGR_bin140	Mackay Glacier 1	SD2901	0.000950164848626552
MGR_bin140	Mackay Glacier 2	SD2902	0.00391296359635404
MGR_bin140	Mount Murray	SD2903	0.00023422145362886
MGR_bin140	Mount Gran 1	SD2904	0.000791830032609409
MGR_bin140	Mount Gran 2	SD2905	0.000191561174725917
MGR_bin140	Towle Glacier 1	SD2906	0.000367597993487398
MGR_bin140	Towle Glacier 2	SD2907	0.000790561932465242
MGR_bin140	Cliff Nunatak	SD2908	0.000381056096523213
MGR_bin140	Benson Glacier	SD2909	0.00502059836200174
MGR_bin140	Spaulding Pond	SD2910	0.332125107075234
MGR_bin140	Flatiron	SD2911	0.00538415727897677
MGR_bin140	Pegtop Mountain	SD2912	0.000695014976901888
MGR_bin329	Mount Seuss 4	SD2897	-
MGR_bin329	Mount Seuss 5	SD2898	-
MGR_bin329	Mount Seuss 6	SD2899	-
MGR_bin329	Mount Seuss 7	SD2900	0.508225083820405
MGR_bin329	Mackay Glacier 1	SD2901	-
MGR_bin329	Mackay Glacier 2	SD2902	-
MGR_bin329	Mount Murray	SD2903	-
MGR_bin329	Mount Gran 1	SD2904	-
MGR_bin329	Mount Gran 2	SD2905	-
MGR_bin329	Towle Glacier 1	SD2906	-
MGR_bin329	Towle Glacier 2	SD2907	-
MGR_bin329	Cliff Nunatak	SD2908	-
MGR_bin329	Benson Glacier	SD2909	-
MGR_bin329	Spaulding Pond	SD2910	-
MGR_bin329	Flatiron	SD2911	-
MGR_bin329	Pegtop Mountain	SD2912	-
MGR_bin73	Mount Seuss 4	SD2897	0.250484871819212
MGR_bin73	Mount Seuss 5	SD2898	0.0543249505237245
MGR_bin73	Mount Seuss 6	SD2899	0.0311625307341712
MGR_bin73	Mount Seuss 7	SD2900	0.910716660199023
MGR_bin73	Mackay Glacier 1	SD2901	6.218356339179e-05
MGR_bin73	Mackay Glacier 2	SD2902	0.0231011061717621
MGR_bin73	Mount Murray	SD2903	0.000133184748141901
MGR_bin73	Mount Gran 1	SD2904	0.00082929833068241
MGR_bin73	Mount Gran 2	SD2905	0.000469324878078496
MGR_bin73	Towle Glacier 1	SD2906	0.0277326028216485
MGR_bin73	Towle Glacier 2	SD2907	0.159336061563432
MGR_bin73	Cliff Nunatak	SD2908	5.37961548032771e-05
MGR_bin73	Benson Glacier	SD2909	0.048000778888182
MGR_bin73	Spaulding Pond	SD2910	0.456734068184185
MGR_bin73	Flatiron	SD2911	0.0235715861977251
MGR_bin73	Pegtop Mountain	SD2912	0.000343482305187034
MGR_bin126	Mount Seuss 4	SD2897	0.00390953068650726
MGR_bin126	Mount Seuss 5	SD2898	0.00465559685282618
MGR_bin126	Mount Seuss 6	SD2899	0.00277055940450107
MGR_bin126	Mount Seuss 7	SD2900	0.0786490621857638
MGR_bin126	Mackay Glacier 1	SD2901	4.47721656420888e-05
MGR_bin126	Mackay Glacier 2	SD2902	0.000701310131582136
MGR_bin126	Mount Murray	SD2903	5.5110930265614e-05
MGR_bin126	Mount Gran 1	SD2904	0.000284759065354803
MGR_bin126	Mount Gran 2	SD2905	0.000165221513201103
MGR_bin126	Towle Glacier 1	SD2906	0.00033673098640067
MGR_bin126	Towle Glacier 2	SD2907	0.00140370402530132
MGR_bin126	Cliff Nunatak	SD2908	2.91395838517751e-05
MGR_bin126	Benson Glacier	SD2909	0.000607945556792883
MGR_bin126	Spaulding Pond	SD2910	0.554801148227053
MGR_bin126	Flatiron	SD2911	0.103117880020983
MGR_bin126	Pegtop Mountain	SD2912	0.000281762828473739
MGR_bin183	Mount Seuss 4	SD2897	0.019321401812222
MGR_bin183	Mount Seuss 5	SD2898	0.0133441135299512
MGR_bin183	Mount Seuss 6	SD2899	0.0131513895783279
MGR_bin183	Mount Seuss 7	SD2900	0.0810541854353089
MGR_bin183	Mackay Glacier 1	SD2901	0.000499955849669992
MGR_bin183	Mackay Glacier 2	SD2902	0.000755828940397709
MGR_bin183	Mount Murray	SD2903	0.000390369089381433
MGR_bin183	Mount Gran 1	SD2904	0.00174352480366362
MGR_bin183	Mount Gran 2	SD2905	0.000426223613765165
MGR_bin183	Towle Glacier 1	SD2906	0.000468617289407599
MGR_bin183	Towle Glacier 2	SD2907	0.00297960965965448
MGR_bin183	Cliff Nunatak	SD2908	0.000210701606312835
MGR_bin183	Benson Glacier	SD2909	0.00143573858430792
MGR_bin183	Spaulding Pond	SD2910	0.519228133603419
MGR_bin183	Flatiron	SD2911	2.38823411020944
MGR_bin183	Pegtop Mountain	SD2912	0.00177108063612064
MGR_bin197	Mount Seuss 4	SD2897	0.0168083058575474
MGR_bin197	Mount Seuss 5	SD2898	0.000366848481923058
MGR_bin197	Mount Seuss 6	SD2899	0.000125251329317408
MGR_bin197	Mount Seuss 7	SD2900	0.308763988997798
MGR_bin197	Mackay Glacier 1	SD2901	7.21329335344764e-05
MGR_bin197	Mackay Glacier 2	SD2902	0.00010655948995771
MGR_bin197	Mount Murray	SD2903	7.57775291152193e-05
MGR_bin197	Mount Gran 1	SD2904	0.000147375305753802
MGR_bin197	Mount Gran 2	SD2905	0.000131698307624068
MGR_bin197	Towle Glacier 1	SD2906	0.00020765077494708
MGR_bin197	Towle Glacier 2	SD2907	0.000300048258196379
MGR_bin197	Cliff Nunatak	SD2908	6.94866999542329e-05
MGR_bin197	Benson Glacier	SD2909	0.000112167076899056
MGR_bin197	Spaulding Pond	SD2910	0.0132870265215668
MGR_bin197	Flatiron	SD2911	0.0031595386270332
MGR_bin197	Pegtop Mountain	SD2912	0.000166374241574969
MGR_bin271	Mount Seuss 4	SD2897	0.000389250099465564
MGR_bin271	Mount Seuss 5	SD2898	0.000217212916928127
MGR_bin271	Mount Seuss 6	SD2899	0.000240482552289424
MGR_bin271	Mount Seuss 7	SD2900	0.000783470539888236
MGR_bin271	Mackay Glacier 1	SD2901	0.000174113977497012
MGR_bin271	Mackay Glacier 2	SD2902	0.000180903320160763
MGR_bin271	Mount Murray	SD2903	0.000140073614425102
MGR_bin271	Mount Gran 1	SD2904	0.000229805561514403
MGR_bin271	Mount Gran 2	SD2905	0.000110147675467402
MGR_bin271	Towle Glacier 1	SD2906	0.000196426408733724
MGR_bin271	Towle Glacier 2	SD2907	0.000292220912330387
MGR_bin271	Cliff Nunatak	SD2908	0.000208460099862699
MGR_bin271	Benson Glacier	SD2909	0.00026022761840581
MGR_bin271	Spaulding Pond	SD2910	0.0307862840382964
MGR_bin271	Flatiron	SD2911	2.8930551957564
MGR_bin271	Pegtop Mountain	SD2912	0.000992878538431269
MGR_bin2	Mount Seuss 4	SD2897	0.0100402197530899
MGR_bin2	Mount Seuss 5	SD2898	0.0144229376840276
MGR_bin2	Mount Seuss 6	SD2899	0.0120541879335074
MGR_bin2	Mount Seuss 7	SD2900	0.00429376871301877
MGR_bin2	Mackay Glacier 1	SD2901	0.0035121276603683
MGR_bin2	Mackay Glacier 2	SD2902	0.0677247511873081
MGR_bin2	Mount Murray	SD2903	0.000470739196018786
MGR_bin2	Mount Gran 1	SD2904	0.015546845813757
MGR_bin2	Mount Gran 2	SD2905	0.0357596822919605
MGR_bin2	Towle Glacier 1	SD2906	0.00348516570924694
MGR_bin2	Towle Glacier 2	SD2907	0.0165209180078215
MGR_bin2	Cliff Nunatak	SD2908	0.000266739267566249
MGR_bin2	Benson Glacier	SD2909	0.10979586489341
MGR_bin2	Spaulding Pond	SD2910	0.431552602147636
MGR_bin2	Flatiron	SD2911	0.00463666756142302
MGR_bin2	Pegtop Mountain	SD2912	0.0104788937637138
MGR_bin22	Mount Seuss 4	SD2897	0.00100231900612383
MGR_bin22	Mount Seuss 5	SD2898	0.000543032292320317
MGR_bin22	Mount Seuss 6	SD2899	0.00114730217654746
MGR_bin22	Mount Seuss 7	SD2900	0.00080754365703564
MGR_bin22	Mackay Glacier 1	SD2901	0.295633097077248
MGR_bin22	Mackay Glacier 2	SD2902	0.0025128214608632
MGR_bin22	Mount Murray	SD2903	0.00297828652310422
MGR_bin22	Mount Gran 1	SD2904	0.00147625094407622
MGR_bin22	Mount Gran 2	SD2905	0.00138402948739475
MGR_bin22	Towle Glacier 1	SD2906	0.00119820109327572
MGR_bin22	Towle Glacier 2	SD2907	0.00164635174714709
MGR_bin22	Cliff Nunatak	SD2908	0.000943674215507486
MGR_bin22	Benson Glacier	SD2909	0.000789656221369354
MGR_bin22	Spaulding Pond	SD2910	0.00183610069019921
MGR_bin22	Flatiron	SD2911	0.000417255454276277
MGR_bin22	Pegtop Mountain	SD2912	0.002519764723208
MGR_bin38	Mount Seuss 4	SD2897	0.222381014637799
MGR_bin38	Mount Seuss 5	SD2898	0.0708162378722788
MGR_bin38	Mount Seuss 6	SD2899	0.366192301472134
MGR_bin38	Mount Seuss 7	SD2900	0.250627411086817
MGR_bin38	Mackay Glacier 1	SD2901	0.013451548432912
MGR_bin38	Mackay Glacier 2	SD2902	0.0348251281947836
MGR_bin38	Mount Murray	SD2903	0.00179799409991566
MGR_bin38	Mount Gran 1	SD2904	0.00912727741058291
MGR_bin38	Mount Gran 2	SD2905	0.0201498410664824
MGR_bin38	Towle Glacier 1	SD2906	0.00710782990460748
MGR_bin38	Towle Glacier 2	SD2907	0.135958388577001
MGR_bin38	Cliff Nunatak	SD2908	0.00185372583426292
MGR_bin38	Benson Glacier	SD2909	0.196135350665689
MGR_bin38	Spaulding Pond	SD2910	0.172303917085278
MGR_bin38	Flatiron	SD2911	0.00590405311237984
MGR_bin38	Pegtop Mountain	SD2912	0.034197957010184
MGR_bin60	Mount Seuss 4	SD2897	0.065907340278885
MGR_bin60	Mount Seuss 5	SD2898	0.107590384708211
MGR_bin60	Mount Seuss 6	SD2899	0.00174349850409832
MGR_bin60	Mount Seuss 7	SD2900	0.0013809215381829
MGR_bin60	Mackay Glacier 1	SD2901	0.0102826740424664
MGR_bin60	Mackay Glacier 2	SD2902	0.00155130792357038
MGR_bin60	Mount Murray	SD2903	0.00357302531222064
MGR_bin60	Mount Gran 1	SD2904	0.00151621712868742
MGR_bin60	Mount Gran 2	SD2905	0.0500238062649891
MGR_bin60	Towle Glacier 1	SD2906	0.0306902233188677
MGR_bin60	Towle Glacier 2	SD2907	0.0750042372032288
MGR_bin60	Cliff Nunatak	SD2908	0.000905568605855165
MGR_bin60	Benson Glacier	SD2909	0.010220664047042
MGR_bin60	Spaulding Pond	SD2910	0.00145463296232303
MGR_bin60	Flatiron	SD2911	0.000450725143121968
MGR_bin60	Pegtop Mountain	SD2912	0.0270384977114418
MGR_bin74	Mount Seuss 4	SD2897	0.270609101961582
MGR_bin74	Mount Seuss 5	SD2898	0.030585992180335
MGR_bin74	Mount Seuss 6	SD2899	0.0252005674586626
MGR_bin74	Mount Seuss 7	SD2900	0.115047615312638
MGR_bin74	Mackay Glacier 1	SD2901	0.00244257037002951
MGR_bin74	Mackay Glacier 2	SD2902	0.0212474666720326
MGR_bin74	Mount Murray	SD2903	0.000353628469204357
MGR_bin74	Mount Gran 1	SD2904	0.0271545245567725
MGR_bin74	Mount Gran 2	SD2905	0.00483213063246125
MGR_bin74	Towle Glacier 1	SD2906	0.0121110911442108
MGR_bin74	Towle Glacier 2	SD2907	0.089430035634253
MGR_bin74	Cliff Nunatak	SD2908	0.000199494074062153
MGR_bin74	Benson Glacier	SD2909	0.0174038436516575
MGR_bin74	Spaulding Pond	SD2910	0.108081756898798
MGR_bin74	Flatiron	SD2911	0.00263964279363014
MGR_bin74	Pegtop Mountain	SD2912	0.0817729397340975
MGR_bin86	Mount Seuss 4	SD2897	0.115950306191427
MGR_bin86	Mount Seuss 5	SD2898	0.0236110440700874
MGR_bin86	Mount Seuss 6	SD2899	0.00223698874160891
MGR_bin86	Mount Seuss 7	SD2900	0.104818728990187
MGR_bin86	Mackay Glacier 1	SD2901	0.00342507067161979
MGR_bin86	Mackay Glacier 2	SD2902	0.128577654336181
MGR_bin86	Mount Murray	SD2903	0.000652146008143099
MGR_bin86	Mount Gran 1	SD2904	0.0433633103031525
MGR_bin86	Mount Gran 2	SD2905	0.0582968544984646
MGR_bin86	Towle Glacier 1	SD2906	0.492744064583207
MGR_bin86	Towle Glacier 2	SD2907	0.252580623749712
MGR_bin86	Cliff Nunatak	SD2908	0.000650036870539598
MGR_bin86	Benson Glacier	SD2909	0.023043604278142
MGR_bin86	Spaulding Pond	SD2910	0.04560607546645
MGR_bin86	Flatiron	SD2911	0.000792115969348013
MGR_bin86	Pegtop Mountain	SD2912	0.142166789425811
MGR_bin93	Mount Seuss 4	SD2897	0.0452965475121834
MGR_bin93	Mount Seuss 5	SD2898	0.0148211613650625
MGR_bin93	Mount Seuss 6	SD2899	0.014519134094474
MGR_bin93	Mount Seuss 7	SD2900	0.0440231658670161
MGR_bin93	Mackay Glacier 1	SD2901	0.00391258980861143
MGR_bin93	Mackay Glacier 2	SD2902	0.0282481773494868
MGR_bin93	Mount Murray	SD2903	0.000493702083629459
MGR_bin93	Mount Gran 1	SD2904	0.0166284306847976
MGR_bin93	Mount Gran 2	SD2905	0.00550977828805418
MGR_bin93	Towle Glacier 1	SD2906	0.0203441637617072
MGR_bin93	Towle Glacier 2	SD2907	0.0412970767889764
MGR_bin93	Cliff Nunatak	SD2908	0.000230875164364064
MGR_bin93	Benson Glacier	SD2909	0.0161071922427044
MGR_bin93	Spaulding Pond	SD2910	0.359466691570841
MGR_bin93	Flatiron	SD2911	0.00636370350586065
MGR_bin93	Pegtop Mountain	SD2912	0.226690271056914
MGR_bin100	Mount Seuss 4	SD2897	0.0414089121437711
MGR_bin100	Mount Seuss 5	SD2898	0.00867403581599652
MGR_bin100	Mount Seuss 6	SD2899	0.00665836066651343
MGR_bin100	Mount Seuss 7	SD2900	0.0173764136500352
MGR_bin100	Mackay Glacier 1	SD2901	0.0037484252012571
MGR_bin100	Mackay Glacier 2	SD2902	0.64572077161164
MGR_bin100	Mount Murray	SD2903	0.000911626638143699
MGR_bin100	Mount Gran 1	SD2904	0.0187990940864934
MGR_bin100	Mount Gran 2	SD2905	0.00385995767072722
MGR_bin100	Towle Glacier 1	SD2906	0.0058478947971583
MGR_bin100	Towle Glacier 2	SD2907	0.0130377490974548
MGR_bin100	Cliff Nunatak	SD2908	0.00231771766944119
MGR_bin100	Benson Glacier	SD2909	0.0773145227649813
MGR_bin100	Spaulding Pond	SD2910	0.220109176982917
MGR_bin100	Flatiron	SD2911	0.00183860157392327
MGR_bin100	Pegtop Mountain	SD2912	0.0293865212820563
MGR_bin188	Mount Seuss 4	SD2897	0.0131834143062743
MGR_bin188	Mount Seuss 5	SD2898	0.0163102765844476
MGR_bin188	Mount Seuss 6	SD2899	0.00469191479623011
MGR_bin188	Mount Seuss 7	SD2900	0.00528733191164798
MGR_bin188	Mackay Glacier 1	SD2901	0.0514432183227601
MGR_bin188	Mackay Glacier 2	SD2902	0.128233194589573
MGR_bin188	Mount Murray	SD2903	0.0315808593309579
MGR_bin188	Mount Gran 1	SD2904	0.0107883719584859
MGR_bin188	Mount Gran 2	SD2905	0.0956057877910209
MGR_bin188	Towle Glacier 1	SD2906	0.142420370698163
MGR_bin188	Towle Glacier 2	SD2907	0.0787117900284206
MGR_bin188	Cliff Nunatak	SD2908	0.000679176454391373
MGR_bin188	Benson Glacier	SD2909	0.0155418701751332
MGR_bin188	Spaulding Pond	SD2910	0.00168213480003232
MGR_bin188	Flatiron	SD2911	0.00068278165245209
MGR_bin188	Pegtop Mountain	SD2912	0.176362062980486
MGR_bin242	Mount Seuss 4	SD2897	0.103029635702292
MGR_bin242	Mount Seuss 5	SD2898	0.093068494473138
MGR_bin242	Mount Seuss 6	SD2899	0.288824555352771
MGR_bin242	Mount Seuss 7	SD2900	0.259394402658863
MGR_bin242	Mackay Glacier 1	SD2901	0.00236795009395936
MGR_bin242	Mackay Glacier 2	SD2902	0.00300349074020335
MGR_bin242	Mount Murray	SD2903	0.000991996744781052
MGR_bin242	Mount Gran 1	SD2904	0.00146126362484702
MGR_bin242	Mount Gran 2	SD2905	0.00395813277277425
MGR_bin242	Towle Glacier 1	SD2906	0.00416423986515495
MGR_bin242	Towle Glacier 2	SD2907	0.0489443937000511
MGR_bin242	Cliff Nunatak	SD2908	0.000659002896340144
MGR_bin242	Benson Glacier	SD2909	0.00245645898408932
MGR_bin242	Spaulding Pond	SD2910	0.175585458744357
MGR_bin242	Flatiron	SD2911	0.124272954684049
MGR_bin242	Pegtop Mountain	SD2912	0.00716750966527005
MGR_bin245	Mount Seuss 4	SD2897	0.00461991211803192
MGR_bin245	Mount Seuss 5	SD2898	0.0432181300381329
MGR_bin245	Mount Seuss 6	SD2899	0.451373225514317
MGR_bin245	Mount Seuss 7	SD2900	0.00191709551101144
MGR_bin245	Mackay Glacier 1	SD2901	0.000840721777057001
MGR_bin245	Mackay Glacier 2	SD2902	0.000560056854196335
MGR_bin245	Mount Murray	SD2903	0.000261776918761667
MGR_bin245	Mount Gran 1	SD2904	0.000279763292278403
MGR_bin245	Mount Gran 2	SD2905	0.00124514763571846
MGR_bin245	Towle Glacier 1	SD2906	0.000945652853475215
MGR_bin245	Towle Glacier 2	SD2907	0.00110626488239361
MGR_bin245	Cliff Nunatak	SD2908	0.000325018435269799
MGR_bin245	Benson Glacier	SD2909	0.000394828110684677
MGR_bin245	Spaulding Pond	SD2910	0.0225916218840406
MGR_bin245	Flatiron	SD2911	0.00084789878409083
MGR_bin245	Pegtop Mountain	SD2912	0.00200454126542745
MGR_bin396	Mount Seuss 4	SD2897	-
MGR_bin396	Mount Seuss 5	SD2898	-
MGR_bin396	Mount Seuss 6	SD2899	-
MGR_bin396	Mount Seuss 7	SD2900	-
MGR_bin396	Mackay Glacier 1	SD2901	-
MGR_bin396	Mackay Glacier 2	SD2902	-
MGR_bin396	Mount Murray	SD2903	-
MGR_bin396	Mount Gran 1	SD2904	-
MGR_bin396	Mount Gran 2	SD2905	-
MGR_bin396	Towle Glacier 1	SD2906	-
MGR_bin396	Towle Glacier 2	SD2907	0.847038842003667
MGR_bin396	Cliff Nunatak	SD2908	-
MGR_bin396	Benson Glacier	SD2909	-
MGR_bin396	Spaulding Pond	SD2910	-
MGR_bin396	Flatiron	SD2911	-
MGR_bin396	Pegtop Mountain	SD2912	-
MGR_bin52	Mount Seuss 4	SD2897	0.0107578996239795
MGR_bin52	Mount Seuss 5	SD2898	0.100258242023459
MGR_bin52	Mount Seuss 6	SD2899	0.166789680172234
MGR_bin52	Mount Seuss 7	SD2900	3.50154431234966e-05
MGR_bin52	Mackay Glacier 1	SD2901	0.000305943131887607
MGR_bin52	Mackay Glacier 2	SD2902	0.00337025363587175
MGR_bin52	Mount Murray	SD2903	0.00882693399754251
MGR_bin52	Mount Gran 1	SD2904	0.00111405739603721
MGR_bin52	Mount Gran 2	SD2905	0.00738947231505224
MGR_bin52	Towle Glacier 1	SD2906	0.000162753310093657
MGR_bin52	Towle Glacier 2	SD2907	0.0104051517711927
MGR_bin52	Cliff Nunatak	SD2908	0.000136731893458329
MGR_bin52	Benson Glacier	SD2909	0.00655280063244285
MGR_bin52	Spaulding Pond	SD2910	0.000376871731154782
MGR_bin52	Flatiron	SD2911	6.69393776913814e-06
MGR_bin52	Pegtop Mountain	SD2912	0.00145174943051707
MGR_bin315	Mount Seuss 4	SD2897	-
MGR_bin315	Mount Seuss 5	SD2898	0.380376019693971
MGR_bin315	Mount Seuss 6	SD2899	-
MGR_bin315	Mount Seuss 7	SD2900	-
MGR_bin315	Mackay Glacier 1	SD2901	-
MGR_bin315	Mackay Glacier 2	SD2902	-
MGR_bin315	Mount Murray	SD2903	-
MGR_bin315	Mount Gran 1	SD2904	-
MGR_bin315	Mount Gran 2	SD2905	-
MGR_bin315	Towle Glacier 1	SD2906	-
MGR_bin315	Towle Glacier 2	SD2907	-
MGR_bin315	Cliff Nunatak	SD2908	-
MGR_bin315	Benson Glacier	SD2909	-
MGR_bin315	Spaulding Pond	SD2910	-
MGR_bin315	Flatiron	SD2911	-
MGR_bin315	Pegtop Mountain	SD2912	-
MGR_bin219	Mount Seuss 4	SD2897	0.000121640656082989
MGR_bin219	Mount Seuss 5	SD2898	0.000289617222570836
MGR_bin219	Mount Seuss 6	SD2899	0.000102706090040275
MGR_bin219	Mount Seuss 7	SD2900	0.000135684842103549
MGR_bin219	Mackay Glacier 1	SD2901	0.667393799801261
MGR_bin219	Mackay Glacier 2	SD2902	0.000812825876886716
MGR_bin219	Mount Murray	SD2903	0.0262396916727155
MGR_bin219	Mount Gran 1	SD2904	0.000224809788438003
MGR_bin219	Mount Gran 2	SD2905	7.18354405222188e-05
MGR_bin219	Towle Glacier 1	SD2906	0.000266578697567197
MGR_bin219	Towle Glacier 2	SD2907	0.00021916568424779
MGR_bin219	Cliff Nunatak	SD2908	0.000730731102744514
MGR_bin219	Benson Glacier	SD2909	0.000827793027515033
MGR_bin219	Spaulding Pond	SD2910	0.00342401755744284
MGR_bin219	Flatiron	SD2911	0.000298995887021503
MGR_bin219	Pegtop Mountain	SD2912	0.00041325214842815
MGR_bin270	Mount Seuss 4	SD2897	0.00021408755470606
MGR_bin270	Mount Seuss 5	SD2898	0.000207559009509099
MGR_bin270	Mount Seuss 6	SD2899	0.000142786515421845
MGR_bin270	Mount Seuss 7	SD2900	0.000231977310693165
MGR_bin270	Mackay Glacier 1	SD2901	0.21171513460876
MGR_bin270	Mackay Glacier 2	SD2902	0.000634400684399388
MGR_bin270	Mount Murray	SD2903	0.0803746992148759
MGR_bin270	Mount Gran 1	SD2904	0.000202328809594202
MGR_bin270	Mount Gran 2	SD2905	0.000201139233462212
MGR_bin270	Towle Glacier 1	SD2906	0.00015433503543364
MGR_bin270	Towle Glacier 2	SD2907	0.000240038606557103
MGR_bin270	Cliff Nunatak	SD2908	0.00137180194748357
MGR_bin270	Benson Glacier	SD2909	0.000558592042957298
MGR_bin270	Spaulding Pond	SD2910	0.00108235722788965
MGR_bin270	Flatiron	SD2911	0.000194124195305006
MGR_bin270	Pegtop Mountain	SD2912	0.000381050682316865
MGR_bin279	Mount Seuss 4	SD2897	0.000717679870889635
MGR_bin279	Mount Seuss 5	SD2898	0.000878505575131534
MGR_bin279	Mount Seuss 6	SD2899	0.000428359546265536
MGR_bin279	Mount Seuss 7	SD2900	0.000853501426135229
MGR_bin279	Mackay Glacier 1	SD2901	0.00266145651316861
MGR_bin279	Mackay Glacier 2	SD2902	0.539458656974742
MGR_bin279	Mount Murray	SD2903	0.00107236685141841
MGR_bin279	Mount Gran 1	SD2904	0.000771846940303809
MGR_bin279	Mount Gran 2	SD2905	0.000354388173242946
MGR_bin279	Towle Glacier 1	SD2906	0.000841827466001675
MGR_bin279	Towle Glacier 2	SD2907	0.00100190027084704
MGR_bin279	Cliff Nunatak	SD2908	0.00223029891788586
MGR_bin279	Benson Glacier	SD2909	0.0865189530953178
MGR_bin279	Spaulding Pond	SD2910	0.0458335773041593
MGR_bin279	Flatiron	SD2911	0.00333134969644108
MGR_bin279	Pegtop Mountain	SD2912	0.00132562702158121
MGR_bin413	Mount Seuss 4	SD2897	-
MGR_bin413	Mount Seuss 5	SD2898	-
MGR_bin413	Mount Seuss 6	SD2899	-
MGR_bin413	Mount Seuss 7	SD2900	-
MGR_bin413	Mackay Glacier 1	SD2901	-
MGR_bin413	Mackay Glacier 2	SD2902	-
MGR_bin413	Mount Murray	SD2903	-
MGR_bin413	Mount Gran 1	SD2904	-
MGR_bin413	Mount Gran 2	SD2905	-
MGR_bin413	Towle Glacier 1	SD2906	-
MGR_bin413	Towle Glacier 2	SD2907	-
MGR_bin413	Cliff Nunatak	SD2908	0.394650833143291
MGR_bin413	Benson Glacier	SD2909	-
MGR_bin413	Spaulding Pond	SD2910	-
MGR_bin413	Flatiron	SD2911	-
MGR_bin413	Pegtop Mountain	SD2912	-
MGR_bin33	Mount Seuss 4	SD2897	0.000557114204860089
MGR_bin33	Mount Seuss 5	SD2898	0.00278515229038954
MGR_bin33	Mount Seuss 6	SD2899	0.000162826728112631
MGR_bin33	Mount Seuss 7	SD2900	0.00064340876739425
MGR_bin33	Mackay Glacier 1	SD2901	0.0260126282380536
MGR_bin33	Mackay Glacier 2	SD2902	0.0612295785552347
MGR_bin33	Mount Murray	SD2903	0.00609664666063355
MGR_bin33	Mount Gran 1	SD2904	0.00247790344589443
MGR_bin33	Mount Gran 2	SD2905	0.000979356505786249
MGR_bin33	Towle Glacier 1	SD2906	0.0836383648388198
MGR_bin33	Towle Glacier 2	SD2907	0.0099459474803878
MGR_bin33	Cliff Nunatak	SD2908	0.000177079009560787
MGR_bin33	Benson Glacier	SD2909	0.00207060423955657
MGR_bin33	Spaulding Pond	SD2910	0.000714677490177666
MGR_bin33	Flatiron	SD2911	4.90888769736797e-05
MGR_bin33	Pegtop Mountain	SD2912	0.129197648949492
MGR_bin129	Mount Seuss 4	SD2897	0.00239388811171322
MGR_bin129	Mount Seuss 5	SD2898	0.000989525510450355
MGR_bin129	Mount Seuss 6	SD2899	0.000240482552289424
MGR_bin129	Mount Seuss 7	SD2900	0.00704466946340847
MGR_bin129	Mackay Glacier 1	SD2901	0.000975038273983268
MGR_bin129	Mackay Glacier 2	SD2902	0.00129606077320656
MGR_bin129	Mount Murray	SD2903	0.000725627248497251
MGR_bin129	Mount Gran 1	SD2904	0.00485339354372266
MGR_bin129	Mount Gran 2	SD2905	0.000373544290715537
MGR_bin129	Towle Glacier 1	SD2906	0.121848913520636
MGR_bin129	Towle Glacier 2	SD2907	0.00742554211153822
MGR_bin129	Cliff Nunatak	SD2908	0.000782285751097655
MGR_bin129	Benson Glacier	SD2909	0.000305094449165432
MGR_bin129	Spaulding Pond	SD2910	0.0020681985246299
MGR_bin129	Flatiron	SD2911	0.000336928201046619
MGR_bin129	Pegtop Mountain	SD2912	0.807537633316753
MGR_bin185	Mount Seuss 4	SD2897	0.000284639135234194
MGR_bin185	Mount Seuss 5	SD2898	0.000666119611912922
MGR_bin185	Mount Seuss 6	SD2899	0.000240482552289424
MGR_bin185	Mount Seuss 7	SD2900	0.000884139938868289
MGR_bin185	Mackay Glacier 1	SD2901	0.00691481224916705
MGR_bin185	Mackay Glacier 2	SD2902	0.00132084204994091
MGR_bin185	Mount Murray	SD2903	0.302988413156541
MGR_bin185	Mount Gran 1	SD2904	0.00147375305753802
MGR_bin185	Mount Gran 2	SD2905	0.00139360754613104
MGR_bin185	Towle Glacier 1	SD2906	0.00443643074582883
MGR_bin185	Towle Glacier 2	SD2907	0.00146893190751793
MGR_bin185	Cliff Nunatak	SD2908	0.000755387673696016
MGR_bin185	Benson Glacier	SD2909	0.000159277249196659
MGR_bin185	Spaulding Pond	SD2910	0.00124321711313864
MGR_bin185	Flatiron	SD2911	8.92525035885085e-05
MGR_bin185	Pegtop Mountain	SD2912	0.00524347206512081
MGR_bin432	Mount Seuss 4	SD2897	-
MGR_bin432	Mount Seuss 5	SD2898	-
MGR_bin432	Mount Seuss 6	SD2899	-
MGR_bin432	Mount Seuss 7	SD2900	-
MGR_bin432	Mackay Glacier 1	SD2901	-
MGR_bin432	Mackay Glacier 2	SD2902	-
MGR_bin432	Mount Murray	SD2903	-
MGR_bin432	Mount Gran 1	SD2904	-
MGR_bin432	Mount Gran 2	SD2905	-
MGR_bin432	Towle Glacier 1	SD2906	-
MGR_bin432	Towle Glacier 2	SD2907	-
MGR_bin432	Cliff Nunatak	SD2908	-
MGR_bin432	Benson Glacier	SD2909	-
MGR_bin432	Spaulding Pond	SD2910	0.532409452200393
MGR_bin432	Flatiron	SD2911	-
MGR_bin432	Pegtop Mountain	SD2912	-
MGR_bin43	Mount Seuss 4	SD2897	0.0359058888625767
MGR_bin43	Mount Seuss 5	SD2898	0.00541584206207462
MGR_bin43	Mount Seuss 6	SD2899	0.00230963451261301
MGR_bin43	Mount Seuss 7	SD2900	0.0495971867192377
MGR_bin43	Mackay Glacier 1	SD2901	0.000159189922282982
MGR_bin43	Mackay Glacier 2	SD2902	0.000498103662360457
MGR_bin43	Mount Murray	SD2903	0.000133184748141901
MGR_bin43	Mount Gran 1	SD2904	0.0588626962726837
MGR_bin43	Mount Gran 2	SD2905	0.0098294827781236
MGR_bin43	Towle Glacier 1	SD2906	0.0890372849874439
MGR_bin43	Towle Glacier 2	SD2907	0.299380324682481
MGR_bin43	Cliff Nunatak	SD2908	7.84527257547791e-05
MGR_bin43	Benson Glacier	SD2909	0.000769466147527524
MGR_bin43	Spaulding Pond	SD2910	0.000774425447555863
MGR_bin43	Flatiron	SD2911	2.45444384868398e-05
MGR_bin43	Pegtop Mountain	SD2912	0.0138332131503059
MGR_bin106	Mount Seuss 4	SD2897	0.0231068590295246
MGR_bin106	Mount Seuss 5	SD2898	0.0061012694888256
MGR_bin106	Mount Seuss 6	SD2899	0.00186373978024304
MGR_bin106	Mount Seuss 7	SD2900	0.472141669681642
MGR_bin106	Mackay Glacier 1	SD2901	0.00136555105208371
MGR_bin106	Mackay Glacier 2	SD2902	0.00226500869351969
MGR_bin106	Mount Murray	SD2903	0.00115273695805576
MGR_bin106	Mount Gran 1	SD2904	0.237404132363607
MGR_bin106	Mount Gran 2	SD2905	0.00218140287719138
MGR_bin106	Towle Glacier 1	SD2906	0.0219436359471103
MGR_bin106	Towle Glacier 2	SD2907	0.0152398424010874
MGR_bin106	Cliff Nunatak	SD2908	0.000522271002881815
MGR_bin106	Benson Glacier	SD2909	0.000769466147527524
MGR_bin106	Spaulding Pond	SD2910	0.00503721240665416
MGR_bin106	Flatiron	SD2911	0.000368166577302597
MGR_bin106	Pegtop Mountain	SD2912	0.013156982361969
MGR_bin114	Mount Seuss 4	SD2897	0.0116920998626969
MGR_bin114	Mount Seuss 5	SD2898	0.00773519331949607
MGR_bin114	Mount Seuss 6	SD2899	0.000408319333574751
MGR_bin114	Mount Seuss 7	SD2900	0.00552806308312202
MGR_bin114	Mackay Glacier 1	SD2901	0.0791621635402844
MGR_bin114	Mackay Glacier 2	SD2902	0.07718376451681
MGR_bin114	Mount Murray	SD2903	0.0212659302162438
MGR_bin114	Mount Gran 1	SD2904	0.0089649147855999
MGR_bin114	Mount Gran 2	SD2905	0.011395495381508
MGR_bin114	Towle Glacier 1	SD2906	0.664437582365802
MGR_bin114	Towle Glacier 2	SD2907	0.0649747980336037
MGR_bin114	Cliff Nunatak	SD2908	0.000753146167245879
MGR_bin114	Benson Glacier	SD2909	0.00195843716265752
MGR_bin114	Spaulding Pond	SD2910	0.00694914704275647
MGR_bin114	Flatiron	SD2911	0.000292301949252365
MGR_bin114	Pegtop Mountain	SD2912	0.797724236519339
MGR_bin125	Mount Seuss 4	SD2897	0.00471235901665499
MGR_bin125	Mount Seuss 5	SD2898	0.00307959646666989
MGR_bin125	Mount Seuss 6	SD2899	0.00216434297060482
MGR_bin125	Mount Seuss 7	SD2900	0.0253424269606306
MGR_bin125	Mackay Glacier 1	SD2901	0.000616860948846557
MGR_bin125	Mackay Glacier 2	SD2902	0.0421455173421109
MGR_bin125	Mount Murray	SD2903	0.000718738382214049
MGR_bin125	Mount Gran 1	SD2904	0.176837877471871
MGR_bin125	Mount Gran 2	SD2905	0.115717316622558
MGR_bin125	Towle Glacier 1	SD2906	0.275734974305742
MGR_bin125	Towle Glacier 2	SD2907	0.611847971652902
MGR_bin125	Cliff Nunatak	SD2908	0.000528995522232225
MGR_bin125	Benson Glacier	SD2909	0.0126748796895933
MGR_bin125	Spaulding Pond	SD2910	0.00673313519685068
MGR_bin125	Flatiron	SD2911	0.00313722550113607
MGR_bin125	Pegtop Mountain	SD2912	0.0470329247110401
MGR_bin139	Mount Seuss 4	SD2897	0.000866081471310881
MGR_bin139	Mount Seuss 5	SD2898	0.00880195008929864
MGR_bin139	Mount Seuss 6	SD2899	0.000278057951084646
MGR_bin139	Mount Seuss 7	SD2900	0.00174858369097961
MGR_bin139	Mackay Glacier 1	SD2901	0.124011436800979
MGR_bin139	Mackay Glacier 2	SD2902	0.200606913292246
MGR_bin139	Mount Murray	SD2903	0.0362836587136236
MGR_bin139	Mount Gran 1	SD2904	0.0083804093356611
MGR_bin139	Mount Gran 2	SD2905	0.000838080139425885
MGR_bin139	Towle Glacier 1	SD2906	0.14256067527583
MGR_bin139	Towle Glacier 2	SD2907	0.00527302199839028
MGR_bin139	Cliff Nunatak	SD2908	0.000414678693275261
MGR_bin139	Benson Glacier	SD2909	0.000500265162969789
MGR_bin139	Spaulding Pond	SD2910	0.00220607842627189
MGR_bin139	Flatiron	SD2911	0.000111565629485636
MGR_bin139	Pegtop Mountain	SD2912	0.23786417979753
MGR_bin155	Mount Seuss 4	SD2897	0.0962323558403742
MGR_bin155	Mount Seuss 5	SD2898	0.0775812134961626
MGR_bin155	Mount Seuss 6	SD2899	0.0198498306702229
MGR_bin155	Mount Seuss 7	SD2900	0.0399154166955909
MGR_bin155	Mackay Glacier 1	SD2901	0.00176352585779117
MGR_bin155	Mackay Glacier 2	SD2902	0.050142435344286
MGR_bin155	Mount Murray	SD2903	0.00223428896451843
MGR_bin155	Mount Gran 1	SD2904	0.0618002108416069
MGR_bin155	Mount Gran 2	SD2905	0.013404493201446
MGR_bin155	Towle Glacier 1	SD2906	0.0595256201209785
MGR_bin155	Towle Glacier 2	SD2907	0.435129984036389
MGR_bin155	Cliff Nunatak	SD2908	0.000690383986642056
MGR_bin155	Benson Glacier	SD2909	0.0280552292739919
MGR_bin155	Spaulding Pond	SD2910	0.00613105962634731
MGR_bin155	Flatiron	SD2911	0.00101524722831928
MGR_bin155	Pegtop Mountain	SD2912	0.131969658490571
MGR_bin180	Mount Seuss 4	SD2897	0.0730281842859832
MGR_bin180	Mount Seuss 5	SD2898	0.00418496886614857
MGR_bin180	Mount Seuss 6	SD2899	0.000571146061687382
MGR_bin180	Mount Seuss 7	SD2900	0.574191990199878
MGR_bin180	Mackay Glacier 1	SD2901	0.000281069706530891
MGR_bin180	Mackay Glacier 2	SD2902	0.00191559269156534
MGR_bin180	Mount Murray	SD2903	0.000213554854779254
MGR_bin180	Mount Gran 1	SD2904	0.00354200311116764
MGR_bin180	Mount Gran 2	SD2905	0.000249029527143692
MGR_bin180	Towle Glacier 1	SD2906	0.0055083577192043
MGR_bin180	Towle Glacier 2	SD2907	0.0307223325240206
MGR_bin180	Cliff Nunatak	SD2908	0.0001165583354071
MGR_bin180	Benson Glacier	SD2909	0.00365216002383326
MGR_bin180	Spaulding Pond	SD2910	0.071495324998095
MGR_bin180	Flatiron	SD2911	0.000149497943510752
MGR_bin180	Pegtop Mountain	SD2912	0.0132643205823399
MGR_bin191	Mount Seuss 4	SD2897	0.0104343354787988
MGR_bin191	Mount Seuss 5	SD2898	0.0048341941400782
MGR_bin191	Mount Seuss 6	SD2899	0.0102655989508548
MGR_bin191	Mount Seuss 7	SD2900	0.0305816126379838
MGR_bin191	Mackay Glacier 1	SD2901	0.00043528494374253
MGR_bin191	Mackay Glacier 2	SD2902	0.00308279082575328
MGR_bin191	Mount Murray	SD2903	0.000362813624248626
MGR_bin191	Mount Gran 1	SD2904	0.00121647074410341
MGR_bin191	Mount Gran 2	SD2905	0.00240409274281025
MGR_bin191	Towle Glacier 1	SD2906	0.00101861123386203
MGR_bin191	Towle Glacier 2	SD2907	0.00246561394778764
MGR_bin191	Cliff Nunatak	SD2908	0.000309327890118843
MGR_bin191	Benson Glacier	SD2909	0.00707998589386841
MGR_bin191	Spaulding Pond	SD2910	0.994422022619106
MGR_bin191	Flatiron	SD2911	0.0480468539942838
MGR_bin191	Pegtop Mountain	SD2912	0.00167447623778679
MGR_bin201	Mount Seuss 4	SD2897	0.0380151378390557
MGR_bin201	Mount Seuss 5	SD2898	0.0366172708403726
MGR_bin201	Mount Seuss 6	SD2899	0.0182666538676508
MGR_bin201	Mount Seuss 7	SD2900	0.0227272110523445
MGR_bin201	Mackay Glacier 1	SD2901	0.00365639352743725
MGR_bin201	Mackay Glacier 2	SD2902	0.0439842880757998
MGR_bin201	Mount Murray	SD2903	0.000932293236993304
MGR_bin201	Mount Gran 1	SD2904	0.0240496515897899
MGR_bin201	Mount Gran 2	SD2905	0.0716917696411743
MGR_bin201	Towle Glacier 1	SD2906	0.354541249489712
MGR_bin201	Towle Glacier 2	SD2907	0.257986710627824
MGR_bin201	Cliff Nunatak	SD2908	0.000262256254665976
MGR_bin201	Benson Glacier	SD2909	0.00989313618249673
MGR_bin201	Spaulding Pond	SD2910	0.00586908781322752
MGR_bin201	Flatiron	SD2911	0.000357010014354034
MGR_bin201	Pegtop Mountain	SD2912	0.0397285588147971
MGR_bin210	Mount Seuss 4	SD2897	0.0414162105831361
MGR_bin210	Mount Seuss 5	SD2898	0.0330670463870252
MGR_bin210	Mount Seuss 6	SD2899	0.00565384500538781
MGR_bin210	Mount Seuss 7	SD2900	0.331622507961855
MGR_bin210	Mackay Glacier 1	SD2901	0.000599449551096856
MGR_bin210	Mackay Glacier 2	SD2902	0.00174708000977175
MGR_bin210	Mount Murray	SD2903	0.000498294661151593
MGR_bin210	Mount Gran 1	SD2904	0.00406655928418965
MGR_bin210	Mount Gran 2	SD2905	0.00159474677959326
MGR_bin210	Towle Glacier 1	SD2906	0.00276680627159217
MGR_bin210	Towle Glacier 2	SD2907	0.00879793675337557
MGR_bin210	Cliff Nunatak	SD2908	0.00105799104446445
MGR_bin210	Benson Glacier	SD2909	0.00296345417167306
MGR_bin210	Spaulding Pond	SD2910	0.556058153330356
MGR_bin210	Flatiron	SD2911	0.0179888420982639
MGR_bin210	Pegtop Mountain	SD2912	0.00281494482922811
MGR_bin220	Mount Seuss 4	SD2897	0.00935173363966019
MGR_bin220	Mount Seuss 5	SD2898	0.00361780180528069
MGR_bin220	Mount Seuss 6	SD2899	0.00188628501952017
MGR_bin220	Mount Seuss 7	SD2900	0.00504003534458829
MGR_bin220	Mackay Glacier 1	SD2901	0.00271369070641772
MGR_bin220	Mackay Glacier 2	SD2902	0.0393080611560277
MGR_bin220	Mount Murray	SD2903	0.00289791641646687
MGR_bin220	Mount Gran 1	SD2904	0.0106509881988849
MGR_bin220	Mount Gran 2	SD2905	0.00240409274281025
MGR_bin220	Towle Glacier 1	SD2906	0.0823728175482639
MGR_bin220	Towle Glacier 2	SD2907	0.0928818951611557
MGR_bin220	Cliff Nunatak	SD2908	0.000443818277127036
MGR_bin220	Benson Glacier	SD2909	0.00623200279251155
MGR_bin220	Spaulding Pond	SD2910	0.0131445506232034
MGR_bin220	Flatiron	SD2911	0.000417255454276277
MGR_bin220	Pegtop Mountain	SD2912	0.215146045456019
MGR_bin226	Mount Seuss 4	SD2897	0.0394650944595649
MGR_bin226	Mount Seuss 5	SD2898	0.0151300864024714
MGR_bin226	Mount Seuss 6	SD2899	0.000556115902169293
MGR_bin226	Mount Seuss 7	SD2900	0.00983933951770254
MGR_bin226	Mackay Glacier 1	SD2901	0.00171377900707773
MGR_bin226	Mackay Glacier 2	SD2902	0.11914837853876
MGR_bin226	Mount Murray	SD2903	0.000528146415045468
MGR_bin226	Mount Gran 1	SD2904	0.0298372546987993
MGR_bin226	Mount Gran 2	SD2905	0.0815188579046138
MGR_bin226	Towle Glacier 1	SD2906	0.0863266005469185
MGR_bin226	Towle Glacier 2	SD2907	0.123418980499681
MGR_bin226	Cliff Nunatak	SD2908	0.000228633657913928
MGR_bin226	Benson Glacier	SD2909	0.0113916883298681
MGR_bin226	Spaulding Pond	SD2910	0.00377790930499062
MGR_bin226	Flatiron	SD2911	0.000113796942075348
MGR_bin226	Pegtop Mountain	SD2912	0.036030757123018
MGR_bin227	Mount Seuss 4	SD2897	0.00961934308304276
MGR_bin227	Mount Seuss 5	SD2898	0.00453250953323358
MGR_bin227	Mount Seuss 6	SD2899	0.000691387337832094
MGR_bin227	Mount Seuss 7	SD2900	0.0457783149535813
MGR_bin227	Mackay Glacier 1	SD2901	0.000353202640065367
MGR_bin227	Mackay Glacier 2	SD2902	0.00250786520551633
MGR_bin227	Mount Murray	SD2903	0.000401850533186769
MGR_bin227	Mount Gran 1	SD2904	0.164990401621188
MGR_bin227	Mount Gran 2	SD2905	0.0344259376129313
MGR_bin227	Towle Glacier 1	SD2906	0.098468558698216
MGR_bin227	Towle Glacier 2	SD2907	0.0785865524945647
MGR_bin227	Cliff Nunatak	SD2908	8.29357386550522e-05
MGR_bin227	Benson Glacier	SD2909	0.00100726035055352
MGR_bin227	Spaulding Pond	SD2910	0.00145003696560163
MGR_bin227	Flatiron	SD2911	6.02454399222432e-05
MGR_bin227	Pegtop Mountain	SD2912	0.0145389619492449
MGR_bin237	Mount Seuss 4	SD2897	0.0235058403814768
MGR_bin237	Mount Seuss 5	SD2898	0.0124800888159483
MGR_bin237	Mount Seuss 6	SD2899	0.00957170658643634
MGR_bin237	Mount Seuss 7	SD2900	0.0112990458029133
MGR_bin237	Mackay Glacier 1	SD2901	0.00136306370954804
MGR_bin237	Mackay Glacier 2	SD2902	0.0906350415282157
MGR_bin237	Mount Murray	SD2903	0.000787627045046067
MGR_bin237	Mount Gran 1	SD2904	0.0315832773890012
MGR_bin237	Mount Gran 2	SD2905	0.0190842820320694
MGR_bin237	Towle Glacier 1	SD2906	0.019788557634146
MGR_bin237	Towle Glacier 2	SD2907	0.23817048001042
MGR_bin237	Cliff Nunatak	SD2908	0.000280188306267068
MGR_bin237	Benson Glacier	SD2909	0.0123383784588962
MGR_bin237	Spaulding Pond	SD2910	0.149693911214351
MGR_bin237	Flatiron	SD2911	8.25585658193703e-05
MGR_bin237	Pegtop Mountain	SD2912	0.0449344625027881
MGR_bin373	Mount Seuss 4	SD2897	-
MGR_bin373	Mount Seuss 5	SD2898	-
MGR_bin373	Mount Seuss 6	SD2899	-
MGR_bin373	Mount Seuss 7	SD2900	-
MGR_bin373	Mackay Glacier 1	SD2901	-
MGR_bin373	Mackay Glacier 2	SD2902	-
MGR_bin373	Mount Murray	SD2903	-
MGR_bin373	Mount Gran 1	SD2904	0.838500544689139
MGR_bin373	Mount Gran 2	SD2905	-
MGR_bin373	Towle Glacier 1	SD2906	-
MGR_bin373	Towle Glacier 2	SD2907	-
MGR_bin373	Cliff Nunatak	SD2908	-
MGR_bin373	Benson Glacier	SD2909	-
MGR_bin373	Spaulding Pond	SD2910	-
MGR_bin373	Flatiron	SD2911	-
MGR_bin373	Pegtop Mountain	SD2912	-
MGR_bin390	Mount Seuss 4	SD2897	-
MGR_bin390	Mount Seuss 5	SD2898	-
MGR_bin390	Mount Seuss 6	SD2899	-
MGR_bin390	Mount Seuss 7	SD2900	-
MGR_bin390	Mackay Glacier 1	SD2901	-
MGR_bin390	Mackay Glacier 2	SD2902	-
MGR_bin390	Mount Murray	SD2903	-
MGR_bin390	Mount Gran 1	SD2904	-
MGR_bin390	Mount Gran 2	SD2905	-
MGR_bin390	Towle Glacier 1	SD2906	2.30579910247723
MGR_bin390	Towle Glacier 2	SD2907	-
MGR_bin390	Cliff Nunatak	SD2908	-
MGR_bin390	Benson Glacier	SD2909	-
MGR_bin390	Spaulding Pond	SD2910	-
MGR_bin390	Flatiron	SD2911	-
MGR_bin390	Pegtop Mountain	SD2912	-
MGR_bin66	Mount Seuss 4	SD2897	0.00437663080586594
MGR_bin66	Mount Seuss 5	SD2898	0.00413187237534392
MGR_bin66	Mount Seuss 6	SD2899	0.00237727023044441
MGR_bin66	Mount Seuss 7	SD2900	0.0057972443021339
MGR_bin66	Mackay Glacier 1	SD2901	0.0129739786660631
MGR_bin66	Mackay Glacier 2	SD2902	0.0933262881815663
MGR_bin66	Mount Murray	SD2903	0.0130521053179063
MGR_bin66	Mount Gran 1	SD2904	0.00336215528041724
MGR_bin66	Mount Gran 2	SD2905	0.00520088589380864
MGR_bin66	Towle Glacier 1	SD2906	0.119177514361857
MGR_bin66	Towle Glacier 2	SD2907	0.0340045995571601
MGR_bin66	Cliff Nunatak	SD2908	0.000221909138563518
MGR_bin66	Benson Glacier	SD2909	0.0093031373580077
MGR_bin66	Spaulding Pond	SD2910	0.00363543340662722
MGR_bin66	Flatiron	SD2911	0.000466344331249957
MGR_bin66	Pegtop Mountain	SD2912	0.0547156578340907
MGR_bin113	Mount Seuss 4	SD2897	0.013786751960446
MGR_bin113	Mount Seuss 5	SD2898	0.0228435584302747
MGR_bin113	Mount Seuss 6	SD2899	0.000926859836948822
MGR_bin113	Mount Seuss 7	SD2900	0.012156924159439
MGR_bin113	Mackay Glacier 1	SD2901	0.00115910162162297
MGR_bin113	Mackay Glacier 2	SD2902	0.0103808768240197
MGR_bin113	Mount Murray	SD2903	0.00187377162903088
MGR_bin113	Mount Gran 1	SD2904	0.117912734035732
MGR_bin113	Mount Gran 2	SD2905	0.0570229726865372
MGR_bin113	Towle Glacier 1	SD2906	0.213086174285897
MGR_bin113	Towle Glacier 2	SD2907	0.173931452488219
MGR_bin113	Cliff Nunatak	SD2908	0.000777802738197381
MGR_bin113	Benson Glacier	SD2909	0.00171391293501757
MGR_bin113	Spaulding Pond	SD2910	0.00290696792628536
MGR_bin113	Flatiron	SD2911	0.000702863465759504
MGR_bin113	Pegtop Mountain	SD2912	0.0193128293002428
MGR_bin216	Mount Seuss 4	SD2897	0.0696684693649711
MGR_bin216	Mount Seuss 5	SD2898	0.0491963122073659
MGR_bin216	Mount Seuss 6	SD2899	0.0903663290759237
MGR_bin216	Mount Seuss 7	SD2900	0.0316320759316887
MGR_bin216	Mackay Glacier 1	SD2901	0.00340268458879875
MGR_bin216	Mackay Glacier 2	SD2902	0.0436200033078048
MGR_bin216	Mount Murray	SD2903	0.00397946842292955
MGR_bin216	Mount Gran 1	SD2904	0.0549060439961748
MGR_bin216	Mount Gran 2	SD2905	0.0759851344697189
MGR_bin216	Towle Glacier 1	SD2906	0.172439938135783
MGR_bin216	Towle Glacier 2	SD2907	0.678701332694344
MGR_bin216	Cliff Nunatak	SD2908	0.000282429812717205
MGR_bin216	Benson Glacier	SD2909	0.0209887034293513
MGR_bin216	Spaulding Pond	SD2910	0.0805999945031879
MGR_bin216	Flatiron	SD2911	9.14838161782212e-05
MGR_bin216	Pegtop Mountain	SD2912	0.0949272386405571
MGR_bin378	Mount Seuss 4	SD2897	-
MGR_bin378	Mount Seuss 5	SD2898	-
MGR_bin378	Mount Seuss 6	SD2899	-
MGR_bin378	Mount Seuss 7	SD2900	-
MGR_bin378	Mackay Glacier 1	SD2901	-
MGR_bin378	Mackay Glacier 2	SD2902	-
MGR_bin378	Mount Murray	SD2903	-
MGR_bin378	Mount Gran 1	SD2904	-
MGR_bin378	Mount Gran 2	SD2905	1.7119247501731
MGR_bin378	Towle Glacier 1	SD2906	-
MGR_bin378	Towle Glacier 2	SD2907	-
MGR_bin378	Cliff Nunatak	SD2908	-
MGR_bin378	Benson Glacier	SD2909	-
MGR_bin378	Spaulding Pond	SD2910	-
MGR_bin378	Flatiron	SD2911	-
MGR_bin378	Pegtop Mountain	SD2912	-
MGR_bin23	Mount Seuss 4	SD2897	0.541969943177757
MGR_bin23	Mount Seuss 5	SD2898	0.262661099580055
MGR_bin23	Mount Seuss 6	SD2899	0.270840969489377
MGR_bin23	Mount Seuss 7	SD2900	0.800709080230972
MGR_bin23	Mackay Glacier 1	SD2901	0.00593728663264811
MGR_bin23	Mackay Glacier 2	SD2902	0.206990570179015
MGR_bin23	Mount Murray	SD2903	0.000619997965488158
MGR_bin23	Mount Gran 1	SD2904	0.192597043641375
MGR_bin23	Mount Gran 2	SD2905	0.028750937811676
MGR_bin23	Towle Glacier 1	SD2906	0.355458841427654
MGR_bin23	Towle Glacier 2	SD2907	0.0238942778135864
MGR_bin23	Cliff Nunatak	SD2908	8.96602580054618e-06
MGR_bin23	Benson Glacier	SD2909	0.0555675698957923
MGR_bin23	Spaulding Pond	SD2910	0.0773161548457478
MGR_bin23	Flatiron	SD2911	0.00689475590221228
MGR_bin23	Pegtop Mountain	SD2912	0.0697913108851904
MGR_bin48	Mount Seuss 4	SD2897	0.767946655609369
MGR_bin48	Mount Seuss 5	SD2898	0.341306656369165
MGR_bin48	Mount Seuss 6	SD2899	0.177193055585338
MGR_bin48	Mount Seuss 7	SD2900	0.815656297514315
MGR_bin48	Mackay Glacier 1	SD2901	0.00936733198933925
MGR_bin48	Mackay Glacier 2	SD2902	0.770033568221839
MGR_bin48	Mount Murray	SD2903	0.00347887747301688
MGR_bin48	Mount Gran 1	SD2904	0.305266713833426
MGR_bin48	Mount Gran 2	SD2905	0.187926301435492
MGR_bin48	Towle Glacier 1	SD2906	0.391413292500586
MGR_bin48	Towle Glacier 2	SD2907	0.111709271084156
MGR_bin48	Cliff Nunatak	SD2908	1.12075322506827e-05
MGR_bin48	Benson Glacier	SD2909	0.148524913205116
MGR_bin48	Spaulding Pond	SD2910	0.267395089251039
MGR_bin48	Flatiron	SD2911	0.09359017526291
MGR_bin48	Pegtop Mountain	SD2912	0.141061205755991
MGR_bin133	Mount Seuss 4	SD2897	0.00274178038811057
MGR_bin133	Mount Seuss 5	SD2898	0.00250036202152821
MGR_bin133	Mount Seuss 6	SD2899	0.000889284438153599
MGR_bin133	Mount Seuss 7	SD2900	0.00404209521556864
MGR_bin133	Mackay Glacier 1	SD2901	0.240779732138082
MGR_bin133	Mackay Glacier 2	SD2902	0.0383192882143271
MGR_bin133	Mount Murray	SD2903	0.102586700400679
MGR_bin133	Mount Gran 1	SD2904	0.00127142424794381
MGR_bin133	Mount Gran 2	SD2905	0.00102485228478365
MGR_bin133	Towle Glacier 1	SD2906	0.00468336680252265
MGR_bin133	Towle Glacier 2	SD2907	0.000863617160547839
MGR_bin133	Cliff Nunatak	SD2908	1.12075322506827e-05
MGR_bin133	Benson Glacier	SD2909	0.000771709489065505
MGR_bin133	Spaulding Pond	SD2910	0.00175107475085332
MGR_bin133	Flatiron	SD2911	0.000988471477242731
MGR_bin133	Pegtop Mountain	SD2912	0.0424549496122192
MGR_bin206	Mount Seuss 4	SD2897	0.357689214838272
MGR_bin206	Mount Seuss 5	SD2898	0.079106530868369
MGR_bin206	Mount Seuss 6	SD2899	0.0631592353215963
MGR_bin206	Mount Seuss 7	SD2900	0.476792158221482
MGR_bin206	Mackay Glacier 1	SD2901	0.00461899508874216
MGR_bin206	Mackay Glacier 2	SD2902	0.0937599605244174
MGR_bin206	Mount Murray	SD2903	0.00417465296762026
MGR_bin206	Mount Gran 1	SD2904	0.245779545926192
MGR_bin206	Mount Gran 2	SD2905	0.0856278451024848
MGR_bin206	Towle Glacier 1	SD2906	0.344989313842147
MGR_bin206	Towle Glacier 2	SD2907	0.564641248735101
MGR_bin206	Cliff Nunatak	SD2908	1.79320516010924e-05
MGR_bin206	Benson Glacier	SD2909	0.0797328449429249
MGR_bin206	Spaulding Pond	SD2910	0.176780417891921
MGR_bin206	Flatiron	SD2911	0.0374235747546616
MGR_bin206	Pegtop Mountain	SD2912	0.327786773913292
MGR_bin330	Mount Seuss 4	SD2897	-
MGR_bin330	Mount Seuss 5	SD2898	-
MGR_bin330	Mount Seuss 6	SD2899	-
MGR_bin330	Mount Seuss 7	SD2900	1.46516431740764
MGR_bin330	Mackay Glacier 1	SD2901	-
MGR_bin330	Mackay Glacier 2	SD2902	-
MGR_bin330	Mount Murray	SD2903	-
MGR_bin330	Mount Gran 1	SD2904	-
MGR_bin330	Mount Gran 2	SD2905	-
MGR_bin330	Towle Glacier 1	SD2906	-
MGR_bin330	Towle Glacier 2	SD2907	-
MGR_bin330	Cliff Nunatak	SD2908	-
MGR_bin330	Benson Glacier	SD2909	-
MGR_bin330	Spaulding Pond	SD2910	-
MGR_bin330	Flatiron	SD2911	-
MGR_bin330	Pegtop Mountain	SD2912	-
MGR_bin335	Mount Seuss 4	SD2897	-
MGR_bin335	Mount Seuss 5	SD2898	-
MGR_bin335	Mount Seuss 6	SD2899	-
MGR_bin335	Mount Seuss 7	SD2900	0.867525111106189
MGR_bin335	Mackay Glacier 1	SD2901	-
MGR_bin335	Mackay Glacier 2	SD2902	-
MGR_bin335	Mount Murray	SD2903	-
MGR_bin335	Mount Gran 1	SD2904	-
MGR_bin335	Mount Gran 2	SD2905	-
MGR_bin335	Towle Glacier 1	SD2906	-
MGR_bin335	Towle Glacier 2	SD2907	-
MGR_bin335	Cliff Nunatak	SD2908	-
MGR_bin335	Benson Glacier	SD2909	-
MGR_bin335	Spaulding Pond	SD2910	-
MGR_bin335	Flatiron	SD2911	-
MGR_bin335	Pegtop Mountain	SD2912	-
MGR_bin357	Mount Seuss 4	SD2897	-
MGR_bin357	Mount Seuss 5	SD2898	-
MGR_bin357	Mount Seuss 6	SD2899	-
MGR_bin357	Mount Seuss 7	SD2900	-
MGR_bin357	Mackay Glacier 1	SD2901	-
MGR_bin357	Mackay Glacier 2	SD2902	0.894747821515134
MGR_bin357	Mount Murray	SD2903	-
MGR_bin357	Mount Gran 1	SD2904	-
MGR_bin357	Mount Gran 2	SD2905	-
MGR_bin357	Towle Glacier 1	SD2906	-
MGR_bin357	Towle Glacier 2	SD2907	-
MGR_bin357	Cliff Nunatak	SD2908	-
MGR_bin357	Benson Glacier	SD2909	-
MGR_bin357	Spaulding Pond	SD2910	-
MGR_bin357	Flatiron	SD2911	-
MGR_bin357	Pegtop Mountain	SD2912	-
MGR_bin143	Mount Seuss 4	SD2897	7.29843936497933e-05
MGR_bin143	Mount Seuss 5	SD2898	0.00011101993531882
MGR_bin143	Mount Seuss 6	SD2899	6.0120638072356e-05
MGR_bin143	Mount Seuss 7	SD2900	0.000175077215617483
MGR_bin143	Mackay Glacier 1	SD2901	0.000300968446816264
MGR_bin143	Mackay Glacier 2	SD2902	0.000183381447834198
MGR_bin143	Mount Murray	SD2903	1.14814438053363e-05
MGR_bin143	Mount Gran 1	SD2904	3.49704115348004e-05
MGR_bin143	Mount Gran 2	SD2905	3.59177202611094e-05
MGR_bin143	Towle Glacier 1	SD2906	6.7346197280134e-05
MGR_bin143	Towle Glacier 2	SD2907	6.261876692794e-05
MGR_bin143	Cliff Nunatak	SD2908	6.72451935040964e-06
MGR_bin143	Benson Glacier	SD2909	0.000253497593791866
MGR_bin143	Spaulding Pond	SD2910	0.00185678267544551
MGR_bin143	Flatiron	SD2911	1.81178342790752
MGR_bin143	Pegtop Mountain	SD2912	0.000692331521392615
MGR_bin253	Mount Seuss 4	SD2897	0.000715247057767975
MGR_bin253	Mount Seuss 5	SD2898	0.000555099676594101
MGR_bin253	Mount Seuss 6	SD2899	0.000242987578875772
MGR_bin253	Mount Seuss 7	SD2900	0.000337023640063655
MGR_bin253	Mackay Glacier 1	SD2901	0.000529803960098051
MGR_bin253	Mackay Glacier 2	SD2902	0.000884691579416335
MGR_bin253	Mount Murray	SD2903	2.29628876106725e-06
MGR_bin253	Mount Gran 1	SD2904	0.000312235817275004
MGR_bin253	Mount Gran 2	SD2905	0.000141276366360364
MGR_bin253	Towle Glacier 1	SD2906	0.000625758416394579
MGR_bin253	Towle Glacier 2	SD2907	0.000305266488773707
MGR_bin253	Cliff Nunatak	SD2908	5.15546483531406e-05
MGR_bin253	Benson Glacier	SD2909	0.000729085999843863
MGR_bin253	Spaulding Pond	SD2910	0.138601473127253
MGR_bin253	Flatiron	SD2911	4.33610975558871
MGR_bin253	Pegtop Mountain	SD2912	0.0136936734638237
MGR_bin27	Mount Seuss 4	SD2897	0.347515190363491
MGR_bin27	Mount Seuss 5	SD2898	0.138736303518849
MGR_bin27	Mount Seuss 6	SD2899	0.0306840706561787
MGR_bin27	Mount Seuss 7	SD2900	0.678104694599244
MGR_bin27	Mackay Glacier 1	SD2901	0.00982251567336715
MGR_bin27	Mackay Glacier 2	SD2902	0.14333738275916
MGR_bin27	Mount Murray	SD2903	0.00601398026523513
MGR_bin27	Mount Gran 1	SD2904	0.0435131834954445
MGR_bin27	Mount Gran 2	SD2905	0.010555020727398
MGR_bin27	Towle Glacier 1	SD2906	0.128729450009423
MGR_bin27	Towle Glacier 2	SD2907	0.00325878499554154
MGR_bin27	Cliff Nunatak	SD2908	3.81056096523213e-05
MGR_bin27	Benson Glacier	SD2909	0.0155822503228168
MGR_bin27	Spaulding Pond	SD2910	0.0897092600050023
MGR_bin27	Flatiron	SD2911	0.178199317352226
MGR_bin27	Pegtop Mountain	SD2912	0.0598034894796737
MGR_bin77	Mount Seuss 4	SD2897	0.224721380860835
MGR_bin77	Mount Seuss 5	SD2898	0.132565043201236
MGR_bin77	Mount Seuss 6	SD2899	0.0701833298697166
MGR_bin77	Mount Seuss 7	SD2900	0.262817162224184
MGR_bin77	Mackay Glacier 1	SD2901	0.00329572885976487
MGR_bin77	Mackay Glacier 2	SD2902	0.401355079861877
MGR_bin77	Mount Murray	SD2903	0.0020896227725712
MGR_bin77	Mount Gran 1	SD2904	0.192077483241429
MGR_bin77	Mount Gran 2	SD2905	0.27900406195893
MGR_bin77	Towle Glacier 1	SD2906	0.146806291796032
MGR_bin77	Towle Glacier 2	SD2907	0.476314868867953
MGR_bin77	Cliff Nunatak	SD2908	0.000165871477310104
MGR_bin77	Benson Glacier	SD2909	0.214815655652458
MGR_bin77	Spaulding Pond	SD2910	0.366050456874246
MGR_bin77	Flatiron	SD2911	0.0261309017381256
MGR_bin77	Pegtop Mountain	SD2912	0.0796986286254289
MGR_bin80	Mount Seuss 4	SD2897	0.224137505711637
MGR_bin80	Mount Seuss 5	SD2898	0.0526886132161993
MGR_bin80	Mount Seuss 6	SD2899	0.00688882311245746
MGR_bin80	Mount Seuss 7	SD2900	0.461022078024737
MGR_bin80	Mackay Glacier 1	SD2901	0.0056139321030108
MGR_bin80	Mackay Glacier 2	SD2902	0.209600038619142
MGR_bin80	Mount Murray	SD2903	0.00193117884805756
MGR_bin80	Mount Gran 1	SD2904	0.550786479559645
MGR_bin80	Mount Gran 2	SD2905	0.0586201139808146
MGR_bin80	Towle Glacier 1	SD2906	0.709553922360386
MGR_bin80	Towle Glacier 2	SD2907	0.160953713042404
MGR_bin80	Cliff Nunatak	SD2908	2.68980774016386e-05
MGR_bin80	Benson Glacier	SD2909	0.0218277131645563
MGR_bin80	Spaulding Pond	SD2910	0.0243289086447297
MGR_bin80	Flatiron	SD2911	0.0039672737845092
MGR_bin80	Pegtop Mountain	SD2912	0.131746931683302
MGR_bin169	Mount Seuss 4	SD2897	0.120458308905862
MGR_bin169	Mount Seuss 5	SD2898	0.137500603369214
MGR_bin169	Mount Seuss 6	SD2899	0.282564493913487
MGR_bin169	Mount Seuss 7	SD2900	0.546542920923487
MGR_bin169	Mackay Glacier 1	SD2901	0.00516869778912559
MGR_bin169	Mackay Glacier 2	SD2902	0.0395756989447587
MGR_bin169	Mount Murray	SD2903	0.00325384117443229
MGR_bin169	Mount Gran 1	SD2904	0.0149248720657452
MGR_bin169	Mount Gran 2	SD2905	0.0190244191649676
MGR_bin169	Towle Glacier 1	SD2906	0.0394227802328585
MGR_bin169	Towle Glacier 2	SD2907	0.0366241513069789
MGR_bin169	Cliff Nunatak	SD2908	6.72451935040964e-06
MGR_bin169	Benson Glacier	SD2909	0.0218277131645563
MGR_bin169	Spaulding Pond	SD2910	0.502241329721125
MGR_bin169	Flatiron	SD2911	0.295082164739147
MGR_bin169	Pegtop Mountain	SD2912	0.0773720726988886
MGR_bin199	Mount Seuss 4	SD2897	0.00150834413542906
MGR_bin199	Mount Seuss 5	SD2898	0.00289617222570836
MGR_bin199	Mount Seuss 6	SD2899	0.000468439971647107
MGR_bin199	Mount Seuss 7	SD2900	0.00189083392866882
MGR_bin199	Mackay Glacier 1	SD2901	0.169099494945098
MGR_bin199	Mackay Glacier 2	SD2902	0.120380007992457
MGR_bin199	Mount Murray	SD2903	0.0154976528484429
MGR_bin199	Mount Gran 1	SD2904	0.000781838486456609
MGR_bin199	Mount Gran 2	SD2905	0.000634546391279599
MGR_bin199	Towle Glacier 1	SD2906	0.00798052437769588
MGR_bin199	Towle Glacier 2	SD2907	0.000524432173021497
MGR_bin199	Cliff Nunatak	SD2908	3.36225967520482e-05
MGR_bin199	Benson Glacier	SD2909	0.000545131993729412
MGR_bin199	Spaulding Pond	SD2910	0.000689399508209967
MGR_bin199	Flatiron	SD2911	0.00045295645571168
MGR_bin199	Pegtop Mountain	SD2912	0.0970444850373741
MGR_bin231	Mount Seuss 4	SD2897	0.0018489379724614301
MGR_bin231	Mount Seuss 5	SD2898	0.00103296809383598
MGR_bin231	Mount Seuss 6	SD2899	0.00069639739100479
MGR_bin231	Mount Seuss 7	SD2900	0.00264804288621443
MGR_bin231	Mackay Glacier 1	SD2901	0.000348227954994024
MGR_bin231	Mackay Glacier 2	SD2902	0.00197506775572778
MGR_bin231	Mount Murray	SD2903	0.000160740213274708
MGR_bin231	Mount Gran 1	SD2904	0.00114403203449561
MGR_bin231	Mount Gran 2	SD2905	0.000730326978642557
MGR_bin231	Towle Glacier 1	SD2906	0.00139743359356278
MGR_bin231	Towle Glacier 2	SD2907	0.00108800107537296
MGR_bin231	Cliff Nunatak	SD2908	3.58641032021847e-05
MGR_bin231	Benson Glacier	SD2909	0.000738059365995788
MGR_bin231	Spaulding Pond	SD2910	0.00357338745088833
MGR_bin231	Flatiron	SD2911	1.85676445840354
MGR_bin231	Pegtop Mountain	SD2912	0.00155640419537875
MGR_bin261	Mount Seuss 4	SD2897	0.0119718733716878
MGR_bin261	Mount Seuss 5	SD2898	0.0288700101366028
MGR_bin261	Mount Seuss 6	SD2899	0.000633771726346086
MGR_bin261	Mount Seuss 7	SD2900	0.0156387722850317
MGR_bin261	Mackay Glacier 1	SD2901	0.0283756036469416
MGR_bin261	Mackay Glacier 2	SD2902	0.358904752815934
MGR_bin261	Mount Murray	SD2903	0.0273556880105942
MGR_bin261	Mount Gran 1	SD2904	0.0168007848559334
MGR_bin261	Mount Gran 2	SD2905	0.00208801680451249
MGR_bin261	Towle Glacier 1	SD2906	0.203208732018144
MGR_bin261	Towle Glacier 2	SD2907	0.0863851980923819
MGR_bin261	Cliff Nunatak	SD2908	1.34490387008193e-05
MGR_bin261	Benson Glacier	SD2909	0.0302222971996816
MGR_bin261	Spaulding Pond	SD2910	0.00759948057883453
MGR_bin261	Flatiron	SD2911	0.00299442149539446
MGR_bin261	Pegtop Mountain	SD2912	0.306952425339291
MGR_bin332	Mount Seuss 4	SD2897	-
MGR_bin332	Mount Seuss 5	SD2898	-
MGR_bin332	Mount Seuss 6	SD2899	-
MGR_bin332	Mount Seuss 7	SD2900	0.297736312879091
MGR_bin332	Mackay Glacier 1	SD2901	-
MGR_bin332	Mackay Glacier 2	SD2902	-
MGR_bin332	Mount Murray	SD2903	-
MGR_bin332	Mount Gran 1	SD2904	-
MGR_bin332	Mount Gran 2	SD2905	-
MGR_bin332	Towle Glacier 1	SD2906	-
MGR_bin332	Towle Glacier 2	SD2907	-
MGR_bin332	Cliff Nunatak	SD2908	-
MGR_bin332	Benson Glacier	SD2909	-
MGR_bin332	Spaulding Pond	SD2910	-
MGR_bin332	Flatiron	SD2911	-
MGR_bin332	Pegtop Mountain	SD2912	-
MGR_bin397	Mount Seuss 4	SD2897	-
MGR_bin397	Mount Seuss 5	SD2898	-
MGR_bin397	Mount Seuss 6	SD2899	-
MGR_bin397	Mount Seuss 7	SD2900	-
MGR_bin397	Mackay Glacier 1	SD2901	-
MGR_bin397	Mackay Glacier 2	SD2902	-
MGR_bin397	Mount Murray	SD2903	-
MGR_bin397	Mount Gran 1	SD2904	-
MGR_bin397	Mount Gran 2	SD2905	-
MGR_bin397	Towle Glacier 1	SD2906	-
MGR_bin397	Towle Glacier 2	SD2907	0.776021332961517
MGR_bin397	Cliff Nunatak	SD2908	-
MGR_bin397	Benson Glacier	SD2909	-
MGR_bin397	Spaulding Pond	SD2910	-
MGR_bin397	Flatiron	SD2911	-
MGR_bin397	Pegtop Mountain	SD2912	-
MGR_bin401	Mount Seuss 4	SD2897	-
MGR_bin401	Mount Seuss 5	SD2898	-
MGR_bin401	Mount Seuss 6	SD2899	-
MGR_bin401	Mount Seuss 7	SD2900	-
MGR_bin401	Mackay Glacier 1	SD2901	-
MGR_bin401	Mackay Glacier 2	SD2902	-
MGR_bin401	Mount Murray	SD2903	-
MGR_bin401	Mount Gran 1	SD2904	-
MGR_bin401	Mount Gran 2	SD2905	-
MGR_bin401	Towle Glacier 1	SD2906	-
MGR_bin401	Towle Glacier 2	SD2907	0.534216355353988
MGR_bin401	Cliff Nunatak	SD2908	-
MGR_bin401	Benson Glacier	SD2909	-
MGR_bin401	Spaulding Pond	SD2910	-
MGR_bin401	Flatiron	SD2911	-
MGR_bin401	Pegtop Mountain	SD2912	-
MGR_bin435	Mount Seuss 4	SD2897	-
MGR_bin435	Mount Seuss 5	SD2898	-
MGR_bin435	Mount Seuss 6	SD2899	-
MGR_bin435	Mount Seuss 7	SD2900	-
MGR_bin435	Mackay Glacier 1	SD2901	-
MGR_bin435	Mackay Glacier 2	SD2902	-
MGR_bin435	Mount Murray	SD2903	-
MGR_bin435	Mount Gran 1	SD2904	-
MGR_bin435	Mount Gran 2	SD2905	-
MGR_bin435	Towle Glacier 1	SD2906	-
MGR_bin435	Towle Glacier 2	SD2907	-
MGR_bin435	Cliff Nunatak	SD2908	-
MGR_bin435	Benson Glacier	SD2909	-
MGR_bin435	Spaulding Pond	SD2910	0.685947914672196
MGR_bin435	Flatiron	SD2911	-
MGR_bin435	Pegtop Mountain	SD2912	-
MGR_bin449	Mount Seuss 4	SD2897	-
MGR_bin449	Mount Seuss 5	SD2898	-
MGR_bin449	Mount Seuss 6	SD2899	-
MGR_bin449	Mount Seuss 7	SD2900	-
MGR_bin449	Mackay Glacier 1	SD2901	-
MGR_bin449	Mackay Glacier 2	SD2902	-
MGR_bin449	Mount Murray	SD2903	-
MGR_bin449	Mount Gran 1	SD2904	-
MGR_bin449	Mount Gran 2	SD2905	-
MGR_bin449	Towle Glacier 1	SD2906	-
MGR_bin449	Towle Glacier 2	SD2907	-
MGR_bin449	Cliff Nunatak	SD2908	-
MGR_bin449	Benson Glacier	SD2909	-
MGR_bin449	Spaulding Pond	SD2910	-
MGR_bin449	Flatiron	SD2911	-
MGR_bin449	Pegtop Mountain	SD2912	0.274914650014072
MGR_bin168	Mount Seuss 4	SD2897	0.250419185864928
MGR_bin168	Mount Seuss 5	SD2898	0.10148670174253
MGR_bin168	Mount Seuss 6	SD2899	0.000333168535984306
MGR_bin168	Mount Seuss 7	SD2900	0.112478357173452
MGR_bin168	Mackay Glacier 1	SD2901	0.000288531734137906
MGR_bin168	Mackay Glacier 2	SD2902	0.000550144343502595
MGR_bin168	Mount Murray	SD2903	0.00171532770451724
MGR_bin168	Mount Gran 1	SD2904	0.0199581134402182
MGR_bin168	Mount Gran 2	SD2905	0.00136726788460623
MGR_bin168	Towle Glacier 1	SD2906	0.00682722074927359
MGR_bin168	Towle Glacier 2	SD2907	0.000863617160547839
MGR_bin168	Cliff Nunatak	SD2908	0.000125524361207647
MGR_bin168	Benson Glacier	SD2909	0.000955663495179956
MGR_bin168	Spaulding Pond	SD2910	0.000108005922952895
MGR_bin168	Flatiron	SD2911	8.92525035885085e-05
MGR_bin168	Pegtop Mountain	SD2912	0.00183816702385248
MGR_bin1	Mount Seuss 4	SD2897	0.187039538419447
MGR_bin1	Mount Seuss 5	SD2898	0.0623859632186127
MGR_bin1	Mount Seuss 6	SD2899	0.030125449727423
MGR_bin1	Mount Seuss 7	SD2900	0.075066544661191
MGR_bin1	Mackay Glacier 1	SD2901	0.0075938567614054
MGR_bin1	Mackay Glacier 2	SD2902	0.079205916698333
MGR_bin1	Mount Murray	SD2903	0.00314591560266213
MGR_bin1	Mount Gran 1	SD2904	0.0433658081896907
MGR_bin1	Mount Gran 2	SD2905	0.178709814416492
MGR_bin1	Towle Glacier 1	SD2906	0.153597033355112
MGR_bin1	Towle Glacier 2	SD2907	0.14785595429331
MGR_bin1	Cliff Nunatak	SD2908	0.000179320516010924
MGR_bin1	Benson Glacier	SD2909	0.0140276146369959
MGR_bin1	Spaulding Pond	SD2910	0.00196938459511981
MGR_bin1	Flatiron	SD2911	0.000470806956429382
MGR_bin1	Pegtop Mountain	SD2912	0.0342382088428231
MGR_bin8	Mount Seuss 4	SD2897	0.00163241760463371
MGR_bin8	Mount Seuss 5	SD2898	0.0445117536322827
MGR_bin8	Mount Seuss 6	SD2899	0.132328029423842
MGR_bin8	Mount Seuss 7	SD2900	0.00121678664854151
MGR_bin8	Mackay Glacier 1	SD2901	0.000838234434521329
MGR_bin8	Mackay Glacier 2	SD2902	0.000849997791988243
MGR_bin8	Mount Murray	SD2903	0.0045925775221345
MGR_bin8	Mount Gran 1	SD2904	0.00404657619188405
MGR_bin8	Mount Gran 2	SD2905	0.00308892394245541
MGR_bin8	Towle Glacier 1	SD2906	0.00184360215054367
MGR_bin8	Towle Glacier 2	SD2907	0.00288046327868524
MGR_bin8	Cliff Nunatak	SD2908	0.000450542796477446
MGR_bin8	Benson Glacier	SD2909	0.0858392206093095
MGR_bin8	Spaulding Pond	SD2910	0.000266567809841187
MGR_bin8	Flatiron	SD2911	0.00168017838005367
MGR_bin8	Pegtop Mountain	SD2912	0.000501806180234182
MGR_bin32	Mount Seuss 4	SD2897	0.348476151546547
MGR_bin32	Mount Seuss 5	SD2898	0.0643770816237872
MGR_bin32	Mount Seuss 6	SD2899	0.070308581199034
MGR_bin32	Mount Seuss 7	SD2900	0.162970626157534
MGR_bin32	Mackay Glacier 1	SD2901	0.00306938068901876
MGR_bin32	Mackay Glacier 2	SD2902	0.098872337914714
MGR_bin32	Mount Murray	SD2903	0.0111898151326807
MGR_bin32	Mount Gran 1	SD2904	0.0247265788416421
MGR_bin32	Mount Gran 2	SD2905	0.0742275606916086
MGR_bin32	Towle Glacier 1	SD2906	0.0160312010442252
MGR_bin32	Towle Glacier 2	SD2907	0.137296864720086
MGR_bin32	Cliff Nunatak	SD2908	0.000152422438609285
MGR_bin32	Benson Glacier	SD2909	0.0305251483073091
MGR_bin32	Spaulding Pond	SD2910	0.00192572262626651
MGR_bin32	Flatiron	SD2911	0.000158423193869603
MGR_bin32	Pegtop Mountain	SD2912	0.00186500157894522
MGR_bin72	Mount Seuss 4	SD2897	0.279890284020714
MGR_bin72	Mount Seuss 5	SD2898	0.139322778394555
MGR_bin72	Mount Seuss 6	SD2899	0.00581166168032775
MGR_bin72	Mount Seuss 7	SD2900	0.0316977298875453
MGR_bin72	Mackay Glacier 1	SD2901	0.00138296244983341
MGR_bin72	Mackay Glacier 2	SD2902	0.016021095408758
MGR_bin72	Mount Murray	SD2903	0.00350413664938862
MGR_bin72	Mount Gran 1	SD2904	0.0116001850834009
MGR_bin72	Mount Gran 2	SD2905	0.0241295244714133
MGR_bin72	Towle Glacier 1	SD2906	0.0533213516965461
MGR_bin72	Towle Glacier 2	SD2907	0.0209511957679733
MGR_bin72	Cliff Nunatak	SD2908	0.000107592309606554
MGR_bin72	Benson Glacier	SD2909	0.0130091375787525
MGR_bin72	Spaulding Pond	SD2910	0.00117657516067834
MGR_bin72	Flatiron	SD2911	0.000642618025837261
MGR_bin72	Pegtop Mountain	SD2912	0.00066013005528133
MGR_bin75	Mount Seuss 4	SD2897	0.240970139700401
MGR_bin75	Mount Seuss 5	SD2898	0.082422648066805
MGR_bin75	Mount Seuss 6	SD2899	0.000225452392771335
MGR_bin75	Mount Seuss 7	SD2900	0.0460912654764976
MGR_bin75	Mackay Glacier 1	SD2901	0.00177098788539818
MGR_bin75	Mackay Glacier 2	SD2902	0.00407652002280076
MGR_bin75	Mount Murray	SD2903	0.00336635932372459
MGR_bin75	Mount Gran 1	SD2904	0.015047268506117
MGR_bin75	Mount Gran 2	SD2905	0.0114218350430328
MGR_bin75	Towle Glacier 1	SD2906	0.233113249702077
MGR_bin75	Towle Glacier 2	SD2907	0.00535651368762753
MGR_bin75	Cliff Nunatak	SD2908	8.96602580054618e-05
MGR_bin75	Benson Glacier	SD2909	0.00156585239351082
MGR_bin75	Spaulding Pond	SD2910	0.000108005922952895
MGR_bin75	Flatiron	SD2911	0.000343622138815758
MGR_bin75	Pegtop Mountain	SD2912	0.00121560534570099
MGR_bin78	Mount Seuss 4	SD2897	0.208314489168362
MGR_bin78	Mount Seuss 5	SD2898	0.0312183231162813
MGR_bin78	Mount Seuss 6	SD2899	0.000455914838715366
MGR_bin78	Mount Seuss 7	SD2900	0.0401211324239414
MGR_bin78	Mackay Glacier 1	SD2901	0.000407924175850143
MGR_bin78	Mackay Glacier 2	SD2902	0.00114241685745359
MGR_bin78	Mount Murray	SD2903	0.00165562419672949
MGR_bin78	Mount Gran 1	SD2904	0.231336765962319
MGR_bin78	Mount Gran 2	SD2905	0.00959721485376843
MGR_bin78	Towle Glacier 1	SD2906	0.771024163927828
MGR_bin78	Towle Glacier 2	SD2907	0.0209355410762413
MGR_bin78	Cliff Nunatak	SD2908	7.62112193046426e-05
MGR_bin78	Benson Glacier	SD2909	0.000679732486008279
MGR_bin78	Spaulding Pond	SD2910	0.000287249795087486
MGR_bin78	Flatiron	SD2911	0.000116028254665061
MGR_bin78	Pegtop Mountain	SD2912	0.0201527508746455
MGR_bin81	Mount Seuss 4	SD2897	0.0917511140702769
MGR_bin81	Mount Seuss 5	SD2898	0.192264806680504
MGR_bin81	Mount Seuss 6	SD2899	0.00399802243181167
MGR_bin81	Mount Seuss 7	SD2900	0.0327394393204693
MGR_bin81	Mackay Glacier 1	SD2901	0.0026539944855616
MGR_bin81	Mackay Glacier 2	SD2902	0.0231754500019652
MGR_bin81	Mount Murray	SD2903	0.00440887442124912
MGR_bin81	Mount Gran 1	SD2904	0.016396127236745
MGR_bin81	Mount Gran 2	SD2905	0.190514771808976
MGR_bin81	Towle Glacier 1	SD2906	0.0168533858693535
MGR_bin81	Towle Glacier 2	SD2907	0.0216217383971599
MGR_bin81	Cliff Nunatak	SD2908	4.25886225525944e-05
MGR_bin81	Benson Glacier	SD2909	0.00802891936443442
MGR_bin81	Spaulding Pond	SD2910	0.000390659721318981
MGR_bin81	Flatiron	SD2911	0.00370174758633339
MGR_bin81	Pegtop Mountain	SD2912	0.000646712777734962
MGR_bin82	Mount Seuss 4	SD2897	0.0989327784054165
MGR_bin82	Mount Seuss 5	SD2898	0.0178983443548776
MGR_bin82	Mount Seuss 6	SD2899	0.000112726196385667
MGR_bin82	Mount Seuss 7	SD2900	0.012226955045686
MGR_bin82	Mackay Glacier 1	SD2901	0.000241272225960145
MGR_bin82	Mackay Glacier 2	SD2902	0.000835129025947632
MGR_bin82	Mount Murray	SD2903	0.00181406812124313
MGR_bin82	Mount Gran 1	SD2904	0.380188322660197
MGR_bin82	Mount Gran 2	SD2905	0.000988934564522545
MGR_bin82	Towle Glacier 1	SD2906	0.00978764733804614
MGR_bin82	Towle Glacier 2	SD2907	0.000683588205630012
MGR_bin82	Cliff Nunatak	SD2908	0.000163629970859968
MGR_bin82	Benson Glacier	SD2909	0.00019965739688032
MGR_bin82	Spaulding Pond	SD2910	6.89399508209967e-05
MGR_bin82	Flatiron	SD2911	4.23949392045415e-05
MGR_bin82	Pegtop Mountain	SD2912	0.000265662095418096
MGR_bin84	Mount Seuss 4	SD2897	0.098635975204574
MGR_bin84	Mount Seuss 5	SD2898	0.115064922527393
MGR_bin84	Mount Seuss 6	SD2899	0.022066779199141
MGR_bin84	Mount Seuss 7	SD2900	0.0357814059418231
MGR_bin84	Mackay Glacier 1	SD2901	0.0175482015891631
MGR_bin84	Mackay Glacier 2	SD2902	0.11134971075046
MGR_bin84	Mount Murray	SD2903	0.00993604146913799
MGR_bin84	Mount Gran 1	SD2904	0.0277764983047843
MGR_bin84	Mount Gran 2	SD2905	0.179274919881933
MGR_bin84	Towle Glacier 1	SD2906	0.167304790593173
MGR_bin84	Towle Glacier 2	SD2907	0.278903987897045
MGR_bin84	Cliff Nunatak	SD2908	0.000490889912579904
MGR_bin84	Benson Glacier	SD2909	0.0420245170310003
MGR_bin84	Spaulding Pond	SD2910	0.0484441034419144
MGR_bin84	Flatiron	SD2911	0.00435552217511921
MGR_bin84	Pegtop Mountain	SD2912	0.245045106740346
MGR_bin85	Mount Seuss 4	SD2897	0.0866008486917231
MGR_bin85	Mount Seuss 5	SD2898	0.0982598831877202
MGR_bin85	Mount Seuss 6	SD2899	0.000335673562570654
MGR_bin85	Mount Seuss 7	SD2900	0.0266270560302239
MGR_bin85	Mackay Glacier 1	SD2901	0.00043528494374253
MGR_bin85	Mackay Glacier 2	SD2902	0.00824720889719205
MGR_bin85	Mount Murray	SD2903	0.00206436359619946
MGR_bin85	Mount Gran 1	SD2904	0.164300984936645
MGR_bin85	Mount Gran 2	SD2905	0.00655857571967857
MGR_bin85	Towle Glacier 1	SD2906	0.0660076916091914
MGR_bin85	Towle Glacier 2	SD2907	0.0611315712134014
MGR_bin85	Cliff Nunatak	SD2908	0.000105350803156418
MGR_bin85	Benson Glacier	SD2909	0.00544458991268017
MGR_bin85	Spaulding Pond	SD2910	0.000176945873773891
MGR_bin85	Flatiron	SD2911	0.000314615075149492
MGR_bin85	Pegtop Mountain	SD2912	0.00132562702158121
MGR_bin88	Mount Seuss 4	SD2897	0.039321558485387
MGR_bin88	Mount Seuss 5	SD2898	0.0086812762465608
MGR_bin88	Mount Seuss 6	SD2899	0.000112726196385667
MGR_bin88	Mount Seuss 7	SD2900	0.0221166292628785
MGR_bin88	Mackay Glacier 1	SD2901	0.000151727894675968
MGR_bin88	Mackay Glacier 2	SD2902	0.00150670162544855
MGR_bin88	Mount Murray	SD2903	0.000884071173010892
MGR_bin88	Mount Gran 1	SD2904	0.260059963265081
MGR_bin88	Mount Gran 2	SD2905	0.0129974257051534
MGR_bin88	Towle Glacier 1	SD2906	0.00867362899137059
MGR_bin88	Towle Glacier 2	SD2907	0.00211599249910664
MGR_bin88	Cliff Nunatak	SD2908	5.60376612534136e-05
MGR_bin88	Benson Glacier	SD2909	0.000125627126126943
MGR_bin88	Spaulding Pond	SD2910	3.90659721318981e-05
MGR_bin88	Flatiron	SD2911	3.34696888456907e-05
MGR_bin88	Pegtop Mountain	SD2912	0.000252244817871728
MGR_bin108	Mount Seuss 4	SD2897	0.00782635981237951
MGR_bin108	Mount Seuss 5	SD2898	0.192636482116137
MGR_bin108	Mount Seuss 6	SD2899	0.00138527970225054
MGR_bin108	Mount Seuss 7	SD2900	0.00515602399993487
MGR_bin108	Mackay Glacier 1	SD2901	0.000271120336388205
MGR_bin108	Mackay Glacier 2	SD2902	0.00077565396178519
MGR_bin108	Mount Murray	SD2903	0.00139384727796782
MGR_bin108	Mount Gran 1	SD2904	0.00184094237865342
MGR_bin108	Mount Gran 2	SD2905	0.269325433605902
MGR_bin108	Towle Glacier 1	SD2906	0.00134692394560268
MGR_bin108	Towle Glacier 2	SD2907	0.00432330403331652
MGR_bin108	Cliff Nunatak	SD2908	3.36225967520482e-05
MGR_bin108	Benson Glacier	SD2909	0.00652363719244909
MGR_bin108	Spaulding Pond	SD2910	4.1363970492598e-05
MGR_bin108	Flatiron	SD2911	0.000515433208223637
MGR_bin108	Pegtop Mountain	SD2912	6.44029322225688e-05
MGR_bin124	Mount Seuss 4	SD2897	0.00043790636189876
MGR_bin124	Mount Seuss 5	SD2898	0.280776656851861
MGR_bin124	Mount Seuss 6	SD2899	7.76558241767932e-05
MGR_bin124	Mount Seuss 7	SD2900	0.00758084343623701
MGR_bin124	Mackay Glacier 1	SD2901	9.94937014268641e-05
MGR_bin124	Mackay Glacier 2	SD2902	9.16907239170991e-05
MGR_bin124	Mount Murray	SD2903	0.000530442703806535
MGR_bin124	Mount Gran 1	SD2904	0.000382176640344604
MGR_bin124	Mount Gran 2	SD2905	0.000349599143874798
MGR_bin124	Towle Glacier 1	SD2906	0.000176783767860352
MGR_bin124	Towle Glacier 2	SD2907	0.000159156032608514
MGR_bin124	Cliff Nunatak	SD2908	4.70716354528675e-05
MGR_bin124	Benson Glacier	SD2909	0.00113288747668046
MGR_bin124	Spaulding Pond	SD2910	8.73239377065958e-05
MGR_bin124	Flatiron	SD2911	5.57828147428178e-05
MGR_bin124	Pegtop Mountain	SD2912	6.44029322225688e-05
MGR_bin160	Mount Seuss 4	SD2897	0.310954874771188
MGR_bin160	Mount Seuss 5	SD2898	0.0445696770767968
MGR_bin160	Mount Seuss 6	SD2899	0.000112726196385667
MGR_bin160	Mount Seuss 7	SD2900	0.0182933805668317
MGR_bin160	Mackay Glacier 1	SD2901	6.218356339179e-05
MGR_bin160	Mackay Glacier 2	SD2902	0.000284984682445038
MGR_bin160	Mount Murray	SD2903	0.00101036705486959
MGR_bin160	Mount Gran 1	SD2904	0.00104661445950581
MGR_bin160	Mount Gran 2	SD2905	0.00108232063720143
MGR_bin160	Towle Glacier 1	SD2906	0.000749226444741491
MGR_bin160	Towle Glacier 2	SD2907	0.000414849330897602
MGR_bin160	Cliff Nunatak	SD2908	7.17282064043695e-05
MGR_bin160	Benson Glacier	SD2909	0.000583268799875091
MGR_bin160	Spaulding Pond	SD2910	1.37879901641993e-05
MGR_bin160	Flatiron	SD2911	9.14838161782212e-05
MGR_bin160	Pegtop Mountain	SD2912	5.63525656947477e-05
MGR_bin189	Mount Seuss 4	SD2897	0.127133948111697
MGR_bin189	Mount Seuss 5	SD2898	0.0373292465125259
MGR_bin189	Mount Seuss 6	SD2899	7.76558241767932e-05
MGR_bin189	Mount Seuss 7	SD2900	0.0303102429537767
MGR_bin189	Mackay Glacier 1	SD2901	7.95949611414912e-05
MGR_bin189	Mackay Glacier 2	SD2902	0.00995711699186227
MGR_bin189	Mount Murray	SD2903	0.00118258871194963
MGR_bin189	Mount Gran 1	SD2904	0.2645861336723
MGR_bin189	Mount Gran 2	SD2905	0.176418263863833
MGR_bin189	Towle Glacier 1	SD2906	0.0740864291912541
MGR_bin189	Towle Glacier 2	SD2907	0.00133847614308472
MGR_bin189	Cliff Nunatak	SD2908	3.81056096523213e-05
MGR_bin189	Benson Glacier	SD2909	0.000336501230697168
MGR_bin189	Spaulding Pond	SD2910	4.82579655746977e-05
MGR_bin189	Flatiron	SD2911	4.46262517942542e-06
MGR_bin189	Pegtop Mountain	SD2912	0.00798059668457998
MGR_bin198	Mount Seuss 4	SD2897	0.168537994629224
MGR_bin198	Mount Seuss 5	SD2898	0.00520345609885601
MGR_bin198	Mount Seuss 6	SD2899	0.000796598454458717
MGR_bin198	Mount Seuss 7	SD2900	0.0875583039954984
MGR_bin198	Mackay Glacier 1	SD2901	0.000134316496926266
MGR_bin198	Mackay Glacier 2	SD2902	0.0005575787265229
MGR_bin198	Mount Murray	SD2903	0.001058589118852
MGR_bin198	Mount Gran 1	SD2904	0.00130889254601682
MGR_bin198	Mount Gran 2	SD2905	0.00117091768051217
MGR_bin198	Towle Glacier 1	SD2906	0.000824990916681642
MGR_bin198	Towle Glacier 2	SD2907	0.00102277319315635
MGR_bin198	Cliff Nunatak	SD2908	6.05206741536867e-05
MGR_bin198	Benson Glacier	SD2909	0.000228820836874074
MGR_bin198	Spaulding Pond	SD2910	6.89399508209967e-05
MGR_bin198	Flatiron	SD2911	4.23949392045415e-05
MGR_bin198	Pegtop Mountain	SD2912	0.000762101364633731
MGR_bin218	Mount Seuss 4	SD2897	0.00949040398759479
MGR_bin218	Mount Seuss 5	SD2898	0.00693874595742627
MGR_bin218	Mount Seuss 6	SD2899	0.000769043162008887
MGR_bin218	Mount Seuss 7	SD2900	0.00279904698468451
MGR_bin218	Mackay Glacier 1	SD2901	0.0297187686162043
MGR_bin218	Mackay Glacier 2	SD2902	0.047699001458279
MGR_bin218	Mount Murray	SD2903	0.0107604091343611
MGR_bin218	Mount Gran 1	SD2904	0.00242794571513043
MGR_bin218	Mount Gran 2	SD2905	0.00357261590863835
MGR_bin218	Towle Glacier 1	SD2906	0.185853055760743
MGR_bin218	Towle Glacier 2	SD2907	0.00773341771560059
MGR_bin218	Cliff Nunatak	SD2908	0.000396746641674169
MGR_bin218	Benson Glacier	SD2909	0.00719663965384343
MGR_bin218	Spaulding Pond	SD2910	0.000330911763940784
MGR_bin218	Flatiron	SD2911	7.80959406399449e-05
MGR_bin218	Pegtop Mountain	SD2912	0.410772635537581
MGR_bin223	Mount Seuss 4	SD2897	0.022839249586142
MGR_bin223	Mount Seuss 5	SD2898	0.0434039677559492
MGR_bin223	Mount Seuss 6	SD2899	0.00199149613614679
MGR_bin223	Mount Seuss 7	SD2900	0.0173282674157404
MGR_bin223	Mackay Glacier 1	SD2901	0.00110686742837386
MGR_bin223	Mackay Glacier 2	SD2902	0.00553861535012747
MGR_bin223	Mount Murray	SD2903	0.00594509160240311
MGR_bin223	Mount Gran 1	SD2904	0.361057009664123
MGR_bin223	Mount Gran 2	SD2905	0.144552062448177
MGR_bin223	Towle Glacier 1	SD2906	0.0189804032667844
MGR_bin223	Towle Glacier 2	SD2907	0.0130429673280322
MGR_bin223	Cliff Nunatak	SD2908	0.000215184619213108
MGR_bin223	Benson Glacier	SD2909	0.0016757761288719
MGR_bin223	Spaulding Pond	SD2910	0.000684803511488567
MGR_bin223	Flatiron	SD2911	0.000252138322637536
MGR_bin223	Pegtop Mountain	SD2912	0.00403860054145692
MGR_bin236	Mount Seuss 4	SD2897	0.42676651061468
MGR_bin236	Mount Seuss 5	SD2898	0.321429260993387
MGR_bin236	Mount Seuss 6	SD2899	0.0019188503651427
MGR_bin236	Mount Seuss 7	SD2900	0.0892609299173784
MGR_bin236	Mackay Glacier 1	SD2901	0.000517367247419693
MGR_bin236	Mackay Glacier 2	SD2902	0.00828933706764045
MGR_bin236	Mount Murray	SD2903	0.00178880894487139
MGR_bin236	Mount Gran 1	SD2904	0.43151739313367
MGR_bin236	Mount Gran 2	SD2905	0.152532979890195
MGR_bin236	Towle Glacier 1	SD2906	0.0880495407606686
MGR_bin236	Towle Glacier 2	SD2907	0.0406421888515217
MGR_bin236	Cliff Nunatak	SD2908	1.56905451509558e-05
MGR_bin236	Benson Glacier	SD2909	0.0022455848795191
MGR_bin236	Spaulding Pond	SD2910	0.000105707924592195
MGR_bin236	Flatiron	SD2911	5.13201895633924e-05
MGR_bin236	Pegtop Mountain	SD2912	0.000322014661112844
MGR_bin246	Mount Seuss 4	SD2897	0.0503616644314791
MGR_bin246	Mount Seuss 5	SD2898	0.0157020804170488
MGR_bin246	Mount Seuss 6	SD2899	0.00180361914217068
MGR_bin246	Mount Seuss 7	SD2900	0.030483131704199
MGR_bin246	Mackay Glacier 1	SD2901	0.000661633114488646
MGR_bin246	Mackay Glacier 2	SD2902	0.00174955813744519
MGR_bin246	Mount Murray	SD2903	0.00399554244425702
MGR_bin246	Mount Gran 1	SD2904	0.215582595565892
MGR_bin246	Mount Gran 2	SD2905	0.0118528476861661
MGR_bin246	Towle Glacier 1	SD2906	0.0965014885193254
MGR_bin246	Towle Glacier 2	SD2907	0.0106582359541931
MGR_bin246	Cliff Nunatak	SD2908	0.000242082696614747
MGR_bin246	Benson Glacier	SD2909	0.000852469784432825
MGR_bin246	Spaulding Pond	SD2910	0.000234395832791389
MGR_bin246	Flatiron	SD2911	0.000116028254665061
MGR_bin246	Pegtop Mountain	SD2912	0.00190525341158433
MGR_bin257	Mount Seuss 4	SD2897	0.00463207618364022
MGR_bin257	Mount Seuss 5	SD2898	0.00400637157889656
MGR_bin257	Mount Seuss 6	SD2899	0.000293088110602735
MGR_bin257	Mount Seuss 7	SD2900	0.00171575671305133
MGR_bin257	Mackay Glacier 1	SD2901	0.000564626755597453
MGR_bin257	Mackay Glacier 2	SD2902	0.000894604090110075
MGR_bin257	Mount Murray	SD2903	0.00212865968150934
MGR_bin257	Mount Gran 1	SD2904	0.412840695487548
MGR_bin257	Mount Gran 2	SD2905	0.0867077712250021
MGR_bin257	Towle Glacier 1	SD2906	0.0036198581038072
MGR_bin257	Towle Glacier 2	SD2907	0.00227514853171515
MGR_bin257	Cliff Nunatak	SD2908	7.17282064043695e-05
MGR_bin257	Benson Glacier	SD2909	0.000406044818374582
MGR_bin257	Spaulding Pond	SD2910	0.00040904370820458
MGR_bin257	Flatiron	SD2911	0.000118259567254774
MGR_bin257	Pegtop Mountain	SD2912	0.0012853751889421
MGR_bin262	Mount Seuss 4	SD2897	0.273017586952025
MGR_bin262	Mount Seuss 5	SD2898	0.302145580923879
MGR_bin262	Mount Seuss 6	SD2899	0.00036823890819318
MGR_bin262	Mount Seuss 7	SD2900	0.0219678136296037
MGR_bin262	Mackay Glacier 1	SD2901	0.00181576005104027
MGR_bin262	Mackay Glacier 2	SD2902	0.00894356277342731
MGR_bin262	Mount Murray	SD2903	0.003687839750274
MGR_bin262	Mount Gran 1	SD2904	0.137238882181786
MGR_bin262	Mount Gran 2	SD2905	0.0185910120071502
MGR_bin262	Towle Glacier 1	SD2906	0.151357772295548
MGR_bin262	Towle Glacier 2	SD2907	0.00549479679792673
MGR_bin262	Cliff Nunatak	SD2908	0.000190528048261606
MGR_bin262	Benson Glacier	SD2909	0.00195170713804357
MGR_bin262	Spaulding Pond	SD2910	0.000117197916395694
MGR_bin262	Flatiron	SD2911	6.47080651016686e-05
MGR_bin262	Pegtop Mountain	SD2912	0.00559232128132639
MGR_bin272	Mount Seuss 4	SD2897	0.0100523838186982
MGR_bin272	Mount Seuss 5	SD2898	0.0317372206400541
MGR_bin272	Mount Seuss 6	SD2899	0.0241885367177779
MGR_bin272	Mount Seuss 7	SD2900	0.00590447909669961
MGR_bin272	Mackay Glacier 1	SD2901	0.000768588843522525
MGR_bin272	Mackay Glacier 2	SD2902	0.00255742775898503
MGR_bin272	Mount Murray	SD2903	0.0352273658835327
MGR_bin272	Mount Gran 1	SD2904	0.0370311679288154
MGR_bin272	Mount Gran 2	SD2905	0.0364780366971827
MGR_bin272	Towle Glacier 1	SD2906	0.00740246951770806
MGR_bin272	Towle Glacier 2	SD2907	0.123685110259125
MGR_bin272	Cliff Nunatak	SD2908	9.41432709057349e-05
MGR_bin272	Benson Glacier	SD2909	0.0185053243468062
MGR_bin272	Spaulding Pond	SD2910	0.000227501837709289
MGR_bin272	Flatiron	SD2911	0.00010710300430621
MGR_bin272	Pegtop Mountain	SD2912	0.000756734453615184
MGR_bin292	Mount Seuss 4	SD2897	0.00466126994110013
MGR_bin292	Mount Seuss 5	SD2898	0.00600231693778057
MGR_bin292	Mount Seuss 6	SD2899	0.00257516733076591
MGR_bin292	Mount Seuss 7	SD2900	0.00241825404071648
MGR_bin292	Mackay Glacier 1	SD2901	0.00106955729033879
MGR_bin292	Mackay Glacier 2	SD2902	0.00607636905526289
MGR_bin292	Mount Murray	SD2903	0.00619768336612051
MGR_bin292	Mount Gran 1	SD2904	0.071379605715604
MGR_bin292	Mount Gran 2	SD2905	0.268238323939333
MGR_bin292	Towle Glacier 1	SD2906	0.010738912374628
MGR_bin292	Towle Glacier 2	SD2907	0.0239281963123391
MGR_bin292	Cliff Nunatak	SD2908	0.000105350803156418
MGR_bin292	Benson Glacier	SD2909	0.00155014900274495
MGR_bin292	Spaulding Pond	SD2910	0.000312527777055185
MGR_bin292	Flatiron	SD2911	0.000113796942075348
MGR_bin292	Pegtop Mountain	SD2912	0.00113778513593205
MGR_bin294	Mount Seuss 4	SD2897	0.148790850520712
MGR_bin294	Mount Seuss 5	SD2898	0.0500627503982237
MGR_bin294	Mount Seuss 6	SD2899	0.00316885863173043
MGR_bin294	Mount Seuss 7	SD2900	0.0495446635545524
MGR_bin294	Mackay Glacier 1	SD2901	0.000706405280130735
MGR_bin294	Mackay Glacier 2	SD2902	0.00381383848941664
MGR_bin294	Mount Murray	SD2903	0.00258791743372279
MGR_bin294	Mount Gran 1	SD2904	0.069780958331156
MGR_bin294	Mount Gran 2	SD2905	0.138697474045616
MGR_bin294	Towle Glacier 1	SD2906	0.016558746256253
MGR_bin294	Towle Glacier 2	SD2907	0.0388914724928281
MGR_bin294	Cliff Nunatak	SD2908	0.000152422438609285
MGR_bin294	Benson Glacier	SD2909	0.00348839609156064
MGR_bin294	Spaulding Pond	SD2910	0.000174647875413192
MGR_bin294	Flatiron	SD2911	7.36333154605195e-05
MGR_bin294	Pegtop Mountain	SD2912	0.000901641051115963
MGR_bin309	Mount Seuss 4	SD2897	0.750496087087703
MGR_bin309	Mount Seuss 5	SD2898	-
MGR_bin309	Mount Seuss 6	SD2899	-
MGR_bin309	Mount Seuss 7	SD2900	-
MGR_bin309	Mackay Glacier 1	SD2901	-
MGR_bin309	Mackay Glacier 2	SD2902	-
MGR_bin309	Mount Murray	SD2903	-
MGR_bin309	Mount Gran 1	SD2904	-
MGR_bin309	Mount Gran 2	SD2905	-
MGR_bin309	Towle Glacier 1	SD2906	-
MGR_bin309	Towle Glacier 2	SD2907	-
MGR_bin309	Cliff Nunatak	SD2908	-
MGR_bin309	Benson Glacier	SD2909	-
MGR_bin309	Spaulding Pond	SD2910	-
MGR_bin309	Flatiron	SD2911	-
MGR_bin309	Pegtop Mountain	SD2912	-
MGR_bin313	Mount Seuss 4	SD2897	-
MGR_bin313	Mount Seuss 5	SD2898	0.333040498141623
MGR_bin313	Mount Seuss 6	SD2899	-
MGR_bin313	Mount Seuss 7	SD2900	-
MGR_bin313	Mackay Glacier 1	SD2901	-
MGR_bin313	Mackay Glacier 2	SD2902	-
MGR_bin313	Mount Murray	SD2903	-
MGR_bin313	Mount Gran 1	SD2904	-
MGR_bin313	Mount Gran 2	SD2905	-
MGR_bin313	Towle Glacier 1	SD2906	-
MGR_bin313	Towle Glacier 2	SD2907	-
MGR_bin313	Cliff Nunatak	SD2908	-
MGR_bin313	Benson Glacier	SD2909	-
MGR_bin313	Spaulding Pond	SD2910	-
MGR_bin313	Flatiron	SD2911	-
MGR_bin313	Pegtop Mountain	SD2912	-
MGR_bin365	Mount Seuss 4	SD2897	-
MGR_bin365	Mount Seuss 5	SD2898	-
MGR_bin365	Mount Seuss 6	SD2899	-
MGR_bin365	Mount Seuss 7	SD2900	-
MGR_bin365	Mackay Glacier 1	SD2901	-
MGR_bin365	Mackay Glacier 2	SD2902	-
MGR_bin365	Mount Murray	SD2903	0.330757433144127
MGR_bin365	Mount Gran 1	SD2904	-
MGR_bin365	Mount Gran 2	SD2905	-
MGR_bin365	Towle Glacier 1	SD2906	-
MGR_bin365	Towle Glacier 2	SD2907	-
MGR_bin365	Cliff Nunatak	SD2908	-
MGR_bin365	Benson Glacier	SD2909	-
MGR_bin365	Spaulding Pond	SD2910	-
MGR_bin365	Flatiron	SD2911	-
MGR_bin365	Pegtop Mountain	SD2912	-
MGR_bin399	Mount Seuss 4	SD2897	-
MGR_bin399	Mount Seuss 5	SD2898	-
MGR_bin399	Mount Seuss 6	SD2899	-
MGR_bin399	Mount Seuss 7	SD2900	-
MGR_bin399	Mackay Glacier 1	SD2901	-
MGR_bin399	Mackay Glacier 2	SD2902	-
MGR_bin399	Mount Murray	SD2903	-
MGR_bin399	Mount Gran 1	SD2904	-
MGR_bin399	Mount Gran 2	SD2905	-
MGR_bin399	Towle Glacier 1	SD2906	-
MGR_bin399	Towle Glacier 2	SD2907	0.440736972791728
MGR_bin399	Cliff Nunatak	SD2908	-
MGR_bin399	Benson Glacier	SD2909	-
MGR_bin399	Spaulding Pond	SD2910	-
MGR_bin399	Flatiron	SD2911	-
MGR_bin399	Pegtop Mountain	SD2912	-
MGR_bin26	Mount Seuss 4	SD2897	0.0482645795206083
MGR_bin26	Mount Seuss 5	SD2898	0.0176376888545639
MGR_bin26	Mount Seuss 6	SD2899	0.00445143224394069
MGR_bin26	Mount Seuss 7	SD2900	0.0114478614361882
MGR_bin26	Mackay Glacier 1	SD2901	0.000330816557244323
MGR_bin26	Mackay Glacier 2	SD2902	0.00143235779524549
MGR_bin26	Mount Murray	SD2903	0.00264302836398841
MGR_bin26	Mount Gran 1	SD2904	0.125561262615701
MGR_bin26	Mount Gran 2	SD2905	0.0521525298191308
MGR_bin26	Towle Glacier 1	SD2906	0.00315685299750628
MGR_bin26	Towle Glacier 2	SD2907	0.0424294328242567
MGR_bin26	Cliff Nunatak	SD2908	0.000132248880558056
MGR_bin26	Benson Glacier	SD2909	0.00158828580889063
MGR_bin26	Spaulding Pond	SD2910	0.000172349877052492
MGR_bin26	Flatiron	SD2911	7.58646280502322e-05
MGR_bin26	Pegtop Mountain	SD2912	0.000815770474819205
MGR_bin368	Mount Seuss 4	SD2897	-
MGR_bin368	Mount Seuss 5	SD2898	-
MGR_bin368	Mount Seuss 6	SD2899	-
MGR_bin368	Mount Seuss 7	SD2900	-
MGR_bin368	Mackay Glacier 1	SD2901	-
MGR_bin368	Mackay Glacier 2	SD2902	-
MGR_bin368	Mount Murray	SD2903	1.71640696023494
MGR_bin368	Mount Gran 1	SD2904	-
MGR_bin368	Mount Gran 2	SD2905	-
MGR_bin368	Towle Glacier 1	SD2906	-
MGR_bin368	Towle Glacier 2	SD2907	-
MGR_bin368	Cliff Nunatak	SD2908	-
MGR_bin368	Benson Glacier	SD2909	-
MGR_bin368	Spaulding Pond	SD2910	-
MGR_bin368	Flatiron	SD2911	-
MGR_bin368	Pegtop Mountain	SD2912	-
MGR_bin417	Mount Seuss 4	SD2897	-
MGR_bin417	Mount Seuss 5	SD2898	-
MGR_bin417	Mount Seuss 6	SD2899	-
MGR_bin417	Mount Seuss 7	SD2900	-
MGR_bin417	Mackay Glacier 1	SD2901	-
MGR_bin417	Mackay Glacier 2	SD2902	-
MGR_bin417	Mount Murray	SD2903	-
MGR_bin417	Mount Gran 1	SD2904	-
MGR_bin417	Mount Gran 2	SD2905	-
MGR_bin417	Towle Glacier 1	SD2906	-
MGR_bin417	Towle Glacier 2	SD2907	-
MGR_bin417	Cliff Nunatak	SD2908	0.596975929851966
MGR_bin417	Benson Glacier	SD2909	-
MGR_bin417	Spaulding Pond	SD2910	-
MGR_bin417	Flatiron	SD2911	-
MGR_bin417	Pegtop Mountain	SD2912	-
MGR_bin193	Mount Seuss 4	SD2897	0.0805845018418585
MGR_bin193	Mount Seuss 5	SD2898	0.0362142202056282
MGR_bin193	Mount Seuss 6	SD2899	0.00419341450554683
MGR_bin193	Mount Seuss 7	SD2900	0.00748017403725696
MGR_bin193	Mackay Glacier 1	SD2901	0.00135062699686968
MGR_bin193	Mackay Glacier 2	SD2902	0.0016306080091203
MGR_bin193	Mount Murray	SD2903	0.000817478798939941
MGR_bin193	Mount Gran 1	SD2904	0.0107933677315623
MGR_bin193	Mount Gran 2	SD2905	0.114280607812114
MGR_bin193	Towle Glacier 1	SD2906	0.00981851434513287
MGR_bin193	Towle Glacier 2	SD2907	0.0265347024857146
MGR_bin193	Cliff Nunatak	SD2908	0.000109833816056691
MGR_bin193	Benson Glacier	SD2909	0.00874005863197444
MGR_bin193	Spaulding Pond	SD2910	0.000395255718040381
MGR_bin193	Flatiron	SD2911	0.000229825196740409
MGR_bin193	Pegtop Mountain	SD2912	0.00174156262551863
MGR_bin203	Mount Seuss 4	SD2897	0.000532786073643491
MGR_bin203	Mount Seuss 5	SD2898	0.00193802191436984
MGR_bin203	Mount Seuss 6	SD2899	0.0010871815384751
MGR_bin203	Mount Seuss 7	SD2900	0.000890705334453944
MGR_bin203	Mackay Glacier 1	SD2901	0.178807592861824
MGR_bin203	Mackay Glacier 2	SD2902	0.0480335486941928
MGR_bin203	Mount Murray	SD2903	0.0756282703457499
MGR_bin203	Mount Gran 1	SD2904	0.00236549855167543
MGR_bin203	Mount Gran 2	SD2905	0.00133374467902919
MGR_bin203	Towle Glacier 1	SD2906	0.0149480497046364
MGR_bin203	Towle Glacier 2	SD2907	0.00382757212847033
MGR_bin203	Cliff Nunatak	SD2908	0.000410195680374988
MGR_bin203	Benson Glacier	SD2909	0.00298813092859085
MGR_bin203	Spaulding Pond	SD2910	0.000650333536078069
MGR_bin203	Flatiron	SD2911	0.000216437321202133
MGR_bin203	Pegtop Mountain	SD2912	0.0424415323346728
MGR_bin287	Mount Seuss 4	SD2897	0.00475858246596653
MGR_bin287	Mount Seuss 5	SD2898	0.0234662354588019
MGR_bin287	Mount Seuss 6	SD2899	0.000330663509397958
MGR_bin287	Mount Seuss 7	SD2900	0.00389327958229378
MGR_bin287	Mackay Glacier 1	SD2901	0.00043528494374253
MGR_bin287	Mackay Glacier 2	SD2902	0.00471835509022045
MGR_bin287	Mount Murray	SD2903	0.000564887035222544
MGR_bin287	Mount Gran 1	SD2904	0.0693787985985058
MGR_bin287	Mount Gran 2	SD2905	0.0883599863570131
MGR_bin287	Towle Glacier 1	SD2906	0.0339593199785076
MGR_bin287	Towle Glacier 2	SD2907	0.0149006574135611
MGR_bin287	Cliff Nunatak	SD2908	0.000100867790256145
MGR_bin287	Benson Glacier	SD2909	0.00128992138433914
MGR_bin287	Spaulding Pond	SD2910	0.00020681985246299
MGR_bin287	Flatiron	SD2911	8.92525035885085e-05
MGR_bin287	Pegtop Mountain	SD2912	0.00558427091479857
MGR_bin420	Mount Seuss 4	SD2897	-
MGR_bin420	Mount Seuss 5	SD2898	-
MGR_bin420	Mount Seuss 6	SD2899	-
MGR_bin420	Mount Seuss 7	SD2900	-
MGR_bin420	Mackay Glacier 1	SD2901	-
MGR_bin420	Mackay Glacier 2	SD2902	-
MGR_bin420	Mount Murray	SD2903	-
MGR_bin420	Mount Gran 1	SD2904	-
MGR_bin420	Mount Gran 2	SD2905	-
MGR_bin420	Towle Glacier 1	SD2906	-
MGR_bin420	Towle Glacier 2	SD2907	-
MGR_bin420	Cliff Nunatak	SD2908	0.77301712192634
MGR_bin420	Benson Glacier	SD2909	-
MGR_bin420	Spaulding Pond	SD2910	-
MGR_bin420	Flatiron	SD2911	-
MGR_bin420	Pegtop Mountain	SD2912	-
MGR_bin6	Mount Seuss 4	SD2897	0.070155031989303
MGR_bin6	Mount Seuss 5	SD2898	0.171634406526041
MGR_bin6	Mount Seuss 6	SD2899	0.101791755336258
MGR_bin6	Mount Seuss 7	SD2900	0.0222873295481056
MGR_bin6	Mackay Glacier 1	SD2901	0.00532291302633723
MGR_bin6	Mackay Glacier 2	SD2902	0.0391469828572544
MGR_bin6	Mount Murray	SD2903	0.004438726175143
MGR_bin6	Mount Gran 1	SD2904	0.0612431821435883
MGR_bin6	Mount Gran 2	SD2905	0.216813726584161
MGR_bin6	Towle Glacier 1	SD2906	0.00200354936908399
MGR_bin6	Towle Glacier 2	SD2907	0.00170636139878637
MGR_bin6	Cliff Nunatak	SD2908	0.0010490250186639
MGR_bin6	Benson Glacier	SD2909	0.330769493067626
MGR_bin6	Spaulding Pond	SD2910	0.00257146016562318
MGR_bin6	Flatiron	SD2911	0.00294533261842078
MGR_bin6	Pegtop Mountain	SD2912	0.00534275991896394
MGR_bin83	Mount Seuss 4	SD2897	0.126506282326308
MGR_bin83	Mount Seuss 5	SD2898	0.0534874740551238
MGR_bin83	Mount Seuss 6	SD2899	0.0245016650410714
MGR_bin83	Mount Seuss 7	SD2900	0.0926180355268437
MGR_bin83	Mackay Glacier 1	SD2901	0.0588231636260977
MGR_bin83	Mackay Glacier 2	SD2902	0.349420958209697
MGR_bin83	Mount Murray	SD2903	0.022331408201379
MGR_bin83	Mount Gran 1	SD2904	0.0883152764446002
MGR_bin83	Mount Gran 2	SD2905	0.14232037476262
MGR_bin83	Towle Glacier 1	SD2906	0.396020894831168
MGR_bin83	Towle Glacier 2	SD2907	0.638090453226286
MGR_bin83	Cliff Nunatak	SD2908	0.00280188306267068
MGR_bin83	Benson Glacier	SD2909	0.105910397349627
MGR_bin83	Spaulding Pond	SD2910	0.0766198613424557
MGR_bin83	Flatiron	SD2911	0.00790107788017271
MGR_bin83	Pegtop Mountain	SD2912	0.376542477061286
MGR_bin111	Mount Seuss 4	SD2897	0.0104343354787988
MGR_bin111	Mount Seuss 5	SD2898	0.0352946855239658
MGR_bin111	Mount Seuss 6	SD2899	0.0141158248140719
MGR_bin111	Mount Seuss 7	SD2900	0.126210976273448
MGR_bin111	Mackay Glacier 1	SD2901	0.00154463971465206
MGR_bin111	Mackay Glacier 2	SD2902	0.00877257196396029
MGR_bin111	Mount Murray	SD2903	0.00057636847902788
MGR_bin111	Mount Gran 1	SD2904	0.033654025329169
MGR_bin111	Mount Gran 2	SD2905	0.000783006301692184
MGR_bin111	Towle Glacier 1	SD2906	0.00128799602298256
MGR_bin111	Towle Glacier 2	SD2907	0.0415840794707295
MGR_bin111	Cliff Nunatak	SD2908	0.000437093757776626
MGR_bin111	Benson Glacier	SD2909	0.0180790894545898
MGR_bin111	Spaulding Pond	SD2910	0.642593877599231
MGR_bin111	Flatiron	SD2911	0.512853810869929
MGR_bin111	Pegtop Mountain	SD2912	0.00672205605073062
MGR_bin157	Mount Seuss 4	SD2897	0.02765865238015
MGR_bin157	Mount Seuss 5	SD2898	0.0124366462325626
MGR_bin157	Mount Seuss 6	SD2899	0.00815887159173598
MGR_bin157	Mount Seuss 7	SD2900	0.0117192311203953
MGR_bin157	Mackay Glacier 1	SD2901	0.00242764631481548
MGR_bin157	Mackay Glacier 2	SD2902	0.0216018389293339
MGR_bin157	Mount Murray	SD2903	0.00137088439035715
MGR_bin157	Mount Gran 1	SD2904	0.0250887723896811
MGR_bin157	Mount Gran 2	SD2905	0.0274722669703805
MGR_bin157	Towle Glacier 1	SD2906	0.0318743939543768
MGR_bin157	Towle Glacier 2	SD2907	0.0308971432483611
MGR_bin157	Cliff Nunatak	SD2908	0.000495372925480177
MGR_bin157	Benson Glacier	SD2909	0.0128229402311001
MGR_bin157	Spaulding Pond	SD2910	0.0243426966348939
MGR_bin157	Flatiron	SD2911	0.00478839681752348
MGR_bin157	Pegtop Mountain	SD2912	0.0538918369927437
MGR_bin158	Mount Seuss 4	SD2897	0.0117821139481983
MGR_bin158	Mount Seuss 5	SD2898	0.00661051310517932
MGR_bin158	Mount Seuss 6	SD2899	0.00687379295293937
MGR_bin158	Mount Seuss 7	SD2900	0.0398979089740291
MGR_bin158	Mackay Glacier 1	SD2901	0.000733766048023122
MGR_bin158	Mackay Glacier 2	SD2902	0.00190815830854504
MGR_bin158	Mount Murray	SD2903	0.000884071173010892
MGR_bin158	Mount Gran 1	SD2904	0.0765352435304489
MGR_bin158	Mount Gran 2	SD2905	0.0148962758496241
MGR_bin158	Towle Glacier 1	SD2906	0.00205405901704409
MGR_bin158	Towle Glacier 2	SD2907	0.00930932334995374
MGR_bin158	Cliff Nunatak	SD2908	0.000242082696614747
MGR_bin158	Benson Glacier	SD2909	0.00116653759975018
MGR_bin158	Spaulding Pond	SD2910	0.0167547060478629
MGR_bin158	Flatiron	SD2911	0.00290740030439566
MGR_bin158	Pegtop Mountain	SD2912	0.0016932604263517
MGR_bin200	Mount Seuss 4	SD2897	0.00217493493076384
MGR_bin200	Mount Seuss 5	SD2898	0.00030168460684462
MGR_bin200	Mount Seuss 6	SD2899	0.000182866940803416
MGR_bin200	Mount Seuss 7	SD2900	0.000251673497450132
MGR_bin200	Mackay Glacier 1	SD2901	0.00393497589143247
MGR_bin200	Mackay Glacier 2	SD2902	0.0131142516478186
MGR_bin200	Mount Murray	SD2903	0.00116651469062216
MGR_bin200	Mount Gran 1	SD2904	0.000929213792210411
MGR_bin200	Mount Gran 2	SD2905	0.000651307994068117
MGR_bin200	Towle Glacier 1	SD2906	0.00134411785404934
MGR_bin200	Towle Glacier 2	SD2907	0.00113757426585758
MGR_bin200	Cliff Nunatak	SD2908	0.000690383986642056
MGR_bin200	Benson Glacier	SD2909	0.00040155813529862
MGR_bin200	Spaulding Pond	SD2910	0.000404447711483181
MGR_bin200	Flatiron	SD2911	0.000234287821919835
MGR_bin200	Pegtop Mountain	SD2912	0.33935783406928
MGR_bin204	Mount Seuss 4	SD2897	0.0188834954503232
MGR_bin204	Mount Seuss 5	SD2898	0.00676014867017425
MGR_bin204	Mount Seuss 6	SD2899	0.00568641035101034
MGR_bin204	Mount Seuss 7	SD2900	0.00600077156528923
MGR_bin204	Mackay Glacier 1	SD2901	0.00358923527897412
MGR_bin204	Mackay Glacier 2	SD2902	0.0595865799077472
MGR_bin204	Mount Murray	SD2903	0.00423665276416908
MGR_bin204	Mount Gran 1	SD2904	0.0237349178859767
MGR_bin204	Mount Gran 2	SD2905	0.0413029837855917
MGR_bin204	Towle Glacier 1	SD2906	0.0932997380569657
MGR_bin204	Towle Glacier 2	SD2907	0.120903793361409
MGR_bin204	Cliff Nunatak	SD2908	0.000479682380329221
MGR_bin204	Benson Glacier	SD2909	0.0209415932570537
MGR_bin204	Spaulding Pond	SD2910	0.00806827224441731
MGR_bin204	Flatiron	SD2911	0.00187430257535868
MGR_bin204	Pegtop Mountain	SD2912	0.0501698842013811
MGR_bin281	Mount Seuss 4	SD2897	0.00137697222685943
MGR_bin281	Mount Seuss 5	SD2898	0.00303615388328426
MGR_bin281	Mount Seuss 6	SD2899	0.00134018922369627
MGR_bin281	Mount Seuss 7	SD2900	0.0125924287332875
MGR_bin281	Mackay Glacier 1	SD2901	0.000716354650273421
MGR_bin281	Mackay Glacier 2	SD2902	0.00117463251720824
MGR_bin281	Mount Murray	SD2903	0.000537331570089737
MGR_bin281	Mount Gran 1	SD2904	0.00466105628028125
MGR_bin281	Mount Gran 2	SD2905	0.000835685624741812
MGR_bin281	Towle Glacier 1	SD2906	0.0005191269373677
MGR_bin281	Towle Glacier 2	SD2907	0.00489730939682264
MGR_bin281	Cliff Nunatak	SD2908	0.000342950486870891
MGR_bin281	Benson Glacier	SD2909	0.0027211732855711
MGR_bin281	Spaulding Pond	SD2910	0.0632776828602322
MGR_bin281	Flatiron	SD2911	0.703349891904062
MGR_bin281	Pegtop Mountain	SD2912	0.00243389414691125
MGR_bin374	Mount Seuss 4	SD2897	-
MGR_bin374	Mount Seuss 5	SD2898	-
MGR_bin374	Mount Seuss 6	SD2899	-
MGR_bin374	Mount Seuss 7	SD2900	-
MGR_bin374	Mackay Glacier 1	SD2901	-
MGR_bin374	Mackay Glacier 2	SD2902	-
MGR_bin374	Mount Murray	SD2903	-
MGR_bin374	Mount Gran 1	SD2904	0.692936206675532
MGR_bin374	Mount Gran 2	SD2905	-
MGR_bin374	Towle Glacier 1	SD2906	-
MGR_bin374	Towle Glacier 2	SD2907	-
MGR_bin374	Cliff Nunatak	SD2908	-
MGR_bin374	Benson Glacier	SD2909	-
MGR_bin374	Spaulding Pond	SD2910	-
MGR_bin374	Flatiron	SD2911	-
MGR_bin374	Pegtop Mountain	SD2912	-
MGR_bin434	Mount Seuss 4	SD2897	-
MGR_bin434	Mount Seuss 5	SD2898	-
MGR_bin434	Mount Seuss 6	SD2899	-
MGR_bin434	Mount Seuss 7	SD2900	-
MGR_bin434	Mackay Glacier 1	SD2901	-
MGR_bin434	Mackay Glacier 2	SD2902	-
MGR_bin434	Mount Murray	SD2903	-
MGR_bin434	Mount Gran 1	SD2904	-
MGR_bin434	Mount Gran 2	SD2905	-
MGR_bin434	Towle Glacier 1	SD2906	-
MGR_bin434	Towle Glacier 2	SD2907	-
MGR_bin434	Cliff Nunatak	SD2908	-
MGR_bin434	Benson Glacier	SD2909	-
MGR_bin434	Spaulding Pond	SD2910	0.664569635922605
MGR_bin434	Flatiron	SD2911	-
MGR_bin434	Pegtop Mountain	SD2912	-
MGR_bin406	Mount Seuss 4	SD2897	-
MGR_bin406	Mount Seuss 5	SD2898	-
MGR_bin406	Mount Seuss 6	SD2899	-
MGR_bin406	Mount Seuss 7	SD2900	-
MGR_bin406	Mackay Glacier 1	SD2901	-
MGR_bin406	Mackay Glacier 2	SD2902	-
MGR_bin406	Mount Murray	SD2903	-
MGR_bin406	Mount Gran 1	SD2904	-
MGR_bin406	Mount Gran 2	SD2905	-
MGR_bin406	Towle Glacier 1	SD2906	-
MGR_bin406	Towle Glacier 2	SD2907	-
MGR_bin406	Cliff Nunatak	SD2908	0.844151329121423
MGR_bin406	Benson Glacier	SD2909	-
MGR_bin406	Spaulding Pond	SD2910	-
MGR_bin406	Flatiron	SD2911	-
MGR_bin406	Pegtop Mountain	SD2912	-
MGR_bin259	Mount Seuss 4	SD2897	0.00344972900651357
MGR_bin259	Mount Seuss 5	SD2898	0.16127335038857
MGR_bin259	Mount Seuss 6	SD2899	0.200161644355564
MGR_bin259	Mount Seuss 7	SD2900	0.000494593134119389
MGR_bin259	Mackay Glacier 1	SD2901	0.00157946251015147
MGR_bin259	Mackay Glacier 2	SD2902	0.00600698148040671
MGR_bin259	Mount Murray	SD2903	0.00434457833593924
MGR_bin259	Mount Gran 1	SD2904	0.00435131834954445
MGR_bin259	Mount Gran 2	SD2905	0.00647476770573598
MGR_bin259	Towle Glacier 1	SD2906	0.000942846761921876
MGR_bin259	Towle Glacier 2	SD2907	0.0692720109140336
MGR_bin259	Cliff Nunatak	SD2908	0.00149732630869121
MGR_bin259	Benson Glacier	SD2909	0.175317141193224
MGR_bin259	Spaulding Pond	SD2910	0.00348606351318173
MGR_bin259	Flatiron	SD2911	0.00105987348011354
MGR_bin259	Pegtop Mountain	SD2912	0.00956115197954219
MGR_bin4	Mount Seuss 4	SD2897	0.0148644881733412
MGR_bin4	Mount Seuss 5	SD2898	0.0513467200849544
MGR_bin4	Mount Seuss 6	SD2899	0.013562213938489
MGR_bin4	Mount Seuss 7	SD2900	0.000873197612892196
MGR_bin4	Mackay Glacier 1	SD2901	0.00125362063797849
MGR_bin4	Mackay Glacier 2	SD2902	0.02654074738249
MGR_bin4	Mount Murray	SD2903	0.000819775087701008
MGR_bin4	Mount Gran 1	SD2904	0.0572040996113189
MGR_bin4	Mount Gran 2	SD2905	0.0100737232758991
MGR_bin4	Towle Glacier 1	SD2906	0.0130006221666192
MGR_bin4	Towle Glacier 2	SD2907	0.0010775646142183
MGR_bin4	Cliff Nunatak	SD2908	0.000105350803156418
MGR_bin4	Benson Glacier	SD2909	0.0820614334593493
MGR_bin4	Spaulding Pond	SD2910	0.00082727940985196
MGR_bin4	Flatiron	SD2911	0.00028783932407294
MGR_bin4	Pegtop Mountain	SD2912	0.0109270308337625
MGR_bin41	Mount Seuss 4	SD2897	0.73974791871621
MGR_bin41	Mount Seuss 5	SD2898	0.178411449534199
MGR_bin41	Mount Seuss 6	SD2899	0.000413329386747447
MGR_bin41	Mount Seuss 7	SD2900	0.0605613973472826
MGR_bin41	Mackay Glacier 1	SD2901	0.0044846785918159
MGR_bin41	Mackay Glacier 2	SD2902	0.00435407032222549
MGR_bin41	Mount Murray	SD2903	0.0206551174057999
MGR_bin41	Mount Gran 1	SD2904	0.0809914731145977
MGR_bin41	Mount Gran 2	SD2905	0.00252381847701395
MGR_bin41	Towle Glacier 1	SD2906	0.129430972897758
MGR_bin41	Towle Glacier 2	SD2907	0.00366058874999583
MGR_bin41	Cliff Nunatak	SD2908	0.000349675006221301
MGR_bin41	Benson Glacier	SD2909	0.00342109584542121
MGR_bin41	Spaulding Pond	SD2910	0.00178324672790311
MGR_bin41	Flatiron	SD2911	0.00163108950307999
MGR_bin41	Pegtop Mountain	SD2912	0.0168091653100905
MGR_bin53	Mount Seuss 4	SD2897	0.00123830187892483
MGR_bin53	Mount Seuss 5	SD2898	0.00320027030940773
MGR_bin53	Mount Seuss 6	SD2899	0.000400804253815707
MGR_bin53	Mount Seuss 7	SD2900	0.0088786032970016
MGR_bin53	Mackay Glacier 1	SD2901	0.00323851998144442
MGR_bin53	Mackay Glacier 2	SD2902	0.00208658350103236
MGR_bin53	Mount Murray	SD2903	0.00149029140593265
MGR_bin53	Mount Gran 1	SD2904	0.386378085501857
MGR_bin53	Mount Gran 2	SD2905	0.108579268349334
MGR_bin53	Towle Glacier 1	SD2906	0.0289448343726909
MGR_bin53	Towle Glacier 2	SD2907	0.0922087434166803
MGR_bin53	Cliff Nunatak	SD2908	0.000329501448170072
MGR_bin53	Benson Glacier	SD2909	0.00921340369648845
MGR_bin53	Spaulding Pond	SD2910	0.00762246056244153
MGR_bin53	Flatiron	SD2911	0.00563183297643489
MGR_bin53	Pegtop Mountain	SD2912	0.00598142233017108
MGR_bin71	Mount Seuss 4	SD2897	0.28885520037403
MGR_bin71	Mount Seuss 5	SD2898	0.172708403726408
MGR_bin71	Mount Seuss 6	SD2899	0.0706793251338135
MGR_bin71	Mount Seuss 7	SD2900	2.47115143295011
MGR_bin71	Mackay Glacier 1	SD2901	0.00234307666860265
MGR_bin71	Mackay Glacier 2	SD2902	0.293836554494548
MGR_bin71	Mount Murray	SD2903	0.000897848905577295
MGR_bin71	Mount Gran 1	SD2904	1.05557687640487
MGR_bin71	Mount Gran 2	SD2905	0.35978062031148
MGR_bin71	Towle Glacier 1	SD2906	0.0599661764948527
MGR_bin71	Towle Glacier 2	SD2907	0.200270471327284
MGR_bin71	Cliff Nunatak	SD2908	0.00145922069903889
MGR_bin71	Benson Glacier	SD2909	0.0292868237783435
MGR_bin71	Spaulding Pond	SD2910	1.09926360182932
MGR_bin71	Flatiron	SD2911	0.0369215294219762
MGR_bin71	Pegtop Mountain	SD2912	0.0203486431268225
MGR_bin90	Mount Seuss 4	SD2897	0.0628492941849587
MGR_bin90	Mount Seuss 5	SD2898	0.00480281894096636
MGR_bin90	Mount Seuss 6	SD2899	0.00109970667140685
MGR_bin90	Mount Seuss 7	SD2900	1.46767667545175
MGR_bin90	Mackay Glacier 1	SD2901	0.000957626876233566
MGR_bin90	Mackay Glacier 2	SD2902	0.00360071950950122
MGR_bin90	Mount Murray	SD2903	0.000962144990887178
MGR_bin90	Mount Gran 1	SD2904	0.0134935830793566
MGR_bin90	Mount Gran 2	SD2905	0.00422631841739054
MGR_bin90	Towle Glacier 1	SD2906	0.00200074327753065
MGR_bin90	Towle Glacier 2	SD2907	0.00311267453937635
MGR_bin90	Cliff Nunatak	SD2908	0.000156905451509558
MGR_bin90	Benson Glacier	SD2909	0.000993800301325635
MGR_bin90	Spaulding Pond	SD2910	0.013277834528124
MGR_bin90	Flatiron	SD2911	0.0020706580832534
MGR_bin90	Pegtop Mountain	SD2912	0.00130952628852557
MGR_bin92	Mount Seuss 4	SD2897	0.0284103916347429
MGR_bin92	Mount Seuss 5	SD2898	0.0245305787517498
MGR_bin92	Mount Seuss 6	SD2899	0.0174875905992965
MGR_bin92	Mount Seuss 7	SD2900	0.0454281605223464
MGR_bin92	Mackay Glacier 1	SD2901	0.000763614158451182
MGR_bin92	Mackay Glacier 2	SD2902	0.0113696497657203
MGR_bin92	Mount Murray	SD2903	0.000679701473275906
MGR_bin92	Mount Gran 1	SD2904	0.0827824577624872
MGR_bin92	Mount Gran 2	SD2905	0.00058665609759812
MGR_bin92	Towle Glacier 1	SD2906	0.0111401834667555
MGR_bin92	Towle Glacier 2	SD2907	0.0560985878215682
MGR_bin92	Cliff Nunatak	SD2908	7.62112193046426e-05
MGR_bin92	Benson Glacier	SD2909	0.0133389087848357
MGR_bin92	Spaulding Pond	SD2910	0.128779828133622
MGR_bin92	Flatiron	SD2911	0.0601963510452695
MGR_bin92	Pegtop Mountain	SD2912	0.224090002668428
MGR_bin98	Mount Seuss 4	SD2897	0.0224791932441364
MGR_bin98	Mount Seuss 5	SD2898	0.00901916300622677
MGR_bin98	Mount Seuss 6	SD2899	0.00465183437084854
MGR_bin98	Mount Seuss 7	SD2900	0.0135356572324266
MGR_bin98	Mackay Glacier 1	SD2901	0.000957626876233566
MGR_bin98	Mackay Glacier 2	SD2902	0.0148266378701623
MGR_bin98	Mount Murray	SD2903	0.00132955119265794
MGR_bin98	Mount Gran 1	SD2904	0.574928552951348
MGR_bin98	Mount Gran 2	SD2905	0.0108926472978524
MGR_bin98	Towle Glacier 1	SD2906	0.0020624772917041
MGR_bin98	Towle Glacier 2	SD2907	0.00264825201799413
MGR_bin98	Cliff Nunatak	SD2908	0.000141214906358602
MGR_bin98	Benson Glacier	SD2909	0.00169820954425171
MGR_bin98	Spaulding Pond	SD2910	0.0103042246493783
MGR_bin98	Flatiron	SD2911	0.000718482653887493
MGR_bin98	Pegtop Mountain	SD2912	0.00218164932903952
MGR_bin102	Mount Seuss 4	SD2897	0.0142076286304931
MGR_bin102	Mount Seuss 5	SD2898	0.0262779359945938
MGR_bin102	Mount Seuss 6	SD2899	0.00695144877711616
MGR_bin102	Mount Seuss 7	SD2900	0.00473146175206247
MGR_bin102	Mackay Glacier 1	SD2901	0.00296739964505622
MGR_bin102	Mackay Glacier 2	SD2902	0.00532797449788549
MGR_bin102	Mount Murray	SD2903	0.00209421535009333
MGR_bin102	Mount Gran 1	SD2904	0.301107732747322
MGR_bin102	Mount Gran 2	SD2905	0.0461901882557867
MGR_bin102	Towle Glacier 1	SD2906	0.00970346459144598
MGR_bin102	Towle Glacier 2	SD2907	0.012873374834269
MGR_bin102	Cliff Nunatak	SD2908	8.96602580054618e-05
MGR_bin102	Benson Glacier	SD2909	0.0173387867470561
MGR_bin102	Spaulding Pond	SD2910	0.00267946608857607
MGR_bin102	Flatiron	SD2911	0.000488657457147084
MGR_bin102	Pegtop Mountain	SD2912	0.0129369390102085
MGR_bin103	Mount Seuss 4	SD2897	0.0219780337410744
MGR_bin103	Mount Seuss 5	SD2898	0.0143167447024183
MGR_bin103	Mount Seuss 6	SD2899	0.00210171730594611
MGR_bin103	Mount Seuss 7	SD2900	0.0492054514492936
MGR_bin103	Mackay Glacier 1	SD2901	0.00139539916251177
MGR_bin103	Mackay Glacier 2	SD2902	0.00419794827879908
MGR_bin103	Mount Murray	SD2903	0.00113666293672829
MGR_bin103	Mount Gran 1	SD2904	0.0125668671736843
MGR_bin103	Mount Gran 2	SD2905	0.00124993666508661
MGR_bin103	Towle Glacier 1	SD2906	0.0464969370388259
MGR_bin103	Towle Glacier 2	SD2907	0.0171157962936369
MGR_bin103	Cliff Nunatak	SD2908	0.000237599683714474
MGR_bin103	Benson Glacier	SD2909	0.0126569329572895
MGR_bin103	Spaulding Pond	SD2910	0.0404057051761862
MGR_bin103	Flatiron	SD2911	0.00974860470445484
MGR_bin103	Pegtop Mountain	SD2912	0.438962335662501
MGR_bin110	Mount Seuss 4	SD2897	0.0128379548429986
MGR_bin110	Mount Seuss 5	SD2898	0.00296616305449631
MGR_bin110	Mount Seuss 6	SD2899	0.000966940262330392
MGR_bin110	Mount Seuss 7	SD2900	0.00759397422740832
MGR_bin110	Mackay Glacier 1	SD2901	0.00179834865329057
MGR_bin110	Mackay Glacier 2	SD2902	0.00597228769297862
MGR_bin110	Mount Murray	SD2903	0.00166021677425162
MGR_bin110	Mount Gran 1	SD2904	0.0216466847400415
MGR_bin110	Mount Gran 2	SD2905	0.0031535758389254
MGR_bin110	Towle Glacier 1	SD2906	0.0392908939298515
MGR_bin110	Towle Glacier 2	SD2907	0.0144414531227562
MGR_bin110	Cliff Nunatak	SD2908	0.000152422438609285
MGR_bin110	Benson Glacier	SD2909	0.0145054463845859
MGR_bin110	Spaulding Pond	SD2910	0.0205946613085924
MGR_bin110	Flatiron	SD2911	0.00377091827661448
MGR_bin110	Pegtop Mountain	SD2912	0.271997733875492
MGR_bin120	Mount Seuss 4	SD2897	0.00706002367905668
MGR_bin120	Mount Seuss 5	SD2898	0.0116619201621856
MGR_bin120	Mount Seuss 6	SD2899	0.00525554577815845
MGR_bin120	Mount Seuss 7	SD2900	0.00080754365703564
MGR_bin120	Mackay Glacier 1	SD2901	0.000659145771952974
MGR_bin120	Mackay Glacier 2	SD2902	0.000468366130279236
MGR_bin120	Mount Murray	SD2903	0.00236747371266034
MGR_bin120	Mount Gran 1	SD2904	0.00248289921897083
MGR_bin120	Mount Gran 2	SD2905	0.310848712742429
MGR_bin120	Towle Glacier 1	SD2906	0.000561218310667784
MGR_bin120	Towle Glacier 2	SD2907	0.0937194211688169
MGR_bin120	Cliff Nunatak	SD2908	0.000163629970859968
MGR_bin120	Benson Glacier	SD2909	0.0116900527544196
MGR_bin120	Spaulding Pond	SD2910	0.000480281657386277
MGR_bin120	Flatiron	SD2911	0.000354778701764321
MGR_bin120	Pegtop Mountain	SD2912	0.000450820525557982
MGR_bin162	Mount Seuss 4	SD2897	0.0788304435811418
MGR_bin162	Mount Seuss 5	SD2898	0.0443379832987402
MGR_bin162	Mount Seuss 6	SD2899	0.00259270251687035
MGR_bin162	Mount Seuss 7	SD2900	0.0132555336874387
MGR_bin162	Mackay Glacier 1	SD2901	0.00102727246723237
MGR_bin162	Mackay Glacier 2	SD2902	0.0423041175132108
MGR_bin162	Mount Murray	SD2903	0.00158214295637534
MGR_bin162	Mount Gran 1	SD2904	0.00396164804958525
MGR_bin162	Mount Gran 2	SD2905	0.00496861796945346
MGR_bin162	Towle Glacier 1	SD2906	0.0239808584148344
MGR_bin162	Towle Glacier 2	SD2907	0.00142457694761063
MGR_bin162	Cliff Nunatak	SD2908	0.000103109296706281
MGR_bin162	Benson Glacier	SD2909	0.00150303883044735
MGR_bin162	Spaulding Pond	SD2910	0.000719273486899065
MGR_bin162	Flatiron	SD2911	0.00353886176728436
MGR_bin162	Pegtop Mountain	SD2912	0.00112436785838568
MGR_bin181	Mount Seuss 4	SD2897	0.0870509191192302
MGR_bin181	Mount Seuss 5	SD2898	0.0506685330887677
MGR_bin181	Mount Seuss 6	SD2899	0.024541745466453
MGR_bin181	Mount Seuss 7	SD2900	0.0305400317992747
MGR_bin181	Mackay Glacier 1	SD2901	0.00142275993040416
MGR_bin181	Mackay Glacier 2	SD2902	0.178516883211245
MGR_bin181	Mount Murray	SD2903	0.00151784687106545
MGR_bin181	Mount Gran 1	SD2904	0.169798833207223
MGR_bin181	Mount Gran 2	SD2905	0.196244845447965
MGR_bin181	Towle Glacier 1	SD2906	0.119747150947185
MGR_bin181	Towle Glacier 2	SD2907	0.0279305791651499
MGR_bin181	Cliff Nunatak	SD2908	0.000298120357868161
MGR_bin181	Benson Glacier	SD2909	0.0563392793848578
MGR_bin181	Spaulding Pond	SD2910	0.0849041454327788
MGR_bin181	Flatiron	SD2911	0.0395009267756841
MGR_bin181	Pegtop Mountain	SD2912	0.0881810314902431
MGR_bin186	Mount Seuss 4	SD2897	0.0438660533966475
MGR_bin186	Mount Seuss 5	SD2898	0.0115798619491239
MGR_bin186	Mount Seuss 6	SD2899	0.0111699135485265
MGR_bin186	Mount Seuss 7	SD2900	0.0655817365051139
MGR_bin186	Mackay Glacier 1	SD2901	0.00202967150910803
MGR_bin186	Mackay Glacier 2	SD2902	0.00405173874606641
MGR_bin186	Mount Murray	SD2903	0.000574072190266813
MGR_bin186	Mount Gran 1	SD2904	0.00538044760328286
MGR_bin186	Mount Gran 2	SD2905	0.00826347017473923
MGR_bin186	Towle Glacier 1	SD2906	0.002177527045391
MGR_bin186	Towle Glacier 2	SD2907	0.00381452655202701
MGR_bin186	Cliff Nunatak	SD2908	9.8626283806008e-05
MGR_bin186	Benson Glacier	SD2909	0.0187520919159842
MGR_bin186	Spaulding Pond	SD2910	0.0845341676967061
MGR_bin186	Flatiron	SD2911	0.0291520989845966
MGR_bin186	Pegtop Mountain	SD2912	0.00116461969102479
MGR_bin207	Mount Seuss 4	SD2897	0.0010947659047469
MGR_bin207	Mount Seuss 5	SD2898	0.00714630496693537
MGR_bin207	Mount Seuss 6	SD2899	0.405744166243985
MGR_bin207	Mount Seuss 7	SD2900	0.00212937663494764
MGR_bin207	Mackay Glacier 1	SD2901	0.00126854469319252
MGR_bin207	Mackay Glacier 2	SD2902	0.000976382303333433
MGR_bin207	Mount Murray	SD2903	0.00127903283991446
MGR_bin207	Mount Gran 1	SD2904	0.00293251879584683
MGR_bin207	Mount Gran 2	SD2905	0.000847658198162181
MGR_bin207	Towle Glacier 1	SD2906	0.0015573808121031
MGR_bin207	Towle Glacier 2	SD2907	0.000858398929970511
MGR_bin207	Cliff Nunatak	SD2908	0.000233116670814201
MGR_bin207	Benson Glacier	SD2909	0.00225680158720901
MGR_bin207	Spaulding Pond	SD2910	0.000887027367230157
MGR_bin207	Flatiron	SD2911	0.00107549266824153
MGR_bin207	Pegtop Mountain	SD2912	0.00115925278000624
MGR_bin228	Mount Seuss 4	SD2897	0.0145603865331338
MGR_bin228	Mount Seuss 5	SD2898	0.0174253028913453
MGR_bin228	Mount Seuss 6	SD2899	0.00325152450907992
MGR_bin228	Mount Seuss 7	SD2900	0.00385826413917028
MGR_bin228	Mackay Glacier 1	SD2901	0.00249977924834996
MGR_bin228	Mackay Glacier 2	SD2902	0.00216588358658229
MGR_bin228	Mount Murray	SD2903	0.00233302938124433
MGR_bin228	Mount Gran 1	SD2904	0.328829277548266
MGR_bin228	Mount Gran 2	SD2905	0.0225515392946085
MGR_bin228	Towle Glacier 1	SD2906	0.00287063165906571
MGR_bin228	Towle Glacier 2	SD2907	0.0185221094342269
MGR_bin228	Cliff Nunatak	SD2908	0.000112075322506827
MGR_bin228	Benson Glacier	SD2909	0.00297242753782498
MGR_bin228	Spaulding Pond	SD2910	0.00221067442299329
MGR_bin228	Flatiron	SD2911	0.00111119366967693
MGR_bin228	Pegtop Mountain	SD2912	0.00333016828700866
MGR_bin233	Mount Seuss 4	SD2897	0.0133366815329389
MGR_bin233	Mount Seuss 5	SD2898	0.00734903702273495
MGR_bin233	Mount Seuss 6	SD2899	0.00154560140377682
MGR_bin233	Mount Seuss 7	SD2900	0.0420404164001481
MGR_bin233	Mackay Glacier 1	SD2901	0.00130336748869192
MGR_bin233	Mackay Glacier 2	SD2902	0.0431987216033209
MGR_bin233	Mount Murray	SD2903	0.000626886831771359
MGR_bin233	Mount Gran 1	SD2904	0.00243543937474503
MGR_bin233	Mount Gran 2	SD2905	0.0121928687713046
MGR_bin233	Towle Glacier 1	SD2906	0.00575248768434478
MGR_bin233	Towle Glacier 2	SD2907	0.0143188247041889
MGR_bin233	Cliff Nunatak	SD2908	0.000165871477310104
MGR_bin233	Benson Glacier	SD2909	0.0289570525722603
MGR_bin233	Spaulding Pond	SD2910	0.978763461789297
MGR_bin233	Flatiron	SD2911	0.359328348134745
MGR_bin233	Pegtop Mountain	SD2912	0.0040708020075682
MGR_bin235	Mount Seuss 4	SD2897	0.0438660533966475
MGR_bin235	Mount Seuss 5	SD2898	0.0478520055992663
MGR_bin235	Mount Seuss 6	SD2899	0.0085396356328609
MGR_bin235	Mount Seuss 7	SD2900	0.0119030621967936
MGR_bin235	Mackay Glacier 1	SD2901	0.00149489286393863
MGR_bin235	Mackay Glacier 2	SD2902	0.0040021761925977
MGR_bin235	Mount Murray	SD2903	0.00158214295637534
MGR_bin235	Mount Gran 1	SD2904	0.431082760876023
MGR_bin235	Mount Gran 2	SD2905	0.194480088125803
MGR_bin235	Towle Glacier 1	SD2906	0.0587651693100236
MGR_bin235	Towle Glacier 2	SD2907	0.0562864441223521
MGR_bin235	Cliff Nunatak	SD2908	0.000192769554711743
MGR_bin235	Benson Glacier	SD2909	0.00879838551196195
MGR_bin235	Spaulding Pond	SD2910	0.0165157142183501
MGR_bin235	Flatiron	SD2911	0.000917069474371925
MGR_bin235	Pegtop Mountain	SD2912	0.0209175356947885
MGR_bin263	Mount Seuss 4	SD2897	0.0179906530346741
MGR_bin263	Mount Seuss 5	SD2898	0.0209031230390501
MGR_bin263	Mount Seuss 6	SD2899	0.00885777400932712
MGR_bin263	Mount Seuss 7	SD2900	0.00765962818326488
MGR_bin263	Mackay Glacier 1	SD2901	0.00975535742490402
MGR_bin263	Mackay Glacier 2	SD2902	0.0198002401107465
MGR_bin263	Mount Murray	SD2903	0.00162117986531348
MGR_bin263	Mount Gran 1	SD2904	0.0124719474852327
MGR_bin263	Mount Gran 2	SD2905	0.0449187009585434
MGR_bin263	Towle Glacier 1	SD2906	0.00514356581727024
MGR_bin263	Towle Glacier 2	SD2907	0.0699477717737976
MGR_bin263	Cliff Nunatak	SD2908	0.00018156202246106
MGR_bin263	Benson Glacier	SD2909	0.0300989134150927
MGR_bin263	Spaulding Pond	SD2910	0.00777872445096913
MGR_bin263	Flatiron	SD2911	0.0228174025424022
MGR_bin263	Pegtop Mountain	SD2912	0.000791619375235742
MGR_bin283	Mount Seuss 4	SD2897	0.0751666270199222
MGR_bin283	Mount Seuss 5	SD2898	0.0314813920934498
MGR_bin283	Mount Seuss 6	SD2899	0.00851959542017011
MGR_bin283	Mount Seuss 7	SD2900	0.0661551143862611
MGR_bin283	Mackay Glacier 1	SD2901	0.0118148770444401
MGR_bin283	Mackay Glacier 2	SD2902	0.00547170590294472
MGR_bin283	Mount Murray	SD2903	0.000553405591417207
MGR_bin283	Mount Gran 1	SD2904	0.0684146143947606
MGR_bin283	Mount Gran 2	SD2905	0.236518187919405
MGR_bin283	Towle Glacier 1	SD2906	0.00810399240604279
MGR_bin283	Towle Glacier 2	SD2907	0.00717767615911512
MGR_bin283	Cliff Nunatak	SD2908	9.8626283806008e-05
MGR_bin283	Benson Glacier	SD2909	0.00353550626385824
MGR_bin283	Spaulding Pond	SD2910	0.0383949566105738
MGR_bin283	Flatiron	SD2911	0.0190420216406083
MGR_bin283	Pegtop Mountain	SD2912	0.00567819185762315
MGR_bin433	Mount Seuss 4	SD2897	-
MGR_bin433	Mount Seuss 5	SD2898	-
MGR_bin433	Mount Seuss 6	SD2899	-
MGR_bin433	Mount Seuss 7	SD2900	-
MGR_bin433	Mackay Glacier 1	SD2901	-
MGR_bin433	Mackay Glacier 2	SD2902	-
MGR_bin433	Mount Murray	SD2903	-
MGR_bin433	Mount Gran 1	SD2904	-
MGR_bin433	Mount Gran 2	SD2905	-
MGR_bin433	Towle Glacier 1	SD2906	-
MGR_bin433	Towle Glacier 2	SD2907	-
MGR_bin433	Cliff Nunatak	SD2908	-
MGR_bin433	Benson Glacier	SD2909	-
MGR_bin433	Spaulding Pond	SD2910	0.900755609436978
MGR_bin433	Flatiron	SD2911	-
MGR_bin433	Pegtop Mountain	SD2912	-
MGR_bin11	Mount Seuss 4	SD2897	0.00126019719701976
MGR_bin11	Mount Seuss 5	SD2898	0.01906646715258
MGR_bin11	Mount Seuss 6	SD2899	4.5090478554267e-05
MGR_bin11	Mount Seuss 7	SD2900	0.00133934069947374
MGR_bin11	Mackay Glacier 1	SD2901	0.0513312879086548
MGR_bin11	Mackay Glacier 2	SD2902	0.0207567973926925
MGR_bin11	Mount Murray	SD2903	0.000865700862922353
MGR_bin11	Mount Gran 1	SD2904	0.0143503581619592
MGR_bin11	Mount Gran 2	SD2905	0.000366360746663316
MGR_bin11	Towle Glacier 1	SD2906	0.0559759143060047
MGR_bin11	Towle Glacier 2	SD2907	0.00271087078492207
MGR_bin11	Cliff Nunatak	SD2908	2.24150645013655e-06
MGR_bin11	Benson Glacier	SD2909	0.00014133051689281
MGR_bin11	Spaulding Pond	SD2910	7.81319442637962e-05
MGR_bin11	Flatiron	SD2911	1.11565629485636e-05
MGR_bin11	Pegtop Mountain	SD2912	0.0698637641839408
MGR_bin94	Mount Seuss 4	SD2897	0.0391342318750192
MGR_bin94	Mount Seuss 5	SD2898	0.00869575710768934
MGR_bin94	Mount Seuss 6	SD2899	0.00017785688763072
MGR_bin94	Mount Seuss 7	SD2900	0.0339934298773295
MGR_bin94	Mackay Glacier 1	SD2901	0.000258683623709847
MGR_bin94	Mackay Glacier 2	SD2902	0.00197754588340122
MGR_bin94	Mount Murray	SD2903	0.000206665988496053
MGR_bin94	Mount Gran 1	SD2904	0.172783807620372
MGR_bin94	Mount Gran 2	SD2905	0.00857475708366884
MGR_bin94	Towle Glacier 1	SD2906	0.0479532985550088
MGR_bin94	Towle Glacier 2	SD2907	0.00342055014343872
MGR_bin94	Cliff Nunatak	SD2908	0.00013000737410792
MGR_bin94	Benson Glacier	SD2909	0.000289391058399564
MGR_bin94	Spaulding Pond	SD2910	0.000684803511488567
MGR_bin94	Flatiron	SD2911	0.000245444384868398
MGR_bin94	Pegtop Mountain	SD2912	0.00359851383793603
MGR_bin95	Mount Seuss 4	SD2897	0.032120431645274
MGR_bin95	Mount Seuss 5	SD2898	0.0119684317227398
MGR_bin95	Mount Seuss 6	SD2899	0.000383269067711269
MGR_bin95	Mount Seuss 7	SD2900	0.17725255002153
MGR_bin95	Mackay Glacier 1	SD2901	8.20823036771628e-05
MGR_bin95	Mackay Glacier 2	SD2902	7.43438302030533e-05
MGR_bin95	Mount Murray	SD2903	6.19997965488158e-05
MGR_bin95	Mount Gran 1	SD2904	0.000254784426896403
MGR_bin95	Mount Gran 2	SD2905	6.70464111540708e-05
MGR_bin95	Towle Glacier 1	SD2906	0.000274996972227214
MGR_bin95	Towle Glacier 2	SD2907	0.000206120107804469
MGR_bin95	Cliff Nunatak	SD2908	6.72451935040964e-06
MGR_bin95	Benson Glacier	SD2909	0.000150303883044735
MGR_bin95	Spaulding Pond	SD2910	0.194497985252917
MGR_bin95	Flatiron	SD2911	0.162597979724955
MGR_bin95	Pegtop Mountain	SD2912	0.000131489319954411
MGR_bin131	Mount Seuss 4	SD2897	0.00126263001014142
MGR_bin131	Mount Seuss 5	SD2898	0.00197181059033644
MGR_bin131	Mount Seuss 6	SD2899	0.000643791832691479
MGR_bin131	Mount Seuss 7	SD2900	0.00139842925974464
MGR_bin131	Mackay Glacier 1	SD2901	8.20823036771628e-05
MGR_bin131	Mackay Glacier 2	SD2902	0.000275072171751297
MGR_bin131	Mount Murray	SD2903	7.3481240354152e-05
MGR_bin131	Mount Gran 1	SD2904	0.210431953524123
MGR_bin131	Mount Gran 2	SD2905	0.00135290079650179
MGR_bin131	Towle Glacier 1	SD2906	0.00127677165676921
MGR_bin131	Towle Glacier 2	SD2907	0.100137844778931
MGR_bin131	Cliff Nunatak	SD2908	6.50036870539598e-05
MGR_bin131	Benson Glacier	SD2909	0.000298364424551489
MGR_bin131	Spaulding Pond	SD2910	0.000335507760662184
MGR_bin131	Flatiron	SD2911	0.000261063572996387
MGR_bin131	Pegtop Mountain	SD2912	0.000432036336993066
MGR_bin171	Mount Seuss 4	SD2897	0.0300160482950383
MGR_bin171	Mount Seuss 5	SD2898	0.021489597914756
MGR_bin171	Mount Seuss 6	SD2899	0.000260522764980209
MGR_bin171	Mount Seuss 7	SD2900	0.0312797330352585
MGR_bin171	Mackay Glacier 1	SD2901	0.000189038032711042
MGR_bin171	Mackay Glacier 2	SD2902	0.000822738387580457
MGR_bin171	Mount Murray	SD2903	0.000185999389646447
MGR_bin171	Mount Gran 1	SD2904	0.575840281537791
MGR_bin171	Mount Gran 2	SD2905	0.00425984162296757
MGR_bin171	Towle Glacier 1	SD2906	0.0755792698976304
MGR_bin171	Towle Glacier 2	SD2907	0.0131525501701561
MGR_bin171	Cliff Nunatak	SD2908	8.96602580054618e-06
MGR_bin171	Benson Glacier	SD2909	0.00028041769224764
MGR_bin171	Spaulding Pond	SD2910	0.000379169729515482
MGR_bin171	Flatiron	SD2911	0.000174042381997592
MGR_bin171	Pegtop Mountain	SD2912	0.000595727123058761
MGR_bin238	Mount Seuss 4	SD2897	0.159585242341516
MGR_bin238	Mount Seuss 5	SD2898	0.0392600279963315
MGR_bin238	Mount Seuss 6	SD2899	0.000197897100321505
MGR_bin238	Mount Seuss 7	SD2900	0.201645183087436
MGR_bin238	Mackay Glacier 1	SD2901	8.20823036771628e-05
MGR_bin238	Mackay Glacier 2	SD2902	0.132612046188533
MGR_bin238	Mount Murray	SD2903	7.11849515930848e-05
MGR_bin238	Mount Gran 1	SD2904	0.327390494902263
MGR_bin238	Mount Gran 2	SD2905	0.0271537965173987
MGR_bin238	Towle Glacier 1	SD2906	0.479931450550662
MGR_bin238	Towle Glacier 2	SD2907	0.0900170865742024
MGR_bin238	Cliff Nunatak	SD2908	2.68980774016386e-05
MGR_bin238	Benson Glacier	SD2909	0.0158379912581467
MGR_bin238	Spaulding Pond	SD2910	0.00949762722477264
MGR_bin238	Flatiron	SD2911	0.000167348444228453
MGR_bin238	Pegtop Mountain	SD2912	0.127206524961611
MGR_bin255	Mount Seuss 4	SD2897	0.148671642677751
MGR_bin255	Mount Seuss 5	SD2898	0.1479195829512
MGR_bin255	Mount Seuss 6	SD2899	0.00969194786258105
MGR_bin255	Mount Seuss 7	SD2900	0.0426925790283232
MGR_bin255	Mackay Glacier 1	SD2901	0.0268632993852533
MGR_bin255	Mackay Glacier 2	SD2902	0.407225764320245
MGR_bin255	Mount Murray	SD2903	0.000539627858850804
MGR_bin255	Mount Gran 1	SD2904	0.221507582434502
MGR_bin255	Mount Gran 2	SD2905	0.182299191927919
MGR_bin255	Towle Glacier 1	SD2906	0.876258209361144
MGR_bin255	Towle Glacier 2	SD2907	0.359731770424572
MGR_bin255	Cliff Nunatak	SD2908	1.56905451509558e-05
MGR_bin255	Benson Glacier	SD2909	0.0759617878175786
MGR_bin255	Spaulding Pond	SD2910	0.0235200132217634
MGR_bin255	Flatiron	SD2911	0.000546671584479614
MGR_bin255	Pegtop Mountain	SD2912	0.0542299523869122
MGR_bin275	Mount Seuss 4	SD2897	0.00304588202831804
MGR_bin275	Mount Seuss 5	SD2898	0.0229883670415601
MGR_bin275	Mount Seuss 6	SD2899	9.51910102812303e-05
MGR_bin275	Mount Seuss 7	SD2900	0.0027749738675371
MGR_bin275	Mackay Glacier 1	SD2901	0.00013929118199761
MGR_bin275	Mackay Glacier 2	SD2902	0.00904268788036472
MGR_bin275	Mount Murray	SD2903	0.000112518149292295
MGR_bin275	Mount Gran 1	SD2904	0.0938306099209459
MGR_bin275	Mount Gran 2	SD2905	0.0417316019140409
MGR_bin275	Towle Glacier 1	SD2906	0.0543960847614749
MGR_bin275	Towle Glacier 2	SD2907	0.413907440278395
MGR_bin275	Cliff Nunatak	SD2908	6.72451935040964e-06
MGR_bin275	Benson Glacier	SD2909	0.00187543352575221
MGR_bin275	Spaulding Pond	SD2910	0.000521645627878875
MGR_bin275	Flatiron	SD2911	0.000198586820484431
MGR_bin275	Pegtop Mountain	SD2912	0.00266467132070878
MGR_bin299	Mount Seuss 4	SD2897	0.0214939039298641
MGR_bin299	Mount Seuss 5	SD2898	0.0106892889897186
MGR_bin299	Mount Seuss 6	SD2899	0.000303108216948128
MGR_bin299	Mount Seuss 7	SD2900	0.0272069993069568
MGR_bin299	Mackay Glacier 1	SD2901	0.000731278705487451
MGR_bin299	Mackay Glacier 2	SD2902	0.258580232084587
MGR_bin299	Mount Murray	SD2903	9.185155044269e-05
MGR_bin299	Mount Gran 1	SD2904	0.258011696303757
MGR_bin299	Mount Gran 2	SD2905	0.156333074693821
MGR_bin299	Towle Glacier 1	SD2906	1.11119822466444
MGR_bin299	Towle Glacier 2	SD2907	0.193027567285952
MGR_bin299	Cliff Nunatak	SD2908	3.58641032021847e-05
MGR_bin299	Benson Glacier	SD2909	0.0421905243048109
MGR_bin299	Spaulding Pond	SD2910	0.00270934006726517
MGR_bin299	Flatiron	SD2911	0.000196355507894719
MGR_bin299	Pegtop Mountain	SD2912	0.0721527517333513
MGR_bin333	Mount Seuss 4	SD2897	-
MGR_bin333	Mount Seuss 5	SD2898	-
MGR_bin333	Mount Seuss 6	SD2899	-
MGR_bin333	Mount Seuss 7	SD2900	0.884061154121261
MGR_bin333	Mackay Glacier 1	SD2901	-
MGR_bin333	Mackay Glacier 2	SD2902	-
MGR_bin333	Mount Murray	SD2903	-
MGR_bin333	Mount Gran 1	SD2904	-
MGR_bin333	Mount Gran 2	SD2905	-
MGR_bin333	Towle Glacier 1	SD2906	-
MGR_bin333	Towle Glacier 2	SD2907	-
MGR_bin333	Cliff Nunatak	SD2908	-
MGR_bin333	Benson Glacier	SD2909	-
MGR_bin333	Spaulding Pond	SD2910	-
MGR_bin333	Flatiron	SD2911	-
MGR_bin333	Pegtop Mountain	SD2912	-
MGR_bin79	Mount Seuss 4	SD2897	0.0919992610086862
MGR_bin79	Mount Seuss 5	SD2898	0.032840179562678
MGR_bin79	Mount Seuss 6	SD2899	4.25854519679188e-05
MGR_bin79	Mount Seuss 7	SD2900	0.0331202322644373
MGR_bin79	Mackay Glacier 1	SD2901	9.94937014268641e-05
MGR_bin79	Mackay Glacier 2	SD2902	0.000245334639670076
MGR_bin79	Mount Murray	SD2903	0.000383480223098231
MGR_bin79	Mount Gran 1	SD2904	0.089961383673274
MGR_bin79	Mount Gran 2	SD2905	0.000129303792939994
MGR_bin79	Towle Glacier 1	SD2906	0.0074557852572215
MGR_bin79	Towle Glacier 2	SD2907	7.30552280825967e-05
MGR_bin79	Cliff Nunatak	SD2908	4.48301290027309e-06
MGR_bin79	Benson Glacier	SD2909	9.64636861331881e-05
MGR_bin79	Spaulding Pond	SD2910	1.14899918034994e-05
MGR_bin79	Flatiron	SD2911	1.33878755382763e-05
MGR_bin79	Pegtop Mountain	SD2912	5.63525656947477e-05
MGR_bin360	Mount Seuss 4	SD2897	-
MGR_bin360	Mount Seuss 5	SD2898	-
MGR_bin360	Mount Seuss 6	SD2899	-
MGR_bin360	Mount Seuss 7	SD2900	-
MGR_bin360	Mackay Glacier 1	SD2901	-
MGR_bin360	Mackay Glacier 2	SD2902	-
MGR_bin360	Mount Murray	SD2903	0.280415894635249
MGR_bin360	Mount Gran 1	SD2904	-
MGR_bin360	Mount Gran 2	SD2905	-
MGR_bin360	Towle Glacier 1	SD2906	-
MGR_bin360	Towle Glacier 2	SD2907	-
MGR_bin360	Cliff Nunatak	SD2908	-
MGR_bin360	Benson Glacier	SD2909	-
MGR_bin360	Spaulding Pond	SD2910	-
MGR_bin360	Flatiron	SD2911	-
MGR_bin360	Pegtop Mountain	SD2912	-
MGR_bin375	Mount Seuss 4	SD2897	-
MGR_bin375	Mount Seuss 5	SD2898	-
MGR_bin375	Mount Seuss 6	SD2899	-
MGR_bin375	Mount Seuss 7	SD2900	-
MGR_bin375	Mackay Glacier 1	SD2901	-
MGR_bin375	Mackay Glacier 2	SD2902	-
MGR_bin375	Mount Murray	SD2903	-
MGR_bin375	Mount Gran 1	SD2904	0.526949148325602
MGR_bin375	Mount Gran 2	SD2905	-
MGR_bin375	Towle Glacier 1	SD2906	-
MGR_bin375	Towle Glacier 2	SD2907	-
MGR_bin375	Cliff Nunatak	SD2908	-
MGR_bin375	Benson Glacier	SD2909	-
MGR_bin375	Spaulding Pond	SD2910	-
MGR_bin375	Flatiron	SD2911	-
MGR_bin375	Pegtop Mountain	SD2912	-
MGR_bin383	Mount Seuss 4	SD2897	-
MGR_bin383	Mount Seuss 5	SD2898	-
MGR_bin383	Mount Seuss 6	SD2899	-
MGR_bin383	Mount Seuss 7	SD2900	-
MGR_bin383	Mackay Glacier 1	SD2901	-
MGR_bin383	Mackay Glacier 2	SD2902	-
MGR_bin383	Mount Murray	SD2903	-
MGR_bin383	Mount Gran 1	SD2904	-
MGR_bin383	Mount Gran 2	SD2905	0.169028791548781
MGR_bin383	Towle Glacier 1	SD2906	-
MGR_bin383	Towle Glacier 2	SD2907	-
MGR_bin383	Cliff Nunatak	SD2908	-
MGR_bin383	Benson Glacier	SD2909	-
MGR_bin383	Spaulding Pond	SD2910	-
MGR_bin383	Flatiron	SD2911	-
MGR_bin383	Pegtop Mountain	SD2912	-
MGR_bin305	Mount Seuss 4	SD2897	0.40797546206298
MGR_bin305	Mount Seuss 5	SD2898	-
MGR_bin305	Mount Seuss 6	SD2899	-
MGR_bin305	Mount Seuss 7	SD2900	-
MGR_bin305	Mackay Glacier 1	SD2901	-
MGR_bin305	Mackay Glacier 2	SD2902	-
MGR_bin305	Mount Murray	SD2903	-
MGR_bin305	Mount Gran 1	SD2904	-
MGR_bin305	Mount Gran 2	SD2905	-
MGR_bin305	Towle Glacier 1	SD2906	-
MGR_bin305	Towle Glacier 2	SD2907	-
MGR_bin305	Cliff Nunatak	SD2908	-
MGR_bin305	Benson Glacier	SD2909	-
MGR_bin305	Spaulding Pond	SD2910	-
MGR_bin305	Flatiron	SD2911	-
MGR_bin305	Pegtop Mountain	SD2912	-
MGR_bin372	Mount Seuss 4	SD2897	-
MGR_bin372	Mount Seuss 5	SD2898	-
MGR_bin372	Mount Seuss 6	SD2899	-
MGR_bin372	Mount Seuss 7	SD2900	-
MGR_bin372	Mackay Glacier 1	SD2901	-
MGR_bin372	Mackay Glacier 2	SD2902	-
MGR_bin372	Mount Murray	SD2903	-
MGR_bin372	Mount Gran 1	SD2904	0.213923998904527
MGR_bin372	Mount Gran 2	SD2905	-
MGR_bin372	Towle Glacier 1	SD2906	-
MGR_bin372	Towle Glacier 2	SD2907	-
MGR_bin372	Cliff Nunatak	SD2908	-
MGR_bin372	Benson Glacier	SD2909	-
MGR_bin372	Spaulding Pond	SD2910	-
MGR_bin372	Flatiron	SD2911	-
MGR_bin372	Pegtop Mountain	SD2912	-
MGR_bin364	Mount Seuss 4	SD2897	-
MGR_bin364	Mount Seuss 5	SD2898	-
MGR_bin364	Mount Seuss 6	SD2899	-
MGR_bin364	Mount Seuss 7	SD2900	-
MGR_bin364	Mackay Glacier 1	SD2901	-
MGR_bin364	Mackay Glacier 2	SD2902	-
MGR_bin364	Mount Murray	SD2903	0.320267986083572
MGR_bin364	Mount Gran 1	SD2904	-
MGR_bin364	Mount Gran 2	SD2905	-
MGR_bin364	Towle Glacier 1	SD2906	-
MGR_bin364	Towle Glacier 2	SD2907	-
MGR_bin364	Cliff Nunatak	SD2908	-
MGR_bin364	Benson Glacier	SD2909	-
MGR_bin364	Spaulding Pond	SD2910	-
MGR_bin364	Flatiron	SD2911	-
MGR_bin364	Pegtop Mountain	SD2912	-
MGR_bin179	Mount Seuss 4	SD2897	0.00022138599407104
MGR_bin179	Mount Seuss 5	SD2898	0.0962301491528696
MGR_bin179	Mount Seuss 6	SD2899	1.10194867020163
MGR_bin179	Mount Seuss 7	SD2900	6.56539558565561e-05
MGR_bin179	Mackay Glacier 1	SD2901	6.96455909988048e-05
MGR_bin179	Mackay Glacier 2	SD2902	0.0002329440013029
MGR_bin179	Mount Murray	SD2903	0.00015844392451364
MGR_bin179	Mount Gran 1	SD2904	3.99661846112005e-05
MGR_bin179	Mount Gran 2	SD2905	0.00010296413141518
MGR_bin179	Towle Glacier 1	SD2906	9.26010212601843e-05
MGR_bin179	Towle Glacier 2	SD2907	0.000143501340876529
MGR_bin179	Cliff Nunatak	SD2908	3.58641032021847e-05
MGR_bin179	Benson Glacier	SD2909	0.000264714301481772
MGR_bin179	Spaulding Pond	SD2910	8.50259393458959e-05
MGR_bin179	Flatiron	SD2911	0.0192049074596573
MGR_bin179	Pegtop Mountain	SD2912	6.17194767132951e-05
MGR_bin440	Mount Seuss 4	SD2897	-
MGR_bin440	Mount Seuss 5	SD2898	-
MGR_bin440	Mount Seuss 6	SD2899	-
MGR_bin440	Mount Seuss 7	SD2900	-
MGR_bin440	Mackay Glacier 1	SD2901	-
MGR_bin440	Mackay Glacier 2	SD2902	-
MGR_bin440	Mount Murray	SD2903	-
MGR_bin440	Mount Gran 1	SD2904	-
MGR_bin440	Mount Gran 2	SD2905	-
MGR_bin440	Towle Glacier 1	SD2906	-
MGR_bin440	Towle Glacier 2	SD2907	-
MGR_bin440	Cliff Nunatak	SD2908	-
MGR_bin440	Benson Glacier	SD2909	-
MGR_bin440	Spaulding Pond	SD2910	-
MGR_bin440	Flatiron	SD2911	0.40713868299452
MGR_bin440	Pegtop Mountain	SD2912	-
MGR_bin362	Mount Seuss 4	SD2897	-
MGR_bin362	Mount Seuss 5	SD2898	-
MGR_bin362	Mount Seuss 6	SD2899	-
MGR_bin362	Mount Seuss 7	SD2900	-
MGR_bin362	Mackay Glacier 1	SD2901	-
MGR_bin362	Mackay Glacier 2	SD2902	-
MGR_bin362	Mount Murray	SD2903	0.26557038779495
MGR_bin362	Mount Gran 1	SD2904	-
MGR_bin362	Mount Gran 2	SD2905	-
MGR_bin362	Towle Glacier 1	SD2906	-
MGR_bin362	Towle Glacier 2	SD2907	-
MGR_bin362	Cliff Nunatak	SD2908	-
MGR_bin362	Benson Glacier	SD2909	-
MGR_bin362	Spaulding Pond	SD2910	-
MGR_bin362	Flatiron	SD2911	-
MGR_bin362	Pegtop Mountain	SD2912	-
MGR_bin424	Mount Seuss 4	SD2897	-
MGR_bin424	Mount Seuss 5	SD2898	-
MGR_bin424	Mount Seuss 6	SD2899	-
MGR_bin424	Mount Seuss 7	SD2900	-
MGR_bin424	Mackay Glacier 1	SD2901	-
MGR_bin424	Mackay Glacier 2	SD2902	-
MGR_bin424	Mount Murray	SD2903	-
MGR_bin424	Mount Gran 1	SD2904	-
MGR_bin424	Mount Gran 2	SD2905	-
MGR_bin424	Towle Glacier 1	SD2906	-
MGR_bin424	Towle Glacier 2	SD2907	-
MGR_bin424	Cliff Nunatak	SD2908	-
MGR_bin424	Benson Glacier	SD2909	0.175790486257738
MGR_bin424	Spaulding Pond	SD2910	-
MGR_bin424	Flatiron	SD2911	-
MGR_bin424	Pegtop Mountain	SD2912	-
MGR_bin339	Mount Seuss 4	SD2897	-
MGR_bin339	Mount Seuss 5	SD2898	-
MGR_bin339	Mount Seuss 6	SD2899	-
MGR_bin339	Mount Seuss 7	SD2900	-
MGR_bin339	Mackay Glacier 1	SD2901	0.645383305703103
MGR_bin339	Mackay Glacier 2	SD2902	-
MGR_bin339	Mount Murray	SD2903	-
MGR_bin339	Mount Gran 1	SD2904	-
MGR_bin339	Mount Gran 2	SD2905	-
MGR_bin339	Towle Glacier 1	SD2906	-
MGR_bin339	Towle Glacier 2	SD2907	-
MGR_bin339	Cliff Nunatak	SD2908	-
MGR_bin339	Benson Glacier	SD2909	-
MGR_bin339	Spaulding Pond	SD2910	-
MGR_bin339	Flatiron	SD2911	-
MGR_bin339	Pegtop Mountain	SD2912	-
MGR_bin173	Mount Seuss 4	SD2897	6.32531411631542e-05
MGR_bin173	Mount Seuss 5	SD2898	0.000313751991118405
MGR_bin173	Mount Seuss 6	SD2899	0.000448399758956322
MGR_bin173	Mount Seuss 7	SD2900	1.53192563665298e-05
MGR_bin173	Mackay Glacier 1	SD2901	0.000661633114488646
MGR_bin173	Mackay Glacier 2	SD2902	0.00117463251720824
MGR_bin173	Mount Murray	SD2903	0.00204828957487199
MGR_bin173	Mount Gran 1	SD2904	1.99830923056002e-05
MGR_bin173	Mount Gran 2	SD2905	0.000136487336992216
MGR_bin173	Towle Glacier 1	SD2906	4.20913733000838e-05
MGR_bin173	Towle Glacier 2	SD2907	3.130938346397e-05
MGR_bin173	Cliff Nunatak	SD2908	1.48975001688975
MGR_bin173	Benson Glacier	SD2909	0.00109475067053479
MGR_bin173	Spaulding Pond	SD2910	1.83839868855991e-05
MGR_bin173	Flatiron	SD2911	1.33878755382763e-05
MGR_bin173	Pegtop Mountain	SD2912	8.0503665278211e-05
MGR_bin351	Mount Seuss 4	SD2897	-
MGR_bin351	Mount Seuss 5	SD2898	-
MGR_bin351	Mount Seuss 6	SD2899	-
MGR_bin351	Mount Seuss 7	SD2900	-
MGR_bin351	Mackay Glacier 1	SD2901	-
MGR_bin351	Mackay Glacier 2	SD2902	0.815019019877706
MGR_bin351	Mount Murray	SD2903	-
MGR_bin351	Mount Gran 1	SD2904	-
MGR_bin351	Mount Gran 2	SD2905	-
MGR_bin351	Towle Glacier 1	SD2906	-
MGR_bin351	Towle Glacier 2	SD2907	-
MGR_bin351	Cliff Nunatak	SD2908	-
MGR_bin351	Benson Glacier	SD2909	-
MGR_bin351	Spaulding Pond	SD2910	-
MGR_bin351	Flatiron	SD2911	-
MGR_bin351	Pegtop Mountain	SD2912	-
MGR_bin208	Mount Seuss 4	SD2897	0.0234669153715302
MGR_bin208	Mount Seuss 5	SD2898	0.737008254090843
MGR_bin208	Mount Seuss 6	SD2899	0.0282291446015575
MGR_bin208	Mount Seuss 7	SD2900	0.000249485032254913
MGR_bin208	Mackay Glacier 1	SD2901	0.000164164607354326
MGR_bin208	Mackay Glacier 2	SD2902	0.00066413821648061
MGR_bin208	Mount Murray	SD2903	8.49626841594883e-05
MGR_bin208	Mount Gran 1	SD2904	0.000299746384584003
MGR_bin208	Mount Gran 2	SD2905	0.000141276366360364
MGR_bin208	Towle Glacier 1	SD2906	0.000123468028346912
MGR_bin208	Towle Glacier 2	SD2907	0.000613142092836079
MGR_bin208	Cliff Nunatak	SD2908	8.96602580054618e-05
MGR_bin208	Benson Glacier	SD2909	0.397033315416512
MGR_bin208	Spaulding Pond	SD2910	0.000730763478702565
MGR_bin208	Flatiron	SD2911	0.000236519134509547
MGR_bin208	Pegtop Mountain	SD2912	0.000174424608102791
MGR_bin269	Mount Seuss 4	SD2897	0.00377329315169432
MGR_bin269	Mount Seuss 5	SD2898	0.023138002606555
MGR_bin269	Mount Seuss 6	SD2899	0.268689151651704
MGR_bin269	Mount Seuss 7	SD2900	0.000479273877752859
MGR_bin269	Mackay Glacier 1	SD2901	0.000218886143139101
MGR_bin269	Mackay Glacier 2	SD2902	0.000433672342851144
MGR_bin269	Mount Murray	SD2903	9.64441279648245e-05
MGR_bin269	Mount Gran 1	SD2904	0.000407155505726605
MGR_bin269	Mount Gran 2	SD2905	0.000244240497775544
MGR_bin269	Towle Glacier 1	SD2906	0.000210456866500419
MGR_bin269	Towle Glacier 2	SD2907	0.000417458446186267
MGR_bin269	Cliff Nunatak	SD2908	8.51772451051887e-05
MGR_bin269	Benson Glacier	SD2909	0.0997367214371025
MGR_bin269	Spaulding Pond	SD2910	0.0205739793233461
MGR_bin269	Flatiron	SD2911	0.103720334420206
MGR_bin269	Pegtop Mountain	SD2912	0.000158323875047148
MGR_bin122	Mount Seuss 4	SD2897	0.00279773508990874
MGR_bin122	Mount Seuss 5	SD2898	0.171139643770816
MGR_bin122	Mount Seuss 6	SD2899	0.033657537214174
MGR_bin122	Mount Seuss 7	SD2900	9.84809337848341e-05
MGR_bin122	Mackay Glacier 1	SD2901	8.45696462128344e-05
MGR_bin122	Mackay Glacier 2	SD2902	0.000250290895016946
MGR_bin122	Mount Murray	SD2903	7.3481240354152e-05
MGR_bin122	Mount Gran 1	SD2904	0.000137383759601002
MGR_bin122	Mount Gran 2	SD2905	8.62025286266625e-05
MGR_bin122	Towle Glacier 1	SD2906	6.17340141734562e-05
MGR_bin122	Towle Glacier 2	SD2907	0.000305266488773707
MGR_bin122	Cliff Nunatak	SD2908	2.68980774016386e-05
MGR_bin122	Benson Glacier	SD2909	0.0799257723151913
MGR_bin122	Spaulding Pond	SD2910	0.000112601919674295
MGR_bin122	Flatiron	SD2911	5.13201895633924e-05
MGR_bin122	Pegtop Mountain	SD2912	5.3669110185474e-05
MGR_bin192	Mount Seuss 4	SD2897	0.0273423866743342
MGR_bin192	Mount Seuss 5	SD2898	0.0241637302698267
MGR_bin192	Mount Seuss 6	SD2899	0.00285072025526421
MGR_bin192	Mount Seuss 7	SD2900	0.0305794241727886
MGR_bin192	Mackay Glacier 1	SD2901	0.00489011542513037
MGR_bin192	Mackay Glacier 2	SD2902	0.144184902423475
MGR_bin192	Mount Murray	SD2903	0.00309998982744079
MGR_bin192	Mount Gran 1	SD2904	0.015371993756083
MGR_bin192	Mount Gran 2	SD2905	0.0724939320603391
MGR_bin192	Towle Glacier 1	SD2906	0.0344952834651953
MGR_bin192	Towle Glacier 2	SD2907	0.0874992903206415
MGR_bin192	Cliff Nunatak	SD2908	0.000412437186825124
MGR_bin192	Benson Glacier	SD2909	0.0370420554751442
MGR_bin192	Spaulding Pond	SD2910	0.00306782781153435
MGR_bin192	Flatiron	SD2911	4.68575643839669e-05
MGR_bin192	Pegtop Mountain	SD2912	0.00878831679287137
MGR_bin290	Mount Seuss 4	SD2897	3.40593837032369e-05
MGR_bin290	Mount Seuss 5	SD2898	0.000156875995559203
MGR_bin290	Mount Seuss 6	SD2899	1.5030159518089e-05
MGR_bin290	Mount Seuss 7	SD2900	7.00308862469932e-05
MGR_bin290	Mackay Glacier 1	SD2901	0.00129093077601356
MGR_bin290	Mackay Glacier 2	SD2902	0.000257725278037252
MGR_bin290	Mount Murray	SD2903	0.000916219215665833
MGR_bin290	Mount Gran 1	SD2904	0.000177349944212202
MGR_bin290	Mount Gran 2	SD2905	0.00025381855651184
MGR_bin290	Towle Glacier 1	SD2906	0.00031147616242062
MGR_bin290	Towle Glacier 2	SD2907	0.000138283110299201
MGR_bin290	Cliff Nunatak	SD2908	0.449256171775067
MGR_bin290	Benson Glacier	SD2909	0.000408288159912564
MGR_bin290	Spaulding Pond	SD2910	3.44699754104983e-05
MGR_bin290	Flatiron	SD2911	1.5619188127989e-05
MGR_bin290	Pegtop Mountain	SD2912	0.000163690786065696
MGR_bin353	Mount Seuss 4	SD2897	-
MGR_bin353	Mount Seuss 5	SD2898	-
MGR_bin353	Mount Seuss 6	SD2899	-
MGR_bin353	Mount Seuss 7	SD2900	-
MGR_bin353	Mackay Glacier 1	SD2901	-
MGR_bin353	Mackay Glacier 2	SD2902	0.37528517673734
MGR_bin353	Mount Murray	SD2903	-
MGR_bin353	Mount Gran 1	SD2904	-
MGR_bin353	Mount Gran 2	SD2905	-
MGR_bin353	Towle Glacier 1	SD2906	-
MGR_bin353	Towle Glacier 2	SD2907	-
MGR_bin353	Cliff Nunatak	SD2908	-
MGR_bin353	Benson Glacier	SD2909	-
MGR_bin353	Spaulding Pond	SD2910	-
MGR_bin353	Flatiron	SD2911	-
MGR_bin353	Pegtop Mountain	SD2912	-
MGR_bin448	Mount Seuss 4	SD2897	-
MGR_bin448	Mount Seuss 5	SD2898	-
MGR_bin448	Mount Seuss 6	SD2899	-
MGR_bin448	Mount Seuss 7	SD2900	-
MGR_bin448	Mackay Glacier 1	SD2901	-
MGR_bin448	Mackay Glacier 2	SD2902	-
MGR_bin448	Mount Murray	SD2903	-
MGR_bin448	Mount Gran 1	SD2904	-
MGR_bin448	Mount Gran 2	SD2905	-
MGR_bin448	Towle Glacier 1	SD2906	-
MGR_bin448	Towle Glacier 2	SD2907	-
MGR_bin448	Cliff Nunatak	SD2908	-
MGR_bin448	Benson Glacier	SD2909	-
MGR_bin448	Spaulding Pond	SD2910	-
MGR_bin448	Flatiron	SD2911	-
MGR_bin448	Pegtop Mountain	SD2912	0.582309845512393
MGR_bin117	Mount Seuss 4	SD2897	0.0102153822978494
MGR_bin117	Mount Seuss 5	SD2898	0.00302649997586523
MGR_bin117	Mount Seuss 6	SD2899	0.00066884209855496
MGR_bin117	Mount Seuss 7	SD2900	0.0312206444749876
MGR_bin117	Mackay Glacier 1	SD2901	0.00647952730542452
MGR_bin117	Mackay Glacier 2	SD2902	0.0215820139079464
MGR_bin117	Mount Murray	SD2903	0.00173369801460577
MGR_bin117	Mount Gran 1	SD2904	0.0935533445152057
MGR_bin117	Mount Gran 2	SD2905	0.00535413483358937
MGR_bin117	Towle Glacier 1	SD2906	0.0400288960083797
MGR_bin117	Towle Glacier 2	SD2907	0.117117967077557
MGR_bin117	Cliff Nunatak	SD2908	0.000226392151463791
MGR_bin117	Benson Glacier	SD2909	0.00404250145144198
MGR_bin117	Spaulding Pond	SD2910	0.0505628579304797
MGR_bin117	Flatiron	SD2911	0.00137448855526303
MGR_bin117	Pegtop Mountain	SD2912	0.100108991228965
MGR_bin411	Mount Seuss 4	SD2897	-
MGR_bin411	Mount Seuss 5	SD2898	-
MGR_bin411	Mount Seuss 6	SD2899	-
MGR_bin411	Mount Seuss 7	SD2900	-
MGR_bin411	Mackay Glacier 1	SD2901	-
MGR_bin411	Mackay Glacier 2	SD2902	-
MGR_bin411	Mount Murray	SD2903	-
MGR_bin411	Mount Gran 1	SD2904	-
MGR_bin411	Mount Gran 2	SD2905	-
MGR_bin411	Towle Glacier 1	SD2906	-
MGR_bin411	Towle Glacier 2	SD2907	-
MGR_bin411	Cliff Nunatak	SD2908	1.3420280173064
MGR_bin411	Benson Glacier	SD2909	-
MGR_bin411	Spaulding Pond	SD2910	-
MGR_bin411	Flatiron	SD2911	-
MGR_bin411	Pegtop Mountain	SD2912	-
MGR_bin419	Mount Seuss 4	SD2897	-
MGR_bin419	Mount Seuss 5	SD2898	-
MGR_bin419	Mount Seuss 6	SD2899	-
MGR_bin419	Mount Seuss 7	SD2900	-
MGR_bin419	Mackay Glacier 1	SD2901	-
MGR_bin419	Mackay Glacier 2	SD2902	-
MGR_bin419	Mount Murray	SD2903	-
MGR_bin419	Mount Gran 1	SD2904	-
MGR_bin419	Mount Gran 2	SD2905	-
MGR_bin419	Towle Glacier 1	SD2906	-
MGR_bin419	Towle Glacier 2	SD2907	-
MGR_bin419	Cliff Nunatak	SD2908	0.291368940440349
MGR_bin419	Benson Glacier	SD2909	-
MGR_bin419	Spaulding Pond	SD2910	-
MGR_bin419	Flatiron	SD2911	-
MGR_bin419	Pegtop Mountain	SD2912	-
MGR_bin239	Mount Seuss 4	SD2897	0.0750109269801359
MGR_bin239	Mount Seuss 5	SD2898	0.0172370516966742
MGR_bin239	Mount Seuss 6	SD2899	0.0100351365049108
MGR_bin239	Mount Seuss 7	SD2900	0.0133627684820044
MGR_bin239	Mackay Glacier 1	SD2901	0.000728791362951779
MGR_bin239	Mackay Glacier 2	SD2902	0.0663221309241439
MGR_bin239	Mount Murray	SD2903	7.11849515930848e-05
MGR_bin239	Mount Gran 1	SD2904	0.00357947140924064
MGR_bin239	Mount Gran 2	SD2905	0.0202097039335842
MGR_bin239	Towle Glacier 1	SD2906	0.0422934118919242
MGR_bin239	Towle Glacier 2	SD2907	0.0798571916401441
MGR_bin239	Cliff Nunatak	SD2908	2.01735580512289e-05
MGR_bin239	Benson Glacier	SD2909	0.0238489638902773
MGR_bin239	Spaulding Pond	SD2910	0.000248183822955588
MGR_bin239	Flatiron	SD2911	0
MGR_bin239	Pegtop Mountain	SD2912	0.0201420170526084
MGR_bin243	Mount Seuss 4	SD2897	0.0538527512610609
MGR_bin243	Mount Seuss 5	SD2898	0.0249119080948014
MGR_bin243	Mount Seuss 6	SD2899	0.0019088302587973
MGR_bin243	Mount Seuss 7	SD2900	0.00288002019690759
MGR_bin243	Mackay Glacier 1	SD2901	0.0116357883818717
MGR_bin243	Mackay Glacier 2	SD2902	0.135003439393398
MGR_bin243	Mount Murray	SD2903	7.80738178762865e-05
MGR_bin243	Mount Gran 1	SD2904	0.00338463625926104
MGR_bin243	Mount Gran 2	SD2905	0.00290215179709764
MGR_bin243	Towle Glacier 1	SD2906	0.0973741829924138
MGR_bin243	Towle Glacier 2	SD2907	0.1625426642532
MGR_bin243	Cliff Nunatak	SD2908	6.05206741536867e-05
MGR_bin243	Benson Glacier	SD2909	0.0298499025043768
MGR_bin243	Spaulding Pond	SD2910	0.00248643422627728
MGR_bin243	Flatiron	SD2911	0
MGR_bin243	Pegtop Mountain	SD2912	0.068581072450508
MGR_bin340	Mount Seuss 4	SD2897	-
MGR_bin340	Mount Seuss 5	SD2898	-
MGR_bin340	Mount Seuss 6	SD2899	-
MGR_bin340	Mount Seuss 7	SD2900	-
MGR_bin340	Mackay Glacier 1	SD2901	1.11385188621403
MGR_bin340	Mackay Glacier 2	SD2902	-
MGR_bin340	Mount Murray	SD2903	-
MGR_bin340	Mount Gran 1	SD2904	-
MGR_bin340	Mount Gran 2	SD2905	-
MGR_bin340	Towle Glacier 1	SD2906	-
MGR_bin340	Towle Glacier 2	SD2907	-
MGR_bin340	Cliff Nunatak	SD2908	-
MGR_bin340	Benson Glacier	SD2909	-
MGR_bin340	Spaulding Pond	SD2910	-
MGR_bin340	Flatiron	SD2911	-
MGR_bin340	Pegtop Mountain	SD2912	-
MGR_bin441	Mount Seuss 4	SD2897	-
MGR_bin441	Mount Seuss 5	SD2898	-
MGR_bin441	Mount Seuss 6	SD2899	-
MGR_bin441	Mount Seuss 7	SD2900	-
MGR_bin441	Mackay Glacier 1	SD2901	-
MGR_bin441	Mackay Glacier 2	SD2902	-
MGR_bin441	Mount Murray	SD2903	-
MGR_bin441	Mount Gran 1	SD2904	-
MGR_bin441	Mount Gran 2	SD2905	-
MGR_bin441	Towle Glacier 1	SD2906	-
MGR_bin441	Towle Glacier 2	SD2907	-
MGR_bin441	Cliff Nunatak	SD2908	-
MGR_bin441	Benson Glacier	SD2909	-
MGR_bin441	Spaulding Pond	SD2910	-
MGR_bin441	Flatiron	SD2911	0.261547767828355
MGR_bin441	Pegtop Mountain	SD2912	-
MGR_bin244	Mount Seuss 4	SD2897	0.000143535974177927
MGR_bin244	Mount Seuss 5	SD2898	0.00441907612106
MGR_bin244	Mount Seuss 6	SD2899	0.049659647047766
MGR_bin244	Mount Seuss 7	SD2900	1.96961867569668e-05
MGR_bin244	Mackay Glacier 1	SD2901	0.000146753209604624
MGR_bin244	Mackay Glacier 2	SD2902	0.160733839026675
MGR_bin244	Mount Murray	SD2903	0.000289332383894474
MGR_bin244	Mount Gran 1	SD2904	1.74852057674002e-05
MGR_bin244	Mount Gran 2	SD2905	0.00114697253367143
MGR_bin244	Towle Glacier 1	SD2906	5.61218310667784e-06
MGR_bin244	Towle Glacier 2	SD2907	3.91367293299625e-05
MGR_bin244	Cliff Nunatak	SD2908	8.96602580054618e-06
MGR_bin244	Benson Glacier	SD2909	0.13306380332535
MGR_bin244	Spaulding Pond	SD2910	6.66419524602968e-05
MGR_bin244	Flatiron	SD2911	0.000191892882715293
MGR_bin244	Pegtop Mountain	SD2912	5.3669110185474e-06
MGR_bin47	Mount Seuss 4	SD2897	0.292190587163826
MGR_bin47	Mount Seuss 5	SD2898	0.108198580875609
MGR_bin47	Mount Seuss 6	SD2899	0.157005046325958
MGR_bin47	Mount Seuss 7	SD2900	3.72039083187151e-05
MGR_bin47	Mackay Glacier 1	SD2901	4.9746850713432e-06
MGR_bin47	Mackay Glacier 2	SD2902	2.47812767343511e-06
MGR_bin47	Mount Murray	SD2903	6.88886628320175e-06
MGR_bin47	Mount Gran 1	SD2904	0.000414649165341205
MGR_bin47	Mount Gran 2	SD2905	0.0956129713350732
MGR_bin47	Towle Glacier 1	SD2906	1.12243662133557e-05
MGR_bin47	Towle Glacier 2	SD2907	0.000662715283320698
MGR_bin47	Cliff Nunatak	SD2908	8.96602580054618e-06
MGR_bin47	Benson Glacier	SD2909	0.0407929225266487
MGR_bin47	Spaulding Pond	SD2910	2.52779819676988e-05
MGR_bin47	Flatiron	SD2911	6.47080651016686e-05
MGR_bin47	Pegtop Mountain	SD2912	8.0503665278211e-06
MGR_bin408	Mount Seuss 4	SD2897	-
MGR_bin408	Mount Seuss 5	SD2898	-
MGR_bin408	Mount Seuss 6	SD2899	-
MGR_bin408	Mount Seuss 7	SD2900	-
MGR_bin408	Mackay Glacier 1	SD2901	-
MGR_bin408	Mackay Glacier 2	SD2902	-
MGR_bin408	Mount Murray	SD2903	-
MGR_bin408	Mount Gran 1	SD2904	-
MGR_bin408	Mount Gran 2	SD2905	-
MGR_bin408	Towle Glacier 1	SD2906	-
MGR_bin408	Towle Glacier 2	SD2907	-
MGR_bin408	Cliff Nunatak	SD2908	1.15274624663107
MGR_bin408	Benson Glacier	SD2909	-
MGR_bin408	Spaulding Pond	SD2910	-
MGR_bin408	Flatiron	SD2911	-
MGR_bin408	Pegtop Mountain	SD2912	-
MGR_bin20	Mount Seuss 4	SD2897	0.0166015167422063
MGR_bin20	Mount Seuss 5	SD2898	0.290360573442101
MGR_bin20	Mount Seuss 6	SD2899	0.382374773219943
MGR_bin20	Mount Seuss 7	SD2900	2.62615823426224e-05
MGR_bin20	Mackay Glacier 1	SD2901	0.000114417756640894
MGR_bin20	Mackay Glacier 2	SD2902	0.000485713023993282
MGR_bin20	Mount Murray	SD2903	0.00190821596044689
MGR_bin20	Mount Gran 1	SD2904	0.000279763292278403
MGR_bin20	Mount Gran 2	SD2905	0.0011397889896192
MGR_bin20	Towle Glacier 1	SD2906	3.08670070867281e-05
MGR_bin20	Towle Glacier 2	SD2907	2.08729223093133e-05
MGR_bin20	Cliff Nunatak	SD2908	8.29357386550522e-05
MGR_bin20	Benson Glacier	SD2909	0.170381789809666
MGR_bin20	Spaulding Pond	SD2910	0.000353891747547783
MGR_bin20	Flatiron	SD2911	4.01636266148288e-05
MGR_bin20	Pegtop Mountain	SD2912	4.83021991669266e-05
MGR_bin415	Mount Seuss 4	SD2897	-
MGR_bin415	Mount Seuss 5	SD2898	-
MGR_bin415	Mount Seuss 6	SD2899	-
MGR_bin415	Mount Seuss 7	SD2900	-
MGR_bin415	Mackay Glacier 1	SD2901	-
MGR_bin415	Mackay Glacier 2	SD2902	-
MGR_bin415	Mount Murray	SD2903	-
MGR_bin415	Mount Gran 1	SD2904	-
MGR_bin415	Mount Gran 2	SD2905	-
MGR_bin415	Towle Glacier 1	SD2906	-
MGR_bin415	Towle Glacier 2	SD2907	-
MGR_bin415	Cliff Nunatak	SD2908	1.45781751600111
MGR_bin415	Benson Glacier	SD2909	-
MGR_bin415	Spaulding Pond	SD2910	-
MGR_bin415	Flatiron	SD2911	-
MGR_bin415	Pegtop Mountain	SD2912	-
MGR_bin264	Mount Seuss 4	SD2897	0.0358377700951702
MGR_bin264	Mount Seuss 5	SD2898	0.0148187478882078
MGR_bin264	Mount Seuss 6	SD2899	0.00611476989727587
MGR_bin264	Mount Seuss 7	SD2900	0.110060103132735
MGR_bin264	Mackay Glacier 1	SD2901	9.70063588911924e-05
MGR_bin264	Mackay Glacier 2	SD2902	0.00641091629117663
MGR_bin264	Mount Murray	SD2903	8.2666395398421e-05
MGR_bin264	Mount Gran 1	SD2904	0.0879830575350196
MGR_bin264	Mount Gran 2	SD2905	0.00840953557046774
MGR_bin264	Towle Glacier 1	SD2906	0.0248928381696695
MGR_bin264	Towle Glacier 2	SD2907	0.0872749064058164
MGR_bin264	Cliff Nunatak	SD2908	5.60376612534136e-05
MGR_bin264	Benson Glacier	SD2909	0.00104315381516122
MGR_bin264	Spaulding Pond	SD2910	0.0418212721663773
MGR_bin264	Flatiron	SD2911	0.000736333154605195
MGR_bin264	Pegtop Mountain	SD2912	0.105100218476214
MGR_bin225	Mount Seuss 4	SD2897	0.000559547017981749
MGR_bin225	Mount Seuss 5	SD2898	0.00135878746922817
MGR_bin225	Mount Seuss 6	SD2899	0.000666337071968612
MGR_bin225	Mount Seuss 7	SD2900	0.00456294993203065
MGR_bin225	Mackay Glacier 1	SD2901	6.46709059274616e-05
MGR_bin225	Mackay Glacier 2	SD2902	0.000235422128976336
MGR_bin225	Mount Murray	SD2903	2.06665988496053e-05
MGR_bin225	Mount Gran 1	SD2904	0.000132387986524602
MGR_bin225	Mount Gran 2	SD2905	4.78902936814792e-05
MGR_bin225	Towle Glacier 1	SD2906	3.3673098640067e-05
MGR_bin225	Towle Glacier 2	SD2907	0.000461813406093557
MGR_bin225	Cliff Nunatak	SD2908	2.01735580512289e-05
MGR_bin225	Benson Glacier	SD2909	0.000511481870659695
MGR_bin225	Spaulding Pond	SD2910	0.11311207531037
MGR_bin225	Flatiron	SD2911	0.445175868711352
MGR_bin225	Pegtop Mountain	SD2912	0.000295180106020107
MGR_bin16	Mount Seuss 4	SD2897	0.0237466888805211
MGR_bin16	Mount Seuss 5	SD2898	0.0141357339383115
MGR_bin16	Mount Seuss 6	SD2899	0.00508520397028678
MGR_bin16	Mount Seuss 7	SD2900	0.151750365101649
MGR_bin16	Mackay Glacier 1	SD2901	6.218356339179e-05
MGR_bin16	Mackay Glacier 2	SD2902	0.00425742334296152
MGR_bin16	Mount Murray	SD2903	1.8370310088538e-05
MGR_bin16	Mount Gran 1	SD2904	0.0333118148734356
MGR_bin16	Mount Gran 2	SD2905	0.00703987317117744
MGR_bin16	Towle Glacier 1	SD2906	0.00228696461597122
MGR_bin16	Towle Glacier 2	SD2907	0.0545957374152977
MGR_bin16	Cliff Nunatak	SD2908	3.13810903019116e-05
MGR_bin16	Benson Glacier	SD2909	0.00114186084283239
MGR_bin16	Spaulding Pond	SD2910	0.0506272018845793
MGR_bin16	Flatiron	SD2911	0.0101837106594488
MGR_bin16	Pegtop Mountain	SD2912	0.000303230472547928
MGR_bin25	Mount Seuss 4	SD2897	0.0423625748874617
MGR_bin25	Mount Seuss 5	SD2898	0.0212603176135541
MGR_bin25	Mount Seuss 6	SD2899	0.000946900049639607
MGR_bin25	Mount Seuss 7	SD2900	0.0159757959250953
MGR_bin25	Mackay Glacier 1	SD2901	0.00333801368287129
MGR_bin25	Mackay Glacier 2	SD2902	0.0179961631644858
MGR_bin25	Mount Murray	SD2903	0.000537331570089737
MGR_bin25	Mount Gran 1	SD2904	0.0393492066362651
MGR_bin25	Mount Gran 2	SD2905	0.00153248939780733
MGR_bin25	Towle Glacier 1	SD2906	0.0437048759432536
MGR_bin25	Towle Glacier 2	SD2907	0.0134499893130638
MGR_bin25	Cliff Nunatak	SD2908	5.15546483531406e-05
MGR_bin25	Benson Glacier	SD2909	0.00123159450435163
MGR_bin25	Spaulding Pond	SD2910	0.000248183822955588
MGR_bin25	Flatiron	SD2911	0.000448493830532255
MGR_bin25	Pegtop Mountain	SD2912	0.00289544849450632
MGR_bin45	Mount Seuss 4	SD2897	0.0367768359601309
MGR_bin45	Mount Seuss 5	SD2898	0.0118622387411305
MGR_bin45	Mount Seuss 6	SD2899	0.0075100697058718
MGR_bin45	Mount Seuss 7	SD2900	0.142261180015181
MGR_bin45	Mackay Glacier 1	SD2901	0.000196500060318056
MGR_bin45	Mackay Glacier 2	SD2902	0.0104725675479368
MGR_bin45	Mount Murray	SD2903	7.57775291152193e-05
MGR_bin45	Mount Gran 1	SD2904	0.00310237508044444
MGR_bin45	Mount Gran 2	SD2905	0.000706381831801818
MGR_bin45	Towle Glacier 1	SD2906	0.00972310723231935
MGR_bin45	Towle Glacier 2	SD2907	0.184915827853495
MGR_bin45	Cliff Nunatak	SD2908	4.70716354528675e-05
MGR_bin45	Benson Glacier	SD2909	0.00779561184448439
MGR_bin45	Spaulding Pond	SD2910	0.103577680111826
MGR_bin45	Flatiron	SD2911	0.0124953505023912
MGR_bin45	Pegtop Mountain	SD2912	0.0897750040627516
MGR_bin68	Mount Seuss 4	SD2897	0.00570251395717052
MGR_bin68	Mount Seuss 5	SD2898	0.0251194671043105
MGR_bin68	Mount Seuss 6	SD2899	0.0393790179373932
MGR_bin68	Mount Seuss 7	SD2900	0.181314341423856
MGR_bin68	Mackay Glacier 1	SD2901	0.000236297540888802
MGR_bin68	Mackay Glacier 2	SD2902	0.00793744293801266
MGR_bin68	Mount Murray	SD2903	0.000305406405221944
MGR_bin68	Mount Gran 1	SD2904	0.0217915621592571
MGR_bin68	Mount Gran 2	SD2905	0.00125712020913883
MGR_bin68	Towle Glacier 1	SD2906	0.000869888381535064
MGR_bin68	Towle Glacier 2	SD2907	0.0979696699740508
MGR_bin68	Cliff Nunatak	SD2908	2.91395838517751e-05
MGR_bin68	Benson Glacier	SD2909	0.0010812906213069
MGR_bin68	Spaulding Pond	SD2910	0.110363669270973
MGR_bin68	Flatiron	SD2911	0.0892681227766365
MGR_bin68	Pegtop Mountain	SD2912	0.00166910932676824
MGR_bin87	Mount Seuss 4	SD2897	0.0925515095873029
MGR_bin87	Mount Seuss 5	SD2898	0.043763575807308
MGR_bin87	Mount Seuss 6	SD2899	0.0555514695788569
MGR_bin87	Mount Seuss 7	SD2900	0.130395321726706
MGR_bin87	Mackay Glacier 1	SD2901	0.00218886143139101
MGR_bin87	Mackay Glacier 2	SD2902	0.0503258167921202
MGR_bin87	Mount Murray	SD2903	0.000502887238673728
MGR_bin87	Mount Gran 1	SD2904	0.00240546473628663
MGR_bin87	Mount Gran 2	SD2905	0.00197786912904509
MGR_bin87	Towle Glacier 1	SD2906	0.00551396990231097
MGR_bin87	Towle Glacier 2	SD2907	0.0424946607064733
MGR_bin87	Cliff Nunatak	SD2908	0.000237599683714474
MGR_bin87	Benson Glacier	SD2909	0.0439448173875121
MGR_bin87	Spaulding Pond	SD2910	0.0983887998133658
MGR_bin87	Flatiron	SD2911	0.0489728487190146
MGR_bin87	Pegtop Mountain	SD2912	0.018285065840191
MGR_bin109	Mount Seuss 4	SD2897	0.0155505414736493
MGR_bin109	Mount Seuss 5	SD2898	0.0231790317130859
MGR_bin109	Mount Seuss 6	SD2899	0.00903312587037149
MGR_bin109	Mount Seuss 7	SD2900	0.0908016094148123
MGR_bin109	Mackay Glacier 1	SD2901	3.48227954994024e-05
MGR_bin109	Mackay Glacier 2	SD2902	0.00021807523526229
MGR_bin109	Mount Murray	SD2903	5.97035077877485e-05
MGR_bin109	Mount Gran 1	SD2904	0.0082555150087511
MGR_bin109	Mount Gran 2	SD2905	0.0049925631162942
MGR_bin109	Towle Glacier 1	SD2906	0.00010382538747354
MGR_bin109	Towle Glacier 2	SD2907	0.106177946672188
MGR_bin109	Cliff Nunatak	SD2908	1.34490387008193e-05
MGR_bin109	Benson Glacier	SD2909	0.000437451599906318
MGR_bin109	Spaulding Pond	SD2910	0.132688723345172
MGR_bin109	Flatiron	SD2911	0.0587102968605209
MGR_bin109	Pegtop Mountain	SD2912	0.000115388586898769
MGR_bin116	Mount Seuss 4	SD2897	0.00912061639310251
MGR_bin116	Mount Seuss 5	SD2898	0.0116522662547666
MGR_bin116	Mount Seuss 6	SD2899	0.0183192594259641
MGR_bin116	Mount Seuss 7	SD2900	0.255634619453477
MGR_bin116	Mackay Glacier 1	SD2901	3.48227954994024e-05
MGR_bin116	Mackay Glacier 2	SD2902	0.000550144343502595
MGR_bin116	Mount Murray	SD2903	3.6740620177076e-05
MGR_bin116	Mount Gran 1	SD2904	0.000274767519202003
MGR_bin116	Mount Gran 2	SD2905	2.63396615248135e-05
MGR_bin116	Towle Glacier 1	SD2906	7.29583803868119e-05
MGR_bin116	Towle Glacier 2	SD2907	0.000675760859764019
MGR_bin116	Cliff Nunatak	SD2908	1.56905451509558e-05
MGR_bin116	Benson Glacier	SD2909	9.87070276711692e-05
MGR_bin116	Spaulding Pond	SD2910	0.409078178179991
MGR_bin116	Flatiron	SD2911	0.047120859269553
MGR_bin116	Pegtop Mountain	SD2912	0.000136856230972959
MGR_bin118	Mount Seuss 4	SD2897	0.012013231194756
MGR_bin118	Mount Seuss 5	SD2898	0.00476420331129025
MGR_bin118	Mount Seuss 6	SD2899	0.00390283142153044
MGR_bin118	Mount Seuss 7	SD2900	0.394578086232707
MGR_bin118	Mackay Glacier 1	SD2901	0.000144265867068953
MGR_bin118	Mackay Glacier 2	SD2902	0.00391544172402748
MGR_bin118	Mount Murray	SD2903	0.000195184544690716
MGR_bin118	Mount Gran 1	SD2904	0.0639084270798477
MGR_bin118	Mount Gran 2	SD2905	0.00726974658084854
MGR_bin118	Towle Glacier 1	SD2906	0.00729303194712785
MGR_bin118	Towle Glacier 2	SD2907	0.0482477599179778
MGR_bin118	Cliff Nunatak	SD2908	0.00012328285475751
MGR_bin118	Benson Glacier	SD2909	0.000747032732147712
MGR_bin118	Spaulding Pond	SD2910	0.0301520364907433
MGR_bin118	Flatiron	SD2911	0.000517664520813349
MGR_bin118	Pegtop Mountain	SD2912	0.0141096090677611
MGR_bin178	Mount Seuss 4	SD2897	0.116877207990779
MGR_bin178	Mount Seuss 5	SD2898	0.109142250325819
MGR_bin178	Mount Seuss 6	SD2899	0.0398700031483174
MGR_bin178	Mount Seuss 7	SD2900	0.0537027474254677
MGR_bin178	Mackay Glacier 1	SD2901	0.0016117979631152
MGR_bin178	Mackay Glacier 2	SD2902	0.18188218059177
MGR_bin178	Mount Murray	SD2903	0.000964441279648245
MGR_bin178	Mount Gran 1	SD2904	0.0225858900784047
MGR_bin178	Mount Gran 2	SD2905	0.130742896265122
MGR_bin178	Towle Glacier 1	SD2906	0.0366110764964129
MGR_bin178	Towle Glacier 2	SD2907	0.120984675935357
MGR_bin178	Cliff Nunatak	SD2908	5.37961548032771e-05
MGR_bin178	Benson Glacier	SD2909	0.0290243528183997
MGR_bin178	Spaulding Pond	SD2910	0.00508317237386816
MGR_bin178	Flatiron	SD2911	0.00119598354808601
MGR_bin178	Pegtop Mountain	SD2912	0.000992878538431269
MGR_bin202	Mount Seuss 4	SD2897	0.160234803445
MGR_bin202	Mount Seuss 5	SD2898	0.0471279625428392
MGR_bin202	Mount Seuss 6	SD2899	0.0210923238570516
MGR_bin202	Mount Seuss 7	SD2900	0.131342927156236
MGR_bin202	Mackay Glacier 1	SD2901	0.0002014747453894
MGR_bin202	Mackay Glacier 2	SD2902	0.0254379805678114
MGR_bin202	Mount Murray	SD2903	0.000128592170619766
MGR_bin202	Mount Gran 1	SD2904	0.000372185094191804
MGR_bin202	Mount Gran 2	SD2905	0.000579472553545898
MGR_bin202	Towle Glacier 1	SD2906	0.000589279226201173
MGR_bin202	Towle Glacier 2	SD2907	0.00935106919457237
MGR_bin202	Cliff Nunatak	SD2908	5.60376612534136e-05
MGR_bin202	Benson Glacier	SD2909	0.0129283772833852
MGR_bin202	Spaulding Pond	SD2910	0.112921341446432
MGR_bin202	Flatiron	SD2911	0.0101636288461414
MGR_bin202	Pegtop Mountain	SD2912	0.000364949949261223
MGR_bin215	Mount Seuss 4	SD2897	0.0382365238331267
MGR_bin215	Mount Seuss 5	SD2898	0.0132910170391466
MGR_bin215	Mount Seuss 6	SD2899	0.0255011706490243
MGR_bin215	Mount Seuss 7	SD2900	0.343470858528768
MGR_bin215	Mackay Glacier 1	SD2901	0.000206449430460743
MGR_bin215	Mackay Glacier 2	SD2902	0.00685697927239495
MGR_bin215	Mount Murray	SD2903	0.000121703304336564
MGR_bin215	Mount Gran 1	SD2904	0.00126892636140561
MGR_bin215	Mount Gran 2	SD2905	0.0002298734096711
MGR_bin215	Towle Glacier 1	SD2906	0.01002616512008
MGR_bin215	Towle Glacier 2	SD2907	0.0436687625863722
MGR_bin215	Cliff Nunatak	SD2908	6.50036870539598e-05
MGR_bin215	Benson Glacier	SD2909	0.00629032967249906
MGR_bin215	Spaulding Pond	SD2910	0.140315779904335
MGR_bin215	Flatiron	SD2911	0.0863160962204465
MGR_bin215	Pegtop Mountain	SD2912	0.0770554249487943
MGR_bin276	Mount Seuss 4	SD2897	0.000369787594492286
MGR_bin276	Mount Seuss 5	SD2898	0.000632330935946324
MGR_bin276	Mount Seuss 6	SD2899	0.000666337071968612
MGR_bin276	Mount Seuss 7	SD2900	0.0176543487298279
MGR_bin276	Mackay Glacier 1	SD2901	0.000111930414105222
MGR_bin276	Mackay Glacier 2	SD2902	0.000161078298773282
MGR_bin276	Mount Murray	SD2903	1.8370310088538e-05
MGR_bin276	Mount Gran 1	SD2904	0.000177349944212202
MGR_bin276	Mount Gran 2	SD2905	9.33860726788844e-05
MGR_bin276	Towle Glacier 1	SD2906	0.000140304577666946
MGR_bin276	Towle Glacier 2	SD2907	0.000268738874732409
MGR_bin276	Cliff Nunatak	SD2908	8.96602580054618e-06
MGR_bin276	Benson Glacier	SD2909	0.000154790566120697
MGR_bin276	Spaulding Pond	SD2910	0.191023411731539
MGR_bin276	Flatiron	SD2911	0.407783532332947
MGR_bin276	Pegtop Mountain	SD2912	0.000260295184399549
MGR_bin284	Mount Seuss 4	SD2897	0.019292208054762
MGR_bin284	Mount Seuss 5	SD2898	0.00398465028720375
MGR_bin284	Mount Seuss 6	SD2899	0.00132515906417818
MGR_bin284	Mount Seuss 7	SD2900	0.323691510094383
MGR_bin284	Mackay Glacier 1	SD2901	8.95443312841776e-05
MGR_bin284	Mackay Glacier 2	SD2902	0.0002329440013029
MGR_bin284	Mount Murray	SD2903	7.57775291152193e-05
MGR_bin284	Mount Gran 1	SD2904	0.00456363870529145
MGR_bin284	Mount Gran 2	SD2905	0.000452563275289978
MGR_bin284	Towle Glacier 1	SD2906	0.000277803063780553
MGR_bin284	Towle Glacier 2	SD2907	0.00043833136849558
MGR_bin284	Cliff Nunatak	SD2908	0.00013000737410792
MGR_bin284	Benson Glacier	SD2909	0.000159277249196659
MGR_bin284	Spaulding Pond	SD2910	0.00742023670669994
MGR_bin284	Flatiron	SD2911	0.000298995887021503
MGR_bin284	Pegtop Mountain	SD2912	0.000211992985232622
MGR_bin301	Mount Seuss 4	SD2897	0.0185866922494807
MGR_bin301	Mount Seuss 5	SD2898	0.00424047883380798
MGR_bin301	Mount Seuss 6	SD2899	0.00264029802201097
MGR_bin301	Mount Seuss 7	SD2900	0.182452343325369
MGR_bin301	Mackay Glacier 1	SD2901	0.000184063347639698
MGR_bin301	Mackay Glacier 2	SD2902	0.00475304887764854
MGR_bin301	Mount Murray	SD2903	0.000101036705486959
MGR_bin301	Mount Gran 1	SD2904	0.0245292458051243
MGR_bin301	Mount Gran 2	SD2905	0.000488480995551088
MGR_bin301	Towle Glacier 1	SD2906	0.0248591650710295
MGR_bin301	Towle Glacier 2	SD2907	0.0561977342025375
MGR_bin301	Cliff Nunatak	SD2908	8.96602580054618e-05
MGR_bin301	Benson Glacier	SD2909	0.000935473421338126
MGR_bin301	Spaulding Pond	SD2910	0.0291064472366248
MGR_bin301	Flatiron	SD2911	0.00932465531240942
MGR_bin301	Pegtop Mountain	SD2912	0.104201260880607
MGR_bin337	Mount Seuss 4	SD2897	-
MGR_bin337	Mount Seuss 5	SD2898	-
MGR_bin337	Mount Seuss 6	SD2899	-
MGR_bin337	Mount Seuss 7	SD2900	0.370303630287343
MGR_bin337	Mackay Glacier 1	SD2901	-
MGR_bin337	Mackay Glacier 2	SD2902	-
MGR_bin337	Mount Murray	SD2903	-
MGR_bin337	Mount Gran 1	SD2904	-
MGR_bin337	Mount Gran 2	SD2905	-
MGR_bin337	Towle Glacier 1	SD2906	-
MGR_bin337	Towle Glacier 2	SD2907	-
MGR_bin337	Cliff Nunatak	SD2908	-
MGR_bin337	Benson Glacier	SD2909	-
MGR_bin337	Spaulding Pond	SD2910	-
MGR_bin337	Flatiron	SD2911	-
MGR_bin337	Pegtop Mountain	SD2912	-
MGR_bin402	Mount Seuss 4	SD2897	-
MGR_bin402	Mount Seuss 5	SD2898	-
MGR_bin402	Mount Seuss 6	SD2899	-
MGR_bin402	Mount Seuss 7	SD2900	-
MGR_bin402	Mackay Glacier 1	SD2901	-
MGR_bin402	Mackay Glacier 2	SD2902	-
MGR_bin402	Mount Murray	SD2903	-
MGR_bin402	Mount Gran 1	SD2904	-
MGR_bin402	Mount Gran 2	SD2905	-
MGR_bin402	Towle Glacier 1	SD2906	-
MGR_bin402	Towle Glacier 2	SD2907	-
MGR_bin402	Cliff Nunatak	SD2908	0.699571921581166
MGR_bin402	Benson Glacier	SD2909	-
MGR_bin402	Spaulding Pond	SD2910	-
MGR_bin402	Flatiron	SD2911	-
MGR_bin402	Pegtop Mountain	SD2912	-
MGR_bin154	Mount Seuss 4	SD2897	0
MGR_bin154	Mount Seuss 5	SD2898	0.000156875995559203
MGR_bin154	Mount Seuss 6	SD2899	7.5150797590445e-06
MGR_bin154	Mount Seuss 7	SD2900	4.37693039043707e-06
MGR_bin154	Mackay Glacier 1	SD2901	5.72088783204468e-05
MGR_bin154	Mackay Glacier 2	SD2902	7.43438302030533e-06
MGR_bin154	Mount Murray	SD2903	9.64441279648245e-05
MGR_bin154	Mount Gran 1	SD2904	2.49788653820003e-06
MGR_bin154	Mount Gran 2	SD2905	2.15506321566656e-05
MGR_bin154	Towle Glacier 1	SD2906	1.68365493200335e-05
MGR_bin154	Towle Glacier 2	SD2907	5.21823057732833e-06
MGR_bin154	Cliff Nunatak	SD2908	0.790198268866637
MGR_bin154	Benson Glacier	SD2909	0.000367908012228903
MGR_bin154	Spaulding Pond	SD2910	0
MGR_bin154	Flatiron	SD2911	0
MGR_bin154	Pegtop Mountain	SD2912	5.63525656947477e-05
MGR_bin248	Mount Seuss 4	SD2897	4.86562624331956e-06
MGR_bin248	Mount Seuss 5	SD2898	0.000200318578944828
MGR_bin248	Mount Seuss 6	SD2899	5.01005317269633e-06
MGR_bin248	Mount Seuss 7	SD2900	1.75077215617483e-05
MGR_bin248	Mackay Glacier 1	SD2901	1.49240552140296e-05
MGR_bin248	Mackay Glacier 2	SD2902	1.73468937140458e-05
MGR_bin248	Mount Murray	SD2903	9.185155044269e-06
MGR_bin248	Mount Gran 1	SD2904	2.49788653820003e-06
MGR_bin248	Mount Gran 2	SD2905	1.19725734203698e-05
MGR_bin248	Towle Glacier 1	SD2906	1.40304577666946e-05
MGR_bin248	Towle Glacier 2	SD2907	1.82638070206492e-05
MGR_bin248	Cliff Nunatak	SD2908	1.08090820641065
MGR_bin248	Benson Glacier	SD2909	0.000484561772203922
MGR_bin248	Spaulding Pond	SD2910	4.59599672139978e-06
MGR_bin248	Flatiron	SD2911	4.46262517942542e-06
MGR_bin248	Pegtop Mountain	SD2912	4.02518326391055e-05
MGR_bin280	Mount Seuss 4	SD2897	2.43281312165978e-05
MGR_bin280	Mount Seuss 5	SD2898	0.000171356856687744
MGR_bin280	Mount Seuss 6	SD2899	2.75552924498298e-05
MGR_bin280	Mount Seuss 7	SD2900	3.2826977928278e-05
MGR_bin280	Mackay Glacier 1	SD2901	3.7310138035074e-05
MGR_bin280	Mackay Glacier 2	SD2902	3.22156597546564e-05
MGR_bin280	Mount Murray	SD2903	4.13331976992105e-05
MGR_bin280	Mount Gran 1	SD2904	2.24809788438003e-05
MGR_bin280	Mount Gran 2	SD2905	2.87341762088875e-05
MGR_bin280	Towle Glacier 1	SD2906	2.80609155333892e-05
MGR_bin280	Towle Glacier 2	SD2907	2.08729223093133e-05
MGR_bin280	Cliff Nunatak	SD2908	0.960505687441561
MGR_bin280	Benson Glacier	SD2909	0.000471101722976035
MGR_bin280	Spaulding Pond	SD2910	2.52779819676988e-05
MGR_bin280	Flatiron	SD2911	1.78505007177017e-05
MGR_bin280	Pegtop Mountain	SD2912	6.17194767132951e-05
MGR_bin229	Mount Seuss 4	SD2897	0.187436086958278
MGR_bin229	Mount Seuss 5	SD2898	0.0868972341555244
MGR_bin229	Mount Seuss 6	SD2899	0.0276655136196291
MGR_bin229	Mount Seuss 7	SD2900	0.0984678029936628
MGR_bin229	Mackay Glacier 1	SD2901	0.00371857709082904
MGR_bin229	Mackay Glacier 2	SD2902	0.145488397579702
MGR_bin229	Mount Murray	SD2903	0.00139155098920675
MGR_bin229	Mount Gran 1	SD2904	0.0880355131523218
MGR_bin229	Mount Gran 2	SD2905	0.274559842705288
MGR_bin229	Towle Glacier 1	SD2906	0.16617674178873099
MGR_bin229	Towle Glacier 2	SD2907	0.0525945459888923
MGR_bin229	Cliff Nunatak	SD2908	5.60376612534136e-05
MGR_bin229	Benson Glacier	SD2909	0.0239072907702648
MGR_bin229	Spaulding Pond	SD2910	0.00516360231649265
MGR_bin229	Flatiron	SD2911	0.000622536212529847
MGR_bin229	Pegtop Mountain	SD2912	0.0110451028761706
MGR_bin30	Mount Seuss 4	SD2897	0.0157038087003139
MGR_bin30	Mount Seuss 5	SD2898	0.0717599073224888
MGR_bin30	Mount Seuss 6	SD2899	0.259673560967437
MGR_bin30	Mount Seuss 7	SD2900	0.00041799685228674
MGR_bin30	Mackay Glacier 1	SD2901	0.00341263395894144
MGR_bin30	Mackay Glacier 2	SD2902	0.012125478706118
MGR_bin30	Mount Murray	SD2903	0.0501165022102927
MGR_bin30	Mount Gran 1	SD2904	0.000522058286483806
MGR_bin30	Mount Gran 2	SD2905	0.000646518964699969
MGR_bin30	Towle Glacier 1	SD2906	0.00077728736027488
MGR_bin30	Towle Glacier 2	SD2907	0.0536825470642652
MGR_bin30	Cliff Nunatak	SD2908	0.000392263628773896
MGR_bin30	Benson Glacier	SD2909	0.0304982282088533
MGR_bin30	Spaulding Pond	SD2910	0.00129836907379544
MGR_bin30	Flatiron	SD2911	0.00661137920331877
MGR_bin30	Pegtop Mountain	SD2912	0.000211992985232622
MGR_bin115	Mount Seuss 4	SD2897	0.00925685392791546
MGR_bin115	Mount Seuss 5	SD2898	0.00913018294154559
MGR_bin115	Mount Seuss 6	SD2899	0.0125351530380862
MGR_bin115	Mount Seuss 7	SD2900	0.00602484468243663
MGR_bin115	Mackay Glacier 1	SD2901	0.0749212445169643
MGR_bin115	Mackay Glacier 2	SD2902	0.0923598183889266
MGR_bin115	Mount Murray	SD2903	0.0667324476853754
MGR_bin115	Mount Gran 1	SD2904	0.00354699888424404
MGR_bin115	Mount Gran 2	SD2905	0.00590247869624231
MGR_bin115	Towle Glacier 1	SD2906	0.303562984240204
MGR_bin115	Towle Glacier 2	SD2907	0.232104286964276
MGR_bin115	Cliff Nunatak	SD2908	0.000475199367428948
MGR_bin115	Benson Glacier	SD2909	0.0555092430158048
MGR_bin115	Spaulding Pond	SD2910	0.00928621137558825
MGR_bin115	Flatiron	SD2911	0.0018073631976673
MGR_bin115	Pegtop Mountain	SD2912	0.180046447394719
MGR_bin130	Mount Seuss 4	SD2897	0.00463207618364022
MGR_bin130	Mount Seuss 5	SD2898	0.00597576869237824
MGR_bin130	Mount Seuss 6	SD2899	0.00155061145694952
MGR_bin130	Mount Seuss 7	SD2900	0.00133058683869287
MGR_bin130	Mackay Glacier 1	SD2901	2.03117635134211
MGR_bin130	Mackay Glacier 2	SD2902	0.00155874230659068
MGR_bin130	Mount Murray	SD2903	0.0243980680863395
MGR_bin130	Mount Gran 1	SD2904	0.00456363870529145
MGR_bin130	Mount Gran 2	SD2905	0.0129998202198375
MGR_bin130	Towle Glacier 1	SD2906	0.0043045444428219
MGR_bin130	Towle Glacier 2	SD2907	0.00672369009888756
MGR_bin130	Cliff Nunatak	SD2908	0.000719523570493831
MGR_bin130	Benson Glacier	SD2909	0.00246543235024125
MGR_bin130	Spaulding Pond	SD2910	0.000553817604928673
MGR_bin130	Flatiron	SD2911	0.000950539163217615
MGR_bin130	Pegtop Mountain	SD2912	0.00107069874820021
MGR_bin136	Mount Seuss 4	SD2897	0.00140859879744101
MGR_bin136	Mount Seuss 5	SD2898	0.00383984167591833
MGR_bin136	Mount Seuss 6	SD2899	0.000200402126907853
MGR_bin136	Mount Seuss 7	SD2900	0.00159539112731431
MGR_bin136	Mackay Glacier 1	SD2901	0.0251868305162106
MGR_bin136	Mackay Glacier 2	SD2902	0.0820111572246616
MGR_bin136	Mount Murray	SD2903	0.0041861344114256
MGR_bin136	Mount Gran 1	SD2904	0.000634463180702807
MGR_bin136	Mount Gran 2	SD2905	0.000533976774548493
MGR_bin136	Towle Glacier 1	SD2906	0.170004250667485
MGR_bin136	Towle Glacier 2	SD2907	0.0174132354365446
MGR_bin136	Cliff Nunatak	SD2908	0.000349675006221301
MGR_bin136	Benson Glacier	SD2909	0.0144516061876744
MGR_bin136	Spaulding Pond	SD2910	6.66419524602968e-05
MGR_bin136	Flatiron	SD2911	0.000272220135944951
MGR_bin136	Pegtop Mountain	SD2912	0.127804935540179
MGR_bin251	Mount Seuss 4	SD2897	0.00033329539766739
MGR_bin251	Mount Seuss 5	SD2898	0.000844716899164937
MGR_bin251	Mount Seuss 6	SD2899	0.000207917206666898
MGR_bin251	Mount Seuss 7	SD2900	0.00014881563327486
MGR_bin251	Mackay Glacier 1	SD2901	0.330035531688122
MGR_bin251	Mackay Glacier 2	SD2902	0.000401456683096488
MGR_bin251	Mount Murray	SD2903	0.081711139273817
MGR_bin251	Mount Gran 1	SD2904	0.000659442046084808
MGR_bin251	Mount Gran 2	SD2905	0.00222210962682063
MGR_bin251	Towle Glacier 1	SD2906	0.000707135071441407
MGR_bin251	Towle Glacier 2	SD2907	0.00133586702779605
MGR_bin251	Cliff Nunatak	SD2908	0.000430369238426217
MGR_bin251	Benson Glacier	SD2909	0.000370151353766885
MGR_bin251	Spaulding Pond	SD2910	6.89399508209967e-05
MGR_bin251	Flatiron	SD2911	8.70211909987958e-05
MGR_bin251	Pegtop Mountain	SD2912	0.000185158430139885
MGR_bin252	Mount Seuss 4	SD2897	0.125092817902624
MGR_bin252	Mount Seuss 5	SD2898	0.0100473041463532
MGR_bin252	Mount Seuss 6	SD2899	0.000338178589157002
MGR_bin252	Mount Seuss 7	SD2900	0.00155599875380038
MGR_bin252	Mackay Glacier 1	SD2901	0.00104468386498207
MGR_bin252	Mackay Glacier 2	SD2902	0.0011151574530458
MGR_bin252	Mount Murray	SD2903	0.0027624353795639
MGR_bin252	Mount Gran 1	SD2904	0.0587452956053883
MGR_bin252	Mount Gran 2	SD2905	0.00982708826343952
MGR_bin252	Towle Glacier 1	SD2906	0.00592365926909846
MGR_bin252	Towle Glacier 2	SD2907	0.0731256741953906
MGR_bin252	Cliff Nunatak	SD2908	0.000260014748215839
MGR_bin252	Benson Glacier	SD2909	0.000791899562907335
MGR_bin252	Spaulding Pond	SD2910	0.000117197916395694
MGR_bin252	Flatiron	SD2911	0.000254369635227249
MGR_bin252	Pegtop Mountain	SD2912	0.000971410894357079
MGR_bin265	Mount Seuss 4	SD2897	0.211506339983979
MGR_bin265	Mount Seuss 5	SD2898	0.03699135975286
MGR_bin265	Mount Seuss 6	SD2899	0.00338178589157002
MGR_bin265	Mount Seuss 7	SD2900	0.1374465565857
MGR_bin265	Mackay Glacier 1	SD2901	0.0014103232177258
MGR_bin265	Mackay Glacier 2	SD2902	0.00978860431006869
MGR_bin265	Mount Murray	SD2903	0.00191051224920795
MGR_bin265	Mount Gran 1	SD2904	0.233594855392852
MGR_bin265	Mount Gran 2	SD2905	0.0025190294476458
MGR_bin265	Towle Glacier 1	SD2906	0.482097753229839
MGR_bin265	Towle Glacier 2	SD2907	0.353869088370944
MGR_bin265	Cliff Nunatak	SD2908	0.000217426125663245
MGR_bin265	Benson Glacier	SD2909	0.00607048220177691
MGR_bin265	Spaulding Pond	SD2910	0.0019762785902019
MGR_bin265	Flatiron	SD2911	0.0057054662918954
MGR_bin265	Pegtop Mountain	SD2912	0.110579834626151
MGR_bin300	Mount Seuss 4	SD2897	0.0290064308495495
MGR_bin300	Mount Seuss 5	SD2898	0.0328546604238065
MGR_bin300	Mount Seuss 6	SD2899	0.00542588758603013
MGR_bin300	Mount Seuss 7	SD2900	0.00135903688623071
MGR_bin300	Mackay Glacier 1	SD2901	0.00295496293237786
MGR_bin300	Mackay Glacier 2	SD2902	0.0020964960117261
MGR_bin300	Mount Murray	SD2903	0.00584635118567722
MGR_bin300	Mount Gran 1	SD2904	0.0216142122150449
MGR_bin300	Mount Gran 2	SD2905	0.0954693004540287
MGR_bin300	Towle Glacier 1	SD2906	0.0382077425902627
MGR_bin300	Towle Glacier 2	SD2907	0.0620212795268359
MGR_bin300	Cliff Nunatak	SD2908	0.000378814590073076
MGR_bin300	Benson Glacier	SD2909	0.00799751258290269
MGR_bin300	Spaulding Pond	SD2910	0.000234395832791389
MGR_bin300	Flatiron	SD2911	0.00041948676686599
MGR_bin300	Pegtop Mountain	SD2912	0.000762101364633731
MGR_bin394	Mount Seuss 4	SD2897	-
MGR_bin394	Mount Seuss 5	SD2898	-
MGR_bin394	Mount Seuss 6	SD2899	-
MGR_bin394	Mount Seuss 7	SD2900	-
MGR_bin394	Mackay Glacier 1	SD2901	-
MGR_bin394	Mackay Glacier 2	SD2902	-
MGR_bin394	Mount Murray	SD2903	-
MGR_bin394	Mount Gran 1	SD2904	-
MGR_bin394	Mount Gran 2	SD2905	-
MGR_bin394	Towle Glacier 1	SD2906	0.595447015435412
MGR_bin394	Towle Glacier 2	SD2907	-
MGR_bin394	Cliff Nunatak	SD2908	-
MGR_bin394	Benson Glacier	SD2909	-
MGR_bin394	Spaulding Pond	SD2910	-
MGR_bin394	Flatiron	SD2911	-
MGR_bin394	Pegtop Mountain	SD2912	-
MGR_bin7	Mount Seuss 4	SD2897	0.0583412914705231
MGR_bin7	Mount Seuss 5	SD2898	0.0106386059757687
MGR_bin7	Mount Seuss 6	SD2899	0.0176930027793771
MGR_bin7	Mount Seuss 7	SD2900	0.185124459328731
MGR_bin7	Mackay Glacier 1	SD2901	0.000184063347639698
MGR_bin7	Mackay Glacier 2	SD2902	0.00730799850896014
MGR_bin7	Mount Murray	SD2903	0.000243406608673129
MGR_bin7	Mount Gran 1	SD2904	0.000397163959573805
MGR_bin7	Mount Gran 2	SD2905	0.00048369196618294
MGR_bin7	Towle Glacier 1	SD2906	0.00124590464968248
MGR_bin7	Towle Glacier 2	SD2907	0.00585485470776239
MGR_bin7	Cliff Nunatak	SD2908	0
MGR_bin7	Benson Glacier	SD2909	0.00355120965462411
MGR_bin7	Spaulding Pond	SD2910	0.135287759491124
MGR_bin7	Flatiron	SD2911	0.0177880239651897
MGR_bin7	Pegtop Mountain	SD2912	0.00200722472093673
MGR_bin89	Mount Seuss 4	SD2897	0.0363291983457455
MGR_bin89	Mount Seuss 5	SD2898	0.00847613071390645
MGR_bin89	Mount Seuss 6	SD2899	0.00718942630281924
MGR_bin89	Mount Seuss 7	SD2900	0.314583117951884
MGR_bin89	Mackay Glacier 1	SD2901	0.000191525375246713
MGR_bin89	Mackay Glacier 2	SD2902	0.0861545866946451
MGR_bin89	Mount Murray	SD2903	0.000192888255929649
MGR_bin89	Mount Gran 1	SD2904	0.00792329609917049
MGR_bin89	Mount Gran 2	SD2905	0.000651307994068117
MGR_bin89	Towle Glacier 1	SD2906	0.0727872088020582
MGR_bin89	Towle Glacier 2	SD2907	0.744498002043877
MGR_bin89	Cliff Nunatak	SD2908	2.24150645013655e-05
MGR_bin89	Benson Glacier	SD2909	0.0276424544310033
MGR_bin89	Spaulding Pond	SD2910	0.247627707352299
MGR_bin89	Flatiron	SD2911	0.154230557513532
MGR_bin89	Pegtop Mountain	SD2912	0.0709264125656132
MGR_bin182	Mount Seuss 4	SD2897	0.0390953068650726
MGR_bin182	Mount Seuss 5	SD2898	0.0229063088284983
MGR_bin182	Mount Seuss 6	SD2899	0.00020541218008055
MGR_bin182	Mount Seuss 7	SD2900	0.0278263349572037
MGR_bin182	Mackay Glacier 1	SD2901	0.000445234313885217
MGR_bin182	Mackay Glacier 2	SD2902	0.0100835015032075
MGR_bin182	Mount Murray	SD2903	0.000376591356815029
MGR_bin182	Mount Gran 1	SD2904	0.0375032684845352
MGR_bin182	Mount Gran 2	SD2905	0.00900816424148623
MGR_bin182	Towle Glacier 1	SD2906	0.270442685636145
MGR_bin182	Towle Glacier 2	SD2907	0.0305970949901647
MGR_bin182	Cliff Nunatak	SD2908	2.91395838517751e-05
MGR_bin182	Benson Glacier	SD2909	0.00301056434397066
MGR_bin182	Spaulding Pond	SD2910	0.000170051878691792
MGR_bin182	Flatiron	SD2911	0.000390479703199725
MGR_bin182	Pegtop Mountain	SD2912	0.0906927458469232
MGR_bin190	Mount Seuss 4	SD2897	0.00141103161056267
MGR_bin190	Mount Seuss 5	SD2898	0.00393638075010861
MGR_bin190	Mount Seuss 6	SD2899	0.00122996805389695
MGR_bin190	Mount Seuss 7	SD2900	0.00268305832933793
MGR_bin190	Mackay Glacier 1	SD2901	0.000251221596102832
MGR_bin190	Mackay Glacier 2	SD2902	0.00045101923656519
MGR_bin190	Mount Murray	SD2903	0.000466146618496652
MGR_bin190	Mount Gran 1	SD2904	0.000791830032609409
MGR_bin190	Mount Gran 2	SD2905	0.000488480995551088
MGR_bin190	Towle Glacier 1	SD2906	0.00102983560007538
MGR_bin190	Towle Glacier 2	SD2907	0.0024029951808597
MGR_bin190	Cliff Nunatak	SD2908	3.13810903019116e-05
MGR_bin190	Benson Glacier	SD2909	0.000836766393666957
MGR_bin190	Spaulding Pond	SD2910	0.00761326856899873
MGR_bin190	Flatiron	SD2911	0.292007415990523
MGR_bin190	Pegtop Mountain	SD2912	0.000748684087087362
MGR_bin214	Mount Seuss 4	SD2897	0.00736655813238581
MGR_bin214	Mount Seuss 5	SD2898	0.0434498238161896
MGR_bin214	Mount Seuss 6	SD2899	0.000160321701526283
MGR_bin214	Mount Seuss 7	SD2900	0.00277716233273232
MGR_bin214	Mackay Glacier 1	SD2901	0.0209011393272485
MGR_bin214	Mackay Glacier 2	SD2902	0.31684349181472
MGR_bin214	Mount Murray	SD2903	0.000571775901505745
MGR_bin214	Mount Gran 1	SD2904	0.00194835149979602
MGR_bin214	Mount Gran 2	SD2905	0.000186772145357769
MGR_bin214	Towle Glacier 1	SD2906	0.155342422301289
MGR_bin214	Towle Glacier 2	SD2907	0.0230202241918839
MGR_bin214	Cliff Nunatak	SD2908	1.79320516010924e-05
MGR_bin214	Benson Glacier	SD2909	0.0187992020882818
MGR_bin214	Spaulding Pond	SD2910	0.00168443279839302
MGR_bin214	Flatiron	SD2911	0.000522127145992775
MGR_bin214	Pegtop Mountain	SD2912	0.0146328828920695
MGR_bin278	Mount Seuss 4	SD2897	0.0318430909494048
MGR_bin278	Mount Seuss 5	SD2898	0.0132837766085823
MGR_bin278	Mount Seuss 6	SD2899	0.0332867932793944
MGR_bin278	Mount Seuss 7	SD2900	0.0734405150211436
MGR_bin278	Mackay Glacier 1	SD2901	3.97974805707456e-05
MGR_bin278	Mackay Glacier 2	SD2902	0.000666616344154045
MGR_bin278	Mount Murray	SD2903	0.000140073614425102
MGR_bin278	Mount Gran 1	SD2904	0.00119398976525961
MGR_bin278	Mount Gran 2	SD2905	0.00167137124948362
MGR_bin278	Towle Glacier 1	SD2906	0.00134973003715602
MGR_bin278	Towle Glacier 2	SD2907	0.101270200814211
MGR_bin278	Cliff Nunatak	SD2908	2.24150645013655e-06
MGR_bin278	Benson Glacier	SD2909	0.00885446905041147
MGR_bin278	Spaulding Pond	SD2910	0.0142659738232249
MGR_bin278	Flatiron	SD2911	0.0759761936797178
MGR_bin278	Pegtop Mountain	SD2912	0.000568892567966024
MGR_bin285	Mount Seuss 4	SD2897	0.0338282664566792
MGR_bin285	Mount Seuss 5	SD2898	0.0155234831297968
MGR_bin285	Mount Seuss 6	SD2899	0.000147796568594542
MGR_bin285	Mount Seuss 7	SD2900	0.014730559229016
MGR_bin285	Mackay Glacier 1	SD2901	0.00383050750493427
MGR_bin285	Mackay Glacier 2	SD2902	0.00588059696906152
MGR_bin285	Mount Murray	SD2903	0.0014305878981449
MGR_bin285	Mount Gran 1	SD2904	0.0453816026260181
MGR_bin285	Mount Gran 2	SD2905	0.00910873385821734
MGR_bin285	Towle Glacier 1	SD2906	0.151775879936995
MGR_bin285	Towle Glacier 2	SD2907	0.0964015916855636
MGR_bin285	Cliff Nunatak	SD2908	4.03471161024578e-05
MGR_bin285	Benson Glacier	SD2909	0.00277725682402062
MGR_bin285	Spaulding Pond	SD2910	0.000153965890166893
MGR_bin285	Flatiron	SD2911	0.000256600947816962
MGR_bin285	Pegtop Mountain	SD2912	0.0142518322097526
MGR_bin338	Mount Seuss 4	SD2897	-
MGR_bin338	Mount Seuss 5	SD2898	-
MGR_bin338	Mount Seuss 6	SD2899	-
MGR_bin338	Mount Seuss 7	SD2900	0.510560176183704
MGR_bin338	Mackay Glacier 1	SD2901	-
MGR_bin338	Mackay Glacier 2	SD2902	-
MGR_bin338	Mount Murray	SD2903	-
MGR_bin338	Mount Gran 1	SD2904	-
MGR_bin338	Mount Gran 2	SD2905	-
MGR_bin338	Towle Glacier 1	SD2906	-
MGR_bin338	Towle Glacier 2	SD2907	-
MGR_bin338	Cliff Nunatak	SD2908	-
MGR_bin338	Benson Glacier	SD2909	-
MGR_bin338	Spaulding Pond	SD2910	-
MGR_bin338	Flatiron	SD2911	-
MGR_bin338	Pegtop Mountain	SD2912	-
MGR_bin398	Mount Seuss 4	SD2897	-
MGR_bin398	Mount Seuss 5	SD2898	-
MGR_bin398	Mount Seuss 6	SD2899	-
MGR_bin398	Mount Seuss 7	SD2900	-
MGR_bin398	Mackay Glacier 1	SD2901	-
MGR_bin398	Mackay Glacier 2	SD2902	-
MGR_bin398	Mount Murray	SD2903	-
MGR_bin398	Mount Gran 1	SD2904	-
MGR_bin398	Mount Gran 2	SD2905	-
MGR_bin398	Towle Glacier 1	SD2906	-
MGR_bin398	Towle Glacier 2	SD2907	1.01017638454268
MGR_bin398	Cliff Nunatak	SD2908	-
MGR_bin398	Benson Glacier	SD2909	-
MGR_bin398	Spaulding Pond	SD2910	-
MGR_bin398	Flatiron	SD2911	-
MGR_bin398	Pegtop Mountain	SD2912	-
MGR_bin437	Mount Seuss 4	SD2897	-
MGR_bin437	Mount Seuss 5	SD2898	-
MGR_bin437	Mount Seuss 6	SD2899	-
MGR_bin437	Mount Seuss 7	SD2900	-
MGR_bin437	Mackay Glacier 1	SD2901	-
MGR_bin437	Mackay Glacier 2	SD2902	-
MGR_bin437	Mount Murray	SD2903	-
MGR_bin437	Mount Gran 1	SD2904	-
MGR_bin437	Mount Gran 2	SD2905	-
MGR_bin437	Towle Glacier 1	SD2906	-
MGR_bin437	Towle Glacier 2	SD2907	-
MGR_bin437	Cliff Nunatak	SD2908	-
MGR_bin437	Benson Glacier	SD2909	-
MGR_bin437	Spaulding Pond	SD2910	0.215248910450037
MGR_bin437	Flatiron	SD2911	-
MGR_bin437	Pegtop Mountain	SD2912	-
MGR_bin438	Mount Seuss 4	SD2897	-
MGR_bin438	Mount Seuss 5	SD2898	-
MGR_bin438	Mount Seuss 6	SD2899	-
MGR_bin438	Mount Seuss 7	SD2900	-
MGR_bin438	Mackay Glacier 1	SD2901	-
MGR_bin438	Mackay Glacier 2	SD2902	-
MGR_bin438	Mount Murray	SD2903	-
MGR_bin438	Mount Gran 1	SD2904	-
MGR_bin438	Mount Gran 2	SD2905	-
MGR_bin438	Towle Glacier 1	SD2906	-
MGR_bin438	Towle Glacier 2	SD2907	-
MGR_bin438	Cliff Nunatak	SD2908	-
MGR_bin438	Benson Glacier	SD2909	-
MGR_bin438	Spaulding Pond	SD2910	0.353969879492047
MGR_bin438	Flatiron	SD2911	-
MGR_bin438	Pegtop Mountain	SD2912	-
MGR_bin249	Mount Seuss 4	SD2897	0.775298616863025
MGR_bin249	Mount Seuss 5	SD2898	0.254677318144519
MGR_bin249	Mount Seuss 6	SD2899	0.000365733881606832
MGR_bin249	Mount Seuss 7	SD2900	0.11586172436526
MGR_bin249	Mackay Glacier 1	SD2901	0.00197992465839459
MGR_bin249	Mackay Glacier 2	SD2902	0.0135850959057713
MGR_bin249	Mount Murray	SD2903	0.00468213278381612
MGR_bin249	Mount Gran 1	SD2904	1.46836511627512
MGR_bin249	Mount Gran 2	SD2905	0.0832931932855126
MGR_bin249	Towle Glacier 1	SD2906	0.377587679417285
MGR_bin249	Towle Glacier 2	SD2907	0.102963516636554
MGR_bin249	Cliff Nunatak	SD2908	0.000156905451509558
MGR_bin249	Benson Glacier	SD2909	0.00324835854699666
MGR_bin249	Spaulding Pond	SD2910	0.000905411354115756
MGR_bin249	Flatiron	SD2911	0.000399404953558575
MGR_bin249	Pegtop Mountain	SD2912	0.0086729282059726
MGR_bin164	Mount Seuss 4	SD2897	0.370933449472588
MGR_bin164	Mount Seuss 5	SD2898	0.0950330646329102
MGR_bin164	Mount Seuss 6	SD2899	0.00275552924498298
MGR_bin164	Mount Seuss 7	SD2900	0.0915216144640392
MGR_bin164	Mackay Glacier 1	SD2901	0.000539753330240737
MGR_bin164	Mackay Glacier 2	SD2902	0.00233191814070244
MGR_bin164	Mount Murray	SD2903	0.00203910441982772
MGR_bin164	Mount Gran 1	SD2904	0.016633426457874
MGR_bin164	Mount Gran 2	SD2905	0.00764329087156408
MGR_bin164	Towle Glacier 1	SD2906	0.00903561480175132
MGR_bin164	Towle Glacier 2	SD2907	0.0100007389014498
MGR_bin164	Cliff Nunatak	SD2908	5.37961548032771e-05
MGR_bin164	Benson Glacier	SD2909	0.00170718291040363
MGR_bin164	Spaulding Pond	SD2910	0.00187976265905251
MGR_bin164	Flatiron	SD2911	0.00297210836949733
MGR_bin164	Pegtop Mountain	SD2912	0.00141954796440579
MGR_bin288	Mount Seuss 4	SD2897	0.0485784124133024
MGR_bin288	Mount Seuss 5	SD2898	0.0206641888304291
MGR_bin288	Mount Seuss 6	SD2899	0.00111724185751128
MGR_bin288	Mount Seuss 7	SD2900	0.0116732733512957
MGR_bin288	Mackay Glacier 1	SD2901	0.000116905099176565
MGR_bin288	Mackay Glacier 2	SD2902	0.000379153534035572
MGR_bin288	Mount Murray	SD2903	0.00048451692858519
MGR_bin288	Mount Gran 1	SD2904	0.255026721890608
MGR_bin288	Mount Gran 2	SD2905	0.00135529531118586
MGR_bin288	Towle Glacier 1	SD2906	0.011392731706556
MGR_bin288	Towle Glacier 2	SD2907	0.00393715497059423
MGR_bin288	Cliff Nunatak	SD2908	8.96602580054618e-06
MGR_bin288	Benson Glacier	SD2909	0.000417261526064488
MGR_bin288	Spaulding Pond	SD2910	0.000475685660664877
MGR_bin288	Flatiron	SD2911	0.00194570457822948
MGR_bin288	Pegtop Mountain	SD2912	0.000238827540325359
MGR_bin295	Mount Seuss 4	SD2897	0.169457597989212
MGR_bin295	Mount Seuss 5	SD2898	0.0796254283921417
MGR_bin295	Mount Seuss 6	SD2899	0.0113402553563981
MGR_bin295	Mount Seuss 7	SD2900	0.109769037261771
MGR_bin295	Mackay Glacier 1	SD2901	0.0113671553880192
MGR_bin295	Mackay Glacier 2	SD2902	0.012546760410602
MGR_bin295	Mount Murray	SD2903	0.000636071986815628
MGR_bin295	Mount Gran 1	SD2904	0.336260489999411
MGR_bin295	Mount Gran 2	SD2905	0.110700808359423
MGR_bin295	Towle Glacier 1	SD2906	0.321286258491093
MGR_bin295	Towle Glacier 2	SD2907	0.244291464477626
MGR_bin295	Cliff Nunatak	SD2908	3.58641032021847e-05
MGR_bin295	Benson Glacier	SD2909	0.0043004857283098
MGR_bin295	Spaulding Pond	SD2910	0.00506019239026116
MGR_bin295	Flatiron	SD2911	0.00240758628430002
MGR_bin295	Pegtop Mountain	SD2912	0.0144799259280409
MGR_bin319	Mount Seuss 4	SD2897	-
MGR_bin319	Mount Seuss 5	SD2898	-
MGR_bin319	Mount Seuss 6	SD2899	0.35783302775349
MGR_bin319	Mount Seuss 7	SD2900	-
MGR_bin319	Mackay Glacier 1	SD2901	-
MGR_bin319	Mackay Glacier 2	SD2902	-
MGR_bin319	Mount Murray	SD2903	-
MGR_bin319	Mount Gran 1	SD2904	-
MGR_bin319	Mount Gran 2	SD2905	-
MGR_bin319	Towle Glacier 1	SD2906	-
MGR_bin319	Towle Glacier 2	SD2907	-
MGR_bin319	Cliff Nunatak	SD2908	-
MGR_bin319	Benson Glacier	SD2909	-
MGR_bin319	Spaulding Pond	SD2910	-
MGR_bin319	Flatiron	SD2911	-
MGR_bin319	Pegtop Mountain	SD2912	-
MGR_bin359	Mount Seuss 4	SD2897	-
MGR_bin359	Mount Seuss 5	SD2898	-
MGR_bin359	Mount Seuss 6	SD2899	-
MGR_bin359	Mount Seuss 7	SD2900	-
MGR_bin359	Mackay Glacier 1	SD2901	-
MGR_bin359	Mackay Glacier 2	SD2902	-
MGR_bin359	Mount Murray	SD2903	0.599974327491651
MGR_bin359	Mount Gran 1	SD2904	-
MGR_bin359	Mount Gran 2	SD2905	-
MGR_bin359	Towle Glacier 1	SD2906	-
MGR_bin359	Towle Glacier 2	SD2907	-
MGR_bin359	Cliff Nunatak	SD2908	-
MGR_bin359	Benson Glacier	SD2909	-
MGR_bin359	Spaulding Pond	SD2910	-
MGR_bin359	Flatiron	SD2911	-
MGR_bin359	Pegtop Mountain	SD2912	-
MGR_bin376	Mount Seuss 4	SD2897	-
MGR_bin376	Mount Seuss 5	SD2898	-
MGR_bin376	Mount Seuss 6	SD2899	-
MGR_bin376	Mount Seuss 7	SD2900	-
MGR_bin376	Mackay Glacier 1	SD2901	-
MGR_bin376	Mackay Glacier 2	SD2902	-
MGR_bin376	Mount Murray	SD2903	-
MGR_bin376	Mount Gran 1	SD2904	0.275801644228818
MGR_bin376	Mount Gran 2	SD2905	-
MGR_bin376	Towle Glacier 1	SD2906	-
MGR_bin376	Towle Glacier 2	SD2907	-
MGR_bin376	Cliff Nunatak	SD2908	-
MGR_bin376	Benson Glacier	SD2909	-
MGR_bin376	Spaulding Pond	SD2910	-
MGR_bin376	Flatiron	SD2911	-
MGR_bin376	Pegtop Mountain	SD2912	-
MGR_bin446	Mount Seuss 4	SD2897	-
MGR_bin446	Mount Seuss 5	SD2898	-
MGR_bin446	Mount Seuss 6	SD2899	-
MGR_bin446	Mount Seuss 7	SD2900	-
MGR_bin446	Mackay Glacier 1	SD2901	-
MGR_bin446	Mackay Glacier 2	SD2902	-
MGR_bin446	Mount Murray	SD2903	-
MGR_bin446	Mount Gran 1	SD2904	-
MGR_bin446	Mount Gran 2	SD2905	-
MGR_bin446	Towle Glacier 1	SD2906	-
MGR_bin446	Towle Glacier 2	SD2907	-
MGR_bin446	Cliff Nunatak	SD2908	-
MGR_bin446	Benson Glacier	SD2909	-
MGR_bin446	Spaulding Pond	SD2910	-
MGR_bin446	Flatiron	SD2911	0.647250230773505
MGR_bin446	Pegtop Mountain	SD2912	-
MGR_bin123	Mount Seuss 4	SD2897	0.00901600542887114
MGR_bin123	Mount Seuss 5	SD2898	0.00309407732779843
MGR_bin123	Mount Seuss 6	SD2899	0.00351455230064648
MGR_bin123	Mount Seuss 7	SD2900	0.00401583363322601
MGR_bin123	Mackay Glacier 1	SD2901	0.00187545627189639
MGR_bin123	Mackay Glacier 2	SD2902	0.0144450062084533
MGR_bin123	Mount Murray	SD2903	0.00107007056265734
MGR_bin123	Mount Gran 1	SD2904	0.0222661606015151
MGR_bin123	Mount Gran 2	SD2905	0.000395094922872203
MGR_bin123	Towle Glacier 1	SD2906	0.00256757377130511
MGR_bin123	Towle Glacier 2	SD2907	0.00154720536617785
MGR_bin123	Cliff Nunatak	SD2908	0.000553652093183727
MGR_bin123	Benson Glacier	SD2909	0.00272565996864706
MGR_bin123	Spaulding Pond	SD2910	0.0126366929854887
MGR_bin123	Flatiron	SD2911	0.0204142788832816
MGR_bin123	Pegtop Mountain	SD2912	2.42051980465303
MGR_bin409	Mount Seuss 4	SD2897	-
MGR_bin409	Mount Seuss 5	SD2898	-
MGR_bin409	Mount Seuss 6	SD2899	-
MGR_bin409	Mount Seuss 7	SD2900	-
MGR_bin409	Mackay Glacier 1	SD2901	-
MGR_bin409	Mackay Glacier 2	SD2902	-
MGR_bin409	Mount Murray	SD2903	-
MGR_bin409	Mount Gran 1	SD2904	-
MGR_bin409	Mount Gran 2	SD2905	-
MGR_bin409	Towle Glacier 1	SD2906	-
MGR_bin409	Towle Glacier 2	SD2907	-
MGR_bin409	Cliff Nunatak	SD2908	0.475746295002781
MGR_bin409	Benson Glacier	SD2909	-
MGR_bin409	Spaulding Pond	SD2910	-
MGR_bin409	Flatiron	SD2911	-
MGR_bin409	Pegtop Mountain	SD2912	-
MGR_bin147	Mount Seuss 4	SD2897	8.7581272379752e-05
MGR_bin147	Mount Seuss 5	SD2898	0.000137568180721147
MGR_bin147	Mount Seuss 6	SD2899	0.000140281488835497
MGR_bin147	Mount Seuss 7	SD2900	0.000223223449912291
MGR_bin147	Mackay Glacier 1	SD2901	7.21329335344764e-05
MGR_bin147	Mackay Glacier 2	SD2902	5.20406811421373e-05
MGR_bin147	Mount Murray	SD2903	4.36294864602778e-05
MGR_bin147	Mount Gran 1	SD2904	0.000124894326910001
MGR_bin147	Mount Gran 2	SD2905	6.94409258381448e-05
MGR_bin147	Towle Glacier 1	SD2906	6.45401057267951e-05
MGR_bin147	Towle Glacier 2	SD2907	0.000224383914825118
MGR_bin147	Cliff Nunatak	SD2908	3.13810903019116e-05
MGR_bin147	Benson Glacier	SD2909	7.40302707533769e-05
MGR_bin147	Spaulding Pond	SD2910	0.00308621179841995
MGR_bin147	Flatiron	SD2911	1.38553132126952
MGR_bin147	Pegtop Mountain	SD2912	0.00066013005528133
MGR_bin426	Mount Seuss 4	SD2897	-
MGR_bin426	Mount Seuss 5	SD2898	-
MGR_bin426	Mount Seuss 6	SD2899	-
MGR_bin426	Mount Seuss 7	SD2900	-
MGR_bin426	Mackay Glacier 1	SD2901	-
MGR_bin426	Mackay Glacier 2	SD2902	-
MGR_bin426	Mount Murray	SD2903	-
MGR_bin426	Mount Gran 1	SD2904	-
MGR_bin426	Mount Gran 2	SD2905	-
MGR_bin426	Towle Glacier 1	SD2906	-
MGR_bin426	Towle Glacier 2	SD2907	-
MGR_bin426	Cliff Nunatak	SD2908	-
MGR_bin426	Benson Glacier	SD2909	0.602985528652407
MGR_bin426	Spaulding Pond	SD2910	-
MGR_bin426	Flatiron	SD2911	-
MGR_bin426	Pegtop Mountain	SD2912	-
MGR_bin304	Mount Seuss 4	SD2897	0.000262743817139256
MGR_bin304	Mount Seuss 5	SD2898	0.0744774822609451
MGR_bin304	Mount Seuss 6	SD2899	0.00103207095357544
MGR_bin304	Mount Seuss 7	SD2900	2.18846519521854e-05
MGR_bin304	Mackay Glacier 1	SD2901	0.000278582363995219
MGR_bin304	Mackay Glacier 2	SD2902	9.91251069374044e-06
MGR_bin304	Mount Murray	SD2903	0.0511452395752509
MGR_bin304	Mount Gran 1	SD2904	0.000127392213448201
MGR_bin304	Mount Gran 2	SD2905	0.0433047980614775
MGR_bin304	Towle Glacier 1	SD2906	0.000112243662133557
MGR_bin304	Towle Glacier 2	SD2907	4.43549599072908e-05
MGR_bin304	Cliff Nunatak	SD2908	8.96602580054618e-06
MGR_bin304	Benson Glacier	SD2909	0.000556348701419317
MGR_bin304	Spaulding Pond	SD2910	1.83839868855991e-05
MGR_bin304	Flatiron	SD2911	4.46262517942542e-06
MGR_bin304	Pegtop Mountain	SD2912	1.87841885649159e-05
MGR_bin384	Mount Seuss 4	SD2897	-
MGR_bin384	Mount Seuss 5	SD2898	-
MGR_bin384	Mount Seuss 6	SD2899	-
MGR_bin384	Mount Seuss 7	SD2900	-
MGR_bin384	Mackay Glacier 1	SD2901	-
MGR_bin384	Mackay Glacier 2	SD2902	-
MGR_bin384	Mount Murray	SD2903	-
MGR_bin384	Mount Gran 1	SD2904	-
MGR_bin384	Mount Gran 2	SD2905	0.271286541132159
MGR_bin384	Towle Glacier 1	SD2906	-
MGR_bin384	Towle Glacier 2	SD2907	-
MGR_bin384	Cliff Nunatak	SD2908	-
MGR_bin384	Benson Glacier	SD2909	-
MGR_bin384	Spaulding Pond	SD2910	-
MGR_bin384	Flatiron	SD2911	-
MGR_bin384	Pegtop Mountain	SD2912	-
MGR_bin145	Mount Seuss 4	SD2897	1.94625049732782e-05
MGR_bin145	Mount Seuss 5	SD2898	5.30964908046532e-05
MGR_bin145	Mount Seuss 6	SD2899	0.000182866940803416
MGR_bin145	Mount Seuss 7	SD2900	0.000100669398980053
MGR_bin145	Mackay Glacier 1	SD2901	6.46709059274616e-05
MGR_bin145	Mackay Glacier 2	SD2902	2.97375320812213e-05
MGR_bin145	Mount Murray	SD2903	4.82220639824123e-05
MGR_bin145	Mount Gran 1	SD2904	2.74767519202003e-05
MGR_bin145	Mount Gran 2	SD2905	4.78902936814792e-05
MGR_bin145	Towle Glacier 1	SD2906	1.68365493200335e-05
MGR_bin145	Towle Glacier 2	SD2907	2.34820375979775e-05
MGR_bin145	Cliff Nunatak	SD2908	1.56905451509558e-05
MGR_bin145	Benson Glacier	SD2909	4.71101722976035e-05
MGR_bin145	Spaulding Pond	SD2910	0.0143211257838817
MGR_bin145	Flatiron	SD2911	0.486635887940804
MGR_bin145	Pegtop Mountain	SD2912	0.000126122408935864
MGR_bin184	Mount Seuss 4	SD2897	0.0105438120692735
MGR_bin184	Mount Seuss 5	SD2898	0.0193488439445866
MGR_bin184	Mount Seuss 6	SD2899	0.188851449318202
MGR_bin184	Mount Seuss 7	SD2900	0.0906921861550514
MGR_bin184	Mackay Glacier 1	SD2901	1.98987402853728e-05
MGR_bin184	Mackay Glacier 2	SD2902	0.00128367013483939
MGR_bin184	Mount Murray	SD2903	4.5925775221345e-06
MGR_bin184	Mount Gran 1	SD2904	0.00116151724026301
MGR_bin184	Mount Gran 2	SD2905	2.63396615248135e-05
MGR_bin184	Towle Glacier 1	SD2906	2.52548239800503e-05
MGR_bin184	Towle Glacier 2	SD2907	2.60911528866417e-05
MGR_bin184	Cliff Nunatak	SD2908	8.96602580054618e-06
MGR_bin184	Benson Glacier	SD2909	0.00411877506373333
MGR_bin184	Spaulding Pond	SD2910	0.342047863996736
MGR_bin184	Flatiron	SD2911	0.0822573386197591
MGR_bin184	Pegtop Mountain	SD2912	7.51367542596636e-05
MGR_bin187	Mount Seuss 4	SD2897	0.126783623022178
MGR_bin187	Mount Seuss 5	SD2898	0.0828908625766279
MGR_bin187	Mount Seuss 6	SD2899	0.00200903132225123
MGR_bin187	Mount Seuss 7	SD2900	0.00808200196594205
MGR_bin187	Mackay Glacier 1	SD2901	0.000179088662568355
MGR_bin187	Mackay Glacier 2	SD2902	0.0150124974456699
MGR_bin187	Mount Murray	SD2903	0.000149258769469371
MGR_bin187	Mount Gran 1	SD2904	0.00239797107667203
MGR_bin187	Mount Gran 2	SD2905	0.0422392390270646
MGR_bin187	Towle Glacier 1	SD2906	0.121958351091216
MGR_bin187	Towle Glacier 2	SD2907	0.00607662950729884
MGR_bin187	Cliff Nunatak	SD2908	1.56905451509558e-05
MGR_bin187	Benson Glacier	SD2909	0.00916180684111489
MGR_bin187	Spaulding Pond	SD2910	2.52779819676988e-05
MGR_bin187	Flatiron	SD2911	6.47080651016686e-05
MGR_bin187	Pegtop Mountain	SD2912	0.00751099197045709
MGR_bin289	Mount Seuss 4	SD2897	0.000306534453329132
MGR_bin289	Mount Seuss 5	SD2898	0.000333059805956461
MGR_bin289	Mount Seuss 6	SD2899	0.000258017738393861
MGR_bin289	Mount Seuss 7	SD2900	0.00014881563327486
MGR_bin289	Mackay Glacier 1	SD2901	0.000591987523489841
MGR_bin289	Mackay Glacier 2	SD2902	0.000188337703181068
MGR_bin289	Mount Murray	SD2903	9.64441279648245e-05
MGR_bin289	Mount Gran 1	SD2904	5.24556173022006e-05
MGR_bin289	Mount Gran 2	SD2905	6.70464111540708e-05
MGR_bin289	Towle Glacier 1	SD2906	6.17340141734562e-05
MGR_bin289	Towle Glacier 2	SD2907	0.000130455764433208
MGR_bin289	Cliff Nunatak	SD2908	6.27621806038233e-05
MGR_bin289	Benson Glacier	SD2909	0.000318554498393319
MGR_bin289	Spaulding Pond	SD2910	0.0597203813978687
MGR_bin289	Flatiron	SD2911	2.25529027480176
MGR_bin289	Pegtop Mountain	SD2912	0.000839921574402668
MGR_bin314	Mount Seuss 4	SD2897	-
MGR_bin314	Mount Seuss 5	SD2898	0.302580006757735
MGR_bin314	Mount Seuss 6	SD2899	-
MGR_bin314	Mount Seuss 7	SD2900	-
MGR_bin314	Mackay Glacier 1	SD2901	-
MGR_bin314	Mackay Glacier 2	SD2902	-
MGR_bin314	Mount Murray	SD2903	-
MGR_bin314	Mount Gran 1	SD2904	-
MGR_bin314	Mount Gran 2	SD2905	-
MGR_bin314	Towle Glacier 1	SD2906	-
MGR_bin314	Towle Glacier 2	SD2907	-
MGR_bin314	Cliff Nunatak	SD2908	-
MGR_bin314	Benson Glacier	SD2909	-
MGR_bin314	Spaulding Pond	SD2910	-
MGR_bin314	Flatiron	SD2911	-
MGR_bin314	Pegtop Mountain	SD2912	-
MGR_bin443	Mount Seuss 4	SD2897	-
MGR_bin443	Mount Seuss 5	SD2898	-
MGR_bin443	Mount Seuss 6	SD2899	-
MGR_bin443	Mount Seuss 7	SD2900	-
MGR_bin443	Mackay Glacier 1	SD2901	-
MGR_bin443	Mackay Glacier 2	SD2902	-
MGR_bin443	Mount Murray	SD2903	-
MGR_bin443	Mount Gran 1	SD2904	-
MGR_bin443	Mount Gran 2	SD2905	-
MGR_bin443	Towle Glacier 1	SD2906	-
MGR_bin443	Towle Glacier 2	SD2907	-
MGR_bin443	Cliff Nunatak	SD2908	-
MGR_bin443	Benson Glacier	SD2909	-
MGR_bin443	Spaulding Pond	SD2910	-
MGR_bin443	Flatiron	SD2911	1.45240822220839
MGR_bin443	Pegtop Mountain	SD2912	-
MGR_bin15	Mount Seuss 4	SD2897	1.1418505699035
MGR_bin15	Mount Seuss 5	SD2898	0.0178042187575421
MGR_bin15	Mount Seuss 6	SD2899	0.000403309280402055
MGR_bin15	Mount Seuss 7	SD2900	0.023943997700886
MGR_bin15	Mackay Glacier 1	SD2901	0.0624372723304285
MGR_bin15	Mackay Glacier 2	SD2902	0.000503059917707327
MGR_bin15	Mount Murray	SD2903	0.00366258057390227
MGR_bin15	Mount Gran 1	SD2904	0.00148874037676722
MGR_bin15	Mount Gran 2	SD2905	0.430622337239808
MGR_bin15	Towle Glacier 1	SD2906	0.000387240634360771
MGR_bin15	Towle Glacier 2	SD2907	0.00133325791250739
MGR_bin15	Cliff Nunatak	SD2908	0.00018828654181147
MGR_bin15	Benson Glacier	SD2909	0.00719663965384343
MGR_bin15	Spaulding Pond	SD2910	8.73239377065958e-05
MGR_bin15	Flatiron	SD2911	0.000196355507894719
MGR_bin15	Pegtop Mountain	SD2912	6.70863877318425e-05
MGR_bin21	Mount Seuss 4	SD2897	0.0142343895748314
MGR_bin21	Mount Seuss 5	SD2898	0.000412704542163441
MGR_bin21	Mount Seuss 6	SD2899	0.00925857826314282
MGR_bin21	Mount Seuss 7	SD2900	0.0175689985872144
MGR_bin21	Mackay Glacier 1	SD2901	0.0952502950610083
MGR_bin21	Mackay Glacier 2	SD2902	0.0465020657920098
MGR_bin21	Mount Murray	SD2903	0.00160969842150814
MGR_bin21	Mount Gran 1	SD2904	0.00633214237433707
MGR_bin21	Mount Gran 2	SD2905	0.0646016116616313
MGR_bin21	Towle Glacier 1	SD2906	0.132570989345944
MGR_bin21	Towle Glacier 2	SD2907	0.0113757426585758
MGR_bin21	Cliff Nunatak	SD2908	0.000138973399908466
MGR_bin21	Benson Glacier	SD2909	0.0022455848795191
MGR_bin21	Spaulding Pond	SD2910	0.00365151939515212
MGR_bin21	Flatiron	SD2911	0.000122722192434199
MGR_bin21	Pegtop Mountain	SD2912	0.0197770671033472
MGR_bin91	Mount Seuss 4	SD2897	0.0600491262819283
MGR_bin91	Mount Seuss 5	SD2898	0.0514070570063233
MGR_bin91	Mount Seuss 6	SD2899	0.055393652903917
MGR_bin91	Mount Seuss 7	SD2900	0.0508796273236358
MGR_bin91	Mackay Glacier 1	SD2901	0.00134565231179834
MGR_bin91	Mackay Glacier 2	SD2902	0.0113845185317609
MGR_bin91	Mount Murray	SD2903	0.00426420822930188
MGR_bin91	Mount Gran 1	SD2904	0.0174802099943238
MGR_bin91	Mount Gran 2	SD2905	0.0467002198834944
MGR_bin91	Towle Glacier 1	SD2906	0.00506499525377675
MGR_bin91	Towle Glacier 2	SD2907	0.546301777371081
MGR_bin91	Cliff Nunatak	SD2908	0.000248807215965157
MGR_bin91	Benson Glacier	SD2909	0.064630669709236
MGR_bin91	Spaulding Pond	SD2910	0.00688250509029617
MGR_bin91	Flatiron	SD2911	0.00116251385924032
MGR_bin91	Pegtop Mountain	SD2912	0.00130684283301629
MGR_bin137	Mount Seuss 4	SD2897	0.000479264184966976
MGR_bin137	Mount Seuss 5	SD2898	0.000839889945455423
MGR_bin137	Mount Seuss 6	SD2899	0.000152806621767238
MGR_bin137	Mount Seuss 7	SD2900	0.000111611724956145
MGR_bin137	Mackay Glacier 1	SD2901	0.000218886143139101
MGR_bin137	Mackay Glacier 2	SD2902	0.00372710402084641
MGR_bin137	Mount Murray	SD2903	0.000656738585665234
MGR_bin137	Mount Gran 1	SD2904	0.000634463180702807
MGR_bin137	Mount Gran 2	SD2905	0.448662610869622
MGR_bin137	Towle Glacier 1	SD2906	0.000263772606013858
MGR_bin137	Towle Glacier 2	SD2907	0.000273957105309737
MGR_bin137	Cliff Nunatak	SD2908	0.000103109296706281
MGR_bin137	Benson Glacier	SD2909	0.000372394695304866
MGR_bin137	Spaulding Pond	SD2910	3.21719770497984e-05
MGR_bin137	Flatiron	SD2911	1.78505007177017e-05
MGR_bin137	Pegtop Mountain	SD2912	3.22014661112844e-05
MGR_bin142	Mount Seuss 4	SD2897	0.000245714125287638
MGR_bin142	Mount Seuss 5	SD2898	0.000277549838297051
MGR_bin142	Mount Seuss 6	SD2899	0.000333168535984306
MGR_bin142	Mount Seuss 7	SD2900	0.000161946424446172
MGR_bin142	Mackay Glacier 1	SD2901	2.16694794365174
MGR_bin142	Mackay Glacier 2	SD2902	0.898316325364881
MGR_bin142	Mount Murray	SD2903	0.0253188798795275
MGR_bin142	Mount Gran 1	SD2904	0.000132387986524602
MGR_bin142	Mount Gran 2	SD2905	0.00353430367369316
MGR_bin142	Towle Glacier 1	SD2906	0.00033673098640067
MGR_bin142	Towle Glacier 2	SD2907	0.00015654691731985
MGR_bin142	Cliff Nunatak	SD2908	0.000138973399908466
MGR_bin142	Benson Glacier	SD2909	0.0024833790825451
MGR_bin142	Spaulding Pond	SD2910	0.000291845791808886
MGR_bin142	Flatiron	SD2911	9.14838161782212e-05
MGR_bin142	Pegtop Mountain	SD2912	0.000244194451343907
MGR_bin308	Mount Seuss 4	SD2897	0.88626408896817
MGR_bin308	Mount Seuss 5	SD2898	-
MGR_bin308	Mount Seuss 6	SD2899	-
MGR_bin308	Mount Seuss 7	SD2900	-
MGR_bin308	Mackay Glacier 1	SD2901	-
MGR_bin308	Mackay Glacier 2	SD2902	-
MGR_bin308	Mount Murray	SD2903	-
MGR_bin308	Mount Gran 1	SD2904	-
MGR_bin308	Mount Gran 2	SD2905	-
MGR_bin308	Towle Glacier 1	SD2906	-
MGR_bin308	Towle Glacier 2	SD2907	-
MGR_bin308	Cliff Nunatak	SD2908	-
MGR_bin308	Benson Glacier	SD2909	-
MGR_bin308	Spaulding Pond	SD2910	-
MGR_bin308	Flatiron	SD2911	-
MGR_bin308	Pegtop Mountain	SD2912	-
MGR_bin320	Mount Seuss 4	SD2897	-
MGR_bin320	Mount Seuss 5	SD2898	-
MGR_bin320	Mount Seuss 6	SD2899	1.56622779268881
MGR_bin320	Mount Seuss 7	SD2900	-
MGR_bin320	Mackay Glacier 1	SD2901	-
MGR_bin320	Mackay Glacier 2	SD2902	-
MGR_bin320	Mount Murray	SD2903	-
MGR_bin320	Mount Gran 1	SD2904	-
MGR_bin320	Mount Gran 2	SD2905	-
MGR_bin320	Towle Glacier 1	SD2906	-
MGR_bin320	Towle Glacier 2	SD2907	-
MGR_bin320	Cliff Nunatak	SD2908	-
MGR_bin320	Benson Glacier	SD2909	-
MGR_bin320	Spaulding Pond	SD2910	-
MGR_bin320	Flatiron	SD2911	-
MGR_bin320	Pegtop Mountain	SD2912	-
MGR_bin341	Mount Seuss 4	SD2897	-
MGR_bin341	Mount Seuss 5	SD2898	-
MGR_bin341	Mount Seuss 6	SD2899	-
MGR_bin341	Mount Seuss 7	SD2900	-
MGR_bin341	Mackay Glacier 1	SD2901	5.74182628150997
MGR_bin341	Mackay Glacier 2	SD2902	-
MGR_bin341	Mount Murray	SD2903	-
MGR_bin341	Mount Gran 1	SD2904	-
MGR_bin341	Mount Gran 2	SD2905	-
MGR_bin341	Towle Glacier 1	SD2906	-
MGR_bin341	Towle Glacier 2	SD2907	-
MGR_bin341	Cliff Nunatak	SD2908	-
MGR_bin341	Benson Glacier	SD2909	-
MGR_bin341	Spaulding Pond	SD2910	-
MGR_bin341	Flatiron	SD2911	-
MGR_bin341	Pegtop Mountain	SD2912	-
MGR_bin347	Mount Seuss 4	SD2897	-
MGR_bin347	Mount Seuss 5	SD2898	-
MGR_bin347	Mount Seuss 6	SD2899	-
MGR_bin347	Mount Seuss 7	SD2900	-
MGR_bin347	Mackay Glacier 1	SD2901	1.30680002139115
MGR_bin347	Mackay Glacier 2	SD2902	-
MGR_bin347	Mount Murray	SD2903	-
MGR_bin347	Mount Gran 1	SD2904	-
MGR_bin347	Mount Gran 2	SD2905	-
MGR_bin347	Towle Glacier 1	SD2906	-
MGR_bin347	Towle Glacier 2	SD2907	-
MGR_bin347	Cliff Nunatak	SD2908	-
MGR_bin347	Benson Glacier	SD2909	-
MGR_bin347	Spaulding Pond	SD2910	-
MGR_bin347	Flatiron	SD2911	-
MGR_bin347	Pegtop Mountain	SD2912	-
MGR_bin442	Mount Seuss 4	SD2897	-
MGR_bin442	Mount Seuss 5	SD2898	-
MGR_bin442	Mount Seuss 6	SD2899	-
MGR_bin442	Mount Seuss 7	SD2900	-
MGR_bin442	Mackay Glacier 1	SD2901	-
MGR_bin442	Mackay Glacier 2	SD2902	-
MGR_bin442	Mount Murray	SD2903	-
MGR_bin442	Mount Gran 1	SD2904	-
MGR_bin442	Mount Gran 2	SD2905	-
MGR_bin442	Towle Glacier 1	SD2906	-
MGR_bin442	Towle Glacier 2	SD2907	-
MGR_bin442	Cliff Nunatak	SD2908	-
MGR_bin442	Benson Glacier	SD2909	-
MGR_bin442	Spaulding Pond	SD2910	-
MGR_bin442	Flatiron	SD2911	0.420914806923406
MGR_bin442	Pegtop Mountain	SD2912	-
MGR_bin346	Mount Seuss 4	SD2897	-
MGR_bin346	Mount Seuss 5	SD2898	-
MGR_bin346	Mount Seuss 6	SD2899	-
MGR_bin346	Mount Seuss 7	SD2900	-
MGR_bin346	Mackay Glacier 1	SD2901	0.46328247132405
MGR_bin346	Mackay Glacier 2	SD2902	-
MGR_bin346	Mount Murray	SD2903	-
MGR_bin346	Mount Gran 1	SD2904	-
MGR_bin346	Mount Gran 2	SD2905	-
MGR_bin346	Towle Glacier 1	SD2906	-
MGR_bin346	Towle Glacier 2	SD2907	-
MGR_bin346	Cliff Nunatak	SD2908	-
MGR_bin346	Benson Glacier	SD2909	-
MGR_bin346	Spaulding Pond	SD2910	-
MGR_bin346	Flatiron	SD2911	-
MGR_bin346	Pegtop Mountain	SD2912	-
MGR_bin144	Mount Seuss 4	SD2897	0.000177595357881164
MGR_bin144	Mount Seuss 5	SD2898	0.000390983250470628
MGR_bin144	Mount Seuss 6	SD2899	0.000107716143212971
MGR_bin144	Mount Seuss 7	SD2900	0.000144438702884423
MGR_bin144	Mackay Glacier 1	SD2901	0.00181576005104027
MGR_bin144	Mackay Glacier 2	SD2902	0.000208162724568549
MGR_bin144	Mount Murray	SD2903	0.0010517002525688
MGR_bin144	Mount Gran 1	SD2904	3.74682980730004e-05
MGR_bin144	Mount Gran 2	SD2905	0.000256213071195914
MGR_bin144	Towle Glacier 1	SD2906	7.01522888334729e-05
MGR_bin144	Towle Glacier 2	SD2907	7.56643433712608e-05
MGR_bin144	Cliff Nunatak	SD2908	1.4527517114238
MGR_bin144	Benson Glacier	SD2909	0.000778439513679448
MGR_bin144	Spaulding Pond	SD2910	3.21719770497984e-05
MGR_bin144	Flatiron	SD2911	9.37151287679339e-05
MGR_bin144	Pegtop Mountain	SD2912	0.000101971309352401
MGR_bin9	Mount Seuss 4	SD2897	0.191270200438013
MGR_bin9	Mount Seuss 5	SD2898	0.124583675242554
MGR_bin9	Mount Seuss 6	SD2899	0.114880519249927
MGR_bin9	Mount Seuss 7	SD2900	0.121514529964509
MGR_bin9	Mackay Glacier 1	SD2901	0.000828285064378643
MGR_bin9	Mackay Glacier 2	SD2902	0.103157020662083
MGR_bin9	Mount Murray	SD2903	0.00128362541743659
MGR_bin9	Mount Gran 1	SD2904	0.00109157641719341
MGR_bin9	Mount Gran 2	SD2905	0.0033834492485965
MGR_bin9	Towle Glacier 1	SD2906	0.00375735658992081
MGR_bin9	Towle Glacier 2	SD2907	0.0823019326656225
MGR_bin9	Cliff Nunatak	SD2908	8.29357386550522e-05
MGR_bin9	Benson Glacier	SD2909	0.070806588963298
MGR_bin9	Spaulding Pond	SD2910	0.0227823557479787
MGR_bin9	Flatiron	SD2911	0.00485310488262515
MGR_bin9	Pegtop Mountain	SD2912	0.000568892567966024
MGR_bin17	Mount Seuss 4	SD2897	0.212681388721741
MGR_bin17	Mount Seuss 5	SD2898	0.117297388618043
MGR_bin17	Mount Seuss 6	SD2899	0.012670424473749
MGR_bin17	Mount Seuss 7	SD2900	0.0593358568379602
MGR_bin17	Mackay Glacier 1	SD2901	0.00751177445772824
MGR_bin17	Mackay Glacier 2	SD2902	0.374727598010817
MGR_bin17	Mount Murray	SD2903	0.00221362236566883
MGR_bin17	Mount Gran 1	SD2904	0.00548036306481086
MGR_bin17	Mount Gran 2	SD2905	0.0029979323844606
MGR_bin17	Towle Glacier 1	SD2906	0.283847384986445
MGR_bin17	Towle Glacier 2	SD2907	0.0838543562623776
MGR_bin17	Cliff Nunatak	SD2908	6.50036870539598e-05
MGR_bin17	Benson Glacier	SD2909	0.150460916952394
MGR_bin17	Spaulding Pond	SD2910	0.00224974039512519
MGR_bin17	Flatiron	SD2911	0.000845667471501118
MGR_bin17	Pegtop Mountain	SD2912	0.0036736505921957
MGR_bin28	Mount Seuss 4	SD2897	0.101059057073747
MGR_bin28	Mount Seuss 5	SD2898	0.058044118356905
MGR_bin28	Mount Seuss 6	SD2899	0.079662350472458
MGR_bin28	Mount Seuss 7	SD2900	0.227812661426664
MGR_bin28	Mackay Glacier 1	SD2901	0.000445234313885217
MGR_bin28	Mackay Glacier 2	SD2902	0.00557083100988213
MGR_bin28	Mount Murray	SD2903	0.00230777020487259
MGR_bin28	Mount Gran 1	SD2904	0.00397913325535265
MGR_bin28	Mount Gran 2	SD2905	0.00747088581431075
MGR_bin28	Towle Glacier 1	SD2906	0.00382750887875428
MGR_bin28	Towle Glacier 2	SD2907	0.00885533728972618
MGR_bin28	Cliff Nunatak	SD2908	1.56905451509558e-05
MGR_bin28	Benson Glacier	SD2909	0.0204503014602359
MGR_bin28	Spaulding Pond	SD2910	0.058700070125718
MGR_bin28	Flatiron	SD2911	0.000912606849192499
MGR_bin28	Pegtop Mountain	SD2912	3.75683771298318e-05
MGR_bin40	Mount Seuss 4	SD2897	0.238530028139376
MGR_bin40	Mount Seuss 5	SD2898	0.0622990780518415
MGR_bin40	Mount Seuss 6	SD2899	0.0946524295651655
MGR_bin40	Mount Seuss 7	SD2900	0.0789379395915326
MGR_bin40	Mackay Glacier 1	SD2901	0.000651683744345959
MGR_bin40	Mackay Glacier 2	SD2902	0.00101355421843496
MGR_bin40	Mount Murray	SD2903	0.00148569882841051
MGR_bin40	Mount Gran 1	SD2904	0.000199830923056002
MGR_bin40	Mount Gran 2	SD2905	0.0190603368852287
MGR_bin40	Towle Glacier 1	SD2906	0.000516320845814361
MGR_bin40	Towle Glacier 2	SD2907	0.000673151744475355
MGR_bin40	Cliff Nunatak	SD2908	8.51772451051887e-05
MGR_bin40	Benson Glacier	SD2909	0.0169192818794536
MGR_bin40	Spaulding Pond	SD2910	0.00220148242955049
MGR_bin40	Flatiron	SD2911	0.000162885819049028
MGR_bin40	Pegtop Mountain	SD2912	6.17194767132951e-05
MGR_bin61	Mount Seuss 4	SD2897	0.0176014029352085
MGR_bin61	Mount Seuss 5	SD2898	0.119496066032727
MGR_bin61	Mount Seuss 6	SD2899	0.0762354741023338
MGR_bin61	Mount Seuss 7	SD2900	0.00724819672656379
MGR_bin61	Mackay Glacier 1	SD2901	0.0139962764482241
MGR_bin61	Mackay Glacier 2	SD2902	0.263866078412024
MGR_bin61	Mount Murray	SD2903	0.011199000287725
MGR_bin61	Mount Gran 1	SD2904	0.0265949979722157
MGR_bin61	Mount Gran 2	SD2905	0.126923645344024
MGR_bin61	Towle Glacier 1	SD2906	0.0483629879217962
MGR_bin61	Towle Glacier 2	SD2907	0.307405963310412
MGR_bin61	Cliff Nunatak	SD2908	8.74187515553253e-05
MGR_bin61	Benson Glacier	SD2909	0.8288070178902
MGR_bin61	Spaulding Pond	SD2910	0.000438917686893679
MGR_bin61	Flatiron	SD2911	0.000167348444228453
MGR_bin61	Pegtop Mountain	SD2912	0.00494024159257288
MGR_bin65	Mount Seuss 4	SD2897	0.0202215426672361
MGR_bin65	Mount Seuss 5	SD2898	0.00782931891683159
MGR_bin65	Mount Seuss 6	SD2899	0.0113552855159162
MGR_bin65	Mount Seuss 7	SD2900	0.0048999735720943
MGR_bin65	Mackay Glacier 1	SD2901	0.000116905099176565
MGR_bin65	Mackay Glacier 2	SD2902	0.0121378693444852
MGR_bin65	Mount Murray	SD2903	0.00036740620177076
MGR_bin65	Mount Gran 1	SD2904	0.00148874037676722
MGR_bin65	Mount Gran 2	SD2905	0.0111105481341032
MGR_bin65	Towle Glacier 1	SD2906	0.0111486017414155
MGR_bin65	Towle Glacier 2	SD2907	0.0975756935654625
MGR_bin65	Cliff Nunatak	SD2908	2.24150645013655e-05
MGR_bin65	Benson Glacier	SD2909	0.115924673975174
MGR_bin65	Spaulding Pond	SD2910	0.00176486274101752
MGR_bin65	Flatiron	SD2911	7.80959406399449e-05
MGR_bin65	Pegtop Mountain	SD2912	0.000128805864445138
MGR_bin163	Mount Seuss 4	SD2897	7.29843936497933e-05
MGR_bin163	Mount Seuss 5	SD2898	0.00016652990297823
MGR_bin163	Mount Seuss 6	SD2899	6.26256646587042e-05
MGR_bin163	Mount Seuss 7	SD2900	6.78424210517746e-05
MGR_bin163	Mackay Glacier 1	SD2901	0.000288531734137906
MGR_bin163	Mackay Glacier 2	SD2902	0.000148687660406107
MGR_bin163	Mount Murray	SD2903	0.232942420788945
MGR_bin163	Mount Gran 1	SD2904	9.24218019134011e-05
MGR_bin163	Mount Gran 2	SD2905	0.000124514763571846
MGR_bin163	Towle Glacier 1	SD2906	6.17340141734562e-05
MGR_bin163	Towle Glacier 2	SD2907	7.04461127939325e-05
MGR_bin163	Cliff Nunatak	SD2908	9.8626283806008e-05
MGR_bin163	Benson Glacier	SD2909	0.000136843833816848
MGR_bin163	Spaulding Pond	SD2910	2.0681985246299e-05
MGR_bin163	Flatiron	SD2911	4.23949392045415e-05
MGR_bin163	Pegtop Mountain	SD2912	4.29352881483792e-05
MGR_bin221	Mount Seuss 4	SD2897	0.355069075106245
MGR_bin221	Mount Seuss 5	SD2898	0.015431771009316
MGR_bin221	Mount Seuss 6	SD2899	0.0363754910603617
MGR_bin221	Mount Seuss 7	SD2900	0.0486430158941224
MGR_bin221	Mackay Glacier 1	SD2901	0.000298481104280592
MGR_bin221	Mackay Glacier 2	SD2902	0.000939210388231907
MGR_bin221	Mount Murray	SD2903	0.00087718230672769
MGR_bin221	Mount Gran 1	SD2904	0.00301744693814563
MGR_bin221	Mount Gran 2	SD2905	0.0022891560379747
MGR_bin221	Towle Glacier 1	SD2906	0.00285098901819234
MGR_bin221	Towle Glacier 2	SD2907	0.00050095013542352
MGR_bin221	Cliff Nunatak	SD2908	4.25886225525944e-05
MGR_bin221	Benson Glacier	SD2909	0.0646441297584639
MGR_bin221	Spaulding Pond	SD2910	0.00296441788530286
MGR_bin221	Flatiron	SD2911	0.000216437321202133
MGR_bin221	Pegtop Mountain	SD2912	5.63525656947477e-05
MGR_bin307	Mount Seuss 4	SD2897	0.519408034287484
MGR_bin307	Mount Seuss 5	SD2898	-
MGR_bin307	Mount Seuss 6	SD2899	-
MGR_bin307	Mount Seuss 7	SD2900	-
MGR_bin307	Mackay Glacier 1	SD2901	-
MGR_bin307	Mackay Glacier 2	SD2902	-
MGR_bin307	Mount Murray	SD2903	-
MGR_bin307	Mount Gran 1	SD2904	-
MGR_bin307	Mount Gran 2	SD2905	-
MGR_bin307	Towle Glacier 1	SD2906	-
MGR_bin307	Towle Glacier 2	SD2907	-
MGR_bin307	Cliff Nunatak	SD2908	-
MGR_bin307	Benson Glacier	SD2909	-
MGR_bin307	Spaulding Pond	SD2910	-
MGR_bin307	Flatiron	SD2911	-
MGR_bin307	Pegtop Mountain	SD2912	-
MGR_bin345	Mount Seuss 4	SD2897	-
MGR_bin345	Mount Seuss 5	SD2898	-
MGR_bin345	Mount Seuss 6	SD2899	-
MGR_bin345	Mount Seuss 7	SD2900	-
MGR_bin345	Mackay Glacier 1	SD2901	0.484409958822044
MGR_bin345	Mackay Glacier 2	SD2902	-
MGR_bin345	Mount Murray	SD2903	-
MGR_bin345	Mount Gran 1	SD2904	-
MGR_bin345	Mount Gran 2	SD2905	-
MGR_bin345	Towle Glacier 1	SD2906	-
MGR_bin345	Towle Glacier 2	SD2907	-
MGR_bin345	Cliff Nunatak	SD2908	-
MGR_bin345	Benson Glacier	SD2909	-
MGR_bin345	Spaulding Pond	SD2910	-
MGR_bin345	Flatiron	SD2911	-
MGR_bin345	Pegtop Mountain	SD2912	-
MGR_bin385	Mount Seuss 4	SD2897	-
MGR_bin385	Mount Seuss 5	SD2898	-
MGR_bin385	Mount Seuss 6	SD2899	-
MGR_bin385	Mount Seuss 7	SD2900	-
MGR_bin385	Mackay Glacier 1	SD2901	-
MGR_bin385	Mackay Glacier 2	SD2902	-
MGR_bin385	Mount Murray	SD2903	-
MGR_bin385	Mount Gran 1	SD2904	-
MGR_bin385	Mount Gran 2	SD2905	0.729642147442912
MGR_bin385	Towle Glacier 1	SD2906	-
MGR_bin385	Towle Glacier 2	SD2907	-
MGR_bin385	Cliff Nunatak	SD2908	-
MGR_bin385	Benson Glacier	SD2909	-
MGR_bin385	Spaulding Pond	SD2910	-
MGR_bin385	Flatiron	SD2911	-
MGR_bin385	Pegtop Mountain	SD2912	-
MGR_bin447	Mount Seuss 4	SD2897	-
MGR_bin447	Mount Seuss 5	SD2898	-
MGR_bin447	Mount Seuss 6	SD2899	-
MGR_bin447	Mount Seuss 7	SD2900	-
MGR_bin447	Mackay Glacier 1	SD2901	-
MGR_bin447	Mackay Glacier 2	SD2902	-
MGR_bin447	Mount Murray	SD2903	-
MGR_bin447	Mount Gran 1	SD2904	-
MGR_bin447	Mount Gran 2	SD2905	-
MGR_bin447	Towle Glacier 1	SD2906	-
MGR_bin447	Towle Glacier 2	SD2907	-
MGR_bin447	Cliff Nunatak	SD2908	-
MGR_bin447	Benson Glacier	SD2909	-
MGR_bin447	Spaulding Pond	SD2910	-
MGR_bin447	Flatiron	SD2911	0.708678266368296
MGR_bin447	Pegtop Mountain	SD2912	-
MGR_bin293	Mount Seuss 4	SD2897	0.000686053300308057
MGR_bin293	Mount Seuss 5	SD2898	0.271914369841193
MGR_bin293	Mount Seuss 6	SD2899	0.0165306704433115
MGR_bin293	Mount Seuss 7	SD2900	0.000135684842103549
MGR_bin293	Mackay Glacier 1	SD2901	0.000258683623709847
MGR_bin293	Mackay Glacier 2	SD2902	0.000131340766692061
MGR_bin293	Mount Murray	SD2903	0.000312295271505146
MGR_bin293	Mount Gran 1	SD2904	4.24640711494005e-05
MGR_bin293	Mount Gran 2	SD2905	0.000105358646099254
MGR_bin293	Towle Glacier 1	SD2906	7.57644719401508e-05
MGR_bin293	Towle Glacier 2	SD2907	0.000242647721845767
MGR_bin293	Cliff Nunatak	SD2908	0.00013000737410792
MGR_bin293	Benson Glacier	SD2909	0.324492623444355
MGR_bin293	Spaulding Pond	SD2910	4.59599672139978e-05
MGR_bin293	Flatiron	SD2911	0.000171811069407879
MGR_bin293	Pegtop Mountain	SD2912	2.95180106020107e-05
MGR_bin430	Mount Seuss 4	SD2897	-
MGR_bin430	Mount Seuss 5	SD2898	-
MGR_bin430	Mount Seuss 6	SD2899	-
MGR_bin430	Mount Seuss 7	SD2900	-
MGR_bin430	Mackay Glacier 1	SD2901	-
MGR_bin430	Mackay Glacier 2	SD2902	-
MGR_bin430	Mount Murray	SD2903	-
MGR_bin430	Mount Gran 1	SD2904	-
MGR_bin430	Mount Gran 2	SD2905	-
MGR_bin430	Towle Glacier 1	SD2906	-
MGR_bin430	Towle Glacier 2	SD2907	-
MGR_bin430	Cliff Nunatak	SD2908	-
MGR_bin430	Benson Glacier	SD2909	-
MGR_bin430	Spaulding Pond	SD2910	0.370609685621875
MGR_bin430	Flatiron	SD2911	-
MGR_bin430	Pegtop Mountain	SD2912	-
MGR_bin152	Mount Seuss 4	SD2897	5.83875149198347e-05
MGR_bin152	Mount Seuss 5	SD2898	9.89525510450355e-05
MGR_bin152	Mount Seuss 6	SD2899	0.000125251329317408
MGR_bin152	Mount Seuss 7	SD2900	6.56539558565561e-06
MGR_bin152	Mackay Glacier 1	SD2901	7.71076186058196e-05
MGR_bin152	Mackay Glacier 2	SD2902	2.2303149060916e-05
MGR_bin152	Mount Murray	SD2903	2.52591763717398e-05
MGR_bin152	Mount Gran 1	SD2904	1.49873192292002e-05
MGR_bin152	Mount Gran 2	SD2905	4.78902936814792e-05
MGR_bin152	Towle Glacier 1	SD2906	1.40304577666946e-05
MGR_bin152	Towle Glacier 2	SD2907	6.261876692794e-05
MGR_bin152	Cliff Nunatak	SD2908	7.17282064043695e-05
MGR_bin152	Benson Glacier	SD2909	4.26234892216412e-05
MGR_bin152	Spaulding Pond	SD2910	2.52779819676988e-05
MGR_bin152	Flatiron	SD2911	1.67577823162676
MGR_bin152	Pegtop Mountain	SD2912	0.000735266809540994
MGR_bin5	Mount Seuss 4	SD2897	0.00757578006084855
MGR_bin5	Mount Seuss 5	SD2898	0.0782376792006565
MGR_bin5	Mount Seuss 6	SD2899	0.825766984030155
MGR_bin5	Mount Seuss 7	SD2900	0.000225411915107509
MGR_bin5	Mackay Glacier 1	SD2901	0.00205205759192907
MGR_bin5	Mackay Glacier 2	SD2902	0.00313483150689541
MGR_bin5	Mount Murray	SD2903	0.00245932526310303
MGR_bin5	Mount Gran 1	SD2904	0.000694412457619608
MGR_bin5	Mount Gran 2	SD2905	0.0329221823913329
MGR_bin5	Towle Glacier 1	SD2906	0.0277578576456286
MGR_bin5	Towle Glacier 2	SD2907	0.0200458327628068
MGR_bin5	Cliff Nunatak	SD2908	0.00159146957959695
MGR_bin5	Benson Glacier	SD2909	0.100992992698372
MGR_bin5	Spaulding Pond	SD2910	4.36619688532979e-05
MGR_bin5	Flatiron	SD2911	0.000187430257535868
MGR_bin5	Pegtop Mountain	SD2912	0.000214676440741896
MGR_bin12	Mount Seuss 4	SD2897	0.112683038169038
MGR_bin12	Mount Seuss 5	SD2898	0.0178018052806874
MGR_bin12	Mount Seuss 6	SD2899	1.45992949452371
MGR_bin12	Mount Seuss 7	SD2900	0.000334835174868436
MGR_bin12	Mackay Glacier 1	SD2901	0.00569850174922364
MGR_bin12	Mackay Glacier 2	SD2902	0.00155130792357038
MGR_bin12	Mount Murray	SD2903	0.00851693501479843
MGR_bin12	Mount Gran 1	SD2904	0.000222311901899803
MGR_bin12	Mount Gran 2	SD2905	0.00222929317087286
MGR_bin12	Towle Glacier 1	SD2906	0.00447852211912891
MGR_bin12	Towle Glacier 2	SD2907	0.0057009169057312
MGR_bin12	Cliff Nunatak	SD2908	0.00273239636271645
MGR_bin12	Benson Glacier	SD2909	0.00286250380246391
MGR_bin12	Spaulding Pond	SD2910	0.000142475898363393
MGR_bin12	Flatiron	SD2911	0.000256600947816962
MGR_bin12	Pegtop Mountain	SD2912	0.000211992985232622
MGR_bin37	Mount Seuss 4	SD2897	0.145971220112708
MGR_bin37	Mount Seuss 5	SD2898	0.11911715016653
MGR_bin37	Mount Seuss 6	SD2899	0.148700883192213
MGR_bin37	Mount Seuss 7	SD2900	0.000100669398980053
MGR_bin37	Mackay Glacier 1	SD2901	0.00498214709895022
MGR_bin37	Mackay Glacier 2	SD2902	0.00305800954901893
MGR_bin37	Mount Murray	SD2903	0.00110681118283441
MGR_bin37	Mount Gran 1	SD2904	0.0129215670621087
MGR_bin37	Mount Gran 2	SD2905	0.0234063810368229
MGR_bin37	Towle Glacier 1	SD2906	0.0286249399356103
MGR_bin37	Towle Glacier 2	SD2907	0.114767154202471
MGR_bin37	Cliff Nunatak	SD2908	0.00101091940901158
MGR_bin37	Benson Glacier	SD2909	0.0292531736552738
MGR_bin37	Spaulding Pond	SD2910	1.83839868855991e-05
MGR_bin37	Flatiron	SD2911	0.000153960568690177
MGR_bin37	Pegtop Mountain	SD2912	0.000107338220370948
MGR_bin54	Mount Seuss 4	SD2897	0.000977990874907231
MGR_bin54	Mount Seuss 5	SD2898	0.00040546411159917
MGR_bin54	Mount Seuss 6	SD2899	0.000571146061687382
MGR_bin54	Mount Seuss 7	SD2900	5.25231646852449e-05
MGR_bin54	Mackay Glacier 1	SD2901	0.178899624535644
MGR_bin54	Mackay Glacier 2	SD2902	0.427117695154908
MGR_bin54	Mount Murray	SD2903	0.000567183323983611
MGR_bin54	Mount Gran 1	SD2904	7.49365961460009e-05
MGR_bin54	Mount Gran 2	SD2905	0.000660886052804412
MGR_bin54	Towle Glacier 1	SD2906	0.0014928407063763
MGR_bin54	Towle Glacier 2	SD2907	0.00264042467212814
MGR_bin54	Cliff Nunatak	SD2908	0.00189631445681552
MGR_bin54	Benson Glacier	SD2909	0.000690949193698184
MGR_bin54	Spaulding Pond	SD2910	6.89399508209967e-06
MGR_bin54	Flatiron	SD2911	0.000122722192434199
MGR_bin54	Pegtop Mountain	SD2912	4.56187436576529e-05
MGR_bin64	Mount Seuss 4	SD2897	0.214824697081923
MGR_bin64	Mount Seuss 5	SD2898	0.0592267220157359
MGR_bin64	Mount Seuss 6	SD2899	0.171897429381798
MGR_bin64	Mount Seuss 7	SD2900	1.7609463308674
MGR_bin64	Mackay Glacier 1	SD2901	0.00478564703863216
MGR_bin64	Mackay Glacier 2	SD2902	0.00289940937791908
MGR_bin64	Mount Murray	SD2903	0.0053916860109859
MGR_bin64	Mount Gran 1	SD2904	0.00152121290176382
MGR_bin64	Mount Gran 2	SD2905	0.00381925092109796
MGR_bin64	Towle Glacier 1	SD2906	0.00904683916796467
MGR_bin64	Towle Glacier 2	SD2907	0.0294412569172865
MGR_bin64	Cliff Nunatak	SD2908	0.00332863707845277
MGR_bin64	Benson Glacier	SD2909	0.00502957172815367
MGR_bin64	Spaulding Pond	SD2910	5.97479573781971e-05
MGR_bin64	Flatiron	SD2911	0.00206396414548426
MGR_bin64	Pegtop Mountain	SD2912	0.000373000315789044
MGR_bin195	Mount Seuss 4	SD2897	0.128493890646704
MGR_bin195	Mount Seuss 5	SD2898	0.0310180045373365
MGR_bin195	Mount Seuss 6	SD2899	0.00758021045028955
MGR_bin195	Mount Seuss 7	SD2900	0.000120365585737019
MGR_bin195	Mackay Glacier 1	SD2901	0.00168641823918535
MGR_bin195	Mackay Glacier 2	SD2902	0.000654225705786869
MGR_bin195	Mount Murray	SD2903	0.000532738992567602
MGR_bin195	Mount Gran 1	SD2904	0.000132387986524602
MGR_bin195	Mount Gran 2	SD2905	0.131631261212914
MGR_bin195	Towle Glacier 1	SD2906	0.00315124081439961
MGR_bin195	Towle Glacier 2	SD2907	0.812308908396258
MGR_bin195	Cliff Nunatak	SD2908	0.00131352277978002
MGR_bin195	Benson Glacier	SD2909	0.025071585028477
MGR_bin195	Spaulding Pond	SD2910	1.83839868855991e-05
MGR_bin195	Flatiron	SD2911	0.00010710300430621
MGR_bin195	Pegtop Mountain	SD2912	0.000107338220370948
MGR_bin395	Mount Seuss 4	SD2897	-
MGR_bin395	Mount Seuss 5	SD2898	-
MGR_bin395	Mount Seuss 6	SD2899	-
MGR_bin395	Mount Seuss 7	SD2900	-
MGR_bin395	Mackay Glacier 1	SD2901	-
MGR_bin395	Mackay Glacier 2	SD2902	-
MGR_bin395	Mount Murray	SD2903	-
MGR_bin395	Mount Gran 1	SD2904	-
MGR_bin395	Mount Gran 2	SD2905	-
MGR_bin395	Towle Glacier 1	SD2906	-
MGR_bin395	Towle Glacier 2	SD2907	1.12439301541925
MGR_bin395	Cliff Nunatak	SD2908	-
MGR_bin395	Benson Glacier	SD2909	-
MGR_bin395	Spaulding Pond	SD2910	-
MGR_bin395	Flatiron	SD2911	-
MGR_bin395	Pegtop Mountain	SD2912	-
MGR_bin50	Mount Seuss 4	SD2897	0.000364921968248967
MGR_bin50	Mount Seuss 5	SD2898	0.157858280639089
MGR_bin50	Mount Seuss 6	SD2899	0.00527057593767654
MGR_bin50	Mount Seuss 7	SD2900	8.53501426135229e-05
MGR_bin50	Mackay Glacier 1	SD2901	0.00652678681360228
MGR_bin50	Mackay Glacier 2	SD2902	0.0197159837698497
MGR_bin50	Mount Murray	SD2903	0.000280147228850205
MGR_bin50	Mount Gran 1	SD2904	0.000557028698018606
MGR_bin50	Mount Gran 2	SD2905	0.000193955689409991
MGR_bin50	Towle Glacier 1	SD2906	0.000561218310667784
MGR_bin50	Towle Glacier 2	SD2907	0.000861008045259175
MGR_bin50	Cliff Nunatak	SD2908	0.000192769554711743
MGR_bin50	Benson Glacier	SD2909	1.18896877178845
MGR_bin50	Spaulding Pond	SD2910	0.000604373568864071
MGR_bin50	Flatiron	SD2911	0.000100409066537072
MGR_bin50	Pegtop Mountain	SD2912	0.0024687790685318
MGR_bin267	Mount Seuss 4	SD2897	0.0713787369894979
MGR_bin267	Mount Seuss 5	SD2898	0.0537071004489067
MGR_bin267	Mount Seuss 6	SD2899	0.000413329386747447
MGR_bin267	Mount Seuss 7	SD2900	0.00127368674361719
MGR_bin267	Mackay Glacier 1	SD2901	0.000174113977497012
MGR_bin267	Mackay Glacier 2	SD2902	0.000624488173705648
MGR_bin267	Mount Murray	SD2903	0.000344443314160088
MGR_bin267	Mount Gran 1	SD2904	0.00263277241126283
MGR_bin267	Mount Gran 2	SD2905	0.00880702500802402
MGR_bin267	Towle Glacier 1	SD2906	0.000816572642021625
MGR_bin267	Towle Glacier 2	SD2907	0.268934558379059
MGR_bin267	Cliff Nunatak	SD2908	0.00024656570951502
MGR_bin267	Benson Glacier	SD2909	0.0181261996268874
MGR_bin267	Spaulding Pond	SD2910	0.000597479573781971
MGR_bin267	Flatiron	SD2911	0.00021420600861242
MGR_bin267	Pegtop Mountain	SD2912	0.000203942618704801
MGR_bin291	Mount Seuss 4	SD2897	0.0198663519514737
MGR_bin291	Mount Seuss 5	SD2898	0.00938842496500459
MGR_bin291	Mount Seuss 6	SD2899	0.000465934945060759
MGR_bin291	Mount Seuss 7	SD2900	0.0381033675139499
MGR_bin291	Mackay Glacier 1	SD2901	0.0151429413571687
MGR_bin291	Mackay Glacier 2	SD2902	0.000267637788730992
MGR_bin291	Mount Murray	SD2903	0.178825783556873
MGR_bin291	Mount Gran 1	SD2904	0.00120398131141241
MGR_bin291	Mount Gran 2	SD2905	0.116900206876491
MGR_bin291	Towle Glacier 1	SD2906	1.68365493200335e-05
MGR_bin291	Towle Glacier 2	SD2907	0.0013176032207754
MGR_bin291	Cliff Nunatak	SD2908	0.0115796223214054
MGR_bin291	Benson Glacier	SD2909	0.000646082362938562
MGR_bin291	Spaulding Pond	SD2910	2.98739786890986e-05
MGR_bin291	Flatiron	SD2911	0.000957233100986753
MGR_bin291	Pegtop Mountain	SD2912	2.14676440741896e-05
MGR_bin213	Mount Seuss 4	SD2897	0.0649609759745594
MGR_bin213	Mount Seuss 5	SD2898	0.0274339914080224
MGR_bin213	Mount Seuss 6	SD2899	0.122428164354594
MGR_bin213	Mount Seuss 7	SD2900	0.00196305328011103
MGR_bin213	Mackay Glacier 1	SD2901	0.0176974421413034
MGR_bin213	Mackay Glacier 2	SD2902	0.337253351333131
MGR_bin213	Mount Murray	SD2903	0.0605186902979274
MGR_bin213	Mount Gran 1	SD2904	0.00476346962834746
MGR_bin213	Mount Gran 2	SD2905	0.275692448150855
MGR_bin213	Towle Glacier 1	SD2906	0.00204002855927739
MGR_bin213	Towle Glacier 2	SD2907	0.0376051786555166
MGR_bin213	Cliff Nunatak	SD2908	8.51772451051887e-05
MGR_bin213	Benson Glacier	SD2909	0.391193897393147
MGR_bin213	Spaulding Pond	SD2910	0.000843365398376859
MGR_bin213	Flatiron	SD2911	0.000368166577302597
MGR_bin213	Pegtop Mountain	SD2912	0.0054796161499369
MGR_bin379	Mount Seuss 4	SD2897	-
MGR_bin379	Mount Seuss 5	SD2898	-
MGR_bin379	Mount Seuss 6	SD2899	-
MGR_bin379	Mount Seuss 7	SD2900	-
MGR_bin379	Mackay Glacier 1	SD2901	-
MGR_bin379	Mackay Glacier 2	SD2902	-
MGR_bin379	Mount Murray	SD2903	-
MGR_bin379	Mount Gran 1	SD2904	-
MGR_bin379	Mount Gran 2	SD2905	0.19245672321776
MGR_bin379	Towle Glacier 1	SD2906	-
MGR_bin379	Towle Glacier 2	SD2907	-
MGR_bin379	Cliff Nunatak	SD2908	-
MGR_bin379	Benson Glacier	SD2909	-
MGR_bin379	Spaulding Pond	SD2910	-
MGR_bin379	Flatiron	SD2911	-
MGR_bin379	Pegtop Mountain	SD2912	-
MGR_bin327	Mount Seuss 4	SD2897	-
MGR_bin327	Mount Seuss 5	SD2898	-
MGR_bin327	Mount Seuss 6	SD2899	0.516543997184751
MGR_bin327	Mount Seuss 7	SD2900	-
MGR_bin327	Mackay Glacier 1	SD2901	-
MGR_bin327	Mackay Glacier 2	SD2902	-
MGR_bin327	Mount Murray	SD2903	-
MGR_bin327	Mount Gran 1	SD2904	-
MGR_bin327	Mount Gran 2	SD2905	-
MGR_bin327	Towle Glacier 1	SD2906	-
MGR_bin327	Towle Glacier 2	SD2907	-
MGR_bin327	Cliff Nunatak	SD2908	-
MGR_bin327	Benson Glacier	SD2909	-
MGR_bin327	Spaulding Pond	SD2910	-
MGR_bin327	Flatiron	SD2911	-
MGR_bin327	Pegtop Mountain	SD2912	-
MGR_bin425	Mount Seuss 4	SD2897	-
MGR_bin425	Mount Seuss 5	SD2898	-
MGR_bin425	Mount Seuss 6	SD2899	-
MGR_bin425	Mount Seuss 7	SD2900	-
MGR_bin425	Mackay Glacier 1	SD2901	-
MGR_bin425	Mackay Glacier 2	SD2902	-
MGR_bin425	Mount Murray	SD2903	-
MGR_bin425	Mount Gran 1	SD2904	-
MGR_bin425	Mount Gran 2	SD2905	-
MGR_bin425	Towle Glacier 1	SD2906	-
MGR_bin425	Towle Glacier 2	SD2907	-
MGR_bin425	Cliff Nunatak	SD2908	-
MGR_bin425	Benson Glacier	SD2909	0.732282761535487
MGR_bin425	Spaulding Pond	SD2910	-
MGR_bin425	Flatiron	SD2911	-
MGR_bin425	Pegtop Mountain	SD2912	-
MGR_bin367	Mount Seuss 4	SD2897	-
MGR_bin367	Mount Seuss 5	SD2898	-
MGR_bin367	Mount Seuss 6	SD2899	-
MGR_bin367	Mount Seuss 7	SD2900	-
MGR_bin367	Mackay Glacier 1	SD2901	-
MGR_bin367	Mackay Glacier 2	SD2902	-
MGR_bin367	Mount Murray	SD2903	0.231096204625047
MGR_bin367	Mount Gran 1	SD2904	-
MGR_bin367	Mount Gran 2	SD2905	-
MGR_bin367	Towle Glacier 1	SD2906	-
MGR_bin367	Towle Glacier 2	SD2907	-
MGR_bin367	Cliff Nunatak	SD2908	-
MGR_bin367	Benson Glacier	SD2909	-
MGR_bin367	Spaulding Pond	SD2910	-
MGR_bin367	Flatiron	SD2911	-
MGR_bin367	Pegtop Mountain	SD2912	-
MGR_bin310	Mount Seuss 4	SD2897	-
MGR_bin310	Mount Seuss 5	SD2898	0.0559830091229425
MGR_bin310	Mount Seuss 6	SD2899	-
MGR_bin310	Mount Seuss 7	SD2900	-
MGR_bin310	Mackay Glacier 1	SD2901	-
MGR_bin310	Mackay Glacier 2	SD2902	-
MGR_bin310	Mount Murray	SD2903	-
MGR_bin310	Mount Gran 1	SD2904	-
MGR_bin310	Mount Gran 2	SD2905	-
MGR_bin310	Towle Glacier 1	SD2906	-
MGR_bin310	Towle Glacier 2	SD2907	-
MGR_bin310	Cliff Nunatak	SD2908	-
MGR_bin310	Benson Glacier	SD2909	-
MGR_bin310	Spaulding Pond	SD2910	-
MGR_bin310	Flatiron	SD2911	-
MGR_bin310	Pegtop Mountain	SD2912	-
MGR_bin410	Mount Seuss 4	SD2897	-
MGR_bin410	Mount Seuss 5	SD2898	-
MGR_bin410	Mount Seuss 6	SD2899	-
MGR_bin410	Mount Seuss 7	SD2900	-
MGR_bin410	Mackay Glacier 1	SD2901	-
MGR_bin410	Mackay Glacier 2	SD2902	-
MGR_bin410	Mount Murray	SD2903	-
MGR_bin410	Mount Gran 1	SD2904	-
MGR_bin410	Mount Gran 2	SD2905	-
MGR_bin410	Towle Glacier 1	SD2906	-
MGR_bin410	Towle Glacier 2	SD2907	-
MGR_bin410	Cliff Nunatak	SD2908	0.451354221812395
MGR_bin410	Benson Glacier	SD2909	-
MGR_bin410	Spaulding Pond	SD2910	-
MGR_bin410	Flatiron	SD2911	-
MGR_bin410	Pegtop Mountain	SD2912	-
MGR_bin369	Mount Seuss 4	SD2897	-
MGR_bin369	Mount Seuss 5	SD2898	-
MGR_bin369	Mount Seuss 6	SD2899	-
MGR_bin369	Mount Seuss 7	SD2900	-
MGR_bin369	Mackay Glacier 1	SD2901	-
MGR_bin369	Mackay Glacier 2	SD2902	-
MGR_bin369	Mount Murray	SD2903	0.142941679087675
MGR_bin369	Mount Gran 1	SD2904	-
MGR_bin369	Mount Gran 2	SD2905	-
MGR_bin369	Towle Glacier 1	SD2906	-
MGR_bin369	Towle Glacier 2	SD2907	-
MGR_bin369	Cliff Nunatak	SD2908	-
MGR_bin369	Benson Glacier	SD2909	-
MGR_bin369	Spaulding Pond	SD2910	-
MGR_bin369	Flatiron	SD2911	-
MGR_bin369	Pegtop Mountain	SD2912	-
MGR_bin277	Mount Seuss 4	SD2897	0
MGR_bin277	Mount Seuss 5	SD2898	5.06830139498962e-05
MGR_bin277	Mount Seuss 6	SD2899	1.75351861044372e-05
MGR_bin277	Mount Seuss 7	SD2900	1.31307911713112e-05
MGR_bin277	Mackay Glacier 1	SD2901	1.74113977497012e-05
MGR_bin277	Mackay Glacier 2	SD2902	9.91251069374044e-05
MGR_bin277	Mount Murray	SD2903	7.57775291152193e-05
MGR_bin277	Mount Gran 1	SD2904	2.24809788438003e-05
MGR_bin277	Mount Gran 2	SD2905	0.33892679192788
MGR_bin277	Towle Glacier 1	SD2906	1.40304577666946e-05
MGR_bin277	Towle Glacier 2	SD2907	4.6964075195955e-05
MGR_bin277	Cliff Nunatak	SD2908	4.70716354528675e-05
MGR_bin277	Benson Glacier	SD2909	7.17869292153958e-05
MGR_bin277	Spaulding Pond	SD2910	0
MGR_bin277	Flatiron	SD2911	0
MGR_bin277	Pegtop Mountain	SD2912	1.61007330556422e-05
MGR_bin387	Mount Seuss 4	SD2897	-
MGR_bin387	Mount Seuss 5	SD2898	-
MGR_bin387	Mount Seuss 6	SD2899	-
MGR_bin387	Mount Seuss 7	SD2900	-
MGR_bin387	Mackay Glacier 1	SD2901	-
MGR_bin387	Mackay Glacier 2	SD2902	-
MGR_bin387	Mount Murray	SD2903	-
MGR_bin387	Mount Gran 1	SD2904	-
MGR_bin387	Mount Gran 2	SD2905	0.284647933069292
MGR_bin387	Towle Glacier 1	SD2906	-
MGR_bin387	Towle Glacier 2	SD2907	-
MGR_bin387	Cliff Nunatak	SD2908	-
MGR_bin387	Benson Glacier	SD2909	-
MGR_bin387	Spaulding Pond	SD2910	-
MGR_bin387	Flatiron	SD2911	-
MGR_bin387	Pegtop Mountain	SD2912	-
MGR_bin388	Mount Seuss 4	SD2897	-
MGR_bin388	Mount Seuss 5	SD2898	-
MGR_bin388	Mount Seuss 6	SD2899	-
MGR_bin388	Mount Seuss 7	SD2900	-
MGR_bin388	Mackay Glacier 1	SD2901	-
MGR_bin388	Mackay Glacier 2	SD2902	-
MGR_bin388	Mount Murray	SD2903	-
MGR_bin388	Mount Gran 1	SD2904	-
MGR_bin388	Mount Gran 2	SD2905	0.135371493149437
MGR_bin388	Towle Glacier 1	SD2906	-
MGR_bin388	Towle Glacier 2	SD2907	-
MGR_bin388	Cliff Nunatak	SD2908	-
MGR_bin388	Benson Glacier	SD2909	-
MGR_bin388	Spaulding Pond	SD2910	-
MGR_bin388	Flatiron	SD2911	-
MGR_bin388	Pegtop Mountain	SD2912	-
MGR_bin358	Mount Seuss 4	SD2897	-
MGR_bin358	Mount Seuss 5	SD2898	-
MGR_bin358	Mount Seuss 6	SD2899	-
MGR_bin358	Mount Seuss 7	SD2900	-
MGR_bin358	Mackay Glacier 1	SD2901	-
MGR_bin358	Mackay Glacier 2	SD2902	-
MGR_bin358	Mount Murray	SD2903	0.119889236215321
MGR_bin358	Mount Gran 1	SD2904	-
MGR_bin358	Mount Gran 2	SD2905	-
MGR_bin358	Towle Glacier 1	SD2906	-
MGR_bin358	Towle Glacier 2	SD2907	-
MGR_bin358	Cliff Nunatak	SD2908	-
MGR_bin358	Benson Glacier	SD2909	-
MGR_bin358	Spaulding Pond	SD2910	-
MGR_bin358	Flatiron	SD2911	-
MGR_bin358	Pegtop Mountain	SD2912	-
MGR_bin18	Mount Seuss 4	SD2897	0.555039015267313
MGR_bin18	Mount Seuss 5	SD2898	0.471366510595163
MGR_bin18	Mount Seuss 6	SD2899	0.00215682789084577
MGR_bin18	Mount Seuss 7	SD2900	0.00832492160261131
MGR_bin18	Mackay Glacier 1	SD2901	0.00106209526273177
MGR_bin18	Mackay Glacier 2	SD2902	0.00011151574530458
MGR_bin18	Mount Murray	SD2903	0.000351332180443289
MGR_bin18	Mount Gran 1	SD2904	0.00163861356905922
MGR_bin18	Mount Gran 2	SD2905	0.104937211514857
MGR_bin18	Towle Glacier 1	SD2906	2.80609155333892e-05
MGR_bin18	Towle Glacier 2	SD2907	0.000318312065217028
MGR_bin18	Cliff Nunatak	SD2908	2.24150645013655e-05
MGR_bin18	Benson Glacier	SD2909	0.328304060717385
MGR_bin18	Spaulding Pond	SD2910	2.75759803283987e-05
MGR_bin18	Flatiron	SD2911	0.000236519134509547
MGR_bin18	Pegtop Mountain	SD2912	1.61007330556422e-05
MGR_bin14	Mount Seuss 4	SD2897	0.740674820515563
MGR_bin14	Mount Seuss 5	SD2898	0.208722305353092
MGR_bin14	Mount Seuss 6	SD2899	0.00929865868852439
MGR_bin14	Mount Seuss 7	SD2900	0.341107316117932
MGR_bin14	Mackay Glacier 1	SD2901	0.000350715297529696
MGR_bin14	Mackay Glacier 2	SD2902	0.00384109789382442
MGR_bin14	Mount Murray	SD2903	0.000121703304336564
MGR_bin14	Mount Gran 1	SD2904	0.000249788653820003
MGR_bin14	Mount Gran 2	SD2905	0.000170010542569251
MGR_bin14	Towle Glacier 1	SD2906	2.80609155333892e-05
MGR_bin14	Towle Glacier 2	SD2907	0.000195683646649812
MGR_bin14	Cliff Nunatak	SD2908	6.72451935040964e-05
MGR_bin14	Benson Glacier	SD2909	0.0559982914710847
MGR_bin14	Spaulding Pond	SD2910	0.000151667891806193
MGR_bin14	Flatiron	SD2911	0.00325102244321142
MGR_bin14	Pegtop Mountain	SD2912	1.34172775463685e-05
MGR_bin222	Mount Seuss 4	SD2897	6.08203280414945e-05
MGR_bin222	Mount Seuss 5	SD2898	0.000499589708934691
MGR_bin222	Mount Seuss 6	SD2899	0.000405814306988403
MGR_bin222	Mount Seuss 7	SD2900	4.37693039043707e-06
MGR_bin222	Mackay Glacier 1	SD2901	0.655106327675044
MGR_bin222	Mackay Glacier 2	SD2902	0.000302331576159083
MGR_bin222	Mount Murray	SD2903	0.15603282131452
MGR_bin222	Mount Gran 1	SD2904	4.99577307640006e-05
MGR_bin222	Mount Gran 2	SD2905	0.121734732023636
MGR_bin222	Towle Glacier 1	SD2906	8.41827466001675e-06
MGR_bin222	Towle Glacier 2	SD2907	1.5654691731985e-05
MGR_bin222	Cliff Nunatak	SD2908	0.000224150645013655
MGR_bin222	Benson Glacier	SD2909	0.000980340252097749
MGR_bin222	Spaulding Pond	SD2910	0
MGR_bin222	Flatiron	SD2911	4.46262517942542e-05
MGR_bin222	Pegtop Mountain	SD2912	0
MGR_bin350	Mount Seuss 4	SD2897	-
MGR_bin350	Mount Seuss 5	SD2898	-
MGR_bin350	Mount Seuss 6	SD2899	-
MGR_bin350	Mount Seuss 7	SD2900	-
MGR_bin350	Mackay Glacier 1	SD2901	-
MGR_bin350	Mackay Glacier 2	SD2902	0.669518231659637
MGR_bin350	Mount Murray	SD2903	-
MGR_bin350	Mount Gran 1	SD2904	-
MGR_bin350	Mount Gran 2	SD2905	-
MGR_bin350	Towle Glacier 1	SD2906	-
MGR_bin350	Towle Glacier 2	SD2907	-
MGR_bin350	Cliff Nunatak	SD2908	-
MGR_bin350	Benson Glacier	SD2909	-
MGR_bin350	Spaulding Pond	SD2910	-
MGR_bin350	Flatiron	SD2911	-
MGR_bin350	Pegtop Mountain	SD2912	-
MGR_bin423	Mount Seuss 4	SD2897	-
MGR_bin423	Mount Seuss 5	SD2898	-
MGR_bin423	Mount Seuss 6	SD2899	-
MGR_bin423	Mount Seuss 7	SD2900	-
MGR_bin423	Mackay Glacier 1	SD2901	-
MGR_bin423	Mackay Glacier 2	SD2902	-
MGR_bin423	Mount Murray	SD2903	-
MGR_bin423	Mount Gran 1	SD2904	-
MGR_bin423	Mount Gran 2	SD2905	-
MGR_bin423	Towle Glacier 1	SD2906	-
MGR_bin423	Towle Glacier 2	SD2907	-
MGR_bin423	Cliff Nunatak	SD2908	-
MGR_bin423	Benson Glacier	SD2909	0.449987392420557
MGR_bin423	Spaulding Pond	SD2910	-
MGR_bin423	Flatiron	SD2911	-
MGR_bin423	Pegtop Mountain	SD2912	-
MGR_bin356	Mount Seuss 4	SD2897	-
MGR_bin356	Mount Seuss 5	SD2898	-
MGR_bin356	Mount Seuss 6	SD2899	-
MGR_bin356	Mount Seuss 7	SD2900	-
MGR_bin356	Mackay Glacier 1	SD2901	-
MGR_bin356	Mackay Glacier 2	SD2902	4.22535141461192
MGR_bin356	Mount Murray	SD2903	-
MGR_bin356	Mount Gran 1	SD2904	-
MGR_bin356	Mount Gran 2	SD2905	-
MGR_bin356	Towle Glacier 1	SD2906	-
MGR_bin356	Towle Glacier 2	SD2907	-
MGR_bin356	Cliff Nunatak	SD2908	-
MGR_bin356	Benson Glacier	SD2909	-
MGR_bin356	Spaulding Pond	SD2910	-
MGR_bin356	Flatiron	SD2911	-
MGR_bin356	Pegtop Mountain	SD2912	-
MGR_bin361	Mount Seuss 4	SD2897	-
MGR_bin361	Mount Seuss 5	SD2898	-
MGR_bin361	Mount Seuss 6	SD2899	-
MGR_bin361	Mount Seuss 7	SD2900	-
MGR_bin361	Mackay Glacier 1	SD2901	-
MGR_bin361	Mackay Glacier 2	SD2902	-
MGR_bin361	Mount Murray	SD2903	0.525080869549443
MGR_bin361	Mount Gran 1	SD2904	-
MGR_bin361	Mount Gran 2	SD2905	-
MGR_bin361	Towle Glacier 1	SD2906	-
MGR_bin361	Towle Glacier 2	SD2907	-
MGR_bin361	Cliff Nunatak	SD2908	-
MGR_bin361	Benson Glacier	SD2909	-
MGR_bin361	Spaulding Pond	SD2910	-
MGR_bin361	Flatiron	SD2911	-
MGR_bin361	Pegtop Mountain	SD2912	-
MGR_bin416	Mount Seuss 4	SD2897	-
MGR_bin416	Mount Seuss 5	SD2898	-
MGR_bin416	Mount Seuss 6	SD2899	-
MGR_bin416	Mount Seuss 7	SD2900	-
MGR_bin416	Mackay Glacier 1	SD2901	-
MGR_bin416	Mackay Glacier 2	SD2902	-
MGR_bin416	Mount Murray	SD2903	-
MGR_bin416	Mount Gran 1	SD2904	-
MGR_bin416	Mount Gran 2	SD2905	-
MGR_bin416	Towle Glacier 1	SD2906	-
MGR_bin416	Towle Glacier 2	SD2907	-
MGR_bin416	Cliff Nunatak	SD2908	0.808132561974179
MGR_bin416	Benson Glacier	SD2909	-
MGR_bin416	Spaulding Pond	SD2910	-
MGR_bin416	Flatiron	SD2911	-
MGR_bin416	Pegtop Mountain	SD2912	-
MGR_bin405	Mount Seuss 4	SD2897	-
MGR_bin405	Mount Seuss 5	SD2898	-
MGR_bin405	Mount Seuss 6	SD2899	-
MGR_bin405	Mount Seuss 7	SD2900	-
MGR_bin405	Mackay Glacier 1	SD2901	-
MGR_bin405	Mackay Glacier 2	SD2902	-
MGR_bin405	Mount Murray	SD2903	-
MGR_bin405	Mount Gran 1	SD2904	-
MGR_bin405	Mount Gran 2	SD2905	-
MGR_bin405	Towle Glacier 1	SD2906	-
MGR_bin405	Towle Glacier 2	SD2907	-
MGR_bin405	Cliff Nunatak	SD2908	0.420759900274481
MGR_bin405	Benson Glacier	SD2909	-
MGR_bin405	Spaulding Pond	SD2910	-
MGR_bin405	Flatiron	SD2911	-
MGR_bin405	Pegtop Mountain	SD2912	-
MGR_bin49	Mount Seuss 4	SD2897	0.17892367384559
MGR_bin49	Mount Seuss 5	SD2898	0.0946686296278419
MGR_bin49	Mount Seuss 6	SD2899	0.0372923307909651
MGR_bin49	Mount Seuss 7	SD2900	0.40106688553653
MGR_bin49	Mackay Glacier 1	SD2901	0.00351461500290397
MGR_bin49	Mackay Glacier 2	SD2902	0.0864470057601104
MGR_bin49	Mount Murray	SD2903	0.00230088133858939
MGR_bin49	Mount Gran 1	SD2904	0.0209597659420364
MGR_bin49	Mount Gran 2	SD2905	0.0282073829783912
MGR_bin49	Towle Glacier 1	SD2906	0.0423495337229909
MGR_bin49	Towle Glacier 2	SD2907	0.147915963944949
MGR_bin49	Cliff Nunatak	SD2908	0.000638829338288915
MGR_bin49	Benson Glacier	SD2909	0.0373292031920058
MGR_bin49	Spaulding Pond	SD2910	0.15208612750784
MGR_bin49	Flatiron	SD2911	0.0036682778974877
MGR_bin49	Pegtop Mountain	SD2912	0.0712725783263095
MGR_bin24	Mount Seuss 4	SD2897	0.221534395671461
MGR_bin24	Mount Seuss 5	SD2898	0.0662354588019501
MGR_bin24	Mount Seuss 6	SD2899	0.00348699700819665
MGR_bin24	Mount Seuss 7	SD2900	0.0205212381355642
MGR_bin24	Mackay Glacier 1	SD2901	0.000233810198353131
MGR_bin24	Mackay Glacier 2	SD2902	0.000604663152318167
MGR_bin24	Mount Murray	SD2903	0.000339850736637953
MGR_bin24	Mount Gran 1	SD2904	0.000197333036517802
MGR_bin24	Mount Gran 2	SD2905	0.000478902936814792
MGR_bin24	Towle Glacier 1	SD2906	0.000134692394560268
MGR_bin24	Towle Glacier 2	SD2907	0.000420067561474931
MGR_bin24	Cliff Nunatak	SD2908	0.000260014748215839
MGR_bin24	Benson Glacier	SD2909	0.0305251483073091
MGR_bin24	Spaulding Pond	SD2910	0.000346997752465683
MGR_bin24	Flatiron	SD2911	0.079019704052086
MGR_bin24	Pegtop Mountain	SD2912	0.000220043351760443
MGR_bin250	Mount Seuss 4	SD2897	0.00102664713734043
MGR_bin250	Mount Seuss 5	SD2898	0.000943669450209972
MGR_bin250	Mount Seuss 6	SD2899	0.000571146061687382
MGR_bin250	Mount Seuss 7	SD2900	0.000157569494055735
MGR_bin250	Mackay Glacier 1	SD2901	0.37413611484558
MGR_bin250	Mackay Glacier 2	SD2902	0.00473818011160793
MGR_bin250	Mount Murray	SD2903	0.456098058878222
MGR_bin250	Mount Gran 1	SD2904	0.000444623803799605
MGR_bin250	Mount Gran 2	SD2905	0.00593600190181934
MGR_bin250	Towle Glacier 1	SD2906	0.00464127542922257
MGR_bin250	Towle Glacier 2	SD2907	0.000386149062722297
MGR_bin250	Cliff Nunatak	SD2908	0.0101562657255687
MGR_bin250	Benson Glacier	SD2909	0.00454500995594975
MGR_bin250	Spaulding Pond	SD2910	7.35359475423965e-05
MGR_bin250	Flatiron	SD2911	0.000267757510765525
MGR_bin250	Pegtop Mountain	SD2912	0.000327381572131391
MGR_bin3	Mount Seuss 4	SD2897	0.0118964561649163
MGR_bin3	Mount Seuss 5	SD2898	0.0825336680021239
MGR_bin3	Mount Seuss 6	SD2899	0.22210818227856
MGR_bin3	Mount Seuss 7	SD2900	0.00740576622061953
MGR_bin3	Mackay Glacier 1	SD2901	0.000174113977497012
MGR_bin3	Mackay Glacier 2	SD2902	0.00961017911758136
MGR_bin3	Mount Murray	SD2903	0.00043399857584171
MGR_bin3	Mount Gran 1	SD2904	0.00404907407842225
MGR_bin3	Mount Gran 2	SD2905	0.0218188178012819
MGR_bin3	Towle Glacier 1	SD2906	0.000143110669220285
MGR_bin3	Towle Glacier 2	SD2907	0.0479711936973794
MGR_bin3	Cliff Nunatak	SD2908	0.000186045035361333
MGR_bin3	Benson Glacier	SD2909	0.00733797017073624
MGR_bin3	Spaulding Pond	SD2910	0.101780645393759
MGR_bin3	Flatiron	SD2911	0.0321242073540939
MGR_bin3	Pegtop Mountain	SD2912	9.92878538431269e-05
MGR_bin156	Mount Seuss 4	SD2897	4.86562624331956e-06
MGR_bin156	Mount Seuss 5	SD2898	0
MGR_bin156	Mount Seuss 6	SD2899	2.50502658634817e-06
MGR_bin156	Mount Seuss 7	SD2900	2.18846519521854e-06
MGR_bin156	Mackay Glacier 1	SD2901	4.9746850713432e-06
MGR_bin156	Mackay Glacier 2	SD2902	0
MGR_bin156	Mount Murray	SD2903	6.88886628320175e-06
MGR_bin156	Mount Gran 1	SD2904	4.99577307640006e-06
MGR_bin156	Mount Gran 2	SD2905	7.18354405222188e-06
MGR_bin156	Towle Glacier 1	SD2906	0
MGR_bin156	Towle Glacier 2	SD2907	5.21823057732833e-06
MGR_bin156	Cliff Nunatak	SD2908	4.48301290027309e-06
MGR_bin156	Benson Glacier	SD2909	0
MGR_bin156	Spaulding Pond	SD2910	4.59599672139978e-06
MGR_bin156	Flatiron	SD2911	0.109095566448824
MGR_bin156	Pegtop Mountain	SD2912	6.70863877318425e-05
MGR_bin56	Mount Seuss 4	SD2897	0.0041795729430115
MGR_bin56	Mount Seuss 5	SD2898	0.00488970410773761
MGR_bin56	Mount Seuss 6	SD2899	0.00248999642683008
MGR_bin56	Mount Seuss 7	SD2900	0.697205618823112
MGR_bin56	Mackay Glacier 1	SD2901	0.00121879784247908
MGR_bin56	Mackay Glacier 2	SD2902	0.00109781055933175
MGR_bin56	Mount Murray	SD2903	0.00171303141575617
MGR_bin56	Mount Gran 1	SD2904	0.0210996475881756
MGR_bin56	Mount Gran 2	SD2905	0.00770554825335
MGR_bin56	Towle Glacier 1	SD2906	0.00100177468454199
MGR_bin56	Towle Glacier 2	SD2907	0.00288568150926257
MGR_bin56	Cliff Nunatak	SD2908	0.000598482222186458
MGR_bin56	Benson Glacier	SD2909	0.00584614804797879
MGR_bin56	Spaulding Pond	SD2910	0.000818087416409161
MGR_bin56	Flatiron	SD2911	0.000142804005741614
MGR_bin56	Pegtop Mountain	SD2912	0.000161007330556422
MGR_bin57	Mount Seuss 4	SD2897	0.028609882310719
MGR_bin57	Mount Seuss 5	SD2898	0.0100835062991746
MGR_bin57	Mount Seuss 6	SD2899	0.0202330997379341
MGR_bin57	Mount Seuss 7	SD2900	0.516423074441694
MGR_bin57	Mackay Glacier 1	SD2901	0.000830772406914315
MGR_bin57	Mackay Glacier 2	SD2902	0.00917898490240365
MGR_bin57	Mount Murray	SD2903	0.000415628265753172
MGR_bin57	Mount Gran 1	SD2904	0.00203327964209482
MGR_bin57	Mount Gran 2	SD2905	0.00198744718778139
MGR_bin57	Towle Glacier 1	SD2906	0.000350761444167365
MGR_bin57	Towle Glacier 2	SD2907	0.0146084365012307
MGR_bin57	Cliff Nunatak	SD2908	0.000439335264226763
MGR_bin57	Benson Glacier	SD2909	0.0112458711298993
MGR_bin57	Spaulding Pond	SD2910	0.00853476591163939
MGR_bin57	Flatiron	SD2911	0.000138341380562188
MGR_bin57	Pegtop Mountain	SD2912	0.00881246789245483
MGR_bin112	Mount Seuss 4	SD2897	0.00896005072707296
MGR_bin112	Mount Seuss 5	SD2898	0.00753487474055124
MGR_bin112	Mount Seuss 6	SD2899	0.00261524775614749
MGR_bin112	Mount Seuss 7	SD2900	0.171860171780512
MGR_bin112	Mackay Glacier 1	SD2901	0.000706405280130735
MGR_bin112	Mackay Glacier 2	SD2902	0.000594750641624427
MGR_bin112	Mount Murray	SD2903	0.000332961870354751
MGR_bin112	Mount Gran 1	SD2904	0.00153620022099302
MGR_bin112	Mount Gran 2	SD2905	0.00206407165767175
MGR_bin112	Towle Glacier 1	SD2906	0.000274996972227214
MGR_bin112	Towle Glacier 2	SD2907	0.00619925792586606
MGR_bin112	Cliff Nunatak	SD2908	0.000390022122323759
MGR_bin112	Benson Glacier	SD2909	0.00857180801662585
MGR_bin112	Spaulding Pond	SD2910	0.0329280185104687
MGR_bin112	Flatiron	SD2911	0.000178505007177017
MGR_bin112	Pegtop Mountain	SD2912	0.000271029006436644
MGR_bin161	Mount Seuss 4	SD2897	0.00959014932558284
MGR_bin161	Mount Seuss 5	SD2898	0.00495004102910653
MGR_bin161	Mount Seuss 6	SD2899	0.0014980058986362
MGR_bin161	Mount Seuss 7	SD2900	0.0869914915099368
MGR_bin161	Mackay Glacier 1	SD2901	0.000661633114488646
MGR_bin161	Mackay Glacier 2	SD2902	0.00134066707132839
MGR_bin161	Mount Murray	SD2903	0.000307702693983012
MGR_bin161	Mount Gran 1	SD2904	0.00103162714027661
MGR_bin161	Mount Gran 2	SD2905	0.00170728896974473
MGR_bin161	Towle Glacier 1	SD2906	0.000620146233287901
MGR_bin161	Towle Glacier 2	SD2907	0.064653876853098
MGR_bin161	Cliff Nunatak	SD2908	0.000396746641674169
MGR_bin161	Benson Glacier	SD2909	0.00883427897656964
MGR_bin161	Spaulding Pond	SD2910	0.0649276456832147
MGR_bin161	Flatiron	SD2911	0.000171811069407879
MGR_bin161	Pegtop Mountain	SD2912	0.000356899582733402
MGR_bin224	Mount Seuss 4	SD2897	0.00158376134220052
MGR_bin224	Mount Seuss 5	SD2898	0.00201525317372206
MGR_bin224	Mount Seuss 6	SD2899	0.18949774617748
MGR_bin224	Mount Seuss 7	SD2900	0.0089967804175434
MGR_bin224	Mackay Glacier 1	SD2901	0.000519854589955365
MGR_bin224	Mackay Glacier 2	SD2902	0.0010160323461084
MGR_bin224	Mount Murray	SD2903	0.000574072190266813
MGR_bin224	Mount Gran 1	SD2904	0.00395165650343245
MGR_bin224	Mount Gran 2	SD2905	0.00342655051290983
MGR_bin224	Towle Glacier 1	SD2906	0.000303057887760603
MGR_bin224	Towle Glacier 2	SD2907	0.00305005577244841
MGR_bin224	Cliff Nunatak	SD2908	0.000300361864318297
MGR_bin224	Benson Glacier	SD2909	0.0339641908850341
MGR_bin224	Spaulding Pond	SD2910	0.000404447711483181
MGR_bin224	Flatiron	SD2911	7.14020028708068e-05
MGR_bin224	Pegtop Mountain	SD2912	9.12374873153058e-05
MGR_bin317	Mount Seuss 4	SD2897	-
MGR_bin317	Mount Seuss 5	SD2898	-
MGR_bin317	Mount Seuss 6	SD2899	0.65903992952258
MGR_bin317	Mount Seuss 7	SD2900	-
MGR_bin317	Mackay Glacier 1	SD2901	-
MGR_bin317	Mackay Glacier 2	SD2902	-
MGR_bin317	Mount Murray	SD2903	-
MGR_bin317	Mount Gran 1	SD2904	-
MGR_bin317	Mount Gran 2	SD2905	-
MGR_bin317	Towle Glacier 1	SD2906	-
MGR_bin317	Towle Glacier 2	SD2907	-
MGR_bin317	Cliff Nunatak	SD2908	-
MGR_bin317	Benson Glacier	SD2909	-
MGR_bin317	Spaulding Pond	SD2910	-
MGR_bin317	Flatiron	SD2911	-
MGR_bin317	Pegtop Mountain	SD2912	-
MGR_bin343	Mount Seuss 4	SD2897	-
MGR_bin343	Mount Seuss 5	SD2898	-
MGR_bin343	Mount Seuss 6	SD2899	-
MGR_bin343	Mount Seuss 7	SD2900	-
MGR_bin343	Mackay Glacier 1	SD2901	0.613808979555288
MGR_bin343	Mackay Glacier 2	SD2902	-
MGR_bin343	Mount Murray	SD2903	-
MGR_bin343	Mount Gran 1	SD2904	-
MGR_bin343	Mount Gran 2	SD2905	-
MGR_bin343	Towle Glacier 1	SD2906	-
MGR_bin343	Towle Glacier 2	SD2907	-
MGR_bin343	Cliff Nunatak	SD2908	-
MGR_bin343	Benson Glacier	SD2909	-
MGR_bin343	Spaulding Pond	SD2910	-
MGR_bin343	Flatiron	SD2911	-
MGR_bin343	Pegtop Mountain	SD2912	-
MGR_bin349	Mount Seuss 4	SD2897	-
MGR_bin349	Mount Seuss 5	SD2898	-
MGR_bin349	Mount Seuss 6	SD2899	-
MGR_bin349	Mount Seuss 7	SD2900	-
MGR_bin349	Mackay Glacier 1	SD2901	0.352157956200385
MGR_bin349	Mackay Glacier 2	SD2902	-
MGR_bin349	Mount Murray	SD2903	-
MGR_bin349	Mount Gran 1	SD2904	-
MGR_bin349	Mount Gran 2	SD2905	-
MGR_bin349	Towle Glacier 1	SD2906	-
MGR_bin349	Towle Glacier 2	SD2907	-
MGR_bin349	Cliff Nunatak	SD2908	-
MGR_bin349	Benson Glacier	SD2909	-
MGR_bin349	Spaulding Pond	SD2910	-
MGR_bin349	Flatiron	SD2911	-
MGR_bin349	Pegtop Mountain	SD2912	-
MGR_bin370	Mount Seuss 4	SD2897	-
MGR_bin370	Mount Seuss 5	SD2898	-
MGR_bin370	Mount Seuss 6	SD2899	-
MGR_bin370	Mount Seuss 7	SD2900	-
MGR_bin370	Mackay Glacier 1	SD2901	-
MGR_bin370	Mackay Glacier 2	SD2902	-
MGR_bin370	Mount Murray	SD2903	-
MGR_bin370	Mount Gran 1	SD2904	0.20162440559043
MGR_bin370	Mount Gran 2	SD2905	-
MGR_bin370	Towle Glacier 1	SD2906	-
MGR_bin370	Towle Glacier 2	SD2907	-
MGR_bin370	Cliff Nunatak	SD2908	-
MGR_bin370	Benson Glacier	SD2909	-
MGR_bin370	Spaulding Pond	SD2910	-
MGR_bin370	Flatiron	SD2911	-
MGR_bin370	Pegtop Mountain	SD2912	-
MGR_bin431	Mount Seuss 4	SD2897	-
MGR_bin431	Mount Seuss 5	SD2898	-
MGR_bin431	Mount Seuss 6	SD2899	-
MGR_bin431	Mount Seuss 7	SD2900	-
MGR_bin431	Mackay Glacier 1	SD2901	-
MGR_bin431	Mackay Glacier 2	SD2902	-
MGR_bin431	Mount Murray	SD2903	-
MGR_bin431	Mount Gran 1	SD2904	-
MGR_bin431	Mount Gran 2	SD2905	-
MGR_bin431	Towle Glacier 1	SD2906	-
MGR_bin431	Towle Glacier 2	SD2907	-
MGR_bin431	Cliff Nunatak	SD2908	-
MGR_bin431	Benson Glacier	SD2909	-
MGR_bin431	Spaulding Pond	SD2910	0.147329270901191
MGR_bin431	Flatiron	SD2911	-
MGR_bin431	Pegtop Mountain	SD2912	-
MGR_bin352	Mount Seuss 4	SD2897	-
MGR_bin352	Mount Seuss 5	SD2898	-
MGR_bin352	Mount Seuss 6	SD2899	-
MGR_bin352	Mount Seuss 7	SD2900	-
MGR_bin352	Mackay Glacier 1	SD2901	-
MGR_bin352	Mackay Glacier 2	SD2902	5.29058946380405
MGR_bin352	Mount Murray	SD2903	-
MGR_bin352	Mount Gran 1	SD2904	-
MGR_bin352	Mount Gran 2	SD2905	-
MGR_bin352	Towle Glacier 1	SD2906	-
MGR_bin352	Towle Glacier 2	SD2907	-
MGR_bin352	Cliff Nunatak	SD2908	-
MGR_bin352	Benson Glacier	SD2909	-
MGR_bin352	Spaulding Pond	SD2910	-
MGR_bin352	Flatiron	SD2911	-
MGR_bin352	Pegtop Mountain	SD2912	-
MGR_bin414	Mount Seuss 4	SD2897	-
MGR_bin414	Mount Seuss 5	SD2898	-
MGR_bin414	Mount Seuss 6	SD2899	-
MGR_bin414	Mount Seuss 7	SD2900	-
MGR_bin414	Mackay Glacier 1	SD2901	-
MGR_bin414	Mackay Glacier 2	SD2902	-
MGR_bin414	Mount Murray	SD2903	-
MGR_bin414	Mount Gran 1	SD2904	-
MGR_bin414	Mount Gran 2	SD2905	-
MGR_bin414	Towle Glacier 1	SD2906	-
MGR_bin414	Towle Glacier 2	SD2907	-
MGR_bin414	Cliff Nunatak	SD2908	0.430225782013408
MGR_bin414	Benson Glacier	SD2909	-
MGR_bin414	Spaulding Pond	SD2910	-
MGR_bin414	Flatiron	SD2911	-
MGR_bin414	Pegtop Mountain	SD2912	-
MGR_bin176	Mount Seuss 4	SD2897	3.89250099465564e-05
MGR_bin176	Mount Seuss 5	SD2898	0.000156875995559203
MGR_bin176	Mount Seuss 6	SD2899	5.76156114860078e-05
MGR_bin176	Mount Seuss 7	SD2900	1.96961867569668e-05
MGR_bin176	Mackay Glacier 1	SD2901	0.000295993761744921
MGR_bin176	Mackay Glacier 2	SD2902	3.96500427749618e-05
MGR_bin176	Mount Murray	SD2903	0.000241110319912061
MGR_bin176	Mount Gran 1	SD2904	1.99830923056002e-05
MGR_bin176	Mount Gran 2	SD2905	6.22573817859229e-05
MGR_bin176	Towle Glacier 1	SD2906	4.20913733000838e-05
MGR_bin176	Towle Glacier 2	SD2907	3.65276140412983e-05
MGR_bin176	Cliff Nunatak	SD2908	0.725797547047763
MGR_bin176	Benson Glacier	SD2909	0.000408288159912564
MGR_bin176	Spaulding Pond	SD2910	3.21719770497984e-05
MGR_bin176	Flatiron	SD2911	7.80959406399449e-05
MGR_bin176	Pegtop Mountain	SD2912	2.95180106020107e-05
MGR_bin404	Mount Seuss 4	SD2897	-
MGR_bin404	Mount Seuss 5	SD2898	-
MGR_bin404	Mount Seuss 6	SD2899	-
MGR_bin404	Mount Seuss 7	SD2900	-
MGR_bin404	Mackay Glacier 1	SD2901	-
MGR_bin404	Mackay Glacier 2	SD2902	-
MGR_bin404	Mount Murray	SD2903	-
MGR_bin404	Mount Gran 1	SD2904	-
MGR_bin404	Mount Gran 2	SD2905	-
MGR_bin404	Towle Glacier 1	SD2906	-
MGR_bin404	Towle Glacier 2	SD2907	-
MGR_bin404	Cliff Nunatak	SD2908	0.644930718846187
MGR_bin404	Benson Glacier	SD2909	-
MGR_bin404	Spaulding Pond	SD2910	-
MGR_bin404	Flatiron	SD2911	-
MGR_bin404	Pegtop Mountain	SD2912	-
MGR_bin311	Mount Seuss 4	SD2897	-
MGR_bin311	Mount Seuss 5	SD2898	0.421014142974369
MGR_bin311	Mount Seuss 6	SD2899	-
MGR_bin311	Mount Seuss 7	SD2900	-
MGR_bin311	Mackay Glacier 1	SD2901	-
MGR_bin311	Mackay Glacier 2	SD2902	-
MGR_bin311	Mount Murray	SD2903	-
MGR_bin311	Mount Gran 1	SD2904	-
MGR_bin311	Mount Gran 2	SD2905	-
MGR_bin311	Towle Glacier 1	SD2906	-
MGR_bin311	Towle Glacier 2	SD2907	-
MGR_bin311	Cliff Nunatak	SD2908	-
MGR_bin311	Benson Glacier	SD2909	-
MGR_bin311	Spaulding Pond	SD2910	-
MGR_bin311	Flatiron	SD2911	-
MGR_bin311	Pegtop Mountain	SD2912	-
MGR_bin141	Mount Seuss 4	SD2897	0.000148401600421246
MGR_bin141	Mount Seuss 5	SD2898	0.000222039870637641
MGR_bin141	Mount Seuss 6	SD2899	5.26055583133115e-05
MGR_bin141	Mount Seuss 7	SD2900	1.75077215617483e-05
MGR_bin141	Mackay Glacier 1	SD2901	6.46709059274616e-05
MGR_bin141	Mackay Glacier 2	SD2902	9.66469792639693e-05
MGR_bin141	Mount Murray	SD2903	0.00136858810159608
MGR_bin141	Mount Gran 1	SD2904	0.00811313547607369
MGR_bin141	Mount Gran 2	SD2905	0.192782377214794
MGR_bin141	Towle Glacier 1	SD2906	0.00108034524803548
MGR_bin141	Towle Glacier 2	SD2907	0.000216556568959126
MGR_bin141	Cliff Nunatak	SD2908	6.05206741536867e-05
MGR_bin141	Benson Glacier	SD2909	6.95435876774147e-05
MGR_bin141	Spaulding Pond	SD2910	1.37879901641993e-05
MGR_bin141	Flatiron	SD2911	4.23949392045415e-05
MGR_bin141	Pegtop Mountain	SD2912	1.87841885649159e-05
MGR_bin256	Mount Seuss 4	SD2897	0.0114901763735991
MGR_bin256	Mount Seuss 5	SD2898	0.0606072307766569
MGR_bin256	Mount Seuss 6	SD2899	0.0699278171579091
MGR_bin256	Mount Seuss 7	SD2900	0.00481900035987122
MGR_bin256	Mackay Glacier 1	SD2901	0.000246246911031489
MGR_bin256	Mackay Glacier 2	SD2902	0.0410477067827792
MGR_bin256	Mount Murray	SD2903	0.0244279198402334
MGR_bin256	Mount Gran 1	SD2904	0.00213819087669922
MGR_bin256	Mount Gran 2	SD2905	0.293189166947384
MGR_bin256	Towle Glacier 1	SD2906	0.00332521849070662
MGR_bin256	Towle Glacier 2	SD2907	0.0940612152716319
MGR_bin256	Cliff Nunatak	SD2908	0.0001165583354071
MGR_bin256	Benson Glacier	SD2909	0.0713876144216351
MGR_bin256	Spaulding Pond	SD2910	0.00955507718379014
MGR_bin256	Flatiron	SD2911	0.00309036793675211
MGR_bin256	Pegtop Mountain	SD2912	0.000534007646345466
MGR_bin39	Mount Seuss 4	SD2897	0.0996382942106979
MGR_bin39	Mount Seuss 5	SD2898	0.266035140223005
MGR_bin39	Mount Seuss 6	SD2899	0.497408099091637
MGR_bin39	Mount Seuss 7	SD2900	0.0311812521014737
MGR_bin39	Mackay Glacier 1	SD2901	0.000922804080734164
MGR_bin39	Mackay Glacier 2	SD2902	0.000649269450439999
MGR_bin39	Mount Murray	SD2903	0.00211258566018187
MGR_bin39	Mount Gran 1	SD2904	0.000174852057674002
MGR_bin39	Mount Gran 2	SD2905	0.00185095985078917
MGR_bin39	Towle Glacier 1	SD2906	0.000911979754835148
MGR_bin39	Towle Glacier 2	SD2907	0.000425285792052259
MGR_bin39	Cliff Nunatak	SD2908	8.06942322049157e-05
MGR_bin39	Benson Glacier	SD2909	0.0614428813837649
MGR_bin39	Spaulding Pond	SD2910	0.00366990338203772
MGR_bin39	Flatiron	SD2911	0.0525317922996064
MGR_bin39	Pegtop Mountain	SD2912	2.6834555092737e-05
MGR_bin194	Mount Seuss 4	SD2897	0.00354217590513664
MGR_bin194	Mount Seuss 5	SD2898	0.0425978664864604
MGR_bin194	Mount Seuss 6	SD2899	0.787162019307943
MGR_bin194	Mount Seuss 7	SD2900	0.00120365585737019
MGR_bin194	Mackay Glacier 1	SD2901	0.000711379965202078
MGR_bin194	Mackay Glacier 2	SD2902	0.0117909314702043
MGR_bin194	Mount Murray	SD2903	0.0262465805389987
MGR_bin194	Mount Gran 1	SD2904	0.00712647029348468
MGR_bin194	Mount Gran 2	SD2905	0.00471479941294162
MGR_bin194	Towle Glacier 1	SD2906	0.00163875746714993
MGR_bin194	Towle Glacier 2	SD2907	0.033018353978045
MGR_bin194	Cliff Nunatak	SD2908	0.00013000737410792
MGR_bin194	Benson Glacier	SD2909	0.0442925353258992
MGR_bin194	Spaulding Pond	SD2910	0.000638843544274569
MGR_bin194	Flatiron	SD2911	0.00121606536139343
MGR_bin194	Pegtop Mountain	SD2912	5.3669110185474e-05
MGR_bin241	Mount Seuss 4	SD2897	0.00577549835082031
MGR_bin241	Mount Seuss 5	SD2898	0.00215282135444321
MGR_bin241	Mount Seuss 6	SD2899	0.00513029444884104
MGR_bin241	Mount Seuss 7	SD2900	0.00155162182340994
MGR_bin241	Mackay Glacier 1	SD2901	0.00114915225148028
MGR_bin241	Mackay Glacier 2	SD2902	0.0948181210409742
MGR_bin241	Mount Murray	SD2903	0.00383709851974338
MGR_bin241	Mount Gran 1	SD2904	0.000374682980730004
MGR_bin241	Mount Gran 2	SD2905	0.105480766348142
MGR_bin241	Towle Glacier 1	SD2906	0.0033813403217734
MGR_bin241	Towle Glacier 2	SD2907	0.00847440645758121
MGR_bin241	Cliff Nunatak	SD2908	9.19017644555984e-05
MGR_bin241	Benson Glacier	SD2909	0.410219676976765
MGR_bin241	Spaulding Pond	SD2910	0.000130985906559894
MGR_bin241	Flatiron	SD2911	0.000874674535167383
MGR_bin241	Pegtop Mountain	SD2912	8.58705762967584e-05
MGR_bin19	Mount Seuss 4	SD2897	0.0302082405316495
MGR_bin19	Mount Seuss 5	SD2898	0.0133610078679345
MGR_bin19	Mount Seuss 6	SD2899	0.0209971328467703
MGR_bin19	Mount Seuss 7	SD2900	0.0505885614526717
MGR_bin19	Mackay Glacier 1	SD2901	0.000992449671732969
MGR_bin19	Mackay Glacier 2	SD2902	0.0426956616856135
MGR_bin19	Mount Murray	SD2903	0.000950663547081842
MGR_bin19	Mount Gran 1	SD2904	0.00265275550356843
MGR_bin19	Mount Gran 2	SD2905	0.0620227193468837
MGR_bin19	Towle Glacier 1	SD2906	0.0259451225021716
MGR_bin19	Towle Glacier 2	SD2907	0.201530674011709
MGR_bin19	Cliff Nunatak	SD2908	0.000237599683714474
MGR_bin19	Benson Glacier	SD2909	0.0652745087306366
MGR_bin19	Spaulding Pond	SD2910	0.0424417317237663
MGR_bin19	Flatiron	SD2911	0.0035991072072066
MGR_bin19	Pegtop Mountain	SD2912	0.00783837354258848
MGR_bin134	Mount Seuss 4	SD2897	0.00225521776377861
MGR_bin134	Mount Seuss 5	SD2898	0.884338948689482
MGR_bin134	Mount Seuss 6	SD2899	0.974059547888794
MGR_bin134	Mount Seuss 7	SD2900	0.000860066821720885
MGR_bin134	Mackay Glacier 1	SD2901	0.00032584187217298
MGR_bin134	Mackay Glacier 2	SD2902	0.000418803576810534
MGR_bin134	Mount Murray	SD2903	0.00110451489407335
MGR_bin134	Mount Gran 1	SD2904	0.000279763292278403
MGR_bin134	Mount Gran 2	SD2905	0.00365642392258093
MGR_bin134	Towle Glacier 1	SD2906	0.000235711690480469
MGR_bin134	Towle Glacier 2	SD2907	0.000498341020134856
MGR_bin134	Cliff Nunatak	SD2908	0.00119023992502251
MGR_bin134	Benson Glacier	SD2909	0.239833400484023
MGR_bin134	Spaulding Pond	SD2910	0.00111452920493945
MGR_bin134	Flatiron	SD2911	0.000448493830532255
MGR_bin134	Pegtop Mountain	SD2912	6.17194767132951e-05
MGR_bin316	Mount Seuss 4	SD2897	-
MGR_bin316	Mount Seuss 5	SD2898	1.45968528261814
MGR_bin316	Mount Seuss 6	SD2899	-
MGR_bin316	Mount Seuss 7	SD2900	-
MGR_bin316	Mackay Glacier 1	SD2901	-
MGR_bin316	Mackay Glacier 2	SD2902	-
MGR_bin316	Mount Murray	SD2903	-
MGR_bin316	Mount Gran 1	SD2904	-
MGR_bin316	Mount Gran 2	SD2905	-
MGR_bin316	Towle Glacier 1	SD2906	-
MGR_bin316	Towle Glacier 2	SD2907	-
MGR_bin316	Cliff Nunatak	SD2908	-
MGR_bin316	Benson Glacier	SD2909	-
MGR_bin316	Spaulding Pond	SD2910	-
MGR_bin316	Flatiron	SD2911	-
MGR_bin316	Pegtop Mountain	SD2912	-
MGR_bin318	Mount Seuss 4	SD2897	-
MGR_bin318	Mount Seuss 5	SD2898	-
MGR_bin318	Mount Seuss 6	SD2899	2.95897748421984
MGR_bin318	Mount Seuss 7	SD2900	-
MGR_bin318	Mackay Glacier 1	SD2901	-
MGR_bin318	Mackay Glacier 2	SD2902	-
MGR_bin318	Mount Murray	SD2903	-
MGR_bin318	Mount Gran 1	SD2904	-
MGR_bin318	Mount Gran 2	SD2905	-
MGR_bin318	Towle Glacier 1	SD2906	-
MGR_bin318	Towle Glacier 2	SD2907	-
MGR_bin318	Cliff Nunatak	SD2908	-
MGR_bin318	Benson Glacier	SD2909	-
MGR_bin318	Spaulding Pond	SD2910	-
MGR_bin318	Flatiron	SD2911	-
MGR_bin318	Pegtop Mountain	SD2912	-
MGR_bin326	Mount Seuss 4	SD2897	-
MGR_bin326	Mount Seuss 5	SD2898	-
MGR_bin326	Mount Seuss 6	SD2899	0.910106219139325
MGR_bin326	Mount Seuss 7	SD2900	-
MGR_bin326	Mackay Glacier 1	SD2901	-
MGR_bin326	Mackay Glacier 2	SD2902	-
MGR_bin326	Mount Murray	SD2903	-
MGR_bin326	Mount Gran 1	SD2904	-
MGR_bin326	Mount Gran 2	SD2905	-
MGR_bin326	Towle Glacier 1	SD2906	-
MGR_bin326	Towle Glacier 2	SD2907	-
MGR_bin326	Cliff Nunatak	SD2908	-
MGR_bin326	Benson Glacier	SD2909	-
MGR_bin326	Spaulding Pond	SD2910	-
MGR_bin326	Flatiron	SD2911	-
MGR_bin326	Pegtop Mountain	SD2912	-
MGR_bin325	Mount Seuss 4	SD2897	-
MGR_bin325	Mount Seuss 5	SD2898	-
MGR_bin325	Mount Seuss 6	SD2899	0.806187696231258
MGR_bin325	Mount Seuss 7	SD2900	-
MGR_bin325	Mackay Glacier 1	SD2901	-
MGR_bin325	Mackay Glacier 2	SD2902	-
MGR_bin325	Mount Murray	SD2903	-
MGR_bin325	Mount Gran 1	SD2904	-
MGR_bin325	Mount Gran 2	SD2905	-
MGR_bin325	Towle Glacier 1	SD2906	-
MGR_bin325	Towle Glacier 2	SD2907	-
MGR_bin325	Cliff Nunatak	SD2908	-
MGR_bin325	Benson Glacier	SD2909	-
MGR_bin325	Spaulding Pond	SD2910	-
MGR_bin325	Flatiron	SD2911	-
MGR_bin325	Pegtop Mountain	SD2912	-
MGR_bin146	Mount Seuss 4	SD2897	0.000253012564652617
MGR_bin146	Mount Seuss 5	SD2898	0.00270068060047304
MGR_bin146	Mount Seuss 6	SD2899	0.0138402718895736
MGR_bin146	Mount Seuss 7	SD2900	0.000214469589131417
MGR_bin146	Mackay Glacier 1	SD2901	0.0107677058369224
MGR_bin146	Mackay Glacier 2	SD2902	3.17557688210204
MGR_bin146	Mount Murray	SD2903	0.0185379391680959
MGR_bin146	Mount Gran 1	SD2904	0.000971677863359811
MGR_bin146	Mount Gran 2	SD2905	0.00364445134916056
MGR_bin146	Towle Glacier 1	SD2906	0.002343086447038
MGR_bin146	Towle Glacier 2	SD2907	0.00037571260156764
MGR_bin146	Cliff Nunatak	SD2908	0.323104188761383
MGR_bin146	Benson Glacier	SD2909	0.00373740700227654
MGR_bin146	Spaulding Pond	SD2910	0.00159940685904712
MGR_bin146	Flatiron	SD2911	0.00105094822975469
MGR_bin146	Pegtop Mountain	SD2912	0.000134172775463685
MGR_bin391	Mount Seuss 4	SD2897	-
MGR_bin391	Mount Seuss 5	SD2898	-
MGR_bin391	Mount Seuss 6	SD2899	-
MGR_bin391	Mount Seuss 7	SD2900	-
MGR_bin391	Mackay Glacier 1	SD2901	-
MGR_bin391	Mackay Glacier 2	SD2902	-
MGR_bin391	Mount Murray	SD2903	-
MGR_bin391	Mount Gran 1	SD2904	-
MGR_bin391	Mount Gran 2	SD2905	-
MGR_bin391	Towle Glacier 1	SD2906	4.00770766003505
MGR_bin391	Towle Glacier 2	SD2907	-
MGR_bin391	Cliff Nunatak	SD2908	-
MGR_bin391	Benson Glacier	SD2909	-
MGR_bin391	Spaulding Pond	SD2910	-
MGR_bin391	Flatiron	SD2911	-
MGR_bin391	Pegtop Mountain	SD2912	-
MGR_bin363	Mount Seuss 4	SD2897	-
MGR_bin363	Mount Seuss 5	SD2898	-
MGR_bin363	Mount Seuss 6	SD2899	-
MGR_bin363	Mount Seuss 7	SD2900	-
MGR_bin363	Mackay Glacier 1	SD2901	-
MGR_bin363	Mackay Glacier 2	SD2902	-
MGR_bin363	Mount Murray	SD2903	0.267648529123716
MGR_bin363	Mount Gran 1	SD2904	-
MGR_bin363	Mount Gran 2	SD2905	-
MGR_bin363	Towle Glacier 1	SD2906	-
MGR_bin363	Towle Glacier 2	SD2907	-
MGR_bin363	Cliff Nunatak	SD2908	-
MGR_bin363	Benson Glacier	SD2909	-
MGR_bin363	Spaulding Pond	SD2910	-
MGR_bin363	Flatiron	SD2911	-
MGR_bin363	Pegtop Mountain	SD2912	-
MGR_bin217	Mount Seuss 4	SD2897	0
MGR_bin217	Mount Seuss 5	SD2898	0.0625090505382053
MGR_bin217	Mount Seuss 6	SD2899	5.76156114860078e-05
MGR_bin217	Mount Seuss 7	SD2900	0
MGR_bin217	Mackay Glacier 1	SD2901	4.9746850713432e-06
MGR_bin217	Mackay Glacier 2	SD2902	7.43438302030533e-06
MGR_bin217	Mount Murray	SD2903	1.37777325664035e-05
MGR_bin217	Mount Gran 1	SD2904	0
MGR_bin217	Mount Gran 2	SD2905	7.18354405222188e-06
MGR_bin217	Towle Glacier 1	SD2906	0
MGR_bin217	Towle Glacier 2	SD2907	0
MGR_bin217	Cliff Nunatak	SD2908	0
MGR_bin217	Benson Glacier	SD2909	0.119893145155863
MGR_bin217	Spaulding Pond	SD2910	4.59599672139978e-06
MGR_bin217	Flatiron	SD2911	2.67757510765525e-05
MGR_bin217	Pegtop Mountain	SD2912	0
MGR_bin380	Mount Seuss 4	SD2897	-
MGR_bin380	Mount Seuss 5	SD2898	-
MGR_bin380	Mount Seuss 6	SD2899	-
MGR_bin380	Mount Seuss 7	SD2900	-
MGR_bin380	Mackay Glacier 1	SD2901	-
MGR_bin380	Mackay Glacier 2	SD2902	-
MGR_bin380	Mount Murray	SD2903	-
MGR_bin380	Mount Gran 1	SD2904	-
MGR_bin380	Mount Gran 2	SD2905	0.265048830380146
MGR_bin380	Towle Glacier 1	SD2906	-
MGR_bin380	Towle Glacier 2	SD2907	-
MGR_bin380	Cliff Nunatak	SD2908	-
MGR_bin380	Benson Glacier	SD2909	-
MGR_bin380	Spaulding Pond	SD2910	-
MGR_bin380	Flatiron	SD2911	-
MGR_bin380	Pegtop Mountain	SD2912	-
MGR_bin150	Mount Seuss 4	SD2897	5.10890755548553e-05
MGR_bin150	Mount Seuss 5	SD2898	0.00115364193657383
MGR_bin150	Mount Seuss 6	SD2899	2.90315547176965
MGR_bin150	Mount Seuss 7	SD2900	4.37693039043707e-05
MGR_bin150	Mackay Glacier 1	SD2901	4.9746850713432e-06
MGR_bin150	Mackay Glacier 2	SD2902	2.72594044077862e-05
MGR_bin150	Mount Murray	SD2903	0.00410117172726611
MGR_bin150	Mount Gran 1	SD2904	4.24640711494005e-05
MGR_bin150	Mount Gran 2	SD2905	0.000675253140908856
MGR_bin150	Towle Glacier 1	SD2906	2.24487324267113e-05
MGR_bin150	Towle Glacier 2	SD2907	1.30455764433208e-05
MGR_bin150	Cliff Nunatak	SD2908	0.0416225332725855
MGR_bin150	Benson Glacier	SD2909	7.40302707533769e-05
MGR_bin150	Spaulding Pond	SD2910	1.60859885248992e-05
MGR_bin150	Flatiron	SD2911	4.46262517942542e-05
MGR_bin150	Pegtop Mountain	SD2912	8.0503665278211e-06
MGR_bin421	Mount Seuss 4	SD2897	-
MGR_bin421	Mount Seuss 5	SD2898	-
MGR_bin421	Mount Seuss 6	SD2899	-
MGR_bin421	Mount Seuss 7	SD2900	-
MGR_bin421	Mackay Glacier 1	SD2901	-
MGR_bin421	Mackay Glacier 2	SD2902	-
MGR_bin421	Mount Murray	SD2903	-
MGR_bin421	Mount Gran 1	SD2904	-
MGR_bin421	Mount Gran 2	SD2905	-
MGR_bin421	Towle Glacier 1	SD2906	-
MGR_bin421	Towle Glacier 2	SD2907	-
MGR_bin421	Cliff Nunatak	SD2908	-
MGR_bin421	Benson Glacier	SD2909	1.65335841688285
MGR_bin421	Spaulding Pond	SD2910	-
MGR_bin421	Flatiron	SD2911	-
MGR_bin421	Pegtop Mountain	SD2912	-
MGR_bin55	Mount Seuss 4	SD2897	0.107980410404869
MGR_bin55	Mount Seuss 5	SD2898	0.210754452864797
MGR_bin55	Mount Seuss 6	SD2899	0.00519793016667244
MGR_bin55	Mount Seuss 7	SD2900	0.0183065113580031
MGR_bin55	Mackay Glacier 1	SD2901	0.0107428324115656
MGR_bin55	Mackay Glacier 2	SD2902	0.090203847313038
MGR_bin55	Mount Murray	SD2903	0.00552946333664994
MGR_bin55	Mount Gran 1	SD2904	0.158321044564194
MGR_bin55	Mount Gran 2	SD2905	0.530437681845431
MGR_bin55	Towle Glacier 1	SD2906	0.208689028821815
MGR_bin55	Towle Glacier 2	SD2907	0.322100500616169
MGR_bin55	Cliff Nunatak	SD2908	0.000226392151463791
MGR_bin55	Benson Glacier	SD2909	0.111274226966939
MGR_bin55	Spaulding Pond	SD2910	0.000553817604928673
MGR_bin55	Flatiron	SD2911	0.0015797693135166
MGR_bin55	Pegtop Mountain	SD2912	0.00184085047936176
MGR_bin389	Mount Seuss 4	SD2897	-
MGR_bin389	Mount Seuss 5	SD2898	-
MGR_bin389	Mount Seuss 6	SD2899	-
MGR_bin389	Mount Seuss 7	SD2900	-
MGR_bin389	Mackay Glacier 1	SD2901	-
MGR_bin389	Mackay Glacier 2	SD2902	-
MGR_bin389	Mount Murray	SD2903	-
MGR_bin389	Mount Gran 1	SD2904	-
MGR_bin389	Mount Gran 2	SD2905	0.365800430227242
MGR_bin389	Towle Glacier 1	SD2906	-
MGR_bin389	Towle Glacier 2	SD2907	-
MGR_bin389	Cliff Nunatak	SD2908	-
MGR_bin389	Benson Glacier	SD2909	-
MGR_bin389	Spaulding Pond	SD2910	-
MGR_bin389	Flatiron	SD2911	-
MGR_bin389	Pegtop Mountain	SD2912	-
MGR_bin212	Mount Seuss 4	SD2897	0.172024215832563
MGR_bin212	Mount Seuss 5	SD2898	0.162207365931361
MGR_bin212	Mount Seuss 6	SD2899	0.000636276752932434
MGR_bin212	Mount Seuss 7	SD2900	0.0136341381662115
MGR_bin212	Mackay Glacier 1	SD2901	6.46709059274616e-05
MGR_bin212	Mackay Glacier 2	SD2902	0.00209153975637923
MGR_bin212	Mount Murray	SD2903	8.95552616816228e-05
MGR_bin212	Mount Gran 1	SD2904	0.280395257572568
MGR_bin212	Mount Gran 2	SD2905	0.000296919820825171
MGR_bin212	Towle Glacier 1	SD2906	0.00414179113272824
MGR_bin212	Towle Glacier 2	SD2907	0.00266129759443745
MGR_bin212	Cliff Nunatak	SD2908	1.79320516010924e-05
MGR_bin212	Benson Glacier	SD2909	0.00376881378380828
MGR_bin212	Spaulding Pond	SD2910	2.98739786890986e-05
MGR_bin212	Flatiron	SD2911	0.00015619188127989
MGR_bin212	Pegtop Mountain	SD2912	0.000142223141991506
MGR_bin240	Mount Seuss 4	SD2897	0.241123406927066
MGR_bin240	Mount Seuss 5	SD2898	0.444275232900516
MGR_bin240	Mount Seuss 6	SD2899	0.00441886689831817
MGR_bin240	Mount Seuss 7	SD2900	0.0592351874389801
MGR_bin240	Mackay Glacier 1	SD2901	5.72088783204468e-05
MGR_bin240	Mackay Glacier 2	SD2902	0.0628081458832129
MGR_bin240	Mount Murray	SD2903	4.13331976992105e-05
MGR_bin240	Mount Gran 1	SD2904	0.25352549208115
MGR_bin240	Mount Gran 2	SD2905	0.000268185644616283
MGR_bin240	Towle Glacier 1	SD2906	0.023604842146687
MGR_bin240	Towle Glacier 2	SD2907	0.101601558455871
MGR_bin240	Cliff Nunatak	SD2908	4.48301290027309e-05
MGR_bin240	Benson Glacier	SD2909	0.0500354896631309
MGR_bin240	Spaulding Pond	SD2910	0.000854855390180359
MGR_bin240	Flatiron	SD2911	0.00320416487882745
MGR_bin240	Pegtop Mountain	SD2912	0.000222726807269717
MGR_bin371	Mount Seuss 4	SD2897	-
MGR_bin371	Mount Seuss 5	SD2898	-
MGR_bin371	Mount Seuss 6	SD2899	-
MGR_bin371	Mount Seuss 7	SD2900	-
MGR_bin371	Mackay Glacier 1	SD2901	-
MGR_bin371	Mackay Glacier 2	SD2902	-
MGR_bin371	Mount Murray	SD2903	-
MGR_bin371	Mount Gran 1	SD2904	0.182465615842436
MGR_bin371	Mount Gran 2	SD2905	-
MGR_bin371	Towle Glacier 1	SD2906	-
MGR_bin371	Towle Glacier 2	SD2907	-
MGR_bin371	Cliff Nunatak	SD2908	-
MGR_bin371	Benson Glacier	SD2909	-
MGR_bin371	Spaulding Pond	SD2910	-
MGR_bin371	Flatiron	SD2911	-
MGR_bin371	Pegtop Mountain	SD2912	-
MGR_bin322	Mount Seuss 4	SD2897	-
MGR_bin322	Mount Seuss 5	SD2898	-
MGR_bin322	Mount Seuss 6	SD2899	0.702968075740781
MGR_bin322	Mount Seuss 7	SD2900	-
MGR_bin322	Mackay Glacier 1	SD2901	-
MGR_bin322	Mackay Glacier 2	SD2902	-
MGR_bin322	Mount Murray	SD2903	-
MGR_bin322	Mount Gran 1	SD2904	-
MGR_bin322	Mount Gran 2	SD2905	-
MGR_bin322	Towle Glacier 1	SD2906	-
MGR_bin322	Towle Glacier 2	SD2907	-
MGR_bin322	Cliff Nunatak	SD2908	-
MGR_bin322	Benson Glacier	SD2909	-
MGR_bin322	Spaulding Pond	SD2910	-
MGR_bin322	Flatiron	SD2911	-
MGR_bin322	Pegtop Mountain	SD2912	-
MGR_bin153	Mount Seuss 4	SD2897	2.43281312165978e-05
MGR_bin153	Mount Seuss 5	SD2898	8.44716899164937e-05
MGR_bin153	Mount Seuss 6	SD2899	7.5150797590445e-06
MGR_bin153	Mount Seuss 7	SD2900	1.96961867569668e-05
MGR_bin153	Mackay Glacier 1	SD2901	1.2436712678358e-05
MGR_bin153	Mackay Glacier 2	SD2902	1.48687660406107e-05
MGR_bin153	Mount Murray	SD2903	0.00411724574859358
MGR_bin153	Mount Gran 1	SD2904	0.000152371078830202
MGR_bin153	Mount Gran 2	SD2905	1.37117094354127
MGR_bin153	Towle Glacier 1	SD2906	1.12243662133557e-05
MGR_bin153	Towle Glacier 2	SD2907	3.130938346397e-05
MGR_bin153	Cliff Nunatak	SD2908	8.96602580054618e-06
MGR_bin153	Benson Glacier	SD2909	7.85169538293391e-05
MGR_bin153	Spaulding Pond	SD2910	4.59599672139978e-06
MGR_bin153	Flatiron	SD2911	0
MGR_bin153	Pegtop Mountain	SD2912	1.34172775463685e-05
MGR_bin59	Mount Seuss 4	SD2897	0.047909388804846
MGR_bin59	Mount Seuss 5	SD2898	0.223246609065019
MGR_bin59	Mount Seuss 6	SD2899	0.00566637013831955
MGR_bin59	Mount Seuss 7	SD2900	0.0010395209677288
MGR_bin59	Mackay Glacier 1	SD2901	0.0090041799791312
MGR_bin59	Mackay Glacier 2	SD2902	0.285762814534496
MGR_bin59	Mount Murray	SD2903	0.0413722346081487
MGR_bin59	Mount Gran 1	SD2904	0.000469602669181605
MGR_bin59	Mount Gran 2	SD2905	1.67616027885177e-05
MGR_bin59	Towle Glacier 1	SD2906	7.85705634934897e-05
MGR_bin59	Towle Glacier 2	SD2907	0.0367441706102575
MGR_bin59	Cliff Nunatak	SD2908	0
MGR_bin59	Benson Glacier	SD2909	0.135966687275498
MGR_bin59	Spaulding Pond	SD2910	9.19199344279956e-06
MGR_bin59	Flatiron	SD2911	0.00031238376255978
MGR_bin59	Pegtop Mountain	SD2912	3.22014661112844e-05
MGR_bin135	Mount Seuss 4	SD2897	0.00190975830050293
MGR_bin135	Mount Seuss 5	SD2898	0.0445793309842159
MGR_bin135	Mount Seuss 6	SD2899	0.0499978256369231
MGR_bin135	Mount Seuss 7	SD2900	9.19155381991785e-05
MGR_bin135	Mackay Glacier 1	SD2901	0.00094767750609088
MGR_bin135	Mackay Glacier 2	SD2902	0.380360382212535
MGR_bin135	Mount Murray	SD2903	0.000332961870354751
MGR_bin135	Mount Gran 1	SD2904	9.99154615280012e-06
MGR_bin135	Mount Gran 2	SD2905	9.57805873629583e-06
MGR_bin135	Towle Glacier 1	SD2906	0
MGR_bin135	Towle Glacier 2	SD2907	0.120682018561872
MGR_bin135	Cliff Nunatak	SD2908	2.68980774016386e-05
MGR_bin135	Benson Glacier	SD2909	0.931466813351292
MGR_bin135	Spaulding Pond	SD2910	1.60859885248992e-05
MGR_bin135	Flatiron	SD2911	3.1238376255978e-05
MGR_bin135	Pegtop Mountain	SD2912	0.000678914243846246
MGR_bin148	Mount Seuss 4	SD2897	7.54172067714531e-05
MGR_bin148	Mount Seuss 5	SD2898	0.000803687792634069
MGR_bin148	Mount Seuss 6	SD2899	9.0180957108534e-05
MGR_bin148	Mount Seuss 7	SD2900	8.75386078087414e-06
MGR_bin148	Mackay Glacier 1	SD2901	9.94937014268641e-05
MGR_bin148	Mackay Glacier 2	SD2902	0.00110028868700519
MGR_bin148	Mount Murray	SD2903	0.00127673655115339
MGR_bin148	Mount Gran 1	SD2904	1.74852057674002e-05
MGR_bin148	Mount Gran 2	SD2905	0.000203533748146286
MGR_bin148	Towle Glacier 1	SD2906	0
MGR_bin148	Towle Glacier 2	SD2907	0.101259764353056
MGR_bin148	Cliff Nunatak	SD2908	2.24150645013655e-06
MGR_bin148	Benson Glacier	SD2909	0.670003113758055
MGR_bin148	Spaulding Pond	SD2910	9.19199344279956e-06
MGR_bin148	Flatiron	SD2911	6.24767525119559e-05
MGR_bin148	Pegtop Mountain	SD2912	1.07338220370948e-05
MGR_bin151	Mount Seuss 4	SD2897	3.40593837032369e-05
MGR_bin151	Mount Seuss 5	SD2898	0.000714389149008061
MGR_bin151	Mount Seuss 6	SD2899	2.25452392771335e-05
MGR_bin151	Mount Seuss 7	SD2900	4.37693039043707e-06
MGR_bin151	Mackay Glacier 1	SD2901	0.000236297540888802
MGR_bin151	Mackay Glacier 2	SD2902	0.000185859575507633
MGR_bin151	Mount Murray	SD2903	0.060984836916424
MGR_bin151	Mount Gran 1	SD2904	2.49788653820003e-06
MGR_bin151	Mount Gran 2	SD2905	1.67616027885177e-05
MGR_bin151	Towle Glacier 1	SD2906	0
MGR_bin151	Towle Glacier 2	SD2907	0.000117410187989887
MGR_bin151	Cliff Nunatak	SD2908	4.48301290027309e-06
MGR_bin151	Benson Glacier	SD2909	0.522308236921992
MGR_bin151	Spaulding Pond	SD2910	9.19199344279956e-06
MGR_bin151	Flatiron	SD2911	1.5619188127989e-05
MGR_bin151	Pegtop Mountain	SD2912	0
MGR_bin342	Mount Seuss 4	SD2897	-
MGR_bin342	Mount Seuss 5	SD2898	-
MGR_bin342	Mount Seuss 6	SD2899	-
MGR_bin342	Mount Seuss 7	SD2900	-
MGR_bin342	Mackay Glacier 1	SD2901	0.972623064381131
MGR_bin342	Mackay Glacier 2	SD2902	-
MGR_bin342	Mount Murray	SD2903	-
MGR_bin342	Mount Gran 1	SD2904	-
MGR_bin342	Mount Gran 2	SD2905	-
MGR_bin342	Towle Glacier 1	SD2906	-
MGR_bin342	Towle Glacier 2	SD2907	-
MGR_bin342	Cliff Nunatak	SD2908	-
MGR_bin342	Benson Glacier	SD2909	-
MGR_bin342	Spaulding Pond	SD2910	-
MGR_bin342	Flatiron	SD2911	-
MGR_bin342	Pegtop Mountain	SD2912	-
MGR_bin149	Mount Seuss 4	SD2897	1.94625049732782e-05
MGR_bin149	Mount Seuss 5	SD2898	5.30964908046532e-05
MGR_bin149	Mount Seuss 6	SD2899	8.51709039358377e-05
MGR_bin149	Mount Seuss 7	SD2900	8.75386078087414e-06
MGR_bin149	Mackay Glacier 1	SD2901	1.16969521348239
MGR_bin149	Mackay Glacier 2	SD2902	0.809966117551572
MGR_bin149	Mount Murray	SD2903	0.000420220843275307
MGR_bin149	Mount Gran 1	SD2904	4.99577307640006e-06
MGR_bin149	Mount Gran 2	SD2905	7.18354405222188e-06
MGR_bin149	Towle Glacier 1	SD2906	5.61218310667784e-06
MGR_bin149	Towle Glacier 2	SD2907	1.82638070206492e-05
MGR_bin149	Cliff Nunatak	SD2908	8.74187515553253e-05
MGR_bin149	Benson Glacier	SD2909	2.24334153798112e-05
MGR_bin149	Spaulding Pond	SD2910	1.60859885248992e-05
MGR_bin149	Flatiron	SD2911	0.000568984710376742
MGR_bin149	Pegtop Mountain	SD2912	0
MGR_bin175	Mount Seuss 4	SD2897	5.36218286395529
MGR_bin175	Mount Seuss 5	SD2898	4.10454457691751
MGR_bin175	Mount Seuss 6	SD2899	0.00197897100321505
MGR_bin175	Mount Seuss 7	SD2900	0.0903923664233064
MGR_bin175	Mackay Glacier 1	SD2901	0.00132824091404864
MGR_bin175	Mackay Glacier 2	SD2902	0.0386141854074659
MGR_bin175	Mount Murray	SD2903	0.0553956700719863
MGR_bin175	Mount Gran 1	SD2904	0.354939685532071
MGR_bin175	Mount Gran 2	SD2905	0.00276326994542135
MGR_bin175	Towle Glacier 1	SD2906	0.0185735199915503
MGR_bin175	Towle Glacier 2	SD2907	0.013191686899486
MGR_bin175	Cliff Nunatak	SD2908	0.00225271398238723
MGR_bin175	Benson Glacier	SD2909	0.0396196549022845
MGR_bin175	Spaulding Pond	SD2910	0.000261971813119787
MGR_bin175	Flatiron	SD2911	0.00187653388794839
MGR_bin175	Pegtop Mountain	SD2912	0.000128805864445138
MGR_bin62	Mount Seuss 4	SD2897	0.0270334194078835
MGR_bin62	Mount Seuss 5	SD2898	0.237145822271564
MGR_bin62	Mount Seuss 6	SD2899	9.76960368675785e-05
MGR_bin62	Mount Seuss 7	SD2900	0.0113099881288894
MGR_bin62	Mackay Glacier 1	SD2901	0.000370614037815069
MGR_bin62	Mackay Glacier 2	SD2902	0.0424428926629231
MGR_bin62	Mount Murray	SD2903	0.00205747472991626
MGR_bin62	Mount Gran 1	SD2904	0.0462358798220825
MGR_bin62	Mount Gran 2	SD2905	0.0367031210774856
MGR_bin62	Towle Glacier 1	SD2906	0.0133682201601066
MGR_bin62	Towle Glacier 2	SD2907	0.104719451225825
MGR_bin62	Cliff Nunatak	SD2908	3.13810903019116e-05
MGR_bin62	Benson Glacier	SD2909	0.00403352808529005
MGR_bin62	Spaulding Pond	SD2910	0.000399851714761781
MGR_bin62	Flatiron	SD2911	0.0377426524549905
MGR_bin62	Pegtop Mountain	SD2912	9.66043983338532e-05
MGR_bin63	Mount Seuss 4	SD2897	0.00244497718726808
MGR_bin63	Mount Seuss 5	SD2898	0.00375295650914708
MGR_bin63	Mount Seuss 6	SD2899	0.0159495042752788
MGR_bin63	Mount Seuss 7	SD2900	0.0189346008690308
MGR_bin63	Mackay Glacier 1	SD2901	0.000151727894675968
MGR_bin63	Mackay Glacier 2	SD2902	0.000210640852241984
MGR_bin63	Mount Murray	SD2903	0.00050977610495693
MGR_bin63	Mount Gran 1	SD2904	0.00143628475946502
MGR_bin63	Mount Gran 2	SD2905	0.00386474670009537
MGR_bin63	Towle Glacier 1	SD2906	5.05096479601005e-05
MGR_bin63	Towle Glacier 2	SD2907	0.0875697364334354
MGR_bin63	Cliff Nunatak	SD2908	0.000957123254208305
MGR_bin63	Benson Glacier	SD2909	0.180752757739753
MGR_bin63	Spaulding Pond	SD2910	0.000268865808201887
MGR_bin63	Flatiron	SD2911	0.00984008852063306
MGR_bin63	Pegtop Mountain	SD2912	3.48849216205581e-05
MGR_bin302	Mount Seuss 4	SD2897	0.00272961632250227
MGR_bin302	Mount Seuss 5	SD2898	0.0134599604189796
MGR_bin302	Mount Seuss 6	SD2899	0.00105211116626623
MGR_bin302	Mount Seuss 7	SD2900	0.292882297076097
MGR_bin302	Mackay Glacier 1	SD2901	0.000203962087925071
MGR_bin302	Mackay Glacier 2	SD2902	0.000706266386929007
MGR_bin302	Mount Murray	SD2903	0.00122392190964884
MGR_bin302	Mount Gran 1	SD2904	0.000931711678748611
MGR_bin302	Mount Gran 2	SD2905	0.000442985216553682
MGR_bin302	Towle Glacier 1	SD2906	0.000112243662133557
MGR_bin302	Towle Glacier 2	SD2907	0.0184307903991237
MGR_bin302	Cliff Nunatak	SD2908	0.00073969712854506
MGR_bin302	Benson Glacier	SD2909	0.00375535373458039
MGR_bin302	Spaulding Pond	SD2910	0.00150748692461913
MGR_bin302	Flatiron	SD2911	0.00483079175672802
MGR_bin302	Pegtop Mountain	SD2912	0.000118072042408043
MGR_bin46	Mount Seuss 4	SD2897	0.0255275080855761
MGR_bin46	Mount Seuss 5	SD2898	0.0247429647149684
MGR_bin46	Mount Seuss 6	SD2899	0.00100451566112561
MGR_bin46	Mount Seuss 7	SD2900	0.00345777500844529
MGR_bin46	Mackay Glacier 1	SD2901	0.000641734374203273
MGR_bin46	Mackay Glacier 2	SD2902	0.013270373691245
MGR_bin46	Mount Murray	SD2903	0.00064296085309883
MGR_bin46	Mount Gran 1	SD2904	0.00263277241126283
MGR_bin46	Mount Gran 2	SD2905	0.00109668772530587
MGR_bin46	Towle Glacier 1	SD2906	0.00169487929821671
MGR_bin46	Towle Glacier 2	SD2907	0.0395072237009528
MGR_bin46	Cliff Nunatak	SD2908	0.000125524361207647
MGR_bin46	Benson Glacier	SD2909	0.0905255610821521
MGR_bin46	Spaulding Pond	SD2910	0.00020911785082369
MGR_bin46	Flatiron	SD2911	0.000568984710376742
MGR_bin46	Pegtop Mountain	SD2912	0.000590360212040214
MGR_bin70	Mount Seuss 4	SD2897	0.594287589359051
MGR_bin70	Mount Seuss 5	SD2898	0.82556596032244
MGR_bin70	Mount Seuss 6	SD2899	0.026908995590552
MGR_bin70	Mount Seuss 7	SD2900	0.141331082307213
MGR_bin70	Mackay Glacier 1	SD2901	0.0481151540100315
MGR_bin70	Mackay Glacier 2	SD2902	0.199818868692093
MGR_bin70	Mount Murray	SD2903	0.00928619174975596
MGR_bin70	Mount Gran 1	SD2904	0.16776305567859
MGR_bin70	Mount Gran 2	SD2905	1.12304175391879
MGR_bin70	Towle Glacier 1	SD2906	0.597374800332556
MGR_bin70	Towle Glacier 2	SD2907	0.0714506221800682
MGR_bin70	Cliff Nunatak	SD2908	0.00257324940475675
MGR_bin70	Benson Glacier	SD2909	0.553789048724481
MGR_bin70	Spaulding Pond	SD2910	0.0021486284672544
MGR_bin70	Flatiron	SD2911	0.00125176636282883
MGR_bin70	Pegtop Mountain	SD2912	1.78658027514221
MGR_bin121	Mount Seuss 4	SD2897	0.00557357486172255
MGR_bin121	Mount Seuss 5	SD2898	0.00271757493845634
MGR_bin121	Mount Seuss 6	SD2899	0.00147796568594542
MGR_bin121	Mount Seuss 7	SD2900	0.000411431456701085
MGR_bin121	Mackay Glacier 1	SD2901	0.167893133815297
MGR_bin121	Mackay Glacier 2	SD2902	0.0858324300970985
MGR_bin121	Mount Murray	SD2903	0.0676096299921031
MGR_bin121	Mount Gran 1	SD2904	0.000174852057674002
MGR_bin121	Mount Gran 2	SD2905	0.00292609694393838
MGR_bin121	Towle Glacier 1	SD2906	0.156877354380966
MGR_bin121	Towle Glacier 2	SD2907	0.003480559795078
MGR_bin121	Cliff Nunatak	SD2908	0.00204201237607439
MGR_bin121	Benson Glacier	SD2909	0.0101219570193708
MGR_bin121	Spaulding Pond	SD2910	0.000165455881970392
MGR_bin121	Flatiron	SD2911	0.000162885819049028
MGR_bin121	Pegtop Mountain	SD2912	0.113475283120657
MGR_bin166	Mount Seuss 4	SD2897	0.0102032182322411
MGR_bin166	Mount Seuss 5	SD2898	0.0115629676111406
MGR_bin166	Mount Seuss 6	SD2899	0.00535825186819873
MGR_bin166	Mount Seuss 7	SD2900	0.00268305832933793
MGR_bin166	Mackay Glacier 1	SD2901	0.000412898860921486
MGR_bin166	Mackay Glacier 2	SD2902	0.000289940937791908
MGR_bin166	Mount Murray	SD2903	0.000603923944160687
MGR_bin166	Mount Gran 1	SD2904	0.00210322046516442
MGR_bin166	Mount Gran 2	SD2905	0.365350261466636
MGR_bin166	Towle Glacier 1	SD2906	0.000878306656195081
MGR_bin166	Towle Glacier 2	SD2907	0.000198292761938477
MGR_bin166	Cliff Nunatak	SD2908	0.000112075322506827
MGR_bin166	Benson Glacier	SD2909	0.000816576319825127
MGR_bin166	Spaulding Pond	SD2910	0.000108005922952895
MGR_bin166	Flatiron	SD2911	6.69393776913813e-05
MGR_bin166	Pegtop Mountain	SD2912	0.000297863561529381
MGR_bin177	Mount Seuss 4	SD2897	7.29843936497933e-05
MGR_bin177	Mount Seuss 5	SD2898	0.000130327750156876
MGR_bin177	Mount Seuss 6	SD2899	8.51709039358377e-05
MGR_bin177	Mount Seuss 7	SD2900	4.81462342948078e-05
MGR_bin177	Mackay Glacier 1	SD2901	0.000937728135948194
MGR_bin177	Mackay Glacier 2	SD2902	0.000136297022038931
MGR_bin177	Mount Murray	SD2903	0.336725487634141
MGR_bin177	Mount Gran 1	SD2904	2.24809788438003e-05
MGR_bin177	Mount Gran 2	SD2905	0.000328048511718132
MGR_bin177	Towle Glacier 1	SD2906	0.000384434542807432
MGR_bin177	Towle Glacier 2	SD2907	9.13190351032458e-05
MGR_bin177	Cliff Nunatak	SD2908	0.000264497761116112
MGR_bin177	Benson Glacier	SD2909	0.000201900738418301
MGR_bin177	Spaulding Pond	SD2910	2.75759803283987e-05
MGR_bin177	Flatiron	SD2911	2.90070636662653e-05
MGR_bin177	Pegtop Mountain	SD2912	0.000174424608102791
MGR_bin234	Mount Seuss 4	SD2897	0.000707948618402995
MGR_bin234	Mount Seuss 5	SD2898	0.00987594728966549
MGR_bin234	Mount Seuss 6	SD2899	0.0030010218504451
MGR_bin234	Mount Seuss 7	SD2900	0.000547116298804634
MGR_bin234	Mackay Glacier 1	SD2901	0.000828285064378643
MGR_bin234	Mackay Glacier 2	SD2902	0.000555100598849465
MGR_bin234	Mount Murray	SD2903	0.00115044066929469
MGR_bin234	Mount Gran 1	SD2904	0.000217316128823402
MGR_bin234	Mount Gran 2	SD2905	0.00172405057253325
MGR_bin234	Towle Glacier 1	SD2906	0.00202038591840402
MGR_bin234	Towle Glacier 2	SD2907	0.000847962468815854
MGR_bin234	Cliff Nunatak	SD2908	0.000405712667474715
MGR_bin234	Benson Glacier	SD2909	0.00560611050341481
MGR_bin234	Spaulding Pond	SD2910	0.00137879901641993
MGR_bin234	Flatiron	SD2911	0.455941951956716
MGR_bin234	Pegtop Mountain	SD2912	0.00135782848769249
MGR_bin282	Mount Seuss 4	SD2897	0.431439944621388
MGR_bin282	Mount Seuss 5	SD2898	0.149722450161703
MGR_bin282	Mount Seuss 6	SD2899	0.118978742745193
MGR_bin282	Mount Seuss 7	SD2900	0.107431756433278
MGR_bin282	Mackay Glacier 1	SD2901	0.00278084895488085
MGR_bin282	Mackay Glacier 2	SD2902	0.233846039776031
MGR_bin282	Mount Murray	SD2903	0.00135481036902968
MGR_bin282	Mount Gran 1	SD2904	0.000661939932623008
MGR_bin282	Mount Gran 2	SD2905	0.0504787640549631
MGR_bin282	Towle Glacier 1	SD2906	0.00960805747863245
MGR_bin282	Towle Glacier 2	SD2907	0.0192265705621662
MGR_bin282	Cliff Nunatak	SD2908	0.000212943112762972
MGR_bin282	Benson Glacier	SD2909	0.500960598846564
MGR_bin282	Spaulding Pond	SD2910	0.0255974037398361
MGR_bin282	Flatiron	SD2911	0.000466344331249957
MGR_bin282	Pegtop Mountain	SD2912	0.0417814022793915
MGR_bin298	Mount Seuss 4	SD2897	0.0125630469602511
MGR_bin298	Mount Seuss 5	SD2898	0.286689675146015
MGR_bin298	Mount Seuss 6	SD2899	1.6786007803258
MGR_bin298	Mount Seuss 7	SD2900	0.00574472113744866
MGR_bin298	Mackay Glacier 1	SD2901	0.00321364655608771
MGR_bin298	Mackay Glacier 2	SD2902	0.00423759832157404
MGR_bin298	Mount Murray	SD2903	0.00222510380947417
MGR_bin298	Mount Gran 1	SD2904	0.00657443736854248
MGR_bin298	Mount Gran 2	SD2905	0.0259709062634662
MGR_bin298	Towle Glacier 1	SD2906	0.00627161462171248
MGR_bin298	Towle Glacier 2	SD2907	0.00465466167497687
MGR_bin298	Cliff Nunatak	SD2908	0.000802459309148883
MGR_bin298	Benson Glacier	SD2909	0.0190347529497698
MGR_bin298	Spaulding Pond	SD2910	0.137199694127226
MGR_bin298	Flatiron	SD2911	0.0137381916148612
MGR_bin298	Pegtop Mountain	SD2912	0.00573722787882717
MGR_bin382	Mount Seuss 4	SD2897	-
MGR_bin382	Mount Seuss 5	SD2898	-
MGR_bin382	Mount Seuss 6	SD2899	-
MGR_bin382	Mount Seuss 7	SD2900	-
MGR_bin382	Mackay Glacier 1	SD2901	-
MGR_bin382	Mackay Glacier 2	SD2902	-
MGR_bin382	Mount Murray	SD2903	-
MGR_bin382	Mount Gran 1	SD2904	-
MGR_bin382	Mount Gran 2	SD2905	0.928678997012508
MGR_bin382	Towle Glacier 1	SD2906	-
MGR_bin382	Towle Glacier 2	SD2907	-
MGR_bin382	Cliff Nunatak	SD2908	-
MGR_bin382	Benson Glacier	SD2909	-
MGR_bin382	Spaulding Pond	SD2910	-
MGR_bin382	Flatiron	SD2911	-
MGR_bin382	Pegtop Mountain	SD2912	-
MGR_bin451	Mount Seuss 4	SD2897	-
MGR_bin451	Mount Seuss 5	SD2898	-
MGR_bin451	Mount Seuss 6	SD2899	-
MGR_bin451	Mount Seuss 7	SD2900	-
MGR_bin451	Mackay Glacier 1	SD2901	-
MGR_bin451	Mackay Glacier 2	SD2902	-
MGR_bin451	Mount Murray	SD2903	-
MGR_bin451	Mount Gran 1	SD2904	-
MGR_bin451	Mount Gran 2	SD2905	-
MGR_bin451	Towle Glacier 1	SD2906	-
MGR_bin451	Towle Glacier 2	SD2907	-
MGR_bin451	Cliff Nunatak	SD2908	-
MGR_bin451	Benson Glacier	SD2909	-
MGR_bin451	Spaulding Pond	SD2910	-
MGR_bin451	Flatiron	SD2911	-
MGR_bin451	Pegtop Mountain	SD2912	0.997821463479351
MGR_bin58	Mount Seuss 4	SD2897	0.000603337654171625
MGR_bin58	Mount Seuss 5	SD2898	0.00388569773615871
MGR_bin58	Mount Seuss 6	SD2899	0.0038226705707673
MGR_bin58	Mount Seuss 7	SD2900	8.75386078087414e-05
MGR_bin58	Mackay Glacier 1	SD2901	0.0247515455724681
MGR_bin58	Mackay Glacier 2	SD2902	0.00196019898968717
MGR_bin58	Mount Murray	SD2903	0.238781883108339
MGR_bin58	Mount Gran 1	SD2904	0.000312235817275004
MGR_bin58	Mount Gran 2	SD2905	0.00238254211065359
MGR_bin58	Towle Glacier 1	SD2906	0.00288466211683241
MGR_bin58	Towle Glacier 2	SD2907	0.000652278822166042
MGR_bin58	Cliff Nunatak	SD2908	0.0015331904118934
MGR_bin58	Benson Glacier	SD2909	0.00700146894003907
MGR_bin58	Spaulding Pond	SD2910	8.73239377065958e-05
MGR_bin58	Flatiron	SD2911	8.92525035885085e-05
MGR_bin58	Pegtop Mountain	SD2912	0.000354216127224128
MGR_bin232	Mount Seuss 4	SD2897	0.113298539888818
MGR_bin232	Mount Seuss 5	SD2898	0.638473234541681
MGR_bin232	Mount Seuss 6	SD2899	0.208160194245774
MGR_bin232	Mount Seuss 7	SD2900	0.0143957240541475
MGR_bin232	Mackay Glacier 1	SD2901	0.0165308784920735
MGR_bin232	Mackay Glacier 2	SD2902	0.00355363508370595
MGR_bin232	Mount Murray	SD2903	0.00781886323143399
MGR_bin232	Mount Gran 1	SD2904	0.0328721868427124
MGR_bin232	Mount Gran 2	SD2905	0.00378093868615278
MGR_bin232	Towle Glacier 1	SD2906	0.0185258164351435
MGR_bin232	Towle Glacier 2	SD2907	0.00197770938880744
MGR_bin232	Cliff Nunatak	SD2908	0.000596240715736321
MGR_bin232	Benson Glacier	SD2909	0.0282593733539481
MGR_bin232	Spaulding Pond	SD2910	0.000183839868855991
MGR_bin232	Flatiron	SD2911	0.000388248390610012
MGR_bin232	Pegtop Mountain	SD2912	0.00111095058083931
MGR_bin321	Mount Seuss 4	SD2897	-
MGR_bin321	Mount Seuss 5	SD2898	-
MGR_bin321	Mount Seuss 6	SD2899	1.61117047467448
MGR_bin321	Mount Seuss 7	SD2900	-
MGR_bin321	Mackay Glacier 1	SD2901	-
MGR_bin321	Mackay Glacier 2	SD2902	-
MGR_bin321	Mount Murray	SD2903	-
MGR_bin321	Mount Gran 1	SD2904	-
MGR_bin321	Mount Gran 2	SD2905	-
MGR_bin321	Towle Glacier 1	SD2906	-
MGR_bin321	Towle Glacier 2	SD2907	-
MGR_bin321	Cliff Nunatak	SD2908	-
MGR_bin321	Benson Glacier	SD2909	-
MGR_bin321	Spaulding Pond	SD2910	-
MGR_bin321	Flatiron	SD2911	-
MGR_bin321	Pegtop Mountain	SD2912	-
MGR_bin344	Mount Seuss 4	SD2897	-
MGR_bin344	Mount Seuss 5	SD2898	-
MGR_bin344	Mount Seuss 6	SD2899	-
MGR_bin344	Mount Seuss 7	SD2900	-
MGR_bin344	Mackay Glacier 1	SD2901	0.326580612906074
MGR_bin344	Mackay Glacier 2	SD2902	-
MGR_bin344	Mount Murray	SD2903	-
MGR_bin344	Mount Gran 1	SD2904	-
MGR_bin344	Mount Gran 2	SD2905	-
MGR_bin344	Towle Glacier 1	SD2906	-
MGR_bin344	Towle Glacier 2	SD2907	-
MGR_bin344	Cliff Nunatak	SD2908	-
MGR_bin344	Benson Glacier	SD2909	-
MGR_bin344	Spaulding Pond	SD2910	-
MGR_bin344	Flatiron	SD2911	-
MGR_bin344	Pegtop Mountain	SD2912	-
MGR_bin412	Mount Seuss 4	SD2897	-
MGR_bin412	Mount Seuss 5	SD2898	-
MGR_bin412	Mount Seuss 6	SD2899	-
MGR_bin412	Mount Seuss 7	SD2900	-
MGR_bin412	Mackay Glacier 1	SD2901	-
MGR_bin412	Mackay Glacier 2	SD2902	-
MGR_bin412	Mount Murray	SD2903	-
MGR_bin412	Mount Gran 1	SD2904	-
MGR_bin412	Mount Gran 2	SD2905	-
MGR_bin412	Towle Glacier 1	SD2906	-
MGR_bin412	Towle Glacier 2	SD2907	-
MGR_bin412	Cliff Nunatak	SD2908	1.71254679200752
MGR_bin412	Benson Glacier	SD2909	-
MGR_bin412	Spaulding Pond	SD2910	-
MGR_bin412	Flatiron	SD2911	-
MGR_bin412	Pegtop Mountain	SD2912	-
MGR_bin418	Mount Seuss 4	SD2897	-
MGR_bin418	Mount Seuss 5	SD2898	-
MGR_bin418	Mount Seuss 6	SD2899	-
MGR_bin418	Mount Seuss 7	SD2900	-
MGR_bin418	Mackay Glacier 1	SD2901	-
MGR_bin418	Mackay Glacier 2	SD2902	-
MGR_bin418	Mount Murray	SD2903	-
MGR_bin418	Mount Gran 1	SD2904	-
MGR_bin418	Mount Gran 2	SD2905	-
MGR_bin418	Towle Glacier 1	SD2906	-
MGR_bin418	Towle Glacier 2	SD2907	-
MGR_bin418	Cliff Nunatak	SD2908	1.00165974586607
MGR_bin418	Benson Glacier	SD2909	-
MGR_bin418	Spaulding Pond	SD2910	-
MGR_bin418	Flatiron	SD2911	-
MGR_bin418	Pegtop Mountain	SD2912	-
MGR_bin444	Mount Seuss 4	SD2897	-
MGR_bin444	Mount Seuss 5	SD2898	-
MGR_bin444	Mount Seuss 6	SD2899	-
MGR_bin444	Mount Seuss 7	SD2900	-
MGR_bin444	Mackay Glacier 1	SD2901	-
MGR_bin444	Mackay Glacier 2	SD2902	-
MGR_bin444	Mount Murray	SD2903	-
MGR_bin444	Mount Gran 1	SD2904	-
MGR_bin444	Mount Gran 2	SD2905	-
MGR_bin444	Towle Glacier 1	SD2906	-
MGR_bin444	Towle Glacier 2	SD2907	-
MGR_bin444	Cliff Nunatak	SD2908	-
MGR_bin444	Benson Glacier	SD2909	-
MGR_bin444	Spaulding Pond	SD2910	-
MGR_bin444	Flatiron	SD2911	1.81479346859104
MGR_bin444	Pegtop Mountain	SD2912	-
MGR_bin34	Mount Seuss 4	SD2897	8.27156461364325e-05
MGR_bin34	Mount Seuss 5	SD2898	0.000948496403919486
MGR_bin34	Mount Seuss 6	SD2899	0.000100201063453927
MGR_bin34	Mount Seuss 7	SD2900	0
MGR_bin34	Mackay Glacier 1	SD2901	6.218356339179e-05
MGR_bin34	Mackay Glacier 2	SD2902	7.93000855499235e-05
MGR_bin34	Mount Murray	SD2903	0.000298517538938743
MGR_bin34	Mount Gran 1	SD2904	1.49873192292002e-05
MGR_bin34	Mount Gran 2	SD2905	7.42299552062927e-05
MGR_bin34	Towle Glacier 1	SD2906	1.12243662133557e-05
MGR_bin34	Towle Glacier 2	SD2907	1.17131534477058
MGR_bin34	Cliff Nunatak	SD2908	2.01735580512289e-05
MGR_bin34	Benson Glacier	SD2909	0.000139087175354829
MGR_bin34	Spaulding Pond	SD2910	9.19199344279956e-06
MGR_bin34	Flatiron	SD2911	0
MGR_bin34	Pegtop Mountain	SD2912	1.07338220370948e-05
MGR_bin127	Mount Seuss 4	SD2897	0.00607473436478447
MGR_bin127	Mount Seuss 5	SD2898	0.170891055654776
MGR_bin127	Mount Seuss 6	SD2899	0.00595945824892229
MGR_bin127	Mount Seuss 7	SD2900	0.000625901045832501
MGR_bin127	Mackay Glacier 1	SD2901	0.0199211263681939
MGR_bin127	Mackay Glacier 2	SD2902	0.000332069108240305
MGR_bin127	Mount Murray	SD2903	0.000553405591417207
MGR_bin127	Mount Gran 1	SD2904	0.000374682980730004
MGR_bin127	Mount Gran 2	SD2905	0.0227885962483319
MGR_bin127	Towle Glacier 1	SD2906	0.000266578697567197
MGR_bin127	Towle Glacier 2	SD2907	0.308765312375806
MGR_bin127	Cliff Nunatak	SD2908	0.0262502820375491
MGR_bin127	Benson Glacier	SD2909	0.0437474033321698
MGR_bin127	Spaulding Pond	SD2910	0.000193031862298791
MGR_bin127	Flatiron	SD2911	7.14020028708068e-05
MGR_bin127	Pegtop Mountain	SD2912	0.000120755497917317
MGR_bin328	Mount Seuss 4	SD2897	-
MGR_bin328	Mount Seuss 5	SD2898	-
MGR_bin328	Mount Seuss 6	SD2899	0.440596601139847
MGR_bin328	Mount Seuss 7	SD2900	-
MGR_bin328	Mackay Glacier 1	SD2901	-
MGR_bin328	Mackay Glacier 2	SD2902	-
MGR_bin328	Mount Murray	SD2903	-
MGR_bin328	Mount Gran 1	SD2904	-
MGR_bin328	Mount Gran 2	SD2905	-
MGR_bin328	Towle Glacier 1	SD2906	-
MGR_bin328	Towle Glacier 2	SD2907	-
MGR_bin328	Cliff Nunatak	SD2908	-
MGR_bin328	Benson Glacier	SD2909	-
MGR_bin328	Spaulding Pond	SD2910	-
MGR_bin328	Flatiron	SD2911	-
MGR_bin328	Pegtop Mountain	SD2912	-
MGR_bin366	Mount Seuss 4	SD2897	-
MGR_bin366	Mount Seuss 5	SD2898	-
MGR_bin366	Mount Seuss 6	SD2899	-
MGR_bin366	Mount Seuss 7	SD2900	-
MGR_bin366	Mackay Glacier 1	SD2901	-
MGR_bin366	Mackay Glacier 2	SD2902	-
MGR_bin366	Mount Murray	SD2903	1.33404273347459
MGR_bin366	Mount Gran 1	SD2904	-
MGR_bin366	Mount Gran 2	SD2905	-
MGR_bin366	Towle Glacier 1	SD2906	-
MGR_bin366	Towle Glacier 2	SD2907	-
MGR_bin366	Cliff Nunatak	SD2908	-
MGR_bin366	Benson Glacier	SD2909	-
MGR_bin366	Spaulding Pond	SD2910	-
MGR_bin366	Flatiron	SD2911	-
MGR_bin366	Pegtop Mountain	SD2912	-
MGR_bin407	Mount Seuss 4	SD2897	-
MGR_bin407	Mount Seuss 5	SD2898	-
MGR_bin407	Mount Seuss 6	SD2899	-
MGR_bin407	Mount Seuss 7	SD2900	-
MGR_bin407	Mackay Glacier 1	SD2901	-
MGR_bin407	Mackay Glacier 2	SD2902	-
MGR_bin407	Mount Murray	SD2903	-
MGR_bin407	Mount Gran 1	SD2904	-
MGR_bin407	Mount Gran 2	SD2905	-
MGR_bin407	Towle Glacier 1	SD2906	-
MGR_bin407	Towle Glacier 2	SD2907	-
MGR_bin407	Cliff Nunatak	SD2908	0.370130994085247
MGR_bin407	Benson Glacier	SD2909	-
MGR_bin407	Spaulding Pond	SD2910	-
MGR_bin407	Flatiron	SD2911	-
MGR_bin407	Pegtop Mountain	SD2912	-
MGR_bin429	Mount Seuss 4	SD2897	-
MGR_bin429	Mount Seuss 5	SD2898	-
MGR_bin429	Mount Seuss 6	SD2899	-
MGR_bin429	Mount Seuss 7	SD2900	-
MGR_bin429	Mackay Glacier 1	SD2901	-
MGR_bin429	Mackay Glacier 2	SD2902	-
MGR_bin429	Mount Murray	SD2903	-
MGR_bin429	Mount Gran 1	SD2904	-
MGR_bin429	Mount Gran 2	SD2905	-
MGR_bin429	Towle Glacier 1	SD2906	-
MGR_bin429	Towle Glacier 2	SD2907	-
MGR_bin429	Cliff Nunatak	SD2908	-
MGR_bin429	Benson Glacier	SD2909	0.739771035589267
MGR_bin429	Spaulding Pond	SD2910	-
MGR_bin429	Flatiron	SD2911	-
MGR_bin429	Pegtop Mountain	SD2912	-
MGR_bin260	Mount Seuss 4	SD2897	0.00123830187892483
MGR_bin260	Mount Seuss 5	SD2898	0.184614085050924
MGR_bin260	Mount Seuss 6	SD2899	1.10813358084332
MGR_bin260	Mount Seuss 7	SD2900	3.72039083187151e-05
MGR_bin260	Mackay Glacier 1	SD2901	0.000104468386498207
MGR_bin260	Mackay Glacier 2	SD2902	2.2303149060916e-05
MGR_bin260	Mount Murray	SD2903	0.000119407015575497
MGR_bin260	Mount Gran 1	SD2904	1.99830923056002e-05
MGR_bin260	Mount Gran 2	SD2905	8.38080139425885e-05
MGR_bin260	Towle Glacier 1	SD2906	3.08670070867281e-05
MGR_bin260	Towle Glacier 2	SD2907	0.000106973726835231
MGR_bin260	Cliff Nunatak	SD2908	1.56905451509558e-05
MGR_bin260	Benson Glacier	SD2909	0.000154790566120697
MGR_bin260	Spaulding Pond	SD2910	9.19199344279956e-06
MGR_bin260	Flatiron	SD2911	3.34696888456907e-05
MGR_bin260	Pegtop Mountain	SD2912	1.61007330556422e-05
