target	genome	contig	offset	contig_ORFs	target_near_contig_ORF_end	protein	start	end	strand	accepted_KOs	KO_status
NEE56_danakil__GCA_034190465.1|JAXINV010000003.1_89	NEE56_danakil__GCA_034190465.1	NEE56_danakil__GCA_034190465.1|JAXINV010000003.1	-5	176	False	NEE56_danakil__GCA_034190465.1|JAXINV010000003.1_84	64383	64592	1		in_input_no_accepted_KO
NEE56_danakil__GCA_034190465.1|JAXINV010000003.1_89	NEE56_danakil__GCA_034190465.1	NEE56_danakil__GCA_034190465.1|JAXINV010000003.1	-4	176	False	NEE56_danakil__GCA_034190465.1|JAXINV010000003.1_85	64621	65880	1	K06213	accepted_KO
NEE56_danakil__GCA_034190465.1|JAXINV010000003.1_89	NEE56_danakil__GCA_034190465.1	NEE56_danakil__GCA_034190465.1|JAXINV010000003.1	-3	176	False	NEE56_danakil__GCA_034190465.1|JAXINV010000003.1_86	65877	66185	-1		in_input_no_accepted_KO
NEE56_danakil__GCA_034190465.1|JAXINV010000003.1_89	NEE56_danakil__GCA_034190465.1	NEE56_danakil__GCA_034190465.1|JAXINV010000003.1	-2	176	False	NEE56_danakil__GCA_034190465.1|JAXINV010000003.1_87	66248	66517	1		in_input_no_accepted_KO
NEE56_danakil__GCA_034190465.1|JAXINV010000003.1_89	NEE56_danakil__GCA_034190465.1	NEE56_danakil__GCA_034190465.1|JAXINV010000003.1	-1	176	False	NEE56_danakil__GCA_034190465.1|JAXINV010000003.1_88	66583	67191	1		in_input_no_accepted_KO
NEE56_danakil__GCA_034190465.1|JAXINV010000003.1_89	NEE56_danakil__GCA_034190465.1	NEE56_danakil__GCA_034190465.1|JAXINV010000003.1	0	176	False	NEE56_danakil__GCA_034190465.1|JAXINV010000003.1_89	67188	69398	-1		in_input_no_accepted_KO
NEE56_danakil__GCA_034190465.1|JAXINV010000003.1_89	NEE56_danakil__GCA_034190465.1	NEE56_danakil__GCA_034190465.1|JAXINV010000003.1	1	176	False	NEE56_danakil__GCA_034190465.1|JAXINV010000003.1_90	69510	70226	-1		in_input_no_accepted_KO
NEE56_danakil__GCA_034190465.1|JAXINV010000003.1_89	NEE56_danakil__GCA_034190465.1	NEE56_danakil__GCA_034190465.1|JAXINV010000003.1	2	176	False	NEE56_danakil__GCA_034190465.1|JAXINV010000003.1_91	70348	71172	-1	K06222	accepted_KO
NEE56_danakil__GCA_034190465.1|JAXINV010000003.1_89	NEE56_danakil__GCA_034190465.1	NEE56_danakil__GCA_034190465.1|JAXINV010000003.1	3	176	False	NEE56_danakil__GCA_034190465.1|JAXINV010000003.1_92	71262	71861	1		in_input_no_accepted_KO
NEE56_danakil__GCA_034190465.1|JAXINV010000003.1_89	NEE56_danakil__GCA_034190465.1	NEE56_danakil__GCA_034190465.1|JAXINV010000003.1	4	176	False	NEE56_danakil__GCA_034190465.1|JAXINV010000003.1_93	71900	72859	1	K07577	accepted_KO
NEE56_danakil__GCA_034190465.1|JAXINV010000003.1_89	NEE56_danakil__GCA_034190465.1	NEE56_danakil__GCA_034190465.1|JAXINV010000003.1	5	176	False	NEE56_danakil__GCA_034190465.1|JAXINV010000003.1_94	72961	73362	1		in_input_no_accepted_KO
NEE56_danakil__GCA_042218065.1|JBDGRL010000005.1_15	NEE56_danakil__GCA_042218065.1	NEE56_danakil__GCA_042218065.1|JBDGRL010000005.1	-5	58	False	NEE56_danakil__GCA_042218065.1|JBDGRL010000005.1_10	13879	14601	1		in_input_no_accepted_KO
NEE56_danakil__GCA_042218065.1|JBDGRL010000005.1_15	NEE56_danakil__GCA_042218065.1	NEE56_danakil__GCA_042218065.1|JBDGRL010000005.1	-4	58	False	NEE56_danakil__GCA_042218065.1|JBDGRL010000005.1_11	14670	15323	-1	K03088	accepted_KO
NEE56_danakil__GCA_042218065.1|JBDGRL010000005.1_15	NEE56_danakil__GCA_042218065.1	NEE56_danakil__GCA_042218065.1|JBDGRL010000005.1	-3	58	False	NEE56_danakil__GCA_042218065.1|JBDGRL010000005.1_12	15496	15855	1		in_input_no_accepted_KO
NEE56_danakil__GCA_042218065.1|JBDGRL010000005.1_15	NEE56_danakil__GCA_042218065.1	NEE56_danakil__GCA_042218065.1|JBDGRL010000005.1	-2	58	False	NEE56_danakil__GCA_042218065.1|JBDGRL010000005.1_13	15880	16713	1	K10563	accepted_KO
NEE56_danakil__GCA_042218065.1|JBDGRL010000005.1_15	NEE56_danakil__GCA_042218065.1	NEE56_danakil__GCA_042218065.1|JBDGRL010000005.1	-1	58	False	NEE56_danakil__GCA_042218065.1|JBDGRL010000005.1_14	16716	17786	1	K16052	accepted_KO
NEE56_danakil__GCA_042218065.1|JBDGRL010000005.1_15	NEE56_danakil__GCA_042218065.1	NEE56_danakil__GCA_042218065.1|JBDGRL010000005.1	0	58	False	NEE56_danakil__GCA_042218065.1|JBDGRL010000005.1_15	17906	19084	1		in_input_no_accepted_KO
NEE56_danakil__GCA_042218065.1|JBDGRL010000005.1_15	NEE56_danakil__GCA_042218065.1	NEE56_danakil__GCA_042218065.1|JBDGRL010000005.1	1	58	False	NEE56_danakil__GCA_042218065.1|JBDGRL010000005.1_16	19471	19647	1		in_input_no_accepted_KO
NEE56_danakil__GCA_042218065.1|JBDGRL010000005.1_15	NEE56_danakil__GCA_042218065.1	NEE56_danakil__GCA_042218065.1|JBDGRL010000005.1	2	58	False	NEE56_danakil__GCA_042218065.1|JBDGRL010000005.1_17	19767	20282	1		in_input_no_accepted_KO
NEE56_danakil__GCA_042218065.1|JBDGRL010000005.1_15	NEE56_danakil__GCA_042218065.1	NEE56_danakil__GCA_042218065.1|JBDGRL010000005.1	3	58	False	NEE56_danakil__GCA_042218065.1|JBDGRL010000005.1_18	20481	22553	1	K03072	accepted_KO
NEE56_danakil__GCA_042218065.1|JBDGRL010000005.1_15	NEE56_danakil__GCA_042218065.1	NEE56_danakil__GCA_042218065.1|JBDGRL010000005.1	4	58	False	NEE56_danakil__GCA_042218065.1|JBDGRL010000005.1_19	22555	23454	1		in_input_no_accepted_KO
NEE56_danakil__GCA_042218065.1|JBDGRL010000005.1_15	NEE56_danakil__GCA_042218065.1	NEE56_danakil__GCA_042218065.1|JBDGRL010000005.1	5	58	False	NEE56_danakil__GCA_042218065.1|JBDGRL010000005.1_20	23751	25163	1		in_input_no_accepted_KO
NEE56_danakil__GCA_042218715.1|JBDGQU010000120.1_10	NEE56_danakil__GCA_042218715.1	NEE56_danakil__GCA_042218715.1|JBDGQU010000120.1	-5	17	False	NEE56_danakil__GCA_042218715.1|JBDGQU010000120.1_5	4972	6555	1		in_input_no_accepted_KO
NEE56_danakil__GCA_042218715.1|JBDGQU010000120.1_10	NEE56_danakil__GCA_042218715.1	NEE56_danakil__GCA_042218715.1|JBDGQU010000120.1	-4	17	False	NEE56_danakil__GCA_042218715.1|JBDGQU010000120.1_6	6973	8643	-1		in_input_no_accepted_KO
NEE56_danakil__GCA_042218715.1|JBDGQU010000120.1_10	NEE56_danakil__GCA_042218715.1	NEE56_danakil__GCA_042218715.1|JBDGQU010000120.1	-3	17	False	NEE56_danakil__GCA_042218715.1|JBDGQU010000120.1_7	9008	9979	1	K01990	accepted_KO
NEE56_danakil__GCA_042218715.1|JBDGQU010000120.1_10	NEE56_danakil__GCA_042218715.1	NEE56_danakil__GCA_042218715.1|JBDGQU010000120.1	-2	17	False	NEE56_danakil__GCA_042218715.1|JBDGQU010000120.1_8	9982	10740	1		in_input_no_accepted_KO
NEE56_danakil__GCA_042218715.1|JBDGQU010000120.1_10	NEE56_danakil__GCA_042218715.1	NEE56_danakil__GCA_042218715.1|JBDGQU010000120.1	-1	17	False	NEE56_danakil__GCA_042218715.1|JBDGQU010000120.1_9	10869	11648	1	K15539	accepted_KO
NEE56_danakil__GCA_042218715.1|JBDGQU010000120.1_10	NEE56_danakil__GCA_042218715.1	NEE56_danakil__GCA_042218715.1|JBDGQU010000120.1	0	17	False	NEE56_danakil__GCA_042218715.1|JBDGQU010000120.1_10	11813	14830	1	K08264	accepted_KO
NEE56_danakil__GCA_042218715.1|JBDGQU010000120.1_10	NEE56_danakil__GCA_042218715.1	NEE56_danakil__GCA_042218715.1|JBDGQU010000120.1	1	17	False	NEE56_danakil__GCA_042218715.1|JBDGQU010000120.1_11	14935	16107	-1		in_input_no_accepted_KO
NEE56_danakil__GCA_042218715.1|JBDGQU010000120.1_10	NEE56_danakil__GCA_042218715.1	NEE56_danakil__GCA_042218715.1|JBDGQU010000120.1	2	17	False	NEE56_danakil__GCA_042218715.1|JBDGQU010000120.1_12	16120	17484	-1		in_input_no_accepted_KO
NEE56_danakil__GCA_042218715.1|JBDGQU010000120.1_10	NEE56_danakil__GCA_042218715.1	NEE56_danakil__GCA_042218715.1|JBDGQU010000120.1	3	17	False	NEE56_danakil__GCA_042218715.1|JBDGQU010000120.1_13	17493	18383	-1		in_input_no_accepted_KO
NEE56_danakil__GCA_042218715.1|JBDGQU010000120.1_10	NEE56_danakil__GCA_042218715.1	NEE56_danakil__GCA_042218715.1|JBDGQU010000120.1	4	17	False	NEE56_danakil__GCA_042218715.1|JBDGQU010000120.1_14	18592	19941	-1		in_input_no_accepted_KO
NEE56_danakil__GCA_042218715.1|JBDGQU010000120.1_10	NEE56_danakil__GCA_042218715.1	NEE56_danakil__GCA_042218715.1|JBDGQU010000120.1	5	17	False	NEE56_danakil__GCA_042218715.1|JBDGQU010000120.1_15	20058	20873	1		in_input_no_accepted_KO
NEE56_danakil__GCA_042218715.1|JBDGQU010000128.1_1	NEE56_danakil__GCA_042218715.1	NEE56_danakil__GCA_042218715.1|JBDGQU010000128.1	0	2	True	NEE56_danakil__GCA_042218715.1|JBDGQU010000128.1_1	1	2337	-1		in_input_no_accepted_KO
NEE56_danakil__GCA_042218715.1|JBDGQU010000128.1_1	NEE56_danakil__GCA_042218715.1	NEE56_danakil__GCA_042218715.1|JBDGQU010000128.1	1	2	True	NEE56_danakil__GCA_042218715.1|JBDGQU010000128.1_2	2445	2564	1		in_input_no_accepted_KO
NEE56_danakil__GCA_042218715.1|JBDGQU010000048.1_2	NEE56_danakil__GCA_042218715.1	NEE56_danakil__GCA_042218715.1|JBDGQU010000048.1	-1	6	True	NEE56_danakil__GCA_042218715.1|JBDGQU010000048.1_1	256	2883	-1		in_input_no_accepted_KO
NEE56_danakil__GCA_042218715.1|JBDGQU010000048.1_2	NEE56_danakil__GCA_042218715.1	NEE56_danakil__GCA_042218715.1|JBDGQU010000048.1	0	6	True	NEE56_danakil__GCA_042218715.1|JBDGQU010000048.1_2	2888	3961	-1		in_input_no_accepted_KO
NEE56_danakil__GCA_042218715.1|JBDGQU010000048.1_2	NEE56_danakil__GCA_042218715.1	NEE56_danakil__GCA_042218715.1|JBDGQU010000048.1	1	6	True	NEE56_danakil__GCA_042218715.1|JBDGQU010000048.1_3	4021	4845	-1	K02026	accepted_KO
NEE56_danakil__GCA_042218715.1|JBDGQU010000048.1_2	NEE56_danakil__GCA_042218715.1	NEE56_danakil__GCA_042218715.1|JBDGQU010000048.1	2	6	True	NEE56_danakil__GCA_042218715.1|JBDGQU010000048.1_4	4842	5726	-1	K02025	accepted_KO
NEE56_danakil__GCA_042218715.1|JBDGQU010000048.1_2	NEE56_danakil__GCA_042218715.1	NEE56_danakil__GCA_042218715.1|JBDGQU010000048.1	3	6	True	NEE56_danakil__GCA_042218715.1|JBDGQU010000048.1_5	5898	7130	-1	K02027	accepted_KO
NEE56_danakil__GCA_042218715.1|JBDGQU010000048.1_2	NEE56_danakil__GCA_042218715.1	NEE56_danakil__GCA_042218715.1|JBDGQU010000048.1	4	6	True	NEE56_danakil__GCA_042218715.1|JBDGQU010000048.1_6	7257	8258	-1	K02529	accepted_KO
NEE56_danakil__GCA_042218715.1|JBDGQU010000056.1_20	NEE56_danakil__GCA_042218715.1	NEE56_danakil__GCA_042218715.1|JBDGQU010000056.1	-5	35	False	NEE56_danakil__GCA_042218715.1|JBDGQU010000056.1_15	18703	19086	1		in_input_no_accepted_KO
NEE56_danakil__GCA_042218715.1|JBDGQU010000056.1_20	NEE56_danakil__GCA_042218715.1	NEE56_danakil__GCA_042218715.1|JBDGQU010000056.1	-4	35	False	NEE56_danakil__GCA_042218715.1|JBDGQU010000056.1_16	19182	20417	1	K08217	accepted_KO
NEE56_danakil__GCA_042218715.1|JBDGQU010000056.1_20	NEE56_danakil__GCA_042218715.1	NEE56_danakil__GCA_042218715.1|JBDGQU010000056.1	-3	35	False	NEE56_danakil__GCA_042218715.1|JBDGQU010000056.1_17	20571	22550	1	K16147	accepted_KO
NEE56_danakil__GCA_042218715.1|JBDGQU010000056.1_20	NEE56_danakil__GCA_042218715.1	NEE56_danakil__GCA_042218715.1|JBDGQU010000056.1	-2	35	False	NEE56_danakil__GCA_042218715.1|JBDGQU010000056.1_18	22670	26008	1	K05343	accepted_KO
NEE56_danakil__GCA_042218715.1|JBDGQU010000056.1_20	NEE56_danakil__GCA_042218715.1	NEE56_danakil__GCA_042218715.1|JBDGQU010000056.1	-1	35	False	NEE56_danakil__GCA_042218715.1|JBDGQU010000056.1_19	26010	27932	1	K00700	accepted_KO
NEE56_danakil__GCA_042218715.1|JBDGQU010000056.1_20	NEE56_danakil__GCA_042218715.1	NEE56_danakil__GCA_042218715.1|JBDGQU010000056.1	0	35	False	NEE56_danakil__GCA_042218715.1|JBDGQU010000056.1_20	27987	30443	1		in_input_no_accepted_KO
NEE56_danakil__GCA_042218715.1|JBDGQU010000056.1_20	NEE56_danakil__GCA_042218715.1	NEE56_danakil__GCA_042218715.1|JBDGQU010000056.1	1	35	False	NEE56_danakil__GCA_042218715.1|JBDGQU010000056.1_21	30453	32096	-1	K00688	accepted_KO
NEE56_danakil__GCA_042218715.1|JBDGQU010000056.1_20	NEE56_danakil__GCA_042218715.1	NEE56_danakil__GCA_042218715.1|JBDGQU010000056.1	2	35	False	NEE56_danakil__GCA_042218715.1|JBDGQU010000056.1_22	32382	32888	-1		in_input_no_accepted_KO
NEE56_danakil__GCA_042218715.1|JBDGQU010000056.1_20	NEE56_danakil__GCA_042218715.1	NEE56_danakil__GCA_042218715.1|JBDGQU010000056.1	3	35	False	NEE56_danakil__GCA_042218715.1|JBDGQU010000056.1_23	33031	33621	-1		in_input_no_accepted_KO
NEE56_danakil__GCA_042218715.1|JBDGQU010000056.1_20	NEE56_danakil__GCA_042218715.1	NEE56_danakil__GCA_042218715.1|JBDGQU010000056.1	4	35	False	NEE56_danakil__GCA_042218715.1|JBDGQU010000056.1_24	33765	34259	-1		in_input_no_accepted_KO
NEE56_danakil__GCA_042218715.1|JBDGQU010000056.1_20	NEE56_danakil__GCA_042218715.1	NEE56_danakil__GCA_042218715.1|JBDGQU010000056.1	5	35	False	NEE56_danakil__GCA_042218715.1|JBDGQU010000056.1_25	34489	35457	1	K00334	accepted_KO
NEE56_danakil__GCA_042218715.1|JBDGQU010000071.1_2	NEE56_danakil__GCA_042218715.1	NEE56_danakil__GCA_042218715.1|JBDGQU010000071.1	-1	12	True	NEE56_danakil__GCA_042218715.1|JBDGQU010000071.1_1	2	67	-1		in_input_no_accepted_KO
NEE56_danakil__GCA_042218715.1|JBDGQU010000071.1_2	NEE56_danakil__GCA_042218715.1	NEE56_danakil__GCA_042218715.1|JBDGQU010000071.1	0	12	True	NEE56_danakil__GCA_042218715.1|JBDGQU010000071.1_2	100	3312	-1	K01191	accepted_KO
NEE56_danakil__GCA_042218715.1|JBDGQU010000071.1_2	NEE56_danakil__GCA_042218715.1	NEE56_danakil__GCA_042218715.1|JBDGQU010000071.1	1	12	True	NEE56_danakil__GCA_042218715.1|JBDGQU010000071.1_3	3309	3653	-1		in_input_no_accepted_KO
NEE56_danakil__GCA_042218715.1|JBDGQU010000071.1_2	NEE56_danakil__GCA_042218715.1	NEE56_danakil__GCA_042218715.1|JBDGQU010000071.1	2	12	True	NEE56_danakil__GCA_042218715.1|JBDGQU010000071.1_4	4019	5623	-1	K01208	accepted_KO
NEE56_danakil__GCA_042218715.1|JBDGQU010000071.1_2	NEE56_danakil__GCA_042218715.1	NEE56_danakil__GCA_042218715.1|JBDGQU010000071.1	3	12	True	NEE56_danakil__GCA_042218715.1|JBDGQU010000071.1_5	5704	5889	-1		in_input_no_accepted_KO
NEE56_danakil__GCA_042218715.1|JBDGQU010000071.1_2	NEE56_danakil__GCA_042218715.1	NEE56_danakil__GCA_042218715.1|JBDGQU010000071.1	4	12	True	NEE56_danakil__GCA_042218715.1|JBDGQU010000071.1_6	6027	6920	-1	K15772	accepted_KO
NEE56_danakil__GCA_042218715.1|JBDGQU010000071.1_2	NEE56_danakil__GCA_042218715.1	NEE56_danakil__GCA_042218715.1|JBDGQU010000071.1	5	12	True	NEE56_danakil__GCA_042218715.1|JBDGQU010000071.1_7	6913	8481	-1	K15771	accepted_KO
NEE56_danakil__GCF_042216475.1|NZ_JBDGTV010000012.1_88	NEE56_danakil__GCF_042216475.1	NEE56_danakil__GCF_042216475.1|NZ_JBDGTV010000012.1	-5	147	False	NEE56_danakil__GCF_042216475.1|NZ_JBDGTV010000012.1_83	81019	82533	-1		in_input_no_accepted_KO
NEE56_danakil__GCF_042216475.1|NZ_JBDGTV010000012.1_88	NEE56_danakil__GCF_042216475.1	NEE56_danakil__GCF_042216475.1|NZ_JBDGTV010000012.1	-4	147	False	NEE56_danakil__GCF_042216475.1|NZ_JBDGTV010000012.1_84	82609	83712	-1	K23356	accepted_KO
NEE56_danakil__GCF_042216475.1|NZ_JBDGTV010000012.1_88	NEE56_danakil__GCF_042216475.1	NEE56_danakil__GCF_042216475.1|NZ_JBDGTV010000012.1	-3	147	False	NEE56_danakil__GCF_042216475.1|NZ_JBDGTV010000012.1_85	83755	84747	-1	K23107	accepted_KO
NEE56_danakil__GCF_042216475.1|NZ_JBDGTV010000012.1_88	NEE56_danakil__GCF_042216475.1	NEE56_danakil__GCF_042216475.1|NZ_JBDGTV010000012.1	-2	147	False	NEE56_danakil__GCF_042216475.1|NZ_JBDGTV010000012.1_86	84823	85629	1		in_input_no_accepted_KO
NEE56_danakil__GCF_042216475.1|NZ_JBDGTV010000012.1_88	NEE56_danakil__GCF_042216475.1	NEE56_danakil__GCF_042216475.1|NZ_JBDGTV010000012.1	-1	147	False	NEE56_danakil__GCF_042216475.1|NZ_JBDGTV010000012.1_87	85690	86658	1		in_input_no_accepted_KO
NEE56_danakil__GCF_042216475.1|NZ_JBDGTV010000012.1_88	NEE56_danakil__GCF_042216475.1	NEE56_danakil__GCF_042216475.1|NZ_JBDGTV010000012.1	0	147	False	NEE56_danakil__GCF_042216475.1|NZ_JBDGTV010000012.1_88	86793	88142	1	K00692	accepted_KO
NEE56_danakil__GCF_042216475.1|NZ_JBDGTV010000012.1_88	NEE56_danakil__GCF_042216475.1	NEE56_danakil__GCF_042216475.1|NZ_JBDGTV010000012.1	1	147	False	NEE56_danakil__GCF_042216475.1|NZ_JBDGTV010000012.1_89	88139	90283	-1	K01193	accepted_KO
NEE56_danakil__GCF_042216475.1|NZ_JBDGTV010000012.1_88	NEE56_danakil__GCF_042216475.1	NEE56_danakil__GCF_042216475.1|NZ_JBDGTV010000012.1	2	147	False	NEE56_danakil__GCF_042216475.1|NZ_JBDGTV010000012.1_90	90351	90800	-1		in_input_no_accepted_KO
NEE56_danakil__GCF_042216475.1|NZ_JBDGTV010000012.1_88	NEE56_danakil__GCF_042216475.1	NEE56_danakil__GCF_042216475.1|NZ_JBDGTV010000012.1	3	147	False	NEE56_danakil__GCF_042216475.1|NZ_JBDGTV010000012.1_91	90909	92087	1	K00111	accepted_KO
NEE56_danakil__GCF_042216475.1|NZ_JBDGTV010000012.1_88	NEE56_danakil__GCF_042216475.1	NEE56_danakil__GCF_042216475.1|NZ_JBDGTV010000012.1	4	147	False	NEE56_danakil__GCF_042216475.1|NZ_JBDGTV010000012.1_92	92071	92517	-1		in_input_no_accepted_KO
NEE56_danakil__GCF_042216475.1|NZ_JBDGTV010000012.1_88	NEE56_danakil__GCF_042216475.1	NEE56_danakil__GCF_042216475.1|NZ_JBDGTV010000012.1	5	147	False	NEE56_danakil__GCF_042216475.1|NZ_JBDGTV010000012.1_93	92607	94016	1	K01679	accepted_KO
NEE56_mackay__GCA_013697005.1|JACCXM010000067.1_12	NEE56_mackay__GCA_013697005.1	NEE56_mackay__GCA_013697005.1|JACCXM010000067.1	-5	29	False	NEE56_mackay__GCA_013697005.1|JACCXM010000067.1_7	6137	6655	1		in_input_no_accepted_KO
NEE56_mackay__GCA_013697005.1|JACCXM010000067.1_12	NEE56_mackay__GCA_013697005.1	NEE56_mackay__GCA_013697005.1|JACCXM010000067.1	-4	29	False	NEE56_mackay__GCA_013697005.1|JACCXM010000067.1_8	6589	7770	-1		in_input_no_accepted_KO
NEE56_mackay__GCA_013697005.1|JACCXM010000067.1_12	NEE56_mackay__GCA_013697005.1	NEE56_mackay__GCA_013697005.1|JACCXM010000067.1	-3	29	False	NEE56_mackay__GCA_013697005.1|JACCXM010000067.1_9	7920	9587	1	K05343	accepted_KO
NEE56_mackay__GCA_013697005.1|JACCXM010000067.1_12	NEE56_mackay__GCA_013697005.1	NEE56_mackay__GCA_013697005.1|JACCXM010000067.1	-2	29	False	NEE56_mackay__GCA_013697005.1|JACCXM010000067.1_10	9584	11080	1		in_input_no_accepted_KO
NEE56_mackay__GCA_013697005.1|JACCXM010000067.1_12	NEE56_mackay__GCA_013697005.1	NEE56_mackay__GCA_013697005.1|JACCXM010000067.1	-1	29	False	NEE56_mackay__GCA_013697005.1|JACCXM010000067.1_11	11077	12861	-1	K16149	accepted_KO
NEE56_mackay__GCA_013697005.1|JACCXM010000067.1_12	NEE56_mackay__GCA_013697005.1	NEE56_mackay__GCA_013697005.1|JACCXM010000067.1	0	29	False	NEE56_mackay__GCA_013697005.1|JACCXM010000067.1_12	12858	14456	-1	K00705	accepted_KO
NEE56_mackay__GCA_013697005.1|JACCXM010000067.1_12	NEE56_mackay__GCA_013697005.1	NEE56_mackay__GCA_013697005.1|JACCXM010000067.1	1	29	False	NEE56_mackay__GCA_013697005.1|JACCXM010000067.1_13	14560	14931	-1	K02909	accepted_KO
NEE56_mackay__GCA_013697005.1|JACCXM010000067.1_12	NEE56_mackay__GCA_013697005.1	NEE56_mackay__GCA_013697005.1|JACCXM010000067.1	2	29	False	NEE56_mackay__GCA_013697005.1|JACCXM010000067.1_14	14990	15328	-1	K02899	accepted_KO
NEE56_mackay__GCA_013697005.1|JACCXM010000067.1_12	NEE56_mackay__GCA_013697005.1	NEE56_mackay__GCA_013697005.1|JACCXM010000067.1	3	29	False	NEE56_mackay__GCA_013697005.1|JACCXM010000067.1_15	15363	15677	-1	K02888	accepted_KO
NEE56_mackay__GCA_013697005.1|JACCXM010000067.1_12	NEE56_mackay__GCA_013697005.1	NEE56_mackay__GCA_013697005.1|JACCXM010000067.1	4	29	False	NEE56_mackay__GCA_013697005.1|JACCXM010000067.1_16	15920	16165	1		in_input_no_accepted_KO
NEE56_mackay__GCA_013697005.1|JACCXM010000067.1_12	NEE56_mackay__GCA_013697005.1	NEE56_mackay__GCA_013697005.1|JACCXM010000067.1	5	29	False	NEE56_mackay__GCA_013697005.1|JACCXM010000067.1_17	16162	17604	1	K01426	accepted_KO
NEE56_mackay__GCA_013697005.1|JACCXM010000150.1_1	NEE56_mackay__GCA_013697005.1	NEE56_mackay__GCA_013697005.1|JACCXM010000150.1	0	6	True	NEE56_mackay__GCA_013697005.1|JACCXM010000150.1_1	1	1353	1	K07406	accepted_KO
NEE56_mackay__GCA_013697005.1|JACCXM010000150.1_1	NEE56_mackay__GCA_013697005.1	NEE56_mackay__GCA_013697005.1|JACCXM010000150.1	1	6	True	NEE56_mackay__GCA_013697005.1|JACCXM010000150.1_2	1445	1708	-1		in_input_no_accepted_KO
NEE56_mackay__GCA_013697005.1|JACCXM010000150.1_1	NEE56_mackay__GCA_013697005.1	NEE56_mackay__GCA_013697005.1|JACCXM010000150.1	2	6	True	NEE56_mackay__GCA_013697005.1|JACCXM010000150.1_3	1651	1893	-1		in_input_no_accepted_KO
NEE56_mackay__GCA_013697005.1|JACCXM010000150.1_1	NEE56_mackay__GCA_013697005.1	NEE56_mackay__GCA_013697005.1|JACCXM010000150.1	3	6	True	NEE56_mackay__GCA_013697005.1|JACCXM010000150.1_4	2181	3053	1	K11939	accepted_KO
NEE56_mackay__GCA_013697005.1|JACCXM010000150.1_1	NEE56_mackay__GCA_013697005.1	NEE56_mackay__GCA_013697005.1|JACCXM010000150.1	4	6	True	NEE56_mackay__GCA_013697005.1|JACCXM010000150.1_5	3332	3589	-1		in_input_no_accepted_KO
NEE56_mackay__GCA_013697005.1|JACCXM010000150.1_1	NEE56_mackay__GCA_013697005.1	NEE56_mackay__GCA_013697005.1|JACCXM010000150.1	5	6	True	NEE56_mackay__GCA_013697005.1|JACCXM010000150.1_6	3625	3855	-1		in_input_no_accepted_KO
NEE56_mackay__GCA_013697005.1|JACCXM010000017.1_6	NEE56_mackay__GCA_013697005.1	NEE56_mackay__GCA_013697005.1|JACCXM010000017.1	-5	7	True	NEE56_mackay__GCA_013697005.1|JACCXM010000017.1_1	2	175	-1		in_input_no_accepted_KO
NEE56_mackay__GCA_013697005.1|JACCXM010000017.1_6	NEE56_mackay__GCA_013697005.1	NEE56_mackay__GCA_013697005.1|JACCXM010000017.1	-4	7	True	NEE56_mackay__GCA_013697005.1|JACCXM010000017.1_2	117	713	-1		in_input_no_accepted_KO
NEE56_mackay__GCA_013697005.1|JACCXM010000017.1_6	NEE56_mackay__GCA_013697005.1	NEE56_mackay__GCA_013697005.1|JACCXM010000017.1	-3	7	True	NEE56_mackay__GCA_013697005.1|JACCXM010000017.1_3	653	1399	-1		in_input_no_accepted_KO
NEE56_mackay__GCA_013697005.1|JACCXM010000017.1_6	NEE56_mackay__GCA_013697005.1	NEE56_mackay__GCA_013697005.1|JACCXM010000017.1	-2	7	True	NEE56_mackay__GCA_013697005.1|JACCXM010000017.1_4	1866	2762	1		in_input_no_accepted_KO
NEE56_mackay__GCA_013697005.1|JACCXM010000017.1_6	NEE56_mackay__GCA_013697005.1	NEE56_mackay__GCA_013697005.1|JACCXM010000017.1	-1	7	True	NEE56_mackay__GCA_013697005.1|JACCXM010000017.1_5	2870	3568	1		in_input_no_accepted_KO
NEE56_mackay__GCA_013697005.1|JACCXM010000017.1_6	NEE56_mackay__GCA_013697005.1	NEE56_mackay__GCA_013697005.1|JACCXM010000017.1	0	7	True	NEE56_mackay__GCA_013697005.1|JACCXM010000017.1_6	3690	5108	-1		in_input_no_accepted_KO
NEE56_mackay__GCA_013697005.1|JACCXM010000017.1_6	NEE56_mackay__GCA_013697005.1	NEE56_mackay__GCA_013697005.1|JACCXM010000017.1	1	7	True	NEE56_mackay__GCA_013697005.1|JACCXM010000017.1_7	5324	6088	-1		in_input_no_accepted_KO
NEE56_mackay__GCA_013697005.1|JACCXM010000024.1_1	NEE56_mackay__GCA_013697005.1	NEE56_mackay__GCA_013697005.1|JACCXM010000024.1	0	5	True	NEE56_mackay__GCA_013697005.1|JACCXM010000024.1_1	254	1804	-1		in_input_no_accepted_KO
NEE56_mackay__GCA_013697005.1|JACCXM010000024.1_1	NEE56_mackay__GCA_013697005.1	NEE56_mackay__GCA_013697005.1|JACCXM010000024.1	1	5	True	NEE56_mackay__GCA_013697005.1|JACCXM010000024.1_2	2627	3298	-1		in_input_no_accepted_KO
NEE56_mackay__GCA_013697005.1|JACCXM010000024.1_1	NEE56_mackay__GCA_013697005.1	NEE56_mackay__GCA_013697005.1|JACCXM010000024.1	2	5	True	NEE56_mackay__GCA_013697005.1|JACCXM010000024.1_3	3808	4383	1		in_input_no_accepted_KO
NEE56_mackay__GCA_013697005.1|JACCXM010000024.1_1	NEE56_mackay__GCA_013697005.1	NEE56_mackay__GCA_013697005.1|JACCXM010000024.1	3	5	True	NEE56_mackay__GCA_013697005.1|JACCXM010000024.1_4	4713	5258	1		in_input_no_accepted_KO
NEE56_mackay__GCA_013697005.1|JACCXM010000024.1_1	NEE56_mackay__GCA_013697005.1	NEE56_mackay__GCA_013697005.1|JACCXM010000024.1	4	5	True	NEE56_mackay__GCA_013697005.1|JACCXM010000024.1_5	5438	6100	1		in_input_no_accepted_KO
NEE56_mackay__GCA_013697005.1|JACCXM010000451.1_2	NEE56_mackay__GCA_013697005.1	NEE56_mackay__GCA_013697005.1|JACCXM010000451.1	-1	2	True	NEE56_mackay__GCA_013697005.1|JACCXM010000451.1_1	111	2651	-1	K01869	accepted_KO
NEE56_mackay__GCA_013697005.1|JACCXM010000451.1_2	NEE56_mackay__GCA_013697005.1	NEE56_mackay__GCA_013697005.1|JACCXM010000451.1	0	2	True	NEE56_mackay__GCA_013697005.1|JACCXM010000451.1_2	4058	5443	-1		in_input_no_accepted_KO
NEE56_mackay__GCA_013697005.1|JACCXM010000152.1_5	NEE56_mackay__GCA_013697005.1	NEE56_mackay__GCA_013697005.1|JACCXM010000152.1	-4	6	True	NEE56_mackay__GCA_013697005.1|JACCXM010000152.1_1	3	989	1	K08223	accepted_KO
NEE56_mackay__GCA_013697005.1|JACCXM010000152.1_5	NEE56_mackay__GCA_013697005.1	NEE56_mackay__GCA_013697005.1|JACCXM010000152.1	-3	6	True	NEE56_mackay__GCA_013697005.1|JACCXM010000152.1_2	997	1326	1		in_input_no_accepted_KO
NEE56_mackay__GCA_013697005.1|JACCXM010000152.1_5	NEE56_mackay__GCA_013697005.1	NEE56_mackay__GCA_013697005.1|JACCXM010000152.1	-2	6	True	NEE56_mackay__GCA_013697005.1|JACCXM010000152.1_3	1430	2125	1		in_input_no_accepted_KO
NEE56_mackay__GCA_013697005.1|JACCXM010000152.1_5	NEE56_mackay__GCA_013697005.1	NEE56_mackay__GCA_013697005.1|JACCXM010000152.1	-1	6	True	NEE56_mackay__GCA_013697005.1|JACCXM010000152.1_4	2130	3695	-1	K02035	accepted_KO
NEE56_mackay__GCA_013697005.1|JACCXM010000152.1_5	NEE56_mackay__GCA_013697005.1	NEE56_mackay__GCA_013697005.1|JACCXM010000152.1	0	6	True	NEE56_mackay__GCA_013697005.1|JACCXM010000152.1_5	3819	6980	-1		in_input_no_accepted_KO
NEE56_mackay__GCA_013697005.1|JACCXM010000152.1_5	NEE56_mackay__GCA_013697005.1	NEE56_mackay__GCA_013697005.1|JACCXM010000152.1	1	6	True	NEE56_mackay__GCA_013697005.1|JACCXM010000152.1_6	7069	7509	1	K16203	accepted_KO
NEE56_mackay__GCA_013697005.1|JACCXM010000012.1_2	NEE56_mackay__GCA_013697005.1	NEE56_mackay__GCA_013697005.1|JACCXM010000012.1	-1	13	True	NEE56_mackay__GCA_013697005.1|JACCXM010000012.1_1	3	275	-1		in_input_no_accepted_KO
NEE56_mackay__GCA_013697005.1|JACCXM010000012.1_2	NEE56_mackay__GCA_013697005.1	NEE56_mackay__GCA_013697005.1|JACCXM010000012.1	0	13	True	NEE56_mackay__GCA_013697005.1|JACCXM010000012.1_2	278	1360	-1	K22348	accepted_KO
NEE56_mackay__GCA_013697005.1|JACCXM010000012.1_2	NEE56_mackay__GCA_013697005.1	NEE56_mackay__GCA_013697005.1|JACCXM010000012.1	1	13	True	NEE56_mackay__GCA_013697005.1|JACCXM010000012.1_3	1396	2202	-1	K16937	accepted_KO
NEE56_mackay__GCA_013697005.1|JACCXM010000012.1_2	NEE56_mackay__GCA_013697005.1	NEE56_mackay__GCA_013697005.1|JACCXM010000012.1	2	13	True	NEE56_mackay__GCA_013697005.1|JACCXM010000012.1_4	2199	2696	-1		in_input_no_accepted_KO
NEE56_mackay__GCA_013697005.1|JACCXM010000012.1_2	NEE56_mackay__GCA_013697005.1	NEE56_mackay__GCA_013697005.1|JACCXM010000012.1	3	13	True	NEE56_mackay__GCA_013697005.1|JACCXM010000012.1_5	2833	3492	-1		in_input_no_accepted_KO
NEE56_mackay__GCA_013697005.1|JACCXM010000012.1_2	NEE56_mackay__GCA_013697005.1	NEE56_mackay__GCA_013697005.1|JACCXM010000012.1	4	13	True	NEE56_mackay__GCA_013697005.1|JACCXM010000012.1_6	3473	4867	-1		in_input_no_accepted_KO
NEE56_mackay__GCA_013697005.1|JACCXM010000012.1_2	NEE56_mackay__GCA_013697005.1	NEE56_mackay__GCA_013697005.1|JACCXM010000012.1	5	13	True	NEE56_mackay__GCA_013697005.1|JACCXM010000012.1_7	4864	5853	-1	K01053	accepted_KO
NEE56_mackay__GCA_013697005.1|JACCXM010000344.1_1	NEE56_mackay__GCA_013697005.1	NEE56_mackay__GCA_013697005.1|JACCXM010000344.1	0	2	True	NEE56_mackay__GCA_013697005.1|JACCXM010000344.1_1	196	1590	1		in_input_no_accepted_KO
NEE56_mackay__GCA_013697005.1|JACCXM010000344.1_1	NEE56_mackay__GCA_013697005.1	NEE56_mackay__GCA_013697005.1|JACCXM010000344.1	1	2	True	NEE56_mackay__GCA_013697005.1|JACCXM010000344.1_2	1689	2231	1		in_input_no_accepted_KO
NEE56_mackay__GCA_013697005.1|JACCXM010000041.1_2	NEE56_mackay__GCA_013697005.1	NEE56_mackay__GCA_013697005.1|JACCXM010000041.1	-1	4	True	NEE56_mackay__GCA_013697005.1|JACCXM010000041.1_1	3	338	1		in_input_no_accepted_KO
NEE56_mackay__GCA_013697005.1|JACCXM010000041.1_2	NEE56_mackay__GCA_013697005.1	NEE56_mackay__GCA_013697005.1|JACCXM010000041.1	0	4	True	NEE56_mackay__GCA_013697005.1|JACCXM010000041.1_2	464	1873	-1		in_input_no_accepted_KO
NEE56_mackay__GCA_013697005.1|JACCXM010000041.1_2	NEE56_mackay__GCA_013697005.1	NEE56_mackay__GCA_013697005.1|JACCXM010000041.1	1	4	True	NEE56_mackay__GCA_013697005.1|JACCXM010000041.1_3	1993	2214	-1		in_input_no_accepted_KO
NEE56_mackay__GCA_013697005.1|JACCXM010000041.1_2	NEE56_mackay__GCA_013697005.1	NEE56_mackay__GCA_013697005.1|JACCXM010000041.1	2	4	True	NEE56_mackay__GCA_013697005.1|JACCXM010000041.1_4	2402	5446	-1		in_input_no_accepted_KO
NEE56_mackay__GCA_013697005.1|JACCXM010000232.1_5	NEE56_mackay__GCA_013697005.1	NEE56_mackay__GCA_013697005.1|JACCXM010000232.1	-4	7	True	NEE56_mackay__GCA_013697005.1|JACCXM010000232.1_1	3	1184	1		in_input_no_accepted_KO
NEE56_mackay__GCA_013697005.1|JACCXM010000232.1_5	NEE56_mackay__GCA_013697005.1	NEE56_mackay__GCA_013697005.1|JACCXM010000232.1	-3	7	True	NEE56_mackay__GCA_013697005.1|JACCXM010000232.1_2	1201	1959	1		in_input_no_accepted_KO
NEE56_mackay__GCA_013697005.1|JACCXM010000232.1_5	NEE56_mackay__GCA_013697005.1	NEE56_mackay__GCA_013697005.1|JACCXM010000232.1	-2	7	True	NEE56_mackay__GCA_013697005.1|JACCXM010000232.1_3	1949	2884	1		in_input_no_accepted_KO
NEE56_mackay__GCA_013697005.1|JACCXM010000232.1_5	NEE56_mackay__GCA_013697005.1	NEE56_mackay__GCA_013697005.1|JACCXM010000232.1	-1	7	True	NEE56_mackay__GCA_013697005.1|JACCXM010000232.1_4	3059	3325	-1		in_input_no_accepted_KO
NEE56_mackay__GCA_013697005.1|JACCXM010000232.1_5	NEE56_mackay__GCA_013697005.1	NEE56_mackay__GCA_013697005.1|JACCXM010000232.1	0	7	True	NEE56_mackay__GCA_013697005.1|JACCXM010000232.1_5	3387	5087	-1		in_input_no_accepted_KO
NEE56_mackay__GCA_013697005.1|JACCXM010000232.1_5	NEE56_mackay__GCA_013697005.1	NEE56_mackay__GCA_013697005.1|JACCXM010000232.1	1	7	True	NEE56_mackay__GCA_013697005.1|JACCXM010000232.1_6	5153	5683	-1	K22622	accepted_KO
NEE56_mackay__GCA_013697005.1|JACCXM010000232.1_5	NEE56_mackay__GCA_013697005.1	NEE56_mackay__GCA_013697005.1|JACCXM010000232.1	2	7	True	NEE56_mackay__GCA_013697005.1|JACCXM010000232.1_7	5670	7058	-1	K17225	accepted_KO
NEE56_mackay__GCA_013697005.1|JACCXM010000450.1_4	NEE56_mackay__GCA_013697005.1	NEE56_mackay__GCA_013697005.1|JACCXM010000450.1	-3	5	True	NEE56_mackay__GCA_013697005.1|JACCXM010000450.1_1	2	421	1		in_input_no_accepted_KO
NEE56_mackay__GCA_013697005.1|JACCXM010000450.1_4	NEE56_mackay__GCA_013697005.1	NEE56_mackay__GCA_013697005.1|JACCXM010000450.1	-2	5	True	NEE56_mackay__GCA_013697005.1|JACCXM010000450.1_2	455	1267	1	K00947	accepted_KO
NEE56_mackay__GCA_013697005.1|JACCXM010000450.1_4	NEE56_mackay__GCA_013697005.1	NEE56_mackay__GCA_013697005.1|JACCXM010000450.1	-1	5	True	NEE56_mackay__GCA_013697005.1|JACCXM010000450.1_3	1290	2135	1	K00947	accepted_KO
NEE56_mackay__GCA_013697005.1|JACCXM010000450.1_4	NEE56_mackay__GCA_013697005.1	NEE56_mackay__GCA_013697005.1|JACCXM010000450.1	0	5	True	NEE56_mackay__GCA_013697005.1|JACCXM010000450.1_4	2198	4138	-1	K12308	accepted_KO
NEE56_mackay__GCA_013697005.1|JACCXM010000450.1_4	NEE56_mackay__GCA_013697005.1	NEE56_mackay__GCA_013697005.1|JACCXM010000450.1	1	5	True	NEE56_mackay__GCA_013697005.1|JACCXM010000450.1_5	4381	4446	1		in_input_no_accepted_KO
NEE56_mackay__GCA_013697005.1|JACCXM010000118.1_3	NEE56_mackay__GCA_013697005.1	NEE56_mackay__GCA_013697005.1|JACCXM010000118.1	-2	6	True	NEE56_mackay__GCA_013697005.1|JACCXM010000118.1_1	2	235	1		in_input_no_accepted_KO
NEE56_mackay__GCA_013697005.1|JACCXM010000118.1_3	NEE56_mackay__GCA_013697005.1	NEE56_mackay__GCA_013697005.1|JACCXM010000118.1	-1	6	True	NEE56_mackay__GCA_013697005.1|JACCXM010000118.1_2	310	2688	1		in_input_no_accepted_KO
NEE56_mackay__GCA_013697005.1|JACCXM010000118.1_3	NEE56_mackay__GCA_013697005.1	NEE56_mackay__GCA_013697005.1|JACCXM010000118.1	0	6	True	NEE56_mackay__GCA_013697005.1|JACCXM010000118.1_3	2834	4258	1		in_input_no_accepted_KO
NEE56_mackay__GCA_013697005.1|JACCXM010000118.1_3	NEE56_mackay__GCA_013697005.1	NEE56_mackay__GCA_013697005.1|JACCXM010000118.1	1	6	True	NEE56_mackay__GCA_013697005.1|JACCXM010000118.1_4	4281	4583	1		in_input_no_accepted_KO
NEE56_mackay__GCA_013697005.1|JACCXM010000118.1_3	NEE56_mackay__GCA_013697005.1	NEE56_mackay__GCA_013697005.1|JACCXM010000118.1	2	6	True	NEE56_mackay__GCA_013697005.1|JACCXM010000118.1_5	4614	4973	1		in_input_no_accepted_KO
NEE56_mackay__GCA_013697005.1|JACCXM010000118.1_3	NEE56_mackay__GCA_013697005.1	NEE56_mackay__GCA_013697005.1|JACCXM010000118.1	3	6	True	NEE56_mackay__GCA_013697005.1|JACCXM010000118.1_6	5028	6077	1		in_input_no_accepted_KO
NEE56_mackay__GCA_013697005.1|JACCXM010000248.1_7	NEE56_mackay__GCA_013697005.1	NEE56_mackay__GCA_013697005.1|JACCXM010000248.1	-5	8	True	NEE56_mackay__GCA_013697005.1|JACCXM010000248.1_2	806	2194	1	K21739	accepted_KO
NEE56_mackay__GCA_013697005.1|JACCXM010000248.1_7	NEE56_mackay__GCA_013697005.1	NEE56_mackay__GCA_013697005.1|JACCXM010000248.1	-4	8	True	NEE56_mackay__GCA_013697005.1|JACCXM010000248.1_3	2334	2930	-1		in_input_no_accepted_KO
NEE56_mackay__GCA_013697005.1|JACCXM010000248.1_7	NEE56_mackay__GCA_013697005.1	NEE56_mackay__GCA_013697005.1|JACCXM010000248.1	-3	8	True	NEE56_mackay__GCA_013697005.1|JACCXM010000248.1_4	3025	3531	-1		in_input_no_accepted_KO
NEE56_mackay__GCA_013697005.1|JACCXM010000248.1_7	NEE56_mackay__GCA_013697005.1	NEE56_mackay__GCA_013697005.1|JACCXM010000248.1	-2	8	True	NEE56_mackay__GCA_013697005.1|JACCXM010000248.1_5	3551	4768	-1		in_input_no_accepted_KO
NEE56_mackay__GCA_013697005.1|JACCXM010000248.1_7	NEE56_mackay__GCA_013697005.1	NEE56_mackay__GCA_013697005.1|JACCXM010000248.1	-1	8	True	NEE56_mackay__GCA_013697005.1|JACCXM010000248.1_6	4929	5417	1	K08296	accepted_KO
NEE56_mackay__GCA_013697005.1|JACCXM010000248.1_7	NEE56_mackay__GCA_013697005.1	NEE56_mackay__GCA_013697005.1|JACCXM010000248.1	0	8	True	NEE56_mackay__GCA_013697005.1|JACCXM010000248.1_7	5439	7229	1	K22934	accepted_KO
NEE56_mackay__GCA_013697005.1|JACCXM010000248.1_7	NEE56_mackay__GCA_013697005.1	NEE56_mackay__GCA_013697005.1|JACCXM010000248.1	1	8	True	NEE56_mackay__GCA_013697005.1|JACCXM010000248.1_8	7387	7479	1		in_input_no_accepted_KO
NEE56_mackay__GCA_013697005.1|JACCXM010000412.1_4	NEE56_mackay__GCA_013697005.1	NEE56_mackay__GCA_013697005.1|JACCXM010000412.1	-3	4	True	NEE56_mackay__GCA_013697005.1|JACCXM010000412.1_1	2	550	-1		in_input_no_accepted_KO
NEE56_mackay__GCA_013697005.1|JACCXM010000412.1_4	NEE56_mackay__GCA_013697005.1	NEE56_mackay__GCA_013697005.1|JACCXM010000412.1	-2	4	True	NEE56_mackay__GCA_013697005.1|JACCXM010000412.1_2	692	949	1		in_input_no_accepted_KO
NEE56_mackay__GCA_013697005.1|JACCXM010000412.1_4	NEE56_mackay__GCA_013697005.1	NEE56_mackay__GCA_013697005.1|JACCXM010000412.1	-1	4	True	NEE56_mackay__GCA_013697005.1|JACCXM010000412.1_3	989	1345	1		in_input_no_accepted_KO
NEE56_mackay__GCA_013697005.1|JACCXM010000412.1_4	NEE56_mackay__GCA_013697005.1	NEE56_mackay__GCA_013697005.1|JACCXM010000412.1	0	4	True	NEE56_mackay__GCA_013697005.1|JACCXM010000412.1_4	1371	2522	-1		in_input_no_accepted_KO
NEE56_mackay__GCA_013697005.1|JACCXM010000258.1_1	NEE56_mackay__GCA_013697005.1	NEE56_mackay__GCA_013697005.1|JACCXM010000258.1	0	4	True	NEE56_mackay__GCA_013697005.1|JACCXM010000258.1_1	2	1489	1		in_input_no_accepted_KO
NEE56_mackay__GCA_013697005.1|JACCXM010000258.1_1	NEE56_mackay__GCA_013697005.1	NEE56_mackay__GCA_013697005.1|JACCXM010000258.1	1	4	True	NEE56_mackay__GCA_013697005.1|JACCXM010000258.1_2	1644	2780	1		in_input_no_accepted_KO
NEE56_mackay__GCA_013697005.1|JACCXM010000258.1_1	NEE56_mackay__GCA_013697005.1	NEE56_mackay__GCA_013697005.1|JACCXM010000258.1	2	4	True	NEE56_mackay__GCA_013697005.1|JACCXM010000258.1_3	2795	3904	1	K01854	accepted_KO
NEE56_mackay__GCA_013697005.1|JACCXM010000258.1_1	NEE56_mackay__GCA_013697005.1	NEE56_mackay__GCA_013697005.1|JACCXM010000258.1	3	4	True	NEE56_mackay__GCA_013697005.1|JACCXM010000258.1_4	3912	5033	1		in_input_no_accepted_KO
NEE56_mackay__GCA_013697005.1|JACCXM010000393.1_6	NEE56_mackay__GCA_013697005.1	NEE56_mackay__GCA_013697005.1|JACCXM010000393.1	-5	8	True	NEE56_mackay__GCA_013697005.1|JACCXM010000393.1_1	3	221	1		in_input_no_accepted_KO
NEE56_mackay__GCA_013697005.1|JACCXM010000393.1_6	NEE56_mackay__GCA_013697005.1	NEE56_mackay__GCA_013697005.1|JACCXM010000393.1	-4	8	True	NEE56_mackay__GCA_013697005.1|JACCXM010000393.1_2	350	1180	-1	K09967	accepted_KO
NEE56_mackay__GCA_013697005.1|JACCXM010000393.1_6	NEE56_mackay__GCA_013697005.1	NEE56_mackay__GCA_013697005.1|JACCXM010000393.1	-3	8	True	NEE56_mackay__GCA_013697005.1|JACCXM010000393.1_3	1197	1394	-1		in_input_no_accepted_KO
NEE56_mackay__GCA_013697005.1|JACCXM010000393.1_6	NEE56_mackay__GCA_013697005.1	NEE56_mackay__GCA_013697005.1|JACCXM010000393.1	-2	8	True	NEE56_mackay__GCA_013697005.1|JACCXM010000393.1_4	1391	2017	-1		in_input_no_accepted_KO
NEE56_mackay__GCA_013697005.1|JACCXM010000393.1_6	NEE56_mackay__GCA_013697005.1	NEE56_mackay__GCA_013697005.1|JACCXM010000393.1	-1	8	True	NEE56_mackay__GCA_013697005.1|JACCXM010000393.1_5	2334	2873	1		in_input_no_accepted_KO
NEE56_mackay__GCA_013697005.1|JACCXM010000393.1_6	NEE56_mackay__GCA_013697005.1	NEE56_mackay__GCA_013697005.1|JACCXM010000393.1	0	8	True	NEE56_mackay__GCA_013697005.1|JACCXM010000393.1_6	3069	4478	-1		in_input_no_accepted_KO
NEE56_mackay__GCA_013697005.1|JACCXM010000393.1_6	NEE56_mackay__GCA_013697005.1	NEE56_mackay__GCA_013697005.1|JACCXM010000393.1	1	8	True	NEE56_mackay__GCA_013697005.1|JACCXM010000393.1_7	4590	4937	-1		in_input_no_accepted_KO
NEE56_mackay__GCA_013697005.1|JACCXM010000393.1_6	NEE56_mackay__GCA_013697005.1	NEE56_mackay__GCA_013697005.1|JACCXM010000393.1	2	8	True	NEE56_mackay__GCA_013697005.1|JACCXM010000393.1_8	5079	6677	-1		in_input_no_accepted_KO
NEE56_mackay__GCA_013697905.1|JACCVZ010000239.1_1	NEE56_mackay__GCA_013697905.1	NEE56_mackay__GCA_013697905.1|JACCVZ010000239.1	0	7	True	NEE56_mackay__GCA_013697905.1|JACCVZ010000239.1_1	1	1116	1	K01207	accepted_KO
NEE56_mackay__GCA_013697905.1|JACCVZ010000239.1_1	NEE56_mackay__GCA_013697905.1	NEE56_mackay__GCA_013697905.1|JACCVZ010000239.1	1	7	True	NEE56_mackay__GCA_013697905.1|JACCVZ010000239.1_2	1175	2482	1	K28880	accepted_KO
NEE56_mackay__GCA_013697905.1|JACCVZ010000239.1_1	NEE56_mackay__GCA_013697905.1	NEE56_mackay__GCA_013697905.1|JACCVZ010000239.1	2	7	True	NEE56_mackay__GCA_013697905.1|JACCVZ010000239.1_3	2585	3463	1		in_input_no_accepted_KO
NEE56_mackay__GCA_013697905.1|JACCVZ010000239.1_1	NEE56_mackay__GCA_013697905.1	NEE56_mackay__GCA_013697905.1|JACCVZ010000239.1	3	7	True	NEE56_mackay__GCA_013697905.1|JACCVZ010000239.1_4	3460	4395	1	K07106	accepted_KO
NEE56_mackay__GCA_013697905.1|JACCVZ010000239.1_1	NEE56_mackay__GCA_013697905.1	NEE56_mackay__GCA_013697905.1|JACCVZ010000239.1	4	7	True	NEE56_mackay__GCA_013697905.1|JACCVZ010000239.1_5	4400	5407	-1		in_input_no_accepted_KO
NEE56_mackay__GCA_013697905.1|JACCVZ010000239.1_1	NEE56_mackay__GCA_013697905.1	NEE56_mackay__GCA_013697905.1|JACCVZ010000239.1	5	7	True	NEE56_mackay__GCA_013697905.1|JACCVZ010000239.1_6	5608	6369	1		in_input_no_accepted_KO
NEE56_mackay__GCA_013697905.1|JACCVZ010000124.1_3	NEE56_mackay__GCA_013697905.1	NEE56_mackay__GCA_013697905.1|JACCVZ010000124.1	-2	5	True	NEE56_mackay__GCA_013697905.1|JACCVZ010000124.1_1	3	404	-1		in_input_no_accepted_KO
NEE56_mackay__GCA_013697905.1|JACCVZ010000124.1_3	NEE56_mackay__GCA_013697905.1	NEE56_mackay__GCA_013697905.1|JACCVZ010000124.1	-1	5	True	NEE56_mackay__GCA_013697905.1|JACCVZ010000124.1_2	503	1591	-1		in_input_no_accepted_KO
NEE56_mackay__GCA_013697905.1|JACCVZ010000124.1_3	NEE56_mackay__GCA_013697905.1	NEE56_mackay__GCA_013697905.1|JACCVZ010000124.1	0	5	True	NEE56_mackay__GCA_013697905.1|JACCVZ010000124.1_3	1671	3005	-1	K05888	accepted_KO
NEE56_mackay__GCA_013697905.1|JACCVZ010000124.1_3	NEE56_mackay__GCA_013697905.1	NEE56_mackay__GCA_013697905.1|JACCVZ010000124.1	1	5	True	NEE56_mackay__GCA_013697905.1|JACCVZ010000124.1_4	3002	4489	-1		in_input_no_accepted_KO
NEE56_mackay__GCA_013697905.1|JACCVZ010000124.1_3	NEE56_mackay__GCA_013697905.1	NEE56_mackay__GCA_013697905.1|JACCVZ010000124.1	2	5	True	NEE56_mackay__GCA_013697905.1|JACCVZ010000124.1_5	4699	4809	1		in_input_no_accepted_KO
NEE56_mackay__GCA_013697905.1|JACCVZ010000076.1_1	NEE56_mackay__GCA_013697905.1	NEE56_mackay__GCA_013697905.1|JACCVZ010000076.1	0	6	True	NEE56_mackay__GCA_013697905.1|JACCVZ010000076.1_1	3	881	1	K01209	accepted_KO
NEE56_mackay__GCA_013697905.1|JACCVZ010000076.1_1	NEE56_mackay__GCA_013697905.1	NEE56_mackay__GCA_013697905.1|JACCVZ010000076.1	1	6	True	NEE56_mackay__GCA_013697905.1|JACCVZ010000076.1_2	878	2230	1	K02027	accepted_KO
NEE56_mackay__GCA_013697905.1|JACCVZ010000076.1_1	NEE56_mackay__GCA_013697905.1	NEE56_mackay__GCA_013697905.1|JACCVZ010000076.1	2	6	True	NEE56_mackay__GCA_013697905.1|JACCVZ010000076.1_3	2235	3188	1	K02025	accepted_KO
NEE56_mackay__GCA_013697905.1|JACCVZ010000076.1_1	NEE56_mackay__GCA_013697905.1	NEE56_mackay__GCA_013697905.1|JACCVZ010000076.1	3	6	True	NEE56_mackay__GCA_013697905.1|JACCVZ010000076.1_4	3185	3997	1	K02026	accepted_KO
NEE56_mackay__GCA_013697905.1|JACCVZ010000076.1_1	NEE56_mackay__GCA_013697905.1	NEE56_mackay__GCA_013697905.1|JACCVZ010000076.1	4	6	True	NEE56_mackay__GCA_013697905.1|JACCVZ010000076.1_5	3994	5484	1		in_input_no_accepted_KO
NEE56_mackay__GCA_013697905.1|JACCVZ010000076.1_1	NEE56_mackay__GCA_013697905.1	NEE56_mackay__GCA_013697905.1|JACCVZ010000076.1	5	6	True	NEE56_mackay__GCA_013697905.1|JACCVZ010000076.1_6	5492	5713	-1		in_input_no_accepted_KO
NEE56_mackay__GCA_013697905.1|JACCVZ010000196.1_3	NEE56_mackay__GCA_013697905.1	NEE56_mackay__GCA_013697905.1|JACCVZ010000196.1	-2	5	True	NEE56_mackay__GCA_013697905.1|JACCVZ010000196.1_1	3	65	-1		in_input_no_accepted_KO
NEE56_mackay__GCA_013697905.1|JACCVZ010000196.1_3	NEE56_mackay__GCA_013697905.1	NEE56_mackay__GCA_013697905.1|JACCVZ010000196.1	-1	5	True	NEE56_mackay__GCA_013697905.1|JACCVZ010000196.1_2	62	1735	-1	K01687	accepted_KO
NEE56_mackay__GCA_013697905.1|JACCVZ010000196.1_3	NEE56_mackay__GCA_013697905.1	NEE56_mackay__GCA_013697905.1|JACCVZ010000196.1	0	5	True	NEE56_mackay__GCA_013697905.1|JACCVZ010000196.1_3	1762	2856	-1		in_input_no_accepted_KO
NEE56_mackay__GCA_013697905.1|JACCVZ010000196.1_3	NEE56_mackay__GCA_013697905.1	NEE56_mackay__GCA_013697905.1|JACCVZ010000196.1	1	5	True	NEE56_mackay__GCA_013697905.1|JACCVZ010000196.1_4	2934	3500	1		in_input_no_accepted_KO
NEE56_mackay__GCA_013697905.1|JACCVZ010000196.1_3	NEE56_mackay__GCA_013697905.1	NEE56_mackay__GCA_013697905.1|JACCVZ010000196.1	2	5	True	NEE56_mackay__GCA_013697905.1|JACCVZ010000196.1_5	3512	4252	-1		in_input_no_accepted_KO
NEE56_mackay__GCA_013697905.1|JACCVZ010000122.1_4	NEE56_mackay__GCA_013697905.1	NEE56_mackay__GCA_013697905.1|JACCVZ010000122.1	-3	19	True	NEE56_mackay__GCA_013697905.1|JACCVZ010000122.1_1	1	594	-1		in_input_no_accepted_KO
NEE56_mackay__GCA_013697905.1|JACCVZ010000122.1_4	NEE56_mackay__GCA_013697905.1	NEE56_mackay__GCA_013697905.1|JACCVZ010000122.1	-2	19	True	NEE56_mackay__GCA_013697905.1|JACCVZ010000122.1_2	587	1195	-1	K03088	accepted_KO
NEE56_mackay__GCA_013697905.1|JACCVZ010000122.1_4	NEE56_mackay__GCA_013697905.1	NEE56_mackay__GCA_013697905.1|JACCVZ010000122.1	-1	19	True	NEE56_mackay__GCA_013697905.1|JACCVZ010000122.1_3	1347	2492	1	K03574	accepted_KO
NEE56_mackay__GCA_013697905.1|JACCVZ010000122.1_4	NEE56_mackay__GCA_013697905.1	NEE56_mackay__GCA_013697905.1|JACCVZ010000122.1	0	19	True	NEE56_mackay__GCA_013697905.1|JACCVZ010000122.1_4	2622	3542	1	K15525	accepted_KO
NEE56_mackay__GCA_013697905.1|JACCVZ010000122.1_4	NEE56_mackay__GCA_013697905.1	NEE56_mackay__GCA_013697905.1|JACCVZ010000122.1	1	19	True	NEE56_mackay__GCA_013697905.1|JACCVZ010000122.1_5	3547	3963	1		in_input_no_accepted_KO
NEE56_mackay__GCA_013697905.1|JACCVZ010000122.1_4	NEE56_mackay__GCA_013697905.1	NEE56_mackay__GCA_013697905.1|JACCVZ010000122.1	2	19	True	NEE56_mackay__GCA_013697905.1|JACCVZ010000122.1_6	3960	5633	1		in_input_no_accepted_KO
NEE56_mackay__GCA_013697905.1|JACCVZ010000122.1_4	NEE56_mackay__GCA_013697905.1	NEE56_mackay__GCA_013697905.1|JACCVZ010000122.1	3	19	True	NEE56_mackay__GCA_013697905.1|JACCVZ010000122.1_7	5600	6619	-1	K22476	accepted_KO
NEE56_mackay__GCA_013697905.1|JACCVZ010000122.1_4	NEE56_mackay__GCA_013697905.1	NEE56_mackay__GCA_013697905.1|JACCVZ010000122.1	4	19	True	NEE56_mackay__GCA_013697905.1|JACCVZ010000122.1_8	6739	7065	1	K05524	accepted_KO
NEE56_mackay__GCA_013697905.1|JACCVZ010000122.1_4	NEE56_mackay__GCA_013697905.1	NEE56_mackay__GCA_013697905.1|JACCVZ010000122.1	5	19	True	NEE56_mackay__GCA_013697905.1|JACCVZ010000122.1_9	7088	8239	1		in_input_no_accepted_KO
NEE56_mackay__GCA_013697905.1|JACCVZ010000155.1_4	NEE56_mackay__GCA_013697905.1	NEE56_mackay__GCA_013697905.1|JACCVZ010000155.1	-3	9	True	NEE56_mackay__GCA_013697905.1|JACCVZ010000155.1_1	3	920	-1	K01999	accepted_KO
NEE56_mackay__GCA_013697905.1|JACCVZ010000155.1_4	NEE56_mackay__GCA_013697905.1	NEE56_mackay__GCA_013697905.1|JACCVZ010000155.1	-2	9	True	NEE56_mackay__GCA_013697905.1|JACCVZ010000155.1_2	1037	1558	-1	K22010	accepted_KO
NEE56_mackay__GCA_013697905.1|JACCVZ010000155.1_4	NEE56_mackay__GCA_013697905.1	NEE56_mackay__GCA_013697905.1|JACCVZ010000155.1	-1	9	True	NEE56_mackay__GCA_013697905.1|JACCVZ010000155.1_3	1804	2058	-1		in_input_no_accepted_KO
NEE56_mackay__GCA_013697905.1|JACCVZ010000155.1_4	NEE56_mackay__GCA_013697905.1	NEE56_mackay__GCA_013697905.1|JACCVZ010000155.1	0	9	True	NEE56_mackay__GCA_013697905.1|JACCVZ010000155.1_4	2171	3169	-1	K01207	accepted_KO
NEE56_mackay__GCA_013697905.1|JACCVZ010000155.1_4	NEE56_mackay__GCA_013697905.1	NEE56_mackay__GCA_013697905.1|JACCVZ010000155.1	1	9	True	NEE56_mackay__GCA_013697905.1|JACCVZ010000155.1_5	3441	4883	-1	K00873	accepted_KO
NEE56_mackay__GCA_013697905.1|JACCVZ010000155.1_4	NEE56_mackay__GCA_013697905.1	NEE56_mackay__GCA_013697905.1|JACCVZ010000155.1	2	9	True	NEE56_mackay__GCA_013697905.1|JACCVZ010000155.1_6	4977	6443	-1	K00266	accepted_KO
NEE56_mackay__GCA_013697905.1|JACCVZ010000155.1_4	NEE56_mackay__GCA_013697905.1	NEE56_mackay__GCA_013697905.1|JACCVZ010000155.1	3	9	True	NEE56_mackay__GCA_013697905.1|JACCVZ010000155.1_7	6436	10974	-1	K00265	accepted_KO
NEE56_mackay__GCA_013697905.1|JACCVZ010000155.1_4	NEE56_mackay__GCA_013697905.1	NEE56_mackay__GCA_013697905.1|JACCVZ010000155.1	4	9	True	NEE56_mackay__GCA_013697905.1|JACCVZ010000155.1_8	11086	12093	-1	K13292	accepted_KO
NEE56_mackay__GCA_013697905.1|JACCVZ010000155.1_4	NEE56_mackay__GCA_013697905.1	NEE56_mackay__GCA_013697905.1|JACCVZ010000155.1	5	9	True	NEE56_mackay__GCA_013697905.1|JACCVZ010000155.1_9	12128	12736	-1	K07152	accepted_KO
NEE56_mackay__GCA_013697905.1|JACCVZ010000051.1_3	NEE56_mackay__GCA_013697905.1	NEE56_mackay__GCA_013697905.1|JACCVZ010000051.1	-2	9	True	NEE56_mackay__GCA_013697905.1|JACCVZ010000051.1_1	133	330	-1	K06888	accepted_KO
NEE56_mackay__GCA_013697905.1|JACCVZ010000051.1_3	NEE56_mackay__GCA_013697905.1	NEE56_mackay__GCA_013697905.1|JACCVZ010000051.1	-1	9	True	NEE56_mackay__GCA_013697905.1|JACCVZ010000051.1_2	552	821	-1		in_input_no_accepted_KO
NEE56_mackay__GCA_013697905.1|JACCVZ010000051.1_3	NEE56_mackay__GCA_013697905.1	NEE56_mackay__GCA_013697905.1|JACCVZ010000051.1	0	9	True	NEE56_mackay__GCA_013697905.1|JACCVZ010000051.1_3	818	1831	-1	K18455	accepted_KO
NEE56_mackay__GCA_013697905.1|JACCVZ010000051.1_3	NEE56_mackay__GCA_013697905.1	NEE56_mackay__GCA_013697905.1|JACCVZ010000051.1	1	9	True	NEE56_mackay__GCA_013697905.1|JACCVZ010000051.1_4	1866	2282	1		in_input_no_accepted_KO
NEE56_mackay__GCA_013697905.1|JACCVZ010000051.1_3	NEE56_mackay__GCA_013697905.1	NEE56_mackay__GCA_013697905.1|JACCVZ010000051.1	2	9	True	NEE56_mackay__GCA_013697905.1|JACCVZ010000051.1_5	2418	2927	1	K03624	accepted_KO
NEE56_mackay__GCA_013697905.1|JACCVZ010000051.1_3	NEE56_mackay__GCA_013697905.1	NEE56_mackay__GCA_013697905.1|JACCVZ010000051.1	3	9	True	NEE56_mackay__GCA_013697905.1|JACCVZ010000051.1_6	2972	3202	-1		in_input_no_accepted_KO
NEE56_mackay__GCA_013697905.1|JACCVZ010000051.1_3	NEE56_mackay__GCA_013697905.1	NEE56_mackay__GCA_013697905.1|JACCVZ010000051.1	4	9	True	NEE56_mackay__GCA_013697905.1|JACCVZ010000051.1_7	3307	4575	-1	K01754	accepted_KO
NEE56_mackay__GCA_013697905.1|JACCVZ010000051.1_3	NEE56_mackay__GCA_013697905.1	NEE56_mackay__GCA_013697905.1|JACCVZ010000051.1	5	9	True	NEE56_mackay__GCA_013697905.1|JACCVZ010000051.1_8	4695	5180	1		in_input_no_accepted_KO
NEE56_mackay__GCA_013697905.1|JACCVZ010000198.1_3	NEE56_mackay__GCA_013697905.1	NEE56_mackay__GCA_013697905.1|JACCVZ010000198.1	-2	3	True	NEE56_mackay__GCA_013697905.1|JACCVZ010000198.1_1	1	513	1		in_input_no_accepted_KO
NEE56_mackay__GCA_013697905.1|JACCVZ010000198.1_3	NEE56_mackay__GCA_013697905.1	NEE56_mackay__GCA_013697905.1|JACCVZ010000198.1	-1	3	True	NEE56_mackay__GCA_013697905.1|JACCVZ010000198.1_2	590	1006	-1		in_input_no_accepted_KO
NEE56_mackay__GCA_013697905.1|JACCVZ010000198.1_3	NEE56_mackay__GCA_013697905.1	NEE56_mackay__GCA_013697905.1|JACCVZ010000198.1	0	3	True	NEE56_mackay__GCA_013697905.1|JACCVZ010000198.1_3	1239	2030	1	K01209	accepted_KO
NEE56_mackay__GCA_013697905.1|JACCVZ010000255.1_2	NEE56_mackay__GCA_013697905.1	NEE56_mackay__GCA_013697905.1|JACCVZ010000255.1	-1	8	True	NEE56_mackay__GCA_013697905.1|JACCVZ010000255.1_1	1	819	-1		in_input_no_accepted_KO
NEE56_mackay__GCA_013697905.1|JACCVZ010000255.1_2	NEE56_mackay__GCA_013697905.1	NEE56_mackay__GCA_013697905.1|JACCVZ010000255.1	0	8	True	NEE56_mackay__GCA_013697905.1|JACCVZ010000255.1_2	902	2476	-1		in_input_no_accepted_KO
NEE56_mackay__GCA_013697905.1|JACCVZ010000255.1_2	NEE56_mackay__GCA_013697905.1	NEE56_mackay__GCA_013697905.1|JACCVZ010000255.1	1	8	True	NEE56_mackay__GCA_013697905.1|JACCVZ010000255.1_3	2535	3389	-1		in_input_no_accepted_KO
NEE56_mackay__GCA_013697905.1|JACCVZ010000255.1_2	NEE56_mackay__GCA_013697905.1	NEE56_mackay__GCA_013697905.1|JACCVZ010000255.1	2	8	True	NEE56_mackay__GCA_013697905.1|JACCVZ010000255.1_4	3379	4488	-1	K07082	accepted_KO
NEE56_mackay__GCA_013697905.1|JACCVZ010000255.1_2	NEE56_mackay__GCA_013697905.1	NEE56_mackay__GCA_013697905.1|JACCVZ010000255.1	3	8	True	NEE56_mackay__GCA_013697905.1|JACCVZ010000255.1_5	4485	4973	-1	K07447	accepted_KO
NEE56_mackay__GCA_013697905.1|JACCVZ010000255.1_2	NEE56_mackay__GCA_013697905.1	NEE56_mackay__GCA_013697905.1|JACCVZ010000255.1	4	8	True	NEE56_mackay__GCA_013697905.1|JACCVZ010000255.1_6	5029	7719	-1	K01872	accepted_KO
NEE56_mackay__GCA_013697905.1|JACCVZ010000255.1_2	NEE56_mackay__GCA_013697905.1	NEE56_mackay__GCA_013697905.1|JACCVZ010000255.1	5	8	True	NEE56_mackay__GCA_013697905.1|JACCVZ010000255.1_7	7706	7987	-1		in_input_no_accepted_KO
NEE56_mackay__GCA_013697905.1|JACCVZ010000324.1_4	NEE56_mackay__GCA_013697905.1	NEE56_mackay__GCA_013697905.1|JACCVZ010000324.1	-3	13	True	NEE56_mackay__GCA_013697905.1|JACCVZ010000324.1_1	1	552	1		in_input_no_accepted_KO
NEE56_mackay__GCA_013697905.1|JACCVZ010000324.1_4	NEE56_mackay__GCA_013697905.1	NEE56_mackay__GCA_013697905.1|JACCVZ010000324.1	-2	13	True	NEE56_mackay__GCA_013697905.1|JACCVZ010000324.1_2	1171	2475	1		in_input_no_accepted_KO
NEE56_mackay__GCA_013697905.1|JACCVZ010000324.1_4	NEE56_mackay__GCA_013697905.1	NEE56_mackay__GCA_013697905.1|JACCVZ010000324.1	-1	13	True	NEE56_mackay__GCA_013697905.1|JACCVZ010000324.1_3	2504	2731	-1		in_input_no_accepted_KO
NEE56_mackay__GCA_013697905.1|JACCVZ010000324.1_4	NEE56_mackay__GCA_013697905.1	NEE56_mackay__GCA_013697905.1|JACCVZ010000324.1	0	13	True	NEE56_mackay__GCA_013697905.1|JACCVZ010000324.1_4	2757	4595	1	K22934	accepted_KO
NEE56_mackay__GCA_013697905.1|JACCVZ010000324.1_4	NEE56_mackay__GCA_013697905.1	NEE56_mackay__GCA_013697905.1|JACCVZ010000324.1	1	13	True	NEE56_mackay__GCA_013697905.1|JACCVZ010000324.1_5	4606	5595	-1		in_input_no_accepted_KO
NEE56_mackay__GCA_013697905.1|JACCVZ010000324.1_4	NEE56_mackay__GCA_013697905.1	NEE56_mackay__GCA_013697905.1|JACCVZ010000324.1	2	13	True	NEE56_mackay__GCA_013697905.1|JACCVZ010000324.1_6	5697	6728	1	K00320	accepted_KO
NEE56_mackay__GCA_013697905.1|JACCVZ010000324.1_4	NEE56_mackay__GCA_013697905.1	NEE56_mackay__GCA_013697905.1|JACCVZ010000324.1	3	13	True	NEE56_mackay__GCA_013697905.1|JACCVZ010000324.1_7	6734	7561	1	K06153	accepted_KO
NEE56_mackay__GCA_013697905.1|JACCVZ010000324.1_4	NEE56_mackay__GCA_013697905.1	NEE56_mackay__GCA_013697905.1|JACCVZ010000324.1	4	13	True	NEE56_mackay__GCA_013697905.1|JACCVZ010000324.1_8	7622	8605	-1	K03284	accepted_KO
NEE56_mackay__GCA_013697905.1|JACCVZ010000324.1_4	NEE56_mackay__GCA_013697905.1	NEE56_mackay__GCA_013697905.1|JACCVZ010000324.1	5	13	True	NEE56_mackay__GCA_013697905.1|JACCVZ010000324.1_9	8742	9440	1		in_input_no_accepted_KO
NEE56_mackay__GCA_013697905.1|JACCVZ010000223.1_9	NEE56_mackay__GCA_013697905.1	NEE56_mackay__GCA_013697905.1|JACCVZ010000223.1	-5	9	True	NEE56_mackay__GCA_013697905.1|JACCVZ010000223.1_4	1943	3508	1	K23537	accepted_KO
NEE56_mackay__GCA_013697905.1|JACCVZ010000223.1_9	NEE56_mackay__GCA_013697905.1	NEE56_mackay__GCA_013697905.1|JACCVZ010000223.1	-4	9	True	NEE56_mackay__GCA_013697905.1|JACCVZ010000223.1_5	3508	4599	1	K23535	accepted_KO
NEE56_mackay__GCA_013697905.1|JACCVZ010000223.1_9	NEE56_mackay__GCA_013697905.1	NEE56_mackay__GCA_013697905.1|JACCVZ010000223.1	-3	9	True	NEE56_mackay__GCA_013697905.1|JACCVZ010000223.1_6	4599	5498	1	K23536	accepted_KO
NEE56_mackay__GCA_013697905.1|JACCVZ010000223.1_9	NEE56_mackay__GCA_013697905.1	NEE56_mackay__GCA_013697905.1|JACCVZ010000223.1	-2	9	True	NEE56_mackay__GCA_013697905.1|JACCVZ010000223.1_7	5529	6023	1	K03365	accepted_KO
NEE56_mackay__GCA_013697905.1|JACCVZ010000223.1_9	NEE56_mackay__GCA_013697905.1	NEE56_mackay__GCA_013697905.1|JACCVZ010000223.1	-1	9	True	NEE56_mackay__GCA_013697905.1|JACCVZ010000223.1_8	6088	8622	-1		in_input_no_accepted_KO
NEE56_mackay__GCA_013697905.1|JACCVZ010000223.1_9	NEE56_mackay__GCA_013697905.1	NEE56_mackay__GCA_013697905.1|JACCVZ010000223.1	0	9	True	NEE56_mackay__GCA_013697905.1|JACCVZ010000223.1_9	9473	10642	1	K01207	accepted_KO
NEE56_mackay__GCA_013697915.1|JACCVY010000068.1_5	NEE56_mackay__GCA_013697915.1	NEE56_mackay__GCA_013697915.1|JACCVY010000068.1	-4	47	True	NEE56_mackay__GCA_013697915.1|JACCVY010000068.1_1	3	1016	-1		in_input_no_accepted_KO
NEE56_mackay__GCA_013697915.1|JACCVY010000068.1_5	NEE56_mackay__GCA_013697915.1	NEE56_mackay__GCA_013697915.1|JACCVY010000068.1	-3	47	True	NEE56_mackay__GCA_013697915.1|JACCVY010000068.1_2	1301	1567	-1	K07497	accepted_KO
NEE56_mackay__GCA_013697915.1|JACCVY010000068.1_5	NEE56_mackay__GCA_013697915.1	NEE56_mackay__GCA_013697915.1|JACCVY010000068.1	-2	47	True	NEE56_mackay__GCA_013697915.1|JACCVY010000068.1_3	1707	7367	-1	K02035;K12132;K15580	accepted_KO
NEE56_mackay__GCA_013697915.1|JACCVY010000068.1_5	NEE56_mackay__GCA_013697915.1	NEE56_mackay__GCA_013697915.1|JACCVY010000068.1	-1	47	True	NEE56_mackay__GCA_013697915.1|JACCVY010000068.1_4	8092	8919	1		in_input_no_accepted_KO
NEE56_mackay__GCA_013697915.1|JACCVY010000068.1_5	NEE56_mackay__GCA_013697915.1	NEE56_mackay__GCA_013697915.1|JACCVY010000068.1	0	47	True	NEE56_mackay__GCA_013697915.1|JACCVY010000068.1_5	8981	12142	1		in_input_no_accepted_KO
NEE56_mackay__GCA_013697915.1|JACCVY010000068.1_5	NEE56_mackay__GCA_013697915.1	NEE56_mackay__GCA_013697915.1|JACCVY010000068.1	1	47	True	NEE56_mackay__GCA_013697915.1|JACCVY010000068.1_6	12224	12757	-1		in_input_no_accepted_KO
NEE56_mackay__GCA_013697915.1|JACCVY010000068.1_5	NEE56_mackay__GCA_013697915.1	NEE56_mackay__GCA_013697915.1|JACCVY010000068.1	2	47	True	NEE56_mackay__GCA_013697915.1|JACCVY010000068.1_7	12824	14158	-1		in_input_no_accepted_KO
NEE56_mackay__GCA_013697915.1|JACCVY010000068.1_5	NEE56_mackay__GCA_013697915.1	NEE56_mackay__GCA_013697915.1|JACCVY010000068.1	3	47	True	NEE56_mackay__GCA_013697915.1|JACCVY010000068.1_8	14136	14243	-1		in_input_no_accepted_KO
NEE56_mackay__GCA_013697915.1|JACCVY010000068.1_5	NEE56_mackay__GCA_013697915.1	NEE56_mackay__GCA_013697915.1|JACCVY010000068.1	4	47	True	NEE56_mackay__GCA_013697915.1|JACCVY010000068.1_9	14329	16281	1		in_input_no_accepted_KO
NEE56_mackay__GCA_013697915.1|JACCVY010000068.1_5	NEE56_mackay__GCA_013697915.1	NEE56_mackay__GCA_013697915.1|JACCVY010000068.1	5	47	True	NEE56_mackay__GCA_013697915.1|JACCVY010000068.1_10	16286	17158	-1		in_input_no_accepted_KO
NEE56_mackay__GCA_013697915.1|JACCVY010000030.1_2	NEE56_mackay__GCA_013697915.1	NEE56_mackay__GCA_013697915.1|JACCVY010000030.1	-1	6	True	NEE56_mackay__GCA_013697915.1|JACCVY010000030.1_1	112	1716	1	K03307	accepted_KO
NEE56_mackay__GCA_013697915.1|JACCVY010000030.1_2	NEE56_mackay__GCA_013697915.1	NEE56_mackay__GCA_013697915.1|JACCVY010000030.1	0	6	True	NEE56_mackay__GCA_013697915.1|JACCVY010000030.1_2	1816	3717	1	K01207	accepted_KO
NEE56_mackay__GCA_013697915.1|JACCVY010000030.1_2	NEE56_mackay__GCA_013697915.1	NEE56_mackay__GCA_013697915.1|JACCVY010000030.1	1	6	True	NEE56_mackay__GCA_013697915.1|JACCVY010000030.1_3	3757	4020	1		in_input_no_accepted_KO
NEE56_mackay__GCA_013697915.1|JACCVY010000030.1_2	NEE56_mackay__GCA_013697915.1	NEE56_mackay__GCA_013697915.1|JACCVY010000030.1	2	6	True	NEE56_mackay__GCA_013697915.1|JACCVY010000030.1_4	4296	6590	1	K28880	accepted_KO
NEE56_mackay__GCA_013697915.1|JACCVY010000030.1_2	NEE56_mackay__GCA_013697915.1	NEE56_mackay__GCA_013697915.1|JACCVY010000030.1	3	6	True	NEE56_mackay__GCA_013697915.1|JACCVY010000030.1_5	7112	10585	1		in_input_no_accepted_KO
NEE56_mackay__GCA_013697915.1|JACCVY010000030.1_2	NEE56_mackay__GCA_013697915.1	NEE56_mackay__GCA_013697915.1|JACCVY010000030.1	4	6	True	NEE56_mackay__GCA_013697915.1|JACCVY010000030.1_6	11069	25009	1		in_input_no_accepted_KO
NEE56_mackay__GCA_013697915.1|JACCVY010000076.1_9	NEE56_mackay__GCA_013697915.1	NEE56_mackay__GCA_013697915.1|JACCVY010000076.1	-5	37	False	NEE56_mackay__GCA_013697915.1|JACCVY010000076.1_4	2858	3826	1		in_input_no_accepted_KO
NEE56_mackay__GCA_013697915.1|JACCVY010000076.1_9	NEE56_mackay__GCA_013697915.1	NEE56_mackay__GCA_013697915.1|JACCVY010000076.1	-4	37	False	NEE56_mackay__GCA_013697915.1|JACCVY010000076.1_5	3974	5086	-1		in_input_no_accepted_KO
NEE56_mackay__GCA_013697915.1|JACCVY010000076.1_9	NEE56_mackay__GCA_013697915.1	NEE56_mackay__GCA_013697915.1|JACCVY010000076.1	-3	37	False	NEE56_mackay__GCA_013697915.1|JACCVY010000076.1_6	5400	5834	1		in_input_no_accepted_KO
NEE56_mackay__GCA_013697915.1|JACCVY010000076.1_9	NEE56_mackay__GCA_013697915.1	NEE56_mackay__GCA_013697915.1|JACCVY010000076.1	-2	37	False	NEE56_mackay__GCA_013697915.1|JACCVY010000076.1_7	5954	6166	1		in_input_no_accepted_KO
NEE56_mackay__GCA_013697915.1|JACCVY010000076.1_9	NEE56_mackay__GCA_013697915.1	NEE56_mackay__GCA_013697915.1|JACCVY010000076.1	-1	37	False	NEE56_mackay__GCA_013697915.1|JACCVY010000076.1_8	6185	8215	-1	K00700	accepted_KO
NEE56_mackay__GCA_013697915.1|JACCVY010000076.1_9	NEE56_mackay__GCA_013697915.1	NEE56_mackay__GCA_013697915.1|JACCVY010000076.1	0	37	False	NEE56_mackay__GCA_013697915.1|JACCVY010000076.1_9	8212	9750	-1		in_input_no_accepted_KO
NEE56_mackay__GCA_013697915.1|JACCVY010000076.1_9	NEE56_mackay__GCA_013697915.1	NEE56_mackay__GCA_013697915.1|JACCVY010000076.1	1	37	False	NEE56_mackay__GCA_013697915.1|JACCVY010000076.1_10	9904	11001	1		in_input_no_accepted_KO
NEE56_mackay__GCA_013697915.1|JACCVY010000076.1_9	NEE56_mackay__GCA_013697915.1	NEE56_mackay__GCA_013697915.1|JACCVY010000076.1	2	37	False	NEE56_mackay__GCA_013697915.1|JACCVY010000076.1_11	11747	12058	1		in_input_no_accepted_KO
NEE56_mackay__GCA_013697915.1|JACCVY010000076.1_9	NEE56_mackay__GCA_013697915.1	NEE56_mackay__GCA_013697915.1|JACCVY010000076.1	3	37	False	NEE56_mackay__GCA_013697915.1|JACCVY010000076.1_12	12114	13457	-1	K00655	accepted_KO
NEE56_mackay__GCA_013697915.1|JACCVY010000076.1_9	NEE56_mackay__GCA_013697915.1	NEE56_mackay__GCA_013697915.1|JACCVY010000076.1	4	37	False	NEE56_mackay__GCA_013697915.1|JACCVY010000076.1_13	13576	15600	1	K01303	accepted_KO
NEE56_mackay__GCA_013697915.1|JACCVY010000076.1_9	NEE56_mackay__GCA_013697915.1	NEE56_mackay__GCA_013697915.1|JACCVY010000076.1	5	37	False	NEE56_mackay__GCA_013697915.1|JACCVY010000076.1_14	16431	17756	-1		in_input_no_accepted_KO
NEE56_mackay__GCA_013697915.1|JACCVY010000110.1_10	NEE56_mackay__GCA_013697915.1	NEE56_mackay__GCA_013697915.1|JACCVY010000110.1	-5	17	False	NEE56_mackay__GCA_013697915.1|JACCVY010000110.1_5	6565	6741	1		in_input_no_accepted_KO
NEE56_mackay__GCA_013697915.1|JACCVY010000110.1_10	NEE56_mackay__GCA_013697915.1	NEE56_mackay__GCA_013697915.1|JACCVY010000110.1	-4	17	False	NEE56_mackay__GCA_013697915.1|JACCVY010000110.1_6	7277	7828	-1	K06886	accepted_KO
NEE56_mackay__GCA_013697915.1|JACCVY010000110.1_10	NEE56_mackay__GCA_013697915.1	NEE56_mackay__GCA_013697915.1|JACCVY010000110.1	-3	17	False	NEE56_mackay__GCA_013697915.1|JACCVY010000110.1_7	8130	8273	1		in_input_no_accepted_KO
NEE56_mackay__GCA_013697915.1|JACCVY010000110.1_10	NEE56_mackay__GCA_013697915.1	NEE56_mackay__GCA_013697915.1|JACCVY010000110.1	-2	17	False	NEE56_mackay__GCA_013697915.1|JACCVY010000110.1_8	8894	9910	1		in_input_no_accepted_KO
NEE56_mackay__GCA_013697915.1|JACCVY010000110.1_10	NEE56_mackay__GCA_013697915.1	NEE56_mackay__GCA_013697915.1|JACCVY010000110.1	-1	17	False	NEE56_mackay__GCA_013697915.1|JACCVY010000110.1_9	9992	10135	-1		in_input_no_accepted_KO
NEE56_mackay__GCA_013697915.1|JACCVY010000110.1_10	NEE56_mackay__GCA_013697915.1	NEE56_mackay__GCA_013697915.1|JACCVY010000110.1	0	17	False	NEE56_mackay__GCA_013697915.1|JACCVY010000110.1_10	10216	11511	1		in_input_no_accepted_KO
NEE56_mackay__GCA_013697915.1|JACCVY010000110.1_10	NEE56_mackay__GCA_013697915.1	NEE56_mackay__GCA_013697915.1|JACCVY010000110.1	1	17	False	NEE56_mackay__GCA_013697915.1|JACCVY010000110.1_11	11785	12204	1		in_input_no_accepted_KO
NEE56_mackay__GCA_013697915.1|JACCVY010000110.1_10	NEE56_mackay__GCA_013697915.1	NEE56_mackay__GCA_013697915.1|JACCVY010000110.1	2	17	False	NEE56_mackay__GCA_013697915.1|JACCVY010000110.1_12	12441	12638	-1		in_input_no_accepted_KO
NEE56_mackay__GCA_013697915.1|JACCVY010000110.1_10	NEE56_mackay__GCA_013697915.1	NEE56_mackay__GCA_013697915.1|JACCVY010000110.1	3	17	False	NEE56_mackay__GCA_013697915.1|JACCVY010000110.1_13	12672	14120	-1		in_input_no_accepted_KO
NEE56_mackay__GCA_013697915.1|JACCVY010000110.1_10	NEE56_mackay__GCA_013697915.1	NEE56_mackay__GCA_013697915.1|JACCVY010000110.1	4	17	False	NEE56_mackay__GCA_013697915.1|JACCVY010000110.1_14	14111	14395	-1		in_input_no_accepted_KO
NEE56_mackay__GCA_013697915.1|JACCVY010000110.1_10	NEE56_mackay__GCA_013697915.1	NEE56_mackay__GCA_013697915.1|JACCVY010000110.1	5	17	False	NEE56_mackay__GCA_013697915.1|JACCVY010000110.1_15	14652	15368	-1		in_input_no_accepted_KO
NEE56_mackay__GCA_013697915.1|JACCVY010000110.1_13	NEE56_mackay__GCA_013697915.1	NEE56_mackay__GCA_013697915.1|JACCVY010000110.1	-5	17	True	NEE56_mackay__GCA_013697915.1|JACCVY010000110.1_8	8894	9910	1		in_input_no_accepted_KO
NEE56_mackay__GCA_013697915.1|JACCVY010000110.1_13	NEE56_mackay__GCA_013697915.1	NEE56_mackay__GCA_013697915.1|JACCVY010000110.1	-4	17	True	NEE56_mackay__GCA_013697915.1|JACCVY010000110.1_9	9992	10135	-1		in_input_no_accepted_KO
NEE56_mackay__GCA_013697915.1|JACCVY010000110.1_13	NEE56_mackay__GCA_013697915.1	NEE56_mackay__GCA_013697915.1|JACCVY010000110.1	-3	17	True	NEE56_mackay__GCA_013697915.1|JACCVY010000110.1_10	10216	11511	1		in_input_no_accepted_KO
NEE56_mackay__GCA_013697915.1|JACCVY010000110.1_13	NEE56_mackay__GCA_013697915.1	NEE56_mackay__GCA_013697915.1|JACCVY010000110.1	-2	17	True	NEE56_mackay__GCA_013697915.1|JACCVY010000110.1_11	11785	12204	1		in_input_no_accepted_KO
NEE56_mackay__GCA_013697915.1|JACCVY010000110.1_13	NEE56_mackay__GCA_013697915.1	NEE56_mackay__GCA_013697915.1|JACCVY010000110.1	-1	17	True	NEE56_mackay__GCA_013697915.1|JACCVY010000110.1_12	12441	12638	-1		in_input_no_accepted_KO
NEE56_mackay__GCA_013697915.1|JACCVY010000110.1_13	NEE56_mackay__GCA_013697915.1	NEE56_mackay__GCA_013697915.1|JACCVY010000110.1	0	17	True	NEE56_mackay__GCA_013697915.1|JACCVY010000110.1_13	12672	14120	-1		in_input_no_accepted_KO
NEE56_mackay__GCA_013697915.1|JACCVY010000110.1_13	NEE56_mackay__GCA_013697915.1	NEE56_mackay__GCA_013697915.1|JACCVY010000110.1	1	17	True	NEE56_mackay__GCA_013697915.1|JACCVY010000110.1_14	14111	14395	-1		in_input_no_accepted_KO
NEE56_mackay__GCA_013697915.1|JACCVY010000110.1_13	NEE56_mackay__GCA_013697915.1	NEE56_mackay__GCA_013697915.1|JACCVY010000110.1	2	17	True	NEE56_mackay__GCA_013697915.1|JACCVY010000110.1_15	14652	15368	-1		in_input_no_accepted_KO
NEE56_mackay__GCA_013697915.1|JACCVY010000110.1_13	NEE56_mackay__GCA_013697915.1	NEE56_mackay__GCA_013697915.1|JACCVY010000110.1	3	17	True	NEE56_mackay__GCA_013697915.1|JACCVY010000110.1_16	15365	15787	-1		in_input_no_accepted_KO
NEE56_mackay__GCA_013697915.1|JACCVY010000110.1_13	NEE56_mackay__GCA_013697915.1	NEE56_mackay__GCA_013697915.1|JACCVY010000110.1	4	17	True	NEE56_mackay__GCA_013697915.1|JACCVY010000110.1_17	15976	17292	-1		in_input_no_accepted_KO
NEE56_mackay__GCA_013697915.1|JACCVY010000003.1_10	NEE56_mackay__GCA_013697915.1	NEE56_mackay__GCA_013697915.1|JACCVY010000003.1	-5	13	True	NEE56_mackay__GCA_013697915.1|JACCVY010000003.1_5	6265	6816	-1	K01246	accepted_KO
NEE56_mackay__GCA_013697915.1|JACCVY010000003.1_10	NEE56_mackay__GCA_013697915.1	NEE56_mackay__GCA_013697915.1|JACCVY010000003.1	-4	13	True	NEE56_mackay__GCA_013697915.1|JACCVY010000003.1_6	6955	9435	-1		in_input_no_accepted_KO
NEE56_mackay__GCA_013697915.1|JACCVY010000003.1_10	NEE56_mackay__GCA_013697915.1	NEE56_mackay__GCA_013697915.1|JACCVY010000003.1	-3	13	True	NEE56_mackay__GCA_013697915.1|JACCVY010000003.1_7	9665	10336	1	K24158	accepted_KO
NEE56_mackay__GCA_013697915.1|JACCVY010000003.1_10	NEE56_mackay__GCA_013697915.1	NEE56_mackay__GCA_013697915.1|JACCVY010000003.1	-2	13	True	NEE56_mackay__GCA_013697915.1|JACCVY010000003.1_8	10506	11522	1	K00344	accepted_KO
NEE56_mackay__GCA_013697915.1|JACCVY010000003.1_10	NEE56_mackay__GCA_013697915.1	NEE56_mackay__GCA_013697915.1|JACCVY010000003.1	-1	13	True	NEE56_mackay__GCA_013697915.1|JACCVY010000003.1_9	11529	11993	-1		in_input_no_accepted_KO
NEE56_mackay__GCA_013697915.1|JACCVY010000003.1_10	NEE56_mackay__GCA_013697915.1	NEE56_mackay__GCA_013697915.1|JACCVY010000003.1	0	13	True	NEE56_mackay__GCA_013697915.1|JACCVY010000003.1_10	12590	15778	-1		in_input_no_accepted_KO
NEE56_mackay__GCA_013697915.1|JACCVY010000003.1_10	NEE56_mackay__GCA_013697915.1	NEE56_mackay__GCA_013697915.1|JACCVY010000003.1	1	13	True	NEE56_mackay__GCA_013697915.1|JACCVY010000003.1_11	15970	16173	-1		in_input_no_accepted_KO
NEE56_mackay__GCA_013697915.1|JACCVY010000003.1_10	NEE56_mackay__GCA_013697915.1	NEE56_mackay__GCA_013697915.1|JACCVY010000003.1	2	13	True	NEE56_mackay__GCA_013697915.1|JACCVY010000003.1_12	16240	18720	-1		in_input_no_accepted_KO
NEE56_mackay__GCA_013697915.1|JACCVY010000003.1_10	NEE56_mackay__GCA_013697915.1	NEE56_mackay__GCA_013697915.1|JACCVY010000003.1	3	13	True	NEE56_mackay__GCA_013697915.1|JACCVY010000003.1_13	18776	19048	-1		in_input_no_accepted_KO
NEE56_mackay__GCA_013697915.1|JACCVY010000156.1_5	NEE56_mackay__GCA_013697915.1	NEE56_mackay__GCA_013697915.1|JACCVY010000156.1	-4	20	True	NEE56_mackay__GCA_013697915.1|JACCVY010000156.1_1	193	4845	-1		in_input_no_accepted_KO
NEE56_mackay__GCA_013697915.1|JACCVY010000156.1_5	NEE56_mackay__GCA_013697915.1	NEE56_mackay__GCA_013697915.1|JACCVY010000156.1	-3	20	True	NEE56_mackay__GCA_013697915.1|JACCVY010000156.1_2	5179	5559	1		in_input_no_accepted_KO
NEE56_mackay__GCA_013697915.1|JACCVY010000156.1_5	NEE56_mackay__GCA_013697915.1	NEE56_mackay__GCA_013697915.1|JACCVY010000156.1	-2	20	True	NEE56_mackay__GCA_013697915.1|JACCVY010000156.1_3	5598	6614	1		in_input_no_accepted_KO
NEE56_mackay__GCA_013697915.1|JACCVY010000156.1_5	NEE56_mackay__GCA_013697915.1	NEE56_mackay__GCA_013697915.1|JACCVY010000156.1	-1	20	True	NEE56_mackay__GCA_013697915.1|JACCVY010000156.1_4	7080	8081	-1	K25026	accepted_KO
NEE56_mackay__GCA_013697915.1|JACCVY010000156.1_5	NEE56_mackay__GCA_013697915.1	NEE56_mackay__GCA_013697915.1|JACCVY010000156.1	0	20	True	NEE56_mackay__GCA_013697915.1|JACCVY010000156.1_5	8144	9781	-1	K00705	accepted_KO
NEE56_mackay__GCA_013697915.1|JACCVY010000156.1_5	NEE56_mackay__GCA_013697915.1	NEE56_mackay__GCA_013697915.1|JACCVY010000156.1	1	20	True	NEE56_mackay__GCA_013697915.1|JACCVY010000156.1_6	9994	10863	-1	K07260	accepted_KO
NEE56_mackay__GCA_013697915.1|JACCVY010000156.1_5	NEE56_mackay__GCA_013697915.1	NEE56_mackay__GCA_013697915.1|JACCVY010000156.1	2	20	True	NEE56_mackay__GCA_013697915.1|JACCVY010000156.1_7	11004	12323	-1		in_input_no_accepted_KO
NEE56_mackay__GCA_013697915.1|JACCVY010000156.1_5	NEE56_mackay__GCA_013697915.1	NEE56_mackay__GCA_013697915.1|JACCVY010000156.1	3	20	True	NEE56_mackay__GCA_013697915.1|JACCVY010000156.1_8	12334	14148	-1		in_input_no_accepted_KO
NEE56_mackay__GCA_013697915.1|JACCVY010000156.1_5	NEE56_mackay__GCA_013697915.1	NEE56_mackay__GCA_013697915.1|JACCVY010000156.1	4	20	True	NEE56_mackay__GCA_013697915.1|JACCVY010000156.1_9	14164	15765	-1	K00058	accepted_KO
NEE56_mackay__GCA_013697915.1|JACCVY010000156.1_5	NEE56_mackay__GCA_013697915.1	NEE56_mackay__GCA_013697915.1|JACCVY010000156.1	5	20	True	NEE56_mackay__GCA_013697915.1|JACCVY010000156.1_10	16045	17016	1	K03284	accepted_KO
NEE56_mackay__GCA_013815775.1|JACDFN010000001.1_271	NEE56_mackay__GCA_013815775.1	NEE56_mackay__GCA_013815775.1|JACDFN010000001.1	-5	328	False	NEE56_mackay__GCA_013815775.1|JACDFN010000001.1_266	270212	270775	-1		in_input_no_accepted_KO
NEE56_mackay__GCA_013815775.1|JACDFN010000001.1_271	NEE56_mackay__GCA_013815775.1	NEE56_mackay__GCA_013815775.1|JACDFN010000001.1	-4	328	False	NEE56_mackay__GCA_013815775.1|JACDFN010000001.1_267	270787	270939	-1		in_input_no_accepted_KO
NEE56_mackay__GCA_013815775.1|JACDFN010000001.1_271	NEE56_mackay__GCA_013815775.1	NEE56_mackay__GCA_013815775.1|JACDFN010000001.1	-3	328	False	NEE56_mackay__GCA_013815775.1|JACDFN010000001.1_268	270936	272276	-1		in_input_no_accepted_KO
NEE56_mackay__GCA_013815775.1|JACDFN010000001.1_271	NEE56_mackay__GCA_013815775.1	NEE56_mackay__GCA_013815775.1|JACDFN010000001.1	-2	328	False	NEE56_mackay__GCA_013815775.1|JACDFN010000001.1_269	272502	272855	-1		in_input_no_accepted_KO
NEE56_mackay__GCA_013815775.1|JACDFN010000001.1_271	NEE56_mackay__GCA_013815775.1	NEE56_mackay__GCA_013815775.1|JACDFN010000001.1	-1	328	False	NEE56_mackay__GCA_013815775.1|JACDFN010000001.1_270	273085	273507	-1		in_input_no_accepted_KO
NEE56_mackay__GCA_013815775.1|JACDFN010000001.1_271	NEE56_mackay__GCA_013815775.1	NEE56_mackay__GCA_013815775.1|JACDFN010000001.1	0	328	False	NEE56_mackay__GCA_013815775.1|JACDFN010000001.1_271	273601	274437	-1		in_input_no_accepted_KO
NEE56_mackay__GCA_013815775.1|JACDFN010000001.1_271	NEE56_mackay__GCA_013815775.1	NEE56_mackay__GCA_013815775.1|JACDFN010000001.1	1	328	False	NEE56_mackay__GCA_013815775.1|JACDFN010000001.1_272	274792	275187	-1		in_input_no_accepted_KO
NEE56_mackay__GCA_013815775.1|JACDFN010000001.1_271	NEE56_mackay__GCA_013815775.1	NEE56_mackay__GCA_013815775.1|JACDFN010000001.1	2	328	False	NEE56_mackay__GCA_013815775.1|JACDFN010000001.1_273	275371	276603	-1		in_input_no_accepted_KO
NEE56_mackay__GCA_013815775.1|JACDFN010000001.1_271	NEE56_mackay__GCA_013815775.1	NEE56_mackay__GCA_013815775.1|JACDFN010000001.1	3	328	False	NEE56_mackay__GCA_013815775.1|JACDFN010000001.1_274	276859	277251	-1		in_input_no_accepted_KO
NEE56_mackay__GCA_013815775.1|JACDFN010000001.1_271	NEE56_mackay__GCA_013815775.1	NEE56_mackay__GCA_013815775.1|JACDFN010000001.1	4	328	False	NEE56_mackay__GCA_013815775.1|JACDFN010000001.1_275	278281	279912	-1		in_input_no_accepted_KO
NEE56_mackay__GCA_013815775.1|JACDFN010000001.1_271	NEE56_mackay__GCA_013815775.1	NEE56_mackay__GCA_013815775.1|JACDFN010000001.1	5	328	False	NEE56_mackay__GCA_013815775.1|JACDFN010000001.1_276	280170	281315	-1		in_input_no_accepted_KO
NEE56_mackay__GCA_013815775.1|JACDFN010000002.1_245	NEE56_mackay__GCA_013815775.1	NEE56_mackay__GCA_013815775.1|JACDFN010000002.1	-5	267	False	NEE56_mackay__GCA_013815775.1|JACDFN010000002.1_240	231618	232619	-1	K00384	accepted_KO
NEE56_mackay__GCA_013815775.1|JACDFN010000002.1_245	NEE56_mackay__GCA_013815775.1	NEE56_mackay__GCA_013815775.1|JACDFN010000002.1	-4	267	False	NEE56_mackay__GCA_013815775.1|JACDFN010000002.1_241	232635	232883	-1		in_input_no_accepted_KO
NEE56_mackay__GCA_013815775.1|JACDFN010000002.1_245	NEE56_mackay__GCA_013815775.1	NEE56_mackay__GCA_013815775.1|JACDFN010000002.1	-3	267	False	NEE56_mackay__GCA_013815775.1|JACDFN010000002.1_242	232986	233495	-1		in_input_no_accepted_KO
NEE56_mackay__GCA_013815775.1|JACDFN010000002.1_245	NEE56_mackay__GCA_013815775.1	NEE56_mackay__GCA_013815775.1|JACDFN010000002.1	-2	267	False	NEE56_mackay__GCA_013815775.1|JACDFN010000002.1_243	233542	236094	-1	K01890	accepted_KO
NEE56_mackay__GCA_013815775.1|JACDFN010000002.1_245	NEE56_mackay__GCA_013815775.1	NEE56_mackay__GCA_013815775.1|JACDFN010000002.1	-1	267	False	NEE56_mackay__GCA_013815775.1|JACDFN010000002.1_244	236091	237152	-1	K01889	accepted_KO
NEE56_mackay__GCA_013815775.1|JACDFN010000002.1_245	NEE56_mackay__GCA_013815775.1	NEE56_mackay__GCA_013815775.1|JACDFN010000002.1	0	267	False	NEE56_mackay__GCA_013815775.1|JACDFN010000002.1_245	237179	238528	1		in_input_no_accepted_KO
NEE56_mackay__GCA_013815775.1|JACDFN010000002.1_245	NEE56_mackay__GCA_013815775.1	NEE56_mackay__GCA_013815775.1|JACDFN010000002.1	1	267	False	NEE56_mackay__GCA_013815775.1|JACDFN010000002.1_246	238533	239585	-1	K09760	accepted_KO
NEE56_mackay__GCA_013815775.1|JACDFN010000002.1_245	NEE56_mackay__GCA_013815775.1	NEE56_mackay__GCA_013815775.1|JACDFN010000002.1	2	267	False	NEE56_mackay__GCA_013815775.1|JACDFN010000002.1_247	239601	239915	-1		in_input_no_accepted_KO
NEE56_mackay__GCA_013815775.1|JACDFN010000002.1_245	NEE56_mackay__GCA_013815775.1	NEE56_mackay__GCA_013815775.1|JACDFN010000002.1	3	267	False	NEE56_mackay__GCA_013815775.1|JACDFN010000002.1_248	239952	240674	-1		in_input_no_accepted_KO
NEE56_mackay__GCA_013815775.1|JACDFN010000002.1_245	NEE56_mackay__GCA_013815775.1	NEE56_mackay__GCA_013815775.1|JACDFN010000002.1	4	267	False	NEE56_mackay__GCA_013815775.1|JACDFN010000002.1_249	241156	242613	-1		in_input_no_accepted_KO
NEE56_mackay__GCA_013815775.1|JACDFN010000002.1_245	NEE56_mackay__GCA_013815775.1	NEE56_mackay__GCA_013815775.1|JACDFN010000002.1	5	267	False	NEE56_mackay__GCA_013815775.1|JACDFN010000002.1_250	242766	243929	1	K03885	accepted_KO
NEE56_mackay__GCA_013816405.1|JACDEL010000004.1_17	NEE56_mackay__GCA_013816405.1	NEE56_mackay__GCA_013816405.1|JACDEL010000004.1	-5	83	False	NEE56_mackay__GCA_013816405.1|JACDEL010000004.1_12	5549	6253	1		in_input_no_accepted_KO
NEE56_mackay__GCA_013816405.1|JACDEL010000004.1_17	NEE56_mackay__GCA_013816405.1	NEE56_mackay__GCA_013816405.1|JACDEL010000004.1	-4	83	False	NEE56_mackay__GCA_013816405.1|JACDEL010000004.1_13	6355	6825	1		in_input_no_accepted_KO
NEE56_mackay__GCA_013816405.1|JACDEL010000004.1_17	NEE56_mackay__GCA_013816405.1	NEE56_mackay__GCA_013816405.1|JACDEL010000004.1	-3	83	False	NEE56_mackay__GCA_013816405.1|JACDEL010000004.1_14	7151	7360	-1		in_input_no_accepted_KO
NEE56_mackay__GCA_013816405.1|JACDEL010000004.1_17	NEE56_mackay__GCA_013816405.1	NEE56_mackay__GCA_013816405.1|JACDEL010000004.1	-2	83	False	NEE56_mackay__GCA_013816405.1|JACDEL010000004.1_15	7629	7754	1		in_input_no_accepted_KO
NEE56_mackay__GCA_013816405.1|JACDEL010000004.1_17	NEE56_mackay__GCA_013816405.1	NEE56_mackay__GCA_013816405.1|JACDEL010000004.1	-1	83	False	NEE56_mackay__GCA_013816405.1|JACDEL010000004.1_16	7955	8344	-1		in_input_no_accepted_KO
NEE56_mackay__GCA_013816405.1|JACDEL010000004.1_17	NEE56_mackay__GCA_013816405.1	NEE56_mackay__GCA_013816405.1|JACDEL010000004.1	0	83	False	NEE56_mackay__GCA_013816405.1|JACDEL010000004.1_17	8625	10040	1		in_input_no_accepted_KO
NEE56_mackay__GCA_013816405.1|JACDEL010000004.1_17	NEE56_mackay__GCA_013816405.1	NEE56_mackay__GCA_013816405.1|JACDEL010000004.1	1	83	False	NEE56_mackay__GCA_013816405.1|JACDEL010000004.1_18	10165	10392	1		in_input_no_accepted_KO
NEE56_mackay__GCA_013816405.1|JACDEL010000004.1_17	NEE56_mackay__GCA_013816405.1	NEE56_mackay__GCA_013816405.1|JACDEL010000004.1	2	83	False	NEE56_mackay__GCA_013816405.1|JACDEL010000004.1_19	10397	11188	-1		in_input_no_accepted_KO
NEE56_mackay__GCA_013816405.1|JACDEL010000004.1_17	NEE56_mackay__GCA_013816405.1	NEE56_mackay__GCA_013816405.1|JACDEL010000004.1	3	83	False	NEE56_mackay__GCA_013816405.1|JACDEL010000004.1_20	11185	11898	-1		in_input_no_accepted_KO
NEE56_mackay__GCA_013816405.1|JACDEL010000004.1_17	NEE56_mackay__GCA_013816405.1	NEE56_mackay__GCA_013816405.1|JACDEL010000004.1	4	83	False	NEE56_mackay__GCA_013816405.1|JACDEL010000004.1_21	11846	12460	-1		in_input_no_accepted_KO
NEE56_mackay__GCA_013816405.1|JACDEL010000004.1_17	NEE56_mackay__GCA_013816405.1	NEE56_mackay__GCA_013816405.1|JACDEL010000004.1	5	83	False	NEE56_mackay__GCA_013816405.1|JACDEL010000004.1_22	13539	13841	-1		in_input_no_accepted_KO
NEE56_mackay__GCA_013816405.1|JACDEL010000004.1_60	NEE56_mackay__GCA_013816405.1	NEE56_mackay__GCA_013816405.1|JACDEL010000004.1	-5	83	False	NEE56_mackay__GCA_013816405.1|JACDEL010000004.1_55	45438	46334	-1	K02030	accepted_KO
NEE56_mackay__GCA_013816405.1|JACDEL010000004.1_60	NEE56_mackay__GCA_013816405.1	NEE56_mackay__GCA_013816405.1|JACDEL010000004.1	-4	83	False	NEE56_mackay__GCA_013816405.1|JACDEL010000004.1_56	46380	48059	1		in_input_no_accepted_KO
NEE56_mackay__GCA_013816405.1|JACDEL010000004.1_60	NEE56_mackay__GCA_013816405.1	NEE56_mackay__GCA_013816405.1|JACDEL010000004.1	-3	83	False	NEE56_mackay__GCA_013816405.1|JACDEL010000004.1_57	48061	48429	-1	K06893;K07255	accepted_KO
NEE56_mackay__GCA_013816405.1|JACDEL010000004.1_60	NEE56_mackay__GCA_013816405.1	NEE56_mackay__GCA_013816405.1|JACDEL010000004.1	-2	83	False	NEE56_mackay__GCA_013816405.1|JACDEL010000004.1_58	48540	48980	1		in_input_no_accepted_KO
NEE56_mackay__GCA_013816405.1|JACDEL010000004.1_60	NEE56_mackay__GCA_013816405.1	NEE56_mackay__GCA_013816405.1|JACDEL010000004.1	-1	83	False	NEE56_mackay__GCA_013816405.1|JACDEL010000004.1_59	49263	49361	1		in_input_no_accepted_KO
NEE56_mackay__GCA_013816405.1|JACDEL010000004.1_60	NEE56_mackay__GCA_013816405.1	NEE56_mackay__GCA_013816405.1|JACDEL010000004.1	0	83	False	NEE56_mackay__GCA_013816405.1|JACDEL010000004.1_60	49526	50968	1		in_input_no_accepted_KO
NEE56_mackay__GCA_013816405.1|JACDEL010000004.1_60	NEE56_mackay__GCA_013816405.1	NEE56_mackay__GCA_013816405.1|JACDEL010000004.1	1	83	False	NEE56_mackay__GCA_013816405.1|JACDEL010000004.1_61	50981	52192	1	K07222	accepted_KO
NEE56_mackay__GCA_013816405.1|JACDEL010000004.1_60	NEE56_mackay__GCA_013816405.1	NEE56_mackay__GCA_013816405.1|JACDEL010000004.1	2	83	False	NEE56_mackay__GCA_013816405.1|JACDEL010000004.1_62	52284	52655	1		in_input_no_accepted_KO
NEE56_mackay__GCA_013816405.1|JACDEL010000004.1_60	NEE56_mackay__GCA_013816405.1	NEE56_mackay__GCA_013816405.1|JACDEL010000004.1	3	83	False	NEE56_mackay__GCA_013816405.1|JACDEL010000004.1_63	52867	53349	-1		in_input_no_accepted_KO
NEE56_mackay__GCA_013816405.1|JACDEL010000004.1_60	NEE56_mackay__GCA_013816405.1	NEE56_mackay__GCA_013816405.1|JACDEL010000004.1	4	83	False	NEE56_mackay__GCA_013816405.1|JACDEL010000004.1_64	53661	54341	1		in_input_no_accepted_KO
NEE56_mackay__GCA_013816405.1|JACDEL010000004.1_60	NEE56_mackay__GCA_013816405.1	NEE56_mackay__GCA_013816405.1|JACDEL010000004.1	5	83	False	NEE56_mackay__GCA_013816405.1|JACDEL010000004.1_65	54375	55040	1	K01091	accepted_KO
NEE56_mackay__GCA_013816405.1|JACDEL010000007.1_27	NEE56_mackay__GCA_013816405.1	NEE56_mackay__GCA_013816405.1|JACDEL010000007.1	-5	68	False	NEE56_mackay__GCA_013816405.1|JACDEL010000007.1_22	21523	22425	1		in_input_no_accepted_KO
NEE56_mackay__GCA_013816405.1|JACDEL010000007.1_27	NEE56_mackay__GCA_013816405.1	NEE56_mackay__GCA_013816405.1|JACDEL010000007.1	-4	68	False	NEE56_mackay__GCA_013816405.1|JACDEL010000007.1_23	22549	23238	-1		in_input_no_accepted_KO
NEE56_mackay__GCA_013816405.1|JACDEL010000007.1_27	NEE56_mackay__GCA_013816405.1	NEE56_mackay__GCA_013816405.1|JACDEL010000007.1	-3	68	False	NEE56_mackay__GCA_013816405.1|JACDEL010000007.1_24	23440	23727	1		in_input_no_accepted_KO
NEE56_mackay__GCA_013816405.1|JACDEL010000007.1_27	NEE56_mackay__GCA_013816405.1	NEE56_mackay__GCA_013816405.1|JACDEL010000007.1	-2	68	False	NEE56_mackay__GCA_013816405.1|JACDEL010000007.1_25	23948	25171	-1		in_input_no_accepted_KO
NEE56_mackay__GCA_013816405.1|JACDEL010000007.1_27	NEE56_mackay__GCA_013816405.1	NEE56_mackay__GCA_013816405.1|JACDEL010000007.1	-1	68	False	NEE56_mackay__GCA_013816405.1|JACDEL010000007.1_26	25747	26652	1		in_input_no_accepted_KO
NEE56_mackay__GCA_013816405.1|JACDEL010000007.1_27	NEE56_mackay__GCA_013816405.1	NEE56_mackay__GCA_013816405.1|JACDEL010000007.1	0	68	False	NEE56_mackay__GCA_013816405.1|JACDEL010000007.1_27	26976	28352	1		in_input_no_accepted_KO
NEE56_mackay__GCA_013816405.1|JACDEL010000007.1_27	NEE56_mackay__GCA_013816405.1	NEE56_mackay__GCA_013816405.1|JACDEL010000007.1	1	68	False	NEE56_mackay__GCA_013816405.1|JACDEL010000007.1_28	28471	28692	1		in_input_no_accepted_KO
NEE56_mackay__GCA_013816405.1|JACDEL010000007.1_27	NEE56_mackay__GCA_013816405.1	NEE56_mackay__GCA_013816405.1|JACDEL010000007.1	2	68	False	NEE56_mackay__GCA_013816405.1|JACDEL010000007.1_29	28652	29389	1		in_input_no_accepted_KO
NEE56_mackay__GCA_013816405.1|JACDEL010000007.1_27	NEE56_mackay__GCA_013816405.1	NEE56_mackay__GCA_013816405.1|JACDEL010000007.1	3	68	False	NEE56_mackay__GCA_013816405.1|JACDEL010000007.1_30	29386	29670	-1		in_input_no_accepted_KO
NEE56_mackay__GCA_013816405.1|JACDEL010000007.1_27	NEE56_mackay__GCA_013816405.1	NEE56_mackay__GCA_013816405.1|JACDEL010000007.1	4	68	False	NEE56_mackay__GCA_013816405.1|JACDEL010000007.1_31	29704	30192	-1		in_input_no_accepted_KO
NEE56_mackay__GCA_013816405.1|JACDEL010000007.1_27	NEE56_mackay__GCA_013816405.1	NEE56_mackay__GCA_013816405.1|JACDEL010000007.1	5	68	False	NEE56_mackay__GCA_013816405.1|JACDEL010000007.1_32	30279	31625	-1	K06001	accepted_KO
NEE56_mackay__GCA_013816405.1|JACDEL010000059.1_3	NEE56_mackay__GCA_013816405.1	NEE56_mackay__GCA_013816405.1|JACDEL010000059.1	-2	12	True	NEE56_mackay__GCA_013816405.1|JACDEL010000059.1_1	2	2839	-1	K03724	accepted_KO
NEE56_mackay__GCA_013816405.1|JACDEL010000059.1_3	NEE56_mackay__GCA_013816405.1	NEE56_mackay__GCA_013816405.1|JACDEL010000059.1	-1	12	True	NEE56_mackay__GCA_013816405.1|JACDEL010000059.1_2	2933	3328	1		in_input_no_accepted_KO
NEE56_mackay__GCA_013816405.1|JACDEL010000059.1_3	NEE56_mackay__GCA_013816405.1	NEE56_mackay__GCA_013816405.1|JACDEL010000059.1	0	12	True	NEE56_mackay__GCA_013816405.1|JACDEL010000059.1_3	3337	4791	-1	K00368	accepted_KO
NEE56_mackay__GCA_013816405.1|JACDEL010000059.1_3	NEE56_mackay__GCA_013816405.1	NEE56_mackay__GCA_013816405.1|JACDEL010000059.1	1	12	True	NEE56_mackay__GCA_013816405.1|JACDEL010000059.1_4	5798	6184	-1		in_input_no_accepted_KO
NEE56_mackay__GCA_013816405.1|JACDEL010000059.1_3	NEE56_mackay__GCA_013816405.1	NEE56_mackay__GCA_013816405.1|JACDEL010000059.1	2	12	True	NEE56_mackay__GCA_013816405.1|JACDEL010000059.1_5	6175	7287	-1	K01992	accepted_KO
NEE56_mackay__GCA_013816405.1|JACDEL010000059.1_3	NEE56_mackay__GCA_013816405.1	NEE56_mackay__GCA_013816405.1|JACDEL010000059.1	3	12	True	NEE56_mackay__GCA_013816405.1|JACDEL010000059.1_6	7291	8055	-1	K01990	accepted_KO
NEE56_mackay__GCA_013816405.1|JACDEL010000059.1_3	NEE56_mackay__GCA_013816405.1	NEE56_mackay__GCA_013816405.1|JACDEL010000059.1	4	12	True	NEE56_mackay__GCA_013816405.1|JACDEL010000059.1_7	8052	9275	-1	K16148	accepted_KO
NEE56_mackay__GCA_013816405.1|JACDEL010000059.1_3	NEE56_mackay__GCA_013816405.1	NEE56_mackay__GCA_013816405.1|JACDEL010000059.1	5	12	True	NEE56_mackay__GCA_013816405.1|JACDEL010000059.1_8	9369	11819	1	K01533;K17686	accepted_KO
NEE56_mackay__GCA_013816855.1|JACDDT010000005.1_49	NEE56_mackay__GCA_013816855.1	NEE56_mackay__GCA_013816855.1|JACDDT010000005.1	-5	57	False	NEE56_mackay__GCA_013816855.1|JACDDT010000005.1_44	53706	54107	1		in_input_no_accepted_KO
NEE56_mackay__GCA_013816855.1|JACDDT010000005.1_49	NEE56_mackay__GCA_013816855.1	NEE56_mackay__GCA_013816855.1|JACDDT010000005.1	-4	57	False	NEE56_mackay__GCA_013816855.1|JACDDT010000005.1_45	54113	55327	1		in_input_no_accepted_KO
NEE56_mackay__GCA_013816855.1|JACDDT010000005.1_49	NEE56_mackay__GCA_013816855.1	NEE56_mackay__GCA_013816855.1|JACDDT010000005.1	-3	57	False	NEE56_mackay__GCA_013816855.1|JACDDT010000005.1_46	55328	55693	1		in_input_no_accepted_KO
NEE56_mackay__GCA_013816855.1|JACDDT010000005.1_49	NEE56_mackay__GCA_013816855.1	NEE56_mackay__GCA_013816855.1|JACDDT010000005.1	-2	57	False	NEE56_mackay__GCA_013816855.1|JACDDT010000005.1_47	55690	56001	1		in_input_no_accepted_KO
NEE56_mackay__GCA_013816855.1|JACDDT010000005.1_49	NEE56_mackay__GCA_013816855.1	NEE56_mackay__GCA_013816855.1|JACDDT010000005.1	-1	57	False	NEE56_mackay__GCA_013816855.1|JACDDT010000005.1_48	55998	57404	1	K00135	accepted_KO
NEE56_mackay__GCA_013816855.1|JACDDT010000005.1_49	NEE56_mackay__GCA_013816855.1	NEE56_mackay__GCA_013816855.1|JACDDT010000005.1	0	57	False	NEE56_mackay__GCA_013816855.1|JACDDT010000005.1_49	57409	58287	-1	K03932	accepted_KO
NEE56_mackay__GCA_013816855.1|JACDDT010000005.1_49	NEE56_mackay__GCA_013816855.1	NEE56_mackay__GCA_013816855.1|JACDDT010000005.1	1	57	False	NEE56_mackay__GCA_013816855.1|JACDDT010000005.1_50	58328	59143	-1		in_input_no_accepted_KO
NEE56_mackay__GCA_013816855.1|JACDDT010000005.1_49	NEE56_mackay__GCA_013816855.1	NEE56_mackay__GCA_013816855.1|JACDDT010000005.1	2	57	False	NEE56_mackay__GCA_013816855.1|JACDDT010000005.1_51	59231	60814	-1		in_input_no_accepted_KO
NEE56_mackay__GCA_013816855.1|JACDDT010000005.1_49	NEE56_mackay__GCA_013816855.1	NEE56_mackay__GCA_013816855.1|JACDDT010000005.1	3	57	False	NEE56_mackay__GCA_013816855.1|JACDDT010000005.1_52	60949	62685	1	K14205	accepted_KO
NEE56_mackay__GCA_013816855.1|JACDDT010000005.1_49	NEE56_mackay__GCA_013816855.1	NEE56_mackay__GCA_013816855.1|JACDDT010000005.1	4	57	False	NEE56_mackay__GCA_013816855.1|JACDDT010000005.1_53	62686	63642	-1	K03932	accepted_KO
NEE56_mackay__GCA_013816855.1|JACDDT010000005.1_49	NEE56_mackay__GCA_013816855.1	NEE56_mackay__GCA_013816855.1|JACDDT010000005.1	5	57	False	NEE56_mackay__GCA_013816855.1|JACDDT010000005.1_54	63721	64437	1		in_input_no_accepted_KO
NEE56_mackay__GCA_013816855.1|JACDDT010000005.1_53	NEE56_mackay__GCA_013816855.1	NEE56_mackay__GCA_013816855.1|JACDDT010000005.1	-5	57	True	NEE56_mackay__GCA_013816855.1|JACDDT010000005.1_48	55998	57404	1	K00135	accepted_KO
NEE56_mackay__GCA_013816855.1|JACDDT010000005.1_53	NEE56_mackay__GCA_013816855.1	NEE56_mackay__GCA_013816855.1|JACDDT010000005.1	-4	57	True	NEE56_mackay__GCA_013816855.1|JACDDT010000005.1_49	57409	58287	-1	K03932	accepted_KO
NEE56_mackay__GCA_013816855.1|JACDDT010000005.1_53	NEE56_mackay__GCA_013816855.1	NEE56_mackay__GCA_013816855.1|JACDDT010000005.1	-3	57	True	NEE56_mackay__GCA_013816855.1|JACDDT010000005.1_50	58328	59143	-1		in_input_no_accepted_KO
NEE56_mackay__GCA_013816855.1|JACDDT010000005.1_53	NEE56_mackay__GCA_013816855.1	NEE56_mackay__GCA_013816855.1|JACDDT010000005.1	-2	57	True	NEE56_mackay__GCA_013816855.1|JACDDT010000005.1_51	59231	60814	-1		in_input_no_accepted_KO
NEE56_mackay__GCA_013816855.1|JACDDT010000005.1_53	NEE56_mackay__GCA_013816855.1	NEE56_mackay__GCA_013816855.1|JACDDT010000005.1	-1	57	True	NEE56_mackay__GCA_013816855.1|JACDDT010000005.1_52	60949	62685	1	K14205	accepted_KO
NEE56_mackay__GCA_013816855.1|JACDDT010000005.1_53	NEE56_mackay__GCA_013816855.1	NEE56_mackay__GCA_013816855.1|JACDDT010000005.1	0	57	True	NEE56_mackay__GCA_013816855.1|JACDDT010000005.1_53	62686	63642	-1	K03932	accepted_KO
NEE56_mackay__GCA_013816855.1|JACDDT010000005.1_53	NEE56_mackay__GCA_013816855.1	NEE56_mackay__GCA_013816855.1|JACDDT010000005.1	1	57	True	NEE56_mackay__GCA_013816855.1|JACDDT010000005.1_54	63721	64437	1		in_input_no_accepted_KO
NEE56_mackay__GCA_013816855.1|JACDDT010000005.1_53	NEE56_mackay__GCA_013816855.1	NEE56_mackay__GCA_013816855.1|JACDDT010000005.1	2	57	True	NEE56_mackay__GCA_013816855.1|JACDDT010000005.1_55	64692	65924	1		in_input_no_accepted_KO
NEE56_mackay__GCA_013816855.1|JACDDT010000005.1_53	NEE56_mackay__GCA_013816855.1	NEE56_mackay__GCA_013816855.1|JACDDT010000005.1	3	57	True	NEE56_mackay__GCA_013816855.1|JACDDT010000005.1_56	65930	66433	1	K00657	accepted_KO
NEE56_mackay__GCA_013816855.1|JACDDT010000005.1_53	NEE56_mackay__GCA_013816855.1	NEE56_mackay__GCA_013816855.1|JACDDT010000005.1	4	57	True	NEE56_mackay__GCA_013816855.1|JACDDT010000005.1_57	66438	67133	-1		in_input_no_accepted_KO
NEE56_mackay__GCA_013816855.1|JACDDT010000008.1_8	NEE56_mackay__GCA_013816855.1	NEE56_mackay__GCA_013816855.1|JACDDT010000008.1	-5	58	False	NEE56_mackay__GCA_013816855.1|JACDDT010000008.1_3	1706	4744	1		in_input_no_accepted_KO
NEE56_mackay__GCA_013816855.1|JACDDT010000008.1_8	NEE56_mackay__GCA_013816855.1	NEE56_mackay__GCA_013816855.1|JACDDT010000008.1	-4	58	False	NEE56_mackay__GCA_013816855.1|JACDDT010000008.1_4	4746	6209	1		in_input_no_accepted_KO
NEE56_mackay__GCA_013816855.1|JACDDT010000008.1_8	NEE56_mackay__GCA_013816855.1	NEE56_mackay__GCA_013816855.1|JACDDT010000008.1	-3	58	False	NEE56_mackay__GCA_013816855.1|JACDDT010000008.1_5	6209	6709	1		in_input_no_accepted_KO
NEE56_mackay__GCA_013816855.1|JACDDT010000008.1_8	NEE56_mackay__GCA_013816855.1	NEE56_mackay__GCA_013816855.1|JACDDT010000008.1	-2	58	False	NEE56_mackay__GCA_013816855.1|JACDDT010000008.1_6	6738	7469	1		in_input_no_accepted_KO
NEE56_mackay__GCA_013816855.1|JACDDT010000008.1_8	NEE56_mackay__GCA_013816855.1	NEE56_mackay__GCA_013816855.1|JACDDT010000008.1	-1	58	False	NEE56_mackay__GCA_013816855.1|JACDDT010000008.1_7	7466	8791	1		in_input_no_accepted_KO
NEE56_mackay__GCA_013816855.1|JACDDT010000008.1_8	NEE56_mackay__GCA_013816855.1	NEE56_mackay__GCA_013816855.1|JACDDT010000008.1	0	58	False	NEE56_mackay__GCA_013816855.1|JACDDT010000008.1_8	9171	10109	-1	K03932	accepted_KO
NEE56_mackay__GCA_013816855.1|JACDDT010000008.1_8	NEE56_mackay__GCA_013816855.1	NEE56_mackay__GCA_013816855.1|JACDDT010000008.1	1	58	False	NEE56_mackay__GCA_013816855.1|JACDDT010000008.1_9	10274	11380	1		in_input_no_accepted_KO
NEE56_mackay__GCA_013816855.1|JACDDT010000008.1_8	NEE56_mackay__GCA_013816855.1	NEE56_mackay__GCA_013816855.1|JACDDT010000008.1	2	58	False	NEE56_mackay__GCA_013816855.1|JACDDT010000008.1_10	11414	11887	1		in_input_no_accepted_KO
NEE56_mackay__GCA_013816855.1|JACDDT010000008.1_8	NEE56_mackay__GCA_013816855.1	NEE56_mackay__GCA_013816855.1|JACDDT010000008.1	3	58	False	NEE56_mackay__GCA_013816855.1|JACDDT010000008.1_11	12069	12536	1		in_input_no_accepted_KO
NEE56_mackay__GCA_013816855.1|JACDDT010000008.1_8	NEE56_mackay__GCA_013816855.1	NEE56_mackay__GCA_013816855.1|JACDDT010000008.1	4	58	False	NEE56_mackay__GCA_013816855.1|JACDDT010000008.1_12	12533	12937	1		in_input_no_accepted_KO
NEE56_mackay__GCA_013816855.1|JACDDT010000008.1_8	NEE56_mackay__GCA_013816855.1	NEE56_mackay__GCA_013816855.1|JACDDT010000008.1	5	58	False	NEE56_mackay__GCA_013816855.1|JACDDT010000008.1_13	12934	13812	1		in_input_no_accepted_KO
NEE56_mackay__GCA_013816855.1|JACDDT010000009.1_19	NEE56_mackay__GCA_013816855.1	NEE56_mackay__GCA_013816855.1|JACDDT010000009.1	-5	43	False	NEE56_mackay__GCA_013816855.1|JACDDT010000009.1_14	24882	26075	1	K02653	accepted_KO
NEE56_mackay__GCA_013816855.1|JACDDT010000009.1_19	NEE56_mackay__GCA_013816855.1	NEE56_mackay__GCA_013816855.1|JACDDT010000009.1	-4	43	False	NEE56_mackay__GCA_013816855.1|JACDDT010000009.1_15	26105	27241	-1		in_input_no_accepted_KO
NEE56_mackay__GCA_013816855.1|JACDDT010000009.1_19	NEE56_mackay__GCA_013816855.1	NEE56_mackay__GCA_013816855.1|JACDDT010000009.1	-3	43	False	NEE56_mackay__GCA_013816855.1|JACDDT010000009.1_16	27406	27849	-1		in_input_no_accepted_KO
NEE56_mackay__GCA_013816855.1|JACDDT010000009.1_19	NEE56_mackay__GCA_013816855.1	NEE56_mackay__GCA_013816855.1|JACDDT010000009.1	-2	43	False	NEE56_mackay__GCA_013816855.1|JACDDT010000009.1_17	27846	28823	-1	K23107	accepted_KO
NEE56_mackay__GCA_013816855.1|JACDDT010000009.1_19	NEE56_mackay__GCA_013816855.1	NEE56_mackay__GCA_013816855.1|JACDDT010000009.1	-1	43	False	NEE56_mackay__GCA_013816855.1|JACDDT010000009.1_18	28883	29239	1		in_input_no_accepted_KO
NEE56_mackay__GCA_013816855.1|JACDDT010000009.1_19	NEE56_mackay__GCA_013816855.1	NEE56_mackay__GCA_013816855.1|JACDDT010000009.1	0	43	False	NEE56_mackay__GCA_013816855.1|JACDDT010000009.1_19	29378	29887	1		in_input_no_accepted_KO
NEE56_mackay__GCA_013816855.1|JACDDT010000009.1_19	NEE56_mackay__GCA_013816855.1	NEE56_mackay__GCA_013816855.1|JACDDT010000009.1	1	43	False	NEE56_mackay__GCA_013816855.1|JACDDT010000009.1_20	29913	30944	-1	K01971	accepted_KO
NEE56_mackay__GCA_013816855.1|JACDDT010000009.1_19	NEE56_mackay__GCA_013816855.1	NEE56_mackay__GCA_013816855.1|JACDDT010000009.1	2	43	False	NEE56_mackay__GCA_013816855.1|JACDDT010000009.1_21	30978	31685	1		in_input_no_accepted_KO
NEE56_mackay__GCA_013816855.1|JACDDT010000009.1_19	NEE56_mackay__GCA_013816855.1	NEE56_mackay__GCA_013816855.1|JACDDT010000009.1	3	43	False	NEE56_mackay__GCA_013816855.1|JACDDT010000009.1_22	31701	32201	1		in_input_no_accepted_KO
NEE56_mackay__GCA_013816855.1|JACDDT010000009.1_19	NEE56_mackay__GCA_013816855.1	NEE56_mackay__GCA_013816855.1|JACDDT010000009.1	4	43	False	NEE56_mackay__GCA_013816855.1|JACDDT010000009.1_23	32249	32590	-1		in_input_no_accepted_KO
NEE56_mackay__GCA_013816855.1|JACDDT010000009.1_19	NEE56_mackay__GCA_013816855.1	NEE56_mackay__GCA_013816855.1|JACDDT010000009.1	5	43	False	NEE56_mackay__GCA_013816855.1|JACDDT010000009.1_24	32600	32857	-1		in_input_no_accepted_KO
NEE56_mackay__GCA_013816855.1|JACDDT010000095.1_3	NEE56_mackay__GCA_013816855.1	NEE56_mackay__GCA_013816855.1|JACDDT010000095.1	-2	4	True	NEE56_mackay__GCA_013816855.1|JACDDT010000095.1_1	2	547	1		in_input_no_accepted_KO
NEE56_mackay__GCA_013816855.1|JACDDT010000095.1_3	NEE56_mackay__GCA_013816855.1	NEE56_mackay__GCA_013816855.1|JACDDT010000095.1	-1	4	True	NEE56_mackay__GCA_013816855.1|JACDDT010000095.1_2	730	1341	-1		in_input_no_accepted_KO
NEE56_mackay__GCA_013816855.1|JACDDT010000095.1_3	NEE56_mackay__GCA_013816855.1	NEE56_mackay__GCA_013816855.1|JACDDT010000095.1	0	4	True	NEE56_mackay__GCA_013816855.1|JACDDT010000095.1_3	1439	4309	-1		in_input_no_accepted_KO
NEE56_mackay__GCA_013816855.1|JACDDT010000095.1_3	NEE56_mackay__GCA_013816855.1	NEE56_mackay__GCA_013816855.1|JACDDT010000095.1	1	4	True	NEE56_mackay__GCA_013816855.1|JACDDT010000095.1_4	4437	4964	-1		in_input_no_accepted_KO
NEE56_mackay__GCA_013816855.1|JACDDT010000026.1_5	NEE56_mackay__GCA_013816855.1	NEE56_mackay__GCA_013816855.1|JACDDT010000026.1	-4	19	True	NEE56_mackay__GCA_013816855.1|JACDDT010000026.1_1	1	1695	1		in_input_no_accepted_KO
NEE56_mackay__GCA_013816855.1|JACDDT010000026.1_5	NEE56_mackay__GCA_013816855.1	NEE56_mackay__GCA_013816855.1|JACDDT010000026.1	-3	19	True	NEE56_mackay__GCA_013816855.1|JACDDT010000026.1_2	1708	2829	-1	K01686	accepted_KO
NEE56_mackay__GCA_013816855.1|JACDDT010000026.1_5	NEE56_mackay__GCA_013816855.1	NEE56_mackay__GCA_013816855.1|JACDDT010000026.1	-2	19	True	NEE56_mackay__GCA_013816855.1|JACDDT010000026.1_3	2867	3682	-1	K01686	accepted_KO
NEE56_mackay__GCA_013816855.1|JACDDT010000026.1_5	NEE56_mackay__GCA_013816855.1	NEE56_mackay__GCA_013816855.1|JACDDT010000026.1	-1	19	True	NEE56_mackay__GCA_013816855.1|JACDDT010000026.1_4	3679	6600	-1		in_input_no_accepted_KO
NEE56_mackay__GCA_013816855.1|JACDDT010000026.1_5	NEE56_mackay__GCA_013816855.1	NEE56_mackay__GCA_013816855.1|JACDDT010000026.1	0	19	True	NEE56_mackay__GCA_013816855.1|JACDDT010000026.1_5	6584	9052	-1	K01190	accepted_KO
NEE56_mackay__GCA_013816855.1|JACDDT010000026.1_5	NEE56_mackay__GCA_013816855.1	NEE56_mackay__GCA_013816855.1|JACDDT010000026.1	1	19	True	NEE56_mackay__GCA_013816855.1|JACDDT010000026.1_6	9298	10938	-1	K21572	accepted_KO
NEE56_mackay__GCA_013816855.1|JACDDT010000026.1_5	NEE56_mackay__GCA_013816855.1	NEE56_mackay__GCA_013816855.1|JACDDT010000026.1	2	19	True	NEE56_mackay__GCA_013816855.1|JACDDT010000026.1_7	10977	13943	-1	K21573	accepted_KO
NEE56_mackay__GCA_013816855.1|JACDDT010000026.1_5	NEE56_mackay__GCA_013816855.1	NEE56_mackay__GCA_013816855.1|JACDDT010000026.1	3	19	True	NEE56_mackay__GCA_013816855.1|JACDDT010000026.1_8	14047	16899	-1		in_input_no_accepted_KO
NEE56_mackay__GCA_013816855.1|JACDDT010000026.1_5	NEE56_mackay__GCA_013816855.1	NEE56_mackay__GCA_013816855.1|JACDDT010000026.1	4	19	True	NEE56_mackay__GCA_013816855.1|JACDDT010000026.1_9	16896	17615	-1		in_input_no_accepted_KO
NEE56_mackay__GCA_013816855.1|JACDDT010000026.1_5	NEE56_mackay__GCA_013816855.1	NEE56_mackay__GCA_013816855.1|JACDDT010000026.1	5	19	True	NEE56_mackay__GCA_013816855.1|JACDDT010000026.1_10	17786	18835	1		in_input_no_accepted_KO
NEE56_mackay__GCA_013816855.1|JACDDT010000110.1_2	NEE56_mackay__GCA_013816855.1	NEE56_mackay__GCA_013816855.1|JACDDT010000110.1	-1	3	True	NEE56_mackay__GCA_013816855.1|JACDDT010000110.1_1	16	1410	-1		in_input_no_accepted_KO
NEE56_mackay__GCA_013816855.1|JACDDT010000110.1_2	NEE56_mackay__GCA_013816855.1	NEE56_mackay__GCA_013816855.1|JACDDT010000110.1	0	3	True	NEE56_mackay__GCA_013816855.1|JACDDT010000110.1_2	1507	3075	-1	K12373	accepted_KO
NEE56_mackay__GCA_013816855.1|JACDDT010000110.1_2	NEE56_mackay__GCA_013816855.1	NEE56_mackay__GCA_013816855.1|JACDDT010000110.1	1	3	True	NEE56_mackay__GCA_013816855.1|JACDDT010000110.1_3	3261	3692	-1		in_input_no_accepted_KO
NEE56_mackay__GCA_013817245.1|JACDDA010000005.1_152	NEE56_mackay__GCA_013817245.1	NEE56_mackay__GCA_013817245.1|JACDDA010000005.1	-5	214	False	NEE56_mackay__GCA_013817245.1|JACDDA010000005.1_147	151489	152352	1	K01627	accepted_KO
NEE56_mackay__GCA_013817245.1|JACDDA010000005.1_152	NEE56_mackay__GCA_013817245.1	NEE56_mackay__GCA_013817245.1|JACDDA010000005.1	-4	214	False	NEE56_mackay__GCA_013817245.1|JACDDA010000005.1_148	152420	153703	1	K01689	accepted_KO
NEE56_mackay__GCA_013817245.1|JACDDA010000005.1_152	NEE56_mackay__GCA_013817245.1	NEE56_mackay__GCA_013817245.1|JACDDA010000005.1	-3	214	False	NEE56_mackay__GCA_013817245.1|JACDDA010000005.1_149	153745	154128	1	K05589	accepted_KO
NEE56_mackay__GCA_013817245.1|JACDDA010000005.1_152	NEE56_mackay__GCA_013817245.1	NEE56_mackay__GCA_013817245.1|JACDDA010000005.1	-2	214	False	NEE56_mackay__GCA_013817245.1|JACDDA010000005.1_150	154128	154841	1	K00991	accepted_KO
NEE56_mackay__GCA_013817245.1|JACDDA010000005.1_152	NEE56_mackay__GCA_013817245.1	NEE56_mackay__GCA_013817245.1|JACDDA010000005.1	-1	214	False	NEE56_mackay__GCA_013817245.1|JACDDA010000005.1_151	154838	155314	1	K01770	accepted_KO
NEE56_mackay__GCA_013817245.1|JACDDA010000005.1_152	NEE56_mackay__GCA_013817245.1	NEE56_mackay__GCA_013817245.1|JACDDA010000005.1	0	214	False	NEE56_mackay__GCA_013817245.1|JACDDA010000005.1_152	155349	156398	1	K01207	accepted_KO
NEE56_mackay__GCA_013817245.1|JACDDA010000005.1_152	NEE56_mackay__GCA_013817245.1	NEE56_mackay__GCA_013817245.1|JACDDA010000005.1	1	214	False	NEE56_mackay__GCA_013817245.1|JACDDA010000005.1_153	156421	156972	1	K00760	accepted_KO
NEE56_mackay__GCA_013817245.1|JACDDA010000005.1_152	NEE56_mackay__GCA_013817245.1	NEE56_mackay__GCA_013817245.1|JACDDA010000005.1	2	214	False	NEE56_mackay__GCA_013817245.1|JACDDA010000005.1_154	156992	157738	1		in_input_no_accepted_KO
NEE56_mackay__GCA_013817245.1|JACDDA010000005.1_152	NEE56_mackay__GCA_013817245.1	NEE56_mackay__GCA_013817245.1|JACDDA010000005.1	3	214	False	NEE56_mackay__GCA_013817245.1|JACDDA010000005.1_155	157803	158474	1		in_input_no_accepted_KO
NEE56_mackay__GCA_013817245.1|JACDDA010000005.1_152	NEE56_mackay__GCA_013817245.1	NEE56_mackay__GCA_013817245.1|JACDDA010000005.1	4	214	False	NEE56_mackay__GCA_013817245.1|JACDDA010000005.1_156	158481	159191	-1		in_input_no_accepted_KO
NEE56_mackay__GCA_013817245.1|JACDDA010000005.1_152	NEE56_mackay__GCA_013817245.1	NEE56_mackay__GCA_013817245.1|JACDDA010000005.1	5	214	False	NEE56_mackay__GCA_013817245.1|JACDDA010000005.1_157	159191	162652	-1	K03723	accepted_KO
NEE56_mackay__GCA_013817245.1|JACDDA010000008.1_86	NEE56_mackay__GCA_013817245.1	NEE56_mackay__GCA_013817245.1|JACDDA010000008.1	-5	103	False	NEE56_mackay__GCA_013817245.1|JACDDA010000008.1_81	84085	85065	-1	K03574	accepted_KO
NEE56_mackay__GCA_013817245.1|JACDDA010000008.1_86	NEE56_mackay__GCA_013817245.1	NEE56_mackay__GCA_013817245.1|JACDDA010000008.1	-4	103	False	NEE56_mackay__GCA_013817245.1|JACDDA010000008.1_82	85034	86245	-1	K00620	accepted_KO
NEE56_mackay__GCA_013817245.1|JACDDA010000008.1_86	NEE56_mackay__GCA_013817245.1	NEE56_mackay__GCA_013817245.1|JACDDA010000008.1	-3	103	False	NEE56_mackay__GCA_013817245.1|JACDDA010000008.1_83	86247	88961	-1	K03070	accepted_KO
NEE56_mackay__GCA_013817245.1|JACDDA010000008.1_86	NEE56_mackay__GCA_013817245.1	NEE56_mackay__GCA_013817245.1|JACDDA010000008.1	-2	103	False	NEE56_mackay__GCA_013817245.1|JACDDA010000008.1_84	89052	89978	-1	K19304	accepted_KO
NEE56_mackay__GCA_013817245.1|JACDDA010000008.1_86	NEE56_mackay__GCA_013817245.1	NEE56_mackay__GCA_013817245.1|JACDDA010000008.1	-1	103	False	NEE56_mackay__GCA_013817245.1|JACDDA010000008.1_85	90088	90504	1		in_input_no_accepted_KO
NEE56_mackay__GCA_013817245.1|JACDDA010000008.1_86	NEE56_mackay__GCA_013817245.1	NEE56_mackay__GCA_013817245.1|JACDDA010000008.1	0	103	False	NEE56_mackay__GCA_013817245.1|JACDDA010000008.1_86	90501	91415	-1	K02535	accepted_KO
NEE56_mackay__GCA_013817245.1|JACDDA010000008.1_86	NEE56_mackay__GCA_013817245.1	NEE56_mackay__GCA_013817245.1|JACDDA010000008.1	1	103	False	NEE56_mackay__GCA_013817245.1|JACDDA010000008.1_87	91555	92712	-1	K03531	accepted_KO
NEE56_mackay__GCA_013817245.1|JACDDA010000008.1_86	NEE56_mackay__GCA_013817245.1	NEE56_mackay__GCA_013817245.1|JACDDA010000008.1	2	103	False	NEE56_mackay__GCA_013817245.1|JACDDA010000008.1_88	92755	93963	-1	K03590	accepted_KO
NEE56_mackay__GCA_013817245.1|JACDDA010000008.1_86	NEE56_mackay__GCA_013817245.1	NEE56_mackay__GCA_013817245.1|JACDDA010000008.1	3	103	False	NEE56_mackay__GCA_013817245.1|JACDDA010000008.1_89	94000	94929	-1	K03589	accepted_KO
NEE56_mackay__GCA_013817245.1|JACDDA010000008.1_86	NEE56_mackay__GCA_013817245.1	NEE56_mackay__GCA_013817245.1|JACDDA010000008.1	4	103	False	NEE56_mackay__GCA_013817245.1|JACDDA010000008.1_90	94919	95875	-1	K01921	accepted_KO
NEE56_mackay__GCA_013817245.1|JACDDA010000008.1_86	NEE56_mackay__GCA_013817245.1	NEE56_mackay__GCA_013817245.1|JACDDA010000008.1	5	103	False	NEE56_mackay__GCA_013817245.1|JACDDA010000008.1_91	95872	96780	-1	K00075	accepted_KO
