genome_id	accession	protein_id	KO	contig	cds_rank	start	end	strand	partial	contig_length
GCA_030772935.1	GCA_030772935.1	JALYNX010000095.1_12	K07646	JALYNX010000095.1	12	8681	10468	+	00	32895
GCA_030772935.1	GCA_030772935.1	JALYNX010000165.1_2	K02001	JALYNX010000165.1	2	575	2512	-	00	4174
GCA_030772935.1	GCA_030772935.1	JALYNX010000165.1_3	K02000	JALYNX010000165.1	3	2509	3549	-	00	4174
GCA_030772935.1	GCA_030772935.1	JALYNX010000285.1_2	K07667	JALYNX010000285.1	2	200	895	-	00	3558
GCA_030772935.1	GCA_030772935.1	JALYNX010000285.1_3	K07646	JALYNX010000285.1	3	888	3404	-	00	3558
GCA_030773035.1	GCA_030773035.1	JALYNS010000111.1_7	K06720	JALYNS010000111.1	7	5660	6046	+	00	9069
GCA_030773035.1	GCA_030773035.1	JALYNS010000233.1_1	K07646	JALYNS010000233.1	1	2	1588	+	10	2254
GCA_030773055.1	GCA_030773055.1	JALYNU010000186.1_2	K07646	JALYNU010000186.1	2	444	2195	+	00	2877
GCA_030773095.1	GCA_030773095.1	JALYNR010000238.1_2	K00130	JALYNR010000238.1	2	910	2346	+	01	2348
GCA_030773095.1	GCA_030773095.1	JALYNR010000241.1_4	K00108	JALYNR010000241.1	4	1977	3638	-	00	3818
GCA_030773095.1	GCA_030773095.1	JALYNR010000494.1_1	K07646	JALYNR010000494.1	1	1	1011	+	10	2552
GCA_030773135.1	GCA_030773135.1	JALYNP010000074.1_2	K01548	JALYNP010000074.1	2	425	1009	+	00	2118
GCA_030773135.1	GCA_030773135.1	JALYNP010000074.1_3	K07646	JALYNP010000074.1	3	1058	2116	+	01	2118
GCA_030773135.1	GCA_030773135.1	JALYNP010000192.1_2	K02000	JALYNP010000192.1	2	1447	2496	+	00	3532
GCA_030773135.1	GCA_030773135.1	JALYNP010000192.1_3	K02001	JALYNP010000192.1	3	2493	3530	+	01	3532
GCA_030773135.1	GCA_030773135.1	JALYNP010000592.1_1	K07646	JALYNP010000592.1	1	2	1198	+	10	4561
GCA_030773135.1	GCA_030773135.1	JALYNP010000592.1_2	K07667	JALYNP010000592.1	2	1195	1872	+	00	4561
GCA_030773135.1	GCA_030773135.1	JALYNP010000629.1_2	K07646	JALYNP010000629.1	2	1643	3406	+	01	3406
GCA_030773155.1	GCA_030773155.1	JALYNO010000026.1_4	K06720	JALYNO010000026.1	4	3058	3444	-	00	34527
GCA_030773155.1	GCA_030773155.1	JALYNO010000079.1_7	K02002	JALYNO010000079.1	7	5926	6846	+	00	19071
GCA_030773155.1	GCA_030773155.1	JALYNO010000123.1_1	K07646	JALYNO010000123.1	1	116	2767	+	00	6160
GCA_030773155.1	GCA_030773155.1	JALYNO010000123.1_2	K07667	JALYNO010000123.1	2	2764	3456	+	00	6160
GCA_030773155.1	GCA_030773155.1	JALYNO010000171.1_2	K02002	JALYNO010000171.1	2	1223	2167	+	00	3233
GCA_030773155.1	GCA_030773155.1	JALYNO010000180.1_19	K00836	JALYNO010000180.1	19	33355	34755	+	00	35154
GCA_030773155.1	GCA_030773155.1	JALYNO010000206.1_2	K01546	JALYNO010000206.1	2	576	2282	+	00	5130
GCA_030773155.1	GCA_030773155.1	JALYNO010000206.1_3	K01548	JALYNO010000206.1	3	2293	2952	+	00	5130
GCA_030773155.1	GCA_030773155.1	JALYNO010000206.1_4	K01547	JALYNO010000206.1	4	2964	5036	+	00	5130
GCA_030773155.1	GCA_030773155.1	JALYNO010000230.1_9	K02002	JALYNO010000230.1	9	5069	6085	+	00	6146
GCA_030773155.1	GCA_030773155.1	JALYNO010000276.1_2	K02002	JALYNO010000276.1	2	1032	2045	-	00	10212
GCA_030773155.1	GCA_030773155.1	JALYNO010000296.1_19	K02002	JALYNO010000296.1	19	21530	22381	-	00	40803
GCA_030773155.1	GCA_030773155.1	JALYNO010000315.1_3	K02000	JALYNO010000315.1	3	3421	4245	-	00	7130
GCA_030773155.1	GCA_030773155.1	JALYNO010000315.1_4	K02001	JALYNO010000315.1	4	4242	5093	-	00	7130
GCA_030773155.1	GCA_030773155.1	JALYNO010000315.1_4	K02002	JALYNO010000315.1	4	4242	5093	-	00	7130
GCA_030773155.1	GCA_030773155.1	JALYNO010000328.1_13	K02000	JALYNO010000328.1	13	17902	19098	+	00	21143
GCA_030773155.1	GCA_030773155.1	JALYNO010000328.1_14	K02001	JALYNO010000328.1	14	19091	19987	+	00	21143
GCA_030773155.1	GCA_030773155.1	JALYNO010000328.1_14	K02002	JALYNO010000328.1	14	19091	19987	+	00	21143
GCA_030773155.1	GCA_030773155.1	JALYNO010000405.1_2	K02002	JALYNO010000405.1	2	1895	2842	+	00	14433
GCA_030773155.1	GCA_030773155.1	JALYNO010000405.1_3	K02001	JALYNO010000405.1	3	2910	3755	+	00	14433
GCA_030773155.1	GCA_030773155.1	JALYNO010000405.1_4	K02000	JALYNO010000405.1	4	3752	4930	+	00	14433
GCA_030773155.1	GCA_030773155.1	JALYNO010000405.1_7	K00130	JALYNO010000405.1	7	8051	9523	+	00	14433
GCA_030773155.1	GCA_030773155.1	JALYNO010000405.1_8	K00108	JALYNO010000405.1	8	9720	11423	+	00	14433
GCA_030773235.1	GCA_030773235.1	JALYNK010000119.1_1	K02001	JALYNK010000119.1	1	2	922	-	10	5336
GCA_030773235.1	GCA_030773235.1	JALYNK010000119.1_2	K02000	JALYNK010000119.1	2	926	2137	-	00	5336
GCA_030773235.1	GCA_030773235.1	JALYNK010000119.1_3	K02002	JALYNK010000119.1	3	2119	3240	-	00	5336
GCA_030773255.1	GCA_030773255.1	JALYNI010000029.1_6	K02002	JALYNI010000029.1	6	4145	5035	+	00	15565
GCA_030773255.1	GCA_030773255.1	JALYNI010000276.1_2	K02002	JALYNI010000276.1	2	195	1178	-	00	5684
GCA_030773255.1	GCA_030773255.1	JALYNI010000276.1_3	K02002	JALYNI010000276.1	3	1256	2152	-	00	5684
GCA_030773255.1	GCA_030773255.1	JALYNI010000276.1_4	K02002	JALYNI010000276.1	4	2253	3200	-	00	5684
GCA_030773255.1	GCA_030773255.1	JALYNI010000276.1_5	K02001	JALYNI010000276.1	5	3383	4252	-	00	5684
GCA_030773255.1	GCA_030773255.1	JALYNI010000276.1_6	K02000	JALYNI010000276.1	6	4257	5477	-	00	5684
GCA_030773255.1	GCA_030773255.1	JALYNI010000608.1_2	K07667	JALYNI010000608.1	2	366	1163	+	00	2308
GCA_030773295.1	GCA_030773295.1	JALYNH010000060.1_3	K02000	JALYNH010000060.1	3	1519	2739	+	00	6993
GCA_030773295.1	GCA_030773295.1	JALYNH010000060.1_4	K02001	JALYNH010000060.1	4	2744	3613	+	00	6993
GCA_030773295.1	GCA_030773295.1	JALYNH010000060.1_5	K02002	JALYNH010000060.1	5	3796	4743	+	00	6993
GCA_030773295.1	GCA_030773295.1	JALYNH010000060.1_6	K02002	JALYNH010000060.1	6	4844	5740	+	00	6993
GCA_030773295.1	GCA_030773295.1	JALYNH010000060.1_7	K02002	JALYNH010000060.1	7	5818	6801	+	00	6993
GCA_030773295.1	GCA_030773295.1	JALYNH010000385.1_4	K02002	JALYNH010000385.1	4	1973	2965	-	00	3400
GCA_030773295.1	GCA_030773295.1	JALYNH010000515.1_2	K02000	JALYNH010000515.1	2	462	1670	+	00	2948
GCA_030773295.1	GCA_030773295.1	JALYNH010000515.1_3	K02001	JALYNH010000515.1	3	1673	2533	+	00	2948
GCA_030773295.1	GCA_030773295.1	JALYNH010000515.1_3	K02002	JALYNH010000515.1	3	1673	2533	+	00	2948
GCA_030773295.1	GCA_030773295.1	JALYNH010000531.1_1	K07667	JALYNH010000531.1	1	55	762	+	00	2913
GCA_030773295.1	GCA_030773295.1	JALYNH010000742.1_2	K02002	JALYNH010000742.1	2	1708	2484	+	01	2484
GCA_030773335.1	GCA_030773335.1	JALYNF010000562.1_2	K07646	JALYNF010000562.1	2	1313	3547	+	00	3678
GCA_030773375.1	GCA_030773375.1	JALYNE010000340.1_1	K07667	JALYNE010000340.1	1	2	661	-	10	3919
GCA_030773375.1	GCA_030773375.1	JALYNE010000340.1_2	K07646	JALYNE010000340.1	2	658	2121	-	00	3919
GCA_030773395.1	GCA_030773395.1	JALYNB010000408.1_2	K02002	JALYNB010000408.1	2	757	1728	+	00	8044
GCA_030773395.1	GCA_030773395.1	JALYNB010000408.1_3	K02000	JALYNB010000408.1	3	1725	2945	+	00	8044
GCA_030773395.1	GCA_030773395.1	JALYNB010000408.1_4	K02001	JALYNB010000408.1	4	2923	3849	+	00	8044
GCA_030773395.1	GCA_030773395.1	JALYNB010000408.1_4	K02002	JALYNB010000408.1	4	2923	3849	+	00	8044
GCA_030773455.1	GCA_030773455.1	JALYNA010000136.1_3	K02002	JALYNA010000136.1	3	4142	5110	+	00	5876
GCA_030773455.1	GCA_030773455.1	JALYNA010000136.1_4	K02000	JALYNA010000136.1	4	5113	5874	+	01	5876
GCA_030773455.1	GCA_030773455.1	JALYNA010000320.1_3	K02001	JALYNA010000320.1	3	1546	2469	-	00	3037
GCA_030773555.1	GCA_030773555.1	JALYMT010000023.1_4	K07667	JALYMT010000023.1	4	1679	2359	-	00	16685
GCA_030773615.1	GCA_030773615.1	JALYMR010000104.1_3	K00108	JALYMR010000104.1	3	2946	4661	+	00	6882
GCA_030773635.1	GCA_030773635.1	JALYMP010000014.1_2	K07667	JALYMP010000014.1	2	675	1373	-	00	21647
GCA_030773635.1	GCA_030773635.1	JALYMP010000014.1_4	K07646	JALYMP010000014.1	4	1808	3571	-	00	21647
GCA_030773635.1	GCA_030773635.1	JALYMP010000075.1_6	K07646	JALYMP010000075.1	6	4173	7802	+	00	9954
GCA_030773635.1	GCA_030773635.1	JALYMP010000084.1_4	K07667	JALYMP010000084.1	4	5415	6104	-	00	7841
GCA_030773635.1	GCA_030773635.1	JALYMP010000313.1_3	K07667	JALYMP010000313.1	3	1667	2356	-	00	2460
GCA_030773635.1	GCA_030773635.1	JALYMP010000443.1_7	K07646	JALYMP010000443.1	7	5920	8493	+	00	10526
GCA_030773635.1	GCA_030773635.1	JALYMP010000444.1_8	K07646	JALYMP010000444.1	8	7127	9484	+	00	16851
GCA_030773635.1	GCA_030773635.1	JALYMP010000444.1_9	K07667	JALYMP010000444.1	9	9481	10173	+	00	16851
GCA_030773635.1	GCA_030773635.1	JALYMP010000651.1_5	K07646	JALYMP010000651.1	5	2224	4047	+	00	9455
GCA_030773675.1	GCA_030773675.1	JALYMN010000490.1_3	K02002	JALYMN010000490.1	3	350	1180	-	00	2251
GCA_030773675.1	GCA_030773675.1	JALYMN010000654.1_11	K02000	JALYMN010000654.1	11	8133	9218	+	00	9519
GCA_030773695.1	GCA_030773695.1	JALYMO010000323.1_5	K02002	JALYMO010000323.1	5	3940	4932	-	00	5001
GCA_030773715.1	GCA_030773715.1	JALYMM010000247.1_1	K02000	JALYMM010000247.1	1	3	1154	-	10	2699
GCA_030773715.1	GCA_030773715.1	JALYMM010000391.1_3	K02002	JALYMM010000391.1	3	1999	2967	-	00	4221
GCA_030773715.1	GCA_030773715.1	JALYMM010000391.1_4	K02002	JALYMM010000391.1	4	3044	3952	-	00	4221
GCA_030773735.1	GCA_030773735.1	JALYMK010000418.1_2	K07667	JALYMK010000418.1	2	907	1605	-	00	9411
GCA_030773735.1	GCA_030773735.1	JALYMK010000418.1_4	K07646	JALYMK010000418.1	4	2011	3777	-	00	9411
GCA_030773775.1	GCA_030773775.1	JALYMH010000756.1_3	K02002	JALYMH010000756.1	3	1352	2218	-	00	2590
GCA_030773795.1	GCA_030773795.1	JALYMI010000125.1_28	K07667	JALYMI010000125.1	28	32683	33435	-	00	38481
GCA_030773795.1	GCA_030773795.1	JALYMI010000125.1_30	K07646	JALYMI010000125.1	30	34695	36296	-	00	38481
GCA_030773795.1	GCA_030773795.1	JALYMI010000153.1_84	K07667	JALYMI010000153.1	84	104392	105072	-	00	135318
GCA_030773795.1	GCA_030773795.1	JALYMI010000179.1_3	K07646	JALYMI010000179.1	3	1235	3121	-	00	40808
GCA_030773795.1	GCA_030773795.1	JALYMI010000254.1_4	K07667	JALYMI010000254.1	4	1374	3953	-	00	3976
GCA_030773815.1	GCA_030773815.1	JALYMJ010000487.1_3	K07646	JALYMJ010000487.1	3	807	3041	-	00	7166
GCA_030773815.1	GCA_030773815.1	JALYMJ010000969.1_2	K07646	JALYMJ010000969.1	2	790	2460	-	00	2772
GCA_030773855.1	GCA_030773855.1	JALYMG010000450.1_1	K07646	JALYMG010000450.1	1	360	2729	-	01	2731
GCA_030773855.1	GCA_030773855.1	JALYMG010000830.1_3	K07646	JALYMG010000830.1	3	2036	5194	-	00	6118
GCA_030773855.1	GCA_030773855.1	JALYMG010001123.1_3	K07667	JALYMG010001123.1	3	1498	2262	-	01	2263
GCA_030773875.1	GCA_030773875.1	JALYMD010000258.1_2	K07667	JALYMD010000258.1	2	1863	2402	-	01	2403
GCA_030773875.1	GCA_030773875.1	JALYMD010000285.1_10	K07646	JALYMD010000285.1	10	11014	12888	+	00	13144
GCA_030773875.1	GCA_030773875.1	JALYMD010000584.1_3	K07646	JALYMD010000584.1	3	1682	3436	+	00	3547
GCA_030773875.1	GCA_030773875.1	JALYMD010000688.1_1	K07646	JALYMD010000688.1	1	1	1161	+	10	3549
GCA_030773935.1	GCA_030773935.1	JALYMB010000137.1_1	K02002	JALYMB010000137.1	1	1	1011	-	00	5796
GCA_030773935.1	GCA_030773935.1	JALYMB010000137.1_2	K02001	JALYMB010000137.1	2	1008	3098	-	00	5796
GCA_030773935.1	GCA_030773935.1	JALYMB010000137.1_3	K02000	JALYMB010000137.1	3	3098	4138	-	00	5796
GCA_030773935.1	GCA_030773935.1	JALYMB010000137.1_4	K00108	JALYMB010000137.1	4	4271	5794	+	01	5796
GCA_030773935.1	GCA_030773935.1	JALYMB010000144.1_6	K07646	JALYMB010000144.1	6	7172	8593	+	00	15039
GCA_030773935.1	GCA_030773935.1	JALYMB010000144.1_7	K07667	JALYMB010000144.1	7	8590	9279	+	00	15039
GCA_030773935.1	GCA_030773935.1	JALYMB010000293.1_1	K00108	JALYMB010000293.1	1	1	1491	+	10	2300
GCA_030773955.1	GCA_030773955.1	JALYMA010000621.1_1	K07646	JALYMA010000621.1	1	91	1560	+	00	3488
GCA_030773955.1	GCA_030773955.1	JALYMA010000621.1_2	K07667	JALYMA010000621.1	2	1557	2246	+	00	3488
GCA_030773975.1	GCA_030773975.1	JALYLY010000027.1_2	K02001	JALYLY010000027.1	2	724	2694	-	00	19521
GCA_030773975.1	GCA_030773975.1	JALYLY010000027.1_3	K02000	JALYLY010000027.1	3	2694	3767	-	00	19521
GCA_030773995.1	GCA_030773995.1	JALYLX010000018.1_2	K07667	JALYLX010000018.1	2	1209	1910	-	00	7068
GCA_030773995.1	GCA_030773995.1	JALYLX010000018.1_3	K07646	JALYLX010000018.1	3	1907	3505	-	00	7068
GCA_030773995.1	GCA_030773995.1	JALYLX010000088.1_1	K07646	JALYLX010000088.1	1	3	2231	+	10	6231
GCA_030773995.1	GCA_030773995.1	JALYLX010000093.1_20	K07646	JALYLX010000093.1	20	14013	15767	-	00	27215
GCA_030774015.1	GCA_030774015.1	JALYLZ010000034.1_14	K07646	JALYLZ010000034.1	14	11651	13480	+	00	41721
GCA_030774015.1	GCA_030774015.1	JALYLZ010000043.1_77	K07667	JALYLZ010000043.1	77	69245	69931	-	00	93139
GCA_030774015.1	GCA_030774015.1	JALYLZ010000043.1_78	K07646	JALYLZ010000043.1	78	69928	71436	-	00	93139
GCA_030774035.1	GCA_030774035.1	JALYLV010000002.1_78	K07646	JALYLV010000002.1	78	84337	85740	+	00	234824
GCA_030774035.1	GCA_030774035.1	JALYLV010000002.1_79	K07667	JALYLV010000002.1	79	85737	86435	+	00	234824
GCA_030774055.1	GCA_030774055.1	JALYLW010000038.1_13	K00130	JALYLW010000038.1	13	16326	17792	-	00	42568
GCA_030774055.1	GCA_030774055.1	JALYLW010000103.1_27	K07667	JALYLW010000103.1	27	30805	31503	-	00	33994
GCA_030774055.1	GCA_030774055.1	JALYLW010000103.1_28	K07646	JALYLW010000103.1	28	31500	32666	-	00	33994
GCA_030774055.1	GCA_030774055.1	JALYLW010000120.1_18	K07646	JALYLW010000120.1	18	19162	20592	-	00	42536
GCA_030774055.1	GCA_030774055.1	JALYLW010000120.1_19	K07667	JALYLW010000120.1	19	20589	21317	-	00	42536
GCA_030774055.1	GCA_030774055.1	JALYLW010000120.1_20	K07646	JALYLW010000120.1	20	21314	22432	-	00	42536
GCA_030774055.1	GCA_030774055.1	JALYLW010000120.1_24	K01546	JALYLW010000120.1	24	24169	25917	+	00	42536
GCA_030774055.1	GCA_030774055.1	JALYLW010000120.1_25	K01547	JALYLW010000120.1	25	25937	27979	+	00	42536
GCA_030774055.1	GCA_030774055.1	JALYLW010000120.1_26	K01548	JALYLW010000120.1	26	27993	28568	+	00	42536
GCA_030774075.1	GCA_030774075.1	JALYLU010000171.1_5	K07667	JALYLU010000171.1	5	6232	6927	-	00	9025
GCA_030774075.1	GCA_030774075.1	JALYLU010000171.1_6	K07646	JALYLU010000171.1	6	6924	8342	-	00	9025
GCA_030774075.1	GCA_030774075.1	JALYLU010000252.1_4	K00108	JALYLU010000252.1	4	2140	3795	-	00	7256
GCA_030774075.1	GCA_030774075.1	JALYLU010000252.1_5	K02002	JALYLU010000252.1	5	3803	4801	-	00	7256
GCA_030774075.1	GCA_030774075.1	JALYLU010000252.1_6	K02001	JALYLU010000252.1	6	4798	6852	-	00	7256
GCA_030774075.1	GCA_030774075.1	JALYLU010000292.1_3	K07667	JALYLU010000292.1	3	1486	2169	-	00	6625
GCA_030774075.1	GCA_030774075.1	JALYLU010000292.1_4	K07646	JALYLU010000292.1	4	2166	4676	-	00	6625
GCA_030774075.1	GCA_030774075.1	JALYLU010000292.1_5	K01548	JALYLU010000292.1	5	4681	5292	-	00	6625
GCA_030774075.1	GCA_030774075.1	JALYLU010000292.1_6	K01547	JALYLU010000292.1	6	5292	6623	-	01	6625
GCA_030774075.1	GCA_030774075.1	JALYLU010000549.1_1	K01547	JALYLU010000549.1	1	3	1127	-	10	3617
GCA_030774075.1	GCA_030774075.1	JALYLU010000549.1_2	K01546	JALYLU010000549.1	2	1139	2854	-	00	3617
GCA_030774095.1	GCA_030774095.1	JALYLT010000017.1_9	K07667	JALYLT010000017.1	9	8614	9312	-	00	16522
GCA_030774095.1	GCA_030774095.1	JALYLT010000017.1_10	K07646	JALYLT010000017.1	10	9309	10883	-	00	16522
GCA_030774095.1	GCA_030774095.1	JALYLT010000060.1_1	K07646	JALYLT010000060.1	1	3	875	+	10	10269
GCA_030774095.1	GCA_030774095.1	JALYLT010000060.1_2	K07667	JALYLT010000060.1	2	887	1564	+	00	10269
GCA_030774095.1	GCA_030774095.1	JALYLT010000077.1_4	K07667	JALYLT010000077.1	4	2113	2802	-	00	9093
GCA_030774095.1	GCA_030774095.1	JALYLT010000263.1_1	K07646	JALYLT010000263.1	1	1	1089	+	10	3768
GCA_030774135.1	GCA_030774135.1	JALYLR010000013.1_3	K01546	JALYLR010000013.1	3	4090	5718	+	00	24485
GCA_030774135.1	GCA_030774135.1	JALYLR010000013.1_4	K01547	JALYLR010000013.1	4	5748	7973	+	00	24485
GCA_030774135.1	GCA_030774135.1	JALYLR010000013.1_5	K01548	JALYLR010000013.1	5	7992	8549	+	00	24485
GCA_030774135.1	GCA_030774135.1	JALYLR010000236.1_3	K01548	JALYLR010000236.1	3	1113	2321	+	00	6263
GCA_030774155.1	GCA_030774155.1	JALYLQ010000234.1_2	K07646	JALYLQ010000234.1	2	1638	3212	+	00	4002
GCA_030774155.1	GCA_030774155.1	JALYLQ010000234.1_3	K07667	JALYLQ010000234.1	3	3215	3898	+	00	4002
GCA_030774175.1	GCA_030774175.1	JALYLO010000067.1_2	K02001	JALYLO010000067.1	2	238	2073	-	01	2073
GCA_030774175.1	GCA_030774175.1	JALYLO010000255.1_2	K02000	JALYLO010000255.1	2	151	1188	+	00	5504
GCA_030774175.1	GCA_030774175.1	JALYLO010000255.1_3	K02001	JALYLO010000255.1	3	1196	3172	+	00	5504
GCA_030774175.1	GCA_030774175.1	JALYLO010000255.1_4	K02002	JALYLO010000255.1	4	3201	4178	+	00	5504
GCA_030774175.1	GCA_030774175.1	JALYLO010000435.1_5	K07646	JALYLO010000435.1	5	4081	5322	+	00	6729
GCA_030774175.1	GCA_030774175.1	JALYLO010000435.1_6	K07667	JALYLO010000435.1	6	5319	6017	+	00	6729
GCA_030774195.1	GCA_030774195.1	JALYLP010000006.1_2	K02000	JALYLP010000006.1	2	732	1757	-	00	2827
GCA_030774195.1	GCA_030774195.1	JALYLP010000199.1_1	K07646	JALYLP010000199.1	1	1	1590	+	10	3936
GCA_030774195.1	GCA_030774195.1	JALYLP010000199.1_2	K07667	JALYLP010000199.1	2	1587	2273	+	00	3936
GCA_030774195.1	GCA_030774195.1	JALYLP010000426.1_1	K02002	JALYLP010000426.1	1	27	1043	-	00	2367
GCA_030774195.1	GCA_030774195.1	JALYLP010000426.1_2	K02001	JALYLP010000426.1	2	1055	2365	-	01	2367
GCA_030774195.1	GCA_030774195.1	JALYLP010000527.1_1	K07646	JALYLP010000527.1	1	300	1694	+	00	2045
GCA_030774195.1	GCA_030774195.1	JALYLP010000655.1_1	K01546	JALYLP010000655.1	1	3	1604	-	10	7206
GCA_030774195.1	GCA_030774195.1	JALYLP010000655.1_3	K07646	JALYLP010000655.1	3	1950	3413	+	00	7206
GCA_030774195.1	GCA_030774195.1	JALYLP010000655.1_4	K07667	JALYLP010000655.1	4	3410	4108	+	00	7206
GCA_030774195.1	GCA_030774195.1	JALYLP010000655.1_6	K07646	JALYLP010000655.1	6	6592	7206	+	01	7206
GCA_030774195.1	GCA_030774195.1	JALYLP010000696.1_5	K07646	JALYLP010000696.1	5	2075	3616	-	00	3775
GCA_030774195.1	GCA_030774195.1	JALYLP010000748.1_2	K01546	JALYLP010000748.1	2	571	2244	-	00	4075
GCA_030774195.1	GCA_030774195.1	JALYLP010000748.1_4	K07646	JALYLP010000748.1	4	2591	4054	+	00	4075
GCA_030774215.1	GCA_030774215.1	JALYLN010000523.1_7	K07646	JALYLN010000523.1	7	6963	8075	-	00	17829
GCA_030774215.1	GCA_030774215.1	JALYLN010000523.1_8	K01547	JALYLN010000523.1	8	8072	10144	-	00	17829
GCA_030774215.1	GCA_030774215.1	JALYLN010000523.1_9	K01548	JALYLN010000523.1	9	10141	10782	-	00	17829
GCA_030774215.1	GCA_030774215.1	JALYLN010000523.1_10	K01546	JALYLN010000523.1	10	10790	12496	-	00	17829
GCA_030774215.1	GCA_030774215.1	JALYLN010000523.1_14	K07667	JALYLN010000523.1	14	15374	16057	-	00	17829
GCA_030774215.1	GCA_030774215.1	JALYLN010000523.1_15	K07646	JALYLN010000523.1	15	16054	17499	-	00	17829
GCA_030774215.1	GCA_030774215.1	JALYLN010000628.1_6	K07667	JALYLN010000628.1	6	6803	7483	-	00	10510
GCA_030774215.1	GCA_030774215.1	JALYLN010000628.1_7	K07646	JALYLN010000628.1	7	7480	8949	-	00	10510
GCA_030774235.1	GCA_030774235.1	JALYLM010000001.1_4	K00108	JALYLM010000001.1	4	2029	3687	+	00	11940
GCA_030774235.1	GCA_030774235.1	JALYLM010000071.1_9	K07667	JALYLM010000071.1	9	10155	10850	-	00	37513
GCA_030774235.1	GCA_030774235.1	JALYLM010000071.1_10	K07646	JALYLM010000071.1	10	10847	12304	-	00	37513
GCA_030774235.1	GCA_030774235.1	JALYLM010000071.1_14	K07646	JALYLM010000071.1	14	16277	17467	+	00	37513
GCA_030774235.1	GCA_030774235.1	JALYLM010000071.1_16	K01548	JALYLM010000071.1	16	17817	18377	-	00	37513
GCA_030774235.1	GCA_030774235.1	JALYLM010000071.1_17	K01547	JALYLM010000071.1	17	18398	20470	-	00	37513
GCA_030774235.1	GCA_030774235.1	JALYLM010000071.1_18	K01546	JALYLM010000071.1	18	20470	22140	-	00	37513
GCA_030774235.1	GCA_030774235.1	JALYLM010000071.1_19	K07646	JALYLM010000071.1	19	22437	23993	+	00	37513
GCA_030774235.1	GCA_030774235.1	JALYLM010000071.1_20	K07667	JALYLM010000071.1	20	24083	24751	+	00	37513
GCA_030774255.1	GCA_030774255.1	JALYLL010000361.1_3	K07667	JALYLL010000361.1	3	1583	2272	+	00	8445
GCA_030774275.1	GCA_030774275.1	JALYLK010000120.1_4	K07646	JALYLK010000120.1	4	3518	4606	-	00	13726
GCA_030774275.1	GCA_030774275.1	JALYLK010000120.1_5	K01547	JALYLK010000120.1	5	4633	6675	-	00	13726
GCA_030774275.1	GCA_030774275.1	JALYLK010000120.1_6	K01548	JALYLK010000120.1	6	6675	7262	-	00	13726
GCA_030774275.1	GCA_030774275.1	JALYLK010000120.1_7	K01546	JALYLK010000120.1	7	7262	8965	-	00	13726
GCA_030774275.1	GCA_030774275.1	JALYLK010000120.1_9	K07667	JALYLK010000120.1	9	9203	9898	-	00	13726
GCA_030774275.1	GCA_030774275.1	JALYLK010000120.1_10	K07646	JALYLK010000120.1	10	9895	11280	-	00	13726
GCA_030774315.1	GCA_030774315.1	JALYLH010000083.1_3	K07646	JALYLH010000083.1	3	2553	4091	+	01	4093
GCA_030774315.1	GCA_030774315.1	JALYLH010000229.1_2	K07667	JALYLH010000229.1	2	491	1207	+	00	2740
GCA_030774335.1	GCA_030774335.1	JALYLI010000076.1_9	K07646	JALYLI010000076.1	9	7905	9050	-	00	20609
GCA_030774335.1	GCA_030774335.1	JALYLI010000076.1_10	K07646	JALYLI010000076.1	10	9058	10296	-	00	20609
GCA_030774335.1	GCA_030774335.1	JALYLI010000076.1_11	K01548	JALYLI010000076.1	11	10293	10871	-	00	20609
GCA_030774335.1	GCA_030774335.1	JALYLI010000076.1_12	K01547	JALYLI010000076.1	12	10879	12927	-	00	20609
GCA_030774335.1	GCA_030774335.1	JALYLI010000076.1_13	K01546	JALYLI010000076.1	13	12935	14707	-	00	20609
GCA_030774335.1	GCA_030774335.1	JALYLI010000076.1_16	K07667	JALYLI010000076.1	16	16637	17350	-	00	20609
GCA_030774335.1	GCA_030774335.1	JALYLI010000076.1_17	K07646	JALYLI010000076.1	17	17347	18771	-	00	20609
GCA_030774335.1	GCA_030774335.1	JALYLI010000122.1_3	K00130	JALYLI010000122.1	3	2995	4470	+	00	9627
GCA_030774335.1	GCA_030774335.1	JALYLI010000223.1_13	K00130	JALYLI010000223.1	13	17409	18890	-	00	26007
GCA_030774355.1	GCA_030774355.1	JALYLG010000231.1_2	K07667	JALYLG010000231.1	2	361	1047	-	00	2295
GCA_030774355.1	GCA_030774355.1	JALYLG010000231.1_3	K07646	JALYLG010000231.1	3	1044	2294	-	01	2295
GCA_030774355.1	GCA_030774355.1	JALYLG010000388.1_1	K07667	JALYLG010000388.1	1	3	659	+	10	5487
GCA_030774375.1	GCA_030774375.1	JALYLE010000157.1_4	K07646	JALYLE010000157.1	4	1470	3056	-	00	10521
GCA_030774375.1	GCA_030774375.1	JALYLE010000302.1_1	K07646	JALYLE010000302.1	1	2	1330	+	10	8097
GCA_030774415.1	GCA_030774415.1	JALYLF010000058.1_5	K00108	JALYLF010000058.1	5	4470	6179	+	00	7357
GCA_030774415.1	GCA_030774415.1	JALYLF010000058.1_6	K02000	JALYLF010000058.1	6	6251	7357	+	01	7357
GCA_030774435.1	GCA_030774435.1	JALYLC010000179.1_1	K07667	JALYLC010000179.1	1	2	691	-	10	3505
GCA_030774435.1	GCA_030774435.1	JALYLC010000179.1_2	K07646	JALYLC010000179.1	2	688	2067	-	00	3505
GCA_030774435.1	GCA_030774435.1	JALYLC010000508.1_4	K00108	JALYLC010000508.1	4	2426	4105	+	00	4196
GCA_030774435.1	GCA_030774435.1	JALYLC010000681.1_3	K01546	JALYLC010000681.1	3	514	2220	+	00	5659
GCA_030774435.1	GCA_030774435.1	JALYLC010000681.1_4	K01548	JALYLC010000681.1	4	2217	2801	+	00	5659
GCA_030774435.1	GCA_030774435.1	JALYLC010000681.1_5	K01547	JALYLC010000681.1	5	2804	4864	+	00	5659
GCA_030774435.1	GCA_030774435.1	JALYLC010000681.1_6	K07667	JALYLC010000681.1	6	4946	5659	-	01	5659
GCA_030774455.1	GCA_030774455.1	JALYLA010000131.1_3	K06720	JALYLA010000131.1	3	2259	2645	+	00	3143
GCA_030774455.1	GCA_030774455.1	JALYLA010000192.1_1	K01546	JALYLA010000192.1	1	139	1848	+	00	2553
GCA_030774455.1	GCA_030774455.1	JALYLA010000363.1_3	K07646	JALYLA010000363.1	3	2021	3586	+	00	5950
GCA_030774455.1	GCA_030774455.1	JALYLA010000363.1_4	K07667	JALYLA010000363.1	4	3583	4299	+	00	5950
GCA_030774475.1	GCA_030774475.1	JALYLB010000051.1_5	K01546	JALYLB010000051.1	5	2424	4133	+	00	11922
GCA_030774475.1	GCA_030774475.1	JALYLB010000051.1_6	K01547	JALYLB010000051.1	6	4138	5229	+	00	11922
GCA_030774475.1	GCA_030774475.1	JALYLB010000051.1_7	K01547	JALYLB010000051.1	7	5454	6302	+	00	11922
GCA_030774475.1	GCA_030774475.1	JALYLB010000051.1_8	K01548	JALYLB010000051.1	8	6316	6897	+	00	11922
GCA_030774475.1	GCA_030774475.1	JALYLB010000051.1_9	K07646	JALYLB010000051.1	9	6894	8099	+	00	11922
GCA_030774475.1	GCA_030774475.1	JALYLB010000051.1_11	K07646	JALYLB010000051.1	11	8825	10405	-	00	11922
GCA_030774475.1	GCA_030774475.1	JALYLB010000131.1_2	K06720	JALYLB010000131.1	2	1563	1949	-	00	10802
GCA_030774475.1	GCA_030774475.1	JALYLB010000156.1_7	K07646	JALYLB010000156.1	7	7001	8887	-	00	27984
GCA_030774515.1	GCA_030774515.1	JALYKX010000017.1_1	K00130	JALYKX010000017.1	1	24	1553	+	00	2038
GCA_030774515.1	GCA_030774515.1	JALYKX010000023.1_4	K07646	JALYKX010000023.1	4	1337	2104	+	01	2106
GCA_030774515.1	GCA_030774515.1	JALYKX010000099.1_1	K01546	JALYKX010000099.1	1	3	938	-	00	2685
GCA_030774515.1	GCA_030774515.1	JALYKX010000099.1_3	K07667	JALYKX010000099.1	3	1183	1866	-	00	2685
GCA_030774515.1	GCA_030774515.1	JALYKX010000099.1_4	K07646	JALYKX010000099.1	4	1863	2684	-	01	2685
GCA_030774515.1	GCA_030774515.1	JALYKX010000167.1_1	K07646	JALYKX010000167.1	1	93	1178	-	00	2527
GCA_030774515.1	GCA_030774515.1	JALYKX010000167.1_2	K01547	JALYKX010000167.1	2	1185	2525	-	01	2527
GCA_030774515.1	GCA_030774515.1	JALYKX010000340.1_1	K07646	JALYKX010000340.1	1	1	1485	+	10	2014
GCA_030774535.1	GCA_030774535.1	JALYKY010000142.1_4	K07667	JALYKY010000142.1	4	1167	1868	-	00	6162
GCA_030774535.1	GCA_030774535.1	JALYKY010000142.1_5	K07646	JALYKY010000142.1	5	1865	3343	-	00	6162
GCA_030774555.1	GCA_030774555.1	JALYKV010000260.1_2	K07667	JALYKV010000260.1	2	594	1292	+	00	2356
GCA_030774575.1	GCA_030774575.1	JALYKW010000027.1_147	K07667	JALYKW010000027.1	147	141556	142272	+	00	167979
GCA_030774575.1	GCA_030774575.1	JALYKW010000079.1_23	K07646	JALYKW010000079.1	23	24144	25307	-	00	54686
GCA_030774575.1	GCA_030774575.1	JALYKW010000079.1_25	K01548	JALYKW010000079.1	25	25739	26380	-	00	54686
GCA_030774575.1	GCA_030774575.1	JALYKW010000079.1_26	K01547	JALYKW010000079.1	26	26407	28488	-	00	54686
GCA_030774575.1	GCA_030774575.1	JALYKW010000079.1_27	K01546	JALYKW010000079.1	27	28501	30237	-	00	54686
GCA_030774575.1	GCA_030774575.1	JALYKW010000079.1_29	K07667	JALYKW010000079.1	29	30858	31553	-	00	54686
GCA_030774575.1	GCA_030774575.1	JALYKW010000079.1_30	K07646	JALYKW010000079.1	30	31550	33082	-	00	54686
GCA_030774595.1	GCA_030774595.1	JALYKU010000184.1_8	K07667	JALYKU010000184.1	8	6031	6738	-	00	7618
GCA_030774595.1	GCA_030774595.1	JALYKU010000184.1_9	K07646	JALYKU010000184.1	9	6735	7616	-	01	7618
GCA_030774635.1	GCA_030774635.1	JALYKS010000182.1_4	K00130	JALYKS010000182.1	4	1973	3421	+	00	4720
GCA_030774635.1	GCA_030774635.1	JALYKS010000282.1_1	K07646	JALYKS010000282.1	1	1	1434	+	10	3147
GCA_030774635.1	GCA_030774635.1	JALYKS010000282.1_2	K07667	JALYKS010000282.1	2	1434	2156	+	00	3147
GCA_030774635.1	GCA_030774635.1	JALYKS010000318.1_3	K01548	JALYKS010000318.1	3	682	1260	-	00	2763
GCA_030774635.1	GCA_030774635.1	JALYKS010000318.1_4	K01547	JALYKS010000318.1	4	1260	2762	-	01	2763
GCA_030774675.1	GCA_030774675.1	JALYKQ010000026.1_6	K07667	JALYKQ010000026.1	6	6058	6753	-	00	8396
GCA_030774705.1	GCA_030774705.1	JALYKP010000053.1_3	K07667	JALYKP010000053.1	3	1288	1968	-	00	4875
GCA_030774705.1	GCA_030774705.1	JALYKP010000053.1_5	K07646	JALYKP010000053.1	5	3135	4499	+	00	4875
GCA_030774705.1	GCA_030774705.1	JALYKP010000278.1_5	K07646	JALYKP010000278.1	5	4960	6774	+	00	9256
GCA_030774705.1	GCA_030774705.1	JALYKP010000307.1_1	K07646	JALYKP010000307.1	1	1	849	-	10	3061
GCA_030774705.1	GCA_030774705.1	JALYKP010000307.1_2	K01547	JALYKP010000307.1	2	887	2947	-	00	3061
GCA_030774705.1	GCA_030774705.1	JALYKP010000307.1_3	K01548	JALYKP010000307.1	3	2947	3060	-	01	3061
GCA_030774745.1	GCA_030774745.1	JALYKO010000031.1_2	K07646	JALYKO010000031.1	2	295	1779	-	00	7555
GCA_030774745.1	GCA_030774745.1	JALYKO010000579.1_3	K01546	JALYKO010000579.1	3	1195	2922	+	00	3754
GCA_030774745.1	GCA_030774745.1	JALYKO010000579.1_4	K01547	JALYKO010000579.1	4	2931	3752	+	01	3754
GCA_030774765.1	GCA_030774765.1	JALYKL010000267.1_3	K07646	JALYKL010000267.1	3	1597	3054	-	01	3055
GCA_030774765.1	GCA_030774765.1	JALYKL010000342.1_2	K07646	JALYKL010000342.1	2	75	1637	+	00	2483
GCA_030774765.1	GCA_030774765.1	JALYKL010000342.1_3	K07667	JALYKL010000342.1	3	1634	2395	+	00	2483
GCA_030774785.1	GCA_030774785.1	JALYKM010000285.1_11	K07646	JALYKM010000285.1	11	11662	13230	-	00	15168
GCA_030774785.1	GCA_030774785.1	JALYKM010000285.1_12	K07667	JALYKM010000285.1	12	13187	13888	-	00	15168
GCA_030774805.1	GCA_030774805.1	JALYKK010000220.1_6	K07646	JALYKK010000220.1	6	6899	8236	+	00	9476
GCA_030774805.1	GCA_030774805.1	JALYKK010000220.1_7	K07667	JALYKK010000220.1	7	8233	8910	+	00	9476
GCA_030774825.1	GCA_030774825.1	JALYKI010000170.1_2	K07646	JALYKI010000170.1	2	185	2233	+	00	3494
GCA_030774825.1	GCA_030774825.1	JALYKI010000177.1_5	K07667	JALYKI010000177.1	5	1880	2575	-	00	3199
GCA_030774825.1	GCA_030774825.1	JALYKI010000301.1_1	K07646	JALYKI010000301.1	1	3	1931	-	10	2064
GCA_030774825.1	GCA_030774825.1	JALYKI010000335.1_5	K07667	JALYKI010000335.1	5	5024	5704	-	00	13857
GCA_030774825.1	GCA_030774825.1	JALYKI010000335.1_6	K07646	JALYKI010000335.1	6	5726	7147	-	00	13857
GCA_030774825.1	GCA_030774825.1	JALYKI010000462.1_5	K01546	JALYKI010000462.1	5	931	2601	+	00	4866
GCA_030774825.1	GCA_030774825.1	JALYKI010000462.1_6	K01547	JALYKI010000462.1	6	2601	4658	+	00	4866
GCA_030774825.1	GCA_030774825.1	JALYKI010000462.1_7	K01548	JALYKI010000462.1	7	4655	4864	+	01	4866
GCA_030774865.1	GCA_030774865.1	JALYKG010000019.1_2	K02002	JALYKG010000019.1	2	1911	2858	+	00	4994
GCA_030774865.1	GCA_030774865.1	JALYKG010000019.1_3	K02001	JALYKG010000019.1	3	2926	3771	+	00	4994
GCA_030774865.1	GCA_030774865.1	JALYKG010000019.1_4	K02000	JALYKG010000019.1	4	3768	4946	+	00	4994
GCA_030774865.1	GCA_030774865.1	JALYKG010000025.1_5	K01546	JALYKG010000025.1	5	2835	4529	+	00	10783
GCA_030774865.1	GCA_030774865.1	JALYKG010000025.1_6	K01547	JALYKG010000025.1	6	4542	6599	+	00	10783
GCA_030774865.1	GCA_030774865.1	JALYKG010000025.1_7	K01548	JALYKG010000025.1	7	6667	7212	+	00	10783
GCA_030774865.1	GCA_030774865.1	JALYKG010000025.1_8	K07646	JALYKG010000025.1	8	7356	10007	+	00	10783
GCA_030774865.1	GCA_030774865.1	JALYKG010000025.1_9	K07667	JALYKG010000025.1	9	10045	10740	+	00	10783
GCA_030774865.1	GCA_030774865.1	JALYKG010000084.1_1	K01547	JALYKG010000084.1	1	76	2148	-	00	5337
GCA_030774865.1	GCA_030774865.1	JALYKG010000084.1_2	K01548	JALYKG010000084.1	2	2160	2819	-	00	5337
GCA_030774865.1	GCA_030774865.1	JALYKG010000084.1_3	K01546	JALYKG010000084.1	3	2830	4536	-	00	5337
GCA_030774865.1	GCA_030774865.1	JALYKG010000131.1_3	K00130	JALYKG010000131.1	3	3075	4547	+	00	6524
GCA_030774865.1	GCA_030774865.1	JALYKG010000131.1_4	K00108	JALYKG010000131.1	4	4744	6447	+	00	6524
GCA_030774865.1	GCA_030774865.1	JALYKG010000190.1_39	K00108	JALYKG010000190.1	39	36040	37722	-	00	40993
GCA_030774865.1	GCA_030774865.1	JALYKG010000241.1_3	K02000	JALYKG010000241.1	3	3396	4220	-	00	6383
GCA_030774865.1	GCA_030774865.1	JALYKG010000241.1_4	K02001	JALYKG010000241.1	4	4217	5068	-	00	6383
GCA_030774865.1	GCA_030774865.1	JALYKG010000241.1_4	K02002	JALYKG010000241.1	4	4217	5068	-	00	6383
GCA_030774865.1	GCA_030774865.1	JALYKG010000275.1_15	K02002	JALYKG010000275.1	15	11207	12223	+	00	12281
GCA_030774865.1	GCA_030774865.1	JALYKG010000281.1_11	K00836	JALYKG010000281.1	11	24015	25415	+	00	25799
GCA_030774865.1	GCA_030774865.1	JALYKG010000336.1_2	K02002	JALYKG010000336.1	2	1912	2763	+	00	18309
GCA_030774865.1	GCA_030774865.1	JALYKG010000342.1_4	K06720	JALYKG010000342.1	4	2975	3361	-	00	27370
GCA_030774865.1	GCA_030774865.1	JALYKG010000367.1_8	K02002	JALYKG010000367.1	8	5922	6842	+	00	8615
GCA_030774865.1	GCA_030774865.1	JALYKG010000403.1_1	K07646	JALYKG010000403.1	1	69	2720	+	00	6138
GCA_030774865.1	GCA_030774865.1	JALYKG010000403.1_2	K07667	JALYKG010000403.1	2	2717	3409	+	00	6138
GCA_030774865.1	GCA_030774865.1	JALYKG010000420.1_2	K02002	JALYKG010000420.1	2	1093	2037	-	00	3207
GCA_030774865.1	GCA_030774865.1	JALYKG010000527.1_2	K02001	JALYKG010000527.1	2	1166	2062	-	00	8418
GCA_030774865.1	GCA_030774865.1	JALYKG010000527.1_2	K02002	JALYKG010000527.1	2	1166	2062	-	00	8418
GCA_030774865.1	GCA_030774865.1	JALYKG010000527.1_3	K02000	JALYKG010000527.1	3	2055	3251	-	00	8418
GCA_030774885.1	GCA_030774885.1	JALYKH010000163.1_1	K01547	JALYKH010000163.1	1	3	659	-	10	10714
GCA_030774885.1	GCA_030774885.1	JALYKH010000163.1_2	K01547	JALYKH010000163.1	2	628	2154	-	00	10714
GCA_030774885.1	GCA_030774885.1	JALYKH010000163.1_3	K01546	JALYKH010000163.1	3	2154	3815	-	00	10714
GCA_030774885.1	GCA_030774885.1	JALYKH010000163.1_6	K07646	JALYKH010000163.1	6	6190	7605	+	00	10714
GCA_030774885.1	GCA_030774885.1	JALYKH010000163.1_7	K07667	JALYKH010000163.1	7	7602	8291	+	00	10714
GCA_030774885.1	GCA_030774885.1	JALYKH010000382.1_12	K07667	JALYKH010000382.1	12	13776	14453	-	00	14993
GCA_030774885.1	GCA_030774885.1	JALYKH010000460.1_2	K07667	JALYKH010000460.1	2	2211	2888	-	00	4773
GCA_030774885.1	GCA_030774885.1	JALYKH010000460.1_3	K07646	JALYKH010000460.1	3	2885	4771	-	01	4773
GCA_030774885.1	GCA_030774885.1	JALYKH010000521.1_1	K07646	JALYKH010000521.1	1	2	1312	-	10	7944
GCA_030774885.1	GCA_030774885.1	JALYKH010000521.1_2	K01548	JALYKH010000521.1	2	1351	2250	-	00	7944
GCA_030774885.1	GCA_030774885.1	JALYKH010000521.1_3	K01547	JALYKH010000521.1	3	2250	4382	-	00	7944
GCA_030774885.1	GCA_030774885.1	JALYKH010000521.1_4	K01546	JALYKH010000521.1	4	4385	6046	-	00	7944
GCA_030774885.1	GCA_030774885.1	JALYKH010000527.1_1	K02002	JALYKH010000527.1	1	5	976	-	00	3157
GCA_030774885.1	GCA_030774885.1	JALYKH010000527.1_2	K02001	JALYKH010000527.1	2	1015	3012	-	00	3157
GCA_030774905.1	GCA_030774905.1	JALYKF010000189.1_13	K07646	JALYKF010000189.1	13	10910	12745	+	00	13347
GCA_030774925.1	GCA_030774925.1	JALYKE010000317.1_1	K01546	JALYKE010000317.1	1	104	1711	+	00	2178
GCA_030774925.1	GCA_030774925.1	JALYKE010000533.1_4	K07667	JALYKE010000533.1	4	1338	2030	-	00	4419
GCA_030774925.1	GCA_030774925.1	JALYKE010000533.1_5	K07646	JALYKE010000533.1	5	2027	3385	-	00	4419
GCA_030774925.1	GCA_030774925.1	JALYKE010000641.1_2	K07646	JALYKE010000641.1	2	174	1643	-	00	7814
GCA_030775065.1	GCA_030775065.1	JALYJX010000538.1_1	K07667	JALYJX010000538.1	1	219	914	+	00	2355
GCA_030775065.1	GCA_030775065.1	JALYJX010000538.1_2	K07646	JALYJX010000538.1	2	919	2355	+	01	2355
GCA_030775085.1	GCA_030775085.1	JALYJW010000003.1_58	K07646	JALYJW010000003.1	58	69027	70169	-	00	115252
GCA_030775085.1	GCA_030775085.1	JALYJW010000003.1_59	K01547	JALYJW010000003.1	59	70201	72246	-	00	115252
GCA_030775085.1	GCA_030775085.1	JALYJW010000003.1_60	K01548	JALYJW010000003.1	60	72243	72809	-	00	115252
GCA_030775085.1	GCA_030775085.1	JALYJW010000003.1_61	K01546	JALYJW010000003.1	61	72821	74530	-	00	115252
GCA_030775085.1	GCA_030775085.1	JALYJW010000003.1_66	K07667	JALYJW010000003.1	66	77158	77847	-	00	115252
GCA_030775085.1	GCA_030775085.1	JALYJW010000003.1_67	K07646	JALYJW010000003.1	67	77844	79334	-	00	115252
GCA_030775085.1	GCA_030775085.1	JALYJW010000026.1_17	K07646	JALYJW010000026.1	17	13911	16193	+	00	55223
GCA_030775105.1	GCA_030775105.1	JALYJV010000292.1_4	K00108	JALYJV010000292.1	4	1739	3352	-	00	5147
GCA_030775145.1	GCA_030775145.1	JALYJU010000187.1_3	K07646	JALYJU010000187.1	3	1537	2625	+	00	2899
GCA_030775145.1	GCA_030775145.1	JALYJU010000499.1_2	K07646	JALYJU010000499.1	2	233	1393	+	00	3655
GCA_030775145.1	GCA_030775145.1	JALYJU010000562.1_1	K01546	JALYJU010000562.1	1	3	1349	-	10	2054
GCA_030775195.1	GCA_030775195.1	JALYJQ010000113.1_1	K01546	JALYJQ010000113.1	1	3	1220	+	10	2929
GCA_030775195.1	GCA_030775195.1	JALYJQ010000113.1_2	K01547	JALYJQ010000113.1	2	1231	2928	+	01	2929
GCA_030775195.1	GCA_030775195.1	JALYJQ010000179.1_5	K07646	JALYJQ010000179.1	5	2055	3125	-	00	4060
GCA_030775195.1	GCA_030775195.1	JALYJQ010000179.1_6	K01548	JALYJQ010000179.1	6	3144	3725	-	00	4060
GCA_030775195.1	GCA_030775195.1	JALYJQ010000691.1_3	K07667	JALYJQ010000691.1	3	1323	2030	-	00	2491
GCA_030775195.1	GCA_030775195.1	JALYJQ010000738.1_1	K01546	JALYJQ010000738.1	1	2	958	-	10	2851
GCA_030775195.1	GCA_030775195.1	JALYJQ010000738.1_3	K07646	JALYJQ010000738.1	3	1307	2845	+	00	2851
GCA_030775225.1	GCA_030775225.1	JALYJO010000031.1_1	K07646	JALYJO010000031.1	1	78	1187	-	00	2334
GCA_030775225.1	GCA_030775225.1	JALYJO010000031.1_2	K01547	JALYJO010000031.1	2	1208	2332	-	01	2334
GCA_030775225.1	GCA_030775225.1	JALYJO010000132.1_2	K01548	JALYJO010000132.1	2	632	1282	-	00	3942
GCA_030775225.1	GCA_030775225.1	JALYJO010000132.1_3	K01546	JALYJO010000132.1	3	1282	3018	-	00	3942
GCA_030775225.1	GCA_030775225.1	JALYJO010000132.1_4	K07667	JALYJO010000132.1	4	3098	3784	-	00	3942
GCA_030775245.1	GCA_030775245.1	JALYJM010000454.1_1	K01547	JALYJM010000454.1	1	3	1898	-	10	3165
GCA_030775245.1	GCA_030775245.1	JALYJM010000454.1_2	K01546	JALYJM010000454.1	2	1909	3165	-	01	3165
GCA_030775265.1	GCA_030775265.1	JALYJN010000704.1_2	K01547	JALYJN010000704.1	2	280	2046	+	01	2046
GCA_030775305.1	GCA_030775305.1	JALYJK010000047.1_5	K02000	JALYJK010000047.1	5	3821	4966	+	00	5775
GCA_030775305.1	GCA_030775305.1	JALYJK010000073.1_4	K02001	JALYJK010000073.1	4	2497	3990	-	01	3992
GCA_030775305.1	GCA_030775305.1	JALYJK010000167.1_2	K01546	JALYJK010000167.1	2	187	1896	+	00	2828
GCA_030775305.1	GCA_030775305.1	JALYJK010000167.1_3	K01547	JALYJK010000167.1	3	1910	2827	+	01	2828
GCA_030775305.1	GCA_030775305.1	JALYJK010000216.1_1	K07646	JALYJK010000216.1	1	1	2145	-	10	3223
GCA_030775305.1	GCA_030775305.1	JALYJK010000216.1_2	K01548	JALYJK010000216.1	2	2147	2716	-	00	3223
GCA_030775305.1	GCA_030775305.1	JALYJK010000249.1_1	K02000	JALYJK010000249.1	1	1	657	-	10	2821
GCA_030775305.1	GCA_030775305.1	JALYJK010000249.1_2	K02002	JALYJK010000249.1	2	856	1839	-	00	2821
GCA_030775305.1	GCA_030775305.1	JALYJK010000270.1_8	K02001	JALYJK010000270.1	8	6391	7755	-	01	7757
GCA_030775305.1	GCA_030775305.1	JALYJK010000316.1_4	K00108	JALYJK010000316.1	4	2837	4486	-	00	4726
GCA_030775305.1	GCA_030775305.1	JALYJK010000404.1_7	K02001	JALYJK010000404.1	7	5122	6213	-	01	6215
GCA_030775305.1	GCA_030775305.1	JALYJK010000421.1_3	K00836	JALYJK010000421.1	3	1128	2315	-	01	2316
GCA_030775305.1	GCA_030775305.1	JALYJK010000502.1_1	K02000	JALYJK010000502.1	1	2	805	-	10	2165
GCA_030775305.1	GCA_030775305.1	JALYJK010000502.1_2	K02002	JALYJK010000502.1	2	921	1868	-	00	2165
GCA_030775305.1	GCA_030775305.1	JALYJK010000557.1_5	K02001	JALYJK010000557.1	5	2476	3780	-	00	9564
GCA_030775305.1	GCA_030775305.1	JALYJK010000557.1_5	K02002	JALYJK010000557.1	5	2476	3780	-	00	9564
GCA_030775305.1	GCA_030775305.1	JALYJK010000557.1_6	K02000	JALYJK010000557.1	6	3777	4835	-	00	9564
GCA_030775345.1	GCA_030775345.1	JALYJI010000386.1_1	K01548	JALYJI010000386.1	1	2	451	+	10	3727
GCA_030775345.1	GCA_030775345.1	JALYJI010000386.1_2	K07646	JALYJI010000386.1	2	459	2984	+	00	3727
GCA_030775345.1	GCA_030775345.1	JALYJI010000386.1_3	K07667	JALYJI010000386.1	3	2981	3661	+	00	3727
GCA_030775345.1	GCA_030775345.1	JALYJI010000539.1_2	K07667	JALYJI010000539.1	2	2136	2843	-	00	3141
GCA_030775365.1	GCA_030775365.1	JALYJG010000015.1_5	K01548	JALYJG010000015.1	5	2885	3460	-	00	16427
GCA_030775365.1	GCA_030775365.1	JALYJG010000062.1_4	K07646	JALYJG010000062.1	4	2604	4715	-	00	9099
GCA_030775365.1	GCA_030775365.1	JALYJG010000133.1_4	K07667	JALYJG010000133.1	4	1592	2308	+	00	5979
GCA_030775365.1	GCA_030775365.1	JALYJG010000165.1_1	K01547	JALYJG010000165.1	1	1	1176	+	10	4916
GCA_030775365.1	GCA_030775365.1	JALYJG010000217.1_5	K07667	JALYJG010000217.1	5	2595	3311	-	00	3608
GCA_030775365.1	GCA_030775365.1	JALYJG010000229.1_1	K01546	JALYJG010000229.1	1	3	1511	-	10	3441
GCA_030775375.1	GCA_030775375.1	JALYJE010000091.1_4	K00130	JALYJE010000091.1	4	4862	6343	+	00	7064
GCA_030775375.1	GCA_030775375.1	JALYJE010000148.1_6	K07667	JALYJE010000148.1	6	3678	4397	-	00	5697
GCA_030775375.1	GCA_030775375.1	JALYJE010000148.1_7	K07646	JALYJE010000148.1	7	4394	5695	-	01	5697
GCA_030775375.1	GCA_030775375.1	JALYJE010000150.1_2	K00130	JALYJE010000150.1	2	360	1835	+	00	5651
GCA_030775405.1	GCA_030775405.1	JALYJF010000002.1_3	K02002	JALYJF010000002.1	3	2493	3443	-	00	266084
GCA_030775405.1	GCA_030775405.1	JALYJF010000002.1_7	K02002	JALYJF010000002.1	7	7150	8010	-	00	266084
GCA_030775405.1	GCA_030775405.1	JALYJF010000002.1_20	K00130	JALYJF010000002.1	20	23143	24612	+	00	266084
GCA_030775405.1	GCA_030775405.1	JALYJF010000002.1_21	K00108	JALYJF010000002.1	21	24623	26311	+	00	266084
GCA_030775405.1	GCA_030775405.1	JALYJF010000002.1_39	K02002	JALYJF010000002.1	39	47797	48750	-	00	266084
GCA_030775405.1	GCA_030775405.1	JALYJF010000002.1_41	K02001	JALYJF010000002.1	41	49886	50788	-	00	266084
GCA_030775405.1	GCA_030775405.1	JALYJF010000002.1_41	K02002	JALYJF010000002.1	41	49886	50788	-	00	266084
GCA_030775405.1	GCA_030775405.1	JALYJF010000002.1_42	K02000	JALYJF010000002.1	42	50781	51959	-	00	266084
GCA_030775405.1	GCA_030775405.1	JALYJF010000005.1_175	K07646	JALYJF010000005.1	175	185837	188668	+	00	227760
GCA_030775405.1	GCA_030775405.1	JALYJF010000005.1_176	K07667	JALYJF010000005.1	176	188665	189363	+	00	227760
GCA_030775405.1	GCA_030775405.1	JALYJF010000015.1_149	K01546	JALYJF010000015.1	149	149929	151737	+	00	162508
GCA_030775405.1	GCA_030775405.1	JALYJF010000015.1_150	K01547	JALYJF010000015.1	150	151762	153915	+	00	162508
GCA_030775405.1	GCA_030775405.1	JALYJF010000015.1_151	K01548	JALYJF010000015.1	151	153996	154577	+	00	162508
GCA_030775405.1	GCA_030775405.1	JALYJF010000015.1_152	K07646	JALYJF010000015.1	152	154577	157372	+	00	162508
GCA_030775405.1	GCA_030775405.1	JALYJF010000015.1_153	K07667	JALYJF010000015.1	153	157369	158067	+	00	162508
GCA_030775405.1	GCA_030775405.1	JALYJF010000052.1_20	K02002	JALYJF010000052.1	20	24615	25571	-	00	26039
GCA_030775415.1	GCA_030775415.1	JALYJH010000127.1_6	K07646	JALYJH010000127.1	6	2919	4355	+	00	7212
GCA_030775415.1	GCA_030775415.1	JALYJH010000127.1_7	K07667	JALYJH010000127.1	7	4352	5053	+	00	7212
GCA_030775415.1	GCA_030775415.1	JALYJH010000127.1_9	K01546	JALYJH010000127.1	9	5756	7210	+	01	7212
GCA_030775415.1	GCA_030775415.1	JALYJH010000290.1_4	K07667	JALYJH010000290.1	4	3485	4177	-	00	4647
GCA_030775415.1	GCA_030775415.1	JALYJH010000489.1_1	K01547	JALYJH010000489.1	1	2	550	+	10	2840
GCA_030775415.1	GCA_030775415.1	JALYJH010000489.1_2	K01548	JALYJH010000489.1	2	560	1297	+	00	2840
GCA_030775415.1	GCA_030775415.1	JALYJH010000489.1_3	K07646	JALYJH010000489.1	3	1323	2420	+	00	2840
GCA_030775415.1	GCA_030775415.1	JALYJH010000489.1_4	K07646	JALYJH010000489.1	4	2417	2839	+	01	2840
GCA_030775445.1	GCA_030775445.1	JALYJD010000552.1_2	K01546	JALYJD010000552.1	2	348	2048	-	00	2395
GCA_030775465.1	GCA_030775465.1	JALYJC010000198.1_2	K07646	JALYJC010000198.1	2	737	2827	+	00	4546
GCA_030775465.1	GCA_030775465.1	JALYJC010000307.1_2	K01546	JALYJC010000307.1	2	661	2451	-	00	3847
GCA_030775465.1	GCA_030775465.1	JALYJC010000585.1_2	K07667	JALYJC010000585.1	2	289	993	+	00	2657
GCA_030775485.1	GCA_030775485.1	JALYJB010000011.1_103	K01546	JALYJB010000011.1	103	118831	120585	+	00	130409
GCA_030775485.1	GCA_030775485.1	JALYJB010000011.1_104	K01547	JALYJB010000011.1	104	120638	122755	+	00	130409
GCA_030775485.1	GCA_030775485.1	JALYJB010000011.1_105	K01548	JALYJB010000011.1	105	122804	123607	+	00	130409
GCA_030775485.1	GCA_030775485.1	JALYJB010000011.1_106	K07646	JALYJB010000011.1	106	123741	125426	+	00	130409
GCA_030775485.1	GCA_030775485.1	JALYJB010000029.1_3	K07646	JALYJB010000029.1	3	1424	4177	-	00	51527
GCA_030775525.1	GCA_030775525.1	JALYJA010000050.1_1	K01548	JALYJA010000050.1	1	2	466	+	10	8639
GCA_030775525.1	GCA_030775525.1	JALYJA010000050.1_3	K07646	JALYJA010000050.1	3	1538	4270	+	00	8639
GCA_030775525.1	GCA_030775525.1	JALYJA010000050.1_4	K07667	JALYJA010000050.1	4	4254	4955	+	00	8639
GCA_030775525.1	GCA_030775525.1	JALYJA010000235.1_2	K01547	JALYJA010000235.1	2	93	2177	-	00	4462
GCA_030775525.1	GCA_030775525.1	JALYJA010000235.1_3	K01546	JALYJA010000235.1	3	2186	3976	-	00	4462
GCA_030775525.1	GCA_030775525.1	JALYJA010000268.1_5	K01546	JALYJA010000268.1	5	2358	3407	+	00	4183
GCA_030775525.1	GCA_030775525.1	JALYJA010000268.1_6	K01546	JALYJA010000268.1	6	3420	4145	+	00	4183
GCA_030775525.1	GCA_030775525.1	JALYJA010000411.1_2	K00130	JALYJA010000411.1	2	579	2066	-	00	3289
GCA_030775545.1	GCA_030775545.1	JALYIY010000136.1_3	K07646	JALYIY010000136.1	3	4928	6352	+	00	9301
GCA_030775545.1	GCA_030775545.1	JALYIY010000136.1_4	K07667	JALYIY010000136.1	4	6349	7059	+	00	9301
GCA_030775545.1	GCA_030775545.1	JALYIY010000238.1_1	K01547	JALYIY010000238.1	1	3	1844	-	10	2388
GCA_030775545.1	GCA_030775545.1	JALYIY010000238.1_2	K01546	JALYIY010000238.1	2	1858	2388	-	01	2388
GCA_030775585.1	GCA_030775585.1	JALYIV010000474.1_10	K07646	JALYIV010000474.1	10	12957	14462	-	00	16807
GCA_030775585.1	GCA_030775585.1	JALYIV010000474.1_12	K07667	JALYIV010000474.1	12	15604	16254	+	00	16807
GCA_030775585.1	GCA_030775585.1	JALYIV010000480.1_3	K07646	JALYIV010000480.1	3	1577	2944	-	01	2944
GCA_030775585.1	GCA_030775585.1	JALYIV010000566.1_3	K07667	JALYIV010000566.1	3	1349	2050	+	00	7016
GCA_030775585.1	GCA_030775585.1	JALYIV010000576.1_1	K07646	JALYIV010000576.1	1	1	1368	-	10	14065
GCA_030775585.1	GCA_030775585.1	JALYIV010000576.1_2	K01548	JALYIV010000576.1	2	1373	1960	-	00	14065
GCA_030775585.1	GCA_030775585.1	JALYIV010000576.1_3	K01547	JALYIV010000576.1	3	1973	4159	-	00	14065
GCA_030775585.1	GCA_030775585.1	JALYIV010000576.1_4	K01546	JALYIV010000576.1	4	4176	5927	-	00	14065
GCA_030775595.1	GCA_030775595.1	JALYIU010000580.1_1	K07646	JALYIU010000580.1	1	1	2241	-	10	3644
GCA_030775595.1	GCA_030775595.1	JALYIU010000580.1_2	K01548	JALYIU010000580.1	2	2270	2878	-	00	3644
GCA_030775595.1	GCA_030775595.1	JALYIU010000580.1_3	K01547	JALYIU010000580.1	3	2907	3644	-	01	3644
GCA_030775625.1	GCA_030775625.1	JALYIW010000027.1_2	K07667	JALYIW010000027.1	2	677	1357	-	00	15244
GCA_030775625.1	GCA_030775625.1	JALYIW010000027.1_3	K07646	JALYIW010000027.1	3	1366	4056	-	00	15244
GCA_030775625.1	GCA_030775625.1	JALYIW010000027.1_4	K01548	JALYIW010000027.1	4	4056	4631	-	00	15244
GCA_030775625.1	GCA_030775625.1	JALYIW010000027.1_5	K01547	JALYIW010000027.1	5	4642	6711	-	00	15244
GCA_030775625.1	GCA_030775625.1	JALYIW010000027.1_6	K01546	JALYIW010000027.1	6	6720	8534	-	00	15244
GCA_030775645.1	GCA_030775645.1	JALYIT010000012.1_62	K01546	JALYIT010000012.1	62	60215	62029	+	00	128375
GCA_030775645.1	GCA_030775645.1	JALYIT010000012.1_63	K01547	JALYIT010000012.1	63	62037	64106	+	00	128375
GCA_030775645.1	GCA_030775645.1	JALYIT010000012.1_64	K01548	JALYIT010000012.1	64	64118	64693	+	00	128375
GCA_030775645.1	GCA_030775645.1	JALYIT010000012.1_65	K07646	JALYIT010000012.1	65	64693	67383	+	00	128375
GCA_030775645.1	GCA_030775645.1	JALYIT010000012.1_66	K07667	JALYIT010000012.1	66	67380	68090	+	00	128375
GCA_030775645.1	GCA_030775645.1	JALYIT010000118.1_11	K00108	JALYIT010000118.1	11	14248	15912	-	00	34011
GCA_030775645.1	GCA_030775645.1	JALYIT010000118.1_12	K00130	JALYIT010000118.1	12	15912	17954	-	00	34011
GCA_030775645.1	GCA_030775645.1	JALYIT010000118.1_13	K02001	JALYIT010000118.1	13	18099	20027	+	00	34011
GCA_030775645.1	GCA_030775645.1	JALYIT010000118.1_13	K02002	JALYIT010000118.1	13	18099	20027	+	00	34011
GCA_030775645.1	GCA_030775645.1	JALYIT010000118.1_14	K02000	JALYIT010000118.1	14	20024	21235	+	00	34011
GCA_030775685.1	GCA_030775685.1	JALYIP010000003.1_4	K01546	JALYIP010000003.1	4	3184	4902	+	00	30814
GCA_030775685.1	GCA_030775685.1	JALYIP010000003.1_5	K01547	JALYIP010000003.1	5	4918	6945	+	00	30814
GCA_030775685.1	GCA_030775685.1	JALYIP010000003.1_6	K01548	JALYIP010000003.1	6	7037	7600	+	00	30814
GCA_030775685.1	GCA_030775685.1	JALYIP010000003.1_7	K07646	JALYIP010000003.1	7	7807	8937	+	00	30814
GCA_030775685.1	GCA_030775685.1	JALYIP010000087.1_6	K01546	JALYIP010000087.1	6	5840	7549	+	00	51670
GCA_030775705.1	GCA_030775705.1	JALYIS010000117.1_3	K07646	JALYIS010000117.1	3	2957	5494	+	00	18785
GCA_030775705.1	GCA_030775705.1	JALYIS010000117.1_4	K07667	JALYIS010000117.1	4	5491	6168	+	00	18785
GCA_030775705.1	GCA_030775705.1	JALYIS010000179.1_1	K07646	JALYIS010000179.1	1	3	2237	-	10	2961
GCA_030775705.1	GCA_030775705.1	JALYIS010000179.1_2	K01548	JALYIS010000179.1	2	2247	2960	-	01	2961
GCA_030775705.1	GCA_030775705.1	JALYIS010000186.1_9	K01548	JALYIS010000186.1	9	6846	7742	-	00	12393
GCA_030775705.1	GCA_030775705.1	JALYIS010000186.1_10	K01547	JALYIS010000186.1	10	7748	9928	-	00	12393
GCA_030775705.1	GCA_030775705.1	JALYIS010000186.1_11	K01546	JALYIS010000186.1	11	9928	11589	-	00	12393
GCA_030775725.1	GCA_030775725.1	JALYIO010000178.1_1	K07646	JALYIO010000178.1	1	3	1151	-	10	3794
GCA_030775725.1	GCA_030775725.1	JALYIO010000350.1_4	K00108	JALYIO010000350.1	4	2560	4215	+	00	6089
GCA_030775725.1	GCA_030775725.1	JALYIO010000374.1_3	K01546	JALYIO010000374.1	3	1438	2148	+	01	2149
GCA_030775745.1	GCA_030775745.1	JALYIR010000270.1_1	K07646	JALYIR010000270.1	1	1	1494	+	10	3175
GCA_030775745.1	GCA_030775745.1	JALYIR010000270.1_2	K07667	JALYIR010000270.1	2	1491	2189	+	00	3175
GCA_030775745.1	GCA_030775745.1	JALYIR010000344.1_1	K07646	JALYIR010000344.1	1	1	1680	-	10	2498
GCA_030775745.1	GCA_030775745.1	JALYIR010000396.1_2	K07667	JALYIR010000396.1	2	1015	1713	-	00	4713
GCA_030775745.1	GCA_030775745.1	JALYIR010000396.1_3	K07646	JALYIR010000396.1	3	1706	4486	-	00	4713
GCA_030775745.1	GCA_030775745.1	JALYIR010000396.1_4	K01548	JALYIR010000396.1	4	4490	4711	-	01	4713
GCA_030775745.1	GCA_030775745.1	JALYIR010000435.1_1	K01547	JALYIR010000435.1	1	39	2138	-	00	4974
GCA_030775745.1	GCA_030775745.1	JALYIR010000435.1_2	K01546	JALYIR010000435.1	2	2204	4012	-	00	4974
GCA_030775785.1	GCA_030775785.1	JALYIM010000093.1_4	K01548	JALYIM010000093.1	4	2457	3044	-	00	21042
GCA_030775785.1	GCA_030775785.1	JALYIM010000093.1_5	K01547	JALYIM010000093.1	5	3054	5081	-	00	21042
GCA_030775785.1	GCA_030775785.1	JALYIM010000093.1_6	K01546	JALYIM010000093.1	6	5094	6893	-	00	21042
GCA_030775785.1	GCA_030775785.1	JALYIM010000093.1_9	K07667	JALYIM010000093.1	9	7597	8298	-	00	21042
GCA_030775785.1	GCA_030775785.1	JALYIM010000184.1_21	K00130	JALYIM010000184.1	21	23801	25282	+	00	31173
GCA_030775785.1	GCA_030775785.1	JALYIM010000214.1_66	K00130	JALYIM010000214.1	66	65259	66764	+	00	67818
GCA_030775785.1	GCA_030775785.1	JALYIM010000230.1_7	K07646	JALYIM010000230.1	7	6522	7685	-	00	12482
GCA_030775785.1	GCA_030775785.1	JALYIM010000230.1_8	K07646	JALYIM010000230.1	8	7733	9178	+	00	12482
GCA_030775825.1	GCA_030775825.1	JALYIL010000138.1_22	K07667	JALYIL010000138.1	22	24725	25402	-	00	52603
GCA_030775825.1	GCA_030775825.1	JALYIL010000138.1_23	K07646	JALYIL010000138.1	23	25399	27954	-	00	52603
GCA_030775825.1	GCA_030775825.1	JALYIL010000146.1_3	K07667	JALYIL010000146.1	3	2214	2894	-	00	9699
GCA_030775825.1	GCA_030775825.1	JALYIL010000161.1_56	K07667	JALYIL010000161.1	56	50360	51058	-	00	84032
GCA_030775825.1	GCA_030775825.1	JALYIL010000161.1_57	K07646	JALYIL010000161.1	57	51055	53625	-	00	84032
GCA_030775825.1	GCA_030775825.1	JALYIL010000161.1_58	K01548	JALYIL010000161.1	58	53645	54538	-	00	84032
GCA_030775825.1	GCA_030775825.1	JALYIL010000161.1_59	K01547	JALYIL010000161.1	59	54545	56725	-	00	84032
GCA_030775825.1	GCA_030775825.1	JALYIL010000161.1_60	K01546	JALYIL010000161.1	60	56725	58386	-	00	84032
GCA_030775845.1	GCA_030775845.1	JALYII010000176.1_1	K01546	JALYII010000176.1	1	419	2119	+	00	2707
GCA_030775865.1	GCA_030775865.1	JALYIH010000018.1_13	K02000	JALYIH010000018.1	13	14295	15530	-	00	27080
GCA_030775865.1	GCA_030775865.1	JALYIH010000018.1_14	K02001	JALYIH010000018.1	14	15527	17470	-	00	27080
GCA_030775865.1	GCA_030775865.1	JALYIH010000018.1_14	K02002	JALYIH010000018.1	14	15527	17470	-	00	27080
GCA_030775865.1	GCA_030775865.1	JALYIH010000018.1_15	K00130	JALYIH010000018.1	15	17601	19691	+	00	27080
GCA_030775865.1	GCA_030775865.1	JALYIH010000018.1_16	K00108	JALYIH010000018.1	16	19707	21368	+	00	27080
GCA_030775865.1	GCA_030775865.1	JALYIH010000028.1_9	K01548	JALYIH010000028.1	9	7642	8202	-	00	13820
GCA_030775865.1	GCA_030775865.1	JALYIH010000028.1_10	K01547	JALYIH010000028.1	10	8222	10288	-	00	13820
GCA_030775865.1	GCA_030775865.1	JALYIH010000028.1_11	K01546	JALYIH010000028.1	11	10303	12105	-	00	13820
GCA_030775865.1	GCA_030775865.1	JALYIH010000113.1_11	K07667	JALYIH010000113.1	11	14289	14990	-	00	17969
GCA_030775865.1	GCA_030775865.1	JALYIH010000113.1_12	K07646	JALYIH010000113.1	12	14983	17706	-	00	17969
GCA_030775885.1	GCA_030775885.1	JALYIG010000080.1_6	K07646	JALYIG010000080.1	6	2514	4034	-	00	14333
GCA_030775885.1	GCA_030775885.1	JALYIG010000080.1_7	K07646	JALYIG010000080.1	7	4185	5321	+	00	14333
GCA_030775885.1	GCA_030775885.1	JALYIG010000080.1_8	K07667	JALYIG010000080.1	8	5354	6055	+	00	14333
GCA_030775885.1	GCA_030775885.1	JALYIG010000080.1_10	K01546	JALYIG010000080.1	10	6667	8460	+	00	14333
GCA_030775885.1	GCA_030775885.1	JALYIG010000080.1_11	K01547	JALYIG010000080.1	11	8533	10659	+	00	14333
GCA_030775885.1	GCA_030775885.1	JALYIG010000080.1_12	K01548	JALYIG010000080.1	12	10914	11480	+	00	14333
GCA_030775885.1	GCA_030775885.1	JALYIG010000422.1_4	K07646	JALYIG010000422.1	4	3310	6717	-	01	6719
GCA_030775905.1	GCA_030775905.1	JALYIE010000075.1_4	K02001	JALYIE010000075.1	4	1848	2933	-	01	2933
GCA_030775905.1	GCA_030775905.1	JALYIE010000155.1_1	K01546	JALYIE010000155.1	1	1	1074	+	10	2516
GCA_030775905.1	GCA_030775905.1	JALYIE010000155.1_2	K01547	JALYIE010000155.1	2	1085	2515	+	01	2516
GCA_030775905.1	GCA_030775905.1	JALYIE010000296.1_2	K02000	JALYIE010000296.1	2	417	1619	+	00	3263
GCA_030775905.1	GCA_030775905.1	JALYIE010000524.1_1	K02002	JALYIE010000524.1	1	1	1455	-	10	3901
GCA_030775905.1	GCA_030775905.1	JALYIE010000524.1_2	K00130	JALYIE010000524.1	2	1601	3016	+	00	3901
GCA_030775925.1	GCA_030775925.1	JALYIF010000190.1_1	K00130	JALYIF010000190.1	1	34	1569	-	00	5924
GCA_030775945.1	GCA_030775945.1	JALYID010000314.1_6	K01546	JALYID010000314.1	6	2936	4660	+	00	8930
GCA_030775945.1	GCA_030775945.1	JALYID010000314.1_7	K01547	JALYID010000314.1	7	4672	6789	+	00	8930
GCA_030775945.1	GCA_030775945.1	JALYID010000314.1_8	K01548	JALYID010000314.1	8	6789	7550	+	00	8930
GCA_030775945.1	GCA_030775945.1	JALYID010000350.1_2	K07646	JALYID010000350.1	2	413	1561	+	00	4885
GCA_030775945.1	GCA_030775945.1	JALYID010000350.1_3	K07667	JALYID010000350.1	3	1554	2252	+	00	4885
GCA_030775945.1	GCA_030775945.1	JALYID010000576.1_6	K07646	JALYID010000576.1	6	2546	3610	+	01	3612
GCA_030775965.1	GCA_030775965.1	JALYIB010000065.1_1	K01548	JALYIB010000065.1	1	3	335	-	10	5402
GCA_030775965.1	GCA_030775965.1	JALYIB010000065.1_2	K01547	JALYIB010000065.1	2	345	2471	-	00	5402
GCA_030775965.1	GCA_030775965.1	JALYIB010000065.1_3	K01546	JALYIB010000065.1	3	2474	4246	-	00	5402
GCA_030775965.1	GCA_030775965.1	JALYIB010000072.1_1	K07646	JALYIB010000072.1	1	241	1311	-	00	2758
GCA_030775965.1	GCA_030775965.1	JALYIB010000072.1_2	K07646	JALYIB010000072.1	2	1308	2402	-	00	2758
GCA_030775965.1	GCA_030775965.1	JALYIB010000072.1_3	K01548	JALYIB010000072.1	3	2430	2756	-	01	2758
GCA_030775965.1	GCA_030775965.1	JALYIB010000127.1_7	K07646	JALYIB010000127.1	7	5288	6913	+	00	7494
GCA_030775965.1	GCA_030775965.1	JALYIB010000127.1_8	K07667	JALYIB010000127.1	8	6913	7494	+	01	7494
GCA_030775965.1	GCA_030775965.1	JALYIB010000212.1_2	K07646	JALYIB010000212.1	2	399	1835	-	00	8268
GCA_030775965.1	GCA_030775965.1	JALYIB010000265.1_1	K07667	JALYIB010000265.1	1	1	690	+	10	3338
GCA_030775965.1	GCA_030775965.1	JALYIB010000360.1_3	K07646	JALYIB010000360.1	3	1043	2488	+	00	6610
GCA_030775965.1	GCA_030775965.1	JALYIB010000360.1_4	K07667	JALYIB010000360.1	4	2463	3206	+	00	6610
GCA_030776025.1	GCA_030776025.1	JALYIC010000335.1_2	K01548	JALYIC010000335.1	2	382	921	+	00	2032
GCA_030776025.1	GCA_030776025.1	JALYIC010000461.1_2	K07646	JALYIC010000461.1	2	258	2441	+	01	2443
GCA_030776065.1	GCA_030776065.1	JALYIA010000016.1_1	K01547	JALYIA010000016.1	1	11	2053	-	00	35793
GCA_030776065.1	GCA_030776065.1	JALYIA010000016.1_2	K01546	JALYIA010000016.1	2	2102	3865	-	00	35793
GCA_030776065.1	GCA_030776065.1	JALYIA010000016.1_5	K07667	JALYIA010000016.1	5	5606	6295	-	00	35793
GCA_030776065.1	GCA_030776065.1	JALYIA010000016.1_6	K07646	JALYIA010000016.1	6	6292	7446	-	00	35793
GCA_030776065.1	GCA_030776065.1	JALYIA010000016.1_7	K07646	JALYIA010000016.1	7	7501	8958	+	00	35793
GCA_030776065.1	GCA_030776065.1	JALYIA010000180.1_14	K01548	JALYIA010000180.1	14	12402	13031	-	00	13289
GCA_030776125.1	GCA_030776125.1	JALYHY010000032.1_2	K01546	JALYHY010000032.1	2	567	2177	+	01	2178
GCA_030776125.1	GCA_030776125.1	JALYHY010000199.1_2	K07667	JALYHY010000199.1	2	210	902	+	00	2885
GCA_030776125.1	GCA_030776125.1	JALYHY010000390.1_2	K02002	JALYHY010000390.1	2	1599	2402	+	00	5977
GCA_030776125.1	GCA_030776125.1	JALYHY010000810.1_1	K01548	JALYHY010000810.1	1	3	269	+	10	2315
GCA_030776125.1	GCA_030776125.1	JALYHY010000810.1_2	K01547	JALYHY010000810.1	2	281	2314	+	01	2315
GCA_030776125.1	GCA_030776125.1	JALYHY010001012.1_2	K02001	JALYHY010001012.1	2	342	1193	+	00	2075
GCA_030776125.1	GCA_030776125.1	JALYHY010001012.1_2	K02002	JALYHY010001012.1	2	342	1193	+	00	2075
GCA_030776125.1	GCA_030776125.1	JALYHY010001012.1_3	K02000	JALYHY010001012.1	3	1190	2014	+	00	2075
GCA_030776125.1	GCA_030776125.1	JALYHY010001090.1_2	K02002	JALYHY010001090.1	2	1827	2774	+	00	3129
GCA_030776125.1	GCA_030776125.1	JALYHY010001099.1_5	K02002	JALYHY010001099.1	5	3261	3965	+	01	3966
GCA_030776205.1	GCA_030776205.1	JALYHV010000007.1_4	K07667	JALYHV010000007.1	4	1046	1747	-	00	9120
GCA_030776205.1	GCA_030776205.1	JALYHV010000064.1_2	K01546	JALYHV010000064.1	2	253	1995	-	00	21216
GCA_030776205.1	GCA_030776205.1	JALYHV010000082.1_2	K07646	JALYHV010000082.1	2	288	1418	+	00	8758
GCA_030776205.1	GCA_030776205.1	JALYHV010000082.1_3	K07667	JALYHV010000082.1	3	1415	2113	+	00	8758
GCA_030776205.1	GCA_030776205.1	JALYHV010000139.1_1	K01547	JALYHV010000139.1	1	1	1887	+	10	6809
GCA_030776205.1	GCA_030776205.1	JALYHV010000139.1_2	K01548	JALYHV010000139.1	2	1900	2487	+	00	6809
GCA_030776205.1	GCA_030776205.1	JALYHV010000139.1_3	K07646	JALYHV010000139.1	3	2493	5225	+	00	6809
GCA_030776225.1	GCA_030776225.1	JALYHT010000056.1_1	K01546	JALYHT010000056.1	1	1	795	-	10	3660
GCA_030776225.1	GCA_030776225.1	JALYHT010000056.1_3	K07667	JALYHT010000056.1	3	1508	2218	-	00	3660
GCA_030776225.1	GCA_030776225.1	JALYHT010000056.1_4	K07646	JALYHT010000056.1	4	2215	3660	-	01	3660
GCA_030776225.1	GCA_030776225.1	JALYHT010000089.1_13	K07667	JALYHT010000089.1	13	12616	13356	-	00	19658
GCA_030776225.1	GCA_030776225.1	JALYHT010000089.1_14	K07646	JALYHT010000089.1	14	13325	14776	-	00	19658
GCA_030776225.1	GCA_030776225.1	JALYHT010000228.1_1	K01546	JALYHT010000228.1	1	3	989	+	10	12479
GCA_030776225.1	GCA_030776225.1	JALYHT010000228.1_2	K01547	JALYHT010000228.1	2	1013	3142	+	00	12479
GCA_030776225.1	GCA_030776225.1	JALYHT010000228.1_3	K01548	JALYHT010000228.1	3	3158	3739	+	00	12479
GCA_030776225.1	GCA_030776225.1	JALYHT010000228.1_4	K07646	JALYHT010000228.1	4	3748	4872	+	00	12479
GCA_030776225.1	GCA_030776225.1	JALYHT010000228.1_5	K07646	JALYHT010000228.1	5	4872	5951	+	00	12479
GCA_030776245.1	GCA_030776245.1	JALYHW010000436.1_5	K01546	JALYHW010000436.1	5	4834	5856	+	01	5856
GCA_030776245.1	GCA_030776245.1	JALYHW010000589.1_1	K01547	JALYHW010000589.1	1	1	1212	+	10	2860
GCA_030776245.1	GCA_030776245.1	JALYHW010000589.1_2	K01548	JALYHW010000589.1	2	1264	1887	+	00	2860
GCA_030776305.1	GCA_030776305.1	JALYHX010000159.1_3	K01546	JALYHX010000159.1	3	874	2625	+	00	19821
GCA_030776305.1	GCA_030776305.1	JALYHX010000159.1_4	K01547	JALYHX010000159.1	4	2642	4855	+	00	19821
GCA_030776305.1	GCA_030776305.1	JALYHX010000159.1_5	K01548	JALYHX010000159.1	5	4870	5457	+	00	19821
GCA_030776305.1	GCA_030776305.1	JALYHX010000159.1_9	K07646	JALYHX010000159.1	9	8749	11445	+	00	19821
GCA_030776305.1	GCA_030776305.1	JALYHX010000159.1_10	K07667	JALYHX010000159.1	10	11442	12131	+	00	19821
GCA_030776305.1	GCA_030776305.1	JALYHX010000916.1_15	K07667	JALYHX010000916.1	15	14729	15430	-	00	18938
GCA_030776305.1	GCA_030776305.1	JALYHX010000916.1_16	K07646	JALYHX010000916.1	16	15427	16506	-	00	18938
GCA_030776345.1	GCA_030776345.1	JALYHU010000086.1_15	K07667	JALYHU010000086.1	15	14488	15192	-	00	34736
GCA_030776345.1	GCA_030776345.1	JALYHU010000086.1_16	K07646	JALYHU010000086.1	16	15185	17941	-	00	34736
GCA_030776345.1	GCA_030776345.1	JALYHU010000086.1_17	K01548	JALYHU010000086.1	17	17946	18515	-	00	34736
GCA_030776345.1	GCA_030776345.1	JALYHU010000086.1_18	K01547	JALYHU010000086.1	18	18564	20591	-	00	34736
GCA_030776345.1	GCA_030776345.1	JALYHU010000086.1_19	K01546	JALYHU010000086.1	19	20633	22459	-	00	34736
GCA_030776345.1	GCA_030776345.1	JALYHU010000200.1_34	K07646	JALYHU010000200.1	34	34426	36111	+	00	113340
GCA_030776345.1	GCA_030776345.1	JALYHU010000200.1_36	K07667	JALYHU010000200.1	36	36605	37306	+	00	113340
GCA_030776345.1	GCA_030776345.1	JALYHU010000276.1_6	K00108	JALYHU010000276.1	6	3568	5229	-	00	18194
GCA_030776345.1	GCA_030776345.1	JALYHU010000276.1_7	K00130	JALYHU010000276.1	7	5241	7343	-	00	18194
GCA_030776345.1	GCA_030776345.1	JALYHU010000276.1_8	K02001	JALYHU010000276.1	8	7624	9399	+	00	18194
GCA_030776345.1	GCA_030776345.1	JALYHU010000276.1_8	K02002	JALYHU010000276.1	8	7624	9399	+	00	18194
GCA_030776345.1	GCA_030776345.1	JALYHU010000276.1_9	K02000	JALYHU010000276.1	9	9396	10634	+	00	18194
GCA_030776385.1	GCA_030776385.1	JALYHS010000254.1_1	K01547	JALYHS010000254.1	1	3	1673	-	10	5460
GCA_030776385.1	GCA_030776385.1	JALYHS010000254.1_2	K01546	JALYHS010000254.1	2	1678	3366	-	00	5460
GCA_030776455.1	GCA_030776455.1	JALYHQ010000094.1_5	K07646	JALYHQ010000094.1	5	2253	7217	+	00	10322
GCA_030776455.1	GCA_030776455.1	JALYHQ010000210.1_10	K07646	JALYHQ010000210.1	10	10931	11950	-	00	27489
GCA_030776455.1	GCA_030776455.1	JALYHQ010000210.1_11	K07646	JALYHQ010000210.1	11	11953	13029	-	00	27489
GCA_030776455.1	GCA_030776455.1	JALYHQ010000210.1_13	K01548	JALYHQ010000210.1	13	14182	14763	-	00	27489
GCA_030776455.1	GCA_030776455.1	JALYHQ010000210.1_14	K01547	JALYHQ010000210.1	14	14776	16893	-	00	27489
GCA_030776455.1	GCA_030776455.1	JALYHQ010000210.1_15	K01546	JALYHQ010000210.1	15	16896	18662	-	00	27489
GCA_030776455.1	GCA_030776455.1	JALYHQ010000210.1_20	K07667	JALYHQ010000210.1	20	22010	22708	-	00	27489
GCA_030776455.1	GCA_030776455.1	JALYHQ010000210.1_21	K07646	JALYHQ010000210.1	21	22705	24153	-	00	27489
GCA_030776465.1	GCA_030776465.1	JALYHR010000153.1_3	K07667	JALYHR010000153.1	3	2988	3671	-	00	11243
GCA_030776465.1	GCA_030776465.1	JALYHR010000153.1_4	K07646	JALYHR010000153.1	4	3685	6393	-	00	11243
GCA_030776465.1	GCA_030776465.1	JALYHR010000153.1_5	K01548	JALYHR010000153.1	5	6390	6992	-	00	11243
GCA_030776465.1	GCA_030776465.1	JALYHR010000153.1_6	K01547	JALYHR010000153.1	6	7003	9039	-	00	11243
GCA_030776465.1	GCA_030776465.1	JALYHR010000153.1_7	K01546	JALYHR010000153.1	7	9214	10917	-	00	11243
GCA_030776545.1	GCA_030776545.1	JALYHO010000071.1_5	K07646	JALYHO010000071.1	5	5468	8152	-	00	13566
GCA_030776545.1	GCA_030776545.1	JALYHO010000071.1_6	K01548	JALYHO010000071.1	6	8179	8751	-	00	13566
GCA_030776545.1	GCA_030776545.1	JALYHO010000071.1_7	K01547	JALYHO010000071.1	7	8771	10858	-	00	13566
GCA_030776545.1	GCA_030776545.1	JALYHO010000071.1_8	K01546	JALYHO010000071.1	8	10893	12701	-	00	13566
GCA_030776545.1	GCA_030776545.1	JALYHO010000114.1_7	K07667	JALYHO010000114.1	7	3851	4546	+	00	17876
GCA_030776605.1	GCA_030776605.1	JALYHK010000137.1_3	K02002	JALYHK010000137.1	3	816	1763	-	00	4767
GCA_030776605.1	GCA_030776605.1	JALYHK010000137.1_4	K02000	JALYHK010000137.1	4	1823	4348	-	00	4767
GCA_030776605.1	GCA_030776605.1	JALYHK010000137.1_4	K02001	JALYHK010000137.1	4	1823	4348	-	00	4767
GCA_030776625.1	GCA_030776625.1	JALYHL010000002.1_124	K07646	JALYHL010000002.1	124	107237	108868	-	00	369832
GCA_030776625.1	GCA_030776625.1	JALYHL010000006.1_4	K07646	JALYHL010000006.1	4	3175	4947	+	00	201366
GCA_030776645.1	GCA_030776645.1	JALYHJ010000030.1_3	K00108	JALYHJ010000030.1	3	3261	4943	+	00	40966
GCA_030776645.1	GCA_030776645.1	JALYHJ010000036.1_1	K01546	JALYHJ010000036.1	1	2	454	+	10	37946
GCA_030776645.1	GCA_030776645.1	JALYHJ010000036.1_2	K01547	JALYHJ010000036.1	2	467	2524	+	00	37946
GCA_030776645.1	GCA_030776645.1	JALYHJ010000036.1_3	K01548	JALYHJ010000036.1	3	2592	3137	+	00	37946
GCA_030776645.1	GCA_030776645.1	JALYHJ010000036.1_4	K07646	JALYHJ010000036.1	4	3281	5932	+	00	37946
GCA_030776645.1	GCA_030776645.1	JALYHJ010000036.1_5	K07667	JALYHJ010000036.1	5	5970	6665	+	00	37946
GCA_030776645.1	GCA_030776645.1	JALYHJ010000038.1_30	K02002	JALYHJ010000038.1	30	33856	34707	-	00	36648
GCA_030776645.1	GCA_030776645.1	JALYHJ010000083.1_15	K06720	JALYHJ010000083.1	15	20081	20467	+	00	23440
GCA_030776645.1	GCA_030776645.1	JALYHJ010000099.1_1	K02002	JALYHJ010000099.1	1	205	1152	+	00	21349
GCA_030776645.1	GCA_030776645.1	JALYHJ010000155.1_7	K00108	JALYHJ010000155.1	7	8545	10248	-	00	14989
GCA_030776645.1	GCA_030776645.1	JALYHJ010000155.1_8	K00130	JALYHJ010000155.1	8	10445	11917	-	00	14989
GCA_030776645.1	GCA_030776645.1	JALYHJ010000187.1_4	K02002	JALYHJ010000187.1	4	3650	4663	-	00	12810
GCA_030776645.1	GCA_030776645.1	JALYHJ010000195.1_9	K00836	JALYHJ010000195.1	9	10748	12148	+	00	12504
GCA_030776645.1	GCA_030776645.1	JALYHJ010000211.1_1	K01546	JALYHJ010000211.1	1	694	2400	+	00	11326
GCA_030776645.1	GCA_030776645.1	JALYHJ010000211.1_2	K01548	JALYHJ010000211.1	2	2411	3070	+	00	11326
GCA_030776645.1	GCA_030776645.1	JALYHJ010000211.1_3	K01547	JALYHJ010000211.1	3	3082	5154	+	00	11326
GCA_030776645.1	GCA_030776645.1	JALYHJ010000211.1_4	K07646	JALYHJ010000211.1	4	5284	7935	+	00	11326
GCA_030776645.1	GCA_030776645.1	JALYHJ010000211.1_5	K07667	JALYHJ010000211.1	5	7932	8624	+	00	11326
GCA_030776645.1	GCA_030776645.1	JALYHJ010000220.1_6	K02000	JALYHJ010000220.1	6	6949	7773	-	00	10615
GCA_030776645.1	GCA_030776645.1	JALYHJ010000220.1_7	K02001	JALYHJ010000220.1	7	7770	8621	-	00	10615
GCA_030776645.1	GCA_030776645.1	JALYHJ010000220.1_7	K02002	JALYHJ010000220.1	7	7770	8621	-	00	10615
GCA_030776645.1	GCA_030776645.1	JALYHJ010000238.1_1	K01546	JALYHJ010000238.1	1	2	1225	-	10	9824
GCA_030776645.1	GCA_030776645.1	JALYHJ010000273.1_8	K02002	JALYHJ010000273.1	8	5877	6797	+	00	8596
GCA_030776645.1	GCA_030776645.1	JALYHJ010000279.1_6	K02000	JALYHJ010000279.1	6	5176	6372	+	00	8382
GCA_030776645.1	GCA_030776645.1	JALYHJ010000279.1_7	K02001	JALYHJ010000279.1	7	6365	7261	+	00	8382
GCA_030776645.1	GCA_030776645.1	JALYHJ010000279.1_7	K02002	JALYHJ010000279.1	7	6365	7261	+	00	8382
GCA_030776645.1	GCA_030776645.1	JALYHJ010000331.1_1	K02002	JALYHJ010000331.1	1	97	1113	-	00	6168
GCA_030776645.1	GCA_030776645.1	JALYHJ010000373.1_1	K02000	JALYHJ010000373.1	1	78	1256	-	00	4992
GCA_030776645.1	GCA_030776645.1	JALYHJ010000373.1_2	K02001	JALYHJ010000373.1	2	1253	2098	-	00	4992
GCA_030776645.1	GCA_030776645.1	JALYHJ010000373.1_3	K02002	JALYHJ010000373.1	3	2166	3113	-	00	4992
GCA_030776645.1	GCA_030776645.1	JALYHJ010000458.1_2	K02002	JALYHJ010000458.1	2	1229	2173	+	00	2217
GCA_030776795.1	GCA_030776795.1	JALYHA010000841.1_2	K02002	JALYHA010000841.1	2	736	1644	-	00	2366
GCA_030776795.1	GCA_030776795.1	JALYHA010000841.1_3	K02001	JALYHA010000841.1	3	1662	2366	-	01	2366
GCA_030776905.1	GCA_030776905.1	JALYGX010000143.1_1	K07667	JALYGX010000143.1	1	3	1808	-	10	4089
GCA_030776905.1	GCA_030776905.1	JALYGX010000201.1_2	K07646	JALYGX010000201.1	2	215	1393	-	00	11120
GCA_030776905.1	GCA_030776905.1	JALYGX010000201.1_3	K01548	JALYGX010000201.1	3	1491	2132	-	00	11120
GCA_030776905.1	GCA_030776905.1	JALYGX010000201.1_5	K01547	JALYGX010000201.1	5	2459	4564	-	00	11120
GCA_030776905.1	GCA_030776905.1	JALYGX010000201.1_6	K01546	JALYGX010000201.1	6	4632	6332	-	00	11120
GCA_030776905.1	GCA_030776905.1	JALYGX010000318.1_2	K07667	JALYGX010000318.1	2	1652	3544	+	00	7116
GCA_030776945.1	GCA_030776945.1	JALYGU010000903.1_2	K07667	JALYGU010000903.1	2	520	2442	+	00	3062
GCA_030776945.1	GCA_030776945.1	JALYGU010000908.1_2	K01546	JALYGU010000908.1	2	1088	2848	+	00	3145
GCA_030776985.1	GCA_030776985.1	JALYGR010000313.1_2	K07667	JALYGR010000313.1	2	208	912	+	00	2319
GCA_030777005.1	GCA_030777005.1	JALYGS010000028.1_2	K02001	JALYGS010000028.1	2	376	1239	+	00	3766
GCA_030777005.1	GCA_030777005.1	JALYGS010000028.1_2	K02002	JALYGS010000028.1	2	376	1239	+	00	3766
GCA_030777005.1	GCA_030777005.1	JALYGS010000028.1_3	K02002	JALYGS010000028.1	3	1301	2212	+	00	3766
GCA_030777005.1	GCA_030777005.1	JALYGS010000028.1_4	K02002	JALYGS010000028.1	4	2348	3241	+	00	3766
GCA_030777005.1	GCA_030777005.1	JALYGS010000177.1_46	K02002	JALYGS010000177.1	46	38966	39826	-	00	43586
GCA_030777005.1	GCA_030777005.1	JALYGS010000177.1_47	K02002	JALYGS010000177.1	47	39961	40851	-	00	43586
GCA_030777005.1	GCA_030777005.1	JALYGS010000177.1_48	K02001	JALYGS010000177.1	48	41014	42006	-	00	43586
GCA_030777005.1	GCA_030777005.1	JALYGS010000177.1_49	K02000	JALYGS010000177.1	49	42009	43226	-	00	43586
GCA_030777105.1	GCA_030777105.1	JALYGK010000034.1_5	K00130	JALYGK010000034.1	5	3116	4672	-	00	35649
GCA_030777145.1	GCA_030777145.1	JALYGM010000053.1_2	K02002	JALYGM010000053.1	2	1386	2324	-	00	10341
GCA_030777145.1	GCA_030777145.1	JALYGM010000053.1_3	K02002	JALYGM010000053.1	3	2451	3341	-	00	10341
GCA_030777145.1	GCA_030777145.1	JALYGM010000053.1_4	K02002	JALYGM010000053.1	4	3515	4411	-	00	10341
GCA_030777145.1	GCA_030777145.1	JALYGM010000053.1_5	K02001	JALYGM010000053.1	5	4587	5585	-	00	10341
GCA_030777145.1	GCA_030777145.1	JALYGM010000053.1_6	K02000	JALYGM010000053.1	6	5588	6772	-	00	10341
GCA_030777145.1	GCA_030777145.1	JALYGM010000160.1_16	K02002	JALYGM010000160.1	16	14582	15457	-	00	16333
GCA_030777145.1	GCA_030777145.1	JALYGM010000320.1_2	K02002	JALYGM010000320.1	2	940	1857	-	00	2023
GCA_030777155.1	GCA_030777155.1	JALYGJ010000141.1_50	K07667	JALYGJ010000141.1	50	51092	51844	+	00	61997
GCA_030777185.1	GCA_030777185.1	JALYGI010000209.1_4	K07646	JALYGI010000209.1	4	3376	4899	+	00	8455
GCA_030777185.1	GCA_030777185.1	JALYGI010000209.1_5	K07667	JALYGI010000209.1	5	4896	5594	+	00	8455
GCA_030777205.1	GCA_030777205.1	JALYGH010000003.1_16	K07667	JALYGH010000003.1	16	18276	19007	-	00	21822
GCA_030777205.1	GCA_030777205.1	JALYGH010000003.1_18	K07646	JALYGH010000003.1	18	19117	21822	-	01	21822
GCA_030777205.1	GCA_030777205.1	JALYGH010000123.1_3	K07667	JALYGH010000123.1	3	2939	3664	-	00	6776
GCA_030777205.1	GCA_030777205.1	JALYGH010000123.1_4	K07646	JALYGH010000123.1	4	3858	4994	-	00	6776
GCA_030777205.1	GCA_030777205.1	JALYGH010000243.1_1	K07667	JALYGH010000243.1	1	3	677	+	10	2811
GCA_030777205.1	GCA_030777205.1	JALYGH010000263.1_5	K07646	JALYGH010000263.1	5	3754	5673	+	00	6908
GCA_030777205.1	GCA_030777205.1	JALYGH010000331.1_1	K07646	JALYGH010000331.1	1	2	1246	+	10	3580
GCA_030777205.1	GCA_030777205.1	JALYGH010000331.1_2	K07667	JALYGH010000331.1	2	1243	1971	+	00	3580
GCA_030777205.1	GCA_030777205.1	JALYGH010000411.1_4	K07667	JALYGH010000411.1	4	3433	4116	-	00	4912
GCA_030777205.1	GCA_030777205.1	JALYGH010000411.1_5	K07646	JALYGH010000411.1	5	4113	4910	-	01	4912
GCA_030777205.1	GCA_030777205.1	JALYGH010000508.1_4	K07646	JALYGH010000508.1	4	2505	5336	-	01	5337
GCA_030777205.1	GCA_030777205.1	JALYGH010000526.1_6	K07646	JALYGH010000526.1	6	6819	9140	+	00	9558
GCA_030777205.1	GCA_030777205.1	JALYGH010000532.1_6	K07667	JALYGH010000532.1	6	5216	5908	-	00	10000
GCA_030777205.1	GCA_030777205.1	JALYGH010000533.1_4	K07667	JALYGH010000533.1	4	1429	2268	-	00	3600
GCA_030777225.1	GCA_030777225.1	JALYGE010000053.1_12	K02002	JALYGE010000053.1	12	9902	10759	-	00	14710
GCA_030777225.1	GCA_030777225.1	JALYGE010000053.1_13	K02002	JALYGE010000053.1	13	10901	11818	-	00	14710
GCA_030777225.1	GCA_030777225.1	JALYGE010000053.1_14	K02001	JALYGE010000053.1	14	11874	12749	-	00	14710
GCA_030777225.1	GCA_030777225.1	JALYGE010000053.1_15	K02000	JALYGE010000053.1	15	12750	13940	-	00	14710
GCA_030777355.1	GCA_030777355.1	JALYGB010000503.1_1	K02000	JALYGB010000503.1	1	384	1598	+	00	2180
GCA_030799345.1	GCA_030799345.1	JALYJS010000295.1_2	K02000	JALYJS010000295.1	2	1055	2254	-	00	3357
GCA_030799345.1	GCA_030799345.1	JALYJS010000295.1_3	K02001	JALYJS010000295.1	3	2251	3357	-	01	3357
GCA_030799355.1	GCA_030799355.1	JALYHP010000124.1_17	K02000	JALYHP010000124.1	17	11737	13011	-	00	64610
GCA_030799355.1	GCA_030799355.1	JALYHP010000124.1_18	K02001	JALYHP010000124.1	18	13008	15020	-	00	64610
GCA_030799355.1	GCA_030799355.1	JALYHP010000124.1_18	K02002	JALYHP010000124.1	18	13008	15020	-	00	64610
GCA_030799355.1	GCA_030799355.1	JALYHP010000124.1_19	K00130	JALYHP010000124.1	19	15103	17238	+	00	64610
GCA_030799355.1	GCA_030799355.1	JALYHP010000124.1_20	K00108	JALYHP010000124.1	20	17499	19160	+	00	64610
GCA_030799355.1	GCA_030799355.1	JALYHP010000062.1_10	K01546	JALYHP010000062.1	10	7753	9570	+	00	51550
GCA_030799355.1	GCA_030799355.1	JALYHP010000062.1_11	K01547	JALYHP010000062.1	11	9695	11761	+	00	51550
GCA_030799355.1	GCA_030799355.1	JALYHP010000062.1_12	K01548	JALYHP010000062.1	12	11801	12370	+	00	51550
GCA_030799355.1	GCA_030799355.1	JALYHP010000062.1_13	K07646	JALYHP010000062.1	13	12375	15107	+	00	51550
GCA_030799355.1	GCA_030799355.1	JALYHP010000062.1_14	K07667	JALYHP010000062.1	14	15100	15807	+	00	51550
GCA_030799365.1	GCA_030799365.1	JALYIK010000478.1_2	K07646	JALYIK010000478.1	2	349	3024	-	00	4635
GCA_030799365.1	GCA_030799365.1	JALYIK010000478.1_3	K01548	JALYIK010000478.1	3	3021	3614	-	00	4635
GCA_030799365.1	GCA_030799365.1	JALYIK010000478.1_4	K01547	JALYIK010000478.1	4	3625	4635	-	01	4635
GCA_030852465.1	GCA_030852465.1	JALYWX010000762.1_3	K00836	JALYWX010000762.1	3	2598	4001	+	00	4281
GCA_030852475.1	GCA_030852475.1	JALYWY010000148.1_5	K07646	JALYWY010000148.1	5	2333	3475	+	00	6903
GCA_030852475.1	GCA_030852475.1	JALYWY010000148.1_6	K07667	JALYWY010000148.1	6	3472	4149	+	00	6903
GCA_030852505.1	GCA_030852505.1	JALYWZ010000649.1_2	K01546	JALYWZ010000649.1	2	279	2018	-	00	3774
GCA_030852505.1	GCA_030852505.1	JALYWZ010000276.1_1	K01547	JALYWZ010000276.1	1	3	1880	+	10	6576
GCA_030852505.1	GCA_030852505.1	JALYWZ010000276.1_2	K01548	JALYWZ010000276.1	2	1886	2452	+	00	6576
GCA_030852505.1	GCA_030852505.1	JALYWZ010000276.1_3	K07646	JALYWZ010000276.1	3	2465	5158	+	00	6576
GCA_030852505.1	GCA_030852505.1	JALYWZ010000276.1_4	K07667	JALYWZ010000276.1	4	5155	5847	+	00	6576
GCA_030852545.1	GCA_030852545.1	JALYWU010000080.1_2	K02001	JALYWU010000080.1	2	371	1300	-	00	4330
GCA_030852545.1	GCA_030852545.1	JALYWU010000080.1_2	K02002	JALYWU010000080.1	2	371	1300	-	00	4330
GCA_030852545.1	GCA_030852545.1	JALYWU010000080.1_3	K02000	JALYWU010000080.1	3	1362	2549	-	00	4330
GCA_030852545.1	GCA_030852545.1	JALYWU010000171.1_1	K00130	JALYWU010000171.1	1	45	1505	-	00	3444
GCA_030852545.1	GCA_030852545.1	JALYWU010000171.1_2	K00108	JALYWU010000171.1	2	1547	3199	-	00	3444
GCA_030852625.1	GCA_030852625.1	JALYWQ010000396.1_3	K10674	JALYWQ010000396.1	3	1024	1908	-	00	2749
GCA_030852625.1	GCA_030852625.1	JALYWQ010000396.1_4	K06720	JALYWQ010000396.1	4	1905	2300	-	00	2749
GCA_030852645.1	GCA_030852645.1	JALYWV010000187.1_2	K02000	JALYWV010000187.1	2	1113	2690	+	00	3116
GCA_030852645.1	GCA_030852645.1	JALYWV010000259.1_2	K02002	JALYWV010000259.1	2	793	1686	-	00	2834
GCA_030852645.1	GCA_030852645.1	JALYWV010000259.1_3	K02001	JALYWV010000259.1	3	1889	2833	-	01	2834
GCA_030852645.1	GCA_030852645.1	JALYWV010000421.1_2	K02001	JALYWV010000421.1	2	520	1470	+	00	2480
GCA_030852645.1	GCA_030852645.1	JALYWV010000421.1_3	K02002	JALYWV010000421.1	3	1573	2478	+	00	2480
GCA_030852645.1	GCA_030852645.1	JALYWV010000578.1_2	K02000	JALYWV010000578.1	2	1151	2239	+	01	2241
GCA_030852655.1	GCA_030852655.1	JALYWP010000155.1_3	K02000	JALYWP010000155.1	3	869	2050	-	00	7635
GCA_030852655.1	GCA_030852655.1	JALYWP010000155.1_4	K02001	JALYWP010000155.1	4	2047	2901	-	00	7635
GCA_030852655.1	GCA_030852655.1	JALYWP010000155.1_5	K02002	JALYWP010000155.1	5	3124	4119	-	00	7635
GCA_030852655.1	GCA_030852655.1	JALYWP010000295.1_7	K00108	JALYWP010000295.1	7	5474	7126	+	00	9793
GCA_030852655.1	GCA_030852655.1	JALYWP010000295.1_8	K00130	JALYWP010000295.1	8	7168	8631	+	00	9793
GCA_030852675.1	GCA_030852675.1	JALYWO010000331.1_1	K07667	JALYWO010000331.1	1	3	683	-	10	10203
GCA_030852675.1	GCA_030852675.1	JALYWO010000400.1_2	K07646	JALYWO010000400.1	2	1936	3465	+	00	7330
GCA_030852675.1	GCA_030852675.1	JALYWO010000572.1_14	K07646	JALYWO010000572.1	14	10896	12083	-	00	15332
GCA_030852785.1	GCA_030852785.1	JALYWI010000076.1_2	K10674	JALYWI010000076.1	2	580	1491	-	00	14615
GCA_030852785.1	GCA_030852785.1	JALYWI010000076.1_3	K06720	JALYWI010000076.1	3	1488	1886	-	00	14615
GCA_030852785.1	GCA_030852785.1	JALYWI010000076.1_4	K00836	JALYWI010000076.1	4	1883	3202	-	00	14615
GCA_030852785.1	GCA_030852785.1	JALYWI010000076.1_5	K06718	JALYWI010000076.1	5	3225	3803	-	00	14615
GCA_030852805.1	GCA_030852805.1	JALYWH010000306.1_1	K07646	JALYWH010000306.1	1	2	1585	-	10	3744
GCA_030852805.1	GCA_030852805.1	JALYWH010000447.1_5	K10674	JALYWH010000447.1	5	1974	2798	-	01	2798
GCA_030852805.1	GCA_030852805.1	JALYWH010000083.1_1	K07646	JALYWH010000083.1	1	2	1309	+	10	3170
GCA_030852885.1	GCA_030852885.1	JALYWD010000264.1_4	K07646	JALYWD010000264.1	4	2517	3368	-	01	3370
GCA_030852885.1	GCA_030852885.1	JALYWD010000242.1_3	K00130	JALYWD010000242.1	3	1645	3168	-	00	10808
GCA_030852885.1	GCA_030852885.1	JALYWD010000040.1_3	K07667	JALYWD010000040.1	3	3749	4456	-	00	11899
GCA_030852885.1	GCA_030852885.1	JALYWD010000040.1_4	K07646	JALYWD010000040.1	4	4453	6027	-	00	11899
GCA_030852885.1	GCA_030852885.1	JALYWD010000556.1_3	K07667	JALYWD010000556.1	3	1753	2445	-	00	6439
GCA_030852885.1	GCA_030852885.1	JALYWD010000150.1_2	K07667	JALYWD010000150.1	2	1478	2176	+	00	3212
GCA_030852905.1	GCA_030852905.1	JALYWJ010000241.1_3	K06720	JALYWJ010000241.1	3	1397	1780	-	00	3641
GCA_030852905.1	GCA_030852905.1	JALYWJ010000077.1_5	K07646	JALYWJ010000077.1	5	3895	5781	-	00	6775
GCA_030852925.1	GCA_030852925.1	JALYWC010000582.1_2	K06720	JALYWC010000582.1	2	422	829	-	00	8615
GCA_030852925.1	GCA_030852925.1	JALYWC010000582.1_3	K00836	JALYWC010000582.1	3	826	2103	-	00	8615
GCA_030852925.1	GCA_030852925.1	JALYWC010000582.1_4	K06718	JALYWC010000582.1	4	2297	2803	-	00	8615
GCA_030852925.1	GCA_030852925.1	JALYWC010000258.1_2	K07667	JALYWC010000258.1	2	573	1256	-	00	5043
GCA_030852925.1	GCA_030852925.1	JALYWC010000258.1_3	K07646	JALYWC010000258.1	3	1253	3679	-	00	5043
GCA_030852965.1	GCA_030852965.1	JALYVZ010000266.1_3	K00836	JALYVZ010000266.1	3	1444	2697	+	00	5775
GCA_030852985.1	GCA_030852985.1	JALYVY010000221.1_6	K07667	JALYVY010000221.1	6	5778	6524	+	00	7518
GCA_030852985.1	GCA_030852985.1	JALYVY010000449.1_2	K07667	JALYVY010000449.1	2	1029	1754	-	00	2019
GCA_030853065.1	GCA_030853065.1	JALYWA010000298.1_2	K02000	JALYWA010000298.1	2	508	1809	+	00	5009
GCA_030853065.1	GCA_030853065.1	JALYWA010000298.1_3	K02001	JALYWA010000298.1	3	1809	2759	+	00	5009
GCA_030853065.1	GCA_030853065.1	JALYWA010000298.1_4	K02002	JALYWA010000298.1	4	2862	3767	+	00	5009
GCA_030853075.1	GCA_030853075.1	JALYVU010000180.1_1	K01547	JALYVU010000180.1	1	1	1503	+	10	4284
GCA_030853075.1	GCA_030853075.1	JALYVU010000180.1_2	K01548	JALYVU010000180.1	2	1507	1728	+	00	4284
GCA_030853075.1	GCA_030853075.1	JALYVU010000180.1_4	K07646	JALYVU010000180.1	4	3178	4284	+	01	4284
GCA_030853075.1	GCA_030853075.1	JALYVU010000047.1_3	K00108	JALYVU010000047.1	3	2683	4341	+	00	6574
GCA_030853075.1	GCA_030853075.1	JALYVU010000071.1_6	K01546	JALYVU010000071.1	6	4207	5955	+	01	5957
GCA_030853105.1	GCA_030853105.1	JALYVT010000020.1_7	K07646	JALYVT010000020.1	7	5183	7102	+	00	18229
GCA_030853115.1	GCA_030853115.1	JALYVS010000457.1_2	K07646	JALYVS010000457.1	2	2210	4066	+	00	4765
GCA_030853115.1	GCA_030853115.1	JALYVS010000457.1_3	K07667	JALYVS010000457.1	3	4063	4740	+	00	4765
GCA_030853115.1	GCA_030853115.1	JALYVS010000490.1_3	K01546	JALYVS010000490.1	3	1262	1771	+	00	4481
GCA_030853115.1	GCA_030853115.1	JALYVS010000129.1_8	K00130	JALYVS010000129.1	8	10461	11930	-	00	13662
GCA_030853115.1	GCA_030853115.1	JALYVS010000189.1_2	K00108	JALYVS010000189.1	2	819	2489	+	00	10761
GCA_030853115.1	GCA_030853115.1	JALYVS010000064.1_8	K07667	JALYVS010000064.1	8	6389	7177	-	00	19926
GCA_030853115.1	GCA_030853115.1	JALYVS010000064.1_9	K07646	JALYVS010000064.1	9	7174	9840	-	00	19926
GCA_030853115.1	GCA_030853115.1	JALYVS010000064.1_11	K07667	JALYVS010000064.1	11	12501	13418	-	00	19926
GCA_030853115.1	GCA_030853115.1	JALYVS010000064.1_12	K01548	JALYVS010000064.1	12	13426	14067	-	00	19926
GCA_030853115.1	GCA_030853115.1	JALYVS010000064.1_13	K01547	JALYVS010000064.1	13	14073	16220	-	00	19926
GCA_030853115.1	GCA_030853115.1	JALYVS010000064.1_14	K01546	JALYVS010000064.1	14	16357	18018	-	00	19926
GCA_030853115.1	GCA_030853115.1	JALYVS010000065.1_4	K07667	JALYVS010000065.1	4	3222	3935	+	00	19645
GCA_030853145.1	GCA_030853145.1	JALYVR010000017.1_1	K01547	JALYVR010000017.1	1	2	1495	+	10	18108
GCA_030853145.1	GCA_030853145.1	JALYVR010000017.1_2	K01548	JALYVR010000017.1	2	1568	2194	+	00	18108
GCA_030853145.1	GCA_030853145.1	JALYVR010000017.1_3	K07646	JALYVR010000017.1	3	2258	3583	+	00	18108
GCA_030853145.1	GCA_030853145.1	JALYVR010000405.1_2	K07667	JALYVR010000405.1	2	1200	1919	-	00	5196
GCA_030853145.1	GCA_030853145.1	JALYVR010000426.1_2	K07667	JALYVR010000426.1	2	274	966	-	00	5024
GCA_030853145.1	GCA_030853145.1	JALYVR010000025.1_11	K07667	JALYVR010000025.1	11	12026	12754	-	00	16043
GCA_030853145.1	GCA_030853145.1	JALYVR010000025.1_12	K07646	JALYVR010000025.1	12	12781	15495	-	00	16043
GCA_030853145.1	GCA_030853145.1	JALYVR010000557.1_3	K07667	JALYVR010000557.1	3	2634	3353	+	00	4061
GCA_030853145.1	GCA_030853145.1	JALYVR010000112.1_8	K07667	JALYVR010000112.1	8	9968	10672	-	00	10728
GCA_030853145.1	GCA_030853145.1	JALYVR010000125.1_11	K00130	JALYVR010000125.1	11	7781	9274	-	00	10064
GCA_030853145.1	GCA_030853145.1	JALYVR010000145.1_13	K07667	JALYVR010000145.1	13	8410	9168	-	00	9301
GCA_030853145.1	GCA_030853145.1	JALYVR010000266.1_7	K01546	JALYVR010000266.1	7	4995	6746	+	00	6906
GCA_030853145.1	GCA_030853145.1	JALYVR010000273.1_4	K07646	JALYVR010000273.1	4	3390	6188	+	00	6762
GCA_030853185.1	GCA_030853185.1	JALYVP010000264.1_4	K01546	JALYVP010000264.1	4	3535	4137	+	00	4897
GCA_030853195.1	GCA_030853195.1	JALYVO010000020.1_23	K07646	JALYVO010000020.1	23	42360	43496	-	00	76689
GCA_030853195.1	GCA_030853195.1	JALYVO010000020.1_24	K01548	JALYVO010000020.1	24	43677	44240	-	00	76689
GCA_030853195.1	GCA_030853195.1	JALYVO010000020.1_25	K01547	JALYVO010000020.1	25	44255	46300	-	00	76689
GCA_030853195.1	GCA_030853195.1	JALYVO010000020.1_26	K01546	JALYVO010000020.1	26	46380	48095	-	00	76689
GCA_030853225.1	GCA_030853225.1	JALYVN010000115.1_1	K01547	JALYVN010000115.1	1	1	2043	-	10	5018
GCA_030853225.1	GCA_030853225.1	JALYVN010000115.1_2	K01546	JALYVN010000115.1	2	2053	3729	-	00	5018
GCA_030853225.1	GCA_030853225.1	JALYVN010000289.1_1	K07646	JALYVN010000289.1	1	117	1271	-	00	3706
GCA_030853245.1	GCA_030853245.1	JALYVM010000057.1_11	K00130	JALYVM010000057.1	11	9620	11101	-	00	15475
GCA_030853245.1	GCA_030853245.1	JALYVM010000027.1_2	K07667	JALYVM010000027.1	2	177	1136	+	00	22142
GCA_030853265.1	GCA_030853265.1	JALYVK010000074.1_3	K07667	JALYVK010000074.1	3	2402	3082	-	00	19659
GCA_030853285.1	GCA_030853285.1	JALYVL010000299.1_3	K06718	JALYVL010000299.1	3	1998	2444	+	00	2954
GCA_030853285.1	GCA_030853285.1	JALYVL010000341.1_3	K06720	JALYVL010000341.1	3	1206	1601	-	00	2650
GCA_030853285.1	GCA_030853285.1	JALYVL010000341.1_4	K00836	JALYVL010000341.1	4	1756	2649	-	01	2650
GCA_030853305.1	GCA_030853305.1	JALYVJ010000449.1_1	K01546	JALYVJ010000449.1	1	1	1119	-	10	3168
GCA_030853305.1	GCA_030853305.1	JALYVJ010000449.1_3	K07667	JALYVJ010000449.1	3	1860	2561	-	00	3168
GCA_030853305.1	GCA_030853305.1	JALYVJ010001106.1_2	K07667	JALYVJ010001106.1	2	489	1202	-	00	2220
GCA_030853345.1	GCA_030853345.1	JALYVG010000082.1_11	K01548	JALYVG010000082.1	11	9780	10676	-	00	35535
GCA_030853345.1	GCA_030853345.1	JALYVG010000082.1_12	K01547	JALYVG010000082.1	12	10682	12859	-	00	35535
GCA_030853345.1	GCA_030853345.1	JALYVG010000082.1_13	K01546	JALYVG010000082.1	13	12859	14520	-	00	35535
GCA_030853345.1	GCA_030853345.1	JALYVG010000082.1_16	K07646	JALYVG010000082.1	16	15845	18382	+	00	35535
GCA_030853345.1	GCA_030853345.1	JALYVG010000082.1_17	K07667	JALYVG010000082.1	17	18379	19056	+	00	35535
GCA_030853385.1	GCA_030853385.1	JALYVF010000273.1_4	K01546	JALYVF010000273.1	4	4918	6576	+	00	17743
GCA_030853385.1	GCA_030853385.1	JALYVF010000273.1_5	K01547	JALYVF010000273.1	5	6573	9410	+	00	17743
GCA_030853385.1	GCA_030853385.1	JALYVF010000273.1_5	K01548	JALYVF010000273.1	5	6573	9410	+	00	17743
GCA_030853385.1	GCA_030853385.1	JALYVF010000273.1_6	K07646	JALYVF010000273.1	6	9413	12079	+	00	17743
GCA_030853385.1	GCA_030853385.1	JALYVF010000273.1_7	K07667	JALYVF010000273.1	7	12076	12756	+	00	17743
GCA_030853385.1	GCA_030853385.1	JALYVF010000115.1_14	K06720	JALYVF010000115.1	14	13013	13390	-	00	58088
GCA_030853405.1	GCA_030853405.1	JALYVD010000330.1_20	K00130	JALYVD010000330.1	20	20079	21560	+	00	26186
GCA_030853405.1	GCA_030853405.1	JALYVD010000438.1_5	K07646	JALYVD010000438.1	5	3707	4795	+	00	11303
GCA_030853405.1	GCA_030853405.1	JALYVD010000225.1_7	K01546	JALYVD010000225.1	7	12360	14168	+	00	18711
GCA_030853405.1	GCA_030853405.1	JALYVD010000225.1_8	K01547	JALYVD010000225.1	8	14172	16292	+	00	18711
GCA_030853405.1	GCA_030853405.1	JALYVD010000225.1_9	K01548	JALYVD010000225.1	9	16311	16892	+	00	18711
GCA_030853405.1	GCA_030853405.1	JALYVD010000225.1_10	K07667	JALYVD010000225.1	10	16932	17657	-	00	18711
GCA_030853405.1	GCA_030853405.1	JALYVD010000225.1_11	K07646	JALYVD010000225.1	11	17654	18709	-	01	18711
GCA_030853405.1	GCA_030853405.1	JALYVD010000320.1_6	K07646	JALYVD010000320.1	6	6001	7128	+	00	12204
GCA_030853415.1	GCA_030853415.1	JALYVE010000022.1_1	K01546	JALYVE010000022.1	1	1	603	+	10	6699
GCA_030853415.1	GCA_030853415.1	JALYVE010000022.1_2	K01547	JALYVE010000022.1	2	720	2765	+	00	6699
GCA_030853415.1	GCA_030853415.1	JALYVE010000022.1_3	K01548	JALYVE010000022.1	3	2884	3426	+	00	6699
GCA_030853415.1	GCA_030853415.1	JALYVE010000022.1_4	K07646	JALYVE010000022.1	4	3464	4639	+	00	6699
GCA_030853445.1	GCA_030853445.1	JALYVC010000441.1_3	K07667	JALYVC010000441.1	3	1466	2146	-	00	12931
GCA_030853445.1	GCA_030853445.1	JALYVC010000441.1_4	K07646	JALYVC010000441.1	4	2143	4707	-	00	12931
GCA_030853445.1	GCA_030853445.1	JALYVC010000441.1_5	K01548	JALYVC010000441.1	5	4733	5314	-	00	12931
GCA_030853445.1	GCA_030853445.1	JALYVC010000441.1_6	K01547	JALYVC010000441.1	6	5321	7417	-	00	12931
GCA_030853445.1	GCA_030853445.1	JALYVC010000441.1_7	K01546	JALYVC010000441.1	7	7414	9060	-	00	12931
GCA_030853485.1	GCA_030853485.1	JALYVA010000088.1_19	K07646	JALYVA010000088.1	19	24497	25945	-	00	45130
GCA_030853485.1	GCA_030853485.1	JALYVA010000088.1_20	K07646	JALYVA010000088.1	20	25957	27111	+	00	45130
GCA_030853485.1	GCA_030853485.1	JALYVA010000088.1_21	K07667	JALYVA010000088.1	21	27108	27821	+	00	45130
GCA_030853485.1	GCA_030853485.1	JALYVA010000088.1_24	K01546	JALYVA010000088.1	24	29781	31556	+	00	45130
GCA_030853485.1	GCA_030853485.1	JALYVA010000088.1_25	K01547	JALYVA010000088.1	25	31575	33614	+	00	45130
GCA_030853485.1	GCA_030853485.1	JALYVA010000088.1_26	K01548	JALYVA010000088.1	26	33627	34208	+	00	45130
GCA_030853505.1	GCA_030853505.1	JALYUZ010000419.1_1	K07646	JALYUZ010000419.1	1	1	2049	+	10	2235
GCA_030853505.1	GCA_030853505.1	JALYUZ010000597.1_3	K07667	JALYUZ010000597.1	3	1676	2383	+	00	17123
GCA_030853505.1	GCA_030853505.1	JALYUZ010000597.1_4	K07646	JALYUZ010000597.1	4	2619	4196	+	00	17123
GCA_030853505.1	GCA_030853505.1	JALYUZ010000597.1_7	K01546	JALYUZ010000597.1	7	4563	6278	+	00	17123
GCA_030853505.1	GCA_030853505.1	JALYUZ010000597.1_8	K01547	JALYUZ010000597.1	8	6280	8361	+	00	17123
GCA_030853505.1	GCA_030853505.1	JALYUZ010000597.1_9	K01548	JALYUZ010000597.1	9	8358	8975	+	00	17123
GCA_030853505.1	GCA_030853505.1	JALYUZ010000597.1_11	K07646	JALYUZ010000597.1	11	10289	11332	+	00	17123
GCA_030853505.1	GCA_030853505.1	JALYUZ010000475.1_2	K07667	JALYUZ010000475.1	2	1225	1920	+	00	5010
GCA_030853505.1	GCA_030853505.1	JALYUZ010000475.1_3	K07646	JALYUZ010000475.1	3	1921	3390	+	00	5010
GCA_030853515.1	GCA_030853515.1	JALYUY010000428.1_1	K07646	JALYUY010000428.1	1	1	729	+	10	4102
GCA_030853515.1	GCA_030853515.1	JALYUY010000428.1_2	K07667	JALYUY010000428.1	2	722	1462	+	00	4102
GCA_030853545.1	GCA_030853545.1	JALYUX010000494.1_1	K01547	JALYUX010000494.1	1	3	1727	-	10	3546
GCA_030853545.1	GCA_030853545.1	JALYUX010000494.1_2	K01546	JALYUX010000494.1	2	1724	3370	-	00	3546
GCA_030853545.1	GCA_030853545.1	JALYUX010000099.1_1	K07646	JALYUX010000099.1	1	2	2191	-	11	2193
GCA_030853585.1	GCA_030853585.1	JALYUV010000129.1_2	K01546	JALYUV010000129.1	2	1983	2666	+	01	2667
GCA_030853605.1	GCA_030853605.1	JALYUU010000595.1_1	K01546	JALYUU010000595.1	1	1	1074	-	10	4277
GCA_030853605.1	GCA_030853605.1	JALYUU010000595.1_2	K07667	JALYUU010000595.1	2	1362	2072	-	00	4277
GCA_030853605.1	GCA_030853605.1	JALYUU010000595.1_3	K07646	JALYUU010000595.1	3	2082	3650	-	00	4277
GCA_030853605.1	GCA_030853605.1	JALYUU010000211.1_1	K01547	JALYUU010000211.1	1	2	988	+	10	4331
GCA_030853605.1	GCA_030853605.1	JALYUU010000211.1_2	K01548	JALYUU010000211.1	2	999	1640	+	00	4331
GCA_030853605.1	GCA_030853605.1	JALYUU010000211.1_3	K07646	JALYUU010000211.1	3	1667	2839	+	00	4331
GCA_030853625.1	GCA_030853625.1	JALYUS010000079.1_3	K07646	JALYUS010000079.1	3	3438	5072	+	00	9618
GCA_030853625.1	GCA_030853625.1	JALYUS010000079.1_4	K07667	JALYUS010000079.1	4	5069	5767	+	00	9618
GCA_030853625.1	GCA_030853625.1	JALYUS010000079.1_8	K01546	JALYUS010000079.1	8	7400	9112	+	00	9618
GCA_030853625.1	GCA_030853625.1	JALYUS010000713.1_2	K07646	JALYUS010000713.1	2	2320	3471	-	00	6073
GCA_030853625.1	GCA_030853625.1	JALYUS010000713.1_3	K01548	JALYUS010000713.1	3	3561	4286	-	00	6073
GCA_030853625.1	GCA_030853625.1	JALYUS010000713.1_4	K01547	JALYUS010000713.1	4	4358	6073	-	01	6073
GCA_030853625.1	GCA_030853625.1	JALYUS010000352.1_2	K07646	JALYUS010000352.1	2	284	1912	+	00	3384
GCA_030853625.1	GCA_030853625.1	JALYUS010000352.1_3	K07667	JALYUS010000352.1	3	1909	2610	+	00	3384
GCA_030853635.1	GCA_030853635.1	JALYUR010000120.1_6	K01546	JALYUR010000120.1	6	5835	7529	+	00	16965
GCA_030853635.1	GCA_030853635.1	JALYUR010000120.1_7	K01547	JALYUR010000120.1	7	7533	9599	+	00	16965
GCA_030853635.1	GCA_030853635.1	JALYUR010000120.1_8	K01548	JALYUR010000120.1	8	9623	10273	+	00	16965
GCA_030853635.1	GCA_030853635.1	JALYUR010000120.1_11	K07646	JALYUR010000120.1	11	12359	14467	-	00	16965
GCA_030853635.1	GCA_030853635.1	JALYUR010000060.1_12	K00130	JALYUR010000060.1	12	14045	15541	+	00	24849
GCA_030853645.1	GCA_030853645.1	JALYUT010000362.1_4	K02002	JALYUT010000362.1	4	3839	4888	-	00	5149
GCA_030853645.1	GCA_030853645.1	JALYUT010000490.1_1	K07667	JALYUT010000490.1	1	2	616	-	10	2130
GCA_030853645.1	GCA_030853645.1	JALYUT010000490.1_2	K07646	JALYUT010000490.1	2	613	2130	-	01	2130
GCA_030853645.1	GCA_030853645.1	JALYUT010000239.1_1	K07667	JALYUT010000239.1	1	1	816	+	10	2191
GCA_030853645.1	GCA_030853645.1	JALYUT010000013.1_2	K02000	JALYUT010000013.1	2	1103	2089	+	01	2091
GCA_030853645.1	GCA_030853645.1	JALYUT010000693.1_1	K01547	JALYUT010000693.1	1	3	659	+	10	2619
GCA_030853645.1	GCA_030853645.1	JALYUT010000693.1_2	K01548	JALYUT010000693.1	2	656	1360	+	00	2619
GCA_030853645.1	GCA_030853645.1	JALYUT010000693.1_3	K07646	JALYUT010000693.1	3	1368	2618	+	01	2619
GCA_030853685.1	GCA_030853685.1	JALYUQ010000014.1_33	K07646	JALYUQ010000014.1	33	26071	27495	+	00	41320
GCA_030853685.1	GCA_030853685.1	JALYUQ010000014.1_34	K07667	JALYUQ010000014.1	34	27492	28220	+	00	41320
GCA_030853725.1	GCA_030853725.1	JALYUN010000320.1_11	K01546	JALYUN010000320.1	11	8348	10156	+	00	20223
GCA_030853725.1	GCA_030853725.1	JALYUN010000320.1_12	K01547	JALYUN010000320.1	12	10257	12341	+	00	20223
GCA_030853725.1	GCA_030853725.1	JALYUN010000320.1_13	K01548	JALYUN010000320.1	13	12353	13012	+	00	20223
GCA_030853725.1	GCA_030853725.1	JALYUN010000320.1_14	K07646	JALYUN010000320.1	14	13041	15791	+	00	20223
GCA_030853725.1	GCA_030853725.1	JALYUN010000320.1_15	K07667	JALYUN010000320.1	15	15797	16483	+	00	20223
GCA_030853735.1	GCA_030853735.1	JALYUO010000612.1_9	K07646	JALYUO010000612.1	9	10362	12185	-	00	15915
GCA_030853735.1	GCA_030853735.1	JALYUO010000078.1_9	K07646	JALYUO010000078.1	9	9184	11907	+	00	16007
GCA_030853735.1	GCA_030853735.1	JALYUO010000078.1_10	K07667	JALYUO010000078.1	10	11911	12606	+	00	16007
GCA_030853735.1	GCA_030853735.1	JALYUO010000401.1_4	K07667	JALYUO010000401.1	4	3811	4509	-	00	9136
GCA_030853735.1	GCA_030853735.1	JALYUO010000401.1_5	K07646	JALYUO010000401.1	5	4631	6268	-	00	9136
GCA_030853735.1	GCA_030853735.1	JALYUO010000761.1_2	K07667	JALYUO010000761.1	2	2602	3357	+	00	4798
GCA_030853735.1	GCA_030853735.1	JALYUO010000871.1_3	K07667	JALYUO010000871.1	3	2554	3252	-	00	17619
GCA_030853735.1	GCA_030853735.1	JALYUO010000871.1_5	K07646	JALYUO010000871.1	5	3938	5785	-	00	17619
GCA_030853735.1	GCA_030853735.1	JALYUO010000688.1_3	K07646	JALYUO010000688.1	3	2072	3649	+	00	3959
GCA_030853735.1	GCA_030853735.1	JALYUO010000032.1_2	K07667	JALYUO010000032.1	2	313	1032	-	00	3014
GCA_030853735.1	GCA_030853735.1	JALYUO010000350.1_2	K07646	JALYUO010000350.1	2	316	3603	+	00	4752
GCA_030853735.1	GCA_030853735.1	JALYUO010000350.1_3	K07667	JALYUO010000350.1	3	3597	4289	+	00	4752
GCA_030853735.1	GCA_030853735.1	JALYUO010000596.1_2	K07646	JALYUO010000596.1	2	293	2536	+	00	10007
GCA_030853735.1	GCA_030853735.1	JALYUO010000004.1_8	K07646	JALYUO010000004.1	8	6803	8566	+	00	8744
GCA_030853735.1	GCA_030853735.1	JALYUO010000368.1_8	K00130	JALYUO010000368.1	8	7113	8624	-	00	14351
GCA_030853735.1	GCA_030853735.1	JALYUO010000910.1_2	K07646	JALYUO010000910.1	2	108	1730	+	00	12692
GCA_030853735.1	GCA_030853735.1	JALYUO010000910.1_3	K07667	JALYUO010000910.1	3	1720	2424	+	00	12692
GCA_030853745.1	GCA_030853745.1	JALYUM010000045.1_8	K01546	JALYUM010000045.1	8	4702	6507	+	00	60093
GCA_030853745.1	GCA_030853745.1	JALYUM010000045.1_9	K01547	JALYUM010000045.1	9	6518	8617	+	00	60093
GCA_030853745.1	GCA_030853745.1	JALYUM010000045.1_10	K01548	JALYUM010000045.1	10	8627	9211	+	00	60093
GCA_030853745.1	GCA_030853745.1	JALYUM010000045.1_11	K07646	JALYUM010000045.1	11	9212	11923	+	00	60093
GCA_030853745.1	GCA_030853745.1	JALYUM010000045.1_12	K07667	JALYUM010000045.1	12	11916	12614	+	00	60093
GCA_030853785.1	GCA_030853785.1	JALYUL010000964.1_4	K07646	JALYUL010000964.1	4	3286	5004	-	01	5005
GCA_030853785.1	GCA_030853785.1	JALYUL010000438.1_1	K01546	JALYUL010000438.1	1	308	2014	+	00	4714
GCA_030853785.1	GCA_030853785.1	JALYUL010000438.1_2	K01547	JALYUL010000438.1	2	2044	4080	+	00	4714
GCA_030853785.1	GCA_030853785.1	JALYUL010000438.1_3	K01548	JALYUL010000438.1	3	4103	4693	+	00	4714
GCA_030853805.1	GCA_030853805.1	JALYUK010000258.1_2	K02002	JALYUK010000258.1	2	1451	2455	-	00	15948
GCA_030853805.1	GCA_030853805.1	JALYUK010000258.1_3	K02001	JALYUK010000258.1	3	2509	4488	-	00	15948
GCA_030853805.1	GCA_030853805.1	JALYUK010000258.1_4	K02000	JALYUK010000258.1	4	4485	5585	-	00	15948
GCA_030853805.1	GCA_030853805.1	JALYUK010000258.1_5	K00130	JALYUK010000258.1	5	5608	7086	-	00	15948
GCA_030853805.1	GCA_030853805.1	JALYUK010000499.1_10	K00108	JALYUK010000499.1	10	8537	10240	-	00	12217
GCA_030853805.1	GCA_030853805.1	JALYUK010000316.1_7	K07667	JALYUK010000316.1	7	4403	5083	-	01	5083
GCA_030853805.1	GCA_030853805.1	JALYUK010000040.1_1	K01546	JALYUK010000040.1	1	1	585	-	10	4436
GCA_030853825.1	GCA_030853825.1	JALYUJ010000177.1_8	K07646	JALYUJ010000177.1	8	7219	8382	-	00	16605
GCA_030853825.1	GCA_030853825.1	JALYUJ010000177.1_9	K07646	JALYUJ010000177.1	9	8360	9451	-	00	16605
GCA_030853825.1	GCA_030853825.1	JALYUJ010000177.1_10	K01546	JALYUJ010000177.1	10	9829	11655	+	00	16605
GCA_030853825.1	GCA_030853825.1	JALYUJ010000177.1_11	K01547	JALYUJ010000177.1	11	11659	13779	+	00	16605
GCA_030853825.1	GCA_030853825.1	JALYUJ010000177.1_12	K01548	JALYUJ010000177.1	12	13792	14376	+	00	16605
GCA_030853825.1	GCA_030853825.1	JALYUJ010000411.1_16	K00130	JALYUJ010000411.1	16	13783	15264	+	00	31417
GCA_030853825.1	GCA_030853825.1	JALYUJ010000257.1_8	K07646	JALYUJ010000257.1	8	4440	5588	-	00	24858
GCA_030853825.1	GCA_030853825.1	JALYUJ010000257.1_9	K07646	JALYUJ010000257.1	9	5590	6684	-	00	24858
GCA_030853825.1	GCA_030853825.1	JALYUJ010000257.1_11	K01546	JALYUJ010000257.1	11	7741	9567	+	00	24858
GCA_030853825.1	GCA_030853825.1	JALYUJ010000257.1_12	K01547	JALYUJ010000257.1	12	9571	11691	+	00	24858
GCA_030853825.1	GCA_030853825.1	JALYUJ010000257.1_13	K01548	JALYUJ010000257.1	13	11710	12291	+	00	24858
GCA_030853825.1	GCA_030853825.1	JALYUJ010000257.1_17	K07646	JALYUJ010000257.1	17	16137	17666	+	00	24858
GCA_030853825.1	GCA_030853825.1	JALYUJ010000257.1_18	K07667	JALYUJ010000257.1	18	17663	18364	+	00	24858
GCA_030853825.1	GCA_030853825.1	JALYUJ010000341.1_7	K07667	JALYUJ010000341.1	7	2860	3819	-	00	3994
GCA_030853825.1	GCA_030853825.1	JALYUJ010000374.1_4	K01548	JALYUJ010000374.1	4	1161	1313	-	00	6992
GCA_030853845.1	GCA_030853845.1	JALYUI010000601.1_1	K01546	JALYUI010000601.1	1	2	874	+	10	8059
GCA_030853845.1	GCA_030853845.1	JALYUI010000601.1_2	K01547	JALYUI010000601.1	2	1066	3111	+	00	8059
GCA_030853845.1	GCA_030853845.1	JALYUI010000601.1_4	K01548	JALYUI010000601.1	4	3691	4251	+	00	8059
GCA_030853845.1	GCA_030853845.1	JALYUI010000601.1_6	K07646	JALYUI010000601.1	6	5525	6694	+	00	8059
GCA_030853885.1	GCA_030853885.1	JALYUF010000119.1_2	K01546	JALYUF010000119.1	2	607	2430	+	00	4737
GCA_030853885.1	GCA_030853885.1	JALYUF010000119.1_3	K01547	JALYUF010000119.1	3	2583	4625	+	00	4737
GCA_030853885.1	GCA_030853885.1	JALYUF010000423.1_3	K07646	JALYUF010000423.1	3	1009	3405	-	00	4407
GCA_030853905.1	GCA_030853905.1	JALYUD010000012.1_4	K07646	JALYUD010000012.1	4	2075	4156	-	01	4156
GCA_030853925.1	GCA_030853925.1	JALYUE010000130.1_4	K07646	JALYUE010000130.1	4	2113	4209	-	00	19978
GCA_030853925.1	GCA_030853925.1	JALYUE010000071.1_3	K00130	JALYUE010000071.1	3	2017	3561	+	00	12781
GCA_030853945.1	GCA_030853945.1	JALYUB010000009.1_6	K06720	JALYUB010000009.1	6	7888	8271	-	00	11381
GCA_030853985.1	GCA_030853985.1	JALYUH010000338.1_1	K01547	JALYUH010000338.1	1	2	1534	+	10	2974
GCA_030853985.1	GCA_030853985.1	JALYUH010000338.1_2	K01548	JALYUH010000338.1	2	1637	2197	+	00	2974
GCA_030853985.1	GCA_030853985.1	JALYUH010000211.1_8	K07646	JALYUH010000211.1	8	6965	8131	-	00	8777
GCA_030854005.1	GCA_030854005.1	JALYUA010000081.1_3	K00130	JALYUA010000081.1	3	2274	3737	+	00	11919
GCA_030854025.1	GCA_030854025.1	JALYTZ010000110.1_1	K07646	JALYTZ010000110.1	1	3	1592	+	10	5298
GCA_030854045.1	GCA_030854045.1	JALYTY010000054.1_16	K00130	JALYTY010000054.1	16	26440	27975	+	00	28346
GCA_030854055.1	GCA_030854055.1	JALYTX010000145.1_1	K07667	JALYTX010000145.1	1	3	779	+	10	2267
GCA_030854055.1	GCA_030854055.1	JALYTX010000028.1_1	K01546	JALYTX010000028.1	1	67	1782	+	00	8426
GCA_030854055.1	GCA_030854055.1	JALYTX010000028.1_2	K01547	JALYTX010000028.1	2	1782	3851	+	00	8426
GCA_030854055.1	GCA_030854055.1	JALYTX010000028.1_3	K01548	JALYTX010000028.1	3	3866	4507	+	00	8426
GCA_030854055.1	GCA_030854055.1	JALYTX010000028.1_5	K07646	JALYTX010000028.1	5	5676	6899	+	00	8426
GCA_030854055.1	GCA_030854055.1	JALYTX010000106.1_2	K07667	JALYTX010000106.1	2	476	1171	+	00	3226
GCA_030854055.1	GCA_030854055.1	JALYTX010000106.1_3	K07646	JALYTX010000106.1	3	1284	2864	+	00	3226
GCA_030854075.1	GCA_030854075.1	JALYTW010000033.1_3	K00108	JALYTW010000033.1	3	1526	3145	+	00	10599
GCA_030854125.1	GCA_030854125.1	JALYTU010000814.1_1	K07646	JALYTU010000814.1	1	1	930	+	10	2005
GCA_030854125.1	GCA_030854125.1	JALYTU010000814.1_2	K07667	JALYTU010000814.1	2	930	1622	+	00	2005
GCA_030854125.1	GCA_030854125.1	JALYTU010000185.1_1	K07667	JALYTU010000185.1	1	1	540	+	10	6272
GCA_030854125.1	GCA_030854125.1	JALYTU010000454.1_2	K01548	JALYTU010000454.1	2	156	812	+	00	3519
GCA_030854125.1	GCA_030854125.1	JALYTU010000454.1_3	K01547	JALYTU010000454.1	3	812	2917	+	00	3519
GCA_030854125.1	GCA_030854125.1	JALYTU010000454.1_4	K07646	JALYTU010000454.1	4	2921	3517	+	01	3519
GCA_030854145.1	GCA_030854145.1	JALYTT010000006.1_21	K07667	JALYTT010000006.1	21	26870	27580	+	00	32875
GCA_030854145.1	GCA_030854145.1	JALYTT010000008.1_7	K07667	JALYTT010000008.1	7	7940	8668	-	00	32167
GCA_030854145.1	GCA_030854145.1	JALYTT010000008.1_8	K07646	JALYTT010000008.1	8	8695	11409	-	00	32167
GCA_030854145.1	GCA_030854145.1	JALYTT010000266.1_1	K07646	JALYTT010000266.1	1	83	1408	-	00	9554
GCA_030854145.1	GCA_030854145.1	JALYTT010000266.1_2	K01548	JALYTT010000266.1	2	1472	2098	-	00	9554
GCA_030854145.1	GCA_030854145.1	JALYTT010000266.1_3	K01547	JALYTT010000266.1	3	2175	4355	-	00	9554
GCA_030854145.1	GCA_030854145.1	JALYTT010000266.1_4	K01546	JALYTT010000266.1	4	4372	6111	-	00	9554
GCA_030854145.1	GCA_030854145.1	JALYTT010000328.1_5	K07646	JALYTT010000328.1	5	4487	7291	+	00	8086
GCA_030854145.1	GCA_030854145.1	JALYTT010000371.1_6	K00130	JALYTT010000371.1	6	4031	5524	+	00	7285
GCA_030854145.1	GCA_030854145.1	JALYTT010000410.1_2	K07667	JALYTT010000410.1	2	3215	3919	-	00	6438
GCA_030854145.1	GCA_030854145.1	JALYTT010000410.1_3	K07646	JALYTT010000410.1	3	3912	5609	-	00	6438
GCA_030854145.1	GCA_030854145.1	JALYTT010000077.1_13	K07667	JALYTT010000077.1	13	9158	9910	-	00	17496
GCA_030854145.1	GCA_030854145.1	JALYTT010000087.1_14	K07667	JALYTT010000087.1	14	11738	12457	-	00	17114
GCA_030854145.1	GCA_030854145.1	JALYTT010000532.1_2	K07667	JALYTT010000532.1	2	507	1199	+	00	4549
GCA_030854145.1	GCA_030854145.1	JALYTT010000101.1_10	K07667	JALYTT010000101.1	10	12381	13115	-	00	16039
GCA_030854145.1	GCA_030854145.1	JALYTT010000101.1_11	K07646	JALYTT010000101.1	11	13115	15670	-	00	16039
GCA_030854165.1	GCA_030854165.1	JALYTR010000055.1_4	K01546	JALYTR010000055.1	4	4517	6223	+	00	9679
GCA_030854165.1	GCA_030854165.1	JALYTR010000055.1_5	K01547	JALYTR010000055.1	5	6254	8290	+	00	9679
GCA_030854165.1	GCA_030854165.1	JALYTR010000055.1_6	K01548	JALYTR010000055.1	6	8310	8900	+	00	9679
GCA_030854165.1	GCA_030854165.1	JALYTR010000055.1_7	K07646	JALYTR010000055.1	7	8911	9678	+	01	9679
GCA_030854185.1	GCA_030854185.1	JALYTS010000051.1_19	K07646	JALYTS010000051.1	19	19061	20542	+	00	32504
GCA_030854185.1	GCA_030854185.1	JALYTS010000051.1_20	K07667	JALYTS010000051.1	20	20539	21228	+	00	32504
GCA_030854195.1	GCA_030854195.1	JALYTQ010000154.1_11	K07667	JALYTQ010000154.1	11	9111	9818	+	00	11792
GCA_030854195.1	GCA_030854195.1	JALYTQ010000156.1_8	K07667	JALYTQ010000156.1	8	7906	8655	-	00	11670
GCA_030854195.1	GCA_030854195.1	JALYTQ010000014.1_23	K07646	JALYTQ010000014.1	23	22787	24469	-	00	34015
GCA_030854195.1	GCA_030854195.1	JALYTQ010000192.1_2	K07646	JALYTQ010000192.1	2	2675	5311	+	00	9895
GCA_030854195.1	GCA_030854195.1	JALYTQ010000192.1_3	K07667	JALYTQ010000192.1	3	5315	6034	+	00	9895
GCA_030854195.1	GCA_030854195.1	JALYTQ010000248.1_7	K07646	JALYTQ010000248.1	7	5329	7131	-	00	7699
GCA_030854195.1	GCA_030854195.1	JALYTQ010000249.1_4	K07667	JALYTQ010000249.1	4	2214	2942	-	00	7667
GCA_030854195.1	GCA_030854195.1	JALYTQ010000047.1_13	K07667	JALYTQ010000047.1	13	9468	10187	+	00	22477
GCA_030854195.1	GCA_030854195.1	JALYTQ010000048.1_15	K07646	JALYTQ010000048.1	15	13716	16412	+	00	22143
GCA_030854195.1	GCA_030854195.1	JALYTQ010000048.1_16	K07667	JALYTQ010000048.1	16	16443	17138	+	00	22143
GCA_030854195.1	GCA_030854195.1	JALYTQ010000058.1_17	K07646	JALYTQ010000058.1	17	18230	19948	+	00	20737
GCA_030854195.1	GCA_030854195.1	JALYTQ010000058.1_18	K07667	JALYTQ010000058.1	18	19941	20639	+	00	20737
GCA_030854195.1	GCA_030854195.1	JALYTQ010000072.1_5	K07646	JALYTQ010000072.1	5	6569	9328	+	00	18886
GCA_030854195.1	GCA_030854195.1	JALYTQ010000072.1_6	K07667	JALYTQ010000072.1	6	9312	10037	+	00	18886
GCA_030854195.1	GCA_030854195.1	JALYTQ010000096.1_10	K00130	JALYTQ010000096.1	10	9597	11090	-	00	16229
GCA_030854195.1	GCA_030854195.1	JALYTQ010000114.1_13	K01546	JALYTQ010000114.1	13	12210	13940	+	00	14336
GCA_030854195.1	GCA_030854195.1	JALYTQ010000130.1_9	K07646	JALYTQ010000130.1	9	10144	11418	-	00	13514
GCA_030854195.1	GCA_030854195.1	JALYTQ010000130.1_10	K01548	JALYTQ010000130.1	10	11422	12018	-	00	13514
GCA_030854195.1	GCA_030854195.1	JALYTQ010000130.1_11	K01547	JALYTQ010000130.1	11	12095	13513	-	01	13514
GCA_030854195.1	GCA_030854195.1	JALYTQ010000010.1_4	K00108	JALYTQ010000010.1	4	3058	4659	-	00	37263
GCA_030854235.1	GCA_030854235.1	JALYTO010000096.1_2	K07667	JALYTO010000096.1	2	194	898	+	00	6974
GCA_030854235.1	GCA_030854235.1	JALYTO010000195.1_4	K07667	JALYTO010000195.1	4	4199	4906	-	00	5152
GCA_030854235.1	GCA_030854235.1	JALYTO010000206.1_1	K01548	JALYTO010000206.1	1	27	659	-	00	5074
GCA_030854235.1	GCA_030854235.1	JALYTO010000206.1_2	K01547	JALYTO010000206.1	2	665	2788	-	00	5074
GCA_030854235.1	GCA_030854235.1	JALYTO010000206.1_3	K01546	JALYTO010000206.1	3	2788	4449	-	00	5074
GCA_030854265.1	GCA_030854265.1	JALYTN010000452.1_1	K01547	JALYTN010000452.1	1	1	1614	+	10	3668
GCA_030854265.1	GCA_030854265.1	JALYTN010000452.1_2	K01548	JALYTN010000452.1	2	1624	2217	+	00	3668
GCA_030854265.1	GCA_030854265.1	JALYTN010000452.1_3	K07646	JALYTN010000452.1	3	2231	3328	+	00	3668
GCA_030854325.1	GCA_030854325.1	JALYTK010000134.1_12	K06720	JALYTK010000134.1	12	11336	11713	+	00	11721
GCA_030854325.1	GCA_030854325.1	JALYTK010000050.1_15	K07667	JALYTK010000050.1	15	16593	17273	+	00	20901
GCA_030854325.1	GCA_030854325.1	JALYTK010000096.1_4	K07646	JALYTK010000096.1	4	3772	6372	-	00	14829
GCA_030854325.1	GCA_030854325.1	JALYTK010000096.1_5	K01548	JALYTK010000096.1	5	6386	7276	-	00	14829
GCA_030854325.1	GCA_030854325.1	JALYTK010000096.1_6	K01547	JALYTK010000096.1	6	7291	9396	-	00	14829
GCA_030854325.1	GCA_030854325.1	JALYTK010000096.1_7	K01546	JALYTK010000096.1	7	9396	11057	-	00	14829
GCA_030854375.1	GCA_030854375.1	JALYTI010000233.1_2	K00130	JALYTI010000233.1	2	1663	3171	+	00	4853
GCA_030854405.1	GCA_030854405.1	JALYTG010000263.1_1	K07646	JALYTG010000263.1	1	3	1403	-	10	3240
GCA_030854425.1	GCA_030854425.1	JALYTF010000146.1_1	K02001	JALYTF010000146.1	1	3	1964	+	10	4518
GCA_030854425.1	GCA_030854425.1	JALYTF010000146.1_2	K02002	JALYTF010000146.1	2	2063	3001	+	00	4518
GCA_030854435.1	GCA_030854435.1	JALYTE010000298.1_9	K01548	JALYTE010000298.1	9	8775	9341	-	00	9468
GCA_030854475.1	GCA_030854475.1	JALYTD010000059.1_39	K07646	JALYTD010000059.1	39	36109	37899	+	00	40275
GCA_030854525.1	GCA_030854525.1	JALYSZ010000067.1_1	K07646	JALYSZ010000067.1	1	1	1368	+	10	4331
GCA_030854525.1	GCA_030854525.1	JALYSZ010000067.1_2	K07667	JALYSZ010000067.1	2	1358	2080	+	00	4331
GCA_030854545.1	GCA_030854545.1	JALYTA010000250.1_1	K07646	JALYTA010000250.1	1	3	1340	+	10	3688
GCA_030854545.1	GCA_030854545.1	JALYTA010000232.1_3	K07646	JALYTA010000232.1	3	2416	4863	-	00	8559
GCA_030854545.1	GCA_030854545.1	JALYTA010000310.1_1	K07646	JALYTA010000310.1	1	1	1440	+	10	2386
GCA_030854585.1	GCA_030854585.1	JALYSX010000312.1_6	K07646	JALYSX010000312.1	6	4336	6339	+	00	6648
GCA_030854615.1	GCA_030854615.1	JALYSW010000115.1_8	K07646	JALYSW010000115.1	8	8587	9630	-	00	22272
GCA_030854615.1	GCA_030854615.1	JALYSW010000115.1_10	K01548	JALYSW010000115.1	10	10926	11543	-	00	22272
GCA_030854615.1	GCA_030854615.1	JALYSW010000115.1_11	K01547	JALYSW010000115.1	11	11540	13621	-	00	22272
GCA_030854615.1	GCA_030854615.1	JALYSW010000115.1_12	K01546	JALYSW010000115.1	12	13623	15338	-	00	22272
GCA_030854615.1	GCA_030854615.1	JALYSW010000115.1_15	K07646	JALYSW010000115.1	15	15689	17248	-	00	22272
GCA_030854615.1	GCA_030854615.1	JALYSW010000115.1_17	K07667	JALYSW010000115.1	17	18039	18749	-	00	22272
GCA_030854615.1	GCA_030854615.1	JALYSW010000426.1_6	K07667	JALYSW010000426.1	6	4112	4807	+	00	6608
GCA_030854615.1	GCA_030854615.1	JALYSW010000426.1_7	K07646	JALYSW010000426.1	7	4811	6283	+	00	6608
GCA_030854625.1	GCA_030854625.1	JALYSU010000205.1_3	K01546	JALYSU010000205.1	3	3141	3527	+	01	3527
GCA_030854625.1	GCA_030854625.1	JALYSU010000060.1_1	K07646	JALYSU010000060.1	1	1	1728	-	10	3599
GCA_030854625.1	GCA_030854625.1	JALYSU010000060.1_3	K01548	JALYSU010000060.1	3	2660	3199	-	00	3599
GCA_030854625.1	GCA_030854625.1	JALYSU010000409.1_1	K07667	JALYSU010000409.1	1	1	618	+	10	3200
GCA_030854665.1	GCA_030854665.1	JALYST010000009.1_2	K07646	JALYST010000009.1	2	1429	3174	-	00	9545
GCA_030854665.1	GCA_030854665.1	JALYST010000010.1_2	K02001	JALYST010000010.1	2	491	2461	+	00	2980
GCA_030854685.1	GCA_030854685.1	JALYSS010000234.1_3	K07667	JALYSS010000234.1	3	1859	2557	-	00	15009
GCA_030854685.1	GCA_030854685.1	JALYSS010000234.1_4	K07646	JALYSS010000234.1	4	2559	3629	-	00	15009
GCA_030854715.1	GCA_030854715.1	JALYSR010000247.1_5	K07646	JALYSR010000247.1	5	3960	5129	-	00	7825
GCA_030854715.1	GCA_030854715.1	JALYSR010000247.1_8	K07667	JALYSR010000247.1	8	6195	6896	-	00	7825
GCA_030854715.1	GCA_030854715.1	JALYSR010000247.1_9	K07646	JALYSR010000247.1	9	6893	7825	-	01	7825
GCA_030854715.1	GCA_030854715.1	JALYSR010000160.1_8	K00130	JALYSR010000160.1	8	4199	5707	-	00	10834
GCA_030854825.1	GCA_030854825.1	JALYSL010000138.1_7	K00108	JALYSL010000138.1	7	4512	6116	-	00	6359
GCA_030854825.1	GCA_030854825.1	JALYSL010000028.1_1	K01547	JALYSL010000028.1	1	3	1316	-	10	4747
GCA_030854825.1	GCA_030854825.1	JALYSL010000028.1_2	K01546	JALYSL010000028.1	2	1324	3135	-	00	4747
GCA_030854845.1	GCA_030854845.1	JALYSP010000821.1_2	K07667	JALYSP010000821.1	2	377	1114	-	00	4462
GCA_030854845.1	GCA_030854845.1	JALYSP010000821.1_3	K07646	JALYSP010000821.1	3	1114	2730	-	00	4462
GCA_030854845.1	GCA_030854845.1	JALYSP010001061.1_1	K07646	JALYSP010001061.1	1	2	1261	+	10	2355
GCA_030854845.1	GCA_030854845.1	JALYSP010001061.1_2	K07667	JALYSP010001061.1	2	1258	1980	+	00	2355
GCA_030854885.1	GCA_030854885.1	JALYSI010000449.1_2	K07646	JALYSI010000449.1	2	1691	3226	-	00	3742
GCA_030854885.1	GCA_030854885.1	JALYSI010000623.1_4	K07667	JALYSI010000623.1	4	1781	2500	+	00	2817
GCA_030854885.1	GCA_030854885.1	JALYSI010000713.1_1	K07646	JALYSI010000713.1	1	2	943	+	10	2471
GCA_030854885.1	GCA_030854885.1	JALYSI010000713.1_2	K07667	JALYSI010000713.1	2	940	1635	+	00	2471
GCA_030854885.1	GCA_030854885.1	JALYSI010000008.1_12	K07646	JALYSI010000008.1	12	9216	10367	-	00	13813
GCA_030854985.1	GCA_030854985.1	JALYSD010000089.1_1	K01546	JALYSD010000089.1	1	2	1195	-	10	6050
GCA_030854985.1	GCA_030854985.1	JALYSD010000113.1_1	K01546	JALYSD010000113.1	1	2	559	+	10	5389
GCA_030854985.1	GCA_030854985.1	JALYSD010000113.1_2	K01547	JALYSD010000113.1	2	594	2624	+	00	5389
GCA_030854985.1	GCA_030854985.1	JALYSD010000113.1_3	K01548	JALYSD010000113.1	3	2633	3247	+	00	5389
GCA_030854985.1	GCA_030854985.1	JALYSD010000113.1_4	K07646	JALYSD010000113.1	4	3222	5189	+	00	5389
GCA_030855005.1	GCA_030855005.1	JALYSC010000475.1_3	K07667	JALYSC010000475.1	3	1526	2218	+	00	2792
GCA_030855025.1	GCA_030855025.1	JALYSB010000144.1_3	K07646	JALYSB010000144.1	3	2128	4533	+	00	8719
GCA_030855035.1	GCA_030855035.1	JALYSA010001157.1_1	K07667	JALYSA010001157.1	1	543	1730	-	00	2068
GCA_030855065.1	GCA_030855065.1	JALYRZ010000273.1_5	K01546	JALYRZ010000273.1	5	1651	3462	+	00	5910
GCA_030855065.1	GCA_030855065.1	JALYRZ010000273.1_6	K01547	JALYRZ010000273.1	6	3590	5629	+	00	5910
GCA_030855065.1	GCA_030855065.1	JALYRZ010000273.1_7	K01548	JALYRZ010000273.1	7	5660	5908	+	01	5910
GCA_030855065.1	GCA_030855065.1	JALYRZ010000338.1_8	K07646	JALYRZ010000338.1	8	3207	4415	+	00	5287
GCA_030855065.1	GCA_030855065.1	JALYRZ010000338.1_9	K07667	JALYRZ010000338.1	9	4464	5165	+	00	5287
GCA_030855205.1	GCA_030855205.1	JALYRV010000013.1_19	K00130	JALYRV010000013.1	19	13695	15137	-	00	29001
GCA_030855295.1	GCA_030855295.1	JALYRN010000109.1_3	K06718	JALYRN010000109.1	3	2094	2624	+	00	12487
GCA_030855295.1	GCA_030855295.1	JALYRN010000109.1_4	K00836	JALYRN010000109.1	4	2621	3949	+	00	12487
GCA_030855295.1	GCA_030855295.1	JALYRN010000109.1_5	K06720	JALYRN010000109.1	5	3946	4392	+	00	12487
GCA_030855295.1	GCA_030855295.1	JALYRN010000109.1_7	K10674	JALYRN010000109.1	7	5851	6762	+	00	12487
GCA_030855295.1	GCA_030855295.1	JALYRN010000049.1_15	K07646	JALYRN010000049.1	15	12938	14905	-	00	15974
GCA_030855345.1	GCA_030855345.1	JALYRL010000115.1_2	K00108	JALYRL010000115.1	2	192	1913	-	00	4279
GCA_030855475.1	GCA_030855475.1	JALYRE010000778.1_2	K07646	JALYRE010000778.1	2	114	1274	+	00	6451
GCA_030855475.1	GCA_030855475.1	JALYRE010000778.1_3	K07667	JALYRE010000778.1	3	1267	1962	+	00	6451
GCA_030855475.1	GCA_030855475.1	JALYRE010000778.1_8	K01546	JALYRE010000778.1	8	3504	5396	+	00	6451
GCA_030855475.1	GCA_030855475.1	JALYRE010000778.1_9	K01547	JALYRE010000778.1	9	5481	6449	+	01	6451
GCA_030855475.1	GCA_030855475.1	JALYRE010000472.1_2	K07646	JALYRE010000472.1	2	314	1495	-	00	5327
GCA_030855475.1	GCA_030855475.1	JALYRE010000472.1_3	K01546	JALYRE010000472.1	3	1516	2349	-	00	5327
GCA_030855475.1	GCA_030855475.1	JALYRE010000472.1_4	K01546	JALYRE010000472.1	4	2346	3239	-	00	5327
GCA_030855475.1	GCA_030855475.1	JALYRE010000472.1_5	K01548	JALYRE010000472.1	5	3387	3938	-	00	5327
GCA_030855475.1	GCA_030855475.1	JALYRE010000472.1_6	K01547	JALYRE010000472.1	6	4108	5325	-	01	5327
GCA_030855545.1	GCA_030855545.1	JALYRA010000128.1_8	K07646	JALYRA010000128.1	8	6066	7820	-	00	9358
GCA_030855555.1	GCA_030855555.1	JALYRC010000014.1_21	K07646	JALYRC010000014.1	21	23361	24818	+	00	74027
GCA_030855555.1	GCA_030855555.1	JALYRC010000014.1_22	K07667	JALYRC010000014.1	22	24811	25530	+	00	74027
GCA_030855595.1	GCA_030855595.1	JALYRB010000520.1_2	K02002	JALYRB010000520.1	2	821	1789	-	00	2128
GCA_030855595.1	GCA_030855595.1	JALYRB010000408.1_2	K02000	JALYRB010000408.1	2	774	1871	+	00	5305
GCA_030855595.1	GCA_030855595.1	JALYRB010000408.1_3	K02001	JALYRB010000408.1	3	1858	3792	+	00	5305
GCA_030855595.1	GCA_030855595.1	JALYRB010000408.1_4	K02002	JALYRB010000408.1	4	3832	4827	+	00	5305
GCA_030855595.1	GCA_030855595.1	JALYRB010000626.1_2	K00130	JALYRB010000626.1	2	1077	2546	+	00	2697
GCA_030855595.1	GCA_030855595.1	JALYRB010000560.1_2	K07667	JALYRB010000560.1	2	358	1071	+	00	4310
GCA_030855645.1	GCA_030855645.1	JALYQV010000120.1_1	K02001	JALYQV010000120.1	1	1	1986	-	10	6117
GCA_030855645.1	GCA_030855645.1	JALYQV010000120.1_2	K02000	JALYQV010000120.1	2	1988	3034	-	00	6117
GCA_030855735.1	GCA_030855735.1	JALYQP010000314.1_2	K02002	JALYQP010000314.1	2	1213	2172	-	00	4169
GCA_030855735.1	GCA_030855735.1	JALYQP010000314.1_3	K02001	JALYQP010000314.1	3	2228	4168	-	01	4169
GCA_030855735.1	GCA_030855735.1	JALYQP010000366.1_3	K07646	JALYQP010000366.1	3	1360	2058	+	01	2060
GCA_030855735.1	GCA_030855735.1	JALYQP010000624.1_1	K02001	JALYQP010000624.1	1	3	1493	-	10	2301
GCA_030855735.1	GCA_030855735.1	JALYQP010000624.1_2	K02000	JALYQP010000624.1	2	1490	2299	-	01	2301
GCA_030855745.1	GCA_030855745.1	JALYQO010000036.1_4	K07646	JALYQO010000036.1	4	2134	3609	-	01	3609
GCA_030855835.1	GCA_030855835.1	JALYQN010000494.1_1	K02001	JALYQN010000494.1	1	3	1139	+	10	5324
GCA_030855835.1	GCA_030855835.1	JALYQN010000494.1_2	K02002	JALYQN010000494.1	2	1180	2148	+	00	5324
GCA_030855835.1	GCA_030855835.1	JALYQN010000403.1_5	K00130	JALYQN010000403.1	5	3953	5422	+	00	9054
GCA_030855835.1	GCA_030855835.1	JALYQN010000403.1_6	K00108	JALYQN010000403.1	6	5419	7164	+	00	9054
GCA_030855835.1	GCA_030855835.1	JALYQN010000403.1_7	K02000	JALYQN010000403.1	7	7157	8191	+	00	9054
GCA_030855875.1	GCA_030855875.1	JALYQJ010000022.1_14	K07646	JALYQJ010000022.1	14	13955	15139	+	00	26197
GCA_030855875.1	GCA_030855875.1	JALYQJ010000022.1_15	K07667	JALYQJ010000022.1	15	15178	15873	+	00	26197
GCA_030855875.1	GCA_030855875.1	JALYQJ010000115.1_2	K07646	JALYQJ010000115.1	2	1778	2884	+	00	4180
GCA_030855875.1	GCA_030855875.1	JALYQJ010000115.1_3	K07667	JALYQJ010000115.1	3	2877	3575	+	00	4180
GCA_030855925.1	GCA_030855925.1	JALYQF010000239.1_2	K00108	JALYQF010000239.1	2	540	2261	+	00	2452
GCA_030855965.1	GCA_030855965.1	JALYQE010000255.1_3	K00130	JALYQE010000255.1	3	1218	2699	-	00	8895
GCA_030856025.1	GCA_030856025.1	JALYQD010000001.1_29	K07667	JALYQD010000001.1	29	22733	23416	+	00	31428
GCA_030856025.1	GCA_030856025.1	JALYQD010000045.1_2	K02002	JALYQD010000045.1	2	325	1290	-	00	13103
GCA_030856025.1	GCA_030856025.1	JALYQD010000045.1_3	K02001	JALYQD010000045.1	3	1315	3342	-	00	13103
GCA_030856025.1	GCA_030856025.1	JALYQD010000045.1_4	K02000	JALYQD010000045.1	4	3339	4391	-	00	13103
GCA_030856025.1	GCA_030856025.1	JALYQD010000045.1_5	K00108	JALYQD010000045.1	5	4388	6133	-	00	13103
GCA_030856025.1	GCA_030856025.1	JALYQD010000045.1_6	K00130	JALYQD010000045.1	6	6123	7613	-	00	13103
GCA_030856045.1	GCA_030856045.1	JALYQB010000781.1_25	K06720	JALYQB010000781.1	25	35431	35805	-	00	40088
GCA_030856045.1	GCA_030856045.1	JALYQB010000340.1_4	K00130	JALYQB010000340.1	4	2171	3661	-	00	10025
GCA_030856045.1	GCA_030856045.1	JALYQB010000058.1_3	K06718	JALYQB010000058.1	3	1583	2179	+	00	6170
GCA_030856045.1	GCA_030856045.1	JALYQB010000058.1_4	K00836	JALYQB010000058.1	4	2176	3420	+	00	6170
GCA_030856045.1	GCA_030856045.1	JALYQB010000058.1_5	K06720	JALYQB010000058.1	5	3459	3875	+	00	6170
GCA_030856045.1	GCA_030856045.1	JALYQB010000058.1_6	K10674	JALYQB010000058.1	6	4012	4962	+	00	6170
GCA_030856145.1	GCA_030856145.1	JALYPW010000364.1_3	K07667	JALYPW010000364.1	3	2020	2811	+	00	9712
GCA_030856145.1	GCA_030856145.1	JALYPW010000003.1_2	K02001	JALYPW010000003.1	2	193	2121	-	00	7545
GCA_030856145.1	GCA_030856145.1	JALYPW010000003.1_3	K02000	JALYPW010000003.1	3	2118	3368	-	00	7545
GCA_030856155.1	GCA_030856155.1	JALYPX010000412.1_2	K00130	JALYPX010000412.1	2	728	2230	-	00	3017
GCA_030856175.1	GCA_030856175.1	JALYPV010000481.1_5	K06720	JALYPV010000481.1	5	2749	3132	-	00	3757
GCA_030856325.1	GCA_030856325.1	JALYPP010000520.1_2	K00130	JALYPP010000520.1	2	3344	4852	+	00	8783
GCA_030856325.1	GCA_030856325.1	JALYPP010000175.1_5	K07646	JALYPP010000175.1	5	4382	5614	+	00	6697
GCA_030856325.1	GCA_030856325.1	JALYPP010000175.1_6	K07667	JALYPP010000175.1	6	5617	6321	+	00	6697
GCA_030856345.1	GCA_030856345.1	JALYPN010000415.1_5	K02002	JALYPN010000415.1	5	3882	4778	-	00	5792
GCA_030856345.1	GCA_030856345.1	JALYPN010000415.1_6	K02002	JALYPN010000415.1	6	4788	5687	-	00	5792
GCA_030856345.1	GCA_030856345.1	JALYPN010000024.1_9	K00130	JALYPN010000024.1	9	8630	10147	-	00	17515
GCA_030856345.1	GCA_030856345.1	JALYPN010000297.1_2	K02000	JALYPN010000297.1	2	886	2178	+	00	4238
GCA_030856345.1	GCA_030856345.1	JALYPN010000297.1_3	K02001	JALYPN010000297.1	3	2182	3102	+	00	4238
GCA_030856345.1	GCA_030856345.1	JALYPN010000297.1_3	K02002	JALYPN010000297.1	3	2182	3102	+	00	4238
GCA_030856345.1	GCA_030856345.1	JALYPN010000297.1_4	K02002	JALYPN010000297.1	4	3214	4110	+	00	4238
GCA_030856365.1	GCA_030856365.1	JALYPM010000047.1_4	K07646	JALYPM010000047.1	4	2915	4384	+	00	39726
GCA_030856365.1	GCA_030856365.1	JALYPM010000047.1_5	K07667	JALYPM010000047.1	5	4377	5096	+	00	39726
GCA_030856375.1	GCA_030856375.1	JALYPL010000203.1_4	K02002	JALYPL010000203.1	4	2052	2909	+	00	15240
GCA_030856375.1	GCA_030856375.1	JALYPL010000231.1_3	K02002	JALYPL010000231.1	3	2196	3080	+	00	9577
GCA_030856375.1	GCA_030856375.1	JALYPL010000204.1_5	K07667	JALYPL010000204.1	5	3490	4185	+	00	5529
GCA_030856425.1	GCA_030856425.1	JALYPJ010000019.1_6	K06720	JALYPJ010000019.1	6	4641	5015	+	00	5121
GCA_030856465.1	GCA_030856465.1	JALYPG010000257.1_5	K07646	JALYPG010000257.1	5	5540	6745	-	00	8117
GCA_030856465.1	GCA_030856465.1	JALYPG010000257.1_6	K01548	JALYPG010000257.1	6	6837	7373	-	00	8117
GCA_030856465.1	GCA_030856465.1	JALYPG010000257.1_7	K01547	JALYPG010000257.1	7	7484	8116	-	01	8117
GCA_030856465.1	GCA_030856465.1	JALYPG010000022.1_1	K01547	JALYPG010000022.1	1	2	1156	-	10	3287
GCA_030856465.1	GCA_030856465.1	JALYPG010000022.1_2	K01546	JALYPG010000022.1	2	1266	3068	-	00	3287
GCA_030856465.1	GCA_030856465.1	JALYPG010000296.1_5	K07667	JALYPG010000296.1	5	1387	2070	-	00	2944
GCA_030856465.1	GCA_030856465.1	JALYPG010000296.1_6	K07646	JALYPG010000296.1	6	2063	2944	-	01	2944
GCA_030856485.1	GCA_030856485.1	JALYPF010000717.1_4	K00130	JALYPF010000717.1	4	3468	4958	+	00	6186
GCA_030856525.1	GCA_030856525.1	JALYPE010000686.1_1	K00108	JALYPE010000686.1	1	62	1765	-	00	3945
GCA_030856525.1	GCA_030856525.1	JALYPE010000686.1_2	K00130	JALYPE010000686.1	2	1974	3446	-	00	3945
GCA_030856525.1	GCA_030856525.1	JALYPE010000410.1_1	K01547	JALYPE010000410.1	1	89	2146	+	00	3182
GCA_030856525.1	GCA_030856525.1	JALYPE010000410.1_2	K01548	JALYPE010000410.1	2	2375	2920	+	00	3182
GCA_030856525.1	GCA_030856525.1	JALYPE010000380.1_1	K02002	JALYPE010000380.1	1	1	879	+	10	3087
GCA_030856525.1	GCA_030856525.1	JALYPE010000380.1_2	K02001	JALYPE010000380.1	2	956	1801	+	00	3087
GCA_030856525.1	GCA_030856525.1	JALYPE010000380.1_3	K02000	JALYPE010000380.1	3	1798	2976	+	00	3087
GCA_030856525.1	GCA_030856525.1	JALYPE010000555.1_1	K00836	JALYPE010000555.1	1	2	1111	+	10	5027
GCA_030856525.1	GCA_030856525.1	JALYPE010000537.1_1	K07646	JALYPE010000537.1	1	3	1913	+	10	2737
GCA_030856525.1	GCA_030856525.1	JALYPE010000537.1_2	K07667	JALYPE010000537.1	2	1963	2661	+	00	2737
GCA_030856525.1	GCA_030856525.1	JALYPE010000376.1_3	K02002	JALYPE010000376.1	3	2270	2836	-	01	2836
GCA_030856525.1	GCA_030856525.1	JALYPE010000470.1_1	K02002	JALYPE010000470.1	1	2	913	-	10	2518
GCA_030856525.1	GCA_030856525.1	JALYPE010000644.1_7	K02002	JALYPE010000644.1	7	6363	7283	+	00	7951
GCA_030856525.1	GCA_030856525.1	JALYPE010000915.1_3	K02000	JALYPE010000915.1	3	3416	4246	-	00	4310
GCA_030856525.1	GCA_030856525.1	JALYPE010000870.1_8	K02002	JALYPE010000870.1	8	6145	7161	-	00	13084
GCA_030856585.1	GCA_030856585.1	JALYPB010000158.1_1	K00130	JALYPB010000158.1	1	45	1541	-	00	2070
GCA_030856605.1	GCA_030856605.1	JALYPA010000363.1_1	K07646	JALYPA010000363.1	1	2	1264	+	10	4566
GCA_030856605.1	GCA_030856605.1	JALYPA010000363.1_2	K07667	JALYPA010000363.1	2	1261	1968	+	00	4566
GCA_030856605.1	GCA_030856605.1	JALYPA010000134.1_6	K00130	JALYPA010000134.1	6	3781	5298	-	00	6846
GCA_030856645.1	GCA_030856645.1	JALYOX010000180.1_4	K01546	JALYOX010000180.1	4	1701	2357	+	01	2358
GCA_030856645.1	GCA_030856645.1	JALYOX010000384.1_1	K01546	JALYOX010000384.1	1	3	875	+	10	2658
GCA_030856645.1	GCA_030856645.1	JALYOX010000384.1_2	K01547	JALYOX010000384.1	2	865	2031	+	00	2658
GCA_030856685.1	GCA_030856685.1	JALYOW010000517.1_1	K07646	JALYOW010000517.1	1	188	2476	+	00	2753
GCA_030856765.1	GCA_030856765.1	JALYOR010000028.1_30	K07646	JALYOR010000028.1	30	29668	30804	+	00	34028
GCA_030856765.1	GCA_030856765.1	JALYOR010000028.1_31	K07667	JALYOR010000028.1	31	30801	31493	+	00	34028
GCA_030856775.1	GCA_030856775.1	JALYOS010000310.1_3	K00130	JALYOS010000310.1	3	2008	3450	+	00	7175
GCA_030856795.1	GCA_030856795.1	JALYOQ010000156.1_13	K02002	JALYOQ010000156.1	13	12728	13705	-	00	52670
GCA_030856795.1	GCA_030856795.1	JALYOQ010000156.1_14	K02001	JALYOQ010000156.1	14	13766	15721	-	00	52670
GCA_030856795.1	GCA_030856795.1	JALYOQ010000156.1_15	K02000	JALYOQ010000156.1	15	15724	16809	-	00	52670
GCA_030856795.1	GCA_030856795.1	JALYOQ010000110.1_3	K07646	JALYOQ010000110.1	3	3429	4922	+	00	7536
GCA_030856795.1	GCA_030856795.1	JALYOQ010000110.1_4	K07667	JALYOQ010000110.1	4	4894	5601	+	00	7536
GCA_030856795.1	GCA_030856795.1	JALYOQ010000026.1_23	K00108	JALYOQ010000026.1	23	21214	22866	+	00	23877
GCA_030856825.1	GCA_030856825.1	JALYOP010000118.1_4	K00130	JALYOP010000118.1	4	2627	4192	+	00	10057
GCA_030856825.1	GCA_030856825.1	JALYOP010000118.1_5	K00108	JALYOP010000118.1	5	4189	5904	+	00	10057
GCA_030856825.1	GCA_030856825.1	JALYOP010000118.1_6	K02000	JALYOP010000118.1	6	5888	6976	+	00	10057
GCA_030856825.1	GCA_030856825.1	JALYOP010000118.1_7	K02001	JALYOP010000118.1	7	6973	9009	+	00	10057
GCA_030856825.1	GCA_030856825.1	JALYOP010000118.1_8	K02002	JALYOP010000118.1	8	9055	10050	+	00	10057
GCA_030856825.1	GCA_030856825.1	JALYOP010000018.1_1	K02000	JALYOP010000018.1	1	109	1146	+	00	4114
GCA_030856825.1	GCA_030856825.1	JALYOP010000018.1_2	K02001	JALYOP010000018.1	2	1143	3185	+	00	4114
GCA_030856845.1	GCA_030856845.1	JALYOO010000380.1_2	K07646	JALYOO010000380.1	2	1672	3774	+	00	6736
GCA_030856885.1	GCA_030856885.1	JALYON010000457.1_2	K02001	JALYON010000457.1	2	614	2626	+	00	3714
GCA_030856885.1	GCA_030856885.1	JALYON010000177.1_2	K02002	JALYON010000177.1	2	1136	2122	-	00	2639
GCA_030856885.1	GCA_030856885.1	JALYON010000862.1_1	K07646	JALYON010000862.1	1	81	2438	+	01	2438
GCA_030856885.1	GCA_030856885.1	JALYON010000047.1_1	K01546	JALYON010000047.1	1	1	675	-	10	3336
GCA_030856885.1	GCA_030856885.1	JALYON010000047.1_4	K01546	JALYON010000047.1	4	1114	1515	+	00	3336
GCA_030856965.1	GCA_030856965.1	JALYOJ010000331.1_5	K07646	JALYOJ010000331.1	5	4196	5347	-	00	5857
GCA_030856965.1	GCA_030856965.1	JALYOJ010000331.1_6	K01548	JALYOJ010000331.1	6	5562	5855	-	01	5857
GCA_030856965.1	GCA_030856965.1	JALYOJ010001138.1_2	K07646	JALYOJ010001138.1	2	419	1855	-	00	3237
GCA_030856965.1	GCA_030856965.1	JALYOJ010000151.1_2	K07667	JALYOJ010000151.1	2	581	1279	-	00	2059
GCA_030856965.1	GCA_030856965.1	JALYOJ010001922.1_4	K07667	JALYOJ010001922.1	4	1640	2335	-	00	4016
GCA_030856965.1	GCA_030856965.1	JALYOJ010001584.1_1	K07646	JALYOJ010001584.1	1	3	896	-	10	2178
GCA_030856965.1	GCA_030856965.1	JALYOJ010001584.1_2	K01548	JALYOJ010001584.1	2	1111	1728	-	00	2178
GCA_030856965.1	GCA_030856965.1	JALYOJ010000329.1_4	K01546	JALYOJ010000329.1	4	1544	2185	+	01	2187
GCA_030857085.1	GCA_030857085.1	JALYOB010000121.1_7	K07646	JALYOB010000121.1	7	5470	7788	-	00	9800
GCA_030857085.1	GCA_030857085.1	JALYOB010000240.1_3	K07646	JALYOB010000240.1	3	3397	5712	-	00	6924
GCA_030857095.1	GCA_030857095.1	JALYOC010000138.1_5	K00836	JALYOC010000138.1	5	5552	6868	-	00	64111
GCA_030857165.1	GCA_030857165.1	JALZOL010000469.1_2	K00130	JALZOL010000469.1	2	823	2307	+	00	4218
GCA_030857225.1	GCA_030857225.1	JALZOK010000046.1_2	K00108	JALZOK010000046.1	2	268	1971	-	00	24194
GCA_030857225.1	GCA_030857225.1	JALZOK010000046.1_8	K02002	JALZOK010000046.1	8	9237	10205	-	00	24194
GCA_030857225.1	GCA_030857225.1	JALZOK010000046.1_9	K02001	JALZOK010000046.1	9	10241	12223	-	00	24194
GCA_030857225.1	GCA_030857225.1	JALZOK010000046.1_10	K02000	JALZOK010000046.1	10	12225	13271	-	00	24194
GCA_030857245.1	GCA_030857245.1	JALZOI010000245.1_8	K07667	JALZOI010000245.1	8	7535	8221	-	00	9412
GCA_030857285.1	GCA_030857285.1	JALZOF010000043.1_18	K07667	JALZOF010000043.1	18	19062	19751	-	00	26404
GCA_030857305.1	GCA_030857305.1	JALZOH010000284.1_2	K07667	JALZOH010000284.1	2	312	1007	-	00	4137
GCA_030857405.1	GCA_030857405.1	JALZOB010000032.1_9	K07667	JALZOB010000032.1	9	9531	10229	+	00	23568
GCA_030857405.1	GCA_030857405.1	JALZOB010000036.1_2	K02002	JALZOB010000036.1	2	1396	2391	-	00	22242
GCA_030857405.1	GCA_030857405.1	JALZOB010000036.1_3	K02001	JALZOB010000036.1	3	2465	4456	-	00	22242
GCA_030857405.1	GCA_030857405.1	JALZOB010000036.1_4	K02000	JALZOB010000036.1	4	4453	5484	-	00	22242
GCA_030857405.1	GCA_030857405.1	JALZOB010000036.1_5	K00108	JALZOB010000036.1	5	5481	7193	-	00	22242
GCA_030857405.1	GCA_030857405.1	JALZOB010000036.1_6	K00130	JALZOB010000036.1	6	7201	8682	-	00	22242
GCA_030857425.1	GCA_030857425.1	JALZNZ010000358.1_2	K00130	JALZNZ010000358.1	2	688	2157	-	00	2993
GCA_030857425.1	GCA_030857425.1	JALZNZ010000099.1_2	K02001	JALZNZ010000099.1	2	62	1996	+	00	5759
GCA_030857425.1	GCA_030857425.1	JALZNZ010000099.1_3	K02002	JALZNZ010000099.1	3	2036	3031	+	00	5759
GCA_030857545.1	GCA_030857545.1	JALZNS010000340.1_2	K07646	JALZNS010000340.1	2	667	2475	+	00	2744
GCA_030857545.1	GCA_030857545.1	JALZNS010000150.1_1	K07667	JALZNS010000150.1	1	590	1288	-	00	4174
GCA_030857545.1	GCA_030857545.1	JALZNS010000150.1_3	K07646	JALZNS010000150.1	3	1672	3432	-	00	4174
GCA_030857545.1	GCA_030857545.1	JALZNS010000152.1_4	K07667	JALZNS010000152.1	4	993	1697	-	00	4151
GCA_030857545.1	GCA_030857545.1	JALZNS010000152.1_5	K07646	JALZNS010000152.1	5	1943	3274	-	00	4151
GCA_030857555.1	GCA_030857555.1	JALZNT010000027.1_10	K02000	JALZNT010000027.1	10	6615	7817	+	00	11068
GCA_030857555.1	GCA_030857555.1	JALZNT010000027.1_11	K02001	JALZNT010000027.1	11	7820	8689	+	00	11068
GCA_030857555.1	GCA_030857555.1	JALZNT010000027.1_11	K02002	JALZNT010000027.1	11	7820	8689	+	00	11068
GCA_030857555.1	GCA_030857555.1	JALZNT010000027.1_12	K02002	JALZNT010000027.1	12	8753	9676	+	00	11068
GCA_030857555.1	GCA_030857555.1	JALZNT010000351.1_3	K07667	JALZNT010000351.1	3	819	1514	-	00	3496
GCA_030857555.1	GCA_030857555.1	JALZNT010000155.1_7	K02002	JALZNT010000155.1	7	4408	5262	+	00	5780
GCA_030857645.1	GCA_030857645.1	JALZNO010000030.1_8	K06720	JALZNO010000030.1	8	7551	7934	+	00	8276
GCA_030857645.1	GCA_030857645.1	JALZNO010000338.1_1	K07646	JALZNO010000338.1	1	1	1833	-	10	2009
GCA_030857685.1	GCA_030857685.1	JALZNM010000141.1_7	K07667	JALZNM010000141.1	7	4387	5151	-	01	5151
GCA_030857715.1	GCA_030857715.1	JALZNL010000394.1_1	K02002	JALZNL010000394.1	1	3	836	-	10	3489
GCA_030857715.1	GCA_030857715.1	JALZNL010000394.1_2	K02001	JALZNL010000394.1	2	900	1769	-	00	3489
GCA_030857715.1	GCA_030857715.1	JALZNL010000394.1_2	K02002	JALZNL010000394.1	2	900	1769	-	00	3489
GCA_030857715.1	GCA_030857715.1	JALZNL010000394.1_3	K02000	JALZNL010000394.1	3	1772	2974	-	00	3489
GCA_030857715.1	GCA_030857715.1	JALZNL010000674.1_2	K02002	JALZNL010000674.1	2	805	1671	-	00	2100
GCA_030857805.1	GCA_030857805.1	JALZNF010000652.1_2	K00130	JALZNF010000652.1	2	696	2156	+	00	2626
GCA_030857805.1	GCA_030857805.1	JALZNF010000186.1_6	K07646	JALZNF010000186.1	6	4213	6390	+	00	8306
GCA_030857865.1	GCA_030857865.1	JALZNE010000214.1_1	K02002	JALZNE010000214.1	1	315	1208	+	00	2985
GCA_030857865.1	GCA_030857865.1	JALZNE010000214.1_2	K02002	JALZNE010000214.1	2	1205	2119	+	00	2985
GCA_030857885.1	GCA_030857885.1	JALZNC010000004.1_2	K02000	JALZNC010000004.1	2	136	1167	-	00	18928
GCA_030857885.1	GCA_030857885.1	JALZNC010000004.1_3	K00108	JALZNC010000004.1	3	1164	2876	-	00	18928
GCA_030857885.1	GCA_030857885.1	JALZNC010000004.1_4	K00130	JALZNC010000004.1	4	2884	4365	-	00	18928
GCA_030857885.1	GCA_030857885.1	JALZNC010000175.1_2	K07667	JALZNC010000175.1	2	1470	2219	+	00	4085
GCA_030857905.1	GCA_030857905.1	JALZNB010000055.1_4	K00108	JALZNB010000055.1	4	1579	3240	-	00	3408
GCA_030857905.1	GCA_030857905.1	JALZNB010000073.1_8	K02002	JALZNB010000073.1	8	7268	8233	-	00	13150
GCA_030857905.1	GCA_030857905.1	JALZNB010000073.1_9	K02001	JALZNB010000073.1	9	8256	10196	-	00	13150
GCA_030857905.1	GCA_030857905.1	JALZNB010000073.1_10	K02000	JALZNB010000073.1	10	10196	11260	-	00	13150
GCA_030857905.1	GCA_030857905.1	JALZNB010000073.1_11	K00130	JALZNB010000073.1	11	11554	13020	+	00	13150
GCA_030857905.1	GCA_030857905.1	JALZNB010000112.1_8	K06718	JALZNB010000112.1	8	13190	13759	+	00	17659
GCA_030857905.1	GCA_030857905.1	JALZNB010000112.1_9	K00836	JALZNB010000112.1	9	13756	15045	+	00	17659
GCA_030857905.1	GCA_030857905.1	JALZNB010000112.1_10	K06720	JALZNB010000112.1	10	15061	15471	+	00	17659
GCA_030857905.1	GCA_030857905.1	JALZNB010000112.1_12	K10674	JALZNB010000112.1	12	15851	16363	+	00	17659
GCA_030857905.1	GCA_030857905.1	JALZNB010000407.1_1	K02001	JALZNB010000407.1	1	1	798	-	10	8906
GCA_030857905.1	GCA_030857905.1	JALZNB010000407.1_2	K02000	JALZNB010000407.1	2	802	2001	-	00	8906
GCA_030857905.1	GCA_030857905.1	JALZNB010000407.1_3	K02002	JALZNB010000407.1	3	2007	2963	-	00	8906
GCA_030857965.1	GCA_030857965.1	JALZMY010000071.1_2	K00108	JALZMY010000071.1	2	2616	4211	-	00	8291
GCA_030857965.1	GCA_030857965.1	JALZMY010000040.1_4	K02002	JALZMY010000040.1	4	2419	3486	-	00	27256
GCA_030857965.1	GCA_030857965.1	JALZMY010000040.1_5	K02001	JALZMY010000040.1	5	3483	5444	-	00	27256
GCA_030857965.1	GCA_030857965.1	JALZMY010000040.1_6	K02000	JALZMY010000040.1	6	5444	6526	-	00	27256
GCA_030857965.1	GCA_030857965.1	JALZMY010000040.1_7	K00108	JALZMY010000040.1	7	6596	8269	+	00	27256
GCA_030858025.1	GCA_030858025.1	JALZMW010000285.1_8	K00130	JALZMW010000285.1	8	6462	7979	-	00	8682
GCA_030858025.1	GCA_030858025.1	JALZMW010000216.1_3	K07667	JALZMW010000216.1	3	1096	1854	-	00	3851
GCA_030858065.1	GCA_030858065.1	JALZMT010000007.1_14	K02002	JALZMT010000007.1	14	11540	12397	-	00	14481
GCA_030858065.1	GCA_030858065.1	JALZMT010000345.1_1	K02002	JALZMT010000345.1	1	3	542	+	10	11861
GCA_030858155.1	GCA_030858155.1	JALZMO010000042.1_5	K00108	JALZMO010000042.1	5	3987	5597	+	00	10078
GCA_030858185.1	GCA_030858185.1	JALZMN010000211.1_1	K02001	JALZMN010000211.1	1	116	1060	-	00	3916
GCA_030858185.1	GCA_030858185.1	JALZMN010000211.1_1	K02002	JALZMN010000211.1	1	116	1060	-	00	3916
GCA_030858185.1	GCA_030858185.1	JALZMN010000211.1_2	K02000	JALZMN010000211.1	2	1064	2260	-	00	3916
GCA_030858185.1	GCA_030858185.1	JALZMN010000109.1_6	K02002	JALZMN010000109.1	6	5498	6379	-	00	19256
GCA_030858185.1	GCA_030858185.1	JALZMN010000118.1_4	K07667	JALZMN010000118.1	4	2871	3566	-	00	4681
GCA_030858195.1	GCA_030858195.1	JALZMM010000244.1_2	K07646	JALZMM010000244.1	2	639	2381	-	00	9549
GCA_030858195.1	GCA_030858195.1	JALZMM010000112.1_1	K02000	JALZMM010000112.1	1	3	1028	-	10	2744
GCA_030858195.1	GCA_030858195.1	JALZMM010000112.1_2	K02002	JALZMM010000112.1	2	1040	2071	+	00	2744
GCA_030858245.1	GCA_030858245.1	JALZMK010000033.1_2	K00130	JALZMK010000033.1	2	1635	3134	+	00	5738
GCA_030858245.1	GCA_030858245.1	JALZMK010000296.1_2	K07667	JALZMK010000296.1	2	553	1251	-	00	2376
GCA_030858245.1	GCA_030858245.1	JALZMK010000296.1_3	K07646	JALZMK010000296.1	3	1255	2376	-	01	2376
GCA_030858295.1	GCA_030858295.1	JALZMI010000037.1_3	K02002	JALZMI010000037.1	3	1934	2902	+	00	4136
GCA_030858325.1	GCA_030858325.1	JALZMG010000076.1_1	K02000	JALZMG010000076.1	1	3	959	-	10	7078
GCA_030858325.1	GCA_030858325.1	JALZMG010000076.1_2	K00108	JALZMG010000076.1	2	1104	2747	+	00	7078
GCA_030858365.1	GCA_030858365.1	JALZMF010000276.1_6	K02000	JALZMF010000276.1	6	5213	6028	+	01	6030
GCA_030858365.1	GCA_030858365.1	JALZMF010000267.1_5	K07646	JALZMF010000267.1	5	4180	6384	+	00	11830
GCA_030858365.1	GCA_030858365.1	JALZMF010000052.1_7	K02002	JALZMF010000052.1	7	5410	6405	-	00	8830
GCA_030858365.1	GCA_030858365.1	JALZMF010000052.1_8	K02001	JALZMF010000052.1	8	6446	8380	-	00	8830
GCA_030858365.1	GCA_030858365.1	JALZMF010000239.1_12	K07667	JALZMF010000239.1	12	8516	9301	-	00	11111
GCA_030858425.1	GCA_030858425.1	JALZMB010000038.1_3	K00108	JALZMB010000038.1	3	2212	3915	+	00	7618
GCA_030858425.1	GCA_030858425.1	JALZMB010000207.1_3	K02002	JALZMB010000207.1	3	1644	2612	-	00	7284
GCA_030858425.1	GCA_030858425.1	JALZMB010000207.1_4	K02001	JALZMB010000207.1	4	2654	4651	-	00	7284
GCA_030858425.1	GCA_030858425.1	JALZMB010000207.1_5	K02000	JALZMB010000207.1	5	4653	5699	-	00	7284
GCA_030858445.1	GCA_030858445.1	JALZLZ010000277.1_1	K02002	JALZLZ010000277.1	1	166	1089	-	00	19048
GCA_030858445.1	GCA_030858445.1	JALZLZ010000277.1_2	K02001	JALZLZ010000277.1	2	1173	3182	-	00	19048
GCA_030858445.1	GCA_030858445.1	JALZLZ010000277.1_3	K02000	JALZLZ010000277.1	3	3179	4288	-	00	19048
GCA_030858445.1	GCA_030858445.1	JALZLZ010000277.1_4	K00108	JALZLZ010000277.1	4	4285	5988	-	00	19048
GCA_030858445.1	GCA_030858445.1	JALZLZ010000277.1_5	K00130	JALZLZ010000277.1	5	6047	7516	-	00	19048
GCA_030858505.1	GCA_030858505.1	JALZLX010000037.1_2	K00130	JALZLX010000037.1	2	3026	4534	+	00	7585
GCA_030858525.1	GCA_030858525.1	JALZLV010000079.1_1	K02001	JALZLV010000079.1	1	3	1175	-	10	2965
GCA_030858525.1	GCA_030858525.1	JALZLV010000079.1_2	K02000	JALZLV010000079.1	2	1172	2209	-	00	2965
GCA_030858525.1	GCA_030858525.1	JALZLV010000507.1_3	K02002	JALZLV010000507.1	3	3318	4295	-	00	5223
GCA_030858565.1	GCA_030858565.1	JALZLT010000252.1_4	K00130	JALZLT010000252.1	4	2364	3839	+	00	4687
GCA_030858585.1	GCA_030858585.1	JALZLS010000420.1_3	K02002	JALZLS010000420.1	3	3162	4127	-	00	10443
GCA_030858585.1	GCA_030858585.1	JALZLS010000420.1_4	K02001	JALZLS010000420.1	4	4142	6145	-	00	10443
GCA_030858585.1	GCA_030858585.1	JALZLS010000420.1_5	K02000	JALZLS010000420.1	5	6246	7337	-	00	10443
GCA_030858585.1	GCA_030858585.1	JALZLS010000420.1_6	K00108	JALZLS010000420.1	6	7334	9034	-	00	10443
GCA_030858605.1	GCA_030858605.1	JALZLQ010000002.1_2	K07667	JALZLQ010000002.1	2	1113	1883	+	00	2778
GCA_030858625.1	GCA_030858625.1	JALZLR010000433.1_3	K00130	JALZLR010000433.1	3	2170	3630	-	00	5488
GCA_030858685.1	GCA_030858685.1	JALZLU010000077.1_3	K07667	JALZLU010000077.1	3	893	1699	-	00	4098
GCA_030858755.1	GCA_030858755.1	JALZLL010000518.1_2	K07667	JALZLL010000518.1	2	200	895	-	00	2713
GCA_030858755.1	GCA_030858755.1	JALZLL010000056.1_9	K00130	JALZLL010000056.1	9	6989	8458	+	00	9610
GCA_030858785.1	GCA_030858785.1	JALZLJ010000188.1_1	K02000	JALZLJ010000188.1	1	194	1441	+	00	15921
GCA_030858785.1	GCA_030858785.1	JALZLJ010000188.1_2	K02001	JALZLJ010000188.1	2	1438	2319	+	00	15921
GCA_030858785.1	GCA_030858785.1	JALZLJ010000188.1_3	K02002	JALZLJ010000188.1	3	2380	3300	+	00	15921
GCA_030858785.1	GCA_030858785.1	JALZLJ010000188.1_4	K02002	JALZLJ010000188.1	4	3322	4284	+	00	15921
GCA_030858785.1	GCA_030858785.1	JALZLJ010000188.1_5	K02002	JALZLJ010000188.1	5	4366	5229	+	00	15921
GCA_030858825.1	GCA_030858825.1	JALZLH010000496.1_2	K07646	JALZLH010000496.1	2	1065	3371	+	00	5120
GCA_030858865.1	GCA_030858865.1	JALZLF010000076.1_8	K07667	JALZLF010000076.1	8	6252	6965	-	00	7236
GCA_030858865.1	GCA_030858865.1	JALZLF010000054.1_7	K00130	JALZLF010000054.1	7	8795	10276	+	00	16670
GCA_030858865.1	GCA_030858865.1	JALZLF010000134.1_10	K02000	JALZLF010000134.1	10	10544	11602	+	00	19474
GCA_030858865.1	GCA_030858865.1	JALZLF010000134.1_11	K02001	JALZLF010000134.1	11	11676	13523	+	00	19474
GCA_030858865.1	GCA_030858865.1	JALZLF010000134.1_12	K02002	JALZLF010000134.1	12	13553	14548	+	00	19474
GCA_030858885.1	GCA_030858885.1	JALZLC010000298.1_2	K02000	JALZLC010000298.1	2	167	1264	-	00	4269
GCA_030858885.1	GCA_030858885.1	JALZLC010000244.1_10	K02002	JALZLC010000244.1	10	8513	9508	-	00	11349
GCA_030858885.1	GCA_030858885.1	JALZLC010000244.1_11	K02001	JALZLC010000244.1	11	9548	11347	-	01	11349
GCA_030858905.1	GCA_030858905.1	JALZLB010000373.1_2	K02000	JALZLB010000373.1	2	193	1227	-	00	2948
GCA_030858905.1	GCA_030858905.1	JALZLB010000172.1_2	K00130	JALZLB010000172.1	2	364	1821	+	00	2838
GCA_030858945.1	GCA_030858945.1	JALZLA010000210.1_24	K00108	JALZLA010000210.1	24	22884	24566	-	00	25628
GCA_030858965.1	GCA_030858965.1	JALZLE010000012.1_52	K00108	JALZLE010000012.1	52	48439	50097	+	00	54595
GCA_030858985.1	GCA_030858985.1	JALZKX010000158.1_3	K07667	JALZKX010000158.1	3	3041	3724	-	00	5634
GCA_030858985.1	GCA_030858985.1	JALZKX010000158.1_4	K07646	JALZKX010000158.1	4	3721	5346	-	00	5634
GCA_030859065.1	GCA_030859065.1	JALZKV010000133.1_1	K07646	JALZKV010000133.1	1	3	1742	+	10	4837
GCA_030859065.1	GCA_030859065.1	JALZKV010000133.1_2	K07667	JALZKV010000133.1	2	1739	2416	+	00	4837
GCA_030859105.1	GCA_030859105.1	JALZKT010000526.1_2	K02002	JALZKT010000526.1	2	251	1198	-	00	3070
GCA_030859105.1	GCA_030859105.1	JALZKT010001026.1_1	K01547	JALZKT010001026.1	1	1	1338	+	10	5547
GCA_030859105.1	GCA_030859105.1	JALZKT010001026.1_2	K01548	JALZKT010001026.1	2	1406	1951	+	00	5547
GCA_030859105.1	GCA_030859105.1	JALZKT010001026.1_3	K07646	JALZKT010001026.1	3	2095	4746	+	00	5547
GCA_030859105.1	GCA_030859105.1	JALZKT010001026.1_4	K07667	JALZKT010001026.1	4	4784	5479	+	00	5547
GCA_030859105.1	GCA_030859105.1	JALZKT010000100.1_3	K07667	JALZKT010000100.1	3	2705	3397	-	00	6022
GCA_030859105.1	GCA_030859105.1	JALZKT010000100.1_4	K07646	JALZKT010000100.1	4	3394	6021	-	01	6022
GCA_030859105.1	GCA_030859105.1	JALZKT010000147.1_2	K02002	JALZKT010000147.1	2	1960	2763	+	00	7765
GCA_030859105.1	GCA_030859105.1	JALZKT010000420.1_6	K00836	JALZKT010000420.1	6	5767	7167	+	00	7523
GCA_030859105.1	GCA_030859105.1	JALZKT010000723.1_1	K01546	JALZKT010000723.1	1	1	1170	+	10	2768
GCA_030859105.1	GCA_030859105.1	JALZKT010000723.1_2	K01548	JALZKT010000723.1	2	1181	1840	+	00	2768
GCA_030859105.1	GCA_030859105.1	JALZKT010000723.1_3	K01547	JALZKT010000723.1	3	1852	2766	+	01	2768
GCA_030859105.1	GCA_030859105.1	JALZKT010000767.1_4	K06720	JALZKT010000767.1	4	2975	3361	-	00	10004
GCA_030859105.1	GCA_030859105.1	JALZKT010000941.1_3	K00130	JALZKT010000941.1	3	3035	4507	+	00	6451
GCA_030859105.1	GCA_030859105.1	JALZKT010000941.1_4	K00108	JALZKT010000941.1	4	4704	6407	+	00	6451
GCA_030859105.1	GCA_030859105.1	JALZKT010000799.1_9	K01546	JALZKT010000799.1	9	7744	9438	+	00	10186
GCA_030859105.1	GCA_030859105.1	JALZKT010000887.1_1	K02002	JALZKT010000887.1	1	83	1099	-	00	7277
GCA_030859105.1	GCA_030859105.1	JALZKT010000126.1_8	K02002	JALZKT010000126.1	8	5806	6726	+	00	8464
GCA_030859105.1	GCA_030859105.1	JALZKT010000873.1_1	K02002	JALZKT010000873.1	1	65	1078	+	00	2145
GCA_030859105.1	GCA_030859105.1	JALZKT010001042.1_2	K02001	JALZKT010001042.1	2	1137	2033	-	00	8392
GCA_030859105.1	GCA_030859105.1	JALZKT010001042.1_2	K02002	JALZKT010001042.1	2	1137	2033	-	00	8392
GCA_030859105.1	GCA_030859105.1	JALZKT010001042.1_3	K02000	JALZKT010001042.1	3	2026	3222	-	00	8392
GCA_030859115.1	GCA_030859115.1	JALZKU010000176.1_1	K01546	JALZKU010000176.1	1	13	1440	-	00	4309
GCA_030859115.1	GCA_030859115.1	JALZKU010000272.1_1	K07646	JALZKU010000272.1	1	42	2804	-	00	5798
GCA_030859115.1	GCA_030859115.1	JALZKU010000305.1_1	K07667	JALZKU010000305.1	1	2	640	+	10	4019
GCA_030859145.1	GCA_030859145.1	JALZKS010000114.1_4	K02001	JALZKS010000114.1	4	1258	2907	-	01	2907
GCA_030859145.1	GCA_030859145.1	JALZKS010000322.1_1	K02001	JALZKS010000322.1	1	2	1945	+	10	2596
GCA_030859145.1	GCA_030859145.1	JALZKS010000451.1_9	K00108	JALZKS010000451.1	9	8257	9912	-	00	11238
GCA_030859145.1	GCA_030859145.1	JALZKS010000451.1_11	K02002	JALZKS010000451.1	11	10641	11237	+	01	11238
GCA_030859145.1	GCA_030859145.1	JALZKS010000121.1_2	K00130	JALZKS010000121.1	2	391	1857	-	00	2085
GCA_030859145.1	GCA_030859145.1	JALZKS010000385.1_4	K02002	JALZKS010000385.1	4	3216	4199	+	00	8083
GCA_030859145.1	GCA_030859145.1	JALZKS010000385.1_5	K02000	JALZKS010000385.1	5	4201	5331	+	00	8083
GCA_030859145.1	GCA_030859145.1	JALZKS010000385.1_6	K02001	JALZKS010000385.1	6	5333	7426	+	00	8083
GCA_030859165.1	GCA_030859165.1	JALZKQ010000041.1_3	K02002	JALZKQ010000041.1	3	596	1582	-	00	20427
GCA_030859165.1	GCA_030859165.1	JALZKQ010000041.1_4	K02001	JALZKQ010000041.1	4	1632	3656	-	00	20427
GCA_030859165.1	GCA_030859165.1	JALZKQ010000041.1_5	K02000	JALZKQ010000041.1	5	3653	4687	-	00	20427
GCA_030859165.1	GCA_030859165.1	JALZKQ010000041.1_6	K00108	JALZKQ010000041.1	6	4684	6417	-	00	20427
GCA_030859205.1	GCA_030859205.1	JALZKO010000090.1_2	K02002	JALZKO010000090.1	2	516	1415	+	00	2289
GCA_030859205.1	GCA_030859205.1	JALZKO010000090.1_3	K02002	JALZKO010000090.1	3	1425	2288	+	01	2289
GCA_030859265.1	GCA_030859265.1	JALZKL010000289.1_3	K06718	JALZKL010000289.1	3	1785	2390	+	00	7068
GCA_030859265.1	GCA_030859265.1	JALZKL010000289.1_4	K00836	JALZKL010000289.1	4	2393	3637	+	00	7068
GCA_030859265.1	GCA_030859265.1	JALZKL010000289.1_5	K06720	JALZKL010000289.1	5	3648	4064	+	00	7068
GCA_030859285.1	GCA_030859285.1	JALZKK010000247.1_3	K07646	JALZKK010000247.1	3	2177	3358	-	00	7383
GCA_030859285.1	GCA_030859285.1	JALZKK010000247.1_4	K01548	JALZKK010000247.1	4	3393	4001	-	00	7383
GCA_030859285.1	GCA_030859285.1	JALZKK010000247.1_5	K01547	JALZKK010000247.1	5	4076	6118	-	00	7383
GCA_030859285.1	GCA_030859285.1	JALZKK010000247.1_6	K01546	JALZKK010000247.1	6	6278	7381	-	01	7383
GCA_030859285.1	GCA_030859285.1	JALZKK010000132.1_10	K00130	JALZKK010000132.1	10	7187	8692	-	00	12059
GCA_030859325.1	GCA_030859325.1	JALZKI010000060.1_17	K02002	JALZKI010000060.1	17	18101	19069	-	00	53190
GCA_030859325.1	GCA_030859325.1	JALZKI010000060.1_18	K02001	JALZKI010000060.1	18	19086	21080	-	00	53190
GCA_030859325.1	GCA_030859325.1	JALZKI010000060.1_19	K02000	JALZKI010000060.1	19	21077	22147	-	00	53190
GCA_030859325.1	GCA_030859325.1	JALZKI010000050.1_23	K00130	JALZKI010000050.1	23	26806	28314	+	00	49716
GCA_030859325.1	GCA_030859325.1	JALZKI010000050.1_24	K00108	JALZKI010000050.1	24	28311	30017	+	00	49716
GCA_030859365.1	GCA_030859365.1	JALZKG010000201.1_3	K00130	JALZKG010000201.1	3	1748	3217	+	00	7074
GCA_030859385.1	GCA_030859385.1	JALZKF010000271.1_1	K07646	JALZKF010000271.1	1	340	2859	+	00	3274
GCA_030859385.1	GCA_030859385.1	JALZKF010000291.1_1	K02002	JALZKF010000291.1	1	50	991	+	00	3179
GCA_030859425.1	GCA_030859425.1	JALZKE010000106.1_3	K07667	JALZKE010000106.1	3	3709	4506	+	00	5760
GCA_030859445.1	GCA_030859445.1	JALZKC010000189.1_4	K02002	JALZKC010000189.1	4	3350	4231	-	01	4231
GCA_030859445.1	GCA_030859445.1	JALZKC010000347.1_2	K02002	JALZKC010000347.1	2	2170	2814	-	01	2814
GCA_030859465.1	GCA_030859465.1	JALZKB010000269.1_5	K06720	JALZKB010000269.1	5	2797	3171	-	00	4134
GCA_030859525.1	GCA_030859525.1	JALZJZ010000276.1_2	K02002	JALZJZ010000276.1	2	1237	2109	+	00	3400
GCA_030859525.1	GCA_030859525.1	JALZJZ010000003.1_8	K02002	JALZJZ010000003.1	8	9794	10720	-	00	11432
GCA_030859525.1	GCA_030859525.1	JALZJZ010000003.1_9	K02002	JALZJZ010000003.1	9	10770	11432	-	01	11432
GCA_030859565.1	GCA_030859565.1	JALZJW010000105.1_10	K01546	JALZJW010000105.1	10	3084	4862	+	00	13818
GCA_030859565.1	GCA_030859565.1	JALZJW010000028.1_3	K00130	JALZJW010000028.1	3	2354	3862	+	00	34064
GCA_030859665.1	GCA_030859665.1	JALZJR010000088.1_1	K07646	JALZJR010000088.1	1	1	921	+	10	5259
GCA_030859665.1	GCA_030859665.1	JALZJR010000088.1_2	K07667	JALZJR010000088.1	2	918	1598	+	00	5259
GCA_030859685.1	GCA_030859685.1	JALZJQ010000053.1_7	K07646	JALZJQ010000053.1	7	9500	11263	-	00	36378
GCA_030859685.1	GCA_030859685.1	JALZJQ010000051.1_10	K00130	JALZJQ010000051.1	10	6373	7830	-	00	14019
GCA_030859705.1	GCA_030859705.1	JALZJO010000592.1_5	K01546	JALZJO010000592.1	5	3572	5383	+	00	13370
GCA_030859705.1	GCA_030859705.1	JALZJO010000592.1_6	K01547	JALZJO010000592.1	6	5464	7518	+	00	13370
GCA_030859705.1	GCA_030859705.1	JALZJO010000592.1_7	K01548	JALZJO010000592.1	7	7593	8171	+	00	13370
GCA_030859705.1	GCA_030859705.1	JALZJO010000592.1_8	K07646	JALZJO010000592.1	8	8182	9363	+	00	13370
GCA_030859705.1	GCA_030859705.1	JALZJO010000040.1_4	K00130	JALZJO010000040.1	4	4741	6249	+	00	9258
GCA_030859715.1	GCA_030859715.1	JALZJP010000125.1_14	K07646	JALZJP010000125.1	14	14505	17417	-	00	21273
GCA_030859735.1	GCA_030859735.1	JALZJN010000224.1_23	K07667	JALZJN010000224.1	23	18585	19280	-	00	50150
GCA_030859735.1	GCA_030859735.1	JALZJN010000224.1_24	K07646	JALZJN010000224.1	24	19297	20751	-	00	50150
GCA_030859735.1	GCA_030859735.1	JALZJN010000019.1_5	K00108	JALZJN010000019.1	5	7410	9062	-	00	17986
GCA_030859735.1	GCA_030859735.1	JALZJN010000091.1_24	K02002	JALZJN010000091.1	24	24669	25643	-	00	31939
GCA_030859735.1	GCA_030859735.1	JALZJN010000091.1_25	K02001	JALZJN010000091.1	25	25699	27654	-	00	31939
GCA_030859735.1	GCA_030859735.1	JALZJN010000091.1_26	K02000	JALZJN010000091.1	26	27657	28736	-	00	31939
GCA_030859735.1	GCA_030859735.1	JALZJN010000180.1_3	K07667	JALZJN010000180.1	3	2274	2975	-	00	8311
GCA_030859735.1	GCA_030859735.1	JALZJN010000056.1_5	K07646	JALZJN010000056.1	5	3792	5747	-	00	14369
GCA_030859765.1	GCA_030859765.1	JALZJM010000029.1_2	K07646	JALZJM010000029.1	2	206	2044	+	00	2417
GCA_030859785.1	GCA_030859785.1	JALZJL010000067.1_3	K00130	JALZJL010000067.1	3	1210	2718	-	00	8636
GCA_030859785.1	GCA_030859785.1	JALZJL010000086.1_27	K07646	JALZJL010000086.1	27	37727	38887	-	00	56104
GCA_030859785.1	GCA_030859785.1	JALZJL010000086.1_28	K01548	JALZJL010000086.1	28	38946	39599	-	00	56104
GCA_030859785.1	GCA_030859785.1	JALZJL010000086.1_29	K01547	JALZJL010000086.1	29	39742	41835	-	00	56104
GCA_030859785.1	GCA_030859785.1	JALZJL010000086.1_30	K01546	JALZJL010000086.1	30	41914	43731	-	00	56104
GCA_030859785.1	GCA_030859785.1	JALZJL010000086.1_34	K07667	JALZJL010000086.1	34	46424	47122	-	00	56104
GCA_030859785.1	GCA_030859785.1	JALZJL010000086.1_35	K07646	JALZJL010000086.1	35	47159	48460	-	00	56104
GCA_030859805.1	GCA_030859805.1	JALZJJ010000023.1_3	K00108	JALZJJ010000023.1	3	2998	4671	+	00	5618
GCA_030859805.1	GCA_030859805.1	JALZJJ010000079.1_3	K02000	JALZJJ010000079.1	3	2791	3675	+	01	3675
GCA_030859905.1	GCA_030859905.1	JALZJF010000148.1_14	K07667	JALZJF010000148.1	14	22314	23018	-	00	34524
GCA_030859905.1	GCA_030859905.1	JALZJF010000148.1_15	K07646	JALZJF010000148.1	15	23021	24355	-	00	34524
GCA_030859925.1	GCA_030859925.1	JALZJB010000176.1_7	K07646	JALZJB010000176.1	7	6134	8167	-	00	8429
GCA_030859955.1	GCA_030859955.1	JALZJE010000092.1_18	K06720	JALZJE010000092.1	18	20226	20609	-	00	38704
GCA_030859955.1	GCA_030859955.1	JALZJE010000119.1_4	K07646	JALZJE010000119.1	4	4091	5935	-	00	11883
GCA_030860025.1	GCA_030860025.1	JALZIX010000023.1_2	K07667	JALZIX010000023.1	2	189	863	+	00	3470
GCA_030860045.1	GCA_030860045.1	JALZIZ010000255.1_3	K02002	JALZIZ010000255.1	3	1940	2917	-	00	11357
GCA_030860045.1	GCA_030860045.1	JALZIZ010000255.1_4	K02001	JALZIZ010000255.1	4	2957	4999	-	00	11357
GCA_030860045.1	GCA_030860045.1	JALZIZ010000255.1_5	K02000	JALZIZ010000255.1	5	4996	6108	-	00	11357
GCA_030860045.1	GCA_030860045.1	JALZIZ010000255.1_6	K00108	JALZIZ010000255.1	6	6105	7814	-	00	11357
GCA_030860045.1	GCA_030860045.1	JALZIZ010000255.1_7	K00130	JALZIZ010000255.1	7	7811	9280	-	00	11357
GCA_030860045.1	GCA_030860045.1	JALZIZ010000361.1_2	K07667	JALZIZ010000361.1	2	1088	1786	-	00	3763
GCA_030860105.1	GCA_030860105.1	JALZIV010000088.1_2	K07667	JALZIV010000088.1	2	770	1474	-	00	9878
GCA_030860105.1	GCA_030860105.1	JALZIV010000088.1_3	K07646	JALZIV010000088.1	3	1476	2699	-	00	9878
GCA_030860125.1	GCA_030860125.1	JALZIU010000392.1_2	K07667	JALZIU010000392.1	2	880	1596	-	00	4601
GCA_030860125.1	GCA_030860125.1	JALZIU010000392.1_3	K07646	JALZIU010000392.1	3	1593	2597	-	00	4601
GCA_030860125.1	GCA_030860125.1	JALZIU010000392.1_4	K01547	JALZIU010000392.1	4	2979	4034	-	00	4601
GCA_030860125.1	GCA_030860125.1	JALZIU010000392.1_5	K01546	JALZIU010000392.1	5	4039	4599	-	01	4601
GCA_030860125.1	GCA_030860125.1	JALZIU010000515.1_3	K07646	JALZIU010000515.1	3	1512	3254	-	00	4287
GCA_030860125.1	GCA_030860125.1	JALZIU010000101.1_5	K07667	JALZIU010000101.1	5	4266	5042	-	00	9560
GCA_030860135.1	GCA_030860135.1	JALZIT010000146.1_4	K00836	JALZIT010000146.1	4	1953	3248	+	00	5228
GCA_030860165.1	GCA_030860165.1	JALZIS010000394.1_6	K07646	JALZIS010000394.1	6	4486	5646	+	00	16033
GCA_030860165.1	GCA_030860165.1	JALZIS010000394.1_7	K07667	JALZIS010000394.1	7	5639	6334	+	00	16033
GCA_030860165.1	GCA_030860165.1	JALZIS010000394.1_12	K01546	JALZIS010000394.1	12	7937	9763	+	00	16033
GCA_030860165.1	GCA_030860165.1	JALZIS010000394.1_13	K01547	JALZIS010000394.1	13	9863	11920	+	00	16033
GCA_030860165.1	GCA_030860165.1	JALZIS010000394.1_14	K01548	JALZIS010000394.1	14	11925	12503	+	00	16033
GCA_030860165.1	GCA_030860165.1	JALZIS010000394.1_15	K01546	JALZIS010000394.1	15	12650	13546	+	00	16033
GCA_030860165.1	GCA_030860165.1	JALZIS010000394.1_16	K01546	JALZIS010000394.1	16	13543	14376	+	00	16033
GCA_030860165.1	GCA_030860165.1	JALZIS010000394.1_17	K07646	JALZIS010000394.1	17	14396	15577	+	00	16033
GCA_030860185.1	GCA_030860185.1	JALZIR010000407.1_6	K02000	JALZIR010000407.1	6	9287	10372	+	00	15673
GCA_030860185.1	GCA_030860185.1	JALZIR010000407.1_7	K02001	JALZIR010000407.1	7	10359	12293	+	00	15673
GCA_030860185.1	GCA_030860185.1	JALZIR010000407.1_8	K02002	JALZIR010000407.1	8	12325	13329	+	00	15673
GCA_030860185.1	GCA_030860185.1	JALZIR010000262.1_16	K00130	JALZIR010000262.1	16	14024	15433	-	00	23198
GCA_030860205.1	GCA_030860205.1	JALZIQ010000057.1_4	K00108	JALZIQ010000057.1	4	1584	3242	-	00	20443
GCA_030860245.1	GCA_030860245.1	JALZIO010000274.1_2	K07667	JALZIO010000274.1	2	171	878	-	00	2485
GCA_030860245.1	GCA_030860245.1	JALZIO010000274.1_3	K07646	JALZIO010000274.1	3	871	2301	-	00	2485
GCA_030860245.1	GCA_030860245.1	JALZIO010000290.1_3	K00108	JALZIO010000290.1	3	3279	4937	-	00	6100
GCA_030860255.1	GCA_030860255.1	JALZIN010000154.1_2	K01548	JALZIN010000154.1	2	358	930	+	00	2214
GCA_030860255.1	GCA_030860255.1	JALZIN010000154.1_3	K07646	JALZIN010000154.1	3	944	2089	+	00	2214
GCA_030860265.1	GCA_030860265.1	JALZIM010000136.1_2	K02000	JALZIM010000136.1	2	309	1391	+	00	2187
GCA_030860265.1	GCA_030860265.1	JALZIM010000115.1_1	K00108	JALZIM010000115.1	1	2	1462	+	10	7693
GCA_030860405.1	GCA_030860405.1	JALZIG010000270.1_1	K07646	JALZIG010000270.1	1	2	1306	-	10	2316
GCA_030860485.1	GCA_030860485.1	JALZID010000211.1_7	K07667	JALZID010000211.1	7	7401	8051	-	00	22905
GCA_030860485.1	GCA_030860485.1	JALZID010000211.1_8	K07646	JALZID010000211.1	8	8059	10854	-	00	22905
GCA_030860485.1	GCA_030860485.1	JALZID010000211.1_9	K01548	JALZID010000211.1	9	10996	11241	-	00	22905
GCA_030860485.1	GCA_030860485.1	JALZID010000211.1_10	K01548	JALZID010000211.1	10	11413	11619	-	00	22905
GCA_030860485.1	GCA_030860485.1	JALZID010000211.1_11	K01547	JALZID010000211.1	11	11632	13554	-	00	22905
GCA_030860485.1	GCA_030860485.1	JALZID010000211.1_12	K01546	JALZID010000211.1	12	13844	15652	-	00	22905
GCA_030860505.1	GCA_030860505.1	JALZIB010000125.1_4	K07646	JALZIB010000125.1	4	2857	4590	+	00	7453
GCA_030860505.1	GCA_030860505.1	JALZIB010000032.1_9	K07646	JALZIB010000032.1	9	7443	9440	-	00	38051
GCA_030860525.1	GCA_030860525.1	JALZIA010000194.1_1	K07646	JALZIA010000194.1	1	273	2267	+	00	9764
GCA_030860525.1	GCA_030860525.1	JALZIA010000162.1_8	K07646	JALZIA010000162.1	8	6462	8423	+	00	110257
GCA_030860565.1	GCA_030860565.1	JALZHY010000120.1_8	K00130	JALZHY010000120.1	8	5087	6592	-	00	7566
GCA_030860565.1	GCA_030860565.1	JALZHY010000450.1_2	K07667	JALZHY010000450.1	2	1140	1841	-	00	4321
GCA_030860565.1	GCA_030860565.1	JALZHY010000450.1_3	K07646	JALZHY010000450.1	3	1968	3140	-	00	4321
GCA_030860645.1	GCA_030860645.1	JALZHT010000447.1_1	K07646	JALZHT010000447.1	1	1	2415	-	10	3833
GCA_030860645.1	GCA_030860645.1	JALZHT010000059.1_1	K00130	JALZHT010000059.1	1	45	1550	-	00	10854
GCA_030860645.1	GCA_030860645.1	JALZHT010000204.1_3	K07646	JALZHT010000204.1	3	2927	4144	+	00	6009
GCA_030860645.1	GCA_030860645.1	JALZHT010000204.1_4	K07667	JALZHT010000204.1	4	4141	4842	+	00	6009
GCA_030860665.1	GCA_030860665.1	JALZHR010000250.1_3	K07646	JALZHR010000250.1	3	2482	6306	-	00	11475
GCA_030860665.1	GCA_030860665.1	JALZHR010000484.1_15	K07646	JALZHR010000484.1	15	14479	16398	+	01	16400
GCA_030860665.1	GCA_030860665.1	JALZHR010000097.1_7	K07646	JALZHR010000097.1	7	5479	7866	+	00	10867
GCA_030860695.1	GCA_030860695.1	JALZHU010000282.1_3	K07667	JALZHU010000282.1	3	2887	3567	-	00	6828
GCA_030860715.1	GCA_030860715.1	JALZHQ010000053.1_3	K07667	JALZHQ010000053.1	3	1146	1850	+	00	2950
GCA_030860715.1	GCA_030860715.1	JALZHQ010000473.1_2	K06718	JALZHQ010000473.1	2	937	1431	+	00	4274
GCA_030860715.1	GCA_030860715.1	JALZHQ010000473.1_3	K00836	JALZHQ010000473.1	3	1470	2720	+	00	4274
GCA_030860715.1	GCA_030860715.1	JALZHQ010000473.1_4	K06720	JALZHQ010000473.1	4	2738	3136	+	00	4274
GCA_030860715.1	GCA_030860715.1	JALZHQ010000473.1_5	K10674	JALZHQ010000473.1	5	3133	3993	+	00	4274
GCA_030860745.1	GCA_030860745.1	JALZHP010000210.1_2	K02001	JALZHP010000210.1	2	237	1154	-	00	2270
GCA_030860745.1	GCA_030860745.1	JALZHP010000210.1_2	K02002	JALZHP010000210.1	2	237	1154	-	00	2270
GCA_030860745.1	GCA_030860745.1	JALZHP010000210.1_3	K02000	JALZHP010000210.1	3	1158	2270	-	01	2270
GCA_030860795.1	GCA_030860795.1	JALZHN010000319.1_1	K00130	JALZHN010000319.1	1	26	1543	-	00	3490
GCA_030860795.1	GCA_030860795.1	JALZHN010000083.1_2	K02001	JALZHN010000083.1	2	497	1417	+	00	7620
GCA_030860795.1	GCA_030860795.1	JALZHN010000083.1_2	K02002	JALZHN010000083.1	2	497	1417	+	00	7620
GCA_030860795.1	GCA_030860795.1	JALZHN010000083.1_3	K02002	JALZHN010000083.1	3	1569	2465	+	00	7620
GCA_030860795.1	GCA_030860795.1	JALZHN010000083.1_4	K02002	JALZHN010000083.1	4	2538	3437	+	00	7620
GCA_030860825.1	GCA_030860825.1	JALZGV010000126.1_4	K00836	JALZGV010000126.1	4	3649	4710	+	01	4711
GCA_030860865.1	GCA_030860865.1	JALZGU010000126.1_1	K01548	JALZGU010000126.1	1	2	529	+	10	4167
GCA_030860865.1	GCA_030860865.1	JALZGU010000126.1_2	K07646	JALZGU010000126.1	2	718	3411	+	00	4167
GCA_030860865.1	GCA_030860865.1	JALZGU010000126.1_3	K07667	JALZGU010000126.1	3	3419	4114	+	00	4167
GCA_030860875.1	GCA_030860875.1	JALZGS010000237.1_2	K00130	JALZGS010000237.1	2	312	1940	+	00	3438
GCA_030860925.1	GCA_030860925.1	JALZGR010000127.1_12	K07646	JALZGR010000127.1	12	10193	12025	+	00	30175
GCA_030860945.1	GCA_030860945.1	JALZGQ010000388.1_4	K06720	JALZGQ010000388.1	4	1700	2092	-	00	2257
GCA_030860945.1	GCA_030860945.1	JALZGQ010000132.1_2	K07667	JALZGQ010000132.1	2	1755	2528	+	00	7223
GCA_030860985.1	GCA_030860985.1	JALZGO010000404.1_4	K06718	JALZGO010000404.1	4	2860	3465	+	00	4965
GCA_030860985.1	GCA_030860985.1	JALZGO010000404.1_5	K00836	JALZGO010000404.1	5	3462	4706	+	00	4965
GCA_030861005.1	GCA_030861005.1	JALZGN010000158.1_14	K07646	JALZGN010000158.1	14	10080	11918	+	00	18860
GCA_030861005.1	GCA_030861005.1	JALZGN010000327.1_4	K00108	JALZGN010000327.1	4	4191	5852	+	00	10241
GCA_030861065.1	GCA_030861065.1	JALZGK010000008.1_1	K02002	JALZGK010000008.1	1	2	757	+	10	2053
GCA_030861065.1	GCA_030861065.1	JALZGK010000008.1_2	K02002	JALZGK010000008.1	2	1168	2052	+	01	2053
GCA_030861065.1	GCA_030861065.1	JALZGK010000420.1_2	K00130	JALZGK010000420.1	2	1122	2639	+	00	3507
GCA_030861065.1	GCA_030861065.1	JALZGK010000035.1_5	K02002	JALZGK010000035.1	5	3420	4307	+	00	5730
GCA_030861145.1	GCA_030861145.1	JALZGG010000501.1_2	K07667	JALZGG010000501.1	2	272	958	+	00	2579
GCA_030861165.1	GCA_030861165.1	JALZGF010000822.1_3	K07667	JALZGF010000822.1	3	838	1518	+	00	2844
GCA_030861165.1	GCA_030861165.1	JALZGF010000974.1_1	K07646	JALZGF010000974.1	1	37	3132	-	00	4322
GCA_030861175.1	GCA_030861175.1	JALZGE010000886.1_3	K07667	JALZGE010000886.1	3	1048	1764	-	00	3690
GCA_030861175.1	GCA_030861175.1	JALZGE010000886.1_4	K07646	JALZGE010000886.1	4	1730	3688	-	01	3690
GCA_030861175.1	GCA_030861175.1	JALZGE010000804.1_2	K07667	JALZGE010000804.1	2	1515	2204	-	00	2433
GCA_030861175.1	GCA_030861175.1	JALZGE010000941.1_16	K07646	JALZGE010000941.1	16	13591	14778	+	00	18265
GCA_030861175.1	GCA_030861175.1	JALZGE010000895.1_2	K07667	JALZGE010000895.1	2	468	1235	-	00	2099
GCA_030861205.1	GCA_030861205.1	JALZGD010000065.1_7	K07646	JALZGD010000065.1	7	6970	8700	+	00	10337
GCA_030861205.1	GCA_030861205.1	JALZGD010000080.1_5	K07646	JALZGD010000080.1	5	7129	9144	+	00	9509
GCA_030861215.1	GCA_030861215.1	JALZGC010000512.1_2	K02002	JALZGC010000512.1	2	593	1480	+	00	2518
GCA_030861215.1	GCA_030861215.1	JALZGC010000576.1_2	K02002	JALZGC010000576.1	2	617	1516	+	00	2311
GCA_030861215.1	GCA_030861215.1	JALZGC010000031.1_10	K02002	JALZGC010000031.1	10	7723	8601	-	00	10546
GCA_030861215.1	GCA_030861215.1	JALZGC010000031.1_11	K02001	JALZGC010000031.1	11	8723	9670	-	00	10546
GCA_030861215.1	GCA_030861215.1	JALZGC010000327.1_7	K02002	JALZGC010000327.1	7	2959	3624	-	01	3624
GCA_030861285.1	GCA_030861285.1	JALZGA010000353.1_2	K00108	JALZGA010000353.1	2	2874	4463	-	00	4691
GCA_030861315.1	GCA_030861315.1	JALZFX010000071.1_1	K02000	JALZFX010000071.1	1	534	1517	+	00	5676
GCA_030861315.1	GCA_030861315.1	JALZFX010000071.1_3	K02001	JALZFX010000071.1	3	1752	2615	+	00	5676
GCA_030861315.1	GCA_030861315.1	JALZFX010000071.1_3	K02002	JALZFX010000071.1	3	1752	2615	+	00	5676
GCA_030861315.1	GCA_030861315.1	JALZFX010000071.1_4	K02002	JALZFX010000071.1	4	2660	3589	+	00	5676
GCA_030861315.1	GCA_030861315.1	JALZFX010000071.1_5	K02002	JALZFX010000071.1	5	3641	4588	+	00	5676
GCA_030861315.1	GCA_030861315.1	JALZFX010000557.1_2	K02002	JALZFX010000557.1	2	469	1362	+	00	2245
GCA_030861315.1	GCA_030861315.1	JALZFX010000515.1_1	K02000	JALZFX010000515.1	1	2	1240	-	10	2858
GCA_030861315.1	GCA_030861315.1	JALZFX010000661.1_2	K02002	JALZFX010000661.1	2	2626	3531	+	00	6712
GCA_030861365.1	GCA_030861365.1	JALZFV010000069.1_3	K07667	JALZFV010000069.1	3	1978	2682	-	00	5404
GCA_030861365.1	GCA_030861365.1	JALZFV010000069.1_4	K07646	JALZFV010000069.1	4	2679	4265	-	00	5404
GCA_030861365.1	GCA_030861365.1	JALZFV010000571.1_2	K07667	JALZFV010000571.1	2	1944	2642	-	00	2682
GCA_030861385.1	GCA_030861385.1	JALZFU010000049.1_8	K07646	JALZFU010000049.1	8	4803	6641	+	00	9532
GCA_030861385.1	GCA_030861385.1	JALZFU010000021.1_2	K00108	JALZFU010000021.1	2	1511	3172	+	00	10473
GCA_030861435.1	GCA_030861435.1	JALZFR010000239.1_11	K07646	JALZFR010000239.1	11	9897	10991	+	00	19043
GCA_030861435.1	GCA_030861435.1	JALZFR010000239.1_12	K07667	JALZFR010000239.1	12	10988	11692	+	00	19043
GCA_030861485.1	GCA_030861485.1	JALZFP010000166.1_6	K02002	JALZFP010000166.1	6	5361	6248	+	00	11451
GCA_030861525.1	GCA_030861525.1	JALZFM010000916.1_2	K07646	JALZFM010000916.1	2	425	2383	-	00	2659
GCA_030861525.1	GCA_030861525.1	JALZFM010000475.1_2	K07667	JALZFM010000475.1	2	233	943	+	00	2236
GCA_030861525.1	GCA_030861525.1	JALZFM010000929.1_1	K07646	JALZFM010000929.1	1	151	2142	-	00	2215
GCA_030861525.1	GCA_030861525.1	JALZFM010000819.1_1	K07646	JALZFM010000819.1	1	225	2087	+	01	2089
GCA_030861525.1	GCA_030861525.1	JALZFM010000333.1_2	K07667	JALZFM010000333.1	2	466	1173	-	00	2966
GCA_030861525.1	GCA_030861525.1	JALZFM010000333.1_3	K07646	JALZFM010000333.1	3	1170	2792	-	00	2966
GCA_030861585.1	GCA_030861585.1	JALZFK010000089.1_6	K02002	JALZFK010000089.1	6	4515	5357	-	00	13058
GCA_030861585.1	GCA_030861585.1	JALZFK010000089.1_7	K02002	JALZFK010000089.1	7	5561	6457	-	00	13058
GCA_030861585.1	GCA_030861585.1	JALZFK010000089.1_8	K02001	JALZFK010000089.1	8	6594	7592	-	00	13058
GCA_030861585.1	GCA_030861585.1	JALZFK010000089.1_9	K02000	JALZFK010000089.1	9	7595	8830	-	00	13058
GCA_030861625.1	GCA_030861625.1	JALZFH010000093.1_8	K02002	JALZFH010000093.1	8	7288	8163	+	00	11813
GCA_030861625.1	GCA_030861625.1	JALZFH010000313.1_2	K02000	JALZFH010000313.1	2	725	1981	+	00	3039
GCA_030861625.1	GCA_030861625.1	JALZFH010000313.1_3	K02001	JALZFH010000313.1	3	1984	2856	+	00	3039
GCA_030861625.1	GCA_030861625.1	JALZFH010000062.1_2	K02000	JALZFH010000062.1	2	1486	2706	+	00	34562
GCA_030861625.1	GCA_030861625.1	JALZFH010000062.1_3	K02001	JALZFH010000062.1	3	2709	3707	+	00	34562
GCA_030861625.1	GCA_030861625.1	JALZFH010000062.1_4	K02002	JALZFH010000062.1	4	3869	4774	+	00	34562
GCA_030861665.1	GCA_030861665.1	JALZFF010000191.1_1	K07646	JALZFF010000191.1	1	3	1337	+	10	2032
GCA_030861675.1	GCA_030861675.1	JALZFE010000400.1_3	K00130	JALZFE010000400.1	3	3194	4699	+	00	8422
GCA_030861705.1	GCA_030861705.1	JALZFD010000785.1_2	K07667	JALZFD010000785.1	2	475	1161	+	00	2042
GCA_030861705.1	GCA_030861705.1	JALZFD010000607.1_3	K07646	JALZFD010000607.1	3	2354	4276	+	00	4431
GCA_030861705.1	GCA_030861705.1	JALZFD010000398.1_2	K00130	JALZFD010000398.1	2	1509	3014	+	00	3629
GCA_030861725.1	GCA_030861725.1	JALZFC010000028.1_26	K07646	JALZFC010000028.1	26	26801	28864	+	00	45806
GCA_030861725.1	GCA_030861725.1	JALZFC010000028.1_31	K07646	JALZFC010000028.1	31	33143	34900	-	00	45806
GCA_030861885.1	GCA_030861885.1	JALZEU010000637.1_5	K06720	JALZEU010000637.1	5	2635	3015	+	00	3407
GCA_030861905.1	GCA_030861905.1	JALZET010000349.1_2	K07646	JALZET010000349.1	2	255	2798	+	00	3668
GCA_030861905.1	GCA_030861905.1	JALZET010000349.1_3	K07667	JALZET010000349.1	3	2798	3532	+	00	3668
GCA_030861905.1	GCA_030861905.1	JALZET010000279.1_2	K07646	JALZET010000279.1	2	564	1865	-	00	8335
GCA_030861965.1	GCA_030861965.1	JALZEQ010000007.1_2	K07646	JALZEQ010000007.1	2	2228	3811	-	00	9130
GCA_030861965.1	GCA_030861965.1	JALZEQ010000007.1_3	K07667	JALZEQ010000007.1	3	3817	4512	-	00	9130
GCA_030862005.1	GCA_030862005.1	JALZEM010000280.1_3	K07646	JALZEM010000280.1	3	531	2111	-	01	2113
GCA_030862005.1	GCA_030862005.1	JALZEM010000040.1_3	K07646	JALZEM010000040.1	3	2972	4387	+	00	5962
GCA_030862005.1	GCA_030862005.1	JALZEM010000040.1_4	K07667	JALZEM010000040.1	4	4384	5118	+	00	5962
GCA_030862065.1	GCA_030862065.1	JALZEK010000179.1_1	K07646	JALZEK010000179.1	1	1	990	+	10	6679
GCA_030862065.1	GCA_030862065.1	JALZEK010000179.1_2	K07667	JALZEK010000179.1	2	965	1660	+	00	6679
GCA_030862115.1	GCA_030862115.1	JALZEI010000042.1_4	K07646	JALZEI010000042.1	4	4022	5425	+	00	6649
GCA_030862115.1	GCA_030862115.1	JALZEI010000042.1_5	K07667	JALZEI010000042.1	5	5400	6134	+	00	6649
GCA_030862185.1	GCA_030862185.1	JALZEG010000305.1_4	K07646	JALZEG010000305.1	4	1732	3483	+	00	12608
GCA_030862185.1	GCA_030862185.1	JALZEG010000305.1_7	K07646	JALZEG010000305.1	7	6908	8965	-	00	12608
GCA_030862205.1	GCA_030862205.1	JALZEE010000003.1_1	K02002	JALZEE010000003.1	1	47	925	-	00	4325
GCA_030862205.1	GCA_030862205.1	JALZEE010000003.1_2	K02002	JALZEE010000003.1	2	1050	1937	-	00	4325
GCA_030862205.1	GCA_030862205.1	JALZEE010000003.1_3	K02001	JALZEE010000003.1	3	2081	3064	-	00	4325
GCA_030862205.1	GCA_030862205.1	JALZEE010000003.1_3	K02002	JALZEE010000003.1	3	2081	3064	-	00	4325
GCA_030862205.1	GCA_030862205.1	JALZEE010000003.1_4	K02000	JALZEE010000003.1	4	3067	4323	-	01	4325
GCA_030862225.1	GCA_030862225.1	JALZED010000248.1_1	K07646	JALZED010000248.1	1	160	2118	+	01	2119
GCA_030862265.1	GCA_030862265.1	JALZEA010000145.1_4	K07646	JALZEA010000145.1	4	1671	3407	+	00	4617
GCA_030862275.1	GCA_030862275.1	JALZEB010000171.1_2	K07667	JALZEB010000171.1	2	337	1050	+	00	4965
GCA_030862275.1	GCA_030862275.1	JALZEB010000274.1_2	K07646	JALZEB010000274.1	2	139	1887	+	00	7215
GCA_030862345.1	GCA_030862345.1	JALZDV010000371.1_4	K06720	JALZDV010000371.1	4	2928	3302	-	00	4481
GCA_030862405.1	GCA_030862405.1	JALZDU010000323.1_2	K00836	JALZDU010000323.1	2	1958	3358	-	00	3433
GCA_030862465.1	GCA_030862465.1	JALZDQ010000421.1_5	K07646	JALZDQ010000421.1	5	5014	6810	-	00	7278
GCA_030862475.1	GCA_030862475.1	JALZDS010000156.1_1	K02002	JALZDS010000156.1	1	1	864	-	10	11311
GCA_030862475.1	GCA_030862475.1	JALZDS010000163.1_3	K02002	JALZDS010000163.1	3	1593	2480	-	00	5559
GCA_030862475.1	GCA_030862475.1	JALZDS010000163.1_4	K02001	JALZDS010000163.1	4	2623	3645	-	00	5559
GCA_030862475.1	GCA_030862475.1	JALZDS010000163.1_5	K02000	JALZDS010000163.1	5	3648	4862	-	00	5559
GCA_030862475.1	GCA_030862475.1	JALZDS010000127.1_2	K02002	JALZDS010000127.1	2	376	1260	+	00	2557
GCA_030862505.1	GCA_030862505.1	JALZDP010000100.1_1	K07646	JALZDP010000100.1	1	1	804	+	10	8102
GCA_030862505.1	GCA_030862505.1	JALZDP010000100.1_2	K07667	JALZDP010000100.1	2	801	1502	+	00	8102
GCA_030862505.1	GCA_030862505.1	JALZDP010000635.1_8	K07646	JALZDP010000635.1	8	5510	7243	+	00	7268
GCA_030862505.1	GCA_030862505.1	JALZDP010000526.1_4	K07646	JALZDP010000526.1	4	2699	4369	-	01	4370
GCA_030862525.1	GCA_030862525.1	JALZDN010000018.1_20	K00836	JALZDN010000018.1	20	17008	18411	+	00	34056
GCA_030862535.1	GCA_030862535.1	JALZDO010000517.1_1	K07646	JALZDO010000517.1	1	29	2095	+	00	2614
GCA_030862645.1	GCA_030862645.1	JALZDF010000022.1_4	K07646	JALZDF010000022.1	4	3579	5480	-	00	27803
GCA_030862645.1	GCA_030862645.1	JALZDF010000088.1_24	K06720	JALZDF010000088.1	24	21711	22094	+	00	39554
GCA_030862655.1	GCA_030862655.1	JALZDI010000287.1_2	K00108	JALZDI010000287.1	2	868	2586	-	00	3421
GCA_030862685.1	GCA_030862685.1	JALZDH010000410.1_1	K07646	JALZDH010000410.1	1	1	2058	+	10	8171
GCA_030862685.1	GCA_030862685.1	JALZDH010000029.1_2	K07646	JALZDH010000029.1	2	1271	2539	+	01	2540
GCA_030862685.1	GCA_030862685.1	JALZDH010000204.1_7	K07667	JALZDH010000204.1	7	5539	6243	-	00	6358
GCA_030862685.1	GCA_030862685.1	JALZDH010000248.1_2	K02001	JALZDH010000248.1	2	645	2684	+	00	5064
GCA_030862685.1	GCA_030862685.1	JALZDH010000248.1_3	K02002	JALZDH010000248.1	3	2742	3737	+	00	5064
GCA_030862715.1	GCA_030862715.1	JALZDD010001007.1_2	K02001	JALZDD010001007.1	2	798	1700	-	00	5334
GCA_030862715.1	GCA_030862715.1	JALZDD010001007.1_3	K02000	JALZDD010001007.1	3	1693	2928	-	00	5334
GCA_030862715.1	GCA_030862715.1	JALZDD010001007.1_4	K02002	JALZDD010001007.1	4	2928	3884	-	00	5334
GCA_030862715.1	GCA_030862715.1	JALZDD010000272.1_1	K01547	JALZDD010000272.1	1	3	878	-	10	5419
GCA_030862715.1	GCA_030862715.1	JALZDD010000272.1_2	K01546	JALZDD010000272.1	2	875	2539	-	00	5419
GCA_030862715.1	GCA_030862715.1	JALZDD010000563.1_2	K06720	JALZDD010000563.1	2	250	660	-	00	9285
GCA_030862715.1	GCA_030862715.1	JALZDD010000563.1_3	K00836	JALZDD010000563.1	3	689	2563	-	00	9285
GCA_030862715.1	GCA_030862715.1	JALZDD010000563.1_3	K06718	JALZDD010000563.1	3	689	2563	-	00	9285
GCA_030862715.1	GCA_030862715.1	JALZDD010000316.1_1	K10674	JALZDD010000316.1	1	2	556	+	10	3858
GCA_030862715.1	GCA_030862715.1	JALZDD010000476.1_4	K00130	JALZDD010000476.1	4	3240	4742	+	00	9279
GCA_030862715.1	GCA_030862715.1	JALZDD010000476.1_5	K00108	JALZDD010000476.1	5	4748	6484	+	00	9279
GCA_030862715.1	GCA_030862715.1	JALZDD010000982.1_9	K07667	JALZDD010000982.1	9	6812	7501	-	00	11096
GCA_030862715.1	GCA_030862715.1	JALZDD010000982.1_10	K07646	JALZDD010000982.1	10	7581	10031	-	00	11096
GCA_030862715.1	GCA_030862715.1	JALZDD010000982.1_11	K01548	JALZDD010000982.1	11	10136	10747	-	00	11096
GCA_030862755.1	GCA_030862755.1	JALZDC010000039.1_5	K07667	JALZDC010000039.1	5	5536	6234	-	00	7032
GCA_030862755.1	GCA_030862755.1	JALZDC010000039.1_6	K07646	JALZDC010000039.1	6	6231	7031	-	01	7032
GCA_030862755.1	GCA_030862755.1	JALZDC010000441.1_7	K00108	JALZDC010000441.1	7	5390	7045	-	00	10889
GCA_030862815.1	GCA_030862815.1	JALZCY010000177.1_6	K10674	JALZCY010000177.1	6	5871	6770	-	00	10539
GCA_030862815.1	GCA_030862815.1	JALZCY010000177.1_7	K06720	JALZCY010000177.1	7	6767	7186	-	00	10539
GCA_030862815.1	GCA_030862815.1	JALZCY010000177.1_8	K00836	JALZCY010000177.1	8	7255	8508	-	00	10539
GCA_030862815.1	GCA_030862815.1	JALZCY010000177.1_9	K06718	JALZCY010000177.1	9	8626	9144	-	00	10539
GCA_030862825.1	GCA_030862825.1	JALZCZ010000388.1_15	K07667	JALZCZ010000388.1	15	12573	13280	-	00	25928
GCA_030862825.1	GCA_030862825.1	JALZCZ010000388.1_16	K07646	JALZCZ010000388.1	16	13277	14335	-	00	25928
GCA_030862825.1	GCA_030862825.1	JALZCZ010000290.1_2	K02000	JALZCZ010000290.1	2	1145	2221	+	00	4235
GCA_030862825.1	GCA_030862825.1	JALZCZ010000290.1_3	K02001	JALZCZ010000290.1	3	2218	4233	+	01	4235
GCA_030862825.1	GCA_030862825.1	JALZCZ010000457.1_1	K02002	JALZCZ010000457.1	1	127	1113	+	00	35250
GCA_030862825.1	GCA_030862825.1	JALZCZ010000389.1_2	K00130	JALZCZ010000389.1	2	707	2176	-	00	5159
GCA_030862865.1	GCA_030862865.1	JALZCW010000604.1_3	K00130	JALZCW010000604.1	3	1961	3445	-	00	3918
GCA_030862865.1	GCA_030862865.1	JALZCW010000315.1_1	K07646	JALZCW010000315.1	1	2	1108	-	10	11164
GCA_030862865.1	GCA_030862865.1	JALZCW010000315.1_2	K01548	JALZCW010000315.1	2	1231	1836	-	00	11164
GCA_030862865.1	GCA_030862865.1	JALZCW010000315.1_3	K01547	JALZCW010000315.1	3	1842	4004	-	00	11164
GCA_030862865.1	GCA_030862865.1	JALZCW010000315.1_4	K01546	JALZCW010000315.1	4	4001	5671	-	00	11164
GCA_030862865.1	GCA_030862865.1	JALZCW010000806.1_3	K10674	JALZCW010000806.1	3	1164	2075	-	00	6866
GCA_030862865.1	GCA_030862865.1	JALZCW010000806.1_4	K06720	JALZCW010000806.1	4	2192	2584	-	00	6866
GCA_030862865.1	GCA_030862865.1	JALZCW010000806.1_5	K00836	JALZCW010000806.1	5	2593	3849	-	00	6866
GCA_030862865.1	GCA_030862865.1	JALZCW010000806.1_6	K06718	JALZCW010000806.1	6	3859	4383	-	00	6866
GCA_030862905.1	GCA_030862905.1	JALZCU010000008.1_2	K07646	JALZCU010000008.1	2	601	2313	+	00	2880
GCA_030862935.1	GCA_030862935.1	JALZCT010000345.1_1	K07646	JALZCT010000345.1	1	1	2817	+	10	4381
GCA_030862975.1	GCA_030862975.1	JALZCR010000230.1_13	K02002	JALZCR010000230.1	13	11324	12214	-	00	12241
GCA_030863015.1	GCA_030863015.1	JALZCO010000262.1_2	K00836	JALZCO010000262.1	2	958	2361	-	00	9650
GCA_030863015.1	GCA_030863015.1	JALZCO010000456.1_2	K06720	JALZCO010000456.1	2	768	1172	+	00	2114
GCA_030863015.1	GCA_030863015.1	JALZCO010000456.1_3	K10674	JALZCO010000456.1	3	1183	2085	+	00	2114
GCA_030863045.1	GCA_030863045.1	JALZCN010000458.1_9	K06718	JALZCN010000458.1	9	7457	7951	+	00	9945
GCA_030863045.1	GCA_030863045.1	JALZCN010000458.1_10	K00836	JALZCN010000458.1	10	8009	9256	+	00	9945
GCA_030863045.1	GCA_030863045.1	JALZCN010000458.1_11	K06720	JALZCN010000458.1	11	9253	9657	+	00	9945
GCA_030863065.1	GCA_030863065.1	JALZCM010000153.1_2	K02000	JALZCM010000153.1	2	570	1787	-	00	2587
GCA_030863065.1	GCA_030863065.1	JALZCM010000306.1_1	K02001	JALZCM010000306.1	1	3	998	+	10	4760
GCA_030863065.1	GCA_030863065.1	JALZCM010000306.1_2	K02002	JALZCM010000306.1	2	1153	2052	+	00	4760
GCA_030863065.1	GCA_030863065.1	JALZCM010000306.1_3	K02002	JALZCM010000306.1	3	2199	3083	+	00	4760
GCA_030863065.1	GCA_030863065.1	JALZCM010000306.1_4	K02002	JALZCM010000306.1	4	3206	4189	+	00	4760
GCA_030863085.1	GCA_030863085.1	JALZCL010000597.1_2	K02001	JALZCL010000597.1	2	199	1062	+	00	2257
GCA_030863085.1	GCA_030863085.1	JALZCL010000597.1_3	K02000	JALZCL010000597.1	3	1059	1919	+	00	2257
GCA_030863165.1	GCA_030863165.1	JALZCG010000383.1_2	K07667	JALZCG010000383.1	2	1070	1777	-	00	3645
GCA_030863175.1	GCA_030863175.1	JALZCH010000107.1_7	K07646	JALZCH010000107.1	7	5674	7701	+	00	94154
GCA_030863245.1	GCA_030863245.1	JALZCF010000180.1_4	K07646	JALZCF010000180.1	4	1992	3797	-	00	9202
GCA_030863315.1	GCA_030863315.1	JALZBY010000055.1_7	K07646	JALZBY010000055.1	7	6194	7942	+	00	9303
GCA_030863315.1	GCA_030863315.1	JALZBY010000056.1_3	K07646	JALZBY010000056.1	3	2220	4277	-	00	7277
GCA_030863375.1	GCA_030863375.1	JALZBV010000397.1_3	K02002	JALZBV010000397.1	3	1551	2588	-	00	9947
GCA_030863375.1	GCA_030863375.1	JALZBV010000496.1_18	K02002	JALZBV010000496.1	18	15422	16282	-	00	20893
GCA_030863375.1	GCA_030863375.1	JALZBV010000385.1_7	K02000	JALZBV010000385.1	7	4083	5291	+	00	5448
GCA_030863465.1	GCA_030863465.1	JALZBS010000003.1_2	K02001	JALZBS010000003.1	2	651	1607	-	00	2080
GCA_030867425.1	GCA_030867425.1	JALZFJ010000411.1_3	K02002	JALZFJ010000411.1	3	1540	2430	-	00	3959
GCA_030867425.1	GCA_030867425.1	JALZFJ010000411.1_4	K02001	JALZFJ010000411.1	4	2572	3594	-	00	3959
GCA_030867425.1	GCA_030867425.1	JALZFJ010000116.1_3	K02002	JALZFJ010000116.1	3	2918	3562	-	01	3564
GCA_030913735.1	GCA_030913735.1	JALZOW010000087.1_2	K00130	JALZOW010000087.1	2	748	2277	-	00	4365
GCA_030913735.1	GCA_030913735.1	JALZOW010000087.1_3	K00108	JALZOW010000087.1	3	2274	3992	-	00	4365
GCA_030913735.1	GCA_030913735.1	JALZOW010000650.1_1	K07646	JALZOW010000650.1	1	2	2041	+	10	2116
GCA_030913745.1	GCA_030913745.1	JALZOV010000067.1_2	K00130	JALZOV010000067.1	2	162	1634	+	00	7279
GCA_030913745.1	GCA_030913745.1	JALZOV010000170.1_3	K07646	JALZOV010000170.1	3	1940	3376	-	00	5079
GCA_030913775.1	GCA_030913775.1	JALZOU010000239.1_2	K02001	JALZOU010000239.1	2	916	2517	-	01	2517
GCA_030913775.1	GCA_030913775.1	JALZOU010000679.1_1	K01548	JALZOU010000679.1	1	2	379	-	10	2317
GCA_030913775.1	GCA_030913775.1	JALZOU010000679.1_2	K01546	JALZOU010000679.1	2	386	2095	-	00	2317
GCA_030913775.1	GCA_030913775.1	JALZOU010000177.1_1	K01547	JALZOU010000177.1	1	1	1998	-	10	2550
GCA_030913775.1	GCA_030913775.1	JALZOU010000177.1_2	K01548	JALZOU010000177.1	2	1998	2549	-	01	2550
GCA_030913775.1	GCA_030913775.1	JALZOU010000278.1_3	K07646	JALZOU010000278.1	3	870	1988	-	00	3399
GCA_030913775.1	GCA_030913775.1	JALZOU010000278.1_4	K01547	JALZOU010000278.1	4	1988	3397	-	01	3399
GCA_030913825.1	GCA_030913825.1	JALZON010000111.1_2	K07646	JALZON010000111.1	2	1502	3523	+	00	3652
GCA_030913825.1	GCA_030913825.1	JALZON010000200.1_1	K00108	JALZON010000200.1	1	3	1325	-	10	2820
GCA_030913825.1	GCA_030913825.1	JALZON010000293.1_2	K00130	JALZON010000293.1	2	440	1897	-	00	2294
GCA_030913865.1	GCA_030913865.1	JALZOR010000304.1_7	K00130	JALZOR010000304.1	7	5147	6619	-	00	7250
GCA_030913905.1	GCA_030913905.1	JALZOO010000638.1_1	K07646	JALZOO010000638.1	1	256	1437	+	00	7446
GCA_030913905.1	GCA_030913905.1	JALZOO010000638.1_2	K07667	JALZOO010000638.1	2	1440	2135	+	00	7446
GCA_030913945.1	GCA_030913945.1	JALZOM010000128.1_4	K07667	JALZOM010000128.1	4	1829	2536	-	00	16734
GCA_030913945.1	GCA_030913945.1	JALZOM010000128.1_5	K07646	JALZOM010000128.1	5	2529	3935	-	00	16734
GCA_030913965.1	GCA_030913965.1	JALZHJ010000331.1_4	K00130	JALZHJ010000331.1	4	1341	2858	+	00	3353
GCA_030913965.1	GCA_030913965.1	JALZHJ010000085.1_2	K02002	JALZHJ010000085.1	2	4171	5043	-	00	5473
GCA_030913985.1	GCA_030913985.1	JALZHI010000123.1_10	K07646	JALZHI010000123.1	10	9271	11232	+	00	16938
GCA_030913985.1	GCA_030913985.1	JALZHI010000087.1_11	K07667	JALZHI010000087.1	11	18725	19444	+	00	21444
GCA_030914045.1	GCA_030914045.1	JALZHG010000029.1_27	K07667	JALZHG010000029.1	27	35117	35875	+	00	45610
GCA_030914045.1	GCA_030914045.1	JALZHG010000033.1_1	K07667	JALZHG010000033.1	1	118	837	+	00	39449
GCA_030914045.1	GCA_030914045.1	JALZHG010000033.1_2	K07646	JALZHG010000033.1	2	1159	3150	+	00	39449
GCA_030914045.1	GCA_030914045.1	JALZHG010000060.1_10	K07646	JALZHG010000060.1	10	9344	11305	+	00	26505
GCA_030914065.1	GCA_030914065.1	JALZHD010000094.1_2	K02002	JALZHD010000094.1	2	2132	3019	-	00	3965
GCA_030914075.1	GCA_030914075.1	JALZHF010000389.1_2	K02002	JALZHF010000389.1	2	599	1474	+	00	3442
GCA_030914075.1	GCA_030914075.1	JALZHF010000389.1_3	K02002	JALZHF010000389.1	3	1524	2456	+	00	3442
GCA_030914075.1	GCA_030914075.1	JALZHF010000412.1_2	K02002	JALZHF010000412.1	2	1139	1990	-	00	3331
GCA_030914075.1	GCA_030914075.1	JALZHF010000228.1_4	K02002	JALZHF010000228.1	4	3957	4484	-	01	4484
GCA_030914105.1	GCA_030914105.1	JALZHC010000122.1_4	K07646	JALZHC010000122.1	4	5430	6602	+	00	8153
GCA_030914105.1	GCA_030914105.1	JALZHC010000122.1_5	K07667	JALZHC010000122.1	5	6729	7430	+	00	8153
GCA_030914175.1	GCA_030914175.1	JALZHA010000476.1_4	K00836	JALZHA010000476.1	4	2224	3624	+	00	3802
GCA_030914225.1	GCA_030914225.1	JALZGW010001443.1_3	K07646	JALZGW010001443.1	3	902	2581	+	00	7342
GCA_030914225.1	GCA_030914225.1	JALZGW010001443.1_6	K07667	JALZGW010001443.1	6	3716	4453	+	00	7342
GCA_030945705.1	GCA_030945705.1	JALYZK010000178.1_4	K00130	JALYZK010000178.1	4	6035	7570	+	00	8468
GCA_030945905.1	GCA_030945905.1	JALYZC010000003.1_7	K07646	JALYZC010000003.1	7	5963	7306	+	00	29332
GCA_030945905.1	GCA_030945905.1	JALYZC010000003.1_8	K07667	JALYZC010000003.1	8	7303	8004	+	00	29332
GCA_030945905.1	GCA_030945905.1	JALYZC010000003.1_10	K07646	JALYZC010000003.1	10	10113	11510	+	00	29332
GCA_030945905.1	GCA_030945905.1	JALYZC010000003.1_11	K07667	JALYZC010000003.1	11	11507	12187	+	00	29332
GCA_030945905.1	GCA_030945905.1	JALYZC010000003.1_14	K01546	JALYZC010000003.1	14	12669	14423	+	00	29332
GCA_030945905.1	GCA_030945905.1	JALYZC010000003.1_15	K01548	JALYZC010000003.1	15	14424	15077	+	00	29332
GCA_030945905.1	GCA_030945905.1	JALYZC010000003.1_16	K01547	JALYZC010000003.1	16	15074	17137	+	00	29332
GCA_030945905.1	GCA_030945905.1	JALYZC010000003.1_17	K07646	JALYZC010000003.1	17	17164	18291	+	00	29332
GCA_030945945.1	GCA_030945945.1	JALYZB010000296.1_4	K00108	JALYZB010000296.1	4	3234	4916	+	00	22172
GCA_030945945.1	GCA_030945945.1	JALYZB010000409.1_3	K00108	JALYZB010000409.1	3	1962	3644	-	00	5979
GCA_030945945.1	GCA_030945945.1	JALYZB010000206.1_1	K07646	JALYZB010000206.1	1	1	1062	+	10	7532
GCA_030945945.1	GCA_030945945.1	JALYZB010000206.1_2	K07667	JALYZB010000206.1	2	1059	1748	+	00	7532
GCA_030945955.1	GCA_030945955.1	JALYZA010000325.1_1	K01546	JALYZA010000325.1	1	327	716	+	00	3688
GCA_030945955.1	GCA_030945955.1	JALYZA010000325.1_2	K01546	JALYZA010000325.1	2	722	2050	+	00	3688
GCA_030945955.1	GCA_030945955.1	JALYZA010000325.1_4	K01547	JALYZA010000325.1	4	2292	3242	+	00	3688
GCA_030945955.1	GCA_030945955.1	JALYZA010000516.1_1	K07646	JALYZA010000516.1	1	3	1253	+	10	4114
GCA_030945955.1	GCA_030945955.1	JALYZA010000516.1_2	K07667	JALYZA010000516.1	2	1250	1948	+	00	4114
GCA_030945985.1	GCA_030945985.1	JALYYZ010000187.1_7	K00130	JALYYZ010000187.1	7	5949	7451	+	00	9258
GCA_030945985.1	GCA_030945985.1	JALYYZ010000336.1_12	K07667	JALYYZ010000336.1	12	6707	7408	-	00	11143
GCA_030945985.1	GCA_030945985.1	JALYYZ010000336.1_13	K07646	JALYYZ010000336.1	13	7398	8639	-	00	11143
GCA_030945985.1	GCA_030945985.1	JALYYZ010000364.1_4	K07646	JALYYZ010000364.1	4	2030	4084	+	00	8089
GCA_030945985.1	GCA_030945985.1	JALYYZ010000429.1_2	K07667	JALYYZ010000429.1	2	1755	2450	-	00	6832
GCA_030945985.1	GCA_030945985.1	JALYYZ010000061.1_1	K07667	JALYYZ010000061.1	1	282	983	-	00	9315
GCA_030945985.1	GCA_030945985.1	JALYYZ010000061.1_2	K07646	JALYYZ010000061.1	2	973	2250	-	00	9315
GCA_030945985.1	GCA_030945985.1	JALYYZ010000183.1_3	K07646	JALYYZ010000183.1	3	1264	3231	-	00	5932
GCA_030945985.1	GCA_030945985.1	JALYYZ010000183.1_4	K07667	JALYYZ010000183.1	4	3234	3950	-	00	5932
GCA_030945985.1	GCA_030945985.1	JALYYZ010000172.1_1	K07646	JALYYZ010000172.1	1	3	1709	+	10	3405
GCA_030945985.1	GCA_030945985.1	JALYYZ010000172.1_2	K07667	JALYYZ010000172.1	2	1950	2666	+	00	3405
GCA_030946075.1	GCA_030946075.1	JALYYX010000070.1_1	K07667	JALYYX010000070.1	1	1	627	+	10	3008
GCA_030946085.1	GCA_030946085.1	JALYYW010000072.1_2	K00836	JALYYW010000072.1	2	296	1546	+	00	13343
GCA_030946085.1	GCA_030946085.1	JALYYW010000051.1_19	K07646	JALYYW010000051.1	19	17421	18506	-	00	30134
GCA_030946085.1	GCA_030946085.1	JALYYW010000051.1_20	K01547	JALYYW010000051.1	20	18536	20641	-	00	30134
GCA_030946085.1	GCA_030946085.1	JALYYW010000051.1_21	K01548	JALYYW010000051.1	21	20641	21297	-	00	30134
GCA_030946085.1	GCA_030946085.1	JALYYW010000051.1_22	K01546	JALYYW010000051.1	22	21299	23068	-	00	30134
GCA_030946085.1	GCA_030946085.1	JALYYW010000051.1_25	K07667	JALYYW010000051.1	25	23367	24023	-	00	30134
GCA_030946085.1	GCA_030946085.1	JALYYW010000051.1_26	K07646	JALYYW010000051.1	26	24044	25459	-	00	30134
GCA_030946085.1	GCA_030946085.1	JALYYW010000036.1_3	K07667	JALYYW010000036.1	3	2970	3659	-	00	9180
GCA_030946085.1	GCA_030946085.1	JALYYW010000036.1_4	K07646	JALYYW010000036.1	4	3656	5005	-	00	9180
GCA_030946185.1	GCA_030946185.1	JALYYV010000415.1_1	K01546	JALYYV010000415.1	1	3	626	+	10	3235
GCA_030946185.1	GCA_030946185.1	JALYYV010000415.1_2	K01547	JALYYV010000415.1	2	637	2718	+	00	3235
GCA_030946185.1	GCA_030946185.1	JALYYV010000415.1_3	K01548	JALYYV010000415.1	3	2718	3233	+	01	3235
GCA_030946185.1	GCA_030946185.1	JALYYV010000095.1_5	K07646	JALYYV010000095.1	5	3487	5970	-	01	5970
GCA_030946195.1	GCA_030946195.1	JALYYU010000485.1_2	K07646	JALYYU010000485.1	2	263	1918	+	00	2529
GCA_030946285.1	GCA_030946285.1	JALYYT010000045.1_16	K07667	JALYYT010000045.1	16	14586	15311	-	00	20525
GCA_030946315.1	GCA_030946315.1	JALYYS010000363.1_4	K07667	JALYYS010000363.1	4	3432	4136	-	00	9811
GCA_030946315.1	GCA_030946315.1	JALYYS010000215.1_4	K02002	JALYYS010000215.1	4	4111	5073	-	00	12025
GCA_030946315.1	GCA_030946315.1	JALYYS010000215.1_5	K02001	JALYYS010000215.1	5	5126	7264	-	00	12025
GCA_030946315.1	GCA_030946315.1	JALYYS010000215.1_6	K02000	JALYYS010000215.1	6	7261	8337	-	00	12025
GCA_030946315.1	GCA_030946315.1	JALYYS010000215.1_7	K00108	JALYYS010000215.1	7	8337	10058	-	00	12025
GCA_030946315.1	GCA_030946315.1	JALYYS010000215.1_8	K00130	JALYYS010000215.1	8	10064	11533	-	00	12025
GCA_030946335.1	GCA_030946335.1	JALYYP010000061.1_3	K07646	JALYYP010000061.1	3	3385	5055	+	01	5057
GCA_030946335.1	GCA_030946335.1	JALYYP010000129.1_2	K07646	JALYYP010000129.1	2	776	2401	+	01	2402
GCA_030946335.1	GCA_030946335.1	JALYYP010000665.1_9	K07667	JALYYP010000665.1	9	7473	8180	-	00	8423
GCA_030946335.1	GCA_030946335.1	JALYYP010000500.1_4	K07667	JALYYP010000500.1	4	1348	2040	-	00	2653
GCA_030946425.1	GCA_030946425.1	JALYYQ010000190.1_2	K01547	JALYYQ010000190.1	2	444	1691	-	00	2366
GCA_030946425.1	GCA_030946425.1	JALYYQ010000190.1_3	K01546	JALYYQ010000190.1	3	1704	2366	-	01	2366
GCA_030946525.1	GCA_030946525.1	JALYYN010000198.1_9	K07646	JALYYN010000198.1	9	10899	12032	+	00	21200
GCA_030946525.1	GCA_030946525.1	JALYYN010000198.1_10	K07667	JALYYN010000198.1	10	12025	12741	+	00	21200
GCA_030946565.1	GCA_030946565.1	JALYYM010000306.1_2	K07667	JALYYM010000306.1	2	949	1638	-	00	17556
GCA_030946605.1	GCA_030946605.1	JALYYK010000374.1_2	K07646	JALYYK010000374.1	2	244	1722	+	00	4398
GCA_030946605.1	GCA_030946605.1	JALYYK010000374.1_3	K07667	JALYYK010000374.1	3	1719	2393	+	00	4398
GCA_030946665.1	GCA_030946665.1	JALYYH010000154.1_7	K07667	JALYYH010000154.1	7	6135	6839	-	00	7028
GCA_030946665.1	GCA_030946665.1	JALYYH010000267.1_3	K07646	JALYYH010000267.1	3	3095	4741	+	00	25916
GCA_030946685.1	GCA_030946685.1	JALYYG010000135.1_2	K00130	JALYYG010000135.1	2	141	1670	+	00	2695
GCA_030946705.1	GCA_030946705.1	JALYYI010000125.1_32	K02001	JALYYI010000125.1	32	30376	32391	-	00	44842
GCA_030946705.1	GCA_030946705.1	JALYYI010000125.1_33	K02000	JALYYI010000125.1	33	32391	33509	-	00	44842
GCA_030946705.1	GCA_030946705.1	JALYYI010000125.1_34	K00130	JALYYI010000125.1	34	33506	35035	-	00	44842
GCA_030946705.1	GCA_030946705.1	JALYYI010000125.1_35	K00108	JALYYI010000125.1	35	35032	36765	-	00	44842
GCA_030946705.1	GCA_030946705.1	JALYYI010000129.1_16	K07667	JALYYI010000129.1	16	14607	15284	-	00	65595
GCA_030946705.1	GCA_030946705.1	JALYYI010000129.1_17	K07646	JALYYI010000129.1	17	15281	18241	-	00	65595
GCA_030946705.1	GCA_030946705.1	JALYYI010000224.1_1	K02000	JALYYI010000224.1	1	165	1484	+	00	7632
GCA_030946705.1	GCA_030946705.1	JALYYI010000224.1_2	K02001	JALYYI010000224.1	2	1485	2333	+	00	7632
GCA_030946705.1	GCA_030946705.1	JALYYI010000224.1_3	K02002	JALYYI010000224.1	3	2428	3330	+	00	7632
GCA_030946725.1	GCA_030946725.1	JALYYF010000285.1_2	K07646	JALYYF010000285.1	2	545	2065	+	00	2396
GCA_030946735.1	GCA_030946735.1	JALYYE010000121.1_1	K07646	JALYYE010000121.1	1	1	1659	-	10	2690
GCA_030946735.1	GCA_030946735.1	JALYYE010000121.1_2	K01548	JALYYE010000121.1	2	1682	1990	-	00	2690
GCA_030946735.1	GCA_030946735.1	JALYYE010000140.1_21	K07667	JALYYE010000140.1	21	21348	22052	+	01	22054
GCA_030946755.1	GCA_030946755.1	JALYYC010000020.1_7	K07667	JALYYC010000020.1	7	9880	10587	+	00	23458
GCA_030946835.1	GCA_030946835.1	JALYYA010000648.1_1	K07667	JALYYA010000648.1	1	144	833	-	00	3170
GCA_030946835.1	GCA_030946835.1	JALYYA010000648.1_2	K07646	JALYYA010000648.1	2	837	3170	-	01	3170
GCA_030946835.1	GCA_030946835.1	JALYYA010000004.1_3	K07646	JALYYA010000004.1	3	1219	2439	+	01	2439
GCA_030946835.1	GCA_030946835.1	JALYYA010000721.1_4	K07667	JALYYA010000721.1	4	1109	1858	-	00	2623
GCA_030946835.1	GCA_030946835.1	JALYYA010000274.1_2	K07667	JALYYA010000274.1	2	1071	1829	+	00	6492
GCA_030946855.1	GCA_030946855.1	JALYXX010000129.1_3	K00108	JALYXX010000129.1	3	1604	3268	-	00	4809
GCA_030946855.1	GCA_030946855.1	JALYXX010000386.1_2	K07667	JALYXX010000386.1	2	428	1114	+	00	2056
GCA_030946875.1	GCA_030946875.1	JALYXY010000096.1_12	K00108	JALYXY010000096.1	12	10974	12578	-	00	12978
GCA_030946905.1	GCA_030946905.1	JALYXW010000408.1_1	K07667	JALYXW010000408.1	1	55	741	+	00	2892
GCA_030946925.1	GCA_030946925.1	JALYXU010000295.1_16	K01546	JALYXU010000295.1	16	13570	14289	+	00	14432
GCA_030946925.1	GCA_030946925.1	JALYXU010000176.1_3	K00108	JALYXU010000176.1	3	2791	4416	+	00	15070
GCA_030946945.1	GCA_030946945.1	JALYXT010000205.1_2	K07646	JALYXT010000205.1	2	1608	2726	+	00	4645
GCA_030946945.1	GCA_030946945.1	JALYXT010000205.1_3	K07667	JALYXT010000205.1	3	2723	3415	+	00	4645
GCA_030946965.1	GCA_030946965.1	JALYXS010000435.1_1	K07646	JALYXS010000435.1	1	1	1005	+	10	8106
GCA_030946965.1	GCA_030946965.1	JALYXS010000435.1_2	K07646	JALYXS010000435.1	2	962	2074	+	00	8106
GCA_030947025.1	GCA_030947025.1	JALYXV010000088.1_2	K07667	JALYXV010000088.1	2	787	1509	-	00	22518
GCA_030947025.1	GCA_030947025.1	JALYXV010000088.1_3	K07646	JALYXV010000088.1	3	1506	4238	-	00	22518
GCA_030947025.1	GCA_030947025.1	JALYXV010000299.1_17	K07667	JALYXV010000299.1	17	15695	16393	+	00	37398
GCA_030947025.1	GCA_030947025.1	JALYXV010000058.1_7	K01548	JALYXV010000058.1	7	6077	6781	-	00	11666
GCA_030947025.1	GCA_030947025.1	JALYXV010000058.1_8	K01547	JALYXV010000058.1	8	6783	8879	-	00	11666
GCA_030947025.1	GCA_030947025.1	JALYXV010000058.1_9	K01546	JALYXV010000058.1	9	8889	10607	-	00	11666
GCA_030947065.1	GCA_030947065.1	JALYXO010000039.1_7	K07667	JALYXO010000039.1	7	2240	2932	-	00	3264
GCA_030947065.1	GCA_030947065.1	JALYXO010000683.1_1	K07667	JALYXO010000683.1	1	52	765	-	00	2065
GCA_030947065.1	GCA_030947065.1	JALYXO010000416.1_2	K07667	JALYXO010000416.1	2	397	1134	-	00	4936
GCA_030947065.1	GCA_030947065.1	JALYXO010000413.1_2	K07667	JALYXO010000413.1	2	1328	2053	+	00	2281
GCA_030947085.1	GCA_030947085.1	JALYXN010000340.1_4	K07646	JALYXN010000340.1	4	6480	8015	+	00	9037
GCA_030947085.1	GCA_030947085.1	JALYXN010000340.1_5	K07667	JALYXN010000340.1	5	8054	8731	+	00	9037
GCA_030947085.1	GCA_030947085.1	JALYXN010000026.1_3	K02002	JALYXN010000026.1	3	2761	3687	-	00	10920
GCA_030947085.1	GCA_030947085.1	JALYXN010000026.1_4	K02001	JALYXN010000026.1	4	3704	4558	-	00	10920
GCA_030947085.1	GCA_030947085.1	JALYXN010000026.1_5	K02000	JALYXN010000026.1	5	4555	5781	-	00	10920
GCA_030947105.1	GCA_030947105.1	JALYXL010000553.1_1	K01548	JALYXL010000553.1	1	3	422	+	10	4864
GCA_030947145.1	GCA_030947145.1	JALYXK010000049.1_8	K07667	JALYXK010000049.1	8	6313	7008	-	00	15567
GCA_030947145.1	GCA_030947145.1	JALYXK010000049.1_9	K07646	JALYXK010000049.1	9	7005	8462	-	00	15567
GCA_030947145.1	GCA_030947145.1	JALYXK010000437.1_3	K00836	JALYXK010000437.1	3	2409	3818	+	00	5385
GCA_030947145.1	GCA_030947145.1	JALYXK010000233.1_8	K07667	JALYXK010000233.1	8	7973	8677	+	00	8983
GCA_030947165.1	GCA_030947165.1	JALYXJ010000422.1_9	K07646	JALYXJ010000422.1	9	7253	8761	-	00	9930
GCA_030947165.1	GCA_030947165.1	JALYXJ010000422.1_10	K07667	JALYXJ010000422.1	10	8758	9471	-	00	9930
GCA_030947165.1	GCA_030947165.1	JALYXJ010000319.1_7	K07646	JALYXJ010000319.1	7	5067	6530	-	01	6530
GCA_030947205.1	GCA_030947205.1	JALYXG010000135.1_4	K01546	JALYXG010000135.1	4	1508	3220	+	00	7631
GCA_030947205.1	GCA_030947205.1	JALYXG010000135.1_5	K01547	JALYXG010000135.1	5	3243	5315	+	00	7631
GCA_030947205.1	GCA_030947205.1	JALYXG010000135.1_6	K01548	JALYXG010000135.1	6	5363	6124	+	00	7631
GCA_030947205.1	GCA_030947205.1	JALYXG010000135.1_7	K07646	JALYXG010000135.1	7	6665	7630	+	01	7631
GCA_030947225.1	GCA_030947225.1	JALYXF010000339.1_1	K07646	JALYXF010000339.1	1	3	404	-	10	3547
GCA_030947225.1	GCA_030947225.1	JALYXF010000212.1_2	K02001	JALYXF010000212.1	2	762	2486	+	01	2488
GCA_030947225.1	GCA_030947225.1	JALYXF010000337.1_4	K07667	JALYXF010000337.1	4	3163	3849	-	00	4129
GCA_030947225.1	GCA_030947225.1	JALYXF010000175.1_2	K00108	JALYXF010000175.1	2	1191	2702	+	01	2703
GCA_030947225.1	GCA_030947225.1	JALYXF010000351.1_2	K02002	JALYXF010000351.1	2	710	1675	-	00	2152
GCA_030947305.1	GCA_030947305.1	JALYXB010000229.1_7	K01546	JALYXB010000229.1	7	7364	8698	+	01	8700
GCA_030947345.1	GCA_030947345.1	JALYXA010000576.1_1	K07646	JALYXA010000576.1	1	76	1713	-	00	2017
GCA_030947365.1	GCA_030947365.1	JALZBN010000168.1_4	K01546	JALZBN010000168.1	4	1191	2909	+	00	3967
GCA_030947365.1	GCA_030947365.1	JALZBN010000168.1_5	K01547	JALZBN010000168.1	5	2909	3967	+	01	3967
GCA_030947365.1	GCA_030947365.1	JALZBN010000186.1_1	K01547	JALZBN010000186.1	1	2	1168	+	10	3746
GCA_030947365.1	GCA_030947365.1	JALZBN010000186.1_2	K01548	JALZBN010000186.1	2	1170	1745	+	00	3746
GCA_030947365.1	GCA_030947365.1	JALZBN010000186.1_3	K07646	JALZBN010000186.1	3	1758	3746	+	01	3746
GCA_030947365.1	GCA_030947365.1	JALZBN010000116.1_2	K07646	JALZBN010000116.1	2	540	1679	+	00	4979
GCA_030947365.1	GCA_030947365.1	JALZBN010000116.1_3	K07667	JALZBN010000116.1	3	1672	2376	+	00	4979
GCA_030947385.1	GCA_030947385.1	JALZBM010000129.1_3	K00130	JALZBM010000129.1	3	2463	3992	+	00	6645
GCA_030947395.1	GCA_030947395.1	JALZBL010000028.1_13	K07667	JALZBL010000028.1	13	8502	9182	-	00	10498
GCA_030947395.1	GCA_030947395.1	JALZBL010000122.1_4	K07667	JALZBL010000122.1	4	3396	4076	-	00	6052
GCA_030947395.1	GCA_030947395.1	JALZBL010000122.1_5	K07646	JALZBL010000122.1	5	4076	6052	-	01	6052
GCA_030947395.1	GCA_030947395.1	JALZBL010000126.1_2	K01546	JALZBL010000126.1	2	221	1882	-	00	5969
GCA_030947395.1	GCA_030947395.1	JALZBL010000159.1_1	K07646	JALZBL010000159.1	1	1	1902	-	10	5080
GCA_030947395.1	GCA_030947395.1	JALZBL010000159.1_2	K01548	JALZBL010000159.1	2	2051	2950	-	00	5080
GCA_030947395.1	GCA_030947395.1	JALZBL010000159.1_3	K01547	JALZBL010000159.1	3	2954	5080	-	01	5080
GCA_030947445.1	GCA_030947445.1	JALZBJ010000305.1_6	K01546	JALZBJ010000305.1	6	2754	4304	+	01	4306
GCA_030947445.1	GCA_030947445.1	JALZBJ010000490.1_1	K01547	JALZBJ010000490.1	1	65	2137	+	00	3354
GCA_030947445.1	GCA_030947445.1	JALZBJ010000490.1_2	K01548	JALZBJ010000490.1	2	2209	2946	+	00	3354
GCA_030947565.1	GCA_030947565.1	JALZBI010000273.1_1	K07646	JALZBI010000273.1	1	3	2273	+	10	4295
GCA_030947565.1	GCA_030947565.1	JALZBI010000273.1_2	K07667	JALZBI010000273.1	2	2270	2959	+	00	4295
GCA_030947565.1	GCA_030947565.1	JALZBI010000289.1_1	K01546	JALZBI010000289.1	1	3	923	+	10	4056
GCA_030947565.1	GCA_030947565.1	JALZBI010000289.1_2	K01547	JALZBI010000289.1	2	920	2992	+	00	4056
GCA_030947565.1	GCA_030947565.1	JALZBI010000289.1_3	K01548	JALZBI010000289.1	3	2989	3627	+	00	4056
GCA_030947625.1	GCA_030947625.1	JALZBH010000047.1_9	K07667	JALZBH010000047.1	9	9026	9730	+	00	13594
GCA_030947625.1	GCA_030947625.1	JALZBH010000180.1_2	K02000	JALZBH010000180.1	2	1030	2106	+	00	4958
GCA_030947625.1	GCA_030947625.1	JALZBH010000180.1_3	K02001	JALZBH010000180.1	3	2103	4241	+	00	4958
GCA_030947645.1	GCA_030947645.1	JALZBG010000013.1_11	K00130	JALZBG010000013.1	11	9789	11387	-	00	21941
GCA_030947665.1	GCA_030947665.1	JALZBE010000570.1_1	K07646	JALZBE010000570.1	1	2	1129	+	10	2603
GCA_030947665.1	GCA_030947665.1	JALZBE010000570.1_3	K01548	JALZBE010000570.1	3	2019	2603	-	01	2603
GCA_030947665.1	GCA_030947665.1	JALZBE010000296.1_5	K01546	JALZBE010000296.1	5	1574	3274	+	00	4655
GCA_030947665.1	GCA_030947665.1	JALZBE010000296.1_6	K01547	JALZBE010000296.1	6	3274	4653	+	01	4655
GCA_030947845.1	GCA_030947845.1	JALZBB010000191.1_2	K07667	JALZBB010000191.1	2	1943	2629	-	00	3264
GCA_030947885.1	GCA_030947885.1	JALZBA010000351.1_1	K07646	JALZBA010000351.1	1	1	654	+	10	2465
GCA_030947885.1	GCA_030947885.1	JALZBA010000351.1_2	K07667	JALZBA010000351.1	2	651	1346	+	00	2465
GCA_030948145.1	GCA_030948145.1	JALZAV010000164.1_3	K07667	JALZAV010000164.1	3	2326	3033	+	00	3680
GCA_030948155.1	GCA_030948155.1	JALZAW010000224.1_3	K01546	JALZAW010000224.1	3	2798	4525	+	00	5003
GCA_030948185.1	GCA_030948185.1	JALZAT010000020.1_50	K00130	JALZAT010000020.1	50	55054	56517	-	00	72224
GCA_030948185.1	GCA_030948185.1	JALZAT010000066.1_9	K07646	JALZAT010000066.1	9	10078	10677	+	00	20506
GCA_030948205.1	GCA_030948205.1	JALZAS010000220.1_3	K07667	JALZAS010000220.1	3	2730	3431	-	00	4354
GCA_030948215.1	GCA_030948215.1	JALZAR010000083.1_6	K07667	JALZAR010000083.1	6	2675	3364	-	00	5834
GCA_030948325.1	GCA_030948325.1	JALZAL010000148.1_2	K00130	JALZAL010000148.1	2	685	2181	-	00	22921
GCA_030948325.1	GCA_030948325.1	JALZAL010000214.1_3	K07646	JALZAL010000214.1	3	1195	2424	+	01	2425
GCA_030948325.1	GCA_030948325.1	JALZAL010000251.1_2	K07646	JALZAL010000251.1	2	310	1782	-	00	46580
GCA_030948335.1	GCA_030948335.1	JALZAM010000806.1_1	K01547	JALZAM010000806.1	1	3	926	+	10	2394
GCA_030948335.1	GCA_030948335.1	JALZAM010000806.1_2	K01548	JALZAM010000806.1	2	939	1502	+	00	2394
GCA_030948335.1	GCA_030948335.1	JALZAM010000124.1_5	K01546	JALZAM010000124.1	5	3710	5401	+	00	6392
GCA_030948425.1	GCA_030948425.1	JALZAH010000562.1_1	K01546	JALZAH010000562.1	1	1	342	+	10	5170
GCA_030948425.1	GCA_030948425.1	JALZAH010000562.1_2	K01547	JALZAH010000562.1	2	355	2475	+	00	5170
GCA_030948425.1	GCA_030948425.1	JALZAH010000562.1_3	K01548	JALZAH010000562.1	3	2477	3043	+	00	5170
GCA_030948425.1	GCA_030948425.1	JALZAH010000562.1_4	K07646	JALZAH010000562.1	4	3071	5170	+	01	5170
GCA_030948465.1	GCA_030948465.1	JALZAJ010000569.1_2	K07667	JALZAJ010000569.1	2	773	1462	+	00	2949
GCA_030948475.1	GCA_030948475.1	JALZAI010000033.1_5	K00108	JALZAI010000033.1	5	3090	4772	-	00	25017
GCA_030948475.1	GCA_030948475.1	JALZAI010000288.1_9	K07667	JALZAI010000288.1	9	9571	10251	+	00	15798
GCA_030948505.1	GCA_030948505.1	JALZAF010000096.1_1	K07667	JALZAF010000096.1	1	23	781	-	00	11183
GCA_030948505.1	GCA_030948505.1	JALZAF010000242.1_1	K02001	JALZAF010000242.1	1	1	1140	+	10	3777
GCA_030948505.1	GCA_030948505.1	JALZAF010000242.1_2	K02002	JALZAF010000242.1	2	1229	2245	+	00	3777
GCA_030948505.1	GCA_030948505.1	JALZAF010000283.1_5	K00108	JALZAF010000283.1	5	3177	4865	+	00	23044
GCA_030948505.1	GCA_030948505.1	JALZAF010000283.1_22	K02000	JALZAF010000283.1	22	21035	22204	+	00	23044
GCA_030948535.1	GCA_030948535.1	JALZAE010000397.1_1	K07646	JALZAE010000397.1	1	2	1675	-	10	15037
GCA_030948535.1	GCA_030948535.1	JALZAE010000397.1_5	K07667	JALZAE010000397.1	5	8784	9488	+	00	15037
GCA_030948535.1	GCA_030948535.1	JALZAE010000342.1_4	K07646	JALZAE010000342.1	4	1563	3728	-	00	15861
GCA_030948555.1	GCA_030948555.1	JALZAD010000282.1_4	K07667	JALZAD010000282.1	4	2202	2894	-	00	3445
GCA_030948585.1	GCA_030948585.1	JALZAB010000003.1_46	K07646	JALZAB010000003.1	46	44480	46918	+	00	193374
GCA_030948585.1	GCA_030948585.1	JALZAB010000129.1_10	K07646	JALZAB010000129.1	10	7535	9289	-	00	37334
GCA_030948625.1	GCA_030948625.1	JALZAA010000269.1_4	K07646	JALZAA010000269.1	4	1221	2627	+	00	3472
GCA_030948625.1	GCA_030948625.1	JALZAA010000269.1_5	K07667	JALZAA010000269.1	5	2620	3315	+	00	3472
GCA_030948625.1	GCA_030948625.1	JALZAA010000324.1_2	K07646	JALZAA010000324.1	2	269	2125	-	01	2127
GCA_030948625.1	GCA_030948625.1	JALZAA010000005.1_2	K01547	JALZAA010000005.1	2	62	2158	-	00	8795
GCA_030948625.1	GCA_030948625.1	JALZAA010000005.1_3	K01546	JALZAA010000005.1	3	2176	3894	-	00	8795
GCA_030948625.1	GCA_030948625.1	JALZAA010000198.1_2	K01548	JALZAA010000198.1	2	67	861	+	00	15042
GCA_030948625.1	GCA_030948625.1	JALZAA010000198.1_3	K07667	JALZAA010000198.1	3	899	1585	+	00	15042
GCA_030948625.1	GCA_030948625.1	JALZAA010000198.1_4	K07646	JALZAA010000198.1	4	1620	4118	+	00	15042
GCA_030948625.1	GCA_030948625.1	JALZAA010000198.1_5	K07667	JALZAA010000198.1	5	4115	4789	+	00	15042
GCA_030948645.1	GCA_030948645.1	JALYZX010000313.1_3	K07667	JALYZX010000313.1	3	2209	2889	-	00	3998
GCA_030948645.1	GCA_030948645.1	JALYZX010000313.1_4	K07646	JALYZX010000313.1	4	2889	3998	-	01	3998
GCA_030948665.1	GCA_030948665.1	JALYZY010000055.1_8	K00836	JALYZY010000055.1	8	8057	9424	-	00	51097
GCA_030948665.1	GCA_030948665.1	JALYZY010000002.1_12	K07646	JALYZY010000002.1	12	13415	14587	-	00	27387
GCA_030948665.1	GCA_030948665.1	JALYZY010000002.1_13	K01547	JALYZY010000002.1	13	14584	16671	-	00	27387
GCA_030948665.1	GCA_030948665.1	JALYZY010000002.1_14	K01548	JALYZY010000002.1	14	16671	17288	-	00	27387
GCA_030948665.1	GCA_030948665.1	JALYZY010000002.1_15	K01546	JALYZY010000002.1	15	17329	19098	-	00	27387
GCA_030948665.1	GCA_030948665.1	JALYZY010000002.1_19	K07667	JALYZY010000002.1	19	22453	23154	-	00	27387
GCA_030948665.1	GCA_030948665.1	JALYZY010000002.1_20	K07646	JALYZY010000002.1	20	23151	24566	-	00	27387
GCA_030948685.1	GCA_030948685.1	JALYZV010000113.1_4	K00130	JALYZV010000113.1	4	4664	6208	+	00	23741
GCA_030948725.1	GCA_030948725.1	JALYZU010000133.1_7	K07646	JALYZU010000133.1	7	6616	9126	-	00	12331
GCA_030948725.1	GCA_030948725.1	JALYZU010000133.1_8	K01548	JALYZU010000133.1	8	9141	9734	-	00	12331
GCA_030948725.1	GCA_030948725.1	JALYZU010000133.1_10	K01547	JALYZU010000133.1	10	10107	11855	-	00	12331
GCA_030948725.1	GCA_030948725.1	JALYZU010000133.1_11	K01546	JALYZU010000133.1	11	11870	12331	-	01	12331
GCA_030948725.1	GCA_030948725.1	JALYZU010000212.1_3	K07646	JALYZU010000212.1	3	3734	4873	+	00	6399
GCA_030948725.1	GCA_030948725.1	JALYZU010000212.1_4	K07667	JALYZU010000212.1	4	4870	5646	+	00	6399
GCA_030948725.1	GCA_030948725.1	JALYZU010000045.1_6	K01546	JALYZU010000045.1	6	2331	3710	+	01	3711
GCA_030948745.1	GCA_030948745.1	JALYZS010000046.1_4	K00130	JALYZS010000046.1	4	4546	6096	+	00	9657
GCA_030948765.1	GCA_030948765.1	JALYZT010000487.1_4	K00836	JALYZT010000487.1	4	2320	3711	+	00	6133
GCA_030948775.1	GCA_030948775.1	JALYZR010000115.1_37	K07646	JALYZR010000115.1	37	40820	42916	-	00	58995
GCA_030948775.1	GCA_030948775.1	JALYZR010000115.1_38	K01548	JALYZR010000115.1	38	43045	43659	-	00	58995
GCA_030948775.1	GCA_030948775.1	JALYZR010000115.1_39	K01547	JALYZR010000115.1	39	43671	45731	-	00	58995
GCA_030948775.1	GCA_030948775.1	JALYZR010000115.1_40	K01546	JALYZR010000115.1	40	45740	47467	-	00	58995
GCA_030948775.1	GCA_030948775.1	JALYZR010000001.1_7	K07667	JALYZR010000001.1	7	4731	5411	-	00	28644
GCA_030948775.1	GCA_030948775.1	JALYZR010000001.1_8	K07646	JALYZR010000001.1	8	5408	6892	-	00	28644
GCA_030948775.1	GCA_030948775.1	JALYZR010000159.1_12	K06720	JALYZR010000159.1	12	8781	9179	-	00	23952
GCA_030948865.1	GCA_030948865.1	JALYZJ010000854.1_4	K07667	JALYZJ010000854.1	4	3336	4040	+	00	7491
GCA_030948865.1	GCA_030948865.1	JALYZJ010000623.1_2	K07667	JALYZJ010000623.1	2	220	906	-	00	2774
GCA_030948865.1	GCA_030948865.1	JALYZJ010000623.1_3	K07646	JALYZJ010000623.1	3	903	2324	-	00	2774
GCA_030948865.1	GCA_030948865.1	JALYZJ010000590.1_5	K00836	JALYZJ010000590.1	5	3515	4729	-	00	16192
GCA_030948865.1	GCA_030948865.1	JALYZJ010000329.1_10	K07646	JALYZJ010000329.1	10	5846	7027	-	00	8680
GCA_030948865.1	GCA_030948865.1	JALYZJ010000329.1_11	K01547	JALYZJ010000329.1	11	7074	8678	-	01	8680
GCA_030948865.1	GCA_030948865.1	JALYZJ010000626.1_2	K01548	JALYZJ010000626.1	2	601	1284	-	00	3539
GCA_030948865.1	GCA_030948865.1	JALYZJ010000626.1_3	K01546	JALYZJ010000626.1	3	1286	3079	-	00	3539
GCA_030948875.1	GCA_030948875.1	JALYZL010000454.1_1	K07646	JALYZL010000454.1	1	2	1027	+	10	8708
GCA_030948875.1	GCA_030948875.1	JALYZL010000454.1_2	K07667	JALYZL010000454.1	2	1024	1713	+	00	8708
GCA_030948875.1	GCA_030948875.1	JALYZL010000073.1_5	K07646	JALYZL010000073.1	5	4809	5990	-	00	12528
GCA_030948875.1	GCA_030948875.1	JALYZL010000073.1_6	K01547	JALYZL010000073.1	6	6036	8153	-	00	12528
GCA_030948875.1	GCA_030948875.1	JALYZL010000073.1_7	K01548	JALYZL010000073.1	7	8157	8837	-	00	12528
GCA_030948875.1	GCA_030948875.1	JALYZL010000073.1_8	K01546	JALYZL010000073.1	8	8841	10628	-	00	12528
GCA_030948875.1	GCA_030948875.1	JALYZL010000073.1_11	K07667	JALYZL010000073.1	11	11027	11713	-	00	12528
GCA_030948875.1	GCA_030948875.1	JALYZL010000073.1_12	K07646	JALYZL010000073.1	12	11710	12528	-	01	12528
GCA_030948895.1	GCA_030948895.1	JALYZM010000096.1_7	K00130	JALYZM010000096.1	7	3525	5081	-	00	7502
GCA_030948915.1	GCA_030948915.1	JALYZI010000132.1_5	K07646	JALYZI010000132.1	5	2828	5155	+	00	23531
GCA_030948945.1	GCA_030948945.1	JALYZH010000208.1_6	K07646	JALYZH010000208.1	6	6066	7709	+	00	40857
GCA_030948945.1	GCA_030948945.1	JALYZH010000114.1_7	K07646	JALYZH010000114.1	7	11028	12668	+	00	13654
GCA_030948965.1	GCA_030948965.1	JALYZG010000305.1_2	K07667	JALYZG010000305.1	2	248	931	-	00	8426
GCA_030948965.1	GCA_030948965.1	JALYZG010000305.1_3	K07646	JALYZG010000305.1	3	934	2424	-	00	8426
GCA_030948985.1	GCA_030948985.1	JALYZD010000406.1_4	K07646	JALYZD010000406.1	4	4552	6189	+	00	8624
GCA_030948985.1	GCA_030948985.1	JALYZD010000406.1_5	K07667	JALYZD010000406.1	5	6186	6896	+	00	8624
