cohort	pair	family	n	n00	n01	n10	n11	source_or_site_groups	groups_ge3	expected_both_within_family
original_primary	KdpABC__CoxCut	172606-1	3	3	0	0	0	1	1	0.0
original_primary	KdpABC__CoxCut	2-02-FULL-51-18	1	1	0	0	0	1	0	0.0
original_primary	KdpABC__CoxCut	2-02-FULL-66-22	3	2	0	1	0	1	1	0.0
original_primary	KdpABC__CoxCut	2-12-FULL-41-12	1	1	0	0	0	1	0	0.0
original_primary	KdpABC__CoxCut	2-12-FULL-66-21	11	10	1	0	0	3	1	0.0
original_primary	KdpABC__CoxCut	70-9	13	8	0	4	1	4	2	0.38461538461538464
original_primary	KdpABC__CoxCut	AC-14	4	4	0	0	0	2	1	0.0
original_primary	KdpABC__CoxCut	AK92	3	3	0	0	0	1	1	0.0
original_primary	KdpABC__CoxCut	Acetobacteraceae	15	6	9	0	0	4	2	0.0
original_primary	KdpABC__CoxCut	Acidobacteriaceae	84	23	0	61	0	3	3	0.0
original_primary	KdpABC__CoxCut	Acidothermaceae	1	1	0	0	0	1	0	0.0
original_primary	KdpABC__CoxCut	Actinomycetaceae	1	0	0	1	0	1	0	0.0
original_primary	KdpABC__CoxCut	Actinopolymorphaceae	2	0	2	0	0	1	0	0.0
original_primary	KdpABC__CoxCut	Aeolococcaceae	6	2	0	2	2	3	1	1.3333333333333333
original_primary	KdpABC__CoxCut	Aestuariivirgaceae	3	2	1	0	0	2	0	0.0
original_primary	KdpABC__CoxCut	Afifellaceae	5	2	3	0	0	1	1	0.0
original_primary	KdpABC__CoxCut	Akkermansiaceae	3	3	0	0	0	1	1	0.0
original_primary	KdpABC__CoxCut	Alcanivoracaceae	3	3	0	0	0	1	1	0.0
original_primary	KdpABC__CoxCut	Algiphilaceae	1	1	0	0	0	1	0	0.0
original_primary	KdpABC__CoxCut	Alteromonadaceae	5	5	0	0	0	1	1	0.0
original_primary	KdpABC__CoxCut	Anaerobacaceae	1	0	0	1	0	1	0	0.0
original_primary	KdpABC__CoxCut	Anaerolineaceae	1	0	0	0	1	1	0	1.0
original_primary	KdpABC__CoxCut	Anoxymicrobiaceae	5	2	0	3	0	1	1	0.0
original_primary	KdpABC__CoxCut	Aquisalimonadaceae	1	1	0	0	0	1	0	0.0
original_primary	KdpABC__CoxCut	Australimonadaceae	1	1	0	0	0	1	0	0.0
original_primary	KdpABC__CoxCut	Azotimanducaceae	3	3	0	0	0	1	1	0.0
original_primary	KdpABC__CoxCut	B-1AR	2	0	0	2	0	2	0	0.0
original_primary	KdpABC__CoxCut	BOG-1460	2	1	0	1	0	2	0	0.0
original_primary	KdpABC__CoxCut	BP-101	1	0	1	0	0	1	0	0.0
original_primary	KdpABC__CoxCut	BP-133	3	0	3	0	0	2	0	0.0
original_primary	KdpABC__CoxCut	BWSM-131	1	0	1	0	0	1	0	0.0
original_primary	KdpABC__CoxCut	Balneolaceae	4	4	0	0	0	1	1	0.0
original_primary	KdpABC__CoxCut	Beijerinckiaceae	21	11	3	5	2	5	2	1.6666666666666667
original_primary	KdpABC__CoxCut	Binataceae	14	4	1	6	3	3	1	2.5714285714285716
original_primary	KdpABC__CoxCut	Bog-793	9	2	3	3	1	2	2	1.7777777777777777
original_primary	KdpABC__CoxCut	Bog-877	6	3	0	0	3	2	1	1.5
original_primary	KdpABC__CoxCut	Bradymonadaceae	2	2	0	0	0	2	0	0.0
original_primary	KdpABC__CoxCut	Bryobacteraceae	46	13	1	27	5	4	3	4.173913043478261
original_primary	KdpABC__CoxCut	Burkholderiaceae	52	28	7	14	3	4	3	3.269230769230769
original_primary	KdpABC__CoxCut	CADCSY01	31	14	17	0	0	2	2	0.0
original_primary	KdpABC__CoxCut	CADCTF01	20	8	12	0	0	1	1	0.0
original_primary	KdpABC__CoxCut	CADCWN01	6	5	1	0	0	1	1	0.0
original_primary	KdpABC__CoxCut	CADDYW01	2	0	2	0	0	2	0	0.0
original_primary	KdpABC__CoxCut	CADEER01	1	1	0	0	0	1	0	0.0
original_primary	KdpABC__CoxCut	CAIQCM01	1	1	0	0	0	1	0	0.0
original_primary	KdpABC__CoxCut	CAJCIY01	1	1	0	0	0	1	0	0.0
original_primary	KdpABC__CoxCut	CALAEC01	1	1	0	0	0	1	0	0.0
original_primary	KdpABC__CoxCut	CALGFH01	1	0	1	0	0	1	0	0.0
original_primary	KdpABC__CoxCut	CANJXF01	1	1	0	0	0	1	0	0.0
original_primary	KdpABC__CoxCut	CAUJGQ01	2	1	1	0	0	2	0	0.0
original_primary	KdpABC__CoxCut	CF-121	1	0	1	0	0	1	0	0.0
original_primary	KdpABC__CoxCut	CF-72	2	0	2	0	0	1	0	0.0
original_primary	KdpABC__CoxCut	CFX8	3	1	2	0	0	2	0	0.0
original_primary	KdpABC__CoxCut	CG2-30-32-10	1	1	0	0	0	1	0	0.0
original_primary	KdpABC__CoxCut	CG2-30-64-16	1	0	0	1	0	1	0	0.0
original_primary	KdpABC__CoxCut	CGMCC-115725	17	3	10	1	3	3	1	3.0588235294117645
original_primary	KdpABC__CoxCut	CSP1-4	45	21	7	14	3	5	3	3.7777777777777777
original_primary	KdpABC__CoxCut	CSP1-5	2	2	0	0	0	1	0	0.0
original_primary	KdpABC__CoxCut	CSP1-6	5	2	2	0	1	3	1	0.6
original_primary	KdpABC__CoxCut	Caldilineaceae	3	3	0	0	0	1	1	0.0
original_primary	KdpABC__CoxCut	Casimicrobiaceae	9	5	2	0	2	3	2	0.8888888888888888
original_primary	KdpABC__CoxCut	Catenulisporaceae	2	2	0	0	0	1	0	0.0
original_primary	KdpABC__CoxCut	Caulobacteraceae	22	11	0	11	0	4	4	0.0
original_primary	KdpABC__CoxCut	Cellulomonadaceae	12	11	0	1	0	2	1	0.0
original_primary	KdpABC__CoxCut	Cellvibrionaceae	17	17	0	0	0	1	1	0.0
original_primary	KdpABC__CoxCut	Cfx3-03	1	1	0	0	0	1	0	0.0
original_primary	KdpABC__CoxCut	Chitinophagaceae	23	21	1	1	0	3	3	0.043478260869565216
original_primary	KdpABC__CoxCut	Chroococcidiopsidaceae	2	0	0	2	0	1	0	0.0
original_primary	KdpABC__CoxCut	Chthoniobacteraceae	3	1	0	2	0	1	1	0.0
original_primary	KdpABC__CoxCut	Clostridiaceae	3	2	0	1	0	1	1	0.0
original_primary	KdpABC__CoxCut	Coleofasciculaceae	1	1	0	0	0	1	0	0.0
original_primary	KdpABC__CoxCut	Cyanobacteriaceae	1	1	0	0	0	1	0	0.0
original_primary	KdpABC__CoxCut	Cyclobacteriaceae	69	69	0	0	0	2	1	0.0
original_primary	KdpABC__CoxCut	Cytophagaceae	6	6	0	0	0	1	1	0.0
original_primary	KdpABC__CoxCut	DAIQRJ01	1	0	0	1	0	1	0	0.0
original_primary	KdpABC__CoxCut	DASSAV01	1	1	0	0	0	1	0	0.0
original_primary	KdpABC__CoxCut	DASUME01	1	1	0	0	0	1	0	0.0
original_primary	KdpABC__CoxCut	DASVHX01	1	1	0	0	0	1	0	0.0
original_primary	KdpABC__CoxCut	DASVNK01	5	5	0	0	0	1	1	0.0
original_primary	KdpABC__CoxCut	DASYVL01	4	1	3	0	0	1	1	0.0
original_primary	KdpABC__CoxCut	DASZGP01	3	2	1	0	0	1	1	0.0
original_primary	KdpABC__CoxCut	DATECO01	1	1	0	0	0	1	0	0.0
original_primary	KdpABC__CoxCut	DATFVB01	1	0	0	1	0	1	0	0.0
original_primary	KdpABC__CoxCut	DATIHE01	1	1	0	0	0	1	0	0.0
original_primary	KdpABC__CoxCut	DATLYR01	1	1	0	0	0	1	0	0.0
original_primary	KdpABC__CoxCut	DSM-27016	1	0	0	1	0	1	0	0.0
original_primary	KdpABC__CoxCut	Deinococcaceae	4	4	0	0	0	1	1	0.0
original_primary	KdpABC__CoxCut	Demequinaceae	1	1	0	0	0	1	0	0.0
original_primary	KdpABC__CoxCut	Dermatophilaceae	18	9	5	3	1	3	2	1.3333333333333333
original_primary	KdpABC__CoxCut	Desulfitobacteriaceae	3	2	1	0	0	2	0	0.0
original_primary	KdpABC__CoxCut	Devosiaceae	5	5	0	0	0	1	1	0.0
original_primary	KdpABC__CoxCut	Dormibacteraceae	17	4	9	1	3	2	2	2.823529411764706
original_primary	KdpABC__CoxCut	E44-bin32	1	0	1	0	0	1	0	0.0
original_primary	KdpABC__CoxCut	Egibacteraceae	40	29	10	0	1	4	1	0.275
original_primary	KdpABC__CoxCut	Elainellaceae	1	1	0	0	0	1	0	0.0
original_primary	KdpABC__CoxCut	Enterobacteriaceae	1	0	0	1	0	1	0	0.0
original_primary	KdpABC__CoxCut	Ethanoligenentaceae	1	0	0	1	0	1	0	0.0
original_primary	KdpABC__CoxCut	Eubacteriaceae	2	0	0	2	0	1	0	0.0
original_primary	KdpABC__CoxCut	Eutrophobiaceae	2	2	0	0	0	1	0	0.0
original_primary	KdpABC__CoxCut	Euzebyaceae	1	1	0	0	0	1	0	0.0
original_primary	KdpABC__CoxCut	FEN-979	4	1	0	3	0	2	0	0.0
original_primary	KdpABC__CoxCut	FW602-bin22	2	1	1	0	0	1	0	0.0
original_primary	KdpABC__CoxCut	Fen-1058	1	1	0	0	0	1	0	0.0
original_primary	KdpABC__CoxCut	Fen-1064	2	0	0	2	0	1	0	0.0
original_primary	KdpABC__CoxCut	Fen-1088	5	1	0	4	0	2	1	0.0
original_primary	KdpABC__CoxCut	Fen-181	2	2	0	0	0	1	0	0.0
original_primary	KdpABC__CoxCut	Flavobacteriaceae	36	35	0	1	0	3	1	0.0
original_primary	KdpABC__CoxCut	Flexibacteraceae	1	1	0	0	0	1	0	0.0
original_primary	KdpABC__CoxCut	Fredricksoniimonadaceae	3	0	0	3	0	1	1	0.0
original_primary	KdpABC__CoxCut	GCA-2861595	9	9	0	0	0	2	2	0.0
original_primary	KdpABC__CoxCut	GWC2-37-73	1	1	0	0	0	1	0	0.0
original_primary	KdpABC__CoxCut	GWC2-71-9	15	13	0	1	1	3	1	0.13333333333333333
original_primary	KdpABC__CoxCut	Ga0077536	1	1	0	0	0	1	0	0.0
original_primary	KdpABC__CoxCut	Gaiellaceae	40	14	15	6	5	5	3	5.5
original_primary	KdpABC__CoxCut	Gallionellaceae	14	8	0	6	0	3	2	0.0
original_primary	KdpABC__CoxCut	Gemmataceae	5	5	0	0	0	3	0	0.0
original_primary	KdpABC__CoxCut	Gemmatimonadaceae	39	27	1	11	0	3	3	0.28205128205128205
original_primary	KdpABC__CoxCut	Geodermatophilaceae	5	1	4	0	0	1	1	0.0
original_primary	KdpABC__CoxCut	Gp1-AA117	3	2	1	0	0	1	1	0.0
original_primary	KdpABC__CoxCut	Gp7-AA6	6	2	3	1	0	2	1	0.5
original_primary	KdpABC__CoxCut	Gp7-AA8	14	11	0	2	1	3	2	0.21428571428571427
original_primary	KdpABC__CoxCut	HK1	1	1	0	0	0	1	0	0.0
original_primary	KdpABC__CoxCut	HRBIN12	1	0	0	1	0	1	0	0.0
original_primary	KdpABC__CoxCut	Haliangiaceae	4	4	0	0	0	1	1	0.0
original_primary	KdpABC__CoxCut	Halieaceae	1	1	0	0	0	1	0	0.0
original_primary	KdpABC__CoxCut	Halofilaceae	2	2	0	0	0	2	0	0.0
original_primary	KdpABC__CoxCut	Halomonadaceae	1	1	0	0	0	1	0	0.0
original_primary	KdpABC__CoxCut	Holophagaceae	1	0	0	1	0	1	0	0.0
original_primary	KdpABC__CoxCut	Humimicrobiaceae	1	1	0	0	0	1	0	0.0
original_primary	KdpABC__CoxCut	Hymenobacteraceae	17	17	0	0	0	1	1	0.0
original_primary	KdpABC__CoxCut	Hyphomonadaceae	1	1	0	0	0	1	0	0.0
original_primary	KdpABC__CoxCut	Iamiaceae	1	1	0	0	0	1	0	0.0
original_primary	KdpABC__CoxCut	Ignavibacteriaceae	1	0	0	1	0	1	0	0.0
original_primary	KdpABC__CoxCut	Ilumatobacteraceae	5	1	3	0	1	1	1	0.8
original_primary	KdpABC__CoxCut	Immundisolibacteraceae	1	1	0	0	0	1	0	0.0
original_primary	KdpABC__CoxCut	J027	1	1	0	0	0	1	0	0.0
original_primary	KdpABC__CoxCut	JAATET01	1	0	0	1	0	1	0	0.0
original_primary	KdpABC__CoxCut	JACCUZ01	5	2	3	0	0	1	1	0.0
original_primary	KdpABC__CoxCut	JACCXJ01	3	2	0	1	0	1	1	0.0
original_primary	KdpABC__CoxCut	JACCXN01	2	2	0	0	0	1	0	0.0
original_primary	KdpABC__CoxCut	JACCZL01	1	0	1	0	0	1	0	0.0
original_primary	KdpABC__CoxCut	JACDCH01	18	4	13	0	1	2	1	0.7777777777777778
original_primary	KdpABC__CoxCut	JACDHS01	1	1	0	0	0	1	0	0.0
original_primary	KdpABC__CoxCut	JACPAU01	3	3	0	0	0	1	1	0.0
original_primary	KdpABC__CoxCut	JACPCJ01	1	1	0	0	0	1	0	0.0
original_primary	KdpABC__CoxCut	JACPNS01	2	1	0	1	0	1	0	0.0
original_primary	KdpABC__CoxCut	JACQAP01	4	3	0	0	1	1	1	0.25
original_primary	KdpABC__CoxCut	JACQNP01	1	1	0	0	0	1	0	0.0
original_primary	KdpABC__CoxCut	JADGOU01	1	1	0	0	0	1	0	0.0
original_primary	KdpABC__CoxCut	JADGOV01	1	1	0	0	0	1	0	0.0
original_primary	KdpABC__CoxCut	JADGRT01	1	1	0	0	0	1	0	0.0
original_primary	KdpABC__CoxCut	JADMIN01	3	1	1	0	1	1	1	0.6666666666666666
original_primary	KdpABC__CoxCut	JAENWW01	1	0	0	1	0	1	0	0.0
original_primary	KdpABC__CoxCut	JAEZED01	1	1	0	0	0	1	0	0.0
original_primary	KdpABC__CoxCut	JAFGIB01	1	1	0	0	0	1	0	0.0
original_primary	KdpABC__CoxCut	JAGDMS01	1	0	0	0	1	1	0	1.0
original_primary	KdpABC__CoxCut	JAGOUN01	1	1	0	0	0	1	0	0.0
original_primary	KdpABC__CoxCut	JAHDFW01	1	1	0	0	0	1	0	0.0
original_primary	KdpABC__CoxCut	JAHFRG01	5	5	0	0	0	1	1	0.0
original_primary	KdpABC__CoxCut	JAHWKK01	3	3	0	0	0	1	1	0.0
original_primary	KdpABC__CoxCut	JAHWKP01	2	1	1	0	0	1	0	0.0
original_primary	KdpABC__CoxCut	JAHWKV01	2	1	1	0	0	1	0	0.0
original_primary	KdpABC__CoxCut	JAHWKY01	1	1	0	0	0	1	0	0.0
original_primary	KdpABC__CoxCut	JAHWLA01	2	0	2	0	0	1	0	0.0
original_primary	KdpABC__CoxCut	JAICIG01	1	0	0	1	0	1	0	0.0
original_primary	KdpABC__CoxCut	JAICJC01	2	0	2	0	0	2	0	0.0
original_primary	KdpABC__CoxCut	JAIQGF01	3	2	0	1	0	2	0	0.0
original_primary	KdpABC__CoxCut	JAIVGZ01	2	2	0	0	0	1	0	0.0
original_primary	KdpABC__CoxCut	JAJPGV01	1	0	0	0	1	1	0	1.0
original_primary	KdpABC__CoxCut	JAJPHD01	4	0	2	0	2	1	1	2.0
original_primary	KdpABC__CoxCut	JAJUFS01	3	3	0	0	0	1	1	0.0
original_primary	KdpABC__CoxCut	JAKAOS01	1	0	1	0	0	1	0	0.0
original_primary	KdpABC__CoxCut	JAKDMP01	5	5	0	0	0	1	1	0.0
original_primary	KdpABC__CoxCut	JAKFFM01	2	2	0	0	0	1	0	0.0
original_primary	KdpABC__CoxCut	JALHPA01	1	1	0	0	0	1	0	0.0
original_primary	KdpABC__CoxCut	JALYLC01	1	0	0	1	0	1	0	0.0
original_primary	KdpABC__CoxCut	JALYNB01	2	2	0	0	0	1	0	0.0
original_primary	KdpABC__CoxCut	JANWHV01	2	1	0	1	0	1	0	0.0
original_primary	KdpABC__CoxCut	JAOPZY01	1	0	1	0	0	1	0	0.0
original_primary	KdpABC__CoxCut	JAQBPE01	1	1	0	0	0	1	0	0.0
original_primary	KdpABC__CoxCut	JAQGHD01	2	2	0	0	0	1	0	0.0
original_primary	KdpABC__CoxCut	JAQUTK01	1	1	0	0	0	1	0	0.0
original_primary	KdpABC__CoxCut	JAUJNH01	2	1	0	1	0	2	0	0.0
original_primary	KdpABC__CoxCut	JAUTXP01	2	1	1	0	0	1	0	0.0
original_primary	KdpABC__CoxCut	JBBRBF01	1	0	1	0	0	1	0	0.0
original_primary	KdpABC__CoxCut	JBBRZM01	1	0	0	0	1	1	0	1.0
original_primary	KdpABC__CoxCut	JBBSGY01	2	2	0	0	0	1	0	0.0
original_primary	KdpABC__CoxCut	JBDIVX01	1	1	0	0	0	1	0	0.0
original_primary	KdpABC__CoxCut	JBDZVW01	1	1	0	0	0	1	0	0.0
original_primary	KdpABC__CoxCut	JCM-10596	5	5	0	0	0	1	1	0.0
original_primary	KdpABC__CoxCut	Jatrophihabitantaceae	4	1	1	0	2	2	0	1.5
original_primary	KdpABC__CoxCut	Jiangellaceae	5	2	3	0	0	1	1	0.0
original_primary	KdpABC__CoxCut	Kallotenuaceae	5	3	2	0	0	1	1	0.0
original_primary	KdpABC__CoxCut	Kangiellaceae	1	1	0	0	0	1	0	0.0
original_primary	KdpABC__CoxCut	Ketobacteraceae	2	2	0	0	0	1	0	0.0
original_primary	KdpABC__CoxCut	Korobacteraceae	8	3	0	4	1	2	2	0.625
original_primary	KdpABC__CoxCut	Kribbellaceae	1	0	0	1	0	1	0	0.0
original_primary	KdpABC__CoxCut	Ktedonobacteraceae	2	0	1	0	1	1	0	1.0
original_primary	KdpABC__CoxCut	Lacipirellulaceae	2	2	0	0	0	1	0	0.0
original_primary	KdpABC__CoxCut	Legionellaceae	2	1	0	1	0	1	0	0.0
original_primary	KdpABC__CoxCut	Leptospiraceae	1	1	0	0	0	1	0	0.0
original_primary	KdpABC__CoxCut	Longimicrobiaceae	47	37	10	0	0	2	1	0.0
original_primary	KdpABC__CoxCut	Maricaulaceae	2	2	0	0	0	1	0	0.0
original_primary	KdpABC__CoxCut	Methyloligellaceae	5	5	0	0	0	2	1	0.0
original_primary	KdpABC__CoxCut	Methylomirabilaceae	1	1	0	0	0	1	0	0.0
original_primary	KdpABC__CoxCut	Methylomonadaceae	1	0	0	1	0	1	0	0.0
original_primary	KdpABC__CoxCut	Methylophagaceae	1	1	0	0	0	1	0	0.0
original_primary	KdpABC__CoxCut	Methylophilaceae	3	3	0	0	0	2	0	0.0
original_primary	KdpABC__CoxCut	Microbacteriaceae	10	4	2	2	2	3	1	1.6
original_primary	KdpABC__CoxCut	Micrococcaceae	12	6	2	3	1	2	1	1.0
original_primary	KdpABC__CoxCut	Microcoleaceae	4	3	0	1	0	1	1	0.0
original_primary	KdpABC__CoxCut	Microcystaceae	1	0	0	1	0	1	0	0.0
original_primary	KdpABC__CoxCut	Micromonosporaceae	2	2	0	0	0	1	0	0.0
original_primary	KdpABC__CoxCut	Micropepsaceae	7	4	1	2	0	2	2	0.2857142857142857
original_primary	KdpABC__CoxCut	Miltoncostaeaceae	3	1	2	0	0	2	0	0.0
original_primary	KdpABC__CoxCut	Moraxellaceae	3	2	0	1	0	2	0	0.0
original_primary	KdpABC__CoxCut	Mycobacteriaceae	15	3	1	9	2	3	2	2.2
original_primary	KdpABC__CoxCut	Nakamurellaceae	1	0	1	0	0	1	0	0.0
original_primary	KdpABC__CoxCut	Nannocystaceae	1	1	0	0	0	1	0	0.0
original_primary	KdpABC__CoxCut	Nanopelagicaceae	3	1	0	2	0	2	0	0.0
original_primary	KdpABC__CoxCut	Natronospirillaceae	2	2	0	0	0	1	0	0.0
original_primary	KdpABC__CoxCut	Nevskiaceae	8	5	0	3	0	2	2	0.0
original_primary	KdpABC__CoxCut	Nitriliruptoraceae	40	21	19	0	0	2	1	0.0
original_primary	KdpABC__CoxCut	Nitrococcaceae	1	1	0	0	0	1	0	0.0
original_primary	KdpABC__CoxCut	Nitrosomonadaceae	4	4	0	0	0	2	1	0.0
original_primary	KdpABC__CoxCut	Nitrospiraceae	9	6	0	3	0	3	1	0.0
original_primary	KdpABC__CoxCut	Nocardioidaceae	30	6	21	1	2	4	2	2.3
original_primary	KdpABC__CoxCut	Nostocaceae	1	0	0	1	0	1	0	0.0
original_primary	KdpABC__CoxCut	Oleiphilaceae	7	7	0	0	0	1	1	0.0
original_primary	KdpABC__CoxCut	Opitutaceae	17	7	0	10	0	4	2	0.0
original_primary	KdpABC__CoxCut	Oscillospiraceae	1	0	0	1	0	1	0	0.0
original_primary	KdpABC__CoxCut	P2-11E	2	2	0	0	0	2	0	0.0
original_primary	KdpABC__CoxCut	PALSA-1337	2	2	0	0	0	1	0	0.0
original_primary	KdpABC__CoxCut	PALSA-610	5	0	2	0	3	1	1	3.0
original_primary	KdpABC__CoxCut	PALSA-660	4	2	0	2	0	1	1	0.0
original_primary	KdpABC__CoxCut	PJQJ01	3	3	0	0	0	1	1	0.0
original_primary	KdpABC__CoxCut	Palsa-1180	2	1	0	1	0	2	0	0.0
original_primary	KdpABC__CoxCut	Palsa-1400	7	0	0	7	0	1	1	0.0
original_primary	KdpABC__CoxCut	Palsa-1439	3	0	0	3	0	2	0	0.0
original_primary	KdpABC__CoxCut	Palsa-688	13	6	3	3	1	2	2	1.2307692307692308
original_primary	KdpABC__CoxCut	Paludibacteraceae	5	2	0	3	0	2	1	0.0
original_primary	KdpABC__CoxCut	Parvularculaceae	1	1	0	0	0	1	0	0.0
original_primary	KdpABC__CoxCut	Phormidesmidaceae	2	2	0	0	0	1	0	0.0
original_primary	KdpABC__CoxCut	Phototrophicaceae	1	1	0	0	0	1	0	0.0
original_primary	KdpABC__CoxCut	Phycisphaeraceae	4	3	1	0	0	2	1	0.0
original_primary	KdpABC__CoxCut	Pirellulaceae	13	13	0	0	0	1	1	0.0
original_primary	KdpABC__CoxCut	Planctomycetaceae	13	12	0	1	0	3	1	0.0
original_primary	KdpABC__CoxCut	Planococcaceae	1	1	0	0	0	1	0	0.0
original_primary	KdpABC__CoxCut	Polyangiaceae	11	8	0	3	0	4	2	0.0
original_primary	KdpABC__CoxCut	Porticoccaceae	5	5	0	0	0	1	1	0.0
original_primary	KdpABC__CoxCut	Prolixibacteraceae	6	2	0	4	0	2	1	0.0
original_primary	KdpABC__CoxCut	Propionibacteriaceae	8	6	0	2	0	2	1	0.0
original_primary	KdpABC__CoxCut	Pseudanabaenaceae	2	2	0	0	0	1	0	0.0
original_primary	KdpABC__CoxCut	Pseudohongiellaceae	3	3	0	0	0	1	1	0.0
original_primary	KdpABC__CoxCut	Pseudomonadaceae	19	7	0	11	1	3	2	0.631578947368421
original_primary	KdpABC__CoxCut	Pseudonocardiaceae	42	13	15	4	10	3	3	8.333333333333334
original_primary	KdpABC__CoxCut	Pyrinomonadaceae	22	13	2	3	4	4	4	1.9090909090909092
original_primary	KdpABC__CoxCut	QHBO01	12	12	0	0	0	2	2	0.0
original_primary	KdpABC__CoxCut	QHCE01	1	1	0	0	0	1	0	0.0
original_primary	KdpABC__CoxCut	QS-5-54-17	1	1	0	0	0	1	0	0.0
original_primary	KdpABC__CoxCut	RAAP-2	45	14	4	21	6	3	3	6.0
original_primary	KdpABC__CoxCut	RBC074	2	1	0	0	1	1	0	0.5
original_primary	KdpABC__CoxCut	RBG-16-64-32	1	0	1	0	0	1	0	0.0
original_primary	KdpABC__CoxCut	REEB76	11	11	0	0	0	1	1	0.0
original_primary	KdpABC__CoxCut	RSA9	33	30	2	1	0	2	1	0.06060606060606061
original_primary	KdpABC__CoxCut	Rectinemataceae	2	2	0	0	0	1	0	0.0
original_primary	KdpABC__CoxCut	Rhizobiaceae	7	3	2	0	2	2	1	1.1428571428571428
original_primary	KdpABC__CoxCut	Rhodanobacteraceae	16	12	2	2	0	2	1	0.25
original_primary	KdpABC__CoxCut	Rhodocyclaceae	2	1	0	1	0	1	0	0.0
original_primary	KdpABC__CoxCut	Rubidibacteraceae	3	3	0	0	0	2	0	0.0
original_primary	KdpABC__CoxCut	Rubricoccaceae	1	1	0	0	0	1	0	0.0
original_primary	KdpABC__CoxCut	Rubrobacteraceae	38	18	20	0	0	2	2	0.0
original_primary	KdpABC__CoxCut	SA4	1	1	0	0	0	1	0	0.0
original_primary	KdpABC__CoxCut	SBAW01	1	1	0	0	0	1	0	0.0
original_primary	KdpABC__CoxCut	SCN-69-37	2	2	0	0	0	1	0	0.0
original_primary	KdpABC__CoxCut	SCQP01	11	7	0	4	0	1	1	0.0
original_primary	KdpABC__CoxCut	SCSIO-06110	3	3	0	0	0	1	1	0.0
original_primary	KdpABC__CoxCut	SCTD01	19	9	10	0	0	2	1	0.0
original_primary	KdpABC__CoxCut	SG8-39	12	6	6	0	0	3	3	0.0
original_primary	KdpABC__CoxCut	SG8-41	8	2	5	0	1	4	2	0.75
original_primary	KdpABC__CoxCut	SIRW01	1	0	1	0	0	1	0	0.0
original_primary	KdpABC__CoxCut	SKKL01	1	0	1	0	0	1	0	0.0
original_primary	KdpABC__CoxCut	SKUG01	15	15	0	0	0	1	1	0.0
original_primary	KdpABC__CoxCut	SMYC01	1	1	0	0	0	1	0	0.0
original_primary	KdpABC__CoxCut	SW-11-45-7	1	1	0	0	0	1	0	0.0
original_primary	KdpABC__CoxCut	SW-4-49-11	2	2	0	0	0	2	0	0.0
original_primary	KdpABC__CoxCut	SW-6-46-9	3	3	0	0	0	2	0	0.0
original_primary	KdpABC__CoxCut	SZUA-35	7	2	5	0	0	1	1	0.0
original_primary	KdpABC__CoxCut	SZUA-36	3	3	0	0	0	1	1	0.0
original_primary	KdpABC__CoxCut	Saccharofermentanaceae	1	1	0	0	0	1	0	0.0
original_primary	KdpABC__CoxCut	Salinibacteraceae	18	18	0	0	0	3	3	0.0
original_primary	KdpABC__CoxCut	Salinisphaeraceae	2	2	0	0	0	1	0	0.0
original_primary	KdpABC__CoxCut	SbA1	32	11	1	13	7	3	3	5.0
original_primary	KdpABC__CoxCut	Smithellaceae	4	2	0	2	0	2	0	0.0
original_primary	KdpABC__CoxCut	Solirubrobacteraceae	74	33	22	13	6	5	5	7.1891891891891895
original_primary	KdpABC__CoxCut	Sphingobacteriaceae	3	2	0	1	0	2	0	0.0
original_primary	KdpABC__CoxCut	Sphingomonadaceae	42	36	1	5	0	4	2	0.11904761904761904
original_primary	KdpABC__CoxCut	Spirosomataceae	1	1	0	0	0	1	0	0.0
original_primary	KdpABC__CoxCut	Spongiibacteraceae	2	2	0	0	0	1	0	0.0
original_primary	KdpABC__CoxCut	Sporichthyaceae	1	0	1	0	0	1	0	0.0
original_primary	KdpABC__CoxCut	Steroidobacteraceae	43	24	2	14	3	3	3	1.9767441860465116
original_primary	KdpABC__CoxCut	Streptosporangiaceae	29	3	14	1	11	3	2	10.344827586206897
original_primary	KdpABC__CoxCut	Sulfuricellaceae	1	1	0	0	0	1	0	0.0
original_primary	KdpABC__CoxCut	Sulfuriferulaceae	1	1	0	0	0	1	0	0.0
original_primary	KdpABC__CoxCut	Syntrophomonadaceae	1	1	0	0	0	1	0	0.0
original_primary	KdpABC__CoxCut	T3Sed10-336	8	8	0	0	0	1	1	0.0
original_primary	KdpABC__CoxCut	Tepidiformaceae	2	1	0	1	0	2	0	0.0
original_primary	KdpABC__CoxCut	Tepidisphaeraceae	16	14	0	2	0	3	2	0.0
original_primary	KdpABC__CoxCut	Thermacetogeniaceae	1	1	0	0	0	1	0	0.0
original_primary	KdpABC__CoxCut	Thermoanaerobaculaceae	1	0	0	1	0	1	0	0.0
original_primary	KdpABC__CoxCut	Thermobaculaceae	5	3	2	0	0	1	1	0.0
original_primary	KdpABC__CoxCut	Thermoguttaceae	1	0	0	1	0	1	0	0.0
original_primary	KdpABC__CoxCut	Thermoleophilaceae	29	16	13	0	0	3	2	0.0
original_primary	KdpABC__CoxCut	Thermomicrobiaceae	1	1	0	0	0	1	0	0.0
original_primary	KdpABC__CoxCut	Thermosynechococcaceae	3	2	0	1	0	2	0	0.0
original_primary	KdpABC__CoxCut	Trueperaceae	23	22	1	0	0	2	1	0.0
original_primary	KdpABC__CoxCut	UBA10212	1	1	0	0	0	1	0	0.0
original_primary	KdpABC__CoxCut	UBA10450	10	6	0	4	0	3	2	0.0
original_primary	KdpABC__CoxCut	UBA11346	2	2	0	0	0	1	0	0.0
original_primary	KdpABC__CoxCut	UBA11358	32	9	0	23	0	3	3	0.0
original_primary	KdpABC__CoxCut	UBA1147	5	0	0	5	0	1	1	0.0
original_primary	KdpABC__CoxCut	UBA12049	3	3	0	0	0	2	0	0.0
original_primary	KdpABC__CoxCut	UBA12225	3	3	0	0	0	1	1	0.0
original_primary	KdpABC__CoxCut	UBA1321	1	1	0	0	0	1	0	0.0
original_primary	KdpABC__CoxCut	UBA1402	2	1	0	1	0	1	0	0.0
original_primary	KdpABC__CoxCut	UBA1547	3	3	0	0	0	2	0	0.0
original_primary	KdpABC__CoxCut	UBA1924	6	4	0	2	0	2	1	0.0
original_primary	KdpABC__CoxCut	UBA2023	1	1	0	0	0	1	0	0.0
original_primary	KdpABC__CoxCut	UBA2100	2	2	0	0	0	1	0	0.0
original_primary	KdpABC__CoxCut	UBA2103	1	1	0	0	0	1	0	0.0
original_primary	KdpABC__CoxCut	UBA2199	1	0	0	1	0	1	0	0.0
original_primary	KdpABC__CoxCut	UBA2206	2	2	0	0	0	2	0	0.0
original_primary	KdpABC__CoxCut	UBA2241	11	8	0	3	0	2	1	0.0
original_primary	KdpABC__CoxCut	UBA2999	11	7	4	0	0	3	2	0.0
original_primary	KdpABC__CoxCut	UBA3067	1	1	0	0	0	1	0	0.0
original_primary	KdpABC__CoxCut	UBA4093	1	1	0	0	0	1	0	0.0
original_primary	KdpABC__CoxCut	UBA4142	1	1	0	0	0	1	0	0.0
original_primary	KdpABC__CoxCut	UBA4664	1	1	0	0	0	1	0	0.0
original_primary	KdpABC__CoxCut	UBA4665	14	14	0	0	0	4	2	0.0
original_primary	KdpABC__CoxCut	UBA4738	2	0	2	0	0	1	0	0.0
original_primary	KdpABC__CoxCut	UBA5066	6	3	0	3	0	1	1	0.0
original_primary	KdpABC__CoxCut	UBA5177	1	0	1	0	0	1	0	0.0
original_primary	KdpABC__CoxCut	UBA5619	2	2	0	0	0	1	0	0.0
original_primary	KdpABC__CoxCut	UBA5734	1	0	0	1	0	1	0	0.0
original_primary	KdpABC__CoxCut	UBA6077	1	0	0	1	0	1	0	0.0
original_primary	KdpABC__CoxCut	UBA6265	38	17	21	0	0	3	2	0.0
original_primary	KdpABC__CoxCut	UBA6623	2	2	0	0	0	1	0	0.0
original_primary	KdpABC__CoxCut	UBA6821	1	0	0	1	0	1	0	0.0
original_primary	KdpABC__CoxCut	UBA6960	1	1	0	0	0	1	0	0.0
original_primary	KdpABC__CoxCut	UBA7540	17	4	0	10	3	2	1	2.2941176470588234
original_primary	KdpABC__CoxCut	UBA7541	32	8	2	18	4	3	2	4.125
original_primary	KdpABC__CoxCut	UBA7656	1	0	0	1	0	1	0	0.0
original_primary	KdpABC__CoxCut	UBA8139	1	0	0	0	1	1	0	1.0
original_primary	KdpABC__CoxCut	UBA8190	4	3	0	1	0	2	0	0.0
original_primary	KdpABC__CoxCut	UBA8199	2	1	0	1	0	1	0	0.0
original_primary	KdpABC__CoxCut	UBA8639	2	2	0	0	0	1	0	0.0
original_primary	KdpABC__CoxCut	UBA8958	1	1	0	0	0	1	0	0.0
original_primary	KdpABC__CoxCut	UBA918	2	2	0	0	0	1	0	0.0
original_primary	KdpABC__CoxCut	UBA922	1	1	0	0	0	1	0	0.0
original_primary	KdpABC__CoxCut	UBA927	1	1	0	0	0	1	0	0.0
original_primary	KdpABC__CoxCut	UBA932	1	1	0	0	0	1	0	0.0
original_primary	KdpABC__CoxCut	UBA9968	5	2	3	0	0	2	1	0.0
original_primary	KdpABC__CoxCut	UBA9973	3	3	0	0	0	3	0	0.0
original_primary	KdpABC__CoxCut	UM-FILTER-63-12	1	1	0	0	0	1	0	0.0
original_primary	KdpABC__CoxCut	Usitatibacteraceae	1	0	0	1	0	1	0	0.0
original_primary	KdpABC__CoxCut	VMFF01	1	1	0	0	0	1	0	0.0
original_primary	KdpABC__CoxCut	VXPQ01	7	7	0	0	0	1	1	0.0
original_primary	KdpABC__CoxCut	VadinHA17	19	6	0	13	0	2	2	0.0
original_primary	KdpABC__CoxCut	Versatilivoraceae	1	1	0	0	0	1	0	0.0
original_primary	KdpABC__CoxCut	Vicingaceae	2	2	0	0	0	1	0	0.0
original_primary	KdpABC__CoxCut	Villigracilaceae	5	1	0	4	0	2	1	0.0
original_primary	KdpABC__CoxCut	Vulcanimicrobiaceae	12	2	2	3	5	2	2	4.666666666666667
original_primary	KdpABC__CoxCut	WHSQ01	35	33	2	0	0	1	1	0.0
original_primary	KdpABC__CoxCut	WHST01	1	0	1	0	0	1	0	0.0
original_primary	KdpABC__CoxCut	WHTK01	1	1	0	0	0	1	0	0.0
original_primary	KdpABC__CoxCut	WJLG01	2	2	0	0	0	1	0	0.0
original_primary	KdpABC__CoxCut	Wenzhouxiangellaceae	1	1	0	0	0	1	0	0.0
original_primary	KdpABC__CoxCut	Woeseiaceae	3	0	3	0	0	1	1	0.0
original_primary	KdpABC__CoxCut	Xanthobacteraceae	61	2	29	1	29	3	3	28.524590163934427
original_primary	KdpABC__CoxCut	Xanthomonadaceae	27	21	0	6	0	3	2	0.0
original_primary	KdpABC__CoxCut	ZC4RG35	7	4	3	0	0	1	1	0.0
original_primary	KdpABC__CoxCut	Zrk34	1	1	0	0	0	1	0	0.0
original_primary	ProVWX__CoxCut	172606-1	3	3	0	0	0	1	1	0.0
original_primary	ProVWX__CoxCut	2-02-FULL-51-18	1	1	0	0	0	1	0	0.0
original_primary	ProVWX__CoxCut	2-02-FULL-66-22	3	3	0	0	0	1	1	0.0
original_primary	ProVWX__CoxCut	2-12-FULL-41-12	1	1	0	0	0	1	0	0.0
original_primary	ProVWX__CoxCut	2-12-FULL-66-21	11	10	1	0	0	3	1	0.0
original_primary	ProVWX__CoxCut	70-9	13	12	1	0	0	4	2	0.0
original_primary	ProVWX__CoxCut	AC-14	4	4	0	0	0	2	1	0.0
original_primary	ProVWX__CoxCut	AK92	3	2	0	1	0	1	1	0.0
original_primary	ProVWX__CoxCut	Acetobacteraceae	15	6	8	0	1	4	2	0.6
original_primary	ProVWX__CoxCut	Acidobacteriaceae	84	84	0	0	0	3	3	0.0
original_primary	ProVWX__CoxCut	Acidothermaceae	1	1	0	0	0	1	0	0.0
original_primary	ProVWX__CoxCut	Actinomycetaceae	1	1	0	0	0	1	0	0.0
original_primary	ProVWX__CoxCut	Actinopolymorphaceae	2	0	0	0	2	1	0	2.0
original_primary	ProVWX__CoxCut	Aeolococcaceae	6	4	2	0	0	3	1	0.0
original_primary	ProVWX__CoxCut	Aestuariivirgaceae	3	0	1	2	0	2	0	0.6666666666666666
original_primary	ProVWX__CoxCut	Afifellaceae	5	1	1	1	2	1	1	1.8
original_primary	ProVWX__CoxCut	Akkermansiaceae	3	3	0	0	0	1	1	0.0
original_primary	ProVWX__CoxCut	Alcanivoracaceae	3	3	0	0	0	1	1	0.0
original_primary	ProVWX__CoxCut	Algiphilaceae	1	0	0	1	0	1	0	0.0
original_primary	ProVWX__CoxCut	Alteromonadaceae	5	5	0	0	0	1	1	0.0
original_primary	ProVWX__CoxCut	Anaerobacaceae	1	1	0	0	0	1	0	0.0
original_primary	ProVWX__CoxCut	Anaerolineaceae	1	0	1	0	0	1	0	0.0
original_primary	ProVWX__CoxCut	Anoxymicrobiaceae	5	5	0	0	0	1	1	0.0
original_primary	ProVWX__CoxCut	Aquisalimonadaceae	1	1	0	0	0	1	0	0.0
original_primary	ProVWX__CoxCut	Australimonadaceae	1	1	0	0	0	1	0	0.0
original_primary	ProVWX__CoxCut	Azotimanducaceae	3	3	0	0	0	1	1	0.0
original_primary	ProVWX__CoxCut	B-1AR	2	2	0	0	0	2	0	0.0
original_primary	ProVWX__CoxCut	BOG-1460	2	2	0	0	0	2	0	0.0
original_primary	ProVWX__CoxCut	BP-101	1	0	1	0	0	1	0	0.0
original_primary	ProVWX__CoxCut	BP-133	3	0	3	0	0	2	0	0.0
original_primary	ProVWX__CoxCut	BWSM-131	1	0	1	0	0	1	0	0.0
original_primary	ProVWX__CoxCut	Balneolaceae	4	4	0	0	0	1	1	0.0
original_primary	ProVWX__CoxCut	Beijerinckiaceae	21	16	5	0	0	5	2	0.0
original_primary	ProVWX__CoxCut	Binataceae	14	10	4	0	0	3	1	0.0
original_primary	ProVWX__CoxCut	Bog-793	9	5	4	0	0	2	2	0.0
original_primary	ProVWX__CoxCut	Bog-877	6	3	3	0	0	2	1	0.0
original_primary	ProVWX__CoxCut	Bradymonadaceae	2	2	0	0	0	2	0	0.0
original_primary	ProVWX__CoxCut	Bryobacteraceae	46	40	6	0	0	4	3	0.0
original_primary	ProVWX__CoxCut	Burkholderiaceae	52	34	9	8	1	4	3	1.7307692307692308
original_primary	ProVWX__CoxCut	CADCSY01	31	14	17	0	0	2	2	0.0
original_primary	ProVWX__CoxCut	CADCTF01	20	8	12	0	0	1	1	0.0
original_primary	ProVWX__CoxCut	CADCWN01	6	5	1	0	0	1	1	0.0
original_primary	ProVWX__CoxCut	CADDYW01	2	0	2	0	0	2	0	0.0
original_primary	ProVWX__CoxCut	CADEER01	1	1	0	0	0	1	0	0.0
original_primary	ProVWX__CoxCut	CAIQCM01	1	1	0	0	0	1	0	0.0
original_primary	ProVWX__CoxCut	CAJCIY01	1	1	0	0	0	1	0	0.0
original_primary	ProVWX__CoxCut	CALAEC01	1	1	0	0	0	1	0	0.0
original_primary	ProVWX__CoxCut	CALGFH01	1	0	1	0	0	1	0	0.0
original_primary	ProVWX__CoxCut	CANJXF01	1	1	0	0	0	1	0	0.0
original_primary	ProVWX__CoxCut	CAUJGQ01	2	1	1	0	0	2	0	0.0
original_primary	ProVWX__CoxCut	CF-121	1	0	1	0	0	1	0	0.0
original_primary	ProVWX__CoxCut	CF-72	2	0	2	0	0	1	0	0.0
original_primary	ProVWX__CoxCut	CFX8	3	0	1	1	1	2	0	1.3333333333333333
original_primary	ProVWX__CoxCut	CG2-30-32-10	1	1	0	0	0	1	0	0.0
original_primary	ProVWX__CoxCut	CG2-30-64-16	1	1	0	0	0	1	0	0.0
original_primary	ProVWX__CoxCut	CGMCC-115725	17	4	13	0	0	3	1	0.0
original_primary	ProVWX__CoxCut	CSP1-4	45	30	8	5	2	5	3	1.5555555555555556
original_primary	ProVWX__CoxCut	CSP1-5	2	2	0	0	0	1	0	0.0
original_primary	ProVWX__CoxCut	CSP1-6	5	2	3	0	0	3	1	0.0
original_primary	ProVWX__CoxCut	Caldilineaceae	3	2	0	1	0	1	1	0.0
original_primary	ProVWX__CoxCut	Casimicrobiaceae	9	5	4	0	0	3	2	0.0
original_primary	ProVWX__CoxCut	Catenulisporaceae	2	2	0	0	0	1	0	0.0
original_primary	ProVWX__CoxCut	Caulobacteraceae	22	21	0	1	0	4	4	0.0
original_primary	ProVWX__CoxCut	Cellulomonadaceae	12	11	0	1	0	2	1	0.0
original_primary	ProVWX__CoxCut	Cellvibrionaceae	17	17	0	0	0	1	1	0.0
original_primary	ProVWX__CoxCut	Cfx3-03	1	1	0	0	0	1	0	0.0
original_primary	ProVWX__CoxCut	Chitinophagaceae	23	22	1	0	0	3	3	0.0
original_primary	ProVWX__CoxCut	Chroococcidiopsidaceae	2	2	0	0	0	1	0	0.0
original_primary	ProVWX__CoxCut	Chthoniobacteraceae	3	3	0	0	0	1	1	0.0
original_primary	ProVWX__CoxCut	Clostridiaceae	3	3	0	0	0	1	1	0.0
original_primary	ProVWX__CoxCut	Coleofasciculaceae	1	1	0	0	0	1	0	0.0
original_primary	ProVWX__CoxCut	Cyanobacteriaceae	1	1	0	0	0	1	0	0.0
original_primary	ProVWX__CoxCut	Cyclobacteriaceae	69	69	0	0	0	2	1	0.0
original_primary	ProVWX__CoxCut	Cytophagaceae	6	6	0	0	0	1	1	0.0
original_primary	ProVWX__CoxCut	DAIQRJ01	1	1	0	0	0	1	0	0.0
original_primary	ProVWX__CoxCut	DASSAV01	1	1	0	0	0	1	0	0.0
original_primary	ProVWX__CoxCut	DASUME01	1	1	0	0	0	1	0	0.0
original_primary	ProVWX__CoxCut	DASVHX01	1	1	0	0	0	1	0	0.0
original_primary	ProVWX__CoxCut	DASVNK01	5	5	0	0	0	1	1	0.0
original_primary	ProVWX__CoxCut	DASYVL01	4	1	3	0	0	1	1	0.0
original_primary	ProVWX__CoxCut	DASZGP01	3	2	1	0	0	1	1	0.0
original_primary	ProVWX__CoxCut	DATECO01	1	1	0	0	0	1	0	0.0
original_primary	ProVWX__CoxCut	DATFVB01	1	1	0	0	0	1	0	0.0
original_primary	ProVWX__CoxCut	DATIHE01	1	1	0	0	0	1	0	0.0
original_primary	ProVWX__CoxCut	DATLYR01	1	1	0	0	0	1	0	0.0
original_primary	ProVWX__CoxCut	DSM-27016	1	1	0	0	0	1	0	0.0
original_primary	ProVWX__CoxCut	Deinococcaceae	4	4	0	0	0	1	1	0.0
original_primary	ProVWX__CoxCut	Demequinaceae	1	1	0	0	0	1	0	0.0
original_primary	ProVWX__CoxCut	Dermatophilaceae	18	11	4	1	2	3	2	1.0
original_primary	ProVWX__CoxCut	Desulfitobacteriaceae	3	2	0	0	1	2	0	0.3333333333333333
original_primary	ProVWX__CoxCut	Devosiaceae	5	2	0	3	0	1	1	0.0
original_primary	ProVWX__CoxCut	Dormibacteraceae	17	5	12	0	0	2	2	0.0
original_primary	ProVWX__CoxCut	E44-bin32	1	0	1	0	0	1	0	0.0
original_primary	ProVWX__CoxCut	Egibacteraceae	40	23	10	6	1	4	1	1.925
original_primary	ProVWX__CoxCut	Elainellaceae	1	1	0	0	0	1	0	0.0
original_primary	ProVWX__CoxCut	Enterobacteriaceae	1	0	0	1	0	1	0	0.0
original_primary	ProVWX__CoxCut	Ethanoligenentaceae	1	1	0	0	0	1	0	0.0
original_primary	ProVWX__CoxCut	Eubacteriaceae	2	2	0	0	0	1	0	0.0
original_primary	ProVWX__CoxCut	Eutrophobiaceae	2	2	0	0	0	1	0	0.0
original_primary	ProVWX__CoxCut	Euzebyaceae	1	1	0	0	0	1	0	0.0
original_primary	ProVWX__CoxCut	FEN-979	4	4	0	0	0	2	0	0.0
original_primary	ProVWX__CoxCut	FW602-bin22	2	1	1	0	0	1	0	0.0
original_primary	ProVWX__CoxCut	Fen-1058	1	1	0	0	0	1	0	0.0
original_primary	ProVWX__CoxCut	Fen-1064	2	2	0	0	0	1	0	0.0
original_primary	ProVWX__CoxCut	Fen-1088	5	5	0	0	0	2	1	0.0
original_primary	ProVWX__CoxCut	Fen-181	2	2	0	0	0	1	0	0.0
original_primary	ProVWX__CoxCut	Flavobacteriaceae	36	36	0	0	0	3	1	0.0
original_primary	ProVWX__CoxCut	Flexibacteraceae	1	1	0	0	0	1	0	0.0
original_primary	ProVWX__CoxCut	Fredricksoniimonadaceae	3	3	0	0	0	1	1	0.0
original_primary	ProVWX__CoxCut	GCA-2861595	9	8	0	1	0	2	2	0.0
original_primary	ProVWX__CoxCut	GWC2-37-73	1	1	0	0	0	1	0	0.0
original_primary	ProVWX__CoxCut	GWC2-71-9	15	14	1	0	0	3	1	0.0
original_primary	ProVWX__CoxCut	Ga0077536	1	1	0	0	0	1	0	0.0
original_primary	ProVWX__CoxCut	Gaiellaceae	40	20	16	0	4	5	3	2.0
original_primary	ProVWX__CoxCut	Gallionellaceae	14	14	0	0	0	3	2	0.0
original_primary	ProVWX__CoxCut	Gemmataceae	5	5	0	0	0	3	0	0.0
original_primary	ProVWX__CoxCut	Gemmatimonadaceae	39	38	1	0	0	3	3	0.0
original_primary	ProVWX__CoxCut	Geodermatophilaceae	5	1	3	0	1	1	1	0.8
original_primary	ProVWX__CoxCut	Gp1-AA117	3	2	1	0	0	1	1	0.0
original_primary	ProVWX__CoxCut	Gp7-AA6	6	3	3	0	0	2	1	0.0
original_primary	ProVWX__CoxCut	Gp7-AA8	14	13	1	0	0	3	2	0.0
original_primary	ProVWX__CoxCut	HK1	1	1	0	0	0	1	0	0.0
original_primary	ProVWX__CoxCut	HRBIN12	1	0	0	1	0	1	0	0.0
original_primary	ProVWX__CoxCut	Haliangiaceae	4	4	0	0	0	1	1	0.0
original_primary	ProVWX__CoxCut	Halieaceae	1	1	0	0	0	1	0	0.0
original_primary	ProVWX__CoxCut	Halofilaceae	2	0	0	2	0	2	0	0.0
original_primary	ProVWX__CoxCut	Halomonadaceae	1	1	0	0	0	1	0	0.0
original_primary	ProVWX__CoxCut	Holophagaceae	1	1	0	0	0	1	0	0.0
original_primary	ProVWX__CoxCut	Humimicrobiaceae	1	1	0	0	0	1	0	0.0
original_primary	ProVWX__CoxCut	Hymenobacteraceae	17	17	0	0	0	1	1	0.0
original_primary	ProVWX__CoxCut	Hyphomonadaceae	1	1	0	0	0	1	0	0.0
original_primary	ProVWX__CoxCut	Iamiaceae	1	1	0	0	0	1	0	0.0
original_primary	ProVWX__CoxCut	Ignavibacteriaceae	1	1	0	0	0	1	0	0.0
original_primary	ProVWX__CoxCut	Ilumatobacteraceae	5	0	3	1	1	1	1	1.6
original_primary	ProVWX__CoxCut	Immundisolibacteraceae	1	1	0	0	0	1	0	0.0
original_primary	ProVWX__CoxCut	J027	1	1	0	0	0	1	0	0.0
original_primary	ProVWX__CoxCut	JAATET01	1	1	0	0	0	1	0	0.0
original_primary	ProVWX__CoxCut	JACCUZ01	5	2	3	0	0	1	1	0.0
original_primary	ProVWX__CoxCut	JACCXJ01	3	3	0	0	0	1	1	0.0
original_primary	ProVWX__CoxCut	JACCXN01	2	2	0	0	0	1	0	0.0
original_primary	ProVWX__CoxCut	JACCZL01	1	0	1	0	0	1	0	0.0
original_primary	ProVWX__CoxCut	JACDCH01	18	4	12	0	2	2	1	1.5555555555555556
original_primary	ProVWX__CoxCut	JACDHS01	1	1	0	0	0	1	0	0.0
original_primary	ProVWX__CoxCut	JACPAU01	3	3	0	0	0	1	1	0.0
original_primary	ProVWX__CoxCut	JACPCJ01	1	1	0	0	0	1	0	0.0
original_primary	ProVWX__CoxCut	JACPNS01	2	2	0	0	0	1	0	0.0
original_primary	ProVWX__CoxCut	JACQAP01	4	3	1	0	0	1	1	0.0
original_primary	ProVWX__CoxCut	JACQNP01	1	1	0	0	0	1	0	0.0
original_primary	ProVWX__CoxCut	JADGOU01	1	1	0	0	0	1	0	0.0
original_primary	ProVWX__CoxCut	JADGOV01	1	1	0	0	0	1	0	0.0
original_primary	ProVWX__CoxCut	JADGRT01	1	1	0	0	0	1	0	0.0
original_primary	ProVWX__CoxCut	JADMIN01	3	1	2	0	0	1	1	0.0
original_primary	ProVWX__CoxCut	JAENWW01	1	1	0	0	0	1	0	0.0
original_primary	ProVWX__CoxCut	JAEZED01	1	1	0	0	0	1	0	0.0
original_primary	ProVWX__CoxCut	JAFGIB01	1	1	0	0	0	1	0	0.0
original_primary	ProVWX__CoxCut	JAGDMS01	1	0	1	0	0	1	0	0.0
original_primary	ProVWX__CoxCut	JAGOUN01	1	1	0	0	0	1	0	0.0
original_primary	ProVWX__CoxCut	JAHDFW01	1	1	0	0	0	1	0	0.0
original_primary	ProVWX__CoxCut	JAHFRG01	5	5	0	0	0	1	1	0.0
original_primary	ProVWX__CoxCut	JAHWKK01	3	3	0	0	0	1	1	0.0
original_primary	ProVWX__CoxCut	JAHWKP01	2	1	1	0	0	1	0	0.0
original_primary	ProVWX__CoxCut	JAHWKV01	2	1	1	0	0	1	0	0.0
original_primary	ProVWX__CoxCut	JAHWKY01	1	1	0	0	0	1	0	0.0
original_primary	ProVWX__CoxCut	JAHWLA01	2	0	2	0	0	1	0	0.0
original_primary	ProVWX__CoxCut	JAICIG01	1	1	0	0	0	1	0	0.0
original_primary	ProVWX__CoxCut	JAICJC01	2	0	2	0	0	2	0	0.0
original_primary	ProVWX__CoxCut	JAIQGF01	3	3	0	0	0	2	0	0.0
original_primary	ProVWX__CoxCut	JAIVGZ01	2	2	0	0	0	1	0	0.0
original_primary	ProVWX__CoxCut	JAJPGV01	1	0	1	0	0	1	0	0.0
original_primary	ProVWX__CoxCut	JAJPHD01	4	0	4	0	0	1	1	0.0
original_primary	ProVWX__CoxCut	JAJUFS01	3	3	0	0	0	1	1	0.0
original_primary	ProVWX__CoxCut	JAKAOS01	1	0	1	0	0	1	0	0.0
original_primary	ProVWX__CoxCut	JAKDMP01	5	5	0	0	0	1	1	0.0
original_primary	ProVWX__CoxCut	JAKFFM01	2	2	0	0	0	1	0	0.0
original_primary	ProVWX__CoxCut	JALHPA01	1	1	0	0	0	1	0	0.0
original_primary	ProVWX__CoxCut	JALYLC01	1	1	0	0	0	1	0	0.0
original_primary	ProVWX__CoxCut	JALYNB01	2	1	0	1	0	1	0	0.0
original_primary	ProVWX__CoxCut	JANWHV01	2	2	0	0	0	1	0	0.0
original_primary	ProVWX__CoxCut	JAOPZY01	1	0	1	0	0	1	0	0.0
original_primary	ProVWX__CoxCut	JAQBPE01	1	1	0	0	0	1	0	0.0
original_primary	ProVWX__CoxCut	JAQGHD01	2	2	0	0	0	1	0	0.0
original_primary	ProVWX__CoxCut	JAQUTK01	1	1	0	0	0	1	0	0.0
original_primary	ProVWX__CoxCut	JAUJNH01	2	2	0	0	0	2	0	0.0
original_primary	ProVWX__CoxCut	JAUTXP01	2	1	1	0	0	1	0	0.0
original_primary	ProVWX__CoxCut	JBBRBF01	1	0	0	0	1	1	0	1.0
original_primary	ProVWX__CoxCut	JBBRZM01	1	0	1	0	0	1	0	0.0
original_primary	ProVWX__CoxCut	JBBSGY01	2	2	0	0	0	1	0	0.0
original_primary	ProVWX__CoxCut	JBDIVX01	1	1	0	0	0	1	0	0.0
original_primary	ProVWX__CoxCut	JBDZVW01	1	1	0	0	0	1	0	0.0
original_primary	ProVWX__CoxCut	JCM-10596	5	0	0	5	0	1	1	0.0
original_primary	ProVWX__CoxCut	Jatrophihabitantaceae	4	1	3	0	0	2	0	0.0
original_primary	ProVWX__CoxCut	Jiangellaceae	5	2	1	0	2	1	1	1.2
original_primary	ProVWX__CoxCut	Kallotenuaceae	5	3	2	0	0	1	1	0.0
original_primary	ProVWX__CoxCut	Kangiellaceae	1	1	0	0	0	1	0	0.0
original_primary	ProVWX__CoxCut	Ketobacteraceae	2	2	0	0	0	1	0	0.0
original_primary	ProVWX__CoxCut	Korobacteraceae	8	7	1	0	0	2	2	0.0
original_primary	ProVWX__CoxCut	Kribbellaceae	1	0	0	1	0	1	0	0.0
original_primary	ProVWX__CoxCut	Ktedonobacteraceae	2	0	2	0	0	1	0	0.0
original_primary	ProVWX__CoxCut	Lacipirellulaceae	2	2	0	0	0	1	0	0.0
original_primary	ProVWX__CoxCut	Legionellaceae	2	2	0	0	0	1	0	0.0
original_primary	ProVWX__CoxCut	Leptospiraceae	1	1	0	0	0	1	0	0.0
original_primary	ProVWX__CoxCut	Longimicrobiaceae	47	37	10	0	0	2	1	0.0
original_primary	ProVWX__CoxCut	Maricaulaceae	2	2	0	0	0	1	0	0.0
original_primary	ProVWX__CoxCut	Methyloligellaceae	5	5	0	0	0	2	1	0.0
original_primary	ProVWX__CoxCut	Methylomirabilaceae	1	1	0	0	0	1	0	0.0
original_primary	ProVWX__CoxCut	Methylomonadaceae	1	1	0	0	0	1	0	0.0
original_primary	ProVWX__CoxCut	Methylophagaceae	1	1	0	0	0	1	0	0.0
original_primary	ProVWX__CoxCut	Methylophilaceae	3	2	0	1	0	2	0	0.0
original_primary	ProVWX__CoxCut	Microbacteriaceae	10	2	3	4	1	3	1	2.0
original_primary	ProVWX__CoxCut	Micrococcaceae	12	8	2	1	1	2	1	0.5
original_primary	ProVWX__CoxCut	Microcoleaceae	4	4	0	0	0	1	1	0.0
original_primary	ProVWX__CoxCut	Microcystaceae	1	1	0	0	0	1	0	0.0
original_primary	ProVWX__CoxCut	Micromonosporaceae	2	1	0	1	0	1	0	0.0
original_primary	ProVWX__CoxCut	Micropepsaceae	7	6	1	0	0	2	2	0.0
original_primary	ProVWX__CoxCut	Miltoncostaeaceae	3	1	2	0	0	2	0	0.0
original_primary	ProVWX__CoxCut	Moraxellaceae	3	3	0	0	0	2	0	0.0
original_primary	ProVWX__CoxCut	Mycobacteriaceae	15	12	3	0	0	3	2	0.0
original_primary	ProVWX__CoxCut	Nakamurellaceae	1	0	1	0	0	1	0	0.0
original_primary	ProVWX__CoxCut	Nannocystaceae	1	1	0	0	0	1	0	0.0
original_primary	ProVWX__CoxCut	Nanopelagicaceae	3	3	0	0	0	2	0	0.0
original_primary	ProVWX__CoxCut	Natronospirillaceae	2	0	0	2	0	1	0	0.0
original_primary	ProVWX__CoxCut	Nevskiaceae	8	8	0	0	0	2	2	0.0
original_primary	ProVWX__CoxCut	Nitriliruptoraceae	40	14	14	7	5	2	1	5.7
original_primary	ProVWX__CoxCut	Nitrococcaceae	1	1	0	0	0	1	0	0.0
original_primary	ProVWX__CoxCut	Nitrosomonadaceae	4	4	0	0	0	2	1	0.0
original_primary	ProVWX__CoxCut	Nitrospiraceae	9	9	0	0	0	3	1	0.0
original_primary	ProVWX__CoxCut	Nocardioidaceae	30	7	10	0	13	4	2	9.966666666666667
original_primary	ProVWX__CoxCut	Nostocaceae	1	0	0	1	0	1	0	0.0
original_primary	ProVWX__CoxCut	Oleiphilaceae	7	3	0	4	0	1	1	0.0
original_primary	ProVWX__CoxCut	Opitutaceae	17	17	0	0	0	4	2	0.0
original_primary	ProVWX__CoxCut	Oscillospiraceae	1	1	0	0	0	1	0	0.0
original_primary	ProVWX__CoxCut	P2-11E	2	2	0	0	0	2	0	0.0
original_primary	ProVWX__CoxCut	PALSA-1337	2	2	0	0	0	1	0	0.0
original_primary	ProVWX__CoxCut	PALSA-610	5	0	5	0	0	1	1	0.0
original_primary	ProVWX__CoxCut	PALSA-660	4	4	0	0	0	1	1	0.0
original_primary	ProVWX__CoxCut	PJQJ01	3	3	0	0	0	1	1	0.0
original_primary	ProVWX__CoxCut	Palsa-1180	2	2	0	0	0	2	0	0.0
original_primary	ProVWX__CoxCut	Palsa-1400	7	7	0	0	0	1	1	0.0
original_primary	ProVWX__CoxCut	Palsa-1439	3	3	0	0	0	2	0	0.0
original_primary	ProVWX__CoxCut	Palsa-688	13	9	4	0	0	2	2	0.0
original_primary	ProVWX__CoxCut	Paludibacteraceae	5	5	0	0	0	2	1	0.0
original_primary	ProVWX__CoxCut	Parvularculaceae	1	1	0	0	0	1	0	0.0
original_primary	ProVWX__CoxCut	Phormidesmidaceae	2	2	0	0	0	1	0	0.0
original_primary	ProVWX__CoxCut	Phototrophicaceae	1	1	0	0	0	1	0	0.0
original_primary	ProVWX__CoxCut	Phycisphaeraceae	4	3	1	0	0	2	1	0.0
original_primary	ProVWX__CoxCut	Pirellulaceae	13	13	0	0	0	1	1	0.0
original_primary	ProVWX__CoxCut	Planctomycetaceae	13	13	0	0	0	3	1	0.0
original_primary	ProVWX__CoxCut	Planococcaceae	1	0	0	1	0	1	0	0.0
original_primary	ProVWX__CoxCut	Polyangiaceae	11	11	0	0	0	4	2	0.0
original_primary	ProVWX__CoxCut	Porticoccaceae	5	5	0	0	0	1	1	0.0
original_primary	ProVWX__CoxCut	Prolixibacteraceae	6	6	0	0	0	2	1	0.0
original_primary	ProVWX__CoxCut	Propionibacteriaceae	8	6	0	2	0	2	1	0.0
original_primary	ProVWX__CoxCut	Pseudanabaenaceae	2	2	0	0	0	1	0	0.0
original_primary	ProVWX__CoxCut	Pseudohongiellaceae	3	3	0	0	0	1	1	0.0
original_primary	ProVWX__CoxCut	Pseudomonadaceae	19	3	0	15	1	3	2	0.8421052631578947
original_primary	ProVWX__CoxCut	Pseudonocardiaceae	42	14	21	3	4	3	3	4.166666666666667
original_primary	ProVWX__CoxCut	Pyrinomonadaceae	22	16	6	0	0	4	4	0.0
original_primary	ProVWX__CoxCut	QHBO01	12	12	0	0	0	2	2	0.0
original_primary	ProVWX__CoxCut	QHCE01	1	1	0	0	0	1	0	0.0
original_primary	ProVWX__CoxCut	QS-5-54-17	1	1	0	0	0	1	0	0.0
original_primary	ProVWX__CoxCut	RAAP-2	45	35	10	0	0	3	3	0.0
original_primary	ProVWX__CoxCut	RBC074	2	1	1	0	0	1	0	0.0
original_primary	ProVWX__CoxCut	RBG-16-64-32	1	0	1	0	0	1	0	0.0
original_primary	ProVWX__CoxCut	REEB76	11	11	0	0	0	1	1	0.0
original_primary	ProVWX__CoxCut	RSA9	33	31	2	0	0	2	1	0.0
original_primary	ProVWX__CoxCut	Rectinemataceae	2	2	0	0	0	1	0	0.0
original_primary	ProVWX__CoxCut	Rhizobiaceae	7	0	0	3	4	2	1	4.0
original_primary	ProVWX__CoxCut	Rhodanobacteraceae	16	14	2	0	0	2	1	0.0
original_primary	ProVWX__CoxCut	Rhodocyclaceae	2	2	0	0	0	1	0	0.0
original_primary	ProVWX__CoxCut	Rubidibacteraceae	3	2	0	1	0	2	0	0.0
original_primary	ProVWX__CoxCut	Rubricoccaceae	1	1	0	0	0	1	0	0.0
original_primary	ProVWX__CoxCut	Rubrobacteraceae	38	11	12	7	8	2	2	7.894736842105263
original_primary	ProVWX__CoxCut	SA4	1	0	0	1	0	1	0	0.0
original_primary	ProVWX__CoxCut	SBAW01	1	1	0	0	0	1	0	0.0
original_primary	ProVWX__CoxCut	SCN-69-37	2	2	0	0	0	1	0	0.0
original_primary	ProVWX__CoxCut	SCQP01	11	11	0	0	0	1	1	0.0
original_primary	ProVWX__CoxCut	SCSIO-06110	3	1	0	2	0	1	1	0.0
original_primary	ProVWX__CoxCut	SCTD01	19	8	9	1	1	2	1	1.0526315789473684
original_primary	ProVWX__CoxCut	SG8-39	12	6	6	0	0	3	3	0.0
original_primary	ProVWX__CoxCut	SG8-41	8	2	6	0	0	4	2	0.0
original_primary	ProVWX__CoxCut	SIRW01	1	0	1	0	0	1	0	0.0
original_primary	ProVWX__CoxCut	SKKL01	1	0	1	0	0	1	0	0.0
original_primary	ProVWX__CoxCut	SKUG01	15	15	0	0	0	1	1	0.0
original_primary	ProVWX__CoxCut	SMYC01	1	1	0	0	0	1	0	0.0
original_primary	ProVWX__CoxCut	SW-11-45-7	1	1	0	0	0	1	0	0.0
original_primary	ProVWX__CoxCut	SW-4-49-11	2	1	0	1	0	2	0	0.0
original_primary	ProVWX__CoxCut	SW-6-46-9	3	3	0	0	0	2	0	0.0
original_primary	ProVWX__CoxCut	SZUA-35	7	2	5	0	0	1	1	0.0
original_primary	ProVWX__CoxCut	SZUA-36	3	3	0	0	0	1	1	0.0
original_primary	ProVWX__CoxCut	Saccharofermentanaceae	1	1	0	0	0	1	0	0.0
original_primary	ProVWX__CoxCut	Salinibacteraceae	18	11	0	7	0	3	3	0.0
original_primary	ProVWX__CoxCut	Salinisphaeraceae	2	2	0	0	0	1	0	0.0
original_primary	ProVWX__CoxCut	SbA1	32	24	8	0	0	3	3	0.0
original_primary	ProVWX__CoxCut	Smithellaceae	4	4	0	0	0	2	0	0.0
original_primary	ProVWX__CoxCut	Solirubrobacteraceae	74	43	28	3	0	5	5	1.135135135135135
original_primary	ProVWX__CoxCut	Sphingobacteriaceae	3	3	0	0	0	2	0	0.0
original_primary	ProVWX__CoxCut	Sphingomonadaceae	42	41	1	0	0	4	2	0.0
original_primary	ProVWX__CoxCut	Spirosomataceae	1	1	0	0	0	1	0	0.0
original_primary	ProVWX__CoxCut	Spongiibacteraceae	2	2	0	0	0	1	0	0.0
original_primary	ProVWX__CoxCut	Sporichthyaceae	1	0	1	0	0	1	0	0.0
original_primary	ProVWX__CoxCut	Steroidobacteraceae	43	28	1	10	4	3	3	1.627906976744186
original_primary	ProVWX__CoxCut	Streptosporangiaceae	29	4	24	0	1	3	2	0.8620689655172413
original_primary	ProVWX__CoxCut	Sulfuricellaceae	1	1	0	0	0	1	0	0.0
original_primary	ProVWX__CoxCut	Sulfuriferulaceae	1	1	0	0	0	1	0	0.0
original_primary	ProVWX__CoxCut	Syntrophomonadaceae	1	1	0	0	0	1	0	0.0
original_primary	ProVWX__CoxCut	T3Sed10-336	8	8	0	0	0	1	1	0.0
original_primary	ProVWX__CoxCut	Tepidiformaceae	2	2	0	0	0	2	0	0.0
original_primary	ProVWX__CoxCut	Tepidisphaeraceae	16	16	0	0	0	3	2	0.0
original_primary	ProVWX__CoxCut	Thermacetogeniaceae	1	1	0	0	0	1	0	0.0
original_primary	ProVWX__CoxCut	Thermoanaerobaculaceae	1	1	0	0	0	1	0	0.0
original_primary	ProVWX__CoxCut	Thermobaculaceae	5	3	2	0	0	1	1	0.0
original_primary	ProVWX__CoxCut	Thermoguttaceae	1	1	0	0	0	1	0	0.0
original_primary	ProVWX__CoxCut	Thermoleophilaceae	29	16	13	0	0	3	2	0.0
original_primary	ProVWX__CoxCut	Thermomicrobiaceae	1	1	0	0	0	1	0	0.0
original_primary	ProVWX__CoxCut	Thermosynechococcaceae	3	3	0	0	0	2	0	0.0
original_primary	ProVWX__CoxCut	Trueperaceae	23	8	1	14	0	2	1	0.6086956521739131
original_primary	ProVWX__CoxCut	UBA10212	1	1	0	0	0	1	0	0.0
original_primary	ProVWX__CoxCut	UBA10450	10	10	0	0	0	3	2	0.0
original_primary	ProVWX__CoxCut	UBA11346	2	2	0	0	0	1	0	0.0
original_primary	ProVWX__CoxCut	UBA11358	32	32	0	0	0	3	3	0.0
original_primary	ProVWX__CoxCut	UBA1147	5	5	0	0	0	1	1	0.0
original_primary	ProVWX__CoxCut	UBA12049	3	3	0	0	0	2	0	0.0
original_primary	ProVWX__CoxCut	UBA12225	3	3	0	0	0	1	1	0.0
original_primary	ProVWX__CoxCut	UBA1321	1	1	0	0	0	1	0	0.0
original_primary	ProVWX__CoxCut	UBA1402	2	2	0	0	0	1	0	0.0
original_primary	ProVWX__CoxCut	UBA1547	3	3	0	0	0	2	0	0.0
original_primary	ProVWX__CoxCut	UBA1924	6	6	0	0	0	2	1	0.0
original_primary	ProVWX__CoxCut	UBA2023	1	1	0	0	0	1	0	0.0
original_primary	ProVWX__CoxCut	UBA2100	2	2	0	0	0	1	0	0.0
original_primary	ProVWX__CoxCut	UBA2103	1	1	0	0	0	1	0	0.0
original_primary	ProVWX__CoxCut	UBA2199	1	1	0	0	0	1	0	0.0
original_primary	ProVWX__CoxCut	UBA2206	2	2	0	0	0	2	0	0.0
original_primary	ProVWX__CoxCut	UBA2241	11	11	0	0	0	2	1	0.0
original_primary	ProVWX__CoxCut	UBA2999	11	7	4	0	0	3	2	0.0
original_primary	ProVWX__CoxCut	UBA3067	1	1	0	0	0	1	0	0.0
original_primary	ProVWX__CoxCut	UBA4093	1	1	0	0	0	1	0	0.0
original_primary	ProVWX__CoxCut	UBA4142	1	1	0	0	0	1	0	0.0
original_primary	ProVWX__CoxCut	UBA4664	1	1	0	0	0	1	0	0.0
original_primary	ProVWX__CoxCut	UBA4665	14	14	0	0	0	4	2	0.0
original_primary	ProVWX__CoxCut	UBA4738	2	0	2	0	0	1	0	0.0
original_primary	ProVWX__CoxCut	UBA5066	6	6	0	0	0	1	1	0.0
original_primary	ProVWX__CoxCut	UBA5177	1	0	1	0	0	1	0	0.0
original_primary	ProVWX__CoxCut	UBA5619	2	2	0	0	0	1	0	0.0
original_primary	ProVWX__CoxCut	UBA5734	1	1	0	0	0	1	0	0.0
original_primary	ProVWX__CoxCut	UBA6077	1	1	0	0	0	1	0	0.0
original_primary	ProVWX__CoxCut	UBA6265	38	17	21	0	0	3	2	0.0
original_primary	ProVWX__CoxCut	UBA6623	2	2	0	0	0	1	0	0.0
original_primary	ProVWX__CoxCut	UBA6821	1	1	0	0	0	1	0	0.0
original_primary	ProVWX__CoxCut	UBA6960	1	1	0	0	0	1	0	0.0
original_primary	ProVWX__CoxCut	UBA7540	17	14	3	0	0	2	1	0.0
original_primary	ProVWX__CoxCut	UBA7541	32	26	6	0	0	3	2	0.0
original_primary	ProVWX__CoxCut	UBA7656	1	1	0	0	0	1	0	0.0
original_primary	ProVWX__CoxCut	UBA8139	1	0	1	0	0	1	0	0.0
original_primary	ProVWX__CoxCut	UBA8190	4	4	0	0	0	2	0	0.0
original_primary	ProVWX__CoxCut	UBA8199	2	2	0	0	0	1	0	0.0
original_primary	ProVWX__CoxCut	UBA8639	2	2	0	0	0	1	0	0.0
original_primary	ProVWX__CoxCut	UBA8958	1	1	0	0	0	1	0	0.0
original_primary	ProVWX__CoxCut	UBA918	2	2	0	0	0	1	0	0.0
original_primary	ProVWX__CoxCut	UBA922	1	1	0	0	0	1	0	0.0
original_primary	ProVWX__CoxCut	UBA927	1	1	0	0	0	1	0	0.0
original_primary	ProVWX__CoxCut	UBA932	1	1	0	0	0	1	0	0.0
original_primary	ProVWX__CoxCut	UBA9968	5	2	3	0	0	2	1	0.0
original_primary	ProVWX__CoxCut	UBA9973	3	3	0	0	0	3	0	0.0
original_primary	ProVWX__CoxCut	UM-FILTER-63-12	1	1	0	0	0	1	0	0.0
original_primary	ProVWX__CoxCut	Usitatibacteraceae	1	1	0	0	0	1	0	0.0
original_primary	ProVWX__CoxCut	VMFF01	1	1	0	0	0	1	0	0.0
original_primary	ProVWX__CoxCut	VXPQ01	7	7	0	0	0	1	1	0.0
original_primary	ProVWX__CoxCut	VadinHA17	19	19	0	0	0	2	2	0.0
original_primary	ProVWX__CoxCut	Versatilivoraceae	1	1	0	0	0	1	0	0.0
original_primary	ProVWX__CoxCut	Vicingaceae	2	2	0	0	0	1	0	0.0
original_primary	ProVWX__CoxCut	Villigracilaceae	5	5	0	0	0	2	1	0.0
original_primary	ProVWX__CoxCut	Vulcanimicrobiaceae	12	5	7	0	0	2	2	0.0
original_primary	ProVWX__CoxCut	WHSQ01	35	33	2	0	0	1	1	0.0
original_primary	ProVWX__CoxCut	WHST01	1	0	0	0	1	1	0	1.0
original_primary	ProVWX__CoxCut	WHTK01	1	1	0	0	0	1	0	0.0
original_primary	ProVWX__CoxCut	WJLG01	2	2	0	0	0	1	0	0.0
original_primary	ProVWX__CoxCut	Wenzhouxiangellaceae	1	1	0	0	0	1	0	0.0
original_primary	ProVWX__CoxCut	Woeseiaceae	3	0	3	0	0	1	1	0.0
original_primary	ProVWX__CoxCut	Xanthobacteraceae	61	3	57	0	1	3	3	0.9508196721311475
original_primary	ProVWX__CoxCut	Xanthomonadaceae	27	27	0	0	0	3	2	0.0
original_primary	ProVWX__CoxCut	ZC4RG35	7	4	2	0	1	1	1	0.42857142857142855
original_primary	ProVWX__CoxCut	Zrk34	1	1	0	0	0	1	0	0.0
original_primary	EctABC__CoxCut	172606-1	3	3	0	0	0	1	1	0.0
original_primary	EctABC__CoxCut	2-02-FULL-51-18	1	1	0	0	0	1	0	0.0
original_primary	EctABC__CoxCut	2-02-FULL-66-22	3	3	0	0	0	1	1	0.0
original_primary	EctABC__CoxCut	2-12-FULL-41-12	1	1	0	0	0	1	0	0.0
original_primary	EctABC__CoxCut	2-12-FULL-66-21	11	10	1	0	0	3	1	0.0
original_primary	EctABC__CoxCut	70-9	13	12	1	0	0	4	2	0.0
original_primary	EctABC__CoxCut	AC-14	4	4	0	0	0	2	1	0.0
original_primary	EctABC__CoxCut	AK92	3	2	0	1	0	1	1	0.0
original_primary	EctABC__CoxCut	Acetobacteraceae	15	6	9	0	0	4	2	0.0
original_primary	EctABC__CoxCut	Acidobacteriaceae	84	84	0	0	0	3	3	0.0
original_primary	EctABC__CoxCut	Acidothermaceae	1	1	0	0	0	1	0	0.0
original_primary	EctABC__CoxCut	Actinomycetaceae	1	1	0	0	0	1	0	0.0
original_primary	EctABC__CoxCut	Actinopolymorphaceae	2	0	2	0	0	1	0	0.0
original_primary	EctABC__CoxCut	Aeolococcaceae	6	4	2	0	0	3	1	0.0
original_primary	EctABC__CoxCut	Aestuariivirgaceae	3	2	1	0	0	2	0	0.0
original_primary	EctABC__CoxCut	Afifellaceae	5	2	3	0	0	1	1	0.0
original_primary	EctABC__CoxCut	Akkermansiaceae	3	3	0	0	0	1	1	0.0
original_primary	EctABC__CoxCut	Alcanivoracaceae	3	2	0	1	0	1	1	0.0
original_primary	EctABC__CoxCut	Algiphilaceae	1	1	0	0	0	1	0	0.0
original_primary	EctABC__CoxCut	Alteromonadaceae	5	5	0	0	0	1	1	0.0
original_primary	EctABC__CoxCut	Anaerobacaceae	1	1	0	0	0	1	0	0.0
original_primary	EctABC__CoxCut	Anaerolineaceae	1	0	1	0	0	1	0	0.0
original_primary	EctABC__CoxCut	Anoxymicrobiaceae	5	5	0	0	0	1	1	0.0
original_primary	EctABC__CoxCut	Aquisalimonadaceae	1	0	0	1	0	1	0	0.0
original_primary	EctABC__CoxCut	Australimonadaceae	1	1	0	0	0	1	0	0.0
original_primary	EctABC__CoxCut	Azotimanducaceae	3	1	0	2	0	1	1	0.0
original_primary	EctABC__CoxCut	B-1AR	2	2	0	0	0	2	0	0.0
original_primary	EctABC__CoxCut	BOG-1460	2	2	0	0	0	2	0	0.0
original_primary	EctABC__CoxCut	BP-101	1	0	1	0	0	1	0	0.0
original_primary	EctABC__CoxCut	BP-133	3	0	2	0	1	2	0	1.0
original_primary	EctABC__CoxCut	BWSM-131	1	0	1	0	0	1	0	0.0
original_primary	EctABC__CoxCut	Balneolaceae	4	4	0	0	0	1	1	0.0
original_primary	EctABC__CoxCut	Beijerinckiaceae	21	16	5	0	0	5	2	0.0
original_primary	EctABC__CoxCut	Binataceae	14	10	4	0	0	3	1	0.0
original_primary	EctABC__CoxCut	Bog-793	9	5	4	0	0	2	2	0.0
original_primary	EctABC__CoxCut	Bog-877	6	3	3	0	0	2	1	0.0
original_primary	EctABC__CoxCut	Bradymonadaceae	2	2	0	0	0	2	0	0.0
original_primary	EctABC__CoxCut	Bryobacteraceae	46	40	6	0	0	4	3	0.0
original_primary	EctABC__CoxCut	Burkholderiaceae	52	37	9	5	1	4	3	1.1538461538461537
original_primary	EctABC__CoxCut	CADCSY01	31	13	13	1	4	2	2	2.7419354838709675
original_primary	EctABC__CoxCut	CADCTF01	20	7	11	1	1	1	1	1.2
original_primary	EctABC__CoxCut	CADCWN01	6	5	1	0	0	1	1	0.0
original_primary	EctABC__CoxCut	CADDYW01	2	0	2	0	0	2	0	0.0
original_primary	EctABC__CoxCut	CADEER01	1	1	0	0	0	1	0	0.0
original_primary	EctABC__CoxCut	CAIQCM01	1	1	0	0	0	1	0	0.0
original_primary	EctABC__CoxCut	CAJCIY01	1	1	0	0	0	1	0	0.0
original_primary	EctABC__CoxCut	CALAEC01	1	1	0	0	0	1	0	0.0
original_primary	EctABC__CoxCut	CALGFH01	1	0	1	0	0	1	0	0.0
original_primary	EctABC__CoxCut	CANJXF01	1	1	0	0	0	1	0	0.0
original_primary	EctABC__CoxCut	CAUJGQ01	2	1	1	0	0	2	0	0.0
original_primary	EctABC__CoxCut	CF-121	1	0	1	0	0	1	0	0.0
original_primary	EctABC__CoxCut	CF-72	2	0	2	0	0	1	0	0.0
original_primary	EctABC__CoxCut	CFX8	3	1	2	0	0	2	0	0.0
original_primary	EctABC__CoxCut	CG2-30-32-10	1	1	0	0	0	1	0	0.0
original_primary	EctABC__CoxCut	CG2-30-64-16	1	1	0	0	0	1	0	0.0
original_primary	EctABC__CoxCut	CGMCC-115725	17	4	13	0	0	3	1	0.0
original_primary	EctABC__CoxCut	CSP1-4	45	35	10	0	0	5	3	0.0
original_primary	EctABC__CoxCut	CSP1-5	2	2	0	0	0	1	0	0.0
original_primary	EctABC__CoxCut	CSP1-6	5	2	3	0	0	3	1	0.0
original_primary	EctABC__CoxCut	Caldilineaceae	3	3	0	0	0	1	1	0.0
original_primary	EctABC__CoxCut	Casimicrobiaceae	9	5	4	0	0	3	2	0.0
original_primary	EctABC__CoxCut	Catenulisporaceae	2	2	0	0	0	1	0	0.0
original_primary	EctABC__CoxCut	Caulobacteraceae	22	21	0	1	0	4	4	0.0
original_primary	EctABC__CoxCut	Cellulomonadaceae	12	12	0	0	0	2	1	0.0
original_primary	EctABC__CoxCut	Cellvibrionaceae	17	5	0	12	0	1	1	0.0
original_primary	EctABC__CoxCut	Cfx3-03	1	1	0	0	0	1	0	0.0
original_primary	EctABC__CoxCut	Chitinophagaceae	23	22	1	0	0	3	3	0.0
original_primary	EctABC__CoxCut	Chroococcidiopsidaceae	2	2	0	0	0	1	0	0.0
original_primary	EctABC__CoxCut	Chthoniobacteraceae	3	3	0	0	0	1	1	0.0
original_primary	EctABC__CoxCut	Clostridiaceae	3	3	0	0	0	1	1	0.0
original_primary	EctABC__CoxCut	Coleofasciculaceae	1	1	0	0	0	1	0	0.0
original_primary	EctABC__CoxCut	Cyanobacteriaceae	1	1	0	0	0	1	0	0.0
original_primary	EctABC__CoxCut	Cyclobacteriaceae	69	69	0	0	0	2	1	0.0
original_primary	EctABC__CoxCut	Cytophagaceae	6	6	0	0	0	1	1	0.0
original_primary	EctABC__CoxCut	DAIQRJ01	1	1	0	0	0	1	0	0.0
original_primary	EctABC__CoxCut	DASSAV01	1	1	0	0	0	1	0	0.0
original_primary	EctABC__CoxCut	DASUME01	1	0	0	1	0	1	0	0.0
original_primary	EctABC__CoxCut	DASVHX01	1	1	0	0	0	1	0	0.0
original_primary	EctABC__CoxCut	DASVNK01	5	5	0	0	0	1	1	0.0
original_primary	EctABC__CoxCut	DASYVL01	4	1	3	0	0	1	1	0.0
original_primary	EctABC__CoxCut	DASZGP01	3	2	1	0	0	1	1	0.0
original_primary	EctABC__CoxCut	DATECO01	1	1	0	0	0	1	0	0.0
original_primary	EctABC__CoxCut	DATFVB01	1	1	0	0	0	1	0	0.0
original_primary	EctABC__CoxCut	DATIHE01	1	1	0	0	0	1	0	0.0
original_primary	EctABC__CoxCut	DATLYR01	1	1	0	0	0	1	0	0.0
original_primary	EctABC__CoxCut	DSM-27016	1	1	0	0	0	1	0	0.0
original_primary	EctABC__CoxCut	Deinococcaceae	4	4	0	0	0	1	1	0.0
original_primary	EctABC__CoxCut	Demequinaceae	1	1	0	0	0	1	0	0.0
original_primary	EctABC__CoxCut	Dermatophilaceae	18	12	5	0	1	3	2	0.3333333333333333
original_primary	EctABC__CoxCut	Desulfitobacteriaceae	3	2	1	0	0	2	0	0.0
original_primary	EctABC__CoxCut	Devosiaceae	5	2	0	3	0	1	1	0.0
original_primary	EctABC__CoxCut	Dormibacteraceae	17	5	12	0	0	2	2	0.0
original_primary	EctABC__CoxCut	E44-bin32	1	0	1	0	0	1	0	0.0
original_primary	EctABC__CoxCut	Egibacteraceae	40	29	11	0	0	4	1	0.0
original_primary	EctABC__CoxCut	Elainellaceae	1	1	0	0	0	1	0	0.0
original_primary	EctABC__CoxCut	Enterobacteriaceae	1	1	0	0	0	1	0	0.0
original_primary	EctABC__CoxCut	Ethanoligenentaceae	1	1	0	0	0	1	0	0.0
original_primary	EctABC__CoxCut	Eubacteriaceae	2	2	0	0	0	1	0	0.0
original_primary	EctABC__CoxCut	Eutrophobiaceae	2	1	0	1	0	1	0	0.0
original_primary	EctABC__CoxCut	Euzebyaceae	1	1	0	0	0	1	0	0.0
original_primary	EctABC__CoxCut	FEN-979	4	4	0	0	0	2	0	0.0
original_primary	EctABC__CoxCut	FW602-bin22	2	1	1	0	0	1	0	0.0
original_primary	EctABC__CoxCut	Fen-1058	1	1	0	0	0	1	0	0.0
original_primary	EctABC__CoxCut	Fen-1064	2	2	0	0	0	1	0	0.0
original_primary	EctABC__CoxCut	Fen-1088	5	5	0	0	0	2	1	0.0
original_primary	EctABC__CoxCut	Fen-181	2	2	0	0	0	1	0	0.0
original_primary	EctABC__CoxCut	Flavobacteriaceae	36	36	0	0	0	3	1	0.0
original_primary	EctABC__CoxCut	Flexibacteraceae	1	1	0	0	0	1	0	0.0
original_primary	EctABC__CoxCut	Fredricksoniimonadaceae	3	3	0	0	0	1	1	0.0
original_primary	EctABC__CoxCut	GCA-2861595	9	8	0	1	0	2	2	0.0
original_primary	EctABC__CoxCut	GWC2-37-73	1	1	0	0	0	1	0	0.0
original_primary	EctABC__CoxCut	GWC2-71-9	15	14	1	0	0	3	1	0.0
original_primary	EctABC__CoxCut	Ga0077536	1	1	0	0	0	1	0	0.0
original_primary	EctABC__CoxCut	Gaiellaceae	40	20	20	0	0	5	3	0.0
original_primary	EctABC__CoxCut	Gallionellaceae	14	13	0	1	0	3	2	0.0
original_primary	EctABC__CoxCut	Gemmataceae	5	5	0	0	0	3	0	0.0
original_primary	EctABC__CoxCut	Gemmatimonadaceae	39	38	1	0	0	3	3	0.0
original_primary	EctABC__CoxCut	Geodermatophilaceae	5	1	4	0	0	1	1	0.0
original_primary	EctABC__CoxCut	Gp1-AA117	3	2	1	0	0	1	1	0.0
original_primary	EctABC__CoxCut	Gp7-AA6	6	3	3	0	0	2	1	0.0
original_primary	EctABC__CoxCut	Gp7-AA8	14	13	1	0	0	3	2	0.0
original_primary	EctABC__CoxCut	HK1	1	1	0	0	0	1	0	0.0
original_primary	EctABC__CoxCut	HRBIN12	1	1	0	0	0	1	0	0.0
original_primary	EctABC__CoxCut	Haliangiaceae	4	2	0	2	0	1	1	0.0
original_primary	EctABC__CoxCut	Halieaceae	1	0	0	1	0	1	0	0.0
original_primary	EctABC__CoxCut	Halofilaceae	2	2	0	0	0	2	0	0.0
original_primary	EctABC__CoxCut	Halomonadaceae	1	1	0	0	0	1	0	0.0
original_primary	EctABC__CoxCut	Holophagaceae	1	1	0	0	0	1	0	0.0
original_primary	EctABC__CoxCut	Humimicrobiaceae	1	1	0	0	0	1	0	0.0
original_primary	EctABC__CoxCut	Hymenobacteraceae	17	17	0	0	0	1	1	0.0
original_primary	EctABC__CoxCut	Hyphomonadaceae	1	0	0	1	0	1	0	0.0
original_primary	EctABC__CoxCut	Iamiaceae	1	1	0	0	0	1	0	0.0
original_primary	EctABC__CoxCut	Ignavibacteriaceae	1	1	0	0	0	1	0	0.0
original_primary	EctABC__CoxCut	Ilumatobacteraceae	5	1	4	0	0	1	1	0.0
original_primary	EctABC__CoxCut	Immundisolibacteraceae	1	1	0	0	0	1	0	0.0
original_primary	EctABC__CoxCut	J027	1	1	0	0	0	1	0	0.0
original_primary	EctABC__CoxCut	JAATET01	1	1	0	0	0	1	0	0.0
original_primary	EctABC__CoxCut	JACCUZ01	5	2	3	0	0	1	1	0.0
original_primary	EctABC__CoxCut	JACCXJ01	3	3	0	0	0	1	1	0.0
original_primary	EctABC__CoxCut	JACCXN01	2	2	0	0	0	1	0	0.0
original_primary	EctABC__CoxCut	JACCZL01	1	0	1	0	0	1	0	0.0
original_primary	EctABC__CoxCut	JACDCH01	18	3	6	1	8	2	1	7.0
original_primary	EctABC__CoxCut	JACDHS01	1	1	0	0	0	1	0	0.0
original_primary	EctABC__CoxCut	JACPAU01	3	3	0	0	0	1	1	0.0
original_primary	EctABC__CoxCut	JACPCJ01	1	0	0	1	0	1	0	0.0
original_primary	EctABC__CoxCut	JACPNS01	2	2	0	0	0	1	0	0.0
original_primary	EctABC__CoxCut	JACQAP01	4	3	1	0	0	1	1	0.0
original_primary	EctABC__CoxCut	JACQNP01	1	1	0	0	0	1	0	0.0
original_primary	EctABC__CoxCut	JADGOU01	1	1	0	0	0	1	0	0.0
original_primary	EctABC__CoxCut	JADGOV01	1	1	0	0	0	1	0	0.0
original_primary	EctABC__CoxCut	JADGRT01	1	1	0	0	0	1	0	0.0
original_primary	EctABC__CoxCut	JADMIN01	3	1	2	0	0	1	1	0.0
original_primary	EctABC__CoxCut	JAENWW01	1	1	0	0	0	1	0	0.0
original_primary	EctABC__CoxCut	JAEZED01	1	1	0	0	0	1	0	0.0
original_primary	EctABC__CoxCut	JAFGIB01	1	0	0	1	0	1	0	0.0
original_primary	EctABC__CoxCut	JAGDMS01	1	0	1	0	0	1	0	0.0
original_primary	EctABC__CoxCut	JAGOUN01	1	1	0	0	0	1	0	0.0
original_primary	EctABC__CoxCut	JAHDFW01	1	1	0	0	0	1	0	0.0
original_primary	EctABC__CoxCut	JAHFRG01	5	5	0	0	0	1	1	0.0
original_primary	EctABC__CoxCut	JAHWKK01	3	3	0	0	0	1	1	0.0
original_primary	EctABC__CoxCut	JAHWKP01	2	1	0	0	1	1	0	0.5
original_primary	EctABC__CoxCut	JAHWKV01	2	1	1	0	0	1	0	0.0
original_primary	EctABC__CoxCut	JAHWKY01	1	1	0	0	0	1	0	0.0
original_primary	EctABC__CoxCut	JAHWLA01	2	0	2	0	0	1	0	0.0
original_primary	EctABC__CoxCut	JAICIG01	1	1	0	0	0	1	0	0.0
original_primary	EctABC__CoxCut	JAICJC01	2	0	2	0	0	2	0	0.0
original_primary	EctABC__CoxCut	JAIQGF01	3	3	0	0	0	2	0	0.0
original_primary	EctABC__CoxCut	JAIVGZ01	2	2	0	0	0	1	0	0.0
original_primary	EctABC__CoxCut	JAJPGV01	1	0	1	0	0	1	0	0.0
original_primary	EctABC__CoxCut	JAJPHD01	4	0	3	0	1	1	1	1.0
original_primary	EctABC__CoxCut	JAJUFS01	3	0	0	3	0	1	1	0.0
original_primary	EctABC__CoxCut	JAKAOS01	1	0	1	0	0	1	0	0.0
original_primary	EctABC__CoxCut	JAKDMP01	5	1	0	4	0	1	1	0.0
original_primary	EctABC__CoxCut	JAKFFM01	2	2	0	0	0	1	0	0.0
original_primary	EctABC__CoxCut	JALHPA01	1	1	0	0	0	1	0	0.0
original_primary	EctABC__CoxCut	JALYLC01	1	1	0	0	0	1	0	0.0
original_primary	EctABC__CoxCut	JALYNB01	2	2	0	0	0	1	0	0.0
original_primary	EctABC__CoxCut	JANWHV01	2	2	0	0	0	1	0	0.0
original_primary	EctABC__CoxCut	JAOPZY01	1	0	1	0	0	1	0	0.0
original_primary	EctABC__CoxCut	JAQBPE01	1	1	0	0	0	1	0	0.0
original_primary	EctABC__CoxCut	JAQGHD01	2	2	0	0	0	1	0	0.0
original_primary	EctABC__CoxCut	JAQUTK01	1	1	0	0	0	1	0	0.0
original_primary	EctABC__CoxCut	JAUJNH01	2	2	0	0	0	2	0	0.0
original_primary	EctABC__CoxCut	JAUTXP01	2	1	1	0	0	1	0	0.0
original_primary	EctABC__CoxCut	JBBRBF01	1	0	1	0	0	1	0	0.0
original_primary	EctABC__CoxCut	JBBRZM01	1	0	1	0	0	1	0	0.0
original_primary	EctABC__CoxCut	JBBSGY01	2	2	0	0	0	1	0	0.0
original_primary	EctABC__CoxCut	JBDIVX01	1	1	0	0	0	1	0	0.0
original_primary	EctABC__CoxCut	JBDZVW01	1	1	0	0	0	1	0	0.0
original_primary	EctABC__CoxCut	JCM-10596	5	3	0	2	0	1	1	0.0
original_primary	EctABC__CoxCut	Jatrophihabitantaceae	4	1	3	0	0	2	0	0.0
original_primary	EctABC__CoxCut	Jiangellaceae	5	2	3	0	0	1	1	0.0
original_primary	EctABC__CoxCut	Kallotenuaceae	5	3	2	0	0	1	1	0.0
original_primary	EctABC__CoxCut	Kangiellaceae	1	1	0	0	0	1	0	0.0
original_primary	EctABC__CoxCut	Ketobacteraceae	2	2	0	0	0	1	0	0.0
original_primary	EctABC__CoxCut	Korobacteraceae	8	7	1	0	0	2	2	0.0
original_primary	EctABC__CoxCut	Kribbellaceae	1	1	0	0	0	1	0	0.0
original_primary	EctABC__CoxCut	Ktedonobacteraceae	2	0	2	0	0	1	0	0.0
original_primary	EctABC__CoxCut	Lacipirellulaceae	2	2	0	0	0	1	0	0.0
original_primary	EctABC__CoxCut	Legionellaceae	2	2	0	0	0	1	0	0.0
original_primary	EctABC__CoxCut	Leptospiraceae	1	1	0	0	0	1	0	0.0
original_primary	EctABC__CoxCut	Longimicrobiaceae	47	37	10	0	0	2	1	0.0
original_primary	EctABC__CoxCut	Maricaulaceae	2	1	0	1	0	1	0	0.0
original_primary	EctABC__CoxCut	Methyloligellaceae	5	5	0	0	0	2	1	0.0
original_primary	EctABC__CoxCut	Methylomirabilaceae	1	1	0	0	0	1	0	0.0
original_primary	EctABC__CoxCut	Methylomonadaceae	1	1	0	0	0	1	0	0.0
original_primary	EctABC__CoxCut	Methylophagaceae	1	0	0	1	0	1	0	0.0
original_primary	EctABC__CoxCut	Methylophilaceae	3	3	0	0	0	2	0	0.0
original_primary	EctABC__CoxCut	Microbacteriaceae	10	6	4	0	0	3	1	0.0
original_primary	EctABC__CoxCut	Micrococcaceae	12	8	3	1	0	2	1	0.25
original_primary	EctABC__CoxCut	Microcoleaceae	4	4	0	0	0	1	1	0.0
original_primary	EctABC__CoxCut	Microcystaceae	1	1	0	0	0	1	0	0.0
original_primary	EctABC__CoxCut	Micromonosporaceae	2	2	0	0	0	1	0	0.0
original_primary	EctABC__CoxCut	Micropepsaceae	7	6	1	0	0	2	2	0.0
original_primary	EctABC__CoxCut	Miltoncostaeaceae	3	1	2	0	0	2	0	0.0
original_primary	EctABC__CoxCut	Moraxellaceae	3	3	0	0	0	2	0	0.0
original_primary	EctABC__CoxCut	Mycobacteriaceae	15	10	0	2	3	3	2	1.0
original_primary	EctABC__CoxCut	Nakamurellaceae	1	0	1	0	0	1	0	0.0
original_primary	EctABC__CoxCut	Nannocystaceae	1	1	0	0	0	1	0	0.0
original_primary	EctABC__CoxCut	Nanopelagicaceae	3	3	0	0	0	2	0	0.0
original_primary	EctABC__CoxCut	Natronospirillaceae	2	1	0	1	0	1	0	0.0
original_primary	EctABC__CoxCut	Nevskiaceae	8	8	0	0	0	2	2	0.0
original_primary	EctABC__CoxCut	Nitriliruptoraceae	40	13	13	8	6	2	1	6.65
original_primary	EctABC__CoxCut	Nitrococcaceae	1	0	0	1	0	1	0	0.0
original_primary	EctABC__CoxCut	Nitrosomonadaceae	4	4	0	0	0	2	1	0.0
original_primary	EctABC__CoxCut	Nitrospiraceae	9	9	0	0	0	3	1	0.0
original_primary	EctABC__CoxCut	Nocardioidaceae	30	5	17	2	6	4	2	6.133333333333334
original_primary	EctABC__CoxCut	Nostocaceae	1	1	0	0	0	1	0	0.0
original_primary	EctABC__CoxCut	Oleiphilaceae	7	5	0	2	0	1	1	0.0
original_primary	EctABC__CoxCut	Opitutaceae	17	17	0	0	0	4	2	0.0
original_primary	EctABC__CoxCut	Oscillospiraceae	1	1	0	0	0	1	0	0.0
original_primary	EctABC__CoxCut	P2-11E	2	2	0	0	0	2	0	0.0
original_primary	EctABC__CoxCut	PALSA-1337	2	2	0	0	0	1	0	0.0
original_primary	EctABC__CoxCut	PALSA-610	5	0	5	0	0	1	1	0.0
original_primary	EctABC__CoxCut	PALSA-660	4	4	0	0	0	1	1	0.0
original_primary	EctABC__CoxCut	PJQJ01	3	3	0	0	0	1	1	0.0
original_primary	EctABC__CoxCut	Palsa-1180	2	2	0	0	0	2	0	0.0
original_primary	EctABC__CoxCut	Palsa-1400	7	7	0	0	0	1	1	0.0
original_primary	EctABC__CoxCut	Palsa-1439	3	3	0	0	0	2	0	0.0
original_primary	EctABC__CoxCut	Palsa-688	13	9	4	0	0	2	2	0.0
original_primary	EctABC__CoxCut	Paludibacteraceae	5	5	0	0	0	2	1	0.0
original_primary	EctABC__CoxCut	Parvularculaceae	1	1	0	0	0	1	0	0.0
original_primary	EctABC__CoxCut	Phormidesmidaceae	2	2	0	0	0	1	0	0.0
original_primary	EctABC__CoxCut	Phototrophicaceae	1	1	0	0	0	1	0	0.0
original_primary	EctABC__CoxCut	Phycisphaeraceae	4	3	1	0	0	2	1	0.0
original_primary	EctABC__CoxCut	Pirellulaceae	13	10	0	3	0	1	1	0.0
original_primary	EctABC__CoxCut	Planctomycetaceae	13	8	0	5	0	3	1	0.0
original_primary	EctABC__CoxCut	Planococcaceae	1	1	0	0	0	1	0	0.0
original_primary	EctABC__CoxCut	Polyangiaceae	11	10	0	1	0	4	2	0.0
original_primary	EctABC__CoxCut	Porticoccaceae	5	3	0	2	0	1	1	0.0
original_primary	EctABC__CoxCut	Prolixibacteraceae	6	6	0	0	0	2	1	0.0
original_primary	EctABC__CoxCut	Propionibacteriaceae	8	8	0	0	0	2	1	0.0
original_primary	EctABC__CoxCut	Pseudanabaenaceae	2	2	0	0	0	1	0	0.0
original_primary	EctABC__CoxCut	Pseudohongiellaceae	3	2	0	1	0	1	1	0.0
original_primary	EctABC__CoxCut	Pseudomonadaceae	19	18	1	0	0	3	2	0.0
original_primary	EctABC__CoxCut	Pseudonocardiaceae	42	13	12	4	13	3	3	10.119047619047619
original_primary	EctABC__CoxCut	Pyrinomonadaceae	22	16	6	0	0	4	4	0.0
original_primary	EctABC__CoxCut	QHBO01	12	12	0	0	0	2	2	0.0
original_primary	EctABC__CoxCut	QHCE01	1	1	0	0	0	1	0	0.0
original_primary	EctABC__CoxCut	QS-5-54-17	1	1	0	0	0	1	0	0.0
original_primary	EctABC__CoxCut	RAAP-2	45	34	9	1	1	3	3	0.4444444444444444
original_primary	EctABC__CoxCut	RBC074	2	1	1	0	0	1	0	0.0
original_primary	EctABC__CoxCut	RBG-16-64-32	1	0	1	0	0	1	0	0.0
original_primary	EctABC__CoxCut	REEB76	11	9	0	2	0	1	1	0.0
original_primary	EctABC__CoxCut	RSA9	33	31	2	0	0	2	1	0.0
original_primary	EctABC__CoxCut	Rectinemataceae	2	2	0	0	0	1	0	0.0
original_primary	EctABC__CoxCut	Rhizobiaceae	7	3	3	0	1	2	1	0.5714285714285714
original_primary	EctABC__CoxCut	Rhodanobacteraceae	16	14	2	0	0	2	1	0.0
original_primary	EctABC__CoxCut	Rhodocyclaceae	2	2	0	0	0	1	0	0.0
original_primary	EctABC__CoxCut	Rubidibacteraceae	3	3	0	0	0	2	0	0.0
original_primary	EctABC__CoxCut	Rubricoccaceae	1	1	0	0	0	1	0	0.0
original_primary	EctABC__CoxCut	Rubrobacteraceae	38	18	20	0	0	2	2	0.0
original_primary	EctABC__CoxCut	SA4	1	1	0	0	0	1	0	0.0
original_primary	EctABC__CoxCut	SBAW01	1	1	0	0	0	1	0	0.0
original_primary	EctABC__CoxCut	SCN-69-37	2	2	0	0	0	1	0	0.0
original_primary	EctABC__CoxCut	SCQP01	11	11	0	0	0	1	1	0.0
original_primary	EctABC__CoxCut	SCSIO-06110	3	3	0	0	0	1	1	0.0
original_primary	EctABC__CoxCut	SCTD01	19	9	10	0	0	2	1	0.0
original_primary	EctABC__CoxCut	SG8-39	12	6	6	0	0	3	3	0.0
original_primary	EctABC__CoxCut	SG8-41	8	2	4	0	2	4	2	1.5
original_primary	EctABC__CoxCut	SIRW01	1	0	1	0	0	1	0	0.0
original_primary	EctABC__CoxCut	SKKL01	1	0	0	0	1	1	0	1.0
original_primary	EctABC__CoxCut	SKUG01	15	15	0	0	0	1	1	0.0
original_primary	EctABC__CoxCut	SMYC01	1	1	0	0	0	1	0	0.0
original_primary	EctABC__CoxCut	SW-11-45-7	1	1	0	0	0	1	0	0.0
original_primary	EctABC__CoxCut	SW-4-49-11	2	2	0	0	0	2	0	0.0
original_primary	EctABC__CoxCut	SW-6-46-9	3	3	0	0	0	2	0	0.0
original_primary	EctABC__CoxCut	SZUA-35	7	2	5	0	0	1	1	0.0
original_primary	EctABC__CoxCut	SZUA-36	3	3	0	0	0	1	1	0.0
original_primary	EctABC__CoxCut	Saccharofermentanaceae	1	1	0	0	0	1	0	0.0
original_primary	EctABC__CoxCut	Salinibacteraceae	18	18	0	0	0	3	3	0.0
original_primary	EctABC__CoxCut	Salinisphaeraceae	2	0	0	2	0	1	0	0.0
original_primary	EctABC__CoxCut	SbA1	32	24	8	0	0	3	3	0.0
original_primary	EctABC__CoxCut	Smithellaceae	4	4	0	0	0	2	0	0.0
original_primary	EctABC__CoxCut	Solirubrobacteraceae	74	46	28	0	0	5	5	0.0
original_primary	EctABC__CoxCut	Sphingobacteriaceae	3	3	0	0	0	2	0	0.0
original_primary	EctABC__CoxCut	Sphingomonadaceae	42	40	1	1	0	4	2	0.023809523809523808
original_primary	EctABC__CoxCut	Spirosomataceae	1	1	0	0	0	1	0	0.0
original_primary	EctABC__CoxCut	Spongiibacteraceae	2	0	0	2	0	1	0	0.0
original_primary	EctABC__CoxCut	Sporichthyaceae	1	0	1	0	0	1	0	0.0
original_primary	EctABC__CoxCut	Steroidobacteraceae	43	38	5	0	0	3	3	0.0
original_primary	EctABC__CoxCut	Streptosporangiaceae	29	4	23	0	2	3	2	1.7241379310344827
original_primary	EctABC__CoxCut	Sulfuricellaceae	1	1	0	0	0	1	0	0.0
original_primary	EctABC__CoxCut	Sulfuriferulaceae	1	1	0	0	0	1	0	0.0
original_primary	EctABC__CoxCut	Syntrophomonadaceae	1	1	0	0	0	1	0	0.0
original_primary	EctABC__CoxCut	T3Sed10-336	8	8	0	0	0	1	1	0.0
original_primary	EctABC__CoxCut	Tepidiformaceae	2	2	0	0	0	2	0	0.0
original_primary	EctABC__CoxCut	Tepidisphaeraceae	16	16	0	0	0	3	2	0.0
original_primary	EctABC__CoxCut	Thermacetogeniaceae	1	1	0	0	0	1	0	0.0
original_primary	EctABC__CoxCut	Thermoanaerobaculaceae	1	1	0	0	0	1	0	0.0
original_primary	EctABC__CoxCut	Thermobaculaceae	5	3	2	0	0	1	1	0.0
original_primary	EctABC__CoxCut	Thermoguttaceae	1	1	0	0	0	1	0	0.0
original_primary	EctABC__CoxCut	Thermoleophilaceae	29	16	13	0	0	3	2	0.0
original_primary	EctABC__CoxCut	Thermomicrobiaceae	1	1	0	0	0	1	0	0.0
original_primary	EctABC__CoxCut	Thermosynechococcaceae	3	3	0	0	0	2	0	0.0
original_primary	EctABC__CoxCut	Trueperaceae	23	18	1	4	0	2	1	0.17391304347826086
original_primary	EctABC__CoxCut	UBA10212	1	1	0	0	0	1	0	0.0
original_primary	EctABC__CoxCut	UBA10450	10	10	0	0	0	3	2	0.0
original_primary	EctABC__CoxCut	UBA11346	2	0	0	2	0	1	0	0.0
original_primary	EctABC__CoxCut	UBA11358	32	32	0	0	0	3	3	0.0
original_primary	EctABC__CoxCut	UBA1147	5	5	0	0	0	1	1	0.0
original_primary	EctABC__CoxCut	UBA12049	3	3	0	0	0	2	0	0.0
original_primary	EctABC__CoxCut	UBA12225	3	3	0	0	0	1	1	0.0
original_primary	EctABC__CoxCut	UBA1321	1	1	0	0	0	1	0	0.0
original_primary	EctABC__CoxCut	UBA1402	2	2	0	0	0	1	0	0.0
original_primary	EctABC__CoxCut	UBA1547	3	3	0	0	0	2	0	0.0
original_primary	EctABC__CoxCut	UBA1924	6	6	0	0	0	2	1	0.0
original_primary	EctABC__CoxCut	UBA2023	1	1	0	0	0	1	0	0.0
original_primary	EctABC__CoxCut	UBA2100	2	2	0	0	0	1	0	0.0
original_primary	EctABC__CoxCut	UBA2103	1	1	0	0	0	1	0	0.0
original_primary	EctABC__CoxCut	UBA2199	1	1	0	0	0	1	0	0.0
original_primary	EctABC__CoxCut	UBA2206	2	2	0	0	0	2	0	0.0
original_primary	EctABC__CoxCut	UBA2241	11	11	0	0	0	2	1	0.0
original_primary	EctABC__CoxCut	UBA2999	11	7	4	0	0	3	2	0.0
original_primary	EctABC__CoxCut	UBA3067	1	0	0	1	0	1	0	0.0
original_primary	EctABC__CoxCut	UBA4093	1	1	0	0	0	1	0	0.0
original_primary	EctABC__CoxCut	UBA4142	1	1	0	0	0	1	0	0.0
original_primary	EctABC__CoxCut	UBA4664	1	1	0	0	0	1	0	0.0
original_primary	EctABC__CoxCut	UBA4665	14	14	0	0	0	4	2	0.0
original_primary	EctABC__CoxCut	UBA4738	2	0	2	0	0	1	0	0.0
original_primary	EctABC__CoxCut	UBA5066	6	6	0	0	0	1	1	0.0
original_primary	EctABC__CoxCut	UBA5177	1	0	1	0	0	1	0	0.0
original_primary	EctABC__CoxCut	UBA5619	2	2	0	0	0	1	0	0.0
original_primary	EctABC__CoxCut	UBA5734	1	1	0	0	0	1	0	0.0
original_primary	EctABC__CoxCut	UBA6077	1	1	0	0	0	1	0	0.0
original_primary	EctABC__CoxCut	UBA6265	38	17	21	0	0	3	2	0.0
original_primary	EctABC__CoxCut	UBA6623	2	2	0	0	0	1	0	0.0
original_primary	EctABC__CoxCut	UBA6821	1	1	0	0	0	1	0	0.0
original_primary	EctABC__CoxCut	UBA6960	1	1	0	0	0	1	0	0.0
original_primary	EctABC__CoxCut	UBA7540	17	14	3	0	0	2	1	0.0
original_primary	EctABC__CoxCut	UBA7541	32	26	6	0	0	3	2	0.0
original_primary	EctABC__CoxCut	UBA7656	1	1	0	0	0	1	0	0.0
original_primary	EctABC__CoxCut	UBA8139	1	0	1	0	0	1	0	0.0
original_primary	EctABC__CoxCut	UBA8190	4	4	0	0	0	2	0	0.0
original_primary	EctABC__CoxCut	UBA8199	2	2	0	0	0	1	0	0.0
original_primary	EctABC__CoxCut	UBA8639	2	2	0	0	0	1	0	0.0
original_primary	EctABC__CoxCut	UBA8958	1	1	0	0	0	1	0	0.0
original_primary	EctABC__CoxCut	UBA918	2	2	0	0	0	1	0	0.0
original_primary	EctABC__CoxCut	UBA922	1	1	0	0	0	1	0	0.0
original_primary	EctABC__CoxCut	UBA927	1	1	0	0	0	1	0	0.0
original_primary	EctABC__CoxCut	UBA932	1	1	0	0	0	1	0	0.0
original_primary	EctABC__CoxCut	UBA9968	5	2	3	0	0	2	1	0.0
original_primary	EctABC__CoxCut	UBA9973	3	3	0	0	0	3	0	0.0
original_primary	EctABC__CoxCut	UM-FILTER-63-12	1	1	0	0	0	1	0	0.0
original_primary	EctABC__CoxCut	Usitatibacteraceae	1	1	0	0	0	1	0	0.0
original_primary	EctABC__CoxCut	VMFF01	1	1	0	0	0	1	0	0.0
original_primary	EctABC__CoxCut	VXPQ01	7	7	0	0	0	1	1	0.0
original_primary	EctABC__CoxCut	VadinHA17	19	19	0	0	0	2	2	0.0
original_primary	EctABC__CoxCut	Versatilivoraceae	1	1	0	0	0	1	0	0.0
original_primary	EctABC__CoxCut	Vicingaceae	2	2	0	0	0	1	0	0.0
original_primary	EctABC__CoxCut	Villigracilaceae	5	5	0	0	0	2	1	0.0
original_primary	EctABC__CoxCut	Vulcanimicrobiaceae	12	5	7	0	0	2	2	0.0
original_primary	EctABC__CoxCut	WHSQ01	35	33	2	0	0	1	1	0.0
original_primary	EctABC__CoxCut	WHST01	1	0	1	0	0	1	0	0.0
original_primary	EctABC__CoxCut	WHTK01	1	1	0	0	0	1	0	0.0
original_primary	EctABC__CoxCut	WJLG01	2	2	0	0	0	1	0	0.0
original_primary	EctABC__CoxCut	Wenzhouxiangellaceae	1	1	0	0	0	1	0	0.0
original_primary	EctABC__CoxCut	Woeseiaceae	3	0	1	0	2	1	1	2.0
original_primary	EctABC__CoxCut	Xanthobacteraceae	61	3	58	0	0	3	3	0.0
original_primary	EctABC__CoxCut	Xanthomonadaceae	27	27	0	0	0	3	2	0.0
original_primary	EctABC__CoxCut	ZC4RG35	7	4	3	0	0	1	1	0.0
original_primary	EctABC__CoxCut	Zrk34	1	1	0	0	0	1	0	0.0
original_primary	BetAB__CoxCut	172606-1	3	3	0	0	0	1	1	0.0
original_primary	BetAB__CoxCut	2-02-FULL-51-18	1	1	0	0	0	1	0	0.0
original_primary	BetAB__CoxCut	2-02-FULL-66-22	3	3	0	0	0	1	1	0.0
original_primary	BetAB__CoxCut	2-12-FULL-41-12	1	1	0	0	0	1	0	0.0
original_primary	BetAB__CoxCut	2-12-FULL-66-21	11	10	1	0	0	3	1	0.0
original_primary	BetAB__CoxCut	70-9	13	12	1	0	0	4	2	0.0
original_primary	BetAB__CoxCut	AC-14	4	4	0	0	0	2	1	0.0
original_primary	BetAB__CoxCut	AK92	3	3	0	0	0	1	1	0.0
original_primary	BetAB__CoxCut	Acetobacteraceae	15	6	9	0	0	4	2	0.0
original_primary	BetAB__CoxCut	Acidobacteriaceae	84	84	0	0	0	3	3	0.0
original_primary	BetAB__CoxCut	Acidothermaceae	1	1	0	0	0	1	0	0.0
original_primary	BetAB__CoxCut	Actinomycetaceae	1	1	0	0	0	1	0	0.0
original_primary	BetAB__CoxCut	Actinopolymorphaceae	2	0	2	0	0	1	0	0.0
original_primary	BetAB__CoxCut	Aeolococcaceae	6	4	2	0	0	3	1	0.0
original_primary	BetAB__CoxCut	Aestuariivirgaceae	3	2	1	0	0	2	0	0.0
original_primary	BetAB__CoxCut	Afifellaceae	5	2	3	0	0	1	1	0.0
original_primary	BetAB__CoxCut	Akkermansiaceae	3	3	0	0	0	1	1	0.0
original_primary	BetAB__CoxCut	Alcanivoracaceae	3	3	0	0	0	1	1	0.0
original_primary	BetAB__CoxCut	Algiphilaceae	1	1	0	0	0	1	0	0.0
original_primary	BetAB__CoxCut	Alteromonadaceae	5	4	0	1	0	1	1	0.0
original_primary	BetAB__CoxCut	Anaerobacaceae	1	1	0	0	0	1	0	0.0
original_primary	BetAB__CoxCut	Anaerolineaceae	1	0	1	0	0	1	0	0.0
original_primary	BetAB__CoxCut	Anoxymicrobiaceae	5	5	0	0	0	1	1	0.0
original_primary	BetAB__CoxCut	Aquisalimonadaceae	1	1	0	0	0	1	0	0.0
original_primary	BetAB__CoxCut	Australimonadaceae	1	1	0	0	0	1	0	0.0
original_primary	BetAB__CoxCut	Azotimanducaceae	3	3	0	0	0	1	1	0.0
original_primary	BetAB__CoxCut	B-1AR	2	2	0	0	0	2	0	0.0
original_primary	BetAB__CoxCut	BOG-1460	2	2	0	0	0	2	0	0.0
original_primary	BetAB__CoxCut	BP-101	1	0	1	0	0	1	0	0.0
original_primary	BetAB__CoxCut	BP-133	3	0	3	0	0	2	0	0.0
original_primary	BetAB__CoxCut	BWSM-131	1	0	1	0	0	1	0	0.0
original_primary	BetAB__CoxCut	Balneolaceae	4	4	0	0	0	1	1	0.0
original_primary	BetAB__CoxCut	Beijerinckiaceae	21	16	5	0	0	5	2	0.0
original_primary	BetAB__CoxCut	Binataceae	14	10	4	0	0	3	1	0.0
original_primary	BetAB__CoxCut	Bog-793	9	5	4	0	0	2	2	0.0
original_primary	BetAB__CoxCut	Bog-877	6	3	3	0	0	2	1	0.0
original_primary	BetAB__CoxCut	Bradymonadaceae	2	2	0	0	0	2	0	0.0
original_primary	BetAB__CoxCut	Bryobacteraceae	46	40	6	0	0	4	3	0.0
original_primary	BetAB__CoxCut	Burkholderiaceae	52	40	10	2	0	4	3	0.38461538461538464
original_primary	BetAB__CoxCut	CADCSY01	31	14	17	0	0	2	2	0.0
original_primary	BetAB__CoxCut	CADCTF01	20	8	12	0	0	1	1	0.0
original_primary	BetAB__CoxCut	CADCWN01	6	5	1	0	0	1	1	0.0
original_primary	BetAB__CoxCut	CADDYW01	2	0	2	0	0	2	0	0.0
original_primary	BetAB__CoxCut	CADEER01	1	1	0	0	0	1	0	0.0
original_primary	BetAB__CoxCut	CAIQCM01	1	1	0	0	0	1	0	0.0
original_primary	BetAB__CoxCut	CAJCIY01	1	1	0	0	0	1	0	0.0
original_primary	BetAB__CoxCut	CALAEC01	1	1	0	0	0	1	0	0.0
original_primary	BetAB__CoxCut	CALGFH01	1	0	1	0	0	1	0	0.0
original_primary	BetAB__CoxCut	CANJXF01	1	1	0	0	0	1	0	0.0
original_primary	BetAB__CoxCut	CAUJGQ01	2	1	1	0	0	2	0	0.0
original_primary	BetAB__CoxCut	CF-121	1	0	1	0	0	1	0	0.0
original_primary	BetAB__CoxCut	CF-72	2	0	2	0	0	1	0	0.0
original_primary	BetAB__CoxCut	CFX8	3	1	2	0	0	2	0	0.0
original_primary	BetAB__CoxCut	CG2-30-32-10	1	1	0	0	0	1	0	0.0
original_primary	BetAB__CoxCut	CG2-30-64-16	1	1	0	0	0	1	0	0.0
original_primary	BetAB__CoxCut	CGMCC-115725	17	4	13	0	0	3	1	0.0
original_primary	BetAB__CoxCut	CSP1-4	45	34	7	1	3	5	3	0.8888888888888888
original_primary	BetAB__CoxCut	CSP1-5	2	2	0	0	0	1	0	0.0
original_primary	BetAB__CoxCut	CSP1-6	5	2	3	0	0	3	1	0.0
original_primary	BetAB__CoxCut	Caldilineaceae	3	3	0	0	0	1	1	0.0
original_primary	BetAB__CoxCut	Casimicrobiaceae	9	5	4	0	0	3	2	0.0
original_primary	BetAB__CoxCut	Catenulisporaceae	2	2	0	0	0	1	0	0.0
original_primary	BetAB__CoxCut	Caulobacteraceae	22	22	0	0	0	4	4	0.0
original_primary	BetAB__CoxCut	Cellulomonadaceae	12	11	0	1	0	2	1	0.0
original_primary	BetAB__CoxCut	Cellvibrionaceae	17	16	0	1	0	1	1	0.0
original_primary	BetAB__CoxCut	Cfx3-03	1	1	0	0	0	1	0	0.0
original_primary	BetAB__CoxCut	Chitinophagaceae	23	22	1	0	0	3	3	0.0
original_primary	BetAB__CoxCut	Chroococcidiopsidaceae	2	2	0	0	0	1	0	0.0
original_primary	BetAB__CoxCut	Chthoniobacteraceae	3	3	0	0	0	1	1	0.0
original_primary	BetAB__CoxCut	Clostridiaceae	3	3	0	0	0	1	1	0.0
original_primary	BetAB__CoxCut	Coleofasciculaceae	1	1	0	0	0	1	0	0.0
original_primary	BetAB__CoxCut	Cyanobacteriaceae	1	1	0	0	0	1	0	0.0
original_primary	BetAB__CoxCut	Cyclobacteriaceae	69	69	0	0	0	2	1	0.0
original_primary	BetAB__CoxCut	Cytophagaceae	6	6	0	0	0	1	1	0.0
original_primary	BetAB__CoxCut	DAIQRJ01	1	1	0	0	0	1	0	0.0
original_primary	BetAB__CoxCut	DASSAV01	1	1	0	0	0	1	0	0.0
original_primary	BetAB__CoxCut	DASUME01	1	1	0	0	0	1	0	0.0
original_primary	BetAB__CoxCut	DASVHX01	1	1	0	0	0	1	0	0.0
original_primary	BetAB__CoxCut	DASVNK01	5	5	0	0	0	1	1	0.0
original_primary	BetAB__CoxCut	DASYVL01	4	1	3	0	0	1	1	0.0
original_primary	BetAB__CoxCut	DASZGP01	3	2	1	0	0	1	1	0.0
original_primary	BetAB__CoxCut	DATECO01	1	1	0	0	0	1	0	0.0
original_primary	BetAB__CoxCut	DATFVB01	1	1	0	0	0	1	0	0.0
original_primary	BetAB__CoxCut	DATIHE01	1	1	0	0	0	1	0	0.0
original_primary	BetAB__CoxCut	DATLYR01	1	1	0	0	0	1	0	0.0
original_primary	BetAB__CoxCut	DSM-27016	1	1	0	0	0	1	0	0.0
original_primary	BetAB__CoxCut	Deinococcaceae	4	4	0	0	0	1	1	0.0
original_primary	BetAB__CoxCut	Demequinaceae	1	1	0	0	0	1	0	0.0
original_primary	BetAB__CoxCut	Dermatophilaceae	18	11	5	1	1	3	2	0.6666666666666666
original_primary	BetAB__CoxCut	Desulfitobacteriaceae	3	2	1	0	0	2	0	0.0
original_primary	BetAB__CoxCut	Devosiaceae	5	5	0	0	0	1	1	0.0
original_primary	BetAB__CoxCut	Dormibacteraceae	17	5	12	0	0	2	2	0.0
original_primary	BetAB__CoxCut	E44-bin32	1	0	1	0	0	1	0	0.0
original_primary	BetAB__CoxCut	Egibacteraceae	40	29	11	0	0	4	1	0.0
original_primary	BetAB__CoxCut	Elainellaceae	1	1	0	0	0	1	0	0.0
original_primary	BetAB__CoxCut	Enterobacteriaceae	1	0	0	1	0	1	0	0.0
original_primary	BetAB__CoxCut	Ethanoligenentaceae	1	1	0	0	0	1	0	0.0
original_primary	BetAB__CoxCut	Eubacteriaceae	2	2	0	0	0	1	0	0.0
original_primary	BetAB__CoxCut	Eutrophobiaceae	2	2	0	0	0	1	0	0.0
original_primary	BetAB__CoxCut	Euzebyaceae	1	0	0	1	0	1	0	0.0
original_primary	BetAB__CoxCut	FEN-979	4	4	0	0	0	2	0	0.0
original_primary	BetAB__CoxCut	FW602-bin22	2	1	1	0	0	1	0	0.0
original_primary	BetAB__CoxCut	Fen-1058	1	1	0	0	0	1	0	0.0
original_primary	BetAB__CoxCut	Fen-1064	2	2	0	0	0	1	0	0.0
original_primary	BetAB__CoxCut	Fen-1088	5	5	0	0	0	2	1	0.0
original_primary	BetAB__CoxCut	Fen-181	2	2	0	0	0	1	0	0.0
original_primary	BetAB__CoxCut	Flavobacteriaceae	36	36	0	0	0	3	1	0.0
original_primary	BetAB__CoxCut	Flexibacteraceae	1	1	0	0	0	1	0	0.0
original_primary	BetAB__CoxCut	Fredricksoniimonadaceae	3	3	0	0	0	1	1	0.0
original_primary	BetAB__CoxCut	GCA-2861595	9	9	0	0	0	2	2	0.0
original_primary	BetAB__CoxCut	GWC2-37-73	1	1	0	0	0	1	0	0.0
original_primary	BetAB__CoxCut	GWC2-71-9	15	14	1	0	0	3	1	0.0
original_primary	BetAB__CoxCut	Ga0077536	1	1	0	0	0	1	0	0.0
original_primary	BetAB__CoxCut	Gaiellaceae	40	20	20	0	0	5	3	0.0
original_primary	BetAB__CoxCut	Gallionellaceae	14	14	0	0	0	3	2	0.0
original_primary	BetAB__CoxCut	Gemmataceae	5	5	0	0	0	3	0	0.0
original_primary	BetAB__CoxCut	Gemmatimonadaceae	39	38	1	0	0	3	3	0.0
original_primary	BetAB__CoxCut	Geodermatophilaceae	5	1	3	0	1	1	1	0.8
original_primary	BetAB__CoxCut	Gp1-AA117	3	2	0	0	1	1	1	0.3333333333333333
original_primary	BetAB__CoxCut	Gp7-AA6	6	3	3	0	0	2	1	0.0
original_primary	BetAB__CoxCut	Gp7-AA8	14	13	1	0	0	3	2	0.0
original_primary	BetAB__CoxCut	HK1	1	1	0	0	0	1	0	0.0
original_primary	BetAB__CoxCut	HRBIN12	1	1	0	0	0	1	0	0.0
original_primary	BetAB__CoxCut	Haliangiaceae	4	4	0	0	0	1	1	0.0
original_primary	BetAB__CoxCut	Halieaceae	1	1	0	0	0	1	0	0.0
original_primary	BetAB__CoxCut	Halofilaceae	2	0	0	2	0	2	0	0.0
original_primary	BetAB__CoxCut	Halomonadaceae	1	1	0	0	0	1	0	0.0
original_primary	BetAB__CoxCut	Holophagaceae	1	1	0	0	0	1	0	0.0
original_primary	BetAB__CoxCut	Humimicrobiaceae	1	1	0	0	0	1	0	0.0
original_primary	BetAB__CoxCut	Hymenobacteraceae	17	17	0	0	0	1	1	0.0
original_primary	BetAB__CoxCut	Hyphomonadaceae	1	1	0	0	0	1	0	0.0
original_primary	BetAB__CoxCut	Iamiaceae	1	1	0	0	0	1	0	0.0
original_primary	BetAB__CoxCut	Ignavibacteriaceae	1	1	0	0	0	1	0	0.0
original_primary	BetAB__CoxCut	Ilumatobacteraceae	5	1	4	0	0	1	1	0.0
original_primary	BetAB__CoxCut	Immundisolibacteraceae	1	1	0	0	0	1	0	0.0
original_primary	BetAB__CoxCut	J027	1	1	0	0	0	1	0	0.0
original_primary	BetAB__CoxCut	JAATET01	1	1	0	0	0	1	0	0.0
original_primary	BetAB__CoxCut	JACCUZ01	5	2	3	0	0	1	1	0.0
original_primary	BetAB__CoxCut	JACCXJ01	3	3	0	0	0	1	1	0.0
original_primary	BetAB__CoxCut	JACCXN01	2	2	0	0	0	1	0	0.0
original_primary	BetAB__CoxCut	JACCZL01	1	0	1	0	0	1	0	0.0
original_primary	BetAB__CoxCut	JACDCH01	18	4	14	0	0	2	1	0.0
original_primary	BetAB__CoxCut	JACDHS01	1	1	0	0	0	1	0	0.0
original_primary	BetAB__CoxCut	JACPAU01	3	3	0	0	0	1	1	0.0
original_primary	BetAB__CoxCut	JACPCJ01	1	1	0	0	0	1	0	0.0
original_primary	BetAB__CoxCut	JACPNS01	2	2	0	0	0	1	0	0.0
original_primary	BetAB__CoxCut	JACQAP01	4	3	1	0	0	1	1	0.0
original_primary	BetAB__CoxCut	JACQNP01	1	1	0	0	0	1	0	0.0
original_primary	BetAB__CoxCut	JADGOU01	1	1	0	0	0	1	0	0.0
original_primary	BetAB__CoxCut	JADGOV01	1	1	0	0	0	1	0	0.0
original_primary	BetAB__CoxCut	JADGRT01	1	1	0	0	0	1	0	0.0
original_primary	BetAB__CoxCut	JADMIN01	3	1	2	0	0	1	1	0.0
original_primary	BetAB__CoxCut	JAENWW01	1	1	0	0	0	1	0	0.0
original_primary	BetAB__CoxCut	JAEZED01	1	1	0	0	0	1	0	0.0
original_primary	BetAB__CoxCut	JAFGIB01	1	1	0	0	0	1	0	0.0
original_primary	BetAB__CoxCut	JAGDMS01	1	0	1	0	0	1	0	0.0
original_primary	BetAB__CoxCut	JAGOUN01	1	1	0	0	0	1	0	0.0
original_primary	BetAB__CoxCut	JAHDFW01	1	1	0	0	0	1	0	0.0
original_primary	BetAB__CoxCut	JAHFRG01	5	5	0	0	0	1	1	0.0
original_primary	BetAB__CoxCut	JAHWKK01	3	3	0	0	0	1	1	0.0
original_primary	BetAB__CoxCut	JAHWKP01	2	1	1	0	0	1	0	0.0
original_primary	BetAB__CoxCut	JAHWKV01	2	1	1	0	0	1	0	0.0
original_primary	BetAB__CoxCut	JAHWKY01	1	1	0	0	0	1	0	0.0
original_primary	BetAB__CoxCut	JAHWLA01	2	0	2	0	0	1	0	0.0
original_primary	BetAB__CoxCut	JAICIG01	1	1	0	0	0	1	0	0.0
original_primary	BetAB__CoxCut	JAICJC01	2	0	2	0	0	2	0	0.0
original_primary	BetAB__CoxCut	JAIQGF01	3	3	0	0	0	2	0	0.0
original_primary	BetAB__CoxCut	JAIVGZ01	2	2	0	0	0	1	0	0.0
original_primary	BetAB__CoxCut	JAJPGV01	1	0	1	0	0	1	0	0.0
original_primary	BetAB__CoxCut	JAJPHD01	4	0	4	0	0	1	1	0.0
original_primary	BetAB__CoxCut	JAJUFS01	3	3	0	0	0	1	1	0.0
original_primary	BetAB__CoxCut	JAKAOS01	1	0	1	0	0	1	0	0.0
original_primary	BetAB__CoxCut	JAKDMP01	5	5	0	0	0	1	1	0.0
original_primary	BetAB__CoxCut	JAKFFM01	2	2	0	0	0	1	0	0.0
original_primary	BetAB__CoxCut	JALHPA01	1	1	0	0	0	1	0	0.0
original_primary	BetAB__CoxCut	JALYLC01	1	1	0	0	0	1	0	0.0
original_primary	BetAB__CoxCut	JALYNB01	2	1	0	1	0	1	0	0.0
original_primary	BetAB__CoxCut	JANWHV01	2	2	0	0	0	1	0	0.0
original_primary	BetAB__CoxCut	JAOPZY01	1	0	1	0	0	1	0	0.0
original_primary	BetAB__CoxCut	JAQBPE01	1	1	0	0	0	1	0	0.0
original_primary	BetAB__CoxCut	JAQGHD01	2	2	0	0	0	1	0	0.0
original_primary	BetAB__CoxCut	JAQUTK01	1	1	0	0	0	1	0	0.0
original_primary	BetAB__CoxCut	JAUJNH01	2	2	0	0	0	2	0	0.0
original_primary	BetAB__CoxCut	JAUTXP01	2	1	1	0	0	1	0	0.0
original_primary	BetAB__CoxCut	JBBRBF01	1	0	1	0	0	1	0	0.0
original_primary	BetAB__CoxCut	JBBRZM01	1	0	1	0	0	1	0	0.0
original_primary	BetAB__CoxCut	JBBSGY01	2	2	0	0	0	1	0	0.0
original_primary	BetAB__CoxCut	JBDIVX01	1	1	0	0	0	1	0	0.0
original_primary	BetAB__CoxCut	JBDZVW01	1	1	0	0	0	1	0	0.0
original_primary	BetAB__CoxCut	JCM-10596	5	5	0	0	0	1	1	0.0
original_primary	BetAB__CoxCut	Jatrophihabitantaceae	4	1	3	0	0	2	0	0.0
original_primary	BetAB__CoxCut	Jiangellaceae	5	2	3	0	0	1	1	0.0
original_primary	BetAB__CoxCut	Kallotenuaceae	5	3	2	0	0	1	1	0.0
original_primary	BetAB__CoxCut	Kangiellaceae	1	1	0	0	0	1	0	0.0
original_primary	BetAB__CoxCut	Ketobacteraceae	2	2	0	0	0	1	0	0.0
original_primary	BetAB__CoxCut	Korobacteraceae	8	7	1	0	0	2	2	0.0
original_primary	BetAB__CoxCut	Kribbellaceae	1	1	0	0	0	1	0	0.0
original_primary	BetAB__CoxCut	Ktedonobacteraceae	2	0	2	0	0	1	0	0.0
original_primary	BetAB__CoxCut	Lacipirellulaceae	2	2	0	0	0	1	0	0.0
original_primary	BetAB__CoxCut	Legionellaceae	2	2	0	0	0	1	0	0.0
original_primary	BetAB__CoxCut	Leptospiraceae	1	1	0	0	0	1	0	0.0
original_primary	BetAB__CoxCut	Longimicrobiaceae	47	37	10	0	0	2	1	0.0
original_primary	BetAB__CoxCut	Maricaulaceae	2	2	0	0	0	1	0	0.0
original_primary	BetAB__CoxCut	Methyloligellaceae	5	5	0	0	0	2	1	0.0
original_primary	BetAB__CoxCut	Methylomirabilaceae	1	1	0	0	0	1	0	0.0
original_primary	BetAB__CoxCut	Methylomonadaceae	1	1	0	0	0	1	0	0.0
original_primary	BetAB__CoxCut	Methylophagaceae	1	1	0	0	0	1	0	0.0
original_primary	BetAB__CoxCut	Methylophilaceae	3	2	0	1	0	2	0	0.0
original_primary	BetAB__CoxCut	Microbacteriaceae	10	6	4	0	0	3	1	0.0
original_primary	BetAB__CoxCut	Micrococcaceae	12	8	2	1	1	2	1	0.5
original_primary	BetAB__CoxCut	Microcoleaceae	4	4	0	0	0	1	1	0.0
original_primary	BetAB__CoxCut	Microcystaceae	1	1	0	0	0	1	0	0.0
original_primary	BetAB__CoxCut	Micromonosporaceae	2	2	0	0	0	1	0	0.0
original_primary	BetAB__CoxCut	Micropepsaceae	7	6	1	0	0	2	2	0.0
original_primary	BetAB__CoxCut	Miltoncostaeaceae	3	1	2	0	0	2	0	0.0
original_primary	BetAB__CoxCut	Moraxellaceae	3	3	0	0	0	2	0	0.0
original_primary	BetAB__CoxCut	Mycobacteriaceae	15	12	3	0	0	3	2	0.0
original_primary	BetAB__CoxCut	Nakamurellaceae	1	0	1	0	0	1	0	0.0
original_primary	BetAB__CoxCut	Nannocystaceae	1	1	0	0	0	1	0	0.0
original_primary	BetAB__CoxCut	Nanopelagicaceae	3	3	0	0	0	2	0	0.0
original_primary	BetAB__CoxCut	Natronospirillaceae	2	2	0	0	0	1	0	0.0
original_primary	BetAB__CoxCut	Nevskiaceae	8	8	0	0	0	2	2	0.0
original_primary	BetAB__CoxCut	Nitriliruptoraceae	40	20	17	1	2	2	1	1.425
original_primary	BetAB__CoxCut	Nitrococcaceae	1	0	0	1	0	1	0	0.0
original_primary	BetAB__CoxCut	Nitrosomonadaceae	4	4	0	0	0	2	1	0.0
original_primary	BetAB__CoxCut	Nitrospiraceae	9	9	0	0	0	3	1	0.0
original_primary	BetAB__CoxCut	Nocardioidaceae	30	6	14	1	9	4	2	7.666666666666667
original_primary	BetAB__CoxCut	Nostocaceae	1	1	0	0	0	1	0	0.0
original_primary	BetAB__CoxCut	Oleiphilaceae	7	6	0	1	0	1	1	0.0
original_primary	BetAB__CoxCut	Opitutaceae	17	17	0	0	0	4	2	0.0
original_primary	BetAB__CoxCut	Oscillospiraceae	1	1	0	0	0	1	0	0.0
original_primary	BetAB__CoxCut	P2-11E	2	2	0	0	0	2	0	0.0
original_primary	BetAB__CoxCut	PALSA-1337	2	2	0	0	0	1	0	0.0
original_primary	BetAB__CoxCut	PALSA-610	5	0	5	0	0	1	1	0.0
original_primary	BetAB__CoxCut	PALSA-660	4	4	0	0	0	1	1	0.0
original_primary	BetAB__CoxCut	PJQJ01	3	3	0	0	0	1	1	0.0
original_primary	BetAB__CoxCut	Palsa-1180	2	2	0	0	0	2	0	0.0
original_primary	BetAB__CoxCut	Palsa-1400	7	7	0	0	0	1	1	0.0
original_primary	BetAB__CoxCut	Palsa-1439	3	3	0	0	0	2	0	0.0
original_primary	BetAB__CoxCut	Palsa-688	13	9	4	0	0	2	2	0.0
original_primary	BetAB__CoxCut	Paludibacteraceae	5	5	0	0	0	2	1	0.0
original_primary	BetAB__CoxCut	Parvularculaceae	1	1	0	0	0	1	0	0.0
original_primary	BetAB__CoxCut	Phormidesmidaceae	2	2	0	0	0	1	0	0.0
original_primary	BetAB__CoxCut	Phototrophicaceae	1	1	0	0	0	1	0	0.0
original_primary	BetAB__CoxCut	Phycisphaeraceae	4	3	1	0	0	2	1	0.0
original_primary	BetAB__CoxCut	Pirellulaceae	13	13	0	0	0	1	1	0.0
original_primary	BetAB__CoxCut	Planctomycetaceae	13	13	0	0	0	3	1	0.0
original_primary	BetAB__CoxCut	Planococcaceae	1	0	0	1	0	1	0	0.0
original_primary	BetAB__CoxCut	Polyangiaceae	11	11	0	0	0	4	2	0.0
original_primary	BetAB__CoxCut	Porticoccaceae	5	5	0	0	0	1	1	0.0
original_primary	BetAB__CoxCut	Prolixibacteraceae	6	6	0	0	0	2	1	0.0
original_primary	BetAB__CoxCut	Propionibacteriaceae	8	8	0	0	0	2	1	0.0
original_primary	BetAB__CoxCut	Pseudanabaenaceae	2	2	0	0	0	1	0	0.0
original_primary	BetAB__CoxCut	Pseudohongiellaceae	3	3	0	0	0	1	1	0.0
original_primary	BetAB__CoxCut	Pseudomonadaceae	19	6	0	12	1	3	2	0.6842105263157895
original_primary	BetAB__CoxCut	Pseudonocardiaceae	42	15	21	2	4	3	3	3.5714285714285716
original_primary	BetAB__CoxCut	Pyrinomonadaceae	22	16	6	0	0	4	4	0.0
original_primary	BetAB__CoxCut	QHBO01	12	12	0	0	0	2	2	0.0
original_primary	BetAB__CoxCut	QHCE01	1	1	0	0	0	1	0	0.0
original_primary	BetAB__CoxCut	QS-5-54-17	1	1	0	0	0	1	0	0.0
original_primary	BetAB__CoxCut	RAAP-2	45	35	10	0	0	3	3	0.0
original_primary	BetAB__CoxCut	RBC074	2	1	1	0	0	1	0	0.0
original_primary	BetAB__CoxCut	RBG-16-64-32	1	0	1	0	0	1	0	0.0
original_primary	BetAB__CoxCut	REEB76	11	11	0	0	0	1	1	0.0
original_primary	BetAB__CoxCut	RSA9	33	31	2	0	0	2	1	0.0
original_primary	BetAB__CoxCut	Rectinemataceae	2	2	0	0	0	1	0	0.0
original_primary	BetAB__CoxCut	Rhizobiaceae	7	3	0	0	4	2	1	2.2857142857142856
original_primary	BetAB__CoxCut	Rhodanobacteraceae	16	14	2	0	0	2	1	0.0
original_primary	BetAB__CoxCut	Rhodocyclaceae	2	2	0	0	0	1	0	0.0
original_primary	BetAB__CoxCut	Rubidibacteraceae	3	3	0	0	0	2	0	0.0
original_primary	BetAB__CoxCut	Rubricoccaceae	1	1	0	0	0	1	0	0.0
original_primary	BetAB__CoxCut	Rubrobacteraceae	38	18	20	0	0	2	2	0.0
original_primary	BetAB__CoxCut	SA4	1	1	0	0	0	1	0	0.0
original_primary	BetAB__CoxCut	SBAW01	1	1	0	0	0	1	0	0.0
original_primary	BetAB__CoxCut	SCN-69-37	2	2	0	0	0	1	0	0.0
original_primary	BetAB__CoxCut	SCQP01	11	11	0	0	0	1	1	0.0
original_primary	BetAB__CoxCut	SCSIO-06110	3	3	0	0	0	1	1	0.0
original_primary	BetAB__CoxCut	SCTD01	19	8	10	1	0	2	1	0.5263157894736842
original_primary	BetAB__CoxCut	SG8-39	12	6	6	0	0	3	3	0.0
original_primary	BetAB__CoxCut	SG8-41	8	2	6	0	0	4	2	0.0
original_primary	BetAB__CoxCut	SIRW01	1	0	1	0	0	1	0	0.0
original_primary	BetAB__CoxCut	SKKL01	1	0	1	0	0	1	0	0.0
original_primary	BetAB__CoxCut	SKUG01	15	15	0	0	0	1	1	0.0
original_primary	BetAB__CoxCut	SMYC01	1	1	0	0	0	1	0	0.0
original_primary	BetAB__CoxCut	SW-11-45-7	1	1	0	0	0	1	0	0.0
original_primary	BetAB__CoxCut	SW-4-49-11	2	2	0	0	0	2	0	0.0
original_primary	BetAB__CoxCut	SW-6-46-9	3	3	0	0	0	2	0	0.0
original_primary	BetAB__CoxCut	SZUA-35	7	2	5	0	0	1	1	0.0
original_primary	BetAB__CoxCut	SZUA-36	3	3	0	0	0	1	1	0.0
original_primary	BetAB__CoxCut	Saccharofermentanaceae	1	1	0	0	0	1	0	0.0
original_primary	BetAB__CoxCut	Salinibacteraceae	18	18	0	0	0	3	3	0.0
original_primary	BetAB__CoxCut	Salinisphaeraceae	2	1	0	1	0	1	0	0.0
original_primary	BetAB__CoxCut	SbA1	32	24	8	0	0	3	3	0.0
original_primary	BetAB__CoxCut	Smithellaceae	4	4	0	0	0	2	0	0.0
original_primary	BetAB__CoxCut	Solirubrobacteraceae	74	46	28	0	0	5	5	0.0
original_primary	BetAB__CoxCut	Sphingobacteriaceae	3	3	0	0	0	2	0	0.0
original_primary	BetAB__CoxCut	Sphingomonadaceae	42	40	1	1	0	4	2	0.023809523809523808
original_primary	BetAB__CoxCut	Spirosomataceae	1	1	0	0	0	1	0	0.0
original_primary	BetAB__CoxCut	Spongiibacteraceae	2	2	0	0	0	1	0	0.0
original_primary	BetAB__CoxCut	Sporichthyaceae	1	0	1	0	0	1	0	0.0
original_primary	BetAB__CoxCut	Steroidobacteraceae	43	24	2	14	3	3	3	1.9767441860465116
original_primary	BetAB__CoxCut	Streptosporangiaceae	29	4	20	0	5	3	2	4.310344827586207
original_primary	BetAB__CoxCut	Sulfuricellaceae	1	1	0	0	0	1	0	0.0
original_primary	BetAB__CoxCut	Sulfuriferulaceae	1	1	0	0	0	1	0	0.0
original_primary	BetAB__CoxCut	Syntrophomonadaceae	1	1	0	0	0	1	0	0.0
original_primary	BetAB__CoxCut	T3Sed10-336	8	8	0	0	0	1	1	0.0
original_primary	BetAB__CoxCut	Tepidiformaceae	2	2	0	0	0	2	0	0.0
original_primary	BetAB__CoxCut	Tepidisphaeraceae	16	16	0	0	0	3	2	0.0
original_primary	BetAB__CoxCut	Thermacetogeniaceae	1	1	0	0	0	1	0	0.0
original_primary	BetAB__CoxCut	Thermoanaerobaculaceae	1	1	0	0	0	1	0	0.0
original_primary	BetAB__CoxCut	Thermobaculaceae	5	3	2	0	0	1	1	0.0
original_primary	BetAB__CoxCut	Thermoguttaceae	1	1	0	0	0	1	0	0.0
original_primary	BetAB__CoxCut	Thermoleophilaceae	29	16	13	0	0	3	2	0.0
original_primary	BetAB__CoxCut	Thermomicrobiaceae	1	1	0	0	0	1	0	0.0
original_primary	BetAB__CoxCut	Thermosynechococcaceae	3	3	0	0	0	2	0	0.0
original_primary	BetAB__CoxCut	Trueperaceae	23	22	1	0	0	2	1	0.0
original_primary	BetAB__CoxCut	UBA10212	1	1	0	0	0	1	0	0.0
original_primary	BetAB__CoxCut	UBA10450	10	10	0	0	0	3	2	0.0
original_primary	BetAB__CoxCut	UBA11346	2	2	0	0	0	1	0	0.0
original_primary	BetAB__CoxCut	UBA11358	32	32	0	0	0	3	3	0.0
original_primary	BetAB__CoxCut	UBA1147	5	5	0	0	0	1	1	0.0
original_primary	BetAB__CoxCut	UBA12049	3	3	0	0	0	2	0	0.0
original_primary	BetAB__CoxCut	UBA12225	3	3	0	0	0	1	1	0.0
original_primary	BetAB__CoxCut	UBA1321	1	1	0	0	0	1	0	0.0
original_primary	BetAB__CoxCut	UBA1402	2	2	0	0	0	1	0	0.0
original_primary	BetAB__CoxCut	UBA1547	3	3	0	0	0	2	0	0.0
original_primary	BetAB__CoxCut	UBA1924	6	6	0	0	0	2	1	0.0
original_primary	BetAB__CoxCut	UBA2023	1	1	0	0	0	1	0	0.0
original_primary	BetAB__CoxCut	UBA2100	2	2	0	0	0	1	0	0.0
original_primary	BetAB__CoxCut	UBA2103	1	1	0	0	0	1	0	0.0
original_primary	BetAB__CoxCut	UBA2199	1	1	0	0	0	1	0	0.0
original_primary	BetAB__CoxCut	UBA2206	2	2	0	0	0	2	0	0.0
original_primary	BetAB__CoxCut	UBA2241	11	11	0	0	0	2	1	0.0
original_primary	BetAB__CoxCut	UBA2999	11	7	4	0	0	3	2	0.0
original_primary	BetAB__CoxCut	UBA3067	1	1	0	0	0	1	0	0.0
original_primary	BetAB__CoxCut	UBA4093	1	1	0	0	0	1	0	0.0
original_primary	BetAB__CoxCut	UBA4142	1	1	0	0	0	1	0	0.0
original_primary	BetAB__CoxCut	UBA4664	1	1	0	0	0	1	0	0.0
original_primary	BetAB__CoxCut	UBA4665	14	14	0	0	0	4	2	0.0
original_primary	BetAB__CoxCut	UBA4738	2	0	2	0	0	1	0	0.0
original_primary	BetAB__CoxCut	UBA5066	6	6	0	0	0	1	1	0.0
original_primary	BetAB__CoxCut	UBA5177	1	0	1	0	0	1	0	0.0
original_primary	BetAB__CoxCut	UBA5619	2	2	0	0	0	1	0	0.0
original_primary	BetAB__CoxCut	UBA5734	1	1	0	0	0	1	0	0.0
original_primary	BetAB__CoxCut	UBA6077	1	1	0	0	0	1	0	0.0
original_primary	BetAB__CoxCut	UBA6265	38	17	21	0	0	3	2	0.0
original_primary	BetAB__CoxCut	UBA6623	2	2	0	0	0	1	0	0.0
original_primary	BetAB__CoxCut	UBA6821	1	1	0	0	0	1	0	0.0
original_primary	BetAB__CoxCut	UBA6960	1	1	0	0	0	1	0	0.0
original_primary	BetAB__CoxCut	UBA7540	17	14	3	0	0	2	1	0.0
original_primary	BetAB__CoxCut	UBA7541	32	20	6	6	0	3	2	1.125
original_primary	BetAB__CoxCut	UBA7656	1	1	0	0	0	1	0	0.0
original_primary	BetAB__CoxCut	UBA8139	1	0	1	0	0	1	0	0.0
original_primary	BetAB__CoxCut	UBA8190	4	4	0	0	0	2	0	0.0
original_primary	BetAB__CoxCut	UBA8199	2	2	0	0	0	1	0	0.0
original_primary	BetAB__CoxCut	UBA8639	2	2	0	0	0	1	0	0.0
original_primary	BetAB__CoxCut	UBA8958	1	1	0	0	0	1	0	0.0
original_primary	BetAB__CoxCut	UBA918	2	2	0	0	0	1	0	0.0
original_primary	BetAB__CoxCut	UBA922	1	1	0	0	0	1	0	0.0
original_primary	BetAB__CoxCut	UBA927	1	1	0	0	0	1	0	0.0
original_primary	BetAB__CoxCut	UBA932	1	1	0	0	0	1	0	0.0
original_primary	BetAB__CoxCut	UBA9968	5	2	3	0	0	2	1	0.0
original_primary	BetAB__CoxCut	UBA9973	3	3	0	0	0	3	0	0.0
original_primary	BetAB__CoxCut	UM-FILTER-63-12	1	1	0	0	0	1	0	0.0
original_primary	BetAB__CoxCut	Usitatibacteraceae	1	1	0	0	0	1	0	0.0
original_primary	BetAB__CoxCut	VMFF01	1	1	0	0	0	1	0	0.0
original_primary	BetAB__CoxCut	VXPQ01	7	7	0	0	0	1	1	0.0
original_primary	BetAB__CoxCut	VadinHA17	19	19	0	0	0	2	2	0.0
original_primary	BetAB__CoxCut	Versatilivoraceae	1	1	0	0	0	1	0	0.0
original_primary	BetAB__CoxCut	Vicingaceae	2	2	0	0	0	1	0	0.0
original_primary	BetAB__CoxCut	Villigracilaceae	5	5	0	0	0	2	1	0.0
original_primary	BetAB__CoxCut	Vulcanimicrobiaceae	12	5	7	0	0	2	2	0.0
original_primary	BetAB__CoxCut	WHSQ01	35	33	2	0	0	1	1	0.0
original_primary	BetAB__CoxCut	WHST01	1	0	0	0	1	1	0	1.0
original_primary	BetAB__CoxCut	WHTK01	1	1	0	0	0	1	0	0.0
original_primary	BetAB__CoxCut	WJLG01	2	2	0	0	0	1	0	0.0
original_primary	BetAB__CoxCut	Wenzhouxiangellaceae	1	1	0	0	0	1	0	0.0
original_primary	BetAB__CoxCut	Woeseiaceae	3	0	2	0	1	1	1	1.0
original_primary	BetAB__CoxCut	Xanthobacteraceae	61	3	58	0	0	3	3	0.0
original_primary	BetAB__CoxCut	Xanthomonadaceae	27	26	0	1	0	3	2	0.0
original_primary	BetAB__CoxCut	ZC4RG35	7	1	2	3	1	1	1	1.7142857142857142
original_primary	BetAB__CoxCut	Zrk34	1	1	0	0	0	1	0	0.0
original_strict	KdpABC__CoxCut	172606-1	2	2	0	0	0	1	0	0.0
original_strict	KdpABC__CoxCut	2-12-FULL-41-12	1	1	0	0	0	1	0	0.0
original_strict	KdpABC__CoxCut	2-12-FULL-66-21	5	5	0	0	0	1	1	0.0
original_strict	KdpABC__CoxCut	70-9	5	4	0	0	1	3	0	0.2
original_strict	KdpABC__CoxCut	AK92	1	1	0	0	0	1	0	0.0
original_strict	KdpABC__CoxCut	Acidobacteriaceae	28	3	0	25	0	3	2	0.0
original_strict	KdpABC__CoxCut	Actinomycetaceae	1	0	0	1	0	1	0	0.0
original_strict	KdpABC__CoxCut	Actinopolymorphaceae	1	0	1	0	0	1	0	0.0
original_strict	KdpABC__CoxCut	Aeolococcaceae	4	2	0	1	1	2	0	0.5
original_strict	KdpABC__CoxCut	Afifellaceae	1	0	1	0	0	1	0	0.0
original_strict	KdpABC__CoxCut	Akkermansiaceae	2	2	0	0	0	1	0	0.0
original_strict	KdpABC__CoxCut	Alteromonadaceae	5	5	0	0	0	1	1	0.0
original_strict	KdpABC__CoxCut	Anaerobacaceae	1	0	0	1	0	1	0	0.0
original_strict	KdpABC__CoxCut	Aquisalimonadaceae	1	1	0	0	0	1	0	0.0
original_strict	KdpABC__CoxCut	Azotimanducaceae	1	1	0	0	0	1	0	0.0
original_strict	KdpABC__CoxCut	BP-101	1	0	1	0	0	1	0	0.0
original_strict	KdpABC__CoxCut	BP-133	1	0	1	0	0	1	0	0.0
original_strict	KdpABC__CoxCut	Balneolaceae	1	1	0	0	0	1	0	0.0
original_strict	KdpABC__CoxCut	Beijerinckiaceae	7	2	2	2	1	3	1	1.2857142857142858
original_strict	KdpABC__CoxCut	Binataceae	6	1	0	3	2	2	1	1.6666666666666667
original_strict	KdpABC__CoxCut	Bog-793	4	0	1	2	1	2	1	1.5
original_strict	KdpABC__CoxCut	Bog-877	3	1	0	0	2	1	1	1.3333333333333333
original_strict	KdpABC__CoxCut	Bryobacteraceae	19	4	1	11	3	4	2	2.9473684210526314
original_strict	KdpABC__CoxCut	Burkholderiaceae	22	6	4	9	3	4	2	3.8181818181818183
original_strict	KdpABC__CoxCut	CADCSY01	7	1	6	0	0	2	2	0.0
original_strict	KdpABC__CoxCut	CADCTF01	2	1	1	0	0	1	0	0.0
original_strict	KdpABC__CoxCut	CADEER01	1	1	0	0	0	1	0	0.0
original_strict	KdpABC__CoxCut	CAIQCM01	1	1	0	0	0	1	0	0.0
original_strict	KdpABC__CoxCut	CALAEC01	1	1	0	0	0	1	0	0.0
original_strict	KdpABC__CoxCut	CALGFH01	1	0	1	0	0	1	0	0.0
original_strict	KdpABC__CoxCut	CF-121	1	0	1	0	0	1	0	0.0
original_strict	KdpABC__CoxCut	CGMCC-115725	6	0	4	0	2	2	1	2.0
original_strict	KdpABC__CoxCut	CSP1-4	9	2	1	4	2	3	1	2.0
original_strict	KdpABC__CoxCut	CSP1-5	1	1	0	0	0	1	0	0.0
original_strict	KdpABC__CoxCut	CSP1-6	2	0	2	0	0	2	0	0.0
original_strict	KdpABC__CoxCut	Caulobacteraceae	11	4	0	7	0	3	2	0.0
original_strict	KdpABC__CoxCut	Cellulomonadaceae	2	1	0	1	0	1	0	0.0
original_strict	KdpABC__CoxCut	Cellvibrionaceae	10	10	0	0	0	1	1	0.0
original_strict	KdpABC__CoxCut	Chitinophagaceae	5	5	0	0	0	2	1	0.0
original_strict	KdpABC__CoxCut	Chroococcidiopsidaceae	1	0	0	1	0	1	0	0.0
original_strict	KdpABC__CoxCut	Clostridiaceae	1	1	0	0	0	1	0	0.0
original_strict	KdpABC__CoxCut	Coleofasciculaceae	1	1	0	0	0	1	0	0.0
original_strict	KdpABC__CoxCut	Cyanobacteriaceae	1	1	0	0	0	1	0	0.0
original_strict	KdpABC__CoxCut	Cyclobacteriaceae	30	30	0	0	0	2	1	0.0
original_strict	KdpABC__CoxCut	Cytophagaceae	2	2	0	0	0	1	0	0.0
original_strict	KdpABC__CoxCut	DAIQRJ01	1	0	0	1	0	1	0	0.0
original_strict	KdpABC__CoxCut	DASVNK01	2	2	0	0	0	1	0	0.0
original_strict	KdpABC__CoxCut	DASZGP01	1	0	1	0	0	1	0	0.0
original_strict	KdpABC__CoxCut	DATFVB01	1	0	0	1	0	1	0	0.0
original_strict	KdpABC__CoxCut	DATLYR01	1	1	0	0	0	1	0	0.0
original_strict	KdpABC__CoxCut	Dermatophilaceae	2	0	1	0	1	1	0	1.0
original_strict	KdpABC__CoxCut	Desulfitobacteriaceae	2	1	1	0	0	2	0	0.0
original_strict	KdpABC__CoxCut	Dormibacteraceae	8	1	4	0	3	2	1	2.625
original_strict	KdpABC__CoxCut	Egibacteraceae	11	8	2	0	1	4	1	0.2727272727272727
original_strict	KdpABC__CoxCut	Enterobacteriaceae	1	0	0	1	0	1	0	0.0
original_strict	KdpABC__CoxCut	Eubacteriaceae	2	0	0	2	0	1	0	0.0
original_strict	KdpABC__CoxCut	FEN-979	3	1	0	2	0	2	0	0.0
original_strict	KdpABC__CoxCut	Fen-1088	2	1	0	1	0	1	0	0.0
original_strict	KdpABC__CoxCut	Flavobacteriaceae	18	17	0	1	0	3	1	0.0
original_strict	KdpABC__CoxCut	GCA-2861595	1	1	0	0	0	1	0	0.0
original_strict	KdpABC__CoxCut	GWC2-71-9	2	1	0	1	0	2	0	0.0
original_strict	KdpABC__CoxCut	Gaiellaceae	10	3	3	2	2	3	1	2.0
original_strict	KdpABC__CoxCut	Gallionellaceae	4	2	0	2	0	1	1	0.0
original_strict	KdpABC__CoxCut	Gemmataceae	1	1	0	0	0	1	0	0.0
original_strict	KdpABC__CoxCut	Gemmatimonadaceae	15	9	0	6	0	3	2	0.0
original_strict	KdpABC__CoxCut	Gp1-AA117	1	0	1	0	0	1	0	0.0
original_strict	KdpABC__CoxCut	Gp7-AA6	1	0	1	0	0	1	0	0.0
original_strict	KdpABC__CoxCut	Gp7-AA8	6	3	0	2	1	2	1	0.5
original_strict	KdpABC__CoxCut	HRBIN12	1	0	0	1	0	1	0	0.0
original_strict	KdpABC__CoxCut	Haliangiaceae	3	3	0	0	0	1	1	0.0
original_strict	KdpABC__CoxCut	Halieaceae	1	1	0	0	0	1	0	0.0
original_strict	KdpABC__CoxCut	Holophagaceae	1	0	0	1	0	1	0	0.0
original_strict	KdpABC__CoxCut	Hymenobacteraceae	3	3	0	0	0	1	1	0.0
original_strict	KdpABC__CoxCut	Hyphomonadaceae	1	1	0	0	0	1	0	0.0
original_strict	KdpABC__CoxCut	Ilumatobacteraceae	2	0	2	0	0	1	0	0.0
original_strict	KdpABC__CoxCut	JAATET01	1	0	0	1	0	1	0	0.0
original_strict	KdpABC__CoxCut	JACCUZ01	1	0	1	0	0	1	0	0.0
original_strict	KdpABC__CoxCut	JACCXJ01	1	0	0	1	0	1	0	0.0
original_strict	KdpABC__CoxCut	JACCXN01	1	1	0	0	0	1	0	0.0
original_strict	KdpABC__CoxCut	JACDCH01	4	1	3	0	0	2	1	0.0
original_strict	KdpABC__CoxCut	JACPCJ01	1	1	0	0	0	1	0	0.0
original_strict	KdpABC__CoxCut	JACPNS01	1	0	0	1	0	1	0	0.0
original_strict	KdpABC__CoxCut	JACQAP01	1	1	0	0	0	1	0	0.0
original_strict	KdpABC__CoxCut	JADGOU01	1	1	0	0	0	1	0	0.0
original_strict	KdpABC__CoxCut	JAFGIB01	1	1	0	0	0	1	0	0.0
original_strict	KdpABC__CoxCut	JAGDMS01	1	0	0	0	1	1	0	1.0
original_strict	KdpABC__CoxCut	JAHDFW01	1	1	0	0	0	1	0	0.0
original_strict	KdpABC__CoxCut	JAHFRG01	1	1	0	0	0	1	0	0.0
original_strict	KdpABC__CoxCut	JAHWKK01	2	2	0	0	0	1	0	0.0
original_strict	KdpABC__CoxCut	JAHWKV01	1	1	0	0	0	1	0	0.0
original_strict	KdpABC__CoxCut	JAHWLA01	1	0	1	0	0	1	0	0.0
original_strict	KdpABC__CoxCut	JAJPGV01	1	0	0	0	1	1	0	1.0
original_strict	KdpABC__CoxCut	JAJUFS01	1	1	0	0	0	1	0	0.0
original_strict	KdpABC__CoxCut	JAKDMP01	3	3	0	0	0	1	1	0.0
original_strict	KdpABC__CoxCut	JAKFFM01	1	1	0	0	0	1	0	0.0
original_strict	KdpABC__CoxCut	JALYNB01	1	1	0	0	0	1	0	0.0
original_strict	KdpABC__CoxCut	JAQGHD01	1	1	0	0	0	1	0	0.0
original_strict	KdpABC__CoxCut	JAUJNH01	1	0	0	1	0	1	0	0.0
original_strict	KdpABC__CoxCut	JBBSGY01	1	1	0	0	0	1	0	0.0
original_strict	KdpABC__CoxCut	Jatrophihabitantaceae	1	0	0	0	1	1	0	1.0
original_strict	KdpABC__CoxCut	Jiangellaceae	2	1	1	0	0	1	0	0.0
original_strict	KdpABC__CoxCut	Kallotenuaceae	2	1	1	0	0	1	0	0.0
original_strict	KdpABC__CoxCut	Kangiellaceae	1	1	0	0	0	1	0	0.0
original_strict	KdpABC__CoxCut	Korobacteraceae	4	2	0	2	0	2	1	0.0
original_strict	KdpABC__CoxCut	Kribbellaceae	1	0	0	1	0	1	0	0.0
original_strict	KdpABC__CoxCut	Longimicrobiaceae	7	5	2	0	0	2	1	0.0
original_strict	KdpABC__CoxCut	Maricaulaceae	1	1	0	0	0	1	0	0.0
original_strict	KdpABC__CoxCut	Methyloligellaceae	2	2	0	0	0	2	0	0.0
original_strict	KdpABC__CoxCut	Methylophagaceae	1	1	0	0	0	1	0	0.0
original_strict	KdpABC__CoxCut	Methylophilaceae	1	1	0	0	0	1	0	0.0
original_strict	KdpABC__CoxCut	Microbacteriaceae	7	3	1	1	2	3	1	1.2857142857142858
original_strict	KdpABC__CoxCut	Micrococcaceae	4	1	2	0	1	1	1	0.75
original_strict	KdpABC__CoxCut	Microcoleaceae	1	1	0	0	0	1	0	0.0
original_strict	KdpABC__CoxCut	Micromonosporaceae	1	1	0	0	0	1	0	0.0
original_strict	KdpABC__CoxCut	Micropepsaceae	3	1	1	1	0	2	0	0.3333333333333333
original_strict	KdpABC__CoxCut	Miltoncostaeaceae	1	0	1	0	0	1	0	0.0
original_strict	KdpABC__CoxCut	Moraxellaceae	2	1	0	1	0	2	0	0.0
original_strict	KdpABC__CoxCut	Mycobacteriaceae	6	0	1	3	2	2	1	2.5
original_strict	KdpABC__CoxCut	Nakamurellaceae	1	0	1	0	0	1	0	0.0
original_strict	KdpABC__CoxCut	Nanopelagicaceae	1	0	0	1	0	1	0	0.0
original_strict	KdpABC__CoxCut	Nevskiaceae	3	2	0	1	0	1	1	0.0
original_strict	KdpABC__CoxCut	Nitriliruptoraceae	4	3	1	0	0	2	1	0.0
original_strict	KdpABC__CoxCut	Nitrococcaceae	1	1	0	0	0	1	0	0.0
original_strict	KdpABC__CoxCut	Nitrosomonadaceae	1	1	0	0	0	1	0	0.0
original_strict	KdpABC__CoxCut	Nitrospiraceae	3	2	0	1	0	2	0	0.0
original_strict	KdpABC__CoxCut	Nocardioidaceae	8	0	8	0	0	3	1	0.0
original_strict	KdpABC__CoxCut	Oleiphilaceae	2	2	0	0	0	1	0	0.0
original_strict	KdpABC__CoxCut	Opitutaceae	5	0	0	5	0	2	1	0.0
original_strict	KdpABC__CoxCut	Oscillospiraceae	1	0	0	1	0	1	0	0.0
original_strict	KdpABC__CoxCut	P2-11E	1	1	0	0	0	1	0	0.0
original_strict	KdpABC__CoxCut	PALSA-610	2	0	0	0	2	1	0	2.0
original_strict	KdpABC__CoxCut	PJQJ01	1	1	0	0	0	1	0	0.0
original_strict	KdpABC__CoxCut	Palsa-1400	3	0	0	3	0	1	1	0.0
original_strict	KdpABC__CoxCut	Palsa-1439	3	0	0	3	0	2	0	0.0
original_strict	KdpABC__CoxCut	Palsa-688	2	0	1	1	0	2	0	0.5
original_strict	KdpABC__CoxCut	Paludibacteraceae	2	0	0	2	0	1	0	0.0
original_strict	KdpABC__CoxCut	Parvularculaceae	1	1	0	0	0	1	0	0.0
original_strict	KdpABC__CoxCut	Phormidesmidaceae	1	1	0	0	0	1	0	0.0
original_strict	KdpABC__CoxCut	Phycisphaeraceae	3	2	1	0	0	2	0	0.0
original_strict	KdpABC__CoxCut	Pirellulaceae	3	3	0	0	0	1	1	0.0
original_strict	KdpABC__CoxCut	Planctomycetaceae	4	3	0	1	0	3	0	0.0
original_strict	KdpABC__CoxCut	Polyangiaceae	4	2	0	2	0	3	0	0.0
original_strict	KdpABC__CoxCut	Porticoccaceae	1	1	0	0	0	1	0	0.0
original_strict	KdpABC__CoxCut	Prolixibacteraceae	4	0	0	4	0	1	1	0.0
original_strict	KdpABC__CoxCut	Propionibacteriaceae	3	2	0	1	0	2	0	0.0
original_strict	KdpABC__CoxCut	Pseudanabaenaceae	2	2	0	0	0	1	0	0.0
original_strict	KdpABC__CoxCut	Pseudohongiellaceae	2	2	0	0	0	1	0	0.0
original_strict	KdpABC__CoxCut	Pseudomonadaceae	8	2	0	5	1	3	1	0.75
original_strict	KdpABC__CoxCut	Pseudonocardiaceae	13	1	7	1	4	2	2	4.230769230769231
original_strict	KdpABC__CoxCut	Pyrinomonadaceae	8	3	1	1	3	3	2	2.0
original_strict	KdpABC__CoxCut	QHBO01	1	1	0	0	0	1	0	0.0
original_strict	KdpABC__CoxCut	QS-5-54-17	1	1	0	0	0	1	0	0.0
original_strict	KdpABC__CoxCut	RAAP-2	19	5	3	8	3	3	3	3.473684210526316
original_strict	KdpABC__CoxCut	REEB76	2	2	0	0	0	1	0	0.0
original_strict	KdpABC__CoxCut	RSA9	5	4	0	1	0	2	1	0.0
original_strict	KdpABC__CoxCut	Rhizobiaceae	1	0	0	0	1	1	0	1.0
original_strict	KdpABC__CoxCut	Rhodanobacteraceae	4	2	0	2	0	2	1	0.0
original_strict	KdpABC__CoxCut	Rhodocyclaceae	1	0	0	1	0	1	0	0.0
original_strict	KdpABC__CoxCut	Rubidibacteraceae	3	3	0	0	0	2	0	0.0
original_strict	KdpABC__CoxCut	Rubrobacteraceae	5	0	5	0	0	2	1	0.0
original_strict	KdpABC__CoxCut	SCQP01	6	3	0	3	0	1	1	0.0
original_strict	KdpABC__CoxCut	SCTD01	2	1	1	0	0	1	0	0.0
original_strict	KdpABC__CoxCut	SG8-39	4	0	4	0	0	3	0	0.0
original_strict	KdpABC__CoxCut	SG8-41	2	0	1	0	1	2	0	1.0
original_strict	KdpABC__CoxCut	SKKL01	1	0	1	0	0	1	0	0.0
original_strict	KdpABC__CoxCut	SW-4-49-11	1	1	0	0	0	1	0	0.0
original_strict	KdpABC__CoxCut	SW-6-46-9	1	1	0	0	0	1	0	0.0
original_strict	KdpABC__CoxCut	SZUA-35	1	0	1	0	0	1	0	0.0
original_strict	KdpABC__CoxCut	SZUA-36	2	2	0	0	0	1	0	0.0
original_strict	KdpABC__CoxCut	Salinibacteraceae	2	2	0	0	0	2	0	0.0
original_strict	KdpABC__CoxCut	Salinisphaeraceae	2	2	0	0	0	1	0	0.0
original_strict	KdpABC__CoxCut	SbA1	15	4	0	6	5	3	2	3.6666666666666665
original_strict	KdpABC__CoxCut	Smithellaceae	3	1	0	2	0	2	0	0.0
original_strict	KdpABC__CoxCut	Solirubrobacteraceae	20	5	8	6	1	5	4	3.15
original_strict	KdpABC__CoxCut	Sphingobacteriaceae	2	1	0	1	0	2	0	0.0
original_strict	KdpABC__CoxCut	Sphingomonadaceae	13	9	1	3	0	3	2	0.23076923076923078
original_strict	KdpABC__CoxCut	Spirosomataceae	1	1	0	0	0	1	0	0.0
original_strict	KdpABC__CoxCut	Spongiibacteraceae	1	1	0	0	0	1	0	0.0
original_strict	KdpABC__CoxCut	Steroidobacteraceae	13	7	1	3	2	3	2	1.1538461538461537
original_strict	KdpABC__CoxCut	Streptosporangiaceae	5	0	3	0	2	3	0	2.0
original_strict	KdpABC__CoxCut	Sulfuricellaceae	1	1	0	0	0	1	0	0.0
original_strict	KdpABC__CoxCut	Sulfuriferulaceae	1	1	0	0	0	1	0	0.0
original_strict	KdpABC__CoxCut	T3Sed10-336	6	6	0	0	0	1	1	0.0
original_strict	KdpABC__CoxCut	Tepidisphaeraceae	5	4	0	1	0	2	1	0.0
original_strict	KdpABC__CoxCut	Thermacetogeniaceae	1	1	0	0	0	1	0	0.0
original_strict	KdpABC__CoxCut	Thermoanaerobaculaceae	1	0	0	1	0	1	0	0.0
original_strict	KdpABC__CoxCut	Thermobaculaceae	1	0	1	0	0	1	0	0.0
original_strict	KdpABC__CoxCut	Thermoguttaceae	1	0	0	1	0	1	0	0.0
original_strict	KdpABC__CoxCut	Thermoleophilaceae	5	3	2	0	0	2	1	0.0
original_strict	KdpABC__CoxCut	Thermosynechococcaceae	3	2	0	1	0	2	0	0.0
original_strict	KdpABC__CoxCut	Trueperaceae	3	2	1	0	0	2	0	0.0
original_strict	KdpABC__CoxCut	UBA10450	6	3	0	3	0	2	1	0.0
original_strict	KdpABC__CoxCut	UBA11358	10	2	0	8	0	3	2	0.0
original_strict	KdpABC__CoxCut	UBA1147	1	0	0	1	0	1	0	0.0
original_strict	KdpABC__CoxCut	UBA1402	1	0	0	1	0	1	0	0.0
original_strict	KdpABC__CoxCut	UBA1547	2	2	0	0	0	1	0	0.0
original_strict	KdpABC__CoxCut	UBA1924	4	2	0	2	0	2	0	0.0
original_strict	KdpABC__CoxCut	UBA2023	1	1	0	0	0	1	0	0.0
original_strict	KdpABC__CoxCut	UBA2199	1	0	0	1	0	1	0	0.0
original_strict	KdpABC__CoxCut	UBA2241	4	2	0	2	0	2	1	0.0
original_strict	KdpABC__CoxCut	UBA2999	4	2	2	0	0	2	1	0.0
original_strict	KdpABC__CoxCut	UBA3067	1	1	0	0	0	1	0	0.0
original_strict	KdpABC__CoxCut	UBA4665	6	6	0	0	0	4	0	0.0
original_strict	KdpABC__CoxCut	UBA4738	1	0	1	0	0	1	0	0.0
original_strict	KdpABC__CoxCut	UBA5066	6	3	0	3	0	1	1	0.0
original_strict	KdpABC__CoxCut	UBA6077	1	0	0	1	0	1	0	0.0
original_strict	KdpABC__CoxCut	UBA6265	2	0	2	0	0	2	0	0.0
original_strict	KdpABC__CoxCut	UBA6821	1	0	0	1	0	1	0	0.0
original_strict	KdpABC__CoxCut	UBA7540	6	0	0	4	2	2	1	2.0
original_strict	KdpABC__CoxCut	UBA7541	18	0	1	13	4	2	2	4.722222222222222
original_strict	KdpABC__CoxCut	UBA8139	1	0	0	0	1	1	0	1.0
original_strict	KdpABC__CoxCut	UBA8190	1	1	0	0	0	1	0	0.0
original_strict	KdpABC__CoxCut	UBA8639	1	1	0	0	0	1	0	0.0
original_strict	KdpABC__CoxCut	Usitatibacteraceae	1	0	0	1	0	1	0	0.0
original_strict	KdpABC__CoxCut	VXPQ01	3	3	0	0	0	1	1	0.0
original_strict	KdpABC__CoxCut	VadinHA17	9	1	0	8	0	1	1	0.0
original_strict	KdpABC__CoxCut	Vicingaceae	2	2	0	0	0	1	0	0.0
original_strict	KdpABC__CoxCut	Villigracilaceae	3	0	0	3	0	2	0	0.0
original_strict	KdpABC__CoxCut	Vulcanimicrobiaceae	4	2	1	0	1	2	1	0.5
original_strict	KdpABC__CoxCut	WHSQ01	9	8	1	0	0	1	1	0.0
original_strict	KdpABC__CoxCut	WJLG01	1	1	0	0	0	1	0	0.0
original_strict	KdpABC__CoxCut	Woeseiaceae	1	0	1	0	0	1	0	0.0
original_strict	KdpABC__CoxCut	Xanthobacteraceae	14	0	2	0	12	3	2	12.0
original_strict	KdpABC__CoxCut	Xanthomonadaceae	5	2	0	3	0	2	1	0.0
original_strict	KdpABC__CoxCut	ZC4RG35	3	1	2	0	0	1	1	0.0
original_strict	KdpABC__CoxCut	Zrk34	1	1	0	0	0	1	0	0.0
original_strict	ProVWX__CoxCut	172606-1	2	2	0	0	0	1	0	0.0
original_strict	ProVWX__CoxCut	2-12-FULL-41-12	1	1	0	0	0	1	0	0.0
original_strict	ProVWX__CoxCut	2-12-FULL-66-21	5	5	0	0	0	1	1	0.0
original_strict	ProVWX__CoxCut	70-9	5	4	1	0	0	3	0	0.0
original_strict	ProVWX__CoxCut	AK92	1	1	0	0	0	1	0	0.0
original_strict	ProVWX__CoxCut	Acidobacteriaceae	28	28	0	0	0	3	2	0.0
original_strict	ProVWX__CoxCut	Actinomycetaceae	1	1	0	0	0	1	0	0.0
original_strict	ProVWX__CoxCut	Actinopolymorphaceae	1	0	0	0	1	1	0	1.0
original_strict	ProVWX__CoxCut	Aeolococcaceae	4	3	1	0	0	2	0	0.0
original_strict	ProVWX__CoxCut	Afifellaceae	1	0	0	0	1	1	0	1.0
original_strict	ProVWX__CoxCut	Akkermansiaceae	2	2	0	0	0	1	0	0.0
original_strict	ProVWX__CoxCut	Alteromonadaceae	5	5	0	0	0	1	1	0.0
original_strict	ProVWX__CoxCut	Anaerobacaceae	1	1	0	0	0	1	0	0.0
original_strict	ProVWX__CoxCut	Aquisalimonadaceae	1	1	0	0	0	1	0	0.0
original_strict	ProVWX__CoxCut	Azotimanducaceae	1	1	0	0	0	1	0	0.0
original_strict	ProVWX__CoxCut	BP-101	1	0	1	0	0	1	0	0.0
original_strict	ProVWX__CoxCut	BP-133	1	0	1	0	0	1	0	0.0
original_strict	ProVWX__CoxCut	Balneolaceae	1	1	0	0	0	1	0	0.0
original_strict	ProVWX__CoxCut	Beijerinckiaceae	7	4	3	0	0	3	1	0.0
original_strict	ProVWX__CoxCut	Binataceae	6	4	2	0	0	2	1	0.0
original_strict	ProVWX__CoxCut	Bog-793	4	2	2	0	0	2	1	0.0
original_strict	ProVWX__CoxCut	Bog-877	3	1	2	0	0	1	1	0.0
original_strict	ProVWX__CoxCut	Bryobacteraceae	19	15	4	0	0	4	2	0.0
original_strict	ProVWX__CoxCut	Burkholderiaceae	22	10	6	5	1	4	2	1.9090909090909092
original_strict	ProVWX__CoxCut	CADCSY01	7	1	6	0	0	2	2	0.0
original_strict	ProVWX__CoxCut	CADCTF01	2	1	1	0	0	1	0	0.0
original_strict	ProVWX__CoxCut	CADEER01	1	1	0	0	0	1	0	0.0
original_strict	ProVWX__CoxCut	CAIQCM01	1	1	0	0	0	1	0	0.0
original_strict	ProVWX__CoxCut	CALAEC01	1	1	0	0	0	1	0	0.0
original_strict	ProVWX__CoxCut	CALGFH01	1	0	1	0	0	1	0	0.0
original_strict	ProVWX__CoxCut	CF-121	1	0	1	0	0	1	0	0.0
original_strict	ProVWX__CoxCut	CGMCC-115725	6	0	6	0	0	2	1	0.0
original_strict	ProVWX__CoxCut	CSP1-4	9	6	2	0	1	3	1	0.3333333333333333
original_strict	ProVWX__CoxCut	CSP1-5	1	1	0	0	0	1	0	0.0
original_strict	ProVWX__CoxCut	CSP1-6	2	0	2	0	0	2	0	0.0
original_strict	ProVWX__CoxCut	Caulobacteraceae	11	10	0	1	0	3	2	0.0
original_strict	ProVWX__CoxCut	Cellulomonadaceae	2	1	0	1	0	1	0	0.0
original_strict	ProVWX__CoxCut	Cellvibrionaceae	10	10	0	0	0	1	1	0.0
original_strict	ProVWX__CoxCut	Chitinophagaceae	5	5	0	0	0	2	1	0.0
original_strict	ProVWX__CoxCut	Chroococcidiopsidaceae	1	1	0	0	0	1	0	0.0
original_strict	ProVWX__CoxCut	Clostridiaceae	1	1	0	0	0	1	0	0.0
original_strict	ProVWX__CoxCut	Coleofasciculaceae	1	1	0	0	0	1	0	0.0
original_strict	ProVWX__CoxCut	Cyanobacteriaceae	1	1	0	0	0	1	0	0.0
original_strict	ProVWX__CoxCut	Cyclobacteriaceae	30	30	0	0	0	2	1	0.0
original_strict	ProVWX__CoxCut	Cytophagaceae	2	2	0	0	0	1	0	0.0
original_strict	ProVWX__CoxCut	DAIQRJ01	1	1	0	0	0	1	0	0.0
original_strict	ProVWX__CoxCut	DASVNK01	2	2	0	0	0	1	0	0.0
original_strict	ProVWX__CoxCut	DASZGP01	1	0	1	0	0	1	0	0.0
original_strict	ProVWX__CoxCut	DATFVB01	1	1	0	0	0	1	0	0.0
original_strict	ProVWX__CoxCut	DATLYR01	1	1	0	0	0	1	0	0.0
original_strict	ProVWX__CoxCut	Dermatophilaceae	2	0	2	0	0	1	0	0.0
original_strict	ProVWX__CoxCut	Desulfitobacteriaceae	2	1	0	0	1	2	0	0.5
original_strict	ProVWX__CoxCut	Dormibacteraceae	8	1	7	0	0	2	1	0.0
original_strict	ProVWX__CoxCut	Egibacteraceae	11	6	2	2	1	4	1	0.8181818181818182
original_strict	ProVWX__CoxCut	Enterobacteriaceae	1	0	0	1	0	1	0	0.0
original_strict	ProVWX__CoxCut	Eubacteriaceae	2	2	0	0	0	1	0	0.0
original_strict	ProVWX__CoxCut	FEN-979	3	3	0	0	0	2	0	0.0
original_strict	ProVWX__CoxCut	Fen-1088	2	2	0	0	0	1	0	0.0
original_strict	ProVWX__CoxCut	Flavobacteriaceae	18	18	0	0	0	3	1	0.0
original_strict	ProVWX__CoxCut	GCA-2861595	1	0	0	1	0	1	0	0.0
original_strict	ProVWX__CoxCut	GWC2-71-9	2	2	0	0	0	2	0	0.0
original_strict	ProVWX__CoxCut	Gaiellaceae	10	5	3	0	2	3	1	1.0
original_strict	ProVWX__CoxCut	Gallionellaceae	4	4	0	0	0	1	1	0.0
original_strict	ProVWX__CoxCut	Gemmataceae	1	1	0	0	0	1	0	0.0
original_strict	ProVWX__CoxCut	Gemmatimonadaceae	15	15	0	0	0	3	2	0.0
original_strict	ProVWX__CoxCut	Gp1-AA117	1	0	1	0	0	1	0	0.0
original_strict	ProVWX__CoxCut	Gp7-AA6	1	0	1	0	0	1	0	0.0
original_strict	ProVWX__CoxCut	Gp7-AA8	6	5	1	0	0	2	1	0.0
original_strict	ProVWX__CoxCut	HRBIN12	1	0	0	1	0	1	0	0.0
original_strict	ProVWX__CoxCut	Haliangiaceae	3	3	0	0	0	1	1	0.0
original_strict	ProVWX__CoxCut	Halieaceae	1	1	0	0	0	1	0	0.0
original_strict	ProVWX__CoxCut	Holophagaceae	1	1	0	0	0	1	0	0.0
original_strict	ProVWX__CoxCut	Hymenobacteraceae	3	3	0	0	0	1	1	0.0
original_strict	ProVWX__CoxCut	Hyphomonadaceae	1	1	0	0	0	1	0	0.0
original_strict	ProVWX__CoxCut	Ilumatobacteraceae	2	0	2	0	0	1	0	0.0
original_strict	ProVWX__CoxCut	JAATET01	1	1	0	0	0	1	0	0.0
original_strict	ProVWX__CoxCut	JACCUZ01	1	0	1	0	0	1	0	0.0
original_strict	ProVWX__CoxCut	JACCXJ01	1	1	0	0	0	1	0	0.0
original_strict	ProVWX__CoxCut	JACCXN01	1	1	0	0	0	1	0	0.0
original_strict	ProVWX__CoxCut	JACDCH01	4	1	2	0	1	2	1	0.75
original_strict	ProVWX__CoxCut	JACPCJ01	1	1	0	0	0	1	0	0.0
original_strict	ProVWX__CoxCut	JACPNS01	1	1	0	0	0	1	0	0.0
original_strict	ProVWX__CoxCut	JACQAP01	1	1	0	0	0	1	0	0.0
original_strict	ProVWX__CoxCut	JADGOU01	1	1	0	0	0	1	0	0.0
original_strict	ProVWX__CoxCut	JAFGIB01	1	1	0	0	0	1	0	0.0
original_strict	ProVWX__CoxCut	JAGDMS01	1	0	1	0	0	1	0	0.0
original_strict	ProVWX__CoxCut	JAHDFW01	1	1	0	0	0	1	0	0.0
original_strict	ProVWX__CoxCut	JAHFRG01	1	1	0	0	0	1	0	0.0
original_strict	ProVWX__CoxCut	JAHWKK01	2	2	0	0	0	1	0	0.0
original_strict	ProVWX__CoxCut	JAHWKV01	1	1	0	0	0	1	0	0.0
original_strict	ProVWX__CoxCut	JAHWLA01	1	0	1	0	0	1	0	0.0
original_strict	ProVWX__CoxCut	JAJPGV01	1	0	1	0	0	1	0	0.0
original_strict	ProVWX__CoxCut	JAJUFS01	1	1	0	0	0	1	0	0.0
original_strict	ProVWX__CoxCut	JAKDMP01	3	3	0	0	0	1	1	0.0
original_strict	ProVWX__CoxCut	JAKFFM01	1	1	0	0	0	1	0	0.0
original_strict	ProVWX__CoxCut	JALYNB01	1	1	0	0	0	1	0	0.0
original_strict	ProVWX__CoxCut	JAQGHD01	1	1	0	0	0	1	0	0.0
original_strict	ProVWX__CoxCut	JAUJNH01	1	1	0	0	0	1	0	0.0
original_strict	ProVWX__CoxCut	JBBSGY01	1	1	0	0	0	1	0	0.0
original_strict	ProVWX__CoxCut	Jatrophihabitantaceae	1	0	1	0	0	1	0	0.0
original_strict	ProVWX__CoxCut	Jiangellaceae	2	1	0	0	1	1	0	0.5
original_strict	ProVWX__CoxCut	Kallotenuaceae	2	1	1	0	0	1	0	0.0
original_strict	ProVWX__CoxCut	Kangiellaceae	1	1	0	0	0	1	0	0.0
original_strict	ProVWX__CoxCut	Korobacteraceae	4	4	0	0	0	2	1	0.0
original_strict	ProVWX__CoxCut	Kribbellaceae	1	0	0	1	0	1	0	0.0
original_strict	ProVWX__CoxCut	Longimicrobiaceae	7	5	2	0	0	2	1	0.0
original_strict	ProVWX__CoxCut	Maricaulaceae	1	1	0	0	0	1	0	0.0
original_strict	ProVWX__CoxCut	Methyloligellaceae	2	2	0	0	0	2	0	0.0
original_strict	ProVWX__CoxCut	Methylophagaceae	1	1	0	0	0	1	0	0.0
original_strict	ProVWX__CoxCut	Methylophilaceae	1	1	0	0	0	1	0	0.0
original_strict	ProVWX__CoxCut	Microbacteriaceae	7	1	2	3	1	3	1	1.7142857142857142
original_strict	ProVWX__CoxCut	Micrococcaceae	4	0	2	1	1	1	1	1.5
original_strict	ProVWX__CoxCut	Microcoleaceae	1	1	0	0	0	1	0	0.0
original_strict	ProVWX__CoxCut	Micromonosporaceae	1	0	0	1	0	1	0	0.0
original_strict	ProVWX__CoxCut	Micropepsaceae	3	2	1	0	0	2	0	0.0
original_strict	ProVWX__CoxCut	Miltoncostaeaceae	1	0	1	0	0	1	0	0.0
original_strict	ProVWX__CoxCut	Moraxellaceae	2	2	0	0	0	2	0	0.0
original_strict	ProVWX__CoxCut	Mycobacteriaceae	6	3	3	0	0	2	1	0.0
original_strict	ProVWX__CoxCut	Nakamurellaceae	1	0	1	0	0	1	0	0.0
original_strict	ProVWX__CoxCut	Nanopelagicaceae	1	1	0	0	0	1	0	0.0
original_strict	ProVWX__CoxCut	Nevskiaceae	3	3	0	0	0	1	1	0.0
original_strict	ProVWX__CoxCut	Nitriliruptoraceae	4	0	1	3	0	2	1	0.75
original_strict	ProVWX__CoxCut	Nitrococcaceae	1	1	0	0	0	1	0	0.0
original_strict	ProVWX__CoxCut	Nitrosomonadaceae	1	1	0	0	0	1	0	0.0
original_strict	ProVWX__CoxCut	Nitrospiraceae	3	3	0	0	0	2	0	0.0
original_strict	ProVWX__CoxCut	Nocardioidaceae	8	0	4	0	4	3	1	4.0
original_strict	ProVWX__CoxCut	Oleiphilaceae	2	0	0	2	0	1	0	0.0
original_strict	ProVWX__CoxCut	Opitutaceae	5	5	0	0	0	2	1	0.0
original_strict	ProVWX__CoxCut	Oscillospiraceae	1	1	0	0	0	1	0	0.0
original_strict	ProVWX__CoxCut	P2-11E	1	1	0	0	0	1	0	0.0
original_strict	ProVWX__CoxCut	PALSA-610	2	0	2	0	0	1	0	0.0
original_strict	ProVWX__CoxCut	PJQJ01	1	1	0	0	0	1	0	0.0
original_strict	ProVWX__CoxCut	Palsa-1400	3	3	0	0	0	1	1	0.0
original_strict	ProVWX__CoxCut	Palsa-1439	3	3	0	0	0	2	0	0.0
original_strict	ProVWX__CoxCut	Palsa-688	2	1	1	0	0	2	0	0.0
original_strict	ProVWX__CoxCut	Paludibacteraceae	2	2	0	0	0	1	0	0.0
original_strict	ProVWX__CoxCut	Parvularculaceae	1	1	0	0	0	1	0	0.0
original_strict	ProVWX__CoxCut	Phormidesmidaceae	1	1	0	0	0	1	0	0.0
original_strict	ProVWX__CoxCut	Phycisphaeraceae	3	2	1	0	0	2	0	0.0
original_strict	ProVWX__CoxCut	Pirellulaceae	3	3	0	0	0	1	1	0.0
original_strict	ProVWX__CoxCut	Planctomycetaceae	4	4	0	0	0	3	0	0.0
original_strict	ProVWX__CoxCut	Polyangiaceae	4	4	0	0	0	3	0	0.0
original_strict	ProVWX__CoxCut	Porticoccaceae	1	1	0	0	0	1	0	0.0
original_strict	ProVWX__CoxCut	Prolixibacteraceae	4	4	0	0	0	1	1	0.0
original_strict	ProVWX__CoxCut	Propionibacteriaceae	3	1	0	2	0	2	0	0.0
original_strict	ProVWX__CoxCut	Pseudanabaenaceae	2	2	0	0	0	1	0	0.0
original_strict	ProVWX__CoxCut	Pseudohongiellaceae	2	2	0	0	0	1	0	0.0
original_strict	ProVWX__CoxCut	Pseudomonadaceae	8	1	0	6	1	3	1	0.875
original_strict	ProVWX__CoxCut	Pseudonocardiaceae	13	2	9	0	2	2	2	1.6923076923076923
original_strict	ProVWX__CoxCut	Pyrinomonadaceae	8	4	4	0	0	3	2	0.0
original_strict	ProVWX__CoxCut	QHBO01	1	1	0	0	0	1	0	0.0
original_strict	ProVWX__CoxCut	QS-5-54-17	1	1	0	0	0	1	0	0.0
original_strict	ProVWX__CoxCut	RAAP-2	19	13	6	0	0	3	3	0.0
original_strict	ProVWX__CoxCut	REEB76	2	2	0	0	0	1	0	0.0
original_strict	ProVWX__CoxCut	RSA9	5	5	0	0	0	2	1	0.0
original_strict	ProVWX__CoxCut	Rhizobiaceae	1	0	0	0	1	1	0	1.0
original_strict	ProVWX__CoxCut	Rhodanobacteraceae	4	4	0	0	0	2	1	0.0
original_strict	ProVWX__CoxCut	Rhodocyclaceae	1	1	0	0	0	1	0	0.0
original_strict	ProVWX__CoxCut	Rubidibacteraceae	3	2	0	1	0	2	0	0.0
original_strict	ProVWX__CoxCut	Rubrobacteraceae	5	0	3	0	2	2	1	2.0
original_strict	ProVWX__CoxCut	SCQP01	6	6	0	0	0	1	1	0.0
original_strict	ProVWX__CoxCut	SCTD01	2	1	1	0	0	1	0	0.0
original_strict	ProVWX__CoxCut	SG8-39	4	0	4	0	0	3	0	0.0
original_strict	ProVWX__CoxCut	SG8-41	2	0	2	0	0	2	0	0.0
original_strict	ProVWX__CoxCut	SKKL01	1	0	1	0	0	1	0	0.0
original_strict	ProVWX__CoxCut	SW-4-49-11	1	0	0	1	0	1	0	0.0
original_strict	ProVWX__CoxCut	SW-6-46-9	1	1	0	0	0	1	0	0.0
original_strict	ProVWX__CoxCut	SZUA-35	1	0	1	0	0	1	0	0.0
original_strict	ProVWX__CoxCut	SZUA-36	2	2	0	0	0	1	0	0.0
original_strict	ProVWX__CoxCut	Salinibacteraceae	2	1	0	1	0	2	0	0.0
original_strict	ProVWX__CoxCut	Salinisphaeraceae	2	2	0	0	0	1	0	0.0
original_strict	ProVWX__CoxCut	SbA1	15	10	5	0	0	3	2	0.0
original_strict	ProVWX__CoxCut	Smithellaceae	3	3	0	0	0	2	0	0.0
original_strict	ProVWX__CoxCut	Solirubrobacteraceae	20	10	9	1	0	5	4	0.45
original_strict	ProVWX__CoxCut	Sphingobacteriaceae	2	2	0	0	0	2	0	0.0
original_strict	ProVWX__CoxCut	Sphingomonadaceae	13	12	1	0	0	3	2	0.0
original_strict	ProVWX__CoxCut	Spirosomataceae	1	1	0	0	0	1	0	0.0
original_strict	ProVWX__CoxCut	Spongiibacteraceae	1	1	0	0	0	1	0	0.0
original_strict	ProVWX__CoxCut	Steroidobacteraceae	13	6	1	4	2	3	2	1.3846153846153846
original_strict	ProVWX__CoxCut	Streptosporangiaceae	5	0	5	0	0	3	0	0.0
original_strict	ProVWX__CoxCut	Sulfuricellaceae	1	1	0	0	0	1	0	0.0
original_strict	ProVWX__CoxCut	Sulfuriferulaceae	1	1	0	0	0	1	0	0.0
original_strict	ProVWX__CoxCut	T3Sed10-336	6	6	0	0	0	1	1	0.0
original_strict	ProVWX__CoxCut	Tepidisphaeraceae	5	5	0	0	0	2	1	0.0
original_strict	ProVWX__CoxCut	Thermacetogeniaceae	1	1	0	0	0	1	0	0.0
original_strict	ProVWX__CoxCut	Thermoanaerobaculaceae	1	1	0	0	0	1	0	0.0
original_strict	ProVWX__CoxCut	Thermobaculaceae	1	0	1	0	0	1	0	0.0
original_strict	ProVWX__CoxCut	Thermoguttaceae	1	1	0	0	0	1	0	0.0
original_strict	ProVWX__CoxCut	Thermoleophilaceae	5	3	2	0	0	2	1	0.0
original_strict	ProVWX__CoxCut	Thermosynechococcaceae	3	3	0	0	0	2	0	0.0
original_strict	ProVWX__CoxCut	Trueperaceae	3	0	1	2	0	2	0	0.6666666666666666
original_strict	ProVWX__CoxCut	UBA10450	6	6	0	0	0	2	1	0.0
original_strict	ProVWX__CoxCut	UBA11358	10	10	0	0	0	3	2	0.0
original_strict	ProVWX__CoxCut	UBA1147	1	1	0	0	0	1	0	0.0
original_strict	ProVWX__CoxCut	UBA1402	1	1	0	0	0	1	0	0.0
original_strict	ProVWX__CoxCut	UBA1547	2	2	0	0	0	1	0	0.0
original_strict	ProVWX__CoxCut	UBA1924	4	4	0	0	0	2	0	0.0
original_strict	ProVWX__CoxCut	UBA2023	1	1	0	0	0	1	0	0.0
original_strict	ProVWX__CoxCut	UBA2199	1	1	0	0	0	1	0	0.0
original_strict	ProVWX__CoxCut	UBA2241	4	4	0	0	0	2	1	0.0
original_strict	ProVWX__CoxCut	UBA2999	4	2	2	0	0	2	1	0.0
original_strict	ProVWX__CoxCut	UBA3067	1	1	0	0	0	1	0	0.0
original_strict	ProVWX__CoxCut	UBA4665	6	6	0	0	0	4	0	0.0
original_strict	ProVWX__CoxCut	UBA4738	1	0	1	0	0	1	0	0.0
original_strict	ProVWX__CoxCut	UBA5066	6	6	0	0	0	1	1	0.0
original_strict	ProVWX__CoxCut	UBA6077	1	1	0	0	0	1	0	0.0
original_strict	ProVWX__CoxCut	UBA6265	2	0	2	0	0	2	0	0.0
original_strict	ProVWX__CoxCut	UBA6821	1	1	0	0	0	1	0	0.0
original_strict	ProVWX__CoxCut	UBA7540	6	4	2	0	0	2	1	0.0
original_strict	ProVWX__CoxCut	UBA7541	18	13	5	0	0	2	2	0.0
original_strict	ProVWX__CoxCut	UBA8139	1	0	1	0	0	1	0	0.0
original_strict	ProVWX__CoxCut	UBA8190	1	1	0	0	0	1	0	0.0
original_strict	ProVWX__CoxCut	UBA8639	1	1	0	0	0	1	0	0.0
original_strict	ProVWX__CoxCut	Usitatibacteraceae	1	1	0	0	0	1	0	0.0
original_strict	ProVWX__CoxCut	VXPQ01	3	3	0	0	0	1	1	0.0
original_strict	ProVWX__CoxCut	VadinHA17	9	9	0	0	0	1	1	0.0
original_strict	ProVWX__CoxCut	Vicingaceae	2	2	0	0	0	1	0	0.0
original_strict	ProVWX__CoxCut	Villigracilaceae	3	3	0	0	0	2	0	0.0
original_strict	ProVWX__CoxCut	Vulcanimicrobiaceae	4	2	2	0	0	2	1	0.0
original_strict	ProVWX__CoxCut	WHSQ01	9	8	1	0	0	1	1	0.0
original_strict	ProVWX__CoxCut	WJLG01	1	1	0	0	0	1	0	0.0
original_strict	ProVWX__CoxCut	Woeseiaceae	1	0	1	0	0	1	0	0.0
original_strict	ProVWX__CoxCut	Xanthobacteraceae	14	0	14	0	0	3	2	0.0
original_strict	ProVWX__CoxCut	Xanthomonadaceae	5	5	0	0	0	2	1	0.0
original_strict	ProVWX__CoxCut	ZC4RG35	3	1	1	0	1	1	1	0.6666666666666666
original_strict	ProVWX__CoxCut	Zrk34	1	1	0	0	0	1	0	0.0
original_strict	EctABC__CoxCut	172606-1	2	2	0	0	0	1	0	0.0
original_strict	EctABC__CoxCut	2-12-FULL-41-12	1	1	0	0	0	1	0	0.0
original_strict	EctABC__CoxCut	2-12-FULL-66-21	5	5	0	0	0	1	1	0.0
original_strict	EctABC__CoxCut	70-9	5	4	1	0	0	3	0	0.0
original_strict	EctABC__CoxCut	AK92	1	1	0	0	0	1	0	0.0
original_strict	EctABC__CoxCut	Acidobacteriaceae	28	28	0	0	0	3	2	0.0
original_strict	EctABC__CoxCut	Actinomycetaceae	1	1	0	0	0	1	0	0.0
original_strict	EctABC__CoxCut	Actinopolymorphaceae	1	0	1	0	0	1	0	0.0
original_strict	EctABC__CoxCut	Aeolococcaceae	4	3	1	0	0	2	0	0.0
original_strict	EctABC__CoxCut	Afifellaceae	1	0	1	0	0	1	0	0.0
original_strict	EctABC__CoxCut	Akkermansiaceae	2	2	0	0	0	1	0	0.0
original_strict	EctABC__CoxCut	Alteromonadaceae	5	5	0	0	0	1	1	0.0
original_strict	EctABC__CoxCut	Anaerobacaceae	1	1	0	0	0	1	0	0.0
original_strict	EctABC__CoxCut	Aquisalimonadaceae	1	0	0	1	0	1	0	0.0
original_strict	EctABC__CoxCut	Azotimanducaceae	1	0	0	1	0	1	0	0.0
original_strict	EctABC__CoxCut	BP-101	1	0	1	0	0	1	0	0.0
original_strict	EctABC__CoxCut	BP-133	1	0	0	0	1	1	0	1.0
original_strict	EctABC__CoxCut	Balneolaceae	1	1	0	0	0	1	0	0.0
original_strict	EctABC__CoxCut	Beijerinckiaceae	7	4	3	0	0	3	1	0.0
original_strict	EctABC__CoxCut	Binataceae	6	4	2	0	0	2	1	0.0
original_strict	EctABC__CoxCut	Bog-793	4	2	2	0	0	2	1	0.0
original_strict	EctABC__CoxCut	Bog-877	3	1	2	0	0	1	1	0.0
original_strict	EctABC__CoxCut	Bryobacteraceae	19	15	4	0	0	4	2	0.0
original_strict	EctABC__CoxCut	Burkholderiaceae	22	15	7	0	0	4	2	0.0
original_strict	EctABC__CoxCut	CADCSY01	7	1	5	0	1	2	2	0.8571428571428571
original_strict	EctABC__CoxCut	CADCTF01	2	1	1	0	0	1	0	0.0
original_strict	EctABC__CoxCut	CADEER01	1	1	0	0	0	1	0	0.0
original_strict	EctABC__CoxCut	CAIQCM01	1	1	0	0	0	1	0	0.0
original_strict	EctABC__CoxCut	CALAEC01	1	1	0	0	0	1	0	0.0
original_strict	EctABC__CoxCut	CALGFH01	1	0	1	0	0	1	0	0.0
original_strict	EctABC__CoxCut	CF-121	1	0	1	0	0	1	0	0.0
original_strict	EctABC__CoxCut	CGMCC-115725	6	0	6	0	0	2	1	0.0
original_strict	EctABC__CoxCut	CSP1-4	9	6	3	0	0	3	1	0.0
original_strict	EctABC__CoxCut	CSP1-5	1	1	0	0	0	1	0	0.0
original_strict	EctABC__CoxCut	CSP1-6	2	0	2	0	0	2	0	0.0
original_strict	EctABC__CoxCut	Caulobacteraceae	11	10	0	1	0	3	2	0.0
original_strict	EctABC__CoxCut	Cellulomonadaceae	2	2	0	0	0	1	0	0.0
original_strict	EctABC__CoxCut	Cellvibrionaceae	10	2	0	8	0	1	1	0.0
original_strict	EctABC__CoxCut	Chitinophagaceae	5	5	0	0	0	2	1	0.0
original_strict	EctABC__CoxCut	Chroococcidiopsidaceae	1	1	0	0	0	1	0	0.0
original_strict	EctABC__CoxCut	Clostridiaceae	1	1	0	0	0	1	0	0.0
original_strict	EctABC__CoxCut	Coleofasciculaceae	1	1	0	0	0	1	0	0.0
original_strict	EctABC__CoxCut	Cyanobacteriaceae	1	1	0	0	0	1	0	0.0
original_strict	EctABC__CoxCut	Cyclobacteriaceae	30	30	0	0	0	2	1	0.0
original_strict	EctABC__CoxCut	Cytophagaceae	2	2	0	0	0	1	0	0.0
original_strict	EctABC__CoxCut	DAIQRJ01	1	1	0	0	0	1	0	0.0
original_strict	EctABC__CoxCut	DASVNK01	2	2	0	0	0	1	0	0.0
original_strict	EctABC__CoxCut	DASZGP01	1	0	1	0	0	1	0	0.0
original_strict	EctABC__CoxCut	DATFVB01	1	1	0	0	0	1	0	0.0
original_strict	EctABC__CoxCut	DATLYR01	1	1	0	0	0	1	0	0.0
original_strict	EctABC__CoxCut	Dermatophilaceae	2	0	2	0	0	1	0	0.0
original_strict	EctABC__CoxCut	Desulfitobacteriaceae	2	1	1	0	0	2	0	0.0
original_strict	EctABC__CoxCut	Dormibacteraceae	8	1	7	0	0	2	1	0.0
original_strict	EctABC__CoxCut	Egibacteraceae	11	8	3	0	0	4	1	0.0
original_strict	EctABC__CoxCut	Enterobacteriaceae	1	1	0	0	0	1	0	0.0
original_strict	EctABC__CoxCut	Eubacteriaceae	2	2	0	0	0	1	0	0.0
original_strict	EctABC__CoxCut	FEN-979	3	3	0	0	0	2	0	0.0
original_strict	EctABC__CoxCut	Fen-1088	2	2	0	0	0	1	0	0.0
original_strict	EctABC__CoxCut	Flavobacteriaceae	18	18	0	0	0	3	1	0.0
original_strict	EctABC__CoxCut	GCA-2861595	1	0	0	1	0	1	0	0.0
original_strict	EctABC__CoxCut	GWC2-71-9	2	2	0	0	0	2	0	0.0
original_strict	EctABC__CoxCut	Gaiellaceae	10	5	5	0	0	3	1	0.0
original_strict	EctABC__CoxCut	Gallionellaceae	4	4	0	0	0	1	1	0.0
original_strict	EctABC__CoxCut	Gemmataceae	1	1	0	0	0	1	0	0.0
original_strict	EctABC__CoxCut	Gemmatimonadaceae	15	15	0	0	0	3	2	0.0
original_strict	EctABC__CoxCut	Gp1-AA117	1	0	1	0	0	1	0	0.0
original_strict	EctABC__CoxCut	Gp7-AA6	1	0	1	0	0	1	0	0.0
original_strict	EctABC__CoxCut	Gp7-AA8	6	5	1	0	0	2	1	0.0
original_strict	EctABC__CoxCut	HRBIN12	1	1	0	0	0	1	0	0.0
original_strict	EctABC__CoxCut	Haliangiaceae	3	1	0	2	0	1	1	0.0
original_strict	EctABC__CoxCut	Halieaceae	1	0	0	1	0	1	0	0.0
original_strict	EctABC__CoxCut	Holophagaceae	1	1	0	0	0	1	0	0.0
original_strict	EctABC__CoxCut	Hymenobacteraceae	3	3	0	0	0	1	1	0.0
original_strict	EctABC__CoxCut	Hyphomonadaceae	1	0	0	1	0	1	0	0.0
original_strict	EctABC__CoxCut	Ilumatobacteraceae	2	0	2	0	0	1	0	0.0
original_strict	EctABC__CoxCut	JAATET01	1	1	0	0	0	1	0	0.0
original_strict	EctABC__CoxCut	JACCUZ01	1	0	1	0	0	1	0	0.0
original_strict	EctABC__CoxCut	JACCXJ01	1	1	0	0	0	1	0	0.0
original_strict	EctABC__CoxCut	JACCXN01	1	1	0	0	0	1	0	0.0
original_strict	EctABC__CoxCut	JACDCH01	4	0	2	1	1	2	1	1.5
original_strict	EctABC__CoxCut	JACPCJ01	1	0	0	1	0	1	0	0.0
original_strict	EctABC__CoxCut	JACPNS01	1	1	0	0	0	1	0	0.0
original_strict	EctABC__CoxCut	JACQAP01	1	1	0	0	0	1	0	0.0
original_strict	EctABC__CoxCut	JADGOU01	1	1	0	0	0	1	0	0.0
original_strict	EctABC__CoxCut	JAFGIB01	1	0	0	1	0	1	0	0.0
original_strict	EctABC__CoxCut	JAGDMS01	1	0	1	0	0	1	0	0.0
original_strict	EctABC__CoxCut	JAHDFW01	1	1	0	0	0	1	0	0.0
original_strict	EctABC__CoxCut	JAHFRG01	1	1	0	0	0	1	0	0.0
original_strict	EctABC__CoxCut	JAHWKK01	2	2	0	0	0	1	0	0.0
original_strict	EctABC__CoxCut	JAHWKV01	1	1	0	0	0	1	0	0.0
original_strict	EctABC__CoxCut	JAHWLA01	1	0	1	0	0	1	0	0.0
original_strict	EctABC__CoxCut	JAJPGV01	1	0	1	0	0	1	0	0.0
original_strict	EctABC__CoxCut	JAJUFS01	1	0	0	1	0	1	0	0.0
original_strict	EctABC__CoxCut	JAKDMP01	3	1	0	2	0	1	1	0.0
original_strict	EctABC__CoxCut	JAKFFM01	1	1	0	0	0	1	0	0.0
original_strict	EctABC__CoxCut	JALYNB01	1	1	0	0	0	1	0	0.0
original_strict	EctABC__CoxCut	JAQGHD01	1	1	0	0	0	1	0	0.0
original_strict	EctABC__CoxCut	JAUJNH01	1	1	0	0	0	1	0	0.0
original_strict	EctABC__CoxCut	JBBSGY01	1	1	0	0	0	1	0	0.0
original_strict	EctABC__CoxCut	Jatrophihabitantaceae	1	0	1	0	0	1	0	0.0
original_strict	EctABC__CoxCut	Jiangellaceae	2	1	1	0	0	1	0	0.0
original_strict	EctABC__CoxCut	Kallotenuaceae	2	1	1	0	0	1	0	0.0
original_strict	EctABC__CoxCut	Kangiellaceae	1	1	0	0	0	1	0	0.0
original_strict	EctABC__CoxCut	Korobacteraceae	4	4	0	0	0	2	1	0.0
original_strict	EctABC__CoxCut	Kribbellaceae	1	1	0	0	0	1	0	0.0
original_strict	EctABC__CoxCut	Longimicrobiaceae	7	5	2	0	0	2	1	0.0
original_strict	EctABC__CoxCut	Maricaulaceae	1	0	0	1	0	1	0	0.0
original_strict	EctABC__CoxCut	Methyloligellaceae	2	2	0	0	0	2	0	0.0
original_strict	EctABC__CoxCut	Methylophagaceae	1	0	0	1	0	1	0	0.0
original_strict	EctABC__CoxCut	Methylophilaceae	1	1	0	0	0	1	0	0.0
original_strict	EctABC__CoxCut	Microbacteriaceae	7	4	3	0	0	3	1	0.0
original_strict	EctABC__CoxCut	Micrococcaceae	4	0	3	1	0	1	1	0.75
original_strict	EctABC__CoxCut	Microcoleaceae	1	1	0	0	0	1	0	0.0
original_strict	EctABC__CoxCut	Micromonosporaceae	1	1	0	0	0	1	0	0.0
original_strict	EctABC__CoxCut	Micropepsaceae	3	2	1	0	0	2	0	0.0
original_strict	EctABC__CoxCut	Miltoncostaeaceae	1	0	1	0	0	1	0	0.0
original_strict	EctABC__CoxCut	Moraxellaceae	2	2	0	0	0	2	0	0.0
original_strict	EctABC__CoxCut	Mycobacteriaceae	6	2	0	1	3	2	1	2.0
original_strict	EctABC__CoxCut	Nakamurellaceae	1	0	1	0	0	1	0	0.0
original_strict	EctABC__CoxCut	Nanopelagicaceae	1	1	0	0	0	1	0	0.0
original_strict	EctABC__CoxCut	Nevskiaceae	3	3	0	0	0	1	1	0.0
original_strict	EctABC__CoxCut	Nitriliruptoraceae	4	1	0	2	1	2	1	0.75
original_strict	EctABC__CoxCut	Nitrococcaceae	1	0	0	1	0	1	0	0.0
original_strict	EctABC__CoxCut	Nitrosomonadaceae	1	1	0	0	0	1	0	0.0
original_strict	EctABC__CoxCut	Nitrospiraceae	3	3	0	0	0	2	0	0.0
original_strict	EctABC__CoxCut	Nocardioidaceae	8	0	6	0	2	3	1	2.0
original_strict	EctABC__CoxCut	Oleiphilaceae	2	1	0	1	0	1	0	0.0
original_strict	EctABC__CoxCut	Opitutaceae	5	5	0	0	0	2	1	0.0
original_strict	EctABC__CoxCut	Oscillospiraceae	1	1	0	0	0	1	0	0.0
original_strict	EctABC__CoxCut	P2-11E	1	1	0	0	0	1	0	0.0
original_strict	EctABC__CoxCut	PALSA-610	2	0	2	0	0	1	0	0.0
original_strict	EctABC__CoxCut	PJQJ01	1	1	0	0	0	1	0	0.0
original_strict	EctABC__CoxCut	Palsa-1400	3	3	0	0	0	1	1	0.0
original_strict	EctABC__CoxCut	Palsa-1439	3	3	0	0	0	2	0	0.0
original_strict	EctABC__CoxCut	Palsa-688	2	1	1	0	0	2	0	0.0
original_strict	EctABC__CoxCut	Paludibacteraceae	2	2	0	0	0	1	0	0.0
original_strict	EctABC__CoxCut	Parvularculaceae	1	1	0	0	0	1	0	0.0
original_strict	EctABC__CoxCut	Phormidesmidaceae	1	1	0	0	0	1	0	0.0
original_strict	EctABC__CoxCut	Phycisphaeraceae	3	2	1	0	0	2	0	0.0
original_strict	EctABC__CoxCut	Pirellulaceae	3	2	0	1	0	1	1	0.0
original_strict	EctABC__CoxCut	Planctomycetaceae	4	3	0	1	0	3	0	0.0
original_strict	EctABC__CoxCut	Polyangiaceae	4	3	0	1	0	3	0	0.0
original_strict	EctABC__CoxCut	Porticoccaceae	1	0	0	1	0	1	0	0.0
original_strict	EctABC__CoxCut	Prolixibacteraceae	4	4	0	0	0	1	1	0.0
original_strict	EctABC__CoxCut	Propionibacteriaceae	3	3	0	0	0	2	0	0.0
original_strict	EctABC__CoxCut	Pseudanabaenaceae	2	2	0	0	0	1	0	0.0
original_strict	EctABC__CoxCut	Pseudohongiellaceae	2	1	0	1	0	1	0	0.0
original_strict	EctABC__CoxCut	Pseudomonadaceae	8	7	1	0	0	3	1	0.0
original_strict	EctABC__CoxCut	Pseudonocardiaceae	13	1	4	1	7	2	2	6.769230769230769
original_strict	EctABC__CoxCut	Pyrinomonadaceae	8	4	4	0	0	3	2	0.0
original_strict	EctABC__CoxCut	QHBO01	1	1	0	0	0	1	0	0.0
original_strict	EctABC__CoxCut	QS-5-54-17	1	1	0	0	0	1	0	0.0
original_strict	EctABC__CoxCut	RAAP-2	19	13	6	0	0	3	3	0.0
original_strict	EctABC__CoxCut	REEB76	2	2	0	0	0	1	0	0.0
original_strict	EctABC__CoxCut	RSA9	5	5	0	0	0	2	1	0.0
original_strict	EctABC__CoxCut	Rhizobiaceae	1	0	1	0	0	1	0	0.0
original_strict	EctABC__CoxCut	Rhodanobacteraceae	4	4	0	0	0	2	1	0.0
original_strict	EctABC__CoxCut	Rhodocyclaceae	1	1	0	0	0	1	0	0.0
original_strict	EctABC__CoxCut	Rubidibacteraceae	3	3	0	0	0	2	0	0.0
original_strict	EctABC__CoxCut	Rubrobacteraceae	5	0	5	0	0	2	1	0.0
original_strict	EctABC__CoxCut	SCQP01	6	6	0	0	0	1	1	0.0
original_strict	EctABC__CoxCut	SCTD01	2	1	1	0	0	1	0	0.0
original_strict	EctABC__CoxCut	SG8-39	4	0	4	0	0	3	0	0.0
original_strict	EctABC__CoxCut	SG8-41	2	0	1	0	1	2	0	1.0
original_strict	EctABC__CoxCut	SKKL01	1	0	0	0	1	1	0	1.0
original_strict	EctABC__CoxCut	SW-4-49-11	1	1	0	0	0	1	0	0.0
original_strict	EctABC__CoxCut	SW-6-46-9	1	1	0	0	0	1	0	0.0
original_strict	EctABC__CoxCut	SZUA-35	1	0	1	0	0	1	0	0.0
original_strict	EctABC__CoxCut	SZUA-36	2	2	0	0	0	1	0	0.0
original_strict	EctABC__CoxCut	Salinibacteraceae	2	2	0	0	0	2	0	0.0
original_strict	EctABC__CoxCut	Salinisphaeraceae	2	0	0	2	0	1	0	0.0
original_strict	EctABC__CoxCut	SbA1	15	10	5	0	0	3	2	0.0
original_strict	EctABC__CoxCut	Smithellaceae	3	3	0	0	0	2	0	0.0
original_strict	EctABC__CoxCut	Solirubrobacteraceae	20	11	9	0	0	5	4	0.0
original_strict	EctABC__CoxCut	Sphingobacteriaceae	2	2	0	0	0	2	0	0.0
original_strict	EctABC__CoxCut	Sphingomonadaceae	13	12	1	0	0	3	2	0.0
original_strict	EctABC__CoxCut	Spirosomataceae	1	1	0	0	0	1	0	0.0
original_strict	EctABC__CoxCut	Spongiibacteraceae	1	0	0	1	0	1	0	0.0
original_strict	EctABC__CoxCut	Steroidobacteraceae	13	10	3	0	0	3	2	0.0
original_strict	EctABC__CoxCut	Streptosporangiaceae	5	0	4	0	1	3	0	1.0
original_strict	EctABC__CoxCut	Sulfuricellaceae	1	1	0	0	0	1	0	0.0
original_strict	EctABC__CoxCut	Sulfuriferulaceae	1	1	0	0	0	1	0	0.0
original_strict	EctABC__CoxCut	T3Sed10-336	6	6	0	0	0	1	1	0.0
original_strict	EctABC__CoxCut	Tepidisphaeraceae	5	5	0	0	0	2	1	0.0
original_strict	EctABC__CoxCut	Thermacetogeniaceae	1	1	0	0	0	1	0	0.0
original_strict	EctABC__CoxCut	Thermoanaerobaculaceae	1	1	0	0	0	1	0	0.0
original_strict	EctABC__CoxCut	Thermobaculaceae	1	0	1	0	0	1	0	0.0
original_strict	EctABC__CoxCut	Thermoguttaceae	1	1	0	0	0	1	0	0.0
original_strict	EctABC__CoxCut	Thermoleophilaceae	5	3	2	0	0	2	1	0.0
original_strict	EctABC__CoxCut	Thermosynechococcaceae	3	3	0	0	0	2	0	0.0
original_strict	EctABC__CoxCut	Trueperaceae	3	2	1	0	0	2	0	0.0
original_strict	EctABC__CoxCut	UBA10450	6	6	0	0	0	2	1	0.0
original_strict	EctABC__CoxCut	UBA11358	10	10	0	0	0	3	2	0.0
original_strict	EctABC__CoxCut	UBA1147	1	1	0	0	0	1	0	0.0
original_strict	EctABC__CoxCut	UBA1402	1	1	0	0	0	1	0	0.0
original_strict	EctABC__CoxCut	UBA1547	2	2	0	0	0	1	0	0.0
original_strict	EctABC__CoxCut	UBA1924	4	4	0	0	0	2	0	0.0
original_strict	EctABC__CoxCut	UBA2023	1	1	0	0	0	1	0	0.0
original_strict	EctABC__CoxCut	UBA2199	1	1	0	0	0	1	0	0.0
original_strict	EctABC__CoxCut	UBA2241	4	4	0	0	0	2	1	0.0
original_strict	EctABC__CoxCut	UBA2999	4	2	2	0	0	2	1	0.0
original_strict	EctABC__CoxCut	UBA3067	1	0	0	1	0	1	0	0.0
original_strict	EctABC__CoxCut	UBA4665	6	6	0	0	0	4	0	0.0
original_strict	EctABC__CoxCut	UBA4738	1	0	1	0	0	1	0	0.0
original_strict	EctABC__CoxCut	UBA5066	6	6	0	0	0	1	1	0.0
original_strict	EctABC__CoxCut	UBA6077	1	1	0	0	0	1	0	0.0
original_strict	EctABC__CoxCut	UBA6265	2	0	2	0	0	2	0	0.0
original_strict	EctABC__CoxCut	UBA6821	1	1	0	0	0	1	0	0.0
original_strict	EctABC__CoxCut	UBA7540	6	4	2	0	0	2	1	0.0
original_strict	EctABC__CoxCut	UBA7541	18	13	5	0	0	2	2	0.0
original_strict	EctABC__CoxCut	UBA8139	1	0	1	0	0	1	0	0.0
original_strict	EctABC__CoxCut	UBA8190	1	1	0	0	0	1	0	0.0
original_strict	EctABC__CoxCut	UBA8639	1	1	0	0	0	1	0	0.0
original_strict	EctABC__CoxCut	Usitatibacteraceae	1	1	0	0	0	1	0	0.0
original_strict	EctABC__CoxCut	VXPQ01	3	3	0	0	0	1	1	0.0
original_strict	EctABC__CoxCut	VadinHA17	9	9	0	0	0	1	1	0.0
original_strict	EctABC__CoxCut	Vicingaceae	2	2	0	0	0	1	0	0.0
original_strict	EctABC__CoxCut	Villigracilaceae	3	3	0	0	0	2	0	0.0
original_strict	EctABC__CoxCut	Vulcanimicrobiaceae	4	2	2	0	0	2	1	0.0
original_strict	EctABC__CoxCut	WHSQ01	9	8	1	0	0	1	1	0.0
original_strict	EctABC__CoxCut	WJLG01	1	1	0	0	0	1	0	0.0
original_strict	EctABC__CoxCut	Woeseiaceae	1	0	0	0	1	1	0	1.0
original_strict	EctABC__CoxCut	Xanthobacteraceae	14	0	14	0	0	3	2	0.0
original_strict	EctABC__CoxCut	Xanthomonadaceae	5	5	0	0	0	2	1	0.0
original_strict	EctABC__CoxCut	ZC4RG35	3	1	2	0	0	1	1	0.0
original_strict	EctABC__CoxCut	Zrk34	1	1	0	0	0	1	0	0.0
original_strict	BetAB__CoxCut	172606-1	2	2	0	0	0	1	0	0.0
original_strict	BetAB__CoxCut	2-12-FULL-41-12	1	1	0	0	0	1	0	0.0
original_strict	BetAB__CoxCut	2-12-FULL-66-21	5	5	0	0	0	1	1	0.0
original_strict	BetAB__CoxCut	70-9	5	4	1	0	0	3	0	0.0
original_strict	BetAB__CoxCut	AK92	1	1	0	0	0	1	0	0.0
original_strict	BetAB__CoxCut	Acidobacteriaceae	28	28	0	0	0	3	2	0.0
original_strict	BetAB__CoxCut	Actinomycetaceae	1	1	0	0	0	1	0	0.0
original_strict	BetAB__CoxCut	Actinopolymorphaceae	1	0	1	0	0	1	0	0.0
original_strict	BetAB__CoxCut	Aeolococcaceae	4	3	1	0	0	2	0	0.0
original_strict	BetAB__CoxCut	Afifellaceae	1	0	1	0	0	1	0	0.0
original_strict	BetAB__CoxCut	Akkermansiaceae	2	2	0	0	0	1	0	0.0
original_strict	BetAB__CoxCut	Alteromonadaceae	5	4	0	1	0	1	1	0.0
original_strict	BetAB__CoxCut	Anaerobacaceae	1	1	0	0	0	1	0	0.0
original_strict	BetAB__CoxCut	Aquisalimonadaceae	1	1	0	0	0	1	0	0.0
original_strict	BetAB__CoxCut	Azotimanducaceae	1	1	0	0	0	1	0	0.0
original_strict	BetAB__CoxCut	BP-101	1	0	1	0	0	1	0	0.0
original_strict	BetAB__CoxCut	BP-133	1	0	1	0	0	1	0	0.0
original_strict	BetAB__CoxCut	Balneolaceae	1	1	0	0	0	1	0	0.0
original_strict	BetAB__CoxCut	Beijerinckiaceae	7	4	3	0	0	3	1	0.0
original_strict	BetAB__CoxCut	Binataceae	6	4	2	0	0	2	1	0.0
original_strict	BetAB__CoxCut	Bog-793	4	2	2	0	0	2	1	0.0
original_strict	BetAB__CoxCut	Bog-877	3	1	2	0	0	1	1	0.0
original_strict	BetAB__CoxCut	Bryobacteraceae	19	15	4	0	0	4	2	0.0
original_strict	BetAB__CoxCut	Burkholderiaceae	22	14	7	1	0	4	2	0.3181818181818182
original_strict	BetAB__CoxCut	CADCSY01	7	1	6	0	0	2	2	0.0
original_strict	BetAB__CoxCut	CADCTF01	2	1	1	0	0	1	0	0.0
original_strict	BetAB__CoxCut	CADEER01	1	1	0	0	0	1	0	0.0
original_strict	BetAB__CoxCut	CAIQCM01	1	1	0	0	0	1	0	0.0
original_strict	BetAB__CoxCut	CALAEC01	1	1	0	0	0	1	0	0.0
original_strict	BetAB__CoxCut	CALGFH01	1	0	1	0	0	1	0	0.0
original_strict	BetAB__CoxCut	CF-121	1	0	1	0	0	1	0	0.0
original_strict	BetAB__CoxCut	CGMCC-115725	6	0	6	0	0	2	1	0.0
original_strict	BetAB__CoxCut	CSP1-4	9	6	0	0	3	3	1	1.0
original_strict	BetAB__CoxCut	CSP1-5	1	1	0	0	0	1	0	0.0
original_strict	BetAB__CoxCut	CSP1-6	2	0	2	0	0	2	0	0.0
original_strict	BetAB__CoxCut	Caulobacteraceae	11	11	0	0	0	3	2	0.0
original_strict	BetAB__CoxCut	Cellulomonadaceae	2	1	0	1	0	1	0	0.0
original_strict	BetAB__CoxCut	Cellvibrionaceae	10	9	0	1	0	1	1	0.0
original_strict	BetAB__CoxCut	Chitinophagaceae	5	5	0	0	0	2	1	0.0
original_strict	BetAB__CoxCut	Chroococcidiopsidaceae	1	1	0	0	0	1	0	0.0
original_strict	BetAB__CoxCut	Clostridiaceae	1	1	0	0	0	1	0	0.0
original_strict	BetAB__CoxCut	Coleofasciculaceae	1	1	0	0	0	1	0	0.0
original_strict	BetAB__CoxCut	Cyanobacteriaceae	1	1	0	0	0	1	0	0.0
original_strict	BetAB__CoxCut	Cyclobacteriaceae	30	30	0	0	0	2	1	0.0
original_strict	BetAB__CoxCut	Cytophagaceae	2	2	0	0	0	1	0	0.0
original_strict	BetAB__CoxCut	DAIQRJ01	1	1	0	0	0	1	0	0.0
original_strict	BetAB__CoxCut	DASVNK01	2	2	0	0	0	1	0	0.0
original_strict	BetAB__CoxCut	DASZGP01	1	0	1	0	0	1	0	0.0
original_strict	BetAB__CoxCut	DATFVB01	1	1	0	0	0	1	0	0.0
original_strict	BetAB__CoxCut	DATLYR01	1	1	0	0	0	1	0	0.0
original_strict	BetAB__CoxCut	Dermatophilaceae	2	0	2	0	0	1	0	0.0
original_strict	BetAB__CoxCut	Desulfitobacteriaceae	2	1	1	0	0	2	0	0.0
original_strict	BetAB__CoxCut	Dormibacteraceae	8	1	7	0	0	2	1	0.0
original_strict	BetAB__CoxCut	Egibacteraceae	11	8	3	0	0	4	1	0.0
original_strict	BetAB__CoxCut	Enterobacteriaceae	1	0	0	1	0	1	0	0.0
original_strict	BetAB__CoxCut	Eubacteriaceae	2	2	0	0	0	1	0	0.0
original_strict	BetAB__CoxCut	FEN-979	3	3	0	0	0	2	0	0.0
original_strict	BetAB__CoxCut	Fen-1088	2	2	0	0	0	1	0	0.0
original_strict	BetAB__CoxCut	Flavobacteriaceae	18	18	0	0	0	3	1	0.0
original_strict	BetAB__CoxCut	GCA-2861595	1	1	0	0	0	1	0	0.0
original_strict	BetAB__CoxCut	GWC2-71-9	2	2	0	0	0	2	0	0.0
original_strict	BetAB__CoxCut	Gaiellaceae	10	5	5	0	0	3	1	0.0
original_strict	BetAB__CoxCut	Gallionellaceae	4	4	0	0	0	1	1	0.0
original_strict	BetAB__CoxCut	Gemmataceae	1	1	0	0	0	1	0	0.0
original_strict	BetAB__CoxCut	Gemmatimonadaceae	15	15	0	0	0	3	2	0.0
original_strict	BetAB__CoxCut	Gp1-AA117	1	0	0	0	1	1	0	1.0
original_strict	BetAB__CoxCut	Gp7-AA6	1	0	1	0	0	1	0	0.0
original_strict	BetAB__CoxCut	Gp7-AA8	6	5	1	0	0	2	1	0.0
original_strict	BetAB__CoxCut	HRBIN12	1	1	0	0	0	1	0	0.0
original_strict	BetAB__CoxCut	Haliangiaceae	3	3	0	0	0	1	1	0.0
original_strict	BetAB__CoxCut	Halieaceae	1	1	0	0	0	1	0	0.0
original_strict	BetAB__CoxCut	Holophagaceae	1	1	0	0	0	1	0	0.0
original_strict	BetAB__CoxCut	Hymenobacteraceae	3	3	0	0	0	1	1	0.0
original_strict	BetAB__CoxCut	Hyphomonadaceae	1	1	0	0	0	1	0	0.0
original_strict	BetAB__CoxCut	Ilumatobacteraceae	2	0	2	0	0	1	0	0.0
original_strict	BetAB__CoxCut	JAATET01	1	1	0	0	0	1	0	0.0
original_strict	BetAB__CoxCut	JACCUZ01	1	0	1	0	0	1	0	0.0
original_strict	BetAB__CoxCut	JACCXJ01	1	1	0	0	0	1	0	0.0
original_strict	BetAB__CoxCut	JACCXN01	1	1	0	0	0	1	0	0.0
original_strict	BetAB__CoxCut	JACDCH01	4	1	3	0	0	2	1	0.0
original_strict	BetAB__CoxCut	JACPCJ01	1	1	0	0	0	1	0	0.0
original_strict	BetAB__CoxCut	JACPNS01	1	1	0	0	0	1	0	0.0
original_strict	BetAB__CoxCut	JACQAP01	1	1	0	0	0	1	0	0.0
original_strict	BetAB__CoxCut	JADGOU01	1	1	0	0	0	1	0	0.0
original_strict	BetAB__CoxCut	JAFGIB01	1	1	0	0	0	1	0	0.0
original_strict	BetAB__CoxCut	JAGDMS01	1	0	1	0	0	1	0	0.0
original_strict	BetAB__CoxCut	JAHDFW01	1	1	0	0	0	1	0	0.0
original_strict	BetAB__CoxCut	JAHFRG01	1	1	0	0	0	1	0	0.0
original_strict	BetAB__CoxCut	JAHWKK01	2	2	0	0	0	1	0	0.0
original_strict	BetAB__CoxCut	JAHWKV01	1	1	0	0	0	1	0	0.0
original_strict	BetAB__CoxCut	JAHWLA01	1	0	1	0	0	1	0	0.0
original_strict	BetAB__CoxCut	JAJPGV01	1	0	1	0	0	1	0	0.0
original_strict	BetAB__CoxCut	JAJUFS01	1	1	0	0	0	1	0	0.0
original_strict	BetAB__CoxCut	JAKDMP01	3	3	0	0	0	1	1	0.0
original_strict	BetAB__CoxCut	JAKFFM01	1	1	0	0	0	1	0	0.0
original_strict	BetAB__CoxCut	JALYNB01	1	1	0	0	0	1	0	0.0
original_strict	BetAB__CoxCut	JAQGHD01	1	1	0	0	0	1	0	0.0
original_strict	BetAB__CoxCut	JAUJNH01	1	1	0	0	0	1	0	0.0
original_strict	BetAB__CoxCut	JBBSGY01	1	1	0	0	0	1	0	0.0
original_strict	BetAB__CoxCut	Jatrophihabitantaceae	1	0	1	0	0	1	0	0.0
original_strict	BetAB__CoxCut	Jiangellaceae	2	1	1	0	0	1	0	0.0
original_strict	BetAB__CoxCut	Kallotenuaceae	2	1	1	0	0	1	0	0.0
original_strict	BetAB__CoxCut	Kangiellaceae	1	1	0	0	0	1	0	0.0
original_strict	BetAB__CoxCut	Korobacteraceae	4	4	0	0	0	2	1	0.0
original_strict	BetAB__CoxCut	Kribbellaceae	1	1	0	0	0	1	0	0.0
original_strict	BetAB__CoxCut	Longimicrobiaceae	7	5	2	0	0	2	1	0.0
original_strict	BetAB__CoxCut	Maricaulaceae	1	1	0	0	0	1	0	0.0
original_strict	BetAB__CoxCut	Methyloligellaceae	2	2	0	0	0	2	0	0.0
original_strict	BetAB__CoxCut	Methylophagaceae	1	1	0	0	0	1	0	0.0
original_strict	BetAB__CoxCut	Methylophilaceae	1	1	0	0	0	1	0	0.0
original_strict	BetAB__CoxCut	Microbacteriaceae	7	4	3	0	0	3	1	0.0
original_strict	BetAB__CoxCut	Micrococcaceae	4	0	2	1	1	1	1	1.5
original_strict	BetAB__CoxCut	Microcoleaceae	1	1	0	0	0	1	0	0.0
original_strict	BetAB__CoxCut	Micromonosporaceae	1	1	0	0	0	1	0	0.0
original_strict	BetAB__CoxCut	Micropepsaceae	3	2	1	0	0	2	0	0.0
original_strict	BetAB__CoxCut	Miltoncostaeaceae	1	0	1	0	0	1	0	0.0
original_strict	BetAB__CoxCut	Moraxellaceae	2	2	0	0	0	2	0	0.0
original_strict	BetAB__CoxCut	Mycobacteriaceae	6	3	3	0	0	2	1	0.0
original_strict	BetAB__CoxCut	Nakamurellaceae	1	0	1	0	0	1	0	0.0
original_strict	BetAB__CoxCut	Nanopelagicaceae	1	1	0	0	0	1	0	0.0
original_strict	BetAB__CoxCut	Nevskiaceae	3	3	0	0	0	1	1	0.0
original_strict	BetAB__CoxCut	Nitriliruptoraceae	4	2	1	1	0	2	1	0.25
original_strict	BetAB__CoxCut	Nitrococcaceae	1	0	0	1	0	1	0	0.0
original_strict	BetAB__CoxCut	Nitrosomonadaceae	1	1	0	0	0	1	0	0.0
original_strict	BetAB__CoxCut	Nitrospiraceae	3	3	0	0	0	2	0	0.0
original_strict	BetAB__CoxCut	Nocardioidaceae	8	0	6	0	2	3	1	2.0
original_strict	BetAB__CoxCut	Oleiphilaceae	2	1	0	1	0	1	0	0.0
original_strict	BetAB__CoxCut	Opitutaceae	5	5	0	0	0	2	1	0.0
original_strict	BetAB__CoxCut	Oscillospiraceae	1	1	0	0	0	1	0	0.0
original_strict	BetAB__CoxCut	P2-11E	1	1	0	0	0	1	0	0.0
original_strict	BetAB__CoxCut	PALSA-610	2	0	2	0	0	1	0	0.0
original_strict	BetAB__CoxCut	PJQJ01	1	1	0	0	0	1	0	0.0
original_strict	BetAB__CoxCut	Palsa-1400	3	3	0	0	0	1	1	0.0
original_strict	BetAB__CoxCut	Palsa-1439	3	3	0	0	0	2	0	0.0
original_strict	BetAB__CoxCut	Palsa-688	2	1	1	0	0	2	0	0.0
original_strict	BetAB__CoxCut	Paludibacteraceae	2	2	0	0	0	1	0	0.0
original_strict	BetAB__CoxCut	Parvularculaceae	1	1	0	0	0	1	0	0.0
original_strict	BetAB__CoxCut	Phormidesmidaceae	1	1	0	0	0	1	0	0.0
original_strict	BetAB__CoxCut	Phycisphaeraceae	3	2	1	0	0	2	0	0.0
original_strict	BetAB__CoxCut	Pirellulaceae	3	3	0	0	0	1	1	0.0
original_strict	BetAB__CoxCut	Planctomycetaceae	4	4	0	0	0	3	0	0.0
original_strict	BetAB__CoxCut	Polyangiaceae	4	4	0	0	0	3	0	0.0
original_strict	BetAB__CoxCut	Porticoccaceae	1	1	0	0	0	1	0	0.0
original_strict	BetAB__CoxCut	Prolixibacteraceae	4	4	0	0	0	1	1	0.0
original_strict	BetAB__CoxCut	Propionibacteriaceae	3	3	0	0	0	2	0	0.0
original_strict	BetAB__CoxCut	Pseudanabaenaceae	2	2	0	0	0	1	0	0.0
original_strict	BetAB__CoxCut	Pseudohongiellaceae	2	2	0	0	0	1	0	0.0
original_strict	BetAB__CoxCut	Pseudomonadaceae	8	1	0	6	1	3	1	0.875
original_strict	BetAB__CoxCut	Pseudonocardiaceae	13	2	8	0	3	2	2	2.5384615384615383
original_strict	BetAB__CoxCut	Pyrinomonadaceae	8	4	4	0	0	3	2	0.0
original_strict	BetAB__CoxCut	QHBO01	1	1	0	0	0	1	0	0.0
original_strict	BetAB__CoxCut	QS-5-54-17	1	1	0	0	0	1	0	0.0
original_strict	BetAB__CoxCut	RAAP-2	19	13	6	0	0	3	3	0.0
original_strict	BetAB__CoxCut	REEB76	2	2	0	0	0	1	0	0.0
original_strict	BetAB__CoxCut	RSA9	5	5	0	0	0	2	1	0.0
original_strict	BetAB__CoxCut	Rhizobiaceae	1	0	0	0	1	1	0	1.0
original_strict	BetAB__CoxCut	Rhodanobacteraceae	4	4	0	0	0	2	1	0.0
original_strict	BetAB__CoxCut	Rhodocyclaceae	1	1	0	0	0	1	0	0.0
original_strict	BetAB__CoxCut	Rubidibacteraceae	3	3	0	0	0	2	0	0.0
original_strict	BetAB__CoxCut	Rubrobacteraceae	5	0	5	0	0	2	1	0.0
original_strict	BetAB__CoxCut	SCQP01	6	6	0	0	0	1	1	0.0
original_strict	BetAB__CoxCut	SCTD01	2	1	1	0	0	1	0	0.0
original_strict	BetAB__CoxCut	SG8-39	4	0	4	0	0	3	0	0.0
original_strict	BetAB__CoxCut	SG8-41	2	0	2	0	0	2	0	0.0
original_strict	BetAB__CoxCut	SKKL01	1	0	1	0	0	1	0	0.0
original_strict	BetAB__CoxCut	SW-4-49-11	1	1	0	0	0	1	0	0.0
original_strict	BetAB__CoxCut	SW-6-46-9	1	1	0	0	0	1	0	0.0
original_strict	BetAB__CoxCut	SZUA-35	1	0	1	0	0	1	0	0.0
original_strict	BetAB__CoxCut	SZUA-36	2	2	0	0	0	1	0	0.0
original_strict	BetAB__CoxCut	Salinibacteraceae	2	2	0	0	0	2	0	0.0
original_strict	BetAB__CoxCut	Salinisphaeraceae	2	1	0	1	0	1	0	0.0
original_strict	BetAB__CoxCut	SbA1	15	10	5	0	0	3	2	0.0
original_strict	BetAB__CoxCut	Smithellaceae	3	3	0	0	0	2	0	0.0
original_strict	BetAB__CoxCut	Solirubrobacteraceae	20	11	9	0	0	5	4	0.0
original_strict	BetAB__CoxCut	Sphingobacteriaceae	2	2	0	0	0	2	0	0.0
original_strict	BetAB__CoxCut	Sphingomonadaceae	13	12	1	0	0	3	2	0.0
original_strict	BetAB__CoxCut	Spirosomataceae	1	1	0	0	0	1	0	0.0
original_strict	BetAB__CoxCut	Spongiibacteraceae	1	1	0	0	0	1	0	0.0
original_strict	BetAB__CoxCut	Steroidobacteraceae	13	3	1	7	2	3	2	2.076923076923077
original_strict	BetAB__CoxCut	Streptosporangiaceae	5	0	5	0	0	3	0	0.0
original_strict	BetAB__CoxCut	Sulfuricellaceae	1	1	0	0	0	1	0	0.0
original_strict	BetAB__CoxCut	Sulfuriferulaceae	1	1	0	0	0	1	0	0.0
original_strict	BetAB__CoxCut	T3Sed10-336	6	6	0	0	0	1	1	0.0
original_strict	BetAB__CoxCut	Tepidisphaeraceae	5	5	0	0	0	2	1	0.0
original_strict	BetAB__CoxCut	Thermacetogeniaceae	1	1	0	0	0	1	0	0.0
original_strict	BetAB__CoxCut	Thermoanaerobaculaceae	1	1	0	0	0	1	0	0.0
original_strict	BetAB__CoxCut	Thermobaculaceae	1	0	1	0	0	1	0	0.0
original_strict	BetAB__CoxCut	Thermoguttaceae	1	1	0	0	0	1	0	0.0
original_strict	BetAB__CoxCut	Thermoleophilaceae	5	3	2	0	0	2	1	0.0
original_strict	BetAB__CoxCut	Thermosynechococcaceae	3	3	0	0	0	2	0	0.0
original_strict	BetAB__CoxCut	Trueperaceae	3	2	1	0	0	2	0	0.0
original_strict	BetAB__CoxCut	UBA10450	6	6	0	0	0	2	1	0.0
original_strict	BetAB__CoxCut	UBA11358	10	10	0	0	0	3	2	0.0
original_strict	BetAB__CoxCut	UBA1147	1	1	0	0	0	1	0	0.0
original_strict	BetAB__CoxCut	UBA1402	1	1	0	0	0	1	0	0.0
original_strict	BetAB__CoxCut	UBA1547	2	2	0	0	0	1	0	0.0
original_strict	BetAB__CoxCut	UBA1924	4	4	0	0	0	2	0	0.0
original_strict	BetAB__CoxCut	UBA2023	1	1	0	0	0	1	0	0.0
original_strict	BetAB__CoxCut	UBA2199	1	1	0	0	0	1	0	0.0
original_strict	BetAB__CoxCut	UBA2241	4	4	0	0	0	2	1	0.0
original_strict	BetAB__CoxCut	UBA2999	4	2	2	0	0	2	1	0.0
original_strict	BetAB__CoxCut	UBA3067	1	1	0	0	0	1	0	0.0
original_strict	BetAB__CoxCut	UBA4665	6	6	0	0	0	4	0	0.0
original_strict	BetAB__CoxCut	UBA4738	1	0	1	0	0	1	0	0.0
original_strict	BetAB__CoxCut	UBA5066	6	6	0	0	0	1	1	0.0
original_strict	BetAB__CoxCut	UBA6077	1	1	0	0	0	1	0	0.0
original_strict	BetAB__CoxCut	UBA6265	2	0	2	0	0	2	0	0.0
original_strict	BetAB__CoxCut	UBA6821	1	1	0	0	0	1	0	0.0
original_strict	BetAB__CoxCut	UBA7540	6	4	2	0	0	2	1	0.0
original_strict	BetAB__CoxCut	UBA7541	18	7	5	6	0	2	2	1.6666666666666667
original_strict	BetAB__CoxCut	UBA8139	1	0	1	0	0	1	0	0.0
original_strict	BetAB__CoxCut	UBA8190	1	1	0	0	0	1	0	0.0
original_strict	BetAB__CoxCut	UBA8639	1	1	0	0	0	1	0	0.0
original_strict	BetAB__CoxCut	Usitatibacteraceae	1	1	0	0	0	1	0	0.0
original_strict	BetAB__CoxCut	VXPQ01	3	3	0	0	0	1	1	0.0
original_strict	BetAB__CoxCut	VadinHA17	9	9	0	0	0	1	1	0.0
original_strict	BetAB__CoxCut	Vicingaceae	2	2	0	0	0	1	0	0.0
original_strict	BetAB__CoxCut	Villigracilaceae	3	3	0	0	0	2	0	0.0
original_strict	BetAB__CoxCut	Vulcanimicrobiaceae	4	2	2	0	0	2	1	0.0
original_strict	BetAB__CoxCut	WHSQ01	9	8	1	0	0	1	1	0.0
original_strict	BetAB__CoxCut	WJLG01	1	1	0	0	0	1	0	0.0
original_strict	BetAB__CoxCut	Woeseiaceae	1	0	1	0	0	1	0	0.0
original_strict	BetAB__CoxCut	Xanthobacteraceae	14	0	14	0	0	3	2	0.0
original_strict	BetAB__CoxCut	Xanthomonadaceae	5	4	0	1	0	2	1	0.0
original_strict	BetAB__CoxCut	ZC4RG35	3	0	1	1	1	1	1	1.3333333333333333
original_strict	BetAB__CoxCut	Zrk34	1	1	0	0	0	1	0	0.0
new_desert_primary	KdpABC__CoxCut	2-12-FULL-35-15	1	1	0	0	0	1	0	0.0
new_desert_primary	KdpABC__CoxCut	2-12-FULL-66-21	5	5	0	0	0	3	1	0.0
new_desert_primary	KdpABC__CoxCut	70-9	10	10	0	0	0	6	2	0.0
new_desert_primary	KdpABC__CoxCut	AC-14	12	9	1	1	1	8	1	0.3333333333333333
new_desert_primary	KdpABC__CoxCut	ATM1	1	1	0	0	0	1	0	0.0
new_desert_primary	KdpABC__CoxCut	Abditibacteriaceae	1	1	0	0	0	1	0	0.0
new_desert_primary	KdpABC__CoxCut	Acetobacteraceae	2	2	0	0	0	2	0	0.0
new_desert_primary	KdpABC__CoxCut	Acidobacteriaceae	4	1	0	3	0	3	0	0.0
new_desert_primary	KdpABC__CoxCut	Aeolococcaceae	3	3	0	0	0	2	0	0.0
new_desert_primary	KdpABC__CoxCut	Aestuariivirgaceae	1	0	0	0	1	1	0	1.0
new_desert_primary	KdpABC__CoxCut	Afifellaceae	1	1	0	0	0	1	0	0.0
new_desert_primary	KdpABC__CoxCut	Angustibacteraceae	1	0	0	0	1	1	0	1.0
new_desert_primary	KdpABC__CoxCut	Ardenticatenaceae	1	0	1	0	0	1	0	0.0
new_desert_primary	KdpABC__CoxCut	B-1AR	2	2	0	0	0	1	0	0.0
new_desert_primary	KdpABC__CoxCut	BP-133	1	0	1	0	0	1	0	0.0
new_desert_primary	KdpABC__CoxCut	Beijerinckiaceae	4	3	1	0	0	3	0	0.0
new_desert_primary	KdpABC__CoxCut	Bryobacteraceae	14	8	0	5	1	4	3	0.42857142857142855
new_desert_primary	KdpABC__CoxCut	Burkholderiaceae	19	12	0	4	3	6	4	1.105263157894737
new_desert_primary	KdpABC__CoxCut	CADCSY01	4	4	0	0	0	2	1	0.0
new_desert_primary	KdpABC__CoxCut	CADCTF01	1	1	0	0	0	1	0	0.0
new_desert_primary	KdpABC__CoxCut	CADCWN01	1	0	1	0	0	1	0	0.0
new_desert_primary	KdpABC__CoxCut	CAILMK01	1	1	0	0	0	1	0	0.0
new_desert_primary	KdpABC__CoxCut	CALAEC01	2	2	0	0	0	2	0	0.0
new_desert_primary	KdpABC__CoxCut	CALGFH01	1	0	0	0	1	1	0	1.0
new_desert_primary	KdpABC__CoxCut	CF-121	3	2	1	0	0	1	1	0.0
new_desert_primary	KdpABC__CoxCut	CF-72	1	0	1	0	0	1	0	0.0
new_desert_primary	KdpABC__CoxCut	CFX8	1	1	0	0	0	1	0	0.0
new_desert_primary	KdpABC__CoxCut	CSP1-4	11	9	2	0	0	9	1	0.0
new_desert_primary	KdpABC__CoxCut	Caldilineaceae	1	1	0	0	0	1	0	0.0
new_desert_primary	KdpABC__CoxCut	Capsulimonadaceae	1	0	0	1	0	1	0	0.0
new_desert_primary	KdpABC__CoxCut	Casimicrobiaceae	5	3	2	0	0	2	1	0.0
new_desert_primary	KdpABC__CoxCut	Caulobacteraceae	4	3	0	1	0	4	0	0.0
new_desert_primary	KdpABC__CoxCut	Cellulomonadaceae	1	1	0	0	0	1	0	0.0
new_desert_primary	KdpABC__CoxCut	Chitinophagaceae	14	12	1	1	0	7	1	0.07142857142857142
new_desert_primary	KdpABC__CoxCut	Chthoniobacteraceae	2	2	0	0	0	2	0	0.0
new_desert_primary	KdpABC__CoxCut	Coleofasciculaceae	1	0	0	1	0	1	0	0.0
new_desert_primary	KdpABC__CoxCut	Competibacteraceae	1	1	0	0	0	1	0	0.0
new_desert_primary	KdpABC__CoxCut	Cyclobacteriaceae	3	3	0	0	0	2	0	0.0
new_desert_primary	KdpABC__CoxCut	DASRZA01	1	1	0	0	0	1	0	0.0
new_desert_primary	KdpABC__CoxCut	DASYVL01	1	1	0	0	0	1	0	0.0
new_desert_primary	KdpABC__CoxCut	DASZGP01	2	2	0	0	0	2	0	0.0
new_desert_primary	KdpABC__CoxCut	Dermatophilaceae	8	4	2	1	1	3	2	0.75
new_desert_primary	KdpABC__CoxCut	Dormibacteraceae	11	2	8	0	1	3	1	0.8181818181818182
new_desert_primary	KdpABC__CoxCut	Egibacteraceae	9	5	4	0	0	6	1	0.0
new_desert_primary	KdpABC__CoxCut	Eremiobacteraceae	4	3	0	1	0	2	1	0.0
new_desert_primary	KdpABC__CoxCut	GCA-2861595	7	7	0	0	0	3	1	0.0
new_desert_primary	KdpABC__CoxCut	GWC2-71-9	4	2	2	0	0	3	0	0.0
new_desert_primary	KdpABC__CoxCut	Gaiellaceae	27	14	12	1	0	13	4	0.4444444444444444
new_desert_primary	KdpABC__CoxCut	Gallionellaceae	1	1	0	0	0	1	0	0.0
new_desert_primary	KdpABC__CoxCut	Gemmatimonadaceae	25	20	2	3	0	10	3	0.24
new_desert_primary	KdpABC__CoxCut	Geodermatophilaceae	10	1	9	0	0	5	1	0.0
new_desert_primary	KdpABC__CoxCut	Gp7-AA6	5	5	0	0	0	4	0	0.0
new_desert_primary	KdpABC__CoxCut	Gp7-AA8	4	3	0	1	0	4	0	0.0
new_desert_primary	KdpABC__CoxCut	HRBIN12	5	1	3	1	0	2	1	0.6
new_desert_primary	KdpABC__CoxCut	Haliangiaceae	3	3	0	0	0	1	1	0.0
new_desert_primary	KdpABC__CoxCut	Hymenobacteraceae	4	2	1	1	0	3	0	0.25
new_desert_primary	KdpABC__CoxCut	Iamiaceae	1	0	0	0	1	1	0	1.0
new_desert_primary	KdpABC__CoxCut	Ilumatobacteraceae	6	1	5	0	0	4	1	0.0
new_desert_primary	KdpABC__CoxCut	JACCXJ01	4	3	0	1	0	3	0	0.0
new_desert_primary	KdpABC__CoxCut	JACCXN01	1	1	0	0	0	1	0	0.0
new_desert_primary	KdpABC__CoxCut	JACCYU01	2	2	0	0	0	2	0	0.0
new_desert_primary	KdpABC__CoxCut	JACCYY01	2	1	1	0	0	2	0	0.0
new_desert_primary	KdpABC__CoxCut	JACCZL01	1	0	1	0	0	1	0	0.0
new_desert_primary	KdpABC__CoxCut	JACDBD01	1	0	0	0	1	1	0	1.0
new_desert_primary	KdpABC__CoxCut	JACDBH01	2	2	0	0	0	1	0	0.0
new_desert_primary	KdpABC__CoxCut	JACDCH01	1	0	1	0	0	1	0	0.0
new_desert_primary	KdpABC__CoxCut	JACMKV01	1	1	0	0	0	1	0	0.0
new_desert_primary	KdpABC__CoxCut	JACPNR01	1	0	0	1	0	1	0	0.0
new_desert_primary	KdpABC__CoxCut	JACQTL01	1	0	1	0	0	1	0	0.0
new_desert_primary	KdpABC__CoxCut	JACRBR01	1	0	0	1	0	1	0	0.0
new_desert_primary	KdpABC__CoxCut	JADMIH01	4	1	3	0	0	3	0	0.0
new_desert_primary	KdpABC__CoxCut	JAFGCY01	1	1	0	0	0	1	0	0.0
new_desert_primary	KdpABC__CoxCut	JAGQNJ01	1	1	0	0	0	1	0	0.0
new_desert_primary	KdpABC__CoxCut	JAHWKO01	4	4	0	0	0	2	1	0.0
new_desert_primary	KdpABC__CoxCut	JAHWKV01	1	1	0	0	0	1	0	0.0
new_desert_primary	KdpABC__CoxCut	JAHWLA01	1	1	0	0	0	1	0	0.0
new_desert_primary	KdpABC__CoxCut	JAICKM01	1	0	1	0	0	1	0	0.0
new_desert_primary	KdpABC__CoxCut	JAIEPX01	1	0	0	1	0	1	0	0.0
new_desert_primary	KdpABC__CoxCut	JAKAEA01	2	2	0	0	0	1	0	0.0
new_desert_primary	KdpABC__CoxCut	JALYHC01	1	0	1	0	0	1	0	0.0
new_desert_primary	KdpABC__CoxCut	JALYJY01	1	1	0	0	0	1	0	0.0
new_desert_primary	KdpABC__CoxCut	JALYLC01	1	0	0	0	1	1	0	1.0
new_desert_primary	KdpABC__CoxCut	JALYMT01	1	1	0	0	0	1	0	0.0
new_desert_primary	KdpABC__CoxCut	JALYMU01	2	1	1	0	0	1	0	0.0
new_desert_primary	KdpABC__CoxCut	JALYNB01	1	0	1	0	0	1	0	0.0
new_desert_primary	KdpABC__CoxCut	JALYNC01	1	1	0	0	0	1	0	0.0
new_desert_primary	KdpABC__CoxCut	JALYOK01	1	1	0	0	0	1	0	0.0
new_desert_primary	KdpABC__CoxCut	JALYQM01	2	2	0	0	0	1	0	0.0
new_desert_primary	KdpABC__CoxCut	JALYUS01	3	0	1	0	2	2	0	2.0
new_desert_primary	KdpABC__CoxCut	JALYXC01	1	1	0	0	0	1	0	0.0
new_desert_primary	KdpABC__CoxCut	JALYXH01	1	1	0	0	0	1	0	0.0
new_desert_primary	KdpABC__CoxCut	Jatrophihabitantaceae	6	0	1	2	3	4	0	3.3333333333333335
new_desert_primary	KdpABC__CoxCut	Kallotenuaceae	1	1	0	0	0	1	0	0.0
new_desert_primary	KdpABC__CoxCut	Ktedonobacteraceae	5	0	2	2	1	3	0	1.8
new_desert_primary	KdpABC__CoxCut	Longimicrobiaceae	5	4	1	0	0	2	1	0.0
new_desert_primary	KdpABC__CoxCut	Microbacteriaceae	3	3	0	0	0	2	0	0.0
new_desert_primary	KdpABC__CoxCut	Micrococcaceae	3	2	1	0	0	3	0	0.0
new_desert_primary	KdpABC__CoxCut	Microcoleaceae	1	1	0	0	0	1	0	0.0
new_desert_primary	KdpABC__CoxCut	Microtrichaceae	1	1	0	0	0	1	0	0.0
new_desert_primary	KdpABC__CoxCut	Mycobacteriaceae	4	2	2	0	0	3	0	0.0
new_desert_primary	KdpABC__CoxCut	Myxococcaceae	1	1	0	0	0	1	0	0.0
new_desert_primary	KdpABC__CoxCut	Nakamurellaceae	3	1	1	0	1	2	0	0.6666666666666666
new_desert_primary	KdpABC__CoxCut	Nevskiaceae	1	1	0	0	0	1	0	0.0
new_desert_primary	KdpABC__CoxCut	Nitrosomonadaceae	1	1	0	0	0	1	0	0.0
new_desert_primary	KdpABC__CoxCut	Nitrospiraceae	1	1	0	0	0	1	0	0.0
new_desert_primary	KdpABC__CoxCut	Nocardioidaceae	22	10	11	0	1	7	4	0.5454545454545454
new_desert_primary	KdpABC__CoxCut	OLB10	1	1	0	0	0	1	0	0.0
new_desert_primary	KdpABC__CoxCut	Oligoflexaceae	1	1	0	0	0	1	0	0.0
new_desert_primary	KdpABC__CoxCut	P2-11E	10	6	4	0	0	4	1	0.0
new_desert_primary	KdpABC__CoxCut	PALSA-1337	1	1	0	0	0	1	0	0.0
new_desert_primary	KdpABC__CoxCut	PALSA-610	1	0	0	0	1	1	0	1.0
new_desert_primary	KdpABC__CoxCut	PHOS-HE28	1	1	0	0	0	1	0	0.0
new_desert_primary	KdpABC__CoxCut	PJMF01	1	1	0	0	0	1	0	0.0
new_desert_primary	KdpABC__CoxCut	Palsa-688	6	1	2	2	1	3	1	1.5
new_desert_primary	KdpABC__CoxCut	Palsa-965	1	1	0	0	0	1	0	0.0
new_desert_primary	KdpABC__CoxCut	Planctomycetaceae	1	1	0	0	0	1	0	0.0
new_desert_primary	KdpABC__CoxCut	Polyangiaceae	4	0	0	4	0	2	1	0.0
new_desert_primary	KdpABC__CoxCut	Pseudomonadaceae	1	1	0	0	0	1	0	0.0
new_desert_primary	KdpABC__CoxCut	Pseudonocardiaceae	19	10	8	0	1	12	1	0.47368421052631576
new_desert_primary	KdpABC__CoxCut	Pyrinomonadaceae	34	22	5	7	0	10	5	1.0294117647058822
new_desert_primary	KdpABC__CoxCut	QHBO01	13	12	0	1	0	10	1	0.0
new_desert_primary	KdpABC__CoxCut	QHCA01	2	0	2	0	0	2	0	0.0
new_desert_primary	KdpABC__CoxCut	RBC074	1	0	0	1	0	1	0	0.0
new_desert_primary	KdpABC__CoxCut	Rhizobiaceae	1	0	1	0	0	1	0	0.0
new_desert_primary	KdpABC__CoxCut	Rhodanobacteraceae	2	2	0	0	0	2	0	0.0
new_desert_primary	KdpABC__CoxCut	Roseiflexaceae	1	1	0	0	0	1	0	0.0
new_desert_primary	KdpABC__CoxCut	Rubrobacteraceae	42	24	18	0	0	15	6	0.0
new_desert_primary	KdpABC__CoxCut	SCN-69-37	2	2	0	0	0	1	0	0.0
new_desert_primary	KdpABC__CoxCut	SCTD01	6	3	3	0	0	4	1	0.0
new_desert_primary	KdpABC__CoxCut	SG8-39	1	0	1	0	0	1	0	0.0
new_desert_primary	KdpABC__CoxCut	SICC01	1	1	0	0	0	1	0	0.0
new_desert_primary	KdpABC__CoxCut	SZUA-47	2	2	0	0	0	1	0	0.0
new_desert_primary	KdpABC__CoxCut	Sandaracinaceae	1	1	0	0	0	1	0	0.0
new_desert_primary	KdpABC__CoxCut	Saprospiraceae	2	2	0	0	0	1	0	0.0
new_desert_primary	KdpABC__CoxCut	SbA1	1	0	0	1	0	1	0	0.0
new_desert_primary	KdpABC__CoxCut	Solirubrobacteraceae	28	7	15	0	6	11	2	4.5
new_desert_primary	KdpABC__CoxCut	Sphingobacteriaceae	2	0	0	2	0	1	0	0.0
new_desert_primary	KdpABC__CoxCut	Sphingomonadaceae	19	17	0	2	0	9	2	0.0
new_desert_primary	KdpABC__CoxCut	Steroidobacteraceae	8	3	0	5	0	3	1	0.0
new_desert_primary	KdpABC__CoxCut	Streptosporangiaceae	2	0	0	0	2	2	0	2.0
new_desert_primary	KdpABC__CoxCut	Tepidisphaeraceae	2	1	0	1	0	2	0	0.0
new_desert_primary	KdpABC__CoxCut	Thermobaculaceae	3	2	1	0	0	3	0	0.0
new_desert_primary	KdpABC__CoxCut	Thermoleophilaceae	9	7	0	1	1	7	0	0.2222222222222222
new_desert_primary	KdpABC__CoxCut	Trueperaceae	2	2	0	0	0	1	0	0.0
new_desert_primary	KdpABC__CoxCut	UBA10450	20	20	0	0	0	7	3	0.0
new_desert_primary	KdpABC__CoxCut	UBA11236	1	1	0	0	0	1	0	0.0
new_desert_primary	KdpABC__CoxCut	UBA12225	1	1	0	0	0	1	0	0.0
new_desert_primary	KdpABC__CoxCut	UBA4738	1	1	0	0	0	1	0	0.0
new_desert_primary	KdpABC__CoxCut	UBA5704	1	1	0	0	0	1	0	0.0
new_desert_primary	KdpABC__CoxCut	UBA5794	1	0	1	0	0	1	0	0.0
new_desert_primary	KdpABC__CoxCut	UBA6265	17	8	9	0	0	6	2	0.0
new_desert_primary	KdpABC__CoxCut	UBA7541	2	1	0	1	0	2	0	0.0
new_desert_primary	KdpABC__CoxCut	UBA920	1	1	0	0	0	1	0	0.0
new_desert_primary	KdpABC__CoxCut	UBA9219	1	0	0	1	0	1	0	0.0
new_desert_primary	KdpABC__CoxCut	UBA9968	1	1	0	0	0	1	0	0.0
new_desert_primary	KdpABC__CoxCut	UBA9973	3	3	0	0	0	2	0	0.0
new_desert_primary	KdpABC__CoxCut	Usitatibacteraceae	1	1	0	0	0	1	0	0.0
new_desert_primary	KdpABC__CoxCut	Villigracilaceae	2	2	0	0	0	2	0	0.0
new_desert_primary	KdpABC__CoxCut	Vulcanimicrobiaceae	14	12	1	1	0	4	2	0.07142857142857142
new_desert_primary	KdpABC__CoxCut	WHSQ01	29	21	7	1	0	11	3	0.2413793103448276
new_desert_primary	KdpABC__CoxCut	Xanthobacteraceae	1	1	0	0	0	1	0	0.0
new_desert_primary	KdpABC__CoxCut	Xanthomonadaceae	10	10	0	0	0	3	2	0.0
new_desert_primary	KdpABC__CoxCut	ZC4RG35	2	2	0	0	0	2	0	0.0
new_desert_primary	KdpABC__CoxCut	Zambryskibacteraceae	1	1	0	0	0	1	0	0.0
new_desert_primary	ProVWX__CoxCut	2-12-FULL-35-15	1	1	0	0	0	1	0	0.0
new_desert_primary	ProVWX__CoxCut	2-12-FULL-66-21	5	5	0	0	0	3	1	0.0
new_desert_primary	ProVWX__CoxCut	70-9	10	10	0	0	0	6	2	0.0
new_desert_primary	ProVWX__CoxCut	AC-14	12	10	2	0	0	8	1	0.0
new_desert_primary	ProVWX__CoxCut	ATM1	1	1	0	0	0	1	0	0.0
new_desert_primary	ProVWX__CoxCut	Abditibacteriaceae	1	1	0	0	0	1	0	0.0
new_desert_primary	ProVWX__CoxCut	Acetobacteraceae	2	2	0	0	0	2	0	0.0
new_desert_primary	ProVWX__CoxCut	Acidobacteriaceae	4	4	0	0	0	3	0	0.0
new_desert_primary	ProVWX__CoxCut	Aeolococcaceae	3	3	0	0	0	2	0	0.0
new_desert_primary	ProVWX__CoxCut	Aestuariivirgaceae	1	0	0	0	1	1	0	1.0
new_desert_primary	ProVWX__CoxCut	Afifellaceae	1	0	0	1	0	1	0	0.0
new_desert_primary	ProVWX__CoxCut	Angustibacteraceae	1	0	1	0	0	1	0	0.0
new_desert_primary	ProVWX__CoxCut	Ardenticatenaceae	1	0	1	0	0	1	0	0.0
new_desert_primary	ProVWX__CoxCut	B-1AR	2	2	0	0	0	1	0	0.0
new_desert_primary	ProVWX__CoxCut	BP-133	1	0	1	0	0	1	0	0.0
new_desert_primary	ProVWX__CoxCut	Beijerinckiaceae	4	3	1	0	0	3	0	0.0
new_desert_primary	ProVWX__CoxCut	Bryobacteraceae	14	13	1	0	0	4	3	0.0
new_desert_primary	ProVWX__CoxCut	Burkholderiaceae	19	15	3	1	0	6	4	0.15789473684210525
new_desert_primary	ProVWX__CoxCut	CADCSY01	4	4	0	0	0	2	1	0.0
new_desert_primary	ProVWX__CoxCut	CADCTF01	1	1	0	0	0	1	0	0.0
new_desert_primary	ProVWX__CoxCut	CADCWN01	1	0	1	0	0	1	0	0.0
new_desert_primary	ProVWX__CoxCut	CAILMK01	1	1	0	0	0	1	0	0.0
new_desert_primary	ProVWX__CoxCut	CALAEC01	2	2	0	0	0	2	0	0.0
new_desert_primary	ProVWX__CoxCut	CALGFH01	1	0	1	0	0	1	0	0.0
new_desert_primary	ProVWX__CoxCut	CF-121	3	2	1	0	0	1	1	0.0
new_desert_primary	ProVWX__CoxCut	CF-72	1	0	1	0	0	1	0	0.0
new_desert_primary	ProVWX__CoxCut	CFX8	1	1	0	0	0	1	0	0.0
new_desert_primary	ProVWX__CoxCut	CSP1-4	11	9	1	0	1	9	1	0.18181818181818182
new_desert_primary	ProVWX__CoxCut	Caldilineaceae	1	1	0	0	0	1	0	0.0
new_desert_primary	ProVWX__CoxCut	Capsulimonadaceae	1	1	0	0	0	1	0	0.0
new_desert_primary	ProVWX__CoxCut	Casimicrobiaceae	5	3	2	0	0	2	1	0.0
new_desert_primary	ProVWX__CoxCut	Caulobacteraceae	4	4	0	0	0	4	0	0.0
new_desert_primary	ProVWX__CoxCut	Cellulomonadaceae	1	0	0	1	0	1	0	0.0
new_desert_primary	ProVWX__CoxCut	Chitinophagaceae	14	13	1	0	0	7	1	0.0
new_desert_primary	ProVWX__CoxCut	Chthoniobacteraceae	2	2	0	0	0	2	0	0.0
new_desert_primary	ProVWX__CoxCut	Coleofasciculaceae	1	1	0	0	0	1	0	0.0
new_desert_primary	ProVWX__CoxCut	Competibacteraceae	1	1	0	0	0	1	0	0.0
new_desert_primary	ProVWX__CoxCut	Cyclobacteriaceae	3	3	0	0	0	2	0	0.0
new_desert_primary	ProVWX__CoxCut	DASRZA01	1	1	0	0	0	1	0	0.0
new_desert_primary	ProVWX__CoxCut	DASYVL01	1	1	0	0	0	1	0	0.0
new_desert_primary	ProVWX__CoxCut	DASZGP01	2	2	0	0	0	2	0	0.0
new_desert_primary	ProVWX__CoxCut	Dermatophilaceae	8	5	2	0	1	3	2	0.375
new_desert_primary	ProVWX__CoxCut	Dormibacteraceae	11	2	9	0	0	3	1	0.0
new_desert_primary	ProVWX__CoxCut	Egibacteraceae	9	3	2	2	2	6	1	1.7777777777777777
new_desert_primary	ProVWX__CoxCut	Eremiobacteraceae	4	4	0	0	0	2	1	0.0
new_desert_primary	ProVWX__CoxCut	GCA-2861595	7	7	0	0	0	3	1	0.0
new_desert_primary	ProVWX__CoxCut	GWC2-71-9	4	2	2	0	0	3	0	0.0
new_desert_primary	ProVWX__CoxCut	Gaiellaceae	27	15	9	0	3	13	4	1.3333333333333333
new_desert_primary	ProVWX__CoxCut	Gallionellaceae	1	1	0	0	0	1	0	0.0
new_desert_primary	ProVWX__CoxCut	Gemmatimonadaceae	25	23	2	0	0	10	3	0.0
new_desert_primary	ProVWX__CoxCut	Geodermatophilaceae	10	1	6	0	3	5	1	2.7
new_desert_primary	ProVWX__CoxCut	Gp7-AA6	5	5	0	0	0	4	0	0.0
new_desert_primary	ProVWX__CoxCut	Gp7-AA8	4	4	0	0	0	4	0	0.0
new_desert_primary	ProVWX__CoxCut	HRBIN12	5	1	2	1	1	2	1	1.2
new_desert_primary	ProVWX__CoxCut	Haliangiaceae	3	3	0	0	0	1	1	0.0
new_desert_primary	ProVWX__CoxCut	Hymenobacteraceae	4	3	1	0	0	3	0	0.0
new_desert_primary	ProVWX__CoxCut	Iamiaceae	1	0	1	0	0	1	0	0.0
new_desert_primary	ProVWX__CoxCut	Ilumatobacteraceae	6	1	4	0	1	4	1	0.8333333333333334
new_desert_primary	ProVWX__CoxCut	JACCXJ01	4	4	0	0	0	3	0	0.0
new_desert_primary	ProVWX__CoxCut	JACCXN01	1	1	0	0	0	1	0	0.0
new_desert_primary	ProVWX__CoxCut	JACCYU01	2	2	0	0	0	2	0	0.0
new_desert_primary	ProVWX__CoxCut	JACCYY01	2	1	1	0	0	2	0	0.0
new_desert_primary	ProVWX__CoxCut	JACCZL01	1	0	1	0	0	1	0	0.0
new_desert_primary	ProVWX__CoxCut	JACDBD01	1	0	1	0	0	1	0	0.0
new_desert_primary	ProVWX__CoxCut	JACDBH01	2	2	0	0	0	1	0	0.0
new_desert_primary	ProVWX__CoxCut	JACDCH01	1	0	1	0	0	1	0	0.0
new_desert_primary	ProVWX__CoxCut	JACMKV01	1	1	0	0	0	1	0	0.0
new_desert_primary	ProVWX__CoxCut	JACPNR01	1	1	0	0	0	1	0	0.0
new_desert_primary	ProVWX__CoxCut	JACQTL01	1	0	1	0	0	1	0	0.0
new_desert_primary	ProVWX__CoxCut	JACRBR01	1	1	0	0	0	1	0	0.0
new_desert_primary	ProVWX__CoxCut	JADMIH01	4	1	3	0	0	3	0	0.0
new_desert_primary	ProVWX__CoxCut	JAFGCY01	1	1	0	0	0	1	0	0.0
new_desert_primary	ProVWX__CoxCut	JAGQNJ01	1	1	0	0	0	1	0	0.0
new_desert_primary	ProVWX__CoxCut	JAHWKO01	4	4	0	0	0	2	1	0.0
new_desert_primary	ProVWX__CoxCut	JAHWKV01	1	1	0	0	0	1	0	0.0
new_desert_primary	ProVWX__CoxCut	JAHWLA01	1	1	0	0	0	1	0	0.0
new_desert_primary	ProVWX__CoxCut	JAICKM01	1	0	1	0	0	1	0	0.0
new_desert_primary	ProVWX__CoxCut	JAIEPX01	1	1	0	0	0	1	0	0.0
new_desert_primary	ProVWX__CoxCut	JAKAEA01	2	2	0	0	0	1	0	0.0
new_desert_primary	ProVWX__CoxCut	JALYHC01	1	0	1	0	0	1	0	0.0
new_desert_primary	ProVWX__CoxCut	JALYJY01	1	1	0	0	0	1	0	0.0
new_desert_primary	ProVWX__CoxCut	JALYLC01	1	0	1	0	0	1	0	0.0
new_desert_primary	ProVWX__CoxCut	JALYMT01	1	1	0	0	0	1	0	0.0
new_desert_primary	ProVWX__CoxCut	JALYMU01	2	1	1	0	0	1	0	0.0
new_desert_primary	ProVWX__CoxCut	JALYNB01	1	0	0	0	1	1	0	1.0
new_desert_primary	ProVWX__CoxCut	JALYNC01	1	1	0	0	0	1	0	0.0
new_desert_primary	ProVWX__CoxCut	JALYOK01	1	1	0	0	0	1	0	0.0
new_desert_primary	ProVWX__CoxCut	JALYQM01	2	2	0	0	0	1	0	0.0
new_desert_primary	ProVWX__CoxCut	JALYUS01	3	0	3	0	0	2	0	0.0
new_desert_primary	ProVWX__CoxCut	JALYXC01	1	1	0	0	0	1	0	0.0
new_desert_primary	ProVWX__CoxCut	JALYXH01	1	1	0	0	0	1	0	0.0
new_desert_primary	ProVWX__CoxCut	Jatrophihabitantaceae	6	2	4	0	0	4	0	0.0
new_desert_primary	ProVWX__CoxCut	Kallotenuaceae	1	1	0	0	0	1	0	0.0
new_desert_primary	ProVWX__CoxCut	Ktedonobacteraceae	5	2	3	0	0	3	0	0.0
new_desert_primary	ProVWX__CoxCut	Longimicrobiaceae	5	4	1	0	0	2	1	0.0
new_desert_primary	ProVWX__CoxCut	Microbacteriaceae	3	2	0	1	0	2	0	0.0
new_desert_primary	ProVWX__CoxCut	Micrococcaceae	3	2	0	0	1	3	0	0.3333333333333333
new_desert_primary	ProVWX__CoxCut	Microcoleaceae	1	1	0	0	0	1	0	0.0
new_desert_primary	ProVWX__CoxCut	Microtrichaceae	1	1	0	0	0	1	0	0.0
new_desert_primary	ProVWX__CoxCut	Mycobacteriaceae	4	2	2	0	0	3	0	0.0
new_desert_primary	ProVWX__CoxCut	Myxococcaceae	1	1	0	0	0	1	0	0.0
new_desert_primary	ProVWX__CoxCut	Nakamurellaceae	3	1	2	0	0	2	0	0.0
new_desert_primary	ProVWX__CoxCut	Nevskiaceae	1	1	0	0	0	1	0	0.0
new_desert_primary	ProVWX__CoxCut	Nitrosomonadaceae	1	1	0	0	0	1	0	0.0
new_desert_primary	ProVWX__CoxCut	Nitrospiraceae	1	1	0	0	0	1	0	0.0
new_desert_primary	ProVWX__CoxCut	Nocardioidaceae	22	6	4	4	8	7	4	6.545454545454546
new_desert_primary	ProVWX__CoxCut	OLB10	1	1	0	0	0	1	0	0.0
new_desert_primary	ProVWX__CoxCut	Oligoflexaceae	1	1	0	0	0	1	0	0.0
new_desert_primary	ProVWX__CoxCut	P2-11E	10	6	4	0	0	4	1	0.0
new_desert_primary	ProVWX__CoxCut	PALSA-1337	1	1	0	0	0	1	0	0.0
new_desert_primary	ProVWX__CoxCut	PALSA-610	1	0	1	0	0	1	0	0.0
new_desert_primary	ProVWX__CoxCut	PHOS-HE28	1	1	0	0	0	1	0	0.0
new_desert_primary	ProVWX__CoxCut	PJMF01	1	1	0	0	0	1	0	0.0
new_desert_primary	ProVWX__CoxCut	Palsa-688	6	3	3	0	0	3	1	0.0
new_desert_primary	ProVWX__CoxCut	Palsa-965	1	1	0	0	0	1	0	0.0
new_desert_primary	ProVWX__CoxCut	Planctomycetaceae	1	1	0	0	0	1	0	0.0
new_desert_primary	ProVWX__CoxCut	Polyangiaceae	4	4	0	0	0	2	1	0.0
new_desert_primary	ProVWX__CoxCut	Pseudomonadaceae	1	0	0	1	0	1	0	0.0
new_desert_primary	ProVWX__CoxCut	Pseudonocardiaceae	19	9	9	1	0	12	1	0.47368421052631576
new_desert_primary	ProVWX__CoxCut	Pyrinomonadaceae	34	29	5	0	0	10	5	0.0
new_desert_primary	ProVWX__CoxCut	QHBO01	13	13	0	0	0	10	1	0.0
new_desert_primary	ProVWX__CoxCut	QHCA01	2	0	2	0	0	2	0	0.0
new_desert_primary	ProVWX__CoxCut	RBC074	1	1	0	0	0	1	0	0.0
new_desert_primary	ProVWX__CoxCut	Rhizobiaceae	1	0	0	0	1	1	0	1.0
new_desert_primary	ProVWX__CoxCut	Rhodanobacteraceae	2	1	0	1	0	2	0	0.0
new_desert_primary	ProVWX__CoxCut	Roseiflexaceae	1	1	0	0	0	1	0	0.0
new_desert_primary	ProVWX__CoxCut	Rubrobacteraceae	42	15	12	9	6	15	6	6.428571428571429
new_desert_primary	ProVWX__CoxCut	SCN-69-37	2	2	0	0	0	1	0	0.0
new_desert_primary	ProVWX__CoxCut	SCTD01	6	3	2	0	1	4	1	0.5
new_desert_primary	ProVWX__CoxCut	SG8-39	1	0	1	0	0	1	0	0.0
new_desert_primary	ProVWX__CoxCut	SICC01	1	1	0	0	0	1	0	0.0
new_desert_primary	ProVWX__CoxCut	SZUA-47	2	2	0	0	0	1	0	0.0
new_desert_primary	ProVWX__CoxCut	Sandaracinaceae	1	1	0	0	0	1	0	0.0
new_desert_primary	ProVWX__CoxCut	Saprospiraceae	2	2	0	0	0	1	0	0.0
new_desert_primary	ProVWX__CoxCut	SbA1	1	1	0	0	0	1	0	0.0
new_desert_primary	ProVWX__CoxCut	Solirubrobacteraceae	28	7	21	0	0	11	2	0.0
new_desert_primary	ProVWX__CoxCut	Sphingobacteriaceae	2	2	0	0	0	1	0	0.0
new_desert_primary	ProVWX__CoxCut	Sphingomonadaceae	19	18	0	1	0	9	2	0.0
new_desert_primary	ProVWX__CoxCut	Steroidobacteraceae	8	3	0	5	0	3	1	0.0
new_desert_primary	ProVWX__CoxCut	Streptosporangiaceae	2	0	2	0	0	2	0	0.0
new_desert_primary	ProVWX__CoxCut	Tepidisphaeraceae	2	2	0	0	0	2	0	0.0
new_desert_primary	ProVWX__CoxCut	Thermobaculaceae	3	2	1	0	0	3	0	0.0
new_desert_primary	ProVWX__CoxCut	Thermoleophilaceae	9	8	1	0	0	7	0	0.0
new_desert_primary	ProVWX__CoxCut	Trueperaceae	2	2	0	0	0	1	0	0.0
new_desert_primary	ProVWX__CoxCut	UBA10450	20	20	0	0	0	7	3	0.0
new_desert_primary	ProVWX__CoxCut	UBA11236	1	1	0	0	0	1	0	0.0
new_desert_primary	ProVWX__CoxCut	UBA12225	1	1	0	0	0	1	0	0.0
new_desert_primary	ProVWX__CoxCut	UBA4738	1	1	0	0	0	1	0	0.0
new_desert_primary	ProVWX__CoxCut	UBA5704	1	1	0	0	0	1	0	0.0
new_desert_primary	ProVWX__CoxCut	UBA5794	1	0	1	0	0	1	0	0.0
new_desert_primary	ProVWX__CoxCut	UBA6265	17	8	9	0	0	6	2	0.0
new_desert_primary	ProVWX__CoxCut	UBA7541	2	2	0	0	0	2	0	0.0
new_desert_primary	ProVWX__CoxCut	UBA920	1	1	0	0	0	1	0	0.0
new_desert_primary	ProVWX__CoxCut	UBA9219	1	1	0	0	0	1	0	0.0
new_desert_primary	ProVWX__CoxCut	UBA9968	1	1	0	0	0	1	0	0.0
new_desert_primary	ProVWX__CoxCut	UBA9973	3	3	0	0	0	2	0	0.0
new_desert_primary	ProVWX__CoxCut	Usitatibacteraceae	1	1	0	0	0	1	0	0.0
new_desert_primary	ProVWX__CoxCut	Villigracilaceae	2	2	0	0	0	2	0	0.0
new_desert_primary	ProVWX__CoxCut	Vulcanimicrobiaceae	14	13	1	0	0	4	2	0.0
new_desert_primary	ProVWX__CoxCut	WHSQ01	29	21	6	1	1	11	3	0.4827586206896552
new_desert_primary	ProVWX__CoxCut	Xanthobacteraceae	1	1	0	0	0	1	0	0.0
new_desert_primary	ProVWX__CoxCut	Xanthomonadaceae	10	10	0	0	0	3	2	0.0
new_desert_primary	ProVWX__CoxCut	ZC4RG35	2	2	0	0	0	2	0	0.0
new_desert_primary	ProVWX__CoxCut	Zambryskibacteraceae	1	1	0	0	0	1	0	0.0
new_desert_primary	EctABC__CoxCut	2-12-FULL-35-15	1	1	0	0	0	1	0	0.0
new_desert_primary	EctABC__CoxCut	2-12-FULL-66-21	5	5	0	0	0	3	1	0.0
new_desert_primary	EctABC__CoxCut	70-9	10	10	0	0	0	6	2	0.0
new_desert_primary	EctABC__CoxCut	AC-14	12	10	2	0	0	8	1	0.0
new_desert_primary	EctABC__CoxCut	ATM1	1	1	0	0	0	1	0	0.0
new_desert_primary	EctABC__CoxCut	Abditibacteriaceae	1	1	0	0	0	1	0	0.0
new_desert_primary	EctABC__CoxCut	Acetobacteraceae	2	2	0	0	0	2	0	0.0
new_desert_primary	EctABC__CoxCut	Acidobacteriaceae	4	4	0	0	0	3	0	0.0
new_desert_primary	EctABC__CoxCut	Aeolococcaceae	3	3	0	0	0	2	0	0.0
new_desert_primary	EctABC__CoxCut	Aestuariivirgaceae	1	0	1	0	0	1	0	0.0
new_desert_primary	EctABC__CoxCut	Afifellaceae	1	1	0	0	0	1	0	0.0
new_desert_primary	EctABC__CoxCut	Angustibacteraceae	1	0	1	0	0	1	0	0.0
new_desert_primary	EctABC__CoxCut	Ardenticatenaceae	1	0	1	0	0	1	0	0.0
new_desert_primary	EctABC__CoxCut	B-1AR	2	2	0	0	0	1	0	0.0
new_desert_primary	EctABC__CoxCut	BP-133	1	0	1	0	0	1	0	0.0
new_desert_primary	EctABC__CoxCut	Beijerinckiaceae	4	3	1	0	0	3	0	0.0
new_desert_primary	EctABC__CoxCut	Bryobacteraceae	14	13	1	0	0	4	3	0.0
new_desert_primary	EctABC__CoxCut	Burkholderiaceae	19	16	3	0	0	6	4	0.0
new_desert_primary	EctABC__CoxCut	CADCSY01	4	4	0	0	0	2	1	0.0
new_desert_primary	EctABC__CoxCut	CADCTF01	1	1	0	0	0	1	0	0.0
new_desert_primary	EctABC__CoxCut	CADCWN01	1	0	1	0	0	1	0	0.0
new_desert_primary	EctABC__CoxCut	CAILMK01	1	1	0	0	0	1	0	0.0
new_desert_primary	EctABC__CoxCut	CALAEC01	2	2	0	0	0	2	0	0.0
new_desert_primary	EctABC__CoxCut	CALGFH01	1	0	1	0	0	1	0	0.0
new_desert_primary	EctABC__CoxCut	CF-121	3	2	1	0	0	1	1	0.0
new_desert_primary	EctABC__CoxCut	CF-72	1	0	1	0	0	1	0	0.0
new_desert_primary	EctABC__CoxCut	CFX8	1	1	0	0	0	1	0	0.0
new_desert_primary	EctABC__CoxCut	CSP1-4	11	9	2	0	0	9	1	0.0
new_desert_primary	EctABC__CoxCut	Caldilineaceae	1	1	0	0	0	1	0	0.0
new_desert_primary	EctABC__CoxCut	Capsulimonadaceae	1	1	0	0	0	1	0	0.0
new_desert_primary	EctABC__CoxCut	Casimicrobiaceae	5	3	2	0	0	2	1	0.0
new_desert_primary	EctABC__CoxCut	Caulobacteraceae	4	4	0	0	0	4	0	0.0
new_desert_primary	EctABC__CoxCut	Cellulomonadaceae	1	1	0	0	0	1	0	0.0
new_desert_primary	EctABC__CoxCut	Chitinophagaceae	14	13	1	0	0	7	1	0.0
new_desert_primary	EctABC__CoxCut	Chthoniobacteraceae	2	2	0	0	0	2	0	0.0
new_desert_primary	EctABC__CoxCut	Coleofasciculaceae	1	1	0	0	0	1	0	0.0
new_desert_primary	EctABC__CoxCut	Competibacteraceae	1	1	0	0	0	1	0	0.0
new_desert_primary	EctABC__CoxCut	Cyclobacteriaceae	3	3	0	0	0	2	0	0.0
new_desert_primary	EctABC__CoxCut	DASRZA01	1	1	0	0	0	1	0	0.0
new_desert_primary	EctABC__CoxCut	DASYVL01	1	1	0	0	0	1	0	0.0
new_desert_primary	EctABC__CoxCut	DASZGP01	2	2	0	0	0	2	0	0.0
new_desert_primary	EctABC__CoxCut	Dermatophilaceae	8	5	3	0	0	3	2	0.0
new_desert_primary	EctABC__CoxCut	Dormibacteraceae	11	2	9	0	0	3	1	0.0
new_desert_primary	EctABC__CoxCut	Egibacteraceae	9	5	4	0	0	6	1	0.0
new_desert_primary	EctABC__CoxCut	Eremiobacteraceae	4	4	0	0	0	2	1	0.0
new_desert_primary	EctABC__CoxCut	GCA-2861595	7	7	0	0	0	3	1	0.0
new_desert_primary	EctABC__CoxCut	GWC2-71-9	4	2	2	0	0	3	0	0.0
new_desert_primary	EctABC__CoxCut	Gaiellaceae	27	15	12	0	0	13	4	0.0
new_desert_primary	EctABC__CoxCut	Gallionellaceae	1	1	0	0	0	1	0	0.0
new_desert_primary	EctABC__CoxCut	Gemmatimonadaceae	25	23	2	0	0	10	3	0.0
new_desert_primary	EctABC__CoxCut	Geodermatophilaceae	10	1	9	0	0	5	1	0.0
new_desert_primary	EctABC__CoxCut	Gp7-AA6	5	5	0	0	0	4	0	0.0
new_desert_primary	EctABC__CoxCut	Gp7-AA8	4	4	0	0	0	4	0	0.0
new_desert_primary	EctABC__CoxCut	HRBIN12	5	2	3	0	0	2	1	0.0
new_desert_primary	EctABC__CoxCut	Haliangiaceae	3	3	0	0	0	1	1	0.0
new_desert_primary	EctABC__CoxCut	Hymenobacteraceae	4	3	1	0	0	3	0	0.0
new_desert_primary	EctABC__CoxCut	Iamiaceae	1	0	1	0	0	1	0	0.0
new_desert_primary	EctABC__CoxCut	Ilumatobacteraceae	6	1	5	0	0	4	1	0.0
new_desert_primary	EctABC__CoxCut	JACCXJ01	4	4	0	0	0	3	0	0.0
new_desert_primary	EctABC__CoxCut	JACCXN01	1	1	0	0	0	1	0	0.0
new_desert_primary	EctABC__CoxCut	JACCYU01	2	2	0	0	0	2	0	0.0
new_desert_primary	EctABC__CoxCut	JACCYY01	2	1	1	0	0	2	0	0.0
new_desert_primary	EctABC__CoxCut	JACCZL01	1	0	1	0	0	1	0	0.0
new_desert_primary	EctABC__CoxCut	JACDBD01	1	0	1	0	0	1	0	0.0
new_desert_primary	EctABC__CoxCut	JACDBH01	2	2	0	0	0	1	0	0.0
new_desert_primary	EctABC__CoxCut	JACDCH01	1	0	1	0	0	1	0	0.0
new_desert_primary	EctABC__CoxCut	JACMKV01	1	1	0	0	0	1	0	0.0
new_desert_primary	EctABC__CoxCut	JACPNR01	1	1	0	0	0	1	0	0.0
new_desert_primary	EctABC__CoxCut	JACQTL01	1	0	1	0	0	1	0	0.0
new_desert_primary	EctABC__CoxCut	JACRBR01	1	1	0	0	0	1	0	0.0
new_desert_primary	EctABC__CoxCut	JADMIH01	4	1	3	0	0	3	0	0.0
new_desert_primary	EctABC__CoxCut	JAFGCY01	1	1	0	0	0	1	0	0.0
new_desert_primary	EctABC__CoxCut	JAGQNJ01	1	1	0	0	0	1	0	0.0
new_desert_primary	EctABC__CoxCut	JAHWKO01	4	4	0	0	0	2	1	0.0
new_desert_primary	EctABC__CoxCut	JAHWKV01	1	1	0	0	0	1	0	0.0
new_desert_primary	EctABC__CoxCut	JAHWLA01	1	1	0	0	0	1	0	0.0
new_desert_primary	EctABC__CoxCut	JAICKM01	1	0	1	0	0	1	0	0.0
new_desert_primary	EctABC__CoxCut	JAIEPX01	1	1	0	0	0	1	0	0.0
new_desert_primary	EctABC__CoxCut	JAKAEA01	2	2	0	0	0	1	0	0.0
new_desert_primary	EctABC__CoxCut	JALYHC01	1	0	1	0	0	1	0	0.0
new_desert_primary	EctABC__CoxCut	JALYJY01	1	1	0	0	0	1	0	0.0
new_desert_primary	EctABC__CoxCut	JALYLC01	1	0	1	0	0	1	0	0.0
new_desert_primary	EctABC__CoxCut	JALYMT01	1	1	0	0	0	1	0	0.0
new_desert_primary	EctABC__CoxCut	JALYMU01	2	1	1	0	0	1	0	0.0
new_desert_primary	EctABC__CoxCut	JALYNB01	1	0	1	0	0	1	0	0.0
new_desert_primary	EctABC__CoxCut	JALYNC01	1	1	0	0	0	1	0	0.0
new_desert_primary	EctABC__CoxCut	JALYOK01	1	1	0	0	0	1	0	0.0
new_desert_primary	EctABC__CoxCut	JALYQM01	2	2	0	0	0	1	0	0.0
new_desert_primary	EctABC__CoxCut	JALYUS01	3	0	3	0	0	2	0	0.0
new_desert_primary	EctABC__CoxCut	JALYXC01	1	1	0	0	0	1	0	0.0
new_desert_primary	EctABC__CoxCut	JALYXH01	1	1	0	0	0	1	0	0.0
new_desert_primary	EctABC__CoxCut	Jatrophihabitantaceae	6	2	4	0	0	4	0	0.0
new_desert_primary	EctABC__CoxCut	Kallotenuaceae	1	1	0	0	0	1	0	0.0
new_desert_primary	EctABC__CoxCut	Ktedonobacteraceae	5	2	3	0	0	3	0	0.0
new_desert_primary	EctABC__CoxCut	Longimicrobiaceae	5	4	1	0	0	2	1	0.0
new_desert_primary	EctABC__CoxCut	Microbacteriaceae	3	3	0	0	0	2	0	0.0
new_desert_primary	EctABC__CoxCut	Micrococcaceae	3	2	1	0	0	3	0	0.0
new_desert_primary	EctABC__CoxCut	Microcoleaceae	1	1	0	0	0	1	0	0.0
new_desert_primary	EctABC__CoxCut	Microtrichaceae	1	0	0	1	0	1	0	0.0
new_desert_primary	EctABC__CoxCut	Mycobacteriaceae	4	1	1	1	1	3	0	1.0
new_desert_primary	EctABC__CoxCut	Myxococcaceae	1	1	0	0	0	1	0	0.0
new_desert_primary	EctABC__CoxCut	Nakamurellaceae	3	1	2	0	0	2	0	0.0
new_desert_primary	EctABC__CoxCut	Nevskiaceae	1	1	0	0	0	1	0	0.0
new_desert_primary	EctABC__CoxCut	Nitrosomonadaceae	1	1	0	0	0	1	0	0.0
new_desert_primary	EctABC__CoxCut	Nitrospiraceae	1	1	0	0	0	1	0	0.0
new_desert_primary	EctABC__CoxCut	Nocardioidaceae	22	9	11	1	1	7	4	1.0909090909090908
new_desert_primary	EctABC__CoxCut	OLB10	1	1	0	0	0	1	0	0.0
new_desert_primary	EctABC__CoxCut	Oligoflexaceae	1	1	0	0	0	1	0	0.0
new_desert_primary	EctABC__CoxCut	P2-11E	10	6	4	0	0	4	1	0.0
new_desert_primary	EctABC__CoxCut	PALSA-1337	1	1	0	0	0	1	0	0.0
new_desert_primary	EctABC__CoxCut	PALSA-610	1	0	1	0	0	1	0	0.0
new_desert_primary	EctABC__CoxCut	PHOS-HE28	1	1	0	0	0	1	0	0.0
new_desert_primary	EctABC__CoxCut	PJMF01	1	1	0	0	0	1	0	0.0
new_desert_primary	EctABC__CoxCut	Palsa-688	6	3	3	0	0	3	1	0.0
new_desert_primary	EctABC__CoxCut	Palsa-965	1	1	0	0	0	1	0	0.0
new_desert_primary	EctABC__CoxCut	Planctomycetaceae	1	1	0	0	0	1	0	0.0
new_desert_primary	EctABC__CoxCut	Polyangiaceae	4	4	0	0	0	2	1	0.0
new_desert_primary	EctABC__CoxCut	Pseudomonadaceae	1	1	0	0	0	1	0	0.0
new_desert_primary	EctABC__CoxCut	Pseudonocardiaceae	19	8	5	2	4	12	1	2.8421052631578947
new_desert_primary	EctABC__CoxCut	Pyrinomonadaceae	34	29	5	0	0	10	5	0.0
new_desert_primary	EctABC__CoxCut	QHBO01	13	13	0	0	0	10	1	0.0
new_desert_primary	EctABC__CoxCut	QHCA01	2	0	2	0	0	2	0	0.0
new_desert_primary	EctABC__CoxCut	RBC074	1	1	0	0	0	1	0	0.0
new_desert_primary	EctABC__CoxCut	Rhizobiaceae	1	0	1	0	0	1	0	0.0
new_desert_primary	EctABC__CoxCut	Rhodanobacteraceae	2	2	0	0	0	2	0	0.0
new_desert_primary	EctABC__CoxCut	Roseiflexaceae	1	1	0	0	0	1	0	0.0
new_desert_primary	EctABC__CoxCut	Rubrobacteraceae	42	24	18	0	0	15	6	0.0
new_desert_primary	EctABC__CoxCut	SCN-69-37	2	2	0	0	0	1	0	0.0
new_desert_primary	EctABC__CoxCut	SCTD01	6	3	3	0	0	4	1	0.0
new_desert_primary	EctABC__CoxCut	SG8-39	1	0	1	0	0	1	0	0.0
new_desert_primary	EctABC__CoxCut	SICC01	1	1	0	0	0	1	0	0.0
new_desert_primary	EctABC__CoxCut	SZUA-47	2	2	0	0	0	1	0	0.0
new_desert_primary	EctABC__CoxCut	Sandaracinaceae	1	0	0	1	0	1	0	0.0
new_desert_primary	EctABC__CoxCut	Saprospiraceae	2	2	0	0	0	1	0	0.0
new_desert_primary	EctABC__CoxCut	SbA1	1	1	0	0	0	1	0	0.0
new_desert_primary	EctABC__CoxCut	Solirubrobacteraceae	28	7	21	0	0	11	2	0.0
new_desert_primary	EctABC__CoxCut	Sphingobacteriaceae	2	2	0	0	0	1	0	0.0
new_desert_primary	EctABC__CoxCut	Sphingomonadaceae	19	19	0	0	0	9	2	0.0
new_desert_primary	EctABC__CoxCut	Steroidobacteraceae	8	8	0	0	0	3	1	0.0
new_desert_primary	EctABC__CoxCut	Streptosporangiaceae	2	0	2	0	0	2	0	0.0
new_desert_primary	EctABC__CoxCut	Tepidisphaeraceae	2	2	0	0	0	2	0	0.0
new_desert_primary	EctABC__CoxCut	Thermobaculaceae	3	2	1	0	0	3	0	0.0
new_desert_primary	EctABC__CoxCut	Thermoleophilaceae	9	8	1	0	0	7	0	0.0
new_desert_primary	EctABC__CoxCut	Trueperaceae	2	2	0	0	0	1	0	0.0
new_desert_primary	EctABC__CoxCut	UBA10450	20	20	0	0	0	7	3	0.0
new_desert_primary	EctABC__CoxCut	UBA11236	1	1	0	0	0	1	0	0.0
new_desert_primary	EctABC__CoxCut	UBA12225	1	1	0	0	0	1	0	0.0
new_desert_primary	EctABC__CoxCut	UBA4738	1	1	0	0	0	1	0	0.0
new_desert_primary	EctABC__CoxCut	UBA5704	1	1	0	0	0	1	0	0.0
new_desert_primary	EctABC__CoxCut	UBA5794	1	0	1	0	0	1	0	0.0
new_desert_primary	EctABC__CoxCut	UBA6265	17	8	9	0	0	6	2	0.0
new_desert_primary	EctABC__CoxCut	UBA7541	2	2	0	0	0	2	0	0.0
new_desert_primary	EctABC__CoxCut	UBA920	1	1	0	0	0	1	0	0.0
new_desert_primary	EctABC__CoxCut	UBA9219	1	1	0	0	0	1	0	0.0
new_desert_primary	EctABC__CoxCut	UBA9968	1	1	0	0	0	1	0	0.0
new_desert_primary	EctABC__CoxCut	UBA9973	3	3	0	0	0	2	0	0.0
new_desert_primary	EctABC__CoxCut	Usitatibacteraceae	1	1	0	0	0	1	0	0.0
new_desert_primary	EctABC__CoxCut	Villigracilaceae	2	2	0	0	0	2	0	0.0
new_desert_primary	EctABC__CoxCut	Vulcanimicrobiaceae	14	13	1	0	0	4	2	0.0
new_desert_primary	EctABC__CoxCut	WHSQ01	29	22	7	0	0	11	3	0.0
new_desert_primary	EctABC__CoxCut	Xanthobacteraceae	1	1	0	0	0	1	0	0.0
new_desert_primary	EctABC__CoxCut	Xanthomonadaceae	10	10	0	0	0	3	2	0.0
new_desert_primary	EctABC__CoxCut	ZC4RG35	2	2	0	0	0	2	0	0.0
new_desert_primary	EctABC__CoxCut	Zambryskibacteraceae	1	1	0	0	0	1	0	0.0
new_desert_primary	BetAB__CoxCut	2-12-FULL-35-15	1	1	0	0	0	1	0	0.0
new_desert_primary	BetAB__CoxCut	2-12-FULL-66-21	5	5	0	0	0	3	1	0.0
new_desert_primary	BetAB__CoxCut	70-9	10	10	0	0	0	6	2	0.0
new_desert_primary	BetAB__CoxCut	AC-14	12	10	2	0	0	8	1	0.0
new_desert_primary	BetAB__CoxCut	ATM1	1	1	0	0	0	1	0	0.0
new_desert_primary	BetAB__CoxCut	Abditibacteriaceae	1	1	0	0	0	1	0	0.0
new_desert_primary	BetAB__CoxCut	Acetobacteraceae	2	2	0	0	0	2	0	0.0
new_desert_primary	BetAB__CoxCut	Acidobacteriaceae	4	4	0	0	0	3	0	0.0
new_desert_primary	BetAB__CoxCut	Aeolococcaceae	3	3	0	0	0	2	0	0.0
new_desert_primary	BetAB__CoxCut	Aestuariivirgaceae	1	0	1	0	0	1	0	0.0
new_desert_primary	BetAB__CoxCut	Afifellaceae	1	0	0	1	0	1	0	0.0
new_desert_primary	BetAB__CoxCut	Angustibacteraceae	1	0	1	0	0	1	0	0.0
new_desert_primary	BetAB__CoxCut	Ardenticatenaceae	1	0	1	0	0	1	0	0.0
new_desert_primary	BetAB__CoxCut	B-1AR	2	2	0	0	0	1	0	0.0
new_desert_primary	BetAB__CoxCut	BP-133	1	0	1	0	0	1	0	0.0
new_desert_primary	BetAB__CoxCut	Beijerinckiaceae	4	3	1	0	0	3	0	0.0
new_desert_primary	BetAB__CoxCut	Bryobacteraceae	14	13	1	0	0	4	3	0.0
new_desert_primary	BetAB__CoxCut	Burkholderiaceae	19	15	3	1	0	6	4	0.15789473684210525
new_desert_primary	BetAB__CoxCut	CADCSY01	4	4	0	0	0	2	1	0.0
new_desert_primary	BetAB__CoxCut	CADCTF01	1	1	0	0	0	1	0	0.0
new_desert_primary	BetAB__CoxCut	CADCWN01	1	0	1	0	0	1	0	0.0
new_desert_primary	BetAB__CoxCut	CAILMK01	1	1	0	0	0	1	0	0.0
new_desert_primary	BetAB__CoxCut	CALAEC01	2	2	0	0	0	2	0	0.0
new_desert_primary	BetAB__CoxCut	CALGFH01	1	0	1	0	0	1	0	0.0
new_desert_primary	BetAB__CoxCut	CF-121	3	2	1	0	0	1	1	0.0
new_desert_primary	BetAB__CoxCut	CF-72	1	0	1	0	0	1	0	0.0
new_desert_primary	BetAB__CoxCut	CFX8	1	1	0	0	0	1	0	0.0
new_desert_primary	BetAB__CoxCut	CSP1-4	11	9	1	0	1	9	1	0.18181818181818182
new_desert_primary	BetAB__CoxCut	Caldilineaceae	1	1	0	0	0	1	0	0.0
new_desert_primary	BetAB__CoxCut	Capsulimonadaceae	1	1	0	0	0	1	0	0.0
new_desert_primary	BetAB__CoxCut	Casimicrobiaceae	5	3	2	0	0	2	1	0.0
new_desert_primary	BetAB__CoxCut	Caulobacteraceae	4	4	0	0	0	4	0	0.0
new_desert_primary	BetAB__CoxCut	Cellulomonadaceae	1	1	0	0	0	1	0	0.0
new_desert_primary	BetAB__CoxCut	Chitinophagaceae	14	13	1	0	0	7	1	0.0
new_desert_primary	BetAB__CoxCut	Chthoniobacteraceae	2	2	0	0	0	2	0	0.0
new_desert_primary	BetAB__CoxCut	Coleofasciculaceae	1	1	0	0	0	1	0	0.0
new_desert_primary	BetAB__CoxCut	Competibacteraceae	1	1	0	0	0	1	0	0.0
new_desert_primary	BetAB__CoxCut	Cyclobacteriaceae	3	3	0	0	0	2	0	0.0
new_desert_primary	BetAB__CoxCut	DASRZA01	1	1	0	0	0	1	0	0.0
new_desert_primary	BetAB__CoxCut	DASYVL01	1	1	0	0	0	1	0	0.0
new_desert_primary	BetAB__CoxCut	DASZGP01	2	2	0	0	0	2	0	0.0
new_desert_primary	BetAB__CoxCut	Dermatophilaceae	8	5	2	0	1	3	2	0.375
new_desert_primary	BetAB__CoxCut	Dormibacteraceae	11	2	9	0	0	3	1	0.0
new_desert_primary	BetAB__CoxCut	Egibacteraceae	9	5	4	0	0	6	1	0.0
new_desert_primary	BetAB__CoxCut	Eremiobacteraceae	4	4	0	0	0	2	1	0.0
new_desert_primary	BetAB__CoxCut	GCA-2861595	7	7	0	0	0	3	1	0.0
new_desert_primary	BetAB__CoxCut	GWC2-71-9	4	2	2	0	0	3	0	0.0
new_desert_primary	BetAB__CoxCut	Gaiellaceae	27	15	12	0	0	13	4	0.0
new_desert_primary	BetAB__CoxCut	Gallionellaceae	1	1	0	0	0	1	0	0.0
new_desert_primary	BetAB__CoxCut	Gemmatimonadaceae	25	23	2	0	0	10	3	0.0
new_desert_primary	BetAB__CoxCut	Geodermatophilaceae	10	1	8	0	1	5	1	0.9
new_desert_primary	BetAB__CoxCut	Gp7-AA6	5	5	0	0	0	4	0	0.0
new_desert_primary	BetAB__CoxCut	Gp7-AA8	4	4	0	0	0	4	0	0.0
new_desert_primary	BetAB__CoxCut	HRBIN12	5	2	3	0	0	2	1	0.0
new_desert_primary	BetAB__CoxCut	Haliangiaceae	3	3	0	0	0	1	1	0.0
new_desert_primary	BetAB__CoxCut	Hymenobacteraceae	4	3	1	0	0	3	0	0.0
new_desert_primary	BetAB__CoxCut	Iamiaceae	1	0	1	0	0	1	0	0.0
new_desert_primary	BetAB__CoxCut	Ilumatobacteraceae	6	1	5	0	0	4	1	0.0
new_desert_primary	BetAB__CoxCut	JACCXJ01	4	4	0	0	0	3	0	0.0
new_desert_primary	BetAB__CoxCut	JACCXN01	1	1	0	0	0	1	0	0.0
new_desert_primary	BetAB__CoxCut	JACCYU01	2	2	0	0	0	2	0	0.0
new_desert_primary	BetAB__CoxCut	JACCYY01	2	1	1	0	0	2	0	0.0
new_desert_primary	BetAB__CoxCut	JACCZL01	1	0	1	0	0	1	0	0.0
new_desert_primary	BetAB__CoxCut	JACDBD01	1	0	1	0	0	1	0	0.0
new_desert_primary	BetAB__CoxCut	JACDBH01	2	2	0	0	0	1	0	0.0
new_desert_primary	BetAB__CoxCut	JACDCH01	1	0	1	0	0	1	0	0.0
new_desert_primary	BetAB__CoxCut	JACMKV01	1	1	0	0	0	1	0	0.0
new_desert_primary	BetAB__CoxCut	JACPNR01	1	1	0	0	0	1	0	0.0
new_desert_primary	BetAB__CoxCut	JACQTL01	1	0	1	0	0	1	0	0.0
new_desert_primary	BetAB__CoxCut	JACRBR01	1	1	0	0	0	1	0	0.0
new_desert_primary	BetAB__CoxCut	JADMIH01	4	1	3	0	0	3	0	0.0
new_desert_primary	BetAB__CoxCut	JAFGCY01	1	1	0	0	0	1	0	0.0
new_desert_primary	BetAB__CoxCut	JAGQNJ01	1	1	0	0	0	1	0	0.0
new_desert_primary	BetAB__CoxCut	JAHWKO01	4	4	0	0	0	2	1	0.0
new_desert_primary	BetAB__CoxCut	JAHWKV01	1	1	0	0	0	1	0	0.0
new_desert_primary	BetAB__CoxCut	JAHWLA01	1	1	0	0	0	1	0	0.0
new_desert_primary	BetAB__CoxCut	JAICKM01	1	0	1	0	0	1	0	0.0
new_desert_primary	BetAB__CoxCut	JAIEPX01	1	1	0	0	0	1	0	0.0
new_desert_primary	BetAB__CoxCut	JAKAEA01	2	2	0	0	0	1	0	0.0
new_desert_primary	BetAB__CoxCut	JALYHC01	1	0	1	0	0	1	0	0.0
new_desert_primary	BetAB__CoxCut	JALYJY01	1	1	0	0	0	1	0	0.0
new_desert_primary	BetAB__CoxCut	JALYLC01	1	0	1	0	0	1	0	0.0
new_desert_primary	BetAB__CoxCut	JALYMT01	1	1	0	0	0	1	0	0.0
new_desert_primary	BetAB__CoxCut	JALYMU01	2	1	1	0	0	1	0	0.0
new_desert_primary	BetAB__CoxCut	JALYNB01	1	0	1	0	0	1	0	0.0
new_desert_primary	BetAB__CoxCut	JALYNC01	1	1	0	0	0	1	0	0.0
new_desert_primary	BetAB__CoxCut	JALYOK01	1	1	0	0	0	1	0	0.0
new_desert_primary	BetAB__CoxCut	JALYQM01	2	2	0	0	0	1	0	0.0
new_desert_primary	BetAB__CoxCut	JALYUS01	3	0	3	0	0	2	0	0.0
new_desert_primary	BetAB__CoxCut	JALYXC01	1	1	0	0	0	1	0	0.0
new_desert_primary	BetAB__CoxCut	JALYXH01	1	1	0	0	0	1	0	0.0
new_desert_primary	BetAB__CoxCut	Jatrophihabitantaceae	6	2	4	0	0	4	0	0.0
new_desert_primary	BetAB__CoxCut	Kallotenuaceae	1	1	0	0	0	1	0	0.0
new_desert_primary	BetAB__CoxCut	Ktedonobacteraceae	5	1	3	1	0	3	0	0.6
new_desert_primary	BetAB__CoxCut	Longimicrobiaceae	5	4	1	0	0	2	1	0.0
new_desert_primary	BetAB__CoxCut	Microbacteriaceae	3	3	0	0	0	2	0	0.0
new_desert_primary	BetAB__CoxCut	Micrococcaceae	3	1	0	1	1	3	0	0.6666666666666666
new_desert_primary	BetAB__CoxCut	Microcoleaceae	1	1	0	0	0	1	0	0.0
new_desert_primary	BetAB__CoxCut	Microtrichaceae	1	1	0	0	0	1	0	0.0
new_desert_primary	BetAB__CoxCut	Mycobacteriaceae	4	2	2	0	0	3	0	0.0
new_desert_primary	BetAB__CoxCut	Myxococcaceae	1	1	0	0	0	1	0	0.0
new_desert_primary	BetAB__CoxCut	Nakamurellaceae	3	1	2	0	0	2	0	0.0
new_desert_primary	BetAB__CoxCut	Nevskiaceae	1	1	0	0	0	1	0	0.0
new_desert_primary	BetAB__CoxCut	Nitrosomonadaceae	1	1	0	0	0	1	0	0.0
new_desert_primary	BetAB__CoxCut	Nitrospiraceae	1	1	0	0	0	1	0	0.0
new_desert_primary	BetAB__CoxCut	Nocardioidaceae	22	7	6	3	6	7	4	4.909090909090909
new_desert_primary	BetAB__CoxCut	OLB10	1	1	0	0	0	1	0	0.0
new_desert_primary	BetAB__CoxCut	Oligoflexaceae	1	1	0	0	0	1	0	0.0
new_desert_primary	BetAB__CoxCut	P2-11E	10	6	4	0	0	4	1	0.0
new_desert_primary	BetAB__CoxCut	PALSA-1337	1	1	0	0	0	1	0	0.0
new_desert_primary	BetAB__CoxCut	PALSA-610	1	0	1	0	0	1	0	0.0
new_desert_primary	BetAB__CoxCut	PHOS-HE28	1	1	0	0	0	1	0	0.0
new_desert_primary	BetAB__CoxCut	PJMF01	1	1	0	0	0	1	0	0.0
new_desert_primary	BetAB__CoxCut	Palsa-688	6	3	3	0	0	3	1	0.0
new_desert_primary	BetAB__CoxCut	Palsa-965	1	1	0	0	0	1	0	0.0
new_desert_primary	BetAB__CoxCut	Planctomycetaceae	1	1	0	0	0	1	0	0.0
new_desert_primary	BetAB__CoxCut	Polyangiaceae	4	4	0	0	0	2	1	0.0
new_desert_primary	BetAB__CoxCut	Pseudomonadaceae	1	0	0	1	0	1	0	0.0
new_desert_primary	BetAB__CoxCut	Pseudonocardiaceae	19	9	9	1	0	12	1	0.47368421052631576
new_desert_primary	BetAB__CoxCut	Pyrinomonadaceae	34	29	5	0	0	10	5	0.0
new_desert_primary	BetAB__CoxCut	QHBO01	13	13	0	0	0	10	1	0.0
new_desert_primary	BetAB__CoxCut	QHCA01	2	0	2	0	0	2	0	0.0
new_desert_primary	BetAB__CoxCut	RBC074	1	1	0	0	0	1	0	0.0
new_desert_primary	BetAB__CoxCut	Rhizobiaceae	1	0	0	0	1	1	0	1.0
new_desert_primary	BetAB__CoxCut	Rhodanobacteraceae	2	2	0	0	0	2	0	0.0
new_desert_primary	BetAB__CoxCut	Roseiflexaceae	1	1	0	0	0	1	0	0.0
new_desert_primary	BetAB__CoxCut	Rubrobacteraceae	42	24	18	0	0	15	6	0.0
new_desert_primary	BetAB__CoxCut	SCN-69-37	2	2	0	0	0	1	0	0.0
new_desert_primary	BetAB__CoxCut	SCTD01	6	3	3	0	0	4	1	0.0
new_desert_primary	BetAB__CoxCut	SG8-39	1	0	1	0	0	1	0	0.0
new_desert_primary	BetAB__CoxCut	SICC01	1	1	0	0	0	1	0	0.0
new_desert_primary	BetAB__CoxCut	SZUA-47	2	2	0	0	0	1	0	0.0
new_desert_primary	BetAB__CoxCut	Sandaracinaceae	1	1	0	0	0	1	0	0.0
new_desert_primary	BetAB__CoxCut	Saprospiraceae	2	2	0	0	0	1	0	0.0
new_desert_primary	BetAB__CoxCut	SbA1	1	1	0	0	0	1	0	0.0
new_desert_primary	BetAB__CoxCut	Solirubrobacteraceae	28	7	21	0	0	11	2	0.0
new_desert_primary	BetAB__CoxCut	Sphingobacteriaceae	2	2	0	0	0	1	0	0.0
new_desert_primary	BetAB__CoxCut	Sphingomonadaceae	19	19	0	0	0	9	2	0.0
new_desert_primary	BetAB__CoxCut	Steroidobacteraceae	8	4	0	4	0	3	1	0.0
new_desert_primary	BetAB__CoxCut	Streptosporangiaceae	2	0	1	0	1	2	0	1.0
new_desert_primary	BetAB__CoxCut	Tepidisphaeraceae	2	2	0	0	0	2	0	0.0
new_desert_primary	BetAB__CoxCut	Thermobaculaceae	3	2	1	0	0	3	0	0.0
new_desert_primary	BetAB__CoxCut	Thermoleophilaceae	9	8	1	0	0	7	0	0.0
new_desert_primary	BetAB__CoxCut	Trueperaceae	2	2	0	0	0	1	0	0.0
new_desert_primary	BetAB__CoxCut	UBA10450	20	20	0	0	0	7	3	0.0
new_desert_primary	BetAB__CoxCut	UBA11236	1	1	0	0	0	1	0	0.0
new_desert_primary	BetAB__CoxCut	UBA12225	1	1	0	0	0	1	0	0.0
new_desert_primary	BetAB__CoxCut	UBA4738	1	1	0	0	0	1	0	0.0
new_desert_primary	BetAB__CoxCut	UBA5704	1	1	0	0	0	1	0	0.0
new_desert_primary	BetAB__CoxCut	UBA5794	1	0	1	0	0	1	0	0.0
new_desert_primary	BetAB__CoxCut	UBA6265	17	8	9	0	0	6	2	0.0
new_desert_primary	BetAB__CoxCut	UBA7541	2	2	0	0	0	2	0	0.0
new_desert_primary	BetAB__CoxCut	UBA920	1	1	0	0	0	1	0	0.0
new_desert_primary	BetAB__CoxCut	UBA9219	1	1	0	0	0	1	0	0.0
new_desert_primary	BetAB__CoxCut	UBA9968	1	1	0	0	0	1	0	0.0
new_desert_primary	BetAB__CoxCut	UBA9973	3	3	0	0	0	2	0	0.0
new_desert_primary	BetAB__CoxCut	Usitatibacteraceae	1	1	0	0	0	1	0	0.0
new_desert_primary	BetAB__CoxCut	Villigracilaceae	2	2	0	0	0	2	0	0.0
new_desert_primary	BetAB__CoxCut	Vulcanimicrobiaceae	14	13	1	0	0	4	2	0.0
new_desert_primary	BetAB__CoxCut	WHSQ01	29	21	7	1	0	11	3	0.2413793103448276
new_desert_primary	BetAB__CoxCut	Xanthobacteraceae	1	1	0	0	0	1	0	0.0
new_desert_primary	BetAB__CoxCut	Xanthomonadaceae	10	10	0	0	0	3	2	0.0
new_desert_primary	BetAB__CoxCut	ZC4RG35	2	2	0	0	0	2	0	0.0
new_desert_primary	BetAB__CoxCut	Zambryskibacteraceae	1	1	0	0	0	1	0	0.0
new_desert_strict	KdpABC__CoxCut	2-12-FULL-35-15	1	1	0	0	0	1	0	0.0
new_desert_strict	KdpABC__CoxCut	2-12-FULL-66-21	1	1	0	0	0	1	0	0.0
new_desert_strict	KdpABC__CoxCut	AC-14	1	1	0	0	0	1	0	0.0
new_desert_strict	KdpABC__CoxCut	ATM1	1	1	0	0	0	1	0	0.0
new_desert_strict	KdpABC__CoxCut	Acidobacteriaceae	1	0	0	1	0	1	0	0.0
new_desert_strict	KdpABC__CoxCut	B-1AR	1	1	0	0	0	1	0	0.0
new_desert_strict	KdpABC__CoxCut	Beijerinckiaceae	1	1	0	0	0	1	0	0.0
new_desert_strict	KdpABC__CoxCut	Bryobacteraceae	2	0	0	2	0	2	0	0.0
new_desert_strict	KdpABC__CoxCut	Burkholderiaceae	6	3	0	2	1	4	0	0.5
new_desert_strict	KdpABC__CoxCut	Casimicrobiaceae	1	1	0	0	0	1	0	0.0
new_desert_strict	KdpABC__CoxCut	Chitinophagaceae	1	0	0	1	0	1	0	0.0
new_desert_strict	KdpABC__CoxCut	Dermatophilaceae	2	0	1	0	1	1	0	1.0
new_desert_strict	KdpABC__CoxCut	Dormibacteraceae	2	0	1	0	1	1	0	1.0
new_desert_strict	KdpABC__CoxCut	Eremiobacteraceae	2	1	0	1	0	2	0	0.0
new_desert_strict	KdpABC__CoxCut	GCA-2861595	4	4	0	0	0	3	0	0.0
new_desert_strict	KdpABC__CoxCut	GWC2-71-9	1	0	1	0	0	1	0	0.0
new_desert_strict	KdpABC__CoxCut	Gaiellaceae	2	0	2	0	0	2	0	0.0
new_desert_strict	KdpABC__CoxCut	Gemmatimonadaceae	4	2	0	2	0	4	0	0.0
new_desert_strict	KdpABC__CoxCut	Geodermatophilaceae	3	0	3	0	0	2	0	0.0
new_desert_strict	KdpABC__CoxCut	Gp7-AA6	1	1	0	0	0	1	0	0.0
new_desert_strict	KdpABC__CoxCut	Gp7-AA8	2	1	0	1	0	2	0	0.0
new_desert_strict	KdpABC__CoxCut	HRBIN12	2	0	1	1	0	1	0	0.5
new_desert_strict	KdpABC__CoxCut	Haliangiaceae	2	2	0	0	0	1	0	0.0
new_desert_strict	KdpABC__CoxCut	Ilumatobacteraceae	2	0	2	0	0	2	0	0.0
new_desert_strict	KdpABC__CoxCut	JACCXJ01	2	1	0	1	0	1	0	0.0
new_desert_strict	KdpABC__CoxCut	JACCXN01	1	1	0	0	0	1	0	0.0
new_desert_strict	KdpABC__CoxCut	JACDBH01	1	1	0	0	0	1	0	0.0
new_desert_strict	KdpABC__CoxCut	JACMKV01	1	1	0	0	0	1	0	0.0
new_desert_strict	KdpABC__CoxCut	JACPNR01	1	0	0	1	0	1	0	0.0
new_desert_strict	KdpABC__CoxCut	JACQTL01	1	0	1	0	0	1	0	0.0
new_desert_strict	KdpABC__CoxCut	JACRBR01	1	0	0	1	0	1	0	0.0
new_desert_strict	KdpABC__CoxCut	JADMIH01	2	0	2	0	0	1	0	0.0
new_desert_strict	KdpABC__CoxCut	JAGQNJ01	1	1	0	0	0	1	0	0.0
new_desert_strict	KdpABC__CoxCut	JAHWKO01	1	1	0	0	0	1	0	0.0
new_desert_strict	KdpABC__CoxCut	JAHWKV01	1	1	0	0	0	1	0	0.0
new_desert_strict	KdpABC__CoxCut	JAKAEA01	2	2	0	0	0	1	0	0.0
new_desert_strict	KdpABC__CoxCut	JALYHC01	1	0	1	0	0	1	0	0.0
new_desert_strict	KdpABC__CoxCut	JALYJY01	1	1	0	0	0	1	0	0.0
new_desert_strict	KdpABC__CoxCut	JALYNC01	1	1	0	0	0	1	0	0.0
new_desert_strict	KdpABC__CoxCut	JALYOK01	1	1	0	0	0	1	0	0.0
new_desert_strict	KdpABC__CoxCut	JALYQM01	1	1	0	0	0	1	0	0.0
new_desert_strict	KdpABC__CoxCut	JALYXH01	1	1	0	0	0	1	0	0.0
new_desert_strict	KdpABC__CoxCut	Jatrophihabitantaceae	4	0	1	0	3	4	0	3.0
new_desert_strict	KdpABC__CoxCut	Micrococcaceae	1	0	1	0	0	1	0	0.0
new_desert_strict	KdpABC__CoxCut	Myxococcaceae	1	1	0	0	0	1	0	0.0
new_desert_strict	KdpABC__CoxCut	Nakamurellaceae	2	0	1	0	1	2	0	1.0
new_desert_strict	KdpABC__CoxCut	Nevskiaceae	1	1	0	0	0	1	0	0.0
new_desert_strict	KdpABC__CoxCut	Nitrosomonadaceae	1	1	0	0	0	1	0	0.0
new_desert_strict	KdpABC__CoxCut	Nocardioidaceae	4	1	3	0	0	3	0	0.0
new_desert_strict	KdpABC__CoxCut	OLB10	1	1	0	0	0	1	0	0.0
new_desert_strict	KdpABC__CoxCut	PJMF01	1	1	0	0	0	1	0	0.0
new_desert_strict	KdpABC__CoxCut	Palsa-688	2	0	1	1	0	1	0	0.5
new_desert_strict	KdpABC__CoxCut	Palsa-965	1	1	0	0	0	1	0	0.0
new_desert_strict	KdpABC__CoxCut	Planctomycetaceae	1	1	0	0	0	1	0	0.0
new_desert_strict	KdpABC__CoxCut	Polyangiaceae	2	0	0	2	0	1	0	0.0
new_desert_strict	KdpABC__CoxCut	Pseudonocardiaceae	3	1	2	0	0	3	0	0.0
new_desert_strict	KdpABC__CoxCut	Pyrinomonadaceae	7	4	2	1	0	6	0	0.2857142857142857
new_desert_strict	KdpABC__CoxCut	QHBO01	4	3	0	1	0	4	0	0.0
new_desert_strict	KdpABC__CoxCut	QHCA01	1	0	1	0	0	1	0	0.0
new_desert_strict	KdpABC__CoxCut	Rubrobacteraceae	4	0	4	0	0	4	0	0.0
new_desert_strict	KdpABC__CoxCut	SCN-69-37	1	1	0	0	0	1	0	0.0
new_desert_strict	KdpABC__CoxCut	SZUA-47	2	2	0	0	0	1	0	0.0
new_desert_strict	KdpABC__CoxCut	Sandaracinaceae	1	1	0	0	0	1	0	0.0
new_desert_strict	KdpABC__CoxCut	Saprospiraceae	1	1	0	0	0	1	0	0.0
new_desert_strict	KdpABC__CoxCut	SbA1	1	0	0	1	0	1	0	0.0
new_desert_strict	KdpABC__CoxCut	Solirubrobacteraceae	1	0	0	0	1	1	0	1.0
new_desert_strict	KdpABC__CoxCut	Sphingobacteriaceae	1	0	0	1	0	1	0	0.0
new_desert_strict	KdpABC__CoxCut	Sphingomonadaceae	5	4	0	1	0	5	0	0.0
new_desert_strict	KdpABC__CoxCut	Steroidobacteraceae	6	1	0	5	0	2	1	0.0
new_desert_strict	KdpABC__CoxCut	Tepidisphaeraceae	1	0	0	1	0	1	0	0.0
new_desert_strict	KdpABC__CoxCut	Trueperaceae	1	1	0	0	0	1	0	0.0
new_desert_strict	KdpABC__CoxCut	UBA10450	3	3	0	0	0	2	0	0.0
new_desert_strict	KdpABC__CoxCut	UBA11236	1	1	0	0	0	1	0	0.0
new_desert_strict	KdpABC__CoxCut	UBA4738	1	1	0	0	0	1	0	0.0
new_desert_strict	KdpABC__CoxCut	UBA6265	1	0	1	0	0	1	0	0.0
new_desert_strict	KdpABC__CoxCut	UBA7541	1	0	0	1	0	1	0	0.0
new_desert_strict	KdpABC__CoxCut	UBA9219	1	0	0	1	0	1	0	0.0
new_desert_strict	KdpABC__CoxCut	UBA9973	3	3	0	0	0	2	0	0.0
new_desert_strict	KdpABC__CoxCut	Usitatibacteraceae	1	1	0	0	0	1	0	0.0
new_desert_strict	KdpABC__CoxCut	Vulcanimicrobiaceae	2	2	0	0	0	1	0	0.0
new_desert_strict	KdpABC__CoxCut	WHSQ01	9	5	4	0	0	5	2	0.0
new_desert_strict	KdpABC__CoxCut	Xanthomonadaceae	2	2	0	0	0	2	0	0.0
new_desert_strict	ProVWX__CoxCut	2-12-FULL-35-15	1	1	0	0	0	1	0	0.0
new_desert_strict	ProVWX__CoxCut	2-12-FULL-66-21	1	1	0	0	0	1	0	0.0
new_desert_strict	ProVWX__CoxCut	AC-14	1	1	0	0	0	1	0	0.0
new_desert_strict	ProVWX__CoxCut	ATM1	1	1	0	0	0	1	0	0.0
new_desert_strict	ProVWX__CoxCut	Acidobacteriaceae	1	1	0	0	0	1	0	0.0
new_desert_strict	ProVWX__CoxCut	B-1AR	1	1	0	0	0	1	0	0.0
new_desert_strict	ProVWX__CoxCut	Beijerinckiaceae	1	1	0	0	0	1	0	0.0
new_desert_strict	ProVWX__CoxCut	Bryobacteraceae	2	2	0	0	0	2	0	0.0
new_desert_strict	ProVWX__CoxCut	Burkholderiaceae	6	4	1	1	0	4	0	0.16666666666666666
new_desert_strict	ProVWX__CoxCut	Casimicrobiaceae	1	1	0	0	0	1	0	0.0
new_desert_strict	ProVWX__CoxCut	Chitinophagaceae	1	1	0	0	0	1	0	0.0
new_desert_strict	ProVWX__CoxCut	Dermatophilaceae	2	0	1	0	1	1	0	1.0
new_desert_strict	ProVWX__CoxCut	Dormibacteraceae	2	0	2	0	0	1	0	0.0
new_desert_strict	ProVWX__CoxCut	Eremiobacteraceae	2	2	0	0	0	2	0	0.0
new_desert_strict	ProVWX__CoxCut	GCA-2861595	4	4	0	0	0	3	0	0.0
new_desert_strict	ProVWX__CoxCut	GWC2-71-9	1	0	1	0	0	1	0	0.0
new_desert_strict	ProVWX__CoxCut	Gaiellaceae	2	0	1	0	1	2	0	1.0
new_desert_strict	ProVWX__CoxCut	Gemmatimonadaceae	4	4	0	0	0	4	0	0.0
new_desert_strict	ProVWX__CoxCut	Geodermatophilaceae	3	0	1	0	2	2	0	2.0
new_desert_strict	ProVWX__CoxCut	Gp7-AA6	1	1	0	0	0	1	0	0.0
new_desert_strict	ProVWX__CoxCut	Gp7-AA8	2	2	0	0	0	2	0	0.0
new_desert_strict	ProVWX__CoxCut	HRBIN12	2	1	1	0	0	1	0	0.0
new_desert_strict	ProVWX__CoxCut	Haliangiaceae	2	2	0	0	0	1	0	0.0
new_desert_strict	ProVWX__CoxCut	Ilumatobacteraceae	2	0	1	0	1	2	0	1.0
new_desert_strict	ProVWX__CoxCut	JACCXJ01	2	2	0	0	0	1	0	0.0
new_desert_strict	ProVWX__CoxCut	JACCXN01	1	1	0	0	0	1	0	0.0
new_desert_strict	ProVWX__CoxCut	JACDBH01	1	1	0	0	0	1	0	0.0
new_desert_strict	ProVWX__CoxCut	JACMKV01	1	1	0	0	0	1	0	0.0
new_desert_strict	ProVWX__CoxCut	JACPNR01	1	1	0	0	0	1	0	0.0
new_desert_strict	ProVWX__CoxCut	JACQTL01	1	0	1	0	0	1	0	0.0
new_desert_strict	ProVWX__CoxCut	JACRBR01	1	1	0	0	0	1	0	0.0
new_desert_strict	ProVWX__CoxCut	JADMIH01	2	0	2	0	0	1	0	0.0
new_desert_strict	ProVWX__CoxCut	JAGQNJ01	1	1	0	0	0	1	0	0.0
new_desert_strict	ProVWX__CoxCut	JAHWKO01	1	1	0	0	0	1	0	0.0
new_desert_strict	ProVWX__CoxCut	JAHWKV01	1	1	0	0	0	1	0	0.0
new_desert_strict	ProVWX__CoxCut	JAKAEA01	2	2	0	0	0	1	0	0.0
new_desert_strict	ProVWX__CoxCut	JALYHC01	1	0	1	0	0	1	0	0.0
new_desert_strict	ProVWX__CoxCut	JALYJY01	1	1	0	0	0	1	0	0.0
new_desert_strict	ProVWX__CoxCut	JALYNC01	1	1	0	0	0	1	0	0.0
new_desert_strict	ProVWX__CoxCut	JALYOK01	1	1	0	0	0	1	0	0.0
new_desert_strict	ProVWX__CoxCut	JALYQM01	1	1	0	0	0	1	0	0.0
new_desert_strict	ProVWX__CoxCut	JALYXH01	1	1	0	0	0	1	0	0.0
new_desert_strict	ProVWX__CoxCut	Jatrophihabitantaceae	4	0	4	0	0	4	0	0.0
new_desert_strict	ProVWX__CoxCut	Micrococcaceae	1	0	0	0	1	1	0	1.0
new_desert_strict	ProVWX__CoxCut	Myxococcaceae	1	1	0	0	0	1	0	0.0
new_desert_strict	ProVWX__CoxCut	Nakamurellaceae	2	0	2	0	0	2	0	0.0
new_desert_strict	ProVWX__CoxCut	Nevskiaceae	1	1	0	0	0	1	0	0.0
new_desert_strict	ProVWX__CoxCut	Nitrosomonadaceae	1	1	0	0	0	1	0	0.0
new_desert_strict	ProVWX__CoxCut	Nocardioidaceae	4	1	0	0	3	3	0	2.25
new_desert_strict	ProVWX__CoxCut	OLB10	1	1	0	0	0	1	0	0.0
new_desert_strict	ProVWX__CoxCut	PJMF01	1	1	0	0	0	1	0	0.0
new_desert_strict	ProVWX__CoxCut	Palsa-688	2	1	1	0	0	1	0	0.0
new_desert_strict	ProVWX__CoxCut	Palsa-965	1	1	0	0	0	1	0	0.0
new_desert_strict	ProVWX__CoxCut	Planctomycetaceae	1	1	0	0	0	1	0	0.0
new_desert_strict	ProVWX__CoxCut	Polyangiaceae	2	2	0	0	0	1	0	0.0
new_desert_strict	ProVWX__CoxCut	Pseudonocardiaceae	3	1	2	0	0	3	0	0.0
new_desert_strict	ProVWX__CoxCut	Pyrinomonadaceae	7	5	2	0	0	6	0	0.0
new_desert_strict	ProVWX__CoxCut	QHBO01	4	4	0	0	0	4	0	0.0
new_desert_strict	ProVWX__CoxCut	QHCA01	1	0	1	0	0	1	0	0.0
new_desert_strict	ProVWX__CoxCut	Rubrobacteraceae	4	0	2	0	2	4	0	2.0
new_desert_strict	ProVWX__CoxCut	SCN-69-37	1	1	0	0	0	1	0	0.0
new_desert_strict	ProVWX__CoxCut	SZUA-47	2	2	0	0	0	1	0	0.0
new_desert_strict	ProVWX__CoxCut	Sandaracinaceae	1	1	0	0	0	1	0	0.0
new_desert_strict	ProVWX__CoxCut	Saprospiraceae	1	1	0	0	0	1	0	0.0
new_desert_strict	ProVWX__CoxCut	SbA1	1	1	0	0	0	1	0	0.0
new_desert_strict	ProVWX__CoxCut	Solirubrobacteraceae	1	0	1	0	0	1	0	0.0
new_desert_strict	ProVWX__CoxCut	Sphingobacteriaceae	1	1	0	0	0	1	0	0.0
new_desert_strict	ProVWX__CoxCut	Sphingomonadaceae	5	5	0	0	0	5	0	0.0
new_desert_strict	ProVWX__CoxCut	Steroidobacteraceae	6	2	0	4	0	2	1	0.0
new_desert_strict	ProVWX__CoxCut	Tepidisphaeraceae	1	1	0	0	0	1	0	0.0
new_desert_strict	ProVWX__CoxCut	Trueperaceae	1	1	0	0	0	1	0	0.0
new_desert_strict	ProVWX__CoxCut	UBA10450	3	3	0	0	0	2	0	0.0
new_desert_strict	ProVWX__CoxCut	UBA11236	1	1	0	0	0	1	0	0.0
new_desert_strict	ProVWX__CoxCut	UBA4738	1	1	0	0	0	1	0	0.0
new_desert_strict	ProVWX__CoxCut	UBA6265	1	0	1	0	0	1	0	0.0
new_desert_strict	ProVWX__CoxCut	UBA7541	1	1	0	0	0	1	0	0.0
new_desert_strict	ProVWX__CoxCut	UBA9219	1	1	0	0	0	1	0	0.0
new_desert_strict	ProVWX__CoxCut	UBA9973	3	3	0	0	0	2	0	0.0
new_desert_strict	ProVWX__CoxCut	Usitatibacteraceae	1	1	0	0	0	1	0	0.0
new_desert_strict	ProVWX__CoxCut	Vulcanimicrobiaceae	2	2	0	0	0	1	0	0.0
new_desert_strict	ProVWX__CoxCut	WHSQ01	9	5	3	0	1	5	2	0.4444444444444444
new_desert_strict	ProVWX__CoxCut	Xanthomonadaceae	2	2	0	0	0	2	0	0.0
new_desert_strict	EctABC__CoxCut	2-12-FULL-35-15	1	1	0	0	0	1	0	0.0
new_desert_strict	EctABC__CoxCut	2-12-FULL-66-21	1	1	0	0	0	1	0	0.0
new_desert_strict	EctABC__CoxCut	AC-14	1	1	0	0	0	1	0	0.0
new_desert_strict	EctABC__CoxCut	ATM1	1	1	0	0	0	1	0	0.0
new_desert_strict	EctABC__CoxCut	Acidobacteriaceae	1	1	0	0	0	1	0	0.0
new_desert_strict	EctABC__CoxCut	B-1AR	1	1	0	0	0	1	0	0.0
new_desert_strict	EctABC__CoxCut	Beijerinckiaceae	1	1	0	0	0	1	0	0.0
new_desert_strict	EctABC__CoxCut	Bryobacteraceae	2	2	0	0	0	2	0	0.0
new_desert_strict	EctABC__CoxCut	Burkholderiaceae	6	5	1	0	0	4	0	0.0
new_desert_strict	EctABC__CoxCut	Casimicrobiaceae	1	1	0	0	0	1	0	0.0
new_desert_strict	EctABC__CoxCut	Chitinophagaceae	1	1	0	0	0	1	0	0.0
new_desert_strict	EctABC__CoxCut	Dermatophilaceae	2	0	2	0	0	1	0	0.0
new_desert_strict	EctABC__CoxCut	Dormibacteraceae	2	0	2	0	0	1	0	0.0
new_desert_strict	EctABC__CoxCut	Eremiobacteraceae	2	2	0	0	0	2	0	0.0
new_desert_strict	EctABC__CoxCut	GCA-2861595	4	4	0	0	0	3	0	0.0
new_desert_strict	EctABC__CoxCut	GWC2-71-9	1	0	1	0	0	1	0	0.0
new_desert_strict	EctABC__CoxCut	Gaiellaceae	2	0	2	0	0	2	0	0.0
new_desert_strict	EctABC__CoxCut	Gemmatimonadaceae	4	4	0	0	0	4	0	0.0
new_desert_strict	EctABC__CoxCut	Geodermatophilaceae	3	0	3	0	0	2	0	0.0
new_desert_strict	EctABC__CoxCut	Gp7-AA6	1	1	0	0	0	1	0	0.0
new_desert_strict	EctABC__CoxCut	Gp7-AA8	2	2	0	0	0	2	0	0.0
new_desert_strict	EctABC__CoxCut	HRBIN12	2	1	1	0	0	1	0	0.0
new_desert_strict	EctABC__CoxCut	Haliangiaceae	2	2	0	0	0	1	0	0.0
new_desert_strict	EctABC__CoxCut	Ilumatobacteraceae	2	0	2	0	0	2	0	0.0
new_desert_strict	EctABC__CoxCut	JACCXJ01	2	2	0	0	0	1	0	0.0
new_desert_strict	EctABC__CoxCut	JACCXN01	1	1	0	0	0	1	0	0.0
new_desert_strict	EctABC__CoxCut	JACDBH01	1	1	0	0	0	1	0	0.0
new_desert_strict	EctABC__CoxCut	JACMKV01	1	1	0	0	0	1	0	0.0
new_desert_strict	EctABC__CoxCut	JACPNR01	1	1	0	0	0	1	0	0.0
new_desert_strict	EctABC__CoxCut	JACQTL01	1	0	1	0	0	1	0	0.0
new_desert_strict	EctABC__CoxCut	JACRBR01	1	1	0	0	0	1	0	0.0
new_desert_strict	EctABC__CoxCut	JADMIH01	2	0	2	0	0	1	0	0.0
new_desert_strict	EctABC__CoxCut	JAGQNJ01	1	1	0	0	0	1	0	0.0
new_desert_strict	EctABC__CoxCut	JAHWKO01	1	1	0	0	0	1	0	0.0
new_desert_strict	EctABC__CoxCut	JAHWKV01	1	1	0	0	0	1	0	0.0
new_desert_strict	EctABC__CoxCut	JAKAEA01	2	2	0	0	0	1	0	0.0
new_desert_strict	EctABC__CoxCut	JALYHC01	1	0	1	0	0	1	0	0.0
new_desert_strict	EctABC__CoxCut	JALYJY01	1	1	0	0	0	1	0	0.0
new_desert_strict	EctABC__CoxCut	JALYNC01	1	1	0	0	0	1	0	0.0
new_desert_strict	EctABC__CoxCut	JALYOK01	1	1	0	0	0	1	0	0.0
new_desert_strict	EctABC__CoxCut	JALYQM01	1	1	0	0	0	1	0	0.0
new_desert_strict	EctABC__CoxCut	JALYXH01	1	1	0	0	0	1	0	0.0
new_desert_strict	EctABC__CoxCut	Jatrophihabitantaceae	4	0	4	0	0	4	0	0.0
new_desert_strict	EctABC__CoxCut	Micrococcaceae	1	0	1	0	0	1	0	0.0
new_desert_strict	EctABC__CoxCut	Myxococcaceae	1	1	0	0	0	1	0	0.0
new_desert_strict	EctABC__CoxCut	Nakamurellaceae	2	0	2	0	0	2	0	0.0
new_desert_strict	EctABC__CoxCut	Nevskiaceae	1	1	0	0	0	1	0	0.0
new_desert_strict	EctABC__CoxCut	Nitrosomonadaceae	1	1	0	0	0	1	0	0.0
new_desert_strict	EctABC__CoxCut	Nocardioidaceae	4	1	3	0	0	3	0	0.0
new_desert_strict	EctABC__CoxCut	OLB10	1	1	0	0	0	1	0	0.0
new_desert_strict	EctABC__CoxCut	PJMF01	1	1	0	0	0	1	0	0.0
new_desert_strict	EctABC__CoxCut	Palsa-688	2	1	1	0	0	1	0	0.0
new_desert_strict	EctABC__CoxCut	Palsa-965	1	1	0	0	0	1	0	0.0
new_desert_strict	EctABC__CoxCut	Planctomycetaceae	1	1	0	0	0	1	0	0.0
new_desert_strict	EctABC__CoxCut	Polyangiaceae	2	2	0	0	0	1	0	0.0
new_desert_strict	EctABC__CoxCut	Pseudonocardiaceae	3	1	2	0	0	3	0	0.0
new_desert_strict	EctABC__CoxCut	Pyrinomonadaceae	7	5	2	0	0	6	0	0.0
new_desert_strict	EctABC__CoxCut	QHBO01	4	4	0	0	0	4	0	0.0
new_desert_strict	EctABC__CoxCut	QHCA01	1	0	1	0	0	1	0	0.0
new_desert_strict	EctABC__CoxCut	Rubrobacteraceae	4	0	4	0	0	4	0	0.0
new_desert_strict	EctABC__CoxCut	SCN-69-37	1	1	0	0	0	1	0	0.0
new_desert_strict	EctABC__CoxCut	SZUA-47	2	2	0	0	0	1	0	0.0
new_desert_strict	EctABC__CoxCut	Sandaracinaceae	1	0	0	1	0	1	0	0.0
new_desert_strict	EctABC__CoxCut	Saprospiraceae	1	1	0	0	0	1	0	0.0
new_desert_strict	EctABC__CoxCut	SbA1	1	1	0	0	0	1	0	0.0
new_desert_strict	EctABC__CoxCut	Solirubrobacteraceae	1	0	1	0	0	1	0	0.0
new_desert_strict	EctABC__CoxCut	Sphingobacteriaceae	1	1	0	0	0	1	0	0.0
new_desert_strict	EctABC__CoxCut	Sphingomonadaceae	5	5	0	0	0	5	0	0.0
new_desert_strict	EctABC__CoxCut	Steroidobacteraceae	6	6	0	0	0	2	1	0.0
new_desert_strict	EctABC__CoxCut	Tepidisphaeraceae	1	1	0	0	0	1	0	0.0
new_desert_strict	EctABC__CoxCut	Trueperaceae	1	1	0	0	0	1	0	0.0
new_desert_strict	EctABC__CoxCut	UBA10450	3	3	0	0	0	2	0	0.0
new_desert_strict	EctABC__CoxCut	UBA11236	1	1	0	0	0	1	0	0.0
new_desert_strict	EctABC__CoxCut	UBA4738	1	1	0	0	0	1	0	0.0
new_desert_strict	EctABC__CoxCut	UBA6265	1	0	1	0	0	1	0	0.0
new_desert_strict	EctABC__CoxCut	UBA7541	1	1	0	0	0	1	0	0.0
new_desert_strict	EctABC__CoxCut	UBA9219	1	1	0	0	0	1	0	0.0
new_desert_strict	EctABC__CoxCut	UBA9973	3	3	0	0	0	2	0	0.0
new_desert_strict	EctABC__CoxCut	Usitatibacteraceae	1	1	0	0	0	1	0	0.0
new_desert_strict	EctABC__CoxCut	Vulcanimicrobiaceae	2	2	0	0	0	1	0	0.0
new_desert_strict	EctABC__CoxCut	WHSQ01	9	5	4	0	0	5	2	0.0
new_desert_strict	EctABC__CoxCut	Xanthomonadaceae	2	2	0	0	0	2	0	0.0
new_desert_strict	BetAB__CoxCut	2-12-FULL-35-15	1	1	0	0	0	1	0	0.0
new_desert_strict	BetAB__CoxCut	2-12-FULL-66-21	1	1	0	0	0	1	0	0.0
new_desert_strict	BetAB__CoxCut	AC-14	1	1	0	0	0	1	0	0.0
new_desert_strict	BetAB__CoxCut	ATM1	1	1	0	0	0	1	0	0.0
new_desert_strict	BetAB__CoxCut	Acidobacteriaceae	1	1	0	0	0	1	0	0.0
new_desert_strict	BetAB__CoxCut	B-1AR	1	1	0	0	0	1	0	0.0
new_desert_strict	BetAB__CoxCut	Beijerinckiaceae	1	1	0	0	0	1	0	0.0
new_desert_strict	BetAB__CoxCut	Bryobacteraceae	2	2	0	0	0	2	0	0.0
new_desert_strict	BetAB__CoxCut	Burkholderiaceae	6	4	1	1	0	4	0	0.16666666666666666
new_desert_strict	BetAB__CoxCut	Casimicrobiaceae	1	1	0	0	0	1	0	0.0
new_desert_strict	BetAB__CoxCut	Chitinophagaceae	1	1	0	0	0	1	0	0.0
new_desert_strict	BetAB__CoxCut	Dermatophilaceae	2	0	1	0	1	1	0	1.0
new_desert_strict	BetAB__CoxCut	Dormibacteraceae	2	0	2	0	0	1	0	0.0
new_desert_strict	BetAB__CoxCut	Eremiobacteraceae	2	2	0	0	0	2	0	0.0
new_desert_strict	BetAB__CoxCut	GCA-2861595	4	4	0	0	0	3	0	0.0
new_desert_strict	BetAB__CoxCut	GWC2-71-9	1	0	1	0	0	1	0	0.0
new_desert_strict	BetAB__CoxCut	Gaiellaceae	2	0	2	0	0	2	0	0.0
new_desert_strict	BetAB__CoxCut	Gemmatimonadaceae	4	4	0	0	0	4	0	0.0
new_desert_strict	BetAB__CoxCut	Geodermatophilaceae	3	0	2	0	1	2	0	1.0
new_desert_strict	BetAB__CoxCut	Gp7-AA6	1	1	0	0	0	1	0	0.0
new_desert_strict	BetAB__CoxCut	Gp7-AA8	2	2	0	0	0	2	0	0.0
new_desert_strict	BetAB__CoxCut	HRBIN12	2	1	1	0	0	1	0	0.0
new_desert_strict	BetAB__CoxCut	Haliangiaceae	2	2	0	0	0	1	0	0.0
new_desert_strict	BetAB__CoxCut	Ilumatobacteraceae	2	0	2	0	0	2	0	0.0
new_desert_strict	BetAB__CoxCut	JACCXJ01	2	2	0	0	0	1	0	0.0
new_desert_strict	BetAB__CoxCut	JACCXN01	1	1	0	0	0	1	0	0.0
new_desert_strict	BetAB__CoxCut	JACDBH01	1	1	0	0	0	1	0	0.0
new_desert_strict	BetAB__CoxCut	JACMKV01	1	1	0	0	0	1	0	0.0
new_desert_strict	BetAB__CoxCut	JACPNR01	1	1	0	0	0	1	0	0.0
new_desert_strict	BetAB__CoxCut	JACQTL01	1	0	1	0	0	1	0	0.0
new_desert_strict	BetAB__CoxCut	JACRBR01	1	1	0	0	0	1	0	0.0
new_desert_strict	BetAB__CoxCut	JADMIH01	2	0	2	0	0	1	0	0.0
new_desert_strict	BetAB__CoxCut	JAGQNJ01	1	1	0	0	0	1	0	0.0
new_desert_strict	BetAB__CoxCut	JAHWKO01	1	1	0	0	0	1	0	0.0
new_desert_strict	BetAB__CoxCut	JAHWKV01	1	1	0	0	0	1	0	0.0
new_desert_strict	BetAB__CoxCut	JAKAEA01	2	2	0	0	0	1	0	0.0
new_desert_strict	BetAB__CoxCut	JALYHC01	1	0	1	0	0	1	0	0.0
new_desert_strict	BetAB__CoxCut	JALYJY01	1	1	0	0	0	1	0	0.0
new_desert_strict	BetAB__CoxCut	JALYNC01	1	1	0	0	0	1	0	0.0
new_desert_strict	BetAB__CoxCut	JALYOK01	1	1	0	0	0	1	0	0.0
new_desert_strict	BetAB__CoxCut	JALYQM01	1	1	0	0	0	1	0	0.0
new_desert_strict	BetAB__CoxCut	JALYXH01	1	1	0	0	0	1	0	0.0
new_desert_strict	BetAB__CoxCut	Jatrophihabitantaceae	4	0	4	0	0	4	0	0.0
new_desert_strict	BetAB__CoxCut	Micrococcaceae	1	0	0	0	1	1	0	1.0
new_desert_strict	BetAB__CoxCut	Myxococcaceae	1	1	0	0	0	1	0	0.0
new_desert_strict	BetAB__CoxCut	Nakamurellaceae	2	0	2	0	0	2	0	0.0
new_desert_strict	BetAB__CoxCut	Nevskiaceae	1	1	0	0	0	1	0	0.0
new_desert_strict	BetAB__CoxCut	Nitrosomonadaceae	1	1	0	0	0	1	0	0.0
new_desert_strict	BetAB__CoxCut	Nocardioidaceae	4	1	1	0	2	3	0	1.5
new_desert_strict	BetAB__CoxCut	OLB10	1	1	0	0	0	1	0	0.0
new_desert_strict	BetAB__CoxCut	PJMF01	1	1	0	0	0	1	0	0.0
new_desert_strict	BetAB__CoxCut	Palsa-688	2	1	1	0	0	1	0	0.0
new_desert_strict	BetAB__CoxCut	Palsa-965	1	1	0	0	0	1	0	0.0
new_desert_strict	BetAB__CoxCut	Planctomycetaceae	1	1	0	0	0	1	0	0.0
new_desert_strict	BetAB__CoxCut	Polyangiaceae	2	2	0	0	0	1	0	0.0
new_desert_strict	BetAB__CoxCut	Pseudonocardiaceae	3	1	2	0	0	3	0	0.0
new_desert_strict	BetAB__CoxCut	Pyrinomonadaceae	7	5	2	0	0	6	0	0.0
new_desert_strict	BetAB__CoxCut	QHBO01	4	4	0	0	0	4	0	0.0
new_desert_strict	BetAB__CoxCut	QHCA01	1	0	1	0	0	1	0	0.0
new_desert_strict	BetAB__CoxCut	Rubrobacteraceae	4	0	4	0	0	4	0	0.0
new_desert_strict	BetAB__CoxCut	SCN-69-37	1	1	0	0	0	1	0	0.0
new_desert_strict	BetAB__CoxCut	SZUA-47	2	2	0	0	0	1	0	0.0
new_desert_strict	BetAB__CoxCut	Sandaracinaceae	1	1	0	0	0	1	0	0.0
new_desert_strict	BetAB__CoxCut	Saprospiraceae	1	1	0	0	0	1	0	0.0
new_desert_strict	BetAB__CoxCut	SbA1	1	1	0	0	0	1	0	0.0
new_desert_strict	BetAB__CoxCut	Solirubrobacteraceae	1	0	1	0	0	1	0	0.0
new_desert_strict	BetAB__CoxCut	Sphingobacteriaceae	1	1	0	0	0	1	0	0.0
new_desert_strict	BetAB__CoxCut	Sphingomonadaceae	5	5	0	0	0	5	0	0.0
new_desert_strict	BetAB__CoxCut	Steroidobacteraceae	6	2	0	4	0	2	1	0.0
new_desert_strict	BetAB__CoxCut	Tepidisphaeraceae	1	1	0	0	0	1	0	0.0
new_desert_strict	BetAB__CoxCut	Trueperaceae	1	1	0	0	0	1	0	0.0
new_desert_strict	BetAB__CoxCut	UBA10450	3	3	0	0	0	2	0	0.0
new_desert_strict	BetAB__CoxCut	UBA11236	1	1	0	0	0	1	0	0.0
new_desert_strict	BetAB__CoxCut	UBA4738	1	1	0	0	0	1	0	0.0
new_desert_strict	BetAB__CoxCut	UBA6265	1	0	1	0	0	1	0	0.0
new_desert_strict	BetAB__CoxCut	UBA7541	1	1	0	0	0	1	0	0.0
new_desert_strict	BetAB__CoxCut	UBA9219	1	1	0	0	0	1	0	0.0
new_desert_strict	BetAB__CoxCut	UBA9973	3	3	0	0	0	2	0	0.0
new_desert_strict	BetAB__CoxCut	Usitatibacteraceae	1	1	0	0	0	1	0	0.0
new_desert_strict	BetAB__CoxCut	Vulcanimicrobiaceae	2	2	0	0	0	1	0	0.0
new_desert_strict	BetAB__CoxCut	WHSQ01	9	5	4	0	0	5	2	0.0
new_desert_strict	BetAB__CoxCut	Xanthomonadaceae	2	2	0	0	0	2	0	0.0
