genome_id	dataset_id	checkm2_completeness	checkm2_contamination	lineage_id	collapsed_rank
GCA_050692375.1_genomic	australian_basalt_lava_tubes_bay_2025	90.24	3.68	B_L001	phylum
GCA_050693515.1_genomic	australian_basalt_lava_tubes_bay_2025	62.34	1.95	B_L001	phylum
GCA_050694915.1_genomic	australian_basalt_lava_tubes_bay_2025	51.92	2.97	B_L002	phylum
GCA_050695015.1_genomic	australian_basalt_lava_tubes_bay_2025	77.79	4.59	B_L002	phylum
GCA_050695035.1_genomic	australian_basalt_lava_tubes_bay_2025	54.15	0.97	B_L002	phylum
GCA_050695115.1_genomic	australian_basalt_lava_tubes_bay_2025	76.38	3.05	B_L002	phylum
GCA_050695135.1_genomic	australian_basalt_lava_tubes_bay_2025	82.43	3.38	B_L002	phylum
GCA_050695155.1_genomic	australian_basalt_lava_tubes_bay_2025	89.77	5.08	B_L002	phylum
GCA_050695175.1_genomic	australian_basalt_lava_tubes_bay_2025	53.26	4.91	B_L002	phylum
GCA_050695195.1_genomic	australian_basalt_lava_tubes_bay_2025	66.36	0.72	B_L002	phylum
GCA_050695295.1_genomic	australian_basalt_lava_tubes_bay_2025	51.86	6.53	B_L003	phylum
GCA_050695395.1_genomic	australian_basalt_lava_tubes_bay_2025	81.25	3.6	B_L002	phylum
GCA_050695455.1_genomic	australian_basalt_lava_tubes_bay_2025	83.5	0.47	B_L002	phylum
GCA_050695495.1_genomic	australian_basalt_lava_tubes_bay_2025	84.08	8.6	B_L002	phylum
GCA_050695595.1_genomic	australian_basalt_lava_tubes_bay_2025	64.32	8.35	B_L002	phylum
GCA_050695615.1_genomic	australian_basalt_lava_tubes_bay_2025	64.73	1.21	B_L002	phylum
GCA_050695655.1_genomic	australian_basalt_lava_tubes_bay_2025	92.37	3.8	B_L002	phylum
GCA_050695695.1_genomic	australian_basalt_lava_tubes_bay_2025	95.08	5.22	B_L002	phylum
GCA_050695715.1_genomic	australian_basalt_lava_tubes_bay_2025	59.86	2.23	B_L002	phylum
GCA_050695895.1_genomic	australian_basalt_lava_tubes_bay_2025	60.36	3.8	B_L002	phylum
GCA_050696095.1_genomic	australian_basalt_lava_tubes_bay_2025	88.23	5.06	B_L002	phylum
GCA_050696235.1_genomic	australian_basalt_lava_tubes_bay_2025	66.24	7.38	B_L005	phylum
GCA_050696255.1_genomic	australian_basalt_lava_tubes_bay_2025	56.17	4.6	B_L005	phylum
GCA_050696275.1_genomic	australian_basalt_lava_tubes_bay_2025	99.99	0.03	B_L005	phylum
GCA_050696315.1_genomic	australian_basalt_lava_tubes_bay_2025	64.37	0.47	B_L005	phylum
GCA_050696335.1_genomic	australian_basalt_lava_tubes_bay_2025	67.28	3.79	B_L005	phylum
GCA_050696435.1_genomic	australian_basalt_lava_tubes_bay_2025	85.53	2.41	B_L001	phylum
GCA_050696455.1_genomic	australian_basalt_lava_tubes_bay_2025	80.0	7.34	B_L001	phylum
GCA_050696475.1_genomic	australian_basalt_lava_tubes_bay_2025	66.23	0.2	B_L001	phylum
GCA_050696495.1_genomic	australian_basalt_lava_tubes_bay_2025	90.55	7.2	B_L001	phylum
GCA_050696515.1_genomic	australian_basalt_lava_tubes_bay_2025	89.54	4.0	B_L001	phylum
GCA_050696555.1_genomic	australian_basalt_lava_tubes_bay_2025	80.57	2.25	B_L001	phylum
GCA_050696575.1_genomic	australian_basalt_lava_tubes_bay_2025	81.11	6.45	B_L001	phylum
GCA_050696595.1_genomic	australian_basalt_lava_tubes_bay_2025	64.52	3.04	B_L001	phylum
GCA_050696635.1_genomic	australian_basalt_lava_tubes_bay_2025	84.63	4.04	B_L001	phylum
GCA_050696655.1_genomic	australian_basalt_lava_tubes_bay_2025	77.18	6.22	B_L001	phylum
GCA_050696695.1_genomic	australian_basalt_lava_tubes_bay_2025	52.94	7.57	B_L001	phylum
GCA_050696715.1_genomic	australian_basalt_lava_tubes_bay_2025	54.45	8.08	B_L001	phylum
GCA_050696735.1_genomic	australian_basalt_lava_tubes_bay_2025	56.01	6.23	B_L001	phylum
GCA_050696755.1_genomic	australian_basalt_lava_tubes_bay_2025	59.26	8.08	B_L001	phylum
GCA_050696775.1_genomic	australian_basalt_lava_tubes_bay_2025	50.27	8.51	B_L001	phylum
GCA_050696795.1_genomic	australian_basalt_lava_tubes_bay_2025	85.5	4.15	B_L001	phylum
GCA_050696815.1_genomic	australian_basalt_lava_tubes_bay_2025	93.95	0.93	B_L001	phylum
GCA_050696835.1_genomic	australian_basalt_lava_tubes_bay_2025	62.62	2.29	B_L001	phylum
GCA_050696855.1_genomic	australian_basalt_lava_tubes_bay_2025	95.53	1.06	B_L001	phylum
GCA_050696875.1_genomic	australian_basalt_lava_tubes_bay_2025	66.34	9.3	B_L001	phylum
GCA_050697015.1_genomic	australian_basalt_lava_tubes_bay_2025	91.74	1.23	B_L001	phylum
GCA_050697035.1_genomic	australian_basalt_lava_tubes_bay_2025	76.62	1.46	B_L001	phylum
GCA_050697075.1_genomic	australian_basalt_lava_tubes_bay_2025	93.46	3.84	B_L001	phylum
GCA_050697135.1_genomic	australian_basalt_lava_tubes_bay_2025	73.3	7.53	B_L001	phylum
GCA_050697175.1_genomic	australian_basalt_lava_tubes_bay_2025	77.8	1.47	B_L001	phylum
GCA_050697355.1_genomic	australian_basalt_lava_tubes_bay_2025	60.38	7.68	B_L001	phylum
GCA_050697375.1_genomic	australian_basalt_lava_tubes_bay_2025	82.93	1.88	B_L001	phylum
GCA_050697395.1_genomic	australian_basalt_lava_tubes_bay_2025	69.74	4.21	B_L001	phylum
GCA_050697415.1_genomic	australian_basalt_lava_tubes_bay_2025	55.68	8.31	B_L001	phylum
GCA_050697455.1_genomic	australian_basalt_lava_tubes_bay_2025	93.88	0.51	B_L001	phylum
GCA_050697615.1_genomic	australian_basalt_lava_tubes_bay_2025	86.95	2.73	B_L001	phylum
GCA_050698235.1_genomic	australian_basalt_lava_tubes_bay_2025	84.24	6.0	B_L001	phylum
GCA_050698355.1_genomic	australian_basalt_lava_tubes_bay_2025	89.3	4.5	B_L001	phylum
GCA_050698375.1_genomic	australian_basalt_lava_tubes_bay_2025	59.79	3.6	B_L001	phylum
GCA_050698395.1_genomic	australian_basalt_lava_tubes_bay_2025	65.07	7.38	B_L001	phylum
GCA_050698415.1_genomic	australian_basalt_lava_tubes_bay_2025	86.13	6.65	B_L001	phylum
GCA_050698435.1_genomic	australian_basalt_lava_tubes_bay_2025	57.95	2.79	B_L001	phylum
GCA_050698475.1_genomic	australian_basalt_lava_tubes_bay_2025	70.29	8.79	B_L001	phylum
GCA_050698535.1_genomic	australian_basalt_lava_tubes_bay_2025	55.94	5.98	B_L001	phylum
GCA_050698555.1_genomic	australian_basalt_lava_tubes_bay_2025	74.44	7.78	B_L001	phylum
GCA_050698575.1_genomic	australian_basalt_lava_tubes_bay_2025	84.08	6.44	B_L001	phylum
GCA_050698615.1_genomic	australian_basalt_lava_tubes_bay_2025	55.93	5.39	B_L001	phylum
GCA_050698655.1_genomic	australian_basalt_lava_tubes_bay_2025	50.72	4.22	B_L001	phylum
GCA_050698675.1_genomic	australian_basalt_lava_tubes_bay_2025	60.09	4.72	B_L001	phylum
GCA_050698715.1_genomic	australian_basalt_lava_tubes_bay_2025	54.99	5.38	B_L001	phylum
GCA_050698735.1_genomic	australian_basalt_lava_tubes_bay_2025	95.01	7.41	B_L001	phylum
GCA_050698755.1_genomic	australian_basalt_lava_tubes_bay_2025	85.03	4.29	B_L001	phylum
GCA_050698775.1_genomic	australian_basalt_lava_tubes_bay_2025	57.62	8.58	B_L001	phylum
GCA_050698795.1_genomic	australian_basalt_lava_tubes_bay_2025	89.19	8.07	B_L001	phylum
GCA_050698835.1_genomic	australian_basalt_lava_tubes_bay_2025	61.42	6.62	B_L001	phylum
GCA_050698875.1_genomic	australian_basalt_lava_tubes_bay_2025	89.19	4.34	B_L001	phylum
GCA_050698895.1_genomic	australian_basalt_lava_tubes_bay_2025	90.83	3.47	B_L001	phylum
GCA_050698915.1_genomic	australian_basalt_lava_tubes_bay_2025	66.67	3.72	B_L001	phylum
GCA_050698955.1_genomic	australian_basalt_lava_tubes_bay_2025	64.51	4.11	B_L001	phylum
GCA_050698975.1_genomic	australian_basalt_lava_tubes_bay_2025	78.58	4.82	B_L001	phylum
GCA_050699055.1_genomic	australian_basalt_lava_tubes_bay_2025	90.4	4.49	B_L001	phylum
GCA_050699135.1_genomic	australian_basalt_lava_tubes_bay_2025	52.3	6.11	B_L001	phylum
GCA_050699415.1_genomic	australian_basalt_lava_tubes_bay_2025	94.73	1.0	B_L001	phylum
GCA_050699475.1_genomic	australian_basalt_lava_tubes_bay_2025	79.66	6.54	B_L001	phylum
GCA_050699495.1_genomic	australian_basalt_lava_tubes_bay_2025	77.97	5.78	B_L001	phylum
GCA_050699515.1_genomic	australian_basalt_lava_tubes_bay_2025	90.02	4.69	B_L001	phylum
GCA_050699555.1_genomic	australian_basalt_lava_tubes_bay_2025	63.66	7.19	B_L001	phylum
GCA_050699575.1_genomic	australian_basalt_lava_tubes_bay_2025	96.68	1.56	B_L001	phylum
GCA_050699595.1_genomic	australian_basalt_lava_tubes_bay_2025	98.39	5.26	B_L001	phylum
GCA_050699635.1_genomic	australian_basalt_lava_tubes_bay_2025	96.9	3.64	B_L001	phylum
GCA_050699655.1_genomic	australian_basalt_lava_tubes_bay_2025	96.68	5.96	B_L001	phylum
GCA_050699695.1_genomic	australian_basalt_lava_tubes_bay_2025	63.79	0.89	B_L001	phylum
GCA_050699715.1_genomic	australian_basalt_lava_tubes_bay_2025	99.8	6.07	B_L001	phylum
GCA_050699755.1_genomic	australian_basalt_lava_tubes_bay_2025	86.38	8.31	B_L001	phylum
GCA_050699815.1_genomic	australian_basalt_lava_tubes_bay_2025	96.58	2.57	B_L001	phylum
GCA_050699895.1_genomic	australian_basalt_lava_tubes_bay_2025	85.43	2.06	B_L001	phylum
GCA_050699955.1_genomic	australian_basalt_lava_tubes_bay_2025	98.06	3.8	B_L001	phylum
GCA_050700055.1_genomic	australian_basalt_lava_tubes_bay_2025	100.0	5.32	B_L001	phylum
GCA_050700115.1_genomic	australian_basalt_lava_tubes_bay_2025	99.92	5.79	B_L001	phylum
GCA_050700535.1_genomic	australian_basalt_lava_tubes_bay_2025	96.5	2.07	B_L001	phylum
GCA_050700555.1_genomic	australian_basalt_lava_tubes_bay_2025	100.0	0.64	B_L001	phylum
GCA_050700575.1_genomic	australian_basalt_lava_tubes_bay_2025	55.71	9.28	B_L001	phylum
GCA_050700595.1_genomic	australian_basalt_lava_tubes_bay_2025	95.73	2.99	B_L001	phylum
GCA_050700615.1_genomic	australian_basalt_lava_tubes_bay_2025	82.31	2.0	B_L001	phylum
GCA_050700695.1_genomic	australian_basalt_lava_tubes_bay_2025	70.39	7.35	B_L001	phylum
GCA_050700745.1_genomic	australian_basalt_lava_tubes_bay_2025	51.19	1.06	B_L001	phylum
GCA_050700775.1_genomic	australian_basalt_lava_tubes_bay_2025	83.68	7.56	B_L001	phylum
GCA_050700795.1_genomic	australian_basalt_lava_tubes_bay_2025	63.09	0.25	B_L001	phylum
GCA_050700835.1_genomic	australian_basalt_lava_tubes_bay_2025	98.34	0.2	B_L001	phylum
GCA_050700875.1_genomic	australian_basalt_lava_tubes_bay_2025	72.22	1.74	B_L001	phylum
GCA_050700975.1_genomic	australian_basalt_lava_tubes_bay_2025	54.76	4.89	B_L001	phylum
GCA_050700995.1_genomic	australian_basalt_lava_tubes_bay_2025	88.49	3.23	B_L001	phylum
GCA_050701035.1_genomic	australian_basalt_lava_tubes_bay_2025	71.47	8.65	B_L001	phylum
GCA_050701095.1_genomic	australian_basalt_lava_tubes_bay_2025	58.91	9.52	B_L001	phylum
GCA_050701135.1_genomic	australian_basalt_lava_tubes_bay_2025	56.11	4.4	B_L001	phylum
GCA_050701175.1_genomic	australian_basalt_lava_tubes_bay_2025	55.93	5.85	B_L001	phylum
GCA_050701335.1_genomic	australian_basalt_lava_tubes_bay_2025	94.27	0.88	B_L001	phylum
GCA_050701375.1_genomic	australian_basalt_lava_tubes_bay_2025	65.74	1.65	B_L001	phylum
GCA_050701455.1_genomic	australian_basalt_lava_tubes_bay_2025	55.74	5.11	B_L001	phylum
GCA_050701475.1_genomic	australian_basalt_lava_tubes_bay_2025	82.96	4.74	B_L001	phylum
GCA_050701495.1_genomic	australian_basalt_lava_tubes_bay_2025	58.36	4.54	B_L001	phylum
GCA_050701555.1_genomic	australian_basalt_lava_tubes_bay_2025	51.81	5.42	B_L001	phylum
GCA_050701615.1_genomic	australian_basalt_lava_tubes_bay_2025	50.1	6.24	B_L001	phylum
GCA_050701675.1_genomic	australian_basalt_lava_tubes_bay_2025	99.11	4.41	B_L001	phylum
GCA_050701755.1_genomic	australian_basalt_lava_tubes_bay_2025	61.49	5.18	B_L001	phylum
GCA_050701835.1_genomic	australian_basalt_lava_tubes_bay_2025	99.97	0.61	B_L001	phylum
GCA_050701895.1_genomic	australian_basalt_lava_tubes_bay_2025	96.34	1.11	B_L001	phylum
GCA_050725375.1_genomic	australian_basalt_lava_tubes_bay_2025	82.91	0.57	B_L001	phylum
GCA_050725395.1_genomic	australian_basalt_lava_tubes_bay_2025	100.0	0.1	B_L006	class
GCA_050725455.1_genomic	australian_basalt_lava_tubes_bay_2025	56.69	1.28	B_L007	order
GCA_050725535.1_genomic	australian_basalt_lava_tubes_bay_2025	57.39	1.01	B_L006	class
GCA_050725575.1_genomic	australian_basalt_lava_tubes_bay_2025	100.0	0.86	B_L007	order
GCA_050725615.1_genomic	australian_basalt_lava_tubes_bay_2025	99.99	1.31	B_L007	order
GCA_050725655.1_genomic	australian_basalt_lava_tubes_bay_2025	100.0	0.35	B_L007	order
GCA_050725715.1_genomic	australian_basalt_lava_tubes_bay_2025	65.85	4.3	B_L008	order
GCA_050725835.1_genomic	australian_basalt_lava_tubes_bay_2025	99.72	5.4	B_L007	order
GCA_050725855.1_genomic	australian_basalt_lava_tubes_bay_2025	95.01	2.6	B_L008	order
GCA_050725875.1_genomic	australian_basalt_lava_tubes_bay_2025	54.67	7.44	B_L008	order
GCA_050725915.1_genomic	australian_basalt_lava_tubes_bay_2025	69.72	2.02	B_L008	order
GCA_050725935.1_genomic	australian_basalt_lava_tubes_bay_2025	70.07	4.21	B_L008	order
GCA_050725955.1_genomic	australian_basalt_lava_tubes_bay_2025	74.67	3.94	B_L008	order
GCA_050725975.1_genomic	australian_basalt_lava_tubes_bay_2025	94.91	6.97	B_L008	order
GCA_050725995.1_genomic	australian_basalt_lava_tubes_bay_2025	52.35	5.63	B_L008	order
GCA_050726075.1_genomic	australian_basalt_lava_tubes_bay_2025	53.8	8.1	B_L008	order
GCA_050726115.1_genomic	australian_basalt_lava_tubes_bay_2025	99.27	0.13	B_L008	order
GCA_050726135.1_genomic	australian_basalt_lava_tubes_bay_2025	57.79	2.79	B_L008	order
GCA_050726155.1_genomic	australian_basalt_lava_tubes_bay_2025	85.02	5.64	B_L008	order
GCA_050726215.1_genomic	australian_basalt_lava_tubes_bay_2025	83.39	3.21	B_L008	order
GCA_050728395.1_genomic	australian_basalt_lava_tubes_bay_2025	99.97	3.59	B_L008	order
GCA_050728415.1_genomic	australian_basalt_lava_tubes_bay_2025	93.84	7.58	B_L008	order
GCA_050728455.1_genomic	australian_basalt_lava_tubes_bay_2025	60.38	8.3	B_L008	order
GCA_050728495.1_genomic	australian_basalt_lava_tubes_bay_2025	90.25	2.96	B_L008	order
GCA_050728535.1_genomic	australian_basalt_lava_tubes_bay_2025	72.5	4.3	B_L008	order
GCA_050728555.1_genomic	australian_basalt_lava_tubes_bay_2025	63.32	4.44	B_L008	order
GCA_050728615.1_genomic	australian_basalt_lava_tubes_bay_2025	65.45	8.15	B_L008	order
GCA_050728635.1_genomic	australian_basalt_lava_tubes_bay_2025	55.17	1.42	B_L008	order
GCA_050728655.1_genomic	australian_basalt_lava_tubes_bay_2025	97.38	0.8	B_L008	order
GCA_050728675.1_genomic	australian_basalt_lava_tubes_bay_2025	68.28	4.38	B_L008	order
GCA_050728695.1_genomic	australian_basalt_lava_tubes_bay_2025	94.6	1.27	B_L008	order
GCA_050728715.1_genomic	australian_basalt_lava_tubes_bay_2025	92.15	5.54	B_L008	order
GCA_050728735.1_genomic	australian_basalt_lava_tubes_bay_2025	51.44	1.95	B_L008	order
GCA_050728755.1_genomic	australian_basalt_lava_tubes_bay_2025	90.29	1.56	B_L008	order
GCA_050728775.1_genomic	australian_basalt_lava_tubes_bay_2025	53.95	2.7	B_L008	order
GCA_050728795.1_genomic	australian_basalt_lava_tubes_bay_2025	51.53	6.02	B_L008	order
GCA_050728855.1_genomic	australian_basalt_lava_tubes_bay_2025	99.08	0.41	B_L010	order
GCA_050728895.1_genomic	australian_basalt_lava_tubes_bay_2025	88.41	2.03	B_L008	order
GCA_050728915.1_genomic	australian_basalt_lava_tubes_bay_2025	83.94	4.03	B_L010	order
GCA_050728995.1_genomic	australian_basalt_lava_tubes_bay_2025	100.0	0.7	B_L010	order
GCA_050729015.1_genomic	australian_basalt_lava_tubes_bay_2025	86.13	0.72	B_L010	order
GCA_050729355.1_genomic	australian_basalt_lava_tubes_bay_2025	86.2	2.2	B_L012	order
GCA_050729395.1_genomic	australian_basalt_lava_tubes_bay_2025	100.0	2.81	B_L012	order
GCA_050729475.1_genomic	australian_basalt_lava_tubes_bay_2025	91.83	4.4	B_L012	order
GCA_050729495.1_genomic	australian_basalt_lava_tubes_bay_2025	61.11	0.45	B_L012	order
GCA_050729515.1_genomic	australian_basalt_lava_tubes_bay_2025	100.0	0.0	B_L012	order
GCA_050729555.1_genomic	australian_basalt_lava_tubes_bay_2025	94.4	2.95	B_L013	order
GCA_050729575.1_genomic	australian_basalt_lava_tubes_bay_2025	50.55	1.23	B_L014	order
GCA_050729595.1_genomic	australian_basalt_lava_tubes_bay_2025	95.15	4.1	B_L012	order
GCA_050729675.1_genomic	australian_basalt_lava_tubes_bay_2025	55.8	2.72	B_L013	order
GCA_050729715.1_genomic	australian_basalt_lava_tubes_bay_2025	55.71	3.97	B_L013	order
GCA_050729755.1_genomic	australian_basalt_lava_tubes_bay_2025	61.08	0.62	B_L013	order
GCA_050729795.1_genomic	australian_basalt_lava_tubes_bay_2025	99.1	2.73	B_L013	order
GCA_050729815.1_genomic	australian_basalt_lava_tubes_bay_2025	99.56	2.38	B_L013	order
GCA_050729835.1_genomic	australian_basalt_lava_tubes_bay_2025	100.0	0.06	B_L013	order
GCA_050729855.1_genomic	australian_basalt_lava_tubes_bay_2025	54.05	4.54	B_L013	order
GCA_050729895.1_genomic	australian_basalt_lava_tubes_bay_2025	94.53	5.99	B_L013	order
GCA_050729935.1_genomic	australian_basalt_lava_tubes_bay_2025	73.48	1.61	B_L013	order
GCA_050729955.1_genomic	australian_basalt_lava_tubes_bay_2025	50.4	7.37	B_L013	order
GCA_050730055.1_genomic	australian_basalt_lava_tubes_bay_2025	94.11	2.6	B_L013	order
GCA_050730075.1_genomic	australian_basalt_lava_tubes_bay_2025	79.09	5.02	B_L013	order
GCA_050730095.1_genomic	australian_basalt_lava_tubes_bay_2025	82.53	4.66	B_L014	order
GCA_050730115.1_genomic	australian_basalt_lava_tubes_bay_2025	66.45	2.27	B_L014	order
GCA_050730135.1_genomic	australian_basalt_lava_tubes_bay_2025	55.69	6.19	B_L013	order
GCA_050730155.1_genomic	australian_basalt_lava_tubes_bay_2025	71.85	5.77	B_L014	order
GCA_050730175.1_genomic	australian_basalt_lava_tubes_bay_2025	99.72	5.87	B_L014	order
GCA_050730195.1_genomic	australian_basalt_lava_tubes_bay_2025	64.35	5.03	B_L014	order
GCA_050730215.1_genomic	australian_basalt_lava_tubes_bay_2025	62.8	7.11	B_L014	order
GCA_050730295.1_genomic	australian_basalt_lava_tubes_bay_2025	77.8	2.01	B_L014	order
GCA_050730335.1_genomic	australian_basalt_lava_tubes_bay_2025	52.46	4.14	B_L014	order
GCA_050730355.1_genomic	australian_basalt_lava_tubes_bay_2025	53.85	8.35	B_L014	order
GCA_050730415.1_genomic	australian_basalt_lava_tubes_bay_2025	77.52	1.57	B_L029	phylum
GCA_050730455.1_genomic	australian_basalt_lava_tubes_bay_2025	52.23	6.19	B_L030	phylum
GCA_050730535.1_genomic	australian_basalt_lava_tubes_bay_2025	58.41	3.71	B_L029	phylum
GCA_050730575.1_genomic	australian_basalt_lava_tubes_bay_2025	62.9	8.55	B_L029	phylum
GCA_050730595.1_genomic	australian_basalt_lava_tubes_bay_2025	81.87	2.58	B_L030	phylum
GCA_050730615.1_genomic	australian_basalt_lava_tubes_bay_2025	60.11	9.39	B_L029	phylum
GCA_050730635.1_genomic	australian_basalt_lava_tubes_bay_2025	79.33	4.76	B_L029	phylum
GCA_050730655.1_genomic	australian_basalt_lava_tubes_bay_2025	95.19	0.21	B_L029	phylum
GCA_050730675.1_genomic	australian_basalt_lava_tubes_bay_2025	93.6	1.72	B_L029	phylum
GCA_050730695.1_genomic	australian_basalt_lava_tubes_bay_2025	80.01	2.18	B_L030	phylum
GCA_050730715.1_genomic	australian_basalt_lava_tubes_bay_2025	64.81	9.15	B_L030	phylum
GCA_050730755.1_genomic	australian_basalt_lava_tubes_bay_2025	95.31	0.0	B_L030	phylum
GCA_050730765.1_genomic	australian_basalt_lava_tubes_bay_2025	84.74	2.84	B_L030	phylum
GCA_050730795.1_genomic	australian_basalt_lava_tubes_bay_2025	88.07	6.47	B_L031	phylum
GCA_050730815.1_genomic	australian_basalt_lava_tubes_bay_2025	84.85	0.68	B_L030	phylum
GCA_050730835.1_genomic	australian_basalt_lava_tubes_bay_2025	97.77	0.25	B_L030	phylum
GCA_050730915.1_genomic	australian_basalt_lava_tubes_bay_2025	90.85	5.7	B_L030	phylum
GCA_050730935.1_genomic	australian_basalt_lava_tubes_bay_2025	74.41	7.42	B_L031	phylum
GCA_050730955.1_genomic	australian_basalt_lava_tubes_bay_2025	57.58	9.1	B_L030	phylum
GCA_050730975.1_genomic	australian_basalt_lava_tubes_bay_2025	82.22	0.07	B_L030	phylum
GCA_050730995.1_genomic	australian_basalt_lava_tubes_bay_2025	65.05	6.06	B_L030	phylum
GCA_050731015.1_genomic	australian_basalt_lava_tubes_bay_2025	97.97	6.12	B_L032	phylum
GCA_050731195.1_genomic	australian_basalt_lava_tubes_bay_2025	80.14	5.33	B_L031	phylum
GCA_050731235.1_genomic	australian_basalt_lava_tubes_bay_2025	72.39	9.45	B_L031	phylum
GCA_050731255.1_genomic	australian_basalt_lava_tubes_bay_2025	91.72	5.21	B_L031	phylum
GCA_050731275.1_genomic	australian_basalt_lava_tubes_bay_2025	55.99	7.03	B_L031	phylum
GCA_050731335.1_genomic	australian_basalt_lava_tubes_bay_2025	67.21	2.4	B_L033	class
GCA_050731355.1_genomic	australian_basalt_lava_tubes_bay_2025	59.72	7.93	B_L033	class
GCA_050731375.1_genomic	australian_basalt_lava_tubes_bay_2025	92.63	5.78	B_L031	phylum
GCA_050731395.1_genomic	australian_basalt_lava_tubes_bay_2025	76.27	4.11	B_L033	class
GCA_050731455.1_genomic	australian_basalt_lava_tubes_bay_2025	55.19	3.72	B_L033	class
GCA_050731495.1_genomic	australian_basalt_lava_tubes_bay_2025	95.21	3.33	B_L033	class
GCA_050731595.1_genomic	australian_basalt_lava_tubes_bay_2025	56.08	0.93	B_L038	phylum
GCA_050731615.1_genomic	australian_basalt_lava_tubes_bay_2025	59.34	2.87	B_L038	phylum
GCA_050731995.1_genomic	australian_basalt_lava_tubes_bay_2025	99.35	3.29	B_L038	phylum
GCA_050732035.1_genomic	australian_basalt_lava_tubes_bay_2025	65.74	3.67	B_L038	phylum
GCA_050732055.1_genomic	australian_basalt_lava_tubes_bay_2025	87.82	9.41	B_L038	phylum
GCA_050732075.1_genomic	australian_basalt_lava_tubes_bay_2025	57.09	0.71	B_L038	phylum
GCA_050732175.1_genomic	australian_basalt_lava_tubes_bay_2025	92.39	8.44	B_L038	phylum
GCA_050732215.1_genomic	australian_basalt_lava_tubes_bay_2025	50.36	2.18	B_L038	phylum
GCA_050732315.1_genomic	australian_basalt_lava_tubes_bay_2025	97.19	3.32	B_L038	phylum
GCA_050732835.1_genomic	australian_basalt_lava_tubes_bay_2025	60.14	1.0	B_L040	phylum
GCA_050732955.1_genomic	australian_basalt_lava_tubes_bay_2025	73.84	0.54	B_L040	phylum
GCA_050732975.1_genomic	australian_basalt_lava_tubes_bay_2025	81.03	0.93	B_L040	phylum
GCA_050733015.1_genomic	australian_basalt_lava_tubes_bay_2025	83.52	4.78	B_L040	phylum
GCA_050733095.1_genomic	australian_basalt_lava_tubes_bay_2025	55.87	4.41	B_L040	phylum
GCA_050733115.1_genomic	australian_basalt_lava_tubes_bay_2025	74.64	1.18	B_L040	phylum
GCA_050733175.1_genomic	australian_basalt_lava_tubes_bay_2025	53.51	7.36	B_L040	phylum
GCA_050733235.1_genomic	australian_basalt_lava_tubes_bay_2025	65.65	4.71	B_L040	phylum
GCA_050733255.1_genomic	australian_basalt_lava_tubes_bay_2025	67.05	4.97	B_L040	phylum
GCA_050733335.1_genomic	australian_basalt_lava_tubes_bay_2025	75.23	2.23	B_L040	phylum
GCA_050733435.1_genomic	australian_basalt_lava_tubes_bay_2025	84.64	0.37	B_L040	phylum
GCA_050733475.1_genomic	australian_basalt_lava_tubes_bay_2025	52.24	6.67	B_L040	phylum
GCA_050733495.1_genomic	australian_basalt_lava_tubes_bay_2025	87.16	2.41	B_L040	phylum
GCA_050733535.1_genomic	australian_basalt_lava_tubes_bay_2025	94.77	3.61	B_L040	phylum
GCA_050733555.1_genomic	australian_basalt_lava_tubes_bay_2025	93.85	3.52	B_L040	phylum
GCA_050733635.1_genomic	australian_basalt_lava_tubes_bay_2025	69.61	3.98	B_L040	phylum
GCA_050733655.1_genomic	australian_basalt_lava_tubes_bay_2025	65.76	1.11	B_L040	phylum
GCA_050733715.1_genomic	australian_basalt_lava_tubes_bay_2025	75.05	1.41	B_L041	phylum
GCA_050733755.1_genomic	australian_basalt_lava_tubes_bay_2025	96.51	1.15	B_L042	phylum
GCA_050733775.1_genomic	australian_basalt_lava_tubes_bay_2025	93.61	1.96	B_L042	phylum
GCA_050733835.1_genomic	australian_basalt_lava_tubes_bay_2025	93.76	2.56	B_L042	phylum
GCA_050733855.1_genomic	australian_basalt_lava_tubes_bay_2025	75.63	0.05	B_L042	phylum
GCA_050733875.1_genomic	australian_basalt_lava_tubes_bay_2025	56.11	2.23	B_L042	phylum
GCA_050734135.1_genomic	australian_basalt_lava_tubes_bay_2025	90.41	0.59	B_L002	phylum
GCA_050734155.1_genomic	australian_basalt_lava_tubes_bay_2025	94.62	0.85	B_L002	phylum
GCA_050734185.1_genomic	australian_basalt_lava_tubes_bay_2025	93.6	0.88	B_L002	phylum
GCA_050734255.1_genomic	australian_basalt_lava_tubes_bay_2025	83.53	2.56	B_L002	phylum
GCA_050734395.1_genomic	australian_basalt_lava_tubes_bay_2025	91.05	0.96	B_L002	phylum
GCA_050734425.1_genomic	australian_basalt_lava_tubes_bay_2025	90.97	1.96	B_L002	phylum
GCA_050734495.1_genomic	australian_basalt_lava_tubes_bay_2025	96.32	2.68	B_L002	phylum
GCA_050734515.1_genomic	australian_basalt_lava_tubes_bay_2025	88.23	0.87	B_L002	phylum
GCA_050734615.1_genomic	australian_basalt_lava_tubes_bay_2025	89.2	2.6	B_L002	phylum
GCA_050734635.1_genomic	australian_basalt_lava_tubes_bay_2025	50.68	5.17	B_L002	phylum
GCA_050734715.1_genomic	australian_basalt_lava_tubes_bay_2025	85.73	6.95	B_L044	phylum
GCA_050734735.1_genomic	australian_basalt_lava_tubes_bay_2025	63.25	2.58	B_L002	phylum
GCA_050734755.1_genomic	australian_basalt_lava_tubes_bay_2025	78.32	1.62	B_L002	phylum
GCA_050734895.1_genomic	australian_basalt_lava_tubes_bay_2025	89.98	1.91	B_L002	phylum
GCA_050734915.1_genomic	australian_basalt_lava_tubes_bay_2025	91.28	1.55	B_L002	phylum
GCA_050735015.1_genomic	australian_basalt_lava_tubes_bay_2025	91.02	2.06	B_L002	phylum
GCA_050735535.1_genomic	australian_basalt_lava_tubes_bay_2025	70.52	5.79	B_L046	phylum
GCA_050735555.1_genomic	australian_basalt_lava_tubes_bay_2025	64.07	4.02	B_L046	phylum
GCA_050735795.1_genomic	australian_basalt_lava_tubes_bay_2025	54.64	4.06	B_L046	phylum
GCA_050735855.1_genomic	australian_basalt_lava_tubes_bay_2025	90.53	3.93	B_L046	phylum
GCA_050736075.1_genomic	australian_basalt_lava_tubes_bay_2025	78.63	1.04	B_L046	phylum
GCA_050736155.1_genomic	australian_basalt_lava_tubes_bay_2025	58.99	4.04	B_L046	phylum
GCA_050736335.1_genomic	australian_basalt_lava_tubes_bay_2025	70.87	3.47	B_L003	phylum
GCA_050736375.1_genomic	australian_basalt_lava_tubes_bay_2025	68.08	3.02	B_L046	phylum
GCA_050736455.1_genomic	australian_basalt_lava_tubes_bay_2025	93.1	0.49	B_L046	phylum
GCA_050736495.1_genomic	australian_basalt_lava_tubes_bay_2025	92.35	4.25	B_L046	phylum
GCA_050736555.1_genomic	australian_basalt_lava_tubes_bay_2025	84.43	2.52	B_L046	phylum
GCA_050736575.1_genomic	australian_basalt_lava_tubes_bay_2025	69.83	3.27	B_L046	phylum
GCA_050736615.1_genomic	australian_basalt_lava_tubes_bay_2025	93.87	4.12	B_L046	phylum
GCA_050736675.1_genomic	australian_basalt_lava_tubes_bay_2025	86.49	1.22	B_L046	phylum
GCA_050736695.1_genomic	australian_basalt_lava_tubes_bay_2025	96.21	1.16	B_L046	phylum
GCA_050736715.1_genomic	australian_basalt_lava_tubes_bay_2025	94.96	0.01	B_L046	phylum
GCA_050736815.1_genomic	australian_basalt_lava_tubes_bay_2025	76.27	2.43	B_L046	phylum
GCA_050736975.1_genomic	australian_basalt_lava_tubes_bay_2025	100.0	2.93	B_L044	phylum
GCA_050737075.1_genomic	australian_basalt_lava_tubes_bay_2025	99.98	0.68	B_L006	class
GCA_050737255.1_genomic	australian_basalt_lava_tubes_bay_2025	66.08	4.29	B_L044	phylum
GCA_050737335.1_genomic	australian_basalt_lava_tubes_bay_2025	91.36	7.22	B_L044	phylum
GCA_050737355.1_genomic	australian_basalt_lava_tubes_bay_2025	70.71	3.94	B_L044	phylum
GCA_050737375.1_genomic	australian_basalt_lava_tubes_bay_2025	76.16	2.47	B_L044	phylum
GCA_050737415.1_genomic	australian_basalt_lava_tubes_bay_2025	78.23	1.8	B_L006	class
GCA_050737435.1_genomic	australian_basalt_lava_tubes_bay_2025	95.26	3.32	B_L044	phylum
GCA_050737455.1_genomic	australian_basalt_lava_tubes_bay_2025	87.81	2.37	B_L044	phylum
GCA_050737475.1_genomic	australian_basalt_lava_tubes_bay_2025	92.37	2.82	B_L044	phylum
GCA_050737535.1_genomic	australian_basalt_lava_tubes_bay_2025	51.41	2.28	B_L044	phylum
GCA_050737555.1_genomic	australian_basalt_lava_tubes_bay_2025	97.29	0.84	B_L044	phylum
GCA_050737635.1_genomic	australian_basalt_lava_tubes_bay_2025	84.95	2.03	B_L006	class
GCA_050737675.1_genomic	australian_basalt_lava_tubes_bay_2025	91.1	2.61	B_L006	class
GCA_050737715.1_genomic	australian_basalt_lava_tubes_bay_2025	79.62	1.49	B_L006	class
GCA_050737735.1_genomic	australian_basalt_lava_tubes_bay_2025	99.95	0.48	B_L006	class
GCA_050737775.1_genomic	australian_basalt_lava_tubes_bay_2025	95.51	3.08	B_L006	class
GCA_050737815.1_genomic	australian_basalt_lava_tubes_bay_2025	84.47	5.86	B_L006	class
GCA_050737855.1_genomic	australian_basalt_lava_tubes_bay_2025	60.91	5.49	B_L006	class
GCA_050737875.1_genomic	australian_basalt_lava_tubes_bay_2025	99.99	1.9	B_L006	class
GCA_050737895.1_genomic	australian_basalt_lava_tubes_bay_2025	66.8	0.64	B_L006	class
GCA_050737915.1_genomic	australian_basalt_lava_tubes_bay_2025	95.99	3.41	B_L006	class
GCA_050737935.1_genomic	australian_basalt_lava_tubes_bay_2025	87.0	4.57	B_L006	class
GCA_050737975.1_genomic	australian_basalt_lava_tubes_bay_2025	72.58	3.78	B_L006	class
GCA_050737995.1_genomic	australian_basalt_lava_tubes_bay_2025	94.43	2.68	B_L006	class
GCA_050738015.1_genomic	australian_basalt_lava_tubes_bay_2025	52.43	4.55	B_L006	class
GCA_050738055.1_genomic	australian_basalt_lava_tubes_bay_2025	81.54	4.96	B_L006	class
GCA_050738075.1_genomic	australian_basalt_lava_tubes_bay_2025	83.93	8.91	B_L006	class
GCA_050738095.1_genomic	australian_basalt_lava_tubes_bay_2025	79.45	4.69	B_L006	class
GCA_050738115.1_genomic	australian_basalt_lava_tubes_bay_2025	83.87	2.49	B_L006	class
GCA_050738135.1_genomic	australian_basalt_lava_tubes_bay_2025	89.31	0.83	B_L006	class
GCA_050738155.1_genomic	australian_basalt_lava_tubes_bay_2025	85.01	4.13	B_L006	class
GCA_050738175.1_genomic	australian_basalt_lava_tubes_bay_2025	74.98	1.01	B_L006	class
GCA_050738275.1_genomic	australian_basalt_lava_tubes_bay_2025	63.97	1.27	B_L006	class
GCA_050738295.1_genomic	australian_basalt_lava_tubes_bay_2025	93.21	2.3	B_L006	class
GCA_050738435.1_genomic	australian_basalt_lava_tubes_bay_2025	69.55	7.55	B_L006	class
GCA_050738455.1_genomic	australian_basalt_lava_tubes_bay_2025	85.02	4.37	B_L006	class
GCA_050738535.1_genomic	australian_basalt_lava_tubes_bay_2025	87.81	4.19	B_L006	class
GCA_050738595.1_genomic	australian_basalt_lava_tubes_bay_2025	94.61	4.15	B_L006	class
GCA_050738615.1_genomic	australian_basalt_lava_tubes_bay_2025	62.63	2.45	B_L006	class
GCA_050738635.1_genomic	australian_basalt_lava_tubes_bay_2025	92.36	7.23	B_L006	class
GCA_050738645.1_genomic	australian_basalt_lava_tubes_bay_2025	59.96	5.4	B_L006	class
GCA_050738675.1_genomic	australian_basalt_lava_tubes_bay_2025	82.83	5.35	B_L006	class
GCA_050738695.1_genomic	australian_basalt_lava_tubes_bay_2025	85.11	3.61	B_L006	class
GCA_050738715.1_genomic	australian_basalt_lava_tubes_bay_2025	66.1	2.04	B_L006	class
GCA_050738755.1_genomic	australian_basalt_lava_tubes_bay_2025	69.2	3.09	B_L006	class
GCA_050738795.1_genomic	australian_basalt_lava_tubes_bay_2025	98.8	2.74	B_L006	class
GCA_050738855.1_genomic	australian_basalt_lava_tubes_bay_2025	92.03	2.95	B_L006	class
GCA_050738875.1_genomic	australian_basalt_lava_tubes_bay_2025	88.18	5.73	B_L006	class
GCA_050738895.1_genomic	australian_basalt_lava_tubes_bay_2025	54.94	5.41	B_L006	class
GCA_050738935.1_genomic	australian_basalt_lava_tubes_bay_2025	95.12	3.32	B_L006	class
GCA_050739035.1_genomic	australian_basalt_lava_tubes_bay_2025	51.93	3.06	B_L006	class
GCA_050739055.1_genomic	australian_basalt_lava_tubes_bay_2025	95.04	2.26	B_L006	class
GCA_050739075.1_genomic	australian_basalt_lava_tubes_bay_2025	68.56	8.34	B_L006	class
GCA_050739095.1_genomic	australian_basalt_lava_tubes_bay_2025	97.62	0.74	B_L006	class
GCA_050739115.1_genomic	australian_basalt_lava_tubes_bay_2025	97.39	2.48	B_L006	class
GCA_050739135.1_genomic	australian_basalt_lava_tubes_bay_2025	56.1	6.26	B_L006	class
GCA_050739195.1_genomic	australian_basalt_lava_tubes_bay_2025	68.75	4.91	B_L006	class
GCA_050739215.1_genomic	australian_basalt_lava_tubes_bay_2025	76.47	5.65	B_L006	class
GCA_050739235.1_genomic	australian_basalt_lava_tubes_bay_2025	90.65	4.81	B_L006	class
GCA_050739255.1_genomic	australian_basalt_lava_tubes_bay_2025	78.56	1.98	B_L006	class
GCA_050739275.1_genomic	australian_basalt_lava_tubes_bay_2025	56.83	6.19	B_L006	class
GCA_050739295.1_genomic	australian_basalt_lava_tubes_bay_2025	60.58	1.12	B_L006	class
GCA_050739335.1_genomic	australian_basalt_lava_tubes_bay_2025	97.92	0.78	B_L006	class
GCA_050739375.1_genomic	australian_basalt_lava_tubes_bay_2025	60.17	9.45	B_L006	class
GCA_050739415.1_genomic	australian_basalt_lava_tubes_bay_2025	96.32	1.46	B_L006	class
GCA_050739435.1_genomic	australian_basalt_lava_tubes_bay_2025	85.66	0.04	B_L006	class
GCA_050739455.1_genomic	australian_basalt_lava_tubes_bay_2025	69.23	6.4	B_L006	class
GCA_050739475.1_genomic	australian_basalt_lava_tubes_bay_2025	54.72	6.6	B_L006	class
GCA_050739495.1_genomic	australian_basalt_lava_tubes_bay_2025	89.0	2.68	B_L006	class
GCA_050739515.1_genomic	australian_basalt_lava_tubes_bay_2025	73.84	5.06	B_L006	class
GCA_050739575.1_genomic	australian_basalt_lava_tubes_bay_2025	92.49	0.26	B_L006	class
GCA_050739635.1_genomic	australian_basalt_lava_tubes_bay_2025	50.06	4.82	B_L006	class
GCA_050739655.1_genomic	australian_basalt_lava_tubes_bay_2025	99.96	6.39	B_L006	class
GCA_050739675.1_genomic	australian_basalt_lava_tubes_bay_2025	72.96	2.85	B_L006	class
GCA_050739715.1_genomic	australian_basalt_lava_tubes_bay_2025	99.97	0.7	B_L006	class
GCA_050739755.1_genomic	australian_basalt_lava_tubes_bay_2025	84.09	7.38	B_L006	class
GCA_050739795.1_genomic	australian_basalt_lava_tubes_bay_2025	62.26	1.05	B_L006	class
GCA_050739895.1_genomic	australian_basalt_lava_tubes_bay_2025	86.95	0.9	B_L006	class
GCA_050739955.1_genomic	australian_basalt_lava_tubes_bay_2025	100.0	0.41	B_L006	class
GCA_050739975.1_genomic	australian_basalt_lava_tubes_bay_2025	57.83	4.87	B_L006	class
GCA_050740015.1_genomic	australian_basalt_lava_tubes_bay_2025	83.29	1.18	B_L006	class
GCA_050740035.1_genomic	australian_basalt_lava_tubes_bay_2025	81.22	3.2	B_L006	class
GCA_050740055.1_genomic	australian_basalt_lava_tubes_bay_2025	98.56	5.28	B_L006	class
GCA_050740195.1_genomic	australian_basalt_lava_tubes_bay_2025	89.41	3.19	B_L006	class
GCA_050740255.1_genomic	australian_basalt_lava_tubes_bay_2025	98.56	0.91	B_L006	class
GCA_050740275.1_genomic	australian_basalt_lava_tubes_bay_2025	60.34	8.76	B_L006	class
GCA_050740295.1_genomic	australian_basalt_lava_tubes_bay_2025	95.62	8.19	B_L006	class
GCA_050740335.1_genomic	australian_basalt_lava_tubes_bay_2025	95.03	2.49	B_L006	class
GCA_050740355.1_genomic	australian_basalt_lava_tubes_bay_2025	92.78	8.33	B_L006	class
GCA_050740655.1_genomic	australian_basalt_lava_tubes_bay_2025	96.2	7.67	B_L006	class
GCA_050740855.1_genomic	australian_basalt_lava_tubes_bay_2025	57.72	8.39	B_L006	class
GCA_050740915.1_genomic	australian_basalt_lava_tubes_bay_2025	98.17	2.29	B_L006	class
GCA_050740955.1_genomic	australian_basalt_lava_tubes_bay_2025	95.65	8.69	B_L006	class
GCA_050741015.1_genomic	australian_basalt_lava_tubes_bay_2025	90.36	4.06	B_L006	class
GCA_050741195.1_genomic	australian_basalt_lava_tubes_bay_2025	52.62	2.98	B_L006	class
GCA_050741215.1_genomic	australian_basalt_lava_tubes_bay_2025	61.1	9.92	B_L006	class
GCA_050741235.1_genomic	australian_basalt_lava_tubes_bay_2025	58.8	3.23	B_L006	class
GCA_050741255.1_genomic	australian_basalt_lava_tubes_bay_2025	98.22	1.56	B_L006	class
GCA_050741335.1_genomic	australian_basalt_lava_tubes_bay_2025	69.39	4.74	B_L006	class
GCA_050741375.1_genomic	australian_basalt_lava_tubes_bay_2025	57.66	3.66	B_L006	class
GCA_050741415.1_genomic	australian_basalt_lava_tubes_bay_2025	100.0	1.36	B_L006	class
GCA_050741435.1_genomic	australian_basalt_lava_tubes_bay_2025	66.56	6.27	B_L006	class
GCA_050741455.1_genomic	australian_basalt_lava_tubes_bay_2025	84.9	1.25	B_L006	class
GCA_050741555.1_genomic	australian_basalt_lava_tubes_bay_2025	73.43	9.84	B_L006	class
GCA_050741575.1_genomic	australian_basalt_lava_tubes_bay_2025	59.49	3.16	B_L006	class
GCA_050741655.1_genomic	australian_basalt_lava_tubes_bay_2025	88.29	1.3	B_L006	class
GCA_050741675.1_genomic	australian_basalt_lava_tubes_bay_2025	90.09	1.5	B_L006	class
GCA_050741735.1_genomic	australian_basalt_lava_tubes_bay_2025	91.9	2.62	B_L006	class
GCA_050741755.1_genomic	australian_basalt_lava_tubes_bay_2025	88.68	3.54	B_L006	class
GCA_050741775.1_genomic	australian_basalt_lava_tubes_bay_2025	53.45	6.71	B_L006	class
GCA_050741835.1_genomic	australian_basalt_lava_tubes_bay_2025	60.15	1.79	B_L006	class
GCA_050741855.1_genomic	australian_basalt_lava_tubes_bay_2025	66.43	5.27	B_L006	class
GCA_050741895.1_genomic	australian_basalt_lava_tubes_bay_2025	71.86	3.1	B_L006	class
GCA_050742355.1_genomic	australian_basalt_lava_tubes_bay_2025	73.82	1.33	B_L001	phylum
GCA_050742375.1_genomic	australian_basalt_lava_tubes_bay_2025	77.54	1.04	B_L001	phylum
GCA_050742415.1_genomic	australian_basalt_lava_tubes_bay_2025	89.51	2.03	B_L001	phylum
GCA_050742455.1_genomic	australian_basalt_lava_tubes_bay_2025	95.74	0.32	B_L001	phylum
GCA_050742595.1_genomic	australian_basalt_lava_tubes_bay_2025	64.65	0.87	B_L006	class
GCA_050742615.1_genomic	australian_basalt_lava_tubes_bay_2025	94.47	7.32	B_L006	class
GCA_050742655.1_genomic	australian_basalt_lava_tubes_bay_2025	99.95	0.06	B_L006	class
GCA_050742775.1_genomic	australian_basalt_lava_tubes_bay_2025	56.83	2.82	B_L006	class
GCA_050742795.1_genomic	australian_basalt_lava_tubes_bay_2025	67.68	1.1	B_L006	class
GCA_050742815.1_genomic	australian_basalt_lava_tubes_bay_2025	71.96	3.72	B_L006	class
GCA_050742975.1_genomic	australian_basalt_lava_tubes_bay_2025	97.59	3.2	B_L001	phylum
GCA_050743165.1_genomic	australian_basalt_lava_tubes_bay_2025	71.54	4.42	B_L001	phylum
GCA_050743205.1_genomic	australian_basalt_lava_tubes_bay_2025	97.84	3.8	B_L001	phylum
GCA_050743405.1_genomic	australian_basalt_lava_tubes_bay_2025	72.8	1.41	B_L001	phylum
GCA_050743425.1_genomic	australian_basalt_lava_tubes_bay_2025	51.27	0.27	B_L001	phylum
GCA_050743485.1_genomic	australian_basalt_lava_tubes_bay_2025	59.43	4.3	B_L001	phylum
GCA_050743525.1_genomic	australian_basalt_lava_tubes_bay_2025	58.08	0.58	B_L001	phylum
GCA_050743545.1_genomic	australian_basalt_lava_tubes_bay_2025	89.12	2.15	B_L001	phylum
GCA_050743565.1_genomic	australian_basalt_lava_tubes_bay_2025	55.25	5.25	B_L001	phylum
GCA_050743585.1_genomic	australian_basalt_lava_tubes_bay_2025	76.77	4.82	B_L001	phylum
GCA_050743605.1_genomic	australian_basalt_lava_tubes_bay_2025	90.13	4.02	B_L001	phylum
GCA_050743645.1_genomic	australian_basalt_lava_tubes_bay_2025	86.62	3.63	B_L001	phylum
GCA_050743665.1_genomic	australian_basalt_lava_tubes_bay_2025	97.39	4.49	B_L001	phylum
GCA_050743685.1_genomic	australian_basalt_lava_tubes_bay_2025	50.7	9.09	B_L001	phylum
GCA_050743785.1_genomic	australian_basalt_lava_tubes_bay_2025	73.94	8.02	B_L001	phylum
GCA_050743805.1_genomic	australian_basalt_lava_tubes_bay_2025	91.74	1.76	B_L001	phylum
GCA_050743825.1_genomic	australian_basalt_lava_tubes_bay_2025	52.88	5.05	B_L001	phylum
GCA_050743845.1_genomic	australian_basalt_lava_tubes_bay_2025	55.2	1.88	B_L001	phylum
GCA_050743865.1_genomic	australian_basalt_lava_tubes_bay_2025	93.84	3.63	B_L001	phylum
GCA_050743905.1_genomic	australian_basalt_lava_tubes_bay_2025	82.26	1.07	B_L001	phylum
GCA_050743945.1_genomic	australian_basalt_lava_tubes_bay_2025	54.29	7.31	B_L001	phylum
GCA_050743965.1_genomic	australian_basalt_lava_tubes_bay_2025	89.1	3.95	B_L001	phylum
GCA_050743985.1_genomic	australian_basalt_lava_tubes_bay_2025	50.17	1.49	B_L001	phylum
GCA_050744005.1_genomic	australian_basalt_lava_tubes_bay_2025	74.68	5.05	B_L001	phylum
GCA_050744025.1_genomic	australian_basalt_lava_tubes_bay_2025	88.96	3.57	B_L001	phylum
GCA_050744045.1_genomic	australian_basalt_lava_tubes_bay_2025	89.62	2.81	B_L001	phylum
GCA_050744065.1_genomic	australian_basalt_lava_tubes_bay_2025	51.42	1.65	B_L001	phylum
GCA_050744085.1_genomic	australian_basalt_lava_tubes_bay_2025	86.31	1.65	B_L001	phylum
GCA_050744105.1_genomic	australian_basalt_lava_tubes_bay_2025	89.97	0.85	B_L001	phylum
GCA_050744145.1_genomic	australian_basalt_lava_tubes_bay_2025	66.66	5.84	B_L001	phylum
GCA_050744165.1_genomic	australian_basalt_lava_tubes_bay_2025	93.59	4.16	B_L001	phylum
GCA_050744185.1_genomic	australian_basalt_lava_tubes_bay_2025	81.4	4.11	B_L001	phylum
GCA_050744205.1_genomic	australian_basalt_lava_tubes_bay_2025	76.59	3.93	B_L001	phylum
GCA_050744225.1_genomic	australian_basalt_lava_tubes_bay_2025	84.6	1.91	B_L001	phylum
GCA_050744545.1_genomic	australian_basalt_lava_tubes_bay_2025	70.32	1.22	B_L001	phylum
GCA_050744605.1_genomic	australian_basalt_lava_tubes_bay_2025	55.26	8.09	B_L001	phylum
GCA_050744645.1_genomic	australian_basalt_lava_tubes_bay_2025	71.27	4.39	B_L048	phylum
GCA_050744825.1_genomic	australian_basalt_lava_tubes_bay_2025	57.33	3.96	B_L001	phylum
GCA_050744865.1_genomic	australian_basalt_lava_tubes_bay_2025	94.17	2.53	B_L001	phylum
GCA_050744885.1_genomic	australian_basalt_lava_tubes_bay_2025	71.6	1.07	B_L001	phylum
GCA_050744945.1_genomic	australian_basalt_lava_tubes_bay_2025	92.23	8.66	B_L001	phylum
GCA_050745045.1_genomic	australian_basalt_lava_tubes_bay_2025	89.14	1.1	B_L048	phylum
GCA_050745065.1_genomic	australian_basalt_lava_tubes_bay_2025	95.44	2.03	B_L048	phylum
GCA_050745165.1_genomic	australian_basalt_lava_tubes_bay_2025	60.92	8.92	B_L048	phylum
GCA_050745185.1_genomic	australian_basalt_lava_tubes_bay_2025	58.49	6.86	B_L048	phylum
GCA_050745245.1_genomic	australian_basalt_lava_tubes_bay_2025	71.17	0.27	B_L048	phylum
GCA_050745265.1_genomic	australian_basalt_lava_tubes_bay_2025	95.22	0.63	B_L048	phylum
GCA_050745285.1_genomic	australian_basalt_lava_tubes_bay_2025	81.46	1.92	B_L048	phylum
GCA_050745305.1_genomic	australian_basalt_lava_tubes_bay_2025	57.45	8.27	B_L048	phylum
GCA_050745325.1_genomic	australian_basalt_lava_tubes_bay_2025	90.69	5.91	B_L048	phylum
GCA_050745345.1_genomic	australian_basalt_lava_tubes_bay_2025	89.59	5.77	B_L048	phylum
GCA_050745365.1_genomic	australian_basalt_lava_tubes_bay_2025	92.28	3.41	B_L048	phylum
GCA_050745385.1_genomic	australian_basalt_lava_tubes_bay_2025	55.74	4.3	B_L048	phylum
GCA_050745425.1_genomic	australian_basalt_lava_tubes_bay_2025	94.44	1.14	B_L048	phylum
GCA_050745445.1_genomic	australian_basalt_lava_tubes_bay_2025	87.49	3.65	B_L048	phylum
GCA_050745465.1_genomic	australian_basalt_lava_tubes_bay_2025	50.18	7.62	B_L048	phylum
GCA_050745505.1_genomic	australian_basalt_lava_tubes_bay_2025	50.58	6.21	B_L048	phylum
GCA_050745525.1_genomic	australian_basalt_lava_tubes_bay_2025	92.15	1.88	B_L048	phylum
GCA_050745565.1_genomic	australian_basalt_lava_tubes_bay_2025	94.17	1.76	B_L048	phylum
GCA_050745605.1_genomic	australian_basalt_lava_tubes_bay_2025	91.34	1.59	B_L048	phylum
GCA_050745625.1_genomic	australian_basalt_lava_tubes_bay_2025	69.7	2.72	B_L048	phylum
GCA_050745645.1_genomic	australian_basalt_lava_tubes_bay_2025	93.96	3.11	B_L048	phylum
GCA_050745665.1_genomic	australian_basalt_lava_tubes_bay_2025	52.34	5.4	B_L048	phylum
GCA_050745705.1_genomic	australian_basalt_lava_tubes_bay_2025	58.09	3.59	B_L048	phylum
GCA_050745725.1_genomic	australian_basalt_lava_tubes_bay_2025	51.95	4.25	B_L048	phylum
GCA_050745765.1_genomic	australian_basalt_lava_tubes_bay_2025	94.92	4.19	B_L048	phylum
GCA_050745825.1_genomic	australian_basalt_lava_tubes_bay_2025	77.61	0.88	B_L048	phylum
GCA_050745845.1_genomic	australian_basalt_lava_tubes_bay_2025	88.65	3.93	B_L048	phylum
GCA_050745865.1_genomic	australian_basalt_lava_tubes_bay_2025	52.11	6.91	B_L048	phylum
GCA_050745885.1_genomic	australian_basalt_lava_tubes_bay_2025	91.45	2.85	B_L048	phylum
GCA_050745905.1_genomic	australian_basalt_lava_tubes_bay_2025	79.95	2.94	B_L048	phylum
GCA_050745945.1_genomic	australian_basalt_lava_tubes_bay_2025	70.59	7.29	B_L048	phylum
GCA_050745965.1_genomic	australian_basalt_lava_tubes_bay_2025	64.32	2.12	B_L048	phylum
GCA_050745985.1_genomic	australian_basalt_lava_tubes_bay_2025	100.0	3.56	B_L048	phylum
GCA_050746005.1_genomic	australian_basalt_lava_tubes_bay_2025	89.83	2.51	B_L048	phylum
GCA_050746025.1_genomic	australian_basalt_lava_tubes_bay_2025	94.28	4.55	B_L048	phylum
GCA_050746085.1_genomic	australian_basalt_lava_tubes_bay_2025	58.77	3.25	B_L048	phylum
GCA_050746105.1_genomic	australian_basalt_lava_tubes_bay_2025	79.7	7.39	B_L048	phylum
GCA_050746125.1_genomic	australian_basalt_lava_tubes_bay_2025	89.55	0.18	B_L048	phylum
GCA_050746145.1_genomic	australian_basalt_lava_tubes_bay_2025	84.12	1.93	B_L048	phylum
GCA_050746165.1_genomic	australian_basalt_lava_tubes_bay_2025	73.19	2.88	B_L048	phylum
GCA_050746185.1_genomic	australian_basalt_lava_tubes_bay_2025	98.94	0.0	B_L048	phylum
GCA_050746205.1_genomic	australian_basalt_lava_tubes_bay_2025	91.38	0.46	B_L048	phylum
GCA_050746245.1_genomic	australian_basalt_lava_tubes_bay_2025	79.36	7.71	B_L048	phylum
GCA_050746265.1_genomic	australian_basalt_lava_tubes_bay_2025	82.77	5.85	B_L048	phylum
GCA_050746305.1_genomic	australian_basalt_lava_tubes_bay_2025	56.76	8.54	B_L048	phylum
GCA_050746325.1_genomic	australian_basalt_lava_tubes_bay_2025	66.57	9.93	B_L048	phylum
GCA_050746345.1_genomic	australian_basalt_lava_tubes_bay_2025	64.76	8.84	B_L048	phylum
GCA_050746365.1_genomic	australian_basalt_lava_tubes_bay_2025	97.14	3.82	B_L048	phylum
GCA_050746385.1_genomic	australian_basalt_lava_tubes_bay_2025	55.95	2.9	B_L048	phylum
GCA_050746405.1_genomic	australian_basalt_lava_tubes_bay_2025	57.53	2.76	B_L048	phylum
GCA_050746425.1_genomic	australian_basalt_lava_tubes_bay_2025	77.55	1.75	B_L048	phylum
GCA_050746465.1_genomic	australian_basalt_lava_tubes_bay_2025	74.94	4.72	B_L048	phylum
GCA_050746505.1_genomic	australian_basalt_lava_tubes_bay_2025	93.19	2.83	B_L048	phylum
GCA_050746525.1_genomic	australian_basalt_lava_tubes_bay_2025	58.11	0.87	B_L048	phylum
GCA_050746565.1_genomic	australian_basalt_lava_tubes_bay_2025	52.66	3.98	B_L048	phylum
GCA_050746605.1_genomic	australian_basalt_lava_tubes_bay_2025	55.82	5.33	B_L048	phylum
GCA_050746625.1_genomic	australian_basalt_lava_tubes_bay_2025	56.26	9.87	B_L048	phylum
GCA_050746665.1_genomic	australian_basalt_lava_tubes_bay_2025	56.66	6.6	B_L048	phylum
GCA_050746705.1_genomic	australian_basalt_lava_tubes_bay_2025	57.75	2.97	B_L048	phylum
GCA_050746725.1_genomic	australian_basalt_lava_tubes_bay_2025	97.84	1.45	B_L048	phylum
GCA_050746745.1_genomic	australian_basalt_lava_tubes_bay_2025	66.87	4.3	B_L048	phylum
GCA_050746765.1_genomic	australian_basalt_lava_tubes_bay_2025	73.12	2.6	B_L048	phylum
GCA_050746805.1_genomic	australian_basalt_lava_tubes_bay_2025	90.04	2.65	B_L048	phylum
GCA_050746865.1_genomic	australian_basalt_lava_tubes_bay_2025	100.0	2.55	B_L048	phylum
GCA_050746885.1_genomic	australian_basalt_lava_tubes_bay_2025	95.0	0.29	B_L048	phylum
GCA_050746905.1_genomic	australian_basalt_lava_tubes_bay_2025	86.95	0.14	B_L048	phylum
GCA_050746925.1_genomic	australian_basalt_lava_tubes_bay_2025	98.35	1.12	B_L048	phylum
GCA_050746945.1_genomic	australian_basalt_lava_tubes_bay_2025	97.9	0.1	B_L048	phylum
GCA_050746965.1_genomic	australian_basalt_lava_tubes_bay_2025	84.2	5.99	B_L048	phylum
GCA_050747005.1_genomic	australian_basalt_lava_tubes_bay_2025	96.86	0.01	B_L048	phylum
GCA_050747045.1_genomic	australian_basalt_lava_tubes_bay_2025	90.48	0.87	B_L048	phylum
GCA_050747085.1_genomic	australian_basalt_lava_tubes_bay_2025	93.62	0.09	B_L048	phylum
GCA_050747105.1_genomic	australian_basalt_lava_tubes_bay_2025	55.29	9.38	B_L048	phylum
GCA_050747145.1_genomic	australian_basalt_lava_tubes_bay_2025	65.26	3.79	B_L048	phylum
GCA_050747165.1_genomic	australian_basalt_lava_tubes_bay_2025	71.0	5.84	B_L048	phylum
GCA_050747205.1_genomic	australian_basalt_lava_tubes_bay_2025	67.13	1.59	B_L048	phylum
GCA_050747225.1_genomic	australian_basalt_lava_tubes_bay_2025	97.29	3.08	B_L048	phylum
GCA_050747245.1_genomic	australian_basalt_lava_tubes_bay_2025	99.09	2.64	B_L048	phylum
GCA_050747265.1_genomic	australian_basalt_lava_tubes_bay_2025	58.42	0.34	B_L048	phylum
GCA_050747385.1_genomic	australian_basalt_lava_tubes_bay_2025	59.98	5.06	B_L048	phylum
GCA_050747605.1_genomic	australian_basalt_lava_tubes_bay_2025	72.02	3.05	B_L048	phylum
GCA_050747645.1_genomic	australian_basalt_lava_tubes_bay_2025	56.95	2.38	B_L048	phylum
GCA_050747685.1_genomic	australian_basalt_lava_tubes_bay_2025	81.31	6.47	B_L048	phylum
GCA_050747745.1_genomic	australian_basalt_lava_tubes_bay_2025	97.25	0.28	B_L048	phylum
GCA_050747765.1_genomic	australian_basalt_lava_tubes_bay_2025	64.1	3.07	B_L048	phylum
GCA_050747805.1_genomic	australian_basalt_lava_tubes_bay_2025	76.17	2.2	B_L048	phylum
GCA_050747885.1_genomic	australian_basalt_lava_tubes_bay_2025	97.32	0.98	B_L048	phylum
GCA_050747905.1_genomic	australian_basalt_lava_tubes_bay_2025	97.59	1.68	B_L048	phylum
GCA_050747965.1_genomic	australian_basalt_lava_tubes_bay_2025	89.91	0.78	B_L048	phylum
GCA_050747985.1_genomic	australian_basalt_lava_tubes_bay_2025	56.85	9.19	B_L048	phylum
GCA_050748005.1_genomic	australian_basalt_lava_tubes_bay_2025	59.85	3.99	B_L048	phylum
GCA_050748025.1_genomic	australian_basalt_lava_tubes_bay_2025	57.82	3.45	B_L048	phylum
GCA_050748165.1_genomic	australian_basalt_lava_tubes_bay_2025	96.71	7.37	B_L048	phylum
GCA_050748205.1_genomic	australian_basalt_lava_tubes_bay_2025	95.76	0.74	B_L048	phylum
GCA_050748245.1_genomic	australian_basalt_lava_tubes_bay_2025	90.74	2.23	B_L048	phylum
GCA_050748285.1_genomic	australian_basalt_lava_tubes_bay_2025	99.09	5.23	B_L048	phylum
GCA_050921755.1_genomic	australian_basalt_lava_tubes_bay_2025	81.02	2.13	B_L040	phylum
GCA_050921775.1_genomic	australian_basalt_lava_tubes_bay_2025	68.23	4.9	B_L040	phylum
MAG01	mauna_loa_lava_tube_fishman_2023	59.88	0.44	B_L001	phylum
MAG02	mauna_loa_lava_tube_fishman_2023	94.41	3.02	B_L001	phylum
MAG03	mauna_loa_lava_tube_fishman_2023	96.41	0.0	B_L040	phylum
MAG04	mauna_loa_lava_tube_fishman_2023	66.0	1.34	B_L007	order
MAG05	mauna_loa_lava_tube_fishman_2023	78.34	5.81	B_L001	phylum
MAG06	mauna_loa_lava_tube_fishman_2023	97.86	0.95	B_L005	phylum
MAG07	mauna_loa_lava_tube_fishman_2023	97.18	0.63	B_L001	phylum
MAG08	mauna_loa_lava_tube_fishman_2023	97.84	0.65	B_L001	phylum
MAG09	mauna_loa_lava_tube_fishman_2023	62.75	3.15	B_L001	phylum
MAG10	mauna_loa_lava_tube_fishman_2023	99.09	2.0	B_L052	phylum
MAG11	mauna_loa_lava_tube_fishman_2023	82.61	0.09	B_L002	phylum
MAG12	mauna_loa_lava_tube_fishman_2023	83.31	2.66	B_L001	phylum
MAG13	mauna_loa_lava_tube_fishman_2023	87.74	3.49	B_L001	phylum
MAG14	mauna_loa_lava_tube_fishman_2023	86.81	1.6	B_L012	order
MAG15	mauna_loa_lava_tube_fishman_2023	83.18	2.15	B_L001	phylum
MAG16	mauna_loa_lava_tube_fishman_2023	93.5	0.8	B_L001	phylum
MAG17	mauna_loa_lava_tube_fishman_2023	92.76	6.18	B_L001	phylum
MAG18	mauna_loa_lava_tube_fishman_2023	71.33	0.48	B_L001	phylum
MAG19	mauna_loa_lava_tube_fishman_2023	95.2	1.48	B_L048	phylum
MAG20	mauna_loa_lava_tube_fishman_2023	95.81	1.67	B_L002	phylum
MAG21	mauna_loa_lava_tube_fishman_2023	85.93	4.46	B_L044	phylum
MAG22	mauna_loa_lava_tube_fishman_2023	96.84	9.63	B_L001	phylum
MAG23	mauna_loa_lava_tube_fishman_2023	74.68	4.75	B_L001	phylum
MAG24	mauna_loa_lava_tube_fishman_2023	94.22	1.73	B_L001	phylum
MAG25	mauna_loa_lava_tube_fishman_2023	86.27	0.58	B_L053	class
MAG26	mauna_loa_lava_tube_fishman_2023	79.06	2.68	B_L001	phylum
MAG27	mauna_loa_lava_tube_fishman_2023	74.78	0.81	B_L001	phylum
MAG28	mauna_loa_lava_tube_fishman_2023	94.88	1.04	B_L001	phylum
MAG29	mauna_loa_lava_tube_fishman_2023	99.99	0.94	B_L003	phylum
MAG30	mauna_loa_lava_tube_fishman_2023	87.22	1.65	B_L048	phylum
MAG31	mauna_loa_lava_tube_fishman_2023	88.85	2.05	B_L001	phylum
MAG32	mauna_loa_lava_tube_fishman_2023	86.2	0.0	B_L001	phylum
MAG33	mauna_loa_lava_tube_fishman_2023	83.39	0.6	B_L044	phylum
MAG34	mauna_loa_lava_tube_fishman_2023	80.25	2.62	B_L038	phylum
MAG35	mauna_loa_lava_tube_fishman_2023	62.5	2.92	B_L002	phylum
MAG36	mauna_loa_lava_tube_fishman_2023	96.78	6.19	B_L001	phylum
MAG37	mauna_loa_lava_tube_fishman_2023	90.19	5.86	B_L002	phylum
MAG38	mauna_loa_lava_tube_fishman_2023	95.1	0.37	B_L001	phylum
MAG39	mauna_loa_lava_tube_fishman_2023	75.51	2.63	B_L048	phylum
MAG40	mauna_loa_lava_tube_fishman_2023	96.17	0.63	B_L001	phylum
MAG41	mauna_loa_lava_tube_fishman_2023	85.23	0.73	B_L001	phylum
MAG42	mauna_loa_lava_tube_fishman_2023	96.8	1.66	B_L001	phylum
MAG43	mauna_loa_lava_tube_fishman_2023	93.8	0.4	B_L001	phylum
MAG44	mauna_loa_lava_tube_fishman_2023	96.98	3.39	B_L001	phylum
MAG45	mauna_loa_lava_tube_fishman_2023	95.98	3.33	B_L001	phylum
MAG46	mauna_loa_lava_tube_fishman_2023	97.18	1.26	B_L029	phylum
MAG47	mauna_loa_lava_tube_fishman_2023	98.09	0.18	B_L003	phylum
MAG48	mauna_loa_lava_tube_fishman_2023	94.98	0.9	B_L048	phylum
MAG49	mauna_loa_lava_tube_fishman_2023	88.75	7.98	B_L048	phylum
MAG50	mauna_loa_lava_tube_fishman_2023	80.76	0.63	B_L002	phylum
MAG51	mauna_loa_lava_tube_fishman_2023	99.98	0.2	B_L001	phylum
MAG52	mauna_loa_lava_tube_fishman_2023	97.3	5.32	B_L001	phylum
MAG53	mauna_loa_lava_tube_fishman_2023	98.99	6.62	B_L001	phylum
MAG54	mauna_loa_lava_tube_fishman_2023	71.89	9.97	B_L012	order
MAG55	mauna_loa_lava_tube_fishman_2023	72.87	3.62	B_L007	order
MAG56	mauna_loa_lava_tube_fishman_2023	93.78	2.61	B_L001	phylum
MAG57	mauna_loa_lava_tube_fishman_2023	74.78	1.3	B_L006	class
MAG58	mauna_loa_lava_tube_fishman_2023	80.58	4.68	B_L001	phylum
MAG59	mauna_loa_lava_tube_fishman_2023	86.33	0.51	B_L001	phylum
MAG60	mauna_loa_lava_tube_fishman_2023	83.93	0.54	B_L001	phylum
MAG61	mauna_loa_lava_tube_fishman_2023	97.97	0.49	B_L052	phylum
MAG62	mauna_loa_lava_tube_fishman_2023	87.55	5.46	B_L002	phylum
MAG63	mauna_loa_lava_tube_fishman_2023	99.77	0.08	B_L005	phylum
MAG64	mauna_loa_lava_tube_fishman_2023	96.26	1.32	B_L001	phylum
MAG65	mauna_loa_lava_tube_fishman_2023	95.51	0.86	B_L001	phylum
MAG66	mauna_loa_lava_tube_fishman_2023	83.57	0.18	B_L002	phylum
MAG67	mauna_loa_lava_tube_fishman_2023	99.66	1.81	B_L012	order
MAG68	mauna_loa_lava_tube_fishman_2023	78.27	3.84	B_L008	order
MAG69	mauna_loa_lava_tube_fishman_2023	99.63	0.28	B_L005	phylum
MAG70	mauna_loa_lava_tube_fishman_2023	96.04	1.72	B_L048	phylum
MAG71	mauna_loa_lava_tube_fishman_2023	67.14	2.96	B_L002	phylum
MAG72	mauna_loa_lava_tube_fishman_2023	93.25	0.77	B_L002	phylum
alaska_permafrost_reference_11p_S11_bin.46	alaska_permafrost_reference	60.31	0.86	B_L058	class
alaska_permafrost_reference_125_merged	alaska_permafrost_reference	80.86	0.08	B_L001	phylum
alaska_permafrost_reference_132_merged	alaska_permafrost_reference	86.5	0.48	B_L001	phylum
alaska_permafrost_reference_149_merged	alaska_permafrost_reference	81.05	0.04	B_L006	class
alaska_permafrost_reference_15_S41_bin.5	alaska_permafrost_reference	75.0	0.08	B_L006	class
alaska_permafrost_reference_15p_S15_bin.14	alaska_permafrost_reference	91.45	0.0	B_L001	phylum
alaska_permafrost_reference_162_merged	alaska_permafrost_reference	57.56	0.99	B_L001	phylum
alaska_permafrost_reference_165_merged	alaska_permafrost_reference	64.22	0.24	B_L030	phylum
alaska_permafrost_reference_16p_S16_bin.38	alaska_permafrost_reference	54.23	0.13	B_L001	phylum
alaska_permafrost_reference_16p_S16_bin.70	alaska_permafrost_reference	88.71	0.72	B_L005	phylum
alaska_permafrost_reference_17_S43_bin.6	alaska_permafrost_reference	99.32	0.38	B_L030	phylum
alaska_permafrost_reference_17p_S17_bin.3	alaska_permafrost_reference	57.32	0.0	B_L001	phylum
alaska_permafrost_reference_183_merged	alaska_permafrost_reference	52.93	2.37	B_L002	phylum
alaska_permafrost_reference_18_S44_bin.10	alaska_permafrost_reference	71.5	2.03	B_L006	class
alaska_permafrost_reference_19_S45_bin.5	alaska_permafrost_reference	97.74	0.19	B_L001	phylum
alaska_permafrost_reference_20_S46_bin.3	alaska_permafrost_reference	100.0	1.46	B_L006	class
alaska_permafrost_reference_20_S46_bin.5	alaska_permafrost_reference	82.48	2.22	B_L001	phylum
alaska_permafrost_reference_20_S46_bin.8	alaska_permafrost_reference	99.6	0.31	B_L030	phylum
alaska_permafrost_reference_23_S49_bin.11	alaska_permafrost_reference	94.65	1.48	B_L006	class
alaska_permafrost_reference_23_S49_bin.7	alaska_permafrost_reference	65.69	0.01	B_L048	phylum
alaska_permafrost_reference_23_S49_bin.8	alaska_permafrost_reference	80.72	2.97	B_L006	class
alaska_permafrost_reference_8_S34_bin.12	alaska_permafrost_reference	58.95	0.51	B_L006	class
alaska_permafrost_reference_8_S34_bin.6	alaska_permafrost_reference	57.58	0.13	B_L006	class
alaska_permafrost_reference_BRice_18rbin.14	alaska_permafrost_reference	88.25	3.06	B_L008	order
alaska_permafrost_reference_ERR4660997rbin.2	alaska_permafrost_reference	55.17	3.69	B_L008	order
alaska_permafrost_reference_GCA_003131315.1_20120500_P39_genomic	alaska_permafrost_reference	99.63	2.24	B_L048	phylum
alaska_permafrost_reference_GCA_003131705.1_20120500_P38_genomic	alaska_permafrost_reference	80.66	3.07	B_L048	phylum
alaska_permafrost_reference_GCA_003132125.1_20120500_P28_genomic	alaska_permafrost_reference	78.93	5.09	B_L001	phylum
alaska_permafrost_reference_GCA_003132145.1_20120500_P28_genomic	alaska_permafrost_reference	96.17	3.99	B_L048	phylum
alaska_permafrost_reference_GCA_003132205.1_20120500_P27_genomic	alaska_permafrost_reference	92.96	2.82	B_L001	phylum
alaska_permafrost_reference_GCA_003132585.1_20120500_P19_genomic	alaska_permafrost_reference	91.62	2.38	B_L001	phylum
alaska_permafrost_reference_GCA_003132645.1_20120500_P19_genomic	alaska_permafrost_reference	87.95	1.89	B_L001	phylum
alaska_permafrost_reference_GCA_003132665.1_20120500_P19_genomic	alaska_permafrost_reference	77.4	0.82	B_L001	phylum
alaska_permafrost_reference_GCA_003133245.1_20120500_P28_genomic	alaska_permafrost_reference	98.58	0.25	B_L006	class
alaska_permafrost_reference_GCA_003133265.1_20120500_P28_genomic	alaska_permafrost_reference	88.94	4.82	B_L014	order
alaska_permafrost_reference_GCA_003133285.1_20120500_P28_genomic	alaska_permafrost_reference	82.92	1.86	B_L001	phylum
alaska_permafrost_reference_GCA_003133325.1_20120500_P27_genomic	alaska_permafrost_reference	96.65	3.38	B_L001	phylum
alaska_permafrost_reference_GCA_003133345.1_20120500_P27_genomic	alaska_permafrost_reference	81.95	2.42	B_L008	order
alaska_permafrost_reference_GCA_003134505.1_20111000_P3M_genomic	alaska_permafrost_reference	82.37	2.09	B_L001	phylum
alaska_permafrost_reference_GCA_003134555.1_20111000_P3M_genomic	alaska_permafrost_reference	96.77	2.38	B_L001	phylum
alaska_permafrost_reference_GCA_003134915.1_20111000_P3D_genomic	alaska_permafrost_reference	98.98	0.46	B_L040	phylum
alaska_permafrost_reference_GCA_003135455.1_20111000_P3M_genomic	alaska_permafrost_reference	83.18	0.45	B_L008	order
alaska_permafrost_reference_GCA_003135675.1_20111000_P3D_genomic	alaska_permafrost_reference	72.85	3.29	B_L044	phylum
alaska_permafrost_reference_GCA_003136395.1_20111000_P1D_genomic	alaska_permafrost_reference	90.92	2.41	B_L012	order
alaska_permafrost_reference_GCA_003136415.1_20111000_P1D_genomic	alaska_permafrost_reference	86.79	2.43	B_L001	phylum
alaska_permafrost_reference_GCA_003136795.1_20111000_P2D_genomic	alaska_permafrost_reference	79.68	1.32	B_L001	phylum
alaska_permafrost_reference_GCA_003137035.1_20111000_E3D_genomic	alaska_permafrost_reference	90.94	2.29	B_L048	phylum
alaska_permafrost_reference_GCA_003139735.1_20110800_S3D_genomic	alaska_permafrost_reference	82.58	3.87	B_L048	phylum
alaska_permafrost_reference_GCA_003141245.1_20120800_E3X_genomic	alaska_permafrost_reference	93.59	1.6	B_L002	phylum
alaska_permafrost_reference_GCA_003141415.1_20120800_E3S_genomic	alaska_permafrost_reference	81.75	2.83	B_L005	phylum
alaska_permafrost_reference_GCA_003141435.1_20120800_E3S_genomic	alaska_permafrost_reference	92.09	1.53	B_L054	class
alaska_permafrost_reference_GCA_003141455.1_20120800_E3S_genomic	alaska_permafrost_reference	92.5	1.4	B_L002	phylum
alaska_permafrost_reference_GCA_003141495.1_20120800_E3S_genomic	alaska_permafrost_reference	90.13	1.27	B_L005	phylum
alaska_permafrost_reference_GCA_003141525.1_20120800_E3D_genomic	alaska_permafrost_reference	93.58	1.42	B_L005	phylum
alaska_permafrost_reference_GCA_003141595.1_20120800_E2X_genomic	alaska_permafrost_reference	97.75	1.88	B_L005	phylum
alaska_permafrost_reference_GCA_003141715.1_20120800_E2D_genomic	alaska_permafrost_reference	94.42	4.91	B_L005	phylum
alaska_permafrost_reference_GCA_003141895.1_20120800_E1X_genomic	alaska_permafrost_reference	96.07	0.38	B_L005	phylum
alaska_permafrost_reference_GCA_003142185.1_20120700_S3X_genomic	alaska_permafrost_reference	100.0	1.86	B_L048	phylum
alaska_permafrost_reference_GCA_003142515.1_20120800_E2X_genomic	alaska_permafrost_reference	85.71	0.7	B_L005	phylum
alaska_permafrost_reference_GCA_003142815.1_20120800_E1X_genomic	alaska_permafrost_reference	99.99	0.49	B_L006	class
alaska_permafrost_reference_GCA_003142835.1_20120800_E1X_genomic	alaska_permafrost_reference	90.48	4.65	B_L058	class
alaska_permafrost_reference_GCA_003151435.1_20120700_P3D_genomic	alaska_permafrost_reference	94.27	4.41	B_L048	phylum
alaska_permafrost_reference_GCA_003151575.1_20120700_P3D_genomic	alaska_permafrost_reference	100.0	0.38	B_L044	phylum
alaska_permafrost_reference_GCA_003151655.1_20120700_P3D_genomic	alaska_permafrost_reference	80.18	2.57	B_L006	class
alaska_permafrost_reference_GCA_003151895.1_20120700_P3D_genomic	alaska_permafrost_reference	76.11	1.82	B_L001	phylum
alaska_permafrost_reference_GCA_003152135.1_20120700_P3D_genomic	alaska_permafrost_reference	99.53	1.38	B_L031	phylum
alaska_permafrost_reference_GCA_003152145.1_20120700_P3D_genomic	alaska_permafrost_reference	54.47	1.16	B_L044	phylum
alaska_permafrost_reference_GCA_003152165.1_20120700_P3D_genomic	alaska_permafrost_reference	91.08	1.66	B_L002	phylum
alaska_permafrost_reference_GCA_003152275.1_20120700_P3D_genomic	alaska_permafrost_reference	84.8	3.51	B_L001	phylum
alaska_permafrost_reference_GCA_003152315.1_20120700_P3D_genomic	alaska_permafrost_reference	96.03	3.16	B_L044	phylum
alaska_permafrost_reference_GCA_003153155.1_20120700_P3D_genomic	alaska_permafrost_reference	94.24	2.03	B_L006	class
alaska_permafrost_reference_GCA_003153335.1_20120700_P3D_genomic	alaska_permafrost_reference	66.8	2.78	B_L006	class
alaska_permafrost_reference_GCA_003153855.1_20120700_E3M_genomic	alaska_permafrost_reference	77.04	0.95	B_L001	phylum
alaska_permafrost_reference_GCA_003157075.1_20120600_E3D_genomic	alaska_permafrost_reference	89.34	4.32	B_L005	phylum
alaska_permafrost_reference_GCA_003157385.1_20120600_E2D_genomic	alaska_permafrost_reference	85.22	0.73	B_L001	phylum
alaska_permafrost_reference_GCA_003157445.1_20120600_E2D_genomic	alaska_permafrost_reference	69.69	1.91	B_L001	phylum
alaska_permafrost_reference_GCA_003158415.1_20120600_E3D_genomic	alaska_permafrost_reference	82.81	2.06	B_L006	class
alaska_permafrost_reference_GCA_003158575.1_20120600_E2D_genomic	alaska_permafrost_reference	84.68	2.62	B_L002	phylum
alaska_permafrost_reference_GCA_003158855.1_20120600_E1D_genomic	alaska_permafrost_reference	96.49	2.22	B_L001	phylum
alaska_permafrost_reference_GCA_003158895.1_20120600_E1D_genomic	alaska_permafrost_reference	91.4	3.0	B_L001	phylum
alaska_permafrost_reference_GCA_003158955.1_20120500_P39_genomic	alaska_permafrost_reference	75.3	4.17	B_L001	phylum
alaska_permafrost_reference_GCA_003159855.1_20120700_S3D_genomic	alaska_permafrost_reference	87.74	0.55	B_L048	phylum
alaska_permafrost_reference_GCA_003161635.1_20110600_P1D_genomic	alaska_permafrost_reference	95.08	1.03	B_L044	phylum
alaska_permafrost_reference_GCA_003162235.1_20100900_E1D_genomic	alaska_permafrost_reference	75.21	0.4	B_L001	phylum
alaska_permafrost_reference_GCA_003162595.1_20100900_E3D_genomic	alaska_permafrost_reference	84.88	4.16	B_L005	phylum
alaska_permafrost_reference_GCA_003167255.1_20110700_P2D_genomic	alaska_permafrost_reference	98.85	0.52	B_L048	phylum
alaska_permafrost_reference_GCA_003167275.1_20110700_P2D_genomic	alaska_permafrost_reference	97.47	3.95	B_L048	phylum
alaska_permafrost_reference_GCA_003167355.1_20110700_P2D_genomic	alaska_permafrost_reference	74.94	0.8	B_L044	phylum
alaska_permafrost_reference_GCA_003167375.1_20110700_P2D_genomic	alaska_permafrost_reference	90.61	3.45	B_L048	phylum
alaska_permafrost_reference_GCA_003168335.1_20110700_P1D_genomic	alaska_permafrost_reference	97.42	0.37	B_L048	phylum
alaska_permafrost_reference_GCA_003169655.1_20110800_P1M_genomic	alaska_permafrost_reference	81.78	0.43	B_L002	phylum
alaska_permafrost_reference_GCA_003169695.1_20110800_P1D_genomic	alaska_permafrost_reference	97.16	1.67	B_L044	phylum
alaska_permafrost_reference_GCA_003169785.1_20110800_P1D_genomic	alaska_permafrost_reference	94.25	1.93	B_L002	phylum
alaska_permafrost_reference_GCA_003169845.1_20110800_P1D_genomic	alaska_permafrost_reference	93.29	1.18	B_L002	phylum
alaska_permafrost_reference_GCA_003169895.1_20110800_P1D_genomic	alaska_permafrost_reference	97.61	0.15	B_L040	phylum
alaska_permafrost_reference_GCA_003170155.1_20110800_E3D_genomic	alaska_permafrost_reference	90.61	0.77	B_L001	phylum
alaska_permafrost_reference_GCA_003170415.1_20110800_E3D_genomic	alaska_permafrost_reference	95.43	1.54	B_L029	phylum
alaska_permafrost_reference_GCA_003170815.1_20110800_E2D_genomic	alaska_permafrost_reference	94.41	2.79	B_L048	phylum
alaska_permafrost_reference_GCA_003170855.1_20110800_E2D_genomic	alaska_permafrost_reference	81.07	3.21	B_L002	phylum
alaska_permafrost_reference_GCA_003170915.1_20110800_E2D_genomic	alaska_permafrost_reference	76.3	1.29	B_L048	phylum
alaska_permafrost_reference_GCA_003170995.1_20110800_E1D_genomic	alaska_permafrost_reference	82.24	1.65	B_L001	phylum
alaska_permafrost_reference_GCA_003171215.1_20110800_E2D_genomic	alaska_permafrost_reference	98.04	2.19	B_L040	phylum
alaska_permafrost_reference_GCA_003171255.1_20110800_E2D_genomic	alaska_permafrost_reference	91.96	2.42	B_L002	phylum
alaska_permafrost_reference_S20rbin.17	alaska_permafrost_reference	88.83	2.58	B_L048	phylum
alaska_permafrost_reference_S213bin.1	alaska_permafrost_reference	60.61	0.86	B_L001	phylum
alaska_permafrost_reference_S22rbin.5	alaska_permafrost_reference	83.29	0.81	B_L008	order
alaska_permafrost_reference_S25rbin.15	alaska_permafrost_reference	90.8	2.81	B_L008	order
alaska_permafrost_reference_S262bin.17	alaska_permafrost_reference	72.3	1.81	B_L006	class
alaska_permafrost_reference_S262bin.2	alaska_permafrost_reference	97.56	3.67	B_L001	phylum
alaska_permafrost_reference_S412bin.9	alaska_permafrost_reference	72.0	3.7	B_L001	phylum
alaska_permafrost_reference_S42rbin.10	alaska_permafrost_reference	92.76	1.18	B_L006	class
alaska_permafrost_reference_S46rbin.4	alaska_permafrost_reference	99.99	2.04	B_L006	class
alaska_permafrost_reference_SRR10159350bin.16	alaska_permafrost_reference	73.82	5.05	B_L001	phylum
alaska_permafrost_reference_SRR10260007bin.10	alaska_permafrost_reference	86.53	1.06	B_L048	phylum
alaska_permafrost_reference_SRR10260007bin.6	alaska_permafrost_reference	77.23	5.37	B_L001	phylum
alaska_permafrost_reference_SRR10360640bin.21	alaska_permafrost_reference	76.76	3.46	B_L048	phylum
alaska_permafrost_reference_SRR10360644bin.23	alaska_permafrost_reference	50.74	2.59	B_L008	order
alaska_permafrost_reference_SRR10360647bin.2	alaska_permafrost_reference	92.98	1.58	B_L001	phylum
alaska_permafrost_reference_SRR10489811bin.14	alaska_permafrost_reference	96.69	4.44	B_L048	phylum
alaska_permafrost_reference_SRR10489811bin.7	alaska_permafrost_reference	87.06	0.39	B_L001	phylum
alaska_permafrost_reference_SRR10489812bin.2	alaska_permafrost_reference	98.17	2.21	B_L048	phylum
alaska_permafrost_reference_SRR10489814bin.10	alaska_permafrost_reference	90.15	5.22	B_L048	phylum
alaska_permafrost_reference_SRR10489814bin.19	alaska_permafrost_reference	65.25	2.2	B_L005	phylum
alaska_permafrost_reference_SRR10489814bin.7	alaska_permafrost_reference	95.14	3.13	B_L048	phylum
alaska_permafrost_reference_SRR10489814bin.8	alaska_permafrost_reference	67.01	1.9	B_L001	phylum
alaska_permafrost_reference_SRR10489814bin.9	alaska_permafrost_reference	61.76	0.17	B_L005	phylum
alaska_permafrost_reference_SRR10489815bin.10	alaska_permafrost_reference	96.91	0.49	B_L005	phylum
alaska_permafrost_reference_SRR10489815bin.11	alaska_permafrost_reference	58.75	2.38	B_L006	class
alaska_permafrost_reference_SRR10489815bin.14	alaska_permafrost_reference	98.96	4.25	B_L046	phylum
alaska_permafrost_reference_SRR10489815bin.15	alaska_permafrost_reference	94.29	1.22	B_L001	phylum
alaska_permafrost_reference_SRR10489815bin.16	alaska_permafrost_reference	56.87	0.42	B_L005	phylum
alaska_permafrost_reference_SRR10489815bin.17	alaska_permafrost_reference	60.37	1.62	B_L048	phylum
alaska_permafrost_reference_SRR10489815bin.2	alaska_permafrost_reference	83.83	1.13	B_L006	class
alaska_permafrost_reference_SRR10489815bin.21	alaska_permafrost_reference	50.38	3.64	B_L058	class
alaska_permafrost_reference_SRR10489815bin.23	alaska_permafrost_reference	97.38	1.99	B_L048	phylum
alaska_permafrost_reference_SRR10489815bin.3	alaska_permafrost_reference	87.24	2.59	B_L002	phylum
alaska_permafrost_reference_SRR10489815bin.37	alaska_permafrost_reference	86.53	1.35	B_L001	phylum
alaska_permafrost_reference_SRR10489815bin.38	alaska_permafrost_reference	94.62	1.36	B_L001	phylum
alaska_permafrost_reference_SRR10489815bin.40	alaska_permafrost_reference	68.11	3.45	B_L002	phylum
alaska_permafrost_reference_SRR10489815bin.43	alaska_permafrost_reference	81.95	4.17	B_L001	phylum
alaska_permafrost_reference_SRR10489817bin.7	alaska_permafrost_reference	92.65	1.36	B_L002	phylum
alaska_permafrost_reference_SRR10489817bin.8	alaska_permafrost_reference	79.08	2.45	B_L002	phylum
alaska_permafrost_reference_SRR10489818bin.17	alaska_permafrost_reference	69.01	1.97	B_L006	class
alaska_permafrost_reference_SRR10489818bin.7	alaska_permafrost_reference	83.08	1.06	B_L001	phylum
alaska_permafrost_reference_SRR10489819bin.2	alaska_permafrost_reference	89.61	1.34	B_L001	phylum
alaska_permafrost_reference_SRR10489821bin.15	alaska_permafrost_reference	80.17	2.01	B_L048	phylum
alaska_permafrost_reference_SRR10489821bin.16	alaska_permafrost_reference	71.44	3.0	B_L002	phylum
alaska_permafrost_reference_SRR10489821bin.20	alaska_permafrost_reference	67.51	2.68	B_L044	phylum
alaska_permafrost_reference_SRR10489821bin.4	alaska_permafrost_reference	52.89	0.44	B_L001	phylum
alaska_permafrost_reference_SRR10489821bin.5	alaska_permafrost_reference	91.63	2.88	B_L005	phylum
alaska_permafrost_reference_SRR10489821bin.6	alaska_permafrost_reference	81.8	4.68	B_L001	phylum
alaska_permafrost_reference_SRR10489822bin.4	alaska_permafrost_reference	74.61	3.32	B_L040	phylum
alaska_permafrost_reference_SRR10489822bin.5	alaska_permafrost_reference	66.03	1.42	B_L001	phylum
alaska_permafrost_reference_SRR10489823bin.12	alaska_permafrost_reference	57.95	1.09	B_L048	phylum
alaska_permafrost_reference_SRR10489823bin.6	alaska_permafrost_reference	52.82	4.46	B_L038	phylum
alaska_permafrost_reference_SRR10489824bin.8	alaska_permafrost_reference	73.15	2.66	B_L002	phylum
alaska_permafrost_reference_SRR10489825bin.2	alaska_permafrost_reference	59.67	1.49	B_L001	phylum
alaska_permafrost_reference_SRR10489825bin.5	alaska_permafrost_reference	90.81	0.68	B_L001	phylum
alaska_permafrost_reference_SRR10489826bin.10	alaska_permafrost_reference	90.68	0.36	B_L001	phylum
alaska_permafrost_reference_SRR10489826bin.15	alaska_permafrost_reference	86.33	2.68	B_L001	phylum
alaska_permafrost_reference_SRR10489828bin.11	alaska_permafrost_reference	53.15	0.79	B_L048	phylum
alaska_permafrost_reference_SRR10489828bin.12	alaska_permafrost_reference	97.84	1.27	B_L006	class
alaska_permafrost_reference_SRR10489828bin.14	alaska_permafrost_reference	93.19	2.01	B_L044	phylum
alaska_permafrost_reference_SRR10489828bin.19	alaska_permafrost_reference	99.11	2.68	B_L040	phylum
alaska_permafrost_reference_SRR10489828bin.2	alaska_permafrost_reference	97.77	1.9	B_L048	phylum
alaska_permafrost_reference_SRR10489828bin.20	alaska_permafrost_reference	93.26	1.97	B_L001	phylum
alaska_permafrost_reference_SRR10489828bin.23	alaska_permafrost_reference	97.53	1.54	B_L006	class
alaska_permafrost_reference_SRR10489828bin.6	alaska_permafrost_reference	65.18	4.68	B_L002	phylum
alaska_permafrost_reference_SRR10489830bin.14	alaska_permafrost_reference	69.33	2.06	B_L002	phylum
alaska_permafrost_reference_SRR10489830bin.19	alaska_permafrost_reference	65.69	2.58	B_L002	phylum
alaska_permafrost_reference_SRR10489831bin.1	alaska_permafrost_reference	93.19	1.97	B_L001	phylum
alaska_permafrost_reference_SRR10489831bin.10	alaska_permafrost_reference	94.68	1.89	B_L048	phylum
alaska_permafrost_reference_SRR10489831bin.5	alaska_permafrost_reference	87.52	2.56	B_L008	order
alaska_permafrost_reference_SRR10489833bin.10	alaska_permafrost_reference	66.87	2.51	B_L002	phylum
alaska_permafrost_reference_SRR10489833bin.14	alaska_permafrost_reference	95.94	0.9	B_L005	phylum
alaska_permafrost_reference_SRR10489833bin.18	alaska_permafrost_reference	75.45	2.87	B_L038	phylum
alaska_permafrost_reference_SRR10489833bin.21	alaska_permafrost_reference	98.62	3.89	B_L040	phylum
alaska_permafrost_reference_SRR10489834bin.1	alaska_permafrost_reference	64.04	3.03	B_L002	phylum
alaska_permafrost_reference_SRR10489834bin.10	alaska_permafrost_reference	89.87	1.7	B_L044	phylum
alaska_permafrost_reference_SRR10489834bin.13	alaska_permafrost_reference	99.66	0.4	B_L005	phylum
alaska_permafrost_reference_SRR10489834bin.16	alaska_permafrost_reference	96.19	0.14	B_L001	phylum
alaska_permafrost_reference_SRR10489834bin.18	alaska_permafrost_reference	71.71	4.26	B_L040	phylum
alaska_permafrost_reference_SRR10489834bin.21	alaska_permafrost_reference	90.75	0.38	B_L002	phylum
alaska_permafrost_reference_SRR10489834bin.29	alaska_permafrost_reference	73.47	3.84	B_L001	phylum
alaska_permafrost_reference_SRR10489834bin.30	alaska_permafrost_reference	67.81	4.25	B_L005	phylum
alaska_permafrost_reference_SRR10489834bin.34	alaska_permafrost_reference	81.95	2.01	B_L030	phylum
alaska_permafrost_reference_SRR10489839bin.1	alaska_permafrost_reference	95.51	3.72	B_L006	class
alaska_permafrost_reference_SRR10489839bin.4	alaska_permafrost_reference	99.41	0.59	B_L048	phylum
alaska_permafrost_reference_SRR10489839bin.8	alaska_permafrost_reference	63.52	3.66	B_L001	phylum
alaska_permafrost_reference_SRR10585504bin.3	alaska_permafrost_reference	77.9	1.67	B_L001	phylum
alaska_permafrost_reference_SRR10695402bin.4	alaska_permafrost_reference	100.0	3.58	B_L006	class
alaska_permafrost_reference_SRR10954965bin.15	alaska_permafrost_reference	66.96	4.81	B_L006	class
alaska_permafrost_reference_SRR10954970bin.7	alaska_permafrost_reference	90.25	1.59	B_L006	class
alaska_permafrost_reference_SRR10954973bin.3	alaska_permafrost_reference	100.0	4.37	B_L006	class
alaska_permafrost_reference_SRR10968263bin.3	alaska_permafrost_reference	56.1	0.76	B_L008	order
alaska_permafrost_reference_SRR10998558bin.6	alaska_permafrost_reference	94.47	3.71	B_L001	phylum
alaska_permafrost_reference_SRR11271806bin.7	alaska_permafrost_reference	59.5	4.23	B_L008	order
alaska_permafrost_reference_SRR1153387rbin.5	alaska_permafrost_reference	90.67	2.93	B_L001	phylum
alaska_permafrost_reference_SRR11674063bin.29	alaska_permafrost_reference	89.24	1.67	B_L001	phylum
alaska_permafrost_reference_SRR11678563bin.6	alaska_permafrost_reference	73.71	4.74	B_L001	phylum
alaska_permafrost_reference_SRR11678566bin.25	alaska_permafrost_reference	88.6	1.23	B_L006	class
alaska_permafrost_reference_SRR11678610bin.13	alaska_permafrost_reference	82.06	2.98	B_L006	class
alaska_permafrost_reference_SRR11719862bin.6	alaska_permafrost_reference	99.35	4.06	B_L010	order
alaska_permafrost_reference_SRR11719873bin.13	alaska_permafrost_reference	99.98	1.47	B_L006	class
alaska_permafrost_reference_SRR11719874bin.1	alaska_permafrost_reference	86.01	1.3	B_L003	phylum
alaska_permafrost_reference_SRR11742949bin.18	alaska_permafrost_reference	93.33	0.36	B_L002	phylum
alaska_permafrost_reference_SRR11743025bin.14	alaska_permafrost_reference	99.18	3.57	B_L031	phylum
alaska_permafrost_reference_SRR11833234bin.10	alaska_permafrost_reference	66.9	2.83	B_L001	phylum
alaska_permafrost_reference_SRR11833507bin.12	alaska_permafrost_reference	92.73	2.96	B_L012	order
alaska_permafrost_reference_SRR11833744bin.13	alaska_permafrost_reference	92.71	0.54	B_L008	order
alaska_permafrost_reference_SRR11834729bin.39	alaska_permafrost_reference	72.64	2.94	B_L008	order
alaska_permafrost_reference_SRR11835640bin.36	alaska_permafrost_reference	63.78	2.34	B_L001	phylum
alaska_permafrost_reference_SRR11836029bin.13	alaska_permafrost_reference	87.54	3.64	B_L008	order
alaska_permafrost_reference_SRR11836410bin.36	alaska_permafrost_reference	83.65	3.87	B_L001	phylum
alaska_permafrost_reference_SRR11836440bin.55	alaska_permafrost_reference	95.75	4.1	B_L001	phylum
alaska_permafrost_reference_SRR11836447bin.1	alaska_permafrost_reference	90.14	4.37	B_L001	phylum
alaska_permafrost_reference_SRR11836514bin.4	alaska_permafrost_reference	100.0	1.82	B_L006	class
alaska_permafrost_reference_SRR11842108bin.17	alaska_permafrost_reference	93.19	3.71	B_L012	order
alaska_permafrost_reference_SRR12060215bin.5	alaska_permafrost_reference	83.64	3.48	B_L008	order
alaska_permafrost_reference_SRR12170510bin.26	alaska_permafrost_reference	89.49	2.08	B_L008	order
alaska_permafrost_reference_SRR12277191bin.8	alaska_permafrost_reference	82.68	4.46	B_L006	class
alaska_permafrost_reference_SRR12277196bin.3	alaska_permafrost_reference	93.05	4.4	B_L040	phylum
alaska_permafrost_reference_SRR12277197bin.2	alaska_permafrost_reference	55.5	3.07	B_L006	class
alaska_permafrost_reference_SRR12277197bin.4	alaska_permafrost_reference	58.71	1.6	B_L002	phylum
alaska_permafrost_reference_SRR12277198bin.3	alaska_permafrost_reference	76.36	0.82	B_L002	phylum
alaska_permafrost_reference_SRR12277198bin.4	alaska_permafrost_reference	97.92	1.83	B_L002	phylum
alaska_permafrost_reference_SRR12277200bin.6	alaska_permafrost_reference	85.23	1.1	B_L048	phylum
alaska_permafrost_reference_SRR12277200bin.7	alaska_permafrost_reference	99.5	2.27	B_L038	phylum
alaska_permafrost_reference_SRR12277201bin.1	alaska_permafrost_reference	88.0	2.33	B_L040	phylum
alaska_permafrost_reference_SRR12347921bin.3	alaska_permafrost_reference	99.99	1.09	B_L003	phylum
alaska_permafrost_reference_SRR12349250bin.11	alaska_permafrost_reference	100.0	4.04	B_L008	order
alaska_permafrost_reference_SRR12377070bin.3	alaska_permafrost_reference	99.31	0.24	B_L008	order
alaska_permafrost_reference_SRR12659391bin.24	alaska_permafrost_reference	52.41	3.06	B_L008	order
alaska_permafrost_reference_SRR12756227bin.2	alaska_permafrost_reference	84.92	1.7	B_L002	phylum
alaska_permafrost_reference_SRR12756227bin.3	alaska_permafrost_reference	65.35	1.64	B_L002	phylum
alaska_permafrost_reference_SRR12756228bin.2	alaska_permafrost_reference	88.8	0.97	B_L001	phylum
alaska_permafrost_reference_SRR12756230bin.2	alaska_permafrost_reference	60.2	1.68	B_L002	phylum
alaska_permafrost_reference_SRR12756247bin.1	alaska_permafrost_reference	68.48	1.13	B_L012	order
alaska_permafrost_reference_SRR12756247bin.2	alaska_permafrost_reference	95.29	2.12	B_L048	phylum
alaska_permafrost_reference_SRR12844116bin.1	alaska_permafrost_reference	92.94	0.02	B_L001	phylum
alaska_permafrost_reference_SRR12917118bin.14	alaska_permafrost_reference	78.39	3.28	B_L008	order
alaska_permafrost_reference_SRR1586253rbin.4	alaska_permafrost_reference	99.98	0.5	B_L005	phylum
alaska_permafrost_reference_SRR1586257rbin.1	alaska_permafrost_reference	79.95	3.6	B_L005	phylum
alaska_permafrost_reference_SRR1586257rbin.6	alaska_permafrost_reference	83.34	1.68	B_L010	order
alaska_permafrost_reference_SRR1586260rbin.8	alaska_permafrost_reference	83.48	2.46	B_L002	phylum
alaska_permafrost_reference_SRR1586264rbin.1	alaska_permafrost_reference	95.55	4.54	B_L001	phylum
alaska_permafrost_reference_SRR1586264rbin.5	alaska_permafrost_reference	92.05	2.56	B_L001	phylum
alaska_permafrost_reference_SRR1586266rbin.16	alaska_permafrost_reference	59.03	3.87	B_L006	class
alaska_permafrost_reference_SRR1586266rbin.2	alaska_permafrost_reference	57.48	3.98	B_L001	phylum
alaska_permafrost_reference_SRR1586267rbin.7	alaska_permafrost_reference	99.43	0.26	B_L006	class
alaska_permafrost_reference_SRR1586267rbin.9	alaska_permafrost_reference	100.0	1.62	B_L006	class
alaska_permafrost_reference_SRR1586269rbin.19	alaska_permafrost_reference	93.41	3.1	B_L002	phylum
alaska_permafrost_reference_SRR1586269rbin.20	alaska_permafrost_reference	85.69	3.5	B_L001	phylum
alaska_permafrost_reference_SRR1586269rbin.24	alaska_permafrost_reference	96.57	4.68	B_L001	phylum
alaska_permafrost_reference_SRR1586270rbin.18	alaska_permafrost_reference	98.85	2.96	B_L005	phylum
alaska_permafrost_reference_SRR1586270rbin.25	alaska_permafrost_reference	99.99	0.46	B_L006	class
alaska_permafrost_reference_SRR1586270rbin.6	alaska_permafrost_reference	68.19	3.31	B_L001	phylum
alaska_permafrost_reference_SRR1586270rbin.7	alaska_permafrost_reference	96.08	0.14	B_L002	phylum
alaska_permafrost_reference_SRR1586270rbin.9	alaska_permafrost_reference	91.32	3.26	B_L048	phylum
alaska_permafrost_reference_SRR1586276rbin.1	alaska_permafrost_reference	95.68	0.14	B_L002	phylum
alaska_permafrost_reference_SRR1586276rbin.13	alaska_permafrost_reference	96.85	0.72	B_L001	phylum
alaska_permafrost_reference_SRR1586276rbin.4	alaska_permafrost_reference	95.42	0.66	B_L006	class
alaska_permafrost_reference_SRR1586279rbin.14	alaska_permafrost_reference	75.29	2.14	B_L001	phylum
alaska_permafrost_reference_SRR1586279rbin.19	alaska_permafrost_reference	70.47	2.67	B_L001	phylum
alaska_permafrost_reference_SRR1586279rbin.2	alaska_permafrost_reference	88.37	1.94	B_L002	phylum
alaska_permafrost_reference_SRR1586279rbin.21	alaska_permafrost_reference	88.84	1.26	B_L001	phylum
alaska_permafrost_reference_SRR1586279rbin.3	alaska_permafrost_reference	72.53	0.98	B_L002	phylum
alaska_permafrost_reference_SRR1586279rbin.36	alaska_permafrost_reference	92.67	1.05	B_L029	phylum
alaska_permafrost_reference_SRR1586279rbin.39	alaska_permafrost_reference	56.97	0.92	B_L001	phylum
alaska_permafrost_reference_SRR1586279rbin.4	alaska_permafrost_reference	96.52	0.12	B_L001	phylum
alaska_permafrost_reference_SRR1586279rbin.6	alaska_permafrost_reference	86.23	4.18	B_L040	phylum
alaska_permafrost_reference_SRR1586279rbin.7	alaska_permafrost_reference	87.94	3.6	B_L001	phylum
alaska_permafrost_reference_SRR1586285rbin.2	alaska_permafrost_reference	99.43	0.5	B_L048	phylum
alaska_permafrost_reference_SRR1586288rbin.2	alaska_permafrost_reference	93.27	0.84	B_L002	phylum
alaska_permafrost_reference_SRR1586289rbin.7	alaska_permafrost_reference	93.85	4.35	B_L002	phylum
alaska_permafrost_reference_SRR1586296rbin.3	alaska_permafrost_reference	72.82	2.57	B_L002	phylum
alaska_permafrost_reference_SRR1586297rbin.2	alaska_permafrost_reference	92.61	1.51	B_L044	phylum
alaska_permafrost_reference_SRR1586300rbin.1	alaska_permafrost_reference	95.8	0.05	B_L001	phylum
alaska_permafrost_reference_SRR1586301rbin.12	alaska_permafrost_reference	98.81	0.63	B_L001	phylum
alaska_permafrost_reference_SRR1586301rbin.2	alaska_permafrost_reference	99.84	0.53	B_L001	phylum
alaska_permafrost_reference_SRR1586303rbin.3	alaska_permafrost_reference	97.18	0.22	B_L008	order
alaska_permafrost_reference_SRR1586304rbin.1	alaska_permafrost_reference	78.66	5.48	B_L002	phylum
alaska_permafrost_reference_SRR1586304rbin.4	alaska_permafrost_reference	92.35	1.49	B_L001	phylum
alaska_permafrost_reference_SRR1586305rbin.3	alaska_permafrost_reference	95.64	0.17	B_L006	class
alaska_permafrost_reference_SRR1586309rbin.1	alaska_permafrost_reference	76.07	3.64	B_L002	phylum
alaska_permafrost_reference_SRR1586309rbin.15	alaska_permafrost_reference	72.09	1.42	B_L002	phylum
alaska_permafrost_reference_SRR1586309rbin.2	alaska_permafrost_reference	98.84	0.06	B_L030	phylum
alaska_permafrost_reference_SRR1586311rbin.6	alaska_permafrost_reference	93.71	1.73	B_L040	phylum
alaska_permafrost_reference_SRR1586311rbin.8	alaska_permafrost_reference	77.22	1.11	B_L013	order
alaska_permafrost_reference_SRR1586315rbin.5	alaska_permafrost_reference	95.61	2.36	B_L040	phylum
alaska_permafrost_reference_SRR1586316rbin.6	alaska_permafrost_reference	83.3	0.29	B_L006	class
alaska_permafrost_reference_SRR1586317rbin.10	alaska_permafrost_reference	89.24	0.81	B_L006	class
alaska_permafrost_reference_SRR1586317rbin.11	alaska_permafrost_reference	95.75	1.29	B_L006	class
alaska_permafrost_reference_SRR1586317rbin.2	alaska_permafrost_reference	82.92	1.46	B_L040	phylum
alaska_permafrost_reference_SRR1586320rbin.11	alaska_permafrost_reference	99.99	1.26	B_L005	phylum
alaska_permafrost_reference_SRR1586320rbin.14	alaska_permafrost_reference	100.0	1.82	B_L005	phylum
alaska_permafrost_reference_SRR1586320rbin.5	alaska_permafrost_reference	65.26	4.82	B_L006	class
alaska_permafrost_reference_SRR1586321rbin.10	alaska_permafrost_reference	100.0	0.39	B_L006	class
alaska_permafrost_reference_SRR1586321rbin.15	alaska_permafrost_reference	90.31	2.84	B_L044	phylum
alaska_permafrost_reference_SRR1586321rbin.4	alaska_permafrost_reference	61.44	3.33	B_L001	phylum
alaska_permafrost_reference_SRR1586324rbin.20	alaska_permafrost_reference	51.03	4.52	B_L002	phylum
alaska_permafrost_reference_SRR1586324rbin.22	alaska_permafrost_reference	93.45	0.15	B_L001	phylum
alaska_permafrost_reference_SRR1586324rbin.3	alaska_permafrost_reference	81.2	1.69	B_L002	phylum
alaska_permafrost_reference_SRR1586324rbin.8	alaska_permafrost_reference	93.01	0.7	B_L002	phylum
alaska_permafrost_reference_SRR1586325rbin.6	alaska_permafrost_reference	97.6	3.61	B_L062	phylum
alaska_permafrost_reference_SRR2901746rbin.30	alaska_permafrost_reference	99.79	1.6	B_L008	order
alaska_permafrost_reference_SRR2902415rbin.20	alaska_permafrost_reference	89.33	2.98	B_L008	order
alaska_permafrost_reference_SRR351473rebin.39	alaska_permafrost_reference	78.68	3.96	B_L008	order
alaska_permafrost_reference_SRR3747750rbin.3	alaska_permafrost_reference	100.0	0.17	B_L006	class
alaska_permafrost_reference_SRR3982075rbin.1	alaska_permafrost_reference	82.72	3.84	B_L008	order
alaska_permafrost_reference_SRR3984893rbin.1	alaska_permafrost_reference	60.9	0.78	B_L008	order
alaska_permafrost_reference_SRR3984960rbin.14	alaska_permafrost_reference	92.35	1.35	B_L006	class
alaska_permafrost_reference_SRR3984960rbin.5	alaska_permafrost_reference	92.89	1.15	B_L006	class
alaska_permafrost_reference_SRR3984960rbin.6	alaska_permafrost_reference	63.98	3.57	B_L001	phylum
alaska_permafrost_reference_SRR3984960rbin.8	alaska_permafrost_reference	62.16	1.29	B_L048	phylum
alaska_permafrost_reference_SRR3984961rbin.1	alaska_permafrost_reference	95.75	2.89	B_L002	phylum
alaska_permafrost_reference_SRR3984962rbin.17	alaska_permafrost_reference	96.13	2.7	B_L002	phylum
alaska_permafrost_reference_SRR3984962rbin.21	alaska_permafrost_reference	82.52	3.2	B_L040	phylum
alaska_permafrost_reference_SRR3984962rbin.22	alaska_permafrost_reference	95.88	0.77	B_L030	phylum
alaska_permafrost_reference_SRR3984962rbin.27	alaska_permafrost_reference	77.6	2.59	B_L002	phylum
alaska_permafrost_reference_SRR3984963rbin.1	alaska_permafrost_reference	80.63	3.15	B_L001	phylum
alaska_permafrost_reference_SRR3984963rbin.13	alaska_permafrost_reference	91.62	2.2	B_L001	phylum
alaska_permafrost_reference_SRR3984963rbin.15	alaska_permafrost_reference	96.63	0.0	B_L046	phylum
alaska_permafrost_reference_SRR3984963rbin.18	alaska_permafrost_reference	66.3	0.37	B_L008	order
alaska_permafrost_reference_SRR3984963rbin.2	alaska_permafrost_reference	95.79	0.3	B_L048	phylum
alaska_permafrost_reference_SRR3984963rbin.4	alaska_permafrost_reference	81.2	1.86	B_L001	phylum
alaska_permafrost_reference_SRR3985188rbin.4	alaska_permafrost_reference	76.3	1.29	B_L048	phylum
alaska_permafrost_reference_SRR3985370rbin.4	alaska_permafrost_reference	78.09	4.27	B_L008	order
alaska_permafrost_reference_SRR3985382rbin.2	alaska_permafrost_reference	86.84	1.34	B_L008	order
alaska_permafrost_reference_SRR3985383rbin.2	alaska_permafrost_reference	63.13	1.86	B_L002	phylum
alaska_permafrost_reference_SRR3985384rbin.17	alaska_permafrost_reference	50.31	2.79	B_L040	phylum
alaska_permafrost_reference_SRR3985384rbin.9	alaska_permafrost_reference	61.11	3.75	B_L048	phylum
alaska_permafrost_reference_SRR3985390rbin.10	alaska_permafrost_reference	83.75	2.07	B_L048	phylum
alaska_permafrost_reference_SRR3985390rbin.12	alaska_permafrost_reference	81.71	3.99	B_L006	class
alaska_permafrost_reference_SRR3985390rbin.3	alaska_permafrost_reference	62.22	3.21	B_L002	phylum
alaska_permafrost_reference_SRR3985391rbin.2	alaska_permafrost_reference	97.41	0.28	B_L040	phylum
alaska_permafrost_reference_SRR3985394rbin.4	alaska_permafrost_reference	78.05	4.22	B_L001	phylum
alaska_permafrost_reference_SRR3985394rbin.9	alaska_permafrost_reference	97.96	0.67	B_L048	phylum
alaska_permafrost_reference_SRR3985395rbin.18	alaska_permafrost_reference	89.68	0.77	B_L001	phylum
alaska_permafrost_reference_SRR3985395rbin.2	alaska_permafrost_reference	94.26	0.87	B_L048	phylum
alaska_permafrost_reference_SRR3985395rbin.20	alaska_permafrost_reference	95.1	0.98	B_L001	phylum
alaska_permafrost_reference_SRR3985396rbin.13	alaska_permafrost_reference	99.67	2.2	B_L005	phylum
alaska_permafrost_reference_SRR3985396rbin.14	alaska_permafrost_reference	85.98	3.02	B_L006	class
alaska_permafrost_reference_SRR3985396rbin.20	alaska_permafrost_reference	93.35	1.52	B_L044	phylum
alaska_permafrost_reference_SRR3985396rbin.6	alaska_permafrost_reference	93.83	0.63	B_L001	phylum
alaska_permafrost_reference_SRR3985397rbin.5	alaska_permafrost_reference	76.77	4.18	B_L048	phylum
alaska_permafrost_reference_SRR3985419rbin.1	alaska_permafrost_reference	91.32	2.58	B_L006	class
alaska_permafrost_reference_SRR3985419rbin.2	alaska_permafrost_reference	67.32	0.57	B_L001	phylum
alaska_permafrost_reference_SRR3985420rbin.1	alaska_permafrost_reference	75.56	3.0	B_L001	phylum
alaska_permafrost_reference_SRR3985420rbin.3	alaska_permafrost_reference	91.57	2.06	B_L001	phylum
alaska_permafrost_reference_SRR3985421rbin.12	alaska_permafrost_reference	58.91	3.11	B_L001	phylum
alaska_permafrost_reference_SRR3985421rbin.8	alaska_permafrost_reference	64.14	2.71	B_L001	phylum
alaska_permafrost_reference_SRR3985424rbin.12	alaska_permafrost_reference	59.04	1.59	B_L008	order
alaska_permafrost_reference_SRR3985424rbin.2	alaska_permafrost_reference	77.35	2.84	B_L038	phylum
alaska_permafrost_reference_SRR3985424rbin.5	alaska_permafrost_reference	100.0	1.89	B_L040	phylum
alaska_permafrost_reference_SRR3985526rbin.14	alaska_permafrost_reference	78.23	0.61	B_L008	order
alaska_permafrost_reference_SRR3985527rbin.9	alaska_permafrost_reference	64.52	4.44	B_L005	phylum
alaska_permafrost_reference_SRR3989121rbin.10	alaska_permafrost_reference	81.8	0.7	B_L048	phylum
alaska_permafrost_reference_SRR3989121rbin.11	alaska_permafrost_reference	83.83	3.88	B_L002	phylum
alaska_permafrost_reference_SRR3989121rbin.13	alaska_permafrost_reference	85.39	0.84	B_L058	class
alaska_permafrost_reference_SRR3989121rbin.14	alaska_permafrost_reference	86.42	2.54	B_L040	phylum
alaska_permafrost_reference_SRR3989121rbin.21	alaska_permafrost_reference	97.27	1.96	B_L002	phylum
alaska_permafrost_reference_SRR3989121rbin.24	alaska_permafrost_reference	69.13	3.04	B_L006	class
alaska_permafrost_reference_SRR3989121rbin.27	alaska_permafrost_reference	77.75	2.68	B_L001	phylum
alaska_permafrost_reference_SRR3989121rbin.37	alaska_permafrost_reference	86.83	1.52	B_L002	phylum
alaska_permafrost_reference_SRR3989121rbin.6	alaska_permafrost_reference	95.2	2.05	B_L040	phylum
alaska_permafrost_reference_SRR3989121rbin.7	alaska_permafrost_reference	87.77	0.88	B_L002	phylum
alaska_permafrost_reference_SRR3989239rbin.10	alaska_permafrost_reference	84.95	3.42	B_L001	phylum
alaska_permafrost_reference_SRR3989239rbin.17	alaska_permafrost_reference	78.97	2.57	B_L062	phylum
alaska_permafrost_reference_SRR3989239rbin.22	alaska_permafrost_reference	92.54	1.56	B_L005	phylum
alaska_permafrost_reference_SRR3989239rbin.23	alaska_permafrost_reference	97.94	4.82	B_L001	phylum
alaska_permafrost_reference_SRR3989239rbin.24	alaska_permafrost_reference	100.0	0.86	B_L002	phylum
alaska_permafrost_reference_SRR3989239rbin.25	alaska_permafrost_reference	85.06	4.63	B_L005	phylum
alaska_permafrost_reference_SRR3989239rbin.35	alaska_permafrost_reference	86.2	3.71	B_L001	phylum
alaska_permafrost_reference_SRR3989239rbin.8	alaska_permafrost_reference	74.48	4.64	B_L001	phylum
alaska_permafrost_reference_SRR3989239rbin.9	alaska_permafrost_reference	95.1	0.89	B_L048	phylum
alaska_permafrost_reference_SRR3989254rbin.10	alaska_permafrost_reference	81.68	3.57	B_L001	phylum
alaska_permafrost_reference_SRR3989254rbin.20	alaska_permafrost_reference	66.31	2.55	B_L001	phylum
alaska_permafrost_reference_SRR3989254rbin.30	alaska_permafrost_reference	86.58	1.34	B_L002	phylum
alaska_permafrost_reference_SRR3989254rbin.37	alaska_permafrost_reference	91.16	0.32	B_L005	phylum
alaska_permafrost_reference_SRR3989254rbin.43	alaska_permafrost_reference	68.94	2.88	B_L058	class
alaska_permafrost_reference_SRR3989254rbin.5	alaska_permafrost_reference	95.37	3.94	B_L062	phylum
alaska_permafrost_reference_SRR3989254rbin.6	alaska_permafrost_reference	60.27	5.06	B_L005	phylum
alaska_permafrost_reference_SRR3989257rbin.10	alaska_permafrost_reference	73.51	4.86	B_L062	phylum
alaska_permafrost_reference_SRR3989257rbin.17	alaska_permafrost_reference	58.82	4.87	B_L001	phylum
alaska_permafrost_reference_SRR3989257rbin.29	alaska_permafrost_reference	97.17	4.02	B_L048	phylum
alaska_permafrost_reference_SRR3989257rbin.36	alaska_permafrost_reference	83.6	1.94	B_L005	phylum
alaska_permafrost_reference_SRR3989257rbin.45	alaska_permafrost_reference	80.85	2.41	B_L001	phylum
alaska_permafrost_reference_SRR3989257rbin.48	alaska_permafrost_reference	99.8	3.63	B_L054	class
alaska_permafrost_reference_SRR3989257rbin.5	alaska_permafrost_reference	59.42	2.05	B_L044	phylum
alaska_permafrost_reference_SRR3989257rbin.52	alaska_permafrost_reference	82.87	1.32	B_L062	phylum
alaska_permafrost_reference_SRR3989257rbin.7	alaska_permafrost_reference	86.41	0.55	B_L001	phylum
alaska_permafrost_reference_SRR3989257rbin.8	alaska_permafrost_reference	62.46	4.25	B_L001	phylum
alaska_permafrost_reference_SRR3989258rbin.1	alaska_permafrost_reference	70.15	1.66	B_L001	phylum
alaska_permafrost_reference_SRR3989258rbin.18	alaska_permafrost_reference	82.57	1.86	B_L001	phylum
alaska_permafrost_reference_SRR3989258rbin.2	alaska_permafrost_reference	81.98	0.12	B_L005	phylum
alaska_permafrost_reference_SRR3989258rbin.20	alaska_permafrost_reference	98.78	2.62	B_L005	phylum
alaska_permafrost_reference_SRR3989258rbin.21	alaska_permafrost_reference	83.32	0.54	B_L006	class
alaska_permafrost_reference_SRR3989258rbin.24	alaska_permafrost_reference	89.01	1.58	B_L062	phylum
alaska_permafrost_reference_SRR3989258rbin.25	alaska_permafrost_reference	99.95	0.28	B_L062	phylum
alaska_permafrost_reference_SRR3989258rbin.29	alaska_permafrost_reference	96.62	0.51	B_L062	phylum
alaska_permafrost_reference_SRR3989258rbin.34	alaska_permafrost_reference	78.63	1.6	B_L001	phylum
alaska_permafrost_reference_SRR3989258rbin.4	alaska_permafrost_reference	80.22	4.22	B_L062	phylum
alaska_permafrost_reference_SRR3989258rbin.6	alaska_permafrost_reference	86.15	2.82	B_L062	phylum
alaska_permafrost_reference_SRR3989258rbin.8	alaska_permafrost_reference	97.13	0.42	B_L005	phylum
alaska_permafrost_reference_SRR3990169rbin.168	alaska_permafrost_reference	86.02	3.47	B_L006	class
alaska_permafrost_reference_SRR4021130rbin.1	alaska_permafrost_reference	86.0	2.59	B_L001	phylum
alaska_permafrost_reference_SRR4027831rbin.1	alaska_permafrost_reference	77.21	3.0	B_L006	class
alaska_permafrost_reference_SRR4027936rbin.10	alaska_permafrost_reference	71.72	3.43	B_L002	phylum
alaska_permafrost_reference_SRR4027936rbin.2	alaska_permafrost_reference	62.7	3.64	B_L033	class
alaska_permafrost_reference_SRR4027936rbin.3	alaska_permafrost_reference	57.92	1.08	B_L001	phylum
alaska_permafrost_reference_SRR4027936rbin.4	alaska_permafrost_reference	93.57	3.29	B_L001	phylum
alaska_permafrost_reference_SRR5133179rbin.1	alaska_permafrost_reference	95.1	2.7	B_L006	class
alaska_permafrost_reference_SRR5153238rbin.1	alaska_permafrost_reference	94.12	2.07	B_L001	phylum
alaska_permafrost_reference_SRR5195106rbin.10	alaska_permafrost_reference	99.99	1.59	B_L006	class
alaska_permafrost_reference_SRR5195139rbin.3	alaska_permafrost_reference	90.97	2.66	B_L012	order
alaska_permafrost_reference_SRR5450747rbin.3	alaska_permafrost_reference	61.89	4.08	B_L048	phylum
alaska_permafrost_reference_SRR5450747rbin.4	alaska_permafrost_reference	94.84	2.66	B_L006	class
alaska_permafrost_reference_SRR5450757rbin.10	alaska_permafrost_reference	58.04	3.76	B_L048	phylum
alaska_permafrost_reference_SRR5450757rbin.11	alaska_permafrost_reference	84.97	3.36	B_L005	phylum
alaska_permafrost_reference_SRR5450757rbin.4	alaska_permafrost_reference	70.6	4.52	B_L001	phylum
alaska_permafrost_reference_SRR5512140rbin.3	alaska_permafrost_reference	61.62	4.6	B_L006	class
alaska_permafrost_reference_SRR5579863rbin.13	alaska_permafrost_reference	88.67	3.98	B_L008	order
alaska_permafrost_reference_SRR5581483rbin.38	alaska_permafrost_reference	95.14	2.82	B_L008	order
alaska_permafrost_reference_SRR5659263rbin.1	alaska_permafrost_reference	59.44	0.36	B_L001	phylum
alaska_permafrost_reference_SRR5664279rbin.18	alaska_permafrost_reference	53.97	1.05	B_L002	phylum
alaska_permafrost_reference_SRR5664280rbin.10	alaska_permafrost_reference	95.17	0.02	B_L048	phylum
alaska_permafrost_reference_SRR5664280rbin.15	alaska_permafrost_reference	56.43	3.88	B_L005	phylum
alaska_permafrost_reference_SRR5664280rbin.16	alaska_permafrost_reference	64.67	3.14	B_L001	phylum
alaska_permafrost_reference_SRR5664280rbin.2	alaska_permafrost_reference	94.72	1.55	B_L001	phylum
alaska_permafrost_reference_SRR5664280rbin.3	alaska_permafrost_reference	53.29	0.11	B_L002	phylum
alaska_permafrost_reference_SRR5664280rbin.6	alaska_permafrost_reference	84.44	0.58	B_L044	phylum
alaska_permafrost_reference_SRR5664280rbin.7	alaska_permafrost_reference	94.03	5.22	B_L033	class
alaska_permafrost_reference_SRR5664280rbin.9	alaska_permafrost_reference	89.83	1.92	B_L044	phylum
alaska_permafrost_reference_SRR5665213rbin.1	alaska_permafrost_reference	92.33	1.39	B_L001	phylum
alaska_permafrost_reference_SRR5665213rbin.13	alaska_permafrost_reference	88.16	2.16	B_L002	phylum
alaska_permafrost_reference_SRR5665213rbin.19	alaska_permafrost_reference	76.13	1.96	B_L008	order
alaska_permafrost_reference_SRR5665213rbin.30	alaska_permafrost_reference	91.95	4.06	B_L008	order
alaska_permafrost_reference_SRR5665213rbin.34	alaska_permafrost_reference	88.62	3.99	B_L048	phylum
alaska_permafrost_reference_SRR5665213rbin.38	alaska_permafrost_reference	75.76	5.59	B_L002	phylum
alaska_permafrost_reference_SRR5665647rbin.11	alaska_permafrost_reference	59.41	3.62	B_L040	phylum
alaska_permafrost_reference_SRR5665647rbin.21	alaska_permafrost_reference	52.07	1.77	B_L005	phylum
alaska_permafrost_reference_SRR5665647rbin.7	alaska_permafrost_reference	56.14	3.59	B_L062	phylum
alaska_permafrost_reference_SRR5665647rbin.8	alaska_permafrost_reference	62.47	2.79	B_L001	phylum
alaska_permafrost_reference_SRR5665648rbin.10	alaska_permafrost_reference	98.01	3.6	B_L001	phylum
alaska_permafrost_reference_SRR5665648rbin.2	alaska_permafrost_reference	74.71	4.85	B_L001	phylum
alaska_permafrost_reference_SRR5674476rbin.2	alaska_permafrost_reference	65.36	1.08	B_L001	phylum
alaska_permafrost_reference_SRR5680860rbin.7	alaska_permafrost_reference	99.6	2.6	B_L062	phylum
alaska_permafrost_reference_SRR5680860rbin.8	alaska_permafrost_reference	89.42	0.32	B_L001	phylum
alaska_permafrost_reference_SRR5712664rbin.3	alaska_permafrost_reference	89.74	3.2	B_L048	phylum
alaska_permafrost_reference_SRR5712671rbin.6	alaska_permafrost_reference	58.31	3.52	B_L002	phylum
alaska_permafrost_reference_SRR5882724rbin.12	alaska_permafrost_reference	72.9	2.49	B_L008	order
alaska_permafrost_reference_SRR5916035rbin.5	alaska_permafrost_reference	85.9	5.02	B_L008	order
alaska_permafrost_reference_SRR6152564rbin.9	alaska_permafrost_reference	78.05	4.97	B_L048	phylum
alaska_permafrost_reference_SRR6185369rbin.15	alaska_permafrost_reference	66.71	1.89	B_L002	phylum
alaska_permafrost_reference_SRR6185512rbin.17	alaska_permafrost_reference	53.92	0.33	B_L001	phylum
alaska_permafrost_reference_SRR6195952rbin.1	alaska_permafrost_reference	87.51	1.16	B_L006	class
alaska_permafrost_reference_SRR6202162rbin.6	alaska_permafrost_reference	96.25	0.0	B_L048	phylum
alaska_permafrost_reference_SRR6202166rbin.4	alaska_permafrost_reference	77.09	3.27	B_L008	order
alaska_permafrost_reference_SRR6202521rbin.9	alaska_permafrost_reference	92.8	0.6	B_L048	phylum
alaska_permafrost_reference_SRR6266550rbin.15	alaska_permafrost_reference	74.76	0.3	B_L002	phylum
alaska_permafrost_reference_SRR6474866rbin.5	alaska_permafrost_reference	100.0	1.04	B_L006	class
alaska_permafrost_reference_SRR7011028rbin.3	alaska_permafrost_reference	93.95	0.77	B_L001	phylum
alaska_permafrost_reference_SRR7011942rbin.1	alaska_permafrost_reference	82.54	2.15	B_L006	class
alaska_permafrost_reference_SRR7011951rbin.9	alaska_permafrost_reference	78.84	4.75	B_L008	order
alaska_permafrost_reference_SRR7026199rbin.1	alaska_permafrost_reference	70.59	4.37	B_L002	phylum
alaska_permafrost_reference_SRR7026262rbin.4	alaska_permafrost_reference	81.42	2.19	B_L008	order
alaska_permafrost_reference_SRR7026314rbin.1	alaska_permafrost_reference	95.32	3.59	B_L048	phylum
alaska_permafrost_reference_SRR7026564rbin.3	alaska_permafrost_reference	89.26	4.23	B_L040	phylum
alaska_permafrost_reference_SRR7097862rbin.3	alaska_permafrost_reference	87.85	1.61	B_L012	order
alaska_permafrost_reference_SRR7097863rbin.20	alaska_permafrost_reference	87.56	1.83	B_L006	class
alaska_permafrost_reference_SRR7102015rbin.17	alaska_permafrost_reference	59.87	3.77	B_L008	order
alaska_permafrost_reference_SRR7102015rbin.20	alaska_permafrost_reference	55.82	1.72	B_L001	phylum
alaska_permafrost_reference_SRR7102015rbin.23	alaska_permafrost_reference	50.57	4.16	B_L010	order
alaska_permafrost_reference_SRR7102016rbin.16	alaska_permafrost_reference	83.76	0.0	B_L006	class
alaska_permafrost_reference_SRR7102016rbin.9	alaska_permafrost_reference	82.73	1.68	B_L001	phylum
alaska_permafrost_reference_SRR7448200rbin.2	alaska_permafrost_reference	78.31	0.22	B_L012	order
alaska_permafrost_reference_SRR7468842rbin.4	alaska_permafrost_reference	92.2	0.96	B_L008	order
alaska_permafrost_reference_SRR7629280rbin.12	alaska_permafrost_reference	99.99	0.01	B_L006	class
alaska_permafrost_reference_SRR7741809rbin.26	alaska_permafrost_reference	100.0	0.14	B_L006	class
alaska_permafrost_reference_SRR7741809rbin.9	alaska_permafrost_reference	99.97	0.16	B_L012	order
alaska_permafrost_reference_SRR7968382rbin.1	alaska_permafrost_reference	54.47	2.07	B_L008	order
alaska_permafrost_reference_SRR8090375rbin.10	alaska_permafrost_reference	93.47	3.29	B_L005	phylum
alaska_permafrost_reference_SRR8090375rbin.11	alaska_permafrost_reference	100.0	2.38	B_L048	phylum
alaska_permafrost_reference_SRR8090375rbin.6	alaska_permafrost_reference	96.2	0.18	B_L001	phylum
alaska_permafrost_reference_SRR8443320rbin.2	alaska_permafrost_reference	100.0	0.62	B_L008	order
alaska_permafrost_reference_SRR8554483rbin.107	alaska_permafrost_reference	97.64	4.62	B_L001	phylum
alaska_permafrost_reference_SRR8554485rbin.58	alaska_permafrost_reference	79.25	4.83	B_L001	phylum
alaska_permafrost_reference_SRR8554503rbin.30	alaska_permafrost_reference	100.0	4.36	B_L006	class
alaska_permafrost_reference_SRR8554504rbin.36	alaska_permafrost_reference	93.11	3.68	B_L005	phylum
alaska_permafrost_reference_SRR8554504rbin.72	alaska_permafrost_reference	96.35	0.48	B_L006	class
alaska_permafrost_reference_SRR8554643rbin.120	alaska_permafrost_reference	77.05	1.59	B_L062	phylum
alaska_permafrost_reference_SRR8676592rbin.10	alaska_permafrost_reference	94.46	1.35	B_L001	phylum
alaska_permafrost_reference_SRR8879134rbin.12	alaska_permafrost_reference	94.24	0.34	B_L001	phylum
alaska_permafrost_reference_SRR8879134rbin.43	alaska_permafrost_reference	91.7	1.13	B_L044	phylum
alaska_permafrost_reference_SRR8881005rbin.27	alaska_permafrost_reference	82.86	4.56	B_L008	order
alaska_permafrost_reference_SRR8881006rbin.67	alaska_permafrost_reference	65.88	1.94	B_L008	order
alaska_permafrost_reference_SRR9009773bin.334	alaska_permafrost_reference	66.73	4.17	B_L001	phylum
alaska_permafrost_reference_SRR9009774bin.118	alaska_permafrost_reference	99.85	3.82	B_L012	order
alaska_permafrost_reference_SRR9650533rbin.8	alaska_permafrost_reference	89.07	3.69	B_L012	order
alaska_permafrost_reference_SRR9656165rbin.8	alaska_permafrost_reference	83.51	2.0	B_L001	phylum
alaska_permafrost_reference_SRR9691026rbin.5	alaska_permafrost_reference	94.74	2.21	B_L007	order
alaska_permafrost_reference_SRR9691032rbin.2	alaska_permafrost_reference	86.86	1.62	B_L008	order
alaska_permafrost_reference_SRR9691034rbin.6	alaska_permafrost_reference	75.75	3.79	B_L048	phylum
alaska_permafrost_reference_SRR9691041rbin.3	alaska_permafrost_reference	95.73	0.93	B_L001	phylum
alaska_permafrost_reference_SRR9691046rbin.21	alaska_permafrost_reference	73.28	4.01	B_L006	class
alaska_permafrost_reference_SRR9694538rbin.2	alaska_permafrost_reference	82.26	4.49	B_L007	order
atacama_halite_rainfall_prjna484015_SG1_Actinobacteria_73_19	atacama_halite_rainfall_prjna484015	93.54	3.07	B_L001	phylum
atacama_halite_rainfall_prjna484015_SG1_Burkholderiales_64_6	atacama_halite_rainfall_prjna484015	93.14	0.7	B_L029	phylum
atacama_halite_rainfall_prjna484015_SG1_Chromatiales_50_6	atacama_halite_rainfall_prjna484015	92.57	0.93	B_L030	phylum
atacama_halite_rainfall_prjna484015_SG1_Chromatiales_69_23	atacama_halite_rainfall_prjna484015	85.61	0.89	B_L006	class
atacama_halite_rainfall_prjna484015_SG1_Deltaproteobacteria_66_5	atacama_halite_rainfall_prjna484015	81.15	3.09	B_L034	class
atacama_halite_rainfall_prjna484015_SG1_Ectothiorhodospiraceae_64_8	atacama_halite_rainfall_prjna484015	99.33	0.2	B_L006	class
atacama_halite_rainfall_prjna484015_SG1_Euhalothece_44_8	atacama_halite_rainfall_prjna484015	99.99	0.0	B_L003	phylum
atacama_halite_rainfall_prjna484015_SG1_Gammaproteobacteria_46_8	atacama_halite_rainfall_prjna484015	91.05	0.63	B_L030	phylum
atacama_halite_rainfall_prjna484015_SG1_Salinibacter_62_31	atacama_halite_rainfall_prjna484015	91.3	1.34	B_L053	class
atacama_halite_rainfall_prjna484015_SG1_Salinibacter_62_5	atacama_halite_rainfall_prjna484015	70.28	0.81	B_L053	class
atacama_halite_rainfall_prjna484015_SG1_Salinibacter_64_7	atacama_halite_rainfall_prjna484015	84.03	0.52	B_L053	class
atacama_halite_rainfall_prjna484015_SG1_Salinibacter_66_7	atacama_halite_rainfall_prjna484015	82.23	1.89	B_L053	class
atacama_halite_rainfall_prjna484015_SG1_Salinibacter_68_39	atacama_halite_rainfall_prjna484015	73.82	0.77	B_L053	class
atacama_halite_rainfall_prjna484015_SG1_Salinibacter_68_41	atacama_halite_rainfall_prjna484015	89.48	1.12	B_L053	class
atacama_salt_crust_prjna351262_GCA_003021505.1_ASM302150v1_genomic	atacama_salt_crust_prjna351262	99.77	0.0	B_L003	phylum
atacama_salt_crust_prjna351262_GCA_003021915.1_ASM302191v1_genomic	atacama_salt_crust_prjna351262	73.89	0.0	B_L030	phylum
atacama_salt_crust_prjna351262_GCA_003022125.1_ASM302212v1_genomic	atacama_salt_crust_prjna351262	99.98	0.05	B_L003	phylum
atacama_salt_crust_prjna351262_GCA_003022255.1_ASM302225v1_genomic	atacama_salt_crust_prjna351262	61.28	0.28	B_L030	phylum
atacama_salt_crust_prjna351262_GCA_003022305.1_ASM302230v1_genomic	atacama_salt_crust_prjna351262	64.79	3.33	B_L030	phylum
atacama_salt_crust_prjna351262_GCA_003022345.1_ASM302234v1_genomic	atacama_salt_crust_prjna351262	76.27	0.59	B_L030	phylum
atacama_salt_crust_prjna351262_GCA_003022365.1_ASM302236v1_genomic	atacama_salt_crust_prjna351262	90.94	0.14	B_L030	phylum
atacama_salt_crust_prjna351262_GCA_003022435.1_ASM302243v1_genomic	atacama_salt_crust_prjna351262	85.09	0.64	B_L053	class
atacama_salt_crust_prjna351262_GCA_003022505.1_ASM302250v1_genomic	atacama_salt_crust_prjna351262	66.77	0.9	B_L053	class
atacama_salt_crust_prjna351262_GCA_003022535.1_ASM302253v1_genomic	atacama_salt_crust_prjna351262	55.91	0.55	B_L053	class
atacama_salt_crust_prjna351262_GCA_003022565.1_ASM302256v1_genomic	atacama_salt_crust_prjna351262	82.77	0.05	B_L053	class
atacama_salt_crust_prjna351262_GCA_003022645.1_ASM302264v1_genomic	atacama_salt_crust_prjna351262	56.07	9.21	B_L053	class
atacama_salt_crust_prjna351262_GCA_003022655.1_ASM302265v1_genomic	atacama_salt_crust_prjna351262	58.24	3.09	B_L053	class
atacama_salt_crust_prjna351262_GCA_003022965.1_ASM302296v1_genomic	atacama_salt_crust_prjna351262	50.01	0.84	B_L053	class
atacama_salt_crust_prjna351262_GCA_003022985.1_ASM302298v1_genomic	atacama_salt_crust_prjna351262	58.69	0.66	B_L005	phylum
atacama_salt_crust_prjna351262_GCA_003023065.1_ASM302306v1_genomic	atacama_salt_crust_prjna351262	54.25	0.41	B_L053	class
atacama_salt_crust_prjna351262_GCA_003023295.1_ASM302329v1_genomic	atacama_salt_crust_prjna351262	59.12	0.54	B_L053	class
qaidam_basin_mmag_1773_0711bin1	qaidam_basin_mmag_1773	68.96	1.09	B_L040	phylum
qaidam_basin_mmag_1773_0711bin4	qaidam_basin_mmag_1773	57.57	3.39	B_L007	order
qaidam_basin_mmag_1773_0712bin3	qaidam_basin_mmag_1773	63.72	0.9	B_L012	order
qaidam_basin_mmag_1773_AKQ1bin15	qaidam_basin_mmag_1773	84.4	2.15	B_L006	class
qaidam_basin_mmag_1773_AKQ1bin23	qaidam_basin_mmag_1773	87.48	0.31	B_L006	class
qaidam_basin_mmag_1773_AKQ1bin25	qaidam_basin_mmag_1773	84.57	2.4	B_L029	phylum
qaidam_basin_mmag_1773_AKQ1bin3	qaidam_basin_mmag_1773	99.04	0.29	B_L007	order
qaidam_basin_mmag_1773_AKQ1bin32	qaidam_basin_mmag_1773	98.54	1.26	B_L062	phylum
qaidam_basin_mmag_1773_AKQ1bin33	qaidam_basin_mmag_1773	100.0	0.42	B_L007	order
qaidam_basin_mmag_1773_AKQ1bin36	qaidam_basin_mmag_1773	94.51	1.23	B_L006	class
qaidam_basin_mmag_1773_AKQ1bin39	qaidam_basin_mmag_1773	75.86	1.26	B_L006	class
qaidam_basin_mmag_1773_AKQ1bin4	qaidam_basin_mmag_1773	95.92	0.23	B_L044	phylum
qaidam_basin_mmag_1773_AKQ1bin41	qaidam_basin_mmag_1773	95.38	3.03	B_L003	phylum
qaidam_basin_mmag_1773_AKQ1bin46	qaidam_basin_mmag_1773	92.88	0.02	B_L007	order
qaidam_basin_mmag_1773_AKQ1bin47	qaidam_basin_mmag_1773	100.0	0.51	B_L003	phylum
qaidam_basin_mmag_1773_AKQ1bin49	qaidam_basin_mmag_1773	99.98	0.51	B_L005	phylum
qaidam_basin_mmag_1773_AKQ1bin5	qaidam_basin_mmag_1773	96.34	3.34	B_L044	phylum
qaidam_basin_mmag_1773_AKQ1bin7	qaidam_basin_mmag_1773	100.0	0.02	B_L007	order
qaidam_basin_mmag_1773_AKQ2bin10	qaidam_basin_mmag_1773	99.93	0.28	B_L005	phylum
qaidam_basin_mmag_1773_AKQ2bin11	qaidam_basin_mmag_1773	90.91	2.88	B_L003	phylum
qaidam_basin_mmag_1773_AKQ2bin13	qaidam_basin_mmag_1773	98.55	0.42	B_L005	phylum
qaidam_basin_mmag_1773_AKQ2bin15	qaidam_basin_mmag_1773	100.0	1.12	B_L005	phylum
qaidam_basin_mmag_1773_AKQ2bin19	qaidam_basin_mmag_1773	65.0	0.84	B_L006	class
qaidam_basin_mmag_1773_AKQ2bin22	qaidam_basin_mmag_1773	98.46	0.24	B_L040	phylum
qaidam_basin_mmag_1773_AKQ2bin24	qaidam_basin_mmag_1773	99.96	1.91	B_L006	class
qaidam_basin_mmag_1773_AKQ2bin3	qaidam_basin_mmag_1773	81.21	0.84	B_L012	order
qaidam_basin_mmag_1773_AKQ2bin34	qaidam_basin_mmag_1773	85.79	5.76	B_L003	phylum
qaidam_basin_mmag_1773_AKQ2bin35	qaidam_basin_mmag_1773	98.8	1.1	B_L006	class
qaidam_basin_mmag_1773_AKQ2bin36	qaidam_basin_mmag_1773	99.98	0.25	B_L006	class
qaidam_basin_mmag_1773_AKQ2bin54	qaidam_basin_mmag_1773	85.2	0.39	B_L006	class
qaidam_basin_mmag_1773_AKQ2bin58	qaidam_basin_mmag_1773	99.96	0.18	B_L005	phylum
qaidam_basin_mmag_1773_AKQ2bin69	qaidam_basin_mmag_1773	90.89	2.7	B_L006	class
qaidam_basin_mmag_1773_AKQ2bin70	qaidam_basin_mmag_1773	96.89	1.23	B_L006	class
qaidam_basin_mmag_1773_AKQ2bin71	qaidam_basin_mmag_1773	91.81	0.04	B_L006	class
qaidam_basin_mmag_1773_AKQ2bin78	qaidam_basin_mmag_1773	91.51	5.75	B_L006	class
qaidam_basin_mmag_1773_AKQ2bin79	qaidam_basin_mmag_1773	96.04	1.3	B_L006	class
qaidam_basin_mmag_1773_AKQ2bin80	qaidam_basin_mmag_1773	69.7	2.41	B_L006	class
qaidam_basin_mmag_1773_AKQ3bin10	qaidam_basin_mmag_1773	98.97	3.97	B_L006	class
qaidam_basin_mmag_1773_AKQ3bin12	qaidam_basin_mmag_1773	60.95	0.33	B_L029	phylum
qaidam_basin_mmag_1773_AKQ3bin14	qaidam_basin_mmag_1773	90.41	0.12	B_L006	class
qaidam_basin_mmag_1773_AKQ3bin15	qaidam_basin_mmag_1773	97.25	0.75	B_L006	class
qaidam_basin_mmag_1773_AKQ3bin16	qaidam_basin_mmag_1773	98.37	2.01	B_L006	class
qaidam_basin_mmag_1773_AKQ3bin17	qaidam_basin_mmag_1773	72.6	0.88	B_L006	class
qaidam_basin_mmag_1773_AKQ3bin18	qaidam_basin_mmag_1773	75.6	1.53	B_L006	class
qaidam_basin_mmag_1773_AKQ3bin19	qaidam_basin_mmag_1773	95.49	8.23	B_L006	class
qaidam_basin_mmag_1773_AKQ3bin26	qaidam_basin_mmag_1773	94.69	0.98	B_L044	phylum
qaidam_basin_mmag_1773_AKQ3bin27	qaidam_basin_mmag_1773	95.51	0.36	B_L006	class
qaidam_basin_mmag_1773_AKQ3bin33	qaidam_basin_mmag_1773	99.88	0.01	B_L012	order
qaidam_basin_mmag_1773_AKQ3bin35	qaidam_basin_mmag_1773	99.99	0.45	B_L029	phylum
qaidam_basin_mmag_1773_AKQ3bin38	qaidam_basin_mmag_1773	91.23	1.0	B_L006	class
qaidam_basin_mmag_1773_AKQ3bin39	qaidam_basin_mmag_1773	83.57	0.02	B_L007	order
qaidam_basin_mmag_1773_AKQ3bin42	qaidam_basin_mmag_1773	73.06	1.01	B_L005	phylum
qaidam_basin_mmag_1773_AKQ3bin44	qaidam_basin_mmag_1773	83.19	0.5	B_L005	phylum
qaidam_basin_mmag_1773_AKQ3bin45	qaidam_basin_mmag_1773	95.33	0.07	B_L005	phylum
qaidam_basin_mmag_1773_AKQ3bin5	qaidam_basin_mmag_1773	95.37	0.57	B_L006	class
qaidam_basin_mmag_1773_AKQ3bin51	qaidam_basin_mmag_1773	89.69	0.48	B_L006	class
qaidam_basin_mmag_1773_AKQ3bin52	qaidam_basin_mmag_1773	73.01	1.2	B_L005	phylum
qaidam_basin_mmag_1773_AKQ3bin53	qaidam_basin_mmag_1773	99.99	0.31	B_L005	phylum
qaidam_basin_mmag_1773_AKQ3bin56	qaidam_basin_mmag_1773	83.08	4.76	B_L006	class
qaidam_basin_mmag_1773_AKQ3bin60	qaidam_basin_mmag_1773	78.56	0.71	B_L048	phylum
qaidam_basin_mmag_1773_AKQ3bin75	qaidam_basin_mmag_1773	94.37	9.12	B_L006	class
qaidam_basin_mmag_1773_AKQ3bin77	qaidam_basin_mmag_1773	93.42	0.4	B_L006	class
qaidam_basin_mmag_1773_AKQ3bin79	qaidam_basin_mmag_1773	51.73	0.64	B_L006	class
qaidam_basin_mmag_1773_AKQ3bin83	qaidam_basin_mmag_1773	75.56	1.3	B_L048	phylum
qaidam_basin_mmag_1773_AKQ3bin89	qaidam_basin_mmag_1773	63.69	2.27	B_L006	class
qaidam_basin_mmag_1773_AKQ3bin90	qaidam_basin_mmag_1773	61.27	0.67	B_L006	class
qaidam_basin_mmag_1773_CG2021bin12	qaidam_basin_mmag_1773	91.62	1.68	B_L001	phylum
qaidam_basin_mmag_1773_CG2021bin15	qaidam_basin_mmag_1773	77.18	2.0	B_L006	class
qaidam_basin_mmag_1773_CG2021bin16	qaidam_basin_mmag_1773	61.78	3.13	B_L001	phylum
qaidam_basin_mmag_1773_CG2021bin18	qaidam_basin_mmag_1773	92.51	0.68	B_L008	order
qaidam_basin_mmag_1773_CG2021bin19	qaidam_basin_mmag_1773	57.73	1.47	B_L001	phylum
qaidam_basin_mmag_1773_CG2021bin2	qaidam_basin_mmag_1773	66.61	1.78	B_L052	phylum
qaidam_basin_mmag_1773_CG2021bin22	qaidam_basin_mmag_1773	81.14	2.94	B_L001	phylum
qaidam_basin_mmag_1773_CG2021bin23	qaidam_basin_mmag_1773	71.17	4.8	B_L001	phylum
qaidam_basin_mmag_1773_CG2021bin24	qaidam_basin_mmag_1773	88.24	0.58	B_L006	class
qaidam_basin_mmag_1773_CG2021bin25	qaidam_basin_mmag_1773	80.45	5.31	B_L040	phylum
qaidam_basin_mmag_1773_CG2021bin28	qaidam_basin_mmag_1773	71.47	2.97	B_L052	phylum
qaidam_basin_mmag_1773_CG2021bin29	qaidam_basin_mmag_1773	83.52	6.81	B_L001	phylum
qaidam_basin_mmag_1773_CG2021bin3	qaidam_basin_mmag_1773	79.73	0.82	B_L005	phylum
qaidam_basin_mmag_1773_CG2021bin33	qaidam_basin_mmag_1773	88.34	2.78	B_L001	phylum
qaidam_basin_mmag_1773_CG2021bin35	qaidam_basin_mmag_1773	50.95	2.84	B_L001	phylum
qaidam_basin_mmag_1773_CG2021bin9	qaidam_basin_mmag_1773	77.22	0.41	B_L001	phylum
qaidam_basin_mmag_1773_CHGGbin1	qaidam_basin_mmag_1773	74.0	0.35	B_L005	phylum
qaidam_basin_mmag_1773_CHGGbin10	qaidam_basin_mmag_1773	88.79	2.38	B_L001	phylum
qaidam_basin_mmag_1773_CHGGbin12	qaidam_basin_mmag_1773	74.37	1.44	B_L005	phylum
qaidam_basin_mmag_1773_CHGGbin13	qaidam_basin_mmag_1773	77.38	1.5	B_L001	phylum
qaidam_basin_mmag_1773_CHGGbin17	qaidam_basin_mmag_1773	73.32	1.07	B_L005	phylum
qaidam_basin_mmag_1773_CHGGbin18	qaidam_basin_mmag_1773	99.95	5.5	B_L001	phylum
qaidam_basin_mmag_1773_CHGGbin19	qaidam_basin_mmag_1773	92.52	2.8	B_L001	phylum
qaidam_basin_mmag_1773_CHGGbin2	qaidam_basin_mmag_1773	79.34	3.07	B_L005	phylum
qaidam_basin_mmag_1773_CHGGbin22	qaidam_basin_mmag_1773	66.87	2.47	B_L005	phylum
qaidam_basin_mmag_1773_CHGGbin25	qaidam_basin_mmag_1773	92.63	4.73	B_L040	phylum
qaidam_basin_mmag_1773_CHGGbin27	qaidam_basin_mmag_1773	99.99	1.17	B_L006	class
qaidam_basin_mmag_1773_CHGGbin28	qaidam_basin_mmag_1773	97.33	2.63	B_L001	phylum
qaidam_basin_mmag_1773_CHGGbin29	qaidam_basin_mmag_1773	56.05	1.05	B_L001	phylum
qaidam_basin_mmag_1773_CHGGbin3	qaidam_basin_mmag_1773	76.97	9.49	B_L001	phylum
qaidam_basin_mmag_1773_CHGGbin30	qaidam_basin_mmag_1773	79.75	2.42	B_L005	phylum
qaidam_basin_mmag_1773_CHGGbin31	qaidam_basin_mmag_1773	82.96	0.27	B_L006	class
qaidam_basin_mmag_1773_CHGGbin35	qaidam_basin_mmag_1773	61.44	2.75	B_L005	phylum
qaidam_basin_mmag_1773_CHGGbin5	qaidam_basin_mmag_1773	80.12	2.86	B_L005	phylum
qaidam_basin_mmag_1773_CHGGbin6	qaidam_basin_mmag_1773	92.03	4.8	B_L005	phylum
qaidam_basin_mmag_1773_CHGGbin8	qaidam_basin_mmag_1773	80.38	1.53	B_L005	phylum
qaidam_basin_mmag_1773_CHGRbin10	qaidam_basin_mmag_1773	54.25	3.31	B_L001	phylum
qaidam_basin_mmag_1773_CHGRbin11	qaidam_basin_mmag_1773	90.14	2.04	B_L001	phylum
qaidam_basin_mmag_1773_CHGRbin12	qaidam_basin_mmag_1773	86.28	3.66	B_L001	phylum
qaidam_basin_mmag_1773_CHGRbin13	qaidam_basin_mmag_1773	64.85	8.04	B_L040	phylum
qaidam_basin_mmag_1773_CHGRbin17	qaidam_basin_mmag_1773	98.02	3.06	B_L005	phylum
qaidam_basin_mmag_1773_CHGRbin18	qaidam_basin_mmag_1773	75.13	4.61	B_L005	phylum
qaidam_basin_mmag_1773_CHGRbin19	qaidam_basin_mmag_1773	84.66	3.96	B_L002	phylum
qaidam_basin_mmag_1773_CHGRbin2	qaidam_basin_mmag_1773	67.31	3.68	B_L001	phylum
qaidam_basin_mmag_1773_CHGRbin20	qaidam_basin_mmag_1773	55.09	5.64	B_L005	phylum
qaidam_basin_mmag_1773_CHGRbin21	qaidam_basin_mmag_1773	81.26	6.76	B_L001	phylum
qaidam_basin_mmag_1773_CHGRbin23	qaidam_basin_mmag_1773	52.63	5.61	B_L001	phylum
qaidam_basin_mmag_1773_CHGRbin25	qaidam_basin_mmag_1773	94.03	5.75	B_L001	phylum
qaidam_basin_mmag_1773_CHGRbin26	qaidam_basin_mmag_1773	85.56	8.09	B_L001	phylum
qaidam_basin_mmag_1773_CHGRbin28	qaidam_basin_mmag_1773	74.56	9.71	B_L001	phylum
qaidam_basin_mmag_1773_CHGRbin3	qaidam_basin_mmag_1773	76.59	5.78	B_L001	phylum
qaidam_basin_mmag_1773_CHGRbin31	qaidam_basin_mmag_1773	71.62	0.83	B_L052	phylum
qaidam_basin_mmag_1773_CHGRbin34	qaidam_basin_mmag_1773	90.46	1.32	B_L001	phylum
qaidam_basin_mmag_1773_CHGRbin35	qaidam_basin_mmag_1773	77.28	4.04	B_L001	phylum
qaidam_basin_mmag_1773_CHGRbin36	qaidam_basin_mmag_1773	61.23	4.66	B_L001	phylum
qaidam_basin_mmag_1773_CHGRbin38	qaidam_basin_mmag_1773	91.86	0.53	B_L005	phylum
qaidam_basin_mmag_1773_CHGRbin4	qaidam_basin_mmag_1773	90.87	1.6	B_L029	phylum
qaidam_basin_mmag_1773_CHGRbin40	qaidam_basin_mmag_1773	69.5	0.55	B_L001	phylum
qaidam_basin_mmag_1773_CHGRbin43	qaidam_basin_mmag_1773	78.7	9.57	B_L007	order
qaidam_basin_mmag_1773_CHGRbin44	qaidam_basin_mmag_1773	64.93	2.81	B_L005	phylum
qaidam_basin_mmag_1773_CHGRbin5	qaidam_basin_mmag_1773	80.49	2.05	B_L001	phylum
qaidam_basin_mmag_1773_CHGRbin6	qaidam_basin_mmag_1773	70.02	4.67	B_L040	phylum
qaidam_basin_mmag_1773_CHGYbin1	qaidam_basin_mmag_1773	56.77	7.09	B_L001	phylum
qaidam_basin_mmag_1773_CHGYbin11	qaidam_basin_mmag_1773	99.93	1.27	B_L005	phylum
qaidam_basin_mmag_1773_CHGYbin13	qaidam_basin_mmag_1773	64.07	5.53	B_L014	order
qaidam_basin_mmag_1773_CHGYbin15	qaidam_basin_mmag_1773	55.95	7.72	B_L001	phylum
qaidam_basin_mmag_1773_CHGYbin16	qaidam_basin_mmag_1773	56.95	5.0	B_L001	phylum
qaidam_basin_mmag_1773_CHGYbin17	qaidam_basin_mmag_1773	68.03	4.13	B_L001	phylum
qaidam_basin_mmag_1773_CHGYbin18	qaidam_basin_mmag_1773	53.95	0.84	B_L005	phylum
qaidam_basin_mmag_1773_CHGYbin19	qaidam_basin_mmag_1773	79.39	4.58	B_L001	phylum
qaidam_basin_mmag_1773_CHGYbin2	qaidam_basin_mmag_1773	81.73	3.49	B_L002	phylum
qaidam_basin_mmag_1773_CHGYbin20	qaidam_basin_mmag_1773	67.1	7.85	B_L001	phylum
qaidam_basin_mmag_1773_CHGYbin21	qaidam_basin_mmag_1773	79.48	2.2	B_L002	phylum
qaidam_basin_mmag_1773_CHGYbin22	qaidam_basin_mmag_1773	81.61	4.32	B_L003	phylum
qaidam_basin_mmag_1773_CHGYbin24	qaidam_basin_mmag_1773	80.3	4.55	B_L005	phylum
qaidam_basin_mmag_1773_CHGYbin27	qaidam_basin_mmag_1773	84.92	8.5	B_L002	phylum
qaidam_basin_mmag_1773_CHGYbin28	qaidam_basin_mmag_1773	92.97	9.1	B_L040	phylum
qaidam_basin_mmag_1773_CHGYbin29	qaidam_basin_mmag_1773	82.05	0.01	B_L001	phylum
qaidam_basin_mmag_1773_CHGYbin3	qaidam_basin_mmag_1773	86.12	0.58	B_L014	order
qaidam_basin_mmag_1773_CHGYbin32	qaidam_basin_mmag_1773	63.76	7.24	B_L040	phylum
qaidam_basin_mmag_1773_CHGYbin34	qaidam_basin_mmag_1773	86.92	1.61	B_L002	phylum
qaidam_basin_mmag_1773_CHGYbin35	qaidam_basin_mmag_1773	60.83	2.7	B_L052	phylum
qaidam_basin_mmag_1773_CHGYbin37	qaidam_basin_mmag_1773	94.45	1.65	B_L002	phylum
qaidam_basin_mmag_1773_CHGYbin4	qaidam_basin_mmag_1773	84.94	2.65	B_L001	phylum
qaidam_basin_mmag_1773_CHGYbin40	qaidam_basin_mmag_1773	51.94	1.43	B_L001	phylum
qaidam_basin_mmag_1773_CHGYbin42	qaidam_basin_mmag_1773	71.66	3.48	B_L001	phylum
qaidam_basin_mmag_1773_CHGYbin46	qaidam_basin_mmag_1773	50.52	2.81	B_L052	phylum
qaidam_basin_mmag_1773_CHGYbin6	qaidam_basin_mmag_1773	89.03	0.44	B_L005	phylum
qaidam_basin_mmag_1773_CHGYbin7	qaidam_basin_mmag_1773	94.64	0.52	B_L001	phylum
qaidam_basin_mmag_1773_CHGYbin8	qaidam_basin_mmag_1773	75.36	4.43	B_L001	phylum
qaidam_basin_mmag_1773_CHGYbin9	qaidam_basin_mmag_1773	82.95	6.89	B_L040	phylum
qaidam_basin_mmag_1773_CJ0912_0_5bin10	qaidam_basin_mmag_1773	80.33	0.38	B_L001	phylum
qaidam_basin_mmag_1773_CJ0912_0_5bin11	qaidam_basin_mmag_1773	88.33	5.98	B_L014	order
qaidam_basin_mmag_1773_CJ0912_0_5bin13	qaidam_basin_mmag_1773	78.71	3.16	B_L001	phylum
qaidam_basin_mmag_1773_CJ0912_0_5bin17	qaidam_basin_mmag_1773	61.49	1.68	B_L002	phylum
qaidam_basin_mmag_1773_CJ0912_0_5bin2	qaidam_basin_mmag_1773	85.48	1.87	B_L002	phylum
qaidam_basin_mmag_1773_CJ0912_0_5bin20	qaidam_basin_mmag_1773	89.48	3.2	B_L001	phylum
qaidam_basin_mmag_1773_CJ0912_0_5bin21	qaidam_basin_mmag_1773	54.83	7.03	B_L007	order
qaidam_basin_mmag_1773_CJ0912_0_5bin22	qaidam_basin_mmag_1773	67.37	2.07	B_L001	phylum
qaidam_basin_mmag_1773_CJ0912_0_5bin25	qaidam_basin_mmag_1773	88.66	1.99	B_L002	phylum
qaidam_basin_mmag_1773_CJ0912_0_5bin26	qaidam_basin_mmag_1773	54.42	1.56	B_L029	phylum
qaidam_basin_mmag_1773_CJ0912_0_5bin27	qaidam_basin_mmag_1773	73.86	7.18	B_L001	phylum
qaidam_basin_mmag_1773_CJ0912_0_5bin28	qaidam_basin_mmag_1773	93.87	1.77	B_L001	phylum
qaidam_basin_mmag_1773_CJ0912_0_5bin29	qaidam_basin_mmag_1773	89.77	1.93	B_L040	phylum
qaidam_basin_mmag_1773_CJ0912_0_5bin31	qaidam_basin_mmag_1773	76.83	9.16	B_L001	phylum
qaidam_basin_mmag_1773_CJ0912_0_5bin34	qaidam_basin_mmag_1773	62.26	4.72	B_L007	order
qaidam_basin_mmag_1773_CJ0912_0_5bin36	qaidam_basin_mmag_1773	63.82	0.35	B_L002	phylum
qaidam_basin_mmag_1773_CJ0912_0_5bin5	qaidam_basin_mmag_1773	95.42	0.75	B_L002	phylum
qaidam_basin_mmag_1773_CJ0912_0_5bin7	qaidam_basin_mmag_1773	83.31	1.97	B_L040	phylum
qaidam_basin_mmag_1773_CJ0912_0_5bin8	qaidam_basin_mmag_1773	59.71	1.71	B_L002	phylum
qaidam_basin_mmag_1773_CJ0912_0_5bin9	qaidam_basin_mmag_1773	83.8	2.02	B_L001	phylum
qaidam_basin_mmag_1773_CJ0912_10_15bin13	qaidam_basin_mmag_1773	54.82	5.35	B_L001	phylum
qaidam_basin_mmag_1773_CJ0912_10_15bin19	qaidam_basin_mmag_1773	63.76	5.75	B_L040	phylum
qaidam_basin_mmag_1773_CJ0912_10_15bin2	qaidam_basin_mmag_1773	87.35	7.93	B_L001	phylum
qaidam_basin_mmag_1773_CJ0912_10_15bin22	qaidam_basin_mmag_1773	69.07	0.41	B_L001	phylum
qaidam_basin_mmag_1773_CJ0912_10_15bin23	qaidam_basin_mmag_1773	100.0	3.97	B_L001	phylum
qaidam_basin_mmag_1773_CJ0912_10_15bin3	qaidam_basin_mmag_1773	53.98	1.7	B_L005	phylum
qaidam_basin_mmag_1773_CJ0912_10_15bin30	qaidam_basin_mmag_1773	56.12	8.45	B_L040	phylum
qaidam_basin_mmag_1773_CJ0912_10_15bin32	qaidam_basin_mmag_1773	60.19	1.96	B_L001	phylum
qaidam_basin_mmag_1773_CJ0912_10_15bin33	qaidam_basin_mmag_1773	64.28	7.42	B_L052	phylum
qaidam_basin_mmag_1773_CJ0912_10_15bin6	qaidam_basin_mmag_1773	77.98	5.04	B_L001	phylum
qaidam_basin_mmag_1773_CJ0912_10_15bin8	qaidam_basin_mmag_1773	71.59	2.4	B_L001	phylum
qaidam_basin_mmag_1773_CJ0912_10_15bin9	qaidam_basin_mmag_1773	77.8	6.51	B_L001	phylum
qaidam_basin_mmag_1773_CJ0912_15_20bin11	qaidam_basin_mmag_1773	61.23	1.21	B_L001	phylum
qaidam_basin_mmag_1773_CJ0912_15_20bin15	qaidam_basin_mmag_1773	93.4	3.47	B_L001	phylum
qaidam_basin_mmag_1773_CJ0912_15_20bin16	qaidam_basin_mmag_1773	79.61	2.31	B_L040	phylum
qaidam_basin_mmag_1773_CJ0912_15_20bin17	qaidam_basin_mmag_1773	64.62	1.41	B_L001	phylum
qaidam_basin_mmag_1773_CJ0912_15_20bin18	qaidam_basin_mmag_1773	74.92	4.64	B_L001	phylum
qaidam_basin_mmag_1773_CJ0912_15_20bin20	qaidam_basin_mmag_1773	92.68	2.95	B_L040	phylum
qaidam_basin_mmag_1773_CJ0912_15_20bin21	qaidam_basin_mmag_1773	86.4	5.76	B_L005	phylum
qaidam_basin_mmag_1773_CJ0912_15_20bin22	qaidam_basin_mmag_1773	92.18	2.96	B_L005	phylum
qaidam_basin_mmag_1773_CJ0912_15_20bin24	qaidam_basin_mmag_1773	73.97	3.39	B_L001	phylum
qaidam_basin_mmag_1773_CJ0912_15_20bin31	qaidam_basin_mmag_1773	72.27	1.71	B_L001	phylum
qaidam_basin_mmag_1773_CJ0912_15_20bin32	qaidam_basin_mmag_1773	97.8	0.01	B_L006	class
qaidam_basin_mmag_1773_CJ0912_15_20bin33	qaidam_basin_mmag_1773	57.02	2.12	B_L005	phylum
qaidam_basin_mmag_1773_CJ0912_15_20bin34	qaidam_basin_mmag_1773	75.41	3.72	B_L001	phylum
qaidam_basin_mmag_1773_CJ0912_15_20bin36	qaidam_basin_mmag_1773	68.74	6.98	B_L001	phylum
qaidam_basin_mmag_1773_CJ0912_15_20bin37	qaidam_basin_mmag_1773	92.63	1.92	B_L001	phylum
qaidam_basin_mmag_1773_CJ0912_15_20bin4	qaidam_basin_mmag_1773	86.1	2.8	B_L040	phylum
qaidam_basin_mmag_1773_CJ0912_15_20bin5	qaidam_basin_mmag_1773	84.55	6.77	B_L005	phylum
qaidam_basin_mmag_1773_CJ0912_15_20bin7	qaidam_basin_mmag_1773	90.97	3.15	B_L052	phylum
qaidam_basin_mmag_1773_CJ0912_15_20bin9	qaidam_basin_mmag_1773	91.07	5.54	B_L001	phylum
qaidam_basin_mmag_1773_CJ0912_20_25bin19	qaidam_basin_mmag_1773	87.85	2.13	B_L048	phylum
qaidam_basin_mmag_1773_CJ0912_20_25bin2	qaidam_basin_mmag_1773	82.73	1.09	B_L053	class
qaidam_basin_mmag_1773_CJ0912_20_25bin22	qaidam_basin_mmag_1773	82.83	1.2	B_L052	phylum
qaidam_basin_mmag_1773_CJ0912_20_25bin25	qaidam_basin_mmag_1773	72.85	5.1	B_L040	phylum
qaidam_basin_mmag_1773_CJ0912_20_25bin27	qaidam_basin_mmag_1773	71.9	1.05	B_L001	phylum
qaidam_basin_mmag_1773_CJ0912_20_25bin31	qaidam_basin_mmag_1773	58.4	2.49	B_L007	order
qaidam_basin_mmag_1773_CJ0912_20_25bin8	qaidam_basin_mmag_1773	79.73	1.98	B_L001	phylum
qaidam_basin_mmag_1773_CJ0912_25_30bin11	qaidam_basin_mmag_1773	67.63	1.88	B_L062	phylum
qaidam_basin_mmag_1773_CJ0912_25_30bin12	qaidam_basin_mmag_1773	73.21	0.74	B_L001	phylum
qaidam_basin_mmag_1773_CJ0912_25_30bin14	qaidam_basin_mmag_1773	91.69	1.19	B_L005	phylum
qaidam_basin_mmag_1773_CJ0912_25_30bin15	qaidam_basin_mmag_1773	90.64	1.75	B_L005	phylum
qaidam_basin_mmag_1773_CJ0912_25_30bin18	qaidam_basin_mmag_1773	93.63	5.17	B_L001	phylum
qaidam_basin_mmag_1773_CJ0912_25_30bin20	qaidam_basin_mmag_1773	86.04	1.2	B_L052	phylum
qaidam_basin_mmag_1773_CJ0912_25_30bin23	qaidam_basin_mmag_1773	60.45	2.49	B_L001	phylum
qaidam_basin_mmag_1773_CJ0912_25_30bin28	qaidam_basin_mmag_1773	89.79	3.49	B_L040	phylum
qaidam_basin_mmag_1773_CJ0912_25_30bin29	qaidam_basin_mmag_1773	99.35	0.37	B_L001	phylum
qaidam_basin_mmag_1773_CJ0912_25_30bin3	qaidam_basin_mmag_1773	68.6	1.84	B_L052	phylum
qaidam_basin_mmag_1773_CJ0912_25_30bin30	qaidam_basin_mmag_1773	90.14	0.08	B_L001	phylum
qaidam_basin_mmag_1773_CJ0912_25_30bin33	qaidam_basin_mmag_1773	67.57	9.05	B_L040	phylum
qaidam_basin_mmag_1773_CJ0912_25_30bin34	qaidam_basin_mmag_1773	91.52	3.21	B_L001	phylum
qaidam_basin_mmag_1773_CJ0912_25_30bin37	qaidam_basin_mmag_1773	67.87	3.18	B_L002	phylum
qaidam_basin_mmag_1773_CJ0912_25_30bin38	qaidam_basin_mmag_1773	50.58	0.64	B_L005	phylum
qaidam_basin_mmag_1773_CJ0912_30_35bin1	qaidam_basin_mmag_1773	83.73	0.97	B_L001	phylum
qaidam_basin_mmag_1773_CJ0912_30_35bin10	qaidam_basin_mmag_1773	50.76	2.64	B_L001	phylum
qaidam_basin_mmag_1773_CJ0912_30_35bin11	qaidam_basin_mmag_1773	94.57	0.37	B_L006	class
qaidam_basin_mmag_1773_CJ0912_30_35bin17	qaidam_basin_mmag_1773	60.27	1.14	B_L005	phylum
qaidam_basin_mmag_1773_CJ0912_30_35bin23	qaidam_basin_mmag_1773	87.24	2.26	B_L006	class
qaidam_basin_mmag_1773_CJ0912_30_35bin25	qaidam_basin_mmag_1773	84.45	4.42	B_L062	phylum
qaidam_basin_mmag_1773_CJ0912_30_35bin27	qaidam_basin_mmag_1773	64.82	9.1	B_L062	phylum
qaidam_basin_mmag_1773_CJ0912_30_35bin30	qaidam_basin_mmag_1773	69.77	2.73	B_L001	phylum
qaidam_basin_mmag_1773_CJ0912_30_35bin32	qaidam_basin_mmag_1773	98.3	0.29	B_L005	phylum
qaidam_basin_mmag_1773_CJ0912_30_35bin34	qaidam_basin_mmag_1773	95.15	0.34	B_L005	phylum
qaidam_basin_mmag_1773_CJ0912_30_35bin37	qaidam_basin_mmag_1773	76.56	1.23	B_L001	phylum
qaidam_basin_mmag_1773_CJ0912_30_35bin38	qaidam_basin_mmag_1773	83.52	3.06	B_L001	phylum
qaidam_basin_mmag_1773_CJ0912_30_35bin39	qaidam_basin_mmag_1773	73.32	2.64	B_L001	phylum
qaidam_basin_mmag_1773_CJ0912_30_35bin40	qaidam_basin_mmag_1773	62.37	0.84	B_L062	phylum
qaidam_basin_mmag_1773_CJ0912_30_35bin41	qaidam_basin_mmag_1773	64.21	4.33	B_L062	phylum
qaidam_basin_mmag_1773_CJ0912_30_35bin43	qaidam_basin_mmag_1773	60.07	2.47	B_L002	phylum
qaidam_basin_mmag_1773_CJ0912_30_35bin46	qaidam_basin_mmag_1773	81.73	1.1	B_L002	phylum
qaidam_basin_mmag_1773_CJ0912_30_35bin47	qaidam_basin_mmag_1773	75.53	1.15	B_L062	phylum
qaidam_basin_mmag_1773_CJ0912_30_35bin48	qaidam_basin_mmag_1773	93.4	3.02	B_L008	order
qaidam_basin_mmag_1773_CJ0912_30_35bin49	qaidam_basin_mmag_1773	79.02	5.02	B_L001	phylum
qaidam_basin_mmag_1773_CJ0912_30_35bin5	qaidam_basin_mmag_1773	71.67	8.89	B_L001	phylum
qaidam_basin_mmag_1773_CJ0912_30_35bin50	qaidam_basin_mmag_1773	86.31	0.98	B_L062	phylum
qaidam_basin_mmag_1773_CJ0912_30_35bin51	qaidam_basin_mmag_1773	76.6	2.81	B_L006	class
qaidam_basin_mmag_1773_CJ0912_30_35bin52	qaidam_basin_mmag_1773	92.05	0.87	B_L001	phylum
qaidam_basin_mmag_1773_CJ0912_30_35bin53	qaidam_basin_mmag_1773	56.12	5.21	B_L062	phylum
qaidam_basin_mmag_1773_CJ0912_30_35bin54	qaidam_basin_mmag_1773	58.33	0.07	B_L001	phylum
qaidam_basin_mmag_1773_CJ0912_30_35bin57	qaidam_basin_mmag_1773	50.32	9.95	B_L001	phylum
qaidam_basin_mmag_1773_CJ0912_30_35bin58	qaidam_basin_mmag_1773	76.6	1.77	B_L005	phylum
qaidam_basin_mmag_1773_CJ0912_30_35bin7	qaidam_basin_mmag_1773	83.49	3.14	B_L002	phylum
qaidam_basin_mmag_1773_CJ0912_30_35bin8	qaidam_basin_mmag_1773	71.86	5.26	B_L001	phylum
qaidam_basin_mmag_1773_CJ0912_30_35bin9	qaidam_basin_mmag_1773	89.98	1.55	B_L001	phylum
qaidam_basin_mmag_1773_CJ0912_35_40bin13	qaidam_basin_mmag_1773	90.26	1.76	B_L001	phylum
qaidam_basin_mmag_1773_CJ0912_35_40bin19	qaidam_basin_mmag_1773	89.59	1.54	B_L001	phylum
qaidam_basin_mmag_1773_CJ0912_35_40bin20	qaidam_basin_mmag_1773	87.13	1.17	B_L001	phylum
qaidam_basin_mmag_1773_CJ0912_35_40bin22	qaidam_basin_mmag_1773	56.5	1.53	B_L040	phylum
qaidam_basin_mmag_1773_CJ0912_35_40bin23	qaidam_basin_mmag_1773	86.07	5.3	B_L040	phylum
qaidam_basin_mmag_1773_CJ0912_35_40bin24	qaidam_basin_mmag_1773	75.83	1.87	B_L001	phylum
qaidam_basin_mmag_1773_CJ0912_35_40bin26	qaidam_basin_mmag_1773	99.85	4.6	B_L005	phylum
qaidam_basin_mmag_1773_CJ0912_35_40bin27	qaidam_basin_mmag_1773	55.64	1.02	B_L002	phylum
qaidam_basin_mmag_1773_CJ0912_35_40bin29	qaidam_basin_mmag_1773	95.81	2.7	B_L040	phylum
qaidam_basin_mmag_1773_CJ0912_35_40bin3	qaidam_basin_mmag_1773	89.6	1.64	B_L040	phylum
qaidam_basin_mmag_1773_CJ0912_35_40bin32	qaidam_basin_mmag_1773	88.98	4.25	B_L007	order
qaidam_basin_mmag_1773_CJ0912_35_40bin33	qaidam_basin_mmag_1773	86.33	3.26	B_L040	phylum
qaidam_basin_mmag_1773_CJ0912_35_40bin37	qaidam_basin_mmag_1773	60.11	0.01	B_L002	phylum
qaidam_basin_mmag_1773_CJ0912_35_40bin40	qaidam_basin_mmag_1773	71.19	3.56	B_L001	phylum
qaidam_basin_mmag_1773_CJ0912_35_40bin42	qaidam_basin_mmag_1773	88.98	2.68	B_L029	phylum
qaidam_basin_mmag_1773_CJ0912_35_40bin44	qaidam_basin_mmag_1773	74.05	0.72	B_L001	phylum
qaidam_basin_mmag_1773_CJ0912_35_40bin45	qaidam_basin_mmag_1773	69.95	6.76	B_L062	phylum
qaidam_basin_mmag_1773_CJ0912_35_40bin46	qaidam_basin_mmag_1773	64.2	4.03	B_L040	phylum
qaidam_basin_mmag_1773_CJ0912_35_40bin47	qaidam_basin_mmag_1773	60.55	5.63	B_L001	phylum
qaidam_basin_mmag_1773_CJ0912_35_40bin48	qaidam_basin_mmag_1773	57.38	4.23	B_L001	phylum
qaidam_basin_mmag_1773_CJ0912_35_40bin49	qaidam_basin_mmag_1773	81.64	3.26	B_L001	phylum
qaidam_basin_mmag_1773_CJ0912_40_45bin14	qaidam_basin_mmag_1773	69.66	2.36	B_L008	order
qaidam_basin_mmag_1773_CJ0912_40_45bin18	qaidam_basin_mmag_1773	61.43	7.83	B_L001	phylum
qaidam_basin_mmag_1773_CJ0912_40_45bin23	qaidam_basin_mmag_1773	98.44	1.42	B_L001	phylum
qaidam_basin_mmag_1773_CJ0912_40_45bin24	qaidam_basin_mmag_1773	85.72	0.48	B_L006	class
qaidam_basin_mmag_1773_CJ0912_40_45bin28	qaidam_basin_mmag_1773	87.15	6.75	B_L001	phylum
qaidam_basin_mmag_1773_CJ0912_40_45bin29	qaidam_basin_mmag_1773	97.95	0.72	B_L048	phylum
qaidam_basin_mmag_1773_CJ0912_40_45bin3	qaidam_basin_mmag_1773	84.48	0.51	B_L048	phylum
qaidam_basin_mmag_1773_CJ0912_40_45bin30	qaidam_basin_mmag_1773	70.34	1.72	B_L001	phylum
qaidam_basin_mmag_1773_CJ0912_40_45bin33	qaidam_basin_mmag_1773	80.71	1.96	B_L040	phylum
qaidam_basin_mmag_1773_CJ0912_40_45bin34	qaidam_basin_mmag_1773	86.1	3.52	B_L005	phylum
qaidam_basin_mmag_1773_CJ0912_40_45bin35	qaidam_basin_mmag_1773	92.39	1.36	B_L005	phylum
qaidam_basin_mmag_1773_CJ0912_40_45bin39	qaidam_basin_mmag_1773	77.38	0.77	B_L001	phylum
qaidam_basin_mmag_1773_CJ0912_40_45bin42	qaidam_basin_mmag_1773	77.08	9.9	B_L040	phylum
qaidam_basin_mmag_1773_CJ0912_40_45bin43	qaidam_basin_mmag_1773	78.85	7.02	B_L005	phylum
qaidam_basin_mmag_1773_CJ0912_40_45bin44	qaidam_basin_mmag_1773	55.09	5.57	B_L005	phylum
qaidam_basin_mmag_1773_CJ0912_40_45bin46	qaidam_basin_mmag_1773	59.55	5.02	B_L007	order
qaidam_basin_mmag_1773_CJ0912_40_45bin47	qaidam_basin_mmag_1773	67.89	2.36	B_L001	phylum
qaidam_basin_mmag_1773_CJ0912_40_45bin5	qaidam_basin_mmag_1773	69.43	2.49	B_L002	phylum
qaidam_basin_mmag_1773_CJ0912_40_45bin8	qaidam_basin_mmag_1773	94.79	4.7	B_L006	class
qaidam_basin_mmag_1773_CJ0912_45_50bin1	qaidam_basin_mmag_1773	98.27	2.28	B_L001	phylum
qaidam_basin_mmag_1773_CJ0912_45_50bin10	qaidam_basin_mmag_1773	57.84	0.48	B_L006	class
qaidam_basin_mmag_1773_CJ0912_45_50bin11	qaidam_basin_mmag_1773	99.93	0.65	B_L005	phylum
qaidam_basin_mmag_1773_CJ0912_45_50bin6	qaidam_basin_mmag_1773	80.3	9.96	B_L001	phylum
qaidam_basin_mmag_1773_CJ0912_5_10bin1	qaidam_basin_mmag_1773	79.85	1.66	B_L005	phylum
qaidam_basin_mmag_1773_CJ0912_5_10bin10	qaidam_basin_mmag_1773	100.0	0.04	B_L044	phylum
qaidam_basin_mmag_1773_CJ0912_5_10bin13	qaidam_basin_mmag_1773	97.17	1.11	B_L044	phylum
qaidam_basin_mmag_1773_CJ0912_5_10bin15	qaidam_basin_mmag_1773	71.41	6.54	B_L001	phylum
qaidam_basin_mmag_1773_CJ0912_5_10bin16	qaidam_basin_mmag_1773	80.49	2.63	B_L005	phylum
qaidam_basin_mmag_1773_CJ0912_5_10bin17	qaidam_basin_mmag_1773	89.49	0.76	B_L052	phylum
qaidam_basin_mmag_1773_CJ0912_5_10bin18	qaidam_basin_mmag_1773	88.81	0.12	B_L030	phylum
qaidam_basin_mmag_1773_CJ0912_5_10bin19	qaidam_basin_mmag_1773	61.05	1.66	B_L001	phylum
qaidam_basin_mmag_1773_CJ0912_5_10bin2	qaidam_basin_mmag_1773	74.22	6.9	B_L001	phylum
qaidam_basin_mmag_1773_CJ0912_5_10bin27	qaidam_basin_mmag_1773	62.23	0.96	B_L005	phylum
qaidam_basin_mmag_1773_CJ0912_5_10bin28	qaidam_basin_mmag_1773	99.06	1.2	B_L033	class
qaidam_basin_mmag_1773_CJ0912_5_10bin29	qaidam_basin_mmag_1773	80.1	2.13	B_L053	class
qaidam_basin_mmag_1773_CJ0912_5_10bin30	qaidam_basin_mmag_1773	78.32	5.65	B_L040	phylum
qaidam_basin_mmag_1773_CJ0912_5_10bin34	qaidam_basin_mmag_1773	68.59	9.05	B_L052	phylum
qaidam_basin_mmag_1773_CJ0912_5_10bin36	qaidam_basin_mmag_1773	77.96	2.29	B_L040	phylum
qaidam_basin_mmag_1773_CJ0912_5_10bin38	qaidam_basin_mmag_1773	79.45	2.72	B_L029	phylum
qaidam_basin_mmag_1773_CJ0912_5_10bin41	qaidam_basin_mmag_1773	89.7	1.23	B_L048	phylum
qaidam_basin_mmag_1773_CJ0912_5_10bin43	qaidam_basin_mmag_1773	58.88	7.53	B_L006	class
qaidam_basin_mmag_1773_CJ0912_5_10bin46	qaidam_basin_mmag_1773	53.93	1.09	B_L002	phylum
qaidam_basin_mmag_1773_CJ0912_5_10bin47	qaidam_basin_mmag_1773	77.69	2.56	B_L001	phylum
qaidam_basin_mmag_1773_CJ0912_5_10bin48	qaidam_basin_mmag_1773	52.94	1.72	B_L040	phylum
qaidam_basin_mmag_1773_CJ0912_5_10bin5	qaidam_basin_mmag_1773	54.86	3.26	B_L001	phylum
qaidam_basin_mmag_1773_CJ0912_5_10bin6	qaidam_basin_mmag_1773	98.48	1.58	B_L006	class
qaidam_basin_mmag_1773_CJS_1_0912bin1	qaidam_basin_mmag_1773	72.88	0.54	B_L052	phylum
qaidam_basin_mmag_1773_CJS_1_0912bin11	qaidam_basin_mmag_1773	53.07	2.75	B_L001	phylum
qaidam_basin_mmag_1773_CJS_1_0912bin12	qaidam_basin_mmag_1773	97.9	1.95	B_L053	class
qaidam_basin_mmag_1773_CJS_1_0912bin13	qaidam_basin_mmag_1773	76.69	3.75	B_L040	phylum
qaidam_basin_mmag_1773_CJS_1_0912bin14	qaidam_basin_mmag_1773	91.9	2.71	B_L001	phylum
qaidam_basin_mmag_1773_CJS_1_0912bin15	qaidam_basin_mmag_1773	85.28	3.13	B_L001	phylum
qaidam_basin_mmag_1773_CJS_1_0912bin17	qaidam_basin_mmag_1773	71.72	2.05	B_L002	phylum
qaidam_basin_mmag_1773_CJS_1_0912bin19	qaidam_basin_mmag_1773	68.1	3.89	B_L001	phylum
qaidam_basin_mmag_1773_CJS_1_0912bin2	qaidam_basin_mmag_1773	53.6	1.83	B_L053	class
qaidam_basin_mmag_1773_CJS_1_0912bin20	qaidam_basin_mmag_1773	60.34	8.29	B_L001	phylum
qaidam_basin_mmag_1773_CJS_1_0912bin21	qaidam_basin_mmag_1773	54.12	4.93	B_L029	phylum
qaidam_basin_mmag_1773_CJS_1_0912bin22	qaidam_basin_mmag_1773	84.15	2.69	B_L001	phylum
qaidam_basin_mmag_1773_CJS_1_0912bin23	qaidam_basin_mmag_1773	97.79	0.55	B_L053	class
qaidam_basin_mmag_1773_CJS_1_0912bin25	qaidam_basin_mmag_1773	61.22	4.77	B_L053	class
qaidam_basin_mmag_1773_CJS_1_0912bin26	qaidam_basin_mmag_1773	56.54	0.22	B_L001	phylum
qaidam_basin_mmag_1773_CJS_1_0912bin27	qaidam_basin_mmag_1773	78.85	2.4	B_L002	phylum
qaidam_basin_mmag_1773_CJS_1_0912bin3	qaidam_basin_mmag_1773	70.8	3.99	B_L001	phylum
qaidam_basin_mmag_1773_CJS_1_0912bin30	qaidam_basin_mmag_1773	76.99	0.27	B_L002	phylum
qaidam_basin_mmag_1773_CJS_1_0912bin31	qaidam_basin_mmag_1773	83.53	1.17	B_L001	phylum
qaidam_basin_mmag_1773_CJS_1_0912bin32	qaidam_basin_mmag_1773	65.43	3.85	B_L001	phylum
qaidam_basin_mmag_1773_CJS_1_0912bin34	qaidam_basin_mmag_1773	55.0	2.53	B_L002	phylum
qaidam_basin_mmag_1773_CJS_1_0912bin37	qaidam_basin_mmag_1773	70.65	0.71	B_L001	phylum
qaidam_basin_mmag_1773_CJS_1_0912bin39	qaidam_basin_mmag_1773	83.6	1.49	B_L001	phylum
qaidam_basin_mmag_1773_CJS_1_0912bin4	qaidam_basin_mmag_1773	54.94	0.75	B_L001	phylum
qaidam_basin_mmag_1773_CJS_1_0912bin40	qaidam_basin_mmag_1773	93.01	0.77	B_L007	order
qaidam_basin_mmag_1773_CJS_1_0912bin42	qaidam_basin_mmag_1773	86.78	5.08	B_L003	phylum
qaidam_basin_mmag_1773_CJS_1_0912bin45	qaidam_basin_mmag_1773	88.06	4.13	B_L001	phylum
qaidam_basin_mmag_1773_CJS_1_0912bin47	qaidam_basin_mmag_1773	95.37	3.91	B_L001	phylum
qaidam_basin_mmag_1773_CJS_1_0912bin48	qaidam_basin_mmag_1773	50.04	3.95	B_L001	phylum
qaidam_basin_mmag_1773_CJS_1_0912bin49	qaidam_basin_mmag_1773	96.77	2.21	B_L029	phylum
qaidam_basin_mmag_1773_CJS_1_0912bin8	qaidam_basin_mmag_1773	97.01	2.96	B_L029	phylum
qaidam_basin_mmag_1773_DLTCJS0_5bin16	qaidam_basin_mmag_1773	88.35	2.25	B_L044	phylum
qaidam_basin_mmag_1773_DLTCJS0_5bin27	qaidam_basin_mmag_1773	80.89	1.75	B_L001	phylum
qaidam_basin_mmag_1773_DLTCJS0_5bin33	qaidam_basin_mmag_1773	99.95	0.93	B_L005	phylum
qaidam_basin_mmag_1773_DLTCJS0_5bin37	qaidam_basin_mmag_1773	88.45	1.61	B_L005	phylum
qaidam_basin_mmag_1773_DLTCJS0_5bin56	qaidam_basin_mmag_1773	87.68	5.18	B_L006	class
qaidam_basin_mmag_1773_DLTCJS0_5bin59	qaidam_basin_mmag_1773	63.78	1.56	B_L040	phylum
qaidam_basin_mmag_1773_DLTCJS0_5bin61	qaidam_basin_mmag_1773	80.23	1.66	B_L001	phylum
qaidam_basin_mmag_1773_DLTCJS0_5bin63	qaidam_basin_mmag_1773	98.07	2.81	B_L005	phylum
qaidam_basin_mmag_1773_DLTCJS0_5bin73	qaidam_basin_mmag_1773	52.26	3.64	B_L048	phylum
qaidam_basin_mmag_1773_DLTCJS10_15bin11	qaidam_basin_mmag_1773	79.2	4.36	B_L005	phylum
qaidam_basin_mmag_1773_DLTCJS10_15bin18	qaidam_basin_mmag_1773	84.84	1.18	B_L048	phylum
qaidam_basin_mmag_1773_DLTCJS10_15bin24	qaidam_basin_mmag_1773	62.63	3.41	B_L006	class
qaidam_basin_mmag_1773_DLTCJS10_15bin27	qaidam_basin_mmag_1773	75.07	0.48	B_L006	class
qaidam_basin_mmag_1773_DLTCJS10_15bin32	qaidam_basin_mmag_1773	67.51	2.34	B_L005	phylum
qaidam_basin_mmag_1773_DLTCJS10_15bin36	qaidam_basin_mmag_1773	78.29	2.28	B_L029	phylum
qaidam_basin_mmag_1773_DLTCJS10_15bin38	qaidam_basin_mmag_1773	75.09	2.53	B_L002	phylum
qaidam_basin_mmag_1773_DLTCJS10_15bin40	qaidam_basin_mmag_1773	71.53	3.79	B_L006	class
qaidam_basin_mmag_1773_DLTCJS10_15bin49	qaidam_basin_mmag_1773	91.74	0.9	B_L001	phylum
qaidam_basin_mmag_1773_DLTCJS10_15bin51	qaidam_basin_mmag_1773	68.59	2.71	B_L030	phylum
qaidam_basin_mmag_1773_DLTCJS10_15bin52	qaidam_basin_mmag_1773	98.1	1.51	B_L033	class
qaidam_basin_mmag_1773_DLTCJS10_15bin58	qaidam_basin_mmag_1773	85.86	3.9	B_L006	class
qaidam_basin_mmag_1773_DLTCJS10_15bin59	qaidam_basin_mmag_1773	60.52	0.34	B_L001	phylum
qaidam_basin_mmag_1773_DLTCJS10_15bin60	qaidam_basin_mmag_1773	100.0	0.24	B_L006	class
qaidam_basin_mmag_1773_DLTCJS10_15bin62	qaidam_basin_mmag_1773	96.56	0.95	B_L006	class
qaidam_basin_mmag_1773_DLTCJS10_15bin69	qaidam_basin_mmag_1773	70.97	5.01	B_L008	order
qaidam_basin_mmag_1773_DLTCJS10_15bin70	qaidam_basin_mmag_1773	90.96	0.29	B_L001	phylum
qaidam_basin_mmag_1773_DLTCJS10_15bin71	qaidam_basin_mmag_1773	59.48	0.66	B_L006	class
qaidam_basin_mmag_1773_DLTCJS10_15bin73	qaidam_basin_mmag_1773	86.82	3.23	B_L006	class
qaidam_basin_mmag_1773_DLTCJS10_15bin74	qaidam_basin_mmag_1773	85.58	3.63	B_L001	phylum
qaidam_basin_mmag_1773_DLTCJS10_15bin78	qaidam_basin_mmag_1773	76.04	4.19	B_L002	phylum
qaidam_basin_mmag_1773_DLTCJS10_15bin81	qaidam_basin_mmag_1773	74.6	6.84	B_L006	class
qaidam_basin_mmag_1773_DLTCJS15_20bin15	qaidam_basin_mmag_1773	82.54	4.17	B_L048	phylum
qaidam_basin_mmag_1773_DLTCJS15_20bin28	qaidam_basin_mmag_1773	78.71	0.89	B_L001	phylum
qaidam_basin_mmag_1773_DLTCJS15_20bin34	qaidam_basin_mmag_1773	94.32	2.96	B_L005	phylum
qaidam_basin_mmag_1773_DLTCJS15_20bin35	qaidam_basin_mmag_1773	87.36	2.1	B_L040	phylum
qaidam_basin_mmag_1773_DLTCJS15_20bin41	qaidam_basin_mmag_1773	53.47	2.96	B_L001	phylum
qaidam_basin_mmag_1773_DLTCJS15_20bin44	qaidam_basin_mmag_1773	92.52	1.67	B_L001	phylum
qaidam_basin_mmag_1773_DLTCJS15_20bin45	qaidam_basin_mmag_1773	99.83	0.15	B_L005	phylum
qaidam_basin_mmag_1773_DLTCJS15_20bin46	qaidam_basin_mmag_1773	88.83	0.96	B_L012	order
qaidam_basin_mmag_1773_DLTCJS15_20bin51	qaidam_basin_mmag_1773	53.45	0.37	B_L006	class
qaidam_basin_mmag_1773_DLTCJS15_20bin53	qaidam_basin_mmag_1773	64.82	0.23	B_L029	phylum
qaidam_basin_mmag_1773_DLTCJS15_20bin55	qaidam_basin_mmag_1773	58.15	4.33	B_L006	class
qaidam_basin_mmag_1773_DLTCJS15_20bin60	qaidam_basin_mmag_1773	68.28	2.01	B_L048	phylum
qaidam_basin_mmag_1773_DLTCJS15_20bin62	qaidam_basin_mmag_1773	73.56	0.21	B_L044	phylum
qaidam_basin_mmag_1773_DLTCJS15_20bin63	qaidam_basin_mmag_1773	60.61	0.21	B_L052	phylum
qaidam_basin_mmag_1773_DLTCJS15_20bin68	qaidam_basin_mmag_1773	73.98	2.9	B_L001	phylum
qaidam_basin_mmag_1773_DLTCJS15_20bin69	qaidam_basin_mmag_1773	59.34	0.48	B_L001	phylum
qaidam_basin_mmag_1773_DLTCJS15_20bin79	qaidam_basin_mmag_1773	54.9	8.83	B_L006	class
qaidam_basin_mmag_1773_DLTCJS15_20bin80	qaidam_basin_mmag_1773	76.27	3.73	B_L030	phylum
qaidam_basin_mmag_1773_DLTCJS20_25bin10	qaidam_basin_mmag_1773	87.49	0.04	B_L001	phylum
qaidam_basin_mmag_1773_DLTCJS20_25bin11	qaidam_basin_mmag_1773	98.57	0.16	B_L005	phylum
qaidam_basin_mmag_1773_DLTCJS20_25bin16	qaidam_basin_mmag_1773	52.41	1.85	B_L001	phylum
qaidam_basin_mmag_1773_DLTCJS20_25bin20	qaidam_basin_mmag_1773	100.0	0.65	B_L005	phylum
qaidam_basin_mmag_1773_DLTCJS20_25bin22	qaidam_basin_mmag_1773	83.01	1.33	B_L040	phylum
qaidam_basin_mmag_1773_DLTCJS20_25bin24	qaidam_basin_mmag_1773	93.36	0.49	B_L005	phylum
qaidam_basin_mmag_1773_DLTCJS20_25bin25	qaidam_basin_mmag_1773	85.24	0.63	B_L006	class
qaidam_basin_mmag_1773_DLTCJS20_25bin26	qaidam_basin_mmag_1773	93.19	2.13	B_L005	phylum
qaidam_basin_mmag_1773_DLTCJS20_25bin27	qaidam_basin_mmag_1773	79.03	1.55	B_L044	phylum
qaidam_basin_mmag_1773_DLTCJS20_25bin29	qaidam_basin_mmag_1773	55.85	4.78	B_L001	phylum
qaidam_basin_mmag_1773_DLTCJS20_25bin30	qaidam_basin_mmag_1773	72.8	5.14	B_L001	phylum
qaidam_basin_mmag_1773_DLTCJS20_25bin31	qaidam_basin_mmag_1773	55.71	1.01	B_L001	phylum
qaidam_basin_mmag_1773_DLTCJS20_25bin32	qaidam_basin_mmag_1773	75.11	5.07	B_L006	class
qaidam_basin_mmag_1773_DLTCJS20_25bin34	qaidam_basin_mmag_1773	54.88	5.37	B_L040	phylum
qaidam_basin_mmag_1773_DLTCJS20_25bin4	qaidam_basin_mmag_1773	92.48	0.27	B_L006	class
qaidam_basin_mmag_1773_DLTCJS20_25bin43	qaidam_basin_mmag_1773	71.98	7.17	B_L040	phylum
qaidam_basin_mmag_1773_DLTCJS20_25bin45	qaidam_basin_mmag_1773	56.21	3.96	B_L006	class
qaidam_basin_mmag_1773_DLTCJS20_25bin46	qaidam_basin_mmag_1773	96.37	1.99	B_L005	phylum
qaidam_basin_mmag_1773_DLTCJS20_25bin48	qaidam_basin_mmag_1773	98.2	4.25	B_L033	class
qaidam_basin_mmag_1773_DLTCJS20_25bin49	qaidam_basin_mmag_1773	50.27	1.82	B_L005	phylum
qaidam_basin_mmag_1773_DLTCJS20_25bin51	qaidam_basin_mmag_1773	82.52	0.23	B_L044	phylum
qaidam_basin_mmag_1773_DLTCJS20_25bin52	qaidam_basin_mmag_1773	57.74	5.84	B_L008	order
qaidam_basin_mmag_1773_DLTCJS20_25bin54	qaidam_basin_mmag_1773	90.86	2.26	B_L005	phylum
qaidam_basin_mmag_1773_DLTCJS20_25bin58	qaidam_basin_mmag_1773	99.99	0.38	B_L005	phylum
qaidam_basin_mmag_1773_DLTCJS20_25bin6	qaidam_basin_mmag_1773	85.9	1.27	B_L040	phylum
qaidam_basin_mmag_1773_DLTCJS20_25bin60	qaidam_basin_mmag_1773	84.51	1.31	B_L001	phylum
qaidam_basin_mmag_1773_DLTCJS20_25bin63	qaidam_basin_mmag_1773	85.67	2.57	B_L005	phylum
qaidam_basin_mmag_1773_DLTCJS20_25bin68	qaidam_basin_mmag_1773	63.56	2.37	B_L005	phylum
qaidam_basin_mmag_1773_DLTCJS20_25bin71	qaidam_basin_mmag_1773	50.43	1.22	B_L007	order
qaidam_basin_mmag_1773_DLTCJS20_25bin77	qaidam_basin_mmag_1773	86.89	1.51	B_L005	phylum
qaidam_basin_mmag_1773_DLTCJS20_25bin81	qaidam_basin_mmag_1773	95.85	2.2	B_L044	phylum
qaidam_basin_mmag_1773_DLTCJS20_25bin83	qaidam_basin_mmag_1773	88.84	0.92	B_L006	class
qaidam_basin_mmag_1773_DLTCJS20_25bin86	qaidam_basin_mmag_1773	64.9	3.56	B_L044	phylum
qaidam_basin_mmag_1773_DLTCJS20_25bin88	qaidam_basin_mmag_1773	96.37	2.16	B_L005	phylum
qaidam_basin_mmag_1773_DLTCJS25_30bin10	qaidam_basin_mmag_1773	81.1	0.86	B_L048	phylum
qaidam_basin_mmag_1773_DLTCJS25_30bin16	qaidam_basin_mmag_1773	79.21	1.37	B_L006	class
qaidam_basin_mmag_1773_DLTCJS25_30bin18	qaidam_basin_mmag_1773	66.43	2.79	B_L001	phylum
qaidam_basin_mmag_1773_DLTCJS25_30bin19	qaidam_basin_mmag_1773	78.16	2.61	B_L001	phylum
qaidam_basin_mmag_1773_DLTCJS25_30bin24	qaidam_basin_mmag_1773	80.49	1.6	B_L006	class
qaidam_basin_mmag_1773_DLTCJS25_30bin25	qaidam_basin_mmag_1773	85.12	1.57	B_L006	class
qaidam_basin_mmag_1773_DLTCJS25_30bin29	qaidam_basin_mmag_1773	82.67	5.91	B_L040	phylum
qaidam_basin_mmag_1773_DLTCJS25_30bin3	qaidam_basin_mmag_1773	81.45	1.46	B_L001	phylum
qaidam_basin_mmag_1773_DLTCJS25_30bin30	qaidam_basin_mmag_1773	93.45	0.71	B_L048	phylum
qaidam_basin_mmag_1773_DLTCJS25_30bin32	qaidam_basin_mmag_1773	64.4	1.14	B_L006	class
qaidam_basin_mmag_1773_DLTCJS25_30bin33	qaidam_basin_mmag_1773	58.32	5.22	B_L002	phylum
qaidam_basin_mmag_1773_DLTCJS25_30bin37	qaidam_basin_mmag_1773	97.41	1.18	B_L001	phylum
qaidam_basin_mmag_1773_DLTCJS25_30bin39	qaidam_basin_mmag_1773	90.72	0.41	B_L048	phylum
qaidam_basin_mmag_1773_DLTCJS25_30bin4	qaidam_basin_mmag_1773	64.05	5.72	B_L001	phylum
qaidam_basin_mmag_1773_DLTCJS25_30bin40	qaidam_basin_mmag_1773	99.69	3.28	B_L040	phylum
qaidam_basin_mmag_1773_DLTCJS25_30bin42	qaidam_basin_mmag_1773	66.38	6.6	B_L040	phylum
qaidam_basin_mmag_1773_DLTCJS25_30bin43	qaidam_basin_mmag_1773	72.85	8.08	B_L040	phylum
qaidam_basin_mmag_1773_DLTCJS25_30bin44	qaidam_basin_mmag_1773	100.0	4.44	B_L048	phylum
qaidam_basin_mmag_1773_DLTCJS25_30bin47	qaidam_basin_mmag_1773	50.46	8.64	B_L002	phylum
qaidam_basin_mmag_1773_DLTCJS25_30bin48	qaidam_basin_mmag_1773	78.01	5.4	B_L001	phylum
qaidam_basin_mmag_1773_DLTCJS25_30bin49	qaidam_basin_mmag_1773	84.56	2.62	B_L001	phylum
qaidam_basin_mmag_1773_DLTCJS25_30bin5	qaidam_basin_mmag_1773	68.57	4.23	B_L040	phylum
qaidam_basin_mmag_1773_DLTCJS25_30bin52	qaidam_basin_mmag_1773	82.79	0.56	B_L048	phylum
qaidam_basin_mmag_1773_DLTCJS25_30bin53	qaidam_basin_mmag_1773	89.8	2.56	B_L001	phylum
qaidam_basin_mmag_1773_DLTCJS25_30bin55	qaidam_basin_mmag_1773	63.28	3.01	B_L033	class
qaidam_basin_mmag_1773_DLTCJS25_30bin56	qaidam_basin_mmag_1773	57.23	3.09	B_L001	phylum
qaidam_basin_mmag_1773_DLTCJS25_30bin57	qaidam_basin_mmag_1773	72.36	6.44	B_L006	class
qaidam_basin_mmag_1773_DLTCJS25_30bin58	qaidam_basin_mmag_1773	72.62	5.19	B_L001	phylum
qaidam_basin_mmag_1773_DLTCJS25_30bin6	qaidam_basin_mmag_1773	64.41	3.63	B_L006	class
qaidam_basin_mmag_1773_DLTCJS25_30bin63	qaidam_basin_mmag_1773	63.89	3.25	B_L001	phylum
qaidam_basin_mmag_1773_DLTCJS25_30bin64	qaidam_basin_mmag_1773	74.76	2.99	B_L008	order
qaidam_basin_mmag_1773_DLTCJS25_30bin65	qaidam_basin_mmag_1773	100.0	1.99	B_L044	phylum
qaidam_basin_mmag_1773_DLTCJS25_30bin67	qaidam_basin_mmag_1773	79.79	2.38	B_L001	phylum
qaidam_basin_mmag_1773_DLTCJS25_30bin68	qaidam_basin_mmag_1773	76.9	0.67	B_L029	phylum
qaidam_basin_mmag_1773_DLTCJS25_30bin69	qaidam_basin_mmag_1773	60.89	6.24	B_L001	phylum
qaidam_basin_mmag_1773_DLTCJS25_30bin70	qaidam_basin_mmag_1773	91.84	0.77	B_L044	phylum
qaidam_basin_mmag_1773_DLTCJS25_30bin8	qaidam_basin_mmag_1773	70.59	6.03	B_L001	phylum
qaidam_basin_mmag_1773_DLTCJS25_30bin9	qaidam_basin_mmag_1773	84.57	0.15	B_L001	phylum
qaidam_basin_mmag_1773_DLTCJS5_10bin13	qaidam_basin_mmag_1773	75.88	5.2	B_L001	phylum
qaidam_basin_mmag_1773_DLTCJS5_10bin17	qaidam_basin_mmag_1773	82.71	0.74	B_L044	phylum
qaidam_basin_mmag_1773_DLTCJS5_10bin2	qaidam_basin_mmag_1773	61.77	7.36	B_L001	phylum
qaidam_basin_mmag_1773_DLTCJS5_10bin23	qaidam_basin_mmag_1773	85.41	1.15	B_L005	phylum
qaidam_basin_mmag_1773_DLTCJS5_10bin25	qaidam_basin_mmag_1773	100.0	0.0	B_L006	class
qaidam_basin_mmag_1773_DLTCJS5_10bin36	qaidam_basin_mmag_1773	98.69	2.1	B_L001	phylum
qaidam_basin_mmag_1773_DLTCJS5_10bin39	qaidam_basin_mmag_1773	81.87	5.11	B_L006	class
qaidam_basin_mmag_1773_DLTCJS5_10bin4	qaidam_basin_mmag_1773	71.81	2.13	B_L001	phylum
qaidam_basin_mmag_1773_DLTCJS5_10bin40	qaidam_basin_mmag_1773	85.67	0.16	B_L030	phylum
qaidam_basin_mmag_1773_DLTCJS5_10bin46	qaidam_basin_mmag_1773	79.94	8.52	B_L001	phylum
qaidam_basin_mmag_1773_DLTCJS5_10bin5	qaidam_basin_mmag_1773	71.17	1.86	B_L001	phylum
qaidam_basin_mmag_1773_DLTCJS5_10bin51	qaidam_basin_mmag_1773	56.87	7.72	B_L006	class
qaidam_basin_mmag_1773_DLTCJS5_10bin65	qaidam_basin_mmag_1773	90.72	4.01	B_L001	phylum
qaidam_basin_mmag_1773_DLTCJS5_10bin74	qaidam_basin_mmag_1773	98.9	5.98	B_L033	class
qaidam_basin_mmag_1773_DLTCJS5_10bin76	qaidam_basin_mmag_1773	96.71	1.77	B_L006	class
qaidam_basin_mmag_1773_DLTFbin10	qaidam_basin_mmag_1773	89.09	3.07	B_L001	phylum
qaidam_basin_mmag_1773_DLTFbin14	qaidam_basin_mmag_1773	96.1	0.69	B_L006	class
qaidam_basin_mmag_1773_DLTFbin2	qaidam_basin_mmag_1773	68.04	1.02	B_L008	order
qaidam_basin_mmag_1773_DLTFbin24	qaidam_basin_mmag_1773	69.69	3.0	B_L006	class
qaidam_basin_mmag_1773_DLTFbin26	qaidam_basin_mmag_1773	62.13	4.66	B_L006	class
qaidam_basin_mmag_1773_DLTFbin28	qaidam_basin_mmag_1773	50.29	5.09	B_L040	phylum
qaidam_basin_mmag_1773_DLTFbin3	qaidam_basin_mmag_1773	94.52	1.13	B_L001	phylum
qaidam_basin_mmag_1773_DLTFbin33	qaidam_basin_mmag_1773	100.0	0.17	B_L005	phylum
qaidam_basin_mmag_1773_DLTFbin42	qaidam_basin_mmag_1773	96.74	2.73	B_L033	class
qaidam_basin_mmag_1773_DLTFbin44	qaidam_basin_mmag_1773	86.5	1.14	B_L006	class
qaidam_basin_mmag_1773_DLTFbin49	qaidam_basin_mmag_1773	50.53	3.31	B_L001	phylum
qaidam_basin_mmag_1773_DLTFbin53	qaidam_basin_mmag_1773	75.7	1.35	B_L001	phylum
qaidam_basin_mmag_1773_DLTFbin56	qaidam_basin_mmag_1773	73.83	4.62	B_L040	phylum
qaidam_basin_mmag_1773_DLTFbin58	qaidam_basin_mmag_1773	100.0	0.36	B_L005	phylum
qaidam_basin_mmag_1773_DLTFbin67	qaidam_basin_mmag_1773	52.75	2.72	B_L008	order
qaidam_basin_mmag_1773_DLTFbin71	qaidam_basin_mmag_1773	99.06	0.19	B_L005	phylum
qaidam_basin_mmag_1773_DLTFbin76	qaidam_basin_mmag_1773	63.58	2.51	B_L040	phylum
qaidam_basin_mmag_1773_DLTSQ0_15bin1	qaidam_basin_mmag_1773	65.16	1.76	B_L001	phylum
qaidam_basin_mmag_1773_DLTSQ0_15bin11	qaidam_basin_mmag_1773	59.06	1.06	B_L040	phylum
qaidam_basin_mmag_1773_DLTSQ0_15bin12	qaidam_basin_mmag_1773	85.96	0.68	B_L006	class
qaidam_basin_mmag_1773_DLTSQ0_15bin13	qaidam_basin_mmag_1773	76.3	0.81	B_L006	class
qaidam_basin_mmag_1773_DLTSQ0_15bin15	qaidam_basin_mmag_1773	88.1	2.42	B_L006	class
qaidam_basin_mmag_1773_DLTSQ0_15bin18	qaidam_basin_mmag_1773	75.25	4.26	B_L033	class
qaidam_basin_mmag_1773_DLTSQ0_15bin2	qaidam_basin_mmag_1773	81.7	0.93	B_L005	phylum
qaidam_basin_mmag_1773_DLTSQ0_15bin22	qaidam_basin_mmag_1773	93.76	4.21	B_L001	phylum
qaidam_basin_mmag_1773_DLTSQ0_15bin23	qaidam_basin_mmag_1773	85.16	4.27	B_L005	phylum
qaidam_basin_mmag_1773_DLTSQ0_15bin25	qaidam_basin_mmag_1773	72.95	1.7	B_L006	class
qaidam_basin_mmag_1773_DLTSQ0_15bin27	qaidam_basin_mmag_1773	93.14	2.2	B_L005	phylum
qaidam_basin_mmag_1773_DLTSQ0_15bin28	qaidam_basin_mmag_1773	66.91	1.98	B_L007	order
qaidam_basin_mmag_1773_DLTSQ0_15bin29	qaidam_basin_mmag_1773	83.97	1.83	B_L006	class
qaidam_basin_mmag_1773_DLTSQ0_15bin30	qaidam_basin_mmag_1773	95.65	7.8	B_L006	class
qaidam_basin_mmag_1773_DLTSQ0_15bin32	qaidam_basin_mmag_1773	71.29	1.12	B_L008	order
qaidam_basin_mmag_1773_DLTSQ0_15bin36	qaidam_basin_mmag_1773	78.54	2.62	B_L006	class
qaidam_basin_mmag_1773_DLTSQ0_15bin37	qaidam_basin_mmag_1773	99.2	0.98	B_L006	class
qaidam_basin_mmag_1773_DLTSQ0_15bin38	qaidam_basin_mmag_1773	87.44	1.85	B_L001	phylum
qaidam_basin_mmag_1773_DLTSQ0_15bin4	qaidam_basin_mmag_1773	58.14	0.83	B_L001	phylum
qaidam_basin_mmag_1773_DLTSQ0_15bin40	qaidam_basin_mmag_1773	56.65	2.73	B_L001	phylum
qaidam_basin_mmag_1773_DLTSQ0_15bin42	qaidam_basin_mmag_1773	63.35	7.91	B_L033	class
qaidam_basin_mmag_1773_DLTSQ0_15bin44	qaidam_basin_mmag_1773	90.78	0.01	B_L030	phylum
qaidam_basin_mmag_1773_DLTSQ0_15bin46	qaidam_basin_mmag_1773	93.85	0.81	B_L007	order
qaidam_basin_mmag_1773_DLTSQ0_15bin47	qaidam_basin_mmag_1773	93.8	3.06	B_L001	phylum
qaidam_basin_mmag_1773_DLTSQ0_15bin5	qaidam_basin_mmag_1773	90.31	0.45	B_L005	phylum
qaidam_basin_mmag_1773_DLTSQ0_15bin51	qaidam_basin_mmag_1773	55.06	5.53	B_L001	phylum
qaidam_basin_mmag_1773_DLTSQ0_15bin52	qaidam_basin_mmag_1773	82.72	4.04	B_L029	phylum
qaidam_basin_mmag_1773_DLTSQ0_15bin56	qaidam_basin_mmag_1773	75.51	4.78	B_L001	phylum
qaidam_basin_mmag_1773_DLTSQ0_15bin58	qaidam_basin_mmag_1773	73.83	2.66	B_L040	phylum
qaidam_basin_mmag_1773_DLTSQ0_15bin6	qaidam_basin_mmag_1773	54.64	4.38	B_L003	phylum
qaidam_basin_mmag_1773_DLTSQ0_15bin60	qaidam_basin_mmag_1773	74.75	2.45	B_L001	phylum
qaidam_basin_mmag_1773_DLTSQ0_15bin62	qaidam_basin_mmag_1773	63.56	2.14	B_L001	phylum
qaidam_basin_mmag_1773_DLTSQ0_15bin8	qaidam_basin_mmag_1773	93.7	3.4	B_L006	class
qaidam_basin_mmag_1773_DLTSQ15_20bin1	qaidam_basin_mmag_1773	85.03	1.28	B_L040	phylum
qaidam_basin_mmag_1773_DLTSQ15_20bin19	qaidam_basin_mmag_1773	71.62	1.5	B_L030	phylum
qaidam_basin_mmag_1773_DLTSQ15_20bin20	qaidam_basin_mmag_1773	83.14	6.15	B_L030	phylum
qaidam_basin_mmag_1773_DLTSQ15_20bin24	qaidam_basin_mmag_1773	60.18	2.69	B_L029	phylum
qaidam_basin_mmag_1773_DLTSQ15_20bin28	qaidam_basin_mmag_1773	99.8	0.47	B_L053	class
qaidam_basin_mmag_1773_DLTSQ15_20bin3	qaidam_basin_mmag_1773	84.38	3.81	B_L052	phylum
qaidam_basin_mmag_1773_DLTSQ15_20bin32	qaidam_basin_mmag_1773	66.73	6.41	B_L007	order
qaidam_basin_mmag_1773_DLTSQ15_20bin35	qaidam_basin_mmag_1773	65.5	9.13	B_L001	phylum
qaidam_basin_mmag_1773_DLTSQ15_20bin43	qaidam_basin_mmag_1773	69.89	5.12	B_L040	phylum
qaidam_basin_mmag_1773_DLTSQ15_20bin46	qaidam_basin_mmag_1773	83.42	5.52	B_L001	phylum
qaidam_basin_mmag_1773_DLTSQ15_20bin48	qaidam_basin_mmag_1773	87.29	1.93	B_L001	phylum
qaidam_basin_mmag_1773_DLTSQ15_20bin51	qaidam_basin_mmag_1773	85.68	0.45	B_L001	phylum
qaidam_basin_mmag_1773_DLTSQ15_20bin56	qaidam_basin_mmag_1773	79.71	1.96	B_L001	phylum
qaidam_basin_mmag_1773_DLTSQ15_20bin58	qaidam_basin_mmag_1773	72.07	6.28	B_L001	phylum
qaidam_basin_mmag_1773_DLTSQ15_20bin6	qaidam_basin_mmag_1773	86.58	6.71	B_L001	phylum
qaidam_basin_mmag_1773_DLTSQ15_20bin7	qaidam_basin_mmag_1773	84.11	0.04	B_L005	phylum
qaidam_basin_mmag_1773_DLTSQ20_25bin10	qaidam_basin_mmag_1773	88.58	1.78	B_L005	phylum
qaidam_basin_mmag_1773_DLTSQ20_25bin11	qaidam_basin_mmag_1773	67.86	2.26	B_L001	phylum
qaidam_basin_mmag_1773_DLTSQ20_25bin14	qaidam_basin_mmag_1773	99.9	0.83	B_L006	class
qaidam_basin_mmag_1773_DLTSQ20_25bin15	qaidam_basin_mmag_1773	58.81	4.72	B_L001	phylum
qaidam_basin_mmag_1773_DLTSQ20_25bin16	qaidam_basin_mmag_1773	80.66	0.95	B_L053	class
qaidam_basin_mmag_1773_DLTSQ20_25bin17	qaidam_basin_mmag_1773	71.47	4.96	B_L034	class
qaidam_basin_mmag_1773_DLTSQ20_25bin20	qaidam_basin_mmag_1773	92.99	5.94	B_L040	phylum
qaidam_basin_mmag_1773_DLTSQ20_25bin25	qaidam_basin_mmag_1773	100.0	2.59	B_L006	class
qaidam_basin_mmag_1773_DLTSQ20_25bin26	qaidam_basin_mmag_1773	96.81	0.64	B_L053	class
qaidam_basin_mmag_1773_DLTSQ20_25bin28	qaidam_basin_mmag_1773	97.92	1.83	B_L006	class
qaidam_basin_mmag_1773_DLTSQ20_25bin32	qaidam_basin_mmag_1773	81.11	2.09	B_L053	class
qaidam_basin_mmag_1773_DLTSQ20_25bin41	qaidam_basin_mmag_1773	90.48	0.82	B_L005	phylum
qaidam_basin_mmag_1773_DLTSQ20_25bin42	qaidam_basin_mmag_1773	82.45	1.02	B_L005	phylum
qaidam_basin_mmag_1773_DLTSQ20_25bin43	qaidam_basin_mmag_1773	72.28	5.86	B_L001	phylum
qaidam_basin_mmag_1773_DLTSQ20_25bin47	qaidam_basin_mmag_1773	80.87	0.47	B_L001	phylum
qaidam_basin_mmag_1773_DLTSQ20_25bin55	qaidam_basin_mmag_1773	89.45	0.31	B_L008	order
qaidam_basin_mmag_1773_DLTSQ20_25bin56	qaidam_basin_mmag_1773	50.05	4.38	B_L040	phylum
qaidam_basin_mmag_1773_DLTSQ20_25bin64	qaidam_basin_mmag_1773	97.94	0.5	B_L005	phylum
qaidam_basin_mmag_1773_DLTSQ20_25bin65	qaidam_basin_mmag_1773	75.32	4.52	B_L040	phylum
qaidam_basin_mmag_1773_DLTSQ20_25bin66	qaidam_basin_mmag_1773	65.37	2.39	B_L006	class
qaidam_basin_mmag_1773_DLTSQ20_25bin8	qaidam_basin_mmag_1773	69.07	0.39	B_L030	phylum
qaidam_basin_mmag_1773_DLTYbin1	qaidam_basin_mmag_1773	73.91	3.07	B_L001	phylum
qaidam_basin_mmag_1773_DLTYbin10	qaidam_basin_mmag_1773	79.17	2.34	B_L052	phylum
qaidam_basin_mmag_1773_DLTYbin11	qaidam_basin_mmag_1773	83.24	2.17	B_L001	phylum
qaidam_basin_mmag_1773_DLTYbin13	qaidam_basin_mmag_1773	93.76	2.92	B_L001	phylum
qaidam_basin_mmag_1773_DLTYbin15	qaidam_basin_mmag_1773	62.32	4.7	B_L001	phylum
qaidam_basin_mmag_1773_DLTYbin17	qaidam_basin_mmag_1773	98.19	1.34	B_L005	phylum
qaidam_basin_mmag_1773_DLTYbin20	qaidam_basin_mmag_1773	62.73	0.28	B_L001	phylum
qaidam_basin_mmag_1773_DLTYbin21	qaidam_basin_mmag_1773	100.0	4.03	B_L040	phylum
qaidam_basin_mmag_1773_DLTYbin23	qaidam_basin_mmag_1773	100.0	0.2	B_L005	phylum
qaidam_basin_mmag_1773_DLTYbin24	qaidam_basin_mmag_1773	66.8	8.42	B_L001	phylum
qaidam_basin_mmag_1773_DLTYbin25	qaidam_basin_mmag_1773	74.78	1.81	B_L001	phylum
qaidam_basin_mmag_1773_DLTYbin26	qaidam_basin_mmag_1773	68.17	4.1	B_L001	phylum
qaidam_basin_mmag_1773_DLTYbin28	qaidam_basin_mmag_1773	77.81	6.11	B_L001	phylum
qaidam_basin_mmag_1773_DLTYbin29	qaidam_basin_mmag_1773	63.3	0.71	B_L001	phylum
qaidam_basin_mmag_1773_DLTYbin3	qaidam_basin_mmag_1773	64.93	2.81	B_L030	phylum
qaidam_basin_mmag_1773_DLTYbin30	qaidam_basin_mmag_1773	88.6	4.54	B_L030	phylum
qaidam_basin_mmag_1773_DLTYbin31	qaidam_basin_mmag_1773	70.1	4.93	B_L005	phylum
qaidam_basin_mmag_1773_DLTYbin5	qaidam_basin_mmag_1773	69.2	6.77	B_L001	phylum
qaidam_basin_mmag_1773_DLTYbin9	qaidam_basin_mmag_1773	56.11	0.98	B_L001	phylum
qaidam_basin_mmag_1773_FCHGbin10	qaidam_basin_mmag_1773	86.48	2.04	B_L001	phylum
qaidam_basin_mmag_1773_FCHGbin11	qaidam_basin_mmag_1773	79.62	0.68	B_L001	phylum
qaidam_basin_mmag_1773_FCHGbin12	qaidam_basin_mmag_1773	55.35	0.81	B_L001	phylum
qaidam_basin_mmag_1773_FCHGbin14	qaidam_basin_mmag_1773	78.29	7.73	B_L005	phylum
qaidam_basin_mmag_1773_FCHGbin15	qaidam_basin_mmag_1773	91.68	2.21	B_L001	phylum
qaidam_basin_mmag_1773_FCHGbin16	qaidam_basin_mmag_1773	71.94	1.03	B_L001	phylum
qaidam_basin_mmag_1773_FCHGbin17	qaidam_basin_mmag_1773	72.08	0.14	B_L001	phylum
qaidam_basin_mmag_1773_FCHGbin19	qaidam_basin_mmag_1773	77.2	0.62	B_L062	phylum
qaidam_basin_mmag_1773_FCHGbin2	qaidam_basin_mmag_1773	100.0	0.95	B_L005	phylum
qaidam_basin_mmag_1773_FCHGbin20	qaidam_basin_mmag_1773	82.92	0.53	B_L001	phylum
qaidam_basin_mmag_1773_FCHGbin21	qaidam_basin_mmag_1773	70.64	1.55	B_L006	class
qaidam_basin_mmag_1773_FCHGbin26	qaidam_basin_mmag_1773	57.68	0.86	B_L001	phylum
qaidam_basin_mmag_1773_FCHGbin29	qaidam_basin_mmag_1773	65.34	0.68	B_L006	class
qaidam_basin_mmag_1773_FCHGbin3	qaidam_basin_mmag_1773	81.42	1.76	B_L005	phylum
qaidam_basin_mmag_1773_FCHGbin30	qaidam_basin_mmag_1773	52.53	3.41	B_L006	class
qaidam_basin_mmag_1773_FCHGbin31	qaidam_basin_mmag_1773	73.46	2.1	B_L002	phylum
qaidam_basin_mmag_1773_FCHGbin33	qaidam_basin_mmag_1773	79.44	0.17	B_L052	phylum
qaidam_basin_mmag_1773_FCHGbin34	qaidam_basin_mmag_1773	82.36	3.14	B_L005	phylum
qaidam_basin_mmag_1773_FCHGbin36	qaidam_basin_mmag_1773	64.48	1.07	B_L005	phylum
qaidam_basin_mmag_1773_FCHGbin37	qaidam_basin_mmag_1773	86.65	1.48	B_L002	phylum
qaidam_basin_mmag_1773_FCHGbin38	qaidam_basin_mmag_1773	95.48	4.91	B_L005	phylum
qaidam_basin_mmag_1773_FCHGbin4	qaidam_basin_mmag_1773	78.91	0.88	B_L001	phylum
qaidam_basin_mmag_1773_FCHGbin42	qaidam_basin_mmag_1773	83.34	0.56	B_L001	phylum
qaidam_basin_mmag_1773_FCHGbin43	qaidam_basin_mmag_1773	71.52	2.48	B_L005	phylum
qaidam_basin_mmag_1773_FCHGbin44	qaidam_basin_mmag_1773	92.93	2.94	B_L005	phylum
qaidam_basin_mmag_1773_FCHGbin45	qaidam_basin_mmag_1773	68.87	7.23	B_L006	class
qaidam_basin_mmag_1773_FCHGbin46	qaidam_basin_mmag_1773	98.5	1.26	B_L005	phylum
qaidam_basin_mmag_1773_FCHGbin49	qaidam_basin_mmag_1773	62.79	5.47	B_L005	phylum
qaidam_basin_mmag_1773_FCHGbin5	qaidam_basin_mmag_1773	82.31	9.98	B_L006	class
qaidam_basin_mmag_1773_FCHGbin52	qaidam_basin_mmag_1773	62.08	1.15	B_L005	phylum
qaidam_basin_mmag_1773_FCHGbin6	qaidam_basin_mmag_1773	85.47	3.24	B_L005	phylum
qaidam_basin_mmag_1773_FCHGbin7	qaidam_basin_mmag_1773	84.24	1.33	B_L005	phylum
qaidam_basin_mmag_1773_FCHGbin8	qaidam_basin_mmag_1773	80.51	1.61	B_L005	phylum
qaidam_basin_mmag_1773_FCHGbin9	qaidam_basin_mmag_1773	61.84	2.28	B_L052	phylum
qaidam_basin_mmag_1773_L_0707_10_15bin10	qaidam_basin_mmag_1773	94.95	1.43	B_L029	phylum
qaidam_basin_mmag_1773_L_0707_10_15bin12	qaidam_basin_mmag_1773	99.72	0.38	B_L040	phylum
qaidam_basin_mmag_1773_L_0707_10_15bin13	qaidam_basin_mmag_1773	66.51	1.57	B_L044	phylum
qaidam_basin_mmag_1773_L_0707_10_15bin14	qaidam_basin_mmag_1773	99.06	2.47	B_L001	phylum
qaidam_basin_mmag_1773_L_0707_10_15bin15	qaidam_basin_mmag_1773	70.78	3.65	B_L029	phylum
qaidam_basin_mmag_1773_L_0707_10_15bin16	qaidam_basin_mmag_1773	89.65	2.13	B_L029	phylum
qaidam_basin_mmag_1773_L_0707_10_15bin17	qaidam_basin_mmag_1773	76.41	3.01	B_L001	phylum
qaidam_basin_mmag_1773_L_0707_10_15bin18	qaidam_basin_mmag_1773	100.0	0.18	B_L012	order
qaidam_basin_mmag_1773_L_0707_10_15bin19	qaidam_basin_mmag_1773	57.49	4.72	B_L002	phylum
qaidam_basin_mmag_1773_L_0707_10_15bin2	qaidam_basin_mmag_1773	58.92	3.03	B_L001	phylum
qaidam_basin_mmag_1773_L_0707_10_15bin20	qaidam_basin_mmag_1773	66.14	2.13	B_L001	phylum
qaidam_basin_mmag_1773_L_0707_10_15bin22	qaidam_basin_mmag_1773	73.75	2.77	B_L001	phylum
qaidam_basin_mmag_1773_L_0707_10_15bin25	qaidam_basin_mmag_1773	95.42	0.94	B_L001	phylum
qaidam_basin_mmag_1773_L_0707_10_15bin26	qaidam_basin_mmag_1773	67.16	4.04	B_L001	phylum
qaidam_basin_mmag_1773_L_0707_10_15bin27	qaidam_basin_mmag_1773	92.79	0.74	B_L001	phylum
qaidam_basin_mmag_1773_L_0707_10_15bin3	qaidam_basin_mmag_1773	96.76	2.61	B_L001	phylum
qaidam_basin_mmag_1773_L_0707_10_15bin30	qaidam_basin_mmag_1773	99.64	0.51	B_L048	phylum
qaidam_basin_mmag_1773_L_0707_10_15bin31	qaidam_basin_mmag_1773	83.28	4.98	B_L029	phylum
qaidam_basin_mmag_1773_L_0707_10_15bin32	qaidam_basin_mmag_1773	86.85	2.76	B_L029	phylum
qaidam_basin_mmag_1773_L_0707_10_15bin33	qaidam_basin_mmag_1773	79.04	0.09	B_L048	phylum
qaidam_basin_mmag_1773_L_0707_10_15bin34	qaidam_basin_mmag_1773	98.66	7.27	B_L001	phylum
qaidam_basin_mmag_1773_L_0707_10_15bin35	qaidam_basin_mmag_1773	59.88	2.09	B_L040	phylum
qaidam_basin_mmag_1773_L_0707_10_15bin37	qaidam_basin_mmag_1773	78.78	1.37	B_L001	phylum
qaidam_basin_mmag_1773_L_0707_10_15bin38	qaidam_basin_mmag_1773	69.06	2.52	B_L001	phylum
qaidam_basin_mmag_1773_L_0707_10_15bin39	qaidam_basin_mmag_1773	91.54	6.6	B_L006	class
qaidam_basin_mmag_1773_L_0707_10_15bin4	qaidam_basin_mmag_1773	68.92	4.19	B_L001	phylum
qaidam_basin_mmag_1773_L_0707_10_15bin41	qaidam_basin_mmag_1773	53.63	6.77	B_L001	phylum
qaidam_basin_mmag_1773_L_0707_10_15bin43	qaidam_basin_mmag_1773	88.97	4.24	B_L001	phylum
qaidam_basin_mmag_1773_L_0707_10_15bin44	qaidam_basin_mmag_1773	92.96	2.15	B_L007	order
qaidam_basin_mmag_1773_L_0707_10_15bin48	qaidam_basin_mmag_1773	94.7	3.48	B_L001	phylum
qaidam_basin_mmag_1773_L_0707_10_15bin49	qaidam_basin_mmag_1773	100.0	2.83	B_L005	phylum
qaidam_basin_mmag_1773_L_0707_10_15bin5	qaidam_basin_mmag_1773	67.27	0.89	B_L001	phylum
qaidam_basin_mmag_1773_L_0707_10_15bin50	qaidam_basin_mmag_1773	56.59	2.34	B_L002	phylum
qaidam_basin_mmag_1773_L_0707_10_15bin51	qaidam_basin_mmag_1773	89.98	2.43	B_L001	phylum
qaidam_basin_mmag_1773_L_0707_10_15bin52	qaidam_basin_mmag_1773	90.17	0.45	B_L006	class
qaidam_basin_mmag_1773_L_0707_10_15bin53	qaidam_basin_mmag_1773	53.54	0.14	B_L005	phylum
qaidam_basin_mmag_1773_L_0707_10_15bin54	qaidam_basin_mmag_1773	80.1	4.27	B_L008	order
qaidam_basin_mmag_1773_L_0707_10_15bin55	qaidam_basin_mmag_1773	50.11	6.17	B_L029	phylum
qaidam_basin_mmag_1773_L_0707_10_15bin56	qaidam_basin_mmag_1773	93.65	1.25	B_L001	phylum
qaidam_basin_mmag_1773_L_0707_10_15bin57	qaidam_basin_mmag_1773	60.97	1.24	B_L029	phylum
qaidam_basin_mmag_1773_L_0707_10_15bin58	qaidam_basin_mmag_1773	80.78	3.09	B_L001	phylum
qaidam_basin_mmag_1773_L_0707_10_15bin59	qaidam_basin_mmag_1773	54.36	3.76	B_L001	phylum
qaidam_basin_mmag_1773_L_0707_10_15bin6	qaidam_basin_mmag_1773	89.69	2.79	B_L040	phylum
qaidam_basin_mmag_1773_L_0707_10_15bin60	qaidam_basin_mmag_1773	100.0	3.03	B_L048	phylum
qaidam_basin_mmag_1773_L_0707_10_15bin61	qaidam_basin_mmag_1773	93.47	0.25	B_L001	phylum
qaidam_basin_mmag_1773_L_0707_10_15bin62	qaidam_basin_mmag_1773	52.84	7.85	B_L005	phylum
qaidam_basin_mmag_1773_L_0707_10_15bin63	qaidam_basin_mmag_1773	66.12	1.84	B_L044	phylum
qaidam_basin_mmag_1773_L_0707_10_15bin64	qaidam_basin_mmag_1773	86.04	5.46	B_L001	phylum
qaidam_basin_mmag_1773_L_0707_10_15bin67	qaidam_basin_mmag_1773	98.35	0.85	B_L001	phylum
qaidam_basin_mmag_1773_L_0707_10_15bin68	qaidam_basin_mmag_1773	85.53	7.36	B_L001	phylum
qaidam_basin_mmag_1773_L_0707_10_15bin69	qaidam_basin_mmag_1773	95.07	3.03	B_L005	phylum
qaidam_basin_mmag_1773_L_0707_10_15bin7	qaidam_basin_mmag_1773	52.74	3.48	B_L008	order
qaidam_basin_mmag_1773_L_0707_10_15bin70	qaidam_basin_mmag_1773	89.93	1.78	B_L001	phylum
qaidam_basin_mmag_1773_L_0707_10_15bin72	qaidam_basin_mmag_1773	56.3	0.58	B_L007	order
qaidam_basin_mmag_1773_L_0707_10_15bin73	qaidam_basin_mmag_1773	81.98	1.05	B_L001	phylum
qaidam_basin_mmag_1773_L_0707_10_15bin76	qaidam_basin_mmag_1773	80.44	1.65	B_L006	class
qaidam_basin_mmag_1773_L_0707_10_15bin77	qaidam_basin_mmag_1773	70.16	3.22	B_L008	order
qaidam_basin_mmag_1773_L_0707_10_15bin79	qaidam_basin_mmag_1773	54.75	2.27	B_L008	order
qaidam_basin_mmag_1773_L_0707_10_15bin8	qaidam_basin_mmag_1773	96.21	2.73	B_L001	phylum
qaidam_basin_mmag_1773_L_0707_10_15bin80	qaidam_basin_mmag_1773	53.56	3.45	B_L046	phylum
qaidam_basin_mmag_1773_L_0707_10_15bin82	qaidam_basin_mmag_1773	61.68	9.02	B_L001	phylum
qaidam_basin_mmag_1773_L_0707_10_15bin9	qaidam_basin_mmag_1773	68.86	4.6	B_L001	phylum
qaidam_basin_mmag_1773_L_0707_15_20bin1	qaidam_basin_mmag_1773	84.51	2.15	B_L029	phylum
qaidam_basin_mmag_1773_L_0707_15_20bin10	qaidam_basin_mmag_1773	59.71	6.93	B_L029	phylum
qaidam_basin_mmag_1773_L_0707_15_20bin12	qaidam_basin_mmag_1773	50.02	3.27	B_L001	phylum
qaidam_basin_mmag_1773_L_0707_15_20bin13	qaidam_basin_mmag_1773	50.17	3.62	B_L029	phylum
qaidam_basin_mmag_1773_L_0707_15_20bin14	qaidam_basin_mmag_1773	95.1	0.17	B_L001	phylum
qaidam_basin_mmag_1773_L_0707_15_20bin16	qaidam_basin_mmag_1773	73.65	5.61	B_L001	phylum
qaidam_basin_mmag_1773_L_0707_15_20bin17	qaidam_basin_mmag_1773	56.92	2.48	B_L002	phylum
qaidam_basin_mmag_1773_L_0707_15_20bin18	qaidam_basin_mmag_1773	84.83	6.95	B_L029	phylum
qaidam_basin_mmag_1773_L_0707_15_20bin19	qaidam_basin_mmag_1773	57.72	0.03	B_L005	phylum
qaidam_basin_mmag_1773_L_0707_15_20bin2	qaidam_basin_mmag_1773	96.47	6.74	B_L048	phylum
qaidam_basin_mmag_1773_L_0707_15_20bin20	qaidam_basin_mmag_1773	76.15	0.66	B_L044	phylum
qaidam_basin_mmag_1773_L_0707_15_20bin21	qaidam_basin_mmag_1773	73.6	5.21	B_L029	phylum
qaidam_basin_mmag_1773_L_0707_15_20bin22	qaidam_basin_mmag_1773	60.28	4.92	B_L008	order
qaidam_basin_mmag_1773_L_0707_15_20bin23	qaidam_basin_mmag_1773	57.46	4.36	B_L001	phylum
qaidam_basin_mmag_1773_L_0707_15_20bin24	qaidam_basin_mmag_1773	96.65	1.94	B_L001	phylum
qaidam_basin_mmag_1773_L_0707_15_20bin25	qaidam_basin_mmag_1773	79.01	1.38	B_L002	phylum
qaidam_basin_mmag_1773_L_0707_15_20bin26	qaidam_basin_mmag_1773	52.15	1.86	B_L001	phylum
qaidam_basin_mmag_1773_L_0707_15_20bin28	qaidam_basin_mmag_1773	95.73	1.96	B_L029	phylum
qaidam_basin_mmag_1773_L_0707_15_20bin3	qaidam_basin_mmag_1773	53.16	1.28	B_L001	phylum
qaidam_basin_mmag_1773_L_0707_15_20bin30	qaidam_basin_mmag_1773	58.43	10.0	B_L040	phylum
qaidam_basin_mmag_1773_L_0707_15_20bin31	qaidam_basin_mmag_1773	57.45	1.9	B_L007	order
qaidam_basin_mmag_1773_L_0707_15_20bin34	qaidam_basin_mmag_1773	69.75	5.87	B_L002	phylum
qaidam_basin_mmag_1773_L_0707_15_20bin35	qaidam_basin_mmag_1773	55.13	4.74	B_L029	phylum
qaidam_basin_mmag_1773_L_0707_15_20bin36	qaidam_basin_mmag_1773	88.22	2.54	B_L001	phylum
qaidam_basin_mmag_1773_L_0707_15_20bin38	qaidam_basin_mmag_1773	99.73	2.19	B_L048	phylum
qaidam_basin_mmag_1773_L_0707_15_20bin4	qaidam_basin_mmag_1773	53.95	5.8	B_L001	phylum
qaidam_basin_mmag_1773_L_0707_15_20bin40	qaidam_basin_mmag_1773	57.34	0.62	B_L002	phylum
qaidam_basin_mmag_1773_L_0707_15_20bin42	qaidam_basin_mmag_1773	51.42	3.87	B_L029	phylum
qaidam_basin_mmag_1773_L_0707_15_20bin44	qaidam_basin_mmag_1773	78.94	0.55	B_L053	class
qaidam_basin_mmag_1773_L_0707_15_20bin47	qaidam_basin_mmag_1773	76.91	0.44	B_L001	phylum
qaidam_basin_mmag_1773_L_0707_15_20bin49	qaidam_basin_mmag_1773	54.8	0.8	B_L001	phylum
qaidam_basin_mmag_1773_L_0707_15_20bin50	qaidam_basin_mmag_1773	100.0	1.86	B_L001	phylum
qaidam_basin_mmag_1773_L_0707_15_20bin51	qaidam_basin_mmag_1773	66.41	6.69	B_L001	phylum
qaidam_basin_mmag_1773_L_0707_15_20bin52	qaidam_basin_mmag_1773	85.75	0.38	B_L040	phylum
qaidam_basin_mmag_1773_L_0707_15_20bin53	qaidam_basin_mmag_1773	58.86	6.49	B_L001	phylum
qaidam_basin_mmag_1773_L_0707_15_20bin54	qaidam_basin_mmag_1773	85.3	2.7	B_L002	phylum
qaidam_basin_mmag_1773_L_0707_15_20bin56	qaidam_basin_mmag_1773	99.55	2.46	B_L031	phylum
qaidam_basin_mmag_1773_L_0707_15_20bin57	qaidam_basin_mmag_1773	93.66	1.17	B_L001	phylum
qaidam_basin_mmag_1773_L_0707_15_20bin58	qaidam_basin_mmag_1773	86.2	1.95	B_L001	phylum
qaidam_basin_mmag_1773_L_0707_15_20bin6	qaidam_basin_mmag_1773	91.48	1.72	B_L001	phylum
qaidam_basin_mmag_1773_L_0707_15_20bin60	qaidam_basin_mmag_1773	74.58	6.22	B_L048	phylum
qaidam_basin_mmag_1773_L_0707_15_20bin61	qaidam_basin_mmag_1773	84.99	6.75	B_L002	phylum
qaidam_basin_mmag_1773_L_0707_15_20bin62	qaidam_basin_mmag_1773	95.36	1.02	B_L048	phylum
qaidam_basin_mmag_1773_L_0707_15_20bin63	qaidam_basin_mmag_1773	98.29	7.56	B_L001	phylum
qaidam_basin_mmag_1773_L_0707_15_20bin64	qaidam_basin_mmag_1773	99.19	1.85	B_L048	phylum
qaidam_basin_mmag_1773_L_0707_15_20bin7	qaidam_basin_mmag_1773	93.13	2.29	B_L029	phylum
qaidam_basin_mmag_1773_L_0707_15_20bin8	qaidam_basin_mmag_1773	95.78	5.4	B_L040	phylum
qaidam_basin_mmag_1773_L_0707_15_20bin9	qaidam_basin_mmag_1773	78.74	4.27	B_L002	phylum
qaidam_basin_mmag_1773_L_0707_2_5bin1	qaidam_basin_mmag_1773	55.05	2.56	B_L002	phylum
qaidam_basin_mmag_1773_L_0707_2_5bin11	qaidam_basin_mmag_1773	90.35	3.26	B_L001	phylum
qaidam_basin_mmag_1773_L_0707_2_5bin12	qaidam_basin_mmag_1773	85.72	1.65	B_L029	phylum
qaidam_basin_mmag_1773_L_0707_2_5bin13	qaidam_basin_mmag_1773	90.42	4.48	B_L001	phylum
qaidam_basin_mmag_1773_L_0707_2_5bin17	qaidam_basin_mmag_1773	68.71	9.58	B_L001	phylum
qaidam_basin_mmag_1773_L_0707_2_5bin18	qaidam_basin_mmag_1773	83.56	1.96	B_L001	phylum
qaidam_basin_mmag_1773_L_0707_2_5bin19	qaidam_basin_mmag_1773	65.0	7.36	B_L002	phylum
qaidam_basin_mmag_1773_L_0707_2_5bin2	qaidam_basin_mmag_1773	82.95	6.04	B_L007	order
qaidam_basin_mmag_1773_L_0707_2_5bin20	qaidam_basin_mmag_1773	82.51	7.16	B_L002	phylum
qaidam_basin_mmag_1773_L_0707_2_5bin21	qaidam_basin_mmag_1773	60.36	0.47	B_L008	order
qaidam_basin_mmag_1773_L_0707_2_5bin24	qaidam_basin_mmag_1773	77.44	5.25	B_L002	phylum
qaidam_basin_mmag_1773_L_0707_2_5bin26	qaidam_basin_mmag_1773	74.21	0.54	B_L001	phylum
qaidam_basin_mmag_1773_L_0707_2_5bin27	qaidam_basin_mmag_1773	99.5	1.54	B_L040	phylum
qaidam_basin_mmag_1773_L_0707_2_5bin29	qaidam_basin_mmag_1773	60.49	6.34	B_L001	phylum
qaidam_basin_mmag_1773_L_0707_2_5bin3	qaidam_basin_mmag_1773	90.65	0.63	B_L001	phylum
qaidam_basin_mmag_1773_L_0707_2_5bin30	qaidam_basin_mmag_1773	82.84	1.82	B_L001	phylum
qaidam_basin_mmag_1773_L_0707_2_5bin31	qaidam_basin_mmag_1773	100.0	2.57	B_L048	phylum
qaidam_basin_mmag_1773_L_0707_2_5bin32	qaidam_basin_mmag_1773	63.53	4.99	B_L001	phylum
qaidam_basin_mmag_1773_L_0707_2_5bin33	qaidam_basin_mmag_1773	58.71	2.76	B_L002	phylum
qaidam_basin_mmag_1773_L_0707_2_5bin35	qaidam_basin_mmag_1773	59.43	3.63	B_L001	phylum
qaidam_basin_mmag_1773_L_0707_2_5bin36	qaidam_basin_mmag_1773	88.65	7.56	B_L048	phylum
qaidam_basin_mmag_1773_L_0707_2_5bin37	qaidam_basin_mmag_1773	79.27	1.06	B_L029	phylum
qaidam_basin_mmag_1773_L_0707_2_5bin39	qaidam_basin_mmag_1773	91.45	3.42	B_L001	phylum
qaidam_basin_mmag_1773_L_0707_2_5bin4	qaidam_basin_mmag_1773	90.86	0.75	B_L001	phylum
qaidam_basin_mmag_1773_L_0707_2_5bin40	qaidam_basin_mmag_1773	76.91	2.79	B_L001	phylum
qaidam_basin_mmag_1773_L_0707_2_5bin42	qaidam_basin_mmag_1773	63.04	9.12	B_L048	phylum
qaidam_basin_mmag_1773_L_0707_2_5bin46	qaidam_basin_mmag_1773	73.86	3.9	B_L029	phylum
qaidam_basin_mmag_1773_L_0707_2_5bin47	qaidam_basin_mmag_1773	100.0	0.77	B_L005	phylum
qaidam_basin_mmag_1773_L_0707_2_5bin48	qaidam_basin_mmag_1773	97.22	3.82	B_L001	phylum
qaidam_basin_mmag_1773_L_0707_2_5bin49	qaidam_basin_mmag_1773	83.83	2.45	B_L040	phylum
qaidam_basin_mmag_1773_L_0707_2_5bin5	qaidam_basin_mmag_1773	60.36	3.93	B_L040	phylum
qaidam_basin_mmag_1773_L_0707_2_5bin50	qaidam_basin_mmag_1773	77.23	3.95	B_L001	phylum
qaidam_basin_mmag_1773_L_0707_2_5bin52	qaidam_basin_mmag_1773	76.71	4.66	B_L001	phylum
qaidam_basin_mmag_1773_L_0707_2_5bin55	qaidam_basin_mmag_1773	80.59	1.16	B_L001	phylum
qaidam_basin_mmag_1773_L_0707_2_5bin56	qaidam_basin_mmag_1773	87.94	3.54	B_L040	phylum
qaidam_basin_mmag_1773_L_0707_2_5bin59	qaidam_basin_mmag_1773	66.25	0.07	B_L005	phylum
qaidam_basin_mmag_1773_L_0707_2_5bin6	qaidam_basin_mmag_1773	90.15	2.95	B_L044	phylum
qaidam_basin_mmag_1773_L_0707_2_5bin60	qaidam_basin_mmag_1773	72.17	4.42	B_L001	phylum
qaidam_basin_mmag_1773_L_0707_2_5bin61	qaidam_basin_mmag_1773	61.96	9.13	B_L001	phylum
qaidam_basin_mmag_1773_L_0707_2_5bin62	qaidam_basin_mmag_1773	56.93	1.11	B_L002	phylum
qaidam_basin_mmag_1773_L_0707_2_5bin63	qaidam_basin_mmag_1773	71.03	6.88	B_L001	phylum
qaidam_basin_mmag_1773_L_0707_2_5bin7	qaidam_basin_mmag_1773	75.74	4.81	B_L001	phylum
qaidam_basin_mmag_1773_L_0707_2_5bin8	qaidam_basin_mmag_1773	80.52	0.36	B_L005	phylum
qaidam_basin_mmag_1773_L_0707_2_5bin9	qaidam_basin_mmag_1773	87.83	1.63	B_L001	phylum
qaidam_basin_mmag_1773_L_0707_40_50bin1	qaidam_basin_mmag_1773	92.59	1.14	B_L001	phylum
qaidam_basin_mmag_1773_L_0707_40_50bin10	qaidam_basin_mmag_1773	87.65	4.26	B_L040	phylum
qaidam_basin_mmag_1773_L_0707_40_50bin11	qaidam_basin_mmag_1773	63.15	1.16	B_L003	phylum
qaidam_basin_mmag_1773_L_0707_40_50bin12	qaidam_basin_mmag_1773	82.61	3.57	B_L006	class
qaidam_basin_mmag_1773_L_0707_40_50bin13	qaidam_basin_mmag_1773	98.41	1.95	B_L033	class
qaidam_basin_mmag_1773_L_0707_40_50bin14	qaidam_basin_mmag_1773	67.21	4.63	B_L001	phylum
qaidam_basin_mmag_1773_L_0707_40_50bin16	qaidam_basin_mmag_1773	82.15	4.38	B_L001	phylum
qaidam_basin_mmag_1773_L_0707_40_50bin17	qaidam_basin_mmag_1773	100.0	1.19	B_L005	phylum
qaidam_basin_mmag_1773_L_0707_40_50bin19	qaidam_basin_mmag_1773	96.61	2.09	B_L001	phylum
qaidam_basin_mmag_1773_L_0707_40_50bin2	qaidam_basin_mmag_1773	83.82	1.71	B_L001	phylum
qaidam_basin_mmag_1773_L_0707_40_50bin20	qaidam_basin_mmag_1773	67.22	1.22	B_L007	order
qaidam_basin_mmag_1773_L_0707_40_50bin21	qaidam_basin_mmag_1773	52.53	4.21	B_L002	phylum
qaidam_basin_mmag_1773_L_0707_40_50bin22	qaidam_basin_mmag_1773	95.38	3.55	B_L001	phylum
qaidam_basin_mmag_1773_L_0707_40_50bin23	qaidam_basin_mmag_1773	99.33	0.69	B_L006	class
qaidam_basin_mmag_1773_L_0707_40_50bin24	qaidam_basin_mmag_1773	59.13	8.18	B_L001	phylum
qaidam_basin_mmag_1773_L_0707_40_50bin25	qaidam_basin_mmag_1773	90.66	2.45	B_L003	phylum
qaidam_basin_mmag_1773_L_0707_40_50bin27	qaidam_basin_mmag_1773	100.0	1.58	B_L044	phylum
qaidam_basin_mmag_1773_L_0707_40_50bin28	qaidam_basin_mmag_1773	90.39	0.31	B_L001	phylum
qaidam_basin_mmag_1773_L_0707_40_50bin29	qaidam_basin_mmag_1773	91.42	5.77	B_L008	order
qaidam_basin_mmag_1773_L_0707_40_50bin3	qaidam_basin_mmag_1773	95.09	5.25	B_L040	phylum
qaidam_basin_mmag_1773_L_0707_40_50bin30	qaidam_basin_mmag_1773	88.61	8.41	B_L040	phylum
qaidam_basin_mmag_1773_L_0707_40_50bin31	qaidam_basin_mmag_1773	96.4	4.5	B_L001	phylum
qaidam_basin_mmag_1773_L_0707_40_50bin33	qaidam_basin_mmag_1773	61.35	2.19	B_L001	phylum
qaidam_basin_mmag_1773_L_0707_40_50bin34	qaidam_basin_mmag_1773	96.47	3.0	B_L040	phylum
qaidam_basin_mmag_1773_L_0707_40_50bin36	qaidam_basin_mmag_1773	60.47	1.39	B_L040	phylum
qaidam_basin_mmag_1773_L_0707_40_50bin37	qaidam_basin_mmag_1773	96.4	1.07	B_L001	phylum
qaidam_basin_mmag_1773_L_0707_40_50bin38	qaidam_basin_mmag_1773	74.19	4.99	B_L001	phylum
qaidam_basin_mmag_1773_L_0707_40_50bin39	qaidam_basin_mmag_1773	82.58	8.61	B_L029	phylum
qaidam_basin_mmag_1773_L_0707_40_50bin4	qaidam_basin_mmag_1773	54.85	5.5	B_L040	phylum
qaidam_basin_mmag_1773_L_0707_40_50bin40	qaidam_basin_mmag_1773	76.05	8.41	B_L007	order
qaidam_basin_mmag_1773_L_0707_40_50bin41	qaidam_basin_mmag_1773	71.46	2.84	B_L001	phylum
qaidam_basin_mmag_1773_L_0707_40_50bin42	qaidam_basin_mmag_1773	94.59	4.14	B_L003	phylum
qaidam_basin_mmag_1773_L_0707_40_50bin43	qaidam_basin_mmag_1773	67.64	3.16	B_L002	phylum
qaidam_basin_mmag_1773_L_0707_40_50bin44	qaidam_basin_mmag_1773	78.18	5.59	B_L001	phylum
qaidam_basin_mmag_1773_L_0707_40_50bin45	qaidam_basin_mmag_1773	100.0	0.3	B_L001	phylum
qaidam_basin_mmag_1773_L_0707_40_50bin46	qaidam_basin_mmag_1773	69.63	1.85	B_L001	phylum
qaidam_basin_mmag_1773_L_0707_40_50bin47	qaidam_basin_mmag_1773	95.93	1.98	B_L029	phylum
qaidam_basin_mmag_1773_L_0707_40_50bin48	qaidam_basin_mmag_1773	95.84	5.75	B_L005	phylum
qaidam_basin_mmag_1773_L_0707_40_50bin49	qaidam_basin_mmag_1773	98.46	2.32	B_L029	phylum
qaidam_basin_mmag_1773_L_0707_40_50bin5	qaidam_basin_mmag_1773	70.21	2.59	B_L001	phylum
qaidam_basin_mmag_1773_L_0707_40_50bin50	qaidam_basin_mmag_1773	99.18	1.01	B_L007	order
qaidam_basin_mmag_1773_L_0707_40_50bin52	qaidam_basin_mmag_1773	94.08	2.65	B_L001	phylum
qaidam_basin_mmag_1773_L_0707_40_50bin53	qaidam_basin_mmag_1773	53.5	4.42	B_L001	phylum
qaidam_basin_mmag_1773_L_0707_40_50bin55	qaidam_basin_mmag_1773	100.0	1.68	B_L001	phylum
qaidam_basin_mmag_1773_L_0707_40_50bin58	qaidam_basin_mmag_1773	69.17	4.62	B_L008	order
qaidam_basin_mmag_1773_L_0707_40_50bin59	qaidam_basin_mmag_1773	74.46	1.22	B_L040	phylum
qaidam_basin_mmag_1773_L_0707_40_50bin6	qaidam_basin_mmag_1773	100.0	1.0	B_L005	phylum
qaidam_basin_mmag_1773_L_0707_40_50bin60	qaidam_basin_mmag_1773	98.82	0.15	B_L053	class
qaidam_basin_mmag_1773_L_0707_40_50bin61	qaidam_basin_mmag_1773	65.11	1.32	B_L007	order
qaidam_basin_mmag_1773_L_0707_40_50bin62	qaidam_basin_mmag_1773	93.73	2.41	B_L008	order
qaidam_basin_mmag_1773_L_0707_40_50bin63	qaidam_basin_mmag_1773	87.14	2.81	B_L008	order
qaidam_basin_mmag_1773_L_0707_40_50bin64	qaidam_basin_mmag_1773	96.69	2.62	B_L006	class
qaidam_basin_mmag_1773_L_0707_40_50bin66	qaidam_basin_mmag_1773	91.53	0.33	B_L005	phylum
qaidam_basin_mmag_1773_L_0707_40_50bin67	qaidam_basin_mmag_1773	81.9	3.71	B_L001	phylum
qaidam_basin_mmag_1773_L_0707_40_50bin69	qaidam_basin_mmag_1773	82.17	8.83	B_L001	phylum
qaidam_basin_mmag_1773_L_0707_40_50bin7	qaidam_basin_mmag_1773	60.65	1.82	B_L005	phylum
qaidam_basin_mmag_1773_L_0707_40_50bin71	qaidam_basin_mmag_1773	99.22	2.81	B_L001	phylum
qaidam_basin_mmag_1773_L_0707_40_50bin72	qaidam_basin_mmag_1773	61.83	3.45	B_L029	phylum
qaidam_basin_mmag_1773_L_0707_40_50bin73	qaidam_basin_mmag_1773	65.59	1.63	B_L053	class
qaidam_basin_mmag_1773_L_0707_40_50bin74	qaidam_basin_mmag_1773	67.68	3.43	B_L053	class
qaidam_basin_mmag_1773_L_0707_40_50bin75	qaidam_basin_mmag_1773	67.68	4.36	B_L001	phylum
qaidam_basin_mmag_1773_L_0707_40_50bin8	qaidam_basin_mmag_1773	96.74	2.9	B_L005	phylum
qaidam_basin_mmag_1773_L_0707_40_50bin9	qaidam_basin_mmag_1773	100.0	0.66	B_L003	phylum
qaidam_basin_mmag_1773_L_0712_20_25bin11	qaidam_basin_mmag_1773	57.31	0.28	B_L001	phylum
qaidam_basin_mmag_1773_L_0712_20_25bin13	qaidam_basin_mmag_1773	88.52	3.39	B_L034	class
qaidam_basin_mmag_1773_L_0712_20_25bin14	qaidam_basin_mmag_1773	69.19	2.69	B_L002	phylum
qaidam_basin_mmag_1773_L_0712_20_25bin15	qaidam_basin_mmag_1773	96.66	4.3	B_L006	class
qaidam_basin_mmag_1773_L_0712_20_25bin16	qaidam_basin_mmag_1773	85.08	0.85	B_L005	phylum
qaidam_basin_mmag_1773_L_0712_20_25bin17	qaidam_basin_mmag_1773	80.88	3.01	B_L001	phylum
qaidam_basin_mmag_1773_L_0712_20_25bin2	qaidam_basin_mmag_1773	61.28	4.92	B_L001	phylum
qaidam_basin_mmag_1773_L_0712_20_25bin20	qaidam_basin_mmag_1773	79.95	4.39	B_L001	phylum
qaidam_basin_mmag_1773_L_0712_20_25bin21	qaidam_basin_mmag_1773	89.13	2.12	B_L001	phylum
qaidam_basin_mmag_1773_L_0712_20_25bin22	qaidam_basin_mmag_1773	84.9	1.06	B_L052	phylum
qaidam_basin_mmag_1773_L_0712_20_25bin23	qaidam_basin_mmag_1773	60.42	2.56	B_L002	phylum
qaidam_basin_mmag_1773_L_0712_20_25bin24	qaidam_basin_mmag_1773	62.74	0.45	B_L029	phylum
qaidam_basin_mmag_1773_L_0712_20_25bin25	qaidam_basin_mmag_1773	85.59	4.13	B_L040	phylum
qaidam_basin_mmag_1773_L_0712_20_25bin28	qaidam_basin_mmag_1773	88.96	1.36	B_L006	class
qaidam_basin_mmag_1773_L_0712_20_25bin3	qaidam_basin_mmag_1773	74.09	1.44	B_L006	class
qaidam_basin_mmag_1773_L_0712_20_25bin31	qaidam_basin_mmag_1773	71.42	2.59	B_L006	class
qaidam_basin_mmag_1773_L_0712_20_25bin32	qaidam_basin_mmag_1773	73.4	3.94	B_L029	phylum
qaidam_basin_mmag_1773_L_0712_20_25bin34	qaidam_basin_mmag_1773	87.53	5.85	B_L001	phylum
qaidam_basin_mmag_1773_L_0712_20_25bin35	qaidam_basin_mmag_1773	95.48	2.59	B_L001	phylum
qaidam_basin_mmag_1773_L_0712_20_25bin38	qaidam_basin_mmag_1773	96.0	4.0	B_L031	phylum
qaidam_basin_mmag_1773_L_0712_20_25bin39	qaidam_basin_mmag_1773	93.21	2.65	B_L048	phylum
qaidam_basin_mmag_1773_L_0712_20_25bin40	qaidam_basin_mmag_1773	80.67	6.95	B_L001	phylum
qaidam_basin_mmag_1773_L_0712_20_25bin44	qaidam_basin_mmag_1773	96.07	4.75	B_L006	class
qaidam_basin_mmag_1773_L_0712_20_25bin45	qaidam_basin_mmag_1773	60.59	1.1	B_L001	phylum
qaidam_basin_mmag_1773_L_0712_20_25bin48	qaidam_basin_mmag_1773	89.27	2.42	B_L029	phylum
qaidam_basin_mmag_1773_L_0712_20_25bin5	qaidam_basin_mmag_1773	95.35	0.58	B_L005	phylum
qaidam_basin_mmag_1773_L_0712_20_25bin50	qaidam_basin_mmag_1773	86.62	3.52	B_L005	phylum
qaidam_basin_mmag_1773_L_0712_20_25bin52	qaidam_basin_mmag_1773	97.21	3.03	B_L005	phylum
qaidam_basin_mmag_1773_L_0712_20_25bin53	qaidam_basin_mmag_1773	96.87	1.79	B_L044	phylum
qaidam_basin_mmag_1773_L_0712_20_25bin54	qaidam_basin_mmag_1773	93.17	2.09	B_L029	phylum
qaidam_basin_mmag_1773_L_0712_20_25bin55	qaidam_basin_mmag_1773	56.74	1.55	B_L006	class
qaidam_basin_mmag_1773_L_0712_20_25bin56	qaidam_basin_mmag_1773	72.85	2.6	B_L001	phylum
qaidam_basin_mmag_1773_L_0712_20_25bin57	qaidam_basin_mmag_1773	81.68	6.51	B_L001	phylum
qaidam_basin_mmag_1773_L_0712_20_25bin58	qaidam_basin_mmag_1773	70.2	0.52	B_L033	class
qaidam_basin_mmag_1773_L_0712_20_25bin59	qaidam_basin_mmag_1773	74.51	2.59	B_L040	phylum
qaidam_basin_mmag_1773_L_0712_20_25bin61	qaidam_basin_mmag_1773	93.29	5.64	B_L006	class
qaidam_basin_mmag_1773_L_0712_20_25bin62	qaidam_basin_mmag_1773	100.0	2.43	B_L006	class
qaidam_basin_mmag_1773_L_0712_20_25bin64	qaidam_basin_mmag_1773	80.87	2.08	B_L052	phylum
qaidam_basin_mmag_1773_L_0712_20_25bin65	qaidam_basin_mmag_1773	61.09	1.73	B_L005	phylum
qaidam_basin_mmag_1773_L_0712_20_25bin66	qaidam_basin_mmag_1773	96.7	0.79	B_L006	class
qaidam_basin_mmag_1773_L_0712_20_25bin68	qaidam_basin_mmag_1773	55.2	1.98	B_L044	phylum
qaidam_basin_mmag_1773_L_0712_20_25bin69	qaidam_basin_mmag_1773	55.53	1.48	B_L006	class
qaidam_basin_mmag_1773_L_0712_20_25bin7	qaidam_basin_mmag_1773	69.23	1.16	B_L001	phylum
qaidam_basin_mmag_1773_L_0712_20_25bin9	qaidam_basin_mmag_1773	76.5	1.49	B_L006	class
qaidam_basin_mmag_1773_L_21_AKQ_4bin10	qaidam_basin_mmag_1773	100.0	0.07	B_L006	class
qaidam_basin_mmag_1773_L_21_AKQ_4bin12	qaidam_basin_mmag_1773	92.31	0.67	B_L029	phylum
qaidam_basin_mmag_1773_L_21_AKQ_4bin17	qaidam_basin_mmag_1773	89.81	2.2	B_L006	class
qaidam_basin_mmag_1773_L_21_AKQ_4bin20	qaidam_basin_mmag_1773	97.9	0.16	B_L006	class
qaidam_basin_mmag_1773_L_21_AKQ_4bin21	qaidam_basin_mmag_1773	90.83	0.23	B_L005	phylum
qaidam_basin_mmag_1773_L_21_AKQ_4bin26	qaidam_basin_mmag_1773	92.98	2.15	B_L005	phylum
qaidam_basin_mmag_1773_L_21_AKQ_4bin28	qaidam_basin_mmag_1773	98.99	0.37	B_L012	order
qaidam_basin_mmag_1773_L_21_AKQ_4bin29	qaidam_basin_mmag_1773	51.08	0.95	B_L069	phylum
qaidam_basin_mmag_1773_L_21_AKQ_4bin30	qaidam_basin_mmag_1773	100.0	0.1	B_L005	phylum
qaidam_basin_mmag_1773_L_21_AKQ_4bin33	qaidam_basin_mmag_1773	97.6	0.51	B_L006	class
qaidam_basin_mmag_1773_L_21_AKQ_4bin35	qaidam_basin_mmag_1773	98.02	0.11	B_L005	phylum
qaidam_basin_mmag_1773_L_21_AKQ_4bin4	qaidam_basin_mmag_1773	97.49	0.05	B_L029	phylum
qaidam_basin_mmag_1773_L_21_AKQ_4bin45	qaidam_basin_mmag_1773	99.98	0.22	B_L006	class
qaidam_basin_mmag_1773_L_21_AKQ_4bin47	qaidam_basin_mmag_1773	93.92	0.12	B_L007	order
qaidam_basin_mmag_1773_L_21_AKQ_4bin51	qaidam_basin_mmag_1773	97.15	1.14	B_L029	phylum
qaidam_basin_mmag_1773_L_21_AKQ_4bin52	qaidam_basin_mmag_1773	89.43	1.02	B_L029	phylum
qaidam_basin_mmag_1773_L_21_AKQ_4bin56	qaidam_basin_mmag_1773	89.4	1.63	B_L006	class
qaidam_basin_mmag_1773_L_21_AKQ_4bin58	qaidam_basin_mmag_1773	100.0	0.13	B_L006	class
qaidam_basin_mmag_1773_L_21_AKQ_4bin59	qaidam_basin_mmag_1773	66.75	0.46	B_L006	class
qaidam_basin_mmag_1773_L_21_AKQ_4bin60	qaidam_basin_mmag_1773	89.31	0.11	B_L006	class
qaidam_basin_mmag_1773_L_21_AKQ_4bin65	qaidam_basin_mmag_1773	69.58	0.8	B_L044	phylum
qaidam_basin_mmag_1773_L_21_AKQ_4bin66	qaidam_basin_mmag_1773	88.22	3.8	B_L006	class
qaidam_basin_mmag_1773_L_21_AKQ_4bin67	qaidam_basin_mmag_1773	99.99	0.15	B_L005	phylum
qaidam_basin_mmag_1773_L_21_AKQ_4bin69	qaidam_basin_mmag_1773	60.85	2.2	B_L006	class
qaidam_basin_mmag_1773_L_21_NSL0_5bin1	qaidam_basin_mmag_1773	64.77	6.28	B_L001	phylum
qaidam_basin_mmag_1773_L_21_NSL0_5bin11	qaidam_basin_mmag_1773	56.28	4.8	B_L001	phylum
qaidam_basin_mmag_1773_L_21_NSL0_5bin12	qaidam_basin_mmag_1773	60.01	1.05	B_L048	phylum
qaidam_basin_mmag_1773_L_21_NSL0_5bin13	qaidam_basin_mmag_1773	54.61	7.37	B_L008	order
qaidam_basin_mmag_1773_L_21_NSL0_5bin16	qaidam_basin_mmag_1773	78.87	4.13	B_L007	order
qaidam_basin_mmag_1773_L_21_NSL0_5bin18	qaidam_basin_mmag_1773	68.98	1.52	B_L001	phylum
qaidam_basin_mmag_1773_L_21_NSL0_5bin19	qaidam_basin_mmag_1773	82.13	5.52	B_L001	phylum
qaidam_basin_mmag_1773_L_21_NSL0_5bin3	qaidam_basin_mmag_1773	71.3	3.41	B_L001	phylum
qaidam_basin_mmag_1773_L_21_NSL0_5bin5	qaidam_basin_mmag_1773	88.15	2.74	B_L001	phylum
qaidam_basin_mmag_1773_L_21_NSL0_5bin7	qaidam_basin_mmag_1773	83.14	4.11	B_L001	phylum
qaidam_basin_mmag_1773_L_21_NSL0_5bin8	qaidam_basin_mmag_1773	77.33	5.01	B_L040	phylum
qaidam_basin_mmag_1773_L_21_NSL0_5bin9	qaidam_basin_mmag_1773	60.57	9.22	B_L002	phylum
qaidam_basin_mmag_1773_L_21_NSL5_10bin11	qaidam_basin_mmag_1773	94.92	9.35	B_L030	phylum
qaidam_basin_mmag_1773_L_21_NSL5_10bin14	qaidam_basin_mmag_1773	69.74	2.47	B_L048	phylum
qaidam_basin_mmag_1773_L_21_NSL5_10bin15	qaidam_basin_mmag_1773	63.51	8.19	B_L001	phylum
qaidam_basin_mmag_1773_L_21_NSL5_10bin19	qaidam_basin_mmag_1773	56.94	0.45	B_L001	phylum
qaidam_basin_mmag_1773_L_21_NSL5_10bin2	qaidam_basin_mmag_1773	92.95	2.09	B_L048	phylum
qaidam_basin_mmag_1773_L_21_NSL5_10bin3	qaidam_basin_mmag_1773	50.96	5.03	B_L001	phylum
qaidam_basin_mmag_1773_L_21_NSL5_10bin5	qaidam_basin_mmag_1773	50.15	6.36	B_L001	phylum
qaidam_basin_mmag_1773_L_21_NSL5_10bin6	qaidam_basin_mmag_1773	83.98	4.43	B_L001	phylum
qaidam_basin_mmag_1773_NSL0_5_2bin15	qaidam_basin_mmag_1773	61.31	3.53	B_L002	phylum
qaidam_basin_mmag_1773_NSL0_5_2bin2	qaidam_basin_mmag_1773	60.67	3.07	B_L001	phylum
qaidam_basin_mmag_1773_NSL0_5_2bin25	qaidam_basin_mmag_1773	82.15	1.63	B_L006	class
qaidam_basin_mmag_1773_NSL0_5_2bin27	qaidam_basin_mmag_1773	62.25	8.26	B_L040	phylum
qaidam_basin_mmag_1773_NSL0_5_2bin29	qaidam_basin_mmag_1773	57.51	7.75	B_L005	phylum
qaidam_basin_mmag_1773_NSL0_5_2bin3	qaidam_basin_mmag_1773	70.45	3.09	B_L052	phylum
qaidam_basin_mmag_1773_NSL0_5_2bin30	qaidam_basin_mmag_1773	78.37	0.61	B_L006	class
qaidam_basin_mmag_1773_NSL0_5_2bin36	qaidam_basin_mmag_1773	55.41	6.62	B_L001	phylum
qaidam_basin_mmag_1773_NSL0_5_2bin37	qaidam_basin_mmag_1773	82.64	1.75	B_L030	phylum
qaidam_basin_mmag_1773_NSL0_5_2bin39	qaidam_basin_mmag_1773	79.75	5.36	B_L005	phylum
qaidam_basin_mmag_1773_NSL0_5_2bin4	qaidam_basin_mmag_1773	85.03	4.12	B_L001	phylum
qaidam_basin_mmag_1773_NSL0_5_2bin41	qaidam_basin_mmag_1773	72.54	8.51	B_L001	phylum
qaidam_basin_mmag_1773_NSL0_5_2bin43	qaidam_basin_mmag_1773	75.25	3.47	B_L040	phylum
qaidam_basin_mmag_1773_NSL0_5_2bin46	qaidam_basin_mmag_1773	80.64	1.7	B_L005	phylum
qaidam_basin_mmag_1773_NSL0_5_2bin49	qaidam_basin_mmag_1773	66.42	6.52	B_L003	phylum
qaidam_basin_mmag_1773_NSL0_5_2bin50	qaidam_basin_mmag_1773	95.21	0.23	B_L005	phylum
qaidam_basin_mmag_1773_NSL0_5_2bin51	qaidam_basin_mmag_1773	92.13	2.98	B_L030	phylum
qaidam_basin_mmag_1773_NSL0_5_2bin52	qaidam_basin_mmag_1773	54.55	3.84	B_L005	phylum
qaidam_basin_mmag_1773_NSL1015bin1	qaidam_basin_mmag_1773	62.4	5.57	B_L002	phylum
qaidam_basin_mmag_1773_NSL1015bin12	qaidam_basin_mmag_1773	73.86	4.02	B_L001	phylum
qaidam_basin_mmag_1773_NSL1015bin16	qaidam_basin_mmag_1773	85.03	2.79	B_L001	phylum
qaidam_basin_mmag_1773_NSL1015bin2	qaidam_basin_mmag_1773	54.13	4.54	B_L001	phylum
qaidam_basin_mmag_1773_NSL1015bin20	qaidam_basin_mmag_1773	68.88	1.66	B_L001	phylum
qaidam_basin_mmag_1773_NSL1015bin24	qaidam_basin_mmag_1773	51.05	3.35	B_L002	phylum
qaidam_basin_mmag_1773_NSL1015bin29	qaidam_basin_mmag_1773	79.55	2.75	B_L029	phylum
qaidam_basin_mmag_1773_NSL1015bin3	qaidam_basin_mmag_1773	67.7	3.68	B_L001	phylum
qaidam_basin_mmag_1773_NSL1015bin31	qaidam_basin_mmag_1773	96.84	5.63	B_L040	phylum
qaidam_basin_mmag_1773_NSL1015bin32	qaidam_basin_mmag_1773	86.83	0.96	B_L001	phylum
qaidam_basin_mmag_1773_NSL1015bin33	qaidam_basin_mmag_1773	80.07	5.99	B_L001	phylum
qaidam_basin_mmag_1773_NSL1015bin35	qaidam_basin_mmag_1773	53.79	1.77	B_L001	phylum
qaidam_basin_mmag_1773_NSL1015bin36	qaidam_basin_mmag_1773	75.63	1.03	B_L002	phylum
qaidam_basin_mmag_1773_NSL1015bin37	qaidam_basin_mmag_1773	69.17	2.5	B_L002	phylum
qaidam_basin_mmag_1773_NSL1015bin41	qaidam_basin_mmag_1773	64.57	6.05	B_L040	phylum
qaidam_basin_mmag_1773_NSL1015bin5	qaidam_basin_mmag_1773	75.01	4.81	B_L048	phylum
qaidam_basin_mmag_1773_NSL1015bin6	qaidam_basin_mmag_1773	50.45	0.15	B_L040	phylum
qaidam_basin_mmag_1773_NSL1520bin10	qaidam_basin_mmag_1773	70.12	0.51	B_L001	phylum
qaidam_basin_mmag_1773_NSL1520bin14	qaidam_basin_mmag_1773	63.87	7.76	B_L001	phylum
qaidam_basin_mmag_1773_NSL1520bin19	qaidam_basin_mmag_1773	52.87	5.29	B_L001	phylum
qaidam_basin_mmag_1773_NSL1520bin22	qaidam_basin_mmag_1773	54.76	9.92	B_L005	phylum
qaidam_basin_mmag_1773_NSL1520bin25	qaidam_basin_mmag_1773	55.56	3.95	B_L002	phylum
qaidam_basin_mmag_1773_NSL1520bin29	qaidam_basin_mmag_1773	65.87	6.3	B_L053	class
qaidam_basin_mmag_1773_NSL1520bin39	qaidam_basin_mmag_1773	53.81	6.61	B_L040	phylum
qaidam_basin_mmag_1773_NSL1520bin4	qaidam_basin_mmag_1773	80.09	1.86	B_L001	phylum
qaidam_basin_mmag_1773_NSL1520bin6	qaidam_basin_mmag_1773	56.16	5.96	B_L040	phylum
qaidam_basin_mmag_1773_NSL1520bin9	qaidam_basin_mmag_1773	51.22	2.33	B_L002	phylum
qaidam_basin_mmag_1773_NSL20_25bin15	qaidam_basin_mmag_1773	87.22	1.03	B_L029	phylum
qaidam_basin_mmag_1773_NSL20_25bin20	qaidam_basin_mmag_1773	63.59	9.47	B_L001	phylum
qaidam_basin_mmag_1773_NSL20_25bin6	qaidam_basin_mmag_1773	89.67	1.95	B_L006	class
qaidam_basin_mmag_1773_NSL20_25bin7	qaidam_basin_mmag_1773	53.34	5.28	B_L001	phylum
qaidam_basin_mmag_1773_NSL20_25bin8	qaidam_basin_mmag_1773	56.06	5.79	B_L005	phylum
qaidam_basin_mmag_1773_NSL25_30bin11	qaidam_basin_mmag_1773	55.39	3.03	B_L005	phylum
qaidam_basin_mmag_1773_NSL25_30bin13	qaidam_basin_mmag_1773	65.12	2.15	B_L008	order
qaidam_basin_mmag_1773_NSL25_30bin14	qaidam_basin_mmag_1773	90.54	3.01	B_L040	phylum
qaidam_basin_mmag_1773_NSL25_30bin16	qaidam_basin_mmag_1773	52.95	1.02	B_L006	class
qaidam_basin_mmag_1773_NSL25_30bin20	qaidam_basin_mmag_1773	82.79	1.62	B_L031	phylum
qaidam_basin_mmag_1773_NSL25_30bin23	qaidam_basin_mmag_1773	89.07	0.68	B_L001	phylum
qaidam_basin_mmag_1773_NSL25_30bin25	qaidam_basin_mmag_1773	76.1	3.77	B_L001	phylum
qaidam_basin_mmag_1773_NSL25_30bin26	qaidam_basin_mmag_1773	57.56	5.91	B_L040	phylum
qaidam_basin_mmag_1773_NSL25_30bin29	qaidam_basin_mmag_1773	88.83	2.01	B_L001	phylum
qaidam_basin_mmag_1773_NSL25_30bin32	qaidam_basin_mmag_1773	87.14	6.25	B_L005	phylum
qaidam_basin_mmag_1773_NSL25_30bin33	qaidam_basin_mmag_1773	62.08	3.45	B_L044	phylum
qaidam_basin_mmag_1773_NSL25_30bin7	qaidam_basin_mmag_1773	72.14	9.67	B_L005	phylum
qaidam_basin_mmag_1773_NSL25_30bin8	qaidam_basin_mmag_1773	51.87	7.26	B_L005	phylum
qaidam_basin_mmag_1773_NSL30_35bin15	qaidam_basin_mmag_1773	73.4	6.68	B_L001	phylum
qaidam_basin_mmag_1773_NSL30_35bin16	qaidam_basin_mmag_1773	96.28	2.39	B_L005	phylum
qaidam_basin_mmag_1773_NSL30_35bin18	qaidam_basin_mmag_1773	64.14	1.05	B_L002	phylum
qaidam_basin_mmag_1773_NSL30_35bin2	qaidam_basin_mmag_1773	53.53	7.3	B_L001	phylum
qaidam_basin_mmag_1773_NSL30_35bin20	qaidam_basin_mmag_1773	72.97	4.17	B_L001	phylum
qaidam_basin_mmag_1773_NSL30_35bin22	qaidam_basin_mmag_1773	57.56	3.98	B_L005	phylum
qaidam_basin_mmag_1773_NSL30_35bin28	qaidam_basin_mmag_1773	91.49	3.61	B_L040	phylum
qaidam_basin_mmag_1773_NSL30_35bin31	qaidam_basin_mmag_1773	73.75	2.8	B_L005	phylum
qaidam_basin_mmag_1773_NSL30_35bin32	qaidam_basin_mmag_1773	68.16	8.96	B_L001	phylum
qaidam_basin_mmag_1773_NSL30_35bin33	qaidam_basin_mmag_1773	77.31	0.76	B_L001	phylum
qaidam_basin_mmag_1773_NSL30_35bin35	qaidam_basin_mmag_1773	84.79	0.72	B_L005	phylum
qaidam_basin_mmag_1773_NSL30_35bin36	qaidam_basin_mmag_1773	82.85	1.52	B_L040	phylum
qaidam_basin_mmag_1773_NSL30_35bin37	qaidam_basin_mmag_1773	70.64	3.91	B_L052	phylum
qaidam_basin_mmag_1773_NSL30_35bin39	qaidam_basin_mmag_1773	84.58	0.76	B_L001	phylum
qaidam_basin_mmag_1773_NSL30_35bin40	qaidam_basin_mmag_1773	66.72	2.34	B_L002	phylum
qaidam_basin_mmag_1773_NSL30_35bin41	qaidam_basin_mmag_1773	56.97	1.67	B_L001	phylum
qaidam_basin_mmag_1773_NSL30_35bin7	qaidam_basin_mmag_1773	52.63	6.88	B_L001	phylum
qaidam_basin_mmag_1773_NSL30_35bin8	qaidam_basin_mmag_1773	94.39	2.13	B_L040	phylum
qaidam_basin_mmag_1773_NSL35_40bin1	qaidam_basin_mmag_1773	75.73	3.11	B_L001	phylum
qaidam_basin_mmag_1773_NSL35_40bin10	qaidam_basin_mmag_1773	72.83	8.75	B_L001	phylum
qaidam_basin_mmag_1773_NSL35_40bin11	qaidam_basin_mmag_1773	72.61	1.87	B_L029	phylum
qaidam_basin_mmag_1773_NSL35_40bin12	qaidam_basin_mmag_1773	67.65	5.33	B_L029	phylum
qaidam_basin_mmag_1773_NSL35_40bin14	qaidam_basin_mmag_1773	53.32	4.3	B_L005	phylum
qaidam_basin_mmag_1773_NSL35_40bin20	qaidam_basin_mmag_1773	74.0	0.7	B_L001	phylum
qaidam_basin_mmag_1773_NSL35_40bin22	qaidam_basin_mmag_1773	54.81	6.93	B_L001	phylum
qaidam_basin_mmag_1773_NSL35_40bin28	qaidam_basin_mmag_1773	64.02	0.13	B_L001	phylum
qaidam_basin_mmag_1773_NSL35_40bin5	qaidam_basin_mmag_1773	98.17	1.39	B_L030	phylum
qaidam_basin_mmag_1773_NSL35_40bin8	qaidam_basin_mmag_1773	77.0	1.19	B_L033	class
qaidam_basin_mmag_1773_NSL35_40bin9	qaidam_basin_mmag_1773	63.46	4.64	B_L001	phylum
qaidam_basin_mmag_1773_NSLT11bin10	qaidam_basin_mmag_1773	70.54	3.72	B_L002	phylum
qaidam_basin_mmag_1773_NSLT11bin16	qaidam_basin_mmag_1773	98.13	4.57	B_L002	phylum
qaidam_basin_mmag_1773_NSLT11bin2	qaidam_basin_mmag_1773	67.95	6.39	B_L001	phylum
qaidam_basin_mmag_1773_NSLT11bin20	qaidam_basin_mmag_1773	79.54	3.73	B_L002	phylum
qaidam_basin_mmag_1773_NSLT11bin21	qaidam_basin_mmag_1773	72.77	2.07	B_L002	phylum
qaidam_basin_mmag_1773_NSLT11bin26	qaidam_basin_mmag_1773	92.63	2.72	B_L002	phylum
qaidam_basin_mmag_1773_NSLT11bin4	qaidam_basin_mmag_1773	53.57	4.35	B_L001	phylum
qaidam_basin_mmag_1773_NSLT11bin7	qaidam_basin_mmag_1773	87.07	2.71	B_L001	phylum
qaidam_basin_mmag_1773_NSLT11bin9	qaidam_basin_mmag_1773	88.35	4.93	B_L040	phylum
qaidam_basin_mmag_1773_NSLT12bin10	qaidam_basin_mmag_1773	95.31	2.98	B_L040	phylum
qaidam_basin_mmag_1773_NSLT12bin14	qaidam_basin_mmag_1773	50.79	7.98	B_L040	phylum
qaidam_basin_mmag_1773_NSLT12bin15	qaidam_basin_mmag_1773	84.04	4.3	B_L001	phylum
qaidam_basin_mmag_1773_NSLT12bin4	qaidam_basin_mmag_1773	95.54	1.67	B_L001	phylum
qaidam_basin_mmag_1773_NSLT12bin7	qaidam_basin_mmag_1773	90.14	3.14	B_L001	phylum
qaidam_basin_mmag_1773_NSLT21bin1	qaidam_basin_mmag_1773	75.62	0.22	B_L052	phylum
qaidam_basin_mmag_1773_NSLT21bin10	qaidam_basin_mmag_1773	99.84	2.67	B_L001	phylum
qaidam_basin_mmag_1773_NSLT21bin13	qaidam_basin_mmag_1773	75.01	3.94	B_L001	phylum
qaidam_basin_mmag_1773_NSLT21bin14	qaidam_basin_mmag_1773	99.66	0.53	B_L001	phylum
qaidam_basin_mmag_1773_NSLT21bin16	qaidam_basin_mmag_1773	52.79	4.49	B_L052	phylum
qaidam_basin_mmag_1773_NSLT21bin18	qaidam_basin_mmag_1773	59.2	2.75	B_L002	phylum
qaidam_basin_mmag_1773_NSLT21bin2	qaidam_basin_mmag_1773	95.82	0.75	B_L001	phylum
qaidam_basin_mmag_1773_NSLT21bin21	qaidam_basin_mmag_1773	65.17	2.47	B_L001	phylum
qaidam_basin_mmag_1773_NSLT21bin24	qaidam_basin_mmag_1773	50.73	0.35	B_L005	phylum
qaidam_basin_mmag_1773_NSLT21bin25	qaidam_basin_mmag_1773	61.05	5.5	B_L001	phylum
qaidam_basin_mmag_1773_NSLT21bin26	qaidam_basin_mmag_1773	94.2	2.7	B_L003	phylum
qaidam_basin_mmag_1773_NSLT21bin3	qaidam_basin_mmag_1773	90.43	3.23	B_L005	phylum
qaidam_basin_mmag_1773_NSLT21bin30	qaidam_basin_mmag_1773	52.56	0.82	B_L052	phylum
qaidam_basin_mmag_1773_NSLT21bin37	qaidam_basin_mmag_1773	50.78	1.66	B_L005	phylum
qaidam_basin_mmag_1773_NSLT21bin5	qaidam_basin_mmag_1773	78.67	3.48	B_L002	phylum
qaidam_basin_mmag_1773_NSLT21bin8	qaidam_basin_mmag_1773	63.54	1.53	B_L040	phylum
qaidam_basin_mmag_1773_NSLT21bin9	qaidam_basin_mmag_1773	89.34	6.5	B_L001	phylum
qaidam_basin_mmag_1773_NSLT22bin1	qaidam_basin_mmag_1773	75.86	2.54	B_L002	phylum
qaidam_basin_mmag_1773_NSLT22bin10	qaidam_basin_mmag_1773	55.4	5.92	B_L001	phylum
qaidam_basin_mmag_1773_NSLT22bin12	qaidam_basin_mmag_1773	94.36	5.09	B_L001	phylum
qaidam_basin_mmag_1773_NSLT22bin13	qaidam_basin_mmag_1773	80.59	2.31	B_L001	phylum
qaidam_basin_mmag_1773_NSLT22bin15	qaidam_basin_mmag_1773	82.46	4.31	B_L001	phylum
qaidam_basin_mmag_1773_NSLT22bin16	qaidam_basin_mmag_1773	79.1	3.13	B_L001	phylum
qaidam_basin_mmag_1773_NSLT22bin17	qaidam_basin_mmag_1773	70.44	3.37	B_L002	phylum
qaidam_basin_mmag_1773_NSLT22bin18	qaidam_basin_mmag_1773	51.47	5.73	B_L002	phylum
qaidam_basin_mmag_1773_NSLT22bin19	qaidam_basin_mmag_1773	81.36	4.96	B_L030	phylum
qaidam_basin_mmag_1773_NSLT22bin21	qaidam_basin_mmag_1773	85.73	7.52	B_L048	phylum
qaidam_basin_mmag_1773_NSLT22bin22	qaidam_basin_mmag_1773	92.03	6.15	B_L040	phylum
qaidam_basin_mmag_1773_NSLT22bin24	qaidam_basin_mmag_1773	72.1	4.51	B_L001	phylum
qaidam_basin_mmag_1773_NSLT22bin25	qaidam_basin_mmag_1773	86.91	2.92	B_L001	phylum
qaidam_basin_mmag_1773_NSLT22bin26	qaidam_basin_mmag_1773	90.5	1.52	B_L040	phylum
qaidam_basin_mmag_1773_NSLT22bin28	qaidam_basin_mmag_1773	76.33	2.04	B_L001	phylum
qaidam_basin_mmag_1773_NSLT22bin29	qaidam_basin_mmag_1773	53.11	1.81	B_L008	order
qaidam_basin_mmag_1773_NSLT22bin30	qaidam_basin_mmag_1773	95.57	4.38	B_L040	phylum
qaidam_basin_mmag_1773_NSLT22bin31	qaidam_basin_mmag_1773	61.16	1.62	B_L007	order
qaidam_basin_mmag_1773_NSLT22bin32	qaidam_basin_mmag_1773	79.0	0.14	B_L002	phylum
qaidam_basin_mmag_1773_NSLT22bin33	qaidam_basin_mmag_1773	79.18	3.5	B_L001	phylum
qaidam_basin_mmag_1773_NSLT22bin34	qaidam_basin_mmag_1773	98.13	0.08	B_L001	phylum
qaidam_basin_mmag_1773_NSLT22bin36	qaidam_basin_mmag_1773	72.08	4.22	B_L001	phylum
qaidam_basin_mmag_1773_NSLT22bin37	qaidam_basin_mmag_1773	56.92	4.67	B_L007	order
qaidam_basin_mmag_1773_NSLT22bin38	qaidam_basin_mmag_1773	87.71	1.01	B_L040	phylum
qaidam_basin_mmag_1773_NSLT22bin39	qaidam_basin_mmag_1773	92.66	1.27	B_L001	phylum
qaidam_basin_mmag_1773_NSLT22bin4	qaidam_basin_mmag_1773	58.5	7.53	B_L007	order
qaidam_basin_mmag_1773_NSLT22bin40	qaidam_basin_mmag_1773	65.81	3.3	B_L001	phylum
qaidam_basin_mmag_1773_NSLT22bin42	qaidam_basin_mmag_1773	95.57	0.19	B_L048	phylum
qaidam_basin_mmag_1773_NSLT22bin43	qaidam_basin_mmag_1773	67.96	0.28	B_L002	phylum
qaidam_basin_mmag_1773_NSLT22bin44	qaidam_basin_mmag_1773	85.14	1.87	B_L001	phylum
qaidam_basin_mmag_1773_NSLT22bin45	qaidam_basin_mmag_1773	62.32	5.46	B_L001	phylum
qaidam_basin_mmag_1773_NSLT22bin47	qaidam_basin_mmag_1773	94.74	0.88	B_L001	phylum
qaidam_basin_mmag_1773_NSLT22bin51	qaidam_basin_mmag_1773	88.81	9.62	B_L001	phylum
qaidam_basin_mmag_1773_NSLT22bin53	qaidam_basin_mmag_1773	54.67	5.34	B_L001	phylum
qaidam_basin_mmag_1773_NSLT22bin54	qaidam_basin_mmag_1773	99.23	1.72	B_L001	phylum
qaidam_basin_mmag_1773_NSLT22bin57	qaidam_basin_mmag_1773	51.79	0.14	B_L003	phylum
qaidam_basin_mmag_1773_NSLT22bin59	qaidam_basin_mmag_1773	51.06	5.4	B_L001	phylum
qaidam_basin_mmag_1773_NSLT22bin6	qaidam_basin_mmag_1773	90.32	1.68	B_L001	phylum
qaidam_basin_mmag_1773_NSLT22bin7	qaidam_basin_mmag_1773	88.11	2.81	B_L001	phylum
qaidam_basin_mmag_1773_NSLT22bin9	qaidam_basin_mmag_1773	92.1	2.63	B_L029	phylum
qaidam_basin_mmag_1773_S305CJS_Drybin1	qaidam_basin_mmag_1773	54.86	0.46	B_L002	phylum
qaidam_basin_mmag_1773_S305CJS_Drybin10	qaidam_basin_mmag_1773	70.63	6.1	B_L001	phylum
qaidam_basin_mmag_1773_S305CJS_Drybin11	qaidam_basin_mmag_1773	58.39	4.77	B_L001	phylum
qaidam_basin_mmag_1773_S305CJS_Drybin12	qaidam_basin_mmag_1773	92.99	1.92	B_L001	phylum
qaidam_basin_mmag_1773_S305CJS_Drybin13	qaidam_basin_mmag_1773	91.28	1.67	B_L001	phylum
qaidam_basin_mmag_1773_S305CJS_Drybin14	qaidam_basin_mmag_1773	98.55	0.55	B_L001	phylum
qaidam_basin_mmag_1773_S305CJS_Drybin15	qaidam_basin_mmag_1773	84.15	2.62	B_L001	phylum
qaidam_basin_mmag_1773_S305CJS_Drybin17	qaidam_basin_mmag_1773	88.83	2.47	B_L006	class
qaidam_basin_mmag_1773_S305CJS_Drybin18	qaidam_basin_mmag_1773	74.47	0.55	B_L001	phylum
qaidam_basin_mmag_1773_S305CJS_Drybin19	qaidam_basin_mmag_1773	92.15	0.36	B_L001	phylum
qaidam_basin_mmag_1773_S305CJS_Drybin20	qaidam_basin_mmag_1773	82.01	0.42	B_L001	phylum
qaidam_basin_mmag_1773_S305CJS_Drybin21	qaidam_basin_mmag_1773	76.64	0.39	B_L006	class
qaidam_basin_mmag_1773_S305CJS_Drybin22	qaidam_basin_mmag_1773	76.29	1.1	B_L030	phylum
qaidam_basin_mmag_1773_S305CJS_Drybin3	qaidam_basin_mmag_1773	82.78	1.9	B_L001	phylum
qaidam_basin_mmag_1773_S305CJS_Drybin4	qaidam_basin_mmag_1773	90.01	1.21	B_L006	class
qaidam_basin_mmag_1773_S305CJS_Drybin6	qaidam_basin_mmag_1773	80.92	2.66	B_L005	phylum
qaidam_basin_mmag_1773_S305CJS_Drybin7	qaidam_basin_mmag_1773	51.55	3.86	B_L001	phylum
qaidam_basin_mmag_1773_S305CJS_Drybin8	qaidam_basin_mmag_1773	70.44	3.83	B_L040	phylum
qaidam_basin_mmag_1773_S305CJS_Wetbin1	qaidam_basin_mmag_1773	52.45	0.23	B_L048	phylum
qaidam_basin_mmag_1773_S305CJS_Wetbin10	qaidam_basin_mmag_1773	89.93	0.81	B_L005	phylum
qaidam_basin_mmag_1773_S305CJS_Wetbin11	qaidam_basin_mmag_1773	54.39	1.83	B_L006	class
qaidam_basin_mmag_1773_S305CJS_Wetbin12	qaidam_basin_mmag_1773	68.84	3.69	B_L006	class
qaidam_basin_mmag_1773_S305CJS_Wetbin15	qaidam_basin_mmag_1773	92.77	0.51	B_L001	phylum
qaidam_basin_mmag_1773_S305CJS_Wetbin16	qaidam_basin_mmag_1773	60.26	3.38	B_L046	phylum
qaidam_basin_mmag_1773_S305CJS_Wetbin17	qaidam_basin_mmag_1773	60.64	2.54	B_L006	class
qaidam_basin_mmag_1773_S305CJS_Wetbin18	qaidam_basin_mmag_1773	88.86	6.07	B_L040	phylum
qaidam_basin_mmag_1773_S305CJS_Wetbin19	qaidam_basin_mmag_1773	86.42	3.9	B_L048	phylum
qaidam_basin_mmag_1773_S305CJS_Wetbin2	qaidam_basin_mmag_1773	67.59	8.94	B_L048	phylum
qaidam_basin_mmag_1773_S305CJS_Wetbin20	qaidam_basin_mmag_1773	87.58	2.33	B_L006	class
qaidam_basin_mmag_1773_S305CJS_Wetbin21	qaidam_basin_mmag_1773	69.95	0.43	B_L001	phylum
qaidam_basin_mmag_1773_S305CJS_Wetbin23	qaidam_basin_mmag_1773	99.9	0.0	B_L030	phylum
qaidam_basin_mmag_1773_S305CJS_Wetbin24	qaidam_basin_mmag_1773	52.37	1.5	B_L005	phylum
qaidam_basin_mmag_1773_S305CJS_Wetbin26	qaidam_basin_mmag_1773	79.08	4.08	B_L006	class
qaidam_basin_mmag_1773_S305CJS_Wetbin27	qaidam_basin_mmag_1773	90.13	0.3	B_L006	class
qaidam_basin_mmag_1773_S305CJS_Wetbin29	qaidam_basin_mmag_1773	83.78	2.75	B_L002	phylum
qaidam_basin_mmag_1773_S305CJS_Wetbin3	qaidam_basin_mmag_1773	81.18	2.4	B_L005	phylum
qaidam_basin_mmag_1773_S305CJS_Wetbin30	qaidam_basin_mmag_1773	66.87	2.34	B_L029	phylum
qaidam_basin_mmag_1773_S305CJS_Wetbin31	qaidam_basin_mmag_1773	95.5	0.71	B_L006	class
qaidam_basin_mmag_1773_S305CJS_Wetbin32	qaidam_basin_mmag_1773	56.52	2.52	B_L005	phylum
qaidam_basin_mmag_1773_S305CJS_Wetbin34	qaidam_basin_mmag_1773	85.79	5.92	B_L006	class
qaidam_basin_mmag_1773_S305CJS_Wetbin35	qaidam_basin_mmag_1773	81.52	3.34	B_L005	phylum
qaidam_basin_mmag_1773_S305CJS_Wetbin36	qaidam_basin_mmag_1773	61.76	0.24	B_L006	class
qaidam_basin_mmag_1773_S305CJS_Wetbin37	qaidam_basin_mmag_1773	54.95	0.15	B_L048	phylum
qaidam_basin_mmag_1773_S305CJS_Wetbin39	qaidam_basin_mmag_1773	61.92	6.48	B_L001	phylum
qaidam_basin_mmag_1773_S305CJS_Wetbin5	qaidam_basin_mmag_1773	90.34	0.34	B_L001	phylum
qaidam_basin_mmag_1773_S305CJS_Wetbin6	qaidam_basin_mmag_1773	91.16	0.39	B_L006	class
qaidam_basin_mmag_1773_S305CJS_Wetbin7	qaidam_basin_mmag_1773	93.64	1.62	B_L005	phylum
qaidam_basin_mmag_1773_S305CJS_Wetbin8	qaidam_basin_mmag_1773	67.86	5.04	B_L005	phylum
qaidam_basin_mmag_1773_S305CJS_Wetbin9	qaidam_basin_mmag_1773	64.26	1.24	B_L007	order
qaidam_basin_mmag_1773_YPbin2	qaidam_basin_mmag_1773	52.92	3.27	B_L002	phylum
qaidam_basin_mmag_1773_YPbin3	qaidam_basin_mmag_1773	61.5	8.1	B_L007	order
qaidam_basin_mmag_1773_YX1bin1	qaidam_basin_mmag_1773	90.3	4.53	B_L001	phylum
qaidam_basin_mmag_1773_YX1bin10	qaidam_basin_mmag_1773	53.78	3.23	B_L001	phylum
qaidam_basin_mmag_1773_YX1bin12	qaidam_basin_mmag_1773	64.37	9.54	B_L002	phylum
qaidam_basin_mmag_1773_YX1bin2	qaidam_basin_mmag_1773	79.01	2.02	B_L012	order
qaidam_basin_mmag_1773_YX1bin3	qaidam_basin_mmag_1773	100.0	3.15	B_L001	phylum
qaidam_basin_mmag_1773_YX1bin8	qaidam_basin_mmag_1773	100.0	1.61	B_L001	phylum
qaidam_basin_mmag_1773_YX2bin1	qaidam_basin_mmag_1773	66.75	1.09	B_L001	phylum
qaidam_basin_mmag_1773_YX2bin10	qaidam_basin_mmag_1773	79.95	1.66	B_L001	phylum
qaidam_basin_mmag_1773_YX2bin12	qaidam_basin_mmag_1773	75.98	2.23	B_L001	phylum
qaidam_basin_mmag_1773_YX2bin14	qaidam_basin_mmag_1773	59.34	2.77	B_L001	phylum
qaidam_basin_mmag_1773_YX2bin15	qaidam_basin_mmag_1773	73.28	9.08	B_L001	phylum
qaidam_basin_mmag_1773_YX2bin16	qaidam_basin_mmag_1773	85.6	2.2	B_L001	phylum
qaidam_basin_mmag_1773_YX2bin17	qaidam_basin_mmag_1773	93.81	3.19	B_L001	phylum
qaidam_basin_mmag_1773_YX2bin18	qaidam_basin_mmag_1773	74.54	3.48	B_L002	phylum
qaidam_basin_mmag_1773_YX2bin2	qaidam_basin_mmag_1773	53.58	4.72	B_L001	phylum
qaidam_basin_mmag_1773_YX2bin20	qaidam_basin_mmag_1773	87.59	4.53	B_L001	phylum
qaidam_basin_mmag_1773_YX2bin21	qaidam_basin_mmag_1773	58.35	2.81	B_L001	phylum
qaidam_basin_mmag_1773_YX2bin23	qaidam_basin_mmag_1773	77.27	0.46	B_L048	phylum
qaidam_basin_mmag_1773_YX2bin3	qaidam_basin_mmag_1773	50.19	2.03	B_L002	phylum
qaidam_basin_mmag_1773_YX2bin5	qaidam_basin_mmag_1773	73.7	6.67	B_L001	phylum
qaidam_basin_mmag_1773_YX2bin9	qaidam_basin_mmag_1773	75.81	0.38	B_L005	phylum
qaidam_basin_mmag_1773_YX3bin10	qaidam_basin_mmag_1773	87.08	3.91	B_L001	phylum
qaidam_basin_mmag_1773_YX3bin13	qaidam_basin_mmag_1773	65.45	3.51	B_L001	phylum
qaidam_basin_mmag_1773_YX3bin14	qaidam_basin_mmag_1773	93.42	1.74	B_L001	phylum
qaidam_basin_mmag_1773_YX3bin17	qaidam_basin_mmag_1773	53.85	1.57	B_L002	phylum
qaidam_basin_mmag_1773_YX3bin19	qaidam_basin_mmag_1773	87.52	5.2	B_L001	phylum
qaidam_basin_mmag_1773_YX3bin2	qaidam_basin_mmag_1773	56.66	5.57	B_L001	phylum
qaidam_basin_mmag_1773_YX3bin21	qaidam_basin_mmag_1773	54.68	7.7	B_L007	order
qaidam_basin_mmag_1773_YX3bin23	qaidam_basin_mmag_1773	80.28	0.64	B_L001	phylum
qaidam_basin_mmag_1773_YX3bin24	qaidam_basin_mmag_1773	89.64	4.94	B_L002	phylum
qaidam_basin_mmag_1773_YX3bin25	qaidam_basin_mmag_1773	59.51	0.79	B_L001	phylum
qaidam_basin_mmag_1773_YX3bin3	qaidam_basin_mmag_1773	50.58	2.25	B_L002	phylum
qaidam_basin_mmag_1773_YX3bin5	qaidam_basin_mmag_1773	63.16	2.81	B_L002	phylum
qaidam_basin_mmag_1773_YX3bin7	qaidam_basin_mmag_1773	73.88	6.8	B_L002	phylum
stordalen_mire_2019_hybrid_mags_cmr2.MA.201907_E_1_1to5_1.fna	stordalen_mire_2019_hybrid_mags	72.84	2.9	B_L030	phylum
stordalen_mire_2019_hybrid_mags_cmr2.MA.201907_E_1_1to5_10.fna	stordalen_mire_2019_hybrid_mags	78.54	2.39	B_L044	phylum
stordalen_mire_2019_hybrid_mags_cmr2.MA.201907_E_1_1to5_13.fna	stordalen_mire_2019_hybrid_mags	80.95	3.68	B_L005	phylum
stordalen_mire_2019_hybrid_mags_cmr2.MA.201907_E_1_1to5_16.fna	stordalen_mire_2019_hybrid_mags	74.93	3.23	B_L044	phylum
stordalen_mire_2019_hybrid_mags_cmr2.MA.201907_E_1_1to5_18.fna	stordalen_mire_2019_hybrid_mags	69.8	0.34	B_L005	phylum
stordalen_mire_2019_hybrid_mags_cmr2.MA.201907_E_1_1to5_3.fna	stordalen_mire_2019_hybrid_mags	90.81	0.35	B_L001	phylum
stordalen_mire_2019_hybrid_mags_cmr2.MA.201907_E_1_1to5_5.fna	stordalen_mire_2019_hybrid_mags	85.2	2.57	B_L044	phylum
stordalen_mire_2019_hybrid_mags_cmr2.MA.201907_E_1_1to5_7.fna	stordalen_mire_2019_hybrid_mags	78.06	3.41	B_L048	phylum
stordalen_mire_2019_hybrid_mags_cmr2.MA.201907_E_1_1to5_8.fna	stordalen_mire_2019_hybrid_mags	94.84	6.93	B_L033	class
stordalen_mire_2019_hybrid_mags_cmr2.MA.201907_E_1_20to24_11.fna	stordalen_mire_2019_hybrid_mags	82.32	4.15	B_L008	order
stordalen_mire_2019_hybrid_mags_cmr2.MA.201907_E_1_20to24_12.fna	stordalen_mire_2019_hybrid_mags	95.01	0.11	B_L002	phylum
stordalen_mire_2019_hybrid_mags_cmr2.MA.201907_E_1_20to24_14.fna	stordalen_mire_2019_hybrid_mags	89.37	4.67	B_L048	phylum
stordalen_mire_2019_hybrid_mags_cmr2.MA.201907_E_1_20to24_18.fna	stordalen_mire_2019_hybrid_mags	96.29	2.84	B_L041	phylum
stordalen_mire_2019_hybrid_mags_cmr2.MA.201907_E_1_20to24_2.fna	stordalen_mire_2019_hybrid_mags	87.78	1.34	B_L044	phylum
stordalen_mire_2019_hybrid_mags_cmr2.MA.201907_E_1_20to24_21.fna	stordalen_mire_2019_hybrid_mags	91.1	6.49	B_L044	phylum
stordalen_mire_2019_hybrid_mags_cmr2.MA.201907_E_1_20to24_25.fna	stordalen_mire_2019_hybrid_mags	89.58	3.94	B_L048	phylum
stordalen_mire_2019_hybrid_mags_cmr2.MA.201907_E_1_20to24_27.fna	stordalen_mire_2019_hybrid_mags	78.88	4.09	B_L048	phylum
stordalen_mire_2019_hybrid_mags_cmr2.MA.201907_E_1_20to24_28.fna	stordalen_mire_2019_hybrid_mags	71.07	2.06	B_L048	phylum
stordalen_mire_2019_hybrid_mags_cmr2.MA.201907_E_1_20to24_29.fna	stordalen_mire_2019_hybrid_mags	80.29	5.01	B_L048	phylum
stordalen_mire_2019_hybrid_mags_cmr2.MA.201907_E_1_20to24_3.fna	stordalen_mire_2019_hybrid_mags	72.31	4.79	B_L048	phylum
stordalen_mire_2019_hybrid_mags_cmr2.MA.201907_E_1_20to24_30.fna	stordalen_mire_2019_hybrid_mags	80.97	3.75	B_L002	phylum
stordalen_mire_2019_hybrid_mags_cmr2.MA.201907_E_1_20to24_32.fna	stordalen_mire_2019_hybrid_mags	96.42	2.97	B_L030	phylum
stordalen_mire_2019_hybrid_mags_cmr2.MA.201907_E_1_20to24_33.fna	stordalen_mire_2019_hybrid_mags	98.87	1.97	B_L048	phylum
stordalen_mire_2019_hybrid_mags_cmr2.MA.201907_E_1_20to24_34.fna	stordalen_mire_2019_hybrid_mags	97.37	1.21	B_L048	phylum
stordalen_mire_2019_hybrid_mags_cmr2.MA.201907_E_1_20to24_36.fna	stordalen_mire_2019_hybrid_mags	97.92	3.6	B_L058	class
stordalen_mire_2019_hybrid_mags_cmr2.MA.201907_E_1_20to24_37.fna	stordalen_mire_2019_hybrid_mags	79.02	6.55	B_L048	phylum
stordalen_mire_2019_hybrid_mags_cmr2.MA.201907_E_1_20to24_42.fna	stordalen_mire_2019_hybrid_mags	95.94	4.18	B_L033	class
stordalen_mire_2019_hybrid_mags_cmr2.MA.201907_E_1_20to24_43.fna	stordalen_mire_2019_hybrid_mags	93.03	1.74	B_L048	phylum
stordalen_mire_2019_hybrid_mags_cmr2.MA.201907_E_1_20to24_44.fna	stordalen_mire_2019_hybrid_mags	89.92	2.05	B_L044	phylum
stordalen_mire_2019_hybrid_mags_cmr2.MA.201907_E_1_20to24_48.fna	stordalen_mire_2019_hybrid_mags	72.96	1.73	B_L044	phylum
stordalen_mire_2019_hybrid_mags_cmr2.MA.201907_E_1_20to24_5.fna	stordalen_mire_2019_hybrid_mags	93.27	6.98	B_L048	phylum
stordalen_mire_2019_hybrid_mags_cmr2.MA.201907_E_1_20to24_50.fna	stordalen_mire_2019_hybrid_mags	86.03	1.25	B_L030	phylum
stordalen_mire_2019_hybrid_mags_cmr2.MA.201907_E_1_20to24_52.fna	stordalen_mire_2019_hybrid_mags	98.71	3.18	B_L048	phylum
stordalen_mire_2019_hybrid_mags_cmr2.MA.201907_E_1_20to24_53.fna	stordalen_mire_2019_hybrid_mags	100.0	2.26	B_L048	phylum
stordalen_mire_2019_hybrid_mags_cmr2.MA.201907_E_1_20to24_6.fna	stordalen_mire_2019_hybrid_mags	100.0	2.15	B_L048	phylum
stordalen_mire_2019_hybrid_mags_cmr2.MA.201907_E_1_20to24_7.fna	stordalen_mire_2019_hybrid_mags	71.84	2.51	B_L048	phylum
stordalen_mire_2019_hybrid_mags_cmr2.MA.201907_E_1_20to24_9.fna	stordalen_mire_2019_hybrid_mags	72.39	7.03	B_L033	class
stordalen_mire_2019_hybrid_mags_cmr2.MA.201907_P_1_1to5_1.fna	stordalen_mire_2019_hybrid_mags	96.41	2.02	B_L006	class
stordalen_mire_2019_hybrid_mags_cmr2.MA.201907_P_1_1to5_10.fna	stordalen_mire_2019_hybrid_mags	84.73	3.78	B_L006	class
stordalen_mire_2019_hybrid_mags_cmr2.MA.201907_P_1_1to5_14.fna	stordalen_mire_2019_hybrid_mags	94.61	0.29	B_L048	phylum
stordalen_mire_2019_hybrid_mags_cmr2.MA.201907_P_1_1to5_15.fna	stordalen_mire_2019_hybrid_mags	78.48	1.62	B_L048	phylum
stordalen_mire_2019_hybrid_mags_cmr2.MA.201907_P_1_1to5_16.fna	stordalen_mire_2019_hybrid_mags	91.11	6.09	B_L006	class
stordalen_mire_2019_hybrid_mags_cmr2.MA.201907_P_1_1to5_22.fna	stordalen_mire_2019_hybrid_mags	76.46	1.09	B_L042	phylum
stordalen_mire_2019_hybrid_mags_cmr2.MA.201907_P_1_1to5_23.fna	stordalen_mire_2019_hybrid_mags	100.0	2.35	B_L048	phylum
stordalen_mire_2019_hybrid_mags_cmr2.MA.201907_P_1_1to5_24.fna	stordalen_mire_2019_hybrid_mags	83.44	2.02	B_L048	phylum
stordalen_mire_2019_hybrid_mags_cmr2.MA.201907_P_1_1to5_25.fna	stordalen_mire_2019_hybrid_mags	81.43	1.11	B_L006	class
stordalen_mire_2019_hybrid_mags_cmr2.MA.201907_P_1_1to5_26.fna	stordalen_mire_2019_hybrid_mags	93.63	3.11	B_L048	phylum
stordalen_mire_2019_hybrid_mags_cmr2.MA.201907_P_1_1to5_27.fna	stordalen_mire_2019_hybrid_mags	89.57	1.88	B_L048	phylum
stordalen_mire_2019_hybrid_mags_cmr2.MA.201907_P_1_1to5_28.fna	stordalen_mire_2019_hybrid_mags	86.18	1.29	B_L001	phylum
stordalen_mire_2019_hybrid_mags_cmr2.MA.201907_P_1_1to5_29.fna	stordalen_mire_2019_hybrid_mags	82.73	0.01	B_L001	phylum
stordalen_mire_2019_hybrid_mags_cmr2.MA.201907_P_1_1to5_3.fna	stordalen_mire_2019_hybrid_mags	91.28	7.14	B_L001	phylum
stordalen_mire_2019_hybrid_mags_cmr2.MA.201907_P_1_1to5_5.fna	stordalen_mire_2019_hybrid_mags	81.15	3.0	B_L048	phylum
stordalen_mire_2019_hybrid_mags_cmr2.MA.201907_P_1_1to5_7.fna	stordalen_mire_2019_hybrid_mags	92.34	0.35	B_L002	phylum
stordalen_mire_2019_hybrid_mags_cmr2.MA.201907_P_1_1to5_8.fna	stordalen_mire_2019_hybrid_mags	92.25	7.47	B_L001	phylum
stordalen_mire_2019_hybrid_mags_cmr2.MA.201907_P_1_20to24_0.fna	stordalen_mire_2019_hybrid_mags	75.13	2.11	B_L048	phylum
stordalen_mire_2019_hybrid_mags_cmr2.MA.201907_P_1_20to24_1.fna	stordalen_mire_2019_hybrid_mags	98.88	0.39	B_L048	phylum
stordalen_mire_2019_hybrid_mags_cmr2.MA.201907_P_1_20to24_11.fna	stordalen_mire_2019_hybrid_mags	94.58	6.44	B_L044	phylum
stordalen_mire_2019_hybrid_mags_cmr2.MA.201907_P_1_20to24_12.fna	stordalen_mire_2019_hybrid_mags	90.97	1.7	B_L048	phylum
stordalen_mire_2019_hybrid_mags_cmr2.MA.201907_P_1_20to24_13.fna	stordalen_mire_2019_hybrid_mags	99.76	1.15	B_L048	phylum
stordalen_mire_2019_hybrid_mags_cmr2.MA.201907_P_1_20to24_14.fna	stordalen_mire_2019_hybrid_mags	92.27	0.63	B_L001	phylum
stordalen_mire_2019_hybrid_mags_cmr2.MA.201907_P_1_20to24_15.fna	stordalen_mire_2019_hybrid_mags	85.57	1.5	B_L001	phylum
stordalen_mire_2019_hybrid_mags_cmr2.MA.201907_P_1_20to24_17.fna	stordalen_mire_2019_hybrid_mags	85.15	0.54	B_L048	phylum
stordalen_mire_2019_hybrid_mags_cmr2.MA.201907_P_1_20to24_18.fna	stordalen_mire_2019_hybrid_mags	93.48	1.34	B_L001	phylum
stordalen_mire_2019_hybrid_mags_cmr2.MA.201907_P_1_20to24_20.fna	stordalen_mire_2019_hybrid_mags	96.0	0.81	B_L048	phylum
stordalen_mire_2019_hybrid_mags_cmr2.MA.201907_P_1_20to24_23.fna	stordalen_mire_2019_hybrid_mags	96.09	1.34	B_L048	phylum
stordalen_mire_2019_hybrid_mags_cmr2.MA.201907_P_1_20to24_25.fna	stordalen_mire_2019_hybrid_mags	96.53	4.24	B_L048	phylum
stordalen_mire_2019_hybrid_mags_cmr2.MA.201907_P_1_20to24_27.fna	stordalen_mire_2019_hybrid_mags	100.0	4.77	B_L048	phylum
stordalen_mire_2019_hybrid_mags_cmr2.MA.201907_P_1_20to24_28.fna	stordalen_mire_2019_hybrid_mags	89.97	0.67	B_L048	phylum
stordalen_mire_2019_hybrid_mags_cmr2.MA.201907_P_1_20to24_3.fna	stordalen_mire_2019_hybrid_mags	86.95	4.56	B_L001	phylum
stordalen_mire_2019_hybrid_mags_cmr2.MA.201907_P_1_20to24_30.fna	stordalen_mire_2019_hybrid_mags	90.59	5.68	B_L048	phylum
stordalen_mire_2019_hybrid_mags_cmr2.MA.201907_P_1_20to24_31.fna	stordalen_mire_2019_hybrid_mags	89.49	2.88	B_L048	phylum
stordalen_mire_2019_hybrid_mags_cmr2.MA.201907_P_1_20to24_32.fna	stordalen_mire_2019_hybrid_mags	95.81	6.2	B_L048	phylum
stordalen_mire_2019_hybrid_mags_cmr2.MA.201907_P_1_20to24_33.fna	stordalen_mire_2019_hybrid_mags	94.68	7.6	B_L048	phylum
stordalen_mire_2019_hybrid_mags_cmr2.MA.201907_P_1_20to24_34.fna	stordalen_mire_2019_hybrid_mags	100.0	4.05	B_L048	phylum
stordalen_mire_2019_hybrid_mags_cmr2.MA.201907_P_1_20to24_35.fna	stordalen_mire_2019_hybrid_mags	93.24	4.21	B_L001	phylum
stordalen_mire_2019_hybrid_mags_cmr2.MA.201907_P_1_20to24_36.fna	stordalen_mire_2019_hybrid_mags	94.97	4.11	B_L044	phylum
stordalen_mire_2019_hybrid_mags_cmr2.MA.201907_P_1_20to24_37.fna	stordalen_mire_2019_hybrid_mags	75.33	3.05	B_L048	phylum
stordalen_mire_2019_hybrid_mags_cmr2.MA.201907_P_1_20to24_39.fna	stordalen_mire_2019_hybrid_mags	96.63	3.4	B_L048	phylum
stordalen_mire_2019_hybrid_mags_cmr2.MA.201907_P_1_20to24_4.fna	stordalen_mire_2019_hybrid_mags	100.0	1.02	B_L048	phylum
stordalen_mire_2019_hybrid_mags_cmr2.MA.201907_P_1_20to24_41.fna	stordalen_mire_2019_hybrid_mags	98.31	2.72	B_L008	order
stordalen_mire_2019_hybrid_mags_cmr2.MA.201907_P_1_20to24_43.fna	stordalen_mire_2019_hybrid_mags	89.54	1.97	B_L001	phylum
stordalen_mire_2019_hybrid_mags_cmr2.MA.201907_P_1_20to24_44.fna	stordalen_mire_2019_hybrid_mags	89.39	2.75	B_L001	phylum
stordalen_mire_2019_hybrid_mags_cmr2.MA.201907_P_1_20to24_45.fna	stordalen_mire_2019_hybrid_mags	93.11	0.02	B_L001	phylum
stordalen_mire_2019_hybrid_mags_cmr2.MA.201907_P_1_20to24_46.fna	stordalen_mire_2019_hybrid_mags	99.13	1.22	B_L048	phylum
stordalen_mire_2019_hybrid_mags_cmr2.MA.201907_P_1_20to24_47.fna	stordalen_mire_2019_hybrid_mags	90.93	2.09	B_L001	phylum
stordalen_mire_2019_hybrid_mags_cmr2.MA.201907_P_1_20to24_49.fna	stordalen_mire_2019_hybrid_mags	92.57	1.57	B_L044	phylum
stordalen_mire_2019_hybrid_mags_cmr2.MA.201907_P_1_20to24_50.fna	stordalen_mire_2019_hybrid_mags	87.85	7.01	B_L001	phylum
stordalen_mire_2019_hybrid_mags_cmr2.MA.201907_P_1_20to24_51.fna	stordalen_mire_2019_hybrid_mags	96.07	0.94	B_L008	order
stordalen_mire_2019_hybrid_mags_cmr2.MA.201907_P_1_20to24_52.fna	stordalen_mire_2019_hybrid_mags	75.01	1.57	B_L048	phylum
stordalen_mire_2019_hybrid_mags_cmr2.MA.201907_P_1_20to24_53.fna	stordalen_mire_2019_hybrid_mags	89.01	2.11	B_L048	phylum
stordalen_mire_2019_hybrid_mags_cmr2.MA.201907_P_1_20to24_54.fna	stordalen_mire_2019_hybrid_mags	100.0	4.43	B_L048	phylum
stordalen_mire_2019_hybrid_mags_cmr2.MA.201907_P_1_20to24_55.fna	stordalen_mire_2019_hybrid_mags	82.83	1.01	B_L048	phylum
stordalen_mire_2019_hybrid_mags_cmr2.MA.201907_P_1_20to24_56.fna	stordalen_mire_2019_hybrid_mags	74.56	0.23	B_L048	phylum
stordalen_mire_2019_hybrid_mags_cmr2.MA.201907_P_1_20to24_58.fna	stordalen_mire_2019_hybrid_mags	100.0	0.72	B_L048	phylum
stordalen_mire_2019_hybrid_mags_cmr2.MA.201907_P_1_20to24_6.fna	stordalen_mire_2019_hybrid_mags	76.85	2.98	B_L048	phylum
stordalen_mire_2019_hybrid_mags_cmr2.MA.201907_P_1_20to24_8.fna	stordalen_mire_2019_hybrid_mags	77.0	4.97	B_L048	phylum
stordalen_mire_2019_hybrid_mags_cmr2.MA.201907_S_1_1to5_0.fna	stordalen_mire_2019_hybrid_mags	85.55	5.17	B_L048	phylum
stordalen_mire_2019_hybrid_mags_cmr2.MA.201907_S_1_1to5_1.fna	stordalen_mire_2019_hybrid_mags	76.84	4.35	B_L044	phylum
stordalen_mire_2019_hybrid_mags_cmr2.MA.201907_S_1_1to5_10.fna	stordalen_mire_2019_hybrid_mags	83.82	0.97	B_L042	phylum
stordalen_mire_2019_hybrid_mags_cmr2.MA.201907_S_1_1to5_11.fna	stordalen_mire_2019_hybrid_mags	80.43	1.04	B_L044	phylum
stordalen_mire_2019_hybrid_mags_cmr2.MA.201907_S_1_1to5_13.fna	stordalen_mire_2019_hybrid_mags	74.68	2.82	B_L001	phylum
stordalen_mire_2019_hybrid_mags_cmr2.MA.201907_S_1_1to5_15.fna	stordalen_mire_2019_hybrid_mags	97.89	0.18	B_L006	class
stordalen_mire_2019_hybrid_mags_cmr2.MA.201907_S_1_1to5_16.fna	stordalen_mire_2019_hybrid_mags	94.04	2.39	B_L044	phylum
stordalen_mire_2019_hybrid_mags_cmr2.MA.201907_S_1_1to5_17.fna	stordalen_mire_2019_hybrid_mags	82.35	2.01	B_L042	phylum
stordalen_mire_2019_hybrid_mags_cmr2.MA.201907_S_1_1to5_18.fna	stordalen_mire_2019_hybrid_mags	96.84	1.67	B_L001	phylum
stordalen_mire_2019_hybrid_mags_cmr2.MA.201907_S_1_1to5_19.fna	stordalen_mire_2019_hybrid_mags	87.3	1.8	B_L001	phylum
stordalen_mire_2019_hybrid_mags_cmr2.MA.201907_S_1_1to5_2.fna	stordalen_mire_2019_hybrid_mags	79.69	1.03	B_L001	phylum
stordalen_mire_2019_hybrid_mags_cmr2.MA.201907_S_1_1to5_21.fna	stordalen_mire_2019_hybrid_mags	95.81	2.57	B_L008	order
stordalen_mire_2019_hybrid_mags_cmr2.MA.201907_S_1_1to5_23.fna	stordalen_mire_2019_hybrid_mags	90.37	0.09	B_L001	phylum
stordalen_mire_2019_hybrid_mags_cmr2.MA.201907_S_1_1to5_24.fna	stordalen_mire_2019_hybrid_mags	84.02	1.08	B_L001	phylum
stordalen_mire_2019_hybrid_mags_cmr2.MA.201907_S_1_1to5_25.fna	stordalen_mire_2019_hybrid_mags	95.36	0.96	B_L048	phylum
stordalen_mire_2019_hybrid_mags_cmr2.MA.201907_S_1_1to5_27.fna	stordalen_mire_2019_hybrid_mags	92.72	1.25	B_L001	phylum
stordalen_mire_2019_hybrid_mags_cmr2.MA.201907_S_1_1to5_7.fna	stordalen_mire_2019_hybrid_mags	78.99	2.5	B_L044	phylum
stordalen_mire_2019_hybrid_mags_cmr2.MA.201907_S_1_20to24_0.fna	stordalen_mire_2019_hybrid_mags	71.28	7.23	B_L048	phylum
stordalen_mire_2019_hybrid_mags_cmr2.MA.201907_S_1_20to24_10.fna	stordalen_mire_2019_hybrid_mags	90.95	7.33	B_L048	phylum
stordalen_mire_2019_hybrid_mags_cmr2.MA.201907_S_1_20to24_12.fna	stordalen_mire_2019_hybrid_mags	98.92	1.23	B_L048	phylum
stordalen_mire_2019_hybrid_mags_cmr2.MA.201907_S_1_20to24_13.fna	stordalen_mire_2019_hybrid_mags	98.55	0.26	B_L048	phylum
stordalen_mire_2019_hybrid_mags_cmr2.MA.201907_S_1_20to24_15.fna	stordalen_mire_2019_hybrid_mags	93.59	1.98	B_L048	phylum
stordalen_mire_2019_hybrid_mags_cmr2.MA.201907_S_1_20to24_17.fna	stordalen_mire_2019_hybrid_mags	97.86	8.52	B_L048	phylum
stordalen_mire_2019_hybrid_mags_cmr2.MA.201907_S_1_20to24_18.fna	stordalen_mire_2019_hybrid_mags	99.08	4.47	B_L048	phylum
stordalen_mire_2019_hybrid_mags_cmr2.MA.201907_S_1_20to24_19.fna	stordalen_mire_2019_hybrid_mags	80.6	1.31	B_L042	phylum
stordalen_mire_2019_hybrid_mags_cmr2.MA.201907_S_1_20to24_2.fna	stordalen_mire_2019_hybrid_mags	73.65	6.85	B_L048	phylum
stordalen_mire_2019_hybrid_mags_cmr2.MA.201907_S_1_20to24_21.fna	stordalen_mire_2019_hybrid_mags	94.52	0.6	B_L001	phylum
stordalen_mire_2019_hybrid_mags_cmr2.MA.201907_S_1_20to24_22.fna	stordalen_mire_2019_hybrid_mags	95.12	3.39	B_L048	phylum
stordalen_mire_2019_hybrid_mags_cmr2.MA.201907_S_1_20to24_24.fna	stordalen_mire_2019_hybrid_mags	79.86	4.11	B_L044	phylum
stordalen_mire_2019_hybrid_mags_cmr2.MA.201907_S_1_20to24_28.fna	stordalen_mire_2019_hybrid_mags	100.0	2.34	B_L048	phylum
stordalen_mire_2019_hybrid_mags_cmr2.MA.201907_S_1_20to24_29.fna	stordalen_mire_2019_hybrid_mags	96.83	1.26	B_L044	phylum
stordalen_mire_2019_hybrid_mags_cmr2.MA.201907_S_1_20to24_3.fna	stordalen_mire_2019_hybrid_mags	86.01	1.03	B_L048	phylum
stordalen_mire_2019_hybrid_mags_cmr2.MA.201907_S_1_20to24_34.fna	stordalen_mire_2019_hybrid_mags	94.66	1.8	B_L032	phylum
stordalen_mire_2019_hybrid_mags_cmr2.MA.201907_S_1_20to24_38.fna	stordalen_mire_2019_hybrid_mags	90.16	4.23	B_L044	phylum
stordalen_mire_2019_hybrid_mags_cmr2.MA.201907_S_1_20to24_39.fna	stordalen_mire_2019_hybrid_mags	90.93	1.14	B_L048	phylum
stordalen_mire_2019_hybrid_mags_cmr2.MA.201907_S_1_20to24_4.fna	stordalen_mire_2019_hybrid_mags	72.78	6.43	B_L048	phylum
stordalen_mire_2019_hybrid_mags_cmr2.MA.201907_S_1_20to24_40.fna	stordalen_mire_2019_hybrid_mags	98.16	1.86	B_L048	phylum
stordalen_mire_2019_hybrid_mags_cmr2.MA.201907_S_1_20to24_41.fna	stordalen_mire_2019_hybrid_mags	100.0	1.25	B_L048	phylum
stordalen_mire_2019_hybrid_mags_cmr2.MA.201907_S_1_20to24_42.fna	stordalen_mire_2019_hybrid_mags	89.88	3.41	B_L044	phylum
stordalen_mire_2019_hybrid_mags_cmr2.MA.201907_S_1_20to24_44.fna	stordalen_mire_2019_hybrid_mags	75.76	3.24	B_L048	phylum
stordalen_mire_2019_hybrid_mags_cmr2.MA.201907_S_1_20to24_46.fna	stordalen_mire_2019_hybrid_mags	97.61	0.01	B_L030	phylum
stordalen_mire_2019_hybrid_mags_cmr2.MA.201907_S_1_20to24_47.fna	stordalen_mire_2019_hybrid_mags	97.91	0.11	B_L048	phylum
stordalen_mire_2019_hybrid_mags_cmr2.MA.201907_S_1_20to24_48.fna	stordalen_mire_2019_hybrid_mags	94.43	0.63	B_L001	phylum
stordalen_mire_2019_hybrid_mags_cmr2.MA.201907_S_1_20to24_49.fna	stordalen_mire_2019_hybrid_mags	89.92	3.38	B_L048	phylum
stordalen_mire_2019_hybrid_mags_cmr2.MA.201907_S_1_20to24_5.fna	stordalen_mire_2019_hybrid_mags	89.52	3.62	B_L048	phylum
stordalen_mire_2019_hybrid_mags_cmr2.MA.201907_S_1_20to24_51.fna	stordalen_mire_2019_hybrid_mags	89.31	1.56	B_L044	phylum
stordalen_mire_2019_hybrid_mags_cmr2.MA.201907_S_1_20to24_52.fna	stordalen_mire_2019_hybrid_mags	95.62	1.81	B_L044	phylum
stordalen_mire_2019_hybrid_mags_cmr2.MA.201907_S_1_20to24_54.fna	stordalen_mire_2019_hybrid_mags	98.14	2.03	B_L048	phylum
stordalen_mire_2019_hybrid_mags_cmr2.MA.201907_S_1_20to24_56.fna	stordalen_mire_2019_hybrid_mags	93.64	4.27	B_L048	phylum
stordalen_mire_2019_hybrid_mags_cmr2.MA.201907_S_1_20to24_57.fna	stordalen_mire_2019_hybrid_mags	93.86	2.8	B_L044	phylum
stordalen_mire_2019_hybrid_mags_cmr2.MA.201907_S_1_20to24_58.fna	stordalen_mire_2019_hybrid_mags	92.2	2.11	B_L048	phylum
stordalen_mire_2019_hybrid_mags_cmr2.MA.201907_S_1_20to24_59.fna	stordalen_mire_2019_hybrid_mags	89.88	2.79	B_L001	phylum
stordalen_mire_2019_hybrid_mags_cmr2.MA.201907_S_1_20to24_60.fna	stordalen_mire_2019_hybrid_mags	89.11	5.08	B_L001	phylum
stordalen_mire_2019_hybrid_mags_cmr2.MA.201907_S_1_20to24_61.fna	stordalen_mire_2019_hybrid_mags	97.2	3.37	B_L048	phylum
stordalen_mire_2019_hybrid_mags_cmr2.MA.201907_S_1_20to24_62.fna	stordalen_mire_2019_hybrid_mags	98.05	1.59	B_L008	order
stordalen_mire_2019_hybrid_mags_cmr2.MA.201907_S_1_20to24_63.fna	stordalen_mire_2019_hybrid_mags	97.07	0.51	B_L001	phylum
stordalen_mire_2019_hybrid_mags_cmr2.MA.201907_S_1_20to24_64.fna	stordalen_mire_2019_hybrid_mags	89.84	2.44	B_L006	class
stordalen_mire_2019_hybrid_mags_cmr2.MA.201907_S_1_20to24_65.fna	stordalen_mire_2019_hybrid_mags	93.56	0.95	B_L044	phylum
stordalen_mire_2019_hybrid_mags_cmr2.MA.201907_S_1_20to24_66.fna	stordalen_mire_2019_hybrid_mags	95.02	0.69	B_L044	phylum
stordalen_mire_2019_hybrid_mags_cmr2.MA.201907_S_1_20to24_67.fna	stordalen_mire_2019_hybrid_mags	95.29	1.1	B_L001	phylum
stordalen_mire_2019_hybrid_mags_cmr2.MA.201907_S_1_20to24_68.fna	stordalen_mire_2019_hybrid_mags	98.23	0.87	B_L048	phylum
stordalen_mire_2019_hybrid_mags_cmr2.MA.201907_S_1_20to24_69.fna	stordalen_mire_2019_hybrid_mags	96.32	2.68	B_L048	phylum
stordalen_mire_2019_hybrid_mags_cmr2.MA.201907_S_1_20to24_7.fna	stordalen_mire_2019_hybrid_mags	98.77	2.15	B_L048	phylum
stordalen_mire_2019_hybrid_mags_cmr5.MA.201907_E_1_1to5_2.fna	stordalen_mire_2019_hybrid_mags	94.02	0.09	B_L001	phylum
stordalen_mire_2019_hybrid_mags_cmr5.MA.201907_E_1_20to24_15.fna	stordalen_mire_2019_hybrid_mags	87.35	4.06	B_L048	phylum
stordalen_mire_2019_hybrid_mags_cmr5.MA.201907_E_1_20to24_16.fna	stordalen_mire_2019_hybrid_mags	95.39	3.37	B_L033	class
stordalen_mire_2019_hybrid_mags_cmr5.MA.201907_E_1_20to24_17.fna	stordalen_mire_2019_hybrid_mags	90.68	6.93	B_L002	phylum
stordalen_mire_2019_hybrid_mags_cmr5.MA.201907_P_1_1to5_0.fna	stordalen_mire_2019_hybrid_mags	95.79	0.28	B_L048	phylum
stordalen_mire_2019_hybrid_mags_cmr5.MA.201907_P_1_1to5_1.fna	stordalen_mire_2019_hybrid_mags	95.06	4.18	B_L001	phylum
stordalen_mire_2019_hybrid_mags_cmr5.MA.201907_P_1_1to5_11.fna	stordalen_mire_2019_hybrid_mags	93.6	0.73	B_L048	phylum
stordalen_mire_2019_hybrid_mags_cmr5.MA.201907_P_1_1to5_12.fna	stordalen_mire_2019_hybrid_mags	93.92	0.84	B_L048	phylum
stordalen_mire_2019_hybrid_mags_cmr5.MA.201907_P_1_1to5_13.fna	stordalen_mire_2019_hybrid_mags	92.9	2.31	B_L029	phylum
stordalen_mire_2019_hybrid_mags_cmr5.MA.201907_P_1_1to5_15.fna	stordalen_mire_2019_hybrid_mags	95.38	1.79	B_L048	phylum
stordalen_mire_2019_hybrid_mags_cmr5.MA.201907_P_1_1to5_19.fna	stordalen_mire_2019_hybrid_mags	73.91	1.27	B_L001	phylum
stordalen_mire_2019_hybrid_mags_cmr5.MA.201907_P_1_1to5_2.fna	stordalen_mire_2019_hybrid_mags	71.43	3.23	B_L006	class
stordalen_mire_2019_hybrid_mags_cmr5.MA.201907_P_1_1to5_20.fna	stordalen_mire_2019_hybrid_mags	80.97	2.9	B_L044	phylum
stordalen_mire_2019_hybrid_mags_cmr5.MA.201907_P_1_1to5_21.fna	stordalen_mire_2019_hybrid_mags	72.12	8.59	B_L048	phylum
stordalen_mire_2019_hybrid_mags_cmr5.MA.201907_P_1_1to5_22.fna	stordalen_mire_2019_hybrid_mags	92.63	3.38	B_L048	phylum
stordalen_mire_2019_hybrid_mags_cmr5.MA.201907_P_1_1to5_23.fna	stordalen_mire_2019_hybrid_mags	96.6	2.91	B_L048	phylum
stordalen_mire_2019_hybrid_mags_cmr5.MA.201907_P_1_1to5_28.fna	stordalen_mire_2019_hybrid_mags	78.35	4.36	B_L006	class
stordalen_mire_2019_hybrid_mags_cmr5.MA.201907_P_1_1to5_29.fna	stordalen_mire_2019_hybrid_mags	81.64	7.84	B_L048	phylum
stordalen_mire_2019_hybrid_mags_cmr5.MA.201907_P_1_1to5_31.fna	stordalen_mire_2019_hybrid_mags	93.55	8.64	B_L008	order
stordalen_mire_2019_hybrid_mags_cmr5.MA.201907_P_1_1to5_32.fna	stordalen_mire_2019_hybrid_mags	92.52	4.58	B_L048	phylum
stordalen_mire_2019_hybrid_mags_cmr5.MA.201907_P_1_1to5_33.fna	stordalen_mire_2019_hybrid_mags	74.71	0.7	B_L048	phylum
stordalen_mire_2019_hybrid_mags_cmr5.MA.201907_P_1_1to5_35.fna	stordalen_mire_2019_hybrid_mags	77.62	9.34	B_L048	phylum
stordalen_mire_2019_hybrid_mags_cmr5.MA.201907_P_1_1to5_36.fna	stordalen_mire_2019_hybrid_mags	71.98	6.34	B_L048	phylum
stordalen_mire_2019_hybrid_mags_cmr5.MA.201907_P_1_1to5_37.fna	stordalen_mire_2019_hybrid_mags	84.06	3.05	B_L006	class
stordalen_mire_2019_hybrid_mags_cmr5.MA.201907_P_1_1to5_38.fna	stordalen_mire_2019_hybrid_mags	82.52	7.93	B_L048	phylum
stordalen_mire_2019_hybrid_mags_cmr5.MA.201907_P_1_1to5_39.fna	stordalen_mire_2019_hybrid_mags	71.72	3.58	B_L048	phylum
stordalen_mire_2019_hybrid_mags_cmr5.MA.201907_P_1_1to5_40.fna	stordalen_mire_2019_hybrid_mags	85.23	7.94	B_L006	class
stordalen_mire_2019_hybrid_mags_cmr5.MA.201907_P_1_1to5_42.fna	stordalen_mire_2019_hybrid_mags	72.57	4.89	B_L001	phylum
stordalen_mire_2019_hybrid_mags_cmr5.MA.201907_P_1_1to5_43.fna	stordalen_mire_2019_hybrid_mags	85.53	3.5	B_L001	phylum
stordalen_mire_2019_hybrid_mags_cmr5.MA.201907_P_1_1to5_47.fna	stordalen_mire_2019_hybrid_mags	72.21	4.8	B_L048	phylum
stordalen_mire_2019_hybrid_mags_cmr5.MA.201907_P_1_1to5_48.fna	stordalen_mire_2019_hybrid_mags	85.88	2.89	B_L001	phylum
stordalen_mire_2019_hybrid_mags_cmr5.MA.201907_P_1_1to5_49.fna	stordalen_mire_2019_hybrid_mags	84.0	1.15	B_L001	phylum
stordalen_mire_2019_hybrid_mags_cmr5.MA.201907_P_1_1to5_7.fna	stordalen_mire_2019_hybrid_mags	82.36	3.34	B_L042	phylum
stordalen_mire_2019_hybrid_mags_cmr5.MA.201907_P_1_20to24_13.fna	stordalen_mire_2019_hybrid_mags	98.95	2.21	B_L006	class
stordalen_mire_2019_hybrid_mags_cmr5.MA.201907_P_1_20to24_15.fna	stordalen_mire_2019_hybrid_mags	75.01	6.78	B_L048	phylum
stordalen_mire_2019_hybrid_mags_cmr5.MA.201907_P_1_20to24_19.fna	stordalen_mire_2019_hybrid_mags	90.35	4.84	B_L048	phylum
stordalen_mire_2019_hybrid_mags_cmr5.MA.201907_P_1_20to24_2.fna	stordalen_mire_2019_hybrid_mags	96.88	2.13	B_L048	phylum
stordalen_mire_2019_hybrid_mags_cmr5.MA.201907_P_1_20to24_24.fna	stordalen_mire_2019_hybrid_mags	87.71	6.52	B_L048	phylum
stordalen_mire_2019_hybrid_mags_cmr5.MA.201907_P_1_20to24_32.fna	stordalen_mire_2019_hybrid_mags	94.44	1.18	B_L044	phylum
stordalen_mire_2019_hybrid_mags_cmr5.MA.201907_P_1_20to24_8.fna	stordalen_mire_2019_hybrid_mags	91.1	4.34	B_L001	phylum
stordalen_mire_2019_hybrid_mags_cmr5.MA.201907_P_1_20to24_9.fna	stordalen_mire_2019_hybrid_mags	73.3	9.53	B_L048	phylum
stordalen_mire_2019_hybrid_mags_cmr5.MA.201907_S_1_1to5_0.fna	stordalen_mire_2019_hybrid_mags	74.63	4.62	B_L048	phylum
stordalen_mire_2019_hybrid_mags_cmr5.MA.201907_S_1_1to5_1.fna	stordalen_mire_2019_hybrid_mags	79.07	2.27	B_L044	phylum
stordalen_mire_2019_hybrid_mags_cmr5.MA.201907_S_1_1to5_15.fna	stordalen_mire_2019_hybrid_mags	91.43	0.86	B_L001	phylum
stordalen_mire_2019_hybrid_mags_cmr5.MA.201907_S_1_1to5_17.fna	stordalen_mire_2019_hybrid_mags	78.75	4.34	B_L006	class
stordalen_mire_2019_hybrid_mags_cmr5.MA.201907_S_1_1to5_22.fna	stordalen_mire_2019_hybrid_mags	78.49	3.47	B_L001	phylum
stordalen_mire_2019_hybrid_mags_cmr5.MA.201907_S_1_1to5_5.fna	stordalen_mire_2019_hybrid_mags	81.2	6.33	B_L006	class
stordalen_mire_2019_hybrid_mags_cmr5.MA.201907_S_1_1to5_6.fna	stordalen_mire_2019_hybrid_mags	85.46	1.06	B_L048	phylum
stordalen_mire_2019_hybrid_mags_cmr5.MA.201907_S_1_20to24_11.fna	stordalen_mire_2019_hybrid_mags	79.59	6.25	B_L048	phylum
stordalen_mire_2019_hybrid_mags_cmr5.MA.201907_S_1_20to24_14.fna	stordalen_mire_2019_hybrid_mags	94.89	9.79	B_L048	phylum
stordalen_mire_2019_hybrid_mags_cmr5.MA.201907_S_1_20to24_16.fna	stordalen_mire_2019_hybrid_mags	86.27	3.96	B_L001	phylum
stordalen_mire_2019_hybrid_mags_cmr5.MA.201907_S_1_20to24_20.fna	stordalen_mire_2019_hybrid_mags	77.12	0.8	B_L002	phylum
stordalen_mire_2019_hybrid_mags_cmr5.MA.201907_S_1_20to24_21.fna	stordalen_mire_2019_hybrid_mags	99.23	2.06	B_L058	class
stordalen_mire_2019_hybrid_mags_cmr5.MA.201907_S_1_20to24_26.fna	stordalen_mire_2019_hybrid_mags	91.77	4.78	B_L048	phylum
stordalen_mire_2019_hybrid_mags_cmr5.MA.201907_S_1_20to24_28.fna	stordalen_mire_2019_hybrid_mags	88.93	9.19	B_L048	phylum
stordalen_mire_2019_hybrid_mags_cmr5.MA.201907_S_1_20to24_32.fna	stordalen_mire_2019_hybrid_mags	93.0	1.21	B_L044	phylum
stordalen_mire_2019_hybrid_mags_cmr5.MA.201907_S_1_20to24_4.fna	stordalen_mire_2019_hybrid_mags	89.62	1.87	B_L048	phylum
stordalen_mire_2019_hybrid_mags_cmr6.MA.201907_E_1_1to5_0.fna	stordalen_mire_2019_hybrid_mags	85.02	4.19	B_L044	phylum
stordalen_mire_2019_hybrid_mags_cmr6.MA.201907_E_1_1to5_1.fna	stordalen_mire_2019_hybrid_mags	94.51	2.51	B_L044	phylum
stordalen_mire_2019_hybrid_mags_cmr6.MA.201907_E_1_1to5_10.fna	stordalen_mire_2019_hybrid_mags	78.11	2.69	B_L054	class
stordalen_mire_2019_hybrid_mags_cmr6.MA.201907_E_1_1to5_12.fna	stordalen_mire_2019_hybrid_mags	72.42	3.25	B_L005	phylum
stordalen_mire_2019_hybrid_mags_cmr6.MA.201907_E_1_1to5_13.fna	stordalen_mire_2019_hybrid_mags	92.36	5.93	B_L005	phylum
stordalen_mire_2019_hybrid_mags_cmr6.MA.201907_E_1_1to5_14.fna	stordalen_mire_2019_hybrid_mags	74.81	9.73	B_L001	phylum
stordalen_mire_2019_hybrid_mags_cmr6.MA.201907_E_1_1to5_15.fna	stordalen_mire_2019_hybrid_mags	77.33	1.66	B_L044	phylum
stordalen_mire_2019_hybrid_mags_cmr6.MA.201907_E_1_1to5_16.fna	stordalen_mire_2019_hybrid_mags	93.59	1.82	B_L044	phylum
stordalen_mire_2019_hybrid_mags_cmr6.MA.201907_E_1_1to5_17.fna	stordalen_mire_2019_hybrid_mags	74.08	2.37	B_L001	phylum
stordalen_mire_2019_hybrid_mags_cmr6.MA.201907_E_1_1to5_20.fna	stordalen_mire_2019_hybrid_mags	87.1	0.14	B_L001	phylum
stordalen_mire_2019_hybrid_mags_cmr6.MA.201907_E_1_1to5_22.fna	stordalen_mire_2019_hybrid_mags	73.48	2.37	B_L044	phylum
stordalen_mire_2019_hybrid_mags_cmr6.MA.201907_E_1_1to5_24.fna	stordalen_mire_2019_hybrid_mags	91.22	3.49	B_L044	phylum
stordalen_mire_2019_hybrid_mags_cmr6.MA.201907_E_1_1to5_27.fna	stordalen_mire_2019_hybrid_mags	98.73	1.08	B_L005	phylum
stordalen_mire_2019_hybrid_mags_cmr6.MA.201907_E_1_1to5_4.fna	stordalen_mire_2019_hybrid_mags	77.57	4.16	B_L005	phylum
stordalen_mire_2019_hybrid_mags_cmr6.MA.201907_E_1_1to5_5.fna	stordalen_mire_2019_hybrid_mags	90.94	7.36	B_L005	phylum
stordalen_mire_2019_hybrid_mags_cmr6.MA.201907_E_1_1to5_6.fna	stordalen_mire_2019_hybrid_mags	81.01	2.89	B_L048	phylum
stordalen_mire_2019_hybrid_mags_cmr6.MA.201907_E_1_1to5_7.fna	stordalen_mire_2019_hybrid_mags	86.25	2.96	B_L006	class
stordalen_mire_2019_hybrid_mags_cmr6.MA.201907_E_1_1to5_8.fna	stordalen_mire_2019_hybrid_mags	94.01	5.95	B_L002	phylum
stordalen_mire_2019_hybrid_mags_cmr6.MA.201907_E_1_20to24_0.fna	stordalen_mire_2019_hybrid_mags	79.46	4.32	B_L048	phylum
stordalen_mire_2019_hybrid_mags_cmr6.MA.201907_E_1_20to24_1.fna	stordalen_mire_2019_hybrid_mags	74.68	0.33	B_L030	phylum
stordalen_mire_2019_hybrid_mags_cmr6.MA.201907_E_1_20to24_10.fna	stordalen_mire_2019_hybrid_mags	76.41	1.44	B_L048	phylum
stordalen_mire_2019_hybrid_mags_cmr6.MA.201907_E_1_20to24_11.fna	stordalen_mire_2019_hybrid_mags	84.74	3.57	B_L044	phylum
stordalen_mire_2019_hybrid_mags_cmr6.MA.201907_E_1_20to24_17.fna	stordalen_mire_2019_hybrid_mags	92.06	6.75	B_L030	phylum
stordalen_mire_2019_hybrid_mags_cmr6.MA.201907_E_1_20to24_19.fna	stordalen_mire_2019_hybrid_mags	84.65	2.02	B_L030	phylum
stordalen_mire_2019_hybrid_mags_cmr6.MA.201907_E_1_20to24_23.fna	stordalen_mire_2019_hybrid_mags	98.95	0.56	B_L044	phylum
stordalen_mire_2019_hybrid_mags_cmr6.MA.201907_E_1_20to24_29.fna	stordalen_mire_2019_hybrid_mags	90.76	1.04	B_L002	phylum
stordalen_mire_2019_hybrid_mags_cmr6.MA.201907_E_1_20to24_3.fna	stordalen_mire_2019_hybrid_mags	70.21	0.73	B_L030	phylum
stordalen_mire_2019_hybrid_mags_cmr6.MA.201907_E_1_20to24_30.fna	stordalen_mire_2019_hybrid_mags	70.69	5.4	B_L002	phylum
stordalen_mire_2019_hybrid_mags_cmr6.MA.201907_E_1_20to24_33.fna	stordalen_mire_2019_hybrid_mags	72.89	4.33	B_L048	phylum
stordalen_mire_2019_hybrid_mags_cmr6.MA.201907_E_1_20to24_34.fna	stordalen_mire_2019_hybrid_mags	75.96	2.32	B_L048	phylum
stordalen_mire_2019_hybrid_mags_cmr6.MA.201907_E_1_20to24_38.fna	stordalen_mire_2019_hybrid_mags	93.13	7.91	B_L048	phylum
stordalen_mire_2019_hybrid_mags_cmr6.MA.201907_E_1_20to24_39.fna	stordalen_mire_2019_hybrid_mags	75.53	4.54	B_L001	phylum
stordalen_mire_2019_hybrid_mags_cmr6.MA.201907_E_1_20to24_4.fna	stordalen_mire_2019_hybrid_mags	74.98	7.07	B_L030	phylum
stordalen_mire_2019_hybrid_mags_cmr6.MA.201907_E_1_20to24_40.fna	stordalen_mire_2019_hybrid_mags	88.56	2.4	B_L030	phylum
stordalen_mire_2019_hybrid_mags_cmr6.MA.201907_E_1_20to24_41.fna	stordalen_mire_2019_hybrid_mags	98.84	1.95	B_L002	phylum
stordalen_mire_2019_hybrid_mags_cmr6.MA.201907_E_1_20to24_42.fna	stordalen_mire_2019_hybrid_mags	80.51	5.58	B_L048	phylum
stordalen_mire_2019_hybrid_mags_cmr6.MA.201907_E_1_20to24_44.fna	stordalen_mire_2019_hybrid_mags	97.16	1.56	B_L030	phylum
stordalen_mire_2019_hybrid_mags_cmr6.MA.201907_E_1_20to24_45.fna	stordalen_mire_2019_hybrid_mags	96.74	0.09	B_L044	phylum
stordalen_mire_2019_hybrid_mags_cmr6.MA.201907_E_1_20to24_46.fna	stordalen_mire_2019_hybrid_mags	72.16	4.6	B_L030	phylum
stordalen_mire_2019_hybrid_mags_cmr6.MA.201907_E_1_20to24_47.fna	stordalen_mire_2019_hybrid_mags	81.08	1.98	B_L069	phylum
stordalen_mire_2019_hybrid_mags_cmr6.MA.201907_E_1_20to24_49.fna	stordalen_mire_2019_hybrid_mags	75.6	3.11	B_L030	phylum
stordalen_mire_2019_hybrid_mags_cmr6.MA.201907_E_1_20to24_5.fna	stordalen_mire_2019_hybrid_mags	83.58	6.17	B_L032	phylum
stordalen_mire_2019_hybrid_mags_cmr6.MA.201907_E_1_20to24_50.fna	stordalen_mire_2019_hybrid_mags	74.47	2.48	B_L032	phylum
stordalen_mire_2019_hybrid_mags_cmr6.MA.201907_E_1_20to24_51.fna	stordalen_mire_2019_hybrid_mags	77.86	2.93	B_L048	phylum
stordalen_mire_2019_hybrid_mags_cmr6.MA.201907_E_1_20to24_54.fna	stordalen_mire_2019_hybrid_mags	95.45	0.21	B_L001	phylum
stordalen_mire_2019_hybrid_mags_cmr6.MA.201907_E_1_20to24_55.fna	stordalen_mire_2019_hybrid_mags	75.34	2.88	B_L069	phylum
stordalen_mire_2019_hybrid_mags_cmr6.MA.201907_E_1_20to24_57.fna	stordalen_mire_2019_hybrid_mags	84.34	1.02	B_L005	phylum
stordalen_mire_2019_hybrid_mags_cmr6.MA.201907_E_1_20to24_58.fna	stordalen_mire_2019_hybrid_mags	70.77	0.9	B_L005	phylum
stordalen_mire_2019_hybrid_mags_cmr6.MA.201907_E_1_20to24_61.fna	stordalen_mire_2019_hybrid_mags	96.93	1.12	B_L005	phylum
stordalen_mire_2019_hybrid_mags_cmr6.MA.201907_E_1_20to24_62.fna	stordalen_mire_2019_hybrid_mags	91.38	1.94	B_L062	phylum
stordalen_mire_2019_hybrid_mags_cmr6.MA.201907_P_1_1to5_13.fna	stordalen_mire_2019_hybrid_mags	84.91	1.72	B_L048	phylum
stordalen_mire_2019_hybrid_mags_cmr6.MA.201907_P_1_1to5_17.fna	stordalen_mire_2019_hybrid_mags	83.67	6.31	B_L044	phylum
stordalen_mire_2019_hybrid_mags_cmr6.MA.201907_P_1_1to5_18.fna	stordalen_mire_2019_hybrid_mags	76.47	0.78	B_L048	phylum
stordalen_mire_2019_hybrid_mags_cmr6.MA.201907_P_1_1to5_2.fna	stordalen_mire_2019_hybrid_mags	73.81	4.73	B_L048	phylum
stordalen_mire_2019_hybrid_mags_cmr6.MA.201907_P_1_1to5_22.fna	stordalen_mire_2019_hybrid_mags	89.0	3.67	B_L006	class
stordalen_mire_2019_hybrid_mags_cmr6.MA.201907_P_1_1to5_24.fna	stordalen_mire_2019_hybrid_mags	92.75	0.36	B_L048	phylum
stordalen_mire_2019_hybrid_mags_cmr6.MA.201907_P_1_1to5_29.fna	stordalen_mire_2019_hybrid_mags	71.72	0.51	B_L042	phylum
stordalen_mire_2019_hybrid_mags_cmr6.MA.201907_P_1_1to5_30.fna	stordalen_mire_2019_hybrid_mags	79.73	1.41	B_L013	order
stordalen_mire_2019_hybrid_mags_cmr6.MA.201907_P_1_1to5_31.fna	stordalen_mire_2019_hybrid_mags	95.32	0.38	B_L048	phylum
stordalen_mire_2019_hybrid_mags_cmr6.MA.201907_P_1_1to5_33.fna	stordalen_mire_2019_hybrid_mags	71.39	0.79	B_L006	class
stordalen_mire_2019_hybrid_mags_cmr6.MA.201907_P_1_1to5_35.fna	stordalen_mire_2019_hybrid_mags	81.6	3.62	B_L044	phylum
stordalen_mire_2019_hybrid_mags_cmr6.MA.201907_P_1_1to5_36.fna	stordalen_mire_2019_hybrid_mags	84.69	0.32	B_L008	order
stordalen_mire_2019_hybrid_mags_cmr6.MA.201907_P_1_1to5_38.fna	stordalen_mire_2019_hybrid_mags	77.19	0.45	B_L046	phylum
stordalen_mire_2019_hybrid_mags_cmr6.MA.201907_P_1_1to5_42.fna	stordalen_mire_2019_hybrid_mags	93.39	0.51	B_L008	order
stordalen_mire_2019_hybrid_mags_cmr6.MA.201907_P_1_1to5_8.fna	stordalen_mire_2019_hybrid_mags	73.85	1.82	B_L048	phylum
stordalen_mire_2019_hybrid_mags_cmr6.MA.201907_P_1_20to24_11.fna	stordalen_mire_2019_hybrid_mags	81.99	5.4	B_L008	order
stordalen_mire_2019_hybrid_mags_cmr6.MA.201907_P_1_20to24_13.fna	stordalen_mire_2019_hybrid_mags	82.87	2.18	B_L001	phylum
stordalen_mire_2019_hybrid_mags_cmr6.MA.201907_P_1_20to24_14.fna	stordalen_mire_2019_hybrid_mags	88.51	0.46	B_L044	phylum
stordalen_mire_2019_hybrid_mags_cmr6.MA.201907_P_1_20to24_15.fna	stordalen_mire_2019_hybrid_mags	95.79	1.44	B_L048	phylum
stordalen_mire_2019_hybrid_mags_cmr6.MA.201907_P_1_20to24_17.fna	stordalen_mire_2019_hybrid_mags	100.0	6.48	B_L048	phylum
stordalen_mire_2019_hybrid_mags_cmr6.MA.201907_P_1_20to24_18.fna	stordalen_mire_2019_hybrid_mags	73.16	2.14	B_L001	phylum
stordalen_mire_2019_hybrid_mags_cmr6.MA.201907_P_1_20to24_19.fna	stordalen_mire_2019_hybrid_mags	74.1	3.39	B_L048	phylum
stordalen_mire_2019_hybrid_mags_cmr6.MA.201907_P_1_20to24_2.fna	stordalen_mire_2019_hybrid_mags	78.2	4.01	B_L044	phylum
stordalen_mire_2019_hybrid_mags_cmr6.MA.201907_P_1_20to24_23.fna	stordalen_mire_2019_hybrid_mags	94.07	3.33	B_L029	phylum
stordalen_mire_2019_hybrid_mags_cmr6.MA.201907_P_1_20to24_25.fna	stordalen_mire_2019_hybrid_mags	81.53	3.15	B_L029	phylum
stordalen_mire_2019_hybrid_mags_cmr6.MA.201907_P_1_20to24_32.fna	stordalen_mire_2019_hybrid_mags	79.52	1.14	B_L001	phylum
stordalen_mire_2019_hybrid_mags_cmr6.MA.201907_P_1_20to24_36.fna	stordalen_mire_2019_hybrid_mags	75.97	1.76	B_L044	phylum
stordalen_mire_2019_hybrid_mags_cmr6.MA.201907_P_1_20to24_37.fna	stordalen_mire_2019_hybrid_mags	78.72	0.48	B_L002	phylum
stordalen_mire_2019_hybrid_mags_cmr6.MA.201907_P_1_20to24_4.fna	stordalen_mire_2019_hybrid_mags	100.0	0.53	B_L013	order
stordalen_mire_2019_hybrid_mags_cmr6.MA.201907_P_1_20to24_41.fna	stordalen_mire_2019_hybrid_mags	87.92	2.8	B_L048	phylum
stordalen_mire_2019_hybrid_mags_cmr6.MA.201907_P_1_20to24_44.fna	stordalen_mire_2019_hybrid_mags	94.88	3.81	B_L033	class
stordalen_mire_2019_hybrid_mags_cmr6.MA.201907_P_1_20to24_45.fna	stordalen_mire_2019_hybrid_mags	95.31	5.48	B_L001	phylum
stordalen_mire_2019_hybrid_mags_cmr6.MA.201907_P_1_20to24_47.fna	stordalen_mire_2019_hybrid_mags	75.58	2.41	B_L048	phylum
stordalen_mire_2019_hybrid_mags_cmr6.MA.201907_P_1_20to24_5.fna	stordalen_mire_2019_hybrid_mags	73.92	5.81	B_L006	class
stordalen_mire_2019_hybrid_mags_cmr6.MA.201907_P_1_20to24_53.fna	stordalen_mire_2019_hybrid_mags	85.66	1.89	B_L048	phylum
stordalen_mire_2019_hybrid_mags_cmr6.MA.201907_P_1_20to24_8.fna	stordalen_mire_2019_hybrid_mags	94.21	1.41	B_L001	phylum
stordalen_mire_2019_hybrid_mags_cmr6.MA.201907_S_1_1to5_1.fna	stordalen_mire_2019_hybrid_mags	94.63	1.97	B_L006	class
stordalen_mire_2019_hybrid_mags_cmr6.MA.201907_S_1_1to5_10.fna	stordalen_mire_2019_hybrid_mags	72.37	5.39	B_L044	phylum
stordalen_mire_2019_hybrid_mags_cmr6.MA.201907_S_1_1to5_13.fna	stordalen_mire_2019_hybrid_mags	95.25	3.22	B_L014	order
stordalen_mire_2019_hybrid_mags_cmr6.MA.201907_S_1_1to5_14.fna	stordalen_mire_2019_hybrid_mags	93.45	1.01	B_L048	phylum
stordalen_mire_2019_hybrid_mags_cmr6.MA.201907_S_1_1to5_16.fna	stordalen_mire_2019_hybrid_mags	94.44	2.79	B_L042	phylum
stordalen_mire_2019_hybrid_mags_cmr6.MA.201907_S_1_1to5_18.fna	stordalen_mire_2019_hybrid_mags	90.74	6.09	B_L048	phylum
stordalen_mire_2019_hybrid_mags_cmr6.MA.201907_S_1_1to5_24.fna	stordalen_mire_2019_hybrid_mags	88.21	2.34	B_L048	phylum
stordalen_mire_2019_hybrid_mags_cmr6.MA.201907_S_1_1to5_27.fna	stordalen_mire_2019_hybrid_mags	78.63	3.01	B_L006	class
stordalen_mire_2019_hybrid_mags_cmr6.MA.201907_S_1_1to5_29.fna	stordalen_mire_2019_hybrid_mags	75.07	1.3	B_L048	phylum
stordalen_mire_2019_hybrid_mags_cmr6.MA.201907_S_1_1to5_3.fna	stordalen_mire_2019_hybrid_mags	77.76	3.09	B_L044	phylum
stordalen_mire_2019_hybrid_mags_cmr6.MA.201907_S_1_1to5_32.fna	stordalen_mire_2019_hybrid_mags	77.48	2.34	B_L048	phylum
stordalen_mire_2019_hybrid_mags_cmr6.MA.201907_S_1_1to5_34.fna	stordalen_mire_2019_hybrid_mags	77.26	3.53	B_L006	class
stordalen_mire_2019_hybrid_mags_cmr6.MA.201907_S_1_1to5_35.fna	stordalen_mire_2019_hybrid_mags	78.86	8.9	B_L029	phylum
stordalen_mire_2019_hybrid_mags_cmr6.MA.201907_S_1_1to5_36.fna	stordalen_mire_2019_hybrid_mags	96.65	0.36	B_L001	phylum
stordalen_mire_2019_hybrid_mags_cmr6.MA.201907_S_1_1to5_37.fna	stordalen_mire_2019_hybrid_mags	96.87	2.3	B_L033	class
stordalen_mire_2019_hybrid_mags_cmr6.MA.201907_S_1_1to5_38.fna	stordalen_mire_2019_hybrid_mags	71.47	0.51	B_L044	phylum
stordalen_mire_2019_hybrid_mags_cmr6.MA.201907_S_1_1to5_4.fna	stordalen_mire_2019_hybrid_mags	70.76	1.28	B_L041	phylum
stordalen_mire_2019_hybrid_mags_cmr6.MA.201907_S_1_1to5_40.fna	stordalen_mire_2019_hybrid_mags	98.8	0.35	B_L001	phylum
stordalen_mire_2019_hybrid_mags_cmr6.MA.201907_S_1_1to5_5.fna	stordalen_mire_2019_hybrid_mags	72.41	4.68	B_L044	phylum
stordalen_mire_2019_hybrid_mags_cmr6.MA.201907_S_1_1to5_6.fna	stordalen_mire_2019_hybrid_mags	85.6	2.29	B_L030	phylum
stordalen_mire_2019_hybrid_mags_cmr6.MA.201907_S_1_20to24_0.fna	stordalen_mire_2019_hybrid_mags	89.54	3.87	B_L048	phylum
stordalen_mire_2019_hybrid_mags_cmr6.MA.201907_S_1_20to24_13.fna	stordalen_mire_2019_hybrid_mags	90.47	1.28	B_L048	phylum
stordalen_mire_2019_hybrid_mags_cmr6.MA.201907_S_1_20to24_17.fna	stordalen_mire_2019_hybrid_mags	71.41	5.46	B_L006	class
stordalen_mire_2019_hybrid_mags_cmr6.MA.201907_S_1_20to24_2.fna	stordalen_mire_2019_hybrid_mags	93.64	3.47	B_L029	phylum
stordalen_mire_2019_hybrid_mags_cmr6.MA.201907_S_1_20to24_23.fna	stordalen_mire_2019_hybrid_mags	91.85	4.27	B_L001	phylum
stordalen_mire_2019_hybrid_mags_cmr6.MA.201907_S_1_20to24_34.fna	stordalen_mire_2019_hybrid_mags	72.72	2.1	B_L048	phylum
stordalen_mire_2019_hybrid_mags_cmr6.MA.201907_S_1_20to24_35.fna	stordalen_mire_2019_hybrid_mags	77.51	6.05	B_L044	phylum
stordalen_mire_2019_hybrid_mags_cmr6.MA.201907_S_1_20to24_36.fna	stordalen_mire_2019_hybrid_mags	90.13	1.23	B_L048	phylum
stordalen_mire_2019_hybrid_mags_cmr6.MA.201907_S_1_20to24_44.fna	stordalen_mire_2019_hybrid_mags	95.93	0.42	B_L001	phylum
stordalen_mire_2019_hybrid_mags_cmr6.MA.201907_S_1_20to24_45.fna	stordalen_mire_2019_hybrid_mags	99.13	0.15	B_L030	phylum
stordalen_mire_2019_hybrid_mags_cmr6.MA.201907_S_1_20to24_47.fna	stordalen_mire_2019_hybrid_mags	76.38	3.18	B_L001	phylum
stordalen_mire_2019_hybrid_mags_cmr6.MA.201907_S_1_20to24_51.fna	stordalen_mire_2019_hybrid_mags	80.34	0.93	B_L008	order
stordalen_mire_2019_hybrid_mags_cmr6.MA.201907_S_1_20to24_57.fna	stordalen_mire_2019_hybrid_mags	97.57	1.02	B_L006	class
