genome_id	KdpABC	KdpDE	ProVWX	EctABC	EctD	BetAB	dataset_id	checkm2_completeness	checkm2_contamination	contig_n50	total_contigs	passes_primary_50_10	passes_strict_90_5	accession	domain	phylum	class	order	family	genus	species	taxonomy_source	warnings	site_labels	n_parent_samples	background_flagged	ani_cluster_95	assembly	parent_sample_ids	biosample	shares_ANI95_with_original3904	shares_ANI95_with_any_existing	ANI_site_union	ANI_n_sites	selection_score	id_sort
desert2025__GCA_030948185.1	not_detected	partial	not_detected	not_detected	not_detected	partial	global_desert_PRJNA832417	100.0	0.0	62662	135	True	True	GCA_030948185.1	Bacteria	Acidobacteriota	Thermoanaerobaculia	UBA5066	Gp7-AA6	JALYUA01	JALYUA01 sp030948185	desert_prefixed_r226		Kap Hoegh	1.0	False	ANI95_02237	GCA_030948185.1	SAMN27861916	SAMN28015695	False	False	Kap Hoegh	1	100.0	desert2025__GCA_030948185.1
desert2025__GCA_030861725.1	not_detected	partial	not_detected	not_detected	not_detected	not_detected	global_desert_PRJNA832417	100.0	0.0	61913	76	True	True	GCA_030861725.1	Bacteria	Actinomycetota	CADDZG01	CADDZG01	WHSQ01	JALZEG01	JALZEG01 sp030861725	desert_prefixed_r226		Negev Desert	1.0	False	ANI95_02069	GCA_030861725.1	SAMN27861867	SAMN28015817	False	False	Negev Desert	1	100.0	desert2025__GCA_030861725.1
desert2025__GCA_030855235.1	not_detected	not_detected	not_detected	not_detected	not_detected	not_detected	global_desert_PRJNA832417	99.95	0.02	193401	44	True	True	GCA_030855235.1	Bacteria	Pseudomonadota	Gammaproteobacteria	Burkholderiales	Burkholderiaceae	Polaromonas	Polaromonas sp030855235	desert_prefixed_r226		McMurdo Dry Valleys	1.0	False	ANI95_01790	GCA_030855235.1	SAMN27861884	SAMN28015462	False	False	McMurdo Dry Valleys	1	99.85000000000001	desert2025__GCA_030855235.1
desert2025__GCA_030855635.1	not_detected	not_detected	not_detected	not_detected	not_detected	not_detected	global_desert_PRJNA832417	100.0	0.09	48483	148	True	True	GCA_030855635.1	Bacteria	Bacteroidota	Bacteroidia	AKYH767-A	OLB10	JADKJB01	JADKJB01 sp030855635	desert_prefixed_r226		McMurdo Dry Valleys	3.0	False	ANI95_01807	GCA_030855635.1	SAMN27861883;SAMN27861884;SAMN27861885	SAMN28015438	False	False	McMurdo Dry Valleys	1	99.55	desert2025__GCA_030855635.1
desert2025__GCA_030776625.1	not_detected	partial	not_detected	not_detected	not_detected	not_detected	global_desert_PRJNA832417	100.0	0.26	314447	14	True	True	GCA_030776625.1	Bacteria	Actinomycetota	CADDZG01	CADDZG01	WHSQ01	MB1-2	MB1-2 sp030776625	desert_prefixed_r226		Gobi Desert - China	1.0	False	ANI95_01629	GCA_030776625.1	SAMN27861900	SAMN28004850	False	False	Gobi Desert - China	1	98.7	desert2025__GCA_030776625.1
desert2025__GCA_030853195.1	panel_complete	partial	not_detected	not_detected	not_detected	not_detected	global_desert_PRJNA832417	99.71	0.23	92125	87	True	True	GCA_030853195.1	Bacteria	Bacteroidota	Bacteroidia	Chitinophagales	Chitinophagaceae	Ginsengibacter	Ginsengibacter sp030853195	desert_prefixed_r226		Lagoon Island	1.0	False	ANI95_01697	GCA_030853195.1	SAMN27861892	SAMN28015560	False	False	Lagoon Island	1	98.55999999999999	desert2025__GCA_030853195.1
desert2025__GCA_030855525.1	not_detected	not_detected	not_detected	not_detected	not_detected	not_detected	global_desert_PRJNA832417	98.06	0.17	25028	40	True	True	GCA_030855525.1	Bacteria	Patescibacteriota	Minisyncoccia	UBA9973	JAKAEA01	JALYQZ01	JALYQZ01 sp030855525	desert_prefixed_r226		McMurdo Dry Valleys	3.0	False	ANI95_01802	GCA_030855525.1	SAMN27861883;SAMN27861884;SAMN27861885	SAMN28015441	False	False	McMurdo Dry Valleys	1	97.21000000000001	desert2025__GCA_030855525.1
desert2025__GCA_030774055.1	panel_complete	panel_complete	not_detected	not_detected	not_detected	partial	global_desert_PRJNA832417	96.96	0.01	24934	165	True	True	GCA_030774055.1	Bacteria	Acidobacteriota	Terriglobia	Terriglobales	JACPNR01	JACPNR01	JACPNR01 sp030774055	desert_prefixed_r226		Alex Fiord-Dome	1.0	False	ANI95_01533	GCA_030774055.1	SAMN27861914	SAMN28004965	False	False	Alex Fiord-Dome	1	96.91	desert2025__GCA_030774055.1
desert2025__GCA_030773415.1	not_detected	not_detected	not_detected	not_detected	not_detected	not_detected	global_desert_PRJNA832417	100.0	0.62	20756	192	True	True	GCA_030773415.1	Bacteria	Actinomycetota	Actinomycetes	Mycobacteriales	JALYNC01	JALYNC01	JALYNC01 sp030773415	desert_prefixed_r226		Atacama Desert	3.0	False	ANI95_01509	GCA_030773415.1	SAMN27861919;SAMN27861920;SAMN27861921	SAMN28004997	False	False	Atacama Desert	1	96.9	desert2025__GCA_030773415.1
desert2025__GCA_030855725.1	not_detected	not_detected	not_detected	not_detected	not_detected	not_detected	global_desert_PRJNA832417	97.97	0.26	55566	25	True	True	GCA_030855725.1	Bacteria	Patescibacteriota	Minisyncoccia	UBA9973	UBA9973	UBA9973	UBA9973 sp030855725	desert_prefixed_r226		McMurdo Dry Valleys	3.0	False	ANI95_01811	GCA_030855725.1	SAMN27861883;SAMN27861884;SAMN27861885	SAMN28015434	False	False	McMurdo Dry Valleys	1	96.67	desert2025__GCA_030855725.1
desert2025__GCA_030860485.1	panel_complete	panel_complete	not_detected	not_detected	not_detected	not_detected	global_desert_PRJNA832417	97.92	0.25	18347	395	True	True	GCA_030860485.1	Bacteria	Pseudomonadota	Gammaproteobacteria	JACCXJ01	JACCXJ01	JACCXJ01	JACCXJ01 sp030860485	desert_prefixed_r226		Mojave Desert	3.0	False	ANI95_02015	GCA_030860485.1	SAMN27861880;SAMN27861881;SAMN27861882	SAMN28015896	False	False	Mojave Desert	1	96.67	desert2025__GCA_030860485.1
desert2025__GCA_030858965.1	not_detected	not_detected	not_detected	not_detected	not_detected	partial	global_desert_PRJNA832417	96.62	0.0	27704	197	True	True	GCA_030858965.1	Bacteria	Actinomycetota	CADDZG01	CADDZG01	WHSQ01	JACDDL01	JACDDL01 sp013817045	desert_prefixed_r226		Mount Seuss	3.0	False	ANI95_01948	GCA_030858965.1	SAMN27861886;SAMN27861887;SAMN27861888	SAMN28015975	False	False	Mount Seuss	1	96.62	desert2025__GCA_030858965.1
desert2025__GCA_030948385.1	not_detected	not_detected	not_detected	not_detected	not_detected	not_detected	global_desert_PRJNA832417	98.74	0.54	20345	188	True	True	GCA_030948385.1	Bacteria	Actinomycetota	Actinomycetes	Mycobacteriales	QHCA01	QHCA01	QHCA01 sp030948385	desert_prefixed_r226		Kap Hoegh	3.0	False	ANI95_02246	GCA_030948385.1	SAMN27861916;SAMN27861917;SAMN27861918	SAMN28015686	False	False	Kap Hoegh	1	96.03999999999999	desert2025__GCA_030948385.1
desert2025__GCA_030859905.1	not_detected	panel_complete	not_detected	not_detected	not_detected	not_detected	global_desert_PRJNA832417	96.91	0.19	25818	257	True	True	GCA_030859905.1	Bacteria	Acidobacteriota	Blastocatellia	Pyrinomonadales	Pyrinomonadaceae	PSRF01	PSRF01 sp030859905	desert_prefixed_r226		Mojave Desert	3.0	False	ANI95_01987	GCA_030859905.1	SAMN27861880;SAMN27861881;SAMN27861882	SAMN28015924	False	False	Mojave Desert	1	95.96	desert2025__GCA_030859905.1
desert2025__GCA_030775825.1	panel_complete	panel_complete	not_detected	not_detected	not_detected	not_detected	global_desert_PRJNA832417	98.63	0.57	26546	205	True	True	GCA_030775825.1	Bacteria	Actinomycetota	Actinomycetes	Mycobacteriales	Jatrophihabitantaceae	JALYIS01	JALYIS01 sp030775825	desert_prefixed_r226		Hietatievat	3.0	False	ANI95_01607	GCA_030775825.1	SAMN27861904;SAMN27861905;SAMN27861906	SAMN28004876	False	False	Hietatievat	1	95.78	desert2025__GCA_030775825.1
desert2025__GCA_030776465.1	panel_complete	panel_complete	not_detected	not_detected	not_detected	not_detected	global_desert_PRJNA832417	98.47	0.57	20605	153	True	True	GCA_030776465.1	Bacteria	Pseudomonadota	Alphaproteobacteria	Sphingomonadales	Sphingomonadaceae	Novosphingobium	Novosphingobium sp030776465	desert_prefixed_r226		Hietatievat	3.0	False	ANI95_01625	GCA_030776465.1	SAMN27861904;SAMN27861905;SAMN27861906	SAMN28004856	False	False	Hietatievat	1	95.62	desert2025__GCA_030776465.1
desert2025__GCA_030856205.1	not_detected	not_detected	not_detected	not_detected	not_detected	not_detected	global_desert_PRJNA832417	95.33	0.0	37576	42	True	True	GCA_030856205.1	Bacteria	Patescibacteriota	Saccharimonadia	Saccharimonadales	JAGQNJ01	JALYPT01	JALYPT01 sp030856205	desert_prefixed_r226		McMurdo Dry Valleys	3.0	False	ANI95_01835	GCA_030856205.1	SAMN27861883;SAMN27861884;SAMN27861885	SAMN28015409	False	False	McMurdo Dry Valleys	1	95.33	desert2025__GCA_030856205.1
desert2025__GCA_030856365.1	not_detected	panel_complete	not_detected	not_detected	not_detected	not_detected	global_desert_PRJNA832417	96.45	0.24	18574	217	True	True	GCA_030856365.1	Bacteria	Pseudomonadota	Alphaproteobacteria	Sphingomonadales	Sphingomonadaceae	Sphingomicrobium	Sphingomicrobium sp030856365	desert_prefixed_r226		McMurdo Dry Valleys	3.0	False	ANI95_01841	GCA_030856365.1	SAMN27861883;SAMN27861884;SAMN27861885	SAMN28015402	False	False	McMurdo Dry Valleys	1	95.25	desert2025__GCA_030856365.1
desert2025__GCA_030946875.1	not_detected	not_detected	not_detected	not_detected	not_detected	partial	global_desert_PRJNA832417	96.3	0.32	21841	278	True	True	GCA_030946875.1	Bacteria	Pseudomonadota	Gammaproteobacteria	Burkholderiales	Casimicrobiaceae	CAIWHR01	CAIWHR01 sp030946875	desert_prefixed_r226		Kap Hoegh	3.0	False	ANI95_02199	GCA_030946875.1	SAMN27861916;SAMN27861917;SAMN27861918	SAMN28015622	False	False	Kap Hoegh	1	94.7	desert2025__GCA_030946875.1
desert2025__GCA_030857065.1	not_detected	not_detected	not_detected	not_detected	not_detected	not_detected	global_desert_PRJNA832417	94.8	0.02	9529	63	True	True	GCA_030857065.1	Bacteria	Patescibacteriota	Minisyncoccia	UBA9973	UBA9973	UBA9973	UBA9973 sp030857065	desert_prefixed_r226		McMurdo Dry Valleys	3.0	False	ANI95_01873	GCA_030857065.1	SAMN27861883;SAMN27861884;SAMN27861885	SAMN28015367	False	False	McMurdo Dry Valleys	1	94.7	desert2025__GCA_030857065.1
desert2025__GCA_030853635.1	panel_complete	partial	not_detected	not_detected	not_detected	partial	global_desert_PRJNA832417	96.34	0.33	33736	142	True	True	GCA_030853635.1	Bacteria	Vulcanimicrobiota	Vulcanimicrobiia	Eremiobacterales	Eremiobacteraceae	Mawsoniella	Mawsoniella sp030853635	desert_prefixed_r226		Lagoon Island	3.0	False	ANI95_01716	GCA_030853635.1	SAMN27861892;SAMN27861893;SAMN27861894	SAMN28015537	False	False	Lagoon Island	1	94.69	desert2025__GCA_030853635.1
desert2025__GCA_030860695.1	not_detected	partial	not_detected	not_detected	not_detected	not_detected	global_desert_PRJNA832417	100.0	1.08	17804	513	True	True	GCA_030860695.1	Bacteria	Actinomycetota	Actinomycetes	Mycobacteriales	Pseudonocardiaceae	GCA-003244245	GCA-003244245 sp030860695	desert_prefixed_r226		Sonoran Desert	1.0	False	ANI95_02025	GCA_030860695.1	SAMN27861877	SAMN28015887	False	False	Sonoran Desert	1	94.6	desert2025__GCA_030860695.1
desert2025__GCA_030774015.1	not_detected	panel_complete	not_detected	not_detected	not_detected	not_detected	global_desert_PRJNA832417	97.18	0.54	31557	202	True	True	GCA_030774015.1	Bacteria	Actinomycetota	UBA4738	UBA4738	JACQTL01	JALYLZ01	JALYLZ01 sp030774015	desert_prefixed_r226		Alex Fiord-Dome	1.0	False	ANI95_01531	GCA_030774015.1	SAMN27861915	SAMN28004968	False	False	Alex Fiord-Dome	1	94.48	desert2025__GCA_030774015.1
desert2025__GCA_030913905.1	not_detected	panel_complete	not_detected	not_detected	not_detected	not_detected	global_desert_PRJNA832417	97.75	0.66	7935	659	True	True	GCA_030913905.1	Bacteria	Acidobacteriota	Blastocatellia	Pyrinomonadales	Pyrinomonadaceae	PSRF01	PSRF01 sp030913905	desert_prefixed_r226		Svalbard	3.0	False	ANI95_02157	GCA_030913905.1	SAMN27861907;SAMN27861908;SAMN27861909	SAMN28016063	False	False	Svalbard	1	94.45	desert2025__GCA_030913905.1
desert2025__GCA_030858785.1	not_detected	not_detected	panel_complete	not_detected	not_detected	not_detected	global_desert_PRJNA832417	97.21	0.59	27331	196	True	True	GCA_030858785.1	Bacteria	Actinomycetota	Rubrobacteria	Rubrobacterales	Rubrobacteraceae	JACCWD01	JACCWD01 sp013695475	desert_prefixed_r226		Mount Seuss	3.0	False	ANI95_01940	GCA_030858785.1	SAMN27861886;SAMN27861887;SAMN27861888	SAMN28015980	False	False	Mount Seuss	1	94.25999999999999	desert2025__GCA_030858785.1
desert2025__GCA_030948475.1	not_detected	partial	not_detected	not_detected	not_detected	partial	global_desert_PRJNA832417	94.27	0.06	11931	448	True	True	GCA_030948475.1	Bacteria	Actinomycetota	Actinomycetes	Mycobacteriales	Jatrophihabitantaceae	JALZAI01	JALZAI01 sp030948475	desert_prefixed_r226		Kap Hoegh	3.0	False	ANI95_02250	GCA_030948475.1	SAMN27861916;SAMN27861917;SAMN27861918	SAMN28015684	False	False	Kap Hoegh	1	93.97	desert2025__GCA_030948475.1
desert2025__GCA_030948255.1	not_detected	not_detected	not_detected	not_detected	not_detected	not_detected	global_desert_PRJNA832417	95.76	0.38	48411	89	True	True	GCA_030948255.1	Bacteria	Gemmatimonadota	Gemmatimonadetes	Gemmatimonadales	Gemmatimonadaceae	JALZAQ01	JALZAQ01 sp030948255	desert_prefixed_r226		Kap Hoegh	1.0	False	ANI95_02241	GCA_030948255.1	SAMN27861916	SAMN28015692	False	False	Kap Hoegh	1	93.86	desert2025__GCA_030948255.1
desert2025__GCA_030775045.1	not_detected	not_detected	not_detected	not_detected	not_detected	not_detected	global_desert_PRJNA832417	95.86	0.4	16168	149	True	True	GCA_030775045.1	Bacteria	Pseudomonadota	Alphaproteobacteria	JALYJY01	JALYJY01	JALYJY01	JALYJY01 sp030775045	desert_prefixed_r226		Cambridge Bay	1.0	False	ANI95_01575	GCA_030775045.1	SAMN27861910	SAMN28004915	False	False	Cambridge Bay	1	93.86	desert2025__GCA_030775045.1
desert2025__GCA_030856625.1	not_detected	not_detected	not_detected	not_detected	not_detected	not_detected	global_desert_PRJNA832417	97.85	0.84	12865	282	True	True	GCA_030856625.1	Bacteria	Pseudomonadota	Gammaproteobacteria	Burkholderiales	Burkholderiaceae	JACCZX01	JACCZX01 sp013695705	desert_prefixed_r226		McMurdo Dry Valleys	3.0	False	ANI95_01854	GCA_030856625.1	SAMN27861883;SAMN27861884;SAMN27861885	SAMN28015389	False	False	McMurdo Dry Valleys	1	93.64999999999999	desert2025__GCA_030856625.1
desert2025__GCA_030857095.1	not_detected	not_detected	not_detected	partial	not_detected	not_detected	global_desert_PRJNA832417	96.79	0.63	48972	192	True	True	GCA_030857095.1	Bacteria	Myxococcota	Myxococcia	Myxococcales	Myxococcaceae	JALYOC01	JALYOC01 sp030857095	desert_prefixed_r226		McMurdo Dry Valleys	3.0	False	ANI95_01875	GCA_030857095.1	SAMN27861883;SAMN27861884;SAMN27861885	SAMN28015366	False	False	McMurdo Dry Valleys	1	93.64	desert2025__GCA_030857095.1
desert2025__GCA_030775405.1	panel_complete	panel_complete	panel_complete	not_detected	not_detected	panel_complete	global_desert_PRJNA832417	100.0	1.28	162508	70	True	True	GCA_030775405.1	Bacteria	Pseudomonadota	Gammaproteobacteria	Burkholderiales	Burkholderiaceae	Caballeronia	Caballeronia sp001557535	desert_prefixed_r226		Hietatievat	1.0	False	ANI95_01589	GCA_030775405.1	SAMN27861904	SAMN28004896	False	False	Hietatievat	1	93.6	desert2025__GCA_030775405.1
desert2025__GCA_030853345.1	panel_complete	panel_complete	not_detected	not_detected	not_detected	not_detected	global_desert_PRJNA832417	96.16	0.54	26509	230	True	True	GCA_030853345.1	Bacteria	Actinomycetota	Actinomycetes	Mycobacteriales	Jatrophihabitantaceae	QHCC01	QHCC01 sp030853345	desert_prefixed_r226		Lagoon Island	3.0	False	ANI95_01703	GCA_030853345.1	SAMN27861892;SAMN27861893;SAMN27861894	SAMN28015552	False	False	Lagoon Island	1	93.46	desert2025__GCA_030853345.1
desert2025__GCA_030856445.1	not_detected	not_detected	not_detected	not_detected	not_detected	not_detected	global_desert_PRJNA832417	100.0	1.33	20475	303	True	True	GCA_030856445.1	Bacteria	Bacteroidota	Bacteroidia	JACCXN01	JACCXN01	JACCXN01	JACCXN01 sp030856445	desert_prefixed_r226		McMurdo Dry Valleys	3.0	False	ANI95_01845	GCA_030856445.1	SAMN27861883;SAMN27861884;SAMN27861885	SAMN28015398	False	False	McMurdo Dry Valleys	1	93.35	desert2025__GCA_030856445.1
desert2025__GCA_030856645.1	partial	not_detected	not_detected	not_detected	not_detected	not_detected	global_desert_PRJNA832417	97.65	0.87	8821	404	True	True	GCA_030856645.1	Bacteria	Pseudomonadota	Gammaproteobacteria	Burkholderiales	JACMKV01	JACMKV01	JACMKV01 sp013695435	desert_prefixed_r226		McMurdo Dry Valleys	3.0	False	ANI95_01855	GCA_030856645.1	SAMN27861883;SAMN27861884;SAMN27861885	SAMN28015387	False	False	McMurdo Dry Valleys	1	93.30000000000001	desert2025__GCA_030856645.1
desert2025__GCA_030856025.1	not_detected	partial	panel_complete	not_detected	not_detected	panel_complete	global_desert_PRJNA832417	98.85	1.14	28023	189	True	True	GCA_030856025.1	Bacteria	Actinomycetota	Actinomycetes	Propionibacteriales	Nocardioidaceae	Aeromicrobium	Aeromicrobium sp030856025	desert_prefixed_r226		McMurdo Dry Valleys	3.0	False	ANI95_01826	GCA_030856025.1	SAMN27861883;SAMN27861884;SAMN27861885	SAMN28015419	False	False	McMurdo Dry Valleys	1	93.14999999999999	desert2025__GCA_030856025.1
desert2025__GCA_030799355.1	panel_complete	panel_complete	panel_complete	not_detected	not_detected	panel_complete	global_desert_PRJNA832417	97.8	0.98	61813	132	True	True	GCA_030799355.1	Bacteria	Pseudomonadota	Gammaproteobacteria	Steroidobacterales	Steroidobacteraceae	Bog-1198	Bog-1198 sp030799355	desert_prefixed_r226		Hietatievat	3.0	False	ANI95_01664	GCA_030799355.1	SAMN27861904;SAMN27861905;SAMN27861906	SAMN28004854	False	False	Hietatievat	1	92.89999999999999	desert2025__GCA_030799355.1
desert2025__GCA_030947305.1	partial	not_detected	not_detected	not_detected	not_detected	not_detected	global_desert_PRJNA832417	93.25	0.15	12579	271	True	True	GCA_030947305.1	Bacteria	Actinomycetota	Actinomycetes	Mycobacteriales	Nakamurellaceae	Nakamurella	Nakamurella sp030947305	desert_prefixed_r226		Kap Hoegh	3.0	False	ANI95_02219	GCA_030947305.1	SAMN27861916;SAMN27861917;SAMN27861918	SAMN28015599	False	False	Kap Hoegh	1	92.5	desert2025__GCA_030947305.1
desert2025__GCA_030775785.1	panel_complete	panel_complete	not_detected	not_detected	not_detected	partial	global_desert_PRJNA832417	94.28	0.38	28057	303	True	True	GCA_030775785.1	Bacteria	Acidobacteriota	Terriglobia	Terriglobales	SbA1	JALYIM01	JALYIM01 sp030775785	desert_prefixed_r226		Hietatievat	3.0	False	ANI95_01606	GCA_030775785.1	SAMN27861904;SAMN27861905;SAMN27861906	SAMN28004877	False	False	Hietatievat	1	92.38	desert2025__GCA_030775785.1
desert2025__GCA_030855265.1	not_detected	not_detected	not_detected	not_detected	not_detected	not_detected	global_desert_PRJNA832417	99.17	1.4	14893	342	True	True	GCA_030855265.1	Bacteria	Bacteroidota	Bacteroidia	2-12-FULL-35-15	2-12-FULL-35-15	2-12-FULL-35-15	2-12-FULL-35-15 sp030855265	desert_prefixed_r226		McMurdo Dry Valleys	1.0	False	ANI95_01791	GCA_030855265.1	SAMN27861884	SAMN28015459	False	False	McMurdo Dry Valleys	1	92.17	desert2025__GCA_030855265.1
desert2025__GCA_030855135.1	not_detected	not_detected	not_detected	not_detected	not_detected	not_detected	global_desert_PRJNA832417	94.81	0.53	18872	87	True	True	GCA_030855135.1	Bacteria	Patescibacteriota	Microgenomatia	UBA1400	PJMF01	JALYRS01	JALYRS01 sp030855135	desert_prefixed_r226		McMurdo Dry Valleys	1.0	False	ANI95_01785	GCA_030855135.1	SAMN27861884	SAMN28015460	False	False	McMurdo Dry Valleys	1	92.16	desert2025__GCA_030855135.1
desert2025__GCA_030775165.1	not_detected	not_detected	not_detected	not_detected	not_detected	not_detected	global_desert_PRJNA832417	93.98	0.37	23957	51	True	True	GCA_030775165.1	Bacteria	Patescibacteriota	Minisyncoccia	UBA9973	UBA9973	UBA9973	UBA9973 sp030775165	desert_prefixed_r226		Cambridge Bay	3.0	False	ANI95_01580	GCA_030775165.1	SAMN27861910;SAMN27861911;SAMN27861912	SAMN28004908	False	False	Cambridge Bay	1	92.13000000000001	desert2025__GCA_030775165.1
desert2025__GCA_030855355.1	not_detected	not_detected	not_detected	not_detected	not_detected	not_detected	global_desert_PRJNA832417	92.1	0.0	18038	78	True	True	GCA_030855355.1	Bacteria	Patescibacteriota	Saccharimonadia	Saccharimonadales	SZUA-47	JALYRK01	JALYRK01 sp030855355	desert_prefixed_r226		McMurdo Dry Valleys	1.0	False	ANI95_01795	GCA_030855355.1	SAMN27861883	SAMN28015452	False	False	McMurdo Dry Valleys	1	92.1	desert2025__GCA_030855355.1
desert2025__GCA_030776225.1	panel_complete	panel_complete	not_detected	not_detected	not_detected	not_detected	global_desert_PRJNA832417	97.68	1.12	15552	268	True	True	GCA_030776225.1	Bacteria	Acidobacteriota	Terriglobia	Bryobacterales	Bryobacteraceae	BOG-234	BOG-234 sp030776225	desert_prefixed_r226		Hietatievat	3.0	False	ANI95_01618	GCA_030776225.1	SAMN27861904;SAMN27861905;SAMN27861906	SAMN28004858	False	False	Hietatievat	1	92.08000000000001	desert2025__GCA_030776225.1
desert2025__GCA_030854715.1	not_detected	panel_complete	not_detected	not_detected	not_detected	partial	global_desert_PRJNA832417	95.16	0.71	17774	358	True	True	GCA_030854715.1	Bacteria	Acidobacteriota	Blastocatellia	Pyrinomonadales	Pyrinomonadaceae	PSRF01	PSRF01 sp030854715	desert_prefixed_r226		Livingston Island	3.0	False	ANI95_01765	GCA_030854715.1	SAMN27861889;SAMN27861890;SAMN27861891	SAMN28015485	False	False	Livingston Island	1	91.61	desert2025__GCA_030854715.1
desert2025__GCA_030854905.1	not_detected	not_detected	not_detected	not_detected	not_detected	not_detected	global_desert_PRJNA832417	97.25	1.13	20106	65	True	True	GCA_030854905.1	Bacteria	Patescibacteriota	Saccharimonadia	Saccharimonadales	SZUA-47	JALYRK01	JALYRK01 sp030854905	desert_prefixed_r226		McMurdo Dry Valleys	1.0	False	ANI95_01773	GCA_030854905.1	SAMN27861885	SAMN28015473	False	False	McMurdo Dry Valleys	1	91.6	desert2025__GCA_030854905.1
desert2025__GCA_030856655.1	not_detected	not_detected	not_detected	not_detected	not_detected	not_detected	global_desert_PRJNA832417	93.87	0.47	9125	348	True	True	GCA_030856655.1	Bacteria	Pseudomonadota	Gammaproteobacteria	Burkholderiales	Nitrosomonadaceae	Nitrosospira	Nitrosospira sp030856655	desert_prefixed_r226		McMurdo Dry Valleys	3.0	False	ANI95_01856	GCA_030856655.1	SAMN27861883;SAMN27861884;SAMN27861885	SAMN28015388	False	False	McMurdo Dry Valleys	1	91.52000000000001	desert2025__GCA_030856655.1
desert2025__GCA_030859945.1	not_detected	not_detected	not_detected	not_detected	not_detected	not_detected	global_desert_PRJNA832417	93.89	0.48	23165	181	True	True	GCA_030859945.1	Bacteria	Actinomycetota	Acidimicrobiia	Acidimicrobiales	GCA-2861595	YB1-3	YB1-3 sp030859945	desert_prefixed_r226		Mojave Desert	3.0	False	ANI95_01989	GCA_030859945.1	SAMN27861880;SAMN27861881;SAMN27861882	SAMN28015921	False	False	Mojave Desert	1	91.49	desert2025__GCA_030859945.1
desert2025__GCA_030776345.1	panel_complete	panel_complete	panel_complete	not_detected	not_detected	panel_complete	global_desert_PRJNA832417	99.48	1.63	28796	294	True	True	GCA_030776345.1	Bacteria	Pseudomonadota	Gammaproteobacteria	Steroidobacterales	Steroidobacteraceae	Bog-1198	Bog-1198 sp030776345	desert_prefixed_r226		Hietatievat	3.0	False	ANI95_01621	GCA_030776345.1	SAMN27861904;SAMN27861905;SAMN27861906	SAMN28004859	False	False	Hietatievat	1	91.33000000000001	desert2025__GCA_030776345.1
desert2025__GCA_030859345.1	not_detected	not_detected	not_detected	not_detected	not_detected	not_detected	global_desert_PRJNA832417	94.69	0.74	27490	176	True	True	GCA_030859345.1	Bacteria	Acidobacteriota	Blastocatellia	Pyrinomonadales	Pyrinomonadaceae	Aridibacter	Aridibacter sp030859345	desert_prefixed_r226		Mount Seuss	3.0	False	ANI95_01964	GCA_030859345.1	SAMN27861886;SAMN27861887;SAMN27861888	SAMN28015952	False	False	Mount Seuss	1	90.99	desert2025__GCA_030859345.1
desert2025__GCA_030775365.1	panel_complete	panel_complete	not_detected	not_detected	not_detected	not_detected	global_desert_PRJNA832417	100.0	1.85	8386	309	True	True	GCA_030775365.1	Bacteria	Pseudomonadota	Alphaproteobacteria	UBA9219	UBA9219	JALYJG01	JALYJG01 sp030775365	desert_prefixed_r226		Hietatievat	1.0	False	ANI95_01587	GCA_030775365.1	SAMN27861905	SAMN28004897	False	False	Hietatievat	1	90.75	desert2025__GCA_030775365.1
desert2025__GCA_030948915.1	not_detected	partial	not_detected	not_detected	not_detected	not_detected	global_desert_PRJNA832417	98.48	1.56	22710	302	True	True	GCA_030948915.1	Bacteria	Acidobacteriota	Thermoanaerobaculia	Gp7-AA8	Gp7-AA8	Gp7-AA10	Gp7-AA10 sp030948915	desert_prefixed_r226		Kap Hoegh	3.0	False	ANI95_02270	GCA_030948915.1	SAMN27861916;SAMN27861917;SAMN27861918	SAMN28015658	False	False	Kap Hoegh	1	90.68	desert2025__GCA_030948915.1
desert2025__GCA_030913985.1	not_detected	panel_complete	not_detected	not_detected	not_detected	not_detected	global_desert_PRJNA832417	91.68	0.21	30412	247	True	True	GCA_030913985.1	Bacteria	Chloroflexota	Chloroflexia	QHBQ01	JADMIH01	JADMIH01	JADMIH01 sp030913985	desert_prefixed_r226		Peary Land	1.0	False	ANI95_02017	GCA_030913985.1	SAMN27861876	SAMN28015875	False	False	Mojave Desert;Peary Land	2	90.63000000000001	desert2025__GCA_030913985.1
desert2025__GCA_030854185.1	not_detected	panel_complete	not_detected	not_detected	not_detected	not_detected	global_desert_PRJNA832417	98.17	1.51	36343	237	True	True	GCA_030854185.1	Bacteria	Actinomycetota	Actinomycetes	Mycobacteriales	Pseudonocardiaceae	GCA-003244245	GCA-003244245 sp030854185	desert_prefixed_r226		Livingston Island	1.0	False	ANI95_01742	GCA_030854185.1	SAMN27861891	SAMN28015512	False	False	Livingston Island	1	90.62	desert2025__GCA_030854185.1
desert2025__GCA_030856215.1	not_detected	not_detected	not_detected	not_detected	not_detected	not_detected	global_desert_PRJNA832417	99.0	1.71	35508	173	True	True	GCA_030856215.1	Bacteria	Bacteroidota	Bacteroidia	Chitinophagales	Saprospiraceae	Vicinibacter	Vicinibacter sp030856215	desert_prefixed_r226		McMurdo Dry Valleys	3.0	False	ANI95_01836	GCA_030856215.1	SAMN27861883;SAMN27861884;SAMN27861885	SAMN28015410	False	False	McMurdo Dry Valleys	1	90.45	desert2025__GCA_030856215.1
desert2025__GCA_030948685.1	not_detected	not_detected	not_detected	not_detected	not_detected	partial	global_desert_PRJNA832417	93.53	0.68	23741	165	True	True	GCA_030948685.1	Bacteria	Vulcanimicrobiota	Vulcanimicrobiia	Eremiobacterales	Eremiobacteraceae	JAFANK01	JAFANK01 sp030948685	desert_prefixed_r226		Kap Hoegh	3.0	False	ANI95_02259	GCA_030948685.1	SAMN27861916;SAMN27861917;SAMN27861918	SAMN28015671	False	False	Kap Hoegh	1	90.13	desert2025__GCA_030948685.1
desert2025__GCA_030853805.1	partial	partial	panel_complete	not_detected	not_detected	panel_complete	global_desert_PRJNA832417	92.72	0.52	11417	502	True	True	GCA_030853805.1	Bacteria	Actinomycetota	Actinomycetes	Actinomycetales	Dermatophilaceae	Allobranchiibius	Allobranchiibius sp030853805	desert_prefixed_r226		Lagoon Island	3.0	False	ANI95_01724	GCA_030853805.1	SAMN27861892;SAMN27861893;SAMN27861894	SAMN28015530	False	False	Lagoon Island	1	90.12	desert2025__GCA_030853805.1
desert2025__GCA_030855825.1	not_detected	not_detected	not_detected	not_detected	not_detected	not_detected	global_desert_PRJNA832417	97.69	1.52	110107	25	True	True	GCA_030855825.1	Bacteria	Patescibacteriota	Microgenomatia	JALYQM01	JALYQM01	JALYQM01	JALYQM01 sp030855825	desert_prefixed_r226		McMurdo Dry Valleys	3.0	False	ANI95_01816	GCA_030855825.1	SAMN27861883;SAMN27861884;SAMN27861885	SAMN28015428	False	False	McMurdo Dry Valleys	1	90.09	desert2025__GCA_030855825.1
desert2025__GCA_030946705.1	not_detected	panel_complete	panel_complete	not_detected	not_detected	panel_complete	global_desert_PRJNA832417	96.7	1.33	19167	297	True	True	GCA_030946705.1	Bacteria	Actinomycetota	Actinomycetes	Actinomycetales	Micrococcaceae	Arthrobacter_M	Arthrobacter_M sp030946705	desert_prefixed_r226		Kap Hoegh	3.0	False	ANI95_02190	GCA_030946705.1	SAMN27861916;SAMN27861917;SAMN27861918	SAMN28015632	False	False	Kap Hoegh	1	90.05	desert2025__GCA_030946705.1
desert2025__GCA_030774575.1	panel_complete	panel_complete	not_detected	not_detected	not_detected	not_detected	global_desert_PRJNA832417	94.51	0.9	71648	89	True	True	GCA_030774575.1	Bacteria	Chloroflexota	Dehalococcoidia	DSTF01	JACRBR01	JALYKW01	JALYKW01 sp030774575	desert_prefixed_r226		Alex Fiord-Dome	3.0	False	ANI95_01557	GCA_030774575.1	SAMN27861913;SAMN27861914;SAMN27861915	SAMN28004939	False	False	Alex Fiord-Dome	1	90.01	desert2025__GCA_030774575.1
desert2025__GCA_030863545.1	not_detected	not_detected	not_detected	not_detected	not_detected	not_detected	global_desert_PRJNA832417	90.85	0.2	18229	102	True	True	GCA_030863545.1	Bacteria	Actinomycetota	CADDZG01	JAHWKV01	JAHWKV01	JALZBO01	JALZBO01 sp030863545	desert_prefixed_r226		Namib Desert	3.0	False	ANI95_02147	GCA_030863545.1	SAMN27861853;SAMN27861854;SAMN27861855	SAMN28015725	False	False	Namib Desert	1	89.85	desert2025__GCA_030863545.1
desert2025__GCA_030946825.1	not_detected	not_detected	not_detected	not_detected	not_detected	not_detected	global_desert_PRJNA832417	91.67	0.38	9246	245	True	True	GCA_030946825.1	Bacteria	Chloroflexota	Limnocylindria	QHBO01	QHBO01	QHBO01	QHBO01 sp030946825	desert_prefixed_r226		Kap Hoegh	3.0	False	ANI95_02196	GCA_030946825.1	SAMN27861916;SAMN27861917;SAMN27861918	SAMN28015623	False	False	Kap Hoegh	1	89.77	desert2025__GCA_030946825.1
desert2025__GCA_030854045.1	not_detected	not_detected	not_detected	not_detected	not_detected	partial	global_desert_PRJNA832417	89.94	0.04	37124	83	True	False	GCA_030854045.1	Bacteria	Vulcanimicrobiota	Vulcanimicrobiia	Vulcanimicrobiales	Vulcanimicrobiaceae	JALYTY01	JALYTY01 sp030854045	desert_prefixed_r226		Lagoon Island	3.0	False	ANI95_01735	GCA_030854045.1	SAMN27861892;SAMN27861893;SAMN27861894	SAMN28015518	False	False	Lagoon Island	1	89.74	desert2025__GCA_030854045.1
desert2025__GCA_030854105.1	not_detected	not_detected	not_detected	not_detected	not_detected	not_detected	global_desert_PRJNA832417	94.45	0.99	27075	149	True	True	GCA_030854105.1	Bacteria	Verrucomicrobiota	Verrucomicrobiia	Chthoniobacterales	UBA10450	AV69	AV69 sp030854105	desert_prefixed_r226		Livingston Island	1.0	False	ANI95_01738	GCA_030854105.1	SAMN27861891	SAMN28015515	False	False	Livingston Island	1	89.5	desert2025__GCA_030854105.1
desert2025__GCA_030854325.1	panel_complete	panel_complete	not_detected	partial	not_detected	not_detected	global_desert_PRJNA832417	93.16	0.75	16276	377	True	True	GCA_030854325.1	Bacteria	Actinomycetota	Actinomycetes	Mycobacteriales	Jatrophihabitantaceae	Jatrophihabitans_A	Jatrophihabitans_A sp030853265	desert_prefixed_r226		Livingston Island	1.0	False	ANI95_01700	GCA_030854325.1	SAMN27861890	SAMN28015504	False	False	Lagoon Island;Livingston Island	2	89.41	desert2025__GCA_030854325.1
desert2025__GCA_030855025.1	not_detected	partial	not_detected	not_detected	not_detected	not_detected	global_desert_PRJNA832417	92.47	0.62	16523	293	True	True	GCA_030855025.1	Bacteria	Pseudomonadota	Gammaproteobacteria	Burkholderiales	Usitatibacteraceae	Usitatibacter	Usitatibacter sp030855025	desert_prefixed_r226		McMurdo Dry Valleys	1.0	False	ANI95_01779	GCA_030855025.1	SAMN27861885	SAMN28015469	False	False	McMurdo Dry Valleys	1	89.37	desert2025__GCA_030855025.1
desert2025__GCA_030854055.1	panel_complete	panel_complete	not_detected	not_detected	not_detected	not_detected	global_desert_PRJNA832417	91.26	0.39	27315	147	True	True	GCA_030854055.1	Bacteria	Gemmatimonadota	Gemmatimonadetes	Gemmatimonadales	Gemmatimonadaceae	Fen-1247	Fen-1247 sp030854055	desert_prefixed_r226		Lagoon Island	3.0	False	ANI95_01736	GCA_030854055.1	SAMN27861892;SAMN27861893;SAMN27861894	SAMN28015517	False	False	Lagoon Island	1	89.31	desert2025__GCA_030854055.1
desert2025__GCA_030775865.1	panel_complete	panel_complete	panel_complete	not_detected	not_detected	panel_complete	global_desert_PRJNA832417	96.8	1.5	41554	160	True	True	GCA_030775865.1	Bacteria	Pseudomonadota	Gammaproteobacteria	Steroidobacterales	Steroidobacteraceae	Bog-1198	Bog-1198 sp030775865	desert_prefixed_r226		Hietatievat	3.0	False	ANI95_01609	GCA_030775865.1	SAMN27861904;SAMN27861905;SAMN27861906	SAMN28004872	False	False	Hietatievat	1	89.3	desert2025__GCA_030775865.1
desert2025__GCA_030860665.1	not_detected	partial	not_detected	not_detected	not_detected	not_detected	global_desert_PRJNA832417	90.73	0.31	10466	586	True	True	GCA_030860665.1	Bacteria	Acidobacteriota	Blastocatellia	Pyrinomonadales	Pyrinomonadaceae	JALZHR01	JALZHR01 sp030860665	desert_prefixed_r226		Sonoran Desert	3.0	False	ANI95_02023	GCA_030860665.1	SAMN27861877;SAMN27861878;SAMN27861879	SAMN28015884	False	False	Sonoran Desert	1	89.18	desert2025__GCA_030860665.1
desert2025__GCA_030854945.1	not_detected	not_detected	not_detected	not_detected	not_detected	not_detected	global_desert_PRJNA832417	94.7	1.12	52967	79	True	True	GCA_030854945.1	Bacteria	Armatimonadota	Fimbriimonadia	Fimbriimonadales	ATM1	JACDEQ01	JACDEQ01 sp030854945	desert_prefixed_r226		McMurdo Dry Valleys	1.0	False	ANI95_01775	GCA_030854945.1	SAMN27861885	SAMN28015474	False	False	McMurdo Dry Valleys	1	89.10000000000001	desert2025__GCA_030854945.1
desert2025__GCA_030852845.1	not_detected	not_detected	not_detected	not_detected	not_detected	not_detected	global_desert_PRJNA832417	95.94	1.37	32979	201	True	True	GCA_030852845.1	Bacteria	Pseudomonadota	Gammaproteobacteria	Steroidobacterales	Steroidobacteraceae	ZC4RG30	ZC4RG30 sp030852845	desert_prefixed_r226		Kuwait Desert	3.0	False	ANI95_01681	GCA_030852845.1	SAMN27861901;SAMN27861902;SAMN27861903	SAMN28015577	False	False	Kuwait Desert	1	89.09	desert2025__GCA_030852845.1
desert2025__GCA_030856925.1	not_detected	not_detected	not_detected	not_detected	not_detected	not_detected	global_desert_PRJNA832417	93.67	0.94	5577	568	True	True	GCA_030856925.1	Bacteria	Pseudomonadota	Gammaproteobacteria	Burkholderiales	JALYOK01	JALYOK01	JALYOK01 sp030856925	desert_prefixed_r226		McMurdo Dry Valleys	3.0	False	ANI95_01867	GCA_030856925.1	SAMN27861883;SAMN27861884;SAMN27861885	SAMN28015374	False	False	McMurdo Dry Valleys	1	88.97	desert2025__GCA_030856925.1
desert2025__GCA_030774235.1	panel_complete	panel_complete	not_detected	not_detected	not_detected	partial	global_desert_PRJNA832417	94.14	1.04	18780	205	True	True	GCA_030774235.1	Bacteria	Actinomycetota	UBA4738	UBA4738	HRBIN12	JALYLM01	JALYLM01 sp030774235	desert_prefixed_r226		Alex Fiord-Dome	3.0	False	ANI95_01540	GCA_030774235.1	SAMN27861913;SAMN27861914;SAMN27861915	SAMN28004955	False	False	Alex Fiord-Dome	1	88.94	desert2025__GCA_030774235.1
desert2025__GCA_030862825.1	not_detected	panel_complete	panel_complete	not_detected	not_detected	partial	global_desert_PRJNA832417	91.38	0.5	13159	490	True	True	GCA_030862825.1	Bacteria	Actinomycetota	Actinomycetes	Propionibacteriales	Nocardioidaceae	Nocardioides	Nocardioides sp030862825	desert_prefixed_r226		Sahara Desert - Ksar Ghilane	3.0	False	ANI95_02116	GCA_030862825.1	SAMN27861859;SAMN27861860;SAMN27861861	SAMN28015762	False	False	Sahara Desert - Ksar Ghilane	1	88.88	desert2025__GCA_030862825.1
desert2025__GCA_030859565.1	partial	not_detected	not_detected	not_detected	not_detected	partial	global_desert_PRJNA832417	98.84	2.0	23971	298	True	True	GCA_030859565.1	Bacteria	Pseudomonadota	Gammaproteobacteria	JACCXJ01	JACCXJ01	USCg-Taylor	USCg-Taylor sp030859565	desert_prefixed_r226		Mojave Desert	1.0	False	ANI95_01975	GCA_030859565.1	SAMN27861880	SAMN28015941	False	False	Mojave Desert	1	88.84	desert2025__GCA_030859565.1
desert2025__GCA_030862065.1	not_detected	panel_complete	not_detected	not_detected	not_detected	not_detected	global_desert_PRJNA832417	95.97	1.44	22720	187	True	True	GCA_030862065.1	Bacteria	Actinomycetota	CADDZG01	CADDZG01	WHSQ01	JALZEK01	JALZEK01 sp030862065	desert_prefixed_r226		Negev Desert	3.0	False	ANI95_02083	GCA_030862065.1	SAMN27861865;SAMN27861866;SAMN27861867	SAMN28015799	False	False	Negev Desert	1	88.77	desert2025__GCA_030862065.1
desert2025__GCA_030852965.1	not_detected	not_detected	not_detected	partial	not_detected	not_detected	global_desert_PRJNA832417	95.48	1.36	11782	524	True	True	GCA_030852965.1	Bacteria	Actinomycetota	Actinomycetes	Mycobacteriales	Pseudonocardiaceae	Pseudonocardia	Pseudonocardia sp030852965	desert_prefixed_r226		Lagoon Island	1.0	False	ANI95_01687	GCA_030852965.1	SAMN27861893	SAMN28015571	False	False	Lagoon Island	1	88.68	desert2025__GCA_030852965.1
desert2025__GCA_030863175.1	not_detected	partial	not_detected	not_detected	not_detected	not_detected	global_desert_PRJNA832417	89.1	0.09	68277	110	True	False	GCA_030863175.1	Bacteria	Acidobacteriota	Blastocatellia	Pyrinomonadales	Pyrinomonadaceae	JALZCH01	JALZCH01 sp030863175	desert_prefixed_r226		Namib Desert	3.0	False	ANI95_02133	GCA_030863175.1	SAMN27861853;SAMN27861854;SAMN27861855	SAMN28015744	False	False	Namib Desert	1	88.64999999999999	desert2025__GCA_030863175.1
desert2025__GCA_030859785.1	panel_complete	panel_complete	not_detected	not_detected	not_detected	partial	global_desert_PRJNA832417	93.48	0.97	17684	449	True	True	GCA_030859785.1	Bacteria	Acidobacteriota	Blastocatellia	Pyrinomonadales	Pyrinomonadaceae	JACDEG01	JACDEG01 sp030859785	desert_prefixed_r226		Mojave Desert	3.0	False	ANI95_01984	GCA_030859785.1	SAMN27861880;SAMN27861881;SAMN27861882	SAMN28015930	False	False	Mojave Desert	1	88.63000000000001	desert2025__GCA_030859785.1
desert2025__GCA_030948995.1	not_detected	not_detected	not_detected	not_detected	not_detected	not_detected	global_desert_PRJNA832417	91.39	0.56	19229	320	True	True	GCA_030948995.1	Bacteria	Acidobacteriota	Blastocatellia	Pyrinomonadales	Pyrinomonadaceae	GCA-002050365	GCA-002050365 sp030948995	desert_prefixed_r226		Kap Hoegh	3.0	False	ANI95_02274	GCA_030948995.1	SAMN27861916;SAMN27861917;SAMN27861918	SAMN28015655	False	False	Kap Hoegh	1	88.59	desert2025__GCA_030948995.1
desert2025__GCA_030773755.1	not_detected	not_detected	not_detected	not_detected	not_detected	not_detected	global_desert_PRJNA832417	97.72	1.83	27107	215	True	True	GCA_030773755.1	Bacteria	Actinomycetota	Acidimicrobiia	Acidimicrobiales	GCA-2861595	GCA-2861595	GCA-2861595 sp002861595	desert_prefixed_r226		Atacama Desert	3.0	False	ANI95_01519	GCA_030773755.1	SAMN27861919;SAMN27861920;SAMN27861921	SAMN28004980	False	False	Atacama Desert	1	88.57	desert2025__GCA_030773755.1
desert2025__GCA_030857405.1	not_detected	partial	panel_complete	not_detected	not_detected	panel_complete	global_desert_PRJNA832417	97.48	1.83	20031	227	True	True	GCA_030857405.1	Bacteria	Actinomycetota	Actinomycetes	Propionibacteriales	Nocardioidaceae	JACCVL01	JACCVL01 sp013696365	desert_prefixed_r226		Mount Seuss	1.0	False	ANI95_01888	GCA_030857405.1	SAMN27861887	SAMN28016050	False	False	Mount Seuss	1	88.33	desert2025__GCA_030857405.1
desert2025__GCA_030775085.1	panel_complete	panel_complete	not_detected	not_detected	not_detected	not_detected	global_desert_PRJNA832417	98.82	2.13	42070	227	True	True	GCA_030775085.1	Bacteria	Acidobacteriota	Thermoanaerobaculia	Gp7-AA8	Gp7-AA8	QHVT01	QHVT01 sp030775085	desert_prefixed_r226		Cambridge Bay	1.0	False	ANI95_01577	GCA_030775085.1	SAMN27861910	SAMN28004913	False	False	Cambridge Bay	1	88.16999999999999	desert2025__GCA_030775085.1
desert2025__GCA_030860505.1	not_detected	partial	not_detected	not_detected	not_detected	not_detected	global_desert_PRJNA832417	90.22	0.42	21296	156	True	True	GCA_030860505.1	Bacteria	Actinomycetota	CADDZG01	CADDZG01	WHSQ01	WHSV01	WHSV01 sp030860505	desert_prefixed_r226		Mojave Desert	3.0	False	ANI95_02016	GCA_030860505.1	SAMN27861880;SAMN27861881;SAMN27861882	SAMN28015894	False	False	Mojave Desert	1	88.12	desert2025__GCA_030860505.1
desert2025__GCA_030857165.1	not_detected	not_detected	not_detected	not_detected	not_detected	partial	global_desert_PRJNA832417	93.96	1.2	5882	930	True	True	GCA_030857165.1	Bacteria	Planctomycetota	Planctomycetia	Planctomycetales	Planctomycetaceae	JACCRE01	JACCRE01 sp013813775	desert_prefixed_r226		Mount Seuss	1.0	False	ANI95_01878	GCA_030857165.1	SAMN27861888	SAMN28016060	False	False	Mount Seuss	1	87.96	desert2025__GCA_030857165.1
desert2025__GCA_030855105.1	not_detected	not_detected	not_detected	not_detected	not_detected	not_detected	global_desert_PRJNA832417	95.84	1.6	69895	110	True	True	GCA_030855105.1	Bacteria	Bacteroidota_A	Ignavibacteria	SJA-28	B-1AR	JAGPCH01	JAGPCH01 sp030855105	desert_prefixed_r226		McMurdo Dry Valleys	1.0	False	ANI95_01783	GCA_030855105.1	SAMN27861885	SAMN28015465	False	False	McMurdo Dry Valleys	1	87.84	desert2025__GCA_030855105.1
desert2025__GCA_030856345.1	not_detected	not_detected	panel_complete	not_detected	not_detected	partial	global_desert_PRJNA832417	91.01	0.7	8262	433	True	True	GCA_030856345.1	Bacteria	Actinomycetota	Rubrobacteria	Rubrobacterales	Rubrobacteraceae	JACDGB01	JACDGB01 sp013815485	desert_prefixed_r226		McMurdo Dry Valleys	3.0	False	ANI95_01840	GCA_030856345.1	SAMN27861883;SAMN27861884;SAMN27861885	SAMN28015403	False	False	McMurdo Dry Valleys;Mount Seuss	2	87.51	desert2025__GCA_030856345.1
desert2025__GCA_030775705.1	panel_complete	panel_complete	not_detected	not_detected	not_detected	not_detected	global_desert_PRJNA832417	89.44	0.39	13381	306	True	False	GCA_030775705.1	Bacteria	Actinomycetota	Actinomycetes	Mycobacteriales	Jatrophihabitantaceae	JALYIS01	JALYIS01 sp030775705	desert_prefixed_r226		Hietatievat	3.0	False	ANI95_01602	GCA_030775705.1	SAMN27861904;SAMN27861905;SAMN27861906	SAMN28004883	False	False	Hietatievat	1	87.49	desert2025__GCA_030775705.1
desert2025__GCA_030774335.1	panel_complete	panel_complete	not_detected	not_detected	not_detected	partial	global_desert_PRJNA832417	92.91	1.12	24305	254	True	True	GCA_030774335.1	Bacteria	Acidobacteriota	Terriglobia	Acidiferrales	UBA7541	Acidiferrum	Acidiferrum sp030774335	desert_prefixed_r226		Alex Fiord-Dome	3.0	False	ANI95_01545	GCA_030774335.1	SAMN27861913;SAMN27861914;SAMN27861915	SAMN28004951	False	False	Alex Fiord-Dome	1	87.31	desert2025__GCA_030774335.1
desert2025__GCA_030914045.1	not_detected	panel_complete	not_detected	not_detected	not_detected	not_detected	global_desert_PRJNA832417	92.89	1.15	24116	730	True	True	GCA_030914045.1	Bacteria	Chloroflexota	Chloroflexia	QHBQ01	JADMIH01	JADMIH01	JADMIH01 sp030914045	desert_prefixed_r226		Peary Land	1.0	False	ANI95_02160	GCA_030914045.1	SAMN27861875	SAMN28015873	False	False	Peary Land	1	87.14	desert2025__GCA_030914045.1
desert2025__GCA_030947185.1	not_detected	not_detected	not_detected	not_detected	not_detected	not_detected	global_desert_PRJNA832417	90.79	0.75	14933	227	True	True	GCA_030947185.1	Bacteria	Actinomycetota	Actinomycetes	Mycobacteriales	JALYXH01	JALYXH01	JALYXH01 sp030947185	desert_prefixed_r226		Kap Hoegh	3.0	False	ANI95_02213	GCA_030947185.1	SAMN27861916;SAMN27861917;SAMN27861918	SAMN28015605	False	False	Kap Hoegh	1	87.04	desert2025__GCA_030947185.1
desert2025__GCA_030853485.1	panel_complete	panel_complete	not_detected	not_detected	not_detected	not_detected	global_desert_PRJNA832417	100.0	2.62	41796	194	True	True	GCA_030853485.1	Bacteria	Acidobacteriota	Terriglobia	Terriglobales	Acidobacteriaceae	Edaphobacter	Edaphobacter sp030853485	desert_prefixed_r226		Lagoon Island	3.0	False	ANI95_01709	GCA_030853485.1	SAMN27861892;SAMN27861893;SAMN27861894	SAMN28015546	False	False	Lagoon Island	1	86.9	desert2025__GCA_030853485.1
desert2025__GCA_030856405.1	not_detected	not_detected	not_detected	not_detected	not_detected	not_detected	global_desert_PRJNA832417	92.3	1.08	14436	314	True	True	GCA_030856405.1	Bacteria	Actinomycetota	Acidimicrobiia	Acidimicrobiales	Ilumatobacteraceae	JACDHN01	JACDHN01 sp030857495	desert_prefixed_r226		McMurdo Dry Valleys	3.0	False	ANI95_01843	GCA_030856405.1	SAMN27861883;SAMN27861884;SAMN27861885	SAMN28015400	False	False	McMurdo Dry Valleys;Mount Seuss	2	86.89999999999999	desert2025__GCA_030856405.1
desert2025__GCA_030859475.1	not_detected	not_detected	not_detected	not_detected	not_detected	not_detected	global_desert_PRJNA832417	88.49	0.47	17030	152	True	False	GCA_030859475.1	Bacteria	Actinomycetota	Thermoleophilia	Solirubrobacterales	70-9	JALZKA01	JALZKA01 sp030859475	desert_prefixed_r226		Mojave Desert	1.0	False	ANI95_01971	GCA_030859475.1	SAMN27861882	SAMN28015945	False	False	Mojave Desert	1	86.14	desert2025__GCA_030859475.1
desert2025__GCA_030862235.1	not_detected	not_detected	not_detected	not_detected	not_detected	not_detected	global_desert_PRJNA832417	90.26	0.83	7417	466	True	True	GCA_030862235.1	Bacteria	Actinomycetota	Acidimicrobiia	Acidimicrobiales	AC-14	JALZEC01	JALZEC01 sp030862235	desert_prefixed_r226		Negev Desert	3.0	False	ANI95_02091	GCA_030862235.1	SAMN27861865;SAMN27861866;SAMN27861867	SAMN28015791	False	False	Negev Desert	1	86.11	desert2025__GCA_030862235.1
desert2025__GCA_030860205.1	not_detected	not_detected	not_detected	not_detected	not_detected	partial	global_desert_PRJNA832417	93.75	1.53	32754	119	True	True	GCA_030860205.1	Bacteria	Actinomycetota	CADDZG01	CADDZG01	WHSQ01	JACDDL01	JACDDL01 sp030860205	desert_prefixed_r226		Mojave Desert	3.0	False	ANI95_02001	GCA_030860205.1	SAMN27861880;SAMN27861881;SAMN27861882	SAMN28015909	False	False	Mojave Desert	1	86.1	desert2025__GCA_030860205.1
desert2025__GCA_030946925.1	partial	not_detected	not_detected	not_detected	not_detected	partial	global_desert_PRJNA832417	96.26	2.05	15272	337	True	True	GCA_030946925.1	Bacteria	Pseudomonadota	Gammaproteobacteria	Burkholderiales	Burkholderiaceae	Schlegelella_A	Schlegelella_A sp030946925	desert_prefixed_r226		Kap Hoegh	3.0	False	ANI95_02201	GCA_030946925.1	SAMN27861916;SAMN27861917;SAMN27861918	SAMN28015618	False	False	Kap Hoegh	1	86.01	desert2025__GCA_030946925.1
desert2025__GCA_030947385.1	not_detected	not_detected	not_detected	not_detected	not_detected	partial	global_desert_PRJNA832417	89.58	0.74	9050	314	True	False	GCA_030947385.1	Bacteria	Vulcanimicrobiota	Vulcanimicrobiia	Vulcanimicrobiales	Vulcanimicrobiaceae	JACRUB01	JACRUB01 sp030947385	desert_prefixed_r226		Kap Hoegh	1.0	False	ANI95_02223	GCA_030947385.1	SAMN27861918	SAMN28015714	False	False	Kap Hoegh	1	85.88	desert2025__GCA_030947385.1
desert2025__GCA_030777225.1	not_detected	not_detected	panel_complete	not_detected	not_detected	not_detected	global_desert_PRJNA832417	87.79	0.41	14710	190	True	False	GCA_030777225.1	Bacteria	Actinomycetota	Rubrobacteria	Rubrobacterales	Rubrobacteraceae	SIRX01	SIRX01 sp030777225	desert_prefixed_r226		Gobi Desert - China	3.0	False	ANI95_01654	GCA_030777225.1	SAMN27861898;SAMN27861899;SAMN27861900	SAMN28004817	False	False	Gobi Desert - China	1	85.74000000000001	desert2025__GCA_030777225.1
desert2025__GCA_030856795.1	not_detected	panel_complete	panel_complete	not_detected	not_detected	partial	global_desert_PRJNA832417	93.72	1.6	18480	233	True	True	GCA_030856795.1	Bacteria	Actinomycetota	CADDZG01	CADDZG01	WHSQ01	JACDAL01	JACDAL01 sp013695465	desert_prefixed_r226		McMurdo Dry Valleys	3.0	False	ANI95_01861	GCA_030856795.1	SAMN27861883;SAMN27861884;SAMN27861885	SAMN28015380	False	False	McMurdo Dry Valleys	1	85.72	desert2025__GCA_030856795.1
desert2025__GCA_030859325.1	not_detected	not_detected	panel_complete	not_detected	not_detected	panel_complete	global_desert_PRJNA832417	85.58	0.0	44447	62	True	False	GCA_030859325.1	Bacteria	Actinomycetota	Actinomycetes	Propionibacteriales	Nocardioidaceae	Nocardioides_C	Nocardioides_C sp030859325	desert_prefixed_r226		Mount Seuss	3.0	False	ANI95_01963	GCA_030859325.1	SAMN27861886;SAMN27861887;SAMN27861888	SAMN28015953	False	False	Mount Seuss	1	85.58	desert2025__GCA_030859325.1
desert2025__GCA_030862645.1	not_detected	partial	not_detected	partial	not_detected	not_detected	global_desert_PRJNA832417	93.88	1.66	23419	171	True	True	GCA_030862645.1	Bacteria	Chloroflexota	Limnocylindria	QHBO01	QHBO01	JACDBZ01	JACDBZ01 sp030862645	desert_prefixed_r226		Sahara Desert - Ksar Ghilane	3.0	False	ANI95_02108	GCA_030862645.1	SAMN27861859;SAMN27861860;SAMN27861861	SAMN28015768	False	False	Sahara Desert - Ksar Ghilane	1	85.58	desert2025__GCA_030862645.1
desert2025__GCA_030854685.1	not_detected	panel_complete	not_detected	not_detected	not_detected	not_detected	global_desert_PRJNA832417	88.31	0.58	11532	298	True	False	GCA_030854685.1	Bacteria	Pseudomonadota	Gammaproteobacteria	Burkholderiales	Casimicrobiaceae	VBCG01	VBCG01 sp030854685	desert_prefixed_r226		Livingston Island	3.0	False	ANI95_01763	GCA_030854685.1	SAMN27861889;SAMN27861890;SAMN27861891	SAMN28015486	False	False	Livingston Island	1	85.41	desert2025__GCA_030854685.1
desert2025__GCA_030855125.1	not_detected	not_detected	not_detected	not_detected	not_detected	not_detected	global_desert_PRJNA832417	92.01	1.33	20085	68	True	True	GCA_030855125.1	Bacteria	Patescibacteriota	Minisyncoccia	UBA9973	JAKAEA01	JAIFWI01	JAIFWI01 sp030855125	desert_prefixed_r226		McMurdo Dry Valleys	1.0	False	ANI95_01784	GCA_030855125.1	SAMN27861884	SAMN28015458	False	False	McMurdo Dry Valleys	1	85.36	desert2025__GCA_030855125.1
desert2025__GCA_030854475.1	not_detected	partial	not_detected	not_detected	not_detected	not_detected	global_desert_PRJNA832417	95.5	2.04	45116	106	True	True	GCA_030854475.1	Bacteria	Actinomycetota	Thermoleophilia	Gaiellales	Gaiellaceae	13-2-20CM-68-14	13-2-20CM-68-14 sp030854475	desert_prefixed_r226		Livingston Island	3.0	False	ANI95_01755	GCA_030854475.1	SAMN27861889;SAMN27861890;SAMN27861891	SAMN28015497	False	False	Livingston Island	1	85.3	desert2025__GCA_030854475.1
desert2025__GCA_030853005.1	not_detected	not_detected	not_detected	not_detected	not_detected	not_detected	global_desert_PRJNA832417	90.85	1.11	15971	188	True	True	GCA_030853005.1	Bacteria	Vulcanimicrobiota	Vulcanimicrobiia	Vulcanimicrobiales	Vulcanimicrobiaceae	JALYVW01	JALYVW01 sp030853005	desert_prefixed_r226		Lagoon Island	1.0	False	ANI95_01689	GCA_030853005.1	SAMN27861893	SAMN28015568	False	False	Lagoon Island	1	85.3	desert2025__GCA_030853005.1
desert2025__GCA_030775485.1	panel_complete	partial	not_detected	not_detected	not_detected	not_detected	global_desert_PRJNA832417	92.67	1.5	139912	49	True	True	GCA_030775485.1	Bacteria	Planctomycetota	Phycisphaerae	Tepidisphaerales	Tepidisphaeraceae	JALYJB01	JALYJB01 sp030775485	desert_prefixed_r226		Hietatievat	1.0	False	ANI95_01593	GCA_030775485.1	SAMN27861904	SAMN28004892	False	False	Hietatievat	1	85.17	desert2025__GCA_030775485.1
desert2025__GCA_030857025.1	not_detected	not_detected	not_detected	not_detected	not_detected	not_detected	global_desert_PRJNA832417	94.93	1.98	54854	100	True	True	GCA_030857025.1	Bacteria	Pseudomonadota	Gammaproteobacteria	Xanthomonadales	Xanthomonadaceae	JALZKJ01	JALZKJ01 sp030857025	desert_prefixed_r226		McMurdo Dry Valleys	3.0	False	ANI95_01871	GCA_030857025.1	SAMN27861883;SAMN27861884;SAMN27861885	SAMN28015369	False	False	McMurdo Dry Valleys	1	85.03	desert2025__GCA_030857025.1
desert2025__GCA_030913945.1	not_detected	panel_complete	not_detected	not_detected	not_detected	not_detected	global_desert_PRJNA832417	87.52	0.51	12023	210	True	False	GCA_030913945.1	Bacteria	Actinomycetota	CADDZG01	CADDZG01	WHSQ01	JACCXF01	JACCXF01 sp030913945	desert_prefixed_r226		Svalbard	3.0	False	ANI95_02159	GCA_030913945.1	SAMN27861907;SAMN27861908;SAMN27861909	SAMN28016061	False	False	Svalbard	1	84.97	desert2025__GCA_030913945.1
desert2025__GCA_030859685.1	not_detected	partial	not_detected	not_detected	not_detected	partial	global_desert_PRJNA832417	92.05	1.44	18191	190	True	True	GCA_030859685.1	Bacteria	Actinomycetota	CADDZG01	CADDZG01	WHSQ01	JACCXF01	JACCXF01 sp030859685	desert_prefixed_r226		Mojave Desert	3.0	False	ANI95_01979	GCA_030859685.1	SAMN27861880;SAMN27861881;SAMN27861882	SAMN28015935	False	False	Mojave Desert	1	84.85	desert2025__GCA_030859685.1
desert2025__GCA_030856685.1	not_detected	partial	not_detected	not_detected	not_detected	not_detected	global_desert_PRJNA832417	90.07	1.06	8734	572	True	True	GCA_030856685.1	Bacteria	Acidobacteriota	Vicinamibacteria	Vicinamibacterales	2-12-FULL-66-21	JALZOC01		desert_prefixed_r226		McMurdo Dry Valleys	3.0	False	ANI95_01857	GCA_030856685.1	SAMN27861883;SAMN27861884;SAMN27861885	SAMN28015386	False	False	McMurdo Dry Valleys	1	84.77	desert2025__GCA_030856685.1
desert2025__GCA_030855005.1	not_detected	partial	not_detected	not_detected	not_detected	not_detected	global_desert_PRJNA832417	86.41	0.39	6828	597	True	False	GCA_030855005.1	Bacteria	Bacteroidota	Bacteroidia	Chitinophagales	Saprospiraceae	Opimibacter	Opimibacter sp030855005	desert_prefixed_r226		McMurdo Dry Valleys	1.0	False	ANI95_01778	GCA_030855005.1	SAMN27861885	SAMN28015470	False	False	McMurdo Dry Valleys	1	84.46	desert2025__GCA_030855005.1
desert2025__GCA_030858285.1	not_detected	not_detected	not_detected	not_detected	not_detected	not_detected	global_desert_PRJNA832417	85.32	0.19	11003	240	True	False	GCA_030858285.1	Bacteria	Acidobacteriota	Blastocatellia	Pyrinomonadales	Pyrinomonadaceae	OLB17	OLB17 sp013695195	desert_prefixed_r226		Mount Seuss	3.0	False	ANI95_01850	GCA_030858285.1	SAMN27861886;SAMN27861887;SAMN27861888	SAMN28016004	False	False	McMurdo Dry Valleys;Mount Seuss	2	84.36999999999999	desert2025__GCA_030858285.1
desert2025__GCA_030776545.1	panel_complete	panel_complete	not_detected	not_detected	not_detected	not_detected	global_desert_PRJNA832417	93.66	1.88	15627	310	True	True	GCA_030776545.1	Bacteria	Pseudomonadota	Gammaproteobacteria	Burkholderiales	Burkholderiaceae	LMDS01	LMDS01 sp030776545	desert_prefixed_r226		Hietatievat	3.0	False	ANI95_01626	GCA_030776545.1	SAMN27861904;SAMN27861905;SAMN27861906	SAMN28004853	False	False	Hietatievat	1	84.25999999999999	desert2025__GCA_030776545.1
desert2025__GCA_030776905.1	panel_complete	panel_complete	not_detected	not_detected	not_detected	not_detected	global_desert_PRJNA832417	86.0	0.35	9582	642	True	False	GCA_030776905.1	Bacteria	Cyanobacteriota	Cyanobacteriia	Cyanobacteriales	Coleofasciculaceae	CADCTM01	CADCTM01 sp030776905	desert_prefixed_r226		Gobi Desert - China	3.0	False	ANI95_01641	GCA_030776905.1	SAMN27861898;SAMN27861899;SAMN27861900	SAMN28004836	False	False	Gobi Desert - China	1	84.25	desert2025__GCA_030776905.1
desert2025__GCA_030854955.1	not_detected	not_detected	not_detected	not_detected	not_detected	not_detected	global_desert_PRJNA832417	95.29	2.22	16468	401	True	True	GCA_030854955.1	Bacteria	Fibrobacterota	Fibrobacteria	UBA11236	UBA11236	Chersky-265	Chersky-265 sp030854955	desert_prefixed_r226		McMurdo Dry Valleys	1.0	False	ANI95_01776	GCA_030854955.1	SAMN27861885	SAMN28015472	False	False	McMurdo Dry Valleys	1	84.19	desert2025__GCA_030854955.1
desert2025__GCA_030945745.1	not_detected	not_detected	not_detected	not_detected	not_detected	not_detected	global_desert_PRJNA832417	96.28	2.44	27423	231	True	True	GCA_030945745.1	Bacteria	Actinomycetota	Acidimicrobiia	Acidimicrobiales	Palsa-688	JALZAH01	JALZAH01 sp030945745	desert_prefixed_r226		Kap Hoegh	3.0	False	ANI95_02168	GCA_030945745.1	SAMN27861916;SAMN27861917;SAMN27861918	SAMN28015664	False	False	Kap Hoegh	1	84.08	desert2025__GCA_030945745.1
desert2025__GCA_030774035.1	not_detected	panel_complete	not_detected	not_detected	not_detected	not_detected	global_desert_PRJNA832417	96.67	2.55	112684	48	True	True	GCA_030774035.1	Bacteria	Actinomycetota	UBA4738	UBA4738	HRBIN12	JALYLM01	JALYLM01 sp030774035	desert_prefixed_r226		Alex Fiord-Dome	1.0	False	ANI95_01532	GCA_030774035.1	SAMN27861913	SAMN28004964	False	False	Alex Fiord-Dome	1	83.92	desert2025__GCA_030774035.1
desert2025__GCA_030948675.1	not_detected	not_detected	not_detected	not_detected	not_detected	not_detected	global_desert_PRJNA832417	83.85	0.0	5794	739	True	False	GCA_030948675.1	Bacteria	Bacteroidota	Bacteroidia	Chitinophagales	Chitinophagaceae	Segetibacter	Segetibacter sp030948675	desert_prefixed_r226		Kap Hoegh	3.0	False	ANI95_02258	GCA_030948675.1	SAMN27861916;SAMN27861917;SAMN27861918	SAMN28015675	False	False	Kap Hoegh	1	83.85	desert2025__GCA_030948675.1
desert2025__GCA_030777105.1	not_detected	not_detected	not_detected	not_detected	not_detected	partial	global_desert_PRJNA832417	93.73	1.98	16295	179	True	True	GCA_030777105.1	Bacteria	Actinomycetota	UBA4738	UBA4738	UBA4738	JALYGK01	JALYGK01 sp030777105	desert_prefixed_r226		Gobi Desert - China	3.0	False	ANI95_01648	GCA_030777105.1	SAMN27861898;SAMN27861899;SAMN27861900	SAMN28004823	False	False	Gobi Desert - China	1	83.83	desert2025__GCA_030777105.1
desert2025__GCA_030856765.1	not_detected	panel_complete	not_detected	not_detected	not_detected	not_detected	global_desert_PRJNA832417	90.52	1.34	10172	384	True	True	GCA_030856765.1	Bacteria	Verrucomicrobiota	Verrucomicrobiia	Chthoniobacterales	UBA10450	Palsa-1392	Palsa-1392 sp030856765	desert_prefixed_r226		McMurdo Dry Valleys	3.0	False	ANI95_01859	GCA_030856765.1	SAMN27861883;SAMN27861884;SAMN27861885	SAMN28015381	False	False	McMurdo Dry Valleys	1	83.82	desert2025__GCA_030856765.1
desert2025__GCA_030856155.1	not_detected	not_detected	not_detected	not_detected	not_detected	partial	global_desert_PRJNA832417	96.1	2.46	9025	447	True	True	GCA_030856155.1	Bacteria	Gemmatimonadota	Gemmatimonadetes	Gemmatimonadales	GWC2-71-9	JACDDX01	JACDDX01 sp013812695	desert_prefixed_r226		McMurdo Dry Valleys	3.0	False	ANI95_01833	GCA_030856155.1	SAMN27861883;SAMN27861884;SAMN27861885	SAMN28015413	False	False	McMurdo Dry Valleys	1	83.8	desert2025__GCA_030856155.1
desert2025__GCA_030862345.1	not_detected	not_detected	not_detected	partial	not_detected	not_detected	global_desert_PRJNA832417	90.75	1.42	8995	479	True	True	GCA_030862345.1	Bacteria	Actinomycetota	Actinomycetes	Mycobacteriales	Geodermatophilaceae	JACCQS01	JACCQS01 sp030862345	desert_prefixed_r226		Sahara Desert - Douz-Matmata	3.0	False	ANI95_02097	GCA_030862345.1	SAMN27861862;SAMN27861863;SAMN27861864	SAMN28015784	False	False	Sahara Desert - Douz-Matmata	1	83.65	desert2025__GCA_030862345.1
desert2025__GCA_030947645.1	not_detected	not_detected	not_detected	not_detected	not_detected	partial	global_desert_PRJNA832417	89.87	1.28	10160	254	True	False	GCA_030947645.1	Bacteria	Vulcanimicrobiota	Vulcanimicrobiia	Vulcanimicrobiales	Vulcanimicrobiaceae	JALZBG01	JALZBG01 sp030947645	desert_prefixed_r226		Kap Hoegh	1.0	False	ANI95_02227	GCA_030947645.1	SAMN27861917	SAMN28015708	False	False	Kap Hoegh	1	83.47	desert2025__GCA_030947645.1
desert2025__GCA_030947365.1	panel_complete	panel_complete	not_detected	not_detected	not_detected	not_detected	global_desert_PRJNA832417	87.53	0.84	5577	364	True	False	GCA_030947365.1	Bacteria	Actinomycetota	Acidimicrobiia	Acidimicrobiales	AC-14	JALZBN01	JALZBN01 sp030947365	desert_prefixed_r226		Kap Hoegh	1.0	False	ANI95_02222	GCA_030947365.1	SAMN27861918	SAMN28015715	False	False	Kap Hoegh	1	83.33	desert2025__GCA_030947365.1
desert2025__GCA_030857245.1	not_detected	partial	not_detected	not_detected	not_detected	not_detected	global_desert_PRJNA832417	96.7	2.7	9460	1036	True	True	GCA_030857245.1	Bacteria	Myxococcota	Polyangia	Haliangiales	Haliangiaceae	JABFXX01	JABFXX01 sp030857245	desert_prefixed_r226		Mount Seuss	1.0	False	ANI95_01882	GCA_030857245.1	SAMN27861888	SAMN28016057	False	False	Mount Seuss	1	83.2	desert2025__GCA_030857245.1
desert2025__GCA_030948625.1	panel_complete	panel_complete	not_detected	not_detected	not_detected	not_detected	global_desert_PRJNA832417	87.3	0.83	8588	478	True	False	GCA_030948625.1	Bacteria	Actinomycetota	Acidimicrobiia	IMCC26256	JACDBD01	JALZAA01	JALZAA01 sp030948625	desert_prefixed_r226		Kap Hoegh	3.0	False	ANI95_02255	GCA_030948625.1	SAMN27861916;SAMN27861917;SAMN27861918	SAMN28015676	False	False	Kap Hoegh	1	83.14999999999999	desert2025__GCA_030948625.1
desert2025__GCA_030853105.1	not_detected	partial	not_detected	not_detected	not_detected	not_detected	global_desert_PRJNA832417	90.1	1.43	10758	289	True	True	GCA_030853105.1	Bacteria	Vulcanimicrobiota	Vulcanimicrobiia	Vulcanimicrobiales	Vulcanimicrobiaceae	JALYVT01	JALYVT01 sp030853105	desert_prefixed_r226		Lagoon Island	1.0	False	ANI95_01692	GCA_030853105.1	SAMN27861892	SAMN28015565	False	False	Lagoon Island	1	82.94999999999999	desert2025__GCA_030853105.1
desert2025__GCA_030855975.1	not_detected	not_detected	not_detected	not_detected	not_detected	not_detected	global_desert_PRJNA832417	90.35	1.48	7839	471	True	True	GCA_030855975.1	Bacteria	Verrucomicrobiota	Verrucomicrobiia	Chthoniobacterales	UBA10450	JACCTI01	JACCTI01 sp013697365	desert_prefixed_r226		McMurdo Dry Valleys	3.0	False	ANI95_01825	GCA_030855975.1	SAMN27861883;SAMN27861884;SAMN27861885	SAMN28015422	False	False	McMurdo Dry Valleys	1	82.94999999999999	desert2025__GCA_030855975.1
desert2025__GCA_030776305.1	panel_complete	panel_complete	not_detected	not_detected	not_detected	not_detected	global_desert_PRJNA832417	94.76	2.37	6056	946	True	True	GCA_030776305.1	Bacteria	Myxococcota	Polyangia	Polyangiales	Polyangiaceae	Palsa-1150	Palsa-1150 sp030776305	desert_prefixed_r226		Hietatievat	3.0	False	ANI95_01620	GCA_030776305.1	SAMN27861904;SAMN27861905;SAMN27861906	SAMN28004862	False	False	Hietatievat	1	82.91	desert2025__GCA_030776305.1
desert2025__GCA_030857965.1	not_detected	not_detected	panel_complete	not_detected	not_detected	partial	global_desert_PRJNA832417	95.21	2.57	12738	291	True	True	GCA_030857965.1	Bacteria	Actinomycetota	Acidimicrobiia	Acidimicrobiales	Ilumatobacteraceae	JACDHN01	JACDHN01 sp013821025	desert_prefixed_r226		Mount Seuss	3.0	False	ANI95_01907	GCA_030857965.1	SAMN27861886;SAMN27861887;SAMN27861888	SAMN28016021	False	False	Mount Seuss	1	82.36	desert2025__GCA_030857965.1
desert2025__GCA_030777155.1	not_detected	partial	not_detected	not_detected	not_detected	not_detected	global_desert_PRJNA832417	85.36	0.61	19728	150	True	False	GCA_030777155.1	Bacteria	Chloroflexota	Limnocylindria	Limnocylindrales	CSP1-4	JALYGJ01	JALYGJ01 sp030777155	desert_prefixed_r226		Gobi Desert - China	3.0	False	ANI95_01651	GCA_030777155.1	SAMN27861898;SAMN27861899;SAMN27861900	SAMN28004822	False	False	Gobi Desert - China	1	82.31	desert2025__GCA_030777155.1
desert2025__GCA_030775025.1	not_detected	not_detected	not_detected	not_detected	not_detected	not_detected	global_desert_PRJNA832417	85.53	0.73	6426	114	True	False	GCA_030775025.1	Bacteria	Patescibacteriota	SICC01	SICC01	SICC01	JALYJZ01	JALYJZ01 sp030775025	desert_prefixed_r226		Cambridge Bay	1.0	False	ANI95_01574	GCA_030775025.1	SAMN27861912	SAMN28004916	False	False	Cambridge Bay	1	81.88	desert2025__GCA_030775025.1
desert2025__GCA_030858365.1	not_detected	panel_complete	panel_complete	not_detected	not_detected	not_detected	global_desert_PRJNA832417	81.87	0.0	14634	276	True	False	GCA_030858365.1	Bacteria	Actinomycetota	Nitriliruptoria	Euzebyales	Egibacteraceae	JACCTL01	JACCTL01 sp013812395	desert_prefixed_r226		Mount Seuss	3.0	False	ANI95_01921	GCA_030858365.1	SAMN27861886;SAMN27861887;SAMN27861888	SAMN28016002	False	False	Mount Seuss	1	81.87	desert2025__GCA_030858365.1
desert2025__GCA_030854075.1	not_detected	not_detected	not_detected	not_detected	not_detected	partial	global_desert_PRJNA832417	91.0	1.83	18248	206	True	True	GCA_030854075.1	Bacteria	Pseudomonadota	Alphaproteobacteria	Sphingomonadales	Sphingomonadaceae	Sphingomonas	Sphingomonas sp030854075	desert_prefixed_r226		Lagoon Island	3.0	False	ANI95_01737	GCA_030854075.1	SAMN27861892;SAMN27861893;SAMN27861894	SAMN28015516	False	False	Lagoon Island	1	81.85	desert2025__GCA_030854075.1
desert2025__GCA_030859715.1	not_detected	partial	not_detected	not_detected	not_detected	not_detected	global_desert_PRJNA832417	93.51	2.38	31264	251	True	True	GCA_030859715.1	Bacteria	Chloroflexota	Chloroflexia	Thermomicrobiales	UBA6265	JACCYK01	JACCYK01 sp030859715	desert_prefixed_r226		Mojave Desert	3.0	False	ANI95_01981	GCA_030859715.1	SAMN27861880;SAMN27861881;SAMN27861882	SAMN28015934	False	False	Mojave Desert	1	81.61000000000001	desert2025__GCA_030859715.1
desert2025__GCA_030858145.1	not_detected	not_detected	not_detected	not_detected	not_detected	not_detected	global_desert_PRJNA832417	85.95	0.9	16063	193	True	False	GCA_030858145.1	Bacteria	Pseudomonadota	Gammaproteobacteria	Xanthomonadales	Xanthomonadaceae	Luteimonas	Luteimonas sp030858145	desert_prefixed_r226		Mount Seuss	3.0	False	ANI95_01913	GCA_030858145.1	SAMN27861886;SAMN27861887;SAMN27861888	SAMN28016012	False	False	Mount Seuss	1	81.45	desert2025__GCA_030858145.1
desert2025__GCA_030857175.1	not_detected	not_detected	not_detected	not_detected	not_detected	not_detected	global_desert_PRJNA832417	97.5	3.24	136264	170	True	True	GCA_030857175.1	Bacteria	Myxococcota	Polyangia	Haliangiales	Haliangiaceae	JABFXX01	JABFXX01 sp030857175	desert_prefixed_r226		Mount Seuss	1.0	False	ANI95_01879	GCA_030857175.1	SAMN27861888	SAMN28016058	False	False	Mount Seuss	1	81.3	desert2025__GCA_030857175.1
desert2025__GCA_030858465.1	not_detected	not_detected	not_detected	not_detected	not_detected	not_detected	global_desert_PRJNA832417	95.39	2.83	13746	389	True	True	GCA_030858465.1	Bacteria	Deinococcota	Deinococci	Deinococcales	Trueperaceae	JALZLY01	JALZLY01 sp030858465	desert_prefixed_r226		Mount Seuss	3.0	False	ANI95_01925	GCA_030858465.1	SAMN27861886;SAMN27861887;SAMN27861888	SAMN28015995	False	False	Mount Seuss	1	81.24	desert2025__GCA_030858465.1
desert2025__GCA_030773115.1	not_detected	not_detected	not_detected	not_detected	not_detected	not_detected	global_desert_PRJNA832417	99.99	3.78	45621	111	True	True	GCA_030773115.1	Bacteria	Pseudomonadota	Alphaproteobacteria	Sphingomonadales	Sphingomonadaceae	Sphingomicrobium	Sphingomicrobium sp030773115	desert_prefixed_r226		Drass Desert	3.0	False	ANI95_01499	GCA_030773115.1	SAMN27861922;SAMN27861923;SAMN27861924	SAMN28005011	False	False	Drass Desert	1	81.09	desert2025__GCA_030773115.1
desert2025__GCA_030855295.1	not_detected	partial	not_detected	panel_complete	panel_complete	not_detected	global_desert_PRJNA832417	91.63	2.11	7134	1292	True	True	GCA_030855295.1	Bacteria	Myxococcota	Polyangia	Polyangiales	Sandaracinaceae	Sandaracinus	Sandaracinus sp030855295	desert_prefixed_r226		McMurdo Dry Valleys	1.0	False	ANI95_01792	GCA_030855295.1	SAMN27861883	SAMN28015455	False	False	McMurdo Dry Valleys	1	81.08	desert2025__GCA_030855295.1
desert2025__GCA_030858445.1	not_detected	not_detected	panel_complete	not_detected	not_detected	panel_complete	global_desert_PRJNA832417	98.58	3.54	14113	364	True	True	GCA_030858445.1	Bacteria	Actinomycetota	Actinomycetes	Mycobacteriales	Geodermatophilaceae	JACCTY01	JACCTY01 sp013695685	desert_prefixed_r226		Mount Seuss	3.0	False	ANI95_01924	GCA_030858445.1	SAMN27861886;SAMN27861887;SAMN27861888	SAMN28015996	False	False	Mount Seuss	1	80.88	desert2025__GCA_030858445.1
desert2025__GCA_030852515.1	not_detected	not_detected	not_detected	not_detected	not_detected	not_detected	global_desert_PRJNA832417	90.77	2.02	24858	171	True	True	GCA_030852515.1	Bacteria	Pseudomonadota	Gammaproteobacteria	Xanthomonadales	Xanthomonadaceae	Cognatiluteimonas	Cognatiluteimonas sp030852515	desert_prefixed_r226		Kuwait Desert	1.0	False	ANI95_01669	GCA_030852515.1	SAMN27861901	SAMN28015594	False	False	Kuwait Desert	1	80.67	desert2025__GCA_030852515.1
desert2025__GCA_030856585.1	not_detected	not_detected	not_detected	not_detected	not_detected	partial	global_desert_PRJNA832417	81.86	0.24	5815	492	True	False	GCA_030856585.1	Bacteria	Gemmatimonadota	Gemmatimonadetes	Gemmatimonadales	GWC2-71-9	JACDDX01	JACDDX01 sp030856585	desert_prefixed_r226		McMurdo Dry Valleys	3.0	False	ANI95_01852	GCA_030856585.1	SAMN27861883;SAMN27861884;SAMN27861885	SAMN28015391	False	False	McMurdo Dry Valleys	1	80.66	desert2025__GCA_030856585.1
desert2025__GCA_030776725.1	not_detected	not_detected	not_detected	not_detected	not_detected	not_detected	global_desert_PRJNA832417	95.56	3.0	14133	287	True	True	GCA_030776725.1	Bacteria	Actinomycetota	Nitriliruptoria	Nitriliruptorales	JAHWKO01	JAHWKW01	JAHWKW01 sp030776725	desert_prefixed_r226		Gobi Desert - China	3.0	False	ANI95_01633	GCA_030776725.1	SAMN27861898;SAMN27861899;SAMN27861900	SAMN28004845	False	False	Gobi Desert - China	1	80.56	desert2025__GCA_030776725.1
desert2025__GCA_030853745.1	panel_complete	panel_complete	not_detected	not_detected	not_detected	not_detected	global_desert_PRJNA832417	97.41	3.38	48246	205	True	True	GCA_030853745.1	Bacteria	Pseudomonadota	Gammaproteobacteria	Burkholderiales	Burkholderiaceae	Telluria	Telluria sp030853745	desert_prefixed_r226		Lagoon Island	3.0	False	ANI95_01722	GCA_030853745.1	SAMN27861892;SAMN27861893;SAMN27861894	SAMN28015532	False	False	Lagoon Island	1	80.50999999999999	desert2025__GCA_030853745.1
desert2025__GCA_030859605.1	not_detected	not_detected	not_detected	not_detected	not_detected	not_detected	global_desert_PRJNA832417	82.32	0.43	4851	1098	True	False	GCA_030859605.1	Bacteria	Verrucomicrobiota	Verrucomicrobiia	Chthoniobacterales	Chthoniobacteraceae			desert_prefixed_r226		Mojave Desert	1.0	False	ANI95_01976	GCA_030859605.1	SAMN27861880	SAMN28015938	False	False	Mojave Desert	1	80.16999999999999	desert2025__GCA_030859605.1
desert2025__GCA_030948505.1	not_detected	partial	panel_complete	not_detected	not_detected	partial	global_desert_PRJNA832417	87.38	1.47	12397	363	True	False	GCA_030948505.1	Bacteria	Chloroflexota	Limnocylindria	Limnocylindrales	CSP1-4	JACDAV01	JACDAV01 sp030948505	desert_prefixed_r226		Kap Hoegh	3.0	False	ANI95_02251	GCA_030948505.1	SAMN27861916;SAMN27861917;SAMN27861918	SAMN28015681	False	False	Kap Hoegh	1	80.03	desert2025__GCA_030948505.1
desert2025__GCA_030855585.1	not_detected	not_detected	not_detected	not_detected	not_detected	not_detected	global_desert_PRJNA832417	80.97	0.19	13616	73	True	False	GCA_030855585.1	Bacteria	Patescibacteriota	Saccharimonadia	Saccharimonadales	JACDBH01	JALYQY01	JALYQY01 sp030855585	desert_prefixed_r226		McMurdo Dry Valleys	3.0	False	ANI95_01805	GCA_030855585.1	SAMN27861883;SAMN27861884;SAMN27861885	SAMN28015440	False	False	McMurdo Dry Valleys	1	80.02	desert2025__GCA_030855585.1
desert2025__GCA_030855205.1	not_detected	not_detected	not_detected	not_detected	not_detected	partial	global_desert_PRJNA832417	99.98	4.01	15011	380	True	True	GCA_030855205.1	Bacteria	Acidobacteriota	Vicinamibacteria	Vicinamibacterales	SCN-69-37	JALYRV01	JALYRV01 sp030855205	desert_prefixed_r226		McMurdo Dry Valleys	1.0	False	ANI95_01788	GCA_030855205.1	SAMN27861884	SAMN28015463	False	False	McMurdo Dry Valleys	1	79.93	desert2025__GCA_030855205.1
desert2025__GCA_030853445.1	panel_complete	panel_complete	not_detected	not_detected	not_detected	not_detected	global_desert_PRJNA832417	91.57	2.39	11114	515	True	True	GCA_030853445.1	Bacteria	Actinomycetota	Actinomycetes	Actinomycetales	Dermatophilaceae	Lapillicoccus	Lapillicoccus sp030853445	desert_prefixed_r226		Lagoon Island	3.0	False	ANI95_01707	GCA_030853445.1	SAMN27861892;SAMN27861893;SAMN27861894	SAMN28015548	False	False	Lagoon Island	1	79.61999999999999	desert2025__GCA_030853445.1
desert2025__GCA_030867425.1	not_detected	not_detected	partial	not_detected	not_detected	not_detected	global_desert_PRJNA832417	92.85	2.67	9369	422	True	True	GCA_030867425.1	Bacteria	Actinomycetota	Rubrobacteria	Rubrobacterales	Rubrobacteraceae	Rubrobacter_F	Rubrobacter_F sp030867425	desert_prefixed_r226		North Australian Desert	3.0	False	ANI95_02148	GCA_030867425.1	SAMN27861868;SAMN27861869;SAMN27861870	SAMN28015824	False	False	North Australian Desert	1	79.5	desert2025__GCA_030867425.1
desert2025__GCA_030856825.1	not_detected	not_detected	panel_complete	not_detected	not_detected	panel_complete	global_desert_PRJNA832417	86.09	1.34	9942	300	True	False	GCA_030856825.1	Bacteria	Actinomycetota	Actinomycetes	Propionibacteriales	Nocardioidaceae	JACCYJ01	JACCYJ01 sp013696015	desert_prefixed_r226		McMurdo Dry Valleys	3.0	False	ANI95_01862	GCA_030856825.1	SAMN27861883;SAMN27861884;SAMN27861885	SAMN28015379	False	False	McMurdo Dry Valleys	1	79.39	desert2025__GCA_030856825.1
desert2025__GCA_030773235.1	not_detected	not_detected	panel_complete	not_detected	not_detected	not_detected	global_desert_PRJNA832417	86.74	1.49	5137	458	True	False	GCA_030773235.1	Bacteria	Actinomycetota	Actinomycetes	Mycobacteriales	SCTD01	JALYNK01	JALYNK01 sp030773235	desert_prefixed_r226		Atacama Desert	1.0	False	ANI95_01504	GCA_030773235.1	SAMN27861921	SAMN28005005	False	False	Atacama Desert	1	79.28999999999999	desert2025__GCA_030773235.1
desert2025__GCA_030859165.1	not_detected	not_detected	panel_complete	not_detected	not_detected	partial	global_desert_PRJNA832417	80.8	0.31	26874	115	True	False	GCA_030859165.1	Bacteria	Actinomycetota	Actinomycetes	Propionibacteriales	Nocardioidaceae	JACCXZ01	JACCXZ01 sp030859165	desert_prefixed_r226		Mount Seuss	3.0	False	ANI95_01957	GCA_030859165.1	SAMN27861886;SAMN27861887;SAMN27861888	SAMN28015961	False	False	Mount Seuss	1	79.25	desert2025__GCA_030859165.1
desert2025__GCA_030773495.1	not_detected	not_detected	not_detected	not_detected	not_detected	not_detected	global_desert_PRJNA832417	87.0	1.56	7373	562	True	False	GCA_030773495.1	Bacteria	Actinomycetota	Acidimicrobiia	Acidimicrobiales	GCA-2861595	JALYMX01	JALYMX01 sp030773495	desert_prefixed_r226		Atacama Desert	3.0	False	ANI95_01512	GCA_030773495.1	SAMN27861919;SAMN27861920;SAMN27861921	SAMN28004992	False	False	Atacama Desert	1	79.2	desert2025__GCA_030773495.1
desert2025__GCA_030861775.1	not_detected	not_detected	not_detected	not_detected	not_detected	not_detected	global_desert_PRJNA832417	87.95	1.77	7674	634	True	False	GCA_030861775.1	Bacteria	Actinomycetota	Thermoleophilia	Solirubrobacterales	Thermoleophilaceae	AC-37	AC-37 sp030861775	desert_prefixed_r226		Negev Desert	1.0	False	ANI95_02070	GCA_030861775.1	SAMN27861865	SAMN28015814	False	False	Negev Desert	1	79.10000000000001	desert2025__GCA_030861775.1
desert2025__GCA_030853685.1	not_detected	panel_complete	not_detected	not_detected	not_detected	not_detected	global_desert_PRJNA832417	81.95	0.58	16416	309	True	False	GCA_030853685.1	Bacteria	Actinomycetota	Thermoleophilia	Solirubrobacterales	Solirubrobacteraceae	Palsa-465	Palsa-465 sp030853685	desert_prefixed_r226		Lagoon Island	3.0	False	ANI95_01718	GCA_030853685.1	SAMN27861892;SAMN27861893;SAMN27861894	SAMN28015536	False	False	Lagoon Island	1	79.05	desert2025__GCA_030853685.1
desert2025__GCA_030947245.1	not_detected	not_detected	not_detected	not_detected	not_detected	not_detected	global_desert_PRJNA832417	87.37	1.67	10491	486	True	False	GCA_030947245.1	Bacteria	Acidobacteriota	Terriglobia	Bryobacterales	Bryobacteraceae	JALYXI01	JALYXI01 sp030947245	desert_prefixed_r226		Kap Hoegh	3.0	False	ANI95_02216	GCA_030947245.1	SAMN27861916;SAMN27861917;SAMN27861918	SAMN28015606	False	False	Kap Hoegh	1	79.02000000000001	desert2025__GCA_030947245.1
desert2025__GCA_030862075.1	not_detected	not_detected	not_detected	not_detected	not_detected	not_detected	global_desert_PRJNA832417	91.26	2.48	7646	411	True	True	GCA_030862075.1	Bacteria	Actinomycetota	Rubrobacteria	Rubrobacterales	Rubrobacteraceae	Rubrobacter_F	Rubrobacter_F sp030862075	desert_prefixed_r226		Negev Desert	3.0	False	ANI95_02084	GCA_030862075.1	SAMN27861865;SAMN27861866;SAMN27861867	SAMN28015800	False	False	Negev Desert	1	78.86	desert2025__GCA_030862075.1
desert2025__GCA_030860835.1	not_detected	not_detected	not_detected	not_detected	not_detected	not_detected	global_desert_PRJNA832417	82.1	0.67	4007	486	True	False	GCA_030860835.1	Bacteria	Pseudomonadota	Gammaproteobacteria	JACCYU01	JACCYU01	JAPSGG01	JAPSGG01 sp036259115	desert_prefixed_r226		Sonoran Desert	3.0	False	ANI95_02031	GCA_030860835.1	SAMN27861877;SAMN27861878;SAMN27861879	SAMN28015878	False	False	Namib Desert;Sonoran Desert	2	78.75	desert2025__GCA_030860835.1
desert2025__GCA_030773435.1	not_detected	not_detected	not_detected	not_detected	not_detected	not_detected	global_desert_PRJNA832417	79.85	0.25	8332	382	True	False	GCA_030773435.1	Bacteria	Actinomycetota	Actinomycetes	Propionibacteriales	Nocardioidaceae	JALYMZ01	JALYMZ01 sp030773435	desert_prefixed_r226		Atacama Desert	3.0	False	ANI95_01510	GCA_030773435.1	SAMN27861919;SAMN27861920;SAMN27861921	SAMN28004994	False	False	Atacama Desert	1	78.6	desert2025__GCA_030773435.1
desert2025__GCA_030776865.1	not_detected	not_detected	not_detected	not_detected	not_detected	not_detected	global_desert_PRJNA832417	81.14	0.51	7587	309	True	False	GCA_030776865.1	Bacteria	Actinomycetota	Rubrobacteria	Rubrobacterales	Rubrobacteraceae	JALYGY01	JALYGY01 sp030776865	desert_prefixed_r226		Gobi Desert - China	3.0	False	ANI95_01639	GCA_030776865.1	SAMN27861898;SAMN27861899;SAMN27861900	SAMN28004837	False	False	Gobi Desert - China	1	78.59	desert2025__GCA_030776865.1
desert2025__GCA_030947025.1	panel_complete	panel_complete	not_detected	not_detected	not_detected	not_detected	global_desert_PRJNA832417	93.87	3.06	17366	422	True	True	GCA_030947025.1	Bacteria	Actinomycetota	Acidimicrobiia	Acidimicrobiales	Palsa-688	JALYXV01	JALYXV01 sp030947025	desert_prefixed_r226		Kap Hoegh	3.0	False	ANI95_02205	GCA_030947025.1	SAMN27861916;SAMN27861917;SAMN27861918	SAMN28015619	False	False	Kap Hoegh	1	78.57000000000001	desert2025__GCA_030947025.1
desert2025__GCA_030853405.1	panel_complete	panel_complete	not_detected	not_detected	not_detected	partial	global_desert_PRJNA832417	90.15	2.34	14893	454	True	True	GCA_030853405.1	Bacteria	Acidobacteriota	Terriglobia	Bryobacterales	Bryobacteraceae	Bog-105	Bog-105 sp030853405	desert_prefixed_r226		Lagoon Island	3.0	False	ANI95_01705	GCA_030853405.1	SAMN27861892;SAMN27861893;SAMN27861894	SAMN28015549	False	False	Lagoon Island	1	78.45	desert2025__GCA_030853405.1
desert2025__GCA_030774475.1	panel_complete	partial	not_detected	partial	not_detected	not_detected	global_desert_PRJNA832417	90.94	2.5	24123	209	True	True	GCA_030774475.1	Bacteria	Chloroflexota	Limnocylindria	QHBO01	QHBO01	CF-82	CF-82 sp030774475	desert_prefixed_r226		Alex Fiord-Dome	3.0	False	ANI95_01552	GCA_030774475.1	SAMN27861913;SAMN27861914;SAMN27861915	SAMN28004944	False	False	Alex Fiord-Dome	1	78.44	desert2025__GCA_030774475.1
desert2025__GCA_030776705.1	not_detected	not_detected	not_detected	not_detected	not_detected	not_detected	global_desert_PRJNA832417	80.97	0.51	10457	241	True	False	GCA_030776705.1	Bacteria	Actinomycetota	Acidimicrobiia	Acidimicrobiales	GCA-2861595	JALYHE01	JALYHE01 sp030776705	desert_prefixed_r226		Gobi Desert - China	3.0	False	ANI95_01632	GCA_030776705.1	SAMN27861898;SAMN27861899;SAMN27861900	SAMN28004843	False	False	Gobi Desert - China	1	78.42	desert2025__GCA_030776705.1
desert2025__GCA_030858155.1	not_detected	not_detected	not_detected	not_detected	not_detected	partial	global_desert_PRJNA832417	83.07	0.93	5996	551	True	False	GCA_030858155.1	Bacteria	Pseudomonadota	Gammaproteobacteria	Burkholderiales	Burkholderiaceae	JACCZX01	JACCZX01 sp013813185	desert_prefixed_r226		Mount Seuss	3.0	False	ANI95_01914	GCA_030858155.1	SAMN27861886;SAMN27861887;SAMN27861888	SAMN28016011	False	False	Mount Seuss	1	78.41999999999999	desert2025__GCA_030858155.1
desert2025__GCA_030855835.1	not_detected	not_detected	panel_complete	not_detected	not_detected	panel_complete	global_desert_PRJNA832417	83.1	0.94	5115	522	True	False	GCA_030855835.1	Bacteria	Actinomycetota	Actinomycetes	Propionibacteriales	Nocardioidaceae	JACCVL01	JACCVL01 sp030855835	desert_prefixed_r226		McMurdo Dry Valleys	3.0	False	ANI95_01817	GCA_030855835.1	SAMN27861883;SAMN27861884;SAMN27861885	SAMN28015429	False	False	McMurdo Dry Valleys	1	78.39999999999999	desert2025__GCA_030855835.1
desert2025__GCA_030948585.1	not_detected	partial	not_detected	not_detected	not_detected	not_detected	global_desert_PRJNA832417	78.49	0.02	26456	171	True	False	GCA_030948585.1	Bacteria	Chloroflexota	Limnocylindria	P2-11E	P2-11E	UBA4735	UBA4735 sp030948585	desert_prefixed_r226		Kap Hoegh	3.0	False	ANI95_02254	GCA_030948585.1	SAMN27861916;SAMN27861917;SAMN27861918	SAMN28015677	False	False	Kap Hoegh	1	78.39	desert2025__GCA_030948585.1
desert2025__GCA_030859405.1	not_detected	not_detected	not_detected	not_detected	not_detected	not_detected	global_desert_PRJNA832417	93.77	3.11	13864	244	True	True	GCA_030859405.1	Bacteria	Actinomycetota	Acidimicrobiia	Acidimicrobiales	GCA-2861595	YB1-3	YB1-3 sp030859405	desert_prefixed_r226		Mojave Desert	1.0	False	ANI95_01967	GCA_030859405.1	SAMN27861882	SAMN28015948	False	False	Mojave Desert	1	78.22	desert2025__GCA_030859405.1
desert2025__GCA_030858585.1	not_detected	not_detected	panel_complete	not_detected	not_detected	partial	global_desert_PRJNA832417	91.26	2.64	8767	533	True	True	GCA_030858585.1	Bacteria	Actinomycetota	Actinomycetes	Mycobacteriales	Geodermatophilaceae	JACCSC01	JACCSC01 sp013813215	desert_prefixed_r226		Mount Seuss	3.0	False	ANI95_01931	GCA_030858585.1	SAMN27861886;SAMN27861887;SAMN27861888	SAMN28015989	False	False	Mount Seuss	1	78.06	desert2025__GCA_030858585.1
desert2025__GCA_030857225.1	not_detected	not_detected	panel_complete	not_detected	not_detected	partial	global_desert_PRJNA832417	96.91	3.78	39041	151	True	True	GCA_030857225.1	Bacteria	Actinomycetota	Thermoleophilia	Gaiellales	Gaiellaceae	GMQP-bins7	GMQP-bins7 sp030857225	desert_prefixed_r226		Mount Seuss	1.0	False	ANI95_01881	GCA_030857225.1	SAMN27861888	SAMN28016059	False	False	Mount Seuss	1	78.00999999999999	desert2025__GCA_030857225.1
desert2025__GCA_030856095.1	not_detected	not_detected	not_detected	not_detected	not_detected	not_detected	global_desert_PRJNA832417	83.74	1.15	4924	619	True	False	GCA_030856095.1	Bacteria	Actinomycetota	Acidimicrobiia	Acidimicrobiales	CADCSY01			desert_prefixed_r226		McMurdo Dry Valleys	3.0	False	ANI95_01830	GCA_030856095.1	SAMN27861883;SAMN27861884;SAMN27861885	SAMN28015416	False	False	McMurdo Dry Valleys	1	77.99	desert2025__GCA_030856095.1
desert2025__GCA_030852505.1	panel_complete	panel_complete	not_detected	not_detected	not_detected	not_detected	global_desert_PRJNA832417	87.91	1.99	6225	1137	True	False	GCA_030852505.1	Bacteria	Myxococcota	Polyangia	Polyangiales	Polyangiaceae	PMG-095	PMG-095 sp030852505	desert_prefixed_r226		Kuwait Desert	1.0	False	ANI95_01668	GCA_030852505.1	SAMN27861903	SAMN28015597	False	False	Kuwait Desert	1	77.96	desert2025__GCA_030852505.1
desert2025__GCA_030775625.1	panel_complete	panel_complete	not_detected	not_detected	not_detected	not_detected	global_desert_PRJNA832417	90.36	2.5	17979	261	True	True	GCA_030775625.1	Bacteria	Pseudomonadota	Gammaproteobacteria	Steroidobacterales	Steroidobacteraceae	Bog-1198	Bog-1198 sp030775625	desert_prefixed_r226		Hietatievat	3.0	False	ANI95_01599	GCA_030775625.1	SAMN27861904;SAMN27861905;SAMN27861906	SAMN28004887	False	False	Hietatievat	1	77.86	desert2025__GCA_030775625.1
desert2025__GCA_030947625.1	not_detected	partial	partial	not_detected	not_detected	not_detected	global_desert_PRJNA832417	78.44	0.12	12325	224	True	False	GCA_030947625.1	Bacteria	Actinomycetota	Actinomycetes	Propionibacteriales	Nocardioidaceae	Marmoricola	Marmoricola sp030947625	desert_prefixed_r226		Kap Hoegh	1.0	False	ANI95_02226	GCA_030947625.1	SAMN27861918	SAMN28015709	False	False	Kap Hoegh	1	77.84	desert2025__GCA_030947625.1
desert2025__GCA_030913835.1	not_detected	not_detected	not_detected	not_detected	not_detected	not_detected	global_desert_PRJNA832417	80.42	0.52	5821	476	True	False	GCA_030913835.1	Bacteria	Actinomycetota	Thermoleophilia	Gaiellales	Gaiellaceae	UBA5186	UBA5186 sp030913835	desert_prefixed_r226		Svalbard	3.0	False	ANI95_02156	GCA_030913835.1	SAMN27861907;SAMN27861908;SAMN27861909	SAMN28016065	False	False	Svalbard	1	77.82000000000001	desert2025__GCA_030913835.1
desert2025__GCA_030776455.1	panel_complete	panel_complete	not_detected	not_detected	not_detected	not_detected	global_desert_PRJNA832417	86.22	1.68	34994	210	True	False	GCA_030776455.1	Bacteria	Acidobacteriota	Terriglobia	Bryobacterales	Bryobacteraceae	JALYHQ01	JALYHQ01 sp030776455	desert_prefixed_r226		Hietatievat	3.0	False	ANI95_01624	GCA_030776455.1	SAMN27861904;SAMN27861905;SAMN27861906	SAMN28004855	False	False	Hietatievat	1	77.82	desert2025__GCA_030776455.1
desert2025__GCA_030859955.1	not_detected	partial	not_detected	partial	not_detected	not_detected	global_desert_PRJNA832417	94.32	3.3	15871	367	True	True	GCA_030859955.1	Bacteria	Chloroflexota	Limnocylindria	QHBO01	QHBO01	JACDBZ01	JACDBZ01 sp030859955	desert_prefixed_r226		Mojave Desert	3.0	False	ANI95_01990	GCA_030859955.1	SAMN27861880;SAMN27861881;SAMN27861882	SAMN28015923	False	False	Mojave Desert	1	77.82	desert2025__GCA_030859955.1
desert2025__GCA_030777325.1	not_detected	not_detected	not_detected	not_detected	not_detected	not_detected	global_desert_PRJNA832417	92.5	2.96	35812	80	True	True	GCA_030777325.1	Bacteria	Actinomycetota	Acidimicrobiia	Acidimicrobiales	GCA-2861595	YB1-3	YB1-3 sp030777325	desert_prefixed_r226		Gobi Desert - China	3.0	False	ANI95_01659	GCA_030777325.1	SAMN27861898;SAMN27861899;SAMN27861900	SAMN28004818	False	False	Gobi Desert - China	1	77.7	desert2025__GCA_030777325.1
desert2025__GCA_030852465.1	not_detected	not_detected	not_detected	partial	not_detected	not_detected	global_desert_PRJNA832417	79.53	0.41	4205	817	True	False	GCA_030852465.1	Bacteria	Pseudomonadota	Gammaproteobacteria	Competibacterales	Competibacteraceae			desert_prefixed_r226		Kuwait Desert	1.0	False	ANI95_01666	GCA_030852465.1	SAMN27861902	SAMN28015595	False	False	Kuwait Desert	1	77.48	desert2025__GCA_030852465.1
desert2025__GCA_030772935.1	not_detected	panel_complete	partial	not_detected	not_detected	not_detected	global_desert_PRJNA832417	84.73	1.46	6853	386	True	False	GCA_030772935.1	Bacteria	Actinomycetota	Acidimicrobiia	UBA5794	ZC4RG35	JALYNX01	JALYNX01 sp030772935	desert_prefixed_r226		Drass Desert	1.0	False	ANI95_01493	GCA_030772935.1	SAMN27861924	SAMN28005018	False	False	Drass Desert	1	77.43	desert2025__GCA_030772935.1
desert2025__GCA_030856945.1	not_detected	not_detected	not_detected	not_detected	not_detected	not_detected	global_desert_PRJNA832417	79.33	0.39	6372	152	True	False	GCA_030856945.1	Bacteria	Patescibacteriota	Microgenomatia	JALYQM01	JALYQM01	JALYQM01		desert_prefixed_r226		McMurdo Dry Valleys	3.0	False	ANI95_01868	GCA_030856945.1	SAMN27861883;SAMN27861884;SAMN27861885	SAMN28015372	False	False	McMurdo Dry Valleys	1	77.38	desert2025__GCA_030856945.1
desert2025__GCA_030775645.1	panel_complete	panel_complete	panel_complete	not_detected	not_detected	panel_complete	global_desert_PRJNA832417	99.07	4.38	86958	118	True	True	GCA_030775645.1	Bacteria	Pseudomonadota	Gammaproteobacteria	Steroidobacterales	Steroidobacteraceae	Bog-1198	Bog-1198 sp030775645	desert_prefixed_r226		Hietatievat	3.0	False	ANI95_01600	GCA_030775645.1	SAMN27861904;SAMN27861905;SAMN27861906	SAMN28004884	False	False	Hietatievat	1	77.16999999999999	desert2025__GCA_030775645.1
desert2025__GCA_030856285.1	not_detected	not_detected	not_detected	not_detected	not_detected	not_detected	global_desert_PRJNA832417	84.29	1.43	5752	511	True	False	GCA_030856285.1	Bacteria	Pseudomonadota	Alphaproteobacteria	Caulobacterales	Caulobacteraceae	Brevundimonas	Brevundimonas sp030856285	desert_prefixed_r226		McMurdo Dry Valleys	3.0	False	ANI95_01838	GCA_030856285.1	SAMN27861883;SAMN27861884;SAMN27861885	SAMN28015408	False	False	McMurdo Dry Valleys	1	77.14	desert2025__GCA_030856285.1
desert2025__GCA_030854125.1	partial	panel_complete	not_detected	not_detected	not_detected	not_detected	global_desert_PRJNA832417	85.1	1.6	5506	814	True	False	GCA_030854125.1	Bacteria	Actinomycetota	Thermoleophilia	Solirubrobacterales	Solirubrobacteraceae	Palsa-465	Palsa-465 sp030854125	desert_prefixed_r226		Livingston Island	1.0	False	ANI95_01739	GCA_030854125.1	SAMN27861891	SAMN28015514	False	False	Livingston Island	1	77.1	desert2025__GCA_030854125.1
desert2025__GCA_030857905.1	not_detected	not_detected	panel_complete	panel_complete	panel_complete	panel_complete	global_desert_PRJNA832417	80.26	0.64	10598	629	True	False	GCA_030857905.1	Bacteria	Actinomycetota	Actinomycetes	Mycobacteriales	Pseudonocardiaceae	Actinokineospora	Actinokineospora sp030857905	desert_prefixed_r226		Mount Seuss	3.0	False	ANI95_01904	GCA_030857905.1	SAMN27861886;SAMN27861887;SAMN27861888	SAMN28016024	False	False	Mount Seuss	1	77.06	desert2025__GCA_030857905.1
desert2025__GCA_030856525.1	partial	panel_complete	panel_complete	partial	not_detected	panel_complete	global_desert_PRJNA832417	80.16	0.62	5473	920	True	False	GCA_030856525.1	Bacteria	Pseudomonadota	Gammaproteobacteria	Pseudomonadales	Pseudomonadaceae	Pseudomonas_E	Pseudomonas_E sp030856525	desert_prefixed_r226		McMurdo Dry Valleys	3.0	False	ANI95_01849	GCA_030856525.1	SAMN27861883;SAMN27861884;SAMN27861885	SAMN28015394	False	False	McMurdo Dry Valleys	1	77.06	desert2025__GCA_030856525.1
desert2025__GCA_030948025.1	not_detected	not_detected	not_detected	not_detected	not_detected	not_detected	global_desert_PRJNA832417	93.89	3.38	15691	332	True	True	GCA_030948025.1	Bacteria	Pseudomonadota	Alphaproteobacteria	Rhizobiales	Beijerinckiaceae	Methylocapsa	Methylocapsa sp030948025	desert_prefixed_r226		Kap Hoegh	1.0	False	ANI95_02233	GCA_030948025.1	SAMN27861916	SAMN28015700	False	False	Kap Hoegh	1	76.99000000000001	desert2025__GCA_030948025.1
desert2025__GCA_030860005.1	not_detected	not_detected	not_detected	not_detected	not_detected	not_detected	global_desert_PRJNA832417	89.0	2.41	6516	642	True	False	GCA_030860005.1	Bacteria	Actinomycetota	Thermoleophilia	Solirubrobacterales	Solirubrobacteraceae	CADCVQ01	CADCVQ01 sp030860005	desert_prefixed_r226		Mojave Desert	3.0	False	ANI95_01991	GCA_030860005.1	SAMN27861880;SAMN27861881;SAMN27861882	SAMN28015919	False	False	Mojave Desert	1	76.95	desert2025__GCA_030860005.1
desert2025__GCA_030853385.1	panel_complete	panel_complete	not_detected	partial	not_detected	not_detected	global_desert_PRJNA832417	97.3	4.07	23767	308	True	True	GCA_030853385.1	Bacteria	Actinomycetota	Actinomycetes	Mycobacteriales	Nakamurellaceae	Nakamurella	Nakamurella sp030853385	desert_prefixed_r226		Lagoon Island	3.0	False	ANI95_01704	GCA_030853385.1	SAMN27861892;SAMN27861893;SAMN27861894	SAMN28015551	False	False	Lagoon Island	1	76.94999999999999	desert2025__GCA_030853385.1
desert2025__GCA_030774675.1	not_detected	partial	not_detected	not_detected	not_detected	not_detected	global_desert_PRJNA832417	95.2	3.66	19058	309	True	True	GCA_030774675.1	Bacteria	Gemmatimonadota	Gemmatimonadetes	Gemmatimonadales	Gemmatimonadaceae	UBA4720	UBA4720 sp030774675	desert_prefixed_r226		Alex Fiord-Dome	3.0	False	ANI95_01562	GCA_030774675.1	SAMN27861913;SAMN27861914;SAMN27861915	SAMN28004933	False	False	Alex Fiord-Dome	1	76.9	desert2025__GCA_030774675.1
desert2025__GCA_030855555.1	not_detected	panel_complete	not_detected	not_detected	not_detected	not_detected	global_desert_PRJNA832417	83.67	1.36	14571	203	True	False	GCA_030855555.1	Bacteria	Pseudomonadota	Alphaproteobacteria	Sphingomonadales	Sphingomonadaceae	Sphingomicrobium	Sphingomicrobium sp030855555	desert_prefixed_r226		McMurdo Dry Valleys	3.0	False	ANI95_01804	GCA_030855555.1	SAMN27861883;SAMN27861884;SAMN27861885	SAMN28015444	False	False	McMurdo Dry Valleys	1	76.87	desert2025__GCA_030855555.1
desert2025__GCA_030853185.1	partial	not_detected	not_detected	not_detected	not_detected	not_detected	global_desert_PRJNA832417	89.15	2.46	11009	467	True	False	GCA_030853185.1	Bacteria	Actinomycetota	Acidimicrobiia	Acidimicrobiales	Palsa-688	JALZAH01	JALZAH01 sp030853185	desert_prefixed_r226		Lagoon Island	1.0	False	ANI95_01696	GCA_030853185.1	SAMN27861892	SAMN28015561	False	False	Lagoon Island	1	76.85000000000001	desert2025__GCA_030853185.1
desert2025__GCA_030775105.1	not_detected	not_detected	not_detected	not_detected	not_detected	partial	global_desert_PRJNA832417	93.58	3.36	10741	513	True	True	GCA_030775105.1	Bacteria	Pseudomonadota	Gammaproteobacteria	Nevskiales	Nevskiaceae	Fontimonas	Fontimonas sp030775105	desert_prefixed_r226		Cambridge Bay	3.0	False	ANI95_01578	GCA_030775105.1	SAMN27861910;SAMN27861911;SAMN27861912	SAMN28004912	False	False	Cambridge Bay	1	76.78	desert2025__GCA_030775105.1
desert2025__GCA_030855405.1	not_detected	not_detected	not_detected	not_detected	not_detected	not_detected	global_desert_PRJNA832417	82.35	1.12	5004	499	True	False	GCA_030855405.1	Bacteria	Bacteroidota	Bacteroidia	CAILMK01	CAILMK01			desert_prefixed_r226		McMurdo Dry Valleys	1.0	False	ANI95_01796	GCA_030855405.1	SAMN27861883	SAMN28015450	False	False	McMurdo Dry Valleys	1	76.75	desert2025__GCA_030855405.1
desert2025__GCA_030945705.1	not_detected	not_detected	not_detected	not_detected	not_detected	partial	global_desert_PRJNA832417	77.68	0.2	7636	237	True	False	GCA_030945705.1	Bacteria	Vulcanimicrobiota	Vulcanimicrobiia	Vulcanimicrobiales	Vulcanimicrobiaceae	JALYZK01	JALYZK01 sp030945705	desert_prefixed_r226		Kap Hoegh	3.0	False	ANI95_02166	GCA_030945705.1	SAMN27861916;SAMN27861917;SAMN27861918	SAMN28015660	False	False	Kap Hoegh	1	76.68	desert2025__GCA_030945705.1
desert2025__GCA_030858995.1	not_detected	not_detected	not_detected	not_detected	not_detected	not_detected	global_desert_PRJNA832417	79.63	0.59	4419	676	True	False	GCA_030858995.1	Bacteria	Bacteroidota	Bacteroidia	Chitinophagales	Chitinophagaceae	Flavisolibacter	Flavisolibacter sp013695175	desert_prefixed_r226		Mount Seuss	3.0	False	ANI95_01950	GCA_030858995.1	SAMN27861886;SAMN27861887;SAMN27861888	SAMN28015969	False	False	Mount Seuss	1	76.67999999999999	desert2025__GCA_030858995.1
desert2025__GCA_030861385.1	not_detected	partial	not_detected	not_detected	not_detected	partial	global_desert_PRJNA832417	82.71	1.21	6249	473	True	False	GCA_030861385.1	Bacteria	Actinomycetota	Thermoleophilia	Gaiellales	Gaiellaceae	JALZFU01	JALZFU01 sp030861385	desert_prefixed_r226		North Australian Desert	3.0	False	ANI95_02052	GCA_030861385.1	SAMN27861868;SAMN27861869;SAMN27861870	SAMN28015835	False	False	North Australian Desert	1	76.66	desert2025__GCA_030861385.1
desert2025__GCA_030860185.1	not_detected	not_detected	panel_complete	not_detected	not_detected	partial	global_desert_PRJNA832417	81.49	1.0	8000	448	True	False	GCA_030860185.1	Bacteria	Actinomycetota	Nitriliruptoria	Euzebyales	Egibacteraceae	JACCTL01	JACCTL01 sp013698135	desert_prefixed_r226		Mojave Desert	3.0	False	ANI95_02000	GCA_030860185.1	SAMN27861880;SAMN27861881;SAMN27861882	SAMN28015910	False	False	Mojave Desert	1	76.49	desert2025__GCA_030860185.1
desert2025__GCA_030776845.1	not_detected	not_detected	not_detected	not_detected	not_detected	not_detected	global_desert_PRJNA832417	76.89	0.08	5669	351	True	False	GCA_030776845.1	Bacteria	Actinomycetota	Nitriliruptoria	Euzebyales	Egibacteraceae	JAHWKQ01	JAHWKQ01 sp030776845	desert_prefixed_r226		Gobi Desert - China	3.0	False	ANI95_01638	GCA_030776845.1	SAMN27861898;SAMN27861899;SAMN27861900	SAMN28004838	False	False	Gobi Desert - China	1	76.49	desert2025__GCA_030776845.1
desert2025__GCA_030773615.1	not_detected	not_detected	not_detected	not_detected	not_detected	partial	global_desert_PRJNA832417	81.9	1.09	6491	380	True	False	GCA_030773615.1	Bacteria	Actinomycetota	Thermoleophilia	Solirubrobacterales	Solirubrobacteraceae	JALYMR01	JALYMR01 sp030773615	desert_prefixed_r226		Atacama Desert	3.0	False	ANI95_01516	GCA_030773615.1	SAMN27861919;SAMN27861920;SAMN27861921	SAMN28004986	False	False	Atacama Desert	1	76.45	desert2025__GCA_030773615.1
desert2025__GCA_030773995.1	not_detected	panel_complete	not_detected	not_detected	not_detected	not_detected	global_desert_PRJNA832417	76.98	0.11	16992	171	True	False	GCA_030773995.1	Bacteria	Chloroflexota	Limnocylindria	P2-11E	P2-11E	UBA4735	UBA4735 sp030773995	desert_prefixed_r226		Alex Fiord-Dome	1.0	False	ANI95_01530	GCA_030773995.1	SAMN27861915	SAMN28004966	False	False	Alex Fiord-Dome	1	76.43	desert2025__GCA_030773995.1
desert2025__GCA_030859115.1	partial	panel_complete	not_detected	not_detected	not_detected	not_detected	global_desert_PRJNA832417	83.3	1.4	6639	729	True	False	GCA_030859115.1	Bacteria	Pseudomonadota	Gammaproteobacteria	JACCXJ01	JACCXJ01	JACCXJ01	JACCXJ01 sp013697045	desert_prefixed_r226		Mount Seuss	3.0	False	ANI95_01955	GCA_030859115.1	SAMN27861886;SAMN27861887;SAMN27861888	SAMN28015965	False	False	Mount Seuss	1	76.3	desert2025__GCA_030859115.1
desert2025__GCA_030862115.1	not_detected	panel_complete	not_detected	not_detected	not_detected	not_detected	global_desert_PRJNA832417	92.39	3.22	14265	283	True	True	GCA_030862115.1	Bacteria	Actinomycetota	CADDZG01	CADDZG01	WHSQ01	JALZEK01	JALZEK01 sp030862115	desert_prefixed_r226		Negev Desert	3.0	False	ANI95_02086	GCA_030862115.1	SAMN27861865;SAMN27861866;SAMN27861867	SAMN28015797	False	False	Negev Desert	1	76.28999999999999	desert2025__GCA_030862115.1
desert2025__GCA_030776605.1	not_detected	not_detected	panel_complete	not_detected	not_detected	not_detected	global_desert_PRJNA832417	83.28	1.42	5464	391	True	False	GCA_030776605.1	Bacteria	Pseudomonadota	Alphaproteobacteria	Sphingomonadales	Sphingomonadaceae	Allosphingosinicella	Allosphingosinicella sp030776605	desert_prefixed_r226		Gobi Desert - China	1.0	False	ANI95_01628	GCA_030776605.1	SAMN27861899	SAMN28004849	False	False	Gobi Desert - China	1	76.18	desert2025__GCA_030776605.1
desert2025__GCA_030854165.1	panel_complete	partial	not_detected	not_detected	not_detected	not_detected	global_desert_PRJNA832417	88.18	2.43	6270	520	True	False	GCA_030854165.1	Bacteria	Pseudomonadota	Alphaproteobacteria	Caulobacterales	Caulobacteraceae	Palsa-881	Palsa-881 sp030854165	desert_prefixed_r226		Livingston Island	1.0	False	ANI95_01741	GCA_030854165.1	SAMN27861891	SAMN28015511	False	False	Livingston Island	1	76.03	desert2025__GCA_030854165.1
desert2025__GCA_030947265.1	not_detected	not_detected	not_detected	not_detected	not_detected	not_detected	global_desert_PRJNA832417	79.63	0.73	6146	622	True	False	GCA_030947265.1	Bacteria	Acidobacteriota	Blastocatellia	Pyrinomonadales	Pyrinomonadaceae	PSRF01	PSRF01 sp030947265	desert_prefixed_r226		Kap Hoegh	3.0	False	ANI95_02217	GCA_030947265.1	SAMN27861916;SAMN27861917;SAMN27861918	SAMN28015602	False	False	Kap Hoegh	1	75.97999999999999	desert2025__GCA_030947265.1
desert2025__GCA_030948845.1	not_detected	not_detected	not_detected	not_detected	not_detected	not_detected	global_desert_PRJNA832417	89.88	2.79	35065	118	True	False	GCA_030948845.1	Bacteria	Chloroflexota	Dormibacteria	Aeolococcales	Aeolococcaceae	Aeolococcus	Aeolococcus sp030948845	desert_prefixed_r226		Kap Hoegh	3.0	False	ANI95_02266	GCA_030948845.1	SAMN27861916;SAMN27861917;SAMN27861918	SAMN28015663	False	False	Kap Hoegh	1	75.92999999999999	desert2025__GCA_030948845.1
desert2025__GCA_030857985.1	not_detected	not_detected	not_detected	not_detected	not_detected	not_detected	global_desert_PRJNA832417	96.41	4.12	12081	329	True	True	GCA_030857985.1	Bacteria	Actinomycetota	Actinomycetes	Propionibacteriales	Nocardioidaceae	JALZMX01	JALZMX01 sp030857985	desert_prefixed_r226		Mount Seuss	3.0	False	ANI95_01864	GCA_030857985.1	SAMN27861886;SAMN27861887;SAMN27861888	SAMN28016020	False	False	McMurdo Dry Valleys;Mount Seuss	2	75.81	desert2025__GCA_030857985.1
desert2025__GCA_030854615.1	panel_complete	panel_complete	not_detected	not_detected	not_detected	not_detected	global_desert_PRJNA832417	93.51	3.57	12020	444	True	True	GCA_030854615.1	Bacteria	Gemmatimonadota	Gemmatimonadetes	Gemmatimonadales	Gemmatimonadaceae	FEN-1250	FEN-1250 sp030854615	desert_prefixed_r226		Livingston Island	3.0	False	ANI95_01760	GCA_030854615.1	SAMN27861889;SAMN27861890;SAMN27861891	SAMN28015490	False	False	Livingston Island	1	75.66000000000001	desert2025__GCA_030854615.1
desert2025__GCA_030776205.1	panel_complete	panel_complete	not_detected	not_detected	not_detected	not_detected	global_desert_PRJNA832417	93.71	3.62	14158	508	True	True	GCA_030776205.1	Bacteria	Myxococcota	Polyangia	Polyangiales	Polyangiaceae	Palsa-1150	Palsa-1150 sp030776205	desert_prefixed_r226		Hietatievat	3.0	False	ANI95_01617	GCA_030776205.1	SAMN27861904;SAMN27861905;SAMN27861906	SAMN28004860	False	False	Hietatievat	1	75.60999999999999	desert2025__GCA_030776205.1
desert2025__GCA_030855685.1	not_detected	not_detected	not_detected	not_detected	not_detected	not_detected	global_desert_PRJNA832417	79.3	0.78	26162	34	True	False	GCA_030855685.1	Bacteria	Patescibacteriota	Minisyncoccia	UBA9973	Zambryskibacteraceae	JAIFWN01	JAIFWN01 sp030855685	desert_prefixed_r226		McMurdo Dry Valleys	3.0	False	ANI95_01810	GCA_030855685.1	SAMN27861883;SAMN27861884;SAMN27861885	SAMN28015435	False	False	McMurdo Dry Valleys	1	75.39999999999999	desert2025__GCA_030855685.1
desert2025__GCA_030773555.1	not_detected	partial	not_detected	not_detected	not_detected	not_detected	global_desert_PRJNA832417	86.69	2.29	9477	387	True	False	GCA_030773555.1	Bacteria	Actinomycetota	Actinomycetes	JALYMT01	JALYMT01	JALYMT01	JALYMT01 sp030773555	desert_prefixed_r226		Atacama Desert	3.0	False	ANI95_01513	GCA_030773555.1	SAMN27861919;SAMN27861920;SAMN27861921	SAMN28004988	False	False	Atacama Desert	1	75.24	desert2025__GCA_030773555.1
desert2025__GCA_030775685.1	panel_complete	partial	not_detected	not_detected	not_detected	not_detected	global_desert_PRJNA832417	99.99	4.96	153289	89	True	True	GCA_030775685.1	Bacteria	Bacteroidota	Bacteroidia	Sphingobacteriales	Sphingobacteriaceae	Mucilaginibacter	Mucilaginibacter sp030775685	desert_prefixed_r226		Hietatievat	3.0	False	ANI95_01601	GCA_030775685.1	SAMN27861904;SAMN27861905;SAMN27861906	SAMN28004880	False	False	Hietatievat	1	75.19	desert2025__GCA_030775685.1
desert2025__GCA_030776065.1	panel_complete	panel_complete	not_detected	not_detected	not_detected	not_detected	global_desert_PRJNA832417	81.63	1.31	28251	200	True	False	GCA_030776065.1	Bacteria	Acidobacteriota	Terriglobia	Terriglobales	Acidobacteriaceae	Edaphobacter	Edaphobacter sp030776065	desert_prefixed_r226		Hietatievat	3.0	False	ANI95_01616	GCA_030776065.1	SAMN27861904;SAMN27861905;SAMN27861906	SAMN28004865	False	False	Hietatievat	1	75.08	desert2025__GCA_030776065.1
desert2025__GCA_030860565.1	not_detected	panel_complete	not_detected	not_detected	not_detected	partial	global_desert_PRJNA832417	77.99	0.62	5053	1104	True	False	GCA_030860565.1	Bacteria	Acidobacteriota	Blastocatellia	Pyrinomonadales	Pyrinomonadaceae	QHXN01	QHXN01 sp030914105	desert_prefixed_r226		Sonoran Desert	1.0	False	ANI95_02018	GCA_030860565.1	SAMN27861879	SAMN28015891	False	False	Peary Land;Sonoran Desert	2	74.89	desert2025__GCA_030860565.1
desert2025__GCA_030776765.1	not_detected	not_detected	not_detected	not_detected	not_detected	not_detected	global_desert_PRJNA832417	92.04	3.45	9989	308	True	True	GCA_030776765.1	Bacteria	Actinomycetota	Acidimicrobiia	UBA5794	JALYHC01	JALYHC01	JALYHC01 sp030776765	desert_prefixed_r226		Gobi Desert - China	3.0	False	ANI95_01635	GCA_030776765.1	SAMN27861898;SAMN27861899;SAMN27861900	SAMN28004841	False	False	Gobi Desert - China	1	74.79	desert2025__GCA_030776765.1
desert2025__GCA_030853735.1	not_detected	panel_complete	not_detected	not_detected	not_detected	partial	global_desert_PRJNA832417	85.66	2.19	7466	949	True	False	GCA_030853735.1	Bacteria	Chloroflexota	Chloroflexia	QHBQ01	JAICKM01	JAICKM01	JAICKM01 sp030853735	desert_prefixed_r226		Lagoon Island	3.0	False	ANI95_01721	GCA_030853735.1	SAMN27861892;SAMN27861893;SAMN27861894	SAMN28015534	False	False	Lagoon Island	1	74.71	desert2025__GCA_030853735.1
desert2025__GCA_030946735.1	partial	panel_complete	not_detected	not_detected	not_detected	not_detected	global_desert_PRJNA832417	83.35	1.75	8578	425	True	False	GCA_030946735.1	Bacteria	Chloroflexota	Dormibacteria	CF-121	CF-121	CF-13	CF-13 sp030946735	desert_prefixed_r226		Kap Hoegh	3.0	False	ANI95_02192	GCA_030946735.1	SAMN27861916;SAMN27861917;SAMN27861918	SAMN28015628	False	False	Kap Hoegh	1	74.6	desert2025__GCA_030946735.1
desert2025__GCA_030947395.1	panel_complete	panel_complete	not_detected	not_detected	not_detected	not_detected	global_desert_PRJNA832417	75.11	0.12	5828	483	True	False	GCA_030947395.1	Bacteria	Actinomycetota	Actinomycetes	Mycobacteriales	Jatrophihabitantaceae	JALZBL01	JALZBL01 sp030947395	desert_prefixed_r226		Kap Hoegh	1.0	False	ANI95_02224	GCA_030947395.1	SAMN27861918	SAMN28015713	False	False	Kap Hoegh	1	74.51	desert2025__GCA_030947395.1
desert2025__GCA_030946075.1	not_detected	partial	not_detected	not_detected	not_detected	not_detected	global_desert_PRJNA832417	86.76	2.5	8500	448	True	False	GCA_030946075.1	Bacteria	Bacteroidota	Bacteroidia	Chitinophagales	Chitinophagaceae	JADGPY01	JADGPY01 sp030946075	desert_prefixed_r226		Kap Hoegh	3.0	False	ANI95_02175	GCA_030946075.1	SAMN27861916;SAMN27861917;SAMN27861918	SAMN28015647	False	False	Kap Hoegh	1	74.26	desert2025__GCA_030946075.1
desert2025__GCA_030775965.1	panel_complete	panel_complete	not_detected	not_detected	not_detected	not_detected	global_desert_PRJNA832417	74.31	0.03	7109	479	True	False	GCA_030775965.1	Bacteria	Acidobacteriota	Terriglobia	Bryobacterales	Bryobacteraceae	Palsa-187	Palsa-187 sp030775965	desert_prefixed_r226		Hietatievat	3.0	False	ANI95_01614	GCA_030775965.1	SAMN27861904;SAMN27861905;SAMN27861906	SAMN28004866	False	False	Hietatievat	1	74.16	desert2025__GCA_030775965.1
desert2025__GCA_030773375.1	not_detected	panel_complete	not_detected	not_detected	not_detected	not_detected	global_desert_PRJNA832417	90.4	3.27	8366	567	True	True	GCA_030773375.1	Bacteria	Pseudomonadota	Alphaproteobacteria	Sphingomonadales	Sphingomonadaceae	Allosphingosinicella	Allosphingosinicella sp030773375	desert_prefixed_r226		Atacama Desert	1.0	False	ANI95_01507	GCA_030773375.1	SAMN27861919	SAMN28004999	False	False	Atacama Desert	1	74.05000000000001	desert2025__GCA_030773375.1
desert2025__GCA_030859365.1	not_detected	not_detected	not_detected	not_detected	not_detected	partial	global_desert_PRJNA832417	79.37	1.07	5309	501	True	False	GCA_030859365.1	Bacteria	Gemmatimonadota	Gemmatimonadetes	Longimicrobiales	Longimicrobiaceae	JALZKG01	JALZKG01 sp030859365	desert_prefixed_r226		Mount Seuss	3.0	False	ANI95_01965	GCA_030859365.1	SAMN27861886;SAMN27861887;SAMN27861888	SAMN28015951	False	False	Mount Seuss	1	74.02000000000001	desert2025__GCA_030859365.1
desert2025__GCA_030948775.1	panel_complete	panel_complete	not_detected	partial	not_detected	not_detected	global_desert_PRJNA832417	95.68	4.34	36673	212	True	True	GCA_030948775.1	Bacteria	Chloroflexota	Dormibacteria	Dormibacterales	Dormibacteraceae	Nephthysia	Nephthysia sp955652675	desert_prefixed_r226		Kap Hoegh	3.0	False	ANI95_02263	GCA_030948775.1	SAMN27861916;SAMN27861917;SAMN27861918	SAMN28015667	False	False	Kap Hoegh	1	73.98	desert2025__GCA_030948775.1
desert2025__GCA_030773935.1	not_detected	panel_complete	panel_complete	not_detected	not_detected	partial	global_desert_PRJNA832417	84.93	2.21	6420	430	True	False	GCA_030773935.1	Bacteria	Actinomycetota	UBA4738	UBA4738	HRBIN12	JALYMB01	JALYMB01 sp030773935	desert_prefixed_r226		Alex Fiord-Dome	1.0	False	ANI95_01527	GCA_030773935.1	SAMN27861915	SAMN28004970	False	False	Alex Fiord-Dome	1	73.88000000000001	desert2025__GCA_030773935.1
desert2025__GCA_030860375.1	not_detected	not_detected	not_detected	not_detected	not_detected	not_detected	global_desert_PRJNA832417	78.7	0.98	11409	283	True	False	GCA_030860375.1	Bacteria	Actinomycetota	Thermoleophilia	Solirubrobacterales	70-9	JALZKA01	JALZKA01 sp030860375	desert_prefixed_r226		Mojave Desert	3.0	False	ANI95_02010	GCA_030860375.1	SAMN27861880;SAMN27861881;SAMN27861882	SAMN28015902	False	False	Mojave Desert	1	73.8	desert2025__GCA_030860375.1
desert2025__GCA_030857745.1	not_detected	not_detected	not_detected	not_detected	not_detected	not_detected	global_desert_PRJNA832417	77.22	0.69	4932	578	True	False	GCA_030857745.1	Bacteria	Actinomycetota	Actinomycetes	Actinomycetales	Dermatophilaceae	Ornithinicoccus		desert_prefixed_r226		Mount Seuss	1.0	False	ANI95_01897	GCA_030857745.1	SAMN27861886	SAMN28016032	False	False	Mount Seuss	1	73.77	desert2025__GCA_030857745.1
desert2025__GCA_030862185.1	not_detected	partial	not_detected	not_detected	not_detected	not_detected	global_desert_PRJNA832417	85.23	2.3	7269	377	True	False	GCA_030862185.1	Bacteria	Actinomycetota	CADDZG01	CADDZG01	WHSQ01	JALZEG01	JALZEG01 sp030862185	desert_prefixed_r226		Negev Desert	3.0	False	ANI95_02088	GCA_030862185.1	SAMN27861865;SAMN27861866;SAMN27861867	SAMN28015795	False	False	Negev Desert	1	73.73	desert2025__GCA_030862185.1
desert2025__GCA_030861205.1	not_detected	partial	not_detected	not_detected	not_detected	not_detected	global_desert_PRJNA832417	88.79	3.03	9014	352	True	False	GCA_030861205.1	Bacteria	Actinomycetota	CADDZG01	CADDZG01	WHSQ01	JALZGD01	JALZGD01 sp030861205	desert_prefixed_r226		North Australian Desert	1.0	False	ANI95_02046	GCA_030861205.1	SAMN27861869	SAMN28015844	False	False	North Australian Desert	1	73.64000000000001	desert2025__GCA_030861205.1
desert2025__GCA_030854885.1	not_detected	panel_complete	not_detected	not_detected	not_detected	not_detected	global_desert_PRJNA832417	84.76	2.25	5329	807	True	False	GCA_030854885.1	Bacteria	Chloroflexota	Anaerolineae	Anaerolineales	Villigracilaceae	Defluviilinea		desert_prefixed_r226		McMurdo Dry Valleys	1.0	False	ANI95_01772	GCA_030854885.1	SAMN27861885	SAMN28015476	False	False	McMurdo Dry Valleys	1	73.51	desert2025__GCA_030854885.1
desert2025__GCA_030855875.1	not_detected	panel_complete	not_detected	not_detected	not_detected	not_detected	global_desert_PRJNA832417	88.06	2.92	9752	573	True	False	GCA_030855875.1	Bacteria	Acidobacteriota	Blastocatellia	Pyrinomonadales	Pyrinomonadaceae	SXVE01	SXVE01 sp030855875	desert_prefixed_r226		McMurdo Dry Valleys	3.0	False	ANI95_01820	GCA_030855875.1	SAMN27861883;SAMN27861884;SAMN27861885	SAMN28015425	False	False	McMurdo Dry Valleys	1	73.46000000000001	desert2025__GCA_030855875.1
desert2025__GCA_030855955.1	not_detected	not_detected	not_detected	not_detected	not_detected	not_detected	global_desert_PRJNA832417	98.18	4.97	16054	70	True	True	GCA_030855955.1	Bacteria	Patescibacteriota	Saccharimonadia	Saccharimonadales	JACDBH01	JALYQY01	JALYQY01 sp030855955	desert_prefixed_r226		McMurdo Dry Valleys	3.0	False	ANI95_01823	GCA_030855955.1	SAMN27861883;SAMN27861884;SAMN27861885	SAMN28015424	False	False	McMurdo Dry Valleys	1	73.33000000000001	desert2025__GCA_030855955.1
desert2025__GCA_030777185.1	not_detected	panel_complete	not_detected	not_detected	not_detected	not_detected	global_desert_PRJNA832417	82.83	1.91	5283	589	True	False	GCA_030777185.1	Bacteria	Pseudomonadota	Alphaproteobacteria	Sphingomonadales	Sphingomonadaceae	Allosphingosinicella	Allosphingosinicella sp030777185	desert_prefixed_r226		Gobi Desert - China	3.0	False	ANI95_01652	GCA_030777185.1	SAMN27861898;SAMN27861899;SAMN27861900	SAMN28004821	False	False	Gobi Desert - China	1	73.28	desert2025__GCA_030777185.1
desert2025__GCA_030857305.1	not_detected	partial	not_detected	not_detected	not_detected	not_detected	global_desert_PRJNA832417	87.17	2.84	6063	553	True	False	GCA_030857305.1	Bacteria	Acidobacteriota	Blastocatellia	Pyrinomonadales	Pyrinomonadaceae	GCA-002050365	GCA-002050365 sp030857305	desert_prefixed_r226		Mount Seuss	1.0	False	ANI95_01884	GCA_030857305.1	SAMN27861888	SAMN28016056	False	False	Mount Seuss	1	72.97	desert2025__GCA_030857305.1
desert2025__GCA_030860025.1	not_detected	partial	not_detected	not_detected	not_detected	not_detected	global_desert_PRJNA832417	88.18	3.06	10365	450	True	False	GCA_030860025.1	Bacteria	Actinomycetota	Actinomycetes	Mycobacteriales	Geodermatophilaceae	JACCQS01	JACCQS01 sp030860025	desert_prefixed_r226		Mojave Desert	3.0	False	ANI95_01992	GCA_030860025.1	SAMN27861880;SAMN27861881;SAMN27861882	SAMN28015916	False	False	Mojave Desert	1	72.88000000000001	desert2025__GCA_030860025.1
desert2025__GCA_030774495.1	not_detected	not_detected	not_detected	not_detected	not_detected	not_detected	global_desert_PRJNA832417	72.79	0.0	4247	438	True	False	GCA_030774495.1	Bacteria	Acidobacteriota	Terriglobia	Terriglobales	DASYVL01	DASYVL01		desert_prefixed_r226		Alex Fiord-Dome	3.0	False	ANI95_01553	GCA_030774495.1	SAMN27861913;SAMN27861914;SAMN27861915	SAMN28004942	False	False	Alex Fiord-Dome	1	72.79	desert2025__GCA_030774495.1
desert2025__GCA_030862505.1	not_detected	panel_complete	not_detected	not_detected	not_detected	not_detected	global_desert_PRJNA832417	80.99	1.68	4465	650	True	False	GCA_030862505.1	Bacteria	Actinomycetota	CADDZG01	CADDZG01	WHSQ01			desert_prefixed_r226		Sahara Desert - Douz-Matmata	3.0	False	ANI95_02102	GCA_030862505.1	SAMN27861862;SAMN27861863;SAMN27861864	SAMN28015778	False	False	Sahara Desert - Douz-Matmata	1	72.58999999999999	desert2025__GCA_030862505.1
desert2025__GCA_030773575.1	not_detected	not_detected	not_detected	not_detected	not_detected	not_detected	global_desert_PRJNA832417	81.67	1.84	5610	488	True	False	GCA_030773575.1	Bacteria	Actinomycetota	Thermoleophilia	Solirubrobacterales	Solirubrobacteraceae	JACCYI01	JACCYI01 sp030773575	desert_prefixed_r226		Atacama Desert	3.0	False	ANI95_01514	GCA_030773575.1	SAMN27861919;SAMN27861920;SAMN27861921	SAMN28004990	False	False	Atacama Desert	1	72.47	desert2025__GCA_030773575.1
desert2025__GCA_030857085.1	not_detected	partial	not_detected	not_detected	not_detected	not_detected	global_desert_PRJNA832417	85.95	2.7	7232	823	True	False	GCA_030857085.1	Bacteria	Acidobacteriota	Thermoanaerobaculia	Gp7-AA8	Gp7-AA8	QHVT01	QHVT01 sp030857085	desert_prefixed_r226		Kalahari Desert	1.0	False	ANI95_01874	GCA_030857085.1	SAMN27861852	SAMN28015365	False	False	Kalahari Desert	1	72.45	desert2025__GCA_030857085.1
desert2025__GCA_030947565.1	panel_complete	panel_complete	not_detected	not_detected	not_detected	not_detected	global_desert_PRJNA832417	72.62	0.05	6382	513	True	False	GCA_030947565.1	Bacteria	Actinomycetota	Actinomycetes	Actinomycetales	Dermatophilaceae	Lapillicoccus	Lapillicoccus sp030947565	desert_prefixed_r226		Kap Hoegh	1.0	False	ANI95_02225	GCA_030947565.1	SAMN27861918	SAMN28015710	False	False	Kap Hoegh	1	72.37	desert2025__GCA_030947565.1
desert2025__GCA_030948965.1	not_detected	panel_complete	not_detected	not_detected	not_detected	not_detected	global_desert_PRJNA832417	90.61	3.73	11854	351	True	True	GCA_030948965.1	Bacteria	Chloroflexota	Dormibacteria	Dormibacterales	Dormibacteraceae	Dormiibacter	Dormiibacter sp030948965	desert_prefixed_r226		Kap Hoegh	3.0	False	ANI95_02272	GCA_030948965.1	SAMN27861916;SAMN27861917;SAMN27861918	SAMN28015656	False	False	Kap Hoegh	1	71.96000000000001	desert2025__GCA_030948965.1
desert2025__GCA_030861985.1	not_detected	not_detected	not_detected	not_detected	not_detected	not_detected	global_desert_PRJNA832417	72.88	0.19	4535	472	True	False	GCA_030861985.1	Bacteria	Actinomycetota	Nitriliruptoria	Euzebyales	Egibacteraceae	DASZOD01	DASZOD01 sp035550935	desert_prefixed_r226		Negev Desert	3.0	False	ANI95_02079	GCA_030861985.1	SAMN27861865;SAMN27861866;SAMN27861867	SAMN28015804	False	False	Negev Desert	1	71.92999999999999	desert2025__GCA_030861985.1
desert2025__GCA_030774075.1	panel_complete	panel_complete	partial	not_detected	not_detected	partial	global_desert_PRJNA832417	87.61	3.14	7988	833	True	False	GCA_030774075.1	Bacteria	Actinomycetota	Acidimicrobiia	IMCC26256	PALSA-610	PALSA-610	PALSA-610 sp030774075	desert_prefixed_r226		Alex Fiord-Dome	1.0	False	ANI95_01534	GCA_030774075.1	SAMN27861913	SAMN28004963	False	False	Alex Fiord-Dome	1	71.91	desert2025__GCA_030774075.1
desert2025__GCA_030776385.1	partial	not_detected	not_detected	not_detected	not_detected	not_detected	global_desert_PRJNA832417	80.35	1.69	5460	542	True	False	GCA_030776385.1	Bacteria	Actinomycetota	Actinomycetes	Actinomycetales	Microbacteriaceae	Pseudolysinimonas	Pseudolysinimonas sp030776385	desert_prefixed_r226		Hietatievat	3.0	False	ANI95_01622	GCA_030776385.1	SAMN27861904;SAMN27861905;SAMN27861906	SAMN28004857	False	False	Hietatievat	1	71.89999999999999	desert2025__GCA_030776385.1
desert2025__GCA_030852925.1	not_detected	panel_complete	not_detected	panel_complete	not_detected	not_detected	global_desert_PRJNA832417	81.91	2.01	7980	591	True	False	GCA_030852925.1	Bacteria	Actinomycetota	Actinomycetes	Mycobacteriales	Mycobacteriaceae	Mycobacterium	Mycobacterium senuense	desert_prefixed_r226		Kuwait Desert	3.0	False	ANI95_01685	GCA_030852925.1	SAMN27861901;SAMN27861902;SAMN27861903	SAMN28015574	False	False	Kuwait Desert	1	71.86	desert2025__GCA_030852925.1
desert2025__GCA_030948745.1	not_detected	not_detected	not_detected	not_detected	not_detected	partial	global_desert_PRJNA832417	83.06	2.27	6533	381	True	False	GCA_030948745.1	Bacteria	Vulcanimicrobiota	Vulcanimicrobiia	Eremiobacterales	Eremiobacteraceae	JALYZS01	JALYZS01 sp030948745	desert_prefixed_r226		Kap Hoegh	3.0	False	ANI95_02261	GCA_030948745.1	SAMN27861916;SAMN27861917;SAMN27861918	SAMN28015668	False	False	Kap Hoegh	1	71.71000000000001	desert2025__GCA_030948745.1
desert2025__GCA_030863245.1	not_detected	partial	not_detected	not_detected	not_detected	not_detected	global_desert_PRJNA832417	85.02	2.68	7946	729	True	False	GCA_030863245.1	Bacteria	Chloroflexota	Anaerolineae	Ardenticatenales	Ardenticatenaceae	JALZCF01	JALZCF01 sp030863245	desert_prefixed_r226		Namib Desert	3.0	False	ANI95_02136	GCA_030863245.1	SAMN27861853;SAMN27861854;SAMN27861855	SAMN28015742	False	False	Namib Desert	1	71.61999999999999	desert2025__GCA_030863245.1
desert2025__GCA_030948665.1	panel_complete	panel_complete	not_detected	partial	not_detected	not_detected	global_desert_PRJNA832417	92.51	4.19	28451	253	True	True	GCA_030948665.1	Bacteria	Actinomycetota	Thermoleophilia	Solirubrobacterales	Solirubrobacteraceae	Palsa-465	Palsa-465 sp030948665	desert_prefixed_r226		Kap Hoegh	3.0	False	ANI95_02257	GCA_030948665.1	SAMN27861916;SAMN27861917;SAMN27861918	SAMN28015674	False	False	Kap Hoegh	1	71.56	desert2025__GCA_030948665.1
desert2025__GCA_030854855.1	not_detected	not_detected	not_detected	not_detected	not_detected	not_detected	global_desert_PRJNA832417	71.83	0.06	6753	195	True	False	GCA_030854855.1	Bacteria	Chloroflexota	Dormibacteria	Dormibacterales	Dormibacteraceae	Palsa-870	Palsa-870 sp030854855	desert_prefixed_r226		Livingston Island	3.0	False	ANI95_01771	GCA_030854855.1	SAMN27861889;SAMN27861890;SAMN27861891	SAMN28015477	False	False	Livingston Island	1	71.53	desert2025__GCA_030854855.1
desert2025__GCA_030858065.1	not_detected	not_detected	partial	not_detected	not_detected	not_detected	global_desert_PRJNA832417	87.59	3.22	9578	454	True	False	GCA_030858065.1	Bacteria	Actinomycetota	Rubrobacteria	Rubrobacterales	Rubrobacteraceae	Rubrobacter_D	Rubrobacter_D sp013698525	desert_prefixed_r226		Mount Seuss	3.0	False	ANI95_01842	GCA_030858065.1	SAMN27861886;SAMN27861887;SAMN27861888	SAMN28016016	False	False	McMurdo Dry Valleys;Mount Seuss	2	71.49000000000001	desert2025__GCA_030858065.1
desert2025__GCA_030859065.1	not_detected	panel_complete	not_detected	not_detected	not_detected	not_detected	global_desert_PRJNA832417	85.53	2.83	8235	374	True	False	GCA_030859065.1	Bacteria	Chloroflexota	Chloroflexia	Thermomicrobiales	UBA6265	JACCVC01	JACCVC01 sp013698305	desert_prefixed_r226		Mount Seuss	3.0	False	ANI95_01953	GCA_030859065.1	SAMN27861886;SAMN27861887;SAMN27861888	SAMN28015966	False	False	Mount Seuss	1	71.38	desert2025__GCA_030859065.1
desert2025__GCA_030862265.1	not_detected	partial	not_detected	not_detected	not_detected	not_detected	global_desert_PRJNA832417	83.36	2.43	16793	189	True	False	GCA_030862265.1	Bacteria	Actinomycetota	CADDZG01	CADDZG01	WHSQ01	JALZEA01	JALZEA01 sp030862265	desert_prefixed_r226		Negev Desert	3.0	False	ANI95_02092	GCA_030862265.1	SAMN27861865;SAMN27861866;SAMN27861867	SAMN28015789	False	False	Negev Desert	1	71.21	desert2025__GCA_030862265.1
desert2025__GCA_030948055.1	not_detected	not_detected	not_detected	not_detected	not_detected	not_detected	global_desert_PRJNA832417	84.46	2.65	7534	446	True	False	GCA_030948055.1	Bacteria	Verrucomicrobiota	Verrucomicrobiia	Chthoniobacterales	UBA10450	JACCTI01	JACCTI01 sp030948055	desert_prefixed_r226		Kap Hoegh	1.0	False	ANI95_02230	GCA_030948055.1	SAMN27861916	SAMN28015699	False	False	Kap Hoegh	1	71.21	desert2025__GCA_030948055.1
desert2025__GCA_030948875.1	panel_complete	panel_complete	not_detected	not_detected	not_detected	not_detected	global_desert_PRJNA832417	88.37	3.45	9926	661	True	False	GCA_030948875.1	Bacteria	Actinomycetota	Thermoleophilia	Solirubrobacterales	Solirubrobacteraceae	Palsa-465	Palsa-465 sp030948875	desert_prefixed_r226		Kap Hoegh	3.0	False	ANI95_02268	GCA_030948875.1	SAMN27861916;SAMN27861917;SAMN27861918	SAMN28015661	False	False	Kap Hoegh	1	71.12	desert2025__GCA_030948875.1
desert2025__GCA_030947315.1	not_detected	not_detected	not_detected	not_detected	not_detected	not_detected	global_desert_PRJNA832417	86.06	2.99	5167	624	True	False	GCA_030947315.1	Bacteria	Verrucomicrobiota	Verrucomicrobiia	Limisphaerales	JALYXC01	JALYXC01	JALYXC01 sp030947315	desert_prefixed_r226		Kap Hoegh	3.0	False	ANI95_02220	GCA_030947315.1	SAMN27861916;SAMN27861917;SAMN27861918	SAMN28015600	False	False	Kap Hoegh	1	71.11	desert2025__GCA_030947315.1
desert2025__GCA_030860435.1	not_detected	not_detected	not_detected	not_detected	not_detected	not_detected	global_desert_PRJNA832417	73.13	0.47	13558	274	True	False	GCA_030860435.1	Bacteria	Gemmatimonadota	Gemmatimonadetes	Gemmatimonadales	Gemmatimonadaceae	G030860435	G030860435 sp030860435	desert_prefixed_r226		Mojave Desert	3.0	False	ANI95_02013	GCA_030860435.1	SAMN27861880;SAMN27861881;SAMN27861882	SAMN28015898	False	False	Mojave Desert	1	70.78	desert2025__GCA_030860435.1
desert2025__GCA_030857285.1	not_detected	partial	not_detected	not_detected	not_detected	not_detected	global_desert_PRJNA832417	85.77	3.0	15225	609	True	False	GCA_030857285.1	Bacteria	Myxococcota	Polyangia	Haliangiales	Haliangiaceae	JABFXX01	JABFXX01 sp013812655	desert_prefixed_r226		Mount Seuss	1.0	False	ANI95_01883	GCA_030857285.1	SAMN27861888	SAMN28016054	False	False	Mount Seuss	1	70.77	desert2025__GCA_030857285.1
desert2025__GCA_030946635.1	not_detected	not_detected	not_detected	not_detected	not_detected	not_detected	global_desert_PRJNA832417	84.72	2.79	4782	812	True	False	GCA_030946635.1	Bacteria	Nitrospirota	Nitrospiria	Nitrospirales	Nitrospiraceae	JAICXS01		desert_prefixed_r226		Kap Hoegh	3.0	False	ANI95_02187	GCA_030946635.1	SAMN27861916;SAMN27861917;SAMN27861918	SAMN28015635	False	False	Kap Hoegh	1	70.77	desert2025__GCA_030946635.1
desert2025__GCA_030863045.1	not_detected	not_detected	not_detected	panel_complete	not_detected	not_detected	global_desert_PRJNA832417	85.35	2.92	5358	722	True	False	GCA_030863045.1	Bacteria	Actinomycetota	Actinomycetes	Mycobacteriales	Pseudonocardiaceae	GCA-003244245	GCA-003244245 sp030863045	desert_prefixed_r226		Richtersveld	3.0	False	ANI95_02126	GCA_030863045.1	SAMN27861856;SAMN27861857;SAMN27861858	SAMN28015750	False	False	Richtersveld	1	70.75	desert2025__GCA_030863045.1
desert2025__GCA_030853705.1	not_detected	not_detected	not_detected	not_detected	not_detected	not_detected	global_desert_PRJNA832417	87.27	3.36	9518	540	True	False	GCA_030853705.1	Bacteria	Actinomycetota	Actinomycetes	Mycobacteriales	Pseudonocardiaceae	GCA-003244245	GCA-003244245 sp003244055	desert_prefixed_r226		Lagoon Island	3.0	False	ANI95_01719	GCA_030853705.1	SAMN27861892;SAMN27861893;SAMN27861894	SAMN28015535	False	False	Lagoon Island	1	70.47	desert2025__GCA_030853705.1
desert2025__GCA_030857185.1	not_detected	not_detected	not_detected	not_detected	not_detected	not_detected	global_desert_PRJNA832417	78.98	1.73	4100	810	True	False	GCA_030857185.1	Bacteria	Bacteroidota	Bacteroidia	Chitinophagales	Chitinophagaceae	Flavisolibacter		desert_prefixed_r226		Kalahari Desert	3.0	False	ANI95_01880	GCA_030857185.1	SAMN27861850;SAMN27861851;SAMN27861852	SAMN28015362	False	False	Kalahari Desert	1	70.33	desert2025__GCA_030857185.1
desert2025__GCA_030855855.1	not_detected	not_detected	not_detected	not_detected	not_detected	not_detected	global_desert_PRJNA832417	92.07	4.35	16852	392	True	True	GCA_030855855.1	Bacteria	Bacteroidota	Bacteroidia	Palsa-965	Palsa-965	GCA-2737665	GCA-2737665 sp030855855	desert_prefixed_r226		McMurdo Dry Valleys	3.0	False	ANI95_01819	GCA_030855855.1	SAMN27861883;SAMN27861884;SAMN27861885	SAMN28015427	False	False	McMurdo Dry Valleys	1	70.32	desert2025__GCA_030855855.1
desert2025__GCA_030947205.1	panel_complete	partial	not_detected	not_detected	not_detected	not_detected	global_desert_PRJNA832417	88.56	3.65	5535	770	True	False	GCA_030947205.1	Bacteria	Chloroflexota	Chloroflexia	Thermomicrobiales	JALYUS01	JALYUS01	JALYUS01 sp030947205	desert_prefixed_r226		Kap Hoegh	3.0	False	ANI95_02214	GCA_030947205.1	SAMN27861916;SAMN27861917;SAMN27861918	SAMN28015604	False	False	Kap Hoegh	1	70.31	desert2025__GCA_030947205.1
desert2025__GCA_030858005.1	not_detected	not_detected	not_detected	not_detected	not_detected	not_detected	global_desert_PRJNA832417	73.88	0.73	4029	472	True	False	GCA_030858005.1	Bacteria	Actinomycetota	Thermoleophilia	Solirubrobacterales	Solirubrobacteraceae	Siliceabacter	Siliceabacter sp037721455	desert_prefixed_r226		Mount Seuss	3.0	False	ANI95_01908	GCA_030858005.1	SAMN27861886;SAMN27861887;SAMN27861888	SAMN28016018	False	False	Mount Seuss	1	70.22999999999999	desert2025__GCA_030858005.1
desert2025__GCA_030858605.1	not_detected	partial	not_detected	not_detected	not_detected	not_detected	global_desert_PRJNA832417	75.5	1.06	7226	302	True	False	GCA_030858605.1	Bacteria	Chloroflexota	Limnocylindria	Limnocylindrales	CSP1-4	Palsa-1032	Palsa-1032 sp030858605	desert_prefixed_r226		Mount Seuss	3.0	False	ANI95_01932	GCA_030858605.1	SAMN27861886;SAMN27861887;SAMN27861888	SAMN28015987	False	False	Mount Seuss	1	70.2	desert2025__GCA_030858605.1
desert2025__GCA_030774095.1	not_detected	panel_complete	not_detected	not_detected	not_detected	not_detected	global_desert_PRJNA832417	80.51	2.09	8065	427	True	False	GCA_030774095.1	Bacteria	Chloroflexota	Limnocylindria	P2-11E	P2-11E	CF-39	CF-39 sp030774095	desert_prefixed_r226		Alex Fiord-Dome	1.0	False	ANI95_01535	GCA_030774095.1	SAMN27861913	SAMN28004962	False	False	Alex Fiord-Dome	1	70.06	desert2025__GCA_030774095.1
desert2025__GCA_030860965.1	not_detected	not_detected	not_detected	not_detected	not_detected	not_detected	global_desert_PRJNA832417	83.62	2.72	4866	545	True	False	GCA_030860965.1	Bacteria	Actinomycetota	Thermoleophilia	Gaiellales	Gaiellaceae	JALZFG01		desert_prefixed_r226		South Australian Desert	3.0	False	ANI95_02036	GCA_030860965.1	SAMN27861871;SAMN27861872;SAMN27861873	SAMN28015856	False	False	South Australian Desert	1	70.02000000000001	desert2025__GCA_030860965.1
desert2025__GCA_030947085.1	not_detected	panel_complete	panel_complete	not_detected	not_detected	not_detected	global_desert_PRJNA832417	86.45	3.29	5550	625	True	False	GCA_030947085.1	Bacteria	Pseudomonadota	Gammaproteobacteria	Xanthomonadales	Rhodanobacteraceae	Rhodanobacter	Rhodanobacter sp030947085	desert_prefixed_r226		Kap Hoegh	3.0	False	ANI95_02208	GCA_030947085.1	SAMN27861916;SAMN27861917;SAMN27861918	SAMN28015611	False	False	Kap Hoegh	1	70.0	desert2025__GCA_030947085.1
desert2025__GCA_030858985.1	not_detected	panel_complete	not_detected	not_detected	not_detected	not_detected	global_desert_PRJNA832417	86.72	3.39	7282	562	True	False	GCA_030858985.1	Bacteria	Chloroflexota	Chloroflexia	Thermomicrobiales	UBA6265	JACCVE01	JACCVE01 sp013698285	desert_prefixed_r226		Mount Seuss	3.0	False	ANI95_01949	GCA_030858985.1	SAMN27861886;SAMN27861887;SAMN27861888	SAMN28015968	False	False	Mount Seuss	1	69.77	desert2025__GCA_030858985.1
desert2025__GCA_030853965.1	not_detected	not_detected	not_detected	not_detected	not_detected	not_detected	global_desert_PRJNA832417	70.24	0.1	7813	225	True	False	GCA_030853965.1	Bacteria	Verrucomicrobiota	Verrucomicrobiia	Chthoniobacterales	UBA10450	JALYUC01	JALYUC01 sp030853965	desert_prefixed_r226		Lagoon Island	3.0	False	ANI95_01731	GCA_030853965.1	SAMN27861892;SAMN27861893;SAMN27861894	SAMN28015522	False	False	Lagoon Island	1	69.74	desert2025__GCA_030853965.1
desert2025__GCA_030861485.1	not_detected	not_detected	partial	not_detected	not_detected	not_detected	global_desert_PRJNA832417	83.67	2.8	6051	349	True	False	GCA_030861485.1	Bacteria	Actinomycetota	Rubrobacteria	Rubrobacterales	Rubrobacteraceae	Rubrobacter_F	Rubrobacter_F sp030861485	desert_prefixed_r226		North Australian Desert	3.0	False	ANI95_02057	GCA_030861485.1	SAMN27861868;SAMN27861869;SAMN27861870	SAMN28015830	False	False	North Australian Desert	1	69.67	desert2025__GCA_030861485.1
desert2025__GCA_030855965.1	not_detected	not_detected	not_detected	not_detected	not_detected	partial	global_desert_PRJNA832417	78.17	1.71	10525	383	True	False	GCA_030855965.1	Bacteria	Verrucomicrobiota	Verrucomicrobiia	Chthoniobacterales	UBA10450	Palsa-1392	Palsa-1392 sp030855965	desert_prefixed_r226		McMurdo Dry Valleys	3.0	False	ANI95_01824	GCA_030855965.1	SAMN27861883;SAMN27861884;SAMN27861885	SAMN28015420	False	False	McMurdo Dry Valleys;Mount Seuss	2	69.62	desert2025__GCA_030855965.1
desert2025__GCA_030946775.1	not_detected	not_detected	not_detected	not_detected	not_detected	not_detected	global_desert_PRJNA832417	79.76	2.03	9066	339	True	False	GCA_030946775.1	Bacteria	Gemmatimonadota	Gemmatimonadetes	Gemmatimonadales	Gemmatimonadaceae	UBA4720	UBA4720 sp030946775	desert_prefixed_r226		Kap Hoegh	3.0	False	ANI95_02194	GCA_030946775.1	SAMN27861916;SAMN27861917;SAMN27861918	SAMN28015627	False	False	Kap Hoegh	1	69.61000000000001	desert2025__GCA_030946775.1
desert2025__GCA_030946755.1	not_detected	partial	not_detected	not_detected	not_detected	not_detected	global_desert_PRJNA832417	84.61	3.0	14927	256	True	False	GCA_030946755.1	Bacteria	Chloroflexota	Dormibacteria	CF-121	CF-121	JALYYC01	JALYYC01 sp030946755	desert_prefixed_r226		Kap Hoegh	3.0	False	ANI95_02193	GCA_030946755.1	SAMN27861916;SAMN27861917;SAMN27861918	SAMN28015626	False	False	Kap Hoegh	1	69.61	desert2025__GCA_030946755.1
desert2025__GCA_030774845.1	not_detected	not_detected	not_detected	not_detected	not_detected	not_detected	global_desert_PRJNA832417	78.05	1.73	5348	376	True	False	GCA_030774845.1	Bacteria	Verrucomicrobiota	Verrucomicrobiia	Chthoniobacterales	UBA10450	AV40	AV40 sp030774845	desert_prefixed_r226		Alex Fiord-Dome	3.0	False	ANI95_01569	GCA_030774845.1	SAMN27861913;SAMN27861914;SAMN27861915	SAMN28004926	False	False	Alex Fiord-Dome	1	69.39999999999999	desert2025__GCA_030774845.1
desert2025__GCA_030945725.1	not_detected	not_detected	not_detected	not_detected	not_detected	not_detected	global_desert_PRJNA832417	78.72	1.88	8023	378	True	False	GCA_030945725.1	Bacteria	Verrucomicrobiota	Verrucomicrobiia	Chthoniobacterales	UBA10450	JALYZW01	JALYZW01 sp030945725	desert_prefixed_r226		Kap Hoegh	3.0	False	ANI95_02167	GCA_030945725.1	SAMN27861916;SAMN27861917;SAMN27861918	SAMN28015672	False	False	Kap Hoegh	1	69.32	desert2025__GCA_030945725.1
desert2025__GCA_030947285.1	not_detected	not_detected	not_detected	not_detected	not_detected	not_detected	global_desert_PRJNA832417	70.8	0.3	16826	128	True	False	GCA_030947285.1	Bacteria	Chloroflexota	Dormibacteria	Dormibacterales	Dormibacteraceae	Dormiibacter	Dormiibacter spiritus	desert_prefixed_r226		Kap Hoegh	3.0	False	ANI95_02218	GCA_030947285.1	SAMN27861916;SAMN27861917;SAMN27861918	SAMN28015601	False	False	Kap Hoegh	1	69.3	desert2025__GCA_030947285.1
desert2025__GCA_030777385.1	not_detected	not_detected	not_detected	not_detected	not_detected	not_detected	global_desert_PRJNA832417	79.33	2.01	5154	827	True	False	GCA_030777385.1	Bacteria	Pseudomonadota	Alphaproteobacteria	Rhizobiales	Beijerinckiaceae	Microvirga	Microvirga sp030777385	desert_prefixed_r226		Gobi Desert - Mongolia	3.0	False	ANI95_01661	GCA_030777385.1	SAMN27861895;SAMN27861896;SAMN27861897	SAMN28004811	False	False	Gobi Desert - Mongolia	1	69.28	desert2025__GCA_030777385.1
desert2025__GCA_030773855.1	not_detected	panel_complete	not_detected	not_detected	not_detected	not_detected	global_desert_PRJNA832417	79.58	2.06	4146	1324	True	False	GCA_030773855.1	Bacteria	Chloroflexota	Chloroflexia	Thermomicrobiales	CADCWN01	CADCWN01		desert_prefixed_r226		Atacama Desert	3.0	False	ANI95_01523	GCA_030773855.1	SAMN27861919;SAMN27861920;SAMN27861921	SAMN28004975	False	False	Atacama Desert	1	69.28	desert2025__GCA_030773855.1
desert2025__GCA_030861115.1	not_detected	not_detected	not_detected	not_detected	not_detected	not_detected	global_desert_PRJNA832417	69.44	0.05	4710	477	True	False	GCA_030861115.1	Bacteria	Actinomycetota	Thermoleophilia	Solirubrobacterales	Solirubrobacteraceae	CADCVQ01		desert_prefixed_r226		South Australian Desert	3.0	False	ANI95_02042	GCA_030861115.1	SAMN27861871;SAMN27861872;SAMN27861873	SAMN28015848	False	False	South Australian Desert	1	69.19	desert2025__GCA_030861115.1
desert2025__GCA_030852885.1	not_detected	panel_complete	not_detected	not_detected	not_detected	partial	global_desert_PRJNA832417	87.91	3.77	7336	751	True	False	GCA_030852885.1	Bacteria	Chloroflexota	Chloroflexia	Thermomicrobiales	UBA6265	JACCXM01	JACCXM01 sp030852885	desert_prefixed_r226		Kuwait Desert	3.0	False	ANI95_01683	GCA_030852885.1	SAMN27861901;SAMN27861902;SAMN27861903	SAMN28015575	False	False	Kuwait Desert	1	69.06	desert2025__GCA_030852885.1
desert2025__GCA_030857845.1	not_detected	not_detected	not_detected	not_detected	not_detected	not_detected	global_desert_PRJNA832417	89.99	4.19	8023	647	True	False	GCA_030857845.1	Bacteria	Bacteroidota	Bacteroidia	Cytophagales	Cyclobacteriaceae	JALZND01	JALZND01 sp030857845	desert_prefixed_r226		Mount Seuss	1.0	False	ANI95_01901	GCA_030857845.1	SAMN27861886	SAMN28016026	False	False	Mount Seuss	1	69.03999999999999	desert2025__GCA_030857845.1
desert2025__GCA_030858295.1	not_detected	not_detected	partial	not_detected	not_detected	not_detected	global_desert_PRJNA832417	71.88	0.58	7340	346	True	False	GCA_030858295.1	Bacteria	Actinomycetota	Rubrobacteria	Rubrobacterales	Rubrobacteraceae	Rubrobacter_D	Rubrobacter_D sp013815575	desert_prefixed_r226		Mount Seuss	3.0	False	ANI95_01918	GCA_030858295.1	SAMN27861886;SAMN27861887;SAMN27861888	SAMN28016005	False	False	Mount Seuss	1	68.97999999999999	desert2025__GCA_030858295.1
desert2025__GCA_030859285.1	panel_complete	partial	not_detected	not_detected	not_detected	partial	global_desert_PRJNA832417	76.38	1.51	8460	407	True	False	GCA_030859285.1	Bacteria	Acidobacteriota	Blastocatellia	Pyrinomonadales	Pyrinomonadaceae	JACCRA01	JACCRA01 sp030859285	desert_prefixed_r226		Mount Seuss	3.0	False	ANI95_01961	GCA_030859285.1	SAMN27861886;SAMN27861887;SAMN27861888	SAMN28015955	False	False	Mount Seuss	1	68.83	desert2025__GCA_030859285.1
desert2025__GCA_030775905.1	partial	not_detected	panel_complete	not_detected	not_detected	partial	global_desert_PRJNA832417	74.57	1.15	4574	560	True	False	GCA_030775905.1	Bacteria	Pseudomonadota	Gammaproteobacteria	Steroidobacterales	Steroidobacteraceae	Bog-1198		desert_prefixed_r226		Hietatievat	3.0	False	ANI95_01611	GCA_030775905.1	SAMN27861904;SAMN27861905;SAMN27861906	SAMN28004869	False	False	Hietatievat	1	68.82	desert2025__GCA_030775905.1
desert2025__GCA_030857325.1	not_detected	not_detected	not_detected	not_detected	not_detected	not_detected	global_desert_PRJNA832417	84.18	3.09	6267	598	True	False	GCA_030857325.1	Bacteria	Acidobacteriota	Blastocatellia	Pyrinomonadales	Pyrinomonadaceae	GCA-002050365	GCA-002050365 sp030857325	desert_prefixed_r226		Mount Seuss	1.0	False	ANI95_01885	GCA_030857325.1	SAMN27861887	SAMN28016053	False	False	Mount Seuss	1	68.73	desert2025__GCA_030857325.1
desert2025__GCA_030773735.1	not_detected	panel_complete	not_detected	not_detected	not_detected	not_detected	global_desert_PRJNA832417	71.59	0.58	3781	992	True	False	GCA_030773735.1	Bacteria	Chloroflexota	Chloroflexia	Thermobaculales	Thermobaculaceae	JACDAU01		desert_prefixed_r226		Atacama Desert	3.0	False	ANI95_01518	GCA_030773735.1	SAMN27861919;SAMN27861920;SAMN27861921	SAMN28004979	False	False	Atacama Desert	1	68.69	desert2025__GCA_030773735.1
desert2025__GCA_030855505.1	not_detected	not_detected	not_detected	not_detected	not_detected	not_detected	global_desert_PRJNA832417	89.07	4.09	8781	576	True	False	GCA_030855505.1	Bacteria	Actinomycetota	Actinomycetes	Mycobacteriales	Geodermatophilaceae	JACCQS01	JACCQS01 sp013814015	desert_prefixed_r226		McMurdo Dry Valleys	3.0	False	ANI95_01801	GCA_030855505.1	SAMN27861883;SAMN27861884;SAMN27861885	SAMN28015445	False	False	McMurdo Dry Valleys	1	68.61999999999999	desert2025__GCA_030855505.1
desert2025__GCA_030947665.1	panel_complete	partial	not_detected	not_detected	not_detected	not_detected	global_desert_PRJNA832417	85.38	3.37	5930	687	True	False	GCA_030947665.1	Bacteria	Vulcanimicrobiota	Vulcanimicrobiia	Vulcanimicrobiales	Vulcanimicrobiaceae	Vulcanimicrobium	Vulcanimicrobium sp030947665	desert_prefixed_r226		Kap Hoegh	1.0	False	ANI95_02228	GCA_030947665.1	SAMN27861917	SAMN28015706	False	False	Kap Hoegh	1	68.53	desert2025__GCA_030947665.1
desert2025__GCA_030860645.1	not_detected	panel_complete	not_detected	not_detected	not_detected	partial	global_desert_PRJNA832417	78.97	2.1	5564	934	True	False	GCA_030860645.1	Bacteria	Acidobacteriota	Blastocatellia	Pyrinomonadales	Pyrinomonadaceae	QHXN01	QHXN01 sp030860645	desert_prefixed_r226		Sonoran Desert	1.0	False	ANI95_02022	GCA_030860645.1	SAMN27861877	SAMN28015886	False	False	Sonoran Desert	1	68.47	desert2025__GCA_030860645.1
desert2025__GCA_030774945.1	not_detected	not_detected	not_detected	not_detected	not_detected	not_detected	global_desert_PRJNA832417	69.97	0.33	8318	343	True	False	GCA_030774945.1	Bacteria	Actinomycetota	Actinomycetes	Mycobacteriales	QHCA01	QHCA01		desert_prefixed_r226		Alex Fiord-Dome	3.0	False	ANI95_01573	GCA_030774945.1	SAMN27861913;SAMN27861914;SAMN27861915	SAMN28004918	False	False	Alex Fiord-Dome	1	68.32	desert2025__GCA_030774945.1
desert2025__GCA_030854225.1	not_detected	not_detected	not_detected	not_detected	not_detected	not_detected	global_desert_PRJNA832417	76.66	1.69	5606	405	True	False	GCA_030854225.1	Bacteria	Pseudomonadota	Alphaproteobacteria	Sphingomonadales	Sphingomonadaceae	Sphingomonas	Sphingomonas sp030854225	desert_prefixed_r226		Livingston Island	1.0	False	ANI95_01744	GCA_030854225.1	SAMN27861891	SAMN28015509	False	False	Livingston Island	1	68.21	desert2025__GCA_030854225.1
desert2025__GCA_030854985.1	panel_complete	partial	not_detected	not_detected	not_detected	not_detected	global_desert_PRJNA832417	85.2	3.41	4965	462	True	False	GCA_030854985.1	Bacteria	Pseudomonadota	Gammaproteobacteria	JAIEPX01	JAIEPX01			desert_prefixed_r226		McMurdo Dry Valleys	1.0	False	ANI95_01777	GCA_030854985.1	SAMN27861885	SAMN28015471	False	False	McMurdo Dry Valleys	1	68.15	desert2025__GCA_030854985.1
desert2025__GCA_030858865.1	not_detected	partial	panel_complete	not_detected	not_detected	partial	global_desert_PRJNA832417	72.67	0.95	12234	182	True	False	GCA_030858865.1	Bacteria	Actinomycetota	Nitriliruptoria	Euzebyales	Egibacteraceae	JACCTL01	JACCTL01 sp030858865	desert_prefixed_r226		Mount Seuss	3.0	False	ANI95_01944	GCA_030858865.1	SAMN27861886;SAMN27861887;SAMN27861888	SAMN28015976	False	False	Mount Seuss	1	67.92	desert2025__GCA_030858865.1
desert2025__GCA_030858635.1	not_detected	not_detected	not_detected	not_detected	not_detected	not_detected	global_desert_PRJNA832417	71.32	0.7	4949	489	True	False	GCA_030858635.1	Bacteria	Actinomycetota	Actinomycetes	Mycobacteriales	Geodermatophilaceae	JACCQS01		desert_prefixed_r226		Mount Seuss	3.0	False	ANI95_01934	GCA_030858635.1	SAMN27861886;SAMN27861887;SAMN27861888	SAMN28015986	False	False	Mount Seuss	1	67.82	desert2025__GCA_030858635.1
desert2025__GCA_030857805.1	not_detected	partial	not_detected	not_detected	not_detected	partial	global_desert_PRJNA832417	85.79	3.6	7969	757	True	False	GCA_030857805.1	Bacteria	Acidobacteriota	Vicinamibacteria	Vicinamibacterales	2-12-FULL-66-21	JACDCA01	JACDCA01 sp013817065	desert_prefixed_r226		Mount Seuss	1.0	False	ANI95_01900	GCA_030857805.1	SAMN27861886	SAMN28016028	False	False	Mount Seuss	1	67.79	desert2025__GCA_030857805.1
desert2025__GCA_030774255.1	not_detected	partial	not_detected	not_detected	not_detected	not_detected	global_desert_PRJNA832417	80.44	2.53	7105	416	True	False	GCA_030774255.1	Bacteria	Chloroflexota	Limnocylindria	P2-11E	P2-11E	3-1-20CM-2-70-9	3-1-20CM-2-70-9 sp030774255	desert_prefixed_r226		Alex Fiord-Dome	3.0	False	ANI95_01541	GCA_030774255.1	SAMN27861913;SAMN27861914;SAMN27861915	SAMN28004954	False	False	Alex Fiord-Dome	1	67.78999999999999	desert2025__GCA_030774255.1
desert2025__GCA_030860825.1	not_detected	not_detected	not_detected	partial	not_detected	not_detected	global_desert_PRJNA832417	75.28	1.52	4121	566	True	False	GCA_030860825.1	Bacteria	Actinomycetota	Thermoleophilia	Gaiellales	Gaiellaceae			desert_prefixed_r226		South Australian Desert	1.0	False	ANI95_02030	GCA_030860825.1	SAMN27861873	SAMN28015862	False	False	South Australian Desert	1	67.68	desert2025__GCA_030860825.1
desert2025__GCA_030861005.1	not_detected	partial	not_detected	not_detected	not_detected	partial	global_desert_PRJNA832417	94.64	5.43	12577	336	True	False	GCA_030861005.1	Bacteria	Actinomycetota	Thermoleophilia	Gaiellales	Gaiellaceae	JALZFU01	JALZFU01 sp030861005	desert_prefixed_r226		South Australian Desert	3.0	False	ANI95_02038	GCA_030861005.1	SAMN27861871;SAMN27861872;SAMN27861873	SAMN28015854	False	False	South Australian Desert	1	67.49000000000001	desert2025__GCA_030861005.1
desert2025__GCA_030858025.1	not_detected	partial	not_detected	not_detected	not_detected	partial	global_desert_PRJNA832417	75.53	1.64	5766	345	True	False	GCA_030858025.1	Bacteria	Chloroflexota	Limnocylindria	Limnocylindrales	CSP1-4	Palsa-1032	Palsa-1032 sp013813905	desert_prefixed_r226		Mount Seuss	3.0	False	ANI95_01909	GCA_030858025.1	SAMN27861886;SAMN27861887;SAMN27861888	SAMN28016019	False	False	Mount Seuss	1	67.33	desert2025__GCA_030858025.1
desert2025__GCA_030862755.1	not_detected	panel_complete	not_detected	not_detected	not_detected	partial	global_desert_PRJNA832417	85.8	3.74	5152	455	True	False	GCA_030862755.1	Bacteria	Actinomycetota	UBA4738	UBA4738	HRBIN12	JAJNBA01	JAJNBA01 sp030862755	desert_prefixed_r226		Sahara Desert - Ksar Ghilane	3.0	False	ANI95_02113	GCA_030862755.1	SAMN27861859;SAMN27861860;SAMN27861861	SAMN28015765	False	False	Sahara Desert - Ksar Ghilane	1	67.1	desert2025__GCA_030862755.1
desert2025__GCA_030855065.1	panel_complete	panel_complete	not_detected	not_detected	not_detected	not_detected	global_desert_PRJNA832417	75.29	1.64	5488	1093	True	False	GCA_030855065.1	Bacteria	Acidobacteriota	Blastocatellia	RBC074	RBC074	RBC074		desert_prefixed_r226		McMurdo Dry Valleys	1.0	False	ANI95_01781	GCA_030855065.1	SAMN27861885	SAMN28015467	False	False	McMurdo Dry Valleys	1	67.09	desert2025__GCA_030855065.1
desert2025__GCA_030857115.1	not_detected	not_detected	not_detected	not_detected	not_detected	not_detected	global_desert_PRJNA832417	77.98	2.18	3767	905	True	False	GCA_030857115.1	Bacteria	Bacteroidota	Bacteroidia	Cytophagales	Hymenobacteraceae	Adhaeribacter		desert_prefixed_r226		Kalahari Desert	3.0	False	ANI95_01876	GCA_030857115.1	SAMN27861850;SAMN27861851;SAMN27861852	SAMN28015364	False	False	Kalahari Desert	1	67.08	desert2025__GCA_030857115.1
desert2025__GCA_030857525.1	not_detected	not_detected	not_detected	not_detected	not_detected	not_detected	global_desert_PRJNA832417	78.13	2.22	5170	447	True	False	GCA_030857525.1	Bacteria	Actinomycetota	Acidimicrobiia	Acidimicrobiales	CADCSY01	JADDRA01	JADDRA01 sp030857525	desert_prefixed_r226		Mount Seuss	1.0	False	ANI95_01891	GCA_030857525.1	SAMN27861887	SAMN28016047	False	False	Mount Seuss	1	67.03	desert2025__GCA_030857525.1
desert2025__GCA_030854925.1	not_detected	not_detected	not_detected	not_detected	not_detected	not_detected	global_desert_PRJNA832417	69.87	0.61	7661	91	True	False	GCA_030854925.1	Bacteria	Patescibacteriota	Minisyncoccia	UBA9973	PALSA-1337	C7867-002		desert_prefixed_r226		McMurdo Dry Valleys	1.0	False	ANI95_01774	GCA_030854925.1	SAMN27861885	SAMN28015475	False	False	McMurdo Dry Valleys	1	66.82000000000001	desert2025__GCA_030854925.1
desert2025__GCA_030858665.1	not_detected	not_detected	not_detected	not_detected	not_detected	not_detected	global_desert_PRJNA832417	83.13	3.27	8804	303	True	False	GCA_030858665.1	Bacteria	Pseudomonadota	Alphaproteobacteria	Sphingomonadales	Sphingomonadaceae	Sphingomicrobium	Sphingomicrobium sp013812805	desert_prefixed_r226		Mount Seuss	3.0	False	ANI95_01935	GCA_030858665.1	SAMN27861886;SAMN27861887;SAMN27861888	SAMN28015985	False	False	Mount Seuss	1	66.78	desert2025__GCA_030858665.1
desert2025__GCA_030858325.1	not_detected	not_detected	partial	not_detected	not_detected	partial	global_desert_PRJNA832417	78.66	2.38	5039	546	True	False	GCA_030858325.1	Bacteria	Actinomycetota	Acidimicrobiia	Acidimicrobiales	Ilumatobacteraceae	JALZMG01	JALZMG01 sp030858325	desert_prefixed_r226		Mount Seuss	3.0	False	ANI95_01919	GCA_030858325.1	SAMN27861886;SAMN27861887;SAMN27861888	SAMN28016003	False	False	Mount Seuss	1	66.75999999999999	desert2025__GCA_030858325.1
desert2025__GCA_030860625.1	not_detected	not_detected	not_detected	not_detected	not_detected	not_detected	global_desert_PRJNA832417	72.95	1.24	5590	425	True	False	GCA_030860625.1	Bacteria	Actinomycetota	Thermoleophilia	Solirubrobacterales	70-9	VAYN01	VAYN01 sp030860625	desert_prefixed_r226		Sonoran Desert	1.0	False	ANI95_02021	GCA_030860625.1	SAMN27861878	SAMN28015888	False	False	Sonoran Desert	1	66.75	desert2025__GCA_030860625.1
desert2025__GCA_030860405.1	not_detected	partial	not_detected	not_detected	not_detected	not_detected	global_desert_PRJNA832417	81.19	2.89	4049	493	True	False	GCA_030860405.1	Bacteria	Pseudomonadota	Gammaproteobacteria	JACCYU01	JACCYU01			desert_prefixed_r226		Mojave Desert	3.0	False	ANI95_02011	GCA_030860405.1	SAMN27861880;SAMN27861881;SAMN27861882	SAMN28015899	False	False	Mojave Desert	1	66.74	desert2025__GCA_030860405.1
desert2025__GCA_030857365.1	not_detected	not_detected	not_detected	not_detected	not_detected	not_detected	global_desert_PRJNA832417	83.72	3.41	5141	896	True	False	GCA_030857365.1	Bacteria	Acidobacteriota	Vicinamibacteria	Vicinamibacterales	2-12-FULL-66-21	JALZOC01	JALZOC01 sp030857365	desert_prefixed_r226		Mount Seuss	1.0	False	ANI95_01887	GCA_030857365.1	SAMN27861887	SAMN28016051	False	False	Mount Seuss	1	66.67	desert2025__GCA_030857365.1
desert2025__GCA_030858945.1	not_detected	not_detected	not_detected	not_detected	not_detected	partial	global_desert_PRJNA832417	85.81	3.83	6988	690	True	False	GCA_030858945.1	Bacteria	Gemmatimonadota	Gemmatimonadetes	Gemmatimonadales	Gemmatimonadaceae	JACMME01	JACMME01 sp013817545	desert_prefixed_r226		Mount Seuss	3.0	False	ANI95_01947	GCA_030858945.1	SAMN27861886;SAMN27861887;SAMN27861888	SAMN28015971	False	False	Mount Seuss	1	66.66	desert2025__GCA_030858945.1
desert2025__GCA_030852625.1	not_detected	not_detected	not_detected	partial	panel_complete	not_detected	global_desert_PRJNA832417	86.03	3.91	8725	504	True	False	GCA_030852625.1	Bacteria	Actinomycetota	Acidimicrobiia	Acidimicrobiales	JACDCH01	VFJN01	VFJN01 sp030852625	desert_prefixed_r226		Kuwait Desert	3.0	False	ANI95_01673	GCA_030852625.1	SAMN27861901;SAMN27861902;SAMN27861903	SAMN28015588	False	False	Kuwait Desert	1	66.48	desert2025__GCA_030852625.1
desert2025__GCA_030946085.1	panel_complete	panel_complete	not_detected	partial	not_detected	not_detected	global_desert_PRJNA832417	69.25	0.59	13560	186	True	False	GCA_030946085.1	Bacteria	Actinomycetota	Thermoleophilia	Solirubrobacterales	Solirubrobacteraceae	Palsa-465	Palsa-465 sp030946085	desert_prefixed_r226		Kap Hoegh	3.0	False	ANI95_02176	GCA_030946085.1	SAMN27861916;SAMN27861917;SAMN27861918	SAMN28015646	False	False	Kap Hoegh	1	66.3	desert2025__GCA_030946085.1
desert2025__GCA_030946285.1	not_detected	partial	not_detected	not_detected	not_detected	not_detected	global_desert_PRJNA832417	93.44	5.43	8817	409	True	False	GCA_030946285.1	Bacteria	Gemmatimonadota	Gemmatimonadetes	Gemmatimonadales	Gemmatimonadaceae	Fen-1247	Fen-1247 sp030946285	desert_prefixed_r226		Kap Hoegh	3.0	False	ANI95_02179	GCA_030946285.1	SAMN27861916;SAMN27861917;SAMN27861918	SAMN28015643	False	False	Kap Hoegh	1	66.28999999999999	desert2025__GCA_030946285.1
desert2025__GCA_030948805.1	not_detected	not_detected	not_detected	not_detected	not_detected	not_detected	global_desert_PRJNA832417	69.72	0.7	9944	267	True	False	GCA_030948805.1	Bacteria	Actinomycetota	Thermoleophilia	Solirubrobacterales	Solirubrobacteraceae	Palsa-465	Palsa-465 sp030948805	desert_prefixed_r226		Kap Hoegh	3.0	False	ANI95_02264	GCA_030948805.1	SAMN27861916;SAMN27861917;SAMN27861918	SAMN28015666	False	False	Kap Hoegh	1	66.22	desert2025__GCA_030948805.1
desert2025__GCA_030860365.1	not_detected	not_detected	not_detected	not_detected	not_detected	not_detected	global_desert_PRJNA832417	83.35	3.43	9553	291	True	False	GCA_030860365.1	Bacteria	Actinomycetota	Thermoleophilia	Solirubrobacterales	Thermoleophilaceae	JACCZR01	JACCZR01 sp030860365	desert_prefixed_r226		Mojave Desert	3.0	False	ANI95_02009	GCA_030860365.1	SAMN27861880;SAMN27861881;SAMN27861882	SAMN28015901	False	False	Mojave Desert	1	66.19999999999999	desert2025__GCA_030860365.1
desert2025__GCA_030855845.1	not_detected	not_detected	not_detected	not_detected	not_detected	not_detected	global_desert_PRJNA832417	82.13	3.2	4960	527	True	False	GCA_030855845.1	Bacteria	Actinomycetota	Actinomycetes	JACCYY01	JACCYY01	JACCYY01	JACCYY01 sp013696235	desert_prefixed_r226		McMurdo Dry Valleys	3.0	False	ANI95_01818	GCA_030855845.1	SAMN27861883;SAMN27861884;SAMN27861885	SAMN28015426	False	False	McMurdo Dry Valleys	1	66.13	desert2025__GCA_030855845.1
desert2025__GCA_030856045.1	not_detected	not_detected	not_detected	panel_complete	panel_complete	partial	global_desert_PRJNA832417	83.69	3.52	7168	800	True	False	GCA_030856045.1	Bacteria	Actinomycetota	Actinomycetes	Mycobacteriales	Pseudonocardiaceae	JALYQB01	JALYQB01 sp030856045	desert_prefixed_r226		McMurdo Dry Valleys	3.0	False	ANI95_01827	GCA_030856045.1	SAMN27861883;SAMN27861884;SAMN27861885	SAMN28015417	False	False	McMurdo Dry Valleys	1	66.09	desert2025__GCA_030856045.1
desert2025__GCA_030913725.1	not_detected	not_detected	not_detected	not_detected	not_detected	not_detected	global_desert_PRJNA832417	83.04	3.4	4970	598	True	False	GCA_030913725.1	Bacteria	Pseudomonadota	Gammaproteobacteria	Burkholderiales	SG8-39	SCGC-AG-212-J23		desert_prefixed_r226	Genome not assigned to closest species as it falls outside its pre-defined ANI radius	Svalbard	3.0	False	ANI95_02150	GCA_030913725.1	SAMN27861907;SAMN27861908;SAMN27861909	SAMN28016068	False	False	Svalbard	1	66.04	desert2025__GCA_030913725.1
desert2025__GCA_030774555.1	not_detected	partial	not_detected	not_detected	not_detected	not_detected	global_desert_PRJNA832417	70.31	0.86	5288	565	True	False	GCA_030774555.1	Bacteria	Gemmatimonadota	Gemmatimonadetes	Gemmatimonadales	Gemmatimonadaceae	UBA4720		desert_prefixed_r226		Alex Fiord-Dome	3.0	False	ANI95_01556	GCA_030774555.1	SAMN27861913;SAMN27861914;SAMN27861915	SAMN28004938	False	False	Alex Fiord-Dome	1	66.01	desert2025__GCA_030774555.1
desert2025__GCA_030773595.1	not_detected	not_detected	not_detected	not_detected	not_detected	not_detected	global_desert_PRJNA832417	85.51	3.91	12112	420	True	False	GCA_030773595.1	Bacteria	Actinomycetota	Actinomycetes	JALYMU01	JALYMU01	JALYMU01	JALYMU01 sp030773595	desert_prefixed_r226		Atacama Desert	3.0	False	ANI95_01515	GCA_030773595.1	SAMN27861919;SAMN27861920;SAMN27861921	SAMN28004989	False	False	Atacama Desert	1	65.96000000000001	desert2025__GCA_030773595.1
desert2025__GCA_030855085.1	not_detected	not_detected	not_detected	not_detected	not_detected	not_detected	global_desert_PRJNA832417	68.52	0.52	4661	473	True	False	GCA_030855085.1	Bacteria	4484-113	4484-113	4484-113	JAFGCY01			desert_prefixed_r226		McMurdo Dry Valleys	1.0	False	ANI95_01782	GCA_030855085.1	SAMN27861885	SAMN28015466	False	False	McMurdo Dry Valleys	1	65.92	desert2025__GCA_030855085.1
desert2025__GCA_030858755.1	not_detected	partial	not_detected	not_detected	not_detected	partial	global_desert_PRJNA832417	77.05	2.27	4107	628	True	False	GCA_030858755.1	Bacteria	Gemmatimonadota	Gemmatimonadetes	Longimicrobiales	Longimicrobiaceae	JAUJOM01		desert_prefixed_r226		Mount Seuss	3.0	False	ANI95_01939	GCA_030858755.1	SAMN27861886;SAMN27861887;SAMN27861888	SAMN28015982	False	False	Mount Seuss	1	65.7	desert2025__GCA_030858755.1
desert2025__GCA_030852785.1	not_detected	not_detected	not_detected	panel_complete	panel_complete	not_detected	global_desert_PRJNA832417	67.43	0.42	13248	205	True	False	GCA_030852785.1	Bacteria	Actinomycetota	Acidimicrobiia	Acidimicrobiales	Microtrichaceae	JAFAFN01	JAFAFN01 sp030852785	desert_prefixed_r226		Kuwait Desert	3.0	False	ANI95_01678	GCA_030852785.1	SAMN27861901;SAMN27861902;SAMN27861903	SAMN28015580	False	False	Kuwait Desert	1	65.33000000000001	desert2025__GCA_030852785.1
desert2025__GCA_030854195.1	panel_complete	panel_complete	not_detected	not_detected	not_detected	panel_complete	global_desert_PRJNA832417	89.74	4.91	14898	459	True	False	GCA_030854195.1	Bacteria	Chloroflexota	Ktedonobacteria	Ktedonobacterales	Ktedonobacteraceae	JACDAE01	JACDAE01 sp030854195	desert_prefixed_r226		Livingston Island	1.0	False	ANI95_01743	GCA_030854195.1	SAMN27861891	SAMN28015510	False	False	Livingston Island	1	65.19	desert2025__GCA_030854195.1
desert2025__GCA_030854435.1	partial	not_detected	not_detected	not_detected	not_detected	not_detected	global_desert_PRJNA832417	78.61	2.69	6617	476	True	False	GCA_030854435.1	Bacteria	Acidobacteriota	Terriglobia	Terriglobales	Acidobacteriaceae	Granulicella	Granulicella sp030854435	desert_prefixed_r226		Livingston Island	3.0	False	ANI95_01753	GCA_030854435.1	SAMN27861889;SAMN27861890;SAMN27861891	SAMN28015498	False	False	Livingston Island	1	65.16	desert2025__GCA_030854435.1
desert2025__GCA_030775065.1	not_detected	panel_complete	not_detected	not_detected	not_detected	not_detected	global_desert_PRJNA832417	86.77	4.35	8579	655	True	False	GCA_030775065.1	Bacteria	Gemmatimonadota	Gemmatimonadetes	Gemmatimonadales	Gemmatimonadaceae	UBA4720	UBA4720 sp030775065	desert_prefixed_r226		Cambridge Bay	1.0	False	ANI95_01576	GCA_030775065.1	SAMN27861910	SAMN28004914	False	False	Cambridge Bay	1	65.02	desert2025__GCA_030775065.1
desert2025__GCA_030858345.1	not_detected	not_detected	not_detected	not_detected	not_detected	not_detected	global_desert_PRJNA832417	82.79	3.56	6066	349	True	False	GCA_030858345.1	Bacteria	Pseudomonadota	Alphaproteobacteria	Sphingomonadales	Sphingomonadaceae	Sphingomicrobium	Sphingomicrobium sp013817375	desert_prefixed_r226		Mount Seuss	3.0	False	ANI95_01920	GCA_030858345.1	SAMN27861886;SAMN27861887;SAMN27861888	SAMN28016001	False	False	Mount Seuss	1	64.99000000000001	desert2025__GCA_030858345.1
desert2025__GCA_030775585.1	panel_complete	panel_complete	not_detected	not_detected	not_detected	not_detected	global_desert_PRJNA832417	87.86	4.58	7829	774	True	False	GCA_030775585.1	Bacteria	Myxococcota	Polyangia	Polyangiales	Polyangiaceae	Palsa-1150		desert_prefixed_r226		Hietatievat	3.0	False	ANI95_01597	GCA_030775585.1	SAMN27861904;SAMN27861905;SAMN27861906	SAMN28004886	False	False	Hietatievat	1	64.96000000000001	desert2025__GCA_030775585.1
desert2025__GCA_030854375.1	not_detected	not_detected	not_detected	not_detected	not_detected	partial	global_desert_PRJNA832417	76.83	2.38	5268	718	True	False	GCA_030854375.1	Bacteria	Acidobacteriota	Blastocatellia	Pyrinomonadales	Pyrinomonadaceae	PSRF01	PSRF01 sp030854375	desert_prefixed_r226		Livingston Island	1.0	False	ANI95_01750	GCA_030854375.1	SAMN27861889	SAMN28015502	False	False	Livingston Island	1	64.93	desert2025__GCA_030854375.1
desert2025__GCA_030859005.1	not_detected	not_detected	not_detected	not_detected	not_detected	not_detected	global_desert_PRJNA832417	73.92	1.8	3429	919	True	False	GCA_030859005.1	Bacteria	Chloroflexota	Chloroflexia	Thermomicrobiales	UBA6265	CADCWJ01		desert_prefixed_r226		Mount Seuss	3.0	False	ANI95_01951	GCA_030859005.1	SAMN27861886;SAMN27861887;SAMN27861888	SAMN28015970	False	False	Mount Seuss	1	64.92	desert2025__GCA_030859005.1
desert2025__GCA_030860085.1	not_detected	not_detected	not_detected	not_detected	not_detected	not_detected	global_desert_PRJNA832417	66.32	0.34	6274	480	True	False	GCA_030860085.1	Bacteria	Bacteroidota	Bacteroidia	Chitinophagales	Chitinophagaceae	JALZIY01	JALZIY01 sp030860085	desert_prefixed_r226		Mojave Desert	3.0	False	ANI95_01995	GCA_030860085.1	SAMN27861880;SAMN27861881;SAMN27861882	SAMN28015917	False	False	Mojave Desert	1	64.61999999999999	desert2025__GCA_030860085.1
desert2025__GCA_030858375.1	not_detected	not_detected	not_detected	not_detected	not_detected	not_detected	global_desert_PRJNA832417	73.61	1.8	7053	448	True	False	GCA_030858375.1	Bacteria	Chloroflexota	Chloroflexia	Thermomicrobiales	UBA6265	JACCYX01	JACCYX01 sp030858375	desert_prefixed_r226		Mount Seuss	3.0	False	ANI95_01922	GCA_030858375.1	SAMN27861886;SAMN27861887;SAMN27861888	SAMN28016000	False	False	Mount Seuss	1	64.61	desert2025__GCA_030858375.1
desert2025__GCA_030854665.1	not_detected	partial	partial	not_detected	not_detected	not_detected	global_desert_PRJNA832417	82.69	3.62	12731	287	True	False	GCA_030854665.1	Bacteria	Actinomycetota	Thermoleophilia	Gaiellales	Gaiellaceae	3-1-20CM-4-69-9	3-1-20CM-4-69-9 sp030854665	desert_prefixed_r226		Livingston Island	3.0	False	ANI95_01762	GCA_030854665.1	SAMN27861889;SAMN27861890;SAMN27861891	SAMN28015487	False	False	Livingston Island	1	64.59	desert2025__GCA_030854665.1
desert2025__GCA_030774195.1	partial	panel_complete	panel_complete	not_detected	not_detected	not_detected	global_desert_PRJNA832417	87.47	4.59	5010	748	True	False	GCA_030774195.1	Bacteria	Actinomycetota	UBA4738	UBA4738	HRBIN12	AC-51	AC-51 sp030774195	desert_prefixed_r226		Alex Fiord-Dome	3.0	False	ANI95_01538	GCA_030774195.1	SAMN27861913;SAMN27861914;SAMN27861915	SAMN28004958	False	False	Alex Fiord-Dome	1	64.52	desert2025__GCA_030774195.1
desert2025__GCA_030948555.1	not_detected	partial	not_detected	not_detected	not_detected	not_detected	global_desert_PRJNA832417	79.98	3.1	7501	411	True	False	GCA_030948555.1	Bacteria	Verrucomicrobiota	Verrucomicrobiia	Chthoniobacterales	UBA10450	JACCTI01	JACCTI01 sp030948555	desert_prefixed_r226		Kap Hoegh	3.0	False	ANI95_02253	GCA_030948555.1	SAMN27861916;SAMN27861917;SAMN27861918	SAMN28015679	False	False	Kap Hoegh	1	64.48	desert2025__GCA_030948555.1
desert2025__GCA_030773455.1	not_detected	not_detected	panel_complete	not_detected	not_detected	not_detected	global_desert_PRJNA832417	77.06	2.52	8105	563	True	False	GCA_030773455.1	Bacteria	Actinomycetota	Actinomycetes	Mycobacteriales	Geodermatophilaceae	Geodermatophilus	Geodermatophilus sp030773455	desert_prefixed_r226		Atacama Desert	3.0	False	ANI95_01511	GCA_030773455.1	SAMN27861919;SAMN27861920;SAMN27861921	SAMN28004995	False	False	Atacama Desert	1	64.46000000000001	desert2025__GCA_030773455.1
desert2025__GCA_030858045.1	not_detected	not_detected	not_detected	not_detected	not_detected	not_detected	global_desert_PRJNA832417	73.76	1.86	5380	458	True	False	GCA_030858045.1	Bacteria	Chloroflexota	Limnocylindria	P2-11E	P2-11E	JACDAF01	JACDAF01 sp013695575	desert_prefixed_r226		Mount Seuss	3.0	False	ANI95_01910	GCA_030858045.1	SAMN27861886;SAMN27861887;SAMN27861888	SAMN28016017	False	False	Mount Seuss	1	64.46000000000001	desert2025__GCA_030858045.1
desert2025__GCA_030855165.1	not_detected	not_detected	not_detected	not_detected	not_detected	not_detected	global_desert_PRJNA832417	81.73	3.46	3356	166	True	False	GCA_030855165.1	Bacteria	Patescibacteriota	Doudnabacteria	UBA920	UBA920	UBA920		desert_prefixed_r226		McMurdo Dry Valleys	1.0	False	ANI95_01786	GCA_030855165.1	SAMN27861884	SAMN28015457	False	False	McMurdo Dry Valleys	1	64.43	desert2025__GCA_030855165.1
desert2025__GCA_030775415.1	panel_complete	panel_complete	not_detected	not_detected	not_detected	not_detected	global_desert_PRJNA832417	78.06	2.75	6283	620	True	False	GCA_030775415.1	Bacteria	Acidobacteriota	Terriglobia	Bryobacterales	Bryobacteraceae	Palsa-187	Palsa-187 sp030775415	desert_prefixed_r226		Hietatievat	1.0	False	ANI95_01590	GCA_030775415.1	SAMN27861906	SAMN28004898	False	False	Hietatievat	1	64.31	desert2025__GCA_030775415.1
desert2025__GCA_030776745.1	not_detected	not_detected	not_detected	not_detected	not_detected	not_detected	global_desert_PRJNA832417	91.62	5.52	10100	363	True	False	GCA_030776745.1	Bacteria	Actinomycetota	Acidimicrobiia	Acidimicrobiales	GCA-2861595	JALYHF01	JALYHF01 sp030776745	desert_prefixed_r226		Gobi Desert - China	3.0	False	ANI95_01634	GCA_030776745.1	SAMN27861898;SAMN27861899;SAMN27861900	SAMN28004844	False	False	Gobi Desert - China	1	64.02000000000001	desert2025__GCA_030776745.1
desert2025__GCA_030861415.1	not_detected	not_detected	not_detected	not_detected	not_detected	not_detected	global_desert_PRJNA832417	67.28	0.66	4094	710	True	False	GCA_030861415.1	Bacteria	Actinomycetota	Actinomycetes	Mycobacteriales	Pseudonocardiaceae	GCA-003244245		desert_prefixed_r226		North Australian Desert	3.0	False	ANI95_02054	GCA_030861415.1	SAMN27861868;SAMN27861869;SAMN27861870	SAMN28015834	False	False	North Australian Desert	1	63.980000000000004	desert2025__GCA_030861415.1
desert2025__GCA_030854745.1	not_detected	not_detected	not_detected	not_detected	not_detected	not_detected	global_desert_PRJNA832417	67.06	0.62	3974	485	True	False	GCA_030854745.1	Bacteria	Pseudomonadota	Alphaproteobacteria	Rhizobiales	Xanthobacteraceae			desert_prefixed_r226		Livingston Island	3.0	False	ANI95_01766	GCA_030854745.1	SAMN27861889;SAMN27861890;SAMN27861891	SAMN28015482	False	False	Livingston Island	1	63.96	desert2025__GCA_030854745.1
desert2025__GCA_030854025.1	not_detected	partial	not_detected	not_detected	not_detected	not_detected	global_desert_PRJNA832417	74.64	2.14	7028	288	True	False	GCA_030854025.1	Bacteria	Vulcanimicrobiota	Vulcanimicrobiia	Vulcanimicrobiales	Vulcanimicrobiaceae	JALYTZ01	JALYTZ01 sp030854025	desert_prefixed_r226		Lagoon Island	3.0	False	ANI95_01734	GCA_030854025.1	SAMN27861892;SAMN27861893;SAMN27861894	SAMN28015519	False	False	Lagoon Island	1	63.94	desert2025__GCA_030854025.1
desert2025__GCA_030773835.1	not_detected	not_detected	not_detected	not_detected	not_detected	not_detected	global_desert_PRJNA832417	68.42	0.91	3784	334	True	False	GCA_030773835.1	Bacteria	Actinomycetota	Nitriliruptoria	Euzebyales	Egibacteraceae	JAUJMS01		desert_prefixed_r226		Atacama Desert	3.0	False	ANI95_01522	GCA_030773835.1	SAMN27861919;SAMN27861920;SAMN27861921	SAMN28004974	False	False	Atacama Desert	1	63.870000000000005	desert2025__GCA_030773835.1
desert2025__GCA_030775765.1	not_detected	not_detected	not_detected	not_detected	not_detected	not_detected	global_desert_PRJNA832417	89.61	5.16	6753	554	True	False	GCA_030775765.1	Bacteria	Verrucomicrobiota	Verrucomicrobiia	Chthoniobacterales	UBA10450	AV80	AV80 sp030775765	desert_prefixed_r226		Hietatievat	3.0	False	ANI95_01605	GCA_030775765.1	SAMN27861904;SAMN27861905;SAMN27861906	SAMN28004878	False	False	Hietatievat	1	63.81	desert2025__GCA_030775765.1
desert2025__GCA_030854785.1	not_detected	not_detected	not_detected	not_detected	not_detected	not_detected	global_desert_PRJNA832417	80.35	3.31	19818	182	True	False	GCA_030854785.1	Bacteria	Pseudomonadota	Gammaproteobacteria	Burkholderiales	Casimicrobiaceae	PALSA-1003	PALSA-1003 sp030854785	desert_prefixed_r226		Livingston Island	3.0	False	ANI95_01768	GCA_030854785.1	SAMN27861889;SAMN27861890;SAMN27861891	SAMN28015480	False	False	Livingston Island	1	63.8	desert2025__GCA_030854785.1
desert2025__GCA_030855325.1	not_detected	not_detected	not_detected	not_detected	not_detected	not_detected	global_desert_PRJNA832417	78.84	3.01	4295	782	True	False	GCA_030855325.1	Bacteria	Actinomycetota	Thermoleophilia	Solirubrobacterales	Solirubrobacteraceae	Siliceabacter	Siliceabacter sp037721455	desert_prefixed_r226		McMurdo Dry Valleys	1.0	False	ANI95_01793	GCA_030855325.1	SAMN27861883	SAMN28015454	False	False	McMurdo Dry Valleys	1	63.790000000000006	desert2025__GCA_030855325.1
desert2025__GCA_030860455.1	not_detected	not_detected	not_detected	not_detected	not_detected	not_detected	global_desert_PRJNA832417	80.77	3.4	18867	134	True	False	GCA_030860455.1	Bacteria	Actinomycetota	CADDZG01	CADDZG01	WHSQ01	JACDDL01	JACDDL01 sp030860455	desert_prefixed_r226		Mojave Desert	3.0	False	ANI95_02014	GCA_030860455.1	SAMN27861880;SAMN27861881;SAMN27861882	SAMN28015895	False	False	Mojave Desert	1	63.769999999999996	desert2025__GCA_030860455.1
desert2025__GCA_030856985.1	not_detected	not_detected	not_detected	not_detected	not_detected	not_detected	global_desert_PRJNA832417	73.79	2.04	14792	173	True	False	GCA_030856985.1	Bacteria	Pseudomonadota	Gammaproteobacteria	Xanthomonadales	Xanthomonadaceae	JALZKJ01	JALZKJ01 sp030856985	desert_prefixed_r226		McMurdo Dry Valleys	3.0	False	ANI95_01870	GCA_030856985.1	SAMN27861883;SAMN27861884;SAMN27861885	SAMN28015370	False	False	McMurdo Dry Valleys	1	63.59	desert2025__GCA_030856985.1
desert2025__GCA_030858225.1	not_detected	not_detected	not_detected	not_detected	not_detected	not_detected	global_desert_PRJNA832417	71.6	1.64	5288	557	True	False	GCA_030858225.1	Bacteria	Actinomycetota	Actinomycetes	Mycobacteriales	Geodermatophilaceae	JACCQS01	JACCQS01 sp013812385	desert_prefixed_r226		Mount Seuss	3.0	False	ANI95_01916	GCA_030858225.1	SAMN27861886;SAMN27861887;SAMN27861888	SAMN28016008	False	False	Mount Seuss	1	63.39999999999999	desert2025__GCA_030858225.1
desert2025__GCA_030777245.1	not_detected	not_detected	not_detected	not_detected	not_detected	not_detected	global_desert_PRJNA832417	66.16	0.59	3510	432	True	False	GCA_030777245.1	Bacteria	Pseudomonadota	Alphaproteobacteria	Caulobacterales	Caulobacteraceae	JAHWJX01		desert_prefixed_r226		Gobi Desert - China	3.0	False	ANI95_01655	GCA_030777245.1	SAMN27861898;SAMN27861899;SAMN27861900	SAMN28004819	False	False	Gobi Desert - China	1	63.209999999999994	desert2025__GCA_030777245.1
desert2025__GCA_030948465.1	not_detected	partial	not_detected	not_detected	not_detected	not_detected	global_desert_PRJNA832417	67.1	0.8	6691	591	True	False	GCA_030948465.1	Bacteria	Bacteroidota	Bacteroidia	Chitinophagales	Chitinophagaceae	Ginsengibacter	Ginsengibacter sp030948465	desert_prefixed_r226		Kap Hoegh	3.0	False	ANI95_02249	GCA_030948465.1	SAMN27861916;SAMN27861917;SAMN27861918	SAMN28015685	False	False	Kap Hoegh	1	63.099999999999994	desert2025__GCA_030948465.1
desert2025__GCA_030856145.1	not_detected	partial	partial	not_detected	not_detected	not_detected	global_desert_PRJNA832417	77.85	2.95	5048	500	True	False	GCA_030856145.1	Bacteria	Chloroflexota	Limnocylindria	Limnocylindrales	CSP1-4	CF-46	CF-46 sp030856145	desert_prefixed_r226		McMurdo Dry Valleys	3.0	False	ANI95_01832	GCA_030856145.1	SAMN27861883;SAMN27861884;SAMN27861885	SAMN28015412	False	False	McMurdo Dry Valleys	1	63.099999999999994	desert2025__GCA_030856145.1
desert2025__GCA_030853905.1	not_detected	partial	not_detected	not_detected	not_detected	not_detected	global_desert_PRJNA832417	63.56	0.1	11178	184	True	False	GCA_030853905.1	Bacteria	Vulcanimicrobiota	Vulcanimicrobiia	Vulcanimicrobiales	Vulcanimicrobiaceae	Nyctobacter	Nyctobacter sp030853905	desert_prefixed_r226		Lagoon Island	3.0	False	ANI95_01728	GCA_030853905.1	SAMN27861892;SAMN27861893;SAMN27861894	SAMN28015523	False	False	Lagoon Island	1	63.06	desert2025__GCA_030853905.1
desert2025__GCA_030862525.1	not_detected	not_detected	not_detected	partial	not_detected	not_detected	global_desert_PRJNA832417	83.63	4.12	31624	133	True	False	GCA_030862525.1	Bacteria	Actinomycetota	Actinomycetes	Mycobacteriales	Pseudonocardiaceae	GCA-003244245	GCA-003244245 sp030862525	desert_prefixed_r226		Sahara Desert - Douz-Matmata	3.0	False	ANI95_02103	GCA_030862525.1	SAMN27861862;SAMN27861863;SAMN27861864	SAMN28015776	False	False	Sahara Desert - Douz-Matmata	1	63.029999999999994	desert2025__GCA_030862525.1
desert2025__GCA_030775945.1	panel_complete	panel_complete	not_detected	not_detected	not_detected	not_detected	global_desert_PRJNA832417	71.88	1.79	4404	755	True	False	GCA_030775945.1	Bacteria	Actinomycetota	Acidimicrobiia	Acidimicrobiales	Palsa-688			desert_prefixed_r226		Hietatievat	3.0	False	ANI95_01613	GCA_030775945.1	SAMN27861904;SAMN27861905;SAMN27861906	SAMN28004868	False	False	Hietatievat	1	62.92999999999999	desert2025__GCA_030775945.1
desert2025__GCA_030859145.1	not_detected	not_detected	panel_complete	not_detected	not_detected	panel_complete	global_desert_PRJNA832417	82.74	3.97	4253	861	True	False	GCA_030859145.1	Bacteria	Pseudomonadota	Alphaproteobacteria	Rhizobiales	Afifellaceae			desert_prefixed_r226		Mount Seuss	3.0	False	ANI95_01956	GCA_030859145.1	SAMN27861886;SAMN27861887;SAMN27861888	SAMN28015963	False	False	Mount Seuss	1	62.88999999999999	desert2025__GCA_030859145.1
desert2025__GCA_030858915.1	not_detected	not_detected	not_detected	not_detected	not_detected	not_detected	global_desert_PRJNA832417	80.61	3.56	4921	745	True	False	GCA_030858915.1	Bacteria	Bacteroidota	Bacteroidia	Cytophagales	Cyclobacteriaceae	JALZND01		desert_prefixed_r226		Mount Seuss	3.0	False	ANI95_01946	GCA_030858915.1	SAMN27861886;SAMN27861887;SAMN27861888	SAMN28015974	False	False	Mount Seuss	1	62.81	desert2025__GCA_030858915.1
desert2025__GCA_030859265.1	not_detected	not_detected	not_detected	panel_complete	not_detected	not_detected	global_desert_PRJNA832417	67.92	1.04	3827	590	True	False	GCA_030859265.1	Bacteria	Actinomycetota	Actinomycetes	Mycobacteriales	Pseudonocardiaceae	JALYQB01		desert_prefixed_r226		Mount Seuss	3.0	False	ANI95_01960	GCA_030859265.1	SAMN27861886;SAMN27861887;SAMN27861888	SAMN28015956	False	False	Mount Seuss	1	62.72	desert2025__GCA_030859265.1
desert2025__GCA_030773535.1	not_detected	not_detected	not_detected	not_detected	not_detected	not_detected	global_desert_PRJNA832417	73.27	2.13	8286	422	True	False	GCA_030773535.1	Bacteria	Actinomycetota	Actinomycetes	Mycobacteriales	Geodermatophilaceae	Blastococcus	Blastococcus sp030773535	desert_prefixed_r226		Atacama Desert	3.0	False	ANI95_01502	GCA_030773535.1	SAMN27861919;SAMN27861920;SAMN27861921	SAMN28004987	False	False	Atacama Desert	1	62.62	desert2025__GCA_030773535.1
desert2025__GCA_030856725.1	not_detected	not_detected	not_detected	not_detected	not_detected	not_detected	global_desert_PRJNA832417	77.12	2.98	6498	382	True	False	GCA_030856725.1	Bacteria	Pseudomonadota	Gammaproteobacteria	Xanthomonadales	Xanthomonadaceae	JALYOU01	JALYOU01 sp030856725	desert_prefixed_r226		McMurdo Dry Valleys	3.0	False	ANI95_01789	GCA_030856725.1	SAMN27861883;SAMN27861884;SAMN27861885	SAMN28015384	False	False	McMurdo Dry Valleys	1	62.220000000000006	desert2025__GCA_030856725.1
desert2025__GCA_030852985.1	not_detected	partial	not_detected	not_detected	not_detected	not_detected	global_desert_PRJNA832417	94.1	6.38	17647	451	True	False	GCA_030852985.1	Bacteria	Gemmatimonadota	Gemmatimonadetes	Gemmatimonadales	Gemmatimonadaceae	AG11	AG11 sp030852985	desert_prefixed_r226		Lagoon Island	1.0	False	ANI95_01688	GCA_030852985.1	SAMN27861893	SAMN28015570	False	False	Lagoon Island	1	62.199999999999996	desert2025__GCA_030852985.1
desert2025__GCA_030775745.1	panel_complete	panel_complete	not_detected	not_detected	not_detected	not_detected	global_desert_PRJNA832417	68.98	1.37	3938	648	True	False	GCA_030775745.1	Bacteria	Pseudomonadota	Gammaproteobacteria	Burkholderiales	Burkholderiaceae	Actimicrobium		desert_prefixed_r226		Hietatievat	3.0	False	ANI95_01604	GCA_030775745.1	SAMN27861904;SAMN27861905;SAMN27861906	SAMN28004882	False	False	Hietatievat	1	62.13	desert2025__GCA_030775745.1
desert2025__GCA_030948145.1	not_detected	partial	not_detected	not_detected	not_detected	not_detected	global_desert_PRJNA832417	86.83	4.95	28245	228	True	False	GCA_030948145.1	Bacteria	Chloroflexota	Dormibacteria	CF-121	CF-121	JALYYC01	JALYYC01 sp030948145	desert_prefixed_r226		Kap Hoegh	1.0	False	ANI95_02235	GCA_030948145.1	SAMN27861916	SAMN28015697	False	False	Kap Hoegh	1	62.08	desert2025__GCA_030948145.1
desert2025__GCA_030948155.1	partial	not_detected	not_detected	not_detected	not_detected	not_detected	global_desert_PRJNA832417	78.79	3.37	6129	605	True	False	GCA_030948155.1	Bacteria	Chloroflexota	Dormibacteria	Dormibacterales	Dormibacteraceae	Dormiibacter	Dormiibacter sp030948155	desert_prefixed_r226		Kap Hoegh	1.0	False	ANI95_02236	GCA_030948155.1	SAMN27861916	SAMN28015698	False	False	Kap Hoegh	1	61.940000000000005	desert2025__GCA_030948155.1
desert2025__GCA_030857425.1	not_detected	not_detected	partial	not_detected	not_detected	partial	global_desert_PRJNA832417	70.58	1.73	4587	566	True	False	GCA_030857425.1	Bacteria	Actinomycetota	Nitriliruptoria	Euzebyales	Egibacteraceae	JACCTL01		desert_prefixed_r226		Mount Seuss	1.0	False	ANI95_01889	GCA_030857425.1	SAMN27861887	SAMN28016048	False	False	Mount Seuss	1	61.93	desert2025__GCA_030857425.1
desert2025__GCA_030777355.1	not_detected	not_detected	partial	not_detected	not_detected	not_detected	global_desert_PRJNA832417	70.05	1.65	3528	568	True	False	GCA_030777355.1	Bacteria	Actinomycetota	Rubrobacteria	Rubrobacterales	Rubrobacteraceae	Rubrobacter_D	Rubrobacter_D sp035640175	desert_prefixed_r226		Gobi Desert - Mongolia	1.0	False	ANI95_01660	GCA_030777355.1	SAMN27861895	SAMN28004814	False	False	Gobi Desert - Mongolia	1	61.8	desert2025__GCA_030777355.1
desert2025__GCA_030859735.1	not_detected	panel_complete	panel_complete	not_detected	not_detected	partial	global_desert_PRJNA832417	96.68	7.0	17269	326	True	False	GCA_030859735.1	Bacteria	Actinomycetota	CADDZG01	CADDZG01	WHSQ01	JACDAL01	JACDAL01 sp030859735	desert_prefixed_r226		Mojave Desert	3.0	False	ANI95_01982	GCA_030859735.1	SAMN27861880;SAMN27861881;SAMN27861882	SAMN28015932	False	False	Mojave Desert	1	61.68000000000001	desert2025__GCA_030859735.1
desert2025__GCA_030854005.1	not_detected	not_detected	not_detected	not_detected	not_detected	partial	global_desert_PRJNA832417	62.05	0.11	8837	318	True	False	GCA_030854005.1	Bacteria	Acidobacteriota	Thermoanaerobaculia	UBA5066	Gp7-AA6	JALYUA01	JALYUA01 sp030854005	desert_prefixed_r226		Lagoon Island	3.0	False	ANI95_01733	GCA_030854005.1	SAMN27861892;SAMN27861893;SAMN27861894	SAMN28015520	False	False	Lagoon Island	1	61.5	desert2025__GCA_030854005.1
desert2025__GCA_030863015.1	not_detected	not_detected	not_detected	partial	panel_complete	not_detected	global_desert_PRJNA832417	67.3	1.23	5569	559	True	False	GCA_030863015.1	Bacteria	Actinomycetota	Actinomycetes	Mycobacteriales	Pseudonocardiaceae	GCA-003244245	GCA-003244245 sp030863015	desert_prefixed_r226		Richtersveld	3.0	False	ANI95_02125	GCA_030863015.1	SAMN27861856;SAMN27861857;SAMN27861858	SAMN28015751	False	False	Richtersveld	1	61.15	desert2025__GCA_030863015.1
desert2025__GCA_030862405.1	not_detected	not_detected	not_detected	partial	not_detected	not_detected	global_desert_PRJNA832417	76.99	3.17	10933	533	True	False	GCA_030862405.1	Bacteria	Actinomycetota	Actinomycetes	Mycobacteriales	Pseudonocardiaceae	GCA-003244245	GCA-003244245 sp030862405	desert_prefixed_r226		Sahara Desert - Douz-Matmata	3.0	False	ANI95_02098	GCA_030862405.1	SAMN27861862;SAMN27861863;SAMN27861864	SAMN28015783	False	False	Sahara Desert - Douz-Matmata	1	61.13999999999999	desert2025__GCA_030862405.1
desert2025__GCA_030945985.1	not_detected	panel_complete	not_detected	not_detected	not_detected	partial	global_desert_PRJNA832417	67.83	1.34	9102	453	True	False	GCA_030945985.1	Bacteria	Chloroflexota	Chloroflexia	QHBQ01	JADMIH01	JADMIH01	JADMIH01 sp030945985	desert_prefixed_r226		Kap Hoegh	3.0	False	ANI95_02173	GCA_030945985.1	SAMN27861916;SAMN27861917;SAMN27861918	SAMN28015649	False	False	Kap Hoegh	1	61.129999999999995	desert2025__GCA_030945985.1
desert2025__GCA_030861825.1	not_detected	not_detected	not_detected	not_detected	not_detected	not_detected	global_desert_PRJNA832417	71.63	2.11	4225	442	True	False	GCA_030861825.1	Bacteria	Actinomycetota	CADDZG01	CADDZG01	WHSQ01			desert_prefixed_r226		Negev Desert	1.0	False	ANI95_02072	GCA_030861825.1	SAMN27861865	SAMN28015812	False	False	Negev Desert	1	61.08	desert2025__GCA_030861825.1
desert2025__GCA_030775445.1	partial	not_detected	not_detected	not_detected	not_detected	not_detected	global_desert_PRJNA832417	75.24	2.87	4352	683	True	False	GCA_030775445.1	Bacteria	Vulcanimicrobiota	Vulcanimicrobiia	Vulcanimicrobiales	Vulcanimicrobiaceae	Vulcanimicrobium		desert_prefixed_r226		Hietatievat	1.0	False	ANI95_01591	GCA_030775445.1	SAMN27861904	SAMN28004894	False	False	Hietatievat	1	60.88999999999999	desert2025__GCA_030775445.1
desert2025__GCA_030773915.1	not_detected	not_detected	not_detected	not_detected	not_detected	not_detected	global_desert_PRJNA832417	71.75	2.2	3220	705	True	False	GCA_030773915.1	Bacteria	Gemmatimonadota	Gemmatimonadetes	Longimicrobiales	Longimicrobiaceae			desert_prefixed_r226		Atacama Desert	3.0	False	ANI95_01526	GCA_030773915.1	SAMN27861919;SAMN27861920;SAMN27861921	SAMN28004971	False	False	Atacama Desert	1	60.75	desert2025__GCA_030773915.1
desert2025__GCA_030859525.1	not_detected	not_detected	partial	not_detected	not_detected	not_detected	global_desert_PRJNA832417	64.96	0.85	3782	630	True	False	GCA_030859525.1	Bacteria	Actinomycetota	Rubrobacteria	Rubrobacterales	Rubrobacteraceae	JALYGY01		desert_prefixed_r226		Mojave Desert	1.0	False	ANI95_01973	GCA_030859525.1	SAMN27861881	SAMN28015944	False	False	Mojave Desert;Peary Land	2	60.709999999999994	desert2025__GCA_030859525.1
desert2025__GCA_030948365.1	not_detected	not_detected	not_detected	not_detected	not_detected	not_detected	global_desert_PRJNA832417	60.6	0.02	15535	125	True	False	GCA_030948365.1	Bacteria	Pseudomonadota	Gammaproteobacteria	Burkholderiales	Casimicrobiaceae	PALSA-1003	PALSA-1003 sp030948365	desert_prefixed_r226		Kap Hoegh	1.0	False	ANI95_02245	GCA_030948365.1	SAMN27861916	SAMN28015689	False	False	Kap Hoegh	1	60.5	desert2025__GCA_030948365.1
desert2025__GCA_030861585.1	not_detected	not_detected	panel_complete	not_detected	not_detected	not_detected	global_desert_PRJNA832417	71.84	2.28	5539	423	True	False	GCA_030861585.1	Bacteria	Actinomycetota	Rubrobacteria	Rubrobacterales	Rubrobacteraceae	Rubrobacter_F	Rubrobacter_F sp030861585	desert_prefixed_r226		North Australian Desert	3.0	False	ANI95_02062	GCA_030861585.1	SAMN27861868;SAMN27861869;SAMN27861870	SAMN28015825	False	False	North Australian Desert	1	60.440000000000005	desert2025__GCA_030861585.1
desert2025__GCA_030775925.1	not_detected	not_detected	not_detected	not_detected	not_detected	partial	global_desert_PRJNA832417	73.53	2.62	5158	502	True	False	GCA_030775925.1	Bacteria	Vulcanimicrobiota	Vulcanimicrobiia	Vulcanimicrobiales	Vulcanimicrobiaceae	JACRUB01	JACRUB01 sp030775925	desert_prefixed_r226		Hietatievat	3.0	False	ANI95_01612	GCA_030775925.1	SAMN27861904;SAMN27861905;SAMN27861906	SAMN28004870	False	False	Hietatievat	1	60.43	desert2025__GCA_030775925.1
desert2025__GCA_030857785.1	not_detected	not_detected	not_detected	not_detected	not_detected	not_detected	global_desert_PRJNA832417	61.43	0.2	3396	857	True	False	GCA_030857785.1	Bacteria	Deinococcota	Deinococci	Deinococcales	Trueperaceae	JALZLY01		desert_prefixed_r226		Mount Seuss	1.0	False	ANI95_01898	GCA_030857785.1	SAMN27861886	SAMN28016030	False	False	Mount Seuss	1	60.43	desert2025__GCA_030857785.1
desert2025__GCA_030858705.1	not_detected	not_detected	not_detected	not_detected	not_detected	not_detected	global_desert_PRJNA832417	68.76	1.67	4506	668	True	False	GCA_030858705.1	Bacteria	Chloroflexota	Chloroflexia	Thermomicrobiales	UBA6265	JACCVC01		desert_prefixed_r226		Mount Seuss	3.0	False	ANI95_01937	GCA_030858705.1	SAMN27861886;SAMN27861887;SAMN27861888	SAMN28015984	False	False	Mount Seuss	1	60.410000000000004	desert2025__GCA_030858705.1
desert2025__GCA_030774215.1	panel_complete	panel_complete	not_detected	not_detected	not_detected	not_detected	global_desert_PRJNA832417	67.85	1.49	4989	658	True	False	GCA_030774215.1	Bacteria	Actinomycetota	Thermoleophilia	Solirubrobacterales	Solirubrobacteraceae	JAOPZW01		desert_prefixed_r226		Alex Fiord-Dome	3.0	False	ANI95_01539	GCA_030774215.1	SAMN27861913;SAMN27861914;SAMN27861915	SAMN28004956	False	False	Alex Fiord-Dome	1	60.39999999999999	desert2025__GCA_030774215.1
desert2025__GCA_030774275.1	panel_complete	panel_complete	not_detected	not_detected	not_detected	not_detected	global_desert_PRJNA832417	81.41	4.21	7241	404	True	False	GCA_030774275.1	Bacteria	Actinomycetota	Thermoleophilia	Gaiellales	Gaiellaceae	13-2-20CM-68-14	13-2-20CM-68-14 sp030774275	desert_prefixed_r226		Alex Fiord-Dome	3.0	False	ANI95_01542	GCA_030774275.1	SAMN27861913;SAMN27861914;SAMN27861915	SAMN28004953	False	False	Alex Fiord-Dome	1	60.36	desert2025__GCA_030774275.1
desert2025__GCA_030775195.1	panel_complete	panel_complete	not_detected	not_detected	not_detected	not_detected	global_desert_PRJNA832417	71.68	2.27	3302	935	True	False	GCA_030775195.1	Bacteria	Actinomycetota	CALGFH01	CALGFH01	CALGFH01	CALGFH01	CALGFH01 sp937881255	desert_prefixed_r226		Cambridge Bay	3.0	False	ANI95_01581	GCA_030775195.1	SAMN27861910;SAMN27861911;SAMN27861912	SAMN28004907	False	False	Cambridge Bay	1	60.330000000000005	desert2025__GCA_030775195.1
desert2025__GCA_030857665.1	not_detected	not_detected	not_detected	not_detected	not_detected	not_detected	global_desert_PRJNA832417	66.78	1.29	4199	474	True	False	GCA_030857665.1	Bacteria	Actinomycetota	Thermoleophilia	Solirubrobacterales	Thermoleophilaceae	JACCUC01	JACCUC01 sp013812485	desert_prefixed_r226		Mount Seuss	1.0	False	ANI95_01844	GCA_030857665.1	SAMN27861886	SAMN28016036	False	False	McMurdo Dry Valleys;Mount Seuss	2	60.33	desert2025__GCA_030857665.1
desert2025__GCA_030860685.1	not_detected	not_detected	not_detected	not_detected	not_detected	not_detected	global_desert_PRJNA832417	60.75	0.09	4846	433	True	False	GCA_030860685.1	Bacteria	Actinomycetota	Acidimicrobiia	Acidimicrobiales	JAHWLA01	DATAAM01		desert_prefixed_r226		Sonoran Desert	1.0	False	ANI95_02024	GCA_030860685.1	SAMN27861877	SAMN28015885	False	False	Sonoran Desert	1	60.3	desert2025__GCA_030860685.1
desert2025__GCA_030860255.1	partial	partial	not_detected	not_detected	not_detected	not_detected	global_desert_PRJNA832417	75.91	3.13	3913	489	True	False	GCA_030860255.1	Bacteria	Actinomycetota	Acidimicrobiia	UBA5794	UBA5794	JACDBE01		desert_prefixed_r226		Mojave Desert	3.0	False	ANI95_02004	GCA_030860255.1	SAMN27861880;SAMN27861881;SAMN27861882	SAMN28015906	False	False	Mojave Desert	1	60.26	desert2025__GCA_030860255.1
desert2025__GCA_030775565.1	not_detected	not_detected	not_detected	not_detected	not_detected	not_detected	global_desert_PRJNA832417	89.44	5.87	7490	314	True	False	GCA_030775565.1	Bacteria	Pseudomonadota	Alphaproteobacteria	Sphingomonadales	Sphingomonadaceae	Sphingomicrobium	Sphingomicrobium sp030775565	desert_prefixed_r226		Hietatievat	3.0	False	ANI95_01596	GCA_030775565.1	SAMN27861904;SAMN27861905;SAMN27861906	SAMN28004888	False	False	Hietatievat	1	60.089999999999996	desert2025__GCA_030775565.1
desert2025__GCA_030853725.1	panel_complete	panel_complete	not_detected	not_detected	not_detected	not_detected	global_desert_PRJNA832417	70.94	2.21	9811	365	True	False	GCA_030853725.1	Bacteria	Pseudomonadota	Gammaproteobacteria	Burkholderiales	Burkholderiaceae	Rubrivivax	Rubrivivax sp030853725	desert_prefixed_r226		Lagoon Island	3.0	False	ANI95_01720	GCA_030853725.1	SAMN27861892;SAMN27861893;SAMN27861894	SAMN28015533	False	False	Lagoon Island	1	59.89	desert2025__GCA_030853725.1
desert2025__GCA_030857045.1	not_detected	not_detected	not_detected	not_detected	not_detected	not_detected	global_desert_PRJNA832417	62.78	0.59	3780	370	True	False	GCA_030857045.1	Bacteria	Pseudomonadota	Gammaproteobacteria	Burkholderiales	Gallionellaceae	Nitrotoga		desert_prefixed_r226	Genome not assigned to closest species as it falls outside its pre-defined ANI radius	McMurdo Dry Valleys	3.0	False	ANI95_01872	GCA_030857045.1	SAMN27861883;SAMN27861884;SAMN27861885	SAMN28015368	False	False	McMurdo Dry Valleys	1	59.83	desert2025__GCA_030857045.1
desert2025__GCA_030862005.1	not_detected	panel_complete	not_detected	not_detected	not_detected	not_detected	global_desert_PRJNA832417	64.52	0.94	6660	363	True	False	GCA_030862005.1	Bacteria	Actinomycetota	Thermoleophilia	Gaiellales	Gaiellaceae	JACCYG01	JACCYG01 sp030862005	desert_prefixed_r226		Negev Desert	3.0	False	ANI95_02080	GCA_030862005.1	SAMN27861865;SAMN27861866;SAMN27861867	SAMN28015801	False	False	Negev Desert	1	59.81999999999999	desert2025__GCA_030862005.1
desert2025__GCA_030776665.1	not_detected	not_detected	not_detected	not_detected	not_detected	not_detected	global_desert_PRJNA832417	60.27	0.1	4904	376	True	False	GCA_030776665.1	Bacteria	Actinomycetota	Thermoleophilia	Solirubrobacterales	Thermoleophilaceae			desert_prefixed_r226		Gobi Desert - China	1.0	False	ANI95_01630	GCA_030776665.1	SAMN27861898	SAMN28004847	False	False	Gobi Desert - China	1	59.77	desert2025__GCA_030776665.1
desert2025__GCA_030777125.1	not_detected	not_detected	not_detected	not_detected	not_detected	not_detected	global_desert_PRJNA832417	88.82	5.82	9812	308	True	False	GCA_030777125.1	Bacteria	Actinomycetota	Acidimicrobiia	Acidimicrobiales	AC-14	JALYGL01	JALYGL01 sp030777125	desert_prefixed_r226		Gobi Desert - China	3.0	False	ANI95_01649	GCA_030777125.1	SAMN27861898;SAMN27861899;SAMN27861900	SAMN28004824	False	False	Gobi Desert - China	1	59.71999999999999	desert2025__GCA_030777125.1
desert2025__GCA_030860045.1	not_detected	partial	panel_complete	not_detected	not_detected	panel_complete	global_desert_PRJNA832417	70.4	2.2	5421	383	True	False	GCA_030860045.1	Bacteria	Actinomycetota	Actinomycetes	Propionibacteriales	Nocardioidaceae	JACCVL01		desert_prefixed_r226		Mojave Desert	3.0	False	ANI95_01994	GCA_030860045.1	SAMN27861880;SAMN27861881;SAMN27861882	SAMN28015918	False	False	Mojave Desert	1	59.400000000000006	desert2025__GCA_030860045.1
desert2025__GCA_030853115.1	panel_complete	panel_complete	not_detected	not_detected	not_detected	panel_complete	global_desert_PRJNA832417	92.9	6.76	12222	731	True	False	GCA_030853115.1	Bacteria	Actinomycetota	Actinomycetes	Streptosporangiales	Streptosporangiaceae	Palsa-504	Palsa-504 sp030853115	desert_prefixed_r226		Lagoon Island	1.0	False	ANI95_01693	GCA_030853115.1	SAMN27861892	SAMN28015564	False	False	Lagoon Island	1	59.10000000000001	desert2025__GCA_030853115.1
desert2025__GCA_030853945.1	not_detected	not_detected	not_detected	partial	not_detected	not_detected	global_desert_PRJNA832417	65.94	1.37	18071	90	True	False	GCA_030853945.1	Bacteria	Chloroflexota	Limnocylindria	QHBO01	QHBO01	CF-167	CF-167 sp030853945	desert_prefixed_r226		Lagoon Island	3.0	False	ANI95_01730	GCA_030853945.1	SAMN27861892;SAMN27861893;SAMN27861894	SAMN28015521	False	False	Lagoon Island	1	59.089999999999996	desert2025__GCA_030853945.1
desert2025__GCA_030859015.1	not_detected	not_detected	not_detected	not_detected	not_detected	not_detected	global_desert_PRJNA832417	61.93	0.57	3926	535	True	False	GCA_030859015.1	Bacteria	Pseudomonadota	Gammaproteobacteria	Xanthomonadales	Xanthomonadaceae	JALZKJ01		desert_prefixed_r226		Mount Seuss	3.0	False	ANI95_01952	GCA_030859015.1	SAMN27861886;SAMN27861887;SAMN27861888	SAMN28015967	False	False	Mount Seuss	1	59.08	desert2025__GCA_030859015.1
desert2025__GCA_030861805.1	not_detected	not_detected	not_detected	not_detected	not_detected	not_detected	global_desert_PRJNA832417	65.11	1.22	3063	636	True	False	GCA_030861805.1	Bacteria	Pseudomonadota	Gammaproteobacteria	JACCXJ01	JACCXJ01			desert_prefixed_r226		Negev Desert	1.0	False	ANI95_02071	GCA_030861805.1	SAMN27861865	SAMN28015813	False	False	Negev Desert	1	59.01	desert2025__GCA_030861805.1
desert2025__GCA_030855945.1	not_detected	not_detected	not_detected	not_detected	not_detected	not_detected	global_desert_PRJNA832417	78.07	3.85	6337	356	True	False	GCA_030855945.1	Bacteria	Pseudomonadota	Alphaproteobacteria	Sphingomonadales	Sphingomonadaceae	Sphingomicrobium	Sphingomicrobium sp030855945	desert_prefixed_r226		McMurdo Dry Valleys	3.0	False	ANI95_01822	GCA_030855945.1	SAMN27861883;SAMN27861884;SAMN27861885	SAMN28015423	False	False	McMurdo Dry Valleys	1	58.81999999999999	desert2025__GCA_030855945.1
desert2025__GCA_030853625.1	panel_complete	panel_complete	not_detected	not_detected	not_detected	not_detected	global_desert_PRJNA832417	81.66	4.58	6956	845	True	False	GCA_030853625.1	Bacteria	Chloroflexota	Chloroflexia	Thermomicrobiales	JALYUS01	JALYUS01	JALYUS01 sp030853625	desert_prefixed_r226		Lagoon Island	3.0	False	ANI95_01715	GCA_030853625.1	SAMN27861892;SAMN27861893;SAMN27861894	SAMN28015538	False	False	Lagoon Island	1	58.76	desert2025__GCA_030853625.1
desert2025__GCA_030859805.1	not_detected	not_detected	partial	not_detected	not_detected	partial	global_desert_PRJNA832417	62.59	0.77	8070	290	True	False	GCA_030859805.1	Bacteria	Actinomycetota	Thermoleophilia	Gaiellales	Gaiellaceae	GMQP-bins7		desert_prefixed_r226		Mojave Desert	3.0	False	ANI95_01985	GCA_030859805.1	SAMN27861880;SAMN27861881;SAMN27861882	SAMN28015928	False	False	Mojave Desert	1	58.74	desert2025__GCA_030859805.1
desert2025__GCA_030777265.1	not_detected	not_detected	not_detected	not_detected	not_detected	not_detected	global_desert_PRJNA832417	69.83	2.22	6187	430	True	False	GCA_030777265.1	Bacteria	Actinomycetota	Nitriliruptoria	Nitriliruptorales	JAHWKO01	JALYGD01	JALYGD01 sp030777265	desert_prefixed_r226		Gobi Desert - China	3.0	False	ANI95_01656	GCA_030777265.1	SAMN27861898;SAMN27861899;SAMN27861900	SAMN28004816	False	False	Gobi Desert - China	1	58.73	desert2025__GCA_030777265.1
desert2025__GCA_030852475.1	not_detected	panel_complete	not_detected	not_detected	not_detected	not_detected	global_desert_PRJNA832417	81.94	4.65	7162	426	True	False	GCA_030852475.1	Bacteria	Actinomycetota	Thermoleophilia	Solirubrobacterales	70-9	VAYN01	VAYN01 sp030852475	desert_prefixed_r226		Kuwait Desert	1.0	False	ANI95_01667	GCA_030852475.1	SAMN27861902	SAMN28015596	False	False	Kuwait Desert	1	58.69	desert2025__GCA_030852475.1
desert2025__GCA_030774455.1	partial	panel_complete	not_detected	partial	not_detected	not_detected	global_desert_PRJNA832417	62.32	0.74	3895	388	True	False	GCA_030774455.1	Bacteria	Chloroflexota	Limnocylindria	QHBO01	QHBO01	CF-167		desert_prefixed_r226		Alex Fiord-Dome	3.0	False	ANI95_01551	GCA_030774455.1	SAMN27861913;SAMN27861914;SAMN27861915	SAMN28004943	False	False	Alex Fiord-Dome	1	58.62	desert2025__GCA_030774455.1
desert2025__GCA_030853925.1	not_detected	partial	not_detected	not_detected	not_detected	partial	global_desert_PRJNA832417	64.74	1.23	15241	189	True	False	GCA_030853925.1	Bacteria	Vulcanimicrobiota	Vulcanimicrobiia	Vulcanimicrobiales	Vulcanimicrobiaceae	JALYUE01	JALYUE01 sp030853925	desert_prefixed_r226		Lagoon Island	3.0	False	ANI95_01729	GCA_030853925.1	SAMN27861892;SAMN27861893;SAMN27861894	SAMN28015524	False	False	Lagoon Island	1	58.589999999999996	desert2025__GCA_030853925.1
desert2025__GCA_030775465.1	partial	panel_complete	not_detected	not_detected	not_detected	not_detected	global_desert_PRJNA832417	61.53	0.59	3915	921	True	False	GCA_030775465.1	Bacteria	Acidobacteriota	Thermoanaerobaculia	Multivoradales	UBA5704			desert_prefixed_r226		Hietatievat	1.0	False	ANI95_01592	GCA_030775465.1	SAMN27861904	SAMN28004893	False	False	Hietatievat	1	58.58	desert2025__GCA_030775465.1
desert2025__GCA_030946685.1	not_detected	not_detected	not_detected	not_detected	not_detected	partial	global_desert_PRJNA832417	92.4	6.77	23070	308	True	False	GCA_030946685.1	Bacteria	Chloroflexota	Dormibacteria	Dormibacterales	Dormibacteraceae	Palsa-872	Palsa-872 sp030946685	desert_prefixed_r226		Kap Hoegh	3.0	False	ANI95_02189	GCA_030946685.1	SAMN27861916;SAMN27861917;SAMN27861918	SAMN28015630	False	False	Kap Hoegh	1	58.55000000000001	desert2025__GCA_030946685.1
desert2025__GCA_030857795.1	not_detected	not_detected	not_detected	not_detected	not_detected	not_detected	global_desert_PRJNA832417	62.07	0.73	3776	450	True	False	GCA_030857795.1	Bacteria	Gemmatimonadota	Gemmatimonadetes	Longimicrobiales	Longimicrobiaceae			desert_prefixed_r226		Mount Seuss	1.0	False	ANI95_01899	GCA_030857795.1	SAMN27861886	SAMN28016029	False	False	Mount Seuss	1	58.42	desert2025__GCA_030857795.1
desert2025__GCA_030860925.1	not_detected	partial	not_detected	not_detected	not_detected	not_detected	global_desert_PRJNA832417	77.95	3.91	13024	243	True	False	GCA_030860925.1	Bacteria	Actinomycetota	Thermoleophilia	Gaiellales	Gaiellaceae	DASZKB01		desert_prefixed_r226		South Australian Desert	3.0	False	ANI95_02034	GCA_030860925.1	SAMN27861871;SAMN27861872;SAMN27861873	SAMN28015858	False	False	South Australian Desert	1	58.400000000000006	desert2025__GCA_030860925.1
desert2025__GCA_030855545.1	not_detected	partial	not_detected	not_detected	not_detected	not_detected	global_desert_PRJNA832417	79.62	4.25	7513	377	True	False	GCA_030855545.1	Bacteria	Actinomycetota	Thermoleophilia	Gaiellales	Gaiellaceae	Gaiellasilicea	Gaiellasilicea sp030855545	desert_prefixed_r226		McMurdo Dry Valleys	3.0	False	ANI95_01803	GCA_030855545.1	SAMN27861883;SAMN27861884;SAMN27861885	SAMN28015442	False	False	McMurdo Dry Valleys	1	58.370000000000005	desert2025__GCA_030855545.1
desert2025__GCA_030861625.1	not_detected	not_detected	panel_complete	not_detected	not_detected	not_detected	global_desert_PRJNA832417	94.19	7.2	11196	398	True	False	GCA_030861625.1	Bacteria	Actinomycetota	Rubrobacteria	Rubrobacterales	Rubrobacteraceae	Rubrobacter_F		desert_prefixed_r226		North Australian Desert	3.0	False	ANI95_02064	GCA_030861625.1	SAMN27861868;SAMN27861869;SAMN27861870	SAMN28015822	False	False	North Australian Desert	1	58.19	desert2025__GCA_030861625.1
desert2025__GCA_030857345.1	not_detected	not_detected	not_detected	not_detected	not_detected	not_detected	global_desert_PRJNA832417	61.69	0.73	3949	543	True	False	GCA_030857345.1	Bacteria	Actinomycetota	Actinomycetes	Actinomycetales	Dermatophilaceae	Ornithinicoccus_A		desert_prefixed_r226		Mount Seuss	1.0	False	ANI95_01886	GCA_030857345.1	SAMN27861887	SAMN28016052	False	False	Mount Seuss	1	58.04	desert2025__GCA_030857345.1
desert2025__GCA_030860245.1	not_detected	panel_complete	not_detected	not_detected	not_detected	partial	global_desert_PRJNA832417	70.59	2.52	6716	341	True	False	GCA_030860245.1	Bacteria	Actinomycetota	CADDZG01	CADDZG01	WHSQ01	JACDDL01	JACDDL01 sp030860245	desert_prefixed_r226		Mojave Desert	3.0	False	ANI95_02003	GCA_030860245.1	SAMN27861880;SAMN27861881;SAMN27861882	SAMN28015907	False	False	Mojave Desert	1	57.99	desert2025__GCA_030860245.1
desert2025__GCA_030854265.1	partial	partial	not_detected	not_detected	not_detected	not_detected	global_desert_PRJNA832417	74.37	3.3	4730	863	True	False	GCA_030854265.1	Bacteria	Acidobacteriota	Terriglobia	Bryobacterales	Bryobacteraceae	JALYXS01		desert_prefixed_r226		Livingston Island	1.0	False	ANI95_01746	GCA_030854265.1	SAMN27861891	SAMN28015507	False	False	Livingston Island	1	57.870000000000005	desert2025__GCA_030854265.1
desert2025__GCA_030948535.1	not_detected	panel_complete	not_detected	not_detected	not_detected	not_detected	global_desert_PRJNA832417	82.44	4.92	9072	692	True	False	GCA_030948535.1	Bacteria	Gemmatimonadota	Gemmatimonadetes	Gemmatimonadales	Gemmatimonadaceae	JALZAE01	JALZAE01 sp030948535	desert_prefixed_r226		Kap Hoegh	3.0	False	ANI95_02252	GCA_030948535.1	SAMN27861916;SAMN27861917;SAMN27861918	SAMN28015680	False	False	Kap Hoegh	1	57.839999999999996	desert2025__GCA_030948535.1
desert2025__GCA_030858405.1	not_detected	not_detected	not_detected	not_detected	not_detected	not_detected	global_desert_PRJNA832417	79.57	4.35	5377	520	True	False	GCA_030858405.1	Bacteria	Actinomycetota	Thermoleophilia	Solirubrobacterales	Thermoleophilaceae	JAAYBF01	JAAYBF01 sp013812005	desert_prefixed_r226		Mount Seuss	3.0	False	ANI95_01923	GCA_030858405.1	SAMN27861886;SAMN27861887;SAMN27861888	SAMN28015999	False	False	Mount Seuss	1	57.81999999999999	desert2025__GCA_030858405.1
desert2025__GCA_030857645.1	not_detected	partial	not_detected	partial	not_detected	not_detected	global_desert_PRJNA832417	69.86	2.41	5085	339	True	False	GCA_030857645.1	Bacteria	Chloroflexota	Limnocylindria	QHBO01	QHBO01	JACDBZ01	JACDBZ01 sp037721115	desert_prefixed_r226		Mount Seuss	1.0	False	ANI95_01895	GCA_030857645.1	SAMN27861886	SAMN28016037	False	False	Mount Seuss	1	57.81	desert2025__GCA_030857645.1
desert2025__GCA_030946965.1	not_detected	partial	not_detected	not_detected	not_detected	not_detected	global_desert_PRJNA832417	75.34	3.51	5801	739	True	False	GCA_030946965.1	Bacteria	Acidobacteriota	Terriglobia	Bryobacterales	Bryobacteraceae	JALYXS01	JALYXS01 sp030946965	desert_prefixed_r226		Kap Hoegh	3.0	False	ANI95_02203	GCA_030946965.1	SAMN27861916;SAMN27861917;SAMN27861918	SAMN28015616	False	False	Kap Hoegh	1	57.790000000000006	desert2025__GCA_030946965.1
desert2025__GCA_030947145.1	not_detected	panel_complete	not_detected	partial	not_detected	not_detected	global_desert_PRJNA832417	73.98	3.24	7652	476	True	False	GCA_030947145.1	Bacteria	Actinomycetota	Thermoleophilia	Solirubrobacterales	Solirubrobacteraceae	Palsa-465	Palsa-465 sp030947145	desert_prefixed_r226		Kap Hoegh	3.0	False	ANI95_02211	GCA_030947145.1	SAMN27861916;SAMN27861917;SAMN27861918	SAMN28015608	False	False	Kap Hoegh	1	57.78	desert2025__GCA_030947145.1
desert2025__GCA_030861315.1	not_detected	not_detected	panel_complete	not_detected	not_detected	not_detected	global_desert_PRJNA832417	83.49	5.15	4640	696	True	False	GCA_030861315.1	Bacteria	Actinomycetota	Rubrobacteria	Rubrobacterales	Rubrobacteraceae	Rubrobacter_D		desert_prefixed_r226		North Australian Desert	3.0	False	ANI95_02049	GCA_030861315.1	SAMN27861868;SAMN27861869;SAMN27861870	SAMN28015838	False	False	North Australian Desert	1	57.739999999999995	desert2025__GCA_030861315.1
desert2025__GCA_030853985.1	partial	partial	not_detected	not_detected	not_detected	not_detected	global_desert_PRJNA832417	71.57	2.8	6899	551	True	False	GCA_030853985.1	Bacteria	Bacteroidota	Bacteroidia	Cytophagales	Hymenobacteraceae	Hymenobacter	Hymenobacter sp030853985	desert_prefixed_r226		Lagoon Island	3.0	False	ANI95_01732	GCA_030853985.1	SAMN27861892;SAMN27861893;SAMN27861894	SAMN28015527	False	False	Lagoon Island	1	57.56999999999999	desert2025__GCA_030853985.1
desert2025__GCA_030773895.1	not_detected	not_detected	not_detected	not_detected	not_detected	not_detected	global_desert_PRJNA832417	75.0	3.5	4639	950	True	False	GCA_030773895.1	Bacteria	Chloroflexota	Chloroflexia	Thermomicrobiales	UBA6265	CADCWL01		desert_prefixed_r226		Atacama Desert	3.0	False	ANI95_01525	GCA_030773895.1	SAMN27861919;SAMN27861920;SAMN27861921	SAMN28004973	False	False	Atacama Desert	1	57.5	desert2025__GCA_030773895.1
desert2025__GCA_030946805.1	not_detected	not_detected	not_detected	not_detected	not_detected	not_detected	global_desert_PRJNA832417	58.39	0.18	3842	628	True	False	GCA_030946805.1	Bacteria	Pseudomonadota	Gammaproteobacteria	Burkholderiales	Burkholderiaceae	Schlegelella_A		desert_prefixed_r226		Kap Hoegh	3.0	False	ANI95_02195	GCA_030946805.1	SAMN27861916;SAMN27861917;SAMN27861918	SAMN28015625	False	False	Kap Hoegh	1	57.49	desert2025__GCA_030946805.1
desert2025__GCA_030860875.1	not_detected	not_detected	not_detected	not_detected	not_detected	partial	global_desert_PRJNA832417	78.41	4.19	4710	459	True	False	GCA_030860875.1	Bacteria	Chloroflexota	Limnocylindria	QHBO01				desert_prefixed_r226		South Australian Desert	3.0	False	ANI95_02033	GCA_030860875.1	SAMN27861871;SAMN27861872;SAMN27861873	SAMN28015859	False	False	South Australian Desert	1	57.459999999999994	desert2025__GCA_030860875.1
desert2025__GCA_030853065.1	not_detected	not_detected	panel_complete	not_detected	not_detected	not_detected	global_desert_PRJNA832417	65.16	1.54	4057	456	True	False	GCA_030853065.1	Bacteria	Actinomycetota	Actinomycetes	Actinomycetales	Cellulomonadaceae	JAAYZM01		desert_prefixed_r226		Kuwait Desert	3.0	False	ANI95_01690	GCA_030853065.1	SAMN27861901;SAMN27861902;SAMN27861903	SAMN28015572	False	False	Kuwait Desert	1	57.459999999999994	desert2025__GCA_030853065.1
desert2025__GCA_030948245.1	not_detected	not_detected	not_detected	not_detected	not_detected	not_detected	global_desert_PRJNA832417	71.24	2.78	6506	344	True	False	GCA_030948245.1	Bacteria	Chloroflexota	Dormibacteria	Dormibacterales	Dormibacteraceae	UBA6019	UBA6019 sp030948245	desert_prefixed_r226		Kap Hoegh	1.0	False	ANI95_02240	GCA_030948245.1	SAMN27861916	SAMN28015691	False	False	Kap Hoegh	1	57.339999999999996	desert2025__GCA_030948245.1
desert2025__GCA_030946315.1	not_detected	partial	panel_complete	not_detected	not_detected	panel_complete	global_desert_PRJNA832417	89.54	6.45	7673	431	True	False	GCA_030946315.1	Bacteria	Actinomycetota	Actinomycetes	Propionibacteriales	Nocardioidaceae	Marmoricola		desert_prefixed_r226	Genome not assigned to closest species as it falls outside its pre-defined ANI radius;Genome has more than 11.7% of markers with multiple hits	Kap Hoegh	3.0	False	ANI95_02180	GCA_030946315.1	SAMN27861916;SAMN27861917;SAMN27861918	SAMN28015642	False	False	Kap Hoegh	1	57.290000000000006	desert2025__GCA_030946315.1
desert2025__GCA_030774805.1	not_detected	panel_complete	not_detected	not_detected	not_detected	not_detected	global_desert_PRJNA832417	64.84	1.52	4008	673	True	False	GCA_030774805.1	Bacteria	Actinomycetota	Actinomycetes	Mycobacteriales	SCTD01	RYN-111		desert_prefixed_r226		Alex Fiord-Dome	3.0	False	ANI95_01567	GCA_030774805.1	SAMN27861913;SAMN27861914;SAMN27861915	SAMN28004927	False	False	Alex Fiord-Dome	1	57.24	desert2025__GCA_030774805.1
desert2025__GCA_030776245.1	panel_complete	not_detected	not_detected	not_detected	not_detected	not_detected	global_desert_PRJNA832417	57.24	0.06	3898	653	True	False	GCA_030776245.1	Bacteria	Bacteroidota	Bacteroidia	Sphingobacteriales	Sphingobacteriaceae	Mucilaginibacter		desert_prefixed_r226		Hietatievat	3.0	False	ANI95_01619	GCA_030776245.1	SAMN27861904;SAMN27861905;SAMN27861906	SAMN28004861	False	False	Hietatievat	1	56.940000000000005	desert2025__GCA_030776245.1
desert2025__GCA_030856465.1	panel_complete	panel_complete	not_detected	not_detected	not_detected	not_detected	global_desert_PRJNA832417	67.25	2.08	4300	696	True	False	GCA_030856465.1	Bacteria	Acidobacteriota	Blastocatellia	Pyrinomonadales	Pyrinomonadaceae	GCA-002050365		desert_prefixed_r226		McMurdo Dry Valleys	3.0	False	ANI95_01846	GCA_030856465.1	SAMN27861883;SAMN27861884;SAMN27861885	SAMN28015396	False	False	McMurdo Dry Valleys	1	56.85	desert2025__GCA_030856465.1
desert2025__GCA_030860985.1	not_detected	not_detected	not_detected	partial	not_detected	not_detected	global_desert_PRJNA832417	57.34	0.13	4429	519	True	False	GCA_030860985.1	Bacteria	Actinomycetota	Actinomycetes	Mycobacteriales	Pseudonocardiaceae	JALYQB01		desert_prefixed_r226		South Australian Desert	3.0	False	ANI95_02037	GCA_030860985.1	SAMN27861871;SAMN27861872;SAMN27861873	SAMN28015855	False	False	South Australian Desert	1	56.690000000000005	desert2025__GCA_030860985.1
desert2025__GCA_030862275.1	not_detected	panel_complete	not_detected	not_detected	not_detected	not_detected	global_desert_PRJNA832417	67.36	2.2	4785	365	True	False	GCA_030862275.1	Bacteria	Actinomycetota	CADDZG01	CADDZG01	WHSQ01			desert_prefixed_r226		Negev Desert	3.0	False	ANI95_02093	GCA_030862275.1	SAMN27861865;SAMN27861866;SAMN27861867	SAMN28015790	False	False	Negev Desert	1	56.36	desert2025__GCA_030862275.1
desert2025__GCA_030948895.1	not_detected	not_detected	not_detected	not_detected	not_detected	partial	global_desert_PRJNA832417	57.92	0.35	4819	373	True	False	GCA_030948895.1	Bacteria	Vulcanimicrobiota	Vulcanimicrobiia	Eremiobacterales	Eremiobacteraceae	JALYZS01		desert_prefixed_r226		Kap Hoegh	3.0	False	ANI95_02269	GCA_030948895.1	SAMN27861916;SAMN27861917;SAMN27861918	SAMN28015662	False	False	Kap Hoegh	1	56.17	desert2025__GCA_030948895.1
desert2025__GCA_030862025.1	not_detected	not_detected	not_detected	not_detected	not_detected	not_detected	global_desert_PRJNA832417	58.35	0.44	5168	361	True	False	GCA_030862025.1	Bacteria	Actinomycetota	Nitriliruptoria	Nitriliruptorales	JAHWKO01	JALYGD01	JALYGD01 sp030862025	desert_prefixed_r226		Negev Desert	3.0	False	ANI95_02081	GCA_030862025.1	SAMN27861865;SAMN27861866;SAMN27861867	SAMN28015803	False	False	Negev Desert	1	56.15	desert2025__GCA_030862025.1
desert2025__GCA_030773955.1	not_detected	panel_complete	not_detected	not_detected	not_detected	not_detected	global_desert_PRJNA832417	74.44	3.66	4776	663	True	False	GCA_030773955.1	Bacteria	Acidobacteriota	Thermoanaerobaculia	Gp7-AA8	Gp7-AA8	JADGNZ01		desert_prefixed_r226		Alex Fiord-Dome	1.0	False	ANI95_01528	GCA_030773955.1	SAMN27861915	SAMN28004969	False	False	Alex Fiord-Dome	1	56.14	desert2025__GCA_030773955.1
desert2025__GCA_030856895.1	not_detected	not_detected	not_detected	not_detected	not_detected	not_detected	global_desert_PRJNA832417	72.6	3.3	4276	667	True	False	GCA_030856895.1	Bacteria	Pseudomonadota	Gammaproteobacteria	Burkholderiales	Burkholderiaceae	Polaromonas	Polaromonas sp013817205	desert_prefixed_r226		McMurdo Dry Valleys	3.0	False	ANI95_01866	GCA_030856895.1	SAMN27861883;SAMN27861884;SAMN27861885	SAMN28015375	False	False	McMurdo Dry Valleys	1	56.099999999999994	desert2025__GCA_030856895.1
desert2025__GCA_030946725.1	not_detected	partial	not_detected	not_detected	not_detected	not_detected	global_desert_PRJNA832417	73.64	3.51	6576	547	True	False	GCA_030946725.1	Bacteria	Chloroflexota	Dormibacteria	Dormibacterales	Dormibacteraceae	Nephthysia	Nephthysia sp030946725	desert_prefixed_r226		Kap Hoegh	3.0	False	ANI95_02191	GCA_030946725.1	SAMN27861916;SAMN27861917;SAMN27861918	SAMN28015629	False	False	Kap Hoegh	1	56.09	desert2025__GCA_030946725.1
desert2025__GCA_030946525.1	not_detected	panel_complete	not_detected	not_detected	not_detected	not_detected	global_desert_PRJNA832417	89.95	6.78	8172	604	True	False	GCA_030946525.1	Bacteria	Actinomycetota	Acidimicrobiia	Acidimicrobiales	AC-14	CADCTB01	CADCTB01 sp030946525	desert_prefixed_r226		Kap Hoegh	3.0	False	ANI95_02184	GCA_030946525.1	SAMN27861916;SAMN27861917;SAMN27861918	SAMN28015637	False	False	Kap Hoegh	1	56.050000000000004	desert2025__GCA_030946525.1
desert2025__GCA_030852655.1	not_detected	not_detected	panel_complete	not_detected	not_detected	panel_complete	global_desert_PRJNA832417	71.38	3.09	11323	366	True	False	GCA_030852655.1	Bacteria	Pseudomonadota	Alphaproteobacteria	Rhizobiales	Rhizobiaceae	RCIZ01	RCIZ01 sp030852655	desert_prefixed_r226		Kuwait Desert	3.0	False	ANI95_01670	GCA_030852655.1	SAMN27861901;SAMN27861902;SAMN27861903	SAMN28015587	False	False	Kuwait Desert	1	55.92999999999999	desert2025__GCA_030852655.1
desert2025__GCA_030859305.1	not_detected	not_detected	not_detected	not_detected	not_detected	not_detected	global_desert_PRJNA832417	55.93	0.03	11892	135	True	False	GCA_030859305.1	Bacteria	Pseudomonadota	Gammaproteobacteria	Xanthomonadales	Xanthomonadaceae	JALZKJ01	JALZKJ01 sp030859305	desert_prefixed_r226		Mount Seuss	3.0	False	ANI95_01962	GCA_030859305.1	SAMN27861886;SAMN27861887;SAMN27861888	SAMN28015954	False	False	Mount Seuss	1	55.78	desert2025__GCA_030859305.1
desert2025__GCA_030853885.1	partial	partial	not_detected	not_detected	not_detected	not_detected	global_desert_PRJNA832417	60.2	0.89	4915	544	True	False	GCA_030853885.1	Bacteria	Acidobacteriota	Blastocatellia	Pyrinomonadales	Pyrinomonadaceae	JAOAPY01		desert_prefixed_r226		Lagoon Island	3.0	False	ANI95_01727	GCA_030853885.1	SAMN27861892;SAMN27861893;SAMN27861894	SAMN28015525	False	False	Lagoon Island	1	55.75	desert2025__GCA_030853885.1
desert2025__GCA_030860265.1	not_detected	not_detected	partial	not_detected	not_detected	partial	global_desert_PRJNA832417	58.02	0.46	7555	277	True	False	GCA_030860265.1	Bacteria	Actinomycetota	Acidimicrobiia	Acidimicrobiales	Ilumatobacteraceae	JACDHN01		desert_prefixed_r226		Mojave Desert	3.0	False	ANI95_02005	GCA_030860265.1	SAMN27861880;SAMN27861881;SAMN27861882	SAMN28015905	False	False	Mojave Desert	1	55.720000000000006	desert2025__GCA_030860265.1
desert2025__GCA_030861165.1	not_detected	panel_complete	not_detected	not_detected	not_detected	not_detected	global_desert_PRJNA832417	61.36	1.14	3690	1150	True	False	GCA_030861165.1	Bacteria	Armatimonadota	Abditibacteriia	Abditibacteriales	Abditibacteriaceae	JAFAZH01		desert_prefixed_r226		South Australian Desert	3.0	False	ANI95_02044	GCA_030861165.1	SAMN27861871;SAMN27861872;SAMN27861873	SAMN28015846	False	False	South Australian Desert	1	55.66	desert2025__GCA_030861165.1
desert2025__GCA_030773035.1	not_detected	partial	not_detected	partial	not_detected	not_detected	global_desert_PRJNA832417	67.58	2.39	5269	369	True	False	GCA_030773035.1	Bacteria	Chloroflexota	Limnocylindria	QHBO01	QHBO01	CF-167	CF-167 sp030773035	desert_prefixed_r226		Drass Desert	3.0	False	ANI95_01496	GCA_030773035.1	SAMN27861922;SAMN27861923;SAMN27861924	SAMN28005013	False	False	Drass Desert	1	55.629999999999995	desert2025__GCA_030773035.1
desert2025__GCA_030799345.1	not_detected	not_detected	partial	not_detected	not_detected	not_detected	global_desert_PRJNA832417	86.88	6.27	5975	530	True	False	GCA_030799345.1	Bacteria	Pseudomonadota	Gammaproteobacteria	Steroidobacterales	Steroidobacteraceae	SCUD01	SCUD01 sp030799345	desert_prefixed_r226		Cambridge Bay	3.0	False	ANI95_01663	GCA_030799345.1	SAMN27861910;SAMN27861911;SAMN27861912	SAMN28004909	False	False	Cambridge Bay	1	55.53	desert2025__GCA_030799345.1
desert2025__GCA_030948305.1	not_detected	not_detected	not_detected	not_detected	not_detected	not_detected	global_desert_PRJNA832417	56.87	0.32	5867	378	True	False	GCA_030948305.1	Bacteria	Pseudomonadota	Gammaproteobacteria	Burkholderiales	Casimicrobiaceae	PALSA-1003	PALSA-1003 sp030948305	desert_prefixed_r226		Kap Hoegh	1.0	False	ANI95_02242	GCA_030948305.1	SAMN27861916	SAMN28015690	False	False	Kap Hoegh	1	55.269999999999996	desert2025__GCA_030948305.1
desert2025__GCA_030858845.1	not_detected	not_detected	not_detected	not_detected	not_detected	not_detected	global_desert_PRJNA832417	56.31	0.22	3322	448	True	False	GCA_030858845.1	Bacteria	Gemmatimonadota	Gemmatimonadetes	Gemmatimonadales	Gemmatimonadaceae	JACDCY01	JACDCY01 sp013817305	desert_prefixed_r226		Mount Seuss	3.0	False	ANI95_01943	GCA_030858845.1	SAMN27861886;SAMN27861887;SAMN27861888	SAMN28015977	False	False	Mount Seuss	1	55.21	desert2025__GCA_030858845.1
desert2025__GCA_030856085.1	not_detected	not_detected	not_detected	not_detected	not_detected	not_detected	global_desert_PRJNA832417	86.96	6.37	5715	607	True	False	GCA_030856085.1	Bacteria	Actinomycetota	Thermoleophilia	Gaiellales	Gaiellaceae	Gaiellasilicea	Gaiellasilicea sp037721555	desert_prefixed_r226		McMurdo Dry Valleys	3.0	False	ANI95_01829	GCA_030856085.1	SAMN27861883;SAMN27861884;SAMN27861885	SAMN28015418	False	False	McMurdo Dry Valleys	1	55.10999999999999	desert2025__GCA_030856085.1
desert2025__GCA_030773975.1	not_detected	not_detected	partial	not_detected	not_detected	not_detected	global_desert_PRJNA832417	56.35	0.27	14052	132	True	False	GCA_030773975.1	Bacteria	Actinomycetota	Thermoleophilia	Gaiellales	Gaiellaceae	3-1-20CM-4-69-9	3-1-20CM-4-69-9 sp030773975	desert_prefixed_r226		Alex Fiord-Dome	1.0	False	ANI95_01529	GCA_030773975.1	SAMN27861915	SAMN28004967	False	False	Alex Fiord-Dome	1	55.0	desert2025__GCA_030773975.1
desert2025__GCA_030853845.1	panel_complete	partial	not_detected	not_detected	not_detected	not_detected	global_desert_PRJNA832417	80.84	5.17	7445	808	True	False	GCA_030853845.1	Bacteria	Bacteroidota	Bacteroidia	Cytophagales	Hymenobacteraceae	Hymenobacter	Hymenobacter sp030853845	desert_prefixed_r226		Lagoon Island	3.0	False	ANI95_01726	GCA_030853845.1	SAMN27861892;SAMN27861893;SAMN27861894	SAMN28015528	False	False	Lagoon Island	1	54.99	desert2025__GCA_030853845.1
desert2025__GCA_030775885.1	panel_complete	panel_complete	not_detected	not_detected	not_detected	not_detected	global_desert_PRJNA832417	57.78	0.58	10719	457	True	False	GCA_030775885.1	Bacteria	Acidobacteriota	Terriglobia	Terriglobales	Acidobacteriaceae	Edaphobacter	Edaphobacter sp030775885	desert_prefixed_r226		Hietatievat	3.0	False	ANI95_01610	GCA_030775885.1	SAMN27861904;SAMN27861905;SAMN27861906	SAMN28004871	False	False	Hietatievat	1	54.88	desert2025__GCA_030775885.1
desert2025__GCA_030774785.1	not_detected	panel_complete	not_detected	not_detected	not_detected	not_detected	global_desert_PRJNA832417	96.58	8.34	15913	392	True	False	GCA_030774785.1	Bacteria	Gemmatimonadota	Gemmatimonadetes	Gemmatimonadales	Gemmatimonadaceae	UBA4720	UBA4720 sp030774785	desert_prefixed_r226		Alex Fiord-Dome	3.0	False	ANI95_01566	GCA_030774785.1	SAMN27861913;SAMN27861914;SAMN27861915	SAMN28004929	False	False	Alex Fiord-Dome	1	54.879999999999995	desert2025__GCA_030774785.1
desert2025__GCA_030863305.1	not_detected	not_detected	not_detected	not_detected	not_detected	not_detected	global_desert_PRJNA832417	57.16	0.46	4083	892	True	False	GCA_030863305.1	Bacteria	Bacteroidota	Bacteroidia	Cytophagales	Hymenobacteraceae	Adhaeribacter		desert_prefixed_r226		Namib Desert	3.0	False	ANI95_02139	GCA_030863305.1	SAMN27861853;SAMN27861854;SAMN27861855	SAMN28015736	False	False	Namib Desert	1	54.86	desert2025__GCA_030863305.1
desert2025__GCA_030856775.1	not_detected	not_detected	not_detected	not_detected	not_detected	partial	global_desert_PRJNA832417	91.19	7.29	9582	473	True	False	GCA_030856775.1	Bacteria	Acidobacteriota	Vicinamibacteria	Vicinamibacterales	SCN-69-37	JALYRV01		desert_prefixed_r226	Genome has more than 10.0% of markers with multiple hits	McMurdo Dry Valleys	3.0	False	ANI95_01860	GCA_030856775.1	SAMN27861883;SAMN27861884;SAMN27861885	SAMN28015382	False	False	McMurdo Dry Valleys	1	54.739999999999995	desert2025__GCA_030856775.1
desert2025__GCA_030861645.1	not_detected	not_detected	not_detected	not_detected	not_detected	not_detected	global_desert_PRJNA832417	65.06	2.09	5107	517	True	False	GCA_030861645.1	Bacteria	Actinomycetota	Thermoleophilia	Gaiellales	Gaiellaceae	JALZFG01	JALZFG01 sp030861645	desert_prefixed_r226		North Australian Desert	3.0	False	ANI95_02065	GCA_030861645.1	SAMN27861868;SAMN27861869;SAMN27861870	SAMN28015821	False	False	North Australian Desert	1	54.61	desert2025__GCA_030861645.1
desert2025__GCA_030856845.1	not_detected	partial	not_detected	not_detected	not_detected	not_detected	global_desert_PRJNA832417	64.19	1.93	6378	477	True	False	GCA_030856845.1	Bacteria	Gemmatimonadota	Gemmatimonadetes	Gemmatimonadales	Gemmatimonadaceae	UBA4720	UBA4720 sp030856845	desert_prefixed_r226		McMurdo Dry Valleys	3.0	False	ANI95_01863	GCA_030856845.1	SAMN27861883;SAMN27861884;SAMN27861885	SAMN28015378	False	False	McMurdo Dry Valleys	1	54.54	desert2025__GCA_030856845.1
desert2025__GCA_030861885.1	not_detected	not_detected	not_detected	partial	not_detected	not_detected	global_desert_PRJNA832417	64.63	2.03	4604	734	True	False	GCA_030861885.1	Bacteria	Gemmatimonadota	Gemmatimonadetes	Gemmatimonadales	Gemmatimonadaceae			desert_prefixed_r226		Negev Desert	3.0	False	ANI95_02074	GCA_030861885.1	SAMN27861865;SAMN27861866;SAMN27861867	SAMN28015809	False	False	Negev Desert	1	54.48	desert2025__GCA_030861885.1
desert2025__GCA_030857885.1	not_detected	partial	partial	not_detected	not_detected	panel_complete	global_desert_PRJNA832417	58.83	0.89	6630	256	True	False	GCA_030857885.1	Bacteria	Actinomycetota	Actinomycetes	Propionibacteriales	Nocardioidaceae	JACCVL01	JACCVL01 sp013696365	desert_prefixed_r226		Mount Seuss	1.0	False	ANI95_01903	GCA_030857885.1	SAMN27861886	SAMN28016025	False	False	Mount Seuss	1	54.379999999999995	desert2025__GCA_030857885.1
desert2025__GCA_030857685.1	not_detected	partial	not_detected	not_detected	not_detected	not_detected	global_desert_PRJNA832417	86.39	6.41	4581	598	True	False	GCA_030857685.1	Bacteria	Verrucomicrobiota	Verrucomicrobiia	Chthoniobacterales	UBA10450	JACCTI01	JACCTI01 sp013812515	desert_prefixed_r226		Mount Seuss	1.0	False	ANI95_01896	GCA_030857685.1	SAMN27861886	SAMN28016035	False	False	Mount Seuss	1	54.34	desert2025__GCA_030857685.1
desert2025__GCA_030852825.1	not_detected	not_detected	not_detected	not_detected	not_detected	not_detected	global_desert_PRJNA832417	71.56	3.45	3835	844	True	False	GCA_030852825.1	Bacteria	Bacteroidota	Bacteroidia	Cytophagales	Cyclobacteriaceae	Chryseosolibacter		desert_prefixed_r226		Kuwait Desert	3.0	False	ANI95_01680	GCA_030852825.1	SAMN27861901;SAMN27861902;SAMN27861903	SAMN28015578	False	False	Kuwait Desert	1	54.31	desert2025__GCA_030852825.1
desert2025__GCA_030859235.1	not_detected	not_detected	not_detected	not_detected	not_detected	not_detected	global_desert_PRJNA832417	57.54	0.68	3344	786	True	False	GCA_030859235.1	Bacteria	Gemmatimonadota	Gemmatimonadetes	Longimicrobiales	Longimicrobiaceae			desert_prefixed_r226		Mount Seuss	3.0	False	ANI95_01959	GCA_030859235.1	SAMN27861886;SAMN27861887;SAMN27861888	SAMN28015958	False	False	Mount Seuss	1	54.14	desert2025__GCA_030859235.1
desert2025__GCA_030862685.1	not_detected	panel_complete	partial	not_detected	not_detected	not_detected	global_desert_PRJNA832417	58.21	0.82	3791	427	True	False	GCA_030862685.1	Bacteria	Actinomycetota	UBA4738	UBA4738	CALAEC01			desert_prefixed_r226		Sahara Desert - Ksar Ghilane	3.0	False	ANI95_02110	GCA_030862685.1	SAMN27861859;SAMN27861860;SAMN27861861	SAMN28015770	False	False	Sahara Desert - Ksar Ghilane	1	54.11	desert2025__GCA_030862685.1
desert2025__GCA_030854705.1	not_detected	not_detected	not_detected	not_detected	not_detected	not_detected	global_desert_PRJNA832417	84.72	6.13	3688	827	True	False	GCA_030854705.1	Bacteria	Acidobacteriota	Thermoanaerobaculia	UBA5066	Gp7-AA6	JALYUA01		desert_prefixed_r226		Livingston Island	3.0	False	ANI95_01764	GCA_030854705.1	SAMN27861889;SAMN27861890;SAMN27861891	SAMN28015484	False	False	Livingston Island	1	54.07	desert2025__GCA_030854705.1
desert2025__GCA_030852935.1	not_detected	not_detected	not_detected	not_detected	not_detected	not_detected	global_desert_PRJNA832417	56.24	0.45	13403	182	True	False	GCA_030852935.1	Bacteria	Actinomycetota	Actinomycetes	Actinomycetales	Microbacteriaceae	Agromyces	Agromyces sp030852935	desert_prefixed_r226		Kuwait Desert	3.0	False	ANI95_01686	GCA_030852935.1	SAMN27861901;SAMN27861902;SAMN27861903	SAMN28015573	False	False	Kuwait Desert	1	53.99	desert2025__GCA_030852935.1
desert2025__GCA_030854345.1	not_detected	not_detected	not_detected	not_detected	not_detected	not_detected	global_desert_PRJNA832417	58.93	0.99	3232	539	True	False	GCA_030854345.1	Bacteria	Acidobacteriota	Thermoanaerobaculia	UBA5066	Gp7-AA6	JALYUA01		desert_prefixed_r226		Livingston Island	1.0	False	ANI95_01749	GCA_030854345.1	SAMN27861889	SAMN28015503	False	False	Livingston Island	1	53.98	desert2025__GCA_030854345.1
desert2025__GCA_030773395.1	not_detected	not_detected	panel_complete	not_detected	not_detected	not_detected	global_desert_PRJNA832417	70.87	3.39	6163	487	True	False	GCA_030773395.1	Bacteria	Actinomycetota	Actinomycetes	Mycobacteriales	JALYNB01	JALYNB01	JALYNB01 sp030773395	desert_prefixed_r226		Atacama Desert	3.0	False	ANI95_01508	GCA_030773395.1	SAMN27861919;SAMN27861920;SAMN27861921	SAMN28004996	False	False	Atacama Desert	1	53.92	desert2025__GCA_030773395.1
desert2025__GCA_030775725.1	partial	partial	not_detected	not_detected	not_detected	partial	global_desert_PRJNA832417	58.34	0.9	3524	491	True	False	GCA_030775725.1	Bacteria	Pseudomonadota	Alphaproteobacteria	Caulobacterales	Caulobacteraceae	CAIOYC01		desert_prefixed_r226		Hietatievat	3.0	False	ANI95_01603	GCA_030775725.1	SAMN27861904;SAMN27861905;SAMN27861906	SAMN28004879	False	False	Hietatievat	1	53.84	desert2025__GCA_030775725.1
desert2025__GCA_030775375.1	not_detected	panel_complete	not_detected	not_detected	not_detected	partial	global_desert_PRJNA832417	69.62	3.17	6373	442	True	False	GCA_030775375.1	Bacteria	Acidobacteriota	Terriglobia	Acidiferrales	UBA7541	Acidiferrum		desert_prefixed_r226		Hietatievat	1.0	False	ANI95_01588	GCA_030775375.1	SAMN27861904	SAMN28004895	False	False	Hietatievat	1	53.77	desert2025__GCA_030775375.1
desert2025__GCA_030860105.1	not_detected	panel_complete	not_detected	not_detected	not_detected	not_detected	global_desert_PRJNA832417	61.62	1.58	4227	797	True	False	GCA_030860105.1	Bacteria	Acidobacteriota	Blastocatellia	Pyrinomonadales	Pyrinomonadaceae	JACCRA01		desert_prefixed_r226		Mojave Desert	3.0	False	ANI95_01996	GCA_030860105.1	SAMN27861880;SAMN27861881;SAMN27861882	SAMN28015914	False	False	Mojave Desert	1	53.72	desert2025__GCA_030860105.1
desert2025__GCA_030774355.1	not_detected	panel_complete	not_detected	not_detected	not_detected	not_detected	global_desert_PRJNA832417	71.06	3.47	4456	428	True	False	GCA_030774355.1	Bacteria	Actinomycetota	UBA4738	UBA4738				desert_prefixed_r226		Alex Fiord-Dome	3.0	False	ANI95_01546	GCA_030774355.1	SAMN27861913;SAMN27861914;SAMN27861915	SAMN28004949	False	False	Alex Fiord-Dome	1	53.71	desert2025__GCA_030774355.1
desert2025__GCA_030863215.1	not_detected	not_detected	not_detected	not_detected	not_detected	not_detected	global_desert_PRJNA832417	70.84	3.43	3354	572	True	False	GCA_030863215.1	Bacteria	Chloroflexota	Chloroflexia	Thermomicrobiales	UBA6265	JACCVC01		desert_prefixed_r226		Namib Desert	3.0	False	ANI95_02135	GCA_030863215.1	SAMN27861853;SAMN27861854;SAMN27861855	SAMN28015740	False	False	Namib Desert	1	53.69	desert2025__GCA_030863215.1
desert2025__GCA_030948205.1	not_detected	partial	not_detected	not_detected	not_detected	not_detected	global_desert_PRJNA832417	95.25	8.36	11196	389	True	False	GCA_030948205.1	Bacteria	Gemmatimonadota	Gemmatimonadetes	Gemmatimonadales	Gemmatimonadaceae	UBA4720		desert_prefixed_r226		Kap Hoegh	1.0	False	ANI95_02238	GCA_030948205.1	SAMN27861916	SAMN28015694	False	False	Kap Hoegh	1	53.45	desert2025__GCA_030948205.1
desert2025__GCA_030863285.1	not_detected	not_detected	not_detected	not_detected	not_detected	not_detected	global_desert_PRJNA832417	67.04	2.72	7255	257	True	False	GCA_030863285.1	Bacteria	Actinomycetota	CADDZG01	CADDZG01	WHSQ01			desert_prefixed_r226		Namib Desert	3.0	False	ANI95_02138	GCA_030863285.1	SAMN27861853;SAMN27861854;SAMN27861855	SAMN28015737	False	False	Namib Desert	1	53.440000000000005	desert2025__GCA_030863285.1
desert2025__GCA_030858185.1	not_detected	partial	panel_complete	not_detected	not_detected	not_detected	global_desert_PRJNA832417	80.84	5.48	10048	379	True	False	GCA_030858185.1	Bacteria	Actinomycetota	Rubrobacteria	Rubrobacterales	Rubrobacteraceae	Rubrobacter_D		desert_prefixed_r226	Genome has more than 10.8% of markers with multiple hits	Mount Seuss	3.0	False	ANI95_01915	GCA_030858185.1	SAMN27861886;SAMN27861887;SAMN27861888	SAMN28016010	False	False	Mount Seuss	1	53.44	desert2025__GCA_030858185.1
desert2025__GCA_030947045.1	not_detected	not_detected	not_detected	not_detected	not_detected	not_detected	global_desert_PRJNA832417	71.17	3.6	5288	494	True	False	GCA_030947045.1	Bacteria	Verrucomicrobiota	Verrucomicrobiia	Chthoniobacterales	UBA10450	JACCTI01	JACCTI01 sp030947045	desert_prefixed_r226		Kap Hoegh	3.0	False	ANI95_02206	GCA_030947045.1	SAMN27861916;SAMN27861917;SAMN27861918	SAMN28015613	False	False	Kap Hoegh	1	53.17	desert2025__GCA_030947045.1
desert2025__GCA_030776965.1	not_detected	not_detected	not_detected	not_detected	not_detected	not_detected	global_desert_PRJNA832417	55.59	0.5	14455	157	True	False	GCA_030776965.1	Bacteria	Actinomycetota	Rubrobacteria	Rubrobacterales	Rubrobacteraceae	Rubrobacter_F	Rubrobacter_F sp030776965	desert_prefixed_r226		Gobi Desert - China	3.0	False	ANI95_01644	GCA_030776965.1	SAMN27861898;SAMN27861899;SAMN27861900	SAMN28004832	False	False	Gobi Desert - China	1	53.09	desert2025__GCA_030776965.1
desert2025__GCA_030852675.1	not_detected	panel_complete	not_detected	not_detected	not_detected	not_detected	global_desert_PRJNA832417	67.88	2.97	5235	687	True	False	GCA_030852675.1	Bacteria	Chloroflexota	Anaerolineae	Anaerolineales	Villigracilaceae	Defluviilinea		desert_prefixed_r226		Kuwait Desert	3.0	False	ANI95_01676	GCA_030852675.1	SAMN27861901;SAMN27861902;SAMN27861903	SAMN28015586	False	False	Kuwait Desert	1	53.029999999999994	desert2025__GCA_030852675.1
desert2025__GCA_030914175.1	not_detected	not_detected	not_detected	partial	not_detected	not_detected	global_desert_PRJNA832417	61.14	1.63	3381	530	True	False	GCA_030914175.1	Bacteria	Actinomycetota	Actinomycetes	Mycobacteriales	Pseudonocardiaceae	GCA-003244245	GCA-003244245 sp036389855	desert_prefixed_r226		Peary Land	3.0	False	ANI95_02163	GCA_030914175.1	SAMN27861874;SAMN27861875;SAMN27861876	SAMN28015867	False	False	Peary Land	1	52.99	desert2025__GCA_030914175.1
desert2025__GCA_030853285.1	not_detected	not_detected	not_detected	panel_complete	not_detected	not_detected	global_desert_PRJNA832417	53.18	0.04	5191	425	True	False	GCA_030853285.1	Bacteria	Actinomycetota	Actinomycetes	Mycobacteriales	Mycobacteriaceae	X156	X156 sp030853285	desert_prefixed_r226		Lagoon Island	1.0	False	ANI95_01701	GCA_030853285.1	SAMN27861892	SAMN28015557	False	False	Lagoon Island	1	52.98	desert2025__GCA_030853285.1
desert2025__GCA_030947885.1	not_detected	panel_complete	not_detected	not_detected	not_detected	not_detected	global_desert_PRJNA832417	69.27	3.26	3965	467	True	False	GCA_030947885.1	Bacteria	Actinomycetota	Thermoleophilia	Solirubrobacterales	Solirubrobacteraceae	AC-38		desert_prefixed_r226		Kap Hoegh	1.0	False	ANI95_02232	GCA_030947885.1	SAMN27861916	SAMN28015702	False	False	Kap Hoegh	1	52.97	desert2025__GCA_030947885.1
desert2025__GCA_030776945.1	partial	partial	not_detected	not_detected	not_detected	not_detected	global_desert_PRJNA832417	56.5	0.71	3056	1184	True	False	GCA_030776945.1	Bacteria	Cyanobacteriota	Cyanobacteriia	Cyanobacteriales	Microcoleaceae	Microcoleus	Microcoleus sp014695295	desert_prefixed_r226		Gobi Desert - China	3.0	False	ANI95_01643	GCA_030776945.1	SAMN27861898;SAMN27861899;SAMN27861900	SAMN28004833	False	False	Gobi Desert - China	1	52.95	desert2025__GCA_030776945.1
desert2025__GCA_030854305.1	not_detected	not_detected	not_detected	not_detected	not_detected	not_detected	global_desert_PRJNA832417	53.82	0.18	6121	364	True	False	GCA_030854305.1	Bacteria	Chloroflexota	Dormibacteria	Aeolococcales	Aeolococcaceae	Aeolococcus	Aeolococcus sp030854305	desert_prefixed_r226		Livingston Island	1.0	False	ANI95_01748	GCA_030854305.1	SAMN27861891	SAMN28015506	False	False	Livingston Island	1	52.92	desert2025__GCA_030854305.1
desert2025__GCA_030862975.1	not_detected	not_detected	partial	not_detected	not_detected	not_detected	global_desert_PRJNA832417	61.49	1.72	3874	328	True	False	GCA_030862975.1	Bacteria	Actinomycetota	Rubrobacteria	Rubrobacterales	Rubrobacteraceae	Rubrobacter_F	Rubrobacter_F sp030862075	desert_prefixed_r226		Richtersveld	3.0	False	ANI95_02123	GCA_030862975.1	SAMN27861856;SAMN27861857;SAMN27861858	SAMN28015754	False	False	Richtersveld	1	52.89	desert2025__GCA_030862975.1
desert2025__GCA_030946905.1	not_detected	partial	not_detected	not_detected	not_detected	not_detected	global_desert_PRJNA832417	60.05	1.44	3837	687	True	False	GCA_030946905.1	Bacteria	Bacteroidota	Bacteroidia	Chitinophagales	Chitinophagaceae	Flavisolibacter		desert_prefixed_r226		Kap Hoegh	3.0	False	ANI95_02200	GCA_030946905.1	SAMN27861916;SAMN27861917;SAMN27861918	SAMN28015620	False	False	Kap Hoegh	1	52.849999999999994	desert2025__GCA_030946905.1
desert2025__GCA_030853075.1	panel_complete	partial	not_detected	not_detected	not_detected	partial	global_desert_PRJNA832417	68.44	3.12	3461	951	True	False	GCA_030853075.1	Bacteria	Pseudomonadota	Gammaproteobacteria	Burkholderiales	Burkholderiaceae	Schlegelella_A		desert_prefixed_r226		Lagoon Island	1.0	False	ANI95_01691	GCA_030853075.1	SAMN27861892	SAMN28015566	False	False	Lagoon Island	1	52.839999999999996	desert2025__GCA_030853075.1
desert2025__GCA_030774155.1	not_detected	panel_complete	not_detected	not_detected	not_detected	not_detected	global_desert_PRJNA832417	55.96	0.63	3852	783	True	False	GCA_030774155.1	Bacteria	Acidobacteriota	Vicinamibacteria	Vicinamibacterales	2-12-FULL-66-21	JALZOC01		desert_prefixed_r226	Genome not assigned to closest species as it falls outside its pre-defined ANI radius	Alex Fiord-Dome	1.0	False	ANI95_01536	GCA_030774155.1	SAMN27861913	SAMN28004959	False	False	Alex Fiord-Dome	1	52.81	desert2025__GCA_030774155.1
desert2025__GCA_030775545.1	partial	panel_complete	not_detected	not_detected	not_detected	not_detected	global_desert_PRJNA832417	66.41	2.75	4413	751	True	False	GCA_030775545.1	Bacteria	Acidobacteriota	Terriglobia	Bryobacterales	Bryobacteraceae	BOG-234		desert_prefixed_r226		Hietatievat	3.0	False	ANI95_01595	GCA_030775545.1	SAMN27861904;SAMN27861905;SAMN27861906	SAMN28004889	False	False	Hietatievat	1	52.66	desert2025__GCA_030775545.1
desert2025__GCA_030859645.1	not_detected	not_detected	not_detected	not_detected	not_detected	not_detected	global_desert_PRJNA832417	66.58	2.82	4689	644	True	False	GCA_030859645.1	Bacteria	Actinomycetota	Thermoleophilia	Solirubrobacterales	Solirubrobacteraceae	Paraconexibacter		desert_prefixed_r226		Mojave Desert	3.0	False	ANI95_01977	GCA_030859645.1	SAMN27861880;SAMN27861881;SAMN27861882	SAMN28015937	False	False	Mojave Desert	1	52.48	desert2025__GCA_030859645.1
desert2025__GCA_030774435.1	panel_complete	panel_complete	not_detected	not_detected	not_detected	partial	global_desert_PRJNA832417	85.67	6.64	7606	870	True	False	GCA_030774435.1	Bacteria	Actinomycetota	Thermoleophilia	Gaiellales	JALYLC01	JALYLC01	JALYLC01 sp030774435	desert_prefixed_r226		Alex Fiord-Dome	3.0	False	ANI95_01550	GCA_030774435.1	SAMN27861913;SAMN27861914;SAMN27861915	SAMN28004945	False	False	Alex Fiord-Dome	1	52.470000000000006	desert2025__GCA_030774435.1
desert2025__GCA_030774535.1	not_detected	panel_complete	not_detected	not_detected	not_detected	not_detected	global_desert_PRJNA832417	66.45	2.8	3507	574	True	False	GCA_030774535.1	Bacteria	Actinomycetota	Thermoleophilia	Solirubrobacterales	Solirubrobacteraceae	DASQFQ01		desert_prefixed_r226		Alex Fiord-Dome	3.0	False	ANI95_01555	GCA_030774535.1	SAMN27861913;SAMN27861914;SAMN27861915	SAMN28004941	False	False	Alex Fiord-Dome	1	52.45	desert2025__GCA_030774535.1
desert2025__GCA_030774375.1	not_detected	partial	not_detected	not_detected	not_detected	not_detected	global_desert_PRJNA832417	82.92	6.1	8305	308	True	False	GCA_030774375.1	Bacteria	Chloroflexota	Limnocylindria	QHBO01	QHBO01			desert_prefixed_r226		Alex Fiord-Dome	3.0	False	ANI95_01547	GCA_030774375.1	SAMN27861913;SAMN27861914;SAMN27861915	SAMN28004947	False	False	Alex Fiord-Dome	1	52.42	desert2025__GCA_030774375.1
desert2025__GCA_030853145.1	panel_complete	panel_complete	not_detected	not_detected	not_detected	partial	global_desert_PRJNA832417	85.01	6.52	7252	864	True	False	GCA_030853145.1	Bacteria	Chloroflexota	Ktedonobacteria	Ktedonobacterales	Ktedonobacteraceae	JALYTT01	JALYTT01 sp030853145	desert_prefixed_r226		Lagoon Island	1.0	False	ANI95_01694	GCA_030853145.1	SAMN27861892	SAMN28015563	False	False	Lagoon Island	1	52.41000000000001	desert2025__GCA_030853145.1
desert2025__GCA_030776025.1	partial	partial	not_detected	not_detected	not_detected	not_detected	global_desert_PRJNA832417	62.43	2.03	4918	476	True	False	GCA_030776025.1	Bacteria	Verrucomicrobiota	Verrucomicrobiia	Chthoniobacterales	UBA10450	AV80		desert_prefixed_r226		Hietatievat	3.0	False	ANI95_01615	GCA_030776025.1	SAMN27861904;SAMN27861905;SAMN27861906	SAMN28004867	False	False	Hietatievat	1	52.28	desert2025__GCA_030776025.1
desert2025__GCA_030858685.1	not_detected	partial	not_detected	not_detected	not_detected	not_detected	global_desert_PRJNA832417	77.03	4.96	5182	489	True	False	GCA_030858685.1	Bacteria	Chloroflexota	Limnocylindria	Limnocylindrales	CSP1-4	Palsa-1032	Palsa-1032 sp030858685	desert_prefixed_r226		Mount Seuss	3.0	False	ANI95_01936	GCA_030858685.1	SAMN27861886;SAMN27861887;SAMN27861888	SAMN28015991	False	False	Mount Seuss	1	52.230000000000004	desert2025__GCA_030858685.1
desert2025__GCA_030913925.1	not_detected	not_detected	not_detected	not_detected	not_detected	not_detected	global_desert_PRJNA832417	54.77	0.53	3142	575	True	False	GCA_030913925.1	Bacteria	Actinomycetota	Thermoleophilia	Solirubrobacterales	Solirubrobacteraceae	CADCVT01		desert_prefixed_r226		Peary Land	1.0	False	ANI95_02158	GCA_030913925.1	SAMN27861876	SAMN28015877	False	False	Peary Land	1	52.120000000000005	desert2025__GCA_030913925.1
desert2025__GCA_030853645.1	partial	panel_complete	partial	not_detected	not_detected	not_detected	global_desert_PRJNA832417	64.64	2.51	4061	943	True	False	GCA_030853645.1	Bacteria	Actinomycetota	Actinomycetes	Mycobacteriales	Nakamurellaceae	Nakamurella		desert_prefixed_r226		Lagoon Island	3.0	False	ANI95_01717	GCA_030853645.1	SAMN27861892;SAMN27861893;SAMN27861894	SAMN28015539	False	False	Lagoon Island	1	52.09	desert2025__GCA_030853645.1
desert2025__GCA_030948425.1	panel_complete	partial	not_detected	not_detected	not_detected	not_detected	global_desert_PRJNA832417	86.17	6.82	8054	653	True	False	GCA_030948425.1	Bacteria	Actinomycetota	Acidimicrobiia	Acidimicrobiales	Palsa-688	JALZAH01	JALZAH01 sp030948425	desert_prefixed_r226		Kap Hoegh	3.0	False	ANI95_02247	GCA_030948425.1	SAMN27861916;SAMN27861917;SAMN27861918	SAMN28015683	False	False	Kap Hoegh	1	52.07	desert2025__GCA_030948425.1
desert2025__GCA_030853415.1	panel_complete	partial	not_detected	not_detected	not_detected	not_detected	global_desert_PRJNA832417	58.02	1.2	6606	435	True	False	GCA_030853415.1	Bacteria	Acidobacteriota	Blastocatellia	Pyrinomonadales	Pyrinomonadaceae	GCA-002050365		desert_prefixed_r226		Lagoon Island	3.0	False	ANI95_01706	GCA_030853415.1	SAMN27861892;SAMN27861893;SAMN27861894	SAMN28015550	False	False	Lagoon Island	1	52.02	desert2025__GCA_030853415.1
desert2025__GCA_030858625.1	not_detected	not_detected	not_detected	not_detected	not_detected	partial	global_desert_PRJNA832417	77.55	5.12	9564	522	True	False	GCA_030858625.1	Bacteria	Acidobacteriota	Vicinamibacteria	Vicinamibacterales	2-12-FULL-66-21	JACDCA01		desert_prefixed_r226		Mount Seuss	3.0	False	ANI95_01933	GCA_030858625.1	SAMN27861886;SAMN27861887;SAMN27861888	SAMN28015988	False	False	Mount Seuss	1	51.949999999999996	desert2025__GCA_030858625.1
desert2025__GCA_030856605.1	not_detected	panel_complete	not_detected	not_detected	not_detected	partial	global_desert_PRJNA832417	70.78	3.79	4606	700	True	False	GCA_030856605.1	Bacteria	Chloroflexota	Chloroflexia	Thermomicrobiales	UBA6265	JACCXM01	JACCXM01 sp013697005	desert_prefixed_r226		McMurdo Dry Valleys	3.0	False	ANI95_01853	GCA_030856605.1	SAMN27861883;SAMN27861884;SAMN27861885	SAMN28015390	False	False	McMurdo Dry Valleys	1	51.83	desert2025__GCA_030856605.1
desert2025__GCA_030860125.1	partial	panel_complete	not_detected	not_detected	not_detected	not_detected	global_desert_PRJNA832417	74.13	4.46	3907	1152	True	False	GCA_030860125.1	Bacteria	Chloroflexota	UBA2235	UBA12225	UBA12225	JAUJOR01		desert_prefixed_r226		Mojave Desert	3.0	False	ANI95_01997	GCA_030860125.1	SAMN27861880;SAMN27861881;SAMN27861882	SAMN28015913	False	False	Mojave Desert	1	51.83	desert2025__GCA_030860125.1
desert2025__GCA_030858805.1	not_detected	not_detected	not_detected	not_detected	not_detected	not_detected	global_desert_PRJNA832417	52.83	0.24	3503	451	True	False	GCA_030858805.1	Bacteria	Chloroflexota	Chloroflexia	Thermomicrobiales	UBA6265	CADCWL01		desert_prefixed_r226		Mount Seuss	3.0	False	ANI95_01941	GCA_030858805.1	SAMN27861886;SAMN27861887;SAMN27861888	SAMN28015979	False	False	Mount Seuss	1	51.629999999999995	desert2025__GCA_030858805.1
desert2025__GCA_030861905.1	not_detected	panel_complete	not_detected	not_detected	not_detected	not_detected	global_desert_PRJNA832417	86.62	7.0	6423	715	True	False	GCA_030861905.1	Bacteria	Actinomycetota	Acidimicrobiia	IMCC26256	BP-133			desert_prefixed_r226		Negev Desert	3.0	False	ANI95_02075	GCA_030861905.1	SAMN27861865;SAMN27861866;SAMN27861867	SAMN28015808	False	False	Negev Desert	1	51.620000000000005	desert2025__GCA_030861905.1
desert2025__GCA_030777205.1	not_detected	panel_complete	not_detected	not_detected	not_detected	not_detected	global_desert_PRJNA832417	64.53	2.59	6336	761	True	False	GCA_030777205.1	Bacteria	Chloroflexota	UBA6077	UBA6077	JACCZL01	JALYGH01	JALYGH01 sp030777205	desert_prefixed_r226		Gobi Desert - China	3.0	False	ANI95_01653	GCA_030777205.1	SAMN27861898;SAMN27861899;SAMN27861900	SAMN28004820	False	False	Gobi Desert - China	1	51.58	desert2025__GCA_030777205.1
desert2025__GCA_030856055.1	not_detected	not_detected	not_detected	not_detected	not_detected	not_detected	global_desert_PRJNA832417	68.04	3.3	6593	355	True	False	GCA_030856055.1	Bacteria	Actinomycetota	Thermoleophilia	Gaiellales	Gaiellaceae	GMQP-bins7	GMQP-bins7 sp013811645	desert_prefixed_r226		McMurdo Dry Valleys	3.0	False	ANI95_01828	GCA_030856055.1	SAMN27861883;SAMN27861884;SAMN27861885	SAMN28015415	False	False	McMurdo Dry Valleys	1	51.540000000000006	desert2025__GCA_030856055.1
desert2025__GCA_030856885.1	partial	partial	partial	not_detected	not_detected	not_detected	global_desert_PRJNA832417	53.52	0.42	3238	949	True	False	GCA_030856885.1	Bacteria	Chloroflexota	Anaerolineae	Caldilineales	Caldilineaceae	JAPLGZ01		desert_prefixed_r226		McMurdo Dry Valleys	3.0	False	ANI95_01865	GCA_030856885.1	SAMN27861883;SAMN27861884;SAMN27861885	SAMN28015377	False	False	McMurdo Dry Valleys	1	51.42	desert2025__GCA_030856885.1
desert2025__GCA_030856485.1	not_detected	not_detected	not_detected	not_detected	not_detected	partial	global_desert_PRJNA832417	56.39	1.0	3541	1612	True	False	GCA_030856485.1	Bacteria	Bdellovibrionota_B	Oligoflexia	Oligoflexales	Oligoflexaceae	Oligoflexus	Oligoflexus sp035638955	desert_prefixed_r226		McMurdo Dry Valleys	3.0	False	ANI95_01847	GCA_030856485.1	SAMN27861883;SAMN27861884;SAMN27861885	SAMN28015395	False	False	McMurdo Dry Valleys	1	51.39	desert2025__GCA_030856485.1
desert2025__GCA_030947225.1	not_detected	panel_complete	partial	not_detected	not_detected	partial	global_desert_PRJNA832417	57.29	1.2	4304	432	True	False	GCA_030947225.1	Bacteria	Actinomycetota	Actinomycetes	Propionibacteriales	Nocardioidaceae	Marmoricola		desert_prefixed_r226		Kap Hoegh	3.0	False	ANI95_02215	GCA_030947225.1	SAMN27861916;SAMN27861917;SAMN27861918	SAMN28015603	False	False	Kap Hoegh	1	51.29	desert2025__GCA_030947225.1
desert2025__GCA_030854585.1	not_detected	partial	not_detected	not_detected	not_detected	not_detected	global_desert_PRJNA832417	72.03	4.15	5249	411	True	False	GCA_030854585.1	Bacteria	Vulcanimicrobiota	Vulcanimicrobiia	Vulcanimicrobiales	Vulcanimicrobiaceae	JALYSX01	JALYSX01 sp030854585	desert_prefixed_r226		Livingston Island	3.0	False	ANI95_01759	GCA_030854585.1	SAMN27861889;SAMN27861890;SAMN27861891	SAMN28015491	False	False	Livingston Island	1	51.28	desert2025__GCA_030854585.1
desert2025__GCA_030862815.1	not_detected	not_detected	not_detected	panel_complete	panel_complete	not_detected	global_desert_PRJNA832417	68.27	3.4	11287	263	True	False	GCA_030862815.1	Bacteria	Actinomycetota	Actinomycetes	Propionibacteriales	Nocardioidaceae	JALZDI01		desert_prefixed_r226		Sahara Desert - Ksar Ghilane	3.0	False	ANI95_02115	GCA_030862815.1	SAMN27861859;SAMN27861860;SAMN27861861	SAMN28015761	False	False	Sahara Desert - Ksar Ghilane	1	51.269999999999996	desert2025__GCA_030862815.1
desert2025__GCA_030861285.1	not_detected	not_detected	not_detected	not_detected	not_detected	partial	global_desert_PRJNA832417	65.49	2.85	4998	1145	True	False	GCA_030861285.1	Bacteria	Acidobacteriota	Blastocatellia	Pyrinomonadales	Pyrinomonadaceae	QHXM01		desert_prefixed_r226		North Australian Desert	1.0	False	ANI95_02048	GCA_030861285.1	SAMN27861869	SAMN28015841	False	False	North Australian Desert	1	51.239999999999995	desert2025__GCA_030861285.1
desert2025__GCA_030855795.1	not_detected	not_detected	not_detected	not_detected	not_detected	not_detected	global_desert_PRJNA832417	51.2	0.0	7328	227	True	False	GCA_030855795.1	Bacteria	Actinomycetota	Thermoleophilia	Solirubrobacterales	70-9	RHKX01		desert_prefixed_r226		McMurdo Dry Valleys	3.0	False	ANI95_01815	GCA_030855795.1	SAMN27861883;SAMN27861884;SAMN27861885	SAMN28015432	False	False	McMurdo Dry Valleys	1	51.2	desert2025__GCA_030855795.1
desert2025__GCA_030861215.1	not_detected	not_detected	partial	not_detected	not_detected	not_detected	global_desert_PRJNA832417	77.36	5.24	5239	678	True	False	GCA_030861215.1	Bacteria	Actinomycetota	Rubrobacteria	Rubrobacterales	Rubrobacteraceae	Rubrobacter_F	Rubrobacter_F sp035642415	desert_prefixed_r226		North Australian Desert	1.0	False	ANI95_02047	GCA_030861215.1	SAMN27861869	SAMN28015843	False	False	North Australian Desert	1	51.16	desert2025__GCA_030861215.1
desert2025__GCA_030947065.1	not_detected	partial	not_detected	not_detected	not_detected	not_detected	global_desert_PRJNA832417	63.33	2.48	3247	853	True	False	GCA_030947065.1	Bacteria	Chloroflexota	Ktedonobacteria	Ktedonobacterales	Ktedonobacteraceae	UBA11361		desert_prefixed_r226		Kap Hoegh	3.0	False	ANI95_02207	GCA_030947065.1	SAMN27861916;SAMN27861917;SAMN27861918	SAMN28015612	False	False	Kap Hoegh	1	50.93	desert2025__GCA_030947065.1
desert2025__GCA_030774765.1	not_detected	panel_complete	not_detected	not_detected	not_detected	not_detected	global_desert_PRJNA832417	56.56	1.15	4407	403	True	False	GCA_030774765.1	Bacteria	Chloroflexota	Limnocylindria	P2-11E	P2-11E	CF-39		desert_prefixed_r226		Alex Fiord-Dome	3.0	False	ANI95_01565	GCA_030774765.1	SAMN27861913;SAMN27861914;SAMN27861915	SAMN28004928	False	False	Alex Fiord-Dome	1	50.81	desert2025__GCA_030774765.1
desert2025__GCA_030857945.1	not_detected	not_detected	not_detected	not_detected	not_detected	not_detected	global_desert_PRJNA832417	60.52	1.96	3908	725	True	False	GCA_030857945.1	Bacteria	Chloroflexota	Chloroflexia	Thermomicrobiales	UBA6265	JACCYK01	JACCYK01 sp013696525	desert_prefixed_r226		Mount Seuss	3.0	False	ANI95_01906	GCA_030857945.1	SAMN27861886;SAMN27861887;SAMN27861888	SAMN28016022	False	False	Mount Seuss	1	50.72	desert2025__GCA_030857945.1
desert2025__GCA_030857865.1	not_detected	not_detected	partial	not_detected	not_detected	not_detected	global_desert_PRJNA832417	53.1	0.48	3317	475	True	False	GCA_030857865.1	Bacteria	Actinomycetota	Rubrobacteria	Rubrobacterales	Rubrobacteraceae	JACDDK01		desert_prefixed_r226		Mount Seuss	1.0	False	ANI95_01902	GCA_030857865.1	SAMN27861886	SAMN28016027	False	False	Mount Seuss	1	50.7	desert2025__GCA_030857865.1
desert2025__GCA_030857545.1	not_detected	panel_complete	not_detected	not_detected	not_detected	not_detected	global_desert_PRJNA832417	59.9	1.86	3786	555	True	False	GCA_030857545.1	Bacteria	Chloroflexota	Chloroflexia	Thermobaculales	Thermobaculaceae	JACDAU01		desert_prefixed_r226		Mount Seuss	1.0	False	ANI95_01892	GCA_030857545.1	SAMN27861887	SAMN28016041	False	False	Mount Seuss	1	50.599999999999994	desert2025__GCA_030857545.1
desert2025__GCA_030946985.1	not_detected	not_detected	not_detected	not_detected	not_detected	not_detected	global_desert_PRJNA832417	71.12	4.11	4160	581	True	False	GCA_030946985.1	Bacteria	Verrucomicrobiota	Verrucomicrobiia	Chthoniobacterales	UBA10450	JACCTI01		desert_prefixed_r226		Kap Hoegh	3.0	False	ANI95_02204	GCA_030946985.1	SAMN27861916;SAMN27861917;SAMN27861918	SAMN28015615	False	False	Kap Hoegh	1	50.57000000000001	desert2025__GCA_030946985.1
desert2025__GCA_030945915.1	not_detected	not_detected	not_detected	not_detected	not_detected	not_detected	global_desert_PRJNA832417	54.99	0.89	6107	317	True	False	GCA_030945915.1	Bacteria	Verrucomicrobiota	Verrucomicrobiia	Chthoniobacterales	UBA10450	JACCTI01		desert_prefixed_r226		Kap Hoegh	3.0	False	ANI95_02170	GCA_030945915.1	SAMN27861916;SAMN27861917;SAMN27861918	SAMN28015654	False	False	Kap Hoegh	1	50.54	desert2025__GCA_030945915.1
desert2025__GCA_030861705.1	not_detected	panel_complete	not_detected	not_detected	not_detected	partial	global_desert_PRJNA832417	63.25	2.55	5446	914	True	False	GCA_030861705.1	Bacteria	Acidobacteriota	Blastocatellia	Pyrinomonadales	Pyrinomonadaceae	QHXN01		desert_prefixed_r226	Genome not assigned to closest species as it falls outside its pre-defined ANI radius	North Australian Desert	3.0	False	ANI95_02068	GCA_030861705.1	SAMN27861868;SAMN27861869;SAMN27861870	SAMN28015818	False	False	North Australian Desert	1	50.5	desert2025__GCA_030861705.1
desert2025__GCA_030856565.1	not_detected	not_detected	not_detected	not_detected	not_detected	not_detected	global_desert_PRJNA832417	54.49	0.82	3427	468	True	False	GCA_030856565.1	Bacteria	Pseudomonadota	Gammaproteobacteria	Burkholderiales	Burkholderiaceae	JACCZX01	JACCZX01 sp013696665	desert_prefixed_r226		McMurdo Dry Valleys	3.0	False	ANI95_01851	GCA_030856565.1	SAMN27861883;SAMN27861884;SAMN27861885	SAMN28015392	False	False	McMurdo Dry Valleys	1	50.39	desert2025__GCA_030856565.1
desert2025__GCA_030948445.1	not_detected	not_detected	not_detected	not_detected	not_detected	not_detected	global_desert_PRJNA832417	71.61	4.25	7332	294	True	False	GCA_030948445.1	Bacteria	Chloroflexota	Dormibacteria	Aeolococcales	Aeolococcaceae	Aeolococcus		desert_prefixed_r226		Kap Hoegh	3.0	False	ANI95_02248	GCA_030948445.1	SAMN27861916;SAMN27861917;SAMN27861918	SAMN28015682	False	False	Kap Hoegh	1	50.36	desert2025__GCA_030948445.1
desert2025__GCA_030861365.1	not_detected	panel_complete	not_detected	not_detected	not_detected	not_detected	global_desert_PRJNA832417	57.23	1.38	3383	595	True	False	GCA_030861365.1	Bacteria	Chloroflexota	Chloroflexia	Thermobaculales	Thermobaculaceae			desert_prefixed_r226		North Australian Desert	3.0	False	ANI95_02051	GCA_030861365.1	SAMN27861868;SAMN27861869;SAMN27861870	SAMN28015836	False	False	North Australian Desert	1	50.33	desert2025__GCA_030861365.1
desert2025__GCA_030857555.1	not_detected	partial	panel_complete	not_detected	not_detected	not_detected	global_desert_PRJNA832417	77.82	5.5	5408	659	True	False	GCA_030857555.1	Bacteria	Actinomycetota	Rubrobacteria	Rubrobacterales	Rubrobacteraceae	Rubrobacter_D		desert_prefixed_r226		Mount Seuss	1.0	False	ANI95_01893	GCA_030857555.1	SAMN27861887	SAMN28016042	False	False	Mount Seuss	1	50.31999999999999	desert2025__GCA_030857555.1
desert2025__GCA_030856745.1	not_detected	not_detected	not_detected	not_detected	not_detected	not_detected	global_desert_PRJNA832417	51.24	0.19	3088	451	True	False	GCA_030856745.1	Bacteria	Bacteroidota_A	Ignavibacteria	SJA-28	B-1AR	JAGPCH01		desert_prefixed_r226		McMurdo Dry Valleys	3.0	False	ANI95_01858	GCA_030856745.1	SAMN27861883;SAMN27861884;SAMN27861885	SAMN28015383	False	False	McMurdo Dry Valleys	1	50.29	desert2025__GCA_030856745.1
desert2025__GCA_030854145.1	panel_complete	panel_complete	not_detected	not_detected	not_detected	partial	global_desert_PRJNA832417	90.86	8.13	12102	738	True	False	GCA_030854145.1	Bacteria	Chloroflexota	Ktedonobacteria	Ktedonobacterales	Ktedonobacteraceae	JALYTT01	JALYTT01 sp039937055	desert_prefixed_r226		Livingston Island	1.0	False	ANI95_01740	GCA_030854145.1	SAMN27861891	SAMN28015513	False	False	Livingston Island	1	50.209999999999994	desert2025__GCA_030854145.1
desert2025__GCA_030853515.1	not_detected	panel_complete	not_detected	not_detected	not_detected	not_detected	global_desert_PRJNA832417	60.95	2.2	3725	523	True	False	GCA_030853515.1	Bacteria	Actinomycetota	Acidimicrobiia	Acidimicrobiales	AC-14	CADCTB01		desert_prefixed_r226		Lagoon Island	3.0	False	ANI95_01711	GCA_030853515.1	SAMN27861892;SAMN27861893;SAMN27861894	SAMN28015544	False	False	Lagoon Island	1	49.95	desert2025__GCA_030853515.1
desert2025__GCA_030862935.1	not_detected	partial	not_detected	not_detected	not_detected	not_detected	global_desert_PRJNA832417	59.1	1.85	3301	636	True	False	GCA_030862935.1	Bacteria	Gemmatimonadota	Gemmatimonadetes	Gemmatimonadales	Gemmatimonadaceae	JAICNG01		desert_prefixed_r226		Sahara Desert - Ksar Ghilane	3.0	False	ANI95_02121	GCA_030862935.1	SAMN27861859;SAMN27861860;SAMN27861861	SAMN28015756	False	False	Sahara Desert - Ksar Ghilane	1	49.85	desert2025__GCA_030862935.1
desert2025__GCA_030945905.1	panel_complete	panel_complete	not_detected	not_detected	not_detected	not_detected	global_desert_PRJNA832417	83.07	6.66	13190	260	True	False	GCA_030945905.1	Bacteria	Actinomycetota	Thermoleophilia	Solirubrobacterales	Solirubrobacteraceae	JALYZC01	JALYZC01 sp030945905	desert_prefixed_r226		Kap Hoegh	3.0	False	ANI95_02169	GCA_030945905.1	SAMN27861916;SAMN27861917;SAMN27861918	SAMN28015652	False	False	Kap Hoegh	1	49.769999999999996	desert2025__GCA_030945905.1
desert2025__GCA_030777145.1	not_detected	not_detected	panel_complete	not_detected	not_detected	not_detected	global_desert_PRJNA832417	82.62	6.58	8898	456	True	False	GCA_030777145.1	Bacteria	Actinomycetota	Rubrobacteria	Rubrobacterales	Rubrobacteraceae	Rubrobacter_F		desert_prefixed_r226		Gobi Desert - China	3.0	False	ANI95_01650	GCA_030777145.1	SAMN27861898;SAMN27861899;SAMN27861900	SAMN28004825	False	False	Gobi Desert - China	1	49.720000000000006	desert2025__GCA_030777145.1
desert2025__GCA_030946565.1	not_detected	partial	not_detected	not_detected	not_detected	not_detected	global_desert_PRJNA832417	60.46	2.18	5178	761	True	False	GCA_030946565.1	Bacteria	Bacteroidota	Bacteroidia	Chitinophagales	Chitinophagaceae	Ginsengibacter		desert_prefixed_r226		Kap Hoegh	3.0	False	ANI95_02185	GCA_030946565.1	SAMN27861916;SAMN27861917;SAMN27861918	SAMN28015636	False	False	Kap Hoegh	1	49.56	desert2025__GCA_030946565.1
desert2025__GCA_030948825.1	not_detected	not_detected	not_detected	not_detected	not_detected	not_detected	global_desert_PRJNA832417	51.17	0.34	14480	93	True	False	GCA_030948825.1	Bacteria	Vulcanimicrobiota	Vulcanimicrobiia	Vulcanimicrobiales	Vulcanimicrobiaceae	JALYVW01		desert_prefixed_r226		Kap Hoegh	3.0	False	ANI95_02265	GCA_030948825.1	SAMN27861916;SAMN27861917;SAMN27861918	SAMN28015665	False	False	Kap Hoegh	1	49.47	desert2025__GCA_030948825.1
desert2025__GCA_030946425.1	partial	not_detected	not_detected	not_detected	not_detected	not_detected	global_desert_PRJNA832417	55.51	1.23	4898	713	True	False	GCA_030946425.1	Bacteria	Acidobacteriota	Terriglobia	Bryobacterales	Bryobacteraceae	JALYXS01		desert_prefixed_r226		Kap Hoegh	3.0	False	ANI95_02182	GCA_030946425.1	SAMN27861916;SAMN27861917;SAMN27861918	SAMN28015640	False	False	Kap Hoegh	1	49.36	desert2025__GCA_030946425.1
desert2025__GCA_030775525.1	panel_complete	panel_complete	not_detected	not_detected	not_detected	partial	global_desert_PRJNA832417	69.91	4.11	4379	856	True	False	GCA_030775525.1	Bacteria	Pseudomonadota	Gammaproteobacteria	Burkholderiales	Burkholderiaceae	Scleromatobacter		desert_prefixed_r226		Hietatievat	1.0	False	ANI95_01594	GCA_030775525.1	SAMN27861904	SAMN28004891	False	False	Hietatievat	1	49.36	desert2025__GCA_030775525.1
desert2025__GCA_030773675.1	not_detected	not_detected	partial	not_detected	not_detected	not_detected	global_desert_PRJNA832417	68.67	3.87	5520	685	True	False	GCA_030773675.1	Bacteria	Actinomycetota	Actinomycetes	Mycobacteriales	SCTD01	RYN-122		desert_prefixed_r226		Atacama Desert	3.0	False	ANI95_01517	GCA_030773675.1	SAMN27861919;SAMN27861920;SAMN27861921	SAMN28004982	False	False	Atacama Desert	1	49.32	desert2025__GCA_030773675.1
desert2025__GCA_030861945.1	not_detected	not_detected	not_detected	not_detected	not_detected	not_detected	global_desert_PRJNA832417	53.92	0.93	3331	511	True	False	GCA_030861945.1	Bacteria	Chloroflexota	Limnocylindria	Limnocylindrales	CSP1-4	JALYGJ01		desert_prefixed_r226		Negev Desert	3.0	False	ANI95_02077	GCA_030861945.1	SAMN27861865;SAMN27861866;SAMN27861867	SAMN28015806	False	False	Negev Desert	1	49.27	desert2025__GCA_030861945.1
desert2025__GCA_030856325.1	not_detected	panel_complete	not_detected	not_detected	not_detected	partial	global_desert_PRJNA832417	84.96	7.17	6360	789	True	False	GCA_030856325.1	Bacteria	Acidobacteriota	Blastocatellia	Pyrinomonadales	Pyrinomonadaceae	PSRF01	PSRF01 sp013817595	desert_prefixed_r226		McMurdo Dry Valleys	3.0	False	ANI95_01839	GCA_030856325.1	SAMN27861883;SAMN27861884;SAMN27861885	SAMN28015405	False	False	McMurdo Dry Valleys	1	49.10999999999999	desert2025__GCA_030856325.1
desert2025__GCA_030853225.1	partial	partial	not_detected	not_detected	not_detected	not_detected	global_desert_PRJNA832417	55.92	1.39	3483	968	True	False	GCA_030853225.1	Bacteria	Armatimonadota	DASRZA01	DASRZA01	DASRZA01			desert_prefixed_r226		Lagoon Island	1.0	False	ANI95_01698	GCA_030853225.1	SAMN27861892	SAMN28015559	False	False	Lagoon Island	1	48.97	desert2025__GCA_030853225.1
desert2025__GCA_030855425.1	not_detected	not_detected	not_detected	not_detected	not_detected	not_detected	global_desert_PRJNA832417	66.65	3.54	15415	112	True	False	GCA_030855425.1	Bacteria	Pseudomonadota	Alphaproteobacteria	Sphingomonadales	Sphingomonadaceae	Sphingomicrobium		desert_prefixed_r226		McMurdo Dry Valleys	1.0	False	ANI95_01797	GCA_030855425.1	SAMN27861883	SAMN28015449	False	False	McMurdo Dry Valleys	1	48.95	desert2025__GCA_030855425.1
desert2025__GCA_030774745.1	partial	partial	not_detected	not_detected	not_detected	not_detected	global_desert_PRJNA832417	54.6	1.15	3409	633	True	False	GCA_030774745.1	Bacteria	Chloroflexota	Dormibacteria	Dormibacterales	Dormibacteraceae	Nephthysia	Nephthysia sp955652675	desert_prefixed_r226		Alex Fiord-Dome	3.0	False	ANI95_01564	GCA_030774745.1	SAMN27861913;SAMN27861914;SAMN27861915	SAMN28004931	False	False	Alex Fiord-Dome	1	48.85	desert2025__GCA_030774745.1
desert2025__GCA_030946665.1	not_detected	panel_complete	not_detected	not_detected	not_detected	not_detected	global_desert_PRJNA832417	67.46	3.75	9488	312	True	False	GCA_030946665.1	Bacteria	Gemmatimonadota	Gemmatimonadetes	Gemmatimonadales	Gemmatimonadaceae	UBA4720		desert_prefixed_r226		Kap Hoegh	3.0	False	ANI95_02188	GCA_030946665.1	SAMN27861916;SAMN27861917;SAMN27861918	SAMN28015631	False	False	Kap Hoegh	1	48.709999999999994	desert2025__GCA_030946665.1
desert2025__GCA_030853585.1	partial	not_detected	not_detected	not_detected	not_detected	not_detected	global_desert_PRJNA832417	57.7	1.83	3354	749	True	False	GCA_030853585.1	Bacteria	Bacteroidota	Bacteroidia	Chitinophagales	Chitinophagaceae	Ilyomonas		desert_prefixed_r226		Lagoon Island	3.0	False	ANI95_01713	GCA_030853585.1	SAMN27861892;SAMN27861893;SAMN27861894	SAMN28015541	False	False	Lagoon Island	1	48.550000000000004	desert2025__GCA_030853585.1
desert2025__GCA_030914065.1	not_detected	not_detected	partial	not_detected	not_detected	not_detected	global_desert_PRJNA832417	59.33	2.16	3390	412	True	False	GCA_030914065.1	Bacteria	Actinomycetota	Rubrobacteria	Rubrobacterales	Rubrobacteraceae	Rubrobacter_F	Rubrobacter_F sp030861485	desert_prefixed_r226		Peary Land	1.0	False	ANI95_02161	GCA_030914065.1	SAMN27861874	SAMN28015870	False	False	Peary Land	1	48.53	desert2025__GCA_030914065.1
desert2025__GCA_030859705.1	panel_complete	partial	not_detected	not_detected	not_detected	partial	global_desert_PRJNA832417	71.8	4.66	7319	725	True	False	GCA_030859705.1	Bacteria	Acidobacteriota	Blastocatellia	Pyrinomonadales	Pyrinomonadaceae	JACDEG01		desert_prefixed_r226		Mojave Desert	3.0	False	ANI95_01980	GCA_030859705.1	SAMN27861880;SAMN27861881;SAMN27861882	SAMN28015933	False	False	Mojave Desert	1	48.5	desert2025__GCA_030859705.1
desert2025__GCA_030948985.1	not_detected	panel_complete	not_detected	not_detected	not_detected	not_detected	global_desert_PRJNA832417	53.38	0.98	3966	683	True	False	GCA_030948985.1	Bacteria	Chloroflexota	Chloroflexia	Thermomicrobiales	JALYUS01	JALYUS01		desert_prefixed_r226		Kap Hoegh	3.0	False	ANI95_02273	GCA_030948985.1	SAMN27861916;SAMN27861917;SAMN27861918	SAMN28015653	False	False	Kap Hoegh	1	48.480000000000004	desert2025__GCA_030948985.1
desert2025__GCA_030860945.1	not_detected	partial	not_detected	partial	not_detected	not_detected	global_desert_PRJNA832417	53.98	1.1	3505	548	True	False	GCA_030860945.1	Bacteria	Chloroflexota	Limnocylindria	Limnocylindrales	CSP1-4	DASYTK01		desert_prefixed_r226		South Australian Desert	3.0	False	ANI95_02035	GCA_030860945.1	SAMN27861871;SAMN27861872;SAMN27861873	SAMN28015857	False	False	South Australian Desert	1	48.48	desert2025__GCA_030860945.1
desert2025__GCA_030774905.1	not_detected	partial	not_detected	not_detected	not_detected	not_detected	global_desert_PRJNA832417	55.4	1.41	7790	209	True	False	GCA_030774905.1	Bacteria	Chloroflexota	Limnocylindria	P2-11E	P2-11E	UBA4735		desert_prefixed_r226		Alex Fiord-Dome	3.0	False	ANI95_01571	GCA_030774905.1	SAMN27861913;SAMN27861914;SAMN27861915	SAMN28004922	False	False	Alex Fiord-Dome	1	48.35	desert2025__GCA_030774905.1
desert2025__GCA_030858425.1	not_detected	not_detected	panel_complete	not_detected	not_detected	partial	global_desert_PRJNA832417	58.77	2.1	7514	227	True	False	GCA_030858425.1	Bacteria	Actinomycetota	Thermoleophilia	Gaiellales	Gaiellaceae	GMQP-bins7	GMQP-bins7 sp013817555	desert_prefixed_r226		Mount Seuss	3.0	False	ANI95_01808	GCA_030858425.1	SAMN27861886;SAMN27861887;SAMN27861888	SAMN28015998	False	False	McMurdo Dry Valleys;Mount Seuss	2	48.27	desert2025__GCA_030858425.1
desert2025__GCA_030854285.1	not_detected	not_detected	not_detected	not_detected	not_detected	not_detected	global_desert_PRJNA832417	63.61	3.08	3296	407	True	False	GCA_030854285.1	Bacteria	Pseudomonadota	Gammaproteobacteria	Xanthomonadales	Rhodanobacteraceae	66-474	66-474 sp039924705	desert_prefixed_r226		Livingston Island	1.0	False	ANI95_01747	GCA_030854285.1	SAMN27861891	SAMN28015505	False	False	Livingston Island	1	48.21	desert2025__GCA_030854285.1
desert2025__GCA_030861965.1	not_detected	panel_complete	not_detected	not_detected	not_detected	not_detected	global_desert_PRJNA832417	53.55	1.13	3577	723	True	False	GCA_030861965.1	Bacteria	Gemmatimonadota	Gemmatimonadetes	Gemmatimonadales	Gemmatimonadaceae			desert_prefixed_r226		Negev Desert	3.0	False	ANI95_02078	GCA_030861965.1	SAMN27861865;SAMN27861866;SAMN27861867	SAMN28015805	False	False	Negev Desert	1	47.9	desert2025__GCA_030861965.1
desert2025__GCA_030948765.1	not_detected	not_detected	not_detected	partial	not_detected	not_detected	global_desert_PRJNA832417	71.36	4.7	6080	548	True	False	GCA_030948765.1	Bacteria	Actinomycetota	Thermoleophilia	Solirubrobacterales	Solirubrobacteraceae	Palsa-465		desert_prefixed_r226		Kap Hoegh	3.0	False	ANI95_02262	GCA_030948765.1	SAMN27861916;SAMN27861917;SAMN27861918	SAMN28015669	False	False	Kap Hoegh	1	47.86	desert2025__GCA_030948765.1
desert2025__GCA_030774825.1	panel_complete	panel_complete	not_detected	not_detected	not_detected	not_detected	global_desert_PRJNA832417	77.71	5.97	5617	501	True	False	GCA_030774825.1	Bacteria	Actinomycetota	CADDZG01	CADDZG01	WHSQ01	DATAPE01		desert_prefixed_r226	Genome not assigned to closest species as it falls outside its pre-defined ANI radius	Alex Fiord-Dome	3.0	False	ANI95_01568	GCA_030774825.1	SAMN27861913;SAMN27861914;SAMN27861915	SAMN28004925	False	False	Alex Fiord-Dome	1	47.86	desert2025__GCA_030774825.1
desert2025__GCA_030858905.1	not_detected	not_detected	partial	not_detected	not_detected	partial	global_desert_PRJNA832417	56.27	1.69	3719	682	True	False	GCA_030858905.1	Bacteria	Actinomycetota	Acidimicrobiia	Acidimicrobiales	Ilumatobacteraceae	Desertimonas		desert_prefixed_r226		Mount Seuss	3.0	False	ANI95_01945	GCA_030858905.1	SAMN27861886;SAMN27861887;SAMN27861888	SAMN28015972	False	False	Mount Seuss	1	47.82000000000001	desert2025__GCA_030858905.1
desert2025__GCA_030946945.1	not_detected	panel_complete	not_detected	not_detected	not_detected	not_detected	global_desert_PRJNA832417	73.53	5.18	4327	597	True	False	GCA_030946945.1	Bacteria	Verrucomicrobiota	Verrucomicrobiia	Chthoniobacterales	UBA10450	JACCTI01		desert_prefixed_r226		Kap Hoegh	3.0	False	ANI95_02202	GCA_030946945.1	SAMN27861916;SAMN27861917;SAMN27861918	SAMN28015617	False	False	Kap Hoegh	1	47.63	desert2025__GCA_030946945.1
desert2025__GCA_030773215.1	not_detected	not_detected	not_detected	not_detected	not_detected	not_detected	global_desert_PRJNA832417	53.84	1.26	4040	366	True	False	GCA_030773215.1	Bacteria	Actinomycetota	Actinomycetes	Mycobacteriales	SCTD01	SCTD01		desert_prefixed_r226		Atacama Desert	1.0	False	ANI95_01503	GCA_030773215.1	SAMN27861921	SAMN28005006	False	False	Atacama Desert	1	47.540000000000006	desert2025__GCA_030773215.1
desert2025__GCA_030860135.1	not_detected	not_detected	not_detected	partial	not_detected	not_detected	global_desert_PRJNA832417	72.56	5.02	5082	505	True	False	GCA_030860135.1	Bacteria	Actinomycetota	Thermoleophilia	Solirubrobacterales	Solirubrobacteraceae	Siliceabacter		desert_prefixed_r226		Mojave Desert	3.0	False	ANI95_01998	GCA_030860135.1	SAMN27861880;SAMN27861881;SAMN27861882	SAMN28015912	False	False	Mojave Desert	1	47.46000000000001	desert2025__GCA_030860135.1
desert2025__GCA_030862625.1	not_detected	not_detected	not_detected	not_detected	not_detected	not_detected	global_desert_PRJNA832417	51.68	0.87	3107	338	True	False	GCA_030862625.1	Bacteria	Actinomycetota	Thermoleophilia	Gaiellales	Gaiellaceae			desert_prefixed_r226		Sahara Desert - Ksar Ghilane	1.0	False	ANI95_02107	GCA_030862625.1	SAMN27861859	SAMN28015772	False	False	Sahara Desert - Ksar Ghilane	1	47.33	desert2025__GCA_030862625.1
desert2025__GCA_030773355.1	not_detected	not_detected	not_detected	not_detected	not_detected	not_detected	global_desert_PRJNA832417	63.12	3.16	4320	520	True	False	GCA_030773355.1	Bacteria	Actinomycetota	Actinomycetes	JALYMU01	JALYMU01			desert_prefixed_r226		Atacama Desert	3.0	False	ANI95_01506	GCA_030773355.1	SAMN27861919;SAMN27861920;SAMN27861921	SAMN28004998	False	False	Atacama Desert	1	47.31999999999999	desert2025__GCA_030773355.1
desert2025__GCA_030862805.1	not_detected	not_detected	not_detected	not_detected	not_detected	not_detected	global_desert_PRJNA832417	56.64	1.88	3432	568	True	False	GCA_030862805.1	Bacteria	Actinomycetota	Actinomycetes	Actinomycetales	Micrococcaceae	Arthrobacter		desert_prefixed_r226		Sahara Desert - Ksar Ghilane	3.0	False	ANI95_02114	GCA_030862805.1	SAMN27861859;SAMN27861860;SAMN27861861	SAMN28015760	False	False	Sahara Desert - Ksar Ghilane	1	47.24	desert2025__GCA_030862805.1
desert2025__GCA_030946185.1	panel_complete	partial	not_detected	not_detected	not_detected	not_detected	global_desert_PRJNA832417	57.22	2.0	7819	427	True	False	GCA_030946185.1	Bacteria	Actinomycetota	Acidimicrobiia	Acidimicrobiales	Iamiaceae	JBBSGQ01		desert_prefixed_r226		Kap Hoegh	3.0	False	ANI95_02177	GCA_030946185.1	SAMN27861916;SAMN27861917;SAMN27861918	SAMN28015645	False	False	Kap Hoegh	1	47.22	desert2025__GCA_030946185.1
desert2025__GCA_030859925.1	not_detected	partial	not_detected	not_detected	not_detected	not_detected	global_desert_PRJNA832417	51.2	0.8	6946	271	True	False	GCA_030859925.1	Bacteria	Actinomycetota	CADDZG01	CADDZG01	WHSQ01			desert_prefixed_r226		Mojave Desert	3.0	False	ANI95_01988	GCA_030859925.1	SAMN27861880;SAMN27861881;SAMN27861882	SAMN28015920	False	False	Mojave Desert	1	47.2	desert2025__GCA_030859925.1
desert2025__GCA_030774925.1	partial	panel_complete	not_detected	not_detected	not_detected	not_detected	global_desert_PRJNA832417	82.81	7.14	3842	1221	True	False	GCA_030774925.1	Bacteria	Actinomycetota	CADDZG01	CADDZG01	WHSQ01			desert_prefixed_r226		Alex Fiord-Dome	3.0	False	ANI95_01572	GCA_030774925.1	SAMN27861913;SAMN27861914;SAMN27861915	SAMN28004921	False	False	Alex Fiord-Dome	1	47.11000000000001	desert2025__GCA_030774925.1
desert2025__GCA_030863145.1	not_detected	not_detected	not_detected	not_detected	not_detected	not_detected	global_desert_PRJNA832417	60.82	2.75	4691	497	True	False	GCA_030863145.1	Bacteria	Pseudomonadota	Alphaproteobacteria	Sphingomonadales	Sphingomonadaceae	Allosphingosinicella		desert_prefixed_r226		Namib Desert	1.0	False	ANI95_02131	GCA_030863145.1	SAMN27861854	SAMN28015745	False	False	Namib Desert	1	47.07	desert2025__GCA_030863145.1
desert2025__GCA_030855435.1	not_detected	not_detected	not_detected	not_detected	not_detected	not_detected	global_desert_PRJNA832417	50.74	0.75	11431	104	True	False	GCA_030855435.1	Bacteria	Pseudomonadota	Alphaproteobacteria	Sphingomonadales	Sphingomonadaceae	Sphingomicrobium		desert_prefixed_r226		McMurdo Dry Valleys	1.0	False	ANI95_01798	GCA_030855435.1	SAMN27861883	SAMN28015448	False	False	McMurdo Dry Valleys	1	46.99	desert2025__GCA_030855435.1
desert2025__GCA_030774515.1	partial	panel_complete	not_detected	not_detected	not_detected	partial	global_desert_PRJNA832417	54.38	1.49	3497	581	True	False	GCA_030774515.1	Bacteria	Actinomycetota	Thermoleophilia	Gaiellales	Gaiellaceae	Palsa-739		desert_prefixed_r226		Alex Fiord-Dome	3.0	False	ANI95_01554	GCA_030774515.1	SAMN27861913;SAMN27861914;SAMN27861915	SAMN28004940	False	False	Alex Fiord-Dome	1	46.93	desert2025__GCA_030774515.1
desert2025__GCA_030859765.1	not_detected	partial	not_detected	not_detected	not_detected	not_detected	global_desert_PRJNA832417	67.15	4.08	4450	448	True	False	GCA_030859765.1	Bacteria	Actinomycetota	Thermoleophilia	Gaiellales	Gaiellaceae	JACCYG01		desert_prefixed_r226		Mojave Desert	3.0	False	ANI95_01983	GCA_030859765.1	SAMN27861880;SAMN27861881;SAMN27861882	SAMN28015931	False	False	Mojave Desert	1	46.75000000000001	desert2025__GCA_030859765.1
desert2025__GCA_030855765.1	not_detected	not_detected	not_detected	not_detected	not_detected	not_detected	global_desert_PRJNA832417	59.29	2.53	5084	514	True	False	GCA_030855765.1	Bacteria	Acidobacteriota	Blastocatellia	Pyrinomonadales	Pyrinomonadaceae	GCA-002050365		desert_prefixed_r226		McMurdo Dry Valleys	3.0	False	ANI95_01814	GCA_030855765.1	SAMN27861883;SAMN27861884;SAMN27861885	SAMN28015433	False	False	McMurdo Dry Valleys	1	46.64	desert2025__GCA_030855765.1
desert2025__GCA_030946855.1	not_detected	partial	not_detected	not_detected	not_detected	partial	global_desert_PRJNA832417	64.17	3.51	3902	666	True	False	GCA_030946855.1	Bacteria	Pseudomonadota	Gammaproteobacteria	Burkholderiales	Burkholderiaceae	Schlegelella_A		desert_prefixed_r226		Kap Hoegh	3.0	False	ANI95_02198	GCA_030946855.1	SAMN27861916;SAMN27861917;SAMN27861918	SAMN28015621	False	False	Kap Hoegh	1	46.620000000000005	desert2025__GCA_030946855.1
desert2025__GCA_030863345.1	not_detected	not_detected	not_detected	not_detected	not_detected	not_detected	global_desert_PRJNA832417	57.92	2.26	3715	386	True	False	GCA_030863345.1	Bacteria	Actinomycetota	Rubrobacteria	Rubrobacterales	Rubrobacteraceae	SIRX01		desert_prefixed_r226		Namib Desert	3.0	False	ANI95_02141	GCA_030863345.1	SAMN27861853;SAMN27861854;SAMN27861855	SAMN28015734	False	False	Namib Desert	1	46.620000000000005	desert2025__GCA_030863345.1
desert2025__GCA_030861665.1	not_detected	partial	not_detected	not_detected	not_detected	not_detected	global_desert_PRJNA832417	59.84	2.67	3391	877	True	False	GCA_030861665.1	Bacteria	Actinomycetota	Actinomycetes	Mycobacteriales	Pseudonocardiaceae	GCA-003244245		desert_prefixed_r226		North Australian Desert	3.0	False	ANI95_02066	GCA_030861665.1	SAMN27861868;SAMN27861869;SAMN27861870	SAMN28015820	False	False	North Australian Desert	1	46.49	desert2025__GCA_030861665.1
desert2025__GCA_030863205.1	not_detected	not_detected	not_detected	not_detected	not_detected	not_detected	global_desert_PRJNA832417	78.03	6.31	5569	573	True	False	GCA_030863205.1	Bacteria	Actinomycetota	Acidimicrobiia	Acidimicrobiales	AC-14	CADCTB01		desert_prefixed_r226		Namib Desert	3.0	False	ANI95_02134	GCA_030863205.1	SAMN27861853;SAMN27861854;SAMN27861855	SAMN28015741	False	False	Namib Desert	1	46.480000000000004	desert2025__GCA_030863205.1
desert2025__GCA_030857605.1	not_detected	not_detected	not_detected	not_detected	not_detected	not_detected	global_desert_PRJNA832417	52.9	1.29	6685	232	True	False	GCA_030857605.1	Bacteria	Actinomycetota	Acidimicrobiia	Acidimicrobiales	CADCSY01	CADCSY01		desert_prefixed_r226		Mount Seuss	1.0	False	ANI95_01894	GCA_030857605.1	SAMN27861887	SAMN28016039	False	False	Mount Seuss	1	46.449999999999996	desert2025__GCA_030857605.1
desert2025__GCA_030862905.1	not_detected	partial	not_detected	not_detected	not_detected	not_detected	global_desert_PRJNA832417	51.65	1.05	6318	317	True	False	GCA_030862905.1	Bacteria	Actinomycetota	CADDZG01	CADDZG01	WHSQ01			desert_prefixed_r226		Sahara Desert - Ksar Ghilane	3.0	False	ANI95_02119	GCA_030862905.1	SAMN27861859;SAMN27861860;SAMN27861861	SAMN28015757	False	False	Sahara Desert - Ksar Ghilane	1	46.4	desert2025__GCA_030862905.1
desert2025__GCA_030947345.1	not_detected	partial	not_detected	not_detected	not_detected	not_detected	global_desert_PRJNA832417	53.54	1.49	3487	698	True	False	GCA_030947345.1	Bacteria	Gemmatimonadota	Gemmatimonadetes	Gemmatimonadales	Gemmatimonadaceae	Gemmatimonas		desert_prefixed_r226		Kap Hoegh	3.0	False	ANI95_02221	GCA_030947345.1	SAMN27861916;SAMN27861917;SAMN27861918	SAMN28015598	False	False	Kap Hoegh	1	46.089999999999996	desert2025__GCA_030947345.1
desert2025__GCA_030859825.1	not_detected	not_detected	not_detected	not_detected	not_detected	not_detected	global_desert_PRJNA832417	71.6	5.15	4239	559	True	False	GCA_030859825.1	Bacteria	Gemmatimonadota	Gemmatimonadetes	Gemmatimonadales	Gemmatimonadaceae	UBA4720		desert_prefixed_r226		Mojave Desert	3.0	False	ANI95_01986	GCA_030859825.1	SAMN27861880;SAMN27861881;SAMN27861882	SAMN28015929	False	False	Mojave Desert	1	45.849999999999994	desert2025__GCA_030859825.1
desert2025__GCA_030948325.1	not_detected	partial	not_detected	not_detected	not_detected	partial	global_desert_PRJNA832417	88.79	8.59	22777	368	True	False	GCA_030948325.1	Bacteria	Chloroflexota	Dormibacteria	Dormibacterales	Dormibacteraceae	Palsa-872		desert_prefixed_r226		Kap Hoegh	3.0	False	ANI95_02243	GCA_030948325.1	SAMN27861916;SAMN27861917;SAMN27861918	SAMN28015687	False	False	Kap Hoegh	1	45.84	desert2025__GCA_030948325.1
desert2025__GCA_030914075.1	not_detected	not_detected	partial	not_detected	not_detected	not_detected	global_desert_PRJNA832417	76.58	6.17	4042	928	True	False	GCA_030914075.1	Bacteria	Actinomycetota	Rubrobacteria	Rubrobacterales	Rubrobacteraceae			desert_prefixed_r226		Peary Land	1.0	False	ANI95_02162	GCA_030914075.1	SAMN27861875	SAMN28015872	False	False	Peary Land	1	45.73	desert2025__GCA_030914075.1
desert2025__GCA_030775305.1	panel_complete	partial	panel_complete	partial	not_detected	partial	global_desert_PRJNA832417	61.84	3.24	4205	622	True	False	GCA_030775305.1	Bacteria	Pseudomonadota	Alphaproteobacteria	Rhizobiales	Aestuariivirgaceae			desert_prefixed_r226		Cambridge Bay	3.0	False	ANI95_01585	GCA_030775305.1	SAMN27861910;SAMN27861911;SAMN27861912	SAMN28004901	False	False	Cambridge Bay	1	45.64	desert2025__GCA_030775305.1
desert2025__GCA_030947115.1	not_detected	not_detected	not_detected	not_detected	not_detected	not_detected	global_desert_PRJNA832417	59.5	2.78	3329	624	True	False	GCA_030947115.1	Bacteria	Pseudomonadota	Gammaproteobacteria	Burkholderiales	Burkholderiaceae	Schlegelella_A		desert_prefixed_r226		Kap Hoegh	3.0	False	ANI95_02210	GCA_030947115.1	SAMN27861916;SAMN27861917;SAMN27861918	SAMN28015610	False	False	Kap Hoegh	1	45.6	desert2025__GCA_030947115.1
desert2025__GCA_030860335.1	not_detected	not_detected	not_detected	not_detected	not_detected	not_detected	global_desert_PRJNA832417	54.89	1.86	6144	708	True	False	GCA_030860335.1	Bacteria	Acidobacteriota	Blastocatellia	Pyrinomonadales	Pyrinomonadaceae	GCA-002050365		desert_prefixed_r226		Mojave Desert	3.0	False	ANI95_02008	GCA_030860335.1	SAMN27861880;SAMN27861881;SAMN27861882	SAMN28015900	False	False	Mojave Desert	1	45.59	desert2025__GCA_030860335.1
desert2025__GCA_030858825.1	not_detected	partial	not_detected	not_detected	not_detected	not_detected	global_desert_PRJNA832417	61.1	3.11	3279	812	True	False	GCA_030858825.1	Bacteria	Chloroflexota	Chloroflexia	Thermomicrobiales	CFX8	JBBECJ01		desert_prefixed_r226		Mount Seuss	3.0	False	ANI95_01942	GCA_030858825.1	SAMN27861886;SAMN27861887;SAMN27861888	SAMN28015978	False	False	Mount Seuss	1	45.550000000000004	desert2025__GCA_030858825.1
desert2025__GCA_030860225.1	not_detected	not_detected	not_detected	not_detected	not_detected	not_detected	global_desert_PRJNA832417	72.09	5.32	4153	817	True	False	GCA_030860225.1	Bacteria	Actinomycetota	Thermoleophilia	Solirubrobacterales	Solirubrobacteraceae	CADCVT01		desert_prefixed_r226		Mojave Desert	3.0	False	ANI95_02002	GCA_030860225.1	SAMN27861880;SAMN27861881;SAMN27861882	SAMN28015908	False	False	Mojave Desert	1	45.49	desert2025__GCA_030860225.1
desert2025__GCA_030858245.1	not_detected	panel_complete	not_detected	not_detected	not_detected	partial	global_desert_PRJNA832417	57.64	2.44	4411	489	True	False	GCA_030858245.1	Bacteria	Gemmatimonadota	Gemmatimonadetes	Gemmatimonadales	GWC2-71-9	JACDDX01	JACDDX01 sp013813875	desert_prefixed_r226		Mount Seuss	3.0	False	ANI95_01917	GCA_030858245.1	SAMN27861886;SAMN27861887;SAMN27861888	SAMN28016007	False	False	Mount Seuss	1	45.44	desert2025__GCA_030858245.1
desert2025__GCA_030773775.1	not_detected	not_detected	partial	not_detected	not_detected	not_detected	global_desert_PRJNA832417	53.64	1.65	3106	940	True	False	GCA_030773775.1	Bacteria	Actinomycetota	Rubrobacteria	Rubrobacterales	Rubrobacteraceae	Rubrobacter_D		desert_prefixed_r226		Atacama Desert	3.0	False	ANI95_01520	GCA_030773775.1	SAMN27861919;SAMN27861920;SAMN27861921	SAMN28004976	False	False	Atacama Desert	1	45.39	desert2025__GCA_030773775.1
desert2025__GCA_030774415.1	not_detected	not_detected	partial	not_detected	not_detected	partial	global_desert_PRJNA832417	54.14	1.77	3403	537	True	False	GCA_030774415.1	Bacteria	Actinomycetota	Actinomycetes	Propionibacteriales	Nocardioidaceae	JAWWPG01		desert_prefixed_r226		Alex Fiord-Dome	3.0	False	ANI95_01549	GCA_030774415.1	SAMN27861913;SAMN27861914;SAMN27861915	SAMN28004948	False	False	Alex Fiord-Dome	1	45.29	desert2025__GCA_030774415.1
desert2025__GCA_030863085.1	not_detected	not_detected	partial	not_detected	not_detected	not_detected	global_desert_PRJNA832417	58.71	2.69	3146	839	True	False	GCA_030863085.1	Bacteria	Pseudomonadota	Alphaproteobacteria	Rhizobiales				desert_prefixed_r226		Richtersveld	3.0	False	ANI95_02128	GCA_030863085.1	SAMN27861856;SAMN27861857;SAMN27861858	SAMN28015748	False	False	Richtersveld	1	45.260000000000005	desert2025__GCA_030863085.1
desert2025__GCA_030853245.1	not_detected	partial	not_detected	not_detected	not_detected	partial	global_desert_PRJNA832417	57.04	2.41	15066	256	True	False	GCA_030853245.1	Bacteria	Acidobacteriota	Terriglobia	Bryobacterales	Bryobacteraceae	Bog-105		desert_prefixed_r226		Lagoon Island	1.0	False	ANI95_01699	GCA_030853245.1	SAMN27861892	SAMN28015558	False	False	Lagoon Island	1	44.989999999999995	desert2025__GCA_030853245.1
desert2025__GCA_030860305.1	not_detected	not_detected	not_detected	not_detected	not_detected	not_detected	global_desert_PRJNA832417	67.82	4.6	9758	435	True	False	GCA_030860305.1	Bacteria	Actinomycetota	Actinomycetes	Mycobacteriales	Geodermatophilaceae	JACCQS01		desert_prefixed_r226		Mojave Desert	3.0	False	ANI95_02006	GCA_030860305.1	SAMN27861880;SAMN27861881;SAMN27861882	SAMN28015904	False	False	Mojave Desert	1	44.81999999999999	desert2025__GCA_030860305.1
desert2025__GCA_030946195.1	not_detected	partial	not_detected	not_detected	not_detected	not_detected	global_desert_PRJNA832417	57.76	2.6	6584	512	True	False	GCA_030946195.1	Bacteria	Acidobacteriota	Terriglobia	Bryobacterales	Bryobacteraceae	JBBSHP01		desert_prefixed_r226		Kap Hoegh	3.0	False	ANI95_02178	GCA_030946195.1	SAMN27861916;SAMN27861917;SAMN27861918	SAMN28015644	False	False	Kap Hoegh	1	44.76	desert2025__GCA_030946195.1
desert2025__GCA_030854465.1	not_detected	not_detected	not_detected	not_detected	not_detected	not_detected	global_desert_PRJNA832417	53.17	1.69	3894	393	True	False	GCA_030854465.1	Bacteria	Actinomycetota	Thermoleophilia	Solirubrobacterales	70-9	JBBQBH01	JBBQBH01 sp038329895	desert_prefixed_r226		Livingston Island	3.0	False	ANI95_01754	GCA_030854465.1	SAMN27861889;SAMN27861890;SAMN27861891	SAMN28015496	False	False	Livingston Island	1	44.72	desert2025__GCA_030854465.1
desert2025__GCA_030861435.1	not_detected	panel_complete	not_detected	not_detected	not_detected	not_detected	global_desert_PRJNA832417	61.76	3.41	4905	667	True	False	GCA_030861435.1	Bacteria	Actinomycetota	Acidimicrobiia	Acidimicrobiales	AC-14	CADCTB01		desert_prefixed_r226		North Australian Desert	3.0	False	ANI95_02055	GCA_030861435.1	SAMN27861868;SAMN27861869;SAMN27861870	SAMN28015832	False	False	North Australian Desert	1	44.709999999999994	desert2025__GCA_030861435.1
desert2025__GCA_030854525.1	not_detected	panel_complete	not_detected	not_detected	not_detected	not_detected	global_desert_PRJNA832417	88.21	8.76	16105	397	True	False	GCA_030854525.1	Bacteria	Chloroflexota	Limnocylindria	P2-11E	P2-11E	3-1-20CM-2-70-9		desert_prefixed_r226		Livingston Island	3.0	False	ANI95_01757	GCA_030854525.1	SAMN27861889;SAMN27861890;SAMN27861891	SAMN28015493	False	False	Livingston Island	1	44.41	desert2025__GCA_030854525.1
desert2025__GCA_030859385.1	not_detected	partial	partial	not_detected	not_detected	not_detected	global_desert_PRJNA832417	63.95	3.93	3551	671	True	False	GCA_030859385.1	Bacteria	Actinomycetota	Actinomycetes	Mycobacteriales	SCTD01	SCTD01		desert_prefixed_r226		Mojave Desert	1.0	False	ANI95_01966	GCA_030859385.1	SAMN27861882	SAMN28015950	False	False	Mojave Desert	1	44.3	desert2025__GCA_030859385.1
desert2025__GCA_030948645.1	not_detected	panel_complete	not_detected	not_detected	not_detected	not_detected	global_desert_PRJNA832417	52.19	1.58	3819	449	True	False	GCA_030948645.1	Bacteria	Actinomycetota	Thermoleophilia	Solirubrobacterales	Solirubrobacteraceae	Palsa-744		desert_prefixed_r226		Kap Hoegh	3.0	False	ANI95_02256	GCA_030948645.1	SAMN27861916;SAMN27861917;SAMN27861918	SAMN28015673	False	False	Kap Hoegh	1	44.29	desert2025__GCA_030948645.1
desert2025__GCA_030861145.1	not_detected	partial	not_detected	not_detected	not_detected	not_detected	global_desert_PRJNA832417	63.62	3.88	3730	1375	True	False	GCA_030861145.1	Bacteria	Bacteroidota	Bacteroidia	Chitinophagales	Chitinophagaceae			desert_prefixed_r226		South Australian Desert	3.0	False	ANI95_02043	GCA_030861145.1	SAMN27861871;SAMN27861872;SAMN27861873	SAMN28015847	False	False	South Australian Desert	1	44.22	desert2025__GCA_030861145.1
desert2025__GCA_030859185.1	not_detected	not_detected	not_detected	not_detected	not_detected	not_detected	global_desert_PRJNA832417	52.48	1.66	3468	456	True	False	GCA_030859185.1	Bacteria	Verrucomicrobiota	Verrucomicrobiia	Chthoniobacterales	UBA10450	JACCTI01	JACCTI01 sp013694595	desert_prefixed_r226		Mount Seuss	3.0	False	ANI95_01958	GCA_030859185.1	SAMN27861886;SAMN27861887;SAMN27861888	SAMN28015960	False	False	Mount Seuss	1	44.18	desert2025__GCA_030859185.1
desert2025__GCA_030855455.1	not_detected	not_detected	not_detected	not_detected	not_detected	not_detected	global_desert_PRJNA832417	52.13	1.6	3343	687	True	False	GCA_030855455.1	Bacteria	Bacteroidota	Bacteroidia	Flavobacteriales	PHOS-HE28	PHOS-HE28		desert_prefixed_r226		McMurdo Dry Valleys	1.0	False	ANI95_01799	GCA_030855455.1	SAMN27861883	SAMN28015447	False	False	McMurdo Dry Valleys	1	44.13	desert2025__GCA_030855455.1
desert2025__GCA_030913865.1	not_detected	not_detected	not_detected	not_detected	not_detected	partial	global_desert_PRJNA832417	69.62	5.12	5186	564	True	False	GCA_030913865.1	Bacteria	Acidobacteriota	Thermoanaerobaculia	UBA5066	Gp7-AA6	Gp7-AA6		desert_prefixed_r226		Svalbard	3.0	False	ANI95_02152	GCA_030913865.1	SAMN27861907;SAMN27861908;SAMN27861909	SAMN28016066	False	False	Svalbard	1	44.02	desert2025__GCA_030913865.1
desert2025__GCA_030862465.1	not_detected	partial	not_detected	not_detected	not_detected	not_detected	global_desert_PRJNA832417	54.42	2.13	3996	426	True	False	GCA_030862465.1	Bacteria	Actinomycetota	Thermoleophilia	Gaiellales	Gaiellaceae	JACCXC01		desert_prefixed_r226		Sahara Desert - Douz-Matmata	3.0	False	ANI95_02100	GCA_030862465.1	SAMN27861862;SAMN27861863;SAMN27861864	SAMN28015779	False	False	Sahara Desert - Douz-Matmata	1	43.77	desert2025__GCA_030862465.1
desert2025__GCA_030913825.1	not_detected	partial	not_detected	not_detected	not_detected	panel_complete	global_desert_PRJNA832417	55.09	2.28	2876	420	True	False	GCA_030913825.1	Bacteria	Actinomycetota	CADDZG01	CADDZG01	WHSQ01	JACDAL01		desert_prefixed_r226		Svalbard	3.0	False	ANI95_02155	GCA_030913825.1	SAMN27861907;SAMN27861908;SAMN27861909	SAMN28016062	False	False	Svalbard	1	43.690000000000005	desert2025__GCA_030913825.1
desert2025__GCA_030853545.1	partial	partial	not_detected	not_detected	not_detected	not_detected	global_desert_PRJNA832417	59.12	3.12	4953	512	True	False	GCA_030853545.1	Bacteria	Actinomycetota	Actinomycetes	Actinomycetales	Dermatophilaceae	Lapillicoccus	Lapillicoccus sp039935575	desert_prefixed_r226		Lagoon Island	3.0	False	ANI95_01712	GCA_030853545.1	SAMN27861892;SAMN27861893;SAMN27861894	SAMN28015543	False	False	Lagoon Island	1	43.519999999999996	desert2025__GCA_030853545.1
desert2025__GCA_030858565.1	not_detected	not_detected	not_detected	not_detected	not_detected	partial	global_desert_PRJNA832417	66.29	4.56	3482	540	True	False	GCA_030858565.1	Bacteria	Actinomycetota	Actinomycetes	Propionibacteriales	Nocardioidaceae	JACCZJ01	JACCZJ01 sp013696975	desert_prefixed_r226		Mount Seuss	3.0	False	ANI95_01930	GCA_030858565.1	SAMN27861886;SAMN27861887;SAMN27861888	SAMN28015990	False	False	Mount Seuss	1	43.49000000000001	desert2025__GCA_030858565.1
desert2025__GCA_030862865.1	panel_complete	partial	not_detected	panel_complete	panel_complete	partial	global_desert_PRJNA832417	84.16	8.16	4460	1018	True	False	GCA_030862865.1	Bacteria	Actinomycetota	Actinomycetes	Mycobacteriales	Pseudonocardiaceae	Pseudonocardia		desert_prefixed_r226		Sahara Desert - Ksar Ghilane	3.0	False	ANI95_02117	GCA_030862865.1	SAMN27861859;SAMN27861860;SAMN27861861	SAMN28015759	False	False	Sahara Desert - Ksar Ghilane	1	43.36	desert2025__GCA_030862865.1
desert2025__GCA_030862475.1	not_detected	not_detected	panel_complete	not_detected	not_detected	not_detected	global_desert_PRJNA832417	72.0	5.74	7071	393	True	False	GCA_030862475.1	Bacteria	Actinomycetota	Rubrobacteria	Rubrobacterales	Rubrobacteraceae	Rubrobacter_F		desert_prefixed_r226	Genome not assigned to closest species as it falls outside its pre-defined ANI radius	Sahara Desert - Douz-Matmata	3.0	False	ANI95_02101	GCA_030862475.1	SAMN27861862;SAMN27861863;SAMN27861864	SAMN28015781	False	False	Sahara Desert - Douz-Matmata	1	43.3	desert2025__GCA_030862475.1
desert2025__GCA_030948865.1	panel_complete	panel_complete	not_detected	partial	not_detected	not_detected	global_desert_PRJNA832417	66.5	4.66	5712	872	True	False	GCA_030948865.1	Bacteria	Actinomycetota	Thermoleophilia	Solirubrobacterales	Solirubrobacteraceae	Palsa-465		desert_prefixed_r226		Kap Hoegh	3.0	False	ANI95_02267	GCA_030948865.1	SAMN27861916;SAMN27861917;SAMN27861918	SAMN28015659	False	False	Kap Hoegh	1	43.2	desert2025__GCA_030948865.1
desert2025__GCA_030914195.1	not_detected	not_detected	not_detected	not_detected	not_detected	not_detected	global_desert_PRJNA832417	58.96	3.16	3578	602	True	False	GCA_030914195.1	Bacteria	Actinomycetota	Rubrobacteria	Rubrobacterales	Rubrobacteraceae	JALYGY01		desert_prefixed_r226		Peary Land	3.0	False	ANI95_02164	GCA_030914195.1	SAMN27861874;SAMN27861875;SAMN27861876	SAMN28015864	False	False	Peary Land	1	43.16	desert2025__GCA_030914195.1
desert2025__GCA_030858475.1	not_detected	not_detected	not_detected	not_detected	not_detected	not_detected	global_desert_PRJNA832417	62.58	3.91	5037	375	True	False	GCA_030858475.1	Bacteria	Actinomycetota	Actinomycetes	JACCYY01	JACCYY01	JACCYY01	JACCYY01 sp013696235	desert_prefixed_r226		Mount Seuss	3.0	False	ANI95_01926	GCA_030858475.1	SAMN27861886;SAMN27861887;SAMN27861888	SAMN28015997	False	False	Mount Seuss	1	43.03	desert2025__GCA_030858475.1
desert2025__GCA_030947675.1	not_detected	not_detected	not_detected	not_detected	not_detected	not_detected	global_desert_PRJNA832417	77.04	6.81	5882	740	True	False	GCA_030947675.1	Bacteria	Bacteroidota	Bacteroidia	Chitinophagales	Chitinophagaceae	Ginsengibacter		desert_prefixed_r226		Kap Hoegh	1.0	False	ANI95_02229	GCA_030947675.1	SAMN27861917	SAMN28015707	False	False	Kap Hoegh	1	42.99000000000001	desert2025__GCA_030947675.1
desert2025__GCA_030863465.1	not_detected	not_detected	partial	not_detected	not_detected	not_detected	global_desert_PRJNA832417	68.52	5.12	11401	370	True	False	GCA_030863465.1	Bacteria	Actinomycetota	Acidimicrobiia	Acidimicrobiales	AC-14			desert_prefixed_r226		Namib Desert	3.0	False	ANI95_02146	GCA_030863465.1	SAMN27861853;SAMN27861854;SAMN27861855	SAMN28015729	False	False	Namib Desert	1	42.919999999999995	desert2025__GCA_030863465.1
desert2025__GCA_030860795.1	not_detected	not_detected	partial	not_detected	not_detected	partial	global_desert_PRJNA832417	65.66	4.57	4002	431	True	False	GCA_030860795.1	Bacteria	Actinomycetota	Rubrobacteria	Rubrobacterales	Rubrobacteraceae	JALYGY01		desert_prefixed_r226		Sonoran Desert	3.0	False	ANI95_02029	GCA_030860795.1	SAMN27861877;SAMN27861878;SAMN27861879	SAMN28015880	False	False	Sonoran Desert	1	42.809999999999995	desert2025__GCA_030860795.1
desert2025__GCA_030774705.1	partial	panel_complete	not_detected	not_detected	not_detected	not_detected	global_desert_PRJNA832417	53.48	2.19	5148	342	True	False	GCA_030774705.1	Bacteria	Actinomycetota	Thermoleophilia	Gaiellales	Gaiellaceae	AC-32		desert_prefixed_r226		Alex Fiord-Dome	3.0	False	ANI95_01563	GCA_030774705.1	SAMN27861913;SAMN27861914;SAMN27861915	SAMN28004932	False	False	Alex Fiord-Dome	1	42.53	desert2025__GCA_030774705.1
desert2025__GCA_030862925.1	not_detected	not_detected	not_detected	not_detected	not_detected	not_detected	global_desert_PRJNA832417	67.07	4.92	4912	708	True	False	GCA_030862925.1	Bacteria	Actinomycetota	Acidimicrobiia	Acidimicrobiales	AC-14	CADCTB01		desert_prefixed_r226		Richtersveld	3.0	False	ANI95_02120	GCA_030862925.1	SAMN27861856;SAMN27861857;SAMN27861858	SAMN28015755	False	False	Richtersveld	1	42.46999999999999	desert2025__GCA_030862925.1
desert2025__GCA_030854825.1	partial	not_detected	not_detected	not_detected	not_detected	partial	global_desert_PRJNA832417	58.35	3.18	5339	525	True	False	GCA_030854825.1	Bacteria	Pseudomonadota	Gammaproteobacteria	Burkholderiales	Burkholderiaceae	Schlegelella_A	Schlegelella_A sp039936375	desert_prefixed_r226		Livingston Island	3.0	False	ANI95_01769	GCA_030854825.1	SAMN27861889;SAMN27861890;SAMN27861891	SAMN28015479	False	False	Livingston Island	1	42.45	desert2025__GCA_030854825.1
desert2025__GCA_030863165.1	not_detected	partial	not_detected	not_detected	not_detected	not_detected	global_desert_PRJNA832417	53.36	2.21	3875	455	True	False	GCA_030863165.1	Bacteria	Chloroflexota	Chloroflexia	Thermomicrobiales	UBA6265	JACDBO01		desert_prefixed_r226		Namib Desert	3.0	False	ANI95_02132	GCA_030863165.1	SAMN27861853;SAMN27861854;SAMN27861855	SAMN28015743	False	False	Namib Desert	1	42.31	desert2025__GCA_030863165.1
desert2025__GCA_030862105.1	not_detected	not_detected	not_detected	not_detected	not_detected	not_detected	global_desert_PRJNA832417	53.76	2.32	3610	345	True	False	GCA_030862105.1	Bacteria	Actinomycetota	UBA4738	UBA4738	CALAEC01			desert_prefixed_r226		Negev Desert	3.0	False	ANI95_02085	GCA_030862105.1	SAMN27861865;SAMN27861866;SAMN27861867	SAMN28015798	False	False	Negev Desert	1	42.16	desert2025__GCA_030862105.1
desert2025__GCA_030853505.1	panel_complete	panel_complete	not_detected	not_detected	not_detected	not_detected	global_desert_PRJNA832417	64.48	4.48	5222	725	True	False	GCA_030853505.1	Bacteria	Gemmatimonadota	Gemmatimonadetes	Gemmatimonadales	Gemmatimonadaceae	FEN-1250		desert_prefixed_r226		Lagoon Island	3.0	False	ANI95_01710	GCA_030853505.1	SAMN27861892;SAMN27861893;SAMN27861894	SAMN28015545	False	False	Lagoon Island	1	42.08	desert2025__GCA_030853505.1
desert2025__GCA_030855595.1	not_detected	partial	panel_complete	not_detected	not_detected	partial	global_desert_PRJNA832417	54.3	2.46	3255	640	True	False	GCA_030855595.1	Bacteria	Actinomycetota	Nitriliruptoria	Euzebyales	Egibacteraceae	JACCTL01		desert_prefixed_r226		McMurdo Dry Valleys	3.0	False	ANI95_01806	GCA_030855595.1	SAMN27861883;SAMN27861884;SAMN27861885	SAMN28015443	False	False	McMurdo Dry Valleys	1	42.0	desert2025__GCA_030855595.1
desert2025__GCA_030945945.1	not_detected	panel_complete	not_detected	not_detected	not_detected	partial	global_desert_PRJNA832417	76.83	7.0	9068	518	True	False	GCA_030945945.1	Bacteria	Actinomycetota	Thermoleophilia	Solirubrobacterales	Solirubrobacteraceae	Palsa-465		desert_prefixed_r226		Kap Hoegh	3.0	False	ANI95_02171	GCA_030945945.1	SAMN27861916;SAMN27861917;SAMN27861918	SAMN28015651	False	False	Kap Hoegh	1	41.83	desert2025__GCA_030945945.1
desert2025__GCA_030854485.1	not_detected	not_detected	not_detected	not_detected	not_detected	not_detected	global_desert_PRJNA832417	57.26	3.11	4944	433	True	False	GCA_030854485.1	Bacteria	Actinomycetota	Thermoleophilia	Gaiellales	Gaiellaceae	AC-32		desert_prefixed_r226		Livingston Island	3.0	False	ANI95_01756	GCA_030854485.1	SAMN27861889;SAMN27861890;SAMN27861891	SAMN28015495	False	False	Livingston Island	1	41.71	desert2025__GCA_030854485.1
desert2025__GCA_030774315.1	not_detected	panel_complete	not_detected	not_detected	not_detected	not_detected	global_desert_PRJNA832417	50.05	1.7	3710	396	True	False	GCA_030774315.1	Bacteria	Chloroflexota	Dormibacteria	DASZGP01	DASZGP01	DASZHA01		desert_prefixed_r226		Alex Fiord-Dome	3.0	False	ANI95_01544	GCA_030774315.1	SAMN27861913;SAMN27861914;SAMN27861915	SAMN28004950	False	False	Alex Fiord-Dome	1	41.55	desert2025__GCA_030774315.1
desert2025__GCA_030773875.1	not_detected	panel_complete	not_detected	not_detected	not_detected	not_detected	global_desert_PRJNA832417	69.33	5.64	5037	949	True	False	GCA_030773875.1	Bacteria	Chloroflexota	Chloroflexia	Thermomicrobiales	UBA6265	LC2-1		desert_prefixed_r226	Genome not assigned to closest species as it falls outside its pre-defined ANI radius	Atacama Desert	3.0	False	ANI95_01524	GCA_030773875.1	SAMN27861919;SAMN27861920;SAMN27861921	SAMN28004972	False	False	Atacama Desert	1	41.129999999999995	desert2025__GCA_030773875.1
desert2025__GCA_030859425.1	not_detected	partial	not_detected	not_detected	not_detected	not_detected	global_desert_PRJNA832417	64.29	4.67	5317	457	True	False	GCA_030859425.1	Bacteria	Chloroflexota	Limnocylindria	Limnocylindrales	CSP1-4	Palsa-1032		desert_prefixed_r226		Mojave Desert	1.0	False	ANI95_01968	GCA_030859425.1	SAMN27861882	SAMN28015949	False	False	Mojave Desert	1	40.940000000000005	desert2025__GCA_030859425.1
desert2025__GCA_030862655.1	not_detected	not_detected	not_detected	not_detected	not_detected	partial	global_desert_PRJNA832417	66.82	5.19	5797	493	True	False	GCA_030862655.1	Bacteria	Actinomycetota	Actinomycetes	Propionibacteriales	Nocardioidaceae			desert_prefixed_r226		Sahara Desert - Ksar Ghilane	1.0	False	ANI95_02109	GCA_030862655.1	SAMN27861859	SAMN28015771	False	False	Sahara Desert - Ksar Ghilane	1	40.86999999999999	desert2025__GCA_030862655.1
desert2025__GCA_030774395.1	not_detected	not_detected	not_detected	not_detected	not_detected	not_detected	global_desert_PRJNA832417	68.87	5.66	3760	524	True	False	GCA_030774395.1	Bacteria	Verrucomicrobiota	Verrucomicrobiia	Chthoniobacterales	Chthoniobacteraceae			desert_prefixed_r226		Alex Fiord-Dome	3.0	False	ANI95_01548	GCA_030774395.1	SAMN27861913;SAMN27861914;SAMN27861915	SAMN28004946	False	False	Alex Fiord-Dome	1	40.57000000000001	desert2025__GCA_030774395.1
desert2025__GCA_030860425.1	not_detected	not_detected	not_detected	not_detected	not_detected	not_detected	global_desert_PRJNA832417	53.06	2.5	6649	445	True	False	GCA_030860425.1	Bacteria	Chloroflexota	Chloroflexia	Thermomicrobiales	UBA6265	CADCWL01		desert_prefixed_r226		Mojave Desert	3.0	False	ANI95_02012	GCA_030860425.1	SAMN27861880;SAMN27861881;SAMN27861882	SAMN28015897	False	False	Mojave Desert	1	40.56	desert2025__GCA_030860425.1
desert2025__GCA_030858085.1	not_detected	not_detected	not_detected	not_detected	not_detected	not_detected	global_desert_PRJNA832417	58.44	3.58	4316	450	True	False	GCA_030858085.1	Bacteria	Actinomycetota	Actinomycetes	Mycobacteriales	SCTD01	SCTD01		desert_prefixed_r226	Genome not assigned to closest species as it falls outside its pre-defined ANI radius	Mount Seuss	3.0	False	ANI95_01911	GCA_030858085.1	SAMN27861886;SAMN27861887;SAMN27861888	SAMN28016015	False	False	Mount Seuss	1	40.54	desert2025__GCA_030858085.1
desert2025__GCA_030856245.1	not_detected	not_detected	not_detected	not_detected	not_detected	not_detected	global_desert_PRJNA832417	55.65	3.05	3340	381	True	False	GCA_030856245.1	Bacteria	Pseudomonadota	Alphaproteobacteria	Sphingomonadales	Sphingomonadaceae	Allosphingosinicella		desert_prefixed_r226		McMurdo Dry Valleys	3.0	False	ANI95_01837	GCA_030856245.1	SAMN27861883;SAMN27861884;SAMN27861885	SAMN28015407	False	False	McMurdo Dry Valleys	1	40.4	desert2025__GCA_030856245.1
desert2025__GCA_030855035.1	not_detected	partial	not_detected	not_detected	not_detected	not_detected	global_desert_PRJNA832417	58.1	3.56	3220	1223	True	False	GCA_030855035.1	Bacteria	Chloroflexota	Chloroflexia	Chloroflexales	Roseiflexaceae	DATFXE01		desert_prefixed_r226		McMurdo Dry Valleys	1.0	False	ANI95_01780	GCA_030855035.1	SAMN27861885	SAMN28015468	False	False	McMurdo Dry Valleys	1	40.3	desert2025__GCA_030855035.1
desert2025__GCA_030854545.1	not_detected	partial	not_detected	not_detected	not_detected	not_detected	global_desert_PRJNA832417	75.44	7.03	4425	578	True	False	GCA_030854545.1	Bacteria	Chloroflexota	Limnocylindria	P2-11E	P2-11E	CF-39		desert_prefixed_r226		Livingston Island	3.0	False	ANI95_01758	GCA_030854545.1	SAMN27861889;SAMN27861890;SAMN27861891	SAMN28015494	False	False	Livingston Island	1	40.29	desert2025__GCA_030854545.1
desert2025__GCA_030857915.1	not_detected	not_detected	not_detected	not_detected	not_detected	not_detected	global_desert_PRJNA832417	53.17	2.59	4260	500	True	False	GCA_030857915.1	Bacteria	Verrucomicrobiota	Verrucomicrobiia	Chthoniobacterales	UBA10450	Palsa-1392	Palsa-1392 sp013695925	desert_prefixed_r226		Mount Seuss	3.0	False	ANI95_01905	GCA_030857915.1	SAMN27861886;SAMN27861887;SAMN27861888	SAMN28016023	False	False	Mount Seuss	1	40.22	desert2025__GCA_030857915.1
desert2025__GCA_030861565.1	not_detected	not_detected	not_detected	not_detected	not_detected	not_detected	global_desert_PRJNA832417	52.0	2.39	3223	444	True	False	GCA_030861565.1	Bacteria	Actinomycetota	Rubrobacteria	Rubrobacterales	Rubrobacteraceae	Rubrobacter_F	Rubrobacter_F sp035642415	desert_prefixed_r226		North Australian Desert	3.0	False	ANI95_02061	GCA_030861565.1	SAMN27861868;SAMN27861869;SAMN27861870	SAMN28015826	False	False	North Australian Desert	1	40.05	desert2025__GCA_030861565.1
desert2025__GCA_030863065.1	not_detected	not_detected	panel_complete	not_detected	not_detected	not_detected	global_desert_PRJNA832417	58.88	3.79	4926	427	True	False	GCA_030863065.1	Bacteria	Actinomycetota	Rubrobacteria	Rubrobacterales	Rubrobacteraceae	Rubrobacter_F		desert_prefixed_r226		Richtersveld	3.0	False	ANI95_02127	GCA_030863065.1	SAMN27861856;SAMN27861857;SAMN27861858	SAMN28015749	False	False	Richtersveld	1	39.93000000000001	desert2025__GCA_030863065.1
desert2025__GCA_030773135.1	partial	panel_complete	partial	not_detected	not_detected	not_detected	global_desert_PRJNA832417	56.42	3.31	3040	770	True	False	GCA_030773135.1	Bacteria	Actinomycetota	Acidimicrobiia	Acidimicrobiales	Ilumatobacteraceae	JAENVT01		desert_prefixed_r226		Drass Desert	3.0	False	ANI95_01500	GCA_030773135.1	SAMN27861922;SAMN27861923;SAMN27861924	SAMN28005010	False	False	Drass Desert	1	39.870000000000005	desert2025__GCA_030773135.1
desert2025__GCA_030774615.1	not_detected	not_detected	not_detected	not_detected	not_detected	not_detected	global_desert_PRJNA832417	57.32	3.49	4030	362	True	False	GCA_030774615.1	Bacteria	Chloroflexota	Limnocylindria	QHBO01	QHBO01	JALYSK01		desert_prefixed_r226		Alex Fiord-Dome	3.0	False	ANI95_01559	GCA_030774615.1	SAMN27861913;SAMN27861914;SAMN27861915	SAMN28004936	False	False	Alex Fiord-Dome	1	39.87	desert2025__GCA_030774615.1
desert2025__GCA_030774175.1	not_detected	panel_complete	panel_complete	not_detected	not_detected	not_detected	global_desert_PRJNA832417	72.83	6.64	5927	567	True	False	GCA_030774175.1	Bacteria	Actinomycetota	Thermoleophilia	Gaiellales	Gaiellaceae	PALSA-600		desert_prefixed_r226		Alex Fiord-Dome	3.0	False	ANI95_01537	GCA_030774175.1	SAMN27861913;SAMN27861914;SAMN27861915	SAMN28004957	False	False	Alex Fiord-Dome	1	39.63	desert2025__GCA_030774175.1
desert2025__GCA_030914225.1	not_detected	panel_complete	not_detected	not_detected	not_detected	not_detected	global_desert_PRJNA832417	59.28	4.02	2712	1460	True	False	GCA_030914225.1	Bacteria	Chloroflexota	Chloroflexia	Chloroflexales	Kallotenuaceae	JBBSGA01		desert_prefixed_r226		Peary Land	3.0	False	ANI95_02165	GCA_030914225.1	SAMN27861874;SAMN27861875;SAMN27861876	SAMN28015863	False	False	Peary Land	1	39.18000000000001	desert2025__GCA_030914225.1
desert2025__GCA_030862205.1	not_detected	not_detected	panel_complete	not_detected	not_detected	not_detected	global_desert_PRJNA832417	57.9	3.75	3642	447	True	False	GCA_030862205.1	Bacteria	Actinomycetota	Rubrobacteria	Rubrobacterales	Rubrobacteraceae	Rubrobacter_F		desert_prefixed_r226		Negev Desert	3.0	False	ANI95_02089	GCA_030862205.1	SAMN27861865;SAMN27861866;SAMN27861867	SAMN28015793	False	False	Negev Desert	1	39.15	desert2025__GCA_030862205.1
desert2025__GCA_030947845.1	not_detected	partial	not_detected	not_detected	not_detected	not_detected	global_desert_PRJNA832417	52.65	2.7	3198	563	True	False	GCA_030947845.1	Bacteria	Pseudomonadota	Gammaproteobacteria	Burkholderiales	Burkholderiaceae	Ramlibacter		desert_prefixed_r226		Kap Hoegh	1.0	False	ANI95_02231	GCA_030947845.1	SAMN27861917	SAMN28015703	False	False	Kap Hoegh	1	39.15	desert2025__GCA_030947845.1
desert2025__GCA_030775145.1	partial	partial	not_detected	not_detected	not_detected	not_detected	global_desert_PRJNA832417	65.72	5.35	3669	593	True	False	GCA_030775145.1	Bacteria	Actinomycetota	Thermoleophilia	Solirubrobacterales	70-9			desert_prefixed_r226		Cambridge Bay	3.0	False	ANI95_01579	GCA_030775145.1	SAMN27861910;SAMN27861911;SAMN27861912	SAMN28004911	False	False	Cambridge Bay	1	38.97	desert2025__GCA_030775145.1
desert2025__GCA_030947165.1	not_detected	panel_complete	not_detected	not_detected	not_detected	not_detected	global_desert_PRJNA832417	62.59	4.73	6801	508	True	False	GCA_030947165.1	Bacteria	Gemmatimonadota	Gemmatimonadetes	Gemmatimonadales	Gemmatimonadaceae	AG11		desert_prefixed_r226		Kap Hoegh	3.0	False	ANI95_02212	GCA_030947165.1	SAMN27861916;SAMN27861917;SAMN27861918	SAMN28015607	False	False	Kap Hoegh	1	38.94	desert2025__GCA_030947165.1
desert2025__GCA_030775345.1	partial	panel_complete	not_detected	not_detected	not_detected	not_detected	global_desert_PRJNA832417	68.83	6.0	3966	1040	True	False	GCA_030775345.1	Bacteria	Actinomycetota	Actinomycetes	Mycobacteriales	Mycobacteriaceae	Mycobacterium		desert_prefixed_r226	Genome has more than 11.7% of markers with multiple hits	Hietatievat	1.0	False	ANI95_01586	GCA_030775345.1	SAMN27861906	SAMN28004899	False	False	Hietatievat	1	38.83	desert2025__GCA_030775345.1
desert2025__GCA_030948105.1	not_detected	not_detected	not_detected	not_detected	not_detected	not_detected	global_desert_PRJNA832417	62.48	4.79	3983	462	True	False	GCA_030948105.1	Bacteria	Actinomycetota	Acidimicrobiia	Acidimicrobiales	AC-14	JALZBN01		desert_prefixed_r226		Kap Hoegh	1.0	False	ANI95_02234	GCA_030948105.1	SAMN27861916	SAMN28015696	False	False	Kap Hoegh	1	38.53	desert2025__GCA_030948105.1
desert2025__GCA_030852905.1	not_detected	partial	not_detected	partial	not_detected	not_detected	global_desert_PRJNA832417	55.58	3.44	4872	360	True	False	GCA_030852905.1	Bacteria	Chloroflexota	Limnocylindria	QHBO01	QHBO01	JACDBZ01		desert_prefixed_r226		Kuwait Desert	3.0	False	ANI95_01684	GCA_030852905.1	SAMN27861901;SAMN27861902;SAMN27861903	SAMN28015581	False	False	Kuwait Desert	1	38.379999999999995	desert2025__GCA_030852905.1
desert2025__GCA_030852805.1	not_detected	partial	not_detected	not_detected	panel_complete	not_detected	global_desert_PRJNA832417	59.04	4.18	3395	961	True	False	GCA_030852805.1	Bacteria	Actinomycetota	Actinomycetes	Mycobacteriales	Mycobacteriaceae	Mycobacterium		desert_prefixed_r226	Genome not assigned to closest species as it falls outside its pre-defined ANI radius	Kuwait Desert	3.0	False	ANI95_01679	GCA_030852805.1	SAMN27861901;SAMN27861902;SAMN27861903	SAMN28015579	False	False	Kuwait Desert	1	38.14	desert2025__GCA_030852805.1
desert2025__GCA_030774635.1	partial	panel_complete	not_detected	not_detected	not_detected	partial	global_desert_PRJNA832417	60.4	4.5	3881	462	True	False	GCA_030774635.1	Bacteria	Actinomycetota	UBA4738	UBA4738				desert_prefixed_r226		Alex Fiord-Dome	3.0	False	ANI95_01560	GCA_030774635.1	SAMN27861913;SAMN27861914;SAMN27861915	SAMN28004935	False	False	Alex Fiord-Dome	1	37.9	desert2025__GCA_030774635.1
desert2025__GCA_030854765.1	not_detected	not_detected	not_detected	not_detected	not_detected	not_detected	global_desert_PRJNA832417	68.3	6.09	3429	1019	True	False	GCA_030854765.1	Bacteria	Pseudomonadota	Gammaproteobacteria	Burkholderiales	Burkholderiaceae	Telluria		desert_prefixed_r226		Livingston Island	3.0	False	ANI95_01767	GCA_030854765.1	SAMN27861889;SAMN27861890;SAMN27861891	SAMN28015481	False	False	Livingston Island	1	37.849999999999994	desert2025__GCA_030854765.1
desert2025__GCA_030853305.1	partial	partial	not_detected	not_detected	not_detected	not_detected	global_desert_PRJNA832417	50.84	2.62	3065	1353	True	False	GCA_030853305.1	Bacteria	Chloroflexota	UBA5177	JANWHV01				desert_prefixed_r226		Lagoon Island	1.0	False	ANI95_01702	GCA_030853305.1	SAMN27861892	SAMN28015555	False	False	Lagoon Island	1	37.74	desert2025__GCA_030853305.1
desert2025__GCA_030854235.1	panel_complete	partial	not_detected	not_detected	not_detected	not_detected	global_desert_PRJNA832417	66.23	5.71	4310	964	True	False	GCA_030854235.1	Bacteria	Actinomycetota	Actinomycetes	Streptosporangiales	Streptosporangiaceae	DASUBV01		desert_prefixed_r226		Livingston Island	1.0	False	ANI95_01745	GCA_030854235.1	SAMN27861891	SAMN28015508	False	False	Livingston Island	1	37.68000000000001	desert2025__GCA_030854235.1
desert2025__GCA_030862715.1	panel_complete	panel_complete	panel_complete	panel_complete	panel_complete	panel_complete	global_desert_PRJNA832417	85.49	9.57	6488	1049	True	False	GCA_030862715.1	Bacteria	Actinomycetota	Actinomycetes	Propionibacteriales	Nocardioidaceae	Nocardioides		desert_prefixed_r226	Genome not assigned to closest species as it falls outside its pre-defined ANI radius	Sahara Desert - Ksar Ghilane	3.0	False	ANI95_02111	GCA_030862715.1	SAMN27861859;SAMN27861860;SAMN27861861	SAMN28015766	False	False	Sahara Desert - Ksar Ghilane	1	37.63999999999999	desert2025__GCA_030862715.1
desert2025__GCA_030860715.1	not_detected	partial	not_detected	panel_complete	panel_complete	not_detected	global_desert_PRJNA832417	55.07	3.54	3100	1506	True	False	GCA_030860715.1	Bacteria	Actinomycetota	Actinomycetes	Mycobacteriales	Pseudonocardiaceae	Actinophytocola		desert_prefixed_r226		Sonoran Desert	3.0	False	ANI95_02026	GCA_030860715.1	SAMN27861877;SAMN27861878;SAMN27861879	SAMN28015883	False	False	Sonoran Desert	1	37.370000000000005	desert2025__GCA_030860715.1
desert2025__GCA_030948215.1	not_detected	partial	not_detected	not_detected	not_detected	not_detected	global_desert_PRJNA832417	60.56	4.67	4287	594	True	False	GCA_030948215.1	Bacteria	Bacteroidota	Bacteroidia	Chitinophagales	Chitinophagaceae	Ginsengibacter	Ginsengibacter sp030948465	desert_prefixed_r226		Kap Hoegh	1.0	False	ANI95_02239	GCA_030948215.1	SAMN27861916	SAMN28015693	False	False	Kap Hoegh	1	37.21	desert2025__GCA_030948215.1
desert2025__GCA_030855925.1	not_detected	not_detected	not_detected	not_detected	not_detected	partial	global_desert_PRJNA832417	56.29	3.85	3791	466	True	False	GCA_030855925.1	Bacteria	Pseudomonadota	Gammaproteobacteria	Xanthomonadales	Xanthomonadaceae	Thermomonas		desert_prefixed_r226		McMurdo Dry Valleys	3.0	False	ANI95_01821	GCA_030855925.1	SAMN27861883;SAMN27861884;SAMN27861885	SAMN28015421	False	False	McMurdo Dry Valleys	1	37.04	desert2025__GCA_030855925.1
desert2025__GCA_030861175.1	not_detected	panel_complete	not_detected	not_detected	not_detected	not_detected	global_desert_PRJNA832417	62.71	5.2	3478	1002	True	False	GCA_030861175.1	Bacteria	Chloroflexota	UBA6077	UBA6077	CF-72	CF-72		desert_prefixed_r226		South Australian Desert	3.0	False	ANI95_02045	GCA_030861175.1	SAMN27861871;SAMN27861872;SAMN27861873	SAMN28015845	False	False	South Australian Desert	1	36.71	desert2025__GCA_030861175.1
desert2025__GCA_030860595.1	not_detected	not_detected	not_detected	not_detected	not_detected	not_detected	global_desert_PRJNA832417	56.33	3.93	3295	464	True	False	GCA_030860595.1	Bacteria	Actinomycetota	Rubrobacteria	Rubrobacterales	Rubrobacteraceae	Rubrobacter_F	Rubrobacter_F sp030861485	desert_prefixed_r226		Sonoran Desert	1.0	False	ANI95_02020	GCA_030860595.1	SAMN27861879	SAMN28015890	False	False	Sonoran Desert	1	36.67999999999999	desert2025__GCA_030860595.1
desert2025__GCA_030946605.1	not_detected	panel_complete	not_detected	not_detected	not_detected	not_detected	global_desert_PRJNA832417	63.94	5.54	3685	566	True	False	GCA_030946605.1	Bacteria	Actinomycetota	Actinomycetes	Actinomycetales	Dermatophilaceae	Lapillicoccus		desert_prefixed_r226		Kap Hoegh	3.0	False	ANI95_02186	GCA_030946605.1	SAMN27861916;SAMN27861917;SAMN27861918	SAMN28015634	False	False	Kap Hoegh	1	36.239999999999995	desert2025__GCA_030946605.1
desert2025__GCA_030854405.1	not_detected	partial	not_detected	not_detected	not_detected	not_detected	global_desert_PRJNA832417	76.97	8.15	10193	285	True	False	GCA_030854405.1	Bacteria	Chloroflexota	Limnocylindria	QHBO01	QHBO01	JALYSK01		desert_prefixed_r226		Livingston Island	3.0	False	ANI95_01751	GCA_030854405.1	SAMN27861889;SAMN27861890;SAMN27861891	SAMN28015500	False	False	Livingston Island	1	36.22	desert2025__GCA_030854405.1
desert2025__GCA_030855185.1	not_detected	not_detected	not_detected	not_detected	not_detected	not_detected	global_desert_PRJNA832417	59.38	4.67	3666	764	True	False	GCA_030855185.1	Bacteria	Acidobacteriota	Blastocatellia	Pyrinomonadales	Pyrinomonadaceae	GCA-002050365		desert_prefixed_r226		McMurdo Dry Valleys	1.0	False	ANI95_01787	GCA_030855185.1	SAMN27861884	SAMN28015464	False	False	McMurdo Dry Valleys	1	36.03	desert2025__GCA_030855185.1
desert2025__GCA_030863315.1	not_detected	partial	not_detected	not_detected	not_detected	not_detected	global_desert_PRJNA832417	50.72	2.95	4902	488	True	False	GCA_030863315.1	Bacteria	Actinomycetota	CADDZG01	CADDZG01	WHSQ01	JALZEG01		desert_prefixed_r226		Namib Desert	3.0	False	ANI95_02140	GCA_030863315.1	SAMN27861853;SAMN27861854;SAMN27861855	SAMN28015735	False	False	Namib Desert	1	35.97	desert2025__GCA_030863315.1
desert2025__GCA_030858105.1	not_detected	not_detected	not_detected	not_detected	not_detected	not_detected	global_desert_PRJNA832417	53.92	3.62	3047	495	True	False	GCA_030858105.1	Bacteria	Actinomycetota	Acidimicrobiia	Acidimicrobiales	CADCSY01	JADDRA01		desert_prefixed_r226		Mount Seuss	3.0	False	ANI95_01912	GCA_030858105.1	SAMN27861886;SAMN27861887;SAMN27861888	SAMN28016014	False	False	Mount Seuss	1	35.82	desert2025__GCA_030858105.1
desert2025__GCA_030799365.1	partial	partial	not_detected	not_detected	not_detected	not_detected	global_desert_PRJNA832417	68.5	6.57	3738	503	True	False	GCA_030799365.1	Bacteria	Pseudomonadota	Alphaproteobacteria	Sphingomonadales	Sphingomonadaceae	Sphingomicrobium		desert_prefixed_r226		Hietatievat	3.0	False	ANI95_01665	GCA_030799365.1	SAMN27861904;SAMN27861905;SAMN27861906	SAMN28004875	False	False	Hietatievat	1	35.65	desert2025__GCA_030799365.1
desert2025__GCA_030946835.1	not_detected	panel_complete	not_detected	not_detected	not_detected	not_detected	global_desert_PRJNA832417	55.63	4.11	2952	1095	True	False	GCA_030946835.1	Bacteria	Chloroflexota	Ktedonobacteria	Ktedonobacterales	Ktedonobacteraceae	DATGJV01		desert_prefixed_r226		Kap Hoegh	3.0	False	ANI95_02197	GCA_030946835.1	SAMN27861916;SAMN27861917;SAMN27861918	SAMN28015624	False	False	Kap Hoegh	1	35.08	desert2025__GCA_030946835.1
desert2025__GCA_030863005.1	not_detected	not_detected	not_detected	not_detected	not_detected	not_detected	global_desert_PRJNA832417	53.23	3.8	3411	386	True	False	GCA_030863005.1	Bacteria	Actinomycetota	Thermoleophilia	Gaiellales	Gaiellaceae			desert_prefixed_r226		Richtersveld	3.0	False	ANI95_02124	GCA_030863005.1	SAMN27861856;SAMN27861857;SAMN27861858	SAMN28015752	False	False	Richtersveld	1	34.23	desert2025__GCA_030863005.1
desert2025__GCA_030862545.1	not_detected	not_detected	not_detected	not_detected	not_detected	not_detected	global_desert_PRJNA832417	58.34	4.83	3013	570	True	False	GCA_030862545.1	Bacteria	Actinomycetota	Thermoleophilia	Solirubrobacterales	Solirubrobacteraceae	AC-38		desert_prefixed_r226		Sahara Desert - Ksar Ghilane	1.0	False	ANI95_02105	GCA_030862545.1	SAMN27861861	SAMN28015775	False	False	Sahara Desert - Ksar Ghilane	1	34.190000000000005	desert2025__GCA_030862545.1
desert2025__GCA_030856125.1	not_detected	not_detected	not_detected	not_detected	not_detected	not_detected	global_desert_PRJNA832417	63.68	5.94	4121	717	True	False	GCA_030856125.1	Bacteria	Acidobacteriota	Blastocatellia	Pyrinomonadales	Pyrinomonadaceae	JACCRA01	JACCRA01 sp013813825	desert_prefixed_r226		McMurdo Dry Valleys	3.0	False	ANI95_01831	GCA_030856125.1	SAMN27861883;SAMN27861884;SAMN27861885	SAMN28015414	False	False	McMurdo Dry Valleys	1	33.98	desert2025__GCA_030856125.1
desert2025__GCA_030863105.1	not_detected	not_detected	not_detected	not_detected	not_detected	not_detected	global_desert_PRJNA832417	52.97	3.8	3156	374	True	False	GCA_030863105.1	Bacteria	Actinomycetota	Thermoleophilia	Solirubrobacterales	Thermoleophilaceae	JACCUC01		desert_prefixed_r226		Richtersveld	3.0	False	ANI95_02129	GCA_030863105.1	SAMN27861856;SAMN27861857;SAMN27861858	SAMN28015747	False	False	Richtersveld	1	33.97	desert2025__GCA_030863105.1
desert2025__GCA_030856175.1	not_detected	not_detected	not_detected	partial	not_detected	not_detected	global_desert_PRJNA832417	53.47	3.91	3512	487	True	False	GCA_030856175.1	Bacteria	Chloroflexota	Limnocylindria	QHBO01	QHBO01	JACDBZ01	JACDBZ01 sp037721115	desert_prefixed_r226		McMurdo Dry Valleys	3.0	False	ANI95_01834	GCA_030856175.1	SAMN27861883;SAMN27861884;SAMN27861885	SAMN28015411	False	False	McMurdo Dry Valleys	1	33.92	desert2025__GCA_030856175.1
desert2025__GCA_030855745.1	not_detected	partial	not_detected	not_detected	not_detected	not_detected	global_desert_PRJNA832417	52.05	3.65	3345	549	True	False	GCA_030855745.1	Bacteria	Actinomycetota	Acidimicrobiia	Acidimicrobiales	CADCTF01	DATLED01		desert_prefixed_r226		McMurdo Dry Valleys	3.0	False	ANI95_01813	GCA_030855745.1	SAMN27861883;SAMN27861884;SAMN27861885	SAMN28015430	False	False	McMurdo Dry Valleys	1	33.8	desert2025__GCA_030855745.1
desert2025__GCA_030946065.1	not_detected	not_detected	not_detected	not_detected	not_detected	not_detected	global_desert_PRJNA832417	52.1	3.68	3588	406	True	False	GCA_030946065.1	Bacteria	Chloroflexota	Dormibacteria	Dormibacterales	Dormibacteraceae	CAXMLP01		desert_prefixed_r226		Kap Hoegh	3.0	False	ANI95_02174	GCA_030946065.1	SAMN27861916;SAMN27861917;SAMN27861918	SAMN28015648	False	False	Kap Hoegh	1	33.7	desert2025__GCA_030946065.1
desert2025__GCA_030852585.1	not_detected	not_detected	not_detected	not_detected	not_detected	not_detected	global_desert_PRJNA832417	57.65	4.8	3439	492	True	False	GCA_030852585.1	Bacteria	Actinomycetota	Thermoleophilia	Solirubrobacterales	70-9	JALZKA01		desert_prefixed_r226		Kuwait Desert	3.0	False	ANI95_01671	GCA_030852585.1	SAMN27861901;SAMN27861902;SAMN27861903	SAMN28015591	False	False	Kuwait Desert	1	33.65	desert2025__GCA_030852585.1
desert2025__GCA_030852865.1	not_detected	not_detected	not_detected	not_detected	not_detected	not_detected	global_desert_PRJNA832417	57.37	4.75	3192	663	True	False	GCA_030852865.1	Bacteria	Chloroflexota	Chloroflexia	Thermomicrobiales	UBA6265	DASQCG01		desert_prefixed_r226		Kuwait Desert	3.0	False	ANI95_01682	GCA_030852865.1	SAMN27861901;SAMN27861902;SAMN27861903	SAMN28015576	False	False	Kuwait Desert	1	33.62	desert2025__GCA_030852865.1
desert2025__GCA_030913735.1	not_detected	partial	not_detected	not_detected	not_detected	panel_complete	global_desert_PRJNA832417	54.89	4.29	3043	727	True	False	GCA_030913735.1	Bacteria	Actinomycetota	Actinomycetes	Actinomycetales	Micrococcaceae	Arthrobacter		desert_prefixed_r226	Genome not assigned to closest species as it falls outside its pre-defined ANI radius	Svalbard	1.0	False	ANI95_02151	GCA_030913735.1	SAMN27861908	SAMN28016071	False	False	Svalbard	1	33.44	desert2025__GCA_030913735.1
desert2025__GCA_030774595.1	not_detected	panel_complete	not_detected	not_detected	not_detected	not_detected	global_desert_PRJNA832417	59.92	5.37	12555	277	True	False	GCA_030774595.1	Bacteria	Chloroflexota	Limnocylindria	P2-11E	P2-11E	JALYKU01		desert_prefixed_r226		Alex Fiord-Dome	3.0	False	ANI95_01558	GCA_030774595.1	SAMN27861913;SAMN27861914;SAMN27861915	SAMN28004937	False	False	Alex Fiord-Dome	1	33.07	desert2025__GCA_030774595.1
desert2025__GCA_030776885.1	not_detected	not_detected	not_detected	not_detected	not_detected	not_detected	global_desert_PRJNA832417	74.87	8.48	4885	568	True	False	GCA_030776885.1	Bacteria	Actinomycetota	Nitriliruptoria	Euzebyales	Egibacteraceae	DASZOD01		desert_prefixed_r226		Gobi Desert - China	3.0	False	ANI95_01640	GCA_030776885.1	SAMN27861898;SAMN27861899;SAMN27861900	SAMN28004834	False	False	Gobi Desert - China	1	32.47	desert2025__GCA_030776885.1
desert2025__GCA_030854625.1	partial	panel_complete	not_detected	not_detected	not_detected	not_detected	global_desert_PRJNA832417	51.78	3.9	3251	487	True	False	GCA_030854625.1	Bacteria	Verrucomicrobiota	Verrucomicrobiia	Chthoniobacterales	UBA10450	JACCTI01		desert_prefixed_r226		Livingston Island	3.0	False	ANI95_01761	GCA_030854625.1	SAMN27861889;SAMN27861890;SAMN27861891	SAMN28015488	False	False	Livingston Island	1	32.28	desert2025__GCA_030854625.1
desert2025__GCA_030773815.1	not_detected	partial	not_detected	not_detected	not_detected	not_detected	global_desert_PRJNA832417	75.97	8.89	5293	1276	True	False	GCA_030773815.1	Bacteria	Chloroflexota	Chloroflexia	Thermomicrobiales	UBA6265	LC2-1	LC2-1 sp016781925	desert_prefixed_r226		Atacama Desert	3.0	False	ANI95_01521	GCA_030773815.1	SAMN27861919;SAMN27861920;SAMN27861921	SAMN28004978	False	False	Atacama Desert	1	31.519999999999996	desert2025__GCA_030773815.1
desert2025__GCA_030859465.1	not_detected	not_detected	not_detected	partial	not_detected	not_detected	global_desert_PRJNA832417	56.07	5.13	3908	968	True	False	GCA_030859465.1	Bacteria	Actinomycetota	Actinomycetes	Mycobacteriales	Pseudonocardiaceae	Actinokineospora		desert_prefixed_r226		Mojave Desert	1.0	False	ANI95_01970	GCA_030859465.1	SAMN27861882	SAMN28015946	False	False	Mojave Desert	1	30.42	desert2025__GCA_030859465.1
desert2025__GCA_030773055.1	not_detected	partial	not_detected	not_detected	not_detected	not_detected	global_desert_PRJNA832417	57.29	5.38	3590	485	True	False	GCA_030773055.1	Bacteria	Actinomycetota	Thermoleophilia	Gaiellales	Gaiellaceae	JACDAN01		desert_prefixed_r226		Drass Desert	1.0	False	ANI95_01497	GCA_030773055.1	SAMN27861923	SAMN28005015	False	False	Drass Desert	1	30.39	desert2025__GCA_030773055.1
desert2025__GCA_030863375.1	not_detected	not_detected	partial	not_detected	not_detected	not_detected	global_desert_PRJNA832417	68.54	7.73	6671	543	True	False	GCA_030863375.1	Bacteria	Actinomycetota	Rubrobacteria	Rubrobacterales	Rubrobacteraceae	Rubrobacter_D		desert_prefixed_r226		Namib Desert	3.0	False	ANI95_02143	GCA_030863375.1	SAMN27861853;SAMN27861854;SAMN27861855	SAMN28015732	False	False	Namib Desert	1	29.89	desert2025__GCA_030863375.1
desert2025__GCA_030854425.1	not_detected	not_detected	partial	not_detected	not_detected	not_detected	global_desert_PRJNA832417	59.32	5.96	3400	658	True	False	GCA_030854425.1	Bacteria	Chloroflexota	Limnocylindria	Limnocylindrales	CSP1-4	JACDAV01		desert_prefixed_r226		Livingston Island	3.0	False	ANI95_01752	GCA_030854425.1	SAMN27861889;SAMN27861890;SAMN27861891	SAMN28015499	False	False	Livingston Island	1	29.52	desert2025__GCA_030854425.1
desert2025__GCA_030852665.1	not_detected	not_detected	not_detected	not_detected	not_detected	not_detected	global_desert_PRJNA832417	54.03	4.96	3261	591	True	False	GCA_030852665.1	Bacteria	Gemmatimonadota	Gemmatimonadetes	Gemmatimonadales	GWC2-71-9	DASSTY01		desert_prefixed_r226		Kuwait Desert	3.0	False	ANI95_01675	GCA_030852665.1	SAMN27861901;SAMN27861902;SAMN27861903	SAMN28015585	False	False	Kuwait Desert	1	29.23	desert2025__GCA_030852665.1
desert2025__GCA_030775845.1	partial	not_detected	not_detected	not_detected	not_detected	not_detected	global_desert_PRJNA832417	54.1	4.99	3095	865	True	False	GCA_030775845.1	Bacteria	Bacteroidota	Bacteroidia	Chitinophagales	Chitinophagaceae	Puia		desert_prefixed_r226	Genome has more than 10.8% of markers with multiple hits	Hietatievat	3.0	False	ANI95_01608	GCA_030775845.1	SAMN27861904;SAMN27861905;SAMN27861906	SAMN28004873	False	False	Hietatievat	1	29.15	desert2025__GCA_030775845.1
desert2025__GCA_030861065.1	not_detected	not_detected	partial	not_detected	not_detected	partial	global_desert_PRJNA832417	60.94	6.37	3198	493	True	False	GCA_030861065.1	Bacteria	Actinomycetota	Rubrobacteria	Rubrobacterales	Rubrobacteraceae	Rubrobacter_F	Rubrobacter_F sp030861485	desert_prefixed_r226		South Australian Desert	3.0	False	ANI95_02039	GCA_030861065.1	SAMN27861871;SAMN27861872;SAMN27861873	SAMN28015851	False	False	South Australian Desert	1	29.089999999999996	desert2025__GCA_030861065.1
desert2025__GCA_030860165.1	panel_complete	panel_complete	not_detected	not_detected	not_detected	not_detected	global_desert_PRJNA832417	75.08	9.25	9965	486	True	False	GCA_030860165.1	Bacteria	Acidobacteriota	Blastocatellia	Pyrinomonadales	Pyrinomonadaceae	GCA-002050365		desert_prefixed_r226		Mojave Desert	3.0	False	ANI95_01999	GCA_030860165.1	SAMN27861880;SAMN27861881;SAMN27861882	SAMN28015911	False	False	Mojave Desert	1	28.83	desert2025__GCA_030860165.1
desert2025__GCA_030774885.1	panel_complete	panel_complete	partial	not_detected	not_detected	not_detected	global_desert_PRJNA832417	68.6	8.0	6573	573	True	False	GCA_030774885.1	Bacteria	Actinomycetota	Actinomycetes	Actinomycetales	Angustibacteraceae			desert_prefixed_r226	Genome has more than 15.8% of markers with multiple hits	Alex Fiord-Dome	3.0	False	ANI95_01570	GCA_030774885.1	SAMN27861913;SAMN27861914;SAMN27861915	SAMN28004924	False	False	Alex Fiord-Dome	1	28.599999999999994	desert2025__GCA_030774885.1
desert2025__GCA_030775595.1	partial	partial	not_detected	not_detected	not_detected	not_detected	global_desert_PRJNA832417	54.22	5.13	2979	708	True	False	GCA_030775595.1	Bacteria	Pseudomonadota	Alphaproteobacteria	Acetobacterales	Acetobacteraceae	JAVVHH01		desert_prefixed_r226		Hietatievat	3.0	False	ANI95_01598	GCA_030775595.1	SAMN27861904;SAMN27861905;SAMN27861906	SAMN28004885	False	False	Hietatievat	1	28.57	desert2025__GCA_030775595.1
desert2025__GCA_030852745.1	not_detected	not_detected	not_detected	not_detected	not_detected	not_detected	global_desert_PRJNA832417	72.12	8.75	4831	463	True	False	GCA_030852745.1	Bacteria	Actinomycetota	Thermoleophilia	Solirubrobacterales	70-9	67-14		desert_prefixed_r226		Kuwait Desert	3.0	False	ANI95_01677	GCA_030852745.1	SAMN27861901;SAMN27861902;SAMN27861903	SAMN28015582	False	False	Kuwait Desert	1	28.370000000000005	desert2025__GCA_030852745.1
desert2025__GCA_030862965.1	not_detected	not_detected	not_detected	not_detected	not_detected	not_detected	global_desert_PRJNA832417	59.95	6.42	3515	556	True	False	GCA_030862965.1	Bacteria	Actinomycetota	Thermoleophilia	Solirubrobacterales	Thermoleophilaceae	JAAYBF01		desert_prefixed_r226		Richtersveld	3.0	False	ANI95_02122	GCA_030862965.1	SAMN27861856;SAMN27861857;SAMN27861858	SAMN28015753	False	False	Richtersveld	1	27.85	desert2025__GCA_030862965.1
desert2025__GCA_030859445.1	not_detected	not_detected	partial	not_detected	not_detected	not_detected	global_desert_PRJNA832417	68.15	8.2	4881	474	True	False	GCA_030859445.1	Bacteria	Actinomycetota	Rubrobacteria	Rubrobacterales	Rubrobacteraceae	Rubrobacter_D	Rubrobacter_D sp013698525	desert_prefixed_r226		Mojave Desert	1.0	False	ANI95_01969	GCA_030859445.1	SAMN27861882	SAMN28015947	False	False	Mojave Desert	1	27.150000000000006	desert2025__GCA_030859445.1
desert2025__GCA_030853825.1	panel_complete	panel_complete	not_detected	not_detected	not_detected	partial	global_desert_PRJNA832417	64.7	7.54	10756	637	True	False	GCA_030853825.1	Bacteria	Acidobacteriota	Terriglobia	Bryobacterales	Bryobacteraceae	Bog-105		desert_prefixed_r226		Lagoon Island	3.0	False	ANI95_01725	GCA_030853825.1	SAMN27861892;SAMN27861893;SAMN27861894	SAMN28015529	False	False	Lagoon Island	1	27.0	desert2025__GCA_030853825.1
desert2025__GCA_030855735.1	not_detected	partial	panel_complete	not_detected	not_detected	not_detected	global_desert_PRJNA832417	63.93	7.41	3181	634	True	False	GCA_030855735.1	Bacteria	Actinomycetota	Actinomycetes	Propionibacteriales	Nocardioidaceae	JACDHG01		desert_prefixed_r226		McMurdo Dry Valleys	3.0	False	ANI95_01812	GCA_030855735.1	SAMN27861883;SAMN27861884;SAMN27861885	SAMN28015431	False	False	McMurdo Dry Valleys	1	26.880000000000003	desert2025__GCA_030855735.1
desert2025__GCA_030853465.1	not_detected	not_detected	not_detected	not_detected	not_detected	not_detected	global_desert_PRJNA832417	59.38	6.5	3119	1202	True	False	GCA_030853465.1	Bacteria	Pseudomonadota	Alphaproteobacteria	Acetobacterales	Acetobacteraceae			desert_prefixed_r226		Lagoon Island	3.0	False	ANI95_01708	GCA_030853465.1	SAMN27861892;SAMN27861893;SAMN27861894	SAMN28015547	False	False	Lagoon Island	1	26.880000000000003	desert2025__GCA_030853465.1
desert2025__GCA_030857445.1	not_detected	not_detected	not_detected	not_detected	not_detected	not_detected	global_desert_PRJNA832417	55.21	5.85	4669	534	True	False	GCA_030857445.1	Bacteria	Actinomycetota	Rubrobacteria	Rubrobacterales	Rubrobacteraceae	Rubrobacter_F		desert_prefixed_r226		Mount Seuss	1.0	False	ANI95_01890	GCA_030857445.1	SAMN27861887	SAMN28016046	False	False	Mount Seuss	1	25.96	desert2025__GCA_030857445.1
desert2025__GCA_030948725.1	panel_complete	panel_complete	not_detected	not_detected	not_detected	not_detected	global_desert_PRJNA832417	62.18	7.27	5063	550	True	False	GCA_030948725.1	Bacteria	Actinomycetota	Acidimicrobiia	Acidimicrobiales	AC-14	DATAQC01		desert_prefixed_r226		Kap Hoegh	3.0	False	ANI95_02260	GCA_030948725.1	SAMN27861916;SAMN27861917;SAMN27861918	SAMN28015670	False	False	Kap Hoegh	1	25.830000000000005	desert2025__GCA_030948725.1
desert2025__GCA_030913775.1	panel_complete	partial	partial	not_detected	not_detected	not_detected	global_desert_PRJNA832417	62.26	7.29	3446	953	True	False	GCA_030913775.1	Bacteria	Actinomycetota	Thermoleophilia	Solirubrobacterales	Thermoleophilaceae	JACVRW01		desert_prefixed_r226		Svalbard	3.0	False	ANI95_02154	GCA_030913775.1	SAMN27861907;SAMN27861908;SAMN27861909	SAMN28016069	False	False	Svalbard	1	25.809999999999995	desert2025__GCA_030913775.1
desert2025__GCA_030775225.1	panel_complete	panel_complete	not_detected	not_detected	not_detected	not_detected	global_desert_PRJNA832417	70.37	9.0	2842	985	True	False	GCA_030775225.1	Bacteria	Actinomycetota	Thermoleophilia	Solirubrobacterales	Thermoleophilaceae	JAAYBF01		desert_prefixed_r226		Cambridge Bay	3.0	False	ANI95_01582	GCA_030775225.1	SAMN27861910;SAMN27861911;SAMN27861912	SAMN28004905	False	False	Cambridge Bay	1	25.370000000000005	desert2025__GCA_030775225.1
desert2025__GCA_030863425.1	not_detected	not_detected	not_detected	not_detected	not_detected	not_detected	global_desert_PRJNA832417	50.37	5.04	3319	412	True	False	GCA_030863425.1	Bacteria	Actinomycetota	CADDZG01	CADDZG01	WHSQ01	JALZEA01		desert_prefixed_r226		Namib Desert	3.0	False	ANI95_02144	GCA_030863425.1	SAMN27861853;SAMN27861854;SAMN27861855	SAMN28015739	False	False	Namib Desert	1	25.169999999999998	desert2025__GCA_030863425.1
desert2025__GCA_030863365.1	not_detected	not_detected	not_detected	not_detected	not_detected	not_detected	global_desert_PRJNA832417	54.76	5.94	3652	700	True	False	GCA_030863365.1	Bacteria	Pseudomonadota	Alphaproteobacteria	Rhizobiales	Beijerinckiaceae	Microvirga		desert_prefixed_r226		Namib Desert	3.0	False	ANI95_02142	GCA_030863365.1	SAMN27861853;SAMN27861854;SAMN27861855	SAMN28015733	False	False	Namib Desert	1	25.059999999999995	desert2025__GCA_030863365.1
desert2025__GCA_030860865.1	partial	panel_complete	not_detected	not_detected	not_detected	not_detected	global_desert_PRJNA832417	58.6	6.79	2763	1444	True	False	GCA_030860865.1	Bacteria	Tectomicrobia	Entotheonellia	J063				desert_prefixed_r226		South Australian Desert	1.0	False	ANI95_02032	GCA_030860865.1	SAMN27861873	SAMN28015861	False	False	South Australian Desert	1	24.65	desert2025__GCA_030860865.1
desert2025__GCA_030862325.1	not_detected	not_detected	not_detected	not_detected	not_detected	not_detected	global_desert_PRJNA832417	57.17	6.63	3269	812	True	False	GCA_030862325.1	Bacteria	Actinomycetota	Actinomycetes	Mycobacteriales	Pseudonocardiaceae	JALYQB01		desert_prefixed_r226		Sahara Desert - Douz-Matmata	1.0	False	ANI95_02095	GCA_030862325.1	SAMN27861864	SAMN28015788	False	False	Sahara Desert - Douz-Matmata	1	24.020000000000003	desert2025__GCA_030862325.1
desert2025__GCA_030862165.1	not_detected	not_detected	not_detected	not_detected	not_detected	not_detected	global_desert_PRJNA832417	50.97	5.39	3054	600	True	False	GCA_030862165.1	Bacteria	Actinomycetota	Rubrobacteria	Rubrobacterales	Rubrobacteraceae	Rubrobacter_D		desert_prefixed_r226	Genome has more than 10.0% of markers with multiple hits	Negev Desert	3.0	False	ANI95_02087	GCA_030862165.1	SAMN27861865;SAMN27861866;SAMN27861867	SAMN28015794	False	False	Negev Desert	1	24.02	desert2025__GCA_030862165.1
desert2025__GCA_030857145.1	not_detected	not_detected	not_detected	not_detected	not_detected	not_detected	global_desert_PRJNA832417	57.91	6.78	2630	840	True	False	GCA_030857145.1	Bacteria	Actinomycetota	Rubrobacteria	Rubrobacterales	Rubrobacteraceae	Rubrobacter_F		desert_prefixed_r226		Kalahari Desert	3.0	False	ANI95_01877	GCA_030857145.1	SAMN27861850;SAMN27861851;SAMN27861852	SAMN28015363	False	False	Kalahari Desert	1	24.009999999999998	desert2025__GCA_030857145.1
desert2025__GCA_030854845.1	not_detected	panel_complete	not_detected	not_detected	not_detected	not_detected	global_desert_PRJNA832417	65.89	8.39	3648	1659	True	False	GCA_030854845.1	Bacteria	Acidobacteriota	Terriglobia	Bryobacterales	Bryobacteraceae	JBBSHP01		desert_prefixed_r226		Livingston Island	3.0	False	ANI95_01770	GCA_030854845.1	SAMN27861889;SAMN27861890;SAMN27861891	SAMN28015483	False	False	Livingston Island	1	23.939999999999998	desert2025__GCA_030854845.1
desert2025__GCA_030776985.1	not_detected	partial	not_detected	not_detected	not_detected	not_detected	global_desert_PRJNA832417	50.07	5.28	5169	505	True	False	GCA_030776985.1	Bacteria	Actinomycetota	Rubrobacteria	Rubrobacterales	Rubrobacteraceae	Rubrobacter_F		desert_prefixed_r226		Gobi Desert - China	3.0	False	ANI95_01645	GCA_030776985.1	SAMN27861898;SAMN27861899;SAMN27861900	SAMN28004830	False	False	Gobi Desert - China	1	23.669999999999998	desert2025__GCA_030776985.1
desert2025__GCA_030775265.1	partial	not_detected	not_detected	not_detected	not_detected	not_detected	global_desert_PRJNA832417	57.82	6.85	2700	878	True	False	GCA_030775265.1	Bacteria	Desulfobacterota_B	Binatia	UBA9968	UBA9968	DP-20		desert_prefixed_r226	Genome has more than 10.0% of markers with multiple hits	Cambridge Bay	3.0	False	ANI95_01584	GCA_030775265.1	SAMN27861910;SAMN27861911;SAMN27861912	SAMN28004904	False	False	Cambridge Bay	1	23.57	desert2025__GCA_030775265.1
desert2025__GCA_030773095.1	not_detected	partial	not_detected	not_detected	not_detected	panel_complete	global_desert_PRJNA832417	58.29	7.08	3532	698	True	False	GCA_030773095.1	Bacteria	Chloroflexota	Limnocylindria	Limnocylindrales	CSP1-4	Chersky-267		desert_prefixed_r226		Drass Desert	3.0	False	ANI95_01498	GCA_030773095.1	SAMN27861922;SAMN27861923;SAMN27861924	SAMN28005012	False	False	Drass Desert	1	22.89	desert2025__GCA_030773095.1
desert2025__GCA_030861675.1	not_detected	not_detected	not_detected	not_detected	not_detected	partial	global_desert_PRJNA832417	56.96	6.83	4290	541	True	False	GCA_030861675.1	Bacteria	Acidobacteriota	Blastocatellia	Pyrinomonadales	Pyrinomonadaceae	JAIVGV01		desert_prefixed_r226	Genome has more than 13.3% of markers with multiple hits	North Australian Desert	3.0	False	ANI95_02067	GCA_030861675.1	SAMN27861868;SAMN27861869;SAMN27861870	SAMN28015819	False	False	North Australian Desert	1	22.810000000000002	desert2025__GCA_030861675.1
desert2025__GCA_030859665.1	not_detected	panel_complete	not_detected	not_detected	not_detected	not_detected	global_desert_PRJNA832417	67.1	8.89	4621	543	True	False	GCA_030859665.1	Bacteria	Actinomycetota	Thermoleophilia	Solirubrobacterales	Solirubrobacteraceae	Siliceabacter		desert_prefixed_r226		Mojave Desert	3.0	False	ANI95_01978	GCA_030859665.1	SAMN27861880;SAMN27861881;SAMN27861882	SAMN28015936	False	False	Mojave Desert	1	22.64999999999999	desert2025__GCA_030859665.1
desert2025__GCA_030855475.1	panel_complete	panel_complete	not_detected	not_detected	not_detected	not_detected	global_desert_PRJNA832417	51.73	5.87	4210	790	True	False	GCA_030855475.1	Bacteria	Acidobacteriota	Blastocatellia	Pyrinomonadales	Pyrinomonadaceae	GCA-002050365		desert_prefixed_r226		McMurdo Dry Valleys	3.0	False	ANI95_01800	GCA_030855475.1	SAMN27861883;SAMN27861884;SAMN27861885	SAMN28015446	False	False	McMurdo Dry Valleys	1	22.379999999999995	desert2025__GCA_030855475.1
desert2025__GCA_030858505.1	not_detected	not_detected	not_detected	not_detected	not_detected	partial	global_desert_PRJNA832417	69.8	9.59	6342	554	True	False	GCA_030858505.1	Bacteria	Acidobacteriota	Blastocatellia	Pyrinomonadales	Pyrinomonadaceae	PSRF01		desert_prefixed_r226	Genome has more than 13.3% of markers with multiple hits	Mount Seuss	3.0	False	ANI95_01927	GCA_030858505.1	SAMN27861886;SAMN27861887;SAMN27861888	SAMN28015994	False	False	Mount Seuss	1	21.849999999999994	desert2025__GCA_030858505.1
desert2025__GCA_030860035.1	not_detected	not_detected	not_detected	not_detected	not_detected	not_detected	global_desert_PRJNA832417	59.27	7.5	4260	608	True	False	GCA_030860035.1	Bacteria	Actinomycetota	Thermoleophilia	Solirubrobacterales	Solirubrobacteraceae	CADCVQ01		desert_prefixed_r226		Mojave Desert	3.0	False	ANI95_01993	GCA_030860035.1	SAMN27861880;SAMN27861881;SAMN27861882	SAMN28015915	False	False	Mojave Desert	1	21.770000000000003	desert2025__GCA_030860035.1
desert2025__GCA_030856495.1	not_detected	not_detected	not_detected	not_detected	not_detected	not_detected	global_desert_PRJNA832417	56.7	7.01	11139	237	True	False	GCA_030856495.1	Bacteria	Pseudomonadota	Gammaproteobacteria	Xanthomonadales	Xanthomonadaceae	JALZKJ01		desert_prefixed_r226		McMurdo Dry Valleys	3.0	False	ANI95_01848	GCA_030856495.1	SAMN27861883;SAMN27861884;SAMN27861885	SAMN28015397	False	False	McMurdo Dry Valleys	1	21.650000000000006	desert2025__GCA_030856495.1
desert2025__GCA_030776795.1	not_detected	not_detected	partial	not_detected	not_detected	not_detected	global_desert_PRJNA832417	64.94	8.71	5170	1162	True	False	GCA_030776795.1	Bacteria	Actinomycetota	Nitriliruptoria	Nitriliruptorales	JAHWKO01	JALYGD01		desert_prefixed_r226		Gobi Desert - China	3.0	False	ANI95_01637	GCA_030776795.1	SAMN27861898;SAMN27861899;SAMN27861900	SAMN28004839	False	False	Gobi Desert - China	1	21.389999999999993	desert2025__GCA_030776795.1
desert2025__GCA_030858745.1	not_detected	not_detected	not_detected	not_detected	not_detected	not_detected	global_desert_PRJNA832417	51.28	6.03	4039	488	True	False	GCA_030858745.1	Bacteria	Actinomycetota	Actinomycetes	Actinomycetales	Dermatophilaceae	Ornithinicoccus		desert_prefixed_r226		Mount Seuss	3.0	False	ANI95_01938	GCA_030858745.1	SAMN27861886;SAMN27861887;SAMN27861888	SAMN28015983	False	False	Mount Seuss	1	21.13	desert2025__GCA_030858745.1
desert2025__GCA_030948945.1	not_detected	partial	not_detected	not_detected	not_detected	not_detected	global_desert_PRJNA832417	58.54	7.56	9595	414	True	False	GCA_030948945.1	Bacteria	Gemmatimonadota	Gemmatimonadetes	Gemmatimonadales	Gemmatimonadaceae	UBA4720		desert_prefixed_r226		Kap Hoegh	3.0	False	ANI95_02271	GCA_030948945.1	SAMN27861916;SAMN27861917;SAMN27861918	SAMN28015657	False	False	Kap Hoegh	1	20.740000000000002	desert2025__GCA_030948945.1
desert2025__GCA_030853165.1	not_detected	not_detected	not_detected	not_detected	not_detected	not_detected	global_desert_PRJNA832417	52.85	6.51	5659	472	True	False	GCA_030853165.1	Bacteria	Actinomycetota	Acidimicrobiia	Acidimicrobiales	Palsa-688	JALZAH01		desert_prefixed_r226		Lagoon Island	1.0	False	ANI95_01695	GCA_030853165.1	SAMN27861892	SAMN28015562	False	False	Lagoon Island	1	20.300000000000004	desert2025__GCA_030853165.1
desert2025__GCA_030860745.1	not_detected	not_detected	panel_complete	not_detected	not_detected	not_detected	global_desert_PRJNA832417	55.86	7.17	3040	835	True	False	GCA_030860745.1	Bacteria	Actinomycetota	Rubrobacteria	Rubrobacterales	Rubrobacteraceae	JALYGY01		desert_prefixed_r226		Sonoran Desert	3.0	False	ANI95_02027	GCA_030860745.1	SAMN27861877;SAMN27861878;SAMN27861879	SAMN28015882	False	False	Sonoran Desert	1	20.009999999999998	desert2025__GCA_030860745.1
desert2025__GCA_030774655.1	not_detected	not_detected	not_detected	not_detected	not_detected	not_detected	global_desert_PRJNA832417	55.31	7.18	3989	397	True	False	GCA_030774655.1	Bacteria	Verrucomicrobiota	Verrucomicrobiia	Chthoniobacterales	UBA10450			desert_prefixed_r226	Genome has more than 10.8% of markers with multiple hits	Alex Fiord-Dome	3.0	False	ANI95_01561	GCA_030774655.1	SAMN27861913;SAMN27861914;SAMN27861915	SAMN28004934	False	False	Alex Fiord-Dome	1	19.410000000000004	desert2025__GCA_030774655.1
desert2025__GCA_030859545.1	not_detected	not_detected	not_detected	not_detected	not_detected	not_detected	global_desert_PRJNA832417	60.81	8.54	3453	1015	True	False	GCA_030859545.1	Bacteria	Actinomycetota	Acidimicrobiia	Acidimicrobiales	AC-14	CADCTB01		desert_prefixed_r226		Mojave Desert	1.0	False	ANI95_01974	GCA_030859545.1	SAMN27861880	SAMN28015942	False	False	Mojave Desert	1	18.110000000000007	desert2025__GCA_030859545.1
desert2025__GCA_030862535.1	not_detected	partial	not_detected	not_detected	not_detected	not_detected	global_desert_PRJNA832417	54.6	7.31	3004	745	True	False	GCA_030862535.1	Bacteria	Actinomycetota	CADDZG01	CADDZG01	WHSQ01	JALZEG01		desert_prefixed_r226		Sahara Desert - Douz-Matmata	3.0	False	ANI95_02104	GCA_030862535.1	SAMN27861862;SAMN27861863;SAMN27861864	SAMN28015777	False	False	Sahara Desert - Douz-Matmata	1	18.050000000000004	desert2025__GCA_030862535.1
desert2025__GCA_030860325.1	not_detected	not_detected	not_detected	not_detected	not_detected	not_detected	global_desert_PRJNA832417	59.7	8.4	6575	298	True	False	GCA_030860325.1	Bacteria	Actinomycetota	Thermoleophilia	Solirubrobacterales	70-9	JALZKA01		desert_prefixed_r226		Mojave Desert	3.0	False	ANI95_02007	GCA_030860325.1	SAMN27861880;SAMN27861881;SAMN27861882	SAMN28015903	False	False	Mojave Desert	1	17.700000000000003	desert2025__GCA_030860325.1
desert2025__GCA_030858535.1	not_detected	not_detected	not_detected	not_detected	not_detected	not_detected	global_desert_PRJNA832417	53.93	7.27	3936	896	True	False	GCA_030858535.1	Bacteria	Planctomycetota	Phycisphaerae	Tepidisphaerales	Tepidisphaeraceae	DASYWJ01		desert_prefixed_r226		Mount Seuss	3.0	False	ANI95_01929	GCA_030858535.1	SAMN27861886;SAMN27861887;SAMN27861888	SAMN28015993	False	False	Mount Seuss	1	17.580000000000005	desert2025__GCA_030858535.1
desert2025__GCA_030856965.1	partial	panel_complete	not_detected	not_detected	not_detected	not_detected	global_desert_PRJNA832417	65.53	9.71	3127	2094	True	False	GCA_030856965.1	Bacteria	Acidobacteriota	Blastocatellia	Pyrinomonadales	Pyrinomonadaceae	JACDEG01		desert_prefixed_r226	Genome has more than 12.5% of markers with multiple hits	McMurdo Dry Valleys	3.0	False	ANI95_01869	GCA_030856965.1	SAMN27861883;SAMN27861884;SAMN27861885	SAMN28015373	False	False	McMurdo Dry Valleys	1	16.979999999999997	desert2025__GCA_030856965.1
desert2025__GCA_030946335.1	not_detected	panel_complete	not_detected	not_detected	not_detected	not_detected	global_desert_PRJNA832417	59.49	8.64	3325	719	True	False	GCA_030946335.1	Bacteria	Chloroflexota	Dormibacteria	DASZGP01	DASZGP01			desert_prefixed_r226		Kap Hoegh	3.0	False	ANI95_02181	GCA_030946335.1	SAMN27861916;SAMN27861917;SAMN27861918	SAMN28015639	False	False	Kap Hoegh	1	16.29	desert2025__GCA_030946335.1
desert2025__GCA_030945955.1	partial	panel_complete	not_detected	not_detected	not_detected	not_detected	global_desert_PRJNA832417	57.99	8.5	5560	557	True	False	GCA_030945955.1	Bacteria	Pseudomonadota	Alphaproteobacteria	Rhizobiales	Beijerinckiaceae	Methylocapsa		desert_prefixed_r226		Kap Hoegh	3.0	False	ANI95_02172	GCA_030945955.1	SAMN27861916;SAMN27861917;SAMN27861918	SAMN28015650	False	False	Kap Hoegh	1	15.490000000000002	desert2025__GCA_030945955.1
desert2025__GCA_030853785.1	panel_complete	partial	not_detected	not_detected	not_detected	not_detected	global_desert_PRJNA832417	54.34	7.8	2838	1114	True	False	GCA_030853785.1	Bacteria	Pseudomonadota	Alphaproteobacteria	Sphingomonadales	Sphingomonadaceae	Sphingomonas		desert_prefixed_r226		Lagoon Island	3.0	False	ANI95_01723	GCA_030853785.1	SAMN27861892;SAMN27861893;SAMN27861894	SAMN28015531	False	False	Lagoon Island	1	15.340000000000003	desert2025__GCA_030853785.1
desert2025__GCA_030852645.1	not_detected	not_detected	panel_complete	not_detected	not_detected	not_detected	global_desert_PRJNA832417	63.06	9.69	2748	749	True	False	GCA_030852645.1	Bacteria	Actinomycetota	Actinomycetes	Actinomycetales	Microbacteriaceae			desert_prefixed_r226		Kuwait Desert	1.0	False	ANI95_01674	GCA_030852645.1	SAMN27861901	SAMN28015593	False	False	Kuwait Desert	1	14.610000000000007	desert2025__GCA_030852645.1
desert2025__GCA_030862225.1	not_detected	partial	not_detected	not_detected	not_detected	not_detected	global_desert_PRJNA832417	55.67	8.4	3448	651	True	False	GCA_030862225.1	Bacteria	Actinomycetota	CADDZG01	CADDZG01	WHSQ01			desert_prefixed_r226		Negev Desert	3.0	False	ANI95_02090	GCA_030862225.1	SAMN27861865;SAMN27861866;SAMN27861867	SAMN28015792	False	False	Negev Desert	1	13.670000000000002	desert2025__GCA_030862225.1
desert2025__GCA_030777005.1	not_detected	not_detected	panel_complete	not_detected	not_detected	not_detected	global_desert_PRJNA832417	51.1	7.75	4389	427	True	False	GCA_030777005.1	Bacteria	Actinomycetota	Rubrobacteria	Rubrobacterales	Rubrobacteraceae	JALYGY01		desert_prefixed_r226		Gobi Desert - China	3.0	False	ANI95_01646	GCA_030777005.1	SAMN27861898;SAMN27861899;SAMN27861900	SAMN28004831	False	False	Gobi Desert - China	1	12.350000000000001	desert2025__GCA_030777005.1
desert2025__GCA_030773295.1	not_detected	partial	panel_complete	not_detected	not_detected	not_detected	global_desert_PRJNA832417	56.54	8.94	3512	1086	True	False	GCA_030773295.1	Bacteria	Actinomycetota	Rubrobacteria	Rubrobacterales	Rubrobacteraceae	Rubrobacter_D		desert_prefixed_r226		Atacama Desert	1.0	False	ANI95_01505	GCA_030773295.1	SAMN27861920	SAMN28005002	False	False	Atacama Desert	1	11.840000000000003	desert2025__GCA_030773295.1
desert2025__GCA_030775245.1	partial	not_detected	not_detected	not_detected	not_detected	not_detected	global_desert_PRJNA832417	50.54	7.91	2577	924	True	False	GCA_030775245.1	Bacteria	Actinomycetota	Acidimicrobiia	UBA5794	ZC4RG35	JARDZU01		desert_prefixed_r226	Genome has more than 15.0% of markers with multiple hits	Cambridge Bay	3.0	False	ANI95_01583	GCA_030775245.1	SAMN27861910;SAMN27861911;SAMN27861912	SAMN28004903	False	False	Cambridge Bay	1	10.990000000000002	desert2025__GCA_030775245.1
desert2025__GCA_030859085.1	not_detected	not_detected	not_detected	not_detected	not_detected	not_detected	global_desert_PRJNA832417	57.63	9.42	3178	506	True	False	GCA_030859085.1	Bacteria	Actinomycetota	Actinomycetes	Propionibacteriales	Nocardioidaceae	JACCVL01	JACCVL01 sp013698185	desert_prefixed_r226		Mount Seuss	3.0	False	ANI95_01954	GCA_030859085.1	SAMN27861886;SAMN27861887;SAMN27861888	SAMN28015962	False	False	Mount Seuss	1	10.530000000000001	desert2025__GCA_030859085.1
desert2025__GCA_030855345.1	not_detected	not_detected	not_detected	not_detected	not_detected	partial	global_desert_PRJNA832417	53.24	9.05	3156	721	True	False	GCA_030855345.1	Bacteria	Pseudomonadota	Gammaproteobacteria	Xanthomonadales	Xanthomonadaceae	Thermomonas		desert_prefixed_r226		McMurdo Dry Valleys	1.0	False	ANI95_01794	GCA_030855345.1	SAMN27861883	SAMN28015453	False	False	McMurdo Dry Valleys	1	7.990000000000002	desert2025__GCA_030855345.1
desert2025__GCA_030853605.1	panel_complete	panel_complete	not_detected	not_detected	not_detected	not_detected	global_desert_PRJNA832417	50.91	9.09	3120	909	True	False	GCA_030853605.1	Bacteria	Armatimonadota	Armatimonadia	Armatimonadales	Capsulimonadaceae			desert_prefixed_r226		Lagoon Island	3.0	False	ANI95_01714	GCA_030853605.1	SAMN27861892;SAMN27861893;SAMN27861894	SAMN28015540	False	False	Lagoon Island	1	5.459999999999994	desert2025__GCA_030853605.1
desert2025__GCA_030861525.1	not_detected	panel_complete	not_detected	not_detected	not_detected	not_detected	global_desert_PRJNA832417	51.24	9.52	2709	1353	True	False	GCA_030861525.1	Bacteria	Chloroflexota	Chloroflexia	QHBQ01	JADMIH01	JADMIH01		desert_prefixed_r226	Genome has more than 14.2% of markers with multiple hits	North Australian Desert	3.0	False	ANI95_02059	GCA_030861525.1	SAMN27861868;SAMN27861869;SAMN27861870	SAMN28015827	False	False	North Australian Desert	1	3.6400000000000077	desert2025__GCA_030861525.1
desert2025__GCA_030858525.1	not_detected	not_detected	panel_complete	not_detected	not_detected	not_detected	global_desert_PRJNA832417	51.88	9.91	3976	553	True	False	GCA_030858525.1	Bacteria	Actinomycetota	Actinomycetes	Propionibacteriales	Nocardioidaceae	JACDHG01		desert_prefixed_r226	Genome has more than 13.3% of markers with multiple hits	Mount Seuss	3.0	False	ANI95_01928	GCA_030858525.1	SAMN27861886;SAMN27861887;SAMN27861888	SAMN28015992	False	False	Mount Seuss	1	2.3300000000000054	desert2025__GCA_030858525.1
