genome_id	KdpABC	KdpDE	ProVWX	EctABC	EctD	BetAB	dataset_id	checkm2_completeness	checkm2_contamination	lineage_id	collapsed_rank
GCA_050692375.1_genomic	panel_complete	panel_complete	panel_complete	not_detected	not_detected	partial	australian_basalt_lava_tubes_bay_2025	90.24	3.68	B_L001	phylum
GCA_050695655.1_genomic	panel_complete	panel_complete	not_detected	not_detected	not_detected	not_detected	australian_basalt_lava_tubes_bay_2025	92.37	3.8	B_L002	phylum
GCA_050696275.1_genomic	panel_complete	panel_complete	not_detected	not_detected	not_detected	not_detected	australian_basalt_lava_tubes_bay_2025	99.99	0.03	B_L005	phylum
GCA_050696815.1_genomic	panel_complete	panel_complete	not_detected	not_detected	not_detected	not_detected	australian_basalt_lava_tubes_bay_2025	93.95	0.93	B_L001	phylum
GCA_050696855.1_genomic	not_detected	panel_complete	not_detected	not_detected	not_detected	not_detected	australian_basalt_lava_tubes_bay_2025	95.53	1.06	B_L001	phylum
GCA_050697015.1_genomic	panel_complete	panel_complete	not_detected	not_detected	not_detected	not_detected	australian_basalt_lava_tubes_bay_2025	91.74	1.23	B_L001	phylum
GCA_050697075.1_genomic	not_detected	panel_complete	not_detected	not_detected	not_detected	not_detected	australian_basalt_lava_tubes_bay_2025	93.46	3.84	B_L001	phylum
GCA_050697455.1_genomic	not_detected	partial	not_detected	not_detected	not_detected	not_detected	australian_basalt_lava_tubes_bay_2025	93.88	0.51	B_L001	phylum
GCA_050698895.1_genomic	partial	panel_complete	not_detected	not_detected	not_detected	partial	australian_basalt_lava_tubes_bay_2025	90.83	3.47	B_L001	phylum
GCA_050699055.1_genomic	not_detected	not_detected	not_detected	panel_complete	not_detected	not_detected	australian_basalt_lava_tubes_bay_2025	90.4	4.49	B_L001	phylum
GCA_050699415.1_genomic	not_detected	partial	not_detected	panel_complete	panel_complete	partial	australian_basalt_lava_tubes_bay_2025	94.73	1.0	B_L001	phylum
GCA_050699515.1_genomic	not_detected	not_detected	not_detected	partial	not_detected	not_detected	australian_basalt_lava_tubes_bay_2025	90.02	4.69	B_L001	phylum
GCA_050699575.1_genomic	panel_complete	panel_complete	not_detected	partial	not_detected	not_detected	australian_basalt_lava_tubes_bay_2025	96.68	1.56	B_L001	phylum
GCA_050699635.1_genomic	panel_complete	panel_complete	not_detected	not_detected	not_detected	not_detected	australian_basalt_lava_tubes_bay_2025	96.9	3.64	B_L001	phylum
GCA_050699815.1_genomic	panel_complete	panel_complete	not_detected	partial	not_detected	not_detected	australian_basalt_lava_tubes_bay_2025	96.58	2.57	B_L001	phylum
GCA_050699955.1_genomic	panel_complete	panel_complete	not_detected	panel_complete	panel_complete	partial	australian_basalt_lava_tubes_bay_2025	98.06	3.8	B_L001	phylum
GCA_050700535.1_genomic	panel_complete	panel_complete	not_detected	panel_complete	not_detected	not_detected	australian_basalt_lava_tubes_bay_2025	96.5	2.07	B_L001	phylum
GCA_050700555.1_genomic	panel_complete	panel_complete	not_detected	partial	panel_complete	not_detected	australian_basalt_lava_tubes_bay_2025	100.0	0.64	B_L001	phylum
GCA_050700595.1_genomic	panel_complete	panel_complete	not_detected	panel_complete	panel_complete	not_detected	australian_basalt_lava_tubes_bay_2025	95.73	2.99	B_L001	phylum
GCA_050700835.1_genomic	not_detected	not_detected	not_detected	not_detected	not_detected	not_detected	australian_basalt_lava_tubes_bay_2025	98.34	0.2	B_L001	phylum
GCA_050701335.1_genomic	not_detected	panel_complete	not_detected	not_detected	not_detected	not_detected	australian_basalt_lava_tubes_bay_2025	94.27	0.88	B_L001	phylum
GCA_050701675.1_genomic	panel_complete	panel_complete	not_detected	not_detected	not_detected	not_detected	australian_basalt_lava_tubes_bay_2025	99.11	4.41	B_L001	phylum
GCA_050701835.1_genomic	panel_complete	panel_complete	not_detected	panel_complete	panel_complete	not_detected	australian_basalt_lava_tubes_bay_2025	99.97	0.61	B_L001	phylum
GCA_050701895.1_genomic	not_detected	not_detected	not_detected	not_detected	not_detected	not_detected	australian_basalt_lava_tubes_bay_2025	96.34	1.11	B_L001	phylum
GCA_050725395.1_genomic	panel_complete	panel_complete	partial	partial	not_detected	partial	australian_basalt_lava_tubes_bay_2025	100.0	0.1	B_L006	class
GCA_050725575.1_genomic	panel_complete	panel_complete	not_detected	not_detected	not_detected	not_detected	australian_basalt_lava_tubes_bay_2025	100.0	0.86	B_L007	order
GCA_050725615.1_genomic	panel_complete	panel_complete	not_detected	not_detected	not_detected	not_detected	australian_basalt_lava_tubes_bay_2025	99.99	1.31	B_L007	order
GCA_050725655.1_genomic	panel_complete	panel_complete	not_detected	not_detected	not_detected	not_detected	australian_basalt_lava_tubes_bay_2025	100.0	0.35	B_L007	order
GCA_050725855.1_genomic	panel_complete	panel_complete	not_detected	not_detected	not_detected	not_detected	australian_basalt_lava_tubes_bay_2025	95.01	2.6	B_L008	order
GCA_050726115.1_genomic	panel_complete	panel_complete	panel_complete	not_detected	not_detected	panel_complete	australian_basalt_lava_tubes_bay_2025	99.27	0.13	B_L008	order
GCA_050728395.1_genomic	not_detected	not_detected	not_detected	not_detected	not_detected	not_detected	australian_basalt_lava_tubes_bay_2025	99.97	3.59	B_L008	order
GCA_050728495.1_genomic	panel_complete	panel_complete	not_detected	not_detected	not_detected	not_detected	australian_basalt_lava_tubes_bay_2025	90.25	2.96	B_L008	order
GCA_050728655.1_genomic	partial	panel_complete	not_detected	not_detected	not_detected	not_detected	australian_basalt_lava_tubes_bay_2025	97.38	0.8	B_L008	order
GCA_050728695.1_genomic	not_detected	not_detected	not_detected	not_detected	not_detected	not_detected	australian_basalt_lava_tubes_bay_2025	94.6	1.27	B_L008	order
GCA_050728755.1_genomic	panel_complete	panel_complete	not_detected	not_detected	not_detected	not_detected	australian_basalt_lava_tubes_bay_2025	90.29	1.56	B_L008	order
GCA_050728855.1_genomic	not_detected	not_detected	not_detected	not_detected	not_detected	partial	australian_basalt_lava_tubes_bay_2025	99.08	0.41	B_L010	order
GCA_050728995.1_genomic	not_detected	panel_complete	not_detected	not_detected	not_detected	not_detected	australian_basalt_lava_tubes_bay_2025	100.0	0.7	B_L010	order
GCA_050729395.1_genomic	not_detected	not_detected	not_detected	not_detected	not_detected	partial	australian_basalt_lava_tubes_bay_2025	100.0	2.81	B_L012	order
GCA_050729475.1_genomic	not_detected	not_detected	not_detected	panel_complete	panel_complete	not_detected	australian_basalt_lava_tubes_bay_2025	91.83	4.4	B_L012	order
GCA_050729515.1_genomic	not_detected	not_detected	not_detected	not_detected	not_detected	not_detected	australian_basalt_lava_tubes_bay_2025	100.0	0.0	B_L012	order
GCA_050729555.1_genomic	partial	partial	not_detected	not_detected	not_detected	partial	australian_basalt_lava_tubes_bay_2025	94.4	2.95	B_L013	order
GCA_050729595.1_genomic	panel_complete	partial	not_detected	not_detected	not_detected	not_detected	australian_basalt_lava_tubes_bay_2025	95.15	4.1	B_L012	order
GCA_050729795.1_genomic	panel_complete	panel_complete	not_detected	not_detected	not_detected	partial	australian_basalt_lava_tubes_bay_2025	99.1	2.73	B_L013	order
GCA_050729815.1_genomic	not_detected	not_detected	not_detected	not_detected	not_detected	partial	australian_basalt_lava_tubes_bay_2025	99.56	2.38	B_L013	order
GCA_050729835.1_genomic	partial	not_detected	not_detected	not_detected	not_detected	not_detected	australian_basalt_lava_tubes_bay_2025	100.0	0.06	B_L013	order
GCA_050730055.1_genomic	not_detected	not_detected	not_detected	not_detected	not_detected	partial	australian_basalt_lava_tubes_bay_2025	94.11	2.6	B_L013	order
GCA_050730655.1_genomic	panel_complete	panel_complete	not_detected	not_detected	not_detected	not_detected	australian_basalt_lava_tubes_bay_2025	95.19	0.21	B_L029	phylum
GCA_050730675.1_genomic	panel_complete	not_detected	not_detected	not_detected	not_detected	not_detected	australian_basalt_lava_tubes_bay_2025	93.6	1.72	B_L029	phylum
GCA_050730755.1_genomic	not_detected	not_detected	not_detected	not_detected	not_detected	not_detected	australian_basalt_lava_tubes_bay_2025	95.31	0.0	B_L030	phylum
GCA_050730835.1_genomic	not_detected	not_detected	not_detected	not_detected	not_detected	not_detected	australian_basalt_lava_tubes_bay_2025	97.77	0.25	B_L030	phylum
GCA_050731495.1_genomic	not_detected	partial	not_detected	not_detected	not_detected	not_detected	australian_basalt_lava_tubes_bay_2025	95.21	3.33	B_L033	class
GCA_050731995.1_genomic	not_detected	partial	not_detected	not_detected	not_detected	not_detected	australian_basalt_lava_tubes_bay_2025	99.35	3.29	B_L038	phylum
GCA_050732315.1_genomic	not_detected	not_detected	not_detected	not_detected	not_detected	not_detected	australian_basalt_lava_tubes_bay_2025	97.19	3.32	B_L038	phylum
GCA_050733535.1_genomic	panel_complete	panel_complete	not_detected	not_detected	not_detected	not_detected	australian_basalt_lava_tubes_bay_2025	94.77	3.61	B_L040	phylum
GCA_050733555.1_genomic	not_detected	panel_complete	not_detected	not_detected	not_detected	not_detected	australian_basalt_lava_tubes_bay_2025	93.85	3.52	B_L040	phylum
GCA_050733755.1_genomic	not_detected	not_detected	not_detected	not_detected	not_detected	not_detected	australian_basalt_lava_tubes_bay_2025	96.51	1.15	B_L042	phylum
GCA_050733775.1_genomic	not_detected	partial	not_detected	not_detected	not_detected	not_detected	australian_basalt_lava_tubes_bay_2025	93.61	1.96	B_L042	phylum
GCA_050733835.1_genomic	not_detected	partial	not_detected	not_detected	not_detected	not_detected	australian_basalt_lava_tubes_bay_2025	93.76	2.56	B_L042	phylum
GCA_050734135.1_genomic	panel_complete	panel_complete	not_detected	not_detected	not_detected	not_detected	australian_basalt_lava_tubes_bay_2025	90.41	0.59	B_L002	phylum
GCA_050734155.1_genomic	not_detected	partial	not_detected	not_detected	not_detected	not_detected	australian_basalt_lava_tubes_bay_2025	94.62	0.85	B_L002	phylum
GCA_050734185.1_genomic	not_detected	partial	not_detected	not_detected	not_detected	not_detected	australian_basalt_lava_tubes_bay_2025	93.6	0.88	B_L002	phylum
GCA_050734395.1_genomic	panel_complete	panel_complete	not_detected	not_detected	not_detected	partial	australian_basalt_lava_tubes_bay_2025	91.05	0.96	B_L002	phylum
GCA_050734425.1_genomic	not_detected	not_detected	not_detected	not_detected	not_detected	not_detected	australian_basalt_lava_tubes_bay_2025	90.97	1.96	B_L002	phylum
GCA_050734495.1_genomic	not_detected	partial	not_detected	not_detected	not_detected	not_detected	australian_basalt_lava_tubes_bay_2025	96.32	2.68	B_L002	phylum
GCA_050734915.1_genomic	not_detected	partial	not_detected	not_detected	not_detected	not_detected	australian_basalt_lava_tubes_bay_2025	91.28	1.55	B_L002	phylum
GCA_050735015.1_genomic	not_detected	partial	not_detected	not_detected	not_detected	not_detected	australian_basalt_lava_tubes_bay_2025	91.02	2.06	B_L002	phylum
GCA_050735855.1_genomic	partial	not_detected	not_detected	not_detected	not_detected	partial	australian_basalt_lava_tubes_bay_2025	90.53	3.93	B_L046	phylum
GCA_050736455.1_genomic	not_detected	not_detected	not_detected	not_detected	not_detected	partial	australian_basalt_lava_tubes_bay_2025	93.1	0.49	B_L046	phylum
GCA_050736495.1_genomic	panel_complete	partial	not_detected	not_detected	not_detected	partial	australian_basalt_lava_tubes_bay_2025	92.35	4.25	B_L046	phylum
GCA_050736615.1_genomic	panel_complete	partial	not_detected	not_detected	not_detected	partial	australian_basalt_lava_tubes_bay_2025	93.87	4.12	B_L046	phylum
GCA_050736695.1_genomic	panel_complete	partial	not_detected	not_detected	not_detected	not_detected	australian_basalt_lava_tubes_bay_2025	96.21	1.16	B_L046	phylum
GCA_050736715.1_genomic	panel_complete	partial	not_detected	not_detected	not_detected	partial	australian_basalt_lava_tubes_bay_2025	94.96	0.01	B_L046	phylum
GCA_050736975.1_genomic	panel_complete	partial	not_detected	not_detected	not_detected	not_detected	australian_basalt_lava_tubes_bay_2025	100.0	2.93	B_L044	phylum
GCA_050737075.1_genomic	panel_complete	panel_complete	not_detected	not_detected	not_detected	panel_complete	australian_basalt_lava_tubes_bay_2025	99.98	0.68	B_L006	class
GCA_050737435.1_genomic	panel_complete	partial	not_detected	not_detected	not_detected	not_detected	australian_basalt_lava_tubes_bay_2025	95.26	3.32	B_L044	phylum
GCA_050737475.1_genomic	panel_complete	panel_complete	not_detected	not_detected	not_detected	not_detected	australian_basalt_lava_tubes_bay_2025	92.37	2.82	B_L044	phylum
GCA_050737555.1_genomic	not_detected	not_detected	not_detected	not_detected	not_detected	not_detected	australian_basalt_lava_tubes_bay_2025	97.29	0.84	B_L044	phylum
GCA_050737675.1_genomic	panel_complete	panel_complete	not_detected	not_detected	not_detected	partial	australian_basalt_lava_tubes_bay_2025	91.1	2.61	B_L006	class
GCA_050737735.1_genomic	panel_complete	panel_complete	not_detected	not_detected	not_detected	partial	australian_basalt_lava_tubes_bay_2025	99.95	0.48	B_L006	class
GCA_050737775.1_genomic	panel_complete	panel_complete	partial	not_detected	not_detected	partial	australian_basalt_lava_tubes_bay_2025	95.51	3.08	B_L006	class
GCA_050737875.1_genomic	not_detected	panel_complete	not_detected	not_detected	not_detected	partial	australian_basalt_lava_tubes_bay_2025	99.99	1.9	B_L006	class
GCA_050737915.1_genomic	not_detected	not_detected	not_detected	not_detected	not_detected	partial	australian_basalt_lava_tubes_bay_2025	95.99	3.41	B_L006	class
GCA_050737995.1_genomic	not_detected	panel_complete	not_detected	not_detected	not_detected	not_detected	australian_basalt_lava_tubes_bay_2025	94.43	2.68	B_L006	class
GCA_050738295.1_genomic	not_detected	not_detected	not_detected	panel_complete	not_detected	not_detected	australian_basalt_lava_tubes_bay_2025	93.21	2.3	B_L006	class
GCA_050738595.1_genomic	not_detected	not_detected	not_detected	not_detected	not_detected	not_detected	australian_basalt_lava_tubes_bay_2025	94.61	4.15	B_L006	class
GCA_050738795.1_genomic	not_detected	not_detected	panel_complete	not_detected	not_detected	panel_complete	australian_basalt_lava_tubes_bay_2025	98.8	2.74	B_L006	class
GCA_050738855.1_genomic	not_detected	not_detected	not_detected	not_detected	not_detected	partial	australian_basalt_lava_tubes_bay_2025	92.03	2.95	B_L006	class
GCA_050738935.1_genomic	not_detected	not_detected	not_detected	not_detected	not_detected	not_detected	australian_basalt_lava_tubes_bay_2025	95.12	3.32	B_L006	class
GCA_050739055.1_genomic	not_detected	not_detected	not_detected	not_detected	not_detected	partial	australian_basalt_lava_tubes_bay_2025	95.04	2.26	B_L006	class
GCA_050739095.1_genomic	not_detected	not_detected	not_detected	not_detected	not_detected	panel_complete	australian_basalt_lava_tubes_bay_2025	97.62	0.74	B_L006	class
GCA_050739115.1_genomic	partial	not_detected	not_detected	not_detected	not_detected	panel_complete	australian_basalt_lava_tubes_bay_2025	97.39	2.48	B_L006	class
GCA_050739235.1_genomic	not_detected	not_detected	not_detected	panel_complete	not_detected	not_detected	australian_basalt_lava_tubes_bay_2025	90.65	4.81	B_L006	class
GCA_050739335.1_genomic	not_detected	not_detected	not_detected	not_detected	not_detected	not_detected	australian_basalt_lava_tubes_bay_2025	97.92	0.78	B_L006	class
GCA_050739415.1_genomic	not_detected	not_detected	not_detected	not_detected	not_detected	not_detected	australian_basalt_lava_tubes_bay_2025	96.32	1.46	B_L006	class
GCA_050739575.1_genomic	not_detected	panel_complete	not_detected	not_detected	not_detected	not_detected	australian_basalt_lava_tubes_bay_2025	92.49	0.26	B_L006	class
GCA_050739715.1_genomic	panel_complete	panel_complete	panel_complete	partial	not_detected	panel_complete	australian_basalt_lava_tubes_bay_2025	99.97	0.7	B_L006	class
GCA_050739955.1_genomic	panel_complete	panel_complete	not_detected	not_detected	not_detected	partial	australian_basalt_lava_tubes_bay_2025	100.0	0.41	B_L006	class
GCA_050740255.1_genomic	not_detected	not_detected	not_detected	not_detected	not_detected	not_detected	australian_basalt_lava_tubes_bay_2025	98.56	0.91	B_L006	class
GCA_050740335.1_genomic	panel_complete	panel_complete	not_detected	partial	not_detected	not_detected	australian_basalt_lava_tubes_bay_2025	95.03	2.49	B_L006	class
GCA_050740915.1_genomic	panel_complete	not_detected	not_detected	partial	not_detected	not_detected	australian_basalt_lava_tubes_bay_2025	98.17	2.29	B_L006	class
GCA_050741015.1_genomic	not_detected	not_detected	not_detected	not_detected	not_detected	partial	australian_basalt_lava_tubes_bay_2025	90.36	4.06	B_L006	class
GCA_050741255.1_genomic	panel_complete	panel_complete	not_detected	not_detected	not_detected	partial	australian_basalt_lava_tubes_bay_2025	98.22	1.56	B_L006	class
GCA_050741415.1_genomic	not_detected	not_detected	not_detected	not_detected	not_detected	not_detected	australian_basalt_lava_tubes_bay_2025	100.0	1.36	B_L006	class
GCA_050741675.1_genomic	not_detected	not_detected	not_detected	not_detected	not_detected	not_detected	australian_basalt_lava_tubes_bay_2025	90.09	1.5	B_L006	class
GCA_050741735.1_genomic	not_detected	not_detected	not_detected	not_detected	not_detected	not_detected	australian_basalt_lava_tubes_bay_2025	91.9	2.62	B_L006	class
GCA_050742455.1_genomic	not_detected	not_detected	not_detected	not_detected	not_detected	not_detected	australian_basalt_lava_tubes_bay_2025	95.74	0.32	B_L001	phylum
GCA_050742655.1_genomic	panel_complete	panel_complete	panel_complete	not_detected	not_detected	panel_complete	australian_basalt_lava_tubes_bay_2025	99.95	0.06	B_L006	class
GCA_050742975.1_genomic	panel_complete	panel_complete	not_detected	not_detected	not_detected	not_detected	australian_basalt_lava_tubes_bay_2025	97.59	3.2	B_L001	phylum
GCA_050743205.1_genomic	panel_complete	panel_complete	not_detected	not_detected	not_detected	not_detected	australian_basalt_lava_tubes_bay_2025	97.84	3.8	B_L001	phylum
GCA_050743605.1_genomic	not_detected	not_detected	not_detected	not_detected	not_detected	not_detected	australian_basalt_lava_tubes_bay_2025	90.13	4.02	B_L001	phylum
GCA_050743665.1_genomic	partial	panel_complete	not_detected	partial	not_detected	partial	australian_basalt_lava_tubes_bay_2025	97.39	4.49	B_L001	phylum
GCA_050743805.1_genomic	not_detected	not_detected	not_detected	not_detected	not_detected	not_detected	australian_basalt_lava_tubes_bay_2025	91.74	1.76	B_L001	phylum
GCA_050743865.1_genomic	not_detected	not_detected	not_detected	not_detected	not_detected	not_detected	australian_basalt_lava_tubes_bay_2025	93.84	3.63	B_L001	phylum
GCA_050744165.1_genomic	partial	panel_complete	not_detected	not_detected	not_detected	not_detected	australian_basalt_lava_tubes_bay_2025	93.59	4.16	B_L001	phylum
GCA_050744865.1_genomic	not_detected	not_detected	not_detected	not_detected	not_detected	partial	australian_basalt_lava_tubes_bay_2025	94.17	2.53	B_L001	phylum
GCA_050745065.1_genomic	panel_complete	panel_complete	not_detected	not_detected	not_detected	not_detected	australian_basalt_lava_tubes_bay_2025	95.44	2.03	B_L048	phylum
GCA_050745265.1_genomic	panel_complete	panel_complete	not_detected	not_detected	not_detected	not_detected	australian_basalt_lava_tubes_bay_2025	95.22	0.63	B_L048	phylum
GCA_050745365.1_genomic	panel_complete	panel_complete	not_detected	not_detected	not_detected	not_detected	australian_basalt_lava_tubes_bay_2025	92.28	3.41	B_L048	phylum
GCA_050745425.1_genomic	not_detected	not_detected	not_detected	not_detected	not_detected	not_detected	australian_basalt_lava_tubes_bay_2025	94.44	1.14	B_L048	phylum
GCA_050745525.1_genomic	not_detected	not_detected	not_detected	not_detected	not_detected	not_detected	australian_basalt_lava_tubes_bay_2025	92.15	1.88	B_L048	phylum
GCA_050745565.1_genomic	panel_complete	panel_complete	not_detected	not_detected	not_detected	not_detected	australian_basalt_lava_tubes_bay_2025	94.17	1.76	B_L048	phylum
GCA_050745605.1_genomic	panel_complete	panel_complete	not_detected	not_detected	not_detected	partial	australian_basalt_lava_tubes_bay_2025	91.34	1.59	B_L048	phylum
GCA_050745645.1_genomic	panel_complete	partial	not_detected	not_detected	not_detected	not_detected	australian_basalt_lava_tubes_bay_2025	93.96	3.11	B_L048	phylum
GCA_050745765.1_genomic	panel_complete	panel_complete	not_detected	not_detected	not_detected	not_detected	australian_basalt_lava_tubes_bay_2025	94.92	4.19	B_L048	phylum
GCA_050745885.1_genomic	panel_complete	panel_complete	not_detected	not_detected	not_detected	partial	australian_basalt_lava_tubes_bay_2025	91.45	2.85	B_L048	phylum
GCA_050745985.1_genomic	panel_complete	panel_complete	not_detected	not_detected	not_detected	partial	australian_basalt_lava_tubes_bay_2025	100.0	3.56	B_L048	phylum
GCA_050746025.1_genomic	not_detected	not_detected	not_detected	not_detected	not_detected	partial	australian_basalt_lava_tubes_bay_2025	94.28	4.55	B_L048	phylum
GCA_050746185.1_genomic	not_detected	partial	not_detected	not_detected	not_detected	partial	australian_basalt_lava_tubes_bay_2025	98.94	0.0	B_L048	phylum
GCA_050746205.1_genomic	panel_complete	panel_complete	not_detected	not_detected	not_detected	not_detected	australian_basalt_lava_tubes_bay_2025	91.38	0.46	B_L048	phylum
GCA_050746365.1_genomic	not_detected	panel_complete	not_detected	not_detected	not_detected	panel_complete	australian_basalt_lava_tubes_bay_2025	97.14	3.82	B_L048	phylum
GCA_050746505.1_genomic	not_detected	partial	not_detected	not_detected	not_detected	not_detected	australian_basalt_lava_tubes_bay_2025	93.19	2.83	B_L048	phylum
GCA_050746725.1_genomic	panel_complete	partial	not_detected	not_detected	not_detected	partial	australian_basalt_lava_tubes_bay_2025	97.84	1.45	B_L048	phylum
GCA_050746805.1_genomic	not_detected	not_detected	not_detected	not_detected	not_detected	partial	australian_basalt_lava_tubes_bay_2025	90.04	2.65	B_L048	phylum
GCA_050746865.1_genomic	panel_complete	panel_complete	not_detected	not_detected	not_detected	not_detected	australian_basalt_lava_tubes_bay_2025	100.0	2.55	B_L048	phylum
GCA_050746885.1_genomic	panel_complete	partial	not_detected	not_detected	not_detected	not_detected	australian_basalt_lava_tubes_bay_2025	95.0	0.29	B_L048	phylum
GCA_050746925.1_genomic	panel_complete	panel_complete	not_detected	not_detected	not_detected	panel_complete	australian_basalt_lava_tubes_bay_2025	98.35	1.12	B_L048	phylum
GCA_050746945.1_genomic	panel_complete	panel_complete	not_detected	not_detected	not_detected	panel_complete	australian_basalt_lava_tubes_bay_2025	97.9	0.1	B_L048	phylum
GCA_050747005.1_genomic	panel_complete	panel_complete	not_detected	not_detected	not_detected	partial	australian_basalt_lava_tubes_bay_2025	96.86	0.01	B_L048	phylum
GCA_050747045.1_genomic	panel_complete	partial	not_detected	not_detected	not_detected	partial	australian_basalt_lava_tubes_bay_2025	90.48	0.87	B_L048	phylum
GCA_050747085.1_genomic	panel_complete	panel_complete	not_detected	not_detected	not_detected	not_detected	australian_basalt_lava_tubes_bay_2025	93.62	0.09	B_L048	phylum
GCA_050747225.1_genomic	panel_complete	panel_complete	not_detected	not_detected	not_detected	partial	australian_basalt_lava_tubes_bay_2025	97.29	3.08	B_L048	phylum
GCA_050747245.1_genomic	panel_complete	panel_complete	not_detected	not_detected	not_detected	partial	australian_basalt_lava_tubes_bay_2025	99.09	2.64	B_L048	phylum
GCA_050747745.1_genomic	not_detected	not_detected	not_detected	not_detected	not_detected	not_detected	australian_basalt_lava_tubes_bay_2025	97.25	0.28	B_L048	phylum
GCA_050747885.1_genomic	panel_complete	panel_complete	not_detected	not_detected	not_detected	partial	australian_basalt_lava_tubes_bay_2025	97.32	0.98	B_L048	phylum
GCA_050747905.1_genomic	panel_complete	panel_complete	not_detected	not_detected	not_detected	not_detected	australian_basalt_lava_tubes_bay_2025	97.59	1.68	B_L048	phylum
GCA_050748205.1_genomic	panel_complete	panel_complete	not_detected	partial	not_detected	partial	australian_basalt_lava_tubes_bay_2025	95.76	0.74	B_L048	phylum
GCA_050748245.1_genomic	not_detected	not_detected	not_detected	not_detected	not_detected	not_detected	australian_basalt_lava_tubes_bay_2025	90.74	2.23	B_L048	phylum
MAG02	not_detected	not_detected	not_detected	not_detected	not_detected	not_detected	mauna_loa_lava_tube_fishman_2023	94.41	3.02	B_L001	phylum
MAG03	not_detected	not_detected	not_detected	not_detected	not_detected	partial	mauna_loa_lava_tube_fishman_2023	96.41	0.0	B_L040	phylum
MAG06	not_detected	not_detected	not_detected	not_detected	not_detected	not_detected	mauna_loa_lava_tube_fishman_2023	97.86	0.95	B_L005	phylum
MAG07	not_detected	not_detected	panel_complete	not_detected	not_detected	partial	mauna_loa_lava_tube_fishman_2023	97.18	0.63	B_L001	phylum
MAG08	not_detected	not_detected	panel_complete	not_detected	not_detected	panel_complete	mauna_loa_lava_tube_fishman_2023	97.84	0.65	B_L001	phylum
MAG10	not_detected	not_detected	panel_complete	not_detected	not_detected	not_detected	mauna_loa_lava_tube_fishman_2023	99.09	2.0	B_L052	phylum
MAG16	not_detected	not_detected	not_detected	partial	not_detected	not_detected	mauna_loa_lava_tube_fishman_2023	93.5	0.8	B_L001	phylum
MAG19	not_detected	partial	not_detected	not_detected	not_detected	not_detected	mauna_loa_lava_tube_fishman_2023	95.2	1.48	B_L048	phylum
MAG20	not_detected	not_detected	not_detected	not_detected	not_detected	not_detected	mauna_loa_lava_tube_fishman_2023	95.81	1.67	B_L002	phylum
MAG24	not_detected	not_detected	not_detected	not_detected	not_detected	not_detected	mauna_loa_lava_tube_fishman_2023	94.22	1.73	B_L001	phylum
MAG28	not_detected	not_detected	not_detected	not_detected	not_detected	not_detected	mauna_loa_lava_tube_fishman_2023	94.88	1.04	B_L001	phylum
MAG29	not_detected	panel_complete	not_detected	not_detected	not_detected	not_detected	mauna_loa_lava_tube_fishman_2023	99.99	0.94	B_L003	phylum
MAG38	not_detected	not_detected	not_detected	not_detected	not_detected	not_detected	mauna_loa_lava_tube_fishman_2023	95.1	0.37	B_L001	phylum
MAG40	not_detected	not_detected	not_detected	partial	not_detected	not_detected	mauna_loa_lava_tube_fishman_2023	96.17	0.63	B_L001	phylum
MAG42	not_detected	not_detected	not_detected	not_detected	not_detected	partial	mauna_loa_lava_tube_fishman_2023	96.8	1.66	B_L001	phylum
MAG43	not_detected	not_detected	panel_complete	not_detected	not_detected	not_detected	mauna_loa_lava_tube_fishman_2023	93.8	0.4	B_L001	phylum
MAG44	not_detected	partial	not_detected	not_detected	not_detected	not_detected	mauna_loa_lava_tube_fishman_2023	96.98	3.39	B_L001	phylum
MAG45	not_detected	panel_complete	not_detected	panel_complete	panel_complete	not_detected	mauna_loa_lava_tube_fishman_2023	95.98	3.33	B_L001	phylum
MAG46	not_detected	not_detected	not_detected	not_detected	not_detected	partial	mauna_loa_lava_tube_fishman_2023	97.18	1.26	B_L029	phylum
MAG47	panel_complete	panel_complete	not_detected	not_detected	not_detected	not_detected	mauna_loa_lava_tube_fishman_2023	98.09	0.18	B_L003	phylum
MAG48	not_detected	not_detected	not_detected	not_detected	not_detected	not_detected	mauna_loa_lava_tube_fishman_2023	94.98	0.9	B_L048	phylum
MAG51	not_detected	not_detected	not_detected	partial	not_detected	partial	mauna_loa_lava_tube_fishman_2023	99.98	0.2	B_L001	phylum
MAG56	panel_complete	panel_complete	not_detected	partial	not_detected	not_detected	mauna_loa_lava_tube_fishman_2023	93.78	2.61	B_L001	phylum
MAG61	not_detected	not_detected	not_detected	not_detected	not_detected	not_detected	mauna_loa_lava_tube_fishman_2023	97.97	0.49	B_L052	phylum
MAG63	not_detected	partial	not_detected	not_detected	not_detected	not_detected	mauna_loa_lava_tube_fishman_2023	99.77	0.08	B_L005	phylum
MAG64	not_detected	not_detected	not_detected	partial	not_detected	not_detected	mauna_loa_lava_tube_fishman_2023	96.26	1.32	B_L001	phylum
MAG65	not_detected	not_detected	not_detected	panel_complete	panel_complete	not_detected	mauna_loa_lava_tube_fishman_2023	95.51	0.86	B_L001	phylum
MAG67	not_detected	not_detected	not_detected	not_detected	not_detected	not_detected	mauna_loa_lava_tube_fishman_2023	99.66	1.81	B_L012	order
MAG69	not_detected	partial	not_detected	not_detected	not_detected	not_detected	mauna_loa_lava_tube_fishman_2023	99.63	0.28	B_L005	phylum
MAG70	panel_complete	panel_complete	not_detected	not_detected	not_detected	partial	mauna_loa_lava_tube_fishman_2023	96.04	1.72	B_L048	phylum
MAG72	not_detected	partial	not_detected	not_detected	not_detected	not_detected	mauna_loa_lava_tube_fishman_2023	93.25	0.77	B_L002	phylum
alaska_permafrost_reference_15p_S15_bin.14	not_detected	not_detected	not_detected	not_detected	not_detected	not_detected	alaska_permafrost_reference	91.45	0.0	B_L001	phylum
alaska_permafrost_reference_17_S43_bin.6	not_detected	not_detected	not_detected	not_detected	not_detected	not_detected	alaska_permafrost_reference	99.32	0.38	B_L030	phylum
alaska_permafrost_reference_19_S45_bin.5	not_detected	not_detected	partial	not_detected	not_detected	not_detected	alaska_permafrost_reference	97.74	0.19	B_L001	phylum
alaska_permafrost_reference_20_S46_bin.3	panel_complete	not_detected	not_detected	not_detected	not_detected	not_detected	alaska_permafrost_reference	100.0	1.46	B_L006	class
alaska_permafrost_reference_20_S46_bin.8	not_detected	not_detected	not_detected	not_detected	not_detected	not_detected	alaska_permafrost_reference	99.6	0.31	B_L030	phylum
alaska_permafrost_reference_23_S49_bin.11	partial	panel_complete	not_detected	not_detected	not_detected	not_detected	alaska_permafrost_reference	94.65	1.48	B_L006	class
alaska_permafrost_reference_GCA_003131315.1_20120500_P39_genomic	panel_complete	panel_complete	not_detected	not_detected	not_detected	partial	alaska_permafrost_reference	99.63	2.24	B_L048	phylum
alaska_permafrost_reference_GCA_003132145.1_20120500_P28_genomic	panel_complete	panel_complete	not_detected	not_detected	not_detected	not_detected	alaska_permafrost_reference	96.17	3.99	B_L048	phylum
alaska_permafrost_reference_GCA_003132205.1_20120500_P27_genomic	panel_complete	panel_complete	not_detected	partial	not_detected	not_detected	alaska_permafrost_reference	92.96	2.82	B_L001	phylum
alaska_permafrost_reference_GCA_003132585.1_20120500_P19_genomic	panel_complete	panel_complete	not_detected	not_detected	not_detected	partial	alaska_permafrost_reference	91.62	2.38	B_L001	phylum
alaska_permafrost_reference_GCA_003133245.1_20120500_P28_genomic	not_detected	not_detected	not_detected	not_detected	not_detected	not_detected	alaska_permafrost_reference	98.58	0.25	B_L006	class
alaska_permafrost_reference_GCA_003133325.1_20120500_P27_genomic	panel_complete	panel_complete	not_detected	not_detected	not_detected	not_detected	alaska_permafrost_reference	96.65	3.38	B_L001	phylum
alaska_permafrost_reference_GCA_003134555.1_20111000_P3M_genomic	panel_complete	panel_complete	not_detected	not_detected	not_detected	not_detected	alaska_permafrost_reference	96.77	2.38	B_L001	phylum
alaska_permafrost_reference_GCA_003134915.1_20111000_P3D_genomic	panel_complete	panel_complete	not_detected	not_detected	not_detected	not_detected	alaska_permafrost_reference	98.98	0.46	B_L040	phylum
alaska_permafrost_reference_GCA_003136395.1_20111000_P1D_genomic	panel_complete	panel_complete	not_detected	not_detected	not_detected	partial	alaska_permafrost_reference	90.92	2.41	B_L012	order
alaska_permafrost_reference_GCA_003137035.1_20111000_E3D_genomic	partial	partial	not_detected	not_detected	not_detected	not_detected	alaska_permafrost_reference	90.94	2.29	B_L048	phylum
alaska_permafrost_reference_GCA_003141245.1_20120800_E3X_genomic	panel_complete	partial	not_detected	not_detected	not_detected	not_detected	alaska_permafrost_reference	93.59	1.6	B_L002	phylum
alaska_permafrost_reference_GCA_003141455.1_20120800_E3S_genomic	partial	panel_complete	not_detected	not_detected	not_detected	not_detected	alaska_permafrost_reference	92.5	1.4	B_L002	phylum
alaska_permafrost_reference_GCA_003141495.1_20120800_E3S_genomic	panel_complete	partial	not_detected	not_detected	not_detected	not_detected	alaska_permafrost_reference	90.13	1.27	B_L005	phylum
alaska_permafrost_reference_GCA_003141525.1_20120800_E3D_genomic	panel_complete	panel_complete	not_detected	not_detected	not_detected	not_detected	alaska_permafrost_reference	93.58	1.42	B_L005	phylum
alaska_permafrost_reference_GCA_003141595.1_20120800_E2X_genomic	panel_complete	panel_complete	not_detected	not_detected	not_detected	not_detected	alaska_permafrost_reference	97.75	1.88	B_L005	phylum
alaska_permafrost_reference_GCA_003141715.1_20120800_E2D_genomic	panel_complete	partial	not_detected	not_detected	not_detected	not_detected	alaska_permafrost_reference	94.42	4.91	B_L005	phylum
alaska_permafrost_reference_GCA_003141895.1_20120800_E1X_genomic	panel_complete	panel_complete	not_detected	not_detected	not_detected	not_detected	alaska_permafrost_reference	96.07	0.38	B_L005	phylum
alaska_permafrost_reference_GCA_003142185.1_20120700_S3X_genomic	panel_complete	panel_complete	not_detected	not_detected	not_detected	not_detected	alaska_permafrost_reference	100.0	1.86	B_L048	phylum
alaska_permafrost_reference_GCA_003142815.1_20120800_E1X_genomic	panel_complete	panel_complete	not_detected	not_detected	not_detected	not_detected	alaska_permafrost_reference	99.99	0.49	B_L006	class
alaska_permafrost_reference_GCA_003142835.1_20120800_E1X_genomic	partial	not_detected	not_detected	not_detected	not_detected	not_detected	alaska_permafrost_reference	90.48	4.65	B_L058	class
alaska_permafrost_reference_GCA_003151435.1_20120700_P3D_genomic	panel_complete	panel_complete	not_detected	not_detected	not_detected	not_detected	alaska_permafrost_reference	94.27	4.41	B_L048	phylum
alaska_permafrost_reference_GCA_003151575.1_20120700_P3D_genomic	panel_complete	partial	not_detected	not_detected	not_detected	not_detected	alaska_permafrost_reference	100.0	0.38	B_L044	phylum
alaska_permafrost_reference_GCA_003152135.1_20120700_P3D_genomic	panel_complete	panel_complete	not_detected	not_detected	not_detected	not_detected	alaska_permafrost_reference	99.53	1.38	B_L031	phylum
alaska_permafrost_reference_GCA_003152165.1_20120700_P3D_genomic	panel_complete	panel_complete	not_detected	not_detected	not_detected	panel_complete	alaska_permafrost_reference	91.08	1.66	B_L002	phylum
alaska_permafrost_reference_GCA_003152315.1_20120700_P3D_genomic	panel_complete	panel_complete	not_detected	not_detected	not_detected	not_detected	alaska_permafrost_reference	96.03	3.16	B_L044	phylum
alaska_permafrost_reference_GCA_003153155.1_20120700_P3D_genomic	panel_complete	panel_complete	not_detected	not_detected	not_detected	not_detected	alaska_permafrost_reference	94.24	2.03	B_L006	class
alaska_permafrost_reference_GCA_003158855.1_20120600_E1D_genomic	panel_complete	panel_complete	not_detected	partial	not_detected	not_detected	alaska_permafrost_reference	96.49	2.22	B_L001	phylum
alaska_permafrost_reference_GCA_003158895.1_20120600_E1D_genomic	partial	panel_complete	not_detected	not_detected	not_detected	not_detected	alaska_permafrost_reference	91.4	3.0	B_L001	phylum
alaska_permafrost_reference_GCA_003161635.1_20110600_P1D_genomic	panel_complete	panel_complete	not_detected	not_detected	not_detected	not_detected	alaska_permafrost_reference	95.08	1.03	B_L044	phylum
alaska_permafrost_reference_GCA_003167255.1_20110700_P2D_genomic	panel_complete	panel_complete	not_detected	not_detected	not_detected	not_detected	alaska_permafrost_reference	98.85	0.52	B_L048	phylum
alaska_permafrost_reference_GCA_003167275.1_20110700_P2D_genomic	partial	panel_complete	not_detected	not_detected	not_detected	not_detected	alaska_permafrost_reference	97.47	3.95	B_L048	phylum
alaska_permafrost_reference_GCA_003167375.1_20110700_P2D_genomic	panel_complete	panel_complete	not_detected	not_detected	not_detected	partial	alaska_permafrost_reference	90.61	3.45	B_L048	phylum
alaska_permafrost_reference_GCA_003168335.1_20110700_P1D_genomic	panel_complete	panel_complete	not_detected	not_detected	not_detected	partial	alaska_permafrost_reference	97.42	0.37	B_L048	phylum
alaska_permafrost_reference_GCA_003169695.1_20110800_P1D_genomic	panel_complete	partial	not_detected	not_detected	not_detected	not_detected	alaska_permafrost_reference	97.16	1.67	B_L044	phylum
alaska_permafrost_reference_GCA_003169785.1_20110800_P1D_genomic	panel_complete	panel_complete	not_detected	not_detected	not_detected	not_detected	alaska_permafrost_reference	94.25	1.93	B_L002	phylum
alaska_permafrost_reference_GCA_003169845.1_20110800_P1D_genomic	panel_complete	panel_complete	not_detected	not_detected	not_detected	partial	alaska_permafrost_reference	93.29	1.18	B_L002	phylum
alaska_permafrost_reference_GCA_003169895.1_20110800_P1D_genomic	panel_complete	panel_complete	not_detected	not_detected	not_detected	not_detected	alaska_permafrost_reference	97.61	0.15	B_L040	phylum
alaska_permafrost_reference_GCA_003170155.1_20110800_E3D_genomic	panel_complete	panel_complete	not_detected	not_detected	not_detected	not_detected	alaska_permafrost_reference	90.61	0.77	B_L001	phylum
alaska_permafrost_reference_GCA_003170415.1_20110800_E3D_genomic	panel_complete	partial	not_detected	not_detected	not_detected	not_detected	alaska_permafrost_reference	95.43	1.54	B_L029	phylum
alaska_permafrost_reference_GCA_003170815.1_20110800_E2D_genomic	panel_complete	panel_complete	not_detected	not_detected	not_detected	not_detected	alaska_permafrost_reference	94.41	2.79	B_L048	phylum
alaska_permafrost_reference_GCA_003171215.1_20110800_E2D_genomic	panel_complete	panel_complete	not_detected	not_detected	not_detected	not_detected	alaska_permafrost_reference	98.04	2.19	B_L040	phylum
alaska_permafrost_reference_GCA_003171255.1_20110800_E2D_genomic	panel_complete	panel_complete	not_detected	not_detected	not_detected	not_detected	alaska_permafrost_reference	91.96	2.42	B_L002	phylum
alaska_permafrost_reference_S25rbin.15	not_detected	panel_complete	not_detected	not_detected	not_detected	partial	alaska_permafrost_reference	90.8	2.81	B_L008	order
alaska_permafrost_reference_S262bin.2	panel_complete	panel_complete	not_detected	not_detected	not_detected	not_detected	alaska_permafrost_reference	97.56	3.67	B_L001	phylum
alaska_permafrost_reference_S42rbin.10	panel_complete	panel_complete	not_detected	not_detected	not_detected	partial	alaska_permafrost_reference	92.76	1.18	B_L006	class
alaska_permafrost_reference_S46rbin.4	panel_complete	panel_complete	panel_complete	partial	not_detected	panel_complete	alaska_permafrost_reference	99.99	2.04	B_L006	class
alaska_permafrost_reference_SRR10360647bin.2	partial	panel_complete	not_detected	not_detected	not_detected	partial	alaska_permafrost_reference	92.98	1.58	B_L001	phylum
alaska_permafrost_reference_SRR10489811bin.14	not_detected	partial	not_detected	not_detected	not_detected	partial	alaska_permafrost_reference	96.69	4.44	B_L048	phylum
alaska_permafrost_reference_SRR10489812bin.2	panel_complete	panel_complete	not_detected	not_detected	not_detected	not_detected	alaska_permafrost_reference	98.17	2.21	B_L048	phylum
alaska_permafrost_reference_SRR10489814bin.7	not_detected	partial	not_detected	not_detected	not_detected	not_detected	alaska_permafrost_reference	95.14	3.13	B_L048	phylum
alaska_permafrost_reference_SRR10489815bin.10	partial	partial	not_detected	not_detected	not_detected	not_detected	alaska_permafrost_reference	96.91	0.49	B_L005	phylum
alaska_permafrost_reference_SRR10489815bin.14	panel_complete	partial	not_detected	not_detected	not_detected	not_detected	alaska_permafrost_reference	98.96	4.25	B_L046	phylum
alaska_permafrost_reference_SRR10489815bin.15	partial	panel_complete	not_detected	not_detected	not_detected	not_detected	alaska_permafrost_reference	94.29	1.22	B_L001	phylum
alaska_permafrost_reference_SRR10489815bin.23	panel_complete	panel_complete	not_detected	not_detected	not_detected	not_detected	alaska_permafrost_reference	97.38	1.99	B_L048	phylum
alaska_permafrost_reference_SRR10489815bin.38	panel_complete	panel_complete	not_detected	not_detected	not_detected	not_detected	alaska_permafrost_reference	94.62	1.36	B_L001	phylum
alaska_permafrost_reference_SRR10489817bin.7	panel_complete	partial	panel_complete	not_detected	not_detected	panel_complete	alaska_permafrost_reference	92.65	1.36	B_L002	phylum
alaska_permafrost_reference_SRR10489821bin.5	panel_complete	panel_complete	not_detected	not_detected	not_detected	not_detected	alaska_permafrost_reference	91.63	2.88	B_L005	phylum
alaska_permafrost_reference_SRR10489825bin.5	partial	panel_complete	not_detected	not_detected	not_detected	partial	alaska_permafrost_reference	90.81	0.68	B_L001	phylum
alaska_permafrost_reference_SRR10489826bin.10	panel_complete	panel_complete	not_detected	not_detected	not_detected	not_detected	alaska_permafrost_reference	90.68	0.36	B_L001	phylum
alaska_permafrost_reference_SRR10489828bin.12	panel_complete	panel_complete	not_detected	not_detected	not_detected	partial	alaska_permafrost_reference	97.84	1.27	B_L006	class
alaska_permafrost_reference_SRR10489828bin.14	not_detected	partial	not_detected	not_detected	not_detected	not_detected	alaska_permafrost_reference	93.19	2.01	B_L044	phylum
alaska_permafrost_reference_SRR10489828bin.19	panel_complete	panel_complete	not_detected	not_detected	not_detected	not_detected	alaska_permafrost_reference	99.11	2.68	B_L040	phylum
alaska_permafrost_reference_SRR10489828bin.2	panel_complete	panel_complete	not_detected	not_detected	not_detected	not_detected	alaska_permafrost_reference	97.77	1.9	B_L048	phylum
alaska_permafrost_reference_SRR10489828bin.20	partial	panel_complete	not_detected	not_detected	not_detected	not_detected	alaska_permafrost_reference	93.26	1.97	B_L001	phylum
alaska_permafrost_reference_SRR10489828bin.23	not_detected	panel_complete	not_detected	not_detected	not_detected	partial	alaska_permafrost_reference	97.53	1.54	B_L006	class
alaska_permafrost_reference_SRR10489831bin.1	not_detected	panel_complete	not_detected	not_detected	not_detected	not_detected	alaska_permafrost_reference	93.19	1.97	B_L001	phylum
alaska_permafrost_reference_SRR10489831bin.10	not_detected	partial	not_detected	not_detected	not_detected	not_detected	alaska_permafrost_reference	94.68	1.89	B_L048	phylum
alaska_permafrost_reference_SRR10489833bin.14	partial	not_detected	not_detected	not_detected	not_detected	not_detected	alaska_permafrost_reference	95.94	0.9	B_L005	phylum
alaska_permafrost_reference_SRR10489833bin.21	panel_complete	panel_complete	not_detected	not_detected	not_detected	not_detected	alaska_permafrost_reference	98.62	3.89	B_L040	phylum
alaska_permafrost_reference_SRR10489834bin.13	panel_complete	panel_complete	not_detected	not_detected	not_detected	not_detected	alaska_permafrost_reference	99.66	0.4	B_L005	phylum
alaska_permafrost_reference_SRR10489834bin.16	not_detected	not_detected	not_detected	panel_complete	not_detected	not_detected	alaska_permafrost_reference	96.19	0.14	B_L001	phylum
alaska_permafrost_reference_SRR10489834bin.21	panel_complete	partial	not_detected	not_detected	not_detected	not_detected	alaska_permafrost_reference	90.75	0.38	B_L002	phylum
alaska_permafrost_reference_SRR10489839bin.1	panel_complete	panel_complete	not_detected	not_detected	not_detected	not_detected	alaska_permafrost_reference	95.51	3.72	B_L006	class
alaska_permafrost_reference_SRR10489839bin.4	panel_complete	panel_complete	not_detected	not_detected	not_detected	not_detected	alaska_permafrost_reference	99.41	0.59	B_L048	phylum
alaska_permafrost_reference_SRR10695402bin.4	panel_complete	panel_complete	panel_complete	partial	not_detected	not_detected	alaska_permafrost_reference	100.0	3.58	B_L006	class
alaska_permafrost_reference_SRR10954970bin.7	not_detected	not_detected	panel_complete	partial	not_detected	panel_complete	alaska_permafrost_reference	90.25	1.59	B_L006	class
alaska_permafrost_reference_SRR10954973bin.3	panel_complete	panel_complete	panel_complete	not_detected	not_detected	not_detected	alaska_permafrost_reference	100.0	4.37	B_L006	class
alaska_permafrost_reference_SRR10998558bin.6	not_detected	not_detected	not_detected	not_detected	not_detected	not_detected	alaska_permafrost_reference	94.47	3.71	B_L001	phylum
alaska_permafrost_reference_SRR1153387rbin.5	not_detected	panel_complete	panel_complete	not_detected	not_detected	partial	alaska_permafrost_reference	90.67	2.93	B_L001	phylum
alaska_permafrost_reference_SRR11719862bin.6	panel_complete	panel_complete	not_detected	not_detected	not_detected	not_detected	alaska_permafrost_reference	99.35	4.06	B_L010	order
alaska_permafrost_reference_SRR11719873bin.13	not_detected	not_detected	not_detected	not_detected	not_detected	not_detected	alaska_permafrost_reference	99.98	1.47	B_L006	class
alaska_permafrost_reference_SRR11742949bin.18	not_detected	panel_complete	not_detected	not_detected	not_detected	panel_complete	alaska_permafrost_reference	93.33	0.36	B_L002	phylum
alaska_permafrost_reference_SRR11743025bin.14	not_detected	not_detected	not_detected	not_detected	not_detected	not_detected	alaska_permafrost_reference	99.18	3.57	B_L031	phylum
alaska_permafrost_reference_SRR11833507bin.12	panel_complete	panel_complete	not_detected	not_detected	not_detected	not_detected	alaska_permafrost_reference	92.73	2.96	B_L012	order
alaska_permafrost_reference_SRR11833744bin.13	not_detected	panel_complete	not_detected	not_detected	not_detected	not_detected	alaska_permafrost_reference	92.71	0.54	B_L008	order
alaska_permafrost_reference_SRR11836440bin.55	panel_complete	panel_complete	not_detected	not_detected	not_detected	not_detected	alaska_permafrost_reference	95.75	4.1	B_L001	phylum
alaska_permafrost_reference_SRR11836447bin.1	not_detected	not_detected	partial	not_detected	not_detected	partial	alaska_permafrost_reference	90.14	4.37	B_L001	phylum
alaska_permafrost_reference_SRR11836514bin.4	panel_complete	panel_complete	panel_complete	partial	not_detected	panel_complete	alaska_permafrost_reference	100.0	1.82	B_L006	class
alaska_permafrost_reference_SRR11842108bin.17	panel_complete	panel_complete	not_detected	not_detected	not_detected	partial	alaska_permafrost_reference	93.19	3.71	B_L012	order
alaska_permafrost_reference_SRR12277196bin.3	not_detected	not_detected	not_detected	not_detected	not_detected	not_detected	alaska_permafrost_reference	93.05	4.4	B_L040	phylum
alaska_permafrost_reference_SRR12277198bin.4	not_detected	partial	not_detected	not_detected	not_detected	not_detected	alaska_permafrost_reference	97.92	1.83	B_L002	phylum
alaska_permafrost_reference_SRR12277200bin.7	partial	panel_complete	not_detected	not_detected	not_detected	not_detected	alaska_permafrost_reference	99.5	2.27	B_L038	phylum
alaska_permafrost_reference_SRR12347921bin.3	panel_complete	panel_complete	not_detected	not_detected	not_detected	not_detected	alaska_permafrost_reference	99.99	1.09	B_L003	phylum
alaska_permafrost_reference_SRR12349250bin.11	panel_complete	panel_complete	not_detected	not_detected	not_detected	partial	alaska_permafrost_reference	100.0	4.04	B_L008	order
alaska_permafrost_reference_SRR12377070bin.3	panel_complete	panel_complete	not_detected	not_detected	not_detected	partial	alaska_permafrost_reference	99.31	0.24	B_L008	order
alaska_permafrost_reference_SRR12756247bin.2	panel_complete	panel_complete	not_detected	not_detected	not_detected	not_detected	alaska_permafrost_reference	95.29	2.12	B_L048	phylum
alaska_permafrost_reference_SRR12844116bin.1	panel_complete	panel_complete	panel_complete	partial	not_detected	panel_complete	alaska_permafrost_reference	92.94	0.02	B_L001	phylum
alaska_permafrost_reference_SRR1586253rbin.4	panel_complete	partial	not_detected	not_detected	not_detected	not_detected	alaska_permafrost_reference	99.98	0.5	B_L005	phylum
alaska_permafrost_reference_SRR1586264rbin.1	not_detected	panel_complete	not_detected	not_detected	not_detected	not_detected	alaska_permafrost_reference	95.55	4.54	B_L001	phylum
alaska_permafrost_reference_SRR1586264rbin.5	not_detected	panel_complete	not_detected	not_detected	not_detected	not_detected	alaska_permafrost_reference	92.05	2.56	B_L001	phylum
alaska_permafrost_reference_SRR1586267rbin.7	not_detected	panel_complete	not_detected	not_detected	not_detected	not_detected	alaska_permafrost_reference	99.43	0.26	B_L006	class
alaska_permafrost_reference_SRR1586267rbin.9	panel_complete	panel_complete	not_detected	not_detected	not_detected	not_detected	alaska_permafrost_reference	100.0	1.62	B_L006	class
alaska_permafrost_reference_SRR1586269rbin.19	partial	panel_complete	not_detected	not_detected	not_detected	not_detected	alaska_permafrost_reference	93.41	3.1	B_L002	phylum
alaska_permafrost_reference_SRR1586269rbin.24	partial	panel_complete	panel_complete	not_detected	not_detected	panel_complete	alaska_permafrost_reference	96.57	4.68	B_L001	phylum
alaska_permafrost_reference_SRR1586270rbin.18	not_detected	not_detected	not_detected	not_detected	not_detected	not_detected	alaska_permafrost_reference	98.85	2.96	B_L005	phylum
alaska_permafrost_reference_SRR1586270rbin.25	not_detected	panel_complete	not_detected	not_detected	not_detected	partial	alaska_permafrost_reference	99.99	0.46	B_L006	class
alaska_permafrost_reference_SRR1586270rbin.7	not_detected	partial	not_detected	not_detected	not_detected	not_detected	alaska_permafrost_reference	96.08	0.14	B_L002	phylum
alaska_permafrost_reference_SRR1586270rbin.9	not_detected	not_detected	not_detected	not_detected	not_detected	not_detected	alaska_permafrost_reference	91.32	3.26	B_L048	phylum
alaska_permafrost_reference_SRR1586276rbin.1	not_detected	not_detected	not_detected	not_detected	not_detected	not_detected	alaska_permafrost_reference	95.68	0.14	B_L002	phylum
alaska_permafrost_reference_SRR1586276rbin.13	panel_complete	panel_complete	not_detected	not_detected	not_detected	not_detected	alaska_permafrost_reference	96.85	0.72	B_L001	phylum
alaska_permafrost_reference_SRR1586276rbin.4	not_detected	not_detected	not_detected	not_detected	not_detected	partial	alaska_permafrost_reference	95.42	0.66	B_L006	class
alaska_permafrost_reference_SRR1586279rbin.36	not_detected	not_detected	not_detected	not_detected	not_detected	partial	alaska_permafrost_reference	92.67	1.05	B_L029	phylum
alaska_permafrost_reference_SRR1586279rbin.4	panel_complete	panel_complete	not_detected	not_detected	not_detected	not_detected	alaska_permafrost_reference	96.52	0.12	B_L001	phylum
alaska_permafrost_reference_SRR1586285rbin.2	not_detected	panel_complete	not_detected	not_detected	not_detected	partial	alaska_permafrost_reference	99.43	0.5	B_L048	phylum
alaska_permafrost_reference_SRR1586288rbin.2	panel_complete	panel_complete	not_detected	not_detected	not_detected	partial	alaska_permafrost_reference	93.27	0.84	B_L002	phylum
alaska_permafrost_reference_SRR1586289rbin.7	not_detected	not_detected	not_detected	not_detected	not_detected	not_detected	alaska_permafrost_reference	93.85	4.35	B_L002	phylum
alaska_permafrost_reference_SRR1586297rbin.2	not_detected	not_detected	not_detected	not_detected	not_detected	not_detected	alaska_permafrost_reference	92.61	1.51	B_L044	phylum
alaska_permafrost_reference_SRR1586300rbin.1	panel_complete	panel_complete	panel_complete	not_detected	not_detected	partial	alaska_permafrost_reference	95.8	0.05	B_L001	phylum
alaska_permafrost_reference_SRR1586301rbin.12	not_detected	not_detected	panel_complete	not_detected	not_detected	partial	alaska_permafrost_reference	98.81	0.63	B_L001	phylum
alaska_permafrost_reference_SRR1586301rbin.2	not_detected	panel_complete	panel_complete	panel_complete	not_detected	panel_complete	alaska_permafrost_reference	99.84	0.53	B_L001	phylum
alaska_permafrost_reference_SRR1586303rbin.3	not_detected	not_detected	not_detected	not_detected	not_detected	not_detected	alaska_permafrost_reference	97.18	0.22	B_L008	order
alaska_permafrost_reference_SRR1586304rbin.4	panel_complete	partial	not_detected	not_detected	not_detected	not_detected	alaska_permafrost_reference	92.35	1.49	B_L001	phylum
alaska_permafrost_reference_SRR1586305rbin.3	not_detected	panel_complete	not_detected	not_detected	not_detected	not_detected	alaska_permafrost_reference	95.64	0.17	B_L006	class
alaska_permafrost_reference_SRR1586309rbin.2	not_detected	not_detected	not_detected	not_detected	not_detected	not_detected	alaska_permafrost_reference	98.84	0.06	B_L030	phylum
alaska_permafrost_reference_SRR1586311rbin.6	not_detected	panel_complete	not_detected	not_detected	not_detected	not_detected	alaska_permafrost_reference	93.71	1.73	B_L040	phylum
alaska_permafrost_reference_SRR1586315rbin.5	not_detected	panel_complete	not_detected	not_detected	not_detected	not_detected	alaska_permafrost_reference	95.61	2.36	B_L040	phylum
alaska_permafrost_reference_SRR1586317rbin.11	panel_complete	panel_complete	not_detected	not_detected	not_detected	not_detected	alaska_permafrost_reference	95.75	1.29	B_L006	class
alaska_permafrost_reference_SRR1586320rbin.11	panel_complete	panel_complete	not_detected	not_detected	not_detected	not_detected	alaska_permafrost_reference	99.99	1.26	B_L005	phylum
alaska_permafrost_reference_SRR1586320rbin.14	panel_complete	panel_complete	not_detected	not_detected	not_detected	not_detected	alaska_permafrost_reference	100.0	1.82	B_L005	phylum
alaska_permafrost_reference_SRR1586321rbin.10	not_detected	panel_complete	not_detected	not_detected	not_detected	partial	alaska_permafrost_reference	100.0	0.39	B_L006	class
alaska_permafrost_reference_SRR1586321rbin.15	not_detected	not_detected	not_detected	not_detected	not_detected	not_detected	alaska_permafrost_reference	90.31	2.84	B_L044	phylum
alaska_permafrost_reference_SRR1586324rbin.22	panel_complete	panel_complete	panel_complete	not_detected	not_detected	not_detected	alaska_permafrost_reference	93.45	0.15	B_L001	phylum
alaska_permafrost_reference_SRR1586324rbin.8	not_detected	partial	not_detected	not_detected	not_detected	not_detected	alaska_permafrost_reference	93.01	0.7	B_L002	phylum
alaska_permafrost_reference_SRR1586325rbin.6	not_detected	panel_complete	not_detected	not_detected	not_detected	not_detected	alaska_permafrost_reference	97.6	3.61	B_L062	phylum
alaska_permafrost_reference_SRR2901746rbin.30	panel_complete	panel_complete	not_detected	not_detected	not_detected	partial	alaska_permafrost_reference	99.79	1.6	B_L008	order
alaska_permafrost_reference_SRR3747750rbin.3	panel_complete	panel_complete	panel_complete	not_detected	not_detected	partial	alaska_permafrost_reference	100.0	0.17	B_L006	class
alaska_permafrost_reference_SRR3984960rbin.14	panel_complete	panel_complete	not_detected	not_detected	not_detected	panel_complete	alaska_permafrost_reference	92.35	1.35	B_L006	class
alaska_permafrost_reference_SRR3984960rbin.5	not_detected	panel_complete	panel_complete	not_detected	not_detected	panel_complete	alaska_permafrost_reference	92.89	1.15	B_L006	class
alaska_permafrost_reference_SRR3984961rbin.1	panel_complete	panel_complete	not_detected	not_detected	not_detected	partial	alaska_permafrost_reference	95.75	2.89	B_L002	phylum
alaska_permafrost_reference_SRR3984962rbin.17	partial	panel_complete	not_detected	not_detected	not_detected	partial	alaska_permafrost_reference	96.13	2.7	B_L002	phylum
alaska_permafrost_reference_SRR3984962rbin.22	not_detected	not_detected	not_detected	not_detected	not_detected	not_detected	alaska_permafrost_reference	95.88	0.77	B_L030	phylum
alaska_permafrost_reference_SRR3984963rbin.13	panel_complete	panel_complete	not_detected	not_detected	not_detected	not_detected	alaska_permafrost_reference	91.62	2.2	B_L001	phylum
alaska_permafrost_reference_SRR3984963rbin.15	panel_complete	partial	not_detected	not_detected	not_detected	not_detected	alaska_permafrost_reference	96.63	0.0	B_L046	phylum
alaska_permafrost_reference_SRR3984963rbin.2	panel_complete	panel_complete	not_detected	not_detected	not_detected	not_detected	alaska_permafrost_reference	95.79	0.3	B_L048	phylum
alaska_permafrost_reference_SRR3985391rbin.2	partial	panel_complete	not_detected	not_detected	not_detected	not_detected	alaska_permafrost_reference	97.41	0.28	B_L040	phylum
alaska_permafrost_reference_SRR3985394rbin.9	panel_complete	panel_complete	not_detected	not_detected	not_detected	not_detected	alaska_permafrost_reference	97.96	0.67	B_L048	phylum
alaska_permafrost_reference_SRR3985395rbin.2	partial	panel_complete	not_detected	not_detected	not_detected	not_detected	alaska_permafrost_reference	94.26	0.87	B_L048	phylum
alaska_permafrost_reference_SRR3985395rbin.20	partial	partial	not_detected	not_detected	not_detected	not_detected	alaska_permafrost_reference	95.1	0.98	B_L001	phylum
alaska_permafrost_reference_SRR3985396rbin.13	panel_complete	panel_complete	not_detected	not_detected	not_detected	not_detected	alaska_permafrost_reference	99.67	2.2	B_L005	phylum
alaska_permafrost_reference_SRR3985396rbin.20	partial	panel_complete	not_detected	not_detected	not_detected	not_detected	alaska_permafrost_reference	93.35	1.52	B_L044	phylum
alaska_permafrost_reference_SRR3985396rbin.6	not_detected	not_detected	not_detected	not_detected	not_detected	not_detected	alaska_permafrost_reference	93.83	0.63	B_L001	phylum
alaska_permafrost_reference_SRR3985419rbin.1	not_detected	panel_complete	not_detected	not_detected	not_detected	not_detected	alaska_permafrost_reference	91.32	2.58	B_L006	class
alaska_permafrost_reference_SRR3985420rbin.3	partial	panel_complete	not_detected	not_detected	not_detected	partial	alaska_permafrost_reference	91.57	2.06	B_L001	phylum
alaska_permafrost_reference_SRR3985424rbin.5	panel_complete	panel_complete	not_detected	not_detected	not_detected	not_detected	alaska_permafrost_reference	100.0	1.89	B_L040	phylum
alaska_permafrost_reference_SRR3989121rbin.21	panel_complete	panel_complete	not_detected	not_detected	not_detected	not_detected	alaska_permafrost_reference	97.27	1.96	B_L002	phylum
alaska_permafrost_reference_SRR3989121rbin.6	panel_complete	panel_complete	not_detected	not_detected	not_detected	not_detected	alaska_permafrost_reference	95.2	2.05	B_L040	phylum
alaska_permafrost_reference_SRR3989239rbin.22	panel_complete	panel_complete	not_detected	not_detected	not_detected	not_detected	alaska_permafrost_reference	92.54	1.56	B_L005	phylum
alaska_permafrost_reference_SRR3989239rbin.23	panel_complete	panel_complete	not_detected	not_detected	not_detected	not_detected	alaska_permafrost_reference	97.94	4.82	B_L001	phylum
alaska_permafrost_reference_SRR3989239rbin.24	panel_complete	panel_complete	not_detected	not_detected	not_detected	not_detected	alaska_permafrost_reference	100.0	0.86	B_L002	phylum
alaska_permafrost_reference_SRR3989239rbin.9	panel_complete	partial	not_detected	not_detected	not_detected	not_detected	alaska_permafrost_reference	95.1	0.89	B_L048	phylum
alaska_permafrost_reference_SRR3989254rbin.37	panel_complete	panel_complete	not_detected	not_detected	not_detected	not_detected	alaska_permafrost_reference	91.16	0.32	B_L005	phylum
alaska_permafrost_reference_SRR3989254rbin.5	panel_complete	panel_complete	not_detected	not_detected	not_detected	not_detected	alaska_permafrost_reference	95.37	3.94	B_L062	phylum
alaska_permafrost_reference_SRR3989257rbin.29	partial	partial	not_detected	not_detected	not_detected	not_detected	alaska_permafrost_reference	97.17	4.02	B_L048	phylum
alaska_permafrost_reference_SRR3989258rbin.20	panel_complete	panel_complete	not_detected	not_detected	not_detected	not_detected	alaska_permafrost_reference	98.78	2.62	B_L005	phylum
alaska_permafrost_reference_SRR3989258rbin.25	panel_complete	panel_complete	not_detected	not_detected	not_detected	not_detected	alaska_permafrost_reference	99.95	0.28	B_L062	phylum
alaska_permafrost_reference_SRR3989258rbin.29	panel_complete	panel_complete	not_detected	not_detected	not_detected	not_detected	alaska_permafrost_reference	96.62	0.51	B_L062	phylum
alaska_permafrost_reference_SRR3989258rbin.8	panel_complete	panel_complete	not_detected	not_detected	not_detected	not_detected	alaska_permafrost_reference	97.13	0.42	B_L005	phylum
alaska_permafrost_reference_SRR4027936rbin.4	panel_complete	panel_complete	panel_complete	not_detected	not_detected	partial	alaska_permafrost_reference	93.57	3.29	B_L001	phylum
alaska_permafrost_reference_SRR5133179rbin.1	panel_complete	panel_complete	not_detected	not_detected	not_detected	not_detected	alaska_permafrost_reference	95.1	2.7	B_L006	class
alaska_permafrost_reference_SRR5153238rbin.1	not_detected	panel_complete	not_detected	not_detected	not_detected	partial	alaska_permafrost_reference	94.12	2.07	B_L001	phylum
alaska_permafrost_reference_SRR5195106rbin.10	panel_complete	partial	panel_complete	partial	not_detected	panel_complete	alaska_permafrost_reference	99.99	1.59	B_L006	class
alaska_permafrost_reference_SRR5195139rbin.3	panel_complete	panel_complete	not_detected	not_detected	not_detected	not_detected	alaska_permafrost_reference	90.97	2.66	B_L012	order
alaska_permafrost_reference_SRR5450747rbin.4	panel_complete	panel_complete	panel_complete	partial	not_detected	panel_complete	alaska_permafrost_reference	94.84	2.66	B_L006	class
alaska_permafrost_reference_SRR5581483rbin.38	panel_complete	panel_complete	not_detected	not_detected	not_detected	partial	alaska_permafrost_reference	95.14	2.82	B_L008	order
alaska_permafrost_reference_SRR5664280rbin.10	panel_complete	panel_complete	not_detected	not_detected	not_detected	not_detected	alaska_permafrost_reference	95.17	0.02	B_L048	phylum
alaska_permafrost_reference_SRR5664280rbin.2	partial	panel_complete	not_detected	not_detected	not_detected	not_detected	alaska_permafrost_reference	94.72	1.55	B_L001	phylum
alaska_permafrost_reference_SRR5665213rbin.1	panel_complete	panel_complete	not_detected	not_detected	not_detected	not_detected	alaska_permafrost_reference	92.33	1.39	B_L001	phylum
alaska_permafrost_reference_SRR5665213rbin.30	panel_complete	panel_complete	not_detected	not_detected	not_detected	not_detected	alaska_permafrost_reference	91.95	4.06	B_L008	order
alaska_permafrost_reference_SRR5665648rbin.10	not_detected	panel_complete	not_detected	not_detected	not_detected	partial	alaska_permafrost_reference	98.01	3.6	B_L001	phylum
alaska_permafrost_reference_SRR5680860rbin.7	not_detected	partial	panel_complete	not_detected	not_detected	not_detected	alaska_permafrost_reference	99.6	2.6	B_L062	phylum
alaska_permafrost_reference_SRR6202162rbin.6	not_detected	panel_complete	not_detected	not_detected	not_detected	not_detected	alaska_permafrost_reference	96.25	0.0	B_L048	phylum
alaska_permafrost_reference_SRR6202521rbin.9	panel_complete	panel_complete	not_detected	not_detected	not_detected	partial	alaska_permafrost_reference	92.8	0.6	B_L048	phylum
alaska_permafrost_reference_SRR6474866rbin.5	panel_complete	panel_complete	panel_complete	not_detected	not_detected	partial	alaska_permafrost_reference	100.0	1.04	B_L006	class
alaska_permafrost_reference_SRR7011028rbin.3	not_detected	panel_complete	not_detected	not_detected	not_detected	not_detected	alaska_permafrost_reference	93.95	0.77	B_L001	phylum
alaska_permafrost_reference_SRR7026314rbin.1	panel_complete	panel_complete	not_detected	not_detected	not_detected	partial	alaska_permafrost_reference	95.32	3.59	B_L048	phylum
alaska_permafrost_reference_SRR7468842rbin.4	panel_complete	partial	not_detected	not_detected	not_detected	not_detected	alaska_permafrost_reference	92.2	0.96	B_L008	order
alaska_permafrost_reference_SRR7629280rbin.12	panel_complete	panel_complete	not_detected	not_detected	not_detected	not_detected	alaska_permafrost_reference	99.99	0.01	B_L006	class
alaska_permafrost_reference_SRR7741809rbin.26	panel_complete	panel_complete	panel_complete	not_detected	not_detected	panel_complete	alaska_permafrost_reference	100.0	0.14	B_L006	class
alaska_permafrost_reference_SRR7741809rbin.9	panel_complete	panel_complete	not_detected	not_detected	not_detected	partial	alaska_permafrost_reference	99.97	0.16	B_L012	order
alaska_permafrost_reference_SRR8090375rbin.10	panel_complete	panel_complete	not_detected	not_detected	not_detected	not_detected	alaska_permafrost_reference	93.47	3.29	B_L005	phylum
alaska_permafrost_reference_SRR8090375rbin.11	panel_complete	panel_complete	not_detected	not_detected	not_detected	partial	alaska_permafrost_reference	100.0	2.38	B_L048	phylum
alaska_permafrost_reference_SRR8090375rbin.6	partial	panel_complete	not_detected	not_detected	not_detected	partial	alaska_permafrost_reference	96.2	0.18	B_L001	phylum
alaska_permafrost_reference_SRR8443320rbin.2	panel_complete	panel_complete	not_detected	not_detected	not_detected	partial	alaska_permafrost_reference	100.0	0.62	B_L008	order
alaska_permafrost_reference_SRR8554483rbin.107	not_detected	panel_complete	partial	not_detected	not_detected	partial	alaska_permafrost_reference	97.64	4.62	B_L001	phylum
alaska_permafrost_reference_SRR8554503rbin.30	not_detected	panel_complete	not_detected	not_detected	not_detected	not_detected	alaska_permafrost_reference	100.0	4.36	B_L006	class
alaska_permafrost_reference_SRR8554504rbin.36	not_detected	not_detected	not_detected	not_detected	not_detected	not_detected	alaska_permafrost_reference	93.11	3.68	B_L005	phylum
alaska_permafrost_reference_SRR8554504rbin.72	not_detected	not_detected	not_detected	not_detected	not_detected	not_detected	alaska_permafrost_reference	96.35	0.48	B_L006	class
alaska_permafrost_reference_SRR8676592rbin.10	panel_complete	panel_complete	panel_complete	not_detected	not_detected	not_detected	alaska_permafrost_reference	94.46	1.35	B_L001	phylum
alaska_permafrost_reference_SRR8879134rbin.12	panel_complete	panel_complete	not_detected	not_detected	not_detected	partial	alaska_permafrost_reference	94.24	0.34	B_L001	phylum
alaska_permafrost_reference_SRR8879134rbin.43	panel_complete	panel_complete	not_detected	not_detected	not_detected	not_detected	alaska_permafrost_reference	91.7	1.13	B_L044	phylum
alaska_permafrost_reference_SRR9009774bin.118	panel_complete	panel_complete	panel_complete	not_detected	not_detected	not_detected	alaska_permafrost_reference	99.85	3.82	B_L012	order
alaska_permafrost_reference_SRR9691026rbin.5	not_detected	not_detected	not_detected	not_detected	not_detected	not_detected	alaska_permafrost_reference	94.74	2.21	B_L007	order
alaska_permafrost_reference_SRR9691041rbin.3	not_detected	panel_complete	not_detected	not_detected	not_detected	not_detected	alaska_permafrost_reference	95.73	0.93	B_L001	phylum
atacama_halite_rainfall_prjna484015_SG1_Actinobacteria_73_19	not_detected	panel_complete	panel_complete	not_detected	not_detected	not_detected	atacama_halite_rainfall_prjna484015	93.54	3.07	B_L001	phylum
atacama_halite_rainfall_prjna484015_SG1_Burkholderiales_64_6	not_detected	not_detected	not_detected	not_detected	not_detected	not_detected	atacama_halite_rainfall_prjna484015	93.14	0.7	B_L029	phylum
atacama_halite_rainfall_prjna484015_SG1_Chromatiales_50_6	not_detected	not_detected	panel_complete	not_detected	not_detected	not_detected	atacama_halite_rainfall_prjna484015	92.57	0.93	B_L030	phylum
atacama_halite_rainfall_prjna484015_SG1_Ectothiorhodospiraceae_64_8	not_detected	not_detected	not_detected	panel_complete	not_detected	panel_complete	atacama_halite_rainfall_prjna484015	99.33	0.2	B_L006	class
atacama_halite_rainfall_prjna484015_SG1_Euhalothece_44_8	not_detected	not_detected	panel_complete	not_detected	not_detected	not_detected	atacama_halite_rainfall_prjna484015	99.99	0.0	B_L003	phylum
atacama_halite_rainfall_prjna484015_SG1_Gammaproteobacteria_46_8	not_detected	not_detected	not_detected	not_detected	not_detected	not_detected	atacama_halite_rainfall_prjna484015	91.05	0.63	B_L030	phylum
atacama_halite_rainfall_prjna484015_SG1_Salinibacter_62_31	not_detected	not_detected	panel_complete	not_detected	not_detected	not_detected	atacama_halite_rainfall_prjna484015	91.3	1.34	B_L053	class
atacama_salt_crust_prjna351262_GCA_003021505.1_ASM302150v1_genomic	not_detected	not_detected	not_detected	partial	not_detected	not_detected	atacama_salt_crust_prjna351262	99.77	0.0	B_L003	phylum
atacama_salt_crust_prjna351262_GCA_003022125.1_ASM302212v1_genomic	not_detected	not_detected	partial	not_detected	not_detected	not_detected	atacama_salt_crust_prjna351262	99.98	0.05	B_L003	phylum
atacama_salt_crust_prjna351262_GCA_003022365.1_ASM302236v1_genomic	not_detected	not_detected	not_detected	not_detected	not_detected	not_detected	atacama_salt_crust_prjna351262	90.94	0.14	B_L030	phylum
qaidam_basin_mmag_1773_AKQ1bin3	not_detected	not_detected	not_detected	not_detected	not_detected	not_detected	qaidam_basin_mmag_1773	99.04	0.29	B_L007	order
qaidam_basin_mmag_1773_AKQ1bin32	not_detected	partial	not_detected	not_detected	not_detected	not_detected	qaidam_basin_mmag_1773	98.54	1.26	B_L062	phylum
qaidam_basin_mmag_1773_AKQ1bin33	not_detected	not_detected	not_detected	not_detected	not_detected	not_detected	qaidam_basin_mmag_1773	100.0	0.42	B_L007	order
qaidam_basin_mmag_1773_AKQ1bin36	not_detected	not_detected	partial	partial	not_detected	not_detected	qaidam_basin_mmag_1773	94.51	1.23	B_L006	class
qaidam_basin_mmag_1773_AKQ1bin4	not_detected	not_detected	not_detected	not_detected	not_detected	not_detected	qaidam_basin_mmag_1773	95.92	0.23	B_L044	phylum
qaidam_basin_mmag_1773_AKQ1bin41	not_detected	not_detected	not_detected	not_detected	not_detected	not_detected	qaidam_basin_mmag_1773	95.38	3.03	B_L003	phylum
qaidam_basin_mmag_1773_AKQ1bin46	not_detected	not_detected	not_detected	not_detected	not_detected	not_detected	qaidam_basin_mmag_1773	92.88	0.02	B_L007	order
qaidam_basin_mmag_1773_AKQ1bin47	not_detected	not_detected	not_detected	not_detected	not_detected	not_detected	qaidam_basin_mmag_1773	100.0	0.51	B_L003	phylum
qaidam_basin_mmag_1773_AKQ1bin49	not_detected	not_detected	not_detected	not_detected	not_detected	not_detected	qaidam_basin_mmag_1773	99.98	0.51	B_L005	phylum
qaidam_basin_mmag_1773_AKQ1bin5	not_detected	not_detected	not_detected	not_detected	not_detected	not_detected	qaidam_basin_mmag_1773	96.34	3.34	B_L044	phylum
qaidam_basin_mmag_1773_AKQ1bin7	not_detected	not_detected	not_detected	not_detected	not_detected	partial	qaidam_basin_mmag_1773	100.0	0.02	B_L007	order
qaidam_basin_mmag_1773_AKQ2bin10	not_detected	not_detected	not_detected	not_detected	not_detected	not_detected	qaidam_basin_mmag_1773	99.93	0.28	B_L005	phylum
qaidam_basin_mmag_1773_AKQ2bin11	not_detected	not_detected	not_detected	not_detected	not_detected	not_detected	qaidam_basin_mmag_1773	90.91	2.88	B_L003	phylum
qaidam_basin_mmag_1773_AKQ2bin13	not_detected	not_detected	not_detected	not_detected	not_detected	not_detected	qaidam_basin_mmag_1773	98.55	0.42	B_L005	phylum
qaidam_basin_mmag_1773_AKQ2bin15	not_detected	not_detected	not_detected	not_detected	not_detected	not_detected	qaidam_basin_mmag_1773	100.0	1.12	B_L005	phylum
qaidam_basin_mmag_1773_AKQ2bin22	not_detected	not_detected	not_detected	not_detected	not_detected	not_detected	qaidam_basin_mmag_1773	98.46	0.24	B_L040	phylum
qaidam_basin_mmag_1773_AKQ2bin24	not_detected	partial	not_detected	not_detected	not_detected	partial	qaidam_basin_mmag_1773	99.96	1.91	B_L006	class
qaidam_basin_mmag_1773_AKQ2bin35	not_detected	not_detected	not_detected	panel_complete	not_detected	partial	qaidam_basin_mmag_1773	98.8	1.1	B_L006	class
qaidam_basin_mmag_1773_AKQ2bin36	not_detected	partial	not_detected	partial	not_detected	not_detected	qaidam_basin_mmag_1773	99.98	0.25	B_L006	class
qaidam_basin_mmag_1773_AKQ2bin58	not_detected	not_detected	not_detected	not_detected	not_detected	partial	qaidam_basin_mmag_1773	99.96	0.18	B_L005	phylum
qaidam_basin_mmag_1773_AKQ2bin69	not_detected	not_detected	not_detected	panel_complete	not_detected	not_detected	qaidam_basin_mmag_1773	90.89	2.7	B_L006	class
qaidam_basin_mmag_1773_AKQ2bin70	not_detected	not_detected	not_detected	not_detected	not_detected	partial	qaidam_basin_mmag_1773	96.89	1.23	B_L006	class
qaidam_basin_mmag_1773_AKQ2bin71	not_detected	not_detected	not_detected	not_detected	not_detected	not_detected	qaidam_basin_mmag_1773	91.81	0.04	B_L006	class
qaidam_basin_mmag_1773_AKQ2bin79	not_detected	not_detected	not_detected	panel_complete	not_detected	partial	qaidam_basin_mmag_1773	96.04	1.3	B_L006	class
qaidam_basin_mmag_1773_AKQ3bin10	not_detected	not_detected	panel_complete	partial	panel_complete	partial	qaidam_basin_mmag_1773	98.97	3.97	B_L006	class
qaidam_basin_mmag_1773_AKQ3bin14	not_detected	not_detected	not_detected	panel_complete	not_detected	not_detected	qaidam_basin_mmag_1773	90.41	0.12	B_L006	class
qaidam_basin_mmag_1773_AKQ3bin15	not_detected	not_detected	not_detected	panel_complete	not_detected	partial	qaidam_basin_mmag_1773	97.25	0.75	B_L006	class
qaidam_basin_mmag_1773_AKQ3bin16	not_detected	panel_complete	not_detected	not_detected	not_detected	partial	qaidam_basin_mmag_1773	98.37	2.01	B_L006	class
qaidam_basin_mmag_1773_AKQ3bin26	not_detected	not_detected	not_detected	not_detected	not_detected	not_detected	qaidam_basin_mmag_1773	94.69	0.98	B_L044	phylum
qaidam_basin_mmag_1773_AKQ3bin27	not_detected	not_detected	not_detected	panel_complete	panel_complete	partial	qaidam_basin_mmag_1773	95.51	0.36	B_L006	class
qaidam_basin_mmag_1773_AKQ3bin33	not_detected	not_detected	not_detected	panel_complete	panel_complete	partial	qaidam_basin_mmag_1773	99.88	0.01	B_L012	order
qaidam_basin_mmag_1773_AKQ3bin35	not_detected	not_detected	not_detected	not_detected	not_detected	partial	qaidam_basin_mmag_1773	99.99	0.45	B_L029	phylum
qaidam_basin_mmag_1773_AKQ3bin38	not_detected	not_detected	not_detected	partial	panel_complete	panel_complete	qaidam_basin_mmag_1773	91.23	1.0	B_L006	class
qaidam_basin_mmag_1773_AKQ3bin45	not_detected	not_detected	not_detected	not_detected	not_detected	not_detected	qaidam_basin_mmag_1773	95.33	0.07	B_L005	phylum
qaidam_basin_mmag_1773_AKQ3bin5	not_detected	not_detected	not_detected	not_detected	not_detected	not_detected	qaidam_basin_mmag_1773	95.37	0.57	B_L006	class
qaidam_basin_mmag_1773_AKQ3bin53	not_detected	not_detected	not_detected	not_detected	not_detected	not_detected	qaidam_basin_mmag_1773	99.99	0.31	B_L005	phylum
qaidam_basin_mmag_1773_AKQ3bin77	not_detected	not_detected	not_detected	not_detected	not_detected	panel_complete	qaidam_basin_mmag_1773	93.42	0.4	B_L006	class
qaidam_basin_mmag_1773_CG2021bin12	not_detected	not_detected	not_detected	not_detected	not_detected	not_detected	qaidam_basin_mmag_1773	91.62	1.68	B_L001	phylum
qaidam_basin_mmag_1773_CG2021bin18	not_detected	not_detected	not_detected	not_detected	not_detected	not_detected	qaidam_basin_mmag_1773	92.51	0.68	B_L008	order
qaidam_basin_mmag_1773_CHGGbin19	not_detected	not_detected	panel_complete	not_detected	not_detected	not_detected	qaidam_basin_mmag_1773	92.52	2.8	B_L001	phylum
qaidam_basin_mmag_1773_CHGGbin25	not_detected	partial	not_detected	not_detected	not_detected	not_detected	qaidam_basin_mmag_1773	92.63	4.73	B_L040	phylum
qaidam_basin_mmag_1773_CHGGbin27	not_detected	not_detected	not_detected	panel_complete	not_detected	not_detected	qaidam_basin_mmag_1773	99.99	1.17	B_L006	class
qaidam_basin_mmag_1773_CHGGbin28	not_detected	not_detected	not_detected	not_detected	not_detected	not_detected	qaidam_basin_mmag_1773	97.33	2.63	B_L001	phylum
qaidam_basin_mmag_1773_CHGGbin6	not_detected	partial	not_detected	not_detected	not_detected	not_detected	qaidam_basin_mmag_1773	92.03	4.8	B_L005	phylum
qaidam_basin_mmag_1773_CHGRbin11	not_detected	not_detected	not_detected	not_detected	not_detected	not_detected	qaidam_basin_mmag_1773	90.14	2.04	B_L001	phylum
qaidam_basin_mmag_1773_CHGRbin17	not_detected	not_detected	not_detected	not_detected	not_detected	not_detected	qaidam_basin_mmag_1773	98.02	3.06	B_L005	phylum
qaidam_basin_mmag_1773_CHGRbin34	not_detected	not_detected	not_detected	panel_complete	not_detected	not_detected	qaidam_basin_mmag_1773	90.46	1.32	B_L001	phylum
qaidam_basin_mmag_1773_CHGRbin38	not_detected	partial	not_detected	not_detected	not_detected	not_detected	qaidam_basin_mmag_1773	91.86	0.53	B_L005	phylum
qaidam_basin_mmag_1773_CHGRbin4	not_detected	not_detected	not_detected	not_detected	not_detected	not_detected	qaidam_basin_mmag_1773	90.87	1.6	B_L029	phylum
qaidam_basin_mmag_1773_CHGYbin11	not_detected	not_detected	not_detected	not_detected	not_detected	not_detected	qaidam_basin_mmag_1773	99.93	1.27	B_L005	phylum
qaidam_basin_mmag_1773_CHGYbin37	not_detected	partial	not_detected	not_detected	not_detected	not_detected	qaidam_basin_mmag_1773	94.45	1.65	B_L002	phylum
qaidam_basin_mmag_1773_CHGYbin7	not_detected	not_detected	panel_complete	not_detected	not_detected	partial	qaidam_basin_mmag_1773	94.64	0.52	B_L001	phylum
qaidam_basin_mmag_1773_CJ0912_0_5bin28	not_detected	not_detected	not_detected	not_detected	not_detected	not_detected	qaidam_basin_mmag_1773	93.87	1.77	B_L001	phylum
qaidam_basin_mmag_1773_CJ0912_0_5bin5	not_detected	panel_complete	not_detected	not_detected	not_detected	not_detected	qaidam_basin_mmag_1773	95.42	0.75	B_L002	phylum
qaidam_basin_mmag_1773_CJ0912_10_15bin23	not_detected	not_detected	panel_complete	panel_complete	panel_complete	partial	qaidam_basin_mmag_1773	100.0	3.97	B_L001	phylum
qaidam_basin_mmag_1773_CJ0912_15_20bin15	not_detected	not_detected	not_detected	panel_complete	panel_complete	not_detected	qaidam_basin_mmag_1773	93.4	3.47	B_L001	phylum
qaidam_basin_mmag_1773_CJ0912_15_20bin20	not_detected	not_detected	not_detected	not_detected	not_detected	partial	qaidam_basin_mmag_1773	92.68	2.95	B_L040	phylum
qaidam_basin_mmag_1773_CJ0912_15_20bin22	not_detected	not_detected	not_detected	not_detected	not_detected	not_detected	qaidam_basin_mmag_1773	92.18	2.96	B_L005	phylum
qaidam_basin_mmag_1773_CJ0912_15_20bin32	not_detected	not_detected	not_detected	panel_complete	panel_complete	not_detected	qaidam_basin_mmag_1773	97.8	0.01	B_L006	class
qaidam_basin_mmag_1773_CJ0912_15_20bin37	not_detected	not_detected	not_detected	partial	not_detected	not_detected	qaidam_basin_mmag_1773	92.63	1.92	B_L001	phylum
qaidam_basin_mmag_1773_CJ0912_15_20bin7	not_detected	not_detected	panel_complete	not_detected	not_detected	partial	qaidam_basin_mmag_1773	90.97	3.15	B_L052	phylum
qaidam_basin_mmag_1773_CJ0912_25_30bin14	not_detected	not_detected	not_detected	not_detected	not_detected	not_detected	qaidam_basin_mmag_1773	91.69	1.19	B_L005	phylum
qaidam_basin_mmag_1773_CJ0912_25_30bin15	not_detected	not_detected	not_detected	not_detected	not_detected	not_detected	qaidam_basin_mmag_1773	90.64	1.75	B_L005	phylum
qaidam_basin_mmag_1773_CJ0912_25_30bin29	not_detected	not_detected	not_detected	not_detected	not_detected	partial	qaidam_basin_mmag_1773	99.35	0.37	B_L001	phylum
qaidam_basin_mmag_1773_CJ0912_25_30bin30	not_detected	not_detected	panel_complete	panel_complete	panel_complete	not_detected	qaidam_basin_mmag_1773	90.14	0.08	B_L001	phylum
qaidam_basin_mmag_1773_CJ0912_25_30bin34	not_detected	not_detected	panel_complete	panel_complete	panel_complete	panel_complete	qaidam_basin_mmag_1773	91.52	3.21	B_L001	phylum
qaidam_basin_mmag_1773_CJ0912_30_35bin11	not_detected	not_detected	not_detected	panel_complete	not_detected	not_detected	qaidam_basin_mmag_1773	94.57	0.37	B_L006	class
qaidam_basin_mmag_1773_CJ0912_30_35bin32	not_detected	not_detected	not_detected	not_detected	not_detected	not_detected	qaidam_basin_mmag_1773	98.3	0.29	B_L005	phylum
qaidam_basin_mmag_1773_CJ0912_30_35bin34	not_detected	partial	partial	not_detected	not_detected	not_detected	qaidam_basin_mmag_1773	95.15	0.34	B_L005	phylum
qaidam_basin_mmag_1773_CJ0912_30_35bin48	not_detected	not_detected	not_detected	not_detected	not_detected	not_detected	qaidam_basin_mmag_1773	93.4	3.02	B_L008	order
qaidam_basin_mmag_1773_CJ0912_30_35bin52	not_detected	not_detected	not_detected	not_detected	not_detected	not_detected	qaidam_basin_mmag_1773	92.05	0.87	B_L001	phylum
qaidam_basin_mmag_1773_CJ0912_35_40bin13	not_detected	not_detected	not_detected	partial	not_detected	not_detected	qaidam_basin_mmag_1773	90.26	1.76	B_L001	phylum
qaidam_basin_mmag_1773_CJ0912_35_40bin26	not_detected	not_detected	partial	not_detected	not_detected	not_detected	qaidam_basin_mmag_1773	99.85	4.6	B_L005	phylum
qaidam_basin_mmag_1773_CJ0912_35_40bin29	not_detected	not_detected	not_detected	not_detected	not_detected	partial	qaidam_basin_mmag_1773	95.81	2.7	B_L040	phylum
qaidam_basin_mmag_1773_CJ0912_40_45bin23	not_detected	partial	panel_complete	partial	not_detected	not_detected	qaidam_basin_mmag_1773	98.44	1.42	B_L001	phylum
qaidam_basin_mmag_1773_CJ0912_40_45bin29	not_detected	not_detected	not_detected	not_detected	not_detected	partial	qaidam_basin_mmag_1773	97.95	0.72	B_L048	phylum
qaidam_basin_mmag_1773_CJ0912_40_45bin35	not_detected	not_detected	not_detected	not_detected	not_detected	partial	qaidam_basin_mmag_1773	92.39	1.36	B_L005	phylum
qaidam_basin_mmag_1773_CJ0912_40_45bin8	not_detected	not_detected	not_detected	panel_complete	panel_complete	not_detected	qaidam_basin_mmag_1773	94.79	4.7	B_L006	class
qaidam_basin_mmag_1773_CJ0912_45_50bin1	not_detected	not_detected	not_detected	panel_complete	panel_complete	partial	qaidam_basin_mmag_1773	98.27	2.28	B_L001	phylum
qaidam_basin_mmag_1773_CJ0912_45_50bin11	not_detected	not_detected	not_detected	not_detected	not_detected	not_detected	qaidam_basin_mmag_1773	99.93	0.65	B_L005	phylum
qaidam_basin_mmag_1773_CJ0912_5_10bin10	not_detected	not_detected	not_detected	not_detected	not_detected	not_detected	qaidam_basin_mmag_1773	100.0	0.04	B_L044	phylum
qaidam_basin_mmag_1773_CJ0912_5_10bin13	not_detected	not_detected	not_detected	not_detected	not_detected	not_detected	qaidam_basin_mmag_1773	97.17	1.11	B_L044	phylum
qaidam_basin_mmag_1773_CJ0912_5_10bin28	not_detected	not_detected	not_detected	not_detected	not_detected	not_detected	qaidam_basin_mmag_1773	99.06	1.2	B_L033	class
qaidam_basin_mmag_1773_CJ0912_5_10bin6	not_detected	not_detected	not_detected	panel_complete	not_detected	not_detected	qaidam_basin_mmag_1773	98.48	1.58	B_L006	class
qaidam_basin_mmag_1773_CJS_1_0912bin12	not_detected	not_detected	not_detected	not_detected	not_detected	not_detected	qaidam_basin_mmag_1773	97.9	1.95	B_L053	class
qaidam_basin_mmag_1773_CJS_1_0912bin14	not_detected	not_detected	not_detected	not_detected	not_detected	not_detected	qaidam_basin_mmag_1773	91.9	2.71	B_L001	phylum
qaidam_basin_mmag_1773_CJS_1_0912bin23	not_detected	not_detected	not_detected	not_detected	not_detected	not_detected	qaidam_basin_mmag_1773	97.79	0.55	B_L053	class
qaidam_basin_mmag_1773_CJS_1_0912bin40	not_detected	not_detected	not_detected	not_detected	not_detected	partial	qaidam_basin_mmag_1773	93.01	0.77	B_L007	order
qaidam_basin_mmag_1773_CJS_1_0912bin47	not_detected	not_detected	not_detected	not_detected	not_detected	not_detected	qaidam_basin_mmag_1773	95.37	3.91	B_L001	phylum
qaidam_basin_mmag_1773_CJS_1_0912bin49	not_detected	not_detected	not_detected	panel_complete	panel_complete	not_detected	qaidam_basin_mmag_1773	96.77	2.21	B_L029	phylum
qaidam_basin_mmag_1773_CJS_1_0912bin8	not_detected	partial	partial	not_detected	not_detected	not_detected	qaidam_basin_mmag_1773	97.01	2.96	B_L029	phylum
qaidam_basin_mmag_1773_DLTCJS0_5bin33	not_detected	not_detected	not_detected	not_detected	not_detected	not_detected	qaidam_basin_mmag_1773	99.95	0.93	B_L005	phylum
qaidam_basin_mmag_1773_DLTCJS0_5bin63	not_detected	not_detected	not_detected	not_detected	not_detected	not_detected	qaidam_basin_mmag_1773	98.07	2.81	B_L005	phylum
qaidam_basin_mmag_1773_DLTCJS10_15bin49	not_detected	not_detected	panel_complete	not_detected	not_detected	not_detected	qaidam_basin_mmag_1773	91.74	0.9	B_L001	phylum
qaidam_basin_mmag_1773_DLTCJS10_15bin52	not_detected	not_detected	not_detected	panel_complete	not_detected	not_detected	qaidam_basin_mmag_1773	98.1	1.51	B_L033	class
qaidam_basin_mmag_1773_DLTCJS10_15bin60	panel_complete	panel_complete	panel_complete	not_detected	not_detected	panel_complete	qaidam_basin_mmag_1773	100.0	0.24	B_L006	class
qaidam_basin_mmag_1773_DLTCJS10_15bin62	not_detected	not_detected	not_detected	panel_complete	not_detected	not_detected	qaidam_basin_mmag_1773	96.56	0.95	B_L006	class
qaidam_basin_mmag_1773_DLTCJS10_15bin70	not_detected	partial	panel_complete	not_detected	not_detected	panel_complete	qaidam_basin_mmag_1773	90.96	0.29	B_L001	phylum
qaidam_basin_mmag_1773_DLTCJS15_20bin34	not_detected	not_detected	not_detected	not_detected	not_detected	not_detected	qaidam_basin_mmag_1773	94.32	2.96	B_L005	phylum
qaidam_basin_mmag_1773_DLTCJS15_20bin44	not_detected	partial	partial	not_detected	not_detected	panel_complete	qaidam_basin_mmag_1773	92.52	1.67	B_L001	phylum
qaidam_basin_mmag_1773_DLTCJS15_20bin45	not_detected	not_detected	not_detected	not_detected	not_detected	not_detected	qaidam_basin_mmag_1773	99.83	0.15	B_L005	phylum
qaidam_basin_mmag_1773_DLTCJS20_25bin11	not_detected	not_detected	not_detected	not_detected	not_detected	not_detected	qaidam_basin_mmag_1773	98.57	0.16	B_L005	phylum
qaidam_basin_mmag_1773_DLTCJS20_25bin20	not_detected	not_detected	not_detected	not_detected	not_detected	not_detected	qaidam_basin_mmag_1773	100.0	0.65	B_L005	phylum
qaidam_basin_mmag_1773_DLTCJS20_25bin24	not_detected	not_detected	not_detected	not_detected	not_detected	not_detected	qaidam_basin_mmag_1773	93.36	0.49	B_L005	phylum
qaidam_basin_mmag_1773_DLTCJS20_25bin26	not_detected	not_detected	not_detected	not_detected	not_detected	not_detected	qaidam_basin_mmag_1773	93.19	2.13	B_L005	phylum
qaidam_basin_mmag_1773_DLTCJS20_25bin4	not_detected	not_detected	not_detected	not_detected	not_detected	partial	qaidam_basin_mmag_1773	92.48	0.27	B_L006	class
qaidam_basin_mmag_1773_DLTCJS20_25bin46	not_detected	not_detected	not_detected	not_detected	not_detected	not_detected	qaidam_basin_mmag_1773	96.37	1.99	B_L005	phylum
qaidam_basin_mmag_1773_DLTCJS20_25bin48	not_detected	not_detected	not_detected	panel_complete	not_detected	not_detected	qaidam_basin_mmag_1773	98.2	4.25	B_L033	class
qaidam_basin_mmag_1773_DLTCJS20_25bin54	not_detected	not_detected	not_detected	not_detected	not_detected	not_detected	qaidam_basin_mmag_1773	90.86	2.26	B_L005	phylum
qaidam_basin_mmag_1773_DLTCJS20_25bin58	not_detected	not_detected	not_detected	not_detected	not_detected	not_detected	qaidam_basin_mmag_1773	99.99	0.38	B_L005	phylum
qaidam_basin_mmag_1773_DLTCJS20_25bin81	not_detected	not_detected	not_detected	not_detected	not_detected	not_detected	qaidam_basin_mmag_1773	95.85	2.2	B_L044	phylum
qaidam_basin_mmag_1773_DLTCJS20_25bin88	not_detected	not_detected	not_detected	not_detected	not_detected	not_detected	qaidam_basin_mmag_1773	96.37	2.16	B_L005	phylum
qaidam_basin_mmag_1773_DLTCJS25_30bin30	not_detected	partial	not_detected	not_detected	not_detected	partial	qaidam_basin_mmag_1773	93.45	0.71	B_L048	phylum
qaidam_basin_mmag_1773_DLTCJS25_30bin37	not_detected	not_detected	not_detected	partial	not_detected	not_detected	qaidam_basin_mmag_1773	97.41	1.18	B_L001	phylum
qaidam_basin_mmag_1773_DLTCJS25_30bin39	not_detected	not_detected	not_detected	not_detected	not_detected	not_detected	qaidam_basin_mmag_1773	90.72	0.41	B_L048	phylum
qaidam_basin_mmag_1773_DLTCJS25_30bin40	not_detected	not_detected	not_detected	not_detected	not_detected	not_detected	qaidam_basin_mmag_1773	99.69	3.28	B_L040	phylum
qaidam_basin_mmag_1773_DLTCJS25_30bin44	not_detected	not_detected	not_detected	not_detected	not_detected	not_detected	qaidam_basin_mmag_1773	100.0	4.44	B_L048	phylum
qaidam_basin_mmag_1773_DLTCJS25_30bin65	not_detected	not_detected	not_detected	not_detected	not_detected	not_detected	qaidam_basin_mmag_1773	100.0	1.99	B_L044	phylum
qaidam_basin_mmag_1773_DLTCJS25_30bin70	not_detected	not_detected	not_detected	not_detected	not_detected	not_detected	qaidam_basin_mmag_1773	91.84	0.77	B_L044	phylum
qaidam_basin_mmag_1773_DLTCJS5_10bin25	not_detected	not_detected	not_detected	panel_complete	panel_complete	not_detected	qaidam_basin_mmag_1773	100.0	0.0	B_L006	class
qaidam_basin_mmag_1773_DLTCJS5_10bin36	not_detected	partial	not_detected	not_detected	not_detected	not_detected	qaidam_basin_mmag_1773	98.69	2.1	B_L001	phylum
qaidam_basin_mmag_1773_DLTCJS5_10bin65	panel_complete	panel_complete	not_detected	panel_complete	panel_complete	panel_complete	qaidam_basin_mmag_1773	90.72	4.01	B_L001	phylum
qaidam_basin_mmag_1773_DLTCJS5_10bin76	not_detected	not_detected	not_detected	not_detected	not_detected	not_detected	qaidam_basin_mmag_1773	96.71	1.77	B_L006	class
qaidam_basin_mmag_1773_DLTFbin14	not_detected	not_detected	not_detected	panel_complete	panel_complete	not_detected	qaidam_basin_mmag_1773	96.1	0.69	B_L006	class
qaidam_basin_mmag_1773_DLTFbin3	not_detected	not_detected	not_detected	panel_complete	panel_complete	not_detected	qaidam_basin_mmag_1773	94.52	1.13	B_L001	phylum
qaidam_basin_mmag_1773_DLTFbin33	not_detected	not_detected	not_detected	not_detected	not_detected	not_detected	qaidam_basin_mmag_1773	100.0	0.17	B_L005	phylum
qaidam_basin_mmag_1773_DLTFbin42	not_detected	not_detected	not_detected	panel_complete	not_detected	not_detected	qaidam_basin_mmag_1773	96.74	2.73	B_L033	class
qaidam_basin_mmag_1773_DLTFbin58	not_detected	not_detected	not_detected	not_detected	not_detected	not_detected	qaidam_basin_mmag_1773	100.0	0.36	B_L005	phylum
qaidam_basin_mmag_1773_DLTFbin71	not_detected	not_detected	not_detected	not_detected	not_detected	not_detected	qaidam_basin_mmag_1773	99.06	0.19	B_L005	phylum
qaidam_basin_mmag_1773_DLTSQ0_15bin22	not_detected	not_detected	not_detected	not_detected	not_detected	not_detected	qaidam_basin_mmag_1773	93.76	4.21	B_L001	phylum
qaidam_basin_mmag_1773_DLTSQ0_15bin27	not_detected	not_detected	not_detected	not_detected	not_detected	not_detected	qaidam_basin_mmag_1773	93.14	2.2	B_L005	phylum
qaidam_basin_mmag_1773_DLTSQ0_15bin37	not_detected	not_detected	not_detected	not_detected	not_detected	partial	qaidam_basin_mmag_1773	99.2	0.98	B_L006	class
qaidam_basin_mmag_1773_DLTSQ0_15bin44	not_detected	not_detected	not_detected	not_detected	not_detected	not_detected	qaidam_basin_mmag_1773	90.78	0.01	B_L030	phylum
qaidam_basin_mmag_1773_DLTSQ0_15bin46	not_detected	not_detected	not_detected	not_detected	not_detected	not_detected	qaidam_basin_mmag_1773	93.85	0.81	B_L007	order
qaidam_basin_mmag_1773_DLTSQ0_15bin47	not_detected	not_detected	not_detected	not_detected	not_detected	not_detected	qaidam_basin_mmag_1773	93.8	3.06	B_L001	phylum
qaidam_basin_mmag_1773_DLTSQ0_15bin5	not_detected	not_detected	not_detected	not_detected	not_detected	not_detected	qaidam_basin_mmag_1773	90.31	0.45	B_L005	phylum
qaidam_basin_mmag_1773_DLTSQ0_15bin8	not_detected	not_detected	not_detected	not_detected	not_detected	not_detected	qaidam_basin_mmag_1773	93.7	3.4	B_L006	class
qaidam_basin_mmag_1773_DLTSQ15_20bin28	not_detected	not_detected	not_detected	not_detected	not_detected	not_detected	qaidam_basin_mmag_1773	99.8	0.47	B_L053	class
qaidam_basin_mmag_1773_DLTSQ20_25bin14	not_detected	not_detected	panel_complete	panel_complete	panel_complete	panel_complete	qaidam_basin_mmag_1773	99.9	0.83	B_L006	class
qaidam_basin_mmag_1773_DLTSQ20_25bin25	not_detected	not_detected	not_detected	partial	not_detected	not_detected	qaidam_basin_mmag_1773	100.0	2.59	B_L006	class
qaidam_basin_mmag_1773_DLTSQ20_25bin26	not_detected	not_detected	not_detected	not_detected	not_detected	not_detected	qaidam_basin_mmag_1773	96.81	0.64	B_L053	class
qaidam_basin_mmag_1773_DLTSQ20_25bin28	not_detected	not_detected	not_detected	panel_complete	panel_complete	not_detected	qaidam_basin_mmag_1773	97.92	1.83	B_L006	class
qaidam_basin_mmag_1773_DLTSQ20_25bin41	not_detected	not_detected	not_detected	not_detected	not_detected	not_detected	qaidam_basin_mmag_1773	90.48	0.82	B_L005	phylum
qaidam_basin_mmag_1773_DLTSQ20_25bin64	not_detected	not_detected	not_detected	not_detected	not_detected	partial	qaidam_basin_mmag_1773	97.94	0.5	B_L005	phylum
qaidam_basin_mmag_1773_DLTYbin13	not_detected	not_detected	not_detected	not_detected	not_detected	not_detected	qaidam_basin_mmag_1773	93.76	2.92	B_L001	phylum
qaidam_basin_mmag_1773_DLTYbin17	not_detected	not_detected	not_detected	not_detected	not_detected	not_detected	qaidam_basin_mmag_1773	98.19	1.34	B_L005	phylum
qaidam_basin_mmag_1773_DLTYbin21	not_detected	not_detected	not_detected	not_detected	not_detected	partial	qaidam_basin_mmag_1773	100.0	4.03	B_L040	phylum
qaidam_basin_mmag_1773_DLTYbin23	not_detected	not_detected	not_detected	not_detected	not_detected	not_detected	qaidam_basin_mmag_1773	100.0	0.2	B_L005	phylum
qaidam_basin_mmag_1773_FCHGbin15	not_detected	not_detected	panel_complete	not_detected	not_detected	not_detected	qaidam_basin_mmag_1773	91.68	2.21	B_L001	phylum
qaidam_basin_mmag_1773_FCHGbin2	not_detected	not_detected	not_detected	not_detected	not_detected	not_detected	qaidam_basin_mmag_1773	100.0	0.95	B_L005	phylum
qaidam_basin_mmag_1773_FCHGbin38	not_detected	not_detected	not_detected	not_detected	not_detected	not_detected	qaidam_basin_mmag_1773	95.48	4.91	B_L005	phylum
qaidam_basin_mmag_1773_FCHGbin44	not_detected	not_detected	not_detected	not_detected	not_detected	not_detected	qaidam_basin_mmag_1773	92.93	2.94	B_L005	phylum
qaidam_basin_mmag_1773_FCHGbin46	not_detected	not_detected	not_detected	not_detected	not_detected	not_detected	qaidam_basin_mmag_1773	98.5	1.26	B_L005	phylum
qaidam_basin_mmag_1773_L_0707_10_15bin10	not_detected	partial	not_detected	not_detected	not_detected	not_detected	qaidam_basin_mmag_1773	94.95	1.43	B_L029	phylum
qaidam_basin_mmag_1773_L_0707_10_15bin12	not_detected	not_detected	not_detected	not_detected	not_detected	not_detected	qaidam_basin_mmag_1773	99.72	0.38	B_L040	phylum
qaidam_basin_mmag_1773_L_0707_10_15bin14	not_detected	not_detected	not_detected	not_detected	not_detected	partial	qaidam_basin_mmag_1773	99.06	2.47	B_L001	phylum
qaidam_basin_mmag_1773_L_0707_10_15bin18	not_detected	not_detected	not_detected	panel_complete	panel_complete	partial	qaidam_basin_mmag_1773	100.0	0.18	B_L012	order
qaidam_basin_mmag_1773_L_0707_10_15bin25	not_detected	panel_complete	partial	not_detected	not_detected	partial	qaidam_basin_mmag_1773	95.42	0.94	B_L001	phylum
qaidam_basin_mmag_1773_L_0707_10_15bin27	not_detected	panel_complete	not_detected	panel_complete	panel_complete	not_detected	qaidam_basin_mmag_1773	92.79	0.74	B_L001	phylum
qaidam_basin_mmag_1773_L_0707_10_15bin3	not_detected	partial	not_detected	panel_complete	panel_complete	not_detected	qaidam_basin_mmag_1773	96.76	2.61	B_L001	phylum
qaidam_basin_mmag_1773_L_0707_10_15bin30	not_detected	not_detected	not_detected	not_detected	not_detected	partial	qaidam_basin_mmag_1773	99.64	0.51	B_L048	phylum
qaidam_basin_mmag_1773_L_0707_10_15bin44	not_detected	not_detected	not_detected	not_detected	not_detected	not_detected	qaidam_basin_mmag_1773	92.96	2.15	B_L007	order
qaidam_basin_mmag_1773_L_0707_10_15bin48	not_detected	panel_complete	not_detected	not_detected	not_detected	not_detected	qaidam_basin_mmag_1773	94.7	3.48	B_L001	phylum
qaidam_basin_mmag_1773_L_0707_10_15bin49	not_detected	not_detected	not_detected	not_detected	not_detected	not_detected	qaidam_basin_mmag_1773	100.0	2.83	B_L005	phylum
qaidam_basin_mmag_1773_L_0707_10_15bin52	not_detected	partial	not_detected	not_detected	not_detected	not_detected	qaidam_basin_mmag_1773	90.17	0.45	B_L006	class
qaidam_basin_mmag_1773_L_0707_10_15bin56	not_detected	panel_complete	not_detected	not_detected	not_detected	not_detected	qaidam_basin_mmag_1773	93.65	1.25	B_L001	phylum
qaidam_basin_mmag_1773_L_0707_10_15bin60	not_detected	partial	not_detected	not_detected	not_detected	partial	qaidam_basin_mmag_1773	100.0	3.03	B_L048	phylum
qaidam_basin_mmag_1773_L_0707_10_15bin61	not_detected	panel_complete	not_detected	not_detected	not_detected	partial	qaidam_basin_mmag_1773	93.47	0.25	B_L001	phylum
qaidam_basin_mmag_1773_L_0707_10_15bin67	not_detected	partial	not_detected	partial	not_detected	not_detected	qaidam_basin_mmag_1773	98.35	0.85	B_L001	phylum
qaidam_basin_mmag_1773_L_0707_10_15bin69	not_detected	not_detected	not_detected	not_detected	not_detected	not_detected	qaidam_basin_mmag_1773	95.07	3.03	B_L005	phylum
qaidam_basin_mmag_1773_L_0707_10_15bin8	not_detected	panel_complete	not_detected	not_detected	not_detected	not_detected	qaidam_basin_mmag_1773	96.21	2.73	B_L001	phylum
qaidam_basin_mmag_1773_L_0707_15_20bin14	not_detected	not_detected	not_detected	not_detected	not_detected	not_detected	qaidam_basin_mmag_1773	95.1	0.17	B_L001	phylum
qaidam_basin_mmag_1773_L_0707_15_20bin24	not_detected	panel_complete	not_detected	not_detected	not_detected	partial	qaidam_basin_mmag_1773	96.65	1.94	B_L001	phylum
qaidam_basin_mmag_1773_L_0707_15_20bin28	not_detected	partial	not_detected	not_detected	not_detected	not_detected	qaidam_basin_mmag_1773	95.73	1.96	B_L029	phylum
qaidam_basin_mmag_1773_L_0707_15_20bin38	not_detected	not_detected	not_detected	not_detected	not_detected	not_detected	qaidam_basin_mmag_1773	99.73	2.19	B_L048	phylum
qaidam_basin_mmag_1773_L_0707_15_20bin50	panel_complete	panel_complete	panel_complete	not_detected	not_detected	not_detected	qaidam_basin_mmag_1773	100.0	1.86	B_L001	phylum
qaidam_basin_mmag_1773_L_0707_15_20bin56	not_detected	not_detected	not_detected	partial	not_detected	not_detected	qaidam_basin_mmag_1773	99.55	2.46	B_L031	phylum
qaidam_basin_mmag_1773_L_0707_15_20bin57	not_detected	panel_complete	not_detected	not_detected	not_detected	not_detected	qaidam_basin_mmag_1773	93.66	1.17	B_L001	phylum
qaidam_basin_mmag_1773_L_0707_15_20bin6	not_detected	not_detected	not_detected	not_detected	not_detected	not_detected	qaidam_basin_mmag_1773	91.48	1.72	B_L001	phylum
qaidam_basin_mmag_1773_L_0707_15_20bin62	not_detected	not_detected	not_detected	not_detected	not_detected	not_detected	qaidam_basin_mmag_1773	95.36	1.02	B_L048	phylum
qaidam_basin_mmag_1773_L_0707_15_20bin64	not_detected	partial	not_detected	not_detected	not_detected	partial	qaidam_basin_mmag_1773	99.19	1.85	B_L048	phylum
qaidam_basin_mmag_1773_L_0707_15_20bin7	not_detected	not_detected	not_detected	not_detected	not_detected	not_detected	qaidam_basin_mmag_1773	93.13	2.29	B_L029	phylum
qaidam_basin_mmag_1773_L_0707_2_5bin11	not_detected	not_detected	not_detected	not_detected	not_detected	partial	qaidam_basin_mmag_1773	90.35	3.26	B_L001	phylum
qaidam_basin_mmag_1773_L_0707_2_5bin13	not_detected	partial	not_detected	not_detected	not_detected	not_detected	qaidam_basin_mmag_1773	90.42	4.48	B_L001	phylum
qaidam_basin_mmag_1773_L_0707_2_5bin27	not_detected	not_detected	not_detected	not_detected	not_detected	partial	qaidam_basin_mmag_1773	99.5	1.54	B_L040	phylum
qaidam_basin_mmag_1773_L_0707_2_5bin3	not_detected	not_detected	not_detected	not_detected	not_detected	not_detected	qaidam_basin_mmag_1773	90.65	0.63	B_L001	phylum
qaidam_basin_mmag_1773_L_0707_2_5bin31	not_detected	partial	not_detected	not_detected	not_detected	not_detected	qaidam_basin_mmag_1773	100.0	2.57	B_L048	phylum
qaidam_basin_mmag_1773_L_0707_2_5bin39	not_detected	panel_complete	not_detected	not_detected	not_detected	not_detected	qaidam_basin_mmag_1773	91.45	3.42	B_L001	phylum
qaidam_basin_mmag_1773_L_0707_2_5bin4	not_detected	partial	not_detected	not_detected	not_detected	not_detected	qaidam_basin_mmag_1773	90.86	0.75	B_L001	phylum
qaidam_basin_mmag_1773_L_0707_2_5bin47	not_detected	not_detected	not_detected	not_detected	not_detected	not_detected	qaidam_basin_mmag_1773	100.0	0.77	B_L005	phylum
qaidam_basin_mmag_1773_L_0707_2_5bin48	not_detected	not_detected	not_detected	not_detected	not_detected	not_detected	qaidam_basin_mmag_1773	97.22	3.82	B_L001	phylum
qaidam_basin_mmag_1773_L_0707_2_5bin6	not_detected	not_detected	not_detected	not_detected	not_detected	not_detected	qaidam_basin_mmag_1773	90.15	2.95	B_L044	phylum
qaidam_basin_mmag_1773_L_0707_40_50bin1	not_detected	panel_complete	panel_complete	not_detected	not_detected	partial	qaidam_basin_mmag_1773	92.59	1.14	B_L001	phylum
qaidam_basin_mmag_1773_L_0707_40_50bin13	not_detected	not_detected	not_detected	panel_complete	panel_complete	not_detected	qaidam_basin_mmag_1773	98.41	1.95	B_L033	class
qaidam_basin_mmag_1773_L_0707_40_50bin17	not_detected	not_detected	not_detected	not_detected	not_detected	not_detected	qaidam_basin_mmag_1773	100.0	1.19	B_L005	phylum
qaidam_basin_mmag_1773_L_0707_40_50bin19	not_detected	not_detected	panel_complete	partial	not_detected	not_detected	qaidam_basin_mmag_1773	96.61	2.09	B_L001	phylum
qaidam_basin_mmag_1773_L_0707_40_50bin22	partial	panel_complete	panel_complete	not_detected	not_detected	not_detected	qaidam_basin_mmag_1773	95.38	3.55	B_L001	phylum
qaidam_basin_mmag_1773_L_0707_40_50bin23	not_detected	not_detected	not_detected	panel_complete	not_detected	not_detected	qaidam_basin_mmag_1773	99.33	0.69	B_L006	class
qaidam_basin_mmag_1773_L_0707_40_50bin25	not_detected	partial	not_detected	not_detected	not_detected	not_detected	qaidam_basin_mmag_1773	90.66	2.45	B_L003	phylum
qaidam_basin_mmag_1773_L_0707_40_50bin27	not_detected	not_detected	not_detected	not_detected	not_detected	not_detected	qaidam_basin_mmag_1773	100.0	1.58	B_L044	phylum
qaidam_basin_mmag_1773_L_0707_40_50bin28	not_detected	not_detected	panel_complete	not_detected	not_detected	not_detected	qaidam_basin_mmag_1773	90.39	0.31	B_L001	phylum
qaidam_basin_mmag_1773_L_0707_40_50bin31	not_detected	panel_complete	panel_complete	partial	not_detected	partial	qaidam_basin_mmag_1773	96.4	4.5	B_L001	phylum
qaidam_basin_mmag_1773_L_0707_40_50bin34	not_detected	not_detected	not_detected	not_detected	not_detected	not_detected	qaidam_basin_mmag_1773	96.47	3.0	B_L040	phylum
qaidam_basin_mmag_1773_L_0707_40_50bin37	not_detected	not_detected	panel_complete	panel_complete	not_detected	panel_complete	qaidam_basin_mmag_1773	96.4	1.07	B_L001	phylum
qaidam_basin_mmag_1773_L_0707_40_50bin42	not_detected	panel_complete	not_detected	not_detected	not_detected	not_detected	qaidam_basin_mmag_1773	94.59	4.14	B_L003	phylum
qaidam_basin_mmag_1773_L_0707_40_50bin45	not_detected	not_detected	not_detected	panel_complete	panel_complete	not_detected	qaidam_basin_mmag_1773	100.0	0.3	B_L001	phylum
qaidam_basin_mmag_1773_L_0707_40_50bin47	not_detected	not_detected	not_detected	not_detected	not_detected	not_detected	qaidam_basin_mmag_1773	95.93	1.98	B_L029	phylum
qaidam_basin_mmag_1773_L_0707_40_50bin49	not_detected	not_detected	not_detected	panel_complete	panel_complete	not_detected	qaidam_basin_mmag_1773	98.46	2.32	B_L029	phylum
qaidam_basin_mmag_1773_L_0707_40_50bin50	not_detected	not_detected	not_detected	not_detected	not_detected	not_detected	qaidam_basin_mmag_1773	99.18	1.01	B_L007	order
qaidam_basin_mmag_1773_L_0707_40_50bin52	not_detected	partial	not_detected	panel_complete	not_detected	not_detected	qaidam_basin_mmag_1773	94.08	2.65	B_L001	phylum
qaidam_basin_mmag_1773_L_0707_40_50bin55	not_detected	panel_complete	panel_complete	panel_complete	panel_complete	panel_complete	qaidam_basin_mmag_1773	100.0	1.68	B_L001	phylum
qaidam_basin_mmag_1773_L_0707_40_50bin6	not_detected	not_detected	not_detected	not_detected	not_detected	not_detected	qaidam_basin_mmag_1773	100.0	1.0	B_L005	phylum
qaidam_basin_mmag_1773_L_0707_40_50bin60	not_detected	not_detected	not_detected	not_detected	not_detected	not_detected	qaidam_basin_mmag_1773	98.82	0.15	B_L053	class
qaidam_basin_mmag_1773_L_0707_40_50bin62	not_detected	not_detected	panel_complete	not_detected	not_detected	not_detected	qaidam_basin_mmag_1773	93.73	2.41	B_L008	order
qaidam_basin_mmag_1773_L_0707_40_50bin64	not_detected	panel_complete	not_detected	not_detected	not_detected	not_detected	qaidam_basin_mmag_1773	96.69	2.62	B_L006	class
qaidam_basin_mmag_1773_L_0707_40_50bin66	not_detected	not_detected	not_detected	not_detected	not_detected	not_detected	qaidam_basin_mmag_1773	91.53	0.33	B_L005	phylum
qaidam_basin_mmag_1773_L_0707_40_50bin71	not_detected	not_detected	not_detected	panel_complete	not_detected	panel_complete	qaidam_basin_mmag_1773	99.22	2.81	B_L001	phylum
qaidam_basin_mmag_1773_L_0707_40_50bin8	not_detected	not_detected	partial	not_detected	not_detected	not_detected	qaidam_basin_mmag_1773	96.74	2.9	B_L005	phylum
qaidam_basin_mmag_1773_L_0707_40_50bin9	not_detected	partial	not_detected	not_detected	not_detected	not_detected	qaidam_basin_mmag_1773	100.0	0.66	B_L003	phylum
qaidam_basin_mmag_1773_L_0712_20_25bin15	not_detected	not_detected	not_detected	panel_complete	not_detected	not_detected	qaidam_basin_mmag_1773	96.66	4.3	B_L006	class
qaidam_basin_mmag_1773_L_0712_20_25bin35	not_detected	not_detected	not_detected	not_detected	not_detected	partial	qaidam_basin_mmag_1773	95.48	2.59	B_L001	phylum
qaidam_basin_mmag_1773_L_0712_20_25bin38	not_detected	not_detected	not_detected	partial	not_detected	not_detected	qaidam_basin_mmag_1773	96.0	4.0	B_L031	phylum
qaidam_basin_mmag_1773_L_0712_20_25bin39	not_detected	not_detected	not_detected	not_detected	not_detected	not_detected	qaidam_basin_mmag_1773	93.21	2.65	B_L048	phylum
qaidam_basin_mmag_1773_L_0712_20_25bin44	not_detected	partial	not_detected	panel_complete	panel_complete	partial	qaidam_basin_mmag_1773	96.07	4.75	B_L006	class
qaidam_basin_mmag_1773_L_0712_20_25bin5	not_detected	not_detected	not_detected	not_detected	not_detected	not_detected	qaidam_basin_mmag_1773	95.35	0.58	B_L005	phylum
qaidam_basin_mmag_1773_L_0712_20_25bin52	not_detected	not_detected	not_detected	not_detected	not_detected	not_detected	qaidam_basin_mmag_1773	97.21	3.03	B_L005	phylum
qaidam_basin_mmag_1773_L_0712_20_25bin53	not_detected	not_detected	not_detected	not_detected	not_detected	not_detected	qaidam_basin_mmag_1773	96.87	1.79	B_L044	phylum
qaidam_basin_mmag_1773_L_0712_20_25bin54	not_detected	not_detected	not_detected	not_detected	not_detected	not_detected	qaidam_basin_mmag_1773	93.17	2.09	B_L029	phylum
qaidam_basin_mmag_1773_L_0712_20_25bin62	not_detected	not_detected	not_detected	panel_complete	panel_complete	panel_complete	qaidam_basin_mmag_1773	100.0	2.43	B_L006	class
qaidam_basin_mmag_1773_L_0712_20_25bin66	not_detected	not_detected	not_detected	panel_complete	panel_complete	partial	qaidam_basin_mmag_1773	96.7	0.79	B_L006	class
qaidam_basin_mmag_1773_L_21_AKQ_4bin10	not_detected	not_detected	not_detected	not_detected	not_detected	partial	qaidam_basin_mmag_1773	100.0	0.07	B_L006	class
qaidam_basin_mmag_1773_L_21_AKQ_4bin12	not_detected	not_detected	not_detected	not_detected	not_detected	not_detected	qaidam_basin_mmag_1773	92.31	0.67	B_L029	phylum
qaidam_basin_mmag_1773_L_21_AKQ_4bin20	not_detected	not_detected	panel_complete	not_detected	not_detected	partial	qaidam_basin_mmag_1773	97.9	0.16	B_L006	class
qaidam_basin_mmag_1773_L_21_AKQ_4bin21	not_detected	not_detected	not_detected	not_detected	not_detected	not_detected	qaidam_basin_mmag_1773	90.83	0.23	B_L005	phylum
qaidam_basin_mmag_1773_L_21_AKQ_4bin26	not_detected	not_detected	not_detected	not_detected	not_detected	not_detected	qaidam_basin_mmag_1773	92.98	2.15	B_L005	phylum
qaidam_basin_mmag_1773_L_21_AKQ_4bin28	not_detected	not_detected	not_detected	not_detected	not_detected	not_detected	qaidam_basin_mmag_1773	98.99	0.37	B_L012	order
qaidam_basin_mmag_1773_L_21_AKQ_4bin30	not_detected	not_detected	not_detected	not_detected	not_detected	not_detected	qaidam_basin_mmag_1773	100.0	0.1	B_L005	phylum
qaidam_basin_mmag_1773_L_21_AKQ_4bin33	not_detected	not_detected	not_detected	not_detected	not_detected	partial	qaidam_basin_mmag_1773	97.6	0.51	B_L006	class
qaidam_basin_mmag_1773_L_21_AKQ_4bin35	not_detected	partial	not_detected	not_detected	not_detected	not_detected	qaidam_basin_mmag_1773	98.02	0.11	B_L005	phylum
qaidam_basin_mmag_1773_L_21_AKQ_4bin4	not_detected	not_detected	not_detected	not_detected	not_detected	not_detected	qaidam_basin_mmag_1773	97.49	0.05	B_L029	phylum
qaidam_basin_mmag_1773_L_21_AKQ_4bin45	not_detected	partial	not_detected	not_detected	not_detected	not_detected	qaidam_basin_mmag_1773	99.98	0.22	B_L006	class
qaidam_basin_mmag_1773_L_21_AKQ_4bin47	not_detected	not_detected	not_detected	not_detected	not_detected	not_detected	qaidam_basin_mmag_1773	93.92	0.12	B_L007	order
qaidam_basin_mmag_1773_L_21_AKQ_4bin51	not_detected	not_detected	not_detected	not_detected	not_detected	not_detected	qaidam_basin_mmag_1773	97.15	1.14	B_L029	phylum
qaidam_basin_mmag_1773_L_21_AKQ_4bin58	not_detected	panel_complete	not_detected	panel_complete	not_detected	not_detected	qaidam_basin_mmag_1773	100.0	0.13	B_L006	class
qaidam_basin_mmag_1773_L_21_AKQ_4bin67	not_detected	not_detected	not_detected	not_detected	not_detected	not_detected	qaidam_basin_mmag_1773	99.99	0.15	B_L005	phylum
qaidam_basin_mmag_1773_L_21_NSL5_10bin2	not_detected	partial	not_detected	not_detected	not_detected	not_detected	qaidam_basin_mmag_1773	92.95	2.09	B_L048	phylum
qaidam_basin_mmag_1773_NSL0_5_2bin50	not_detected	not_detected	not_detected	not_detected	not_detected	not_detected	qaidam_basin_mmag_1773	95.21	0.23	B_L005	phylum
qaidam_basin_mmag_1773_NSL0_5_2bin51	not_detected	not_detected	not_detected	not_detected	not_detected	not_detected	qaidam_basin_mmag_1773	92.13	2.98	B_L030	phylum
qaidam_basin_mmag_1773_NSL25_30bin14	not_detected	not_detected	not_detected	not_detected	not_detected	partial	qaidam_basin_mmag_1773	90.54	3.01	B_L040	phylum
qaidam_basin_mmag_1773_NSL30_35bin16	not_detected	not_detected	not_detected	not_detected	not_detected	not_detected	qaidam_basin_mmag_1773	96.28	2.39	B_L005	phylum
qaidam_basin_mmag_1773_NSL30_35bin28	not_detected	not_detected	not_detected	not_detected	not_detected	partial	qaidam_basin_mmag_1773	91.49	3.61	B_L040	phylum
qaidam_basin_mmag_1773_NSL30_35bin8	not_detected	not_detected	not_detected	not_detected	not_detected	not_detected	qaidam_basin_mmag_1773	94.39	2.13	B_L040	phylum
qaidam_basin_mmag_1773_NSL35_40bin5	not_detected	not_detected	not_detected	not_detected	not_detected	not_detected	qaidam_basin_mmag_1773	98.17	1.39	B_L030	phylum
qaidam_basin_mmag_1773_NSLT11bin16	not_detected	panel_complete	not_detected	not_detected	not_detected	not_detected	qaidam_basin_mmag_1773	98.13	4.57	B_L002	phylum
qaidam_basin_mmag_1773_NSLT11bin26	not_detected	partial	not_detected	not_detected	not_detected	not_detected	qaidam_basin_mmag_1773	92.63	2.72	B_L002	phylum
qaidam_basin_mmag_1773_NSLT12bin10	not_detected	not_detected	not_detected	not_detected	not_detected	partial	qaidam_basin_mmag_1773	95.31	2.98	B_L040	phylum
qaidam_basin_mmag_1773_NSLT12bin4	not_detected	not_detected	not_detected	not_detected	not_detected	not_detected	qaidam_basin_mmag_1773	95.54	1.67	B_L001	phylum
qaidam_basin_mmag_1773_NSLT12bin7	not_detected	partial	panel_complete	not_detected	not_detected	not_detected	qaidam_basin_mmag_1773	90.14	3.14	B_L001	phylum
qaidam_basin_mmag_1773_NSLT21bin10	not_detected	not_detected	not_detected	not_detected	not_detected	not_detected	qaidam_basin_mmag_1773	99.84	2.67	B_L001	phylum
qaidam_basin_mmag_1773_NSLT21bin14	not_detected	partial	not_detected	not_detected	not_detected	not_detected	qaidam_basin_mmag_1773	99.66	0.53	B_L001	phylum
qaidam_basin_mmag_1773_NSLT21bin2	not_detected	not_detected	panel_complete	panel_complete	panel_complete	not_detected	qaidam_basin_mmag_1773	95.82	0.75	B_L001	phylum
qaidam_basin_mmag_1773_NSLT21bin26	partial	panel_complete	not_detected	not_detected	not_detected	not_detected	qaidam_basin_mmag_1773	94.2	2.7	B_L003	phylum
qaidam_basin_mmag_1773_NSLT21bin3	not_detected	not_detected	not_detected	not_detected	not_detected	not_detected	qaidam_basin_mmag_1773	90.43	3.23	B_L005	phylum
qaidam_basin_mmag_1773_NSLT22bin26	not_detected	not_detected	not_detected	not_detected	not_detected	partial	qaidam_basin_mmag_1773	90.5	1.52	B_L040	phylum
qaidam_basin_mmag_1773_NSLT22bin30	not_detected	not_detected	not_detected	not_detected	not_detected	not_detected	qaidam_basin_mmag_1773	95.57	4.38	B_L040	phylum
qaidam_basin_mmag_1773_NSLT22bin34	not_detected	panel_complete	not_detected	not_detected	not_detected	not_detected	qaidam_basin_mmag_1773	98.13	0.08	B_L001	phylum
qaidam_basin_mmag_1773_NSLT22bin39	not_detected	not_detected	not_detected	not_detected	not_detected	not_detected	qaidam_basin_mmag_1773	92.66	1.27	B_L001	phylum
qaidam_basin_mmag_1773_NSLT22bin42	not_detected	partial	not_detected	not_detected	not_detected	not_detected	qaidam_basin_mmag_1773	95.57	0.19	B_L048	phylum
qaidam_basin_mmag_1773_NSLT22bin47	not_detected	not_detected	not_detected	not_detected	not_detected	partial	qaidam_basin_mmag_1773	94.74	0.88	B_L001	phylum
qaidam_basin_mmag_1773_NSLT22bin54	not_detected	partial	not_detected	not_detected	not_detected	not_detected	qaidam_basin_mmag_1773	99.23	1.72	B_L001	phylum
qaidam_basin_mmag_1773_NSLT22bin6	not_detected	partial	not_detected	not_detected	not_detected	not_detected	qaidam_basin_mmag_1773	90.32	1.68	B_L001	phylum
qaidam_basin_mmag_1773_NSLT22bin9	not_detected	not_detected	not_detected	not_detected	not_detected	partial	qaidam_basin_mmag_1773	92.1	2.63	B_L029	phylum
qaidam_basin_mmag_1773_S305CJS_Drybin12	not_detected	not_detected	not_detected	not_detected	not_detected	not_detected	qaidam_basin_mmag_1773	92.99	1.92	B_L001	phylum
qaidam_basin_mmag_1773_S305CJS_Drybin13	not_detected	not_detected	not_detected	not_detected	not_detected	not_detected	qaidam_basin_mmag_1773	91.28	1.67	B_L001	phylum
qaidam_basin_mmag_1773_S305CJS_Drybin14	not_detected	panel_complete	not_detected	not_detected	not_detected	not_detected	qaidam_basin_mmag_1773	98.55	0.55	B_L001	phylum
qaidam_basin_mmag_1773_S305CJS_Drybin19	not_detected	not_detected	not_detected	not_detected	not_detected	not_detected	qaidam_basin_mmag_1773	92.15	0.36	B_L001	phylum
qaidam_basin_mmag_1773_S305CJS_Drybin4	not_detected	not_detected	not_detected	not_detected	not_detected	not_detected	qaidam_basin_mmag_1773	90.01	1.21	B_L006	class
qaidam_basin_mmag_1773_S305CJS_Wetbin15	not_detected	not_detected	not_detected	not_detected	not_detected	not_detected	qaidam_basin_mmag_1773	92.77	0.51	B_L001	phylum
qaidam_basin_mmag_1773_S305CJS_Wetbin23	not_detected	not_detected	not_detected	not_detected	not_detected	not_detected	qaidam_basin_mmag_1773	99.9	0.0	B_L030	phylum
qaidam_basin_mmag_1773_S305CJS_Wetbin27	not_detected	not_detected	not_detected	not_detected	not_detected	partial	qaidam_basin_mmag_1773	90.13	0.3	B_L006	class
qaidam_basin_mmag_1773_S305CJS_Wetbin31	panel_complete	panel_complete	not_detected	not_detected	not_detected	partial	qaidam_basin_mmag_1773	95.5	0.71	B_L006	class
qaidam_basin_mmag_1773_S305CJS_Wetbin5	not_detected	not_detected	panel_complete	not_detected	not_detected	partial	qaidam_basin_mmag_1773	90.34	0.34	B_L001	phylum
qaidam_basin_mmag_1773_S305CJS_Wetbin6	not_detected	panel_complete	not_detected	not_detected	not_detected	partial	qaidam_basin_mmag_1773	91.16	0.39	B_L006	class
qaidam_basin_mmag_1773_S305CJS_Wetbin7	not_detected	not_detected	not_detected	not_detected	not_detected	not_detected	qaidam_basin_mmag_1773	93.64	1.62	B_L005	phylum
qaidam_basin_mmag_1773_YX1bin1	not_detected	not_detected	not_detected	not_detected	not_detected	not_detected	qaidam_basin_mmag_1773	90.3	4.53	B_L001	phylum
qaidam_basin_mmag_1773_YX1bin3	not_detected	not_detected	not_detected	not_detected	not_detected	not_detected	qaidam_basin_mmag_1773	100.0	3.15	B_L001	phylum
qaidam_basin_mmag_1773_YX1bin8	not_detected	not_detected	not_detected	partial	not_detected	not_detected	qaidam_basin_mmag_1773	100.0	1.61	B_L001	phylum
qaidam_basin_mmag_1773_YX2bin17	not_detected	not_detected	not_detected	not_detected	not_detected	not_detected	qaidam_basin_mmag_1773	93.81	3.19	B_L001	phylum
qaidam_basin_mmag_1773_YX3bin14	not_detected	not_detected	not_detected	not_detected	not_detected	not_detected	qaidam_basin_mmag_1773	93.42	1.74	B_L001	phylum
stordalen_mire_2019_hybrid_mags_cmr2.MA.201907_E_1_1to5_3.fna	panel_complete	panel_complete	not_detected	not_detected	not_detected	not_detected	stordalen_mire_2019_hybrid_mags	90.81	0.35	B_L001	phylum
stordalen_mire_2019_hybrid_mags_cmr2.MA.201907_E_1_20to24_12.fna	panel_complete	panel_complete	not_detected	not_detected	not_detected	not_detected	stordalen_mire_2019_hybrid_mags	95.01	0.11	B_L002	phylum
stordalen_mire_2019_hybrid_mags_cmr2.MA.201907_E_1_20to24_32.fna	not_detected	not_detected	not_detected	not_detected	not_detected	not_detected	stordalen_mire_2019_hybrid_mags	96.42	2.97	B_L030	phylum
stordalen_mire_2019_hybrid_mags_cmr2.MA.201907_E_1_20to24_33.fna	panel_complete	panel_complete	not_detected	not_detected	not_detected	not_detected	stordalen_mire_2019_hybrid_mags	98.87	1.97	B_L048	phylum
stordalen_mire_2019_hybrid_mags_cmr2.MA.201907_E_1_20to24_34.fna	panel_complete	panel_complete	not_detected	not_detected	not_detected	not_detected	stordalen_mire_2019_hybrid_mags	97.37	1.21	B_L048	phylum
stordalen_mire_2019_hybrid_mags_cmr2.MA.201907_E_1_20to24_36.fna	panel_complete	partial	not_detected	not_detected	not_detected	not_detected	stordalen_mire_2019_hybrid_mags	97.92	3.6	B_L058	class
stordalen_mire_2019_hybrid_mags_cmr2.MA.201907_E_1_20to24_42.fna	partial	panel_complete	not_detected	partial	not_detected	not_detected	stordalen_mire_2019_hybrid_mags	95.94	4.18	B_L033	class
stordalen_mire_2019_hybrid_mags_cmr2.MA.201907_E_1_20to24_43.fna	partial	panel_complete	not_detected	not_detected	not_detected	not_detected	stordalen_mire_2019_hybrid_mags	93.03	1.74	B_L048	phylum
stordalen_mire_2019_hybrid_mags_cmr2.MA.201907_E_1_20to24_52.fna	panel_complete	panel_complete	not_detected	not_detected	not_detected	not_detected	stordalen_mire_2019_hybrid_mags	98.71	3.18	B_L048	phylum
stordalen_mire_2019_hybrid_mags_cmr2.MA.201907_E_1_20to24_53.fna	panel_complete	panel_complete	not_detected	not_detected	not_detected	not_detected	stordalen_mire_2019_hybrid_mags	100.0	2.26	B_L048	phylum
stordalen_mire_2019_hybrid_mags_cmr2.MA.201907_E_1_20to24_6.fna	panel_complete	panel_complete	not_detected	not_detected	not_detected	not_detected	stordalen_mire_2019_hybrid_mags	100.0	2.15	B_L048	phylum
stordalen_mire_2019_hybrid_mags_cmr2.MA.201907_P_1_1to5_1.fna	panel_complete	panel_complete	panel_complete	not_detected	not_detected	panel_complete	stordalen_mire_2019_hybrid_mags	96.41	2.02	B_L006	class
stordalen_mire_2019_hybrid_mags_cmr2.MA.201907_P_1_1to5_14.fna	panel_complete	panel_complete	not_detected	not_detected	not_detected	partial	stordalen_mire_2019_hybrid_mags	94.61	0.29	B_L048	phylum
stordalen_mire_2019_hybrid_mags_cmr2.MA.201907_P_1_1to5_23.fna	panel_complete	panel_complete	not_detected	not_detected	not_detected	partial	stordalen_mire_2019_hybrid_mags	100.0	2.35	B_L048	phylum
stordalen_mire_2019_hybrid_mags_cmr2.MA.201907_P_1_1to5_26.fna	panel_complete	partial	not_detected	not_detected	not_detected	not_detected	stordalen_mire_2019_hybrid_mags	93.63	3.11	B_L048	phylum
stordalen_mire_2019_hybrid_mags_cmr2.MA.201907_P_1_1to5_7.fna	panel_complete	partial	not_detected	not_detected	not_detected	not_detected	stordalen_mire_2019_hybrid_mags	92.34	0.35	B_L002	phylum
stordalen_mire_2019_hybrid_mags_cmr2.MA.201907_P_1_20to24_1.fna	panel_complete	panel_complete	not_detected	not_detected	not_detected	not_detected	stordalen_mire_2019_hybrid_mags	98.88	0.39	B_L048	phylum
stordalen_mire_2019_hybrid_mags_cmr2.MA.201907_P_1_20to24_12.fna	panel_complete	panel_complete	not_detected	not_detected	not_detected	partial	stordalen_mire_2019_hybrid_mags	90.97	1.7	B_L048	phylum
stordalen_mire_2019_hybrid_mags_cmr2.MA.201907_P_1_20to24_13.fna	panel_complete	panel_complete	not_detected	not_detected	not_detected	partial	stordalen_mire_2019_hybrid_mags	99.76	1.15	B_L048	phylum
stordalen_mire_2019_hybrid_mags_cmr2.MA.201907_P_1_20to24_14.fna	panel_complete	panel_complete	not_detected	not_detected	not_detected	not_detected	stordalen_mire_2019_hybrid_mags	92.27	0.63	B_L001	phylum
stordalen_mire_2019_hybrid_mags_cmr2.MA.201907_P_1_20to24_18.fna	panel_complete	panel_complete	not_detected	not_detected	not_detected	not_detected	stordalen_mire_2019_hybrid_mags	93.48	1.34	B_L001	phylum
stordalen_mire_2019_hybrid_mags_cmr2.MA.201907_P_1_20to24_20.fna	panel_complete	panel_complete	not_detected	not_detected	not_detected	not_detected	stordalen_mire_2019_hybrid_mags	96.0	0.81	B_L048	phylum
stordalen_mire_2019_hybrid_mags_cmr2.MA.201907_P_1_20to24_23.fna	panel_complete	panel_complete	not_detected	not_detected	not_detected	not_detected	stordalen_mire_2019_hybrid_mags	96.09	1.34	B_L048	phylum
stordalen_mire_2019_hybrid_mags_cmr2.MA.201907_P_1_20to24_25.fna	panel_complete	panel_complete	not_detected	not_detected	not_detected	not_detected	stordalen_mire_2019_hybrid_mags	96.53	4.24	B_L048	phylum
stordalen_mire_2019_hybrid_mags_cmr2.MA.201907_P_1_20to24_27.fna	panel_complete	panel_complete	not_detected	not_detected	not_detected	not_detected	stordalen_mire_2019_hybrid_mags	100.0	4.77	B_L048	phylum
stordalen_mire_2019_hybrid_mags_cmr2.MA.201907_P_1_20to24_34.fna	panel_complete	panel_complete	not_detected	not_detected	not_detected	partial	stordalen_mire_2019_hybrid_mags	100.0	4.05	B_L048	phylum
stordalen_mire_2019_hybrid_mags_cmr2.MA.201907_P_1_20to24_35.fna	partial	panel_complete	not_detected	not_detected	not_detected	partial	stordalen_mire_2019_hybrid_mags	93.24	4.21	B_L001	phylum
stordalen_mire_2019_hybrid_mags_cmr2.MA.201907_P_1_20to24_36.fna	panel_complete	panel_complete	not_detected	not_detected	not_detected	not_detected	stordalen_mire_2019_hybrid_mags	94.97	4.11	B_L044	phylum
stordalen_mire_2019_hybrid_mags_cmr2.MA.201907_P_1_20to24_39.fna	panel_complete	panel_complete	not_detected	not_detected	not_detected	partial	stordalen_mire_2019_hybrid_mags	96.63	3.4	B_L048	phylum
stordalen_mire_2019_hybrid_mags_cmr2.MA.201907_P_1_20to24_4.fna	panel_complete	panel_complete	not_detected	not_detected	not_detected	not_detected	stordalen_mire_2019_hybrid_mags	100.0	1.02	B_L048	phylum
stordalen_mire_2019_hybrid_mags_cmr2.MA.201907_P_1_20to24_41.fna	panel_complete	panel_complete	not_detected	not_detected	not_detected	partial	stordalen_mire_2019_hybrid_mags	98.31	2.72	B_L008	order
stordalen_mire_2019_hybrid_mags_cmr2.MA.201907_P_1_20to24_45.fna	panel_complete	panel_complete	not_detected	not_detected	not_detected	not_detected	stordalen_mire_2019_hybrid_mags	93.11	0.02	B_L001	phylum
stordalen_mire_2019_hybrid_mags_cmr2.MA.201907_P_1_20to24_46.fna	partial	panel_complete	not_detected	not_detected	not_detected	partial	stordalen_mire_2019_hybrid_mags	99.13	1.22	B_L048	phylum
stordalen_mire_2019_hybrid_mags_cmr2.MA.201907_P_1_20to24_47.fna	panel_complete	panel_complete	not_detected	partial	not_detected	not_detected	stordalen_mire_2019_hybrid_mags	90.93	2.09	B_L001	phylum
stordalen_mire_2019_hybrid_mags_cmr2.MA.201907_P_1_20to24_49.fna	panel_complete	partial	not_detected	not_detected	not_detected	not_detected	stordalen_mire_2019_hybrid_mags	92.57	1.57	B_L044	phylum
stordalen_mire_2019_hybrid_mags_cmr2.MA.201907_P_1_20to24_51.fna	panel_complete	panel_complete	not_detected	not_detected	not_detected	not_detected	stordalen_mire_2019_hybrid_mags	96.07	0.94	B_L008	order
stordalen_mire_2019_hybrid_mags_cmr2.MA.201907_P_1_20to24_54.fna	panel_complete	panel_complete	not_detected	not_detected	not_detected	partial	stordalen_mire_2019_hybrid_mags	100.0	4.43	B_L048	phylum
stordalen_mire_2019_hybrid_mags_cmr2.MA.201907_P_1_20to24_58.fna	panel_complete	panel_complete	not_detected	not_detected	not_detected	partial	stordalen_mire_2019_hybrid_mags	100.0	0.72	B_L048	phylum
stordalen_mire_2019_hybrid_mags_cmr2.MA.201907_S_1_1to5_15.fna	panel_complete	panel_complete	panel_complete	not_detected	not_detected	panel_complete	stordalen_mire_2019_hybrid_mags	97.89	0.18	B_L006	class
stordalen_mire_2019_hybrid_mags_cmr2.MA.201907_S_1_1to5_16.fna	panel_complete	panel_complete	not_detected	not_detected	not_detected	not_detected	stordalen_mire_2019_hybrid_mags	94.04	2.39	B_L044	phylum
stordalen_mire_2019_hybrid_mags_cmr2.MA.201907_S_1_1to5_18.fna	panel_complete	panel_complete	not_detected	not_detected	not_detected	not_detected	stordalen_mire_2019_hybrid_mags	96.84	1.67	B_L001	phylum
stordalen_mire_2019_hybrid_mags_cmr2.MA.201907_S_1_1to5_21.fna	panel_complete	panel_complete	not_detected	not_detected	not_detected	not_detected	stordalen_mire_2019_hybrid_mags	95.81	2.57	B_L008	order
stordalen_mire_2019_hybrid_mags_cmr2.MA.201907_S_1_1to5_23.fna	panel_complete	panel_complete	not_detected	not_detected	not_detected	not_detected	stordalen_mire_2019_hybrid_mags	90.37	0.09	B_L001	phylum
stordalen_mire_2019_hybrid_mags_cmr2.MA.201907_S_1_1to5_25.fna	panel_complete	panel_complete	not_detected	not_detected	not_detected	not_detected	stordalen_mire_2019_hybrid_mags	95.36	0.96	B_L048	phylum
stordalen_mire_2019_hybrid_mags_cmr2.MA.201907_S_1_1to5_27.fna	panel_complete	panel_complete	not_detected	partial	not_detected	not_detected	stordalen_mire_2019_hybrid_mags	92.72	1.25	B_L001	phylum
stordalen_mire_2019_hybrid_mags_cmr2.MA.201907_S_1_20to24_12.fna	not_detected	panel_complete	not_detected	not_detected	not_detected	not_detected	stordalen_mire_2019_hybrid_mags	98.92	1.23	B_L048	phylum
stordalen_mire_2019_hybrid_mags_cmr2.MA.201907_S_1_20to24_13.fna	panel_complete	panel_complete	not_detected	not_detected	not_detected	not_detected	stordalen_mire_2019_hybrid_mags	98.55	0.26	B_L048	phylum
stordalen_mire_2019_hybrid_mags_cmr2.MA.201907_S_1_20to24_15.fna	panel_complete	panel_complete	not_detected	not_detected	not_detected	not_detected	stordalen_mire_2019_hybrid_mags	93.59	1.98	B_L048	phylum
stordalen_mire_2019_hybrid_mags_cmr2.MA.201907_S_1_20to24_18.fna	panel_complete	panel_complete	not_detected	not_detected	not_detected	not_detected	stordalen_mire_2019_hybrid_mags	99.08	4.47	B_L048	phylum
stordalen_mire_2019_hybrid_mags_cmr2.MA.201907_S_1_20to24_21.fna	panel_complete	panel_complete	not_detected	not_detected	not_detected	not_detected	stordalen_mire_2019_hybrid_mags	94.52	0.6	B_L001	phylum
stordalen_mire_2019_hybrid_mags_cmr2.MA.201907_S_1_20to24_22.fna	partial	panel_complete	not_detected	not_detected	not_detected	not_detected	stordalen_mire_2019_hybrid_mags	95.12	3.39	B_L048	phylum
stordalen_mire_2019_hybrid_mags_cmr2.MA.201907_S_1_20to24_28.fna	panel_complete	panel_complete	not_detected	not_detected	not_detected	not_detected	stordalen_mire_2019_hybrid_mags	100.0	2.34	B_L048	phylum
stordalen_mire_2019_hybrid_mags_cmr2.MA.201907_S_1_20to24_29.fna	panel_complete	partial	not_detected	not_detected	not_detected	not_detected	stordalen_mire_2019_hybrid_mags	96.83	1.26	B_L044	phylum
stordalen_mire_2019_hybrid_mags_cmr2.MA.201907_S_1_20to24_38.fna	panel_complete	panel_complete	not_detected	not_detected	not_detected	not_detected	stordalen_mire_2019_hybrid_mags	90.16	4.23	B_L044	phylum
stordalen_mire_2019_hybrid_mags_cmr2.MA.201907_S_1_20to24_39.fna	panel_complete	panel_complete	not_detected	not_detected	not_detected	not_detected	stordalen_mire_2019_hybrid_mags	90.93	1.14	B_L048	phylum
stordalen_mire_2019_hybrid_mags_cmr2.MA.201907_S_1_20to24_40.fna	panel_complete	panel_complete	not_detected	not_detected	not_detected	not_detected	stordalen_mire_2019_hybrid_mags	98.16	1.86	B_L048	phylum
stordalen_mire_2019_hybrid_mags_cmr2.MA.201907_S_1_20to24_41.fna	panel_complete	panel_complete	not_detected	not_detected	not_detected	not_detected	stordalen_mire_2019_hybrid_mags	100.0	1.25	B_L048	phylum
stordalen_mire_2019_hybrid_mags_cmr2.MA.201907_S_1_20to24_46.fna	not_detected	not_detected	not_detected	not_detected	not_detected	not_detected	stordalen_mire_2019_hybrid_mags	97.61	0.01	B_L030	phylum
stordalen_mire_2019_hybrid_mags_cmr2.MA.201907_S_1_20to24_47.fna	panel_complete	panel_complete	not_detected	not_detected	not_detected	not_detected	stordalen_mire_2019_hybrid_mags	97.91	0.11	B_L048	phylum
stordalen_mire_2019_hybrid_mags_cmr2.MA.201907_S_1_20to24_48.fna	panel_complete	panel_complete	not_detected	not_detected	not_detected	not_detected	stordalen_mire_2019_hybrid_mags	94.43	0.63	B_L001	phylum
stordalen_mire_2019_hybrid_mags_cmr2.MA.201907_S_1_20to24_52.fna	panel_complete	partial	not_detected	not_detected	not_detected	not_detected	stordalen_mire_2019_hybrid_mags	95.62	1.81	B_L044	phylum
stordalen_mire_2019_hybrid_mags_cmr2.MA.201907_S_1_20to24_54.fna	panel_complete	panel_complete	not_detected	not_detected	not_detected	not_detected	stordalen_mire_2019_hybrid_mags	98.14	2.03	B_L048	phylum
stordalen_mire_2019_hybrid_mags_cmr2.MA.201907_S_1_20to24_56.fna	panel_complete	panel_complete	not_detected	not_detected	not_detected	not_detected	stordalen_mire_2019_hybrid_mags	93.64	4.27	B_L048	phylum
stordalen_mire_2019_hybrid_mags_cmr2.MA.201907_S_1_20to24_57.fna	panel_complete	panel_complete	not_detected	not_detected	not_detected	not_detected	stordalen_mire_2019_hybrid_mags	93.86	2.8	B_L044	phylum
stordalen_mire_2019_hybrid_mags_cmr2.MA.201907_S_1_20to24_58.fna	panel_complete	panel_complete	not_detected	not_detected	not_detected	not_detected	stordalen_mire_2019_hybrid_mags	92.2	2.11	B_L048	phylum
stordalen_mire_2019_hybrid_mags_cmr2.MA.201907_S_1_20to24_61.fna	panel_complete	panel_complete	not_detected	not_detected	not_detected	not_detected	stordalen_mire_2019_hybrid_mags	97.2	3.37	B_L048	phylum
stordalen_mire_2019_hybrid_mags_cmr2.MA.201907_S_1_20to24_62.fna	panel_complete	panel_complete	not_detected	not_detected	not_detected	not_detected	stordalen_mire_2019_hybrid_mags	98.05	1.59	B_L008	order
stordalen_mire_2019_hybrid_mags_cmr2.MA.201907_S_1_20to24_63.fna	panel_complete	panel_complete	not_detected	not_detected	not_detected	partial	stordalen_mire_2019_hybrid_mags	97.07	0.51	B_L001	phylum
stordalen_mire_2019_hybrid_mags_cmr2.MA.201907_S_1_20to24_65.fna	panel_complete	panel_complete	not_detected	not_detected	not_detected	not_detected	stordalen_mire_2019_hybrid_mags	93.56	0.95	B_L044	phylum
stordalen_mire_2019_hybrid_mags_cmr2.MA.201907_S_1_20to24_66.fna	panel_complete	panel_complete	not_detected	not_detected	not_detected	not_detected	stordalen_mire_2019_hybrid_mags	95.02	0.69	B_L044	phylum
stordalen_mire_2019_hybrid_mags_cmr2.MA.201907_S_1_20to24_67.fna	panel_complete	panel_complete	not_detected	not_detected	not_detected	not_detected	stordalen_mire_2019_hybrid_mags	95.29	1.1	B_L001	phylum
stordalen_mire_2019_hybrid_mags_cmr2.MA.201907_S_1_20to24_68.fna	panel_complete	panel_complete	not_detected	not_detected	not_detected	not_detected	stordalen_mire_2019_hybrid_mags	98.23	0.87	B_L048	phylum
stordalen_mire_2019_hybrid_mags_cmr2.MA.201907_S_1_20to24_69.fna	partial	panel_complete	not_detected	not_detected	not_detected	not_detected	stordalen_mire_2019_hybrid_mags	96.32	2.68	B_L048	phylum
stordalen_mire_2019_hybrid_mags_cmr2.MA.201907_S_1_20to24_7.fna	panel_complete	panel_complete	not_detected	not_detected	not_detected	not_detected	stordalen_mire_2019_hybrid_mags	98.77	2.15	B_L048	phylum
stordalen_mire_2019_hybrid_mags_cmr5.MA.201907_E_1_1to5_2.fna	panel_complete	panel_complete	not_detected	partial	not_detected	not_detected	stordalen_mire_2019_hybrid_mags	94.02	0.09	B_L001	phylum
stordalen_mire_2019_hybrid_mags_cmr5.MA.201907_E_1_20to24_16.fna	panel_complete	partial	not_detected	not_detected	not_detected	not_detected	stordalen_mire_2019_hybrid_mags	95.39	3.37	B_L033	class
stordalen_mire_2019_hybrid_mags_cmr5.MA.201907_P_1_1to5_0.fna	panel_complete	panel_complete	not_detected	not_detected	not_detected	not_detected	stordalen_mire_2019_hybrid_mags	95.79	0.28	B_L048	phylum
stordalen_mire_2019_hybrid_mags_cmr5.MA.201907_P_1_1to5_1.fna	partial	panel_complete	not_detected	not_detected	not_detected	partial	stordalen_mire_2019_hybrid_mags	95.06	4.18	B_L001	phylum
stordalen_mire_2019_hybrid_mags_cmr5.MA.201907_P_1_1to5_11.fna	panel_complete	panel_complete	not_detected	not_detected	not_detected	not_detected	stordalen_mire_2019_hybrid_mags	93.6	0.73	B_L048	phylum
stordalen_mire_2019_hybrid_mags_cmr5.MA.201907_P_1_1to5_12.fna	panel_complete	panel_complete	not_detected	not_detected	not_detected	panel_complete	stordalen_mire_2019_hybrid_mags	93.92	0.84	B_L048	phylum
stordalen_mire_2019_hybrid_mags_cmr5.MA.201907_P_1_1to5_13.fna	panel_complete	partial	not_detected	not_detected	not_detected	partial	stordalen_mire_2019_hybrid_mags	92.9	2.31	B_L029	phylum
stordalen_mire_2019_hybrid_mags_cmr5.MA.201907_P_1_1to5_15.fna	panel_complete	panel_complete	not_detected	not_detected	not_detected	partial	stordalen_mire_2019_hybrid_mags	95.38	1.79	B_L048	phylum
stordalen_mire_2019_hybrid_mags_cmr5.MA.201907_P_1_1to5_22.fna	panel_complete	panel_complete	not_detected	not_detected	not_detected	panel_complete	stordalen_mire_2019_hybrid_mags	92.63	3.38	B_L048	phylum
stordalen_mire_2019_hybrid_mags_cmr5.MA.201907_P_1_1to5_23.fna	panel_complete	panel_complete	not_detected	not_detected	not_detected	partial	stordalen_mire_2019_hybrid_mags	96.6	2.91	B_L048	phylum
stordalen_mire_2019_hybrid_mags_cmr5.MA.201907_P_1_1to5_32.fna	panel_complete	panel_complete	not_detected	not_detected	not_detected	panel_complete	stordalen_mire_2019_hybrid_mags	92.52	4.58	B_L048	phylum
stordalen_mire_2019_hybrid_mags_cmr5.MA.201907_P_1_20to24_13.fna	panel_complete	panel_complete	panel_complete	not_detected	not_detected	panel_complete	stordalen_mire_2019_hybrid_mags	98.95	2.21	B_L006	class
stordalen_mire_2019_hybrid_mags_cmr5.MA.201907_P_1_20to24_19.fna	panel_complete	panel_complete	not_detected	not_detected	not_detected	not_detected	stordalen_mire_2019_hybrid_mags	90.35	4.84	B_L048	phylum
stordalen_mire_2019_hybrid_mags_cmr5.MA.201907_P_1_20to24_2.fna	panel_complete	panel_complete	not_detected	not_detected	not_detected	panel_complete	stordalen_mire_2019_hybrid_mags	96.88	2.13	B_L048	phylum
stordalen_mire_2019_hybrid_mags_cmr5.MA.201907_P_1_20to24_32.fna	panel_complete	panel_complete	not_detected	not_detected	not_detected	not_detected	stordalen_mire_2019_hybrid_mags	94.44	1.18	B_L044	phylum
stordalen_mire_2019_hybrid_mags_cmr5.MA.201907_P_1_20to24_8.fna	panel_complete	panel_complete	not_detected	not_detected	not_detected	partial	stordalen_mire_2019_hybrid_mags	91.1	4.34	B_L001	phylum
stordalen_mire_2019_hybrid_mags_cmr5.MA.201907_S_1_1to5_15.fna	panel_complete	panel_complete	not_detected	not_detected	not_detected	not_detected	stordalen_mire_2019_hybrid_mags	91.43	0.86	B_L001	phylum
stordalen_mire_2019_hybrid_mags_cmr5.MA.201907_S_1_20to24_21.fna	panel_complete	partial	not_detected	not_detected	not_detected	not_detected	stordalen_mire_2019_hybrid_mags	99.23	2.06	B_L058	class
stordalen_mire_2019_hybrid_mags_cmr5.MA.201907_S_1_20to24_26.fna	panel_complete	panel_complete	not_detected	not_detected	not_detected	not_detected	stordalen_mire_2019_hybrid_mags	91.77	4.78	B_L048	phylum
stordalen_mire_2019_hybrid_mags_cmr5.MA.201907_S_1_20to24_32.fna	panel_complete	panel_complete	not_detected	not_detected	not_detected	not_detected	stordalen_mire_2019_hybrid_mags	93.0	1.21	B_L044	phylum
stordalen_mire_2019_hybrid_mags_cmr6.MA.201907_E_1_1to5_1.fna	panel_complete	partial	not_detected	not_detected	not_detected	not_detected	stordalen_mire_2019_hybrid_mags	94.51	2.51	B_L044	phylum
stordalen_mire_2019_hybrid_mags_cmr6.MA.201907_E_1_1to5_16.fna	panel_complete	panel_complete	not_detected	not_detected	not_detected	not_detected	stordalen_mire_2019_hybrid_mags	93.59	1.82	B_L044	phylum
stordalen_mire_2019_hybrid_mags_cmr6.MA.201907_E_1_1to5_24.fna	panel_complete	panel_complete	not_detected	not_detected	not_detected	not_detected	stordalen_mire_2019_hybrid_mags	91.22	3.49	B_L044	phylum
stordalen_mire_2019_hybrid_mags_cmr6.MA.201907_E_1_1to5_27.fna	panel_complete	partial	not_detected	not_detected	not_detected	not_detected	stordalen_mire_2019_hybrid_mags	98.73	1.08	B_L005	phylum
stordalen_mire_2019_hybrid_mags_cmr6.MA.201907_E_1_20to24_23.fna	panel_complete	panel_complete	not_detected	not_detected	not_detected	not_detected	stordalen_mire_2019_hybrid_mags	98.95	0.56	B_L044	phylum
stordalen_mire_2019_hybrid_mags_cmr6.MA.201907_E_1_20to24_29.fna	panel_complete	partial	not_detected	not_detected	not_detected	not_detected	stordalen_mire_2019_hybrid_mags	90.76	1.04	B_L002	phylum
stordalen_mire_2019_hybrid_mags_cmr6.MA.201907_E_1_20to24_41.fna	panel_complete	panel_complete	not_detected	not_detected	not_detected	not_detected	stordalen_mire_2019_hybrid_mags	98.84	1.95	B_L002	phylum
stordalen_mire_2019_hybrid_mags_cmr6.MA.201907_E_1_20to24_44.fna	not_detected	not_detected	not_detected	not_detected	not_detected	not_detected	stordalen_mire_2019_hybrid_mags	97.16	1.56	B_L030	phylum
stordalen_mire_2019_hybrid_mags_cmr6.MA.201907_E_1_20to24_45.fna	panel_complete	panel_complete	not_detected	not_detected	not_detected	not_detected	stordalen_mire_2019_hybrid_mags	96.74	0.09	B_L044	phylum
stordalen_mire_2019_hybrid_mags_cmr6.MA.201907_E_1_20to24_54.fna	panel_complete	panel_complete	not_detected	not_detected	not_detected	not_detected	stordalen_mire_2019_hybrid_mags	95.45	0.21	B_L001	phylum
stordalen_mire_2019_hybrid_mags_cmr6.MA.201907_E_1_20to24_61.fna	panel_complete	partial	not_detected	not_detected	not_detected	not_detected	stordalen_mire_2019_hybrid_mags	96.93	1.12	B_L005	phylum
stordalen_mire_2019_hybrid_mags_cmr6.MA.201907_E_1_20to24_62.fna	partial	panel_complete	not_detected	not_detected	not_detected	not_detected	stordalen_mire_2019_hybrid_mags	91.38	1.94	B_L062	phylum
stordalen_mire_2019_hybrid_mags_cmr6.MA.201907_P_1_1to5_24.fna	panel_complete	panel_complete	not_detected	not_detected	not_detected	partial	stordalen_mire_2019_hybrid_mags	92.75	0.36	B_L048	phylum
stordalen_mire_2019_hybrid_mags_cmr6.MA.201907_P_1_1to5_31.fna	panel_complete	panel_complete	not_detected	not_detected	not_detected	partial	stordalen_mire_2019_hybrid_mags	95.32	0.38	B_L048	phylum
stordalen_mire_2019_hybrid_mags_cmr6.MA.201907_P_1_1to5_42.fna	panel_complete	panel_complete	not_detected	not_detected	not_detected	not_detected	stordalen_mire_2019_hybrid_mags	93.39	0.51	B_L008	order
stordalen_mire_2019_hybrid_mags_cmr6.MA.201907_P_1_20to24_15.fna	partial	panel_complete	not_detected	not_detected	not_detected	partial	stordalen_mire_2019_hybrid_mags	95.79	1.44	B_L048	phylum
stordalen_mire_2019_hybrid_mags_cmr6.MA.201907_P_1_20to24_23.fna	panel_complete	partial	not_detected	not_detected	not_detected	partial	stordalen_mire_2019_hybrid_mags	94.07	3.33	B_L029	phylum
stordalen_mire_2019_hybrid_mags_cmr6.MA.201907_P_1_20to24_4.fna	panel_complete	panel_complete	not_detected	not_detected	not_detected	not_detected	stordalen_mire_2019_hybrid_mags	100.0	0.53	B_L013	order
stordalen_mire_2019_hybrid_mags_cmr6.MA.201907_P_1_20to24_44.fna	panel_complete	panel_complete	not_detected	not_detected	not_detected	not_detected	stordalen_mire_2019_hybrid_mags	94.88	3.81	B_L033	class
stordalen_mire_2019_hybrid_mags_cmr6.MA.201907_P_1_20to24_8.fna	panel_complete	panel_complete	not_detected	not_detected	not_detected	partial	stordalen_mire_2019_hybrid_mags	94.21	1.41	B_L001	phylum
stordalen_mire_2019_hybrid_mags_cmr6.MA.201907_S_1_1to5_1.fna	panel_complete	panel_complete	not_detected	not_detected	not_detected	not_detected	stordalen_mire_2019_hybrid_mags	94.63	1.97	B_L006	class
stordalen_mire_2019_hybrid_mags_cmr6.MA.201907_S_1_1to5_14.fna	panel_complete	panel_complete	not_detected	not_detected	not_detected	partial	stordalen_mire_2019_hybrid_mags	93.45	1.01	B_L048	phylum
stordalen_mire_2019_hybrid_mags_cmr6.MA.201907_S_1_1to5_16.fna	panel_complete	partial	not_detected	not_detected	not_detected	partial	stordalen_mire_2019_hybrid_mags	94.44	2.79	B_L042	phylum
stordalen_mire_2019_hybrid_mags_cmr6.MA.201907_S_1_1to5_36.fna	panel_complete	panel_complete	not_detected	not_detected	not_detected	not_detected	stordalen_mire_2019_hybrid_mags	96.65	0.36	B_L001	phylum
stordalen_mire_2019_hybrid_mags_cmr6.MA.201907_S_1_1to5_37.fna	panel_complete	panel_complete	not_detected	not_detected	not_detected	not_detected	stordalen_mire_2019_hybrid_mags	96.87	2.3	B_L033	class
stordalen_mire_2019_hybrid_mags_cmr6.MA.201907_S_1_1to5_40.fna	panel_complete	panel_complete	not_detected	partial	not_detected	not_detected	stordalen_mire_2019_hybrid_mags	98.8	0.35	B_L001	phylum
stordalen_mire_2019_hybrid_mags_cmr6.MA.201907_S_1_20to24_13.fna	partial	panel_complete	not_detected	not_detected	not_detected	partial	stordalen_mire_2019_hybrid_mags	90.47	1.28	B_L048	phylum
stordalen_mire_2019_hybrid_mags_cmr6.MA.201907_S_1_20to24_2.fna	panel_complete	partial	not_detected	not_detected	not_detected	not_detected	stordalen_mire_2019_hybrid_mags	93.64	3.47	B_L029	phylum
stordalen_mire_2019_hybrid_mags_cmr6.MA.201907_S_1_20to24_23.fna	panel_complete	panel_complete	not_detected	partial	not_detected	not_detected	stordalen_mire_2019_hybrid_mags	91.85	4.27	B_L001	phylum
stordalen_mire_2019_hybrid_mags_cmr6.MA.201907_S_1_20to24_36.fna	partial	panel_complete	not_detected	not_detected	not_detected	not_detected	stordalen_mire_2019_hybrid_mags	90.13	1.23	B_L048	phylum
stordalen_mire_2019_hybrid_mags_cmr6.MA.201907_S_1_20to24_44.fna	panel_complete	panel_complete	not_detected	not_detected	not_detected	not_detected	stordalen_mire_2019_hybrid_mags	95.93	0.42	B_L001	phylum
stordalen_mire_2019_hybrid_mags_cmr6.MA.201907_S_1_20to24_45.fna	not_detected	not_detected	not_detected	not_detected	not_detected	not_detected	stordalen_mire_2019_hybrid_mags	99.13	0.15	B_L030	phylum
stordalen_mire_2019_hybrid_mags_cmr6.MA.201907_S_1_20to24_57.fna	panel_complete	panel_complete	panel_complete	not_detected	not_detected	panel_complete	stordalen_mire_2019_hybrid_mags	97.57	1.02	B_L006	class
