quality	marker	tip_id	genome_id	ani_cluster_95
primary	bac120	NEE60_G_00001	GCA_016781115.1	ANI95_00004
primary	bac120	NEE60_G_00002	GCA_016781135.1	ANI95_00002
primary	bac120	NEE60_G_00003	GCA_016781225.1	ANI95_00005
primary	bac120	NEE60_G_00004	GCA_016781385.1	ANI95_00006
primary	bac120	NEE60_G_00005	GCA_016781415.1	ANI95_00007
primary	bac120	NEE60_G_00006	GCA_016781485.1	ANI95_00008
primary	bac120	NEE60_G_00007	GCA_016781525.1	ANI95_00009
primary	bac120	NEE60_G_00008	GCA_016781555.1	ANI95_00011
primary	bac120	NEE60_G_00009	GCA_016781705.1	ANI95_00016
primary	bac120	NEE60_G_00010	GCA_016781725.1	ANI95_00010
primary	bac120	NEE60_G_00011	GCA_016781735.1	ANI95_00015
primary	bac120	NEE60_G_00012	GCA_016781775.1	ANI95_00013
primary	bac120	NEE60_G_00013	GCA_016781805.1	ANI95_00012
primary	bac120	NEE60_G_00014	GCA_016781885.1	ANI95_00018
primary	bac120	NEE60_G_00015	GCA_016781965.1	ANI95_00020
primary	bac120	NEE60_G_00016	GCA_016782045.1	ANI95_00019
primary	bac120	NEE60_G_00017	GCA_016782075.1	ANI95_00021
primary	bac120	NEE60_G_00018	GCA_016782125.1	ANI95_00022
primary	bac120	NEE60_G_00020	GCA_016782175.1	ANI95_00017
primary	bac120	NEE60_G_00022	GCA_017879985.1	ANI95_00025
primary	bac120	NEE60_G_00023	GCA_046260115.1	ANI95_00026
primary	bac120	NEE60_G_00024	GCA_046260175.1	ANI95_00027
primary	bac120	NEE60_G_00025	GCA_046260215.1	ANI95_00028
primary	bac120	NEE60_G_00026	GCA_046260225.1	ANI95_00029
primary	bac120	NEE60_G_00027	GCA_046260235.1	ANI95_00030
primary	bac120	NEE60_G_00028	GCA_046260275.1	ANI95_00031
primary	bac120	NEE60_G_00029	GCA_046260295.1	ANI95_00032
primary	bac120	NEE60_G_00030	GCA_046260335.1	ANI95_00034
primary	bac120	NEE60_G_00031	GCA_046260345.1	ANI95_00035
primary	bac120	NEE60_G_00032	GCA_046260395.1	ANI95_00036
primary	bac120	NEE60_G_00033	GCA_046260415.1	ANI95_00037
primary	bac120	NEE60_G_00034	GCA_046260435.1	ANI95_00038
primary	bac120	NEE60_G_00035	GCA_046260445.1	ANI95_00039
primary	bac120	NEE60_G_00036	GCA_046260455.1	ANI95_00040
primary	bac120	NEE60_G_00037	GCA_046260475.1	ANI95_00041
primary	bac120	NEE60_G_00038	GCA_046260515.1	ANI95_00042
primary	bac120	NEE60_G_00039	GCA_046260535.1	ANI95_00043
primary	bac120	NEE60_G_00040	GCA_046260575.1	ANI95_00044
primary	bac120	NEE60_G_00041	GCA_046260585.1	ANI95_00045
primary	bac120	NEE60_G_00042	GCA_046260625.1	ANI95_00046
primary	bac120	NEE60_G_00043	GCA_046260645.1	ANI95_00033
primary	bac120	NEE60_G_00044	GCA_046260675.1	ANI95_00047
primary	bac120	NEE60_G_00045	GCA_046260685.1	ANI95_00048
primary	bac120	NEE60_G_00046	GCA_046260695.1	ANI95_00049
primary	bac120	NEE60_G_00047	GCA_046260755.1	ANI95_00050
primary	bac120	NEE60_G_00048	GCA_046260765.1	ANI95_00051
primary	bac120	NEE60_G_00049	GCA_046260775.1	ANI95_00052
primary	bac120	NEE60_G_00050	GCA_046260785.1	ANI95_00053
primary	bac120	NEE60_G_00051	GCA_046260805.1	ANI95_00054
primary	bac120	NEE60_G_00052	GCA_046260855.1	ANI95_00055
primary	bac120	NEE60_G_00053	GCA_046261635.1	ANI95_00056
primary	bac120	NEE60_G_00054	GCA_046261655.1	ANI95_00057
primary	bac120	NEE60_G_00055	GCA_046261695.1	ANI95_00058
primary	bac120	NEE60_G_00056	GCA_046261705.1	ANI95_00059
primary	bac120	NEE60_G_00057	GCA_046261715.1	ANI95_00060
primary	bac120	NEE60_G_00058	GCA_046261745.1	ANI95_00061
primary	bac120	NEE60_G_00059	GCA_046261775.1	ANI95_00062
primary	bac120	NEE60_G_00060	GCA_046261795.1	ANI95_00063
primary	bac120	NEE60_G_00061	GCA_046261815.1	ANI95_00064
primary	bac120	NEE60_G_00062	GCA_046261835.1	ANI95_00065
primary	bac120	NEE60_G_00063	GCA_046261855.1	ANI95_00066
primary	bac120	NEE60_G_00064	GCA_046261875.1	ANI95_00067
primary	bac120	NEE60_G_00065	GCA_046261895.1	ANI95_00068
primary	bac120	NEE60_G_00066	GCA_046261915.1	ANI95_00069
primary	bac120	NEE60_G_00067	GCA_046261935.1	ANI95_00070
primary	bac120	NEE60_G_00069	GCA_046261975.1	ANI95_00072
primary	bac120	NEE60_G_00070	GCA_046261995.1	ANI95_00073
primary	bac120	NEE60_G_00071	GCA_046262015.1	ANI95_00074
primary	bac120	NEE60_G_00072	GCA_046262035.1	ANI95_00075
primary	bac120	NEE60_G_00073	GCA_046262045.1	ANI95_00076
primary	bac120	NEE60_G_00074	GCA_046262075.1	ANI95_00077
primary	bac120	NEE60_G_00075	GCA_046262115.1	ANI95_00079
primary	bac120	NEE60_G_00076	GCA_046262135.1	ANI95_00080
primary	bac120	NEE60_G_00077	GCA_046262155.1	ANI95_00081
primary	bac120	NEE60_G_00078	GCA_046262175.1	ANI95_00082
primary	bac120	NEE60_G_00079	GCA_046262195.1	ANI95_00083
primary	bac120	NEE60_G_00080	GCA_046262215.1	ANI95_00084
primary	bac120	NEE60_G_00081	GCA_046262235.1	ANI95_00085
primary	bac120	NEE60_G_00082	GCA_046262255.1	ANI95_00086
primary	bac120	NEE60_G_00083	GCA_046262275.1	ANI95_00087
primary	bac120	NEE60_G_00084	GCA_046262295.1	ANI95_00088
primary	bac120	NEE60_G_00085	GCA_046262315.1	ANI95_00089
primary	bac120	NEE60_G_00086	GCA_046262335.1	ANI95_00090
primary	bac120	NEE60_G_00087	GCA_046262355.1	ANI95_00091
primary	bac120	NEE60_G_00088	GCA_046262375.1	ANI95_00092
primary	bac120	NEE60_G_00089	GCA_046262395.1	ANI95_00093
primary	bac120	NEE60_G_00090	GCA_046262415.1	ANI95_00094
primary	bac120	NEE60_G_00091	GCA_046262435.1	ANI95_00095
primary	bac120	NEE60_G_00092	GCA_046262455.1	ANI95_00096
primary	bac120	NEE60_G_00093	GCA_046262475.1	ANI95_00097
primary	bac120	NEE60_G_00094	GCA_046262495.1	ANI95_00098
primary	bac120	NEE60_G_00095	GCA_046262515.1	ANI95_00099
primary	bac120	NEE60_G_00096	GCA_046262535.1	ANI95_00100
primary	bac120	NEE60_G_00097	GCA_046262555.1	ANI95_00101
primary	bac120	NEE60_G_00098	GCA_046262575.1	ANI95_00102
primary	bac120	NEE60_G_00099	GCA_046262595.1	ANI95_00103
primary	bac120	NEE60_G_00100	GCA_046262615.1	ANI95_00104
primary	bac120	NEE60_G_00101	GCA_046262635.1	ANI95_00105
primary	bac120	NEE60_G_00102	GCA_046262655.1	ANI95_00106
primary	bac120	NEE60_G_00103	GCA_046262675.1	ANI95_00107
primary	bac120	NEE60_G_00104	GCA_046262695.1	ANI95_00108
primary	bac120	NEE60_G_00105	GCA_046262715.1	ANI95_00109
primary	bac120	NEE60_G_00106	GCA_046262735.1	ANI95_00110
primary	bac120	NEE60_G_00107	GCA_046262755.1	ANI95_00111
primary	bac120	NEE60_G_00108	GCA_046262775.1	ANI95_00112
primary	bac120	NEE60_G_00109	GCA_046262795.1	ANI95_00113
primary	bac120	NEE60_G_00110	GCA_046262815.1	ANI95_00114
primary	bac120	NEE60_G_00111	GCA_046262835.1	ANI95_00115
primary	bac120	NEE60_G_00112	GCA_046262855.1	ANI95_00116
primary	bac120	NEE60_G_00113	GCA_046262875.1	ANI95_00117
primary	bac120	NEE60_G_00114	GCA_046262895.1	ANI95_00118
primary	bac120	NEE60_G_00115	GCA_046262915.1	ANI95_00119
primary	bac120	NEE60_G_00116	GCA_046262935.1	ANI95_00120
primary	bac120	NEE60_G_00117	GCA_046262955.1	ANI95_00121
primary	bac120	NEE60_G_00118	GCA_046262975.1	ANI95_00122
primary	bac120	NEE60_G_00119	GCA_046262995.1	ANI95_00123
primary	bac120	NEE60_G_00120	GCA_046263015.1	ANI95_00124
primary	bac120	NEE60_G_00121	GCA_046263035.1	ANI95_00125
primary	bac120	NEE60_G_00122	GCA_046263055.1	ANI95_00126
primary	bac120	NEE60_G_00123	GCA_046263075.1	ANI95_00127
primary	bac120	NEE60_G_00124	GCA_046263085.1	ANI95_00128
primary	bac120	NEE60_G_00125	GCA_046263115.1	ANI95_00129
primary	bac120	NEE60_G_00126	GCA_046263155.1	ANI95_00130
primary	bac120	NEE60_G_00127	GCA_046263175.1	ANI95_00131
primary	bac120	NEE60_G_00128	GCA_046263195.1	ANI95_00132
primary	bac120	NEE60_G_00129	GCA_046263215.1	ANI95_00133
primary	bac120	NEE60_G_00130	GCA_046263235.1	ANI95_00134
primary	bac120	NEE60_G_00131	GCA_046263255.1	ANI95_00135
primary	bac120	NEE60_G_00134	GCA_046463795.1	ANI95_00138
primary	bac120	NEE60_G_00135	GCA_050692375.1_genomic	ANI95_00139
primary	bac120	NEE60_G_00136	GCA_050693515.1_genomic	ANI95_00140
primary	bac120	NEE60_G_00137	GCA_050694915.1_genomic	ANI95_00141
primary	bac120	NEE60_G_00138	GCA_050695015.1_genomic	ANI95_00142
primary	bac120	NEE60_G_00139	GCA_050695035.1_genomic	ANI95_00143
primary	bac120	NEE60_G_00140	GCA_050695115.1_genomic	ANI95_00144
primary	bac120	NEE60_G_00141	GCA_050695135.1_genomic	ANI95_00145
primary	bac120	NEE60_G_00142	GCA_050695155.1_genomic	ANI95_00146
primary	bac120	NEE60_G_00143	GCA_050695175.1_genomic	ANI95_00147
primary	bac120	NEE60_G_00144	GCA_050695195.1_genomic	ANI95_00148
primary	bac120	NEE60_G_00145	GCA_050695295.1_genomic	ANI95_00149
primary	bac120	NEE60_G_00146	GCA_050695335.1_genomic	ANI95_00150
primary	bac120	NEE60_G_00147	GCA_050695395.1_genomic	ANI95_00151
primary	bac120	NEE60_G_00148	GCA_050695455.1_genomic	ANI95_00152
primary	bac120	NEE60_G_00149	GCA_050695495.1_genomic	ANI95_00153
primary	bac120	NEE60_G_00150	GCA_050695595.1_genomic	ANI95_00154
primary	bac120	NEE60_G_00151	GCA_050695615.1_genomic	ANI95_00155
primary	bac120	NEE60_G_00152	GCA_050695655.1_genomic	ANI95_00156
primary	bac120	NEE60_G_00153	GCA_050695695.1_genomic	ANI95_00157
primary	bac120	NEE60_G_00154	GCA_050695715.1_genomic	ANI95_00158
primary	bac120	NEE60_G_00155	GCA_050695895.1_genomic	ANI95_00159
primary	bac120	NEE60_G_00156	GCA_050696095.1_genomic	ANI95_00160
primary	bac120	NEE60_G_00157	GCA_050696235.1_genomic	ANI95_00161
primary	bac120	NEE60_G_00158	GCA_050696255.1_genomic	ANI95_00162
primary	bac120	NEE60_G_00159	GCA_050696275.1_genomic	ANI95_00163
primary	bac120	NEE60_G_00160	GCA_050696315.1_genomic	ANI95_00164
primary	bac120	NEE60_G_00161	GCA_050696335.1_genomic	ANI95_00165
primary	bac120	NEE60_G_00162	GCA_050696435.1_genomic	ANI95_00166
primary	bac120	NEE60_G_00163	GCA_050696455.1_genomic	ANI95_00167
primary	bac120	NEE60_G_00164	GCA_050696475.1_genomic	ANI95_00168
primary	bac120	NEE60_G_00165	GCA_050696495.1_genomic	ANI95_00169
primary	bac120	NEE60_G_00166	GCA_050696515.1_genomic	ANI95_00170
primary	bac120	NEE60_G_00167	GCA_050696555.1_genomic	ANI95_00171
primary	bac120	NEE60_G_00168	GCA_050696575.1_genomic	ANI95_00172
primary	bac120	NEE60_G_00169	GCA_050696595.1_genomic	ANI95_00173
primary	bac120	NEE60_G_00170	GCA_050696635.1_genomic	ANI95_00175
primary	bac120	NEE60_G_00171	GCA_050696655.1_genomic	ANI95_00174
primary	bac120	NEE60_G_00172	GCA_050696695.1_genomic	ANI95_00176
primary	bac120	NEE60_G_00173	GCA_050696715.1_genomic	ANI95_00177
primary	bac120	NEE60_G_00174	GCA_050696735.1_genomic	ANI95_00178
primary	bac120	NEE60_G_00175	GCA_050696755.1_genomic	ANI95_00179
primary	bac120	NEE60_G_00176	GCA_050696775.1_genomic	ANI95_00180
primary	bac120	NEE60_G_00177	GCA_050696795.1_genomic	ANI95_00181
primary	bac120	NEE60_G_00178	GCA_050696815.1_genomic	ANI95_00182
primary	bac120	NEE60_G_00179	GCA_050696835.1_genomic	ANI95_00183
primary	bac120	NEE60_G_00180	GCA_050696855.1_genomic	ANI95_00184
primary	bac120	NEE60_G_00181	GCA_050696875.1_genomic	ANI95_00185
primary	bac120	NEE60_G_00182	GCA_050697015.1_genomic	ANI95_00186
primary	bac120	NEE60_G_00183	GCA_050697035.1_genomic	ANI95_00187
primary	bac120	NEE60_G_00184	GCA_050697075.1_genomic	ANI95_00188
primary	bac120	NEE60_G_00185	GCA_050697135.1_genomic	ANI95_00189
primary	bac120	NEE60_G_00186	GCA_050697175.1_genomic	ANI95_00190
primary	bac120	NEE60_G_00187	GCA_050697355.1_genomic	ANI95_00191
primary	bac120	NEE60_G_00188	GCA_050697375.1_genomic	ANI95_00192
primary	bac120	NEE60_G_00189	GCA_050697395.1_genomic	ANI95_00193
primary	bac120	NEE60_G_00190	GCA_050697415.1_genomic	ANI95_00194
primary	bac120	NEE60_G_00191	GCA_050697455.1_genomic	ANI95_00195
primary	bac120	NEE60_G_00192	GCA_050697615.1_genomic	ANI95_00196
primary	bac120	NEE60_G_00193	GCA_050698235.1_genomic	ANI95_00197
primary	bac120	NEE60_G_00194	GCA_050698355.1_genomic	ANI95_00198
primary	bac120	NEE60_G_00195	GCA_050698375.1_genomic	ANI95_00199
primary	bac120	NEE60_G_00196	GCA_050698395.1_genomic	ANI95_00200
primary	bac120	NEE60_G_00197	GCA_050698415.1_genomic	ANI95_00201
primary	bac120	NEE60_G_00198	GCA_050698435.1_genomic	ANI95_00202
primary	bac120	NEE60_G_00199	GCA_050698475.1_genomic	ANI95_00204
primary	bac120	NEE60_G_00200	GCA_050698535.1_genomic	ANI95_00205
primary	bac120	NEE60_G_00201	GCA_050698555.1_genomic	ANI95_00206
primary	bac120	NEE60_G_00202	GCA_050698575.1_genomic	ANI95_00203
primary	bac120	NEE60_G_00203	GCA_050698615.1_genomic	ANI95_00208
primary	bac120	NEE60_G_00204	GCA_050698655.1_genomic	ANI95_00209
primary	bac120	NEE60_G_00205	GCA_050698675.1_genomic	ANI95_00210
primary	bac120	NEE60_G_00206	GCA_050698715.1_genomic	ANI95_00212
primary	bac120	NEE60_G_00207	GCA_050698735.1_genomic	ANI95_00213
primary	bac120	NEE60_G_00208	GCA_050698755.1_genomic	ANI95_00214
primary	bac120	NEE60_G_00209	GCA_050698775.1_genomic	ANI95_00215
primary	bac120	NEE60_G_00210	GCA_050698795.1_genomic	ANI95_00211
primary	bac120	NEE60_G_00211	GCA_050698835.1_genomic	ANI95_00216
primary	bac120	NEE60_G_00212	GCA_050698875.1_genomic	ANI95_00217
primary	bac120	NEE60_G_00213	GCA_050698895.1_genomic	ANI95_00218
primary	bac120	NEE60_G_00214	GCA_050698915.1_genomic	ANI95_00207
primary	bac120	NEE60_G_00215	GCA_050698955.1_genomic	ANI95_00219
primary	bac120	NEE60_G_00216	GCA_050698975.1_genomic	ANI95_00220
primary	bac120	NEE60_G_00217	GCA_050699055.1_genomic	ANI95_00221
primary	bac120	NEE60_G_00218	GCA_050699135.1_genomic	ANI95_00222
primary	bac120	NEE60_G_00219	GCA_050699415.1_genomic	ANI95_00223
primary	bac120	NEE60_G_00220	GCA_050699475.1_genomic	ANI95_00225
primary	bac120	NEE60_G_00221	GCA_050699495.1_genomic	ANI95_00226
primary	bac120	NEE60_G_00222	GCA_050699515.1_genomic	ANI95_00227
primary	bac120	NEE60_G_00223	GCA_050699555.1_genomic	ANI95_00229
primary	bac120	NEE60_G_00224	GCA_050699575.1_genomic	ANI95_00228
primary	bac120	NEE60_G_00225	GCA_050699595.1_genomic	ANI95_00230
primary	bac120	NEE60_G_00226	GCA_050699635.1_genomic	ANI95_00224
primary	bac120	NEE60_G_00227	GCA_050699655.1_genomic	ANI95_00231
primary	bac120	NEE60_G_00228	GCA_050699695.1_genomic	ANI95_00232
primary	bac120	NEE60_G_00229	GCA_050699715.1_genomic	ANI95_00233
primary	bac120	NEE60_G_00230	GCA_050699755.1_genomic	ANI95_00234
primary	bac120	NEE60_G_00231	GCA_050699815.1_genomic	ANI95_00235
primary	bac120	NEE60_G_00232	GCA_050699895.1_genomic	ANI95_00236
primary	bac120	NEE60_G_00233	GCA_050699955.1_genomic	ANI95_00237
primary	bac120	NEE60_G_00234	GCA_050700055.1_genomic	ANI95_00238
primary	bac120	NEE60_G_00235	GCA_050700115.1_genomic	ANI95_00239
primary	bac120	NEE60_G_00236	GCA_050700535.1_genomic	ANI95_00240
primary	bac120	NEE60_G_00237	GCA_050700555.1_genomic	ANI95_00241
primary	bac120	NEE60_G_00238	GCA_050700575.1_genomic	ANI95_00242
primary	bac120	NEE60_G_00239	GCA_050700595.1_genomic	ANI95_00243
primary	bac120	NEE60_G_00240	GCA_050700615.1_genomic	ANI95_00244
primary	bac120	NEE60_G_00241	GCA_050700695.1_genomic	ANI95_00245
primary	bac120	NEE60_G_00242	GCA_050700745.1_genomic	ANI95_00246
primary	bac120	NEE60_G_00243	GCA_050700775.1_genomic	ANI95_00247
primary	bac120	NEE60_G_00244	GCA_050700795.1_genomic	ANI95_00248
primary	bac120	NEE60_G_00245	GCA_050700835.1_genomic	ANI95_00249
primary	bac120	NEE60_G_00246	GCA_050700875.1_genomic	ANI95_00250
primary	bac120	NEE60_G_00247	GCA_050700975.1_genomic	ANI95_00251
primary	bac120	NEE60_G_00248	GCA_050700995.1_genomic	ANI95_00252
primary	bac120	NEE60_G_00249	GCA_050701035.1_genomic	ANI95_00253
primary	bac120	NEE60_G_00250	GCA_050701095.1_genomic	ANI95_00254
primary	bac120	NEE60_G_00251	GCA_050701135.1_genomic	ANI95_00255
primary	bac120	NEE60_G_00252	GCA_050701175.1_genomic	ANI95_00256
primary	bac120	NEE60_G_00253	GCA_050701335.1_genomic	ANI95_00257
primary	bac120	NEE60_G_00254	GCA_050701375.1_genomic	ANI95_00258
primary	bac120	NEE60_G_00255	GCA_050701455.1_genomic	ANI95_00260
primary	bac120	NEE60_G_00256	GCA_050701475.1_genomic	ANI95_00259
primary	bac120	NEE60_G_00257	GCA_050701495.1_genomic	ANI95_00261
primary	bac120	NEE60_G_00258	GCA_050701555.1_genomic	ANI95_00262
primary	bac120	NEE60_G_00259	GCA_050701615.1_genomic	ANI95_00263
primary	bac120	NEE60_G_00260	GCA_050701675.1_genomic	ANI95_00264
primary	bac120	NEE60_G_00261	GCA_050701755.1_genomic	ANI95_00265
primary	bac120	NEE60_G_00262	GCA_050701835.1_genomic	ANI95_00266
primary	bac120	NEE60_G_00263	GCA_050701895.1_genomic	ANI95_00267
primary	bac120	NEE60_G_00264	GCA_050725375.1_genomic	ANI95_00268
primary	bac120	NEE60_G_00265	GCA_050725395.1_genomic	ANI95_00269
primary	bac120	NEE60_G_00266	GCA_050725455.1_genomic	ANI95_00271
primary	bac120	NEE60_G_00267	GCA_050725535.1_genomic	ANI95_00272
primary	bac120	NEE60_G_00268	GCA_050725575.1_genomic	ANI95_00273
primary	bac120	NEE60_G_00269	GCA_050725615.1_genomic	ANI95_00274
primary	bac120	NEE60_G_00270	GCA_050725655.1_genomic	ANI95_00275
primary	bac120	NEE60_G_00271	GCA_050725715.1_genomic	ANI95_00276
primary	bac120	NEE60_G_00272	GCA_050725795.1_genomic	ANI95_00277
primary	bac120	NEE60_G_00273	GCA_050725835.1_genomic	ANI95_00278
primary	bac120	NEE60_G_00274	GCA_050725855.1_genomic	ANI95_00279
primary	bac120	NEE60_G_00275	GCA_050725875.1_genomic	ANI95_00280
primary	bac120	NEE60_G_00276	GCA_050725915.1_genomic	ANI95_00281
primary	bac120	NEE60_G_00277	GCA_050725935.1_genomic	ANI95_00282
primary	bac120	NEE60_G_00278	GCA_050725955.1_genomic	ANI95_00283
primary	bac120	NEE60_G_00279	GCA_050725975.1_genomic	ANI95_00284
primary	bac120	NEE60_G_00280	GCA_050725995.1_genomic	ANI95_00285
primary	bac120	NEE60_G_00281	GCA_050726075.1_genomic	ANI95_00286
primary	bac120	NEE60_G_00282	GCA_050726115.1_genomic	ANI95_00287
primary	bac120	NEE60_G_00283	GCA_050726135.1_genomic	ANI95_00288
primary	bac120	NEE60_G_00284	GCA_050726155.1_genomic	ANI95_00289
primary	bac120	NEE60_G_00285	GCA_050726215.1_genomic	ANI95_00290
primary	bac120	NEE60_G_00286	GCA_050728395.1_genomic	ANI95_00291
primary	bac120	NEE60_G_00287	GCA_050728415.1_genomic	ANI95_00292
primary	bac120	NEE60_G_00288	GCA_050728455.1_genomic	ANI95_00293
primary	bac120	NEE60_G_00289	GCA_050728495.1_genomic	ANI95_00294
primary	bac120	NEE60_G_00290	GCA_050728535.1_genomic	ANI95_00296
primary	bac120	NEE60_G_00291	GCA_050728555.1_genomic	ANI95_00297
primary	bac120	NEE60_G_00292	GCA_050728615.1_genomic	ANI95_00300
primary	bac120	NEE60_G_00293	GCA_050728635.1_genomic	ANI95_00301
primary	bac120	NEE60_G_00294	GCA_050728655.1_genomic	ANI95_00298
primary	bac120	NEE60_G_00295	GCA_050728675.1_genomic	ANI95_00302
primary	bac120	NEE60_G_00296	GCA_050728695.1_genomic	ANI95_00303
primary	bac120	NEE60_G_00297	GCA_050728715.1_genomic	ANI95_00304
primary	bac120	NEE60_G_00298	GCA_050728735.1_genomic	ANI95_00295
primary	bac120	NEE60_G_00299	GCA_050728755.1_genomic	ANI95_00299
primary	bac120	NEE60_G_00300	GCA_050728775.1_genomic	ANI95_00305
primary	bac120	NEE60_G_00301	GCA_050728795.1_genomic	ANI95_00306
primary	bac120	NEE60_G_00302	GCA_050728855.1_genomic	ANI95_00307
primary	bac120	NEE60_G_00303	GCA_050728895.1_genomic	ANI95_00308
primary	bac120	NEE60_G_00304	GCA_050728915.1_genomic	ANI95_00309
primary	bac120	NEE60_G_00305	GCA_050728995.1_genomic	ANI95_00310
primary	bac120	NEE60_G_00306	GCA_050729015.1_genomic	ANI95_00311
primary	bac120	NEE60_G_00307	GCA_050729195.1_genomic	ANI95_00312
primary	bac120	NEE60_G_00308	GCA_050729255.1_genomic	ANI95_00314
primary	bac120	NEE60_G_00309	GCA_050729295.1_genomic	ANI95_00316
primary	bac120	NEE60_G_00310	GCA_050729355.1_genomic	ANI95_00313
primary	bac120	NEE60_G_00311	GCA_050729395.1_genomic	ANI95_00318
primary	bac120	NEE60_G_00312	GCA_050729475.1_genomic	ANI95_00315
primary	bac120	NEE60_G_00313	GCA_050729495.1_genomic	ANI95_00317
primary	bac120	NEE60_G_00314	GCA_050729515.1_genomic	ANI95_00320
primary	bac120	NEE60_G_00315	GCA_050729555.1_genomic	ANI95_00319
primary	bac120	NEE60_G_00316	GCA_050729575.1_genomic	ANI95_00321
primary	bac120	NEE60_G_00317	GCA_050729595.1_genomic	ANI95_00322
primary	bac120	NEE60_G_00318	GCA_050729675.1_genomic	ANI95_00324
primary	bac120	NEE60_G_00319	GCA_050729695.1_genomic	ANI95_00325
primary	bac120	NEE60_G_00320	GCA_050729715.1_genomic	ANI95_00326
primary	bac120	NEE60_G_00321	GCA_050729755.1_genomic	ANI95_00328
primary	bac120	NEE60_G_00322	GCA_050729795.1_genomic	ANI95_00330
primary	bac120	NEE60_G_00323	GCA_050729815.1_genomic	ANI95_00331
primary	bac120	NEE60_G_00324	GCA_050729835.1_genomic	ANI95_00323
primary	bac120	NEE60_G_00325	GCA_050729855.1_genomic	ANI95_00332
primary	bac120	NEE60_G_00326	GCA_050729895.1_genomic	ANI95_00327
primary	bac120	NEE60_G_00327	GCA_050729935.1_genomic	ANI95_00333
primary	bac120	NEE60_G_00328	GCA_050729955.1_genomic	ANI95_00334
primary	bac120	NEE60_G_00329	GCA_050730055.1_genomic	ANI95_00329
primary	bac120	NEE60_G_00330	GCA_050730075.1_genomic	ANI95_00336
primary	bac120	NEE60_G_00331	GCA_050730095.1_genomic	ANI95_00337
primary	bac120	NEE60_G_00332	GCA_050730115.1_genomic	ANI95_00338
primary	bac120	NEE60_G_00333	GCA_050730135.1_genomic	ANI95_00339
primary	bac120	NEE60_G_00334	GCA_050730155.1_genomic	ANI95_00340
primary	bac120	NEE60_G_00335	GCA_050730175.1_genomic	ANI95_00341
primary	bac120	NEE60_G_00336	GCA_050730195.1_genomic	ANI95_00342
primary	bac120	NEE60_G_00337	GCA_050730215.1_genomic	ANI95_00343
primary	bac120	NEE60_G_00338	GCA_050730295.1_genomic	ANI95_00335
primary	bac120	NEE60_G_00339	GCA_050730335.1_genomic	ANI95_00344
primary	bac120	NEE60_G_00340	GCA_050730355.1_genomic	ANI95_00345
primary	bac120	NEE60_G_00341	GCA_050730415.1_genomic	ANI95_00346
primary	bac120	NEE60_G_00342	GCA_050730455.1_genomic	ANI95_00347
primary	bac120	NEE60_G_00343	GCA_050730535.1_genomic	ANI95_00348
primary	bac120	NEE60_G_00344	GCA_050730575.1_genomic	ANI95_00349
primary	bac120	NEE60_G_00345	GCA_050730595.1_genomic	ANI95_00350
primary	bac120	NEE60_G_00346	GCA_050730615.1_genomic	ANI95_00351
primary	bac120	NEE60_G_00347	GCA_050730635.1_genomic	ANI95_00352
primary	bac120	NEE60_G_00348	GCA_050730655.1_genomic	ANI95_00353
primary	bac120	NEE60_G_00349	GCA_050730675.1_genomic	ANI95_00354
primary	bac120	NEE60_G_00350	GCA_050730695.1_genomic	ANI95_00355
primary	bac120	NEE60_G_00351	GCA_050730715.1_genomic	ANI95_00356
primary	bac120	NEE60_G_00352	GCA_050730755.1_genomic	ANI95_00357
primary	bac120	NEE60_G_00353	GCA_050730765.1_genomic	ANI95_00358
primary	bac120	NEE60_G_00354	GCA_050730795.1_genomic	ANI95_00359
primary	bac120	NEE60_G_00355	GCA_050730815.1_genomic	ANI95_00360
primary	bac120	NEE60_G_00356	GCA_050730835.1_genomic	ANI95_00361
primary	bac120	NEE60_G_00357	GCA_050730915.1_genomic	ANI95_00362
primary	bac120	NEE60_G_00358	GCA_050730935.1_genomic	ANI95_00363
primary	bac120	NEE60_G_00359	GCA_050730955.1_genomic	ANI95_00364
primary	bac120	NEE60_G_00360	GCA_050730975.1_genomic	ANI95_00365
primary	bac120	NEE60_G_00361	GCA_050730995.1_genomic	ANI95_00366
primary	bac120	NEE60_G_00362	GCA_050731015.1_genomic	ANI95_00367
primary	bac120	NEE60_G_00363	GCA_050731195.1_genomic	ANI95_00368
primary	bac120	NEE60_G_00364	GCA_050731235.1_genomic	ANI95_00369
primary	bac120	NEE60_G_00365	GCA_050731255.1_genomic	ANI95_00370
primary	bac120	NEE60_G_00366	GCA_050731275.1_genomic	ANI95_00371
primary	bac120	NEE60_G_00367	GCA_050731335.1_genomic	ANI95_00372
primary	bac120	NEE60_G_00368	GCA_050731355.1_genomic	ANI95_00373
primary	bac120	NEE60_G_00369	GCA_050731375.1_genomic	ANI95_00374
primary	bac120	NEE60_G_00370	GCA_050731395.1_genomic	ANI95_00375
primary	bac120	NEE60_G_00371	GCA_050731455.1_genomic	ANI95_00376
primary	bac120	NEE60_G_00372	GCA_050731495.1_genomic	ANI95_00377
primary	bac120	NEE60_G_00373	GCA_050731595.1_genomic	ANI95_00378
primary	bac120	NEE60_G_00374	GCA_050731615.1_genomic	ANI95_00379
primary	bac120	NEE60_G_00375	GCA_050731995.1_genomic	ANI95_00380
primary	bac120	NEE60_G_00376	GCA_050732035.1_genomic	ANI95_00381
primary	bac120	NEE60_G_00377	GCA_050732055.1_genomic	ANI95_00382
primary	bac120	NEE60_G_00378	GCA_050732075.1_genomic	ANI95_00383
primary	bac120	NEE60_G_00379	GCA_050732175.1_genomic	ANI95_00384
primary	bac120	NEE60_G_00380	GCA_050732215.1_genomic	ANI95_00385
primary	bac120	NEE60_G_00381	GCA_050732315.1_genomic	ANI95_00386
primary	bac120	NEE60_G_00382	GCA_050732495.1_genomic	ANI95_00387
primary	bac120	NEE60_G_00383	GCA_050732835.1_genomic	ANI95_00388
primary	bac120	NEE60_G_00384	GCA_050732955.1_genomic	ANI95_00389
primary	bac120	NEE60_G_00385	GCA_050732975.1_genomic	ANI95_00390
primary	bac120	NEE60_G_00386	GCA_050733015.1_genomic	ANI95_00391
primary	bac120	NEE60_G_00387	GCA_050733095.1_genomic	ANI95_00392
primary	bac120	NEE60_G_00388	GCA_050733115.1_genomic	ANI95_00393
primary	bac120	NEE60_G_00389	GCA_050733175.1_genomic	ANI95_00394
primary	bac120	NEE60_G_00390	GCA_050733235.1_genomic	ANI95_00395
primary	bac120	NEE60_G_00391	GCA_050733255.1_genomic	ANI95_00396
primary	bac120	NEE60_G_00392	GCA_050733335.1_genomic	ANI95_00397
primary	bac120	NEE60_G_00393	GCA_050733435.1_genomic	ANI95_00398
primary	bac120	NEE60_G_00394	GCA_050733475.1_genomic	ANI95_00399
primary	bac120	NEE60_G_00395	GCA_050733495.1_genomic	ANI95_00400
primary	bac120	NEE60_G_00396	GCA_050733535.1_genomic	ANI95_00401
primary	bac120	NEE60_G_00397	GCA_050733555.1_genomic	ANI95_00402
primary	bac120	NEE60_G_00398	GCA_050733635.1_genomic	ANI95_00403
primary	bac120	NEE60_G_00399	GCA_050733655.1_genomic	ANI95_00404
primary	bac120	NEE60_G_00400	GCA_050733715.1_genomic	ANI95_00405
primary	bac120	NEE60_G_00401	GCA_050733755.1_genomic	ANI95_00406
primary	bac120	NEE60_G_00402	GCA_050733775.1_genomic	ANI95_00407
primary	bac120	NEE60_G_00403	GCA_050733835.1_genomic	ANI95_00408
primary	bac120	NEE60_G_00404	GCA_050733855.1_genomic	ANI95_00409
primary	bac120	NEE60_G_00405	GCA_050733875.1_genomic	ANI95_00410
primary	bac120	NEE60_G_00406	GCA_050734015.1_genomic	ANI95_00412
primary	bac120	NEE60_G_00407	GCA_050734025.1_genomic	ANI95_00413
primary	bac120	NEE60_G_00408	GCA_050734135.1_genomic	ANI95_00414
primary	bac120	NEE60_G_00409	GCA_050734155.1_genomic	ANI95_00415
primary	bac120	NEE60_G_00410	GCA_050734185.1_genomic	ANI95_00416
primary	bac120	NEE60_G_00411	GCA_050734255.1_genomic	ANI95_00411
primary	bac120	NEE60_G_00412	GCA_050734395.1_genomic	ANI95_00418
primary	bac120	NEE60_G_00413	GCA_050734425.1_genomic	ANI95_00419
primary	bac120	NEE60_G_00414	GCA_050734495.1_genomic	ANI95_00420
primary	bac120	NEE60_G_00415	GCA_050734515.1_genomic	ANI95_00417
primary	bac120	NEE60_G_00416	GCA_050734615.1_genomic	ANI95_00421
primary	bac120	NEE60_G_00417	GCA_050734635.1_genomic	ANI95_00422
primary	bac120	NEE60_G_00418	GCA_050734715.1_genomic	ANI95_00423
primary	bac120	NEE60_G_00419	GCA_050734735.1_genomic	ANI95_00424
primary	bac120	NEE60_G_00420	GCA_050734755.1_genomic	ANI95_00425
primary	bac120	NEE60_G_00421	GCA_050734895.1_genomic	ANI95_00427
primary	bac120	NEE60_G_00422	GCA_050734915.1_genomic	ANI95_00428
primary	bac120	NEE60_G_00423	GCA_050735015.1_genomic	ANI95_00429
primary	bac120	NEE60_G_00424	GCA_050735055.1_genomic	ANI95_00426
primary	bac120	NEE60_G_00426	GCA_050735235.1_genomic	ANI95_00431
primary	bac120	NEE60_G_00427	GCA_050735275.1_genomic	ANI95_00432
primary	bac120	NEE60_G_00428	GCA_050735315.1_genomic	ANI95_00433
primary	bac120	NEE60_G_00429	GCA_050735355.1_genomic	ANI95_00434
primary	bac120	NEE60_G_00430	GCA_050735435.1_genomic	ANI95_00435
primary	bac120	NEE60_G_00431	GCA_050735535.1_genomic	ANI95_00436
primary	bac120	NEE60_G_00432	GCA_050735555.1_genomic	ANI95_00437
primary	bac120	NEE60_G_00433	GCA_050735795.1_genomic	ANI95_00438
primary	bac120	NEE60_G_00434	GCA_050735855.1_genomic	ANI95_00439
primary	bac120	NEE60_G_00435	GCA_050736075.1_genomic	ANI95_00440
primary	bac120	NEE60_G_00436	GCA_050736155.1_genomic	ANI95_00441
primary	bac120	NEE60_G_00437	GCA_050736335.1_genomic	ANI95_00442
primary	bac120	NEE60_G_00438	GCA_050736375.1_genomic	ANI95_00443
primary	bac120	NEE60_G_00439	GCA_050736455.1_genomic	ANI95_00444
primary	bac120	NEE60_G_00440	GCA_050736495.1_genomic	ANI95_00445
primary	bac120	NEE60_G_00441	GCA_050736555.1_genomic	ANI95_00446
primary	bac120	NEE60_G_00442	GCA_050736575.1_genomic	ANI95_00447
primary	bac120	NEE60_G_00443	GCA_050736615.1_genomic	ANI95_00448
primary	bac120	NEE60_G_00444	GCA_050736675.1_genomic	ANI95_00449
primary	bac120	NEE60_G_00445	GCA_050736695.1_genomic	ANI95_00450
primary	bac120	NEE60_G_00446	GCA_050736715.1_genomic	ANI95_00451
primary	bac120	NEE60_G_00447	GCA_050736815.1_genomic	ANI95_00452
primary	bac120	NEE60_G_00448	GCA_050736975.1_genomic	ANI95_00453
primary	bac120	NEE60_G_00449	GCA_050737075.1_genomic	ANI95_00454
primary	bac120	NEE60_G_00450	GCA_050737255.1_genomic	ANI95_00456
primary	bac120	NEE60_G_00451	GCA_050737335.1_genomic	ANI95_00455
primary	bac120	NEE60_G_00452	GCA_050737355.1_genomic	ANI95_00458
primary	bac120	NEE60_G_00453	GCA_050737375.1_genomic	ANI95_00457
primary	bac120	NEE60_G_00454	GCA_050737415.1_genomic	ANI95_00459
primary	bac120	NEE60_G_00455	GCA_050737435.1_genomic	ANI95_00460
primary	bac120	NEE60_G_00456	GCA_050737455.1_genomic	ANI95_00461
primary	bac120	NEE60_G_00457	GCA_050737475.1_genomic	ANI95_00462
primary	bac120	NEE60_G_00458	GCA_050737495.1_genomic	ANI95_00463
primary	bac120	NEE60_G_00459	GCA_050737535.1_genomic	ANI95_00464
primary	bac120	NEE60_G_00460	GCA_050737555.1_genomic	ANI95_00465
primary	bac120	NEE60_G_00461	GCA_050737635.1_genomic	ANI95_00466
primary	bac120	NEE60_G_00462	GCA_050737675.1_genomic	ANI95_00468
primary	bac120	NEE60_G_00463	GCA_050737715.1_genomic	ANI95_00469
primary	bac120	NEE60_G_00464	GCA_050737735.1_genomic	ANI95_00470
primary	bac120	NEE60_G_00465	GCA_050737775.1_genomic	ANI95_00471
primary	bac120	NEE60_G_00466	GCA_050737815.1_genomic	ANI95_00472
primary	bac120	NEE60_G_00467	GCA_050737855.1_genomic	ANI95_00474
primary	bac120	NEE60_G_00468	GCA_050737875.1_genomic	ANI95_00467
primary	bac120	NEE60_G_00469	GCA_050737895.1_genomic	ANI95_00475
primary	bac120	NEE60_G_00470	GCA_050737915.1_genomic	ANI95_00476
primary	bac120	NEE60_G_00471	GCA_050737935.1_genomic	ANI95_00477
primary	bac120	NEE60_G_00472	GCA_050737975.1_genomic	ANI95_00479
primary	bac120	NEE60_G_00473	GCA_050737995.1_genomic	ANI95_00480
primary	bac120	NEE60_G_00474	GCA_050738015.1_genomic	ANI95_00481
primary	bac120	NEE60_G_00475	GCA_050738055.1_genomic	ANI95_00482
primary	bac120	NEE60_G_00476	GCA_050738075.1_genomic	ANI95_00483
primary	bac120	NEE60_G_00477	GCA_050738095.1_genomic	ANI95_00478
primary	bac120	NEE60_G_00478	GCA_050738115.1_genomic	ANI95_00473
primary	bac120	NEE60_G_00479	GCA_050738135.1_genomic	ANI95_00484
primary	bac120	NEE60_G_00480	GCA_050738155.1_genomic	ANI95_00485
primary	bac120	NEE60_G_00481	GCA_050738175.1_genomic	ANI95_00486
primary	bac120	NEE60_G_00482	GCA_050738275.1_genomic	ANI95_00487
primary	bac120	NEE60_G_00483	GCA_050738295.1_genomic	ANI95_00488
primary	bac120	NEE60_G_00484	GCA_050738435.1_genomic	ANI95_00490
primary	bac120	NEE60_G_00485	GCA_050738455.1_genomic	ANI95_00491
primary	bac120	NEE60_G_00486	GCA_050738535.1_genomic	ANI95_00492
primary	bac120	NEE60_G_00487	GCA_050738595.1_genomic	ANI95_00494
primary	bac120	NEE60_G_00488	GCA_050738615.1_genomic	ANI95_00495
primary	bac120	NEE60_G_00489	GCA_050738635.1_genomic	ANI95_00496
primary	bac120	NEE60_G_00490	GCA_050738645.1_genomic	ANI95_00497
primary	bac120	NEE60_G_00491	GCA_050738675.1_genomic	ANI95_00498
primary	bac120	NEE60_G_00492	GCA_050738695.1_genomic	ANI95_00493
primary	bac120	NEE60_G_00493	GCA_050738715.1_genomic	ANI95_00499
primary	bac120	NEE60_G_00494	GCA_050738755.1_genomic	ANI95_00500
primary	bac120	NEE60_G_00495	GCA_050738795.1_genomic	ANI95_00501
primary	bac120	NEE60_G_00496	GCA_050738855.1_genomic	ANI95_00504
primary	bac120	NEE60_G_00497	GCA_050738875.1_genomic	ANI95_00502
primary	bac120	NEE60_G_00498	GCA_050738895.1_genomic	ANI95_00505
primary	bac120	NEE60_G_00499	GCA_050738935.1_genomic	ANI95_00506
primary	bac120	NEE60_G_00500	GCA_050739035.1_genomic	ANI95_00507
primary	bac120	NEE60_G_00501	GCA_050739055.1_genomic	ANI95_00503
primary	bac120	NEE60_G_00502	GCA_050739075.1_genomic	ANI95_00508
primary	bac120	NEE60_G_00503	GCA_050739095.1_genomic	ANI95_00509
primary	bac120	NEE60_G_00504	GCA_050739115.1_genomic	ANI95_00510
primary	bac120	NEE60_G_00505	GCA_050739135.1_genomic	ANI95_00511
primary	bac120	NEE60_G_00507	GCA_050739195.1_genomic	ANI95_00513
primary	bac120	NEE60_G_00508	GCA_050739215.1_genomic	ANI95_00489
primary	bac120	NEE60_G_00509	GCA_050739235.1_genomic	ANI95_00514
primary	bac120	NEE60_G_00510	GCA_050739255.1_genomic	ANI95_00515
primary	bac120	NEE60_G_00511	GCA_050739275.1_genomic	ANI95_00516
primary	bac120	NEE60_G_00512	GCA_050739295.1_genomic	ANI95_00517
primary	bac120	NEE60_G_00513	GCA_050739335.1_genomic	ANI95_00518
primary	bac120	NEE60_G_00514	GCA_050739375.1_genomic	ANI95_00519
primary	bac120	NEE60_G_00515	GCA_050739415.1_genomic	ANI95_00520
primary	bac120	NEE60_G_00516	GCA_050739435.1_genomic	ANI95_00512
primary	bac120	NEE60_G_00517	GCA_050739455.1_genomic	ANI95_00521
primary	bac120	NEE60_G_00518	GCA_050739475.1_genomic	ANI95_00522
primary	bac120	NEE60_G_00519	GCA_050739495.1_genomic	ANI95_00523
primary	bac120	NEE60_G_00520	GCA_050739515.1_genomic	ANI95_00524
primary	bac120	NEE60_G_00521	GCA_050739575.1_genomic	ANI95_00526
primary	bac120	NEE60_G_00522	GCA_050739635.1_genomic	ANI95_00527
primary	bac120	NEE60_G_00523	GCA_050739655.1_genomic	ANI95_00528
primary	bac120	NEE60_G_00524	GCA_050739675.1_genomic	ANI95_00529
primary	bac120	NEE60_G_00525	GCA_050739755.1_genomic	ANI95_00530
primary	bac120	NEE60_G_00526	GCA_050739795.1_genomic	ANI95_00531
primary	bac120	NEE60_G_00527	GCA_050739895.1_genomic	ANI95_00532
primary	bac120	NEE60_G_00528	GCA_050739955.1_genomic	ANI95_00533
primary	bac120	NEE60_G_00529	GCA_050739975.1_genomic	ANI95_00534
primary	bac120	NEE60_G_00530	GCA_050740015.1_genomic	ANI95_00535
primary	bac120	NEE60_G_00531	GCA_050740035.1_genomic	ANI95_00536
primary	bac120	NEE60_G_00532	GCA_050740055.1_genomic	ANI95_00537
primary	bac120	NEE60_G_00533	GCA_050740195.1_genomic	ANI95_00538
primary	bac120	NEE60_G_00534	GCA_050740255.1_genomic	ANI95_00539
primary	bac120	NEE60_G_00535	GCA_050740275.1_genomic	ANI95_00540
primary	bac120	NEE60_G_00536	GCA_050740295.1_genomic	ANI95_00541
primary	bac120	NEE60_G_00537	GCA_050740335.1_genomic	ANI95_00542
primary	bac120	NEE60_G_00538	GCA_050740355.1_genomic	ANI95_00543
primary	bac120	NEE60_G_00539	GCA_050740655.1_genomic	ANI95_00544
primary	bac120	NEE60_G_00540	GCA_050740855.1_genomic	ANI95_00545
primary	bac120	NEE60_G_00541	GCA_050740915.1_genomic	ANI95_00546
primary	bac120	NEE60_G_00542	GCA_050740955.1_genomic	ANI95_00547
primary	bac120	NEE60_G_00543	GCA_050741015.1_genomic	ANI95_00548
primary	bac120	NEE60_G_00544	GCA_050741195.1_genomic	ANI95_00550
primary	bac120	NEE60_G_00545	GCA_050741215.1_genomic	ANI95_00551
primary	bac120	NEE60_G_00546	GCA_050741235.1_genomic	ANI95_00552
primary	bac120	NEE60_G_00547	GCA_050741255.1_genomic	ANI95_00553
primary	bac120	NEE60_G_00548	GCA_050741335.1_genomic	ANI95_00554
primary	bac120	NEE60_G_00549	GCA_050741375.1_genomic	ANI95_00555
primary	bac120	NEE60_G_00550	GCA_050741415.1_genomic	ANI95_00549
primary	bac120	NEE60_G_00551	GCA_050741435.1_genomic	ANI95_00556
primary	bac120	NEE60_G_00552	GCA_050741455.1_genomic	ANI95_00557
primary	bac120	NEE60_G_00553	GCA_050741555.1_genomic	ANI95_00558
primary	bac120	NEE60_G_00554	GCA_050741575.1_genomic	ANI95_00559
primary	bac120	NEE60_G_00555	GCA_050741655.1_genomic	ANI95_00561
primary	bac120	NEE60_G_00556	GCA_050741675.1_genomic	ANI95_00562
primary	bac120	NEE60_G_00557	GCA_050741735.1_genomic	ANI95_00563
primary	bac120	NEE60_G_00558	GCA_050741755.1_genomic	ANI95_00560
primary	bac120	NEE60_G_00559	GCA_050741775.1_genomic	ANI95_00564
primary	bac120	NEE60_G_00560	GCA_050741835.1_genomic	ANI95_00565
primary	bac120	NEE60_G_00561	GCA_050741855.1_genomic	ANI95_00566
primary	bac120	NEE60_G_00562	GCA_050741895.1_genomic	ANI95_00567
primary	bac120	NEE60_G_00563	GCA_050742355.1_genomic	ANI95_00568
primary	bac120	NEE60_G_00564	GCA_050742375.1_genomic	ANI95_00569
primary	bac120	NEE60_G_00565	GCA_050742415.1_genomic	ANI95_00570
primary	bac120	NEE60_G_00566	GCA_050742455.1_genomic	ANI95_00571
primary	bac120	NEE60_G_00567	GCA_050742595.1_genomic	ANI95_00572
primary	bac120	NEE60_G_00568	GCA_050742615.1_genomic	ANI95_00573
primary	bac120	NEE60_G_00569	GCA_050742655.1_genomic	ANI95_00574
primary	bac120	NEE60_G_00570	GCA_050742775.1_genomic	ANI95_00270
primary	bac120	NEE60_G_00571	GCA_050742795.1_genomic	ANI95_00575
primary	bac120	NEE60_G_00572	GCA_050742815.1_genomic	ANI95_00576
primary	bac120	NEE60_G_00573	GCA_050742975.1_genomic	ANI95_00577
primary	bac120	NEE60_G_00574	GCA_050743165.1_genomic	ANI95_00578
primary	bac120	NEE60_G_00575	GCA_050743205.1_genomic	ANI95_00579
primary	bac120	NEE60_G_00576	GCA_050743405.1_genomic	ANI95_00580
primary	bac120	NEE60_G_00577	GCA_050743425.1_genomic	ANI95_00581
primary	bac120	NEE60_G_00578	GCA_050743485.1_genomic	ANI95_00582
primary	bac120	NEE60_G_00579	GCA_050743525.1_genomic	ANI95_00583
primary	bac120	NEE60_G_00580	GCA_050743545.1_genomic	ANI95_00584
primary	bac120	NEE60_G_00581	GCA_050743565.1_genomic	ANI95_00585
primary	bac120	NEE60_G_00582	GCA_050743585.1_genomic	ANI95_00586
primary	bac120	NEE60_G_00583	GCA_050743605.1_genomic	ANI95_00587
primary	bac120	NEE60_G_00584	GCA_050743645.1_genomic	ANI95_00588
primary	bac120	NEE60_G_00585	GCA_050743665.1_genomic	ANI95_00589
primary	bac120	NEE60_G_00586	GCA_050743685.1_genomic	ANI95_00590
primary	bac120	NEE60_G_00587	GCA_050743785.1_genomic	ANI95_00591
primary	bac120	NEE60_G_00588	GCA_050743805.1_genomic	ANI95_00592
primary	bac120	NEE60_G_00589	GCA_050743825.1_genomic	ANI95_00593
primary	bac120	NEE60_G_00590	GCA_050743845.1_genomic	ANI95_00594
primary	bac120	NEE60_G_00591	GCA_050743865.1_genomic	ANI95_00595
primary	bac120	NEE60_G_00592	GCA_050743905.1_genomic	ANI95_00596
primary	bac120	NEE60_G_00593	GCA_050743945.1_genomic	ANI95_00597
primary	bac120	NEE60_G_00594	GCA_050743965.1_genomic	ANI95_00598
primary	bac120	NEE60_G_00595	GCA_050743985.1_genomic	ANI95_00599
primary	bac120	NEE60_G_00596	GCA_050744005.1_genomic	ANI95_00600
primary	bac120	NEE60_G_00597	GCA_050744025.1_genomic	ANI95_00601
primary	bac120	NEE60_G_00598	GCA_050744045.1_genomic	ANI95_00602
primary	bac120	NEE60_G_00599	GCA_050744065.1_genomic	ANI95_00603
primary	bac120	NEE60_G_00600	GCA_050744085.1_genomic	ANI95_00604
primary	bac120	NEE60_G_00601	GCA_050744105.1_genomic	ANI95_00605
primary	bac120	NEE60_G_00602	GCA_050744145.1_genomic	ANI95_00606
primary	bac120	NEE60_G_00603	GCA_050744165.1_genomic	ANI95_00607
primary	bac120	NEE60_G_00604	GCA_050744185.1_genomic	ANI95_00608
primary	bac120	NEE60_G_00605	GCA_050744205.1_genomic	ANI95_00609
primary	bac120	NEE60_G_00606	GCA_050744225.1_genomic	ANI95_00610
primary	bac120	NEE60_G_00607	GCA_050744545.1_genomic	ANI95_00611
primary	bac120	NEE60_G_00608	GCA_050744605.1_genomic	ANI95_00612
primary	bac120	NEE60_G_00609	GCA_050744645.1_genomic	ANI95_00613
primary	bac120	NEE60_G_00610	GCA_050744825.1_genomic	ANI95_00614
primary	bac120	NEE60_G_00611	GCA_050744865.1_genomic	ANI95_00615
primary	bac120	NEE60_G_00612	GCA_050744885.1_genomic	ANI95_00616
primary	bac120	NEE60_G_00613	GCA_050744945.1_genomic	ANI95_00617
primary	bac120	NEE60_G_00614	GCA_050745045.1_genomic	ANI95_00618
primary	bac120	NEE60_G_00615	GCA_050745065.1_genomic	ANI95_00619
primary	bac120	NEE60_G_00616	GCA_050745165.1_genomic	ANI95_00621
primary	bac120	NEE60_G_00617	GCA_050745185.1_genomic	ANI95_00622
primary	bac120	NEE60_G_00618	GCA_050745245.1_genomic	ANI95_00623
primary	bac120	NEE60_G_00619	GCA_050745265.1_genomic	ANI95_00624
primary	bac120	NEE60_G_00620	GCA_050745285.1_genomic	ANI95_00625
primary	bac120	NEE60_G_00621	GCA_050745305.1_genomic	ANI95_00626
primary	bac120	NEE60_G_00622	GCA_050745325.1_genomic	ANI95_00627
primary	bac120	NEE60_G_00623	GCA_050745345.1_genomic	ANI95_00628
primary	bac120	NEE60_G_00624	GCA_050745365.1_genomic	ANI95_00629
primary	bac120	NEE60_G_00625	GCA_050745385.1_genomic	ANI95_00630
primary	bac120	NEE60_G_00626	GCA_050745425.1_genomic	ANI95_00631
primary	bac120	NEE60_G_00627	GCA_050745445.1_genomic	ANI95_00632
primary	bac120	NEE60_G_00628	GCA_050745465.1_genomic	ANI95_00633
primary	bac120	NEE60_G_00629	GCA_050745505.1_genomic	ANI95_00635
primary	bac120	NEE60_G_00630	GCA_050745525.1_genomic	ANI95_00636
primary	bac120	NEE60_G_00631	GCA_050745565.1_genomic	ANI95_00637
primary	bac120	NEE60_G_00632	GCA_050745605.1_genomic	ANI95_00638
primary	bac120	NEE60_G_00633	GCA_050745625.1_genomic	ANI95_00639
primary	bac120	NEE60_G_00634	GCA_050745645.1_genomic	ANI95_00620
primary	bac120	NEE60_G_00635	GCA_050745665.1_genomic	ANI95_00640
primary	bac120	NEE60_G_00636	GCA_050745705.1_genomic	ANI95_00641
primary	bac120	NEE60_G_00637	GCA_050745725.1_genomic	ANI95_00642
primary	bac120	NEE60_G_00638	GCA_050745765.1_genomic	ANI95_00643
primary	bac120	NEE60_G_00639	GCA_050745825.1_genomic	ANI95_00644
primary	bac120	NEE60_G_00640	GCA_050745845.1_genomic	ANI95_00645
primary	bac120	NEE60_G_00641	GCA_050745865.1_genomic	ANI95_00646
primary	bac120	NEE60_G_00642	GCA_050745885.1_genomic	ANI95_00647
primary	bac120	NEE60_G_00643	GCA_050745905.1_genomic	ANI95_00648
primary	bac120	NEE60_G_00644	GCA_050745945.1_genomic	ANI95_00649
primary	bac120	NEE60_G_00645	GCA_050745965.1_genomic	ANI95_00650
primary	bac120	NEE60_G_00646	GCA_050745985.1_genomic	ANI95_00651
primary	bac120	NEE60_G_00647	GCA_050746005.1_genomic	ANI95_00652
primary	bac120	NEE60_G_00648	GCA_050746025.1_genomic	ANI95_00653
primary	bac120	NEE60_G_00649	GCA_050746085.1_genomic	ANI95_00654
primary	bac120	NEE60_G_00650	GCA_050746105.1_genomic	ANI95_00655
primary	bac120	NEE60_G_00651	GCA_050746125.1_genomic	ANI95_00656
primary	bac120	NEE60_G_00652	GCA_050746145.1_genomic	ANI95_00634
primary	bac120	NEE60_G_00653	GCA_050746165.1_genomic	ANI95_00657
primary	bac120	NEE60_G_00654	GCA_050746185.1_genomic	ANI95_00658
primary	bac120	NEE60_G_00655	GCA_050746205.1_genomic	ANI95_00659
primary	bac120	NEE60_G_00656	GCA_050746245.1_genomic	ANI95_00660
primary	bac120	NEE60_G_00657	GCA_050746265.1_genomic	ANI95_00661
primary	bac120	NEE60_G_00658	GCA_050746305.1_genomic	ANI95_00662
primary	bac120	NEE60_G_00659	GCA_050746325.1_genomic	ANI95_00663
primary	bac120	NEE60_G_00660	GCA_050746345.1_genomic	ANI95_00664
primary	bac120	NEE60_G_00661	GCA_050746365.1_genomic	ANI95_00665
primary	bac120	NEE60_G_00662	GCA_050746385.1_genomic	ANI95_00666
primary	bac120	NEE60_G_00663	GCA_050746405.1_genomic	ANI95_00667
primary	bac120	NEE60_G_00664	GCA_050746425.1_genomic	ANI95_00668
primary	bac120	NEE60_G_00665	GCA_050746465.1_genomic	ANI95_00669
primary	bac120	NEE60_G_00666	GCA_050746505.1_genomic	ANI95_00670
primary	bac120	NEE60_G_00667	GCA_050746525.1_genomic	ANI95_00671
primary	bac120	NEE60_G_00668	GCA_050746565.1_genomic	ANI95_00672
primary	bac120	NEE60_G_00669	GCA_050746605.1_genomic	ANI95_00673
primary	bac120	NEE60_G_00670	GCA_050746625.1_genomic	ANI95_00674
primary	bac120	NEE60_G_00671	GCA_050746665.1_genomic	ANI95_00675
primary	bac120	NEE60_G_00672	GCA_050746705.1_genomic	ANI95_00676
primary	bac120	NEE60_G_00673	GCA_050746725.1_genomic	ANI95_00677
primary	bac120	NEE60_G_00674	GCA_050746745.1_genomic	ANI95_00678
primary	bac120	NEE60_G_00675	GCA_050746765.1_genomic	ANI95_00679
primary	bac120	NEE60_G_00676	GCA_050746805.1_genomic	ANI95_00680
primary	bac120	NEE60_G_00677	GCA_050746865.1_genomic	ANI95_00681
primary	bac120	NEE60_G_00678	GCA_050746885.1_genomic	ANI95_00682
primary	bac120	NEE60_G_00679	GCA_050746905.1_genomic	ANI95_00683
primary	bac120	NEE60_G_00680	GCA_050746925.1_genomic	ANI95_00684
primary	bac120	NEE60_G_00681	GCA_050746945.1_genomic	ANI95_00685
primary	bac120	NEE60_G_00682	GCA_050746965.1_genomic	ANI95_00686
primary	bac120	NEE60_G_00683	GCA_050747005.1_genomic	ANI95_00687
primary	bac120	NEE60_G_00684	GCA_050747045.1_genomic	ANI95_00688
primary	bac120	NEE60_G_00685	GCA_050747085.1_genomic	ANI95_00689
primary	bac120	NEE60_G_00686	GCA_050747105.1_genomic	ANI95_00690
primary	bac120	NEE60_G_00687	GCA_050747145.1_genomic	ANI95_00691
primary	bac120	NEE60_G_00688	GCA_050747165.1_genomic	ANI95_00692
primary	bac120	NEE60_G_00689	GCA_050747205.1_genomic	ANI95_00693
primary	bac120	NEE60_G_00690	GCA_050747225.1_genomic	ANI95_00694
primary	bac120	NEE60_G_00691	GCA_050747245.1_genomic	ANI95_00695
primary	bac120	NEE60_G_00692	GCA_050747265.1_genomic	ANI95_00696
primary	bac120	NEE60_G_00693	GCA_050747285.1_genomic	ANI95_00697
primary	bac120	NEE60_G_00694	GCA_050747385.1_genomic	ANI95_00698
primary	bac120	NEE60_G_00695	GCA_050747605.1_genomic	ANI95_00699
primary	bac120	NEE60_G_00696	GCA_050747645.1_genomic	ANI95_00700
primary	bac120	NEE60_G_00697	GCA_050747685.1_genomic	ANI95_00701
primary	bac120	NEE60_G_00698	GCA_050747745.1_genomic	ANI95_00702
primary	bac120	NEE60_G_00699	GCA_050747765.1_genomic	ANI95_00703
primary	bac120	NEE60_G_00700	GCA_050747805.1_genomic	ANI95_00704
primary	bac120	NEE60_G_00701	GCA_050747885.1_genomic	ANI95_00705
primary	bac120	NEE60_G_00702	GCA_050747905.1_genomic	ANI95_00706
primary	bac120	NEE60_G_00703	GCA_050747965.1_genomic	ANI95_00707
primary	bac120	NEE60_G_00704	GCA_050747985.1_genomic	ANI95_00708
primary	bac120	NEE60_G_00705	GCA_050748005.1_genomic	ANI95_00709
primary	bac120	NEE60_G_00706	GCA_050748025.1_genomic	ANI95_00710
primary	bac120	NEE60_G_00708	GCA_050748165.1_genomic	ANI95_00712
primary	bac120	NEE60_G_00709	GCA_050748205.1_genomic	ANI95_00713
primary	bac120	NEE60_G_00710	GCA_050748245.1_genomic	ANI95_00714
primary	bac120	NEE60_G_00711	GCA_050748285.1_genomic	ANI95_00715
primary	bac120	NEE60_G_00713	GCA_050748365.1_genomic	ANI95_00717
primary	bac120	NEE60_G_00737	GCA_050921755.1_genomic	ANI95_00742
primary	bac120	NEE60_G_00738	GCA_050921775.1_genomic	ANI95_00743
primary	bac120	NEE60_G_00740	MAG01	ANI95_00744
primary	bac120	NEE60_G_00741	MAG02	ANI95_00745
primary	bac120	NEE60_G_00742	MAG03	ANI95_00746
primary	bac120	NEE60_G_00743	MAG04	ANI95_00747
primary	bac120	NEE60_G_00744	MAG05	ANI95_00748
primary	bac120	NEE60_G_00745	MAG06	ANI95_00749
primary	bac120	NEE60_G_00746	MAG07	ANI95_00750
primary	bac120	NEE60_G_00747	MAG08	ANI95_00751
primary	bac120	NEE60_G_00748	MAG09	ANI95_00752
primary	bac120	NEE60_G_00749	MAG10	ANI95_00753
primary	bac120	NEE60_G_00750	MAG11	ANI95_00754
primary	bac120	NEE60_G_00751	MAG12	ANI95_00755
primary	bac120	NEE60_G_00752	MAG13	ANI95_00756
primary	bac120	NEE60_G_00753	MAG14	ANI95_00757
primary	bac120	NEE60_G_00754	MAG15	ANI95_00758
primary	bac120	NEE60_G_00755	MAG16	ANI95_00759
primary	bac120	NEE60_G_00756	MAG17	ANI95_00760
primary	bac120	NEE60_G_00757	MAG18	ANI95_00761
primary	bac120	NEE60_G_00758	MAG19	ANI95_00762
primary	bac120	NEE60_G_00759	MAG20	ANI95_00763
primary	bac120	NEE60_G_00760	MAG21	ANI95_00764
primary	bac120	NEE60_G_00761	MAG22	ANI95_00765
primary	bac120	NEE60_G_00762	MAG23	ANI95_00766
primary	bac120	NEE60_G_00763	MAG24	ANI95_00767
primary	bac120	NEE60_G_00764	MAG25	ANI95_00768
primary	bac120	NEE60_G_00765	MAG26	ANI95_00769
primary	bac120	NEE60_G_00766	MAG27	ANI95_00770
primary	bac120	NEE60_G_00767	MAG28	ANI95_00771
primary	bac120	NEE60_G_00768	MAG29	ANI95_00772
primary	bac120	NEE60_G_00769	MAG30	ANI95_00773
primary	bac120	NEE60_G_00770	MAG31	ANI95_00774
primary	bac120	NEE60_G_00771	MAG32	ANI95_00775
primary	bac120	NEE60_G_00772	MAG33	ANI95_00776
primary	bac120	NEE60_G_00773	MAG34	ANI95_00777
primary	bac120	NEE60_G_00774	MAG35	ANI95_00778
primary	bac120	NEE60_G_00775	MAG36	ANI95_00779
primary	bac120	NEE60_G_00776	MAG37	ANI95_00780
primary	bac120	NEE60_G_00777	MAG38	ANI95_00781
primary	bac120	NEE60_G_00778	MAG39	ANI95_00782
primary	bac120	NEE60_G_00779	MAG40	ANI95_00783
primary	bac120	NEE60_G_00780	MAG41	ANI95_00784
primary	bac120	NEE60_G_00781	MAG42	ANI95_00785
primary	bac120	NEE60_G_00782	MAG43	ANI95_00786
primary	bac120	NEE60_G_00783	MAG44	ANI95_00787
primary	bac120	NEE60_G_00784	MAG45	ANI95_00788
primary	bac120	NEE60_G_00785	MAG46	ANI95_00789
primary	bac120	NEE60_G_00786	MAG47	ANI95_00790
primary	bac120	NEE60_G_00787	MAG48	ANI95_00791
primary	bac120	NEE60_G_00788	MAG49	ANI95_00792
primary	bac120	NEE60_G_00789	MAG50	ANI95_00793
primary	bac120	NEE60_G_00790	MAG51	ANI95_00794
primary	bac120	NEE60_G_00791	MAG52	ANI95_00795
primary	bac120	NEE60_G_00792	MAG53	ANI95_00796
primary	bac120	NEE60_G_00793	MAG54	ANI95_00797
primary	bac120	NEE60_G_00794	MAG55	ANI95_00798
primary	bac120	NEE60_G_00795	MAG56	ANI95_00799
primary	bac120	NEE60_G_00796	MAG57	ANI95_00800
primary	bac120	NEE60_G_00797	MAG58	ANI95_00801
primary	bac120	NEE60_G_00798	MAG59	ANI95_00802
primary	bac120	NEE60_G_00799	MAG60	ANI95_00803
primary	bac120	NEE60_G_00800	MAG61	ANI95_00804
primary	bac120	NEE60_G_00801	MAG62	ANI95_00805
primary	bac120	NEE60_G_00802	MAG63	ANI95_00806
primary	bac120	NEE60_G_00803	MAG64	ANI95_00807
primary	bac120	NEE60_G_00804	MAG65	ANI95_00808
primary	bac120	NEE60_G_00805	MAG66	ANI95_00809
primary	bac120	NEE60_G_00806	MAG67	ANI95_00810
primary	bac120	NEE60_G_00807	MAG68	ANI95_00811
primary	bac120	NEE60_G_00808	MAG69	ANI95_00812
primary	bac120	NEE60_G_00809	MAG70	ANI95_00813
primary	bac120	NEE60_G_00810	MAG71	ANI95_00814
primary	bac120	NEE60_G_00811	MAG72	ANI95_00815
primary	bac120	NEE60_G_00825	NEE56_danakil__GCA_042215845.1	ANI95_00829
primary	bac120	NEE60_G_00882	NEE56_danakil__GCA_042218035.1	ANI95_00887
primary	bac120	NEE60_G_00883	NEE56_danakil__GCA_042218065.1	ANI95_00888
primary	bac120	NEE60_G_00885	NEE56_danakil__GCA_042218115.1	ANI95_00890
primary	bac120	NEE60_G_00890	NEE56_danakil__GCA_042218355.1	ANI95_00894
primary	bac120	NEE60_G_00896	NEE56_danakil__GCA_042218715.1	ANI95_00900
primary	bac120	NEE60_G_00897	NEE56_danakil__GCA_042218725.1	ANI95_00901
primary	bac120	NEE60_G_00898	NEE56_danakil__GCA_042218975.1	ANI95_00902
primary	bac120	NEE60_G_00899	NEE56_danakil__GCA_042219045.1	ANI95_00903
primary	bac120	NEE60_G_00900	NEE56_danakil__GCA_042219055.1	ANI95_00904
primary	bac120	NEE60_G_00901	NEE56_danakil__GCA_042219065.1	ANI95_00905
primary	bac120	NEE60_G_00908	NEE56_danakil__GCA_042219385.1	ANI95_00912
primary	bac120	NEE60_G_00914	NEE56_danakil__GCA_042219575.1	ANI95_00918
primary	bac120	NEE60_G_00918	NEE56_danakil__GCA_042219695.1	ANI95_00922
primary	bac120	NEE60_G_00920	NEE56_danakil__GCA_042219765.1	ANI95_00924
primary	bac120	NEE60_G_00921	NEE56_danakil__GCA_042219785.1	ANI95_00925
primary	bac120	NEE60_G_00924	NEE56_danakil__GCF_042218895.1	ANI95_00928
primary	bac120	NEE60_G_00925	NEE56_mackay__GCA_013694485.1	ANI95_00929
primary	bac120	NEE60_G_00926	NEE56_mackay__GCA_013694495.1	ANI95_00930
primary	bac120	NEE60_G_00927	NEE56_mackay__GCA_013694505.1	ANI95_00931
primary	bac120	NEE60_G_00928	NEE56_mackay__GCA_013694535.1	ANI95_00932
primary	bac120	NEE60_G_00930	NEE56_mackay__GCA_013694595.1	ANI95_00935
primary	bac120	NEE60_G_00931	NEE56_mackay__GCA_013694625.1	ANI95_00936
primary	bac120	NEE60_G_00932	NEE56_mackay__GCA_013694635.1	ANI95_00937
primary	bac120	NEE60_G_00933	NEE56_mackay__GCA_013694645.1	ANI95_00938
primary	bac120	NEE60_G_00934	NEE56_mackay__GCA_013694685.1	ANI95_00939
primary	bac120	NEE60_G_00935	NEE56_mackay__GCA_013694695.1	ANI95_00940
primary	bac120	NEE60_G_00936	NEE56_mackay__GCA_013694705.1	ANI95_00941
primary	bac120	NEE60_G_00937	NEE56_mackay__GCA_013694735.1	ANI95_00942
primary	bac120	NEE60_G_00938	NEE56_mackay__GCA_013694745.1	ANI95_00943
primary	bac120	NEE60_G_00939	NEE56_mackay__GCA_013694785.1	ANI95_00944
primary	bac120	NEE60_G_00940	NEE56_mackay__GCA_013694795.1	ANI95_00945
primary	bac120	NEE60_G_00941	NEE56_mackay__GCA_013694825.1	ANI95_00946
primary	bac120	NEE60_G_00942	NEE56_mackay__GCA_013694835.1	ANI95_00947
primary	bac120	NEE60_G_00943	NEE56_mackay__GCA_013694845.1	ANI95_00948
primary	bac120	NEE60_G_00944	NEE56_mackay__GCA_013694885.1	ANI95_00949
primary	bac120	NEE60_G_00945	NEE56_mackay__GCA_013694895.1	ANI95_00950
primary	bac120	NEE60_G_00946	NEE56_mackay__GCA_013694915.1	ANI95_00951
primary	bac120	NEE60_G_00947	NEE56_mackay__GCA_013694935.1	ANI95_00952
primary	bac120	NEE60_G_00948	NEE56_mackay__GCA_013694945.1	ANI95_00953
primary	bac120	NEE60_G_00949	NEE56_mackay__GCA_013694995.1	ANI95_00954
primary	bac120	NEE60_G_00950	NEE56_mackay__GCA_013695005.1	ANI95_00955
primary	bac120	NEE60_G_00951	NEE56_mackay__GCA_013695045.1	ANI95_00956
primary	bac120	NEE60_G_00952	NEE56_mackay__GCA_013695055.1	ANI95_00957
primary	bac120	NEE60_G_00953	NEE56_mackay__GCA_013695075.1	ANI95_00958
primary	bac120	NEE60_G_00954	NEE56_mackay__GCA_013695095.1	ANI95_00959
primary	bac120	NEE60_G_00955	NEE56_mackay__GCA_013695115.1	ANI95_00960
primary	bac120	NEE60_G_00956	NEE56_mackay__GCA_013695145.1	ANI95_00961
primary	bac120	NEE60_G_00958	NEE56_mackay__GCA_013695205.1	ANI95_00964
primary	bac120	NEE60_G_00959	NEE56_mackay__GCA_013695245.1	ANI95_00965
primary	bac120	NEE60_G_00960	NEE56_mackay__GCA_013695255.1	ANI95_00966
primary	bac120	NEE60_G_00961	NEE56_mackay__GCA_013695265.1	ANI95_00967
primary	bac120	NEE60_G_00962	NEE56_mackay__GCA_013695295.1	ANI95_00968
primary	bac120	NEE60_G_00963	NEE56_mackay__GCA_013695315.1	ANI95_00969
primary	bac120	NEE60_G_00964	NEE56_mackay__GCA_013695335.1	ANI95_00970
primary	bac120	NEE60_G_00965	NEE56_mackay__GCA_013695355.1	ANI95_00971
primary	bac120	NEE60_G_00966	NEE56_mackay__GCA_013695385.1	ANI95_00972
primary	bac120	NEE60_G_00967	NEE56_mackay__GCA_013695395.1	ANI95_00973
primary	bac120	NEE60_G_00968	NEE56_mackay__GCA_013695405.1	ANI95_00974
primary	bac120	NEE60_G_00969	NEE56_mackay__GCA_013695435.1	ANI95_00975
primary	bac120	NEE60_G_00970	NEE56_mackay__GCA_013695495.1	ANI95_00978
primary	bac120	NEE60_G_00971	NEE56_mackay__GCA_013695505.1	ANI95_00979
primary	bac120	NEE60_G_00972	NEE56_mackay__GCA_013695535.1	ANI95_00980
primary	bac120	NEE60_G_00973	NEE56_mackay__GCA_013695565.1	ANI95_00981
primary	bac120	NEE60_G_00974	NEE56_mackay__GCA_013695595.1	ANI95_00983
primary	bac120	NEE60_G_00975	NEE56_mackay__GCA_013695615.1	ANI95_00985
primary	bac120	NEE60_G_00976	NEE56_mackay__GCA_013695665.1	ANI95_00986
primary	bac120	NEE60_G_00977	NEE56_mackay__GCA_013695675.1	ANI95_00987
primary	bac120	NEE60_G_00978	NEE56_mackay__GCA_013695685.1	ANI95_00988
primary	bac120	NEE60_G_00979	NEE56_mackay__GCA_013695715.1	ANI95_00990
primary	bac120	NEE60_G_00980	NEE56_mackay__GCA_013695765.1	ANI95_00991
primary	bac120	NEE60_G_00981	NEE56_mackay__GCA_013695775.1	ANI95_00992
primary	bac120	NEE60_G_00982	NEE56_mackay__GCA_013695785.1	ANI95_00993
primary	bac120	NEE60_G_00983	NEE56_mackay__GCA_013695835.1	ANI95_00995
primary	bac120	NEE60_G_00984	NEE56_mackay__GCA_013695855.1	ANI95_00996
primary	bac120	NEE60_G_00985	NEE56_mackay__GCA_013695885.1	ANI95_00997
primary	bac120	NEE60_G_00986	NEE56_mackay__GCA_013695905.1	ANI95_00998
primary	bac120	NEE60_G_00987	NEE56_mackay__GCA_013695915.1	ANI95_00999
primary	bac120	NEE60_G_00988	NEE56_mackay__GCA_013695925.1	ANI95_01000
primary	bac120	NEE60_G_00989	NEE56_mackay__GCA_013695965.1	ANI95_01001
primary	bac120	NEE60_G_00990	NEE56_mackay__GCA_013695975.1	ANI95_01002
primary	bac120	NEE60_G_00991	NEE56_mackay__GCA_013696005.1	ANI95_01003
primary	bac120	NEE60_G_00992	NEE56_mackay__GCA_013696045.1	ANI95_01005
primary	bac120	NEE60_G_00993	NEE56_mackay__GCA_013696055.1	ANI95_01006
primary	bac120	NEE60_G_00994	NEE56_mackay__GCA_013696065.1	ANI95_01007
primary	bac120	NEE60_G_00995	NEE56_mackay__GCA_013696105.1	ANI95_01008
primary	bac120	NEE60_G_00996	NEE56_mackay__GCA_013696125.1	ANI95_01009
primary	bac120	NEE60_G_00997	NEE56_mackay__GCA_013696135.1	ANI95_01010
primary	bac120	NEE60_G_00998	NEE56_mackay__GCA_013696165.1	ANI95_01011
primary	bac120	NEE60_G_00999	NEE56_mackay__GCA_013696175.1	ANI95_01012
primary	bac120	NEE60_G_01000	NEE56_mackay__GCA_013696185.1	ANI95_01013
primary	bac120	NEE60_G_01001	NEE56_mackay__GCA_013696225.1	ANI95_01014
primary	bac120	NEE60_G_01002	NEE56_mackay__GCA_013696265.1	ANI95_01016
primary	bac120	NEE60_G_01003	NEE56_mackay__GCA_013696275.1	ANI95_01017
primary	bac120	NEE60_G_01004	NEE56_mackay__GCA_013696305.1	ANI95_01018
primary	bac120	NEE60_G_01005	NEE56_mackay__GCA_013696315.1	ANI95_01019
primary	bac120	NEE60_G_01006	NEE56_mackay__GCA_013696325.1	ANI95_01020
primary	bac120	NEE60_G_01007	NEE56_mackay__GCA_013696365.1	ANI95_01021
primary	bac120	NEE60_G_01008	NEE56_mackay__GCA_013696385.1	ANI95_01022
primary	bac120	NEE60_G_01009	NEE56_mackay__GCA_013696395.1	ANI95_01023
primary	bac120	NEE60_G_01010	NEE56_mackay__GCA_013696425.1	ANI95_01024
primary	bac120	NEE60_G_01011	NEE56_mackay__GCA_013696465.1	ANI95_01026
primary	bac120	NEE60_G_01012	NEE56_mackay__GCA_013696475.1	ANI95_01027
primary	bac120	NEE60_G_01013	NEE56_mackay__GCA_013696495.1	ANI95_01028
primary	bac120	NEE60_G_01014	NEE56_mackay__GCA_013696525.1	ANI95_01029
primary	bac120	NEE60_G_01015	NEE56_mackay__GCA_013696535.1	ANI95_01030
primary	bac120	NEE60_G_01016	NEE56_mackay__GCA_013696555.1	ANI95_01031
primary	bac120	NEE60_G_01017	NEE56_mackay__GCA_013696585.1	ANI95_01032
primary	bac120	NEE60_G_01018	NEE56_mackay__GCA_013696595.1	ANI95_01033
primary	bac120	NEE60_G_01019	NEE56_mackay__GCA_013696625.1	ANI95_01034
primary	bac120	NEE60_G_01020	NEE56_mackay__GCA_013696635.1	ANI95_01035
primary	bac120	NEE60_G_01021	NEE56_mackay__GCA_013696665.1	ANI95_01036
primary	bac120	NEE60_G_01022	NEE56_mackay__GCA_013696675.1	ANI95_01037
primary	bac120	NEE60_G_01023	NEE56_mackay__GCA_013696695.1	ANI95_01038
primary	bac120	NEE60_G_01024	NEE56_mackay__GCA_013696725.1	ANI95_01039
primary	bac120	NEE60_G_01025	NEE56_mackay__GCA_013696745.1	ANI95_01040
primary	bac120	NEE60_G_01026	NEE56_mackay__GCA_013696755.1	ANI95_01041
primary	bac120	NEE60_G_01027	NEE56_mackay__GCA_013696785.1	ANI95_01042
primary	bac120	NEE60_G_01028	NEE56_mackay__GCA_013696805.1	ANI95_01043
primary	bac120	NEE60_G_01029	NEE56_mackay__GCA_013696825.1	ANI95_01044
primary	bac120	NEE60_G_01030	NEE56_mackay__GCA_013696835.1	ANI95_01045
primary	bac120	NEE60_G_01031	NEE56_mackay__GCA_013696865.1	ANI95_01046
primary	bac120	NEE60_G_01032	NEE56_mackay__GCA_013696875.1	ANI95_01047
primary	bac120	NEE60_G_01033	NEE56_mackay__GCA_013696905.1	ANI95_01048
primary	bac120	NEE60_G_01034	NEE56_mackay__GCA_013696915.1	ANI95_01049
primary	bac120	NEE60_G_01035	NEE56_mackay__GCA_013696945.1	ANI95_01050
primary	bac120	NEE60_G_01036	NEE56_mackay__GCA_013696965.1	ANI95_01051
primary	bac120	NEE60_G_01037	NEE56_mackay__GCA_013696975.1	ANI95_01052
primary	bac120	NEE60_G_01038	NEE56_mackay__GCA_013697005.1	ANI95_01053
primary	bac120	NEE60_G_01039	NEE56_mackay__GCA_013697015.1	ANI95_01054
primary	bac120	NEE60_G_01040	NEE56_mackay__GCA_013697045.1	ANI95_01055
primary	bac120	NEE60_G_01041	NEE56_mackay__GCA_013697055.1	ANI95_01056
primary	bac120	NEE60_G_01042	NEE56_mackay__GCA_013697225.1	ANI95_01058
primary	bac120	NEE60_G_01043	NEE56_mackay__GCA_013697245.1	ANI95_01059
primary	bac120	NEE60_G_01044	NEE56_mackay__GCA_013697265.1	ANI95_01060
primary	bac120	NEE60_G_01045	NEE56_mackay__GCA_013697275.1	ANI95_01061
primary	bac120	NEE60_G_01046	NEE56_mackay__GCA_013697295.1	ANI95_01062
primary	bac120	NEE60_G_01047	NEE56_mackay__GCA_013697345.1	ANI95_01064
primary	bac120	NEE60_G_01048	NEE56_mackay__GCA_013697385.1	ANI95_01066
primary	bac120	NEE60_G_01049	NEE56_mackay__GCA_013697395.1	ANI95_01067
primary	bac120	NEE60_G_01050	NEE56_mackay__GCA_013697415.1	ANI95_01068
primary	bac120	NEE60_G_01051	NEE56_mackay__GCA_013697425.1	ANI95_01069
primary	bac120	NEE60_G_01052	NEE56_mackay__GCA_013697465.1	ANI95_01070
primary	bac120	NEE60_G_01053	NEE56_mackay__GCA_013697475.1	ANI95_01071
primary	bac120	NEE60_G_01054	NEE56_mackay__GCA_013697505.1	ANI95_01072
primary	bac120	NEE60_G_01055	NEE56_mackay__GCA_013697515.1	ANI95_01073
primary	bac120	NEE60_G_01056	NEE56_mackay__GCA_013697535.1	ANI95_01074
primary	bac120	NEE60_G_01057	NEE56_mackay__GCA_013697555.1	ANI95_01075
primary	bac120	NEE60_G_01058	NEE56_mackay__GCA_013697585.1	ANI95_01076
primary	bac120	NEE60_G_01059	NEE56_mackay__GCA_013697605.1	ANI95_01077
primary	bac120	NEE60_G_01060	NEE56_mackay__GCA_013697625.1	ANI95_01078
primary	bac120	NEE60_G_01061	NEE56_mackay__GCA_013697635.1	ANI95_01079
primary	bac120	NEE60_G_01062	NEE56_mackay__GCA_013697645.1	ANI95_01080
primary	bac120	NEE60_G_01063	NEE56_mackay__GCA_013697655.1	ANI95_01081
primary	bac120	NEE60_G_01064	NEE56_mackay__GCA_013697705.1	ANI95_01082
primary	bac120	NEE60_G_01065	NEE56_mackay__GCA_013697725.1	ANI95_01083
primary	bac120	NEE60_G_01066	NEE56_mackay__GCA_013697735.1	ANI95_01084
primary	bac120	NEE60_G_01067	NEE56_mackay__GCA_013697765.1	ANI95_01085
primary	bac120	NEE60_G_01068	NEE56_mackay__GCA_013697785.1	ANI95_01086
primary	bac120	NEE60_G_01069	NEE56_mackay__GCA_013697825.1	ANI95_01087
primary	bac120	NEE60_G_01070	NEE56_mackay__GCA_013697845.1	ANI95_01088
primary	bac120	NEE60_G_01071	NEE56_mackay__GCA_013697855.1	ANI95_01089
primary	bac120	NEE60_G_01072	NEE56_mackay__GCA_013697865.1	ANI95_01090
primary	bac120	NEE60_G_01073	NEE56_mackay__GCA_013697905.1	ANI95_01091
primary	bac120	NEE60_G_01074	NEE56_mackay__GCA_013697915.1	ANI95_01092
primary	bac120	NEE60_G_01075	NEE56_mackay__GCA_013697955.1	ANI95_01094
primary	bac120	NEE60_G_01076	NEE56_mackay__GCA_013697965.1	ANI95_01095
primary	bac120	NEE60_G_01077	NEE56_mackay__GCA_013698055.1	ANI95_01097
primary	bac120	NEE60_G_01078	NEE56_mackay__GCA_013698085.1	ANI95_01098
primary	bac120	NEE60_G_01079	NEE56_mackay__GCA_013698095.1	ANI95_01099
primary	bac120	NEE60_G_01080	NEE56_mackay__GCA_013698125.1	ANI95_01100
primary	bac120	NEE60_G_01081	NEE56_mackay__GCA_013698135.1	ANI95_01101
primary	bac120	NEE60_G_01082	NEE56_mackay__GCA_013698165.1	ANI95_01102
primary	bac120	NEE60_G_01083	NEE56_mackay__GCA_013698185.1	ANI95_01103
primary	bac120	NEE60_G_01084	NEE56_mackay__GCA_013698195.1	ANI95_01104
primary	bac120	NEE60_G_01085	NEE56_mackay__GCA_013698225.1	ANI95_01106
primary	bac120	NEE60_G_01086	NEE56_mackay__GCA_013698235.1	ANI95_01107
primary	bac120	NEE60_G_01087	NEE56_mackay__GCA_013698285.1	ANI95_01108
primary	bac120	NEE60_G_01088	NEE56_mackay__GCA_013698295.1	ANI95_01109
primary	bac120	NEE60_G_01089	NEE56_mackay__GCA_013698335.1	ANI95_01111
primary	bac120	NEE60_G_01090	NEE56_mackay__GCA_013698355.1	ANI95_01112
primary	bac120	NEE60_G_01091	NEE56_mackay__GCA_013698385.1	ANI95_01113
primary	bac120	NEE60_G_01092	NEE56_mackay__GCA_013698395.1	ANI95_01114
primary	bac120	NEE60_G_01093	NEE56_mackay__GCA_013698425.1	ANI95_01115
primary	bac120	NEE60_G_01094	NEE56_mackay__GCA_013698435.1	ANI95_01116
primary	bac120	NEE60_G_01095	NEE56_mackay__GCA_013698485.1	ANI95_01118
primary	bac120	NEE60_G_01096	NEE56_mackay__GCA_013698495.1	ANI95_01119
primary	bac120	NEE60_G_01097	NEE56_mackay__GCA_013811665.1	ANI95_01122
primary	bac120	NEE60_G_01098	NEE56_mackay__GCA_013811715.1	ANI95_01123
primary	bac120	NEE60_G_01100	NEE56_mackay__GCA_013811765.1	ANI95_01125
primary	bac120	NEE60_G_01101	NEE56_mackay__GCA_013811775.1	ANI95_01126
primary	bac120	NEE60_G_01102	NEE56_mackay__GCA_013811805.1	ANI95_01127
primary	bac120	NEE60_G_01103	NEE56_mackay__GCA_013811815.1	ANI95_01128
primary	bac120	NEE60_G_01104	NEE56_mackay__GCA_013811855.1	ANI95_01129
primary	bac120	NEE60_G_01105	NEE56_mackay__GCA_013811885.1	ANI95_01130
primary	bac120	NEE60_G_01106	NEE56_mackay__GCA_013811925.1	ANI95_01132
primary	bac120	NEE60_G_01107	NEE56_mackay__GCA_013811945.1	ANI95_01133
primary	bac120	NEE60_G_01108	NEE56_mackay__GCA_013811965.1	ANI95_01134
primary	bac120	NEE60_G_01109	NEE56_mackay__GCA_013811975.1	ANI95_01135
primary	bac120	NEE60_G_01110	NEE56_mackay__GCA_013812005.1	ANI95_01136
primary	bac120	NEE60_G_01111	NEE56_mackay__GCA_013812025.1	ANI95_01137
primary	bac120	NEE60_G_01112	NEE56_mackay__GCA_013812065.1	ANI95_01138
primary	bac120	NEE60_G_01113	NEE56_mackay__GCA_013812085.1	ANI95_01139
primary	bac120	NEE60_G_01114	NEE56_mackay__GCA_013812125.1	ANI95_01141
primary	bac120	NEE60_G_01115	NEE56_mackay__GCA_013812135.1	ANI95_01142
primary	bac120	NEE60_G_01116	NEE56_mackay__GCA_013812145.1	ANI95_01143
primary	bac120	NEE60_G_01117	NEE56_mackay__GCA_013812185.1	ANI95_01144
primary	bac120	NEE60_G_01118	NEE56_mackay__GCA_013812235.1	ANI95_01146
primary	bac120	NEE60_G_01119	NEE56_mackay__GCA_013812245.1	ANI95_01147
primary	bac120	NEE60_G_01120	NEE56_mackay__GCA_013812255.1	ANI95_01148
primary	bac120	NEE60_G_01121	NEE56_mackay__GCA_013812265.1	ANI95_01149
primary	bac120	NEE60_G_01122	NEE56_mackay__GCA_013812345.1	ANI95_01151
primary	bac120	NEE60_G_01123	NEE56_mackay__GCA_013812365.1	ANI95_01152
primary	bac120	NEE60_G_01124	NEE56_mackay__GCA_013812375.1	ANI95_01153
primary	bac120	NEE60_G_01125	NEE56_mackay__GCA_013812465.1	ANI95_01156
primary	bac120	NEE60_G_01126	NEE56_mackay__GCA_013812485.1	ANI95_01157
primary	bac120	NEE60_G_01127	NEE56_mackay__GCA_013812505.1	ANI95_00078
primary	bac120	NEE60_G_01128	NEE56_mackay__GCA_013812515.1	ANI95_01158
primary	bac120	NEE60_G_01129	NEE56_mackay__GCA_013812525.1	ANI95_01159
primary	bac120	NEE60_G_01130	NEE56_mackay__GCA_013812565.1	ANI95_01160
primary	bac120	NEE60_G_01131	NEE56_mackay__GCA_013812605.1	ANI95_01161
primary	bac120	NEE60_G_01132	NEE56_mackay__GCA_013812615.1	ANI95_01162
primary	bac120	NEE60_G_01133	NEE56_mackay__GCA_013812655.1	ANI95_01164
primary	bac120	NEE60_G_01134	NEE56_mackay__GCA_013812685.1	ANI95_01165
primary	bac120	NEE60_G_01135	NEE56_mackay__GCA_013812695.1	ANI95_01166
primary	bac120	NEE60_G_01136	NEE56_mackay__GCA_013812705.1	ANI95_01167
primary	bac120	NEE60_G_01137	NEE56_mackay__GCA_013812765.1	ANI95_01168
primary	bac120	NEE60_G_01138	NEE56_mackay__GCA_013812775.1	ANI95_01169
primary	bac120	NEE60_G_01139	NEE56_mackay__GCA_013812815.1	ANI95_01171
primary	bac120	NEE60_G_01140	NEE56_mackay__GCA_013812865.1	ANI95_01172
primary	bac120	NEE60_G_01141	NEE56_mackay__GCA_013812895.1	ANI95_01173
primary	bac120	NEE60_G_01142	NEE56_mackay__GCA_013812905.1	ANI95_01174
primary	bac120	NEE60_G_01143	NEE56_mackay__GCA_013812945.1	ANI95_01175
primary	bac120	NEE60_G_01144	NEE56_mackay__GCA_013812995.1	ANI95_01177
primary	bac120	NEE60_G_01145	NEE56_mackay__GCA_013813005.1	ANI95_01178
primary	bac120	NEE60_G_01146	NEE56_mackay__GCA_013813065.1	ANI95_01179
primary	bac120	NEE60_G_01147	NEE56_mackay__GCA_013813075.1	ANI95_01180
primary	bac120	NEE60_G_01148	NEE56_mackay__GCA_013813105.1	ANI95_01181
primary	bac120	NEE60_G_01149	NEE56_mackay__GCA_013813125.1	ANI95_01182
primary	bac120	NEE60_G_01150	NEE56_mackay__GCA_013813135.1	ANI95_01183
primary	bac120	NEE60_G_01151	NEE56_mackay__GCA_013813145.1	ANI95_01184
primary	bac120	NEE60_G_01152	NEE56_mackay__GCA_013813215.1	ANI95_01186
primary	bac120	NEE60_G_01153	NEE56_mackay__GCA_013813245.1	ANI95_01187
primary	bac120	NEE60_G_01154	NEE56_mackay__GCA_013813255.1	ANI95_01188
primary	bac120	NEE60_G_01155	NEE56_mackay__GCA_013813265.1	ANI95_01189
primary	bac120	NEE60_G_01156	NEE56_mackay__GCA_013813275.1	ANI95_01190
primary	bac120	NEE60_G_01157	NEE56_mackay__GCA_013813325.1	ANI95_01191
primary	bac120	NEE60_G_01158	NEE56_mackay__GCA_013813345.1	ANI95_01192
primary	bac120	NEE60_G_01159	NEE56_mackay__GCA_013813355.1	ANI95_01193
primary	bac120	NEE60_G_01160	NEE56_mackay__GCA_013813375.1	ANI95_01194
primary	bac120	NEE60_G_01161	NEE56_mackay__GCA_013813385.1	ANI95_01195
primary	bac120	NEE60_G_01162	NEE56_mackay__GCA_013813435.1	ANI95_01196
primary	bac120	NEE60_G_01163	NEE56_mackay__GCA_013813465.1	ANI95_01197
primary	bac120	NEE60_G_01164	NEE56_mackay__GCA_013813475.1	ANI95_01198
primary	bac120	NEE60_G_01165	NEE56_mackay__GCA_013813495.1	ANI95_01199
primary	bac120	NEE60_G_01166	NEE56_mackay__GCA_013813565.1	ANI95_01200
primary	bac120	NEE60_G_01167	NEE56_mackay__GCA_013813605.1	ANI95_01201
primary	bac120	NEE60_G_01168	NEE56_mackay__GCA_013813615.1	ANI95_01202
primary	bac120	NEE60_G_01169	NEE56_mackay__GCA_013813625.1	ANI95_01203
primary	bac120	NEE60_G_01170	NEE56_mackay__GCA_013813655.1	ANI95_01204
primary	bac120	NEE60_G_01171	NEE56_mackay__GCA_013813675.1	ANI95_01205
primary	bac120	NEE60_G_01172	NEE56_mackay__GCA_013813705.1	ANI95_01206
primary	bac120	NEE60_G_01173	NEE56_mackay__GCA_013813715.1	ANI95_01207
primary	bac120	NEE60_G_01174	NEE56_mackay__GCA_013813755.1	ANI95_01208
primary	bac120	NEE60_G_01175	NEE56_mackay__GCA_013813765.1	ANI95_01209
primary	bac120	NEE60_G_01176	NEE56_mackay__GCA_013813825.1	ANI95_01211
primary	bac120	NEE60_G_01177	NEE56_mackay__GCA_013813835.1	ANI95_01212
primary	bac120	NEE60_G_01178	NEE56_mackay__GCA_013813865.1	ANI95_01213
primary	bac120	NEE60_G_01179	NEE56_mackay__GCA_013813875.1	ANI95_01214
primary	bac120	NEE60_G_01180	NEE56_mackay__GCA_013813945.1	ANI95_01216
primary	bac120	NEE60_G_01181	NEE56_mackay__GCA_013813955.1	ANI95_01217
primary	bac120	NEE60_G_01182	NEE56_mackay__GCA_013813985.1	ANI95_01218
primary	bac120	NEE60_G_01183	NEE56_mackay__GCA_013813995.1	ANI95_01219
primary	bac120	NEE60_G_01184	NEE56_mackay__GCA_013814015.1	ANI95_01220
primary	bac120	NEE60_G_01185	NEE56_mackay__GCA_013814045.1	ANI95_01221
primary	bac120	NEE60_G_01186	NEE56_mackay__GCA_013815325.1	ANI95_01222
primary	bac120	NEE60_G_01187	NEE56_mackay__GCA_013815345.1	ANI95_01223
primary	bac120	NEE60_G_01188	NEE56_mackay__GCA_013815355.1	ANI95_01224
primary	bac120	NEE60_G_01189	NEE56_mackay__GCA_013815385.1	ANI95_01225
primary	bac120	NEE60_G_01190	NEE56_mackay__GCA_013815395.1	ANI95_01226
primary	bac120	NEE60_G_01191	NEE56_mackay__GCA_013815405.1	ANI95_01227
primary	bac120	NEE60_G_01192	NEE56_mackay__GCA_013815465.1	ANI95_01228
primary	bac120	NEE60_G_01193	NEE56_mackay__GCA_013815535.1	ANI95_01230
primary	bac120	NEE60_G_01194	NEE56_mackay__GCA_013815575.1	ANI95_01025
primary	bac120	NEE60_G_01195	NEE56_mackay__GCA_013815585.1	ANI95_01231
primary	bac120	NEE60_G_01196	NEE56_mackay__GCA_013815635.1	ANI95_01232
primary	bac120	NEE60_G_01197	NEE56_mackay__GCA_013815665.1	ANI95_01233
primary	bac120	NEE60_G_01198	NEE56_mackay__GCA_013815675.1	ANI95_01234
primary	bac120	NEE60_G_01199	NEE56_mackay__GCA_013815685.1	ANI95_01235
primary	bac120	NEE60_G_01200	NEE56_mackay__GCA_013815715.1	ANI95_01236
primary	bac120	NEE60_G_01201	NEE56_mackay__GCA_013815725.1	ANI95_01237
primary	bac120	NEE60_G_01202	NEE56_mackay__GCA_013815765.1	ANI95_01238
primary	bac120	NEE60_G_01203	NEE56_mackay__GCA_013815775.1	ANI95_01239
primary	bac120	NEE60_G_01204	NEE56_mackay__GCA_013815785.1	ANI95_01240
primary	bac120	NEE60_G_01205	NEE56_mackay__GCA_013815795.1	ANI95_01241
primary	bac120	NEE60_G_01207	NEE56_mackay__GCA_013815915.1	ANI95_01244
primary	bac120	NEE60_G_01208	NEE56_mackay__GCA_013815965.1	ANI95_01245
primary	bac120	NEE60_G_01209	NEE56_mackay__GCA_013815985.1	ANI95_01246
primary	bac120	NEE60_G_01210	NEE56_mackay__GCA_013816005.1	ANI95_01247
primary	bac120	NEE60_G_01211	NEE56_mackay__GCA_013816105.1	ANI95_01248
primary	bac120	NEE60_G_01212	NEE56_mackay__GCA_013816115.1	ANI95_01249
primary	bac120	NEE60_G_01213	NEE56_mackay__GCA_013816125.1	ANI95_01250
primary	bac120	NEE60_G_01214	NEE56_mackay__GCA_013816135.1	ANI95_01251
primary	bac120	NEE60_G_01215	NEE56_mackay__GCA_013816185.1	ANI95_01252
primary	bac120	NEE60_G_01216	NEE56_mackay__GCA_013816225.1	ANI95_01253
primary	bac120	NEE60_G_01217	NEE56_mackay__GCA_013816245.1	ANI95_01254
primary	bac120	NEE60_G_01218	NEE56_mackay__GCA_013816255.1	ANI95_01255
primary	bac120	NEE60_G_01219	NEE56_mackay__GCA_013816265.1	ANI95_01256
primary	bac120	NEE60_G_01220	NEE56_mackay__GCA_013816275.1	ANI95_01257
primary	bac120	NEE60_G_01221	NEE56_mackay__GCA_013816325.1	ANI95_01258
primary	bac120	NEE60_G_01222	NEE56_mackay__GCA_013816365.1	ANI95_01259
primary	bac120	NEE60_G_01223	NEE56_mackay__GCA_013816375.1	ANI95_01260
primary	bac120	NEE60_G_01224	NEE56_mackay__GCA_013816405.1	ANI95_01261
primary	bac120	NEE60_G_01225	NEE56_mackay__GCA_013816415.1	ANI95_01262
primary	bac120	NEE60_G_01226	NEE56_mackay__GCA_013816445.1	ANI95_01263
primary	bac120	NEE60_G_01227	NEE56_mackay__GCA_013816485.1	ANI95_01264
primary	bac120	NEE60_G_01228	NEE56_mackay__GCA_013816505.1	ANI95_01265
primary	bac120	NEE60_G_01229	NEE56_mackay__GCA_013816525.1	ANI95_01266
primary	bac120	NEE60_G_01230	NEE56_mackay__GCA_013816565.1	ANI95_01267
primary	bac120	NEE60_G_01231	NEE56_mackay__GCA_013816585.1	ANI95_01268
primary	bac120	NEE60_G_01232	NEE56_mackay__GCA_013816595.1	ANI95_01269
primary	bac120	NEE60_G_01233	NEE56_mackay__GCA_013816615.1	ANI95_01270
primary	bac120	NEE60_G_01234	NEE56_mackay__GCA_013816645.1	ANI95_01271
primary	bac120	NEE60_G_01235	NEE56_mackay__GCA_013816685.1	ANI95_01272
primary	bac120	NEE60_G_01236	NEE56_mackay__GCA_013816695.1	ANI95_01273
primary	bac120	NEE60_G_01237	NEE56_mackay__GCA_013816705.1	ANI95_01274
primary	bac120	NEE60_G_01238	NEE56_mackay__GCA_013816725.1	ANI95_01275
primary	bac120	NEE60_G_01239	NEE56_mackay__GCA_013816765.1	ANI95_01276
primary	bac120	NEE60_G_01240	NEE56_mackay__GCA_013816805.1	ANI95_01277
primary	bac120	NEE60_G_01241	NEE56_mackay__GCA_013816845.1	ANI95_01278
primary	bac120	NEE60_G_01242	NEE56_mackay__GCA_013816855.1	ANI95_01279
primary	bac120	NEE60_G_01243	NEE56_mackay__GCA_013816885.1	ANI95_01140
primary	bac120	NEE60_G_01244	NEE56_mackay__GCA_013816895.1	ANI95_01280
primary	bac120	NEE60_G_01245	NEE56_mackay__GCA_013816925.1	ANI95_01281
primary	bac120	NEE60_G_01246	NEE56_mackay__GCA_013816965.1	ANI95_01282
primary	bac120	NEE60_G_01247	NEE56_mackay__GCA_013817005.1	ANI95_01283
primary	bac120	NEE60_G_01248	NEE56_mackay__GCA_013817025.1	ANI95_01284
primary	bac120	NEE60_G_01249	NEE56_mackay__GCA_013817085.1	ANI95_01287
primary	bac120	NEE60_G_01250	NEE56_mackay__GCA_013817115.1	ANI95_01288
primary	bac120	NEE60_G_01251	NEE56_mackay__GCA_013817125.1	ANI95_01289
primary	bac120	NEE60_G_01252	NEE56_mackay__GCA_013817135.1	ANI95_01290
primary	bac120	NEE60_G_01253	NEE56_mackay__GCA_013817245.1	ANI95_01292
primary	bac120	NEE60_G_01254	NEE56_mackay__GCA_013817305.1	ANI95_01294
primary	bac120	NEE60_G_01255	NEE56_mackay__GCA_013817355.1	ANI95_01295
primary	bac120	NEE60_G_01256	NEE56_mackay__GCA_013817375.1	ANI95_01296
primary	bac120	NEE60_G_01257	NEE56_mackay__GCA_013817425.1	ANI95_01297
primary	bac120	NEE60_G_01258	NEE56_mackay__GCA_013817435.1	ANI95_01298
primary	bac120	NEE60_G_01259	NEE56_mackay__GCA_013817455.1	ANI95_01299
primary	bac120	NEE60_G_01260	NEE56_mackay__GCA_013817465.1	ANI95_01300
primary	bac120	NEE60_G_01261	NEE56_mackay__GCA_013817485.1	ANI95_01301
primary	bac120	NEE60_G_01262	NEE56_mackay__GCA_013817555.1	ANI95_00994
primary	bac120	NEE60_G_01263	NEE56_mackay__GCA_013817565.1	ANI95_01303
primary	bac120	NEE60_G_01264	NEE56_mackay__GCA_013817595.1	ANI95_01304
primary	bac120	NEE60_G_01265	NEE56_mackay__GCA_013817655.1	ANI95_01305
primary	bac120	NEE60_G_01266	NEE56_mackay__GCA_013820745.1	ANI95_01306
primary	bac120	NEE60_G_01267	NEE56_mackay__GCA_013820755.1	ANI95_01307
primary	bac120	NEE60_G_01268	NEE56_mackay__GCA_013820785.1	ANI95_01308
primary	bac120	NEE60_G_01269	NEE56_mackay__GCA_013820825.1	ANI95_01309
primary	bac120	NEE60_G_01270	NEE56_mackay__GCA_013820855.1	ANI95_01310
primary	bac120	NEE60_G_01271	NEE56_mackay__GCA_013820865.1	ANI95_01311
primary	bac120	NEE60_G_01272	NEE56_mackay__GCA_013820875.1	ANI95_01312
primary	bac120	NEE60_G_01273	NEE56_mackay__GCA_013820885.1	ANI95_01313
primary	bac120	NEE60_G_01274	NEE56_mackay__GCA_013820915.1	ANI95_01314
primary	bac120	NEE60_G_01275	NEE56_mackay__GCA_013820965.1	ANI95_01315
primary	bac120	NEE60_G_01276	NEE56_mackay__GCA_013820975.1	ANI95_01316
primary	bac120	NEE60_G_01277	NEE56_mackay__GCA_013820985.1	ANI95_01317
primary	bac120	NEE60_G_01278	NEE56_mackay__GCA_013821005.1	ANI95_01318
primary	bac120	NEE60_G_01279	NEE56_mackay__GCA_013821025.1	ANI95_00984
primary	bac120	NEE60_G_01280	NEE56_mackay__GCA_013821085.1	ANI95_01319
primary	bac120	NEE60_G_01281	NEE56_mackay__GCA_013821115.1	ANI95_01320
primary	bac120	NEE60_G_01282	NEE56_mackay__GCA_013821125.1	ANI95_01321
primary	bac120	NEE60_G_01283	NEE56_mackay__GCA_013821195.1	ANI95_01322
primary	bac120	NEE60_G_01284	NEE56_mackay__GCA_013821205.1	ANI95_01323
primary	bac120	NEE60_G_01286	NEE56_mackay__GCA_013821265.1	ANI95_01325
primary	bac120	NEE60_G_01287	NEE56_mackay__GCA_013821305.1	ANI95_01326
primary	bac120	NEE60_G_01288	NEE56_mackay__GCA_013821315.1	ANI95_01327
primary	bac120	NEE60_G_01289	NEE56_mackay__GCA_013821325.1	ANI95_01328
primary	bac120	NEE60_G_01290	NEE56_mackay__GCA_013821365.1	ANI95_01329
primary	bac120	NEE60_G_01291	NEE56_mackay__GCA_013821425.1	ANI95_01330
primary	bac120	NEE60_G_01292	NEE56_mackay__GCA_013821445.1	ANI95_01331
primary	bac120	NEE60_G_01293	NEE56_mackay__GCA_013821455.1	ANI95_01332
primary	bac120	NEE60_G_01294	NEE56_mackay__GCA_013821465.1	ANI95_01333
primary	bac120	NEE60_G_01295	NEE56_mackay__GCA_013821475.1	ANI95_01334
primary	bac120	NEE60_G_01296	NEE56_mackay__GCA_013821525.1	ANI95_01335
primary	bac120	NEE60_G_01297	NEE56_mackay__GCA_013821565.1	ANI95_01336
primary	bac120	NEE60_G_01298	NEE56_mackay__GCA_013821585.1	ANI95_01337
primary	bac120	NEE60_G_01299	NEE56_mackay__GCA_013821605.1	ANI95_01338
primary	bac120	NEE60_G_01300	NEE56_mackay__GCA_013821615.1	ANI95_01339
primary	bac120	NEE60_G_01301	NEE56_mackay__GCA_013821625.1	ANI95_01340
primary	bac120	NEE60_G_01302	NEE56_mackay__GCA_013821665.1	ANI95_01341
primary	bac120	NEE60_G_01303	NEE56_mackay__GCA_013821685.1	ANI95_01342
primary	bac120	NEE60_G_01304	NEE56_mackay__GCF_013697775.1	ANI95_01343
primary	bac120	NEE60_G_01305	NEE56_mackay__GCF_013812825.1	ANI95_01344
primary	bac120	NEE60_G_01306	NEE56_mackay__GCF_013812955.1	ANI95_01345
primary	bac120	NEE60_G_01307	NEE56_mackay__GCF_013815995.1	ANI95_01346
primary	bac120	NEE60_G_01308	NEE56_mackay__GCF_013816785.1	ANI95_01347
primary	bac120	NEE60_G_01309	NEE56_mackay__GCF_013817205.1	ANI95_01348
primary	bac120	NEE60_G_01310	NEE56_mackay__GCF_013817345.1	ANI95_01349
primary	bac120	NEE60_G_01311	NEE56_mackay__GCF_013817365.1	ANI95_01096
primary	bac120	NEE60_G_01312	alaska_permafrost_reference_11p_S11_bin.46	ANI95_01351
primary	bac120	NEE60_G_01313	alaska_permafrost_reference_125_merged	ANI95_01352
primary	bac120	NEE60_G_01314	alaska_permafrost_reference_132_merged	ANI95_01354
primary	bac120	NEE60_G_01315	alaska_permafrost_reference_149_merged	ANI95_01356
primary	bac120	NEE60_G_01316	alaska_permafrost_reference_15_S41_bin.5	ANI95_01353
primary	bac120	NEE60_G_01317	alaska_permafrost_reference_15p_S15_bin.14	ANI95_01357
primary	bac120	NEE60_G_01318	alaska_permafrost_reference_162_merged	ANI95_01359
primary	bac120	NEE60_G_01319	alaska_permafrost_reference_165_merged	ANI95_01361
primary	bac120	NEE60_G_01320	alaska_permafrost_reference_16p_S16_bin.38	ANI95_01362
primary	bac120	NEE60_G_01321	alaska_permafrost_reference_16p_S16_bin.70	ANI95_01363
primary	bac120	NEE60_G_01322	alaska_permafrost_reference_17_S43_bin.6	ANI95_01364
primary	bac120	NEE60_G_01323	alaska_permafrost_reference_17p_S17_bin.3	ANI95_01365
primary	bac120	NEE60_G_01324	alaska_permafrost_reference_183_merged	ANI95_01367
primary	bac120	NEE60_G_01325	alaska_permafrost_reference_18_S44_bin.10	ANI95_01368
primary	bac120	NEE60_G_01326	alaska_permafrost_reference_19_S45_bin.5	ANI95_01370
primary	bac120	NEE60_G_01327	alaska_permafrost_reference_20_S46_bin.3	ANI95_01369
primary	bac120	NEE60_G_01328	alaska_permafrost_reference_20_S46_bin.5	ANI95_01371
primary	bac120	NEE60_G_01329	alaska_permafrost_reference_20_S46_bin.8	ANI95_01372
primary	bac120	NEE60_G_01330	alaska_permafrost_reference_23_S49_bin.11	ANI95_01373
primary	bac120	NEE60_G_01331	alaska_permafrost_reference_23_S49_bin.7	ANI95_01374
primary	bac120	NEE60_G_01332	alaska_permafrost_reference_23_S49_bin.8	ANI95_01375
primary	bac120	NEE60_G_01334	alaska_permafrost_reference_8_S34_bin.12	ANI95_01377
primary	bac120	NEE60_G_01335	alaska_permafrost_reference_8_S34_bin.6	ANI95_01378
primary	bac120	NEE60_G_01336	alaska_permafrost_reference_BRice_18rbin.14	ANI95_01379
primary	bac120	NEE60_G_01337	alaska_permafrost_reference_ERR4660997rbin.2	ANI95_01380
primary	bac120	NEE60_G_01338	alaska_permafrost_reference_GCA_003131315.1_20120500_P39_genomic	ANI95_01381
primary	bac120	NEE60_G_01339	alaska_permafrost_reference_GCA_003131705.1_20120500_P38_genomic	ANI95_01384
primary	bac120	NEE60_G_01340	alaska_permafrost_reference_GCA_003132125.1_20120500_P28_genomic	ANI95_01385
primary	bac120	NEE60_G_01341	alaska_permafrost_reference_GCA_003132145.1_20120500_P28_genomic	ANI95_01386
primary	bac120	NEE60_G_01342	alaska_permafrost_reference_GCA_003132185.1_20120500_P28_genomic	ANI95_01387
primary	bac120	NEE60_G_01343	alaska_permafrost_reference_GCA_003132205.1_20120500_P27_genomic	ANI95_01388
primary	bac120	NEE60_G_01344	alaska_permafrost_reference_GCA_003132585.1_20120500_P19_genomic	ANI95_01389
primary	bac120	NEE60_G_01345	alaska_permafrost_reference_GCA_003132645.1_20120500_P19_genomic	ANI95_01390
primary	bac120	NEE60_G_01346	alaska_permafrost_reference_GCA_003132665.1_20120500_P19_genomic	ANI95_01391
primary	bac120	NEE60_G_01347	alaska_permafrost_reference_GCA_003133245.1_20120500_P28_genomic	ANI95_01392
primary	bac120	NEE60_G_01348	alaska_permafrost_reference_GCA_003133265.1_20120500_P28_genomic	ANI95_01393
primary	bac120	NEE60_G_01349	alaska_permafrost_reference_GCA_003133285.1_20120500_P28_genomic	ANI95_01394
primary	bac120	NEE60_G_01350	alaska_permafrost_reference_GCA_003133325.1_20120500_P27_genomic	ANI95_01395
primary	bac120	NEE60_G_01351	alaska_permafrost_reference_GCA_003133345.1_20120500_P27_genomic	ANI95_01396
primary	bac120	NEE60_G_01352	alaska_permafrost_reference_GCA_003134505.1_20111000_P3M_genomic	ANI95_01398
primary	bac120	NEE60_G_01353	alaska_permafrost_reference_GCA_003134555.1_20111000_P3M_genomic	ANI95_01399
primary	bac120	NEE60_G_01354	alaska_permafrost_reference_GCA_003134915.1_20111000_P3D_genomic	ANI95_01400
primary	bac120	NEE60_G_01355	alaska_permafrost_reference_GCA_003135455.1_20111000_P3M_genomic	ANI95_01402
primary	bac120	NEE60_G_01356	alaska_permafrost_reference_GCA_003135675.1_20111000_P3D_genomic	ANI95_01403
primary	bac120	NEE60_G_01357	alaska_permafrost_reference_GCA_003136395.1_20111000_P1D_genomic	ANI95_01404
primary	bac120	NEE60_G_01358	alaska_permafrost_reference_GCA_003136415.1_20111000_P1D_genomic	ANI95_01405
primary	bac120	NEE60_G_01359	alaska_permafrost_reference_GCA_003136795.1_20111000_P2D_genomic	ANI95_01406
primary	bac120	NEE60_G_01360	alaska_permafrost_reference_GCA_003137035.1_20111000_E3D_genomic	ANI95_01407
primary	bac120	NEE60_G_01361	alaska_permafrost_reference_GCA_003139735.1_20110800_S3D_genomic	ANI95_01409
primary	bac120	NEE60_G_01362	alaska_permafrost_reference_GCA_003140815.1_20120800_E3X_genomic	ANI95_01410
primary	bac120	NEE60_G_01363	alaska_permafrost_reference_GCA_003140945.1_20120800_E3X_genomic	ANI95_01411
primary	bac120	NEE60_G_01364	alaska_permafrost_reference_GCA_003141245.1_20120800_E3X_genomic	ANI95_01412
primary	bac120	NEE60_G_01365	alaska_permafrost_reference_GCA_003141415.1_20120800_E3S_genomic	ANI95_01413
primary	bac120	NEE60_G_01366	alaska_permafrost_reference_GCA_003141435.1_20120800_E3S_genomic	ANI95_01414
primary	bac120	NEE60_G_01367	alaska_permafrost_reference_GCA_003141455.1_20120800_E3S_genomic	ANI95_01415
primary	bac120	NEE60_G_01368	alaska_permafrost_reference_GCA_003141495.1_20120800_E3S_genomic	ANI95_01416
primary	bac120	NEE60_G_01369	alaska_permafrost_reference_GCA_003141525.1_20120800_E3D_genomic	ANI95_01417
primary	bac120	NEE60_G_01370	alaska_permafrost_reference_GCA_003141595.1_20120800_E2X_genomic	ANI95_01418
primary	bac120	NEE60_G_01371	alaska_permafrost_reference_GCA_003141715.1_20120800_E2D_genomic	ANI95_01419
primary	bac120	NEE60_G_01373	alaska_permafrost_reference_GCA_003141895.1_20120800_E1X_genomic	ANI95_01421
primary	bac120	NEE60_G_01374	alaska_permafrost_reference_GCA_003142185.1_20120700_S3X_genomic	ANI95_01422
primary	bac120	NEE60_G_01375	alaska_permafrost_reference_GCA_003142515.1_20120800_E2X_genomic	ANI95_01424
primary	bac120	NEE60_G_01376	alaska_permafrost_reference_GCA_003142575.1_20120800_E2X_genomic	ANI95_01425
primary	bac120	NEE60_G_01377	alaska_permafrost_reference_GCA_003142815.1_20120800_E1X_genomic	ANI95_01426
primary	bac120	NEE60_G_01378	alaska_permafrost_reference_GCA_003142835.1_20120800_E1X_genomic	ANI95_01427
primary	bac120	NEE60_G_01379	alaska_permafrost_reference_GCA_003151435.1_20120700_P3D_genomic	ANI95_01428
primary	bac120	NEE60_G_01381	alaska_permafrost_reference_GCA_003151575.1_20120700_P3D_genomic	ANI95_01383
primary	bac120	NEE60_G_01382	alaska_permafrost_reference_GCA_003151655.1_20120700_P3D_genomic	ANI95_01430
primary	bac120	NEE60_G_01383	alaska_permafrost_reference_GCA_003151895.1_20120700_P3D_genomic	ANI95_01431
primary	bac120	NEE60_G_01384	alaska_permafrost_reference_GCA_003152135.1_20120700_P3D_genomic	ANI95_01401
primary	bac120	NEE60_G_01385	alaska_permafrost_reference_GCA_003152145.1_20120700_P3D_genomic	ANI95_01433
primary	bac120	NEE60_G_01386	alaska_permafrost_reference_GCA_003152165.1_20120700_P3D_genomic	ANI95_01434
primary	bac120	NEE60_G_01387	alaska_permafrost_reference_GCA_003152275.1_20120700_P3D_genomic	ANI95_01408
primary	bac120	NEE60_G_01388	alaska_permafrost_reference_GCA_003152315.1_20120700_P3D_genomic	ANI95_01435
primary	bac120	NEE60_G_01389	alaska_permafrost_reference_GCA_003153155.1_20120700_P3D_genomic	ANI95_01437
primary	bac120	NEE60_G_01390	alaska_permafrost_reference_GCA_003153335.1_20120700_P3D_genomic	ANI95_01438
primary	bac120	NEE60_G_01391	alaska_permafrost_reference_GCA_003153415.1_20120700_P3D_genomic	ANI95_01439
primary	bac120	NEE60_G_01392	alaska_permafrost_reference_GCA_003153855.1_20120700_E3M_genomic	ANI95_01440
primary	bac120	NEE60_G_01393	alaska_permafrost_reference_GCA_003157075.1_20120600_E3D_genomic	ANI95_01441
primary	bac120	NEE60_G_01394	alaska_permafrost_reference_GCA_003157385.1_20120600_E2D_genomic	ANI95_01442
primary	bac120	NEE60_G_01395	alaska_permafrost_reference_GCA_003157445.1_20120600_E2D_genomic	ANI95_01443
primary	bac120	NEE60_G_01396	alaska_permafrost_reference_GCA_003158415.1_20120600_E3D_genomic	ANI95_01444
primary	bac120	NEE60_G_01397	alaska_permafrost_reference_GCA_003158575.1_20120600_E2D_genomic	ANI95_01445
primary	bac120	NEE60_G_01398	alaska_permafrost_reference_GCA_003158855.1_20120600_E1D_genomic	ANI95_01446
primary	bac120	NEE60_G_01399	alaska_permafrost_reference_GCA_003158895.1_20120600_E1D_genomic	ANI95_01447
primary	bac120	NEE60_G_01400	alaska_permafrost_reference_GCA_003158955.1_20120500_P39_genomic	ANI95_01448
primary	bac120	NEE60_G_01401	alaska_permafrost_reference_GCA_003159855.1_20120700_S3D_genomic	ANI95_01449
primary	bac120	NEE60_G_01402	alaska_permafrost_reference_GCA_003161635.1_20110600_P1D_genomic	ANI95_01450
primary	bac120	NEE60_G_01403	alaska_permafrost_reference_GCA_003162235.1_20100900_E1D_genomic	ANI95_01451
primary	bac120	NEE60_G_01404	alaska_permafrost_reference_GCA_003162595.1_20100900_E3D_genomic	ANI95_01452
primary	bac120	NEE60_G_01405	alaska_permafrost_reference_GCA_003167255.1_20110700_P2D_genomic	ANI95_01455
primary	bac120	NEE60_G_01406	alaska_permafrost_reference_GCA_003167275.1_20110700_P2D_genomic	ANI95_01456
primary	bac120	NEE60_G_01407	alaska_permafrost_reference_GCA_003167355.1_20110700_P2D_genomic	ANI95_01457
primary	bac120	NEE60_G_01408	alaska_permafrost_reference_GCA_003167375.1_20110700_P2D_genomic	ANI95_01458
primary	bac120	NEE60_G_01409	alaska_permafrost_reference_GCA_003168335.1_20110700_P1D_genomic	ANI95_01461
primary	bac120	NEE60_G_01410	alaska_permafrost_reference_GCA_003169655.1_20110800_P1M_genomic	ANI95_01462
primary	bac120	NEE60_G_01411	alaska_permafrost_reference_GCA_003169695.1_20110800_P1D_genomic	ANI95_01463
primary	bac120	NEE60_G_01412	alaska_permafrost_reference_GCA_003169785.1_20110800_P1D_genomic	ANI95_01464
primary	bac120	NEE60_G_01413	alaska_permafrost_reference_GCA_003169845.1_20110800_P1D_genomic	ANI95_01465
primary	bac120	NEE60_G_01414	alaska_permafrost_reference_GCA_003169895.1_20110800_P1D_genomic	ANI95_01466
primary	bac120	NEE60_G_01415	alaska_permafrost_reference_GCA_003170155.1_20110800_E3D_genomic	ANI95_01467
primary	bac120	NEE60_G_01416	alaska_permafrost_reference_GCA_003170415.1_20110800_E3D_genomic	ANI95_01468
primary	bac120	NEE60_G_01417	alaska_permafrost_reference_GCA_003170815.1_20110800_E2D_genomic	ANI95_01469
primary	bac120	NEE60_G_01418	alaska_permafrost_reference_GCA_003170855.1_20110800_E2D_genomic	ANI95_01470
primary	bac120	NEE60_G_01419	alaska_permafrost_reference_GCA_003170915.1_20110800_E2D_genomic	ANI95_01471
primary	bac120	NEE60_G_01420	alaska_permafrost_reference_GCA_003170995.1_20110800_E1D_genomic	ANI95_01472
primary	bac120	NEE60_G_01421	alaska_permafrost_reference_GCA_003171215.1_20110800_E2D_genomic	ANI95_01460
primary	bac120	NEE60_G_01422	alaska_permafrost_reference_GCA_003171255.1_20110800_E2D_genomic	ANI95_01473
primary	bac120	NEE60_G_01423	alaska_permafrost_reference_S20rbin.17	ANI95_01474
primary	bac120	NEE60_G_01424	alaska_permafrost_reference_S213bin.1	ANI95_01475
primary	bac120	NEE60_G_01425	alaska_permafrost_reference_S22rbin.5	ANI95_01476
primary	bac120	NEE60_G_01426	alaska_permafrost_reference_S25rbin.15	ANI95_01477
primary	bac120	NEE60_G_01427	alaska_permafrost_reference_S262bin.17	ANI95_01478
primary	bac120	NEE60_G_01428	alaska_permafrost_reference_S262bin.2	ANI95_01479
primary	bac120	NEE60_G_01429	alaska_permafrost_reference_S412bin.9	ANI95_01480
primary	bac120	NEE60_G_01430	alaska_permafrost_reference_S42rbin.10	ANI95_01481
primary	bac120	NEE60_G_01431	alaska_permafrost_reference_S46rbin.4	ANI95_01482
primary	bac120	NEE60_G_01432	alaska_permafrost_reference_SRR10159350bin.16	ANI95_01483
primary	bac120	NEE60_G_01433	alaska_permafrost_reference_SRR10260007bin.10	ANI95_01484
primary	bac120	NEE60_G_01434	alaska_permafrost_reference_SRR10260007bin.6	ANI95_01485
primary	bac120	NEE60_G_01435	alaska_permafrost_reference_SRR10360640bin.21	ANI95_01486
primary	bac120	NEE60_G_01436	alaska_permafrost_reference_SRR10360644bin.23	ANI95_01487
primary	bac120	NEE60_G_01437	alaska_permafrost_reference_SRR10360647bin.2	ANI95_01488
primary	bac120	NEE60_G_01438	alaska_permafrost_reference_SRR10489811bin.14	ANI95_01489
primary	bac120	NEE60_G_01439	alaska_permafrost_reference_SRR10489811bin.7	ANI95_01490
primary	bac120	NEE60_G_01440	alaska_permafrost_reference_SRR10489812bin.2	ANI95_01491
primary	bac120	NEE60_G_01441	alaska_permafrost_reference_SRR10489814bin.10	ANI95_01492
primary	bac120	NEE60_G_01442	alaska_permafrost_reference_SRR10489814bin.19	ANI95_01493
primary	bac120	NEE60_G_01443	alaska_permafrost_reference_SRR10489814bin.7	ANI95_01494
primary	bac120	NEE60_G_01444	alaska_permafrost_reference_SRR10489814bin.8	ANI95_01495
primary	bac120	NEE60_G_01445	alaska_permafrost_reference_SRR10489814bin.9	ANI95_01496
primary	bac120	NEE60_G_01446	alaska_permafrost_reference_SRR10489815bin.10	ANI95_01497
primary	bac120	NEE60_G_01447	alaska_permafrost_reference_SRR10489815bin.11	ANI95_01498
primary	bac120	NEE60_G_01448	alaska_permafrost_reference_SRR10489815bin.14	ANI95_01499
primary	bac120	NEE60_G_01449	alaska_permafrost_reference_SRR10489815bin.15	ANI95_01500
primary	bac120	NEE60_G_01450	alaska_permafrost_reference_SRR10489815bin.16	ANI95_01501
primary	bac120	NEE60_G_01451	alaska_permafrost_reference_SRR10489815bin.17	ANI95_01502
primary	bac120	NEE60_G_01452	alaska_permafrost_reference_SRR10489815bin.2	ANI95_01503
primary	bac120	NEE60_G_01453	alaska_permafrost_reference_SRR10489815bin.21	ANI95_01504
primary	bac120	NEE60_G_01454	alaska_permafrost_reference_SRR10489815bin.23	ANI95_01505
primary	bac120	NEE60_G_01455	alaska_permafrost_reference_SRR10489815bin.3	ANI95_01506
primary	bac120	NEE60_G_01456	alaska_permafrost_reference_SRR10489815bin.37	ANI95_01507
primary	bac120	NEE60_G_01457	alaska_permafrost_reference_SRR10489815bin.38	ANI95_01508
primary	bac120	NEE60_G_01458	alaska_permafrost_reference_SRR10489815bin.40	ANI95_01509
primary	bac120	NEE60_G_01459	alaska_permafrost_reference_SRR10489815bin.43	ANI95_01510
primary	bac120	NEE60_G_01460	alaska_permafrost_reference_SRR10489817bin.11	ANI95_01511
primary	bac120	NEE60_G_01461	alaska_permafrost_reference_SRR10489817bin.7	ANI95_01512
primary	bac120	NEE60_G_01462	alaska_permafrost_reference_SRR10489817bin.8	ANI95_01513
primary	bac120	NEE60_G_01463	alaska_permafrost_reference_SRR10489818bin.17	ANI95_01514
primary	bac120	NEE60_G_01464	alaska_permafrost_reference_SRR10489818bin.7	ANI95_01515
primary	bac120	NEE60_G_01465	alaska_permafrost_reference_SRR10489819bin.2	ANI95_01516
primary	bac120	NEE60_G_01467	alaska_permafrost_reference_SRR10489821bin.15	ANI95_01518
primary	bac120	NEE60_G_01468	alaska_permafrost_reference_SRR10489821bin.16	ANI95_01519
primary	bac120	NEE60_G_01469	alaska_permafrost_reference_SRR10489821bin.20	ANI95_01520
primary	bac120	NEE60_G_01470	alaska_permafrost_reference_SRR10489821bin.4	ANI95_01521
primary	bac120	NEE60_G_01471	alaska_permafrost_reference_SRR10489821bin.5	ANI95_01522
primary	bac120	NEE60_G_01472	alaska_permafrost_reference_SRR10489821bin.6	ANI95_01523
primary	bac120	NEE60_G_01473	alaska_permafrost_reference_SRR10489822bin.4	ANI95_01524
primary	bac120	NEE60_G_01474	alaska_permafrost_reference_SRR10489822bin.5	ANI95_01525
primary	bac120	NEE60_G_01475	alaska_permafrost_reference_SRR10489823bin.12	ANI95_01526
primary	bac120	NEE60_G_01476	alaska_permafrost_reference_SRR10489823bin.6	ANI95_01527
primary	bac120	NEE60_G_01477	alaska_permafrost_reference_SRR10489824bin.8	ANI95_01528
primary	bac120	NEE60_G_01478	alaska_permafrost_reference_SRR10489825bin.2	ANI95_01529
primary	bac120	NEE60_G_01479	alaska_permafrost_reference_SRR10489825bin.5	ANI95_01530
primary	bac120	NEE60_G_01480	alaska_permafrost_reference_SRR10489826bin.10	ANI95_01531
primary	bac120	NEE60_G_01481	alaska_permafrost_reference_SRR10489826bin.15	ANI95_01532
primary	bac120	NEE60_G_01482	alaska_permafrost_reference_SRR10489828bin.11	ANI95_01533
primary	bac120	NEE60_G_01483	alaska_permafrost_reference_SRR10489828bin.12	ANI95_01534
primary	bac120	NEE60_G_01484	alaska_permafrost_reference_SRR10489828bin.14	ANI95_01535
primary	bac120	NEE60_G_01485	alaska_permafrost_reference_SRR10489828bin.19	ANI95_01423
primary	bac120	NEE60_G_01486	alaska_permafrost_reference_SRR10489828bin.2	ANI95_01536
primary	bac120	NEE60_G_01487	alaska_permafrost_reference_SRR10489828bin.20	ANI95_01537
primary	bac120	NEE60_G_01488	alaska_permafrost_reference_SRR10489828bin.23	ANI95_01538
primary	bac120	NEE60_G_01489	alaska_permafrost_reference_SRR10489828bin.6	ANI95_01539
primary	bac120	NEE60_G_01490	alaska_permafrost_reference_SRR10489830bin.14	ANI95_01540
primary	bac120	NEE60_G_01491	alaska_permafrost_reference_SRR10489830bin.19	ANI95_01541
primary	bac120	NEE60_G_01493	alaska_permafrost_reference_SRR10489831bin.1	ANI95_01543
primary	bac120	NEE60_G_01494	alaska_permafrost_reference_SRR10489831bin.10	ANI95_01544
primary	bac120	NEE60_G_01495	alaska_permafrost_reference_SRR10489831bin.5	ANI95_01545
primary	bac120	NEE60_G_01496	alaska_permafrost_reference_SRR10489833bin.10	ANI95_01546
primary	bac120	NEE60_G_01497	alaska_permafrost_reference_SRR10489833bin.14	ANI95_01547
primary	bac120	NEE60_G_01498	alaska_permafrost_reference_SRR10489833bin.18	ANI95_01548
primary	bac120	NEE60_G_01499	alaska_permafrost_reference_SRR10489833bin.21	ANI95_01549
primary	bac120	NEE60_G_01501	alaska_permafrost_reference_SRR10489834bin.1	ANI95_01551
primary	bac120	NEE60_G_01502	alaska_permafrost_reference_SRR10489834bin.10	ANI95_01552
primary	bac120	NEE60_G_01503	alaska_permafrost_reference_SRR10489834bin.13	ANI95_01553
primary	bac120	NEE60_G_01504	alaska_permafrost_reference_SRR10489834bin.16	ANI95_01554
primary	bac120	NEE60_G_01505	alaska_permafrost_reference_SRR10489834bin.18	ANI95_01555
primary	bac120	NEE60_G_01506	alaska_permafrost_reference_SRR10489834bin.21	ANI95_01556
primary	bac120	NEE60_G_01507	alaska_permafrost_reference_SRR10489834bin.29	ANI95_01557
primary	bac120	NEE60_G_01508	alaska_permafrost_reference_SRR10489834bin.30	ANI95_01558
primary	bac120	NEE60_G_01509	alaska_permafrost_reference_SRR10489834bin.33	ANI95_01560
primary	bac120	NEE60_G_01510	alaska_permafrost_reference_SRR10489834bin.34	ANI95_01561
primary	bac120	NEE60_G_01511	alaska_permafrost_reference_SRR10489837bin.20	ANI95_01562
primary	bac120	NEE60_G_01512	alaska_permafrost_reference_SRR10489839bin.1	ANI95_01563
primary	bac120	NEE60_G_01513	alaska_permafrost_reference_SRR10489839bin.4	ANI95_01564
primary	bac120	NEE60_G_01514	alaska_permafrost_reference_SRR10489839bin.8	ANI95_01565
primary	bac120	NEE60_G_01515	alaska_permafrost_reference_SRR10585504bin.3	ANI95_01566
primary	bac120	NEE60_G_01516	alaska_permafrost_reference_SRR10695402bin.4	ANI95_01567
primary	bac120	NEE60_G_01517	alaska_permafrost_reference_SRR10954965bin.15	ANI95_01568
primary	bac120	NEE60_G_01518	alaska_permafrost_reference_SRR10954970bin.7	ANI95_01569
primary	bac120	NEE60_G_01519	alaska_permafrost_reference_SRR10954973bin.3	ANI95_01570
primary	bac120	NEE60_G_01520	alaska_permafrost_reference_SRR10968263bin.3	ANI95_01571
primary	bac120	NEE60_G_01521	alaska_permafrost_reference_SRR10998558bin.6	ANI95_01572
primary	bac120	NEE60_G_01522	alaska_permafrost_reference_SRR11271806bin.7	ANI95_01573
primary	bac120	NEE60_G_01523	alaska_permafrost_reference_SRR1153387rbin.5	ANI95_01574
primary	bac120	NEE60_G_01524	alaska_permafrost_reference_SRR11674063bin.29	ANI95_01575
primary	bac120	NEE60_G_01525	alaska_permafrost_reference_SRR11678563bin.6	ANI95_01576
primary	bac120	NEE60_G_01526	alaska_permafrost_reference_SRR11678566bin.25	ANI95_01577
primary	bac120	NEE60_G_01527	alaska_permafrost_reference_SRR11678610bin.13	ANI95_01578
primary	bac120	NEE60_G_01528	alaska_permafrost_reference_SRR11719874bin.1	ANI95_01105
primary	bac120	NEE60_G_01529	alaska_permafrost_reference_SRR11742949bin.18	ANI95_01579
primary	bac120	NEE60_G_01530	alaska_permafrost_reference_SRR11743025bin.14	ANI95_01580
primary	bac120	NEE60_G_01531	alaska_permafrost_reference_SRR11833234bin.10	ANI95_01581
primary	bac120	NEE60_G_01532	alaska_permafrost_reference_SRR11833507bin.12	ANI95_01582
primary	bac120	NEE60_G_01533	alaska_permafrost_reference_SRR11833744bin.13	ANI95_01583
primary	bac120	NEE60_G_01534	alaska_permafrost_reference_SRR11834729bin.39	ANI95_01584
primary	bac120	NEE60_G_01535	alaska_permafrost_reference_SRR11835640bin.36	ANI95_01585
primary	bac120	NEE60_G_01536	alaska_permafrost_reference_SRR11836029bin.13	ANI95_01586
primary	bac120	NEE60_G_01537	alaska_permafrost_reference_SRR11836410bin.36	ANI95_01587
primary	bac120	NEE60_G_01538	alaska_permafrost_reference_SRR11836440bin.55	ANI95_01588
primary	bac120	NEE60_G_01539	alaska_permafrost_reference_SRR11836447bin.1	ANI95_01589
primary	bac120	NEE60_G_01540	alaska_permafrost_reference_SRR11836514bin.4	ANI95_01590
primary	bac120	NEE60_G_01541	alaska_permafrost_reference_SRR11842108bin.17	ANI95_01591
primary	bac120	NEE60_G_01542	alaska_permafrost_reference_SRR12060215bin.5	ANI95_01592
primary	bac120	NEE60_G_01543	alaska_permafrost_reference_SRR12170510bin.26	ANI95_01593
primary	bac120	NEE60_G_01544	alaska_permafrost_reference_SRR12277191bin.8	ANI95_01594
primary	bac120	NEE60_G_01545	alaska_permafrost_reference_SRR12277196bin.3	ANI95_01595
primary	bac120	NEE60_G_01546	alaska_permafrost_reference_SRR12277197bin.2	ANI95_01596
primary	bac120	NEE60_G_01547	alaska_permafrost_reference_SRR12277197bin.4	ANI95_01597
primary	bac120	NEE60_G_01548	alaska_permafrost_reference_SRR12277198bin.3	ANI95_01598
primary	bac120	NEE60_G_01549	alaska_permafrost_reference_SRR12277198bin.4	ANI95_01599
primary	bac120	NEE60_G_01550	alaska_permafrost_reference_SRR12277200bin.6	ANI95_01600
primary	bac120	NEE60_G_01551	alaska_permafrost_reference_SRR12277200bin.7	ANI95_01601
primary	bac120	NEE60_G_01552	alaska_permafrost_reference_SRR12277201bin.1	ANI95_01602
primary	bac120	NEE60_G_01553	alaska_permafrost_reference_SRR12347921bin.3	ANI95_01603
primary	bac120	NEE60_G_01554	alaska_permafrost_reference_SRR12349250bin.11	ANI95_01604
primary	bac120	NEE60_G_01555	alaska_permafrost_reference_SRR12377070bin.3	ANI95_01605
primary	bac120	NEE60_G_01556	alaska_permafrost_reference_SRR12659391bin.24	ANI95_01606
primary	bac120	NEE60_G_01557	alaska_permafrost_reference_SRR12756227bin.2	ANI95_01607
primary	bac120	NEE60_G_01558	alaska_permafrost_reference_SRR12756227bin.3	ANI95_01608
primary	bac120	NEE60_G_01560	alaska_permafrost_reference_SRR12756228bin.2	ANI95_01610
primary	bac120	NEE60_G_01561	alaska_permafrost_reference_SRR12756230bin.2	ANI95_01611
primary	bac120	NEE60_G_01562	alaska_permafrost_reference_SRR12756247bin.1	ANI95_01612
primary	bac120	NEE60_G_01563	alaska_permafrost_reference_SRR12756247bin.2	ANI95_01613
primary	bac120	NEE60_G_01564	alaska_permafrost_reference_SRR12844116bin.1	ANI95_01614
primary	bac120	NEE60_G_01565	alaska_permafrost_reference_SRR12917118bin.14	ANI95_01615
primary	bac120	NEE60_G_01567	alaska_permafrost_reference_SRR1586253rbin.4	ANI95_01617
primary	bac120	NEE60_G_01568	alaska_permafrost_reference_SRR1586257rbin.1	ANI95_01618
primary	bac120	NEE60_G_01569	alaska_permafrost_reference_SRR1586257rbin.6	ANI95_01619
primary	bac120	NEE60_G_01570	alaska_permafrost_reference_SRR1586260rbin.8	ANI95_01620
primary	bac120	NEE60_G_01571	alaska_permafrost_reference_SRR1586264rbin.1	ANI95_01621
primary	bac120	NEE60_G_01572	alaska_permafrost_reference_SRR1586264rbin.5	ANI95_01622
primary	bac120	NEE60_G_01573	alaska_permafrost_reference_SRR1586266rbin.16	ANI95_01623
primary	bac120	NEE60_G_01574	alaska_permafrost_reference_SRR1586266rbin.2	ANI95_01624
primary	bac120	NEE60_G_01575	alaska_permafrost_reference_SRR1586267rbin.7	ANI95_01358
primary	bac120	NEE60_G_01576	alaska_permafrost_reference_SRR1586267rbin.9	ANI95_01625
primary	bac120	NEE60_G_01577	alaska_permafrost_reference_SRR1586269rbin.19	ANI95_01626
primary	bac120	NEE60_G_01578	alaska_permafrost_reference_SRR1586269rbin.20	ANI95_01627
primary	bac120	NEE60_G_01579	alaska_permafrost_reference_SRR1586269rbin.24	ANI95_01628
primary	bac120	NEE60_G_01580	alaska_permafrost_reference_SRR1586270rbin.18	ANI95_01629
primary	bac120	NEE60_G_01581	alaska_permafrost_reference_SRR1586270rbin.25	ANI95_01630
primary	bac120	NEE60_G_01582	alaska_permafrost_reference_SRR1586270rbin.6	ANI95_01631
primary	bac120	NEE60_G_01583	alaska_permafrost_reference_SRR1586270rbin.7	ANI95_01632
primary	bac120	NEE60_G_01584	alaska_permafrost_reference_SRR1586270rbin.9	ANI95_01633
primary	bac120	NEE60_G_01585	alaska_permafrost_reference_SRR1586276rbin.1	ANI95_01634
primary	bac120	NEE60_G_01586	alaska_permafrost_reference_SRR1586276rbin.13	ANI95_01635
primary	bac120	NEE60_G_01587	alaska_permafrost_reference_SRR1586276rbin.4	ANI95_01636
primary	bac120	NEE60_G_01588	alaska_permafrost_reference_SRR1586279rbin.14	ANI95_01637
primary	bac120	NEE60_G_01589	alaska_permafrost_reference_SRR1586279rbin.19	ANI95_01638
primary	bac120	NEE60_G_01590	alaska_permafrost_reference_SRR1586279rbin.2	ANI95_01639
primary	bac120	NEE60_G_01591	alaska_permafrost_reference_SRR1586279rbin.21	ANI95_01640
primary	bac120	NEE60_G_01592	alaska_permafrost_reference_SRR1586279rbin.3	ANI95_01641
primary	bac120	NEE60_G_01593	alaska_permafrost_reference_SRR1586279rbin.36	ANI95_01642
primary	bac120	NEE60_G_01594	alaska_permafrost_reference_SRR1586279rbin.39	ANI95_01643
primary	bac120	NEE60_G_01595	alaska_permafrost_reference_SRR1586279rbin.4	ANI95_01644
primary	bac120	NEE60_G_01596	alaska_permafrost_reference_SRR1586279rbin.6	ANI95_01645
primary	bac120	NEE60_G_01597	alaska_permafrost_reference_SRR1586279rbin.7	ANI95_01646
primary	bac120	NEE60_G_01598	alaska_permafrost_reference_SRR1586285rbin.2	ANI95_01647
primary	bac120	NEE60_G_01599	alaska_permafrost_reference_SRR1586288rbin.2	ANI95_01648
primary	bac120	NEE60_G_01600	alaska_permafrost_reference_SRR1586289rbin.7	ANI95_01649
primary	bac120	NEE60_G_01601	alaska_permafrost_reference_SRR1586296rbin.3	ANI95_01650
primary	bac120	NEE60_G_01602	alaska_permafrost_reference_SRR1586297rbin.2	ANI95_01651
primary	bac120	NEE60_G_01603	alaska_permafrost_reference_SRR1586300rbin.1	ANI95_01652
primary	bac120	NEE60_G_01604	alaska_permafrost_reference_SRR1586301rbin.12	ANI95_01653
primary	bac120	NEE60_G_01605	alaska_permafrost_reference_SRR1586301rbin.2	ANI95_01654
primary	bac120	NEE60_G_01606	alaska_permafrost_reference_SRR1586303rbin.3	ANI95_01655
primary	bac120	NEE60_G_01607	alaska_permafrost_reference_SRR1586304rbin.1	ANI95_01656
primary	bac120	NEE60_G_01608	alaska_permafrost_reference_SRR1586304rbin.4	ANI95_01657
primary	bac120	NEE60_G_01609	alaska_permafrost_reference_SRR1586305rbin.3	ANI95_01658
primary	bac120	NEE60_G_01610	alaska_permafrost_reference_SRR1586309rbin.1	ANI95_01659
primary	bac120	NEE60_G_01611	alaska_permafrost_reference_SRR1586309rbin.15	ANI95_01660
primary	bac120	NEE60_G_01612	alaska_permafrost_reference_SRR1586309rbin.2	ANI95_01661
primary	bac120	NEE60_G_01613	alaska_permafrost_reference_SRR1586311rbin.6	ANI95_01382
primary	bac120	NEE60_G_01614	alaska_permafrost_reference_SRR1586311rbin.8	ANI95_01662
primary	bac120	NEE60_G_01615	alaska_permafrost_reference_SRR1586315rbin.5	ANI95_01663
primary	bac120	NEE60_G_01616	alaska_permafrost_reference_SRR1586316rbin.6	ANI95_01664
primary	bac120	NEE60_G_01617	alaska_permafrost_reference_SRR1586317rbin.10	ANI95_01665
primary	bac120	NEE60_G_01618	alaska_permafrost_reference_SRR1586317rbin.11	ANI95_01666
primary	bac120	NEE60_G_01619	alaska_permafrost_reference_SRR1586317rbin.2	ANI95_01667
primary	bac120	NEE60_G_01620	alaska_permafrost_reference_SRR1586320rbin.11	ANI95_01668
primary	bac120	NEE60_G_01621	alaska_permafrost_reference_SRR1586320rbin.14	ANI95_01669
primary	bac120	NEE60_G_01622	alaska_permafrost_reference_SRR1586320rbin.5	ANI95_01670
primary	bac120	NEE60_G_01623	alaska_permafrost_reference_SRR1586321rbin.10	ANI95_01671
primary	bac120	NEE60_G_01624	alaska_permafrost_reference_SRR1586321rbin.15	ANI95_01672
primary	bac120	NEE60_G_01625	alaska_permafrost_reference_SRR1586321rbin.4	ANI95_01673
primary	bac120	NEE60_G_01626	alaska_permafrost_reference_SRR1586324rbin.20	ANI95_01674
primary	bac120	NEE60_G_01627	alaska_permafrost_reference_SRR1586324rbin.22	ANI95_01350
primary	bac120	NEE60_G_01628	alaska_permafrost_reference_SRR1586324rbin.3	ANI95_01675
primary	bac120	NEE60_G_01629	alaska_permafrost_reference_SRR1586324rbin.8	ANI95_01676
primary	bac120	NEE60_G_01630	alaska_permafrost_reference_SRR1586325rbin.6	ANI95_01677
primary	bac120	NEE60_G_01631	alaska_permafrost_reference_SRR2901746rbin.30	ANI95_01678
primary	bac120	NEE60_G_01632	alaska_permafrost_reference_SRR2902415rbin.20	ANI95_01679
primary	bac120	NEE60_G_01633	alaska_permafrost_reference_SRR351473rebin.39	ANI95_01680
primary	bac120	NEE60_G_01634	alaska_permafrost_reference_SRR3747750rbin.3	ANI95_01681
primary	bac120	NEE60_G_01635	alaska_permafrost_reference_SRR3982075rbin.1	ANI95_01682
primary	bac120	NEE60_G_01636	alaska_permafrost_reference_SRR3984893rbin.1	ANI95_01683
primary	bac120	NEE60_G_01637	alaska_permafrost_reference_SRR3984960rbin.14	ANI95_01684
primary	bac120	NEE60_G_01638	alaska_permafrost_reference_SRR3984960rbin.5	ANI95_01685
primary	bac120	NEE60_G_01639	alaska_permafrost_reference_SRR3984960rbin.6	ANI95_01686
primary	bac120	NEE60_G_01640	alaska_permafrost_reference_SRR3984960rbin.8	ANI95_01687
primary	bac120	NEE60_G_01641	alaska_permafrost_reference_SRR3984961rbin.1	ANI95_01688
primary	bac120	NEE60_G_01642	alaska_permafrost_reference_SRR3984962rbin.17	ANI95_01689
primary	bac120	NEE60_G_01643	alaska_permafrost_reference_SRR3984962rbin.21	ANI95_01690
primary	bac120	NEE60_G_01644	alaska_permafrost_reference_SRR3984962rbin.22	ANI95_01691
primary	bac120	NEE60_G_01645	alaska_permafrost_reference_SRR3984962rbin.27	ANI95_01692
primary	bac120	NEE60_G_01646	alaska_permafrost_reference_SRR3984963rbin.1	ANI95_01693
primary	bac120	NEE60_G_01647	alaska_permafrost_reference_SRR3984963rbin.13	ANI95_01694
primary	bac120	NEE60_G_01648	alaska_permafrost_reference_SRR3984963rbin.15	ANI95_01695
primary	bac120	NEE60_G_01649	alaska_permafrost_reference_SRR3984963rbin.18	ANI95_01696
primary	bac120	NEE60_G_01650	alaska_permafrost_reference_SRR3984963rbin.2	ANI95_01355
primary	bac120	NEE60_G_01651	alaska_permafrost_reference_SRR3984963rbin.4	ANI95_01697
primary	bac120	NEE60_G_01652	alaska_permafrost_reference_SRR3985188rbin.4	ANI95_01698
primary	bac120	NEE60_G_01655	alaska_permafrost_reference_SRR3985370rbin.4	ANI95_01701
primary	bac120	NEE60_G_01656	alaska_permafrost_reference_SRR3985382rbin.2	ANI95_01702
primary	bac120	NEE60_G_01657	alaska_permafrost_reference_SRR3985383rbin.2	ANI95_01703
primary	bac120	NEE60_G_01658	alaska_permafrost_reference_SRR3985384rbin.17	ANI95_01704
primary	bac120	NEE60_G_01659	alaska_permafrost_reference_SRR3985384rbin.9	ANI95_01705
primary	bac120	NEE60_G_01660	alaska_permafrost_reference_SRR3985390rbin.10	ANI95_01706
primary	bac120	NEE60_G_01661	alaska_permafrost_reference_SRR3985390rbin.12	ANI95_01707
primary	bac120	NEE60_G_01662	alaska_permafrost_reference_SRR3985390rbin.3	ANI95_01708
primary	bac120	NEE60_G_01663	alaska_permafrost_reference_SRR3985391rbin.2	ANI95_01709
primary	bac120	NEE60_G_01664	alaska_permafrost_reference_SRR3985394rbin.4	ANI95_01710
primary	bac120	NEE60_G_01665	alaska_permafrost_reference_SRR3985394rbin.9	ANI95_01711
primary	bac120	NEE60_G_01666	alaska_permafrost_reference_SRR3985395rbin.18	ANI95_01712
primary	bac120	NEE60_G_01667	alaska_permafrost_reference_SRR3985395rbin.2	ANI95_01713
primary	bac120	NEE60_G_01668	alaska_permafrost_reference_SRR3985395rbin.20	ANI95_01432
primary	bac120	NEE60_G_01669	alaska_permafrost_reference_SRR3985396rbin.13	ANI95_01714
primary	bac120	NEE60_G_01670	alaska_permafrost_reference_SRR3985396rbin.14	ANI95_01715
primary	bac120	NEE60_G_01671	alaska_permafrost_reference_SRR3985396rbin.15	ANI95_01716
primary	bac120	NEE60_G_01672	alaska_permafrost_reference_SRR3985396rbin.16	ANI95_01717
primary	bac120	NEE60_G_01673	alaska_permafrost_reference_SRR3985396rbin.20	ANI95_01718
primary	bac120	NEE60_G_01674	alaska_permafrost_reference_SRR3985396rbin.6	ANI95_01366
primary	bac120	NEE60_G_01675	alaska_permafrost_reference_SRR3985397rbin.5	ANI95_01719
primary	bac120	NEE60_G_01676	alaska_permafrost_reference_SRR3985419rbin.1	ANI95_01360
primary	bac120	NEE60_G_01677	alaska_permafrost_reference_SRR3985419rbin.2	ANI95_01559
primary	bac120	NEE60_G_01678	alaska_permafrost_reference_SRR3985420rbin.1	ANI95_01720
primary	bac120	NEE60_G_01679	alaska_permafrost_reference_SRR3985420rbin.3	ANI95_01721
primary	bac120	NEE60_G_01680	alaska_permafrost_reference_SRR3985421rbin.12	ANI95_01722
primary	bac120	NEE60_G_01681	alaska_permafrost_reference_SRR3985421rbin.8	ANI95_01723
primary	bac120	NEE60_G_01682	alaska_permafrost_reference_SRR3985424rbin.12	ANI95_01725
primary	bac120	NEE60_G_01683	alaska_permafrost_reference_SRR3985424rbin.2	ANI95_01726
primary	bac120	NEE60_G_01684	alaska_permafrost_reference_SRR3985424rbin.5	ANI95_01727
primary	bac120	NEE60_G_01685	alaska_permafrost_reference_SRR3985526rbin.14	ANI95_01728
primary	bac120	NEE60_G_01686	alaska_permafrost_reference_SRR3985527rbin.9	ANI95_01729
primary	bac120	NEE60_G_01687	alaska_permafrost_reference_SRR3989121rbin.10	ANI95_01730
primary	bac120	NEE60_G_01688	alaska_permafrost_reference_SRR3989121rbin.11	ANI95_01731
primary	bac120	NEE60_G_01689	alaska_permafrost_reference_SRR3989121rbin.13	ANI95_01732
primary	bac120	NEE60_G_01690	alaska_permafrost_reference_SRR3989121rbin.14	ANI95_01733
primary	bac120	NEE60_G_01691	alaska_permafrost_reference_SRR3989121rbin.21	ANI95_01734
primary	bac120	NEE60_G_01692	alaska_permafrost_reference_SRR3989121rbin.24	ANI95_01735
primary	bac120	NEE60_G_01693	alaska_permafrost_reference_SRR3989121rbin.25	ANI95_01736
primary	bac120	NEE60_G_01694	alaska_permafrost_reference_SRR3989121rbin.27	ANI95_01737
primary	bac120	NEE60_G_01695	alaska_permafrost_reference_SRR3989121rbin.28	ANI95_01738
primary	bac120	NEE60_G_01696	alaska_permafrost_reference_SRR3989121rbin.37	ANI95_01739
primary	bac120	NEE60_G_01697	alaska_permafrost_reference_SRR3989121rbin.6	ANI95_01740
primary	bac120	NEE60_G_01698	alaska_permafrost_reference_SRR3989121rbin.7	ANI95_01741
primary	bac120	NEE60_G_01699	alaska_permafrost_reference_SRR3989239rbin.10	ANI95_01742
primary	bac120	NEE60_G_01700	alaska_permafrost_reference_SRR3989239rbin.17	ANI95_01743
primary	bac120	NEE60_G_01701	alaska_permafrost_reference_SRR3989239rbin.22	ANI95_01744
primary	bac120	NEE60_G_01702	alaska_permafrost_reference_SRR3989239rbin.23	ANI95_01745
primary	bac120	NEE60_G_01703	alaska_permafrost_reference_SRR3989239rbin.24	ANI95_01746
primary	bac120	NEE60_G_01704	alaska_permafrost_reference_SRR3989239rbin.25	ANI95_01747
primary	bac120	NEE60_G_01707	alaska_permafrost_reference_SRR3989239rbin.35	ANI95_01750
primary	bac120	NEE60_G_01708	alaska_permafrost_reference_SRR3989239rbin.8	ANI95_01751
primary	bac120	NEE60_G_01709	alaska_permafrost_reference_SRR3989239rbin.9	ANI95_01752
primary	bac120	NEE60_G_01710	alaska_permafrost_reference_SRR3989254rbin.10	ANI95_01753
primary	bac120	NEE60_G_01711	alaska_permafrost_reference_SRR3989254rbin.20	ANI95_01754
primary	bac120	NEE60_G_01712	alaska_permafrost_reference_SRR3989254rbin.30	ANI95_01755
primary	bac120	NEE60_G_01713	alaska_permafrost_reference_SRR3989254rbin.37	ANI95_01756
primary	bac120	NEE60_G_01714	alaska_permafrost_reference_SRR3989254rbin.42	ANI95_01757
primary	bac120	NEE60_G_01715	alaska_permafrost_reference_SRR3989254rbin.43	ANI95_01758
primary	bac120	NEE60_G_01716	alaska_permafrost_reference_SRR3989254rbin.5	ANI95_01759
primary	bac120	NEE60_G_01717	alaska_permafrost_reference_SRR3989254rbin.6	ANI95_01760
primary	bac120	NEE60_G_01718	alaska_permafrost_reference_SRR3989257rbin.10	ANI95_01761
primary	bac120	NEE60_G_01719	alaska_permafrost_reference_SRR3989257rbin.17	ANI95_01762
primary	bac120	NEE60_G_01720	alaska_permafrost_reference_SRR3989257rbin.29	ANI95_01763
primary	bac120	NEE60_G_01721	alaska_permafrost_reference_SRR3989257rbin.36	ANI95_01764
primary	bac120	NEE60_G_01722	alaska_permafrost_reference_SRR3989257rbin.45	ANI95_01765
primary	bac120	NEE60_G_01723	alaska_permafrost_reference_SRR3989257rbin.48	ANI95_01766
primary	bac120	NEE60_G_01724	alaska_permafrost_reference_SRR3989257rbin.5	ANI95_01767
primary	bac120	NEE60_G_01725	alaska_permafrost_reference_SRR3989257rbin.52	ANI95_01768
primary	bac120	NEE60_G_01726	alaska_permafrost_reference_SRR3989257rbin.6	ANI95_01769
primary	bac120	NEE60_G_01727	alaska_permafrost_reference_SRR3989257rbin.7	ANI95_01770
primary	bac120	NEE60_G_01728	alaska_permafrost_reference_SRR3989257rbin.8	ANI95_01771
primary	bac120	NEE60_G_01729	alaska_permafrost_reference_SRR3989258rbin.1	ANI95_01772
primary	bac120	NEE60_G_01730	alaska_permafrost_reference_SRR3989258rbin.18	ANI95_01773
primary	bac120	NEE60_G_01731	alaska_permafrost_reference_SRR3989258rbin.2	ANI95_01774
primary	bac120	NEE60_G_01732	alaska_permafrost_reference_SRR3989258rbin.20	ANI95_01775
primary	bac120	NEE60_G_01733	alaska_permafrost_reference_SRR3989258rbin.21	ANI95_01776
primary	bac120	NEE60_G_01734	alaska_permafrost_reference_SRR3989258rbin.23	ANI95_01777
primary	bac120	NEE60_G_01735	alaska_permafrost_reference_SRR3989258rbin.24	ANI95_01778
primary	bac120	NEE60_G_01736	alaska_permafrost_reference_SRR3989258rbin.25	ANI95_01779
primary	bac120	NEE60_G_01737	alaska_permafrost_reference_SRR3989258rbin.29	ANI95_01780
primary	bac120	NEE60_G_01738	alaska_permafrost_reference_SRR3989258rbin.34	ANI95_01781
primary	bac120	NEE60_G_01739	alaska_permafrost_reference_SRR3989258rbin.4	ANI95_01782
primary	bac120	NEE60_G_01740	alaska_permafrost_reference_SRR3989258rbin.6	ANI95_01783
primary	bac120	NEE60_G_01741	alaska_permafrost_reference_SRR3989258rbin.8	ANI95_01784
primary	bac120	NEE60_G_01742	alaska_permafrost_reference_SRR3990169rbin.168	ANI95_01785
primary	bac120	NEE60_G_01743	alaska_permafrost_reference_SRR4021130rbin.1	ANI95_01786
primary	bac120	NEE60_G_01744	alaska_permafrost_reference_SRR4027831rbin.1	ANI95_01787
primary	bac120	NEE60_G_01745	alaska_permafrost_reference_SRR4027936rbin.10	ANI95_01788
primary	bac120	NEE60_G_01746	alaska_permafrost_reference_SRR4027936rbin.2	ANI95_01789
primary	bac120	NEE60_G_01747	alaska_permafrost_reference_SRR4027936rbin.3	ANI95_01790
primary	bac120	NEE60_G_01748	alaska_permafrost_reference_SRR4027936rbin.4	ANI95_01791
primary	bac120	NEE60_G_01749	alaska_permafrost_reference_SRR5133179rbin.1	ANI95_01792
primary	bac120	NEE60_G_01750	alaska_permafrost_reference_SRR5153238rbin.1	ANI95_01793
primary	bac120	NEE60_G_01751	alaska_permafrost_reference_SRR5195106rbin.10	ANI95_01794
primary	bac120	NEE60_G_01752	alaska_permafrost_reference_SRR5195139rbin.3	ANI95_01795
primary	bac120	NEE60_G_01753	alaska_permafrost_reference_SRR5450747rbin.3	ANI95_01796
primary	bac120	NEE60_G_01754	alaska_permafrost_reference_SRR5450747rbin.4	ANI95_01797
primary	bac120	NEE60_G_01755	alaska_permafrost_reference_SRR5450757rbin.10	ANI95_01798
primary	bac120	NEE60_G_01756	alaska_permafrost_reference_SRR5450757rbin.11	ANI95_01799
primary	bac120	NEE60_G_01757	alaska_permafrost_reference_SRR5450757rbin.4	ANI95_01800
primary	bac120	NEE60_G_01758	alaska_permafrost_reference_SRR5512140rbin.3	ANI95_01801
primary	bac120	NEE60_G_01759	alaska_permafrost_reference_SRR5579863rbin.13	ANI95_01802
primary	bac120	NEE60_G_01760	alaska_permafrost_reference_SRR5581483rbin.38	ANI95_01803
primary	bac120	NEE60_G_01761	alaska_permafrost_reference_SRR5659263rbin.1	ANI95_01804
primary	bac120	NEE60_G_01762	alaska_permafrost_reference_SRR5659263rbin.7	ANI95_01805
primary	bac120	NEE60_G_01763	alaska_permafrost_reference_SRR5664279rbin.18	ANI95_01806
primary	bac120	NEE60_G_01764	alaska_permafrost_reference_SRR5664280rbin.10	ANI95_01397
primary	bac120	NEE60_G_01765	alaska_permafrost_reference_SRR5664280rbin.15	ANI95_01807
primary	bac120	NEE60_G_01766	alaska_permafrost_reference_SRR5664280rbin.16	ANI95_01808
primary	bac120	NEE60_G_01767	alaska_permafrost_reference_SRR5664280rbin.2	ANI95_01724
primary	bac120	NEE60_G_01768	alaska_permafrost_reference_SRR5664280rbin.3	ANI95_01809
primary	bac120	NEE60_G_01769	alaska_permafrost_reference_SRR5664280rbin.6	ANI95_01810
primary	bac120	NEE60_G_01770	alaska_permafrost_reference_SRR5664280rbin.7	ANI95_01811
primary	bac120	NEE60_G_01771	alaska_permafrost_reference_SRR5664280rbin.9	ANI95_01812
primary	bac120	NEE60_G_01772	alaska_permafrost_reference_SRR5665213rbin.1	ANI95_01813
primary	bac120	NEE60_G_01773	alaska_permafrost_reference_SRR5665213rbin.13	ANI95_01814
primary	bac120	NEE60_G_01774	alaska_permafrost_reference_SRR5665213rbin.19	ANI95_01815
primary	bac120	NEE60_G_01775	alaska_permafrost_reference_SRR5665213rbin.30	ANI95_01816
primary	bac120	NEE60_G_01776	alaska_permafrost_reference_SRR5665213rbin.34	ANI95_01817
primary	bac120	NEE60_G_01777	alaska_permafrost_reference_SRR5665213rbin.38	ANI95_01818
primary	bac120	NEE60_G_01778	alaska_permafrost_reference_SRR5665647rbin.11	ANI95_01819
primary	bac120	NEE60_G_01779	alaska_permafrost_reference_SRR5665647rbin.21	ANI95_01820
primary	bac120	NEE60_G_01780	alaska_permafrost_reference_SRR5665647rbin.7	ANI95_01821
primary	bac120	NEE60_G_01781	alaska_permafrost_reference_SRR5665647rbin.8	ANI95_01822
primary	bac120	NEE60_G_01782	alaska_permafrost_reference_SRR5665648rbin.10	ANI95_01823
primary	bac120	NEE60_G_01783	alaska_permafrost_reference_SRR5665648rbin.2	ANI95_01824
primary	bac120	NEE60_G_01784	alaska_permafrost_reference_SRR5674476rbin.2	ANI95_01825
primary	bac120	NEE60_G_01785	alaska_permafrost_reference_SRR5680860rbin.7	ANI95_01826
primary	bac120	NEE60_G_01786	alaska_permafrost_reference_SRR5680860rbin.8	ANI95_01827
primary	bac120	NEE60_G_01787	alaska_permafrost_reference_SRR5712664rbin.3	ANI95_01828
primary	bac120	NEE60_G_01788	alaska_permafrost_reference_SRR5712671rbin.6	ANI95_01829
primary	bac120	NEE60_G_01789	alaska_permafrost_reference_SRR5882724rbin.12	ANI95_01830
primary	bac120	NEE60_G_01790	alaska_permafrost_reference_SRR5916035rbin.5	ANI95_01831
primary	bac120	NEE60_G_01791	alaska_permafrost_reference_SRR6152564rbin.9	ANI95_01832
primary	bac120	NEE60_G_01792	alaska_permafrost_reference_SRR6185369rbin.15	ANI95_01833
primary	bac120	NEE60_G_01793	alaska_permafrost_reference_SRR6185512rbin.17	ANI95_01834
primary	bac120	NEE60_G_01794	alaska_permafrost_reference_SRR6195952rbin.1	ANI95_01835
primary	bac120	NEE60_G_01795	alaska_permafrost_reference_SRR6202162rbin.6	ANI95_01836
primary	bac120	NEE60_G_01796	alaska_permafrost_reference_SRR6202166rbin.4	ANI95_01837
primary	bac120	NEE60_G_01797	alaska_permafrost_reference_SRR6202521rbin.9	ANI95_01838
primary	bac120	NEE60_G_01798	alaska_permafrost_reference_SRR6266550rbin.15	ANI95_01839
primary	bac120	NEE60_G_01799	alaska_permafrost_reference_SRR6474866rbin.5	ANI95_01840
primary	bac120	NEE60_G_01800	alaska_permafrost_reference_SRR7011028rbin.3	ANI95_01841
primary	bac120	NEE60_G_01801	alaska_permafrost_reference_SRR7011942rbin.1	ANI95_01842
primary	bac120	NEE60_G_01802	alaska_permafrost_reference_SRR7011951rbin.9	ANI95_01843
primary	bac120	NEE60_G_01803	alaska_permafrost_reference_SRR7026199rbin.1	ANI95_01844
primary	bac120	NEE60_G_01804	alaska_permafrost_reference_SRR7026262rbin.4	ANI95_01845
primary	bac120	NEE60_G_01805	alaska_permafrost_reference_SRR7026314rbin.1	ANI95_01846
primary	bac120	NEE60_G_01806	alaska_permafrost_reference_SRR7026564rbin.3	ANI95_01847
primary	bac120	NEE60_G_01807	alaska_permafrost_reference_SRR7097862rbin.3	ANI95_01848
primary	bac120	NEE60_G_01808	alaska_permafrost_reference_SRR7097863rbin.20	ANI95_01849
primary	bac120	NEE60_G_01809	alaska_permafrost_reference_SRR7102015rbin.17	ANI95_01850
primary	bac120	NEE60_G_01810	alaska_permafrost_reference_SRR7102015rbin.20	ANI95_01851
primary	bac120	NEE60_G_01811	alaska_permafrost_reference_SRR7102015rbin.23	ANI95_01852
primary	bac120	NEE60_G_01812	alaska_permafrost_reference_SRR7102016rbin.16	ANI95_01853
primary	bac120	NEE60_G_01813	alaska_permafrost_reference_SRR7102016rbin.9	ANI95_01854
primary	bac120	NEE60_G_01814	alaska_permafrost_reference_SRR7448200rbin.2	ANI95_01855
primary	bac120	NEE60_G_01815	alaska_permafrost_reference_SRR7468842rbin.4	ANI95_01856
primary	bac120	NEE60_G_01816	alaska_permafrost_reference_SRR7629280rbin.12	ANI95_01857
primary	bac120	NEE60_G_01817	alaska_permafrost_reference_SRR7741809rbin.26	ANI95_01858
primary	bac120	NEE60_G_01818	alaska_permafrost_reference_SRR7741809rbin.9	ANI95_01859
primary	bac120	NEE60_G_01819	alaska_permafrost_reference_SRR7968382rbin.1	ANI95_01860
primary	bac120	NEE60_G_01820	alaska_permafrost_reference_SRR8090375rbin.10	ANI95_01861
primary	bac120	NEE60_G_01821	alaska_permafrost_reference_SRR8090375rbin.11	ANI95_01862
primary	bac120	NEE60_G_01822	alaska_permafrost_reference_SRR8090375rbin.6	ANI95_01863
primary	bac120	NEE60_G_01823	alaska_permafrost_reference_SRR8443320rbin.2	ANI95_01864
primary	bac120	NEE60_G_01824	alaska_permafrost_reference_SRR8554483rbin.107	ANI95_01865
primary	bac120	NEE60_G_01825	alaska_permafrost_reference_SRR8554485rbin.58	ANI95_01866
primary	bac120	NEE60_G_01826	alaska_permafrost_reference_SRR8554503rbin.30	ANI95_01867
primary	bac120	NEE60_G_01827	alaska_permafrost_reference_SRR8554504rbin.36	ANI95_01868
primary	bac120	NEE60_G_01828	alaska_permafrost_reference_SRR8554504rbin.72	ANI95_01869
primary	bac120	NEE60_G_01829	alaska_permafrost_reference_SRR8554643rbin.120	ANI95_01870
primary	bac120	NEE60_G_01830	alaska_permafrost_reference_SRR8676592rbin.10	ANI95_01871
primary	bac120	NEE60_G_01831	alaska_permafrost_reference_SRR8879134rbin.12	ANI95_01873
primary	bac120	NEE60_G_01832	alaska_permafrost_reference_SRR8879134rbin.43	ANI95_01874
primary	bac120	NEE60_G_01833	alaska_permafrost_reference_SRR8881005rbin.27	ANI95_01875
primary	bac120	NEE60_G_01834	alaska_permafrost_reference_SRR8881006rbin.67	ANI95_01876
primary	bac120	NEE60_G_01835	alaska_permafrost_reference_SRR9009773bin.334	ANI95_01877
primary	bac120	NEE60_G_01836	alaska_permafrost_reference_SRR9009774bin.118	ANI95_01878
primary	bac120	NEE60_G_01837	alaska_permafrost_reference_SRR9650533rbin.8	ANI95_01879
primary	bac120	NEE60_G_01838	alaska_permafrost_reference_SRR9656165rbin.8	ANI95_01880
primary	bac120	NEE60_G_01839	alaska_permafrost_reference_SRR9691026rbin.5	ANI95_01881
primary	bac120	NEE60_G_01840	alaska_permafrost_reference_SRR9691032rbin.2	ANI95_01882
primary	bac120	NEE60_G_01841	alaska_permafrost_reference_SRR9691034rbin.6	ANI95_01883
primary	bac120	NEE60_G_01842	alaska_permafrost_reference_SRR9691041rbin.3	ANI95_01884
primary	bac120	NEE60_G_01843	alaska_permafrost_reference_SRR9691046rbin.21	ANI95_01885
primary	bac120	NEE60_G_01844	alaska_permafrost_reference_SRR9694538rbin.2	ANI95_01886
primary	bac120	NEE60_G_01846	atacama_halite_rainfall_prjna484015_SG1_Actinobacteria_73_19	ANI95_01889
primary	bac120	NEE60_G_01847	atacama_halite_rainfall_prjna484015_SG1_Burkholderiales_64_6	ANI95_01890
primary	bac120	NEE60_G_01848	atacama_halite_rainfall_prjna484015_SG1_Chromatiales_50_6	ANI95_01891
primary	bac120	NEE60_G_01849	atacama_halite_rainfall_prjna484015_SG1_Chromatiales_69_23	ANI95_01892
primary	bac120	NEE60_G_01850	atacama_halite_rainfall_prjna484015_SG1_Deltaproteobacteria_66_5	ANI95_01893
primary	bac120	NEE60_G_01851	atacama_halite_rainfall_prjna484015_SG1_Ectothiorhodospiraceae_64_8	ANI95_01894
primary	bac120	NEE60_G_01852	atacama_halite_rainfall_prjna484015_SG1_Euhalothece_44_8	ANI95_01895
primary	bac120	NEE60_G_01853	atacama_halite_rainfall_prjna484015_SG1_Gammaproteobacteria_46_8	ANI95_01896
primary	bac120	NEE60_G_01915	atacama_halite_rainfall_prjna484015_SG1_Salinibacter_62_31	ANI95_01972
primary	bac120	NEE60_G_01916	atacama_halite_rainfall_prjna484015_SG1_Salinibacter_62_5	ANI95_01973
primary	bac120	NEE60_G_01917	atacama_halite_rainfall_prjna484015_SG1_Salinibacter_64_7	ANI95_01974
primary	bac120	NEE60_G_01918	atacama_halite_rainfall_prjna484015_SG1_Salinibacter_66_7	ANI95_01975
primary	bac120	NEE60_G_01919	atacama_halite_rainfall_prjna484015_SG1_Salinibacter_68_39	ANI95_01976
primary	bac120	NEE60_G_01920	atacama_halite_rainfall_prjna484015_SG1_Salinibacter_68_41	ANI95_01977
primary	bac120	NEE60_G_01940	atacama_salt_crust_prjna351262_GCA_003021505.1_ASM302150v1_genomic	ANI95_01966
primary	bac120	NEE60_G_01948	atacama_salt_crust_prjna351262_GCA_003021915.1_ASM302191v1_genomic	ANI95_01997
primary	bac120	NEE60_G_01952	atacama_salt_crust_prjna351262_GCA_003022125.1_ASM302212v1_genomic	ANI95_01967
primary	bac120	NEE60_G_01953	atacama_salt_crust_prjna351262_GCA_003022255.1_ASM302225v1_genomic	ANI95_02001
primary	bac120	NEE60_G_01954	atacama_salt_crust_prjna351262_GCA_003022305.1_ASM302230v1_genomic	ANI95_02002
primary	bac120	NEE60_G_01955	atacama_salt_crust_prjna351262_GCA_003022345.1_ASM302234v1_genomic	ANI95_02003
primary	bac120	NEE60_G_01956	atacama_salt_crust_prjna351262_GCA_003022365.1_ASM302236v1_genomic	ANI95_02004
primary	bac120	NEE60_G_01957	atacama_salt_crust_prjna351262_GCA_003022435.1_ASM302243v1_genomic	ANI95_02005
primary	bac120	NEE60_G_01958	atacama_salt_crust_prjna351262_GCA_003022505.1_ASM302250v1_genomic	ANI95_02006
primary	bac120	NEE60_G_01959	atacama_salt_crust_prjna351262_GCA_003022535.1_ASM302253v1_genomic	ANI95_02007
primary	bac120	NEE60_G_01960	atacama_salt_crust_prjna351262_GCA_003022565.1_ASM302256v1_genomic	ANI95_02008
primary	bac120	NEE60_G_01961	atacama_salt_crust_prjna351262_GCA_003022645.1_ASM302264v1_genomic	ANI95_02009
primary	bac120	NEE60_G_01962	atacama_salt_crust_prjna351262_GCA_003022655.1_ASM302265v1_genomic	ANI95_02010
primary	bac120	NEE60_G_01970	atacama_salt_crust_prjna351262_GCA_003022965.1_ASM302296v1_genomic	ANI95_02016
primary	bac120	NEE60_G_01971	atacama_salt_crust_prjna351262_GCA_003022985.1_ASM302298v1_genomic	ANI95_02017
primary	bac120	NEE60_G_01972	atacama_salt_crust_prjna351262_GCA_003023065.1_ASM302306v1_genomic	ANI95_02018
primary	bac120	NEE60_G_01976	atacama_salt_crust_prjna351262_GCA_003023295.1_ASM302329v1_genomic	ANI95_02021
primary	bac120	NEE60_G_01982	desert2025__GCA_030772935.1	ANI95_02024
primary	bac120	NEE60_G_01985	desert2025__GCA_030773035.1	ANI95_02027
primary	bac120	NEE60_G_01986	desert2025__GCA_030773055.1	ANI95_02028
primary	bac120	NEE60_G_01987	desert2025__GCA_030773095.1	ANI95_02029
primary	bac120	NEE60_G_01988	desert2025__GCA_030773115.1	ANI95_02030
primary	bac120	NEE60_G_01989	desert2025__GCA_030773135.1	ANI95_02031
primary	bac120	NEE60_G_01991	desert2025__GCA_030773215.1	ANI95_02034
primary	bac120	NEE60_G_01992	desert2025__GCA_030773235.1	ANI95_02035
primary	bac120	NEE60_G_01994	desert2025__GCA_030773295.1	ANI95_02036
primary	bac120	NEE60_G_01995	desert2025__GCA_030773315.1	ANI95_00003
primary	bac120	NEE60_G_01996	desert2025__GCA_030773355.1	ANI95_02037
primary	bac120	NEE60_G_01997	desert2025__GCA_030773375.1	ANI95_02038
primary	bac120	NEE60_G_01998	desert2025__GCA_030773395.1	ANI95_02039
primary	bac120	NEE60_G_01999	desert2025__GCA_030773415.1	ANI95_02040
primary	bac120	NEE60_G_02000	desert2025__GCA_030773435.1	ANI95_02041
primary	bac120	NEE60_G_02001	desert2025__GCA_030773455.1	ANI95_02042
primary	bac120	NEE60_G_02002	desert2025__GCA_030773475.1	ANI95_00001
primary	bac120	NEE60_G_02003	desert2025__GCA_030773495.1	ANI95_02043
primary	bac120	NEE60_G_02004	desert2025__GCA_030773535.1	ANI95_02033
primary	bac120	NEE60_G_02005	desert2025__GCA_030773555.1	ANI95_02044
primary	bac120	NEE60_G_02006	desert2025__GCA_030773575.1	ANI95_02045
primary	bac120	NEE60_G_02007	desert2025__GCA_030773595.1	ANI95_02046
primary	bac120	NEE60_G_02008	desert2025__GCA_030773615.1	ANI95_02047
primary	bac120	NEE60_G_02009	desert2025__GCA_030773675.1	ANI95_02048
primary	bac120	NEE60_G_02010	desert2025__GCA_030773715.1	ANI95_00014
primary	bac120	NEE60_G_02011	desert2025__GCA_030773735.1	ANI95_02049
primary	bac120	NEE60_G_02012	desert2025__GCA_030773755.1	ANI95_02050
primary	bac120	NEE60_G_02013	desert2025__GCA_030773775.1	ANI95_02051
primary	bac120	NEE60_G_02014	desert2025__GCA_030773815.1	ANI95_02052
primary	bac120	NEE60_G_02015	desert2025__GCA_030773835.1	ANI95_02053
primary	bac120	NEE60_G_02016	desert2025__GCA_030773855.1	ANI95_02054
primary	bac120	NEE60_G_02017	desert2025__GCA_030773875.1	ANI95_02055
primary	bac120	NEE60_G_02018	desert2025__GCA_030773895.1	ANI95_02056
primary	bac120	NEE60_G_02019	desert2025__GCA_030773915.1	ANI95_02057
primary	bac120	NEE60_G_02020	desert2025__GCA_030773935.1	ANI95_02058
primary	bac120	NEE60_G_02021	desert2025__GCA_030773955.1	ANI95_02059
primary	bac120	NEE60_G_02022	desert2025__GCA_030773975.1	ANI95_02060
primary	bac120	NEE60_G_02023	desert2025__GCA_030773995.1	ANI95_02061
primary	bac120	NEE60_G_02024	desert2025__GCA_030774015.1	ANI95_02062
primary	bac120	NEE60_G_02025	desert2025__GCA_030774035.1	ANI95_02063
primary	bac120	NEE60_G_02026	desert2025__GCA_030774055.1	ANI95_02064
primary	bac120	NEE60_G_02027	desert2025__GCA_030774075.1	ANI95_02065
primary	bac120	NEE60_G_02028	desert2025__GCA_030774095.1	ANI95_02066
primary	bac120	NEE60_G_02029	desert2025__GCA_030774155.1	ANI95_02067
primary	bac120	NEE60_G_02030	desert2025__GCA_030774175.1	ANI95_02068
primary	bac120	NEE60_G_02031	desert2025__GCA_030774195.1	ANI95_02069
primary	bac120	NEE60_G_02032	desert2025__GCA_030774215.1	ANI95_02070
primary	bac120	NEE60_G_02033	desert2025__GCA_030774235.1	ANI95_02071
primary	bac120	NEE60_G_02034	desert2025__GCA_030774255.1	ANI95_02072
primary	bac120	NEE60_G_02035	desert2025__GCA_030774275.1	ANI95_02073
primary	bac120	NEE60_G_02037	desert2025__GCA_030774315.1	ANI95_02075
primary	bac120	NEE60_G_02038	desert2025__GCA_030774335.1	ANI95_02076
primary	bac120	NEE60_G_02039	desert2025__GCA_030774355.1	ANI95_02077
primary	bac120	NEE60_G_02040	desert2025__GCA_030774375.1	ANI95_02078
primary	bac120	NEE60_G_02041	desert2025__GCA_030774395.1	ANI95_02079
primary	bac120	NEE60_G_02042	desert2025__GCA_030774415.1	ANI95_02080
primary	bac120	NEE60_G_02043	desert2025__GCA_030774435.1	ANI95_02081
primary	bac120	NEE60_G_02044	desert2025__GCA_030774455.1	ANI95_02082
primary	bac120	NEE60_G_02045	desert2025__GCA_030774475.1	ANI95_02083
primary	bac120	NEE60_G_02046	desert2025__GCA_030774495.1	ANI95_02084
primary	bac120	NEE60_G_02047	desert2025__GCA_030774515.1	ANI95_02085
primary	bac120	NEE60_G_02048	desert2025__GCA_030774535.1	ANI95_02086
primary	bac120	NEE60_G_02049	desert2025__GCA_030774555.1	ANI95_02087
primary	bac120	NEE60_G_02050	desert2025__GCA_030774575.1	ANI95_02088
primary	bac120	NEE60_G_02051	desert2025__GCA_030774595.1	ANI95_02089
primary	bac120	NEE60_G_02052	desert2025__GCA_030774615.1	ANI95_02090
primary	bac120	NEE60_G_02053	desert2025__GCA_030774635.1	ANI95_02091
primary	bac120	NEE60_G_02054	desert2025__GCA_030774655.1	ANI95_02092
primary	bac120	NEE60_G_02055	desert2025__GCA_030774675.1	ANI95_02093
primary	bac120	NEE60_G_02056	desert2025__GCA_030774705.1	ANI95_02094
primary	bac120	NEE60_G_02057	desert2025__GCA_030774745.1	ANI95_02095
primary	bac120	NEE60_G_02058	desert2025__GCA_030774765.1	ANI95_02096
primary	bac120	NEE60_G_02059	desert2025__GCA_030774785.1	ANI95_02097
primary	bac120	NEE60_G_02060	desert2025__GCA_030774805.1	ANI95_02098
primary	bac120	NEE60_G_02061	desert2025__GCA_030774825.1	ANI95_02099
primary	bac120	NEE60_G_02062	desert2025__GCA_030774845.1	ANI95_02100
primary	bac120	NEE60_G_02063	desert2025__GCA_030774885.1	ANI95_02101
primary	bac120	NEE60_G_02064	desert2025__GCA_030774905.1	ANI95_02102
primary	bac120	NEE60_G_02065	desert2025__GCA_030774925.1	ANI95_02103
primary	bac120	NEE60_G_02066	desert2025__GCA_030774945.1	ANI95_02104
primary	bac120	NEE60_G_02067	desert2025__GCA_030775025.1	ANI95_02105
primary	bac120	NEE60_G_02068	desert2025__GCA_030775045.1	ANI95_02106
primary	bac120	NEE60_G_02069	desert2025__GCA_030775065.1	ANI95_02107
primary	bac120	NEE60_G_02070	desert2025__GCA_030775085.1	ANI95_02108
primary	bac120	NEE60_G_02071	desert2025__GCA_030775105.1	ANI95_02109
primary	bac120	NEE60_G_02072	desert2025__GCA_030775145.1	ANI95_02110
primary	bac120	NEE60_G_02073	desert2025__GCA_030775165.1	ANI95_02111
primary	bac120	NEE60_G_02074	desert2025__GCA_030775195.1	ANI95_02112
primary	bac120	NEE60_G_02075	desert2025__GCA_030775225.1	ANI95_02113
primary	bac120	NEE60_G_02076	desert2025__GCA_030775245.1	ANI95_02114
primary	bac120	NEE60_G_02077	desert2025__GCA_030775265.1	ANI95_02115
primary	bac120	NEE60_G_02078	desert2025__GCA_030775305.1	ANI95_02116
primary	bac120	NEE60_G_02079	desert2025__GCA_030775345.1	ANI95_02117
primary	bac120	NEE60_G_02080	desert2025__GCA_030775365.1	ANI95_02118
primary	bac120	NEE60_G_02081	desert2025__GCA_030775375.1	ANI95_02119
primary	bac120	NEE60_G_02082	desert2025__GCA_030775405.1	ANI95_02120
primary	bac120	NEE60_G_02083	desert2025__GCA_030775415.1	ANI95_02121
primary	bac120	NEE60_G_02084	desert2025__GCA_030775445.1	ANI95_02122
primary	bac120	NEE60_G_02085	desert2025__GCA_030775465.1	ANI95_02123
primary	bac120	NEE60_G_02086	desert2025__GCA_030775485.1	ANI95_02124
primary	bac120	NEE60_G_02087	desert2025__GCA_030775525.1	ANI95_02125
primary	bac120	NEE60_G_02088	desert2025__GCA_030775545.1	ANI95_02126
primary	bac120	NEE60_G_02089	desert2025__GCA_030775565.1	ANI95_02127
primary	bac120	NEE60_G_02090	desert2025__GCA_030775585.1	ANI95_02128
primary	bac120	NEE60_G_02091	desert2025__GCA_030775595.1	ANI95_02129
primary	bac120	NEE60_G_02092	desert2025__GCA_030775625.1	ANI95_02130
primary	bac120	NEE60_G_02093	desert2025__GCA_030775645.1	ANI95_02131
primary	bac120	NEE60_G_02094	desert2025__GCA_030775685.1	ANI95_02132
primary	bac120	NEE60_G_02095	desert2025__GCA_030775705.1	ANI95_02133
primary	bac120	NEE60_G_02096	desert2025__GCA_030775725.1	ANI95_02134
primary	bac120	NEE60_G_02097	desert2025__GCA_030775745.1	ANI95_02135
primary	bac120	NEE60_G_02098	desert2025__GCA_030775765.1	ANI95_02136
primary	bac120	NEE60_G_02099	desert2025__GCA_030775785.1	ANI95_02137
primary	bac120	NEE60_G_02100	desert2025__GCA_030775825.1	ANI95_02138
primary	bac120	NEE60_G_02101	desert2025__GCA_030775845.1	ANI95_02139
primary	bac120	NEE60_G_02102	desert2025__GCA_030775865.1	ANI95_02140
primary	bac120	NEE60_G_02103	desert2025__GCA_030775885.1	ANI95_02141
primary	bac120	NEE60_G_02104	desert2025__GCA_030775905.1	ANI95_02142
primary	bac120	NEE60_G_02105	desert2025__GCA_030775925.1	ANI95_02143
primary	bac120	NEE60_G_02106	desert2025__GCA_030775945.1	ANI95_02144
primary	bac120	NEE60_G_02107	desert2025__GCA_030775965.1	ANI95_02145
primary	bac120	NEE60_G_02108	desert2025__GCA_030776025.1	ANI95_02146
primary	bac120	NEE60_G_02109	desert2025__GCA_030776065.1	ANI95_02147
primary	bac120	NEE60_G_02110	desert2025__GCA_030776205.1	ANI95_02148
primary	bac120	NEE60_G_02111	desert2025__GCA_030776225.1	ANI95_02149
primary	bac120	NEE60_G_02112	desert2025__GCA_030776245.1	ANI95_02150
primary	bac120	NEE60_G_02113	desert2025__GCA_030776305.1	ANI95_02151
primary	bac120	NEE60_G_02114	desert2025__GCA_030776345.1	ANI95_02152
primary	bac120	NEE60_G_02115	desert2025__GCA_030776385.1	ANI95_02153
primary	bac120	NEE60_G_02116	desert2025__GCA_030776445.1	ANI95_02154
primary	bac120	NEE60_G_02117	desert2025__GCA_030776455.1	ANI95_02155
primary	bac120	NEE60_G_02118	desert2025__GCA_030776465.1	ANI95_02156
primary	bac120	NEE60_G_02119	desert2025__GCA_030776545.1	ANI95_02157
primary	bac120	NEE60_G_02120	desert2025__GCA_030776605.1	ANI95_02159
primary	bac120	NEE60_G_02121	desert2025__GCA_030776625.1	ANI95_02160
primary	bac120	NEE60_G_02122	desert2025__GCA_030776665.1	ANI95_02161
primary	bac120	NEE60_G_02124	desert2025__GCA_030776705.1	ANI95_02163
primary	bac120	NEE60_G_02125	desert2025__GCA_030776725.1	ANI95_02164
primary	bac120	NEE60_G_02126	desert2025__GCA_030776745.1	ANI95_02165
primary	bac120	NEE60_G_02127	desert2025__GCA_030776765.1	ANI95_02166
primary	bac120	NEE60_G_02128	desert2025__GCA_030776795.1	ANI95_02168
primary	bac120	NEE60_G_02129	desert2025__GCA_030776845.1	ANI95_02169
primary	bac120	NEE60_G_02130	desert2025__GCA_030776865.1	ANI95_02170
primary	bac120	NEE60_G_02131	desert2025__GCA_030776885.1	ANI95_02171
primary	bac120	NEE60_G_02132	desert2025__GCA_030776905.1	ANI95_02172
primary	bac120	NEE60_G_02134	desert2025__GCA_030776945.1	ANI95_02174
primary	bac120	NEE60_G_02135	desert2025__GCA_030776965.1	ANI95_02175
primary	bac120	NEE60_G_02136	desert2025__GCA_030776985.1	ANI95_02176
primary	bac120	NEE60_G_02137	desert2025__GCA_030777005.1	ANI95_02177
primary	bac120	NEE60_G_02138	desert2025__GCA_030777105.1	ANI95_02179
primary	bac120	NEE60_G_02139	desert2025__GCA_030777125.1	ANI95_02180
primary	bac120	NEE60_G_02140	desert2025__GCA_030777145.1	ANI95_02181
primary	bac120	NEE60_G_02141	desert2025__GCA_030777155.1	ANI95_02182
primary	bac120	NEE60_G_02142	desert2025__GCA_030777185.1	ANI95_02183
primary	bac120	NEE60_G_02143	desert2025__GCA_030777205.1	ANI95_02184
primary	bac120	NEE60_G_02144	desert2025__GCA_030777225.1	ANI95_02185
primary	bac120	NEE60_G_02145	desert2025__GCA_030777245.1	ANI95_02186
primary	bac120	NEE60_G_02146	desert2025__GCA_030777265.1	ANI95_02187
primary	bac120	NEE60_G_02149	desert2025__GCA_030777325.1	ANI95_02190
primary	bac120	NEE60_G_02150	desert2025__GCA_030777355.1	ANI95_02191
primary	bac120	NEE60_G_02151	desert2025__GCA_030777385.1	ANI95_02192
primary	bac120	NEE60_G_02153	desert2025__GCA_030799345.1	ANI95_02194
primary	bac120	NEE60_G_02154	desert2025__GCA_030799355.1	ANI95_02195
primary	bac120	NEE60_G_02155	desert2025__GCA_030799365.1	ANI95_02196
primary	bac120	NEE60_G_02156	desert2025__GCA_030852465.1	ANI95_02197
primary	bac120	NEE60_G_02157	desert2025__GCA_030852475.1	ANI95_02198
primary	bac120	NEE60_G_02158	desert2025__GCA_030852505.1	ANI95_02199
primary	bac120	NEE60_G_02159	desert2025__GCA_030852515.1	ANI95_02200
primary	bac120	NEE60_G_02160	desert2025__GCA_030852585.1	ANI95_02202
primary	bac120	NEE60_G_02162	desert2025__GCA_030852625.1	ANI95_02204
primary	bac120	NEE60_G_02163	desert2025__GCA_030852645.1	ANI95_02205
primary	bac120	NEE60_G_02164	desert2025__GCA_030852655.1	ANI95_02201
primary	bac120	NEE60_G_02165	desert2025__GCA_030852665.1	ANI95_02206
primary	bac120	NEE60_G_02166	desert2025__GCA_030852675.1	ANI95_02207
primary	bac120	NEE60_G_02167	desert2025__GCA_030852745.1	ANI95_02208
primary	bac120	NEE60_G_02168	desert2025__GCA_030852785.1	ANI95_02209
primary	bac120	NEE60_G_02169	desert2025__GCA_030852805.1	ANI95_02210
primary	bac120	NEE60_G_02170	desert2025__GCA_030852825.1	ANI95_02211
primary	bac120	NEE60_G_02171	desert2025__GCA_030852845.1	ANI95_02212
primary	bac120	NEE60_G_02172	desert2025__GCA_030852865.1	ANI95_02213
primary	bac120	NEE60_G_02173	desert2025__GCA_030852885.1	ANI95_02214
primary	bac120	NEE60_G_02174	desert2025__GCA_030852905.1	ANI95_02215
primary	bac120	NEE60_G_02175	desert2025__GCA_030852925.1	ANI95_02216
primary	bac120	NEE60_G_02176	desert2025__GCA_030852935.1	ANI95_02217
primary	bac120	NEE60_G_02177	desert2025__GCA_030852965.1	ANI95_02218
primary	bac120	NEE60_G_02178	desert2025__GCA_030852985.1	ANI95_02219
primary	bac120	NEE60_G_02179	desert2025__GCA_030853005.1	ANI95_02220
primary	bac120	NEE60_G_02180	desert2025__GCA_030853065.1	ANI95_02221
primary	bac120	NEE60_G_02181	desert2025__GCA_030853075.1	ANI95_02222
primary	bac120	NEE60_G_02182	desert2025__GCA_030853105.1	ANI95_02223
primary	bac120	NEE60_G_02183	desert2025__GCA_030853115.1	ANI95_02224
primary	bac120	NEE60_G_02184	desert2025__GCA_030853145.1	ANI95_02225
primary	bac120	NEE60_G_02185	desert2025__GCA_030853165.1	ANI95_02226
primary	bac120	NEE60_G_02186	desert2025__GCA_030853185.1	ANI95_02227
primary	bac120	NEE60_G_02187	desert2025__GCA_030853195.1	ANI95_02228
primary	bac120	NEE60_G_02188	desert2025__GCA_030853225.1	ANI95_02229
primary	bac120	NEE60_G_02189	desert2025__GCA_030853245.1	ANI95_02230
primary	bac120	NEE60_G_02190	desert2025__GCA_030853285.1	ANI95_02232
primary	bac120	NEE60_G_02191	desert2025__GCA_030853305.1	ANI95_02233
primary	bac120	NEE60_G_02192	desert2025__GCA_030853345.1	ANI95_02234
primary	bac120	NEE60_G_02193	desert2025__GCA_030853385.1	ANI95_02235
primary	bac120	NEE60_G_02194	desert2025__GCA_030853405.1	ANI95_02236
primary	bac120	NEE60_G_02195	desert2025__GCA_030853415.1	ANI95_02237
primary	bac120	NEE60_G_02196	desert2025__GCA_030853445.1	ANI95_02238
primary	bac120	NEE60_G_02197	desert2025__GCA_030853465.1	ANI95_02239
primary	bac120	NEE60_G_02198	desert2025__GCA_030853485.1	ANI95_02240
primary	bac120	NEE60_G_02199	desert2025__GCA_030853505.1	ANI95_02241
primary	bac120	NEE60_G_02200	desert2025__GCA_030853515.1	ANI95_02242
primary	bac120	NEE60_G_02201	desert2025__GCA_030853545.1	ANI95_02243
primary	bac120	NEE60_G_02202	desert2025__GCA_030853585.1	ANI95_02244
primary	bac120	NEE60_G_02203	desert2025__GCA_030853605.1	ANI95_02245
primary	bac120	NEE60_G_02204	desert2025__GCA_030853625.1	ANI95_02246
primary	bac120	NEE60_G_02205	desert2025__GCA_030853635.1	ANI95_02247
primary	bac120	NEE60_G_02206	desert2025__GCA_030853645.1	ANI95_02248
primary	bac120	NEE60_G_02207	desert2025__GCA_030853685.1	ANI95_02249
primary	bac120	NEE60_G_02208	desert2025__GCA_030853705.1	ANI95_02250
primary	bac120	NEE60_G_02209	desert2025__GCA_030853725.1	ANI95_02251
primary	bac120	NEE60_G_02210	desert2025__GCA_030853735.1	ANI95_02252
primary	bac120	NEE60_G_02211	desert2025__GCA_030853745.1	ANI95_02253
primary	bac120	NEE60_G_02212	desert2025__GCA_030853785.1	ANI95_02254
primary	bac120	NEE60_G_02213	desert2025__GCA_030853805.1	ANI95_02255
primary	bac120	NEE60_G_02214	desert2025__GCA_030853825.1	ANI95_02256
primary	bac120	NEE60_G_02215	desert2025__GCA_030853845.1	ANI95_02257
primary	bac120	NEE60_G_02216	desert2025__GCA_030853885.1	ANI95_02258
primary	bac120	NEE60_G_02217	desert2025__GCA_030853905.1	ANI95_02259
primary	bac120	NEE60_G_02218	desert2025__GCA_030853925.1	ANI95_02260
primary	bac120	NEE60_G_02219	desert2025__GCA_030853945.1	ANI95_02261
primary	bac120	NEE60_G_02220	desert2025__GCA_030853965.1	ANI95_02262
primary	bac120	NEE60_G_02221	desert2025__GCA_030853985.1	ANI95_02263
primary	bac120	NEE60_G_02222	desert2025__GCA_030854005.1	ANI95_02264
primary	bac120	NEE60_G_02223	desert2025__GCA_030854025.1	ANI95_02265
primary	bac120	NEE60_G_02224	desert2025__GCA_030854045.1	ANI95_02266
primary	bac120	NEE60_G_02225	desert2025__GCA_030854055.1	ANI95_02267
primary	bac120	NEE60_G_02226	desert2025__GCA_030854075.1	ANI95_02268
primary	bac120	NEE60_G_02227	desert2025__GCA_030854105.1	ANI95_02269
primary	bac120	NEE60_G_02228	desert2025__GCA_030854125.1	ANI95_02270
primary	bac120	NEE60_G_02229	desert2025__GCA_030854145.1	ANI95_02271
primary	bac120	NEE60_G_02230	desert2025__GCA_030854165.1	ANI95_02272
primary	bac120	NEE60_G_02231	desert2025__GCA_030854185.1	ANI95_02273
primary	bac120	NEE60_G_02232	desert2025__GCA_030854195.1	ANI95_02274
primary	bac120	NEE60_G_02233	desert2025__GCA_030854225.1	ANI95_02275
primary	bac120	NEE60_G_02234	desert2025__GCA_030854235.1	ANI95_02276
primary	bac120	NEE60_G_02235	desert2025__GCA_030854265.1	ANI95_02277
primary	bac120	NEE60_G_02236	desert2025__GCA_030854285.1	ANI95_02278
primary	bac120	NEE60_G_02237	desert2025__GCA_030854305.1	ANI95_02279
primary	bac120	NEE60_G_02238	desert2025__GCA_030854325.1	ANI95_02231
primary	bac120	NEE60_G_02239	desert2025__GCA_030854345.1	ANI95_02280
primary	bac120	NEE60_G_02240	desert2025__GCA_030854375.1	ANI95_02281
primary	bac120	NEE60_G_02241	desert2025__GCA_030854405.1	ANI95_02282
primary	bac120	NEE60_G_02242	desert2025__GCA_030854425.1	ANI95_02283
primary	bac120	NEE60_G_02243	desert2025__GCA_030854435.1	ANI95_02284
primary	bac120	NEE60_G_02244	desert2025__GCA_030854465.1	ANI95_02285
primary	bac120	NEE60_G_02245	desert2025__GCA_030854475.1	ANI95_02286
primary	bac120	NEE60_G_02246	desert2025__GCA_030854485.1	ANI95_02287
primary	bac120	NEE60_G_02247	desert2025__GCA_030854525.1	ANI95_02288
primary	bac120	NEE60_G_02248	desert2025__GCA_030854545.1	ANI95_02289
primary	bac120	NEE60_G_02249	desert2025__GCA_030854585.1	ANI95_02290
primary	bac120	NEE60_G_02250	desert2025__GCA_030854615.1	ANI95_02291
primary	bac120	NEE60_G_02251	desert2025__GCA_030854625.1	ANI95_02292
primary	bac120	NEE60_G_02252	desert2025__GCA_030854665.1	ANI95_02293
primary	bac120	NEE60_G_02253	desert2025__GCA_030854685.1	ANI95_02294
primary	bac120	NEE60_G_02254	desert2025__GCA_030854705.1	ANI95_02295
primary	bac120	NEE60_G_02255	desert2025__GCA_030854715.1	ANI95_02296
primary	bac120	NEE60_G_02256	desert2025__GCA_030854745.1	ANI95_02297
primary	bac120	NEE60_G_02257	desert2025__GCA_030854765.1	ANI95_02298
primary	bac120	NEE60_G_02258	desert2025__GCA_030854785.1	ANI95_02299
primary	bac120	NEE60_G_02259	desert2025__GCA_030854825.1	ANI95_02300
primary	bac120	NEE60_G_02260	desert2025__GCA_030854845.1	ANI95_02301
primary	bac120	NEE60_G_02261	desert2025__GCA_030854855.1	ANI95_02302
primary	bac120	NEE60_G_02262	desert2025__GCA_030854885.1	ANI95_02303
primary	bac120	NEE60_G_02263	desert2025__GCA_030854905.1	ANI95_02304
primary	bac120	NEE60_G_02264	desert2025__GCA_030854925.1	ANI95_02305
primary	bac120	NEE60_G_02265	desert2025__GCA_030854945.1	ANI95_02306
primary	bac120	NEE60_G_02266	desert2025__GCA_030854955.1	ANI95_02307
primary	bac120	NEE60_G_02267	desert2025__GCA_030854985.1	ANI95_02308
primary	bac120	NEE60_G_02268	desert2025__GCA_030855005.1	ANI95_02309
primary	bac120	NEE60_G_02269	desert2025__GCA_030855025.1	ANI95_02310
primary	bac120	NEE60_G_02270	desert2025__GCA_030855035.1	ANI95_02311
primary	bac120	NEE60_G_02271	desert2025__GCA_030855065.1	ANI95_02312
primary	bac120	NEE60_G_02272	desert2025__GCA_030855085.1	ANI95_02313
primary	bac120	NEE60_G_02273	desert2025__GCA_030855105.1	ANI95_02314
primary	bac120	NEE60_G_02274	desert2025__GCA_030855125.1	ANI95_02315
primary	bac120	NEE60_G_02275	desert2025__GCA_030855135.1	ANI95_02316
primary	bac120	NEE60_G_02276	desert2025__GCA_030855165.1	ANI95_02317
primary	bac120	NEE60_G_02277	desert2025__GCA_030855185.1	ANI95_02318
primary	bac120	NEE60_G_02278	desert2025__GCA_030855205.1	ANI95_02319
primary	bac120	NEE60_G_02279	desert2025__GCA_030855235.1	ANI95_02321
primary	bac120	NEE60_G_02280	desert2025__GCA_030855265.1	ANI95_02322
primary	bac120	NEE60_G_02281	desert2025__GCA_030855295.1	ANI95_02323
primary	bac120	NEE60_G_02282	desert2025__GCA_030855325.1	ANI95_02324
primary	bac120	NEE60_G_02283	desert2025__GCA_030855345.1	ANI95_02325
primary	bac120	NEE60_G_02284	desert2025__GCA_030855355.1	ANI95_02326
primary	bac120	NEE60_G_02285	desert2025__GCA_030855405.1	ANI95_02327
primary	bac120	NEE60_G_02286	desert2025__GCA_030855425.1	ANI95_02328
primary	bac120	NEE60_G_02287	desert2025__GCA_030855435.1	ANI95_02329
primary	bac120	NEE60_G_02288	desert2025__GCA_030855455.1	ANI95_02330
primary	bac120	NEE60_G_02289	desert2025__GCA_030855475.1	ANI95_02331
primary	bac120	NEE60_G_02290	desert2025__GCA_030855525.1	ANI95_02332
primary	bac120	NEE60_G_02291	desert2025__GCA_030855545.1	ANI95_02333
primary	bac120	NEE60_G_02292	desert2025__GCA_030855555.1	ANI95_02334
primary	bac120	NEE60_G_02293	desert2025__GCA_030855585.1	ANI95_02335
primary	bac120	NEE60_G_02294	desert2025__GCA_030855595.1	ANI95_02336
primary	bac120	NEE60_G_02295	desert2025__GCA_030855635.1	ANI95_02337
primary	bac120	NEE60_G_02296	desert2025__GCA_030855685.1	ANI95_02338
primary	bac120	NEE60_G_02297	desert2025__GCA_030855725.1	ANI95_02339
primary	bac120	NEE60_G_02298	desert2025__GCA_030855735.1	ANI95_02340
primary	bac120	NEE60_G_02299	desert2025__GCA_030855745.1	ANI95_02341
primary	bac120	NEE60_G_02300	desert2025__GCA_030855765.1	ANI95_02342
primary	bac120	NEE60_G_02301	desert2025__GCA_030855795.1	ANI95_02343
primary	bac120	NEE60_G_02302	desert2025__GCA_030855825.1	ANI95_02344
primary	bac120	NEE60_G_02303	desert2025__GCA_030855835.1	ANI95_02345
primary	bac120	NEE60_G_02304	desert2025__GCA_030855845.1	ANI95_01015
primary	bac120	NEE60_G_02305	desert2025__GCA_030855855.1	ANI95_02346
primary	bac120	NEE60_G_02306	desert2025__GCA_030855875.1	ANI95_02347
primary	bac120	NEE60_G_02307	desert2025__GCA_030855925.1	ANI95_02348
primary	bac120	NEE60_G_02308	desert2025__GCA_030855945.1	ANI95_02349
primary	bac120	NEE60_G_02309	desert2025__GCA_030855955.1	ANI95_02350
primary	bac120	NEE60_G_02310	desert2025__GCA_030855965.1	ANI95_01293
primary	bac120	NEE60_G_02311	desert2025__GCA_030855975.1	ANI95_01065
primary	bac120	NEE60_G_02312	desert2025__GCA_030856025.1	ANI95_02351
primary	bac120	NEE60_G_02313	desert2025__GCA_030856045.1	ANI95_02352
primary	bac120	NEE60_G_02314	desert2025__GCA_030856055.1	ANI95_01121
primary	bac120	NEE60_G_02315	desert2025__GCA_030856085.1	ANI95_01145
primary	bac120	NEE60_G_02316	desert2025__GCA_030856095.1	ANI95_02353
primary	bac120	NEE60_G_02317	desert2025__GCA_030856125.1	ANI95_02354
primary	bac120	NEE60_G_02318	desert2025__GCA_030856145.1	ANI95_02355
primary	bac120	NEE60_G_02319	desert2025__GCA_030856175.1	ANI95_02356
primary	bac120	NEE60_G_02320	desert2025__GCA_030856205.1	ANI95_02357
primary	bac120	NEE60_G_02321	desert2025__GCA_030856215.1	ANI95_02358
primary	bac120	NEE60_G_02322	desert2025__GCA_030856245.1	ANI95_02359
primary	bac120	NEE60_G_02323	desert2025__GCA_030856285.1	ANI95_02360
primary	bac120	NEE60_G_02324	desert2025__GCA_030856325.1	ANI95_02361
primary	bac120	NEE60_G_02325	desert2025__GCA_030856345.1	ANI95_01150
primary	bac120	NEE60_G_02326	desert2025__GCA_030856365.1	ANI95_02362
primary	bac120	NEE60_G_02327	desert2025__GCA_030856405.1	ANI95_01229
primary	bac120	NEE60_G_02328	desert2025__GCA_030856445.1	ANI95_02363
primary	bac120	NEE60_G_02329	desert2025__GCA_030856465.1	ANI95_02364
primary	bac120	NEE60_G_02330	desert2025__GCA_030856485.1	ANI95_02365
primary	bac120	NEE60_G_02331	desert2025__GCA_030856495.1	ANI95_02366
primary	bac120	NEE60_G_02332	desert2025__GCA_030856525.1	ANI95_02367
primary	bac120	NEE60_G_02333	desert2025__GCA_030856565.1	ANI95_02368
primary	bac120	NEE60_G_02334	desert2025__GCA_030856585.1	ANI95_01242
primary	bac120	NEE60_G_02335	desert2025__GCA_030856625.1	ANI95_00989
primary	bac120	NEE60_G_02336	desert2025__GCA_030856655.1	ANI95_02369
primary	bac120	NEE60_G_02337	desert2025__GCA_030856685.1	ANI95_02370
primary	bac120	NEE60_G_02338	desert2025__GCA_030856725.1	ANI95_02320
primary	bac120	NEE60_G_02339	desert2025__GCA_030856745.1	ANI95_02371
primary	bac120	NEE60_G_02340	desert2025__GCA_030856765.1	ANI95_02372
primary	bac120	NEE60_G_02341	desert2025__GCA_030856775.1	ANI95_02373
primary	bac120	NEE60_G_02342	desert2025__GCA_030856795.1	ANI95_00976
primary	bac120	NEE60_G_02343	desert2025__GCA_030856825.1	ANI95_01004
primary	bac120	NEE60_G_02344	desert2025__GCA_030856845.1	ANI95_01093
primary	bac120	NEE60_G_02345	desert2025__GCA_030856885.1	ANI95_02375
primary	bac120	NEE60_G_02346	desert2025__GCA_030856925.1	ANI95_02376
primary	bac120	NEE60_G_02347	desert2025__GCA_030856945.1	ANI95_02377
primary	bac120	NEE60_G_02348	desert2025__GCA_030856965.1	ANI95_02378
primary	bac120	NEE60_G_02349	desert2025__GCA_030856985.1	ANI95_00933
primary	bac120	NEE60_G_02350	desert2025__GCA_030857025.1	ANI95_02379
primary	bac120	NEE60_G_02351	desert2025__GCA_030857045.1	ANI95_02380
primary	bac120	NEE60_G_02352	desert2025__GCA_030857065.1	ANI95_02381
primary	bac120	NEE60_G_02353	desert2025__GCA_030857085.1	ANI95_02382
primary	bac120	NEE60_G_02354	desert2025__GCA_030857095.1	ANI95_02383
primary	bac120	NEE60_G_02355	desert2025__GCA_030857115.1	ANI95_02384
primary	bac120	NEE60_G_02356	desert2025__GCA_030857145.1	ANI95_02385
primary	bac120	NEE60_G_02357	desert2025__GCA_030857165.1	ANI95_01210
primary	bac120	NEE60_G_02358	desert2025__GCA_030857175.1	ANI95_02386
primary	bac120	NEE60_G_02359	desert2025__GCA_030857185.1	ANI95_02387
primary	bac120	NEE60_G_02360	desert2025__GCA_030857225.1	ANI95_02388
primary	bac120	NEE60_G_02361	desert2025__GCA_030857245.1	ANI95_02389
primary	bac120	NEE60_G_02362	desert2025__GCA_030857305.1	ANI95_01057
primary	bac120	NEE60_G_02363	desert2025__GCA_030857325.1	ANI95_02390
primary	bac120	NEE60_G_02364	desert2025__GCA_030857345.1	ANI95_02391
primary	bac120	NEE60_G_02365	desert2025__GCA_030857365.1	ANI95_02392
primary	bac120	NEE60_G_02366	desert2025__GCA_030857425.1	ANI95_02393
primary	bac120	NEE60_G_02367	desert2025__GCA_030857445.1	ANI95_02394
primary	bac120	NEE60_G_02368	desert2025__GCA_030857525.1	ANI95_02395
primary	bac120	NEE60_G_02369	desert2025__GCA_030857545.1	ANI95_02396
primary	bac120	NEE60_G_02370	desert2025__GCA_030857555.1	ANI95_01063
primary	bac120	NEE60_G_02371	desert2025__GCA_030857605.1	ANI95_02397
primary	bac120	NEE60_G_02372	desert2025__GCA_030857645.1	ANI95_02398
primary	bac120	NEE60_G_02373	desert2025__GCA_030857745.1	ANI95_02399
primary	bac120	NEE60_G_02374	desert2025__GCA_030857785.1	ANI95_02400
primary	bac120	NEE60_G_02375	desert2025__GCA_030857795.1	ANI95_02401
primary	bac120	NEE60_G_02376	desert2025__GCA_030857805.1	ANI95_01286
primary	bac120	NEE60_G_02377	desert2025__GCA_030857845.1	ANI95_02402
primary	bac120	NEE60_G_02378	desert2025__GCA_030857865.1	ANI95_02403
primary	bac120	NEE60_G_02379	desert2025__GCA_030857885.1	ANI95_02404
primary	bac120	NEE60_G_02380	desert2025__GCA_030857905.1	ANI95_02405
primary	bac120	NEE60_G_02381	desert2025__GCA_030857915.1	ANI95_02406
primary	bac120	NEE60_G_02382	desert2025__GCA_030857985.1	ANI95_02374
primary	bac120	NEE60_G_02383	desert2025__GCA_030858005.1	ANI95_01117
primary	bac120	NEE60_G_02384	desert2025__GCA_030858025.1	ANI95_01215
primary	bac120	NEE60_G_02385	desert2025__GCA_030858045.1	ANI95_00982
primary	bac120	NEE60_G_02386	desert2025__GCA_030858065.1	ANI95_01120
primary	bac120	NEE60_G_02387	desert2025__GCA_030858085.1	ANI95_02407
primary	bac120	NEE60_G_02388	desert2025__GCA_030858105.1	ANI95_02408
primary	bac120	NEE60_G_02389	desert2025__GCA_030858145.1	ANI95_02409
primary	bac120	NEE60_G_02390	desert2025__GCA_030858155.1	ANI95_01185
primary	bac120	NEE60_G_02391	desert2025__GCA_030858225.1	ANI95_01154
primary	bac120	NEE60_G_02392	desert2025__GCA_030858285.1	ANI95_00963
primary	bac120	NEE60_G_02393	desert2025__GCA_030858325.1	ANI95_01291
primary	bac120	NEE60_G_02394	desert2025__GCA_030858365.1	ANI95_01155
primary	bac120	NEE60_G_02395	desert2025__GCA_030858465.1	ANI95_02410
primary	bac120	NEE60_G_02396	desert2025__GCA_030858505.1	ANI95_02411
primary	bac120	NEE60_G_02397	desert2025__GCA_030858525.1	ANI95_02412
primary	bac120	NEE60_G_02398	desert2025__GCA_030858535.1	ANI95_02413
primary	bac120	NEE60_G_02399	desert2025__GCA_030858605.1	ANI95_02414
primary	bac120	NEE60_G_02400	desert2025__GCA_030858625.1	ANI95_02415
primary	bac120	NEE60_G_02401	desert2025__GCA_030858635.1	ANI95_02416
primary	bac120	NEE60_G_02402	desert2025__GCA_030858665.1	ANI95_01170
primary	bac120	NEE60_G_02403	desert2025__GCA_030858685.1	ANI95_02417
primary	bac120	NEE60_G_02404	desert2025__GCA_030858705.1	ANI95_02418
primary	bac120	NEE60_G_02405	desert2025__GCA_030858745.1	ANI95_02419
primary	bac120	NEE60_G_02406	desert2025__GCA_030858755.1	ANI95_02420
primary	bac120	NEE60_G_02407	desert2025__GCA_030858785.1	ANI95_00977
primary	bac120	NEE60_G_02408	desert2025__GCA_030858805.1	ANI95_02421
primary	bac120	NEE60_G_02409	desert2025__GCA_030858825.1	ANI95_02422
primary	bac120	NEE60_G_02410	desert2025__GCA_030858845.1	ANI95_02423
primary	bac120	NEE60_G_02411	desert2025__GCA_030858865.1	ANI95_02424
primary	bac120	NEE60_G_02412	desert2025__GCA_030858905.1	ANI95_02425
primary	bac120	NEE60_G_02413	desert2025__GCA_030858915.1	ANI95_02426
primary	bac120	NEE60_G_02414	desert2025__GCA_030858945.1	ANI95_01302
primary	bac120	NEE60_G_02415	desert2025__GCA_030858965.1	ANI95_01285
primary	bac120	NEE60_G_02416	desert2025__GCA_030858995.1	ANI95_00962
primary	bac120	NEE60_G_02417	desert2025__GCA_030859005.1	ANI95_02427
primary	bac120	NEE60_G_02418	desert2025__GCA_030859015.1	ANI95_01163
primary	bac120	NEE60_G_02419	desert2025__GCA_030859065.1	ANI95_01110
primary	bac120	NEE60_G_02420	desert2025__GCA_030859085.1	ANI95_02428
primary	bac120	NEE60_G_02421	desert2025__GCA_030859145.1	ANI95_01176
primary	bac120	NEE60_G_02422	desert2025__GCA_030859165.1	ANI95_02429
primary	bac120	NEE60_G_02423	desert2025__GCA_030859185.1	ANI95_02430
primary	bac120	NEE60_G_02424	desert2025__GCA_030859235.1	ANI95_02431
primary	bac120	NEE60_G_02425	desert2025__GCA_030859265.1	ANI95_02432
primary	bac120	NEE60_G_02426	desert2025__GCA_030859285.1	ANI95_02433
primary	bac120	NEE60_G_02427	desert2025__GCA_030859305.1	ANI95_02434
primary	bac120	NEE60_G_02428	desert2025__GCA_030859325.1	ANI95_02435
primary	bac120	NEE60_G_02429	desert2025__GCA_030859345.1	ANI95_02436
primary	bac120	NEE60_G_02430	desert2025__GCA_030859365.1	ANI95_02437
primary	bac120	NEE60_G_02431	desert2025__GCA_030859385.1	ANI95_02438
primary	bac120	NEE60_G_02432	desert2025__GCA_030859405.1	ANI95_02439
primary	bac120	NEE60_G_02433	desert2025__GCA_030859425.1	ANI95_02440
primary	bac120	NEE60_G_02434	desert2025__GCA_030859445.1	ANI95_02441
primary	bac120	NEE60_G_02435	desert2025__GCA_030859465.1	ANI95_02442
primary	bac120	NEE60_G_02436	desert2025__GCA_030859475.1	ANI95_02443
primary	bac120	NEE60_G_02438	desert2025__GCA_030859525.1	ANI95_02445
primary	bac120	NEE60_G_02439	desert2025__GCA_030859545.1	ANI95_02446
primary	bac120	NEE60_G_02440	desert2025__GCA_030859565.1	ANI95_02447
primary	bac120	NEE60_G_02441	desert2025__GCA_030859605.1	ANI95_02448
primary	bac120	NEE60_G_02442	desert2025__GCA_030859645.1	ANI95_02449
primary	bac120	NEE60_G_02443	desert2025__GCA_030859665.1	ANI95_02450
primary	bac120	NEE60_G_02444	desert2025__GCA_030859685.1	ANI95_02451
primary	bac120	NEE60_G_02445	desert2025__GCA_030859705.1	ANI95_02452
primary	bac120	NEE60_G_02446	desert2025__GCA_030859715.1	ANI95_02453
primary	bac120	NEE60_G_02447	desert2025__GCA_030859735.1	ANI95_02454
primary	bac120	NEE60_G_02448	desert2025__GCA_030859765.1	ANI95_02455
primary	bac120	NEE60_G_02449	desert2025__GCA_030859785.1	ANI95_02456
primary	bac120	NEE60_G_02450	desert2025__GCA_030859805.1	ANI95_02457
primary	bac120	NEE60_G_02451	desert2025__GCA_030859825.1	ANI95_02458
primary	bac120	NEE60_G_02452	desert2025__GCA_030859905.1	ANI95_02459
primary	bac120	NEE60_G_02453	desert2025__GCA_030859925.1	ANI95_02460
primary	bac120	NEE60_G_02454	desert2025__GCA_030859945.1	ANI95_02461
primary	bac120	NEE60_G_02455	desert2025__GCA_030859955.1	ANI95_02462
primary	bac120	NEE60_G_02456	desert2025__GCA_030860005.1	ANI95_02463
primary	bac120	NEE60_G_02457	desert2025__GCA_030860025.1	ANI95_02464
primary	bac120	NEE60_G_02458	desert2025__GCA_030860035.1	ANI95_02465
primary	bac120	NEE60_G_02459	desert2025__GCA_030860045.1	ANI95_02466
primary	bac120	NEE60_G_02460	desert2025__GCA_030860085.1	ANI95_02467
primary	bac120	NEE60_G_02461	desert2025__GCA_030860105.1	ANI95_02468
primary	bac120	NEE60_G_02462	desert2025__GCA_030860125.1	ANI95_02469
primary	bac120	NEE60_G_02463	desert2025__GCA_030860135.1	ANI95_02470
primary	bac120	NEE60_G_02464	desert2025__GCA_030860165.1	ANI95_02471
primary	bac120	NEE60_G_02465	desert2025__GCA_030860185.1	ANI95_02472
primary	bac120	NEE60_G_02466	desert2025__GCA_030860205.1	ANI95_02473
primary	bac120	NEE60_G_02467	desert2025__GCA_030860225.1	ANI95_02474
primary	bac120	NEE60_G_02468	desert2025__GCA_030860245.1	ANI95_02475
primary	bac120	NEE60_G_02469	desert2025__GCA_030860255.1	ANI95_02476
primary	bac120	NEE60_G_02470	desert2025__GCA_030860265.1	ANI95_02477
primary	bac120	NEE60_G_02471	desert2025__GCA_030860305.1	ANI95_02478
primary	bac120	NEE60_G_02472	desert2025__GCA_030860325.1	ANI95_02479
primary	bac120	NEE60_G_02473	desert2025__GCA_030860335.1	ANI95_02480
primary	bac120	NEE60_G_02474	desert2025__GCA_030860365.1	ANI95_02481
primary	bac120	NEE60_G_02475	desert2025__GCA_030860375.1	ANI95_02482
primary	bac120	NEE60_G_02476	desert2025__GCA_030860405.1	ANI95_02483
primary	bac120	NEE60_G_02477	desert2025__GCA_030860425.1	ANI95_02484
primary	bac120	NEE60_G_02478	desert2025__GCA_030860435.1	ANI95_02485
primary	bac120	NEE60_G_02479	desert2025__GCA_030860455.1	ANI95_02486
primary	bac120	NEE60_G_02480	desert2025__GCA_030860485.1	ANI95_02487
primary	bac120	NEE60_G_02481	desert2025__GCA_030860505.1	ANI95_01131
primary	bac120	NEE60_G_02482	desert2025__GCA_030860565.1	ANI95_02489
primary	bac120	NEE60_G_02484	desert2025__GCA_030860595.1	ANI95_02491
primary	bac120	NEE60_G_02485	desert2025__GCA_030860625.1	ANI95_02492
primary	bac120	NEE60_G_02486	desert2025__GCA_030860645.1	ANI95_02493
primary	bac120	NEE60_G_02487	desert2025__GCA_030860665.1	ANI95_02494
primary	bac120	NEE60_G_02488	desert2025__GCA_030860685.1	ANI95_02495
primary	bac120	NEE60_G_02489	desert2025__GCA_030860695.1	ANI95_02496
primary	bac120	NEE60_G_02490	desert2025__GCA_030860715.1	ANI95_02497
primary	bac120	NEE60_G_02491	desert2025__GCA_030860745.1	ANI95_02498
primary	bac120	NEE60_G_02493	desert2025__GCA_030860795.1	ANI95_02500
primary	bac120	NEE60_G_02494	desert2025__GCA_030860825.1	ANI95_02501
primary	bac120	NEE60_G_02495	desert2025__GCA_030860835.1	ANI95_02502
primary	bac120	NEE60_G_02496	desert2025__GCA_030860865.1	ANI95_02503
primary	bac120	NEE60_G_02497	desert2025__GCA_030860875.1	ANI95_02504
primary	bac120	NEE60_G_02498	desert2025__GCA_030860925.1	ANI95_02505
primary	bac120	NEE60_G_02499	desert2025__GCA_030860945.1	ANI95_02506
primary	bac120	NEE60_G_02500	desert2025__GCA_030860965.1	ANI95_02507
primary	bac120	NEE60_G_02501	desert2025__GCA_030860985.1	ANI95_02508
primary	bac120	NEE60_G_02502	desert2025__GCA_030861005.1	ANI95_02509
primary	bac120	NEE60_G_02503	desert2025__GCA_030861065.1	ANI95_02510
primary	bac120	NEE60_G_02506	desert2025__GCA_030861115.1	ANI95_02513
primary	bac120	NEE60_G_02507	desert2025__GCA_030861145.1	ANI95_02514
primary	bac120	NEE60_G_02508	desert2025__GCA_030861165.1	ANI95_02515
primary	bac120	NEE60_G_02509	desert2025__GCA_030861175.1	ANI95_02516
primary	bac120	NEE60_G_02510	desert2025__GCA_030861205.1	ANI95_02517
primary	bac120	NEE60_G_02511	desert2025__GCA_030861215.1	ANI95_02518
primary	bac120	NEE60_G_02512	desert2025__GCA_030861285.1	ANI95_02519
primary	bac120	NEE60_G_02513	desert2025__GCA_030861315.1	ANI95_02520
primary	bac120	NEE60_G_02515	desert2025__GCA_030861365.1	ANI95_02522
primary	bac120	NEE60_G_02516	desert2025__GCA_030861385.1	ANI95_02523
primary	bac120	NEE60_G_02518	desert2025__GCA_030861415.1	ANI95_02525
primary	bac120	NEE60_G_02519	desert2025__GCA_030861435.1	ANI95_02526
primary	bac120	NEE60_G_02521	desert2025__GCA_030861485.1	ANI95_02528
primary	bac120	NEE60_G_02523	desert2025__GCA_030861525.1	ANI95_02530
primary	bac120	NEE60_G_02525	desert2025__GCA_030861565.1	ANI95_02532
primary	bac120	NEE60_G_02526	desert2025__GCA_030861585.1	ANI95_02533
primary	bac120	NEE60_G_02528	desert2025__GCA_030861625.1	ANI95_02535
primary	bac120	NEE60_G_02529	desert2025__GCA_030861645.1	ANI95_02536
primary	bac120	NEE60_G_02530	desert2025__GCA_030861665.1	ANI95_02537
primary	bac120	NEE60_G_02531	desert2025__GCA_030861675.1	ANI95_02538
primary	bac120	NEE60_G_02532	desert2025__GCA_030861705.1	ANI95_02539
primary	bac120	NEE60_G_02533	desert2025__GCA_030861725.1	ANI95_02540
primary	bac120	NEE60_G_02534	desert2025__GCA_030861775.1	ANI95_02541
primary	bac120	NEE60_G_02535	desert2025__GCA_030861805.1	ANI95_02542
primary	bac120	NEE60_G_02536	desert2025__GCA_030861825.1	ANI95_02543
primary	bac120	NEE60_G_02538	desert2025__GCA_030861885.1	ANI95_02545
primary	bac120	NEE60_G_02539	desert2025__GCA_030861905.1	ANI95_02546
primary	bac120	NEE60_G_02541	desert2025__GCA_030861945.1	ANI95_02548
primary	bac120	NEE60_G_02542	desert2025__GCA_030861965.1	ANI95_02549
primary	bac120	NEE60_G_02543	desert2025__GCA_030861985.1	ANI95_02550
primary	bac120	NEE60_G_02544	desert2025__GCA_030862005.1	ANI95_02551
primary	bac120	NEE60_G_02545	desert2025__GCA_030862025.1	ANI95_02552
primary	bac120	NEE60_G_02547	desert2025__GCA_030862065.1	ANI95_02554
primary	bac120	NEE60_G_02548	desert2025__GCA_030862075.1	ANI95_02555
primary	bac120	NEE60_G_02549	desert2025__GCA_030862105.1	ANI95_02556
primary	bac120	NEE60_G_02550	desert2025__GCA_030862115.1	ANI95_02557
primary	bac120	NEE60_G_02551	desert2025__GCA_030862165.1	ANI95_02558
primary	bac120	NEE60_G_02552	desert2025__GCA_030862185.1	ANI95_02559
primary	bac120	NEE60_G_02553	desert2025__GCA_030862205.1	ANI95_02560
primary	bac120	NEE60_G_02554	desert2025__GCA_030862225.1	ANI95_02561
primary	bac120	NEE60_G_02555	desert2025__GCA_030862235.1	ANI95_02562
primary	bac120	NEE60_G_02556	desert2025__GCA_030862265.1	ANI95_02563
primary	bac120	NEE60_G_02557	desert2025__GCA_030862275.1	ANI95_02564
primary	bac120	NEE60_G_02559	desert2025__GCA_030862325.1	ANI95_02566
primary	bac120	NEE60_G_02560	desert2025__GCA_030862345.1	ANI95_02568
primary	bac120	NEE60_G_02562	desert2025__GCA_030862405.1	ANI95_02569
primary	bac120	NEE60_G_02564	desert2025__GCA_030862465.1	ANI95_02571
primary	bac120	NEE60_G_02565	desert2025__GCA_030862475.1	ANI95_02572
primary	bac120	NEE60_G_02566	desert2025__GCA_030862505.1	ANI95_02573
primary	bac120	NEE60_G_02567	desert2025__GCA_030862525.1	ANI95_02574
primary	bac120	NEE60_G_02568	desert2025__GCA_030862535.1	ANI95_02575
primary	bac120	NEE60_G_02569	desert2025__GCA_030862545.1	ANI95_02576
primary	bac120	NEE60_G_02571	desert2025__GCA_030862625.1	ANI95_02578
primary	bac120	NEE60_G_02572	desert2025__GCA_030862645.1	ANI95_02579
primary	bac120	NEE60_G_02573	desert2025__GCA_030862655.1	ANI95_02580
primary	bac120	NEE60_G_02574	desert2025__GCA_030862685.1	ANI95_02581
primary	bac120	NEE60_G_02575	desert2025__GCA_030862715.1	ANI95_02582
primary	bac120	NEE60_G_02577	desert2025__GCA_030862755.1	ANI95_02584
primary	bac120	NEE60_G_02578	desert2025__GCA_030862805.1	ANI95_02585
primary	bac120	NEE60_G_02579	desert2025__GCA_030862815.1	ANI95_02586
primary	bac120	NEE60_G_02580	desert2025__GCA_030862825.1	ANI95_02587
primary	bac120	NEE60_G_02581	desert2025__GCA_030862865.1	ANI95_02588
primary	bac120	NEE60_G_02583	desert2025__GCA_030862905.1	ANI95_02590
primary	bac120	NEE60_G_02584	desert2025__GCA_030862925.1	ANI95_02591
primary	bac120	NEE60_G_02585	desert2025__GCA_030862935.1	ANI95_02592
primary	bac120	NEE60_G_02586	desert2025__GCA_030862965.1	ANI95_02593
primary	bac120	NEE60_G_02587	desert2025__GCA_030862975.1	ANI95_02594
primary	bac120	NEE60_G_02588	desert2025__GCA_030863005.1	ANI95_02595
primary	bac120	NEE60_G_02589	desert2025__GCA_030863015.1	ANI95_02596
primary	bac120	NEE60_G_02590	desert2025__GCA_030863045.1	ANI95_02597
primary	bac120	NEE60_G_02591	desert2025__GCA_030863065.1	ANI95_02598
primary	bac120	NEE60_G_02592	desert2025__GCA_030863085.1	ANI95_02599
primary	bac120	NEE60_G_02593	desert2025__GCA_030863105.1	ANI95_02600
primary	bac120	NEE60_G_02595	desert2025__GCA_030863145.1	ANI95_02602
primary	bac120	NEE60_G_02596	desert2025__GCA_030863165.1	ANI95_02603
primary	bac120	NEE60_G_02597	desert2025__GCA_030863175.1	ANI95_02604
primary	bac120	NEE60_G_02598	desert2025__GCA_030863205.1	ANI95_02605
primary	bac120	NEE60_G_02599	desert2025__GCA_030863215.1	ANI95_02606
primary	bac120	NEE60_G_02600	desert2025__GCA_030863245.1	ANI95_02607
primary	bac120	NEE60_G_02602	desert2025__GCA_030863285.1	ANI95_02609
primary	bac120	NEE60_G_02603	desert2025__GCA_030863305.1	ANI95_02610
primary	bac120	NEE60_G_02604	desert2025__GCA_030863315.1	ANI95_02611
primary	bac120	NEE60_G_02605	desert2025__GCA_030863345.1	ANI95_02612
primary	bac120	NEE60_G_02606	desert2025__GCA_030863365.1	ANI95_02613
primary	bac120	NEE60_G_02607	desert2025__GCA_030863375.1	ANI95_02614
primary	bac120	NEE60_G_02608	desert2025__GCA_030863425.1	ANI95_02615
primary	bac120	NEE60_G_02610	desert2025__GCA_030863465.1	ANI95_02617
primary	bac120	NEE60_G_02611	desert2025__GCA_030863545.1	ANI95_02618
primary	bac120	NEE60_G_02612	desert2025__GCA_030867425.1	ANI95_02619
primary	bac120	NEE60_G_02614	desert2025__GCA_030913725.1	ANI95_02621
primary	bac120	NEE60_G_02615	desert2025__GCA_030913735.1	ANI95_02622
primary	bac120	NEE60_G_02617	desert2025__GCA_030913775.1	ANI95_02625
primary	bac120	NEE60_G_02618	desert2025__GCA_030913825.1	ANI95_02626
primary	bac120	NEE60_G_02619	desert2025__GCA_030913835.1	ANI95_02627
primary	bac120	NEE60_G_02620	desert2025__GCA_030913865.1	ANI95_02623
primary	bac120	NEE60_G_02621	desert2025__GCA_030913905.1	ANI95_02628
primary	bac120	NEE60_G_02622	desert2025__GCA_030913925.1	ANI95_02629
primary	bac120	NEE60_G_02623	desert2025__GCA_030913945.1	ANI95_02630
primary	bac120	NEE60_G_02624	desert2025__GCA_030913985.1	ANI95_02488
primary	bac120	NEE60_G_02625	desert2025__GCA_030914045.1	ANI95_02631
primary	bac120	NEE60_G_02626	desert2025__GCA_030914065.1	ANI95_02632
primary	bac120	NEE60_G_02627	desert2025__GCA_030914075.1	ANI95_02633
primary	bac120	NEE60_G_02628	desert2025__GCA_030914175.1	ANI95_02634
primary	bac120	NEE60_G_02629	desert2025__GCA_030914195.1	ANI95_02635
primary	bac120	NEE60_G_02630	desert2025__GCA_030914225.1	ANI95_02636
primary	bac120	NEE60_G_02631	desert2025__GCA_030945705.1	ANI95_02637
primary	bac120	NEE60_G_02632	desert2025__GCA_030945725.1	ANI95_02638
primary	bac120	NEE60_G_02633	desert2025__GCA_030945745.1	ANI95_02639
primary	bac120	NEE60_G_02634	desert2025__GCA_030945905.1	ANI95_02640
primary	bac120	NEE60_G_02635	desert2025__GCA_030945915.1	ANI95_02641
primary	bac120	NEE60_G_02636	desert2025__GCA_030945945.1	ANI95_02642
primary	bac120	NEE60_G_02637	desert2025__GCA_030945955.1	ANI95_02643
primary	bac120	NEE60_G_02638	desert2025__GCA_030945985.1	ANI95_02644
primary	bac120	NEE60_G_02639	desert2025__GCA_030946065.1	ANI95_02645
primary	bac120	NEE60_G_02640	desert2025__GCA_030946075.1	ANI95_02646
primary	bac120	NEE60_G_02641	desert2025__GCA_030946085.1	ANI95_02647
primary	bac120	NEE60_G_02642	desert2025__GCA_030946185.1	ANI95_02648
primary	bac120	NEE60_G_02643	desert2025__GCA_030946195.1	ANI95_02649
primary	bac120	NEE60_G_02644	desert2025__GCA_030946285.1	ANI95_02650
primary	bac120	NEE60_G_02645	desert2025__GCA_030946315.1	ANI95_02651
primary	bac120	NEE60_G_02646	desert2025__GCA_030946335.1	ANI95_02652
primary	bac120	NEE60_G_02647	desert2025__GCA_030946425.1	ANI95_02653
primary	bac120	NEE60_G_02649	desert2025__GCA_030946525.1	ANI95_02655
primary	bac120	NEE60_G_02650	desert2025__GCA_030946565.1	ANI95_02656
primary	bac120	NEE60_G_02651	desert2025__GCA_030946605.1	ANI95_02657
primary	bac120	NEE60_G_02652	desert2025__GCA_030946635.1	ANI95_02658
primary	bac120	NEE60_G_02653	desert2025__GCA_030946665.1	ANI95_02659
primary	bac120	NEE60_G_02654	desert2025__GCA_030946685.1	ANI95_02660
primary	bac120	NEE60_G_02655	desert2025__GCA_030946705.1	ANI95_02661
primary	bac120	NEE60_G_02656	desert2025__GCA_030946725.1	ANI95_02662
primary	bac120	NEE60_G_02657	desert2025__GCA_030946735.1	ANI95_02663
primary	bac120	NEE60_G_02658	desert2025__GCA_030946755.1	ANI95_02664
primary	bac120	NEE60_G_02659	desert2025__GCA_030946775.1	ANI95_02665
primary	bac120	NEE60_G_02660	desert2025__GCA_030946805.1	ANI95_02666
primary	bac120	NEE60_G_02661	desert2025__GCA_030946825.1	ANI95_02667
primary	bac120	NEE60_G_02662	desert2025__GCA_030946835.1	ANI95_02668
primary	bac120	NEE60_G_02663	desert2025__GCA_030946855.1	ANI95_02669
primary	bac120	NEE60_G_02664	desert2025__GCA_030946875.1	ANI95_02670
primary	bac120	NEE60_G_02665	desert2025__GCA_030946905.1	ANI95_02671
primary	bac120	NEE60_G_02666	desert2025__GCA_030946925.1	ANI95_02672
primary	bac120	NEE60_G_02667	desert2025__GCA_030946945.1	ANI95_02673
primary	bac120	NEE60_G_02668	desert2025__GCA_030946965.1	ANI95_02674
primary	bac120	NEE60_G_02669	desert2025__GCA_030946985.1	ANI95_02675
primary	bac120	NEE60_G_02670	desert2025__GCA_030947025.1	ANI95_02676
primary	bac120	NEE60_G_02671	desert2025__GCA_030947045.1	ANI95_02677
primary	bac120	NEE60_G_02672	desert2025__GCA_030947065.1	ANI95_02678
primary	bac120	NEE60_G_02673	desert2025__GCA_030947085.1	ANI95_02679
primary	bac120	NEE60_G_02675	desert2025__GCA_030947115.1	ANI95_02681
primary	bac120	NEE60_G_02676	desert2025__GCA_030947145.1	ANI95_02682
primary	bac120	NEE60_G_02677	desert2025__GCA_030947165.1	ANI95_02683
primary	bac120	NEE60_G_02678	desert2025__GCA_030947185.1	ANI95_02684
primary	bac120	NEE60_G_02679	desert2025__GCA_030947205.1	ANI95_02685
primary	bac120	NEE60_G_02680	desert2025__GCA_030947225.1	ANI95_02686
primary	bac120	NEE60_G_02681	desert2025__GCA_030947245.1	ANI95_02687
primary	bac120	NEE60_G_02682	desert2025__GCA_030947265.1	ANI95_02688
primary	bac120	NEE60_G_02683	desert2025__GCA_030947285.1	ANI95_02689
primary	bac120	NEE60_G_02684	desert2025__GCA_030947305.1	ANI95_02690
primary	bac120	NEE60_G_02685	desert2025__GCA_030947315.1	ANI95_02691
primary	bac120	NEE60_G_02686	desert2025__GCA_030947345.1	ANI95_02692
primary	bac120	NEE60_G_02687	desert2025__GCA_030947365.1	ANI95_02693
primary	bac120	NEE60_G_02688	desert2025__GCA_030947385.1	ANI95_02694
primary	bac120	NEE60_G_02689	desert2025__GCA_030947395.1	ANI95_02695
primary	bac120	NEE60_G_02690	desert2025__GCA_030947565.1	ANI95_02696
primary	bac120	NEE60_G_02691	desert2025__GCA_030947625.1	ANI95_02697
primary	bac120	NEE60_G_02692	desert2025__GCA_030947645.1	ANI95_02698
primary	bac120	NEE60_G_02693	desert2025__GCA_030947665.1	ANI95_02699
primary	bac120	NEE60_G_02694	desert2025__GCA_030947675.1	ANI95_02700
primary	bac120	NEE60_G_02695	desert2025__GCA_030947845.1	ANI95_02702
primary	bac120	NEE60_G_02696	desert2025__GCA_030947885.1	ANI95_02703
primary	bac120	NEE60_G_02697	desert2025__GCA_030948025.1	ANI95_02704
primary	bac120	NEE60_G_02698	desert2025__GCA_030948055.1	ANI95_02701
primary	bac120	NEE60_G_02699	desert2025__GCA_030948105.1	ANI95_02705
primary	bac120	NEE60_G_02700	desert2025__GCA_030948145.1	ANI95_02706
primary	bac120	NEE60_G_02701	desert2025__GCA_030948155.1	ANI95_02707
primary	bac120	NEE60_G_02702	desert2025__GCA_030948185.1	ANI95_02708
primary	bac120	NEE60_G_02703	desert2025__GCA_030948205.1	ANI95_02709
primary	bac120	NEE60_G_02704	desert2025__GCA_030948215.1	ANI95_02710
primary	bac120	NEE60_G_02705	desert2025__GCA_030948245.1	ANI95_02711
primary	bac120	NEE60_G_02706	desert2025__GCA_030948255.1	ANI95_02712
primary	bac120	NEE60_G_02707	desert2025__GCA_030948305.1	ANI95_02713
primary	bac120	NEE60_G_02708	desert2025__GCA_030948325.1	ANI95_02714
primary	bac120	NEE60_G_02710	desert2025__GCA_030948365.1	ANI95_02716
primary	bac120	NEE60_G_02711	desert2025__GCA_030948385.1	ANI95_02717
primary	bac120	NEE60_G_02712	desert2025__GCA_030948425.1	ANI95_02718
primary	bac120	NEE60_G_02713	desert2025__GCA_030948445.1	ANI95_02719
primary	bac120	NEE60_G_02714	desert2025__GCA_030948465.1	ANI95_02720
primary	bac120	NEE60_G_02715	desert2025__GCA_030948475.1	ANI95_02721
primary	bac120	NEE60_G_02716	desert2025__GCA_030948505.1	ANI95_02722
primary	bac120	NEE60_G_02717	desert2025__GCA_030948535.1	ANI95_02723
primary	bac120	NEE60_G_02718	desert2025__GCA_030948555.1	ANI95_02724
primary	bac120	NEE60_G_02719	desert2025__GCA_030948585.1	ANI95_02725
primary	bac120	NEE60_G_02720	desert2025__GCA_030948625.1	ANI95_02726
primary	bac120	NEE60_G_02721	desert2025__GCA_030948645.1	ANI95_02727
primary	bac120	NEE60_G_02722	desert2025__GCA_030948665.1	ANI95_02728
primary	bac120	NEE60_G_02723	desert2025__GCA_030948675.1	ANI95_02729
primary	bac120	NEE60_G_02724	desert2025__GCA_030948685.1	ANI95_02730
primary	bac120	NEE60_G_02725	desert2025__GCA_030948725.1	ANI95_02731
primary	bac120	NEE60_G_02726	desert2025__GCA_030948745.1	ANI95_02732
primary	bac120	NEE60_G_02727	desert2025__GCA_030948765.1	ANI95_02733
primary	bac120	NEE60_G_02728	desert2025__GCA_030948775.1	ANI95_02734
primary	bac120	NEE60_G_02729	desert2025__GCA_030948805.1	ANI95_02735
primary	bac120	NEE60_G_02730	desert2025__GCA_030948825.1	ANI95_02736
primary	bac120	NEE60_G_02731	desert2025__GCA_030948845.1	ANI95_02737
primary	bac120	NEE60_G_02732	desert2025__GCA_030948865.1	ANI95_02738
primary	bac120	NEE60_G_02733	desert2025__GCA_030948875.1	ANI95_02739
primary	bac120	NEE60_G_02734	desert2025__GCA_030948895.1	ANI95_02740
primary	bac120	NEE60_G_02735	desert2025__GCA_030948915.1	ANI95_02741
primary	bac120	NEE60_G_02736	desert2025__GCA_030948945.1	ANI95_02742
primary	bac120	NEE60_G_02737	desert2025__GCA_030948965.1	ANI95_02743
primary	bac120	NEE60_G_02738	desert2025__GCA_030948985.1	ANI95_02744
primary	bac120	NEE60_G_02739	desert2025__GCA_030948995.1	ANI95_02745
primary	bac120	NEE60_G_02740	qaidam_basin_mmag_1773_0707bin2	ANI95_02746
primary	bac120	NEE60_G_02741	qaidam_basin_mmag_1773_0711bin1	ANI95_02747
primary	bac120	NEE60_G_02742	qaidam_basin_mmag_1773_0711bin2	ANI95_02748
primary	bac120	NEE60_G_02743	qaidam_basin_mmag_1773_0711bin4	ANI95_02749
primary	bac120	NEE60_G_02744	qaidam_basin_mmag_1773_0712bin3	ANI95_02750
primary	bac120	NEE60_G_02745	qaidam_basin_mmag_1773_AKQ1bin10	ANI95_02751
primary	bac120	NEE60_G_02746	qaidam_basin_mmag_1773_AKQ1bin15	ANI95_02752
primary	bac120	NEE60_G_02747	qaidam_basin_mmag_1773_AKQ1bin16	ANI95_02753
primary	bac120	NEE60_G_02748	qaidam_basin_mmag_1773_AKQ1bin18	ANI95_02754
primary	bac120	NEE60_G_02749	qaidam_basin_mmag_1773_AKQ1bin2	ANI95_02755
primary	bac120	NEE60_G_02750	qaidam_basin_mmag_1773_AKQ1bin23	ANI95_02756
primary	bac120	NEE60_G_02751	qaidam_basin_mmag_1773_AKQ1bin24	ANI95_02757
primary	bac120	NEE60_G_02752	qaidam_basin_mmag_1773_AKQ1bin25	ANI95_02758
primary	bac120	NEE60_G_02753	qaidam_basin_mmag_1773_AKQ1bin3	ANI95_02759
primary	bac120	NEE60_G_02754	qaidam_basin_mmag_1773_AKQ1bin32	ANI95_02760
primary	bac120	NEE60_G_02755	qaidam_basin_mmag_1773_AKQ1bin33	ANI95_02761
primary	bac120	NEE60_G_02756	qaidam_basin_mmag_1773_AKQ1bin36	ANI95_02762
primary	bac120	NEE60_G_02757	qaidam_basin_mmag_1773_AKQ1bin39	ANI95_02763
primary	bac120	NEE60_G_02758	qaidam_basin_mmag_1773_AKQ1bin4	ANI95_02764
primary	bac120	NEE60_G_02759	qaidam_basin_mmag_1773_AKQ1bin41	ANI95_02765
primary	bac120	NEE60_G_02760	qaidam_basin_mmag_1773_AKQ1bin46	ANI95_02766
primary	bac120	NEE60_G_02761	qaidam_basin_mmag_1773_AKQ1bin47	ANI95_02767
primary	bac120	NEE60_G_02762	qaidam_basin_mmag_1773_AKQ1bin48	ANI95_02768
primary	bac120	NEE60_G_02763	qaidam_basin_mmag_1773_AKQ1bin49	ANI95_02769
primary	bac120	NEE60_G_02764	qaidam_basin_mmag_1773_AKQ1bin5	ANI95_02770
primary	bac120	NEE60_G_02765	qaidam_basin_mmag_1773_AKQ1bin51	ANI95_02771
primary	bac120	NEE60_G_02766	qaidam_basin_mmag_1773_AKQ1bin7	ANI95_02772
primary	bac120	NEE60_G_02767	qaidam_basin_mmag_1773_AKQ1bin8	ANI95_02773
primary	bac120	NEE60_G_02768	qaidam_basin_mmag_1773_AKQ2bin10	ANI95_02774
primary	bac120	NEE60_G_02769	qaidam_basin_mmag_1773_AKQ2bin11	ANI95_02775
primary	bac120	NEE60_G_02770	qaidam_basin_mmag_1773_AKQ2bin13	ANI95_02777
primary	bac120	NEE60_G_02771	qaidam_basin_mmag_1773_AKQ2bin15	ANI95_02778
primary	bac120	NEE60_G_02772	qaidam_basin_mmag_1773_AKQ2bin19	ANI95_02779
primary	bac120	NEE60_G_02773	qaidam_basin_mmag_1773_AKQ2bin22	ANI95_02781
primary	bac120	NEE60_G_02774	qaidam_basin_mmag_1773_AKQ2bin24	ANI95_02782
primary	bac120	NEE60_G_02775	qaidam_basin_mmag_1773_AKQ2bin3	ANI95_02783
primary	bac120	NEE60_G_02776	qaidam_basin_mmag_1773_AKQ2bin34	ANI95_02784
primary	bac120	NEE60_G_02777	qaidam_basin_mmag_1773_AKQ2bin35	ANI95_02785
primary	bac120	NEE60_G_02778	qaidam_basin_mmag_1773_AKQ2bin36	ANI95_02786
primary	bac120	NEE60_G_02779	qaidam_basin_mmag_1773_AKQ2bin37	ANI95_02787
primary	bac120	NEE60_G_02780	qaidam_basin_mmag_1773_AKQ2bin48	ANI95_02788
primary	bac120	NEE60_G_02781	qaidam_basin_mmag_1773_AKQ2bin50	ANI95_02789
primary	bac120	NEE60_G_02782	qaidam_basin_mmag_1773_AKQ2bin52	ANI95_02790
primary	bac120	NEE60_G_02783	qaidam_basin_mmag_1773_AKQ2bin54	ANI95_02791
primary	bac120	NEE60_G_02784	qaidam_basin_mmag_1773_AKQ2bin58	ANI95_02792
primary	bac120	NEE60_G_02785	qaidam_basin_mmag_1773_AKQ2bin61	ANI95_02793
primary	bac120	NEE60_G_02786	qaidam_basin_mmag_1773_AKQ2bin65	ANI95_02794
primary	bac120	NEE60_G_02787	qaidam_basin_mmag_1773_AKQ2bin69	ANI95_02795
primary	bac120	NEE60_G_02788	qaidam_basin_mmag_1773_AKQ2bin70	ANI95_02796
primary	bac120	NEE60_G_02789	qaidam_basin_mmag_1773_AKQ2bin71	ANI95_02797
primary	bac120	NEE60_G_02790	qaidam_basin_mmag_1773_AKQ2bin73	ANI95_02798
primary	bac120	NEE60_G_02791	qaidam_basin_mmag_1773_AKQ2bin78	ANI95_02799
primary	bac120	NEE60_G_02792	qaidam_basin_mmag_1773_AKQ2bin79	ANI95_02800
primary	bac120	NEE60_G_02793	qaidam_basin_mmag_1773_AKQ2bin8	ANI95_02801
primary	bac120	NEE60_G_02794	qaidam_basin_mmag_1773_AKQ2bin80	ANI95_02802
primary	bac120	NEE60_G_02795	qaidam_basin_mmag_1773_AKQ3bin10	ANI95_02803
primary	bac120	NEE60_G_02796	qaidam_basin_mmag_1773_AKQ3bin12	ANI95_02804
primary	bac120	NEE60_G_02797	qaidam_basin_mmag_1773_AKQ3bin14	ANI95_02805
primary	bac120	NEE60_G_02798	qaidam_basin_mmag_1773_AKQ3bin15	ANI95_02806
primary	bac120	NEE60_G_02799	qaidam_basin_mmag_1773_AKQ3bin16	ANI95_02807
primary	bac120	NEE60_G_02800	qaidam_basin_mmag_1773_AKQ3bin17	ANI95_02808
primary	bac120	NEE60_G_02801	qaidam_basin_mmag_1773_AKQ3bin18	ANI95_02809
primary	bac120	NEE60_G_02802	qaidam_basin_mmag_1773_AKQ3bin19	ANI95_02810
primary	bac120	NEE60_G_02803	qaidam_basin_mmag_1773_AKQ3bin20	ANI95_02811
primary	bac120	NEE60_G_02804	qaidam_basin_mmag_1773_AKQ3bin26	ANI95_02812
primary	bac120	NEE60_G_02805	qaidam_basin_mmag_1773_AKQ3bin27	ANI95_02813
primary	bac120	NEE60_G_02806	qaidam_basin_mmag_1773_AKQ3bin28	ANI95_02814
primary	bac120	NEE60_G_02807	qaidam_basin_mmag_1773_AKQ3bin30	ANI95_02815
primary	bac120	NEE60_G_02808	qaidam_basin_mmag_1773_AKQ3bin33	ANI95_02816
primary	bac120	NEE60_G_02809	qaidam_basin_mmag_1773_AKQ3bin34	ANI95_02817
primary	bac120	NEE60_G_02810	qaidam_basin_mmag_1773_AKQ3bin35	ANI95_02818
primary	bac120	NEE60_G_02811	qaidam_basin_mmag_1773_AKQ3bin36	ANI95_02819
primary	bac120	NEE60_G_02812	qaidam_basin_mmag_1773_AKQ3bin38	ANI95_02820
primary	bac120	NEE60_G_02813	qaidam_basin_mmag_1773_AKQ3bin39	ANI95_02821
primary	bac120	NEE60_G_02814	qaidam_basin_mmag_1773_AKQ3bin41	ANI95_02822
primary	bac120	NEE60_G_02815	qaidam_basin_mmag_1773_AKQ3bin42	ANI95_02776
primary	bac120	NEE60_G_02816	qaidam_basin_mmag_1773_AKQ3bin44	ANI95_02823
primary	bac120	NEE60_G_02817	qaidam_basin_mmag_1773_AKQ3bin45	ANI95_02824
primary	bac120	NEE60_G_02818	qaidam_basin_mmag_1773_AKQ3bin48	ANI95_02825
primary	bac120	NEE60_G_02819	qaidam_basin_mmag_1773_AKQ3bin5	ANI95_02826
primary	bac120	NEE60_G_02820	qaidam_basin_mmag_1773_AKQ3bin51	ANI95_02827
primary	bac120	NEE60_G_02821	qaidam_basin_mmag_1773_AKQ3bin52	ANI95_02828
primary	bac120	NEE60_G_02822	qaidam_basin_mmag_1773_AKQ3bin53	ANI95_02829
primary	bac120	NEE60_G_02823	qaidam_basin_mmag_1773_AKQ3bin56	ANI95_02830
primary	bac120	NEE60_G_02824	qaidam_basin_mmag_1773_AKQ3bin59	ANI95_02831
primary	bac120	NEE60_G_02825	qaidam_basin_mmag_1773_AKQ3bin60	ANI95_02832
primary	bac120	NEE60_G_02826	qaidam_basin_mmag_1773_AKQ3bin63	ANI95_02833
primary	bac120	NEE60_G_02827	qaidam_basin_mmag_1773_AKQ3bin74	ANI95_02835
primary	bac120	NEE60_G_02828	qaidam_basin_mmag_1773_AKQ3bin75	ANI95_02836
primary	bac120	NEE60_G_02829	qaidam_basin_mmag_1773_AKQ3bin77	ANI95_02837
primary	bac120	NEE60_G_02830	qaidam_basin_mmag_1773_AKQ3bin79	ANI95_02780
primary	bac120	NEE60_G_02831	qaidam_basin_mmag_1773_AKQ3bin83	ANI95_02838
primary	bac120	NEE60_G_02832	qaidam_basin_mmag_1773_AKQ3bin86	ANI95_02839
primary	bac120	NEE60_G_02833	qaidam_basin_mmag_1773_AKQ3bin89	ANI95_02840
primary	bac120	NEE60_G_02834	qaidam_basin_mmag_1773_AKQ3bin90	ANI95_02841
primary	bac120	NEE60_G_02835	qaidam_basin_mmag_1773_CG2021bin12	ANI95_02843
primary	bac120	NEE60_G_02836	qaidam_basin_mmag_1773_CG2021bin15	ANI95_02846
primary	bac120	NEE60_G_02837	qaidam_basin_mmag_1773_CG2021bin16	ANI95_02847
primary	bac120	NEE60_G_02838	qaidam_basin_mmag_1773_CG2021bin18	ANI95_02848
primary	bac120	NEE60_G_02839	qaidam_basin_mmag_1773_CG2021bin19	ANI95_02849
primary	bac120	NEE60_G_02840	qaidam_basin_mmag_1773_CG2021bin2	ANI95_02850
primary	bac120	NEE60_G_02841	qaidam_basin_mmag_1773_CG2021bin22	ANI95_02851
primary	bac120	NEE60_G_02842	qaidam_basin_mmag_1773_CG2021bin23	ANI95_02852
primary	bac120	NEE60_G_02843	qaidam_basin_mmag_1773_CG2021bin24	ANI95_02853
primary	bac120	NEE60_G_02844	qaidam_basin_mmag_1773_CG2021bin25	ANI95_02854
primary	bac120	NEE60_G_02845	qaidam_basin_mmag_1773_CG2021bin28	ANI95_02856
primary	bac120	NEE60_G_02846	qaidam_basin_mmag_1773_CG2021bin29	ANI95_02857
primary	bac120	NEE60_G_02847	qaidam_basin_mmag_1773_CG2021bin3	ANI95_02858
primary	bac120	NEE60_G_02848	qaidam_basin_mmag_1773_CG2021bin33	ANI95_02860
primary	bac120	NEE60_G_02849	qaidam_basin_mmag_1773_CG2021bin35	ANI95_02861
primary	bac120	NEE60_G_02852	qaidam_basin_mmag_1773_CG2021bin8	ANI95_02865
primary	bac120	NEE60_G_02853	qaidam_basin_mmag_1773_CG2021bin9	ANI95_02866
primary	bac120	NEE60_G_02854	qaidam_basin_mmag_1773_CHGGbin1	ANI95_02867
primary	bac120	NEE60_G_02855	qaidam_basin_mmag_1773_CHGGbin10	ANI95_02855
primary	bac120	NEE60_G_02856	qaidam_basin_mmag_1773_CHGGbin12	ANI95_02868
primary	bac120	NEE60_G_02857	qaidam_basin_mmag_1773_CHGGbin13	ANI95_02869
primary	bac120	NEE60_G_02859	qaidam_basin_mmag_1773_CHGGbin17	ANI95_02871
primary	bac120	NEE60_G_02860	qaidam_basin_mmag_1773_CHGGbin18	ANI95_02872
primary	bac120	NEE60_G_02861	qaidam_basin_mmag_1773_CHGGbin19	ANI95_02873
primary	bac120	NEE60_G_02862	qaidam_basin_mmag_1773_CHGGbin2	ANI95_02874
primary	bac120	NEE60_G_02863	qaidam_basin_mmag_1773_CHGGbin22	ANI95_02876
primary	bac120	NEE60_G_02865	qaidam_basin_mmag_1773_CHGGbin25	ANI95_02878
primary	bac120	NEE60_G_02866	qaidam_basin_mmag_1773_CHGGbin27	ANI95_02879
primary	bac120	NEE60_G_02867	qaidam_basin_mmag_1773_CHGGbin28	ANI95_02880
primary	bac120	NEE60_G_02868	qaidam_basin_mmag_1773_CHGGbin29	ANI95_02881
primary	bac120	NEE60_G_02869	qaidam_basin_mmag_1773_CHGGbin3	ANI95_02882
primary	bac120	NEE60_G_02870	qaidam_basin_mmag_1773_CHGGbin30	ANI95_02883
primary	bac120	NEE60_G_02871	qaidam_basin_mmag_1773_CHGGbin31	ANI95_02884
primary	bac120	NEE60_G_02874	qaidam_basin_mmag_1773_CHGGbin35	ANI95_02888
primary	bac120	NEE60_G_02876	qaidam_basin_mmag_1773_CHGGbin5	ANI95_02890
primary	bac120	NEE60_G_02877	qaidam_basin_mmag_1773_CHGGbin6	ANI95_02891
primary	bac120	NEE60_G_02878	qaidam_basin_mmag_1773_CHGGbin7	ANI95_02892
primary	bac120	NEE60_G_02879	qaidam_basin_mmag_1773_CHGGbin8	ANI95_02893
primary	bac120	NEE60_G_02880	qaidam_basin_mmag_1773_CHGRbin10	ANI95_02894
primary	bac120	NEE60_G_02881	qaidam_basin_mmag_1773_CHGRbin11	ANI95_02895
primary	bac120	NEE60_G_02882	qaidam_basin_mmag_1773_CHGRbin12	ANI95_02896
primary	bac120	NEE60_G_02883	qaidam_basin_mmag_1773_CHGRbin13	ANI95_02897
primary	bac120	NEE60_G_02884	qaidam_basin_mmag_1773_CHGRbin17	ANI95_02898
primary	bac120	NEE60_G_02885	qaidam_basin_mmag_1773_CHGRbin18	ANI95_02899
primary	bac120	NEE60_G_02886	qaidam_basin_mmag_1773_CHGRbin19	ANI95_02900
primary	bac120	NEE60_G_02887	qaidam_basin_mmag_1773_CHGRbin2	ANI95_02901
primary	bac120	NEE60_G_02888	qaidam_basin_mmag_1773_CHGRbin20	ANI95_02902
primary	bac120	NEE60_G_02889	qaidam_basin_mmag_1773_CHGRbin21	ANI95_02903
primary	bac120	NEE60_G_02890	qaidam_basin_mmag_1773_CHGRbin23	ANI95_02904
primary	bac120	NEE60_G_02891	qaidam_basin_mmag_1773_CHGRbin25	ANI95_02905
primary	bac120	NEE60_G_02892	qaidam_basin_mmag_1773_CHGRbin26	ANI95_02906
primary	bac120	NEE60_G_02893	qaidam_basin_mmag_1773_CHGRbin28	ANI95_02907
primary	bac120	NEE60_G_02894	qaidam_basin_mmag_1773_CHGRbin29	ANI95_02908
primary	bac120	NEE60_G_02895	qaidam_basin_mmag_1773_CHGRbin3	ANI95_02909
primary	bac120	NEE60_G_02896	qaidam_basin_mmag_1773_CHGRbin31	ANI95_02910
primary	bac120	NEE60_G_02897	qaidam_basin_mmag_1773_CHGRbin34	ANI95_02911
primary	bac120	NEE60_G_02898	qaidam_basin_mmag_1773_CHGRbin35	ANI95_02912
primary	bac120	NEE60_G_02899	qaidam_basin_mmag_1773_CHGRbin36	ANI95_02913
primary	bac120	NEE60_G_02900	qaidam_basin_mmag_1773_CHGRbin38	ANI95_02914
primary	bac120	NEE60_G_02901	qaidam_basin_mmag_1773_CHGRbin4	ANI95_02915
primary	bac120	NEE60_G_02902	qaidam_basin_mmag_1773_CHGRbin40	ANI95_02916
primary	bac120	NEE60_G_02903	qaidam_basin_mmag_1773_CHGRbin43	ANI95_02917
primary	bac120	NEE60_G_02904	qaidam_basin_mmag_1773_CHGRbin44	ANI95_02918
primary	bac120	NEE60_G_02905	qaidam_basin_mmag_1773_CHGRbin5	ANI95_02919
primary	bac120	NEE60_G_02906	qaidam_basin_mmag_1773_CHGRbin6	ANI95_02920
primary	bac120	NEE60_G_02907	qaidam_basin_mmag_1773_CHGYbin1	ANI95_02922
primary	bac120	NEE60_G_02908	qaidam_basin_mmag_1773_CHGYbin11	ANI95_02842
primary	bac120	NEE60_G_02910	qaidam_basin_mmag_1773_CHGYbin13	ANI95_02924
primary	bac120	NEE60_G_02911	qaidam_basin_mmag_1773_CHGYbin15	ANI95_02926
primary	bac120	NEE60_G_02912	qaidam_basin_mmag_1773_CHGYbin16	ANI95_02927
primary	bac120	NEE60_G_02913	qaidam_basin_mmag_1773_CHGYbin17	ANI95_02928
primary	bac120	NEE60_G_02914	qaidam_basin_mmag_1773_CHGYbin18	ANI95_02929
primary	bac120	NEE60_G_02915	qaidam_basin_mmag_1773_CHGYbin19	ANI95_02930
primary	bac120	NEE60_G_02916	qaidam_basin_mmag_1773_CHGYbin2	ANI95_02931
primary	bac120	NEE60_G_02917	qaidam_basin_mmag_1773_CHGYbin20	ANI95_02932
primary	bac120	NEE60_G_02918	qaidam_basin_mmag_1773_CHGYbin21	ANI95_02921
primary	bac120	NEE60_G_02919	qaidam_basin_mmag_1773_CHGYbin22	ANI95_02933
primary	bac120	NEE60_G_02920	qaidam_basin_mmag_1773_CHGYbin24	ANI95_02934
primary	bac120	NEE60_G_02921	qaidam_basin_mmag_1773_CHGYbin27	ANI95_02936
primary	bac120	NEE60_G_02922	qaidam_basin_mmag_1773_CHGYbin28	ANI95_02937
primary	bac120	NEE60_G_02923	qaidam_basin_mmag_1773_CHGYbin29	ANI95_02938
primary	bac120	NEE60_G_02924	qaidam_basin_mmag_1773_CHGYbin3	ANI95_02939
primary	bac120	NEE60_G_02926	qaidam_basin_mmag_1773_CHGYbin32	ANI95_02942
primary	bac120	NEE60_G_02928	qaidam_basin_mmag_1773_CHGYbin34	ANI95_02944
primary	bac120	NEE60_G_02929	qaidam_basin_mmag_1773_CHGYbin35	ANI95_02945
primary	bac120	NEE60_G_02930	qaidam_basin_mmag_1773_CHGYbin36	ANI95_02946
primary	bac120	NEE60_G_02931	qaidam_basin_mmag_1773_CHGYbin37	ANI95_02947
primary	bac120	NEE60_G_02932	qaidam_basin_mmag_1773_CHGYbin38	ANI95_02948
primary	bac120	NEE60_G_02933	qaidam_basin_mmag_1773_CHGYbin4	ANI95_02167
primary	bac120	NEE60_G_02934	qaidam_basin_mmag_1773_CHGYbin40	ANI95_02949
primary	bac120	NEE60_G_02935	qaidam_basin_mmag_1773_CHGYbin42	ANI95_02950
primary	bac120	NEE60_G_02936	qaidam_basin_mmag_1773_CHGYbin46	ANI95_02951
primary	bac120	NEE60_G_02937	qaidam_basin_mmag_1773_CHGYbin6	ANI95_02952
primary	bac120	NEE60_G_02938	qaidam_basin_mmag_1773_CHGYbin7	ANI95_02953
primary	bac120	NEE60_G_02939	qaidam_basin_mmag_1773_CHGYbin9	ANI95_02954
primary	bac120	NEE60_G_02940	qaidam_basin_mmag_1773_CJ0912_0_5bin10	ANI95_02955
primary	bac120	NEE60_G_02941	qaidam_basin_mmag_1773_CJ0912_0_5bin11	ANI95_02956
primary	bac120	NEE60_G_02942	qaidam_basin_mmag_1773_CJ0912_0_5bin13	ANI95_02957
primary	bac120	NEE60_G_02943	qaidam_basin_mmag_1773_CJ0912_0_5bin17	ANI95_02958
primary	bac120	NEE60_G_02945	qaidam_basin_mmag_1773_CJ0912_0_5bin2	ANI95_02960
primary	bac120	NEE60_G_02946	qaidam_basin_mmag_1773_CJ0912_0_5bin20	ANI95_02961
primary	bac120	NEE60_G_02947	qaidam_basin_mmag_1773_CJ0912_0_5bin21	ANI95_02962
primary	bac120	NEE60_G_02948	qaidam_basin_mmag_1773_CJ0912_0_5bin22	ANI95_02963
primary	bac120	NEE60_G_02949	qaidam_basin_mmag_1773_CJ0912_0_5bin25	ANI95_02964
primary	bac120	NEE60_G_02950	qaidam_basin_mmag_1773_CJ0912_0_5bin26	ANI95_02965
primary	bac120	NEE60_G_02951	qaidam_basin_mmag_1773_CJ0912_0_5bin27	ANI95_02966
primary	bac120	NEE60_G_02952	qaidam_basin_mmag_1773_CJ0912_0_5bin28	ANI95_02967
primary	bac120	NEE60_G_02953	qaidam_basin_mmag_1773_CJ0912_0_5bin29	ANI95_02968
primary	bac120	NEE60_G_02954	qaidam_basin_mmag_1773_CJ0912_0_5bin31	ANI95_02969
primary	bac120	NEE60_G_02955	qaidam_basin_mmag_1773_CJ0912_0_5bin34	ANI95_02970
primary	bac120	NEE60_G_02957	qaidam_basin_mmag_1773_CJ0912_0_5bin36	ANI95_02972
primary	bac120	NEE60_G_02958	qaidam_basin_mmag_1773_CJ0912_0_5bin5	ANI95_02973
primary	bac120	NEE60_G_02959	qaidam_basin_mmag_1773_CJ0912_0_5bin7	ANI95_02974
primary	bac120	NEE60_G_02960	qaidam_basin_mmag_1773_CJ0912_0_5bin8	ANI95_02975
primary	bac120	NEE60_G_02961	qaidam_basin_mmag_1773_CJ0912_0_5bin9	ANI95_02976
primary	bac120	NEE60_G_02963	qaidam_basin_mmag_1773_CJ0912_10_15bin13	ANI95_02979
primary	bac120	NEE60_G_02964	qaidam_basin_mmag_1773_CJ0912_10_15bin19	ANI95_02981
primary	bac120	NEE60_G_02965	qaidam_basin_mmag_1773_CJ0912_10_15bin2	ANI95_02982
primary	bac120	NEE60_G_02966	qaidam_basin_mmag_1773_CJ0912_10_15bin22	ANI95_02983
primary	bac120	NEE60_G_02967	qaidam_basin_mmag_1773_CJ0912_10_15bin23	ANI95_02984
primary	bac120	NEE60_G_02968	qaidam_basin_mmag_1773_CJ0912_10_15bin3	ANI95_02988
primary	bac120	NEE60_G_02969	qaidam_basin_mmag_1773_CJ0912_10_15bin30	ANI95_02989
primary	bac120	NEE60_G_02970	qaidam_basin_mmag_1773_CJ0912_10_15bin32	ANI95_02990
primary	bac120	NEE60_G_02971	qaidam_basin_mmag_1773_CJ0912_10_15bin33	ANI95_02991
primary	bac120	NEE60_G_02973	qaidam_basin_mmag_1773_CJ0912_10_15bin6	ANI95_02995
primary	bac120	NEE60_G_02974	qaidam_basin_mmag_1773_CJ0912_10_15bin8	ANI95_02996
primary	bac120	NEE60_G_02975	qaidam_basin_mmag_1773_CJ0912_10_15bin9	ANI95_02997
primary	bac120	NEE60_G_02976	qaidam_basin_mmag_1773_CJ0912_15_20bin11	ANI95_02998
primary	bac120	NEE60_G_02977	qaidam_basin_mmag_1773_CJ0912_15_20bin15	ANI95_03000
primary	bac120	NEE60_G_02978	qaidam_basin_mmag_1773_CJ0912_15_20bin16	ANI95_03001
primary	bac120	NEE60_G_02979	qaidam_basin_mmag_1773_CJ0912_15_20bin17	ANI95_03002
primary	bac120	NEE60_G_02980	qaidam_basin_mmag_1773_CJ0912_15_20bin18	ANI95_03003
primary	bac120	NEE60_G_02981	qaidam_basin_mmag_1773_CJ0912_15_20bin20	ANI95_03004
primary	bac120	NEE60_G_02982	qaidam_basin_mmag_1773_CJ0912_15_20bin21	ANI95_03005
primary	bac120	NEE60_G_02983	qaidam_basin_mmag_1773_CJ0912_15_20bin22	ANI95_03006
primary	bac120	NEE60_G_02984	qaidam_basin_mmag_1773_CJ0912_15_20bin24	ANI95_03007
primary	bac120	NEE60_G_02986	qaidam_basin_mmag_1773_CJ0912_15_20bin31	ANI95_03010
primary	bac120	NEE60_G_02987	qaidam_basin_mmag_1773_CJ0912_15_20bin32	ANI95_03011
primary	bac120	NEE60_G_02988	qaidam_basin_mmag_1773_CJ0912_15_20bin33	ANI95_03012
primary	bac120	NEE60_G_02989	qaidam_basin_mmag_1773_CJ0912_15_20bin34	ANI95_03013
primary	bac120	NEE60_G_02990	qaidam_basin_mmag_1773_CJ0912_15_20bin36	ANI95_03014
primary	bac120	NEE60_G_02991	qaidam_basin_mmag_1773_CJ0912_15_20bin37	ANI95_03015
primary	bac120	NEE60_G_02992	qaidam_basin_mmag_1773_CJ0912_15_20bin4	ANI95_03016
primary	bac120	NEE60_G_02993	qaidam_basin_mmag_1773_CJ0912_15_20bin5	ANI95_03017
primary	bac120	NEE60_G_02994	qaidam_basin_mmag_1773_CJ0912_15_20bin7	ANI95_03018
primary	bac120	NEE60_G_02995	qaidam_basin_mmag_1773_CJ0912_15_20bin9	ANI95_03019
primary	bac120	NEE60_G_02996	qaidam_basin_mmag_1773_CJ0912_20_25bin19	ANI95_03020
primary	bac120	NEE60_G_02997	qaidam_basin_mmag_1773_CJ0912_20_25bin2	ANI95_02992
primary	bac120	NEE60_G_02998	qaidam_basin_mmag_1773_CJ0912_20_25bin22	ANI95_03021
primary	bac120	NEE60_G_02999	qaidam_basin_mmag_1773_CJ0912_20_25bin25	ANI95_03022
primary	bac120	NEE60_G_03000	qaidam_basin_mmag_1773_CJ0912_20_25bin27	ANI95_03023
primary	bac120	NEE60_G_03001	qaidam_basin_mmag_1773_CJ0912_20_25bin31	ANI95_03025
primary	bac120	NEE60_G_03002	qaidam_basin_mmag_1773_CJ0912_20_25bin8	ANI95_03026
primary	bac120	NEE60_G_03004	qaidam_basin_mmag_1773_CJ0912_25_30bin11	ANI95_03028
primary	bac120	NEE60_G_03005	qaidam_basin_mmag_1773_CJ0912_25_30bin12	ANI95_03029
primary	bac120	NEE60_G_03006	qaidam_basin_mmag_1773_CJ0912_25_30bin14	ANI95_03030
primary	bac120	NEE60_G_03007	qaidam_basin_mmag_1773_CJ0912_25_30bin15	ANI95_03031
primary	bac120	NEE60_G_03008	qaidam_basin_mmag_1773_CJ0912_25_30bin18	ANI95_03033
primary	bac120	NEE60_G_03010	qaidam_basin_mmag_1773_CJ0912_25_30bin20	ANI95_03035
primary	bac120	NEE60_G_03011	qaidam_basin_mmag_1773_CJ0912_25_30bin23	ANI95_03036
primary	bac120	NEE60_G_03012	qaidam_basin_mmag_1773_CJ0912_25_30bin28	ANI95_03037
primary	bac120	NEE60_G_03013	qaidam_basin_mmag_1773_CJ0912_25_30bin29	ANI95_03038
primary	bac120	NEE60_G_03014	qaidam_basin_mmag_1773_CJ0912_25_30bin3	ANI95_03039
primary	bac120	NEE60_G_03015	qaidam_basin_mmag_1773_CJ0912_25_30bin30	ANI95_03040
primary	bac120	NEE60_G_03016	qaidam_basin_mmag_1773_CJ0912_25_30bin33	ANI95_03042
primary	bac120	NEE60_G_03017	qaidam_basin_mmag_1773_CJ0912_25_30bin34	ANI95_03043
primary	bac120	NEE60_G_03018	qaidam_basin_mmag_1773_CJ0912_25_30bin37	ANI95_03044
primary	bac120	NEE60_G_03019	qaidam_basin_mmag_1773_CJ0912_25_30bin38	ANI95_03045
primary	bac120	NEE60_G_03020	qaidam_basin_mmag_1773_CJ0912_30_35bin1	ANI95_03046
primary	bac120	NEE60_G_03021	qaidam_basin_mmag_1773_CJ0912_30_35bin10	ANI95_03047
primary	bac120	NEE60_G_03022	qaidam_basin_mmag_1773_CJ0912_30_35bin11	ANI95_03048
primary	bac120	NEE60_G_03024	qaidam_basin_mmag_1773_CJ0912_30_35bin17	ANI95_03050
primary	bac120	NEE60_G_03025	qaidam_basin_mmag_1773_CJ0912_30_35bin23	ANI95_03051
primary	bac120	NEE60_G_03026	qaidam_basin_mmag_1773_CJ0912_30_35bin25	ANI95_03052
primary	bac120	NEE60_G_03027	qaidam_basin_mmag_1773_CJ0912_30_35bin27	ANI95_03053
primary	bac120	NEE60_G_03029	qaidam_basin_mmag_1773_CJ0912_30_35bin30	ANI95_03055
primary	bac120	NEE60_G_03030	qaidam_basin_mmag_1773_CJ0912_30_35bin32	ANI95_03024
primary	bac120	NEE60_G_03031	qaidam_basin_mmag_1773_CJ0912_30_35bin33	ANI95_03056
primary	bac120	NEE60_G_03032	qaidam_basin_mmag_1773_CJ0912_30_35bin34	ANI95_03057
primary	bac120	NEE60_G_03034	qaidam_basin_mmag_1773_CJ0912_30_35bin37	ANI95_03059
primary	bac120	NEE60_G_03035	qaidam_basin_mmag_1773_CJ0912_30_35bin38	ANI95_03060
primary	bac120	NEE60_G_03036	qaidam_basin_mmag_1773_CJ0912_30_35bin39	ANI95_03061
primary	bac120	NEE60_G_03037	qaidam_basin_mmag_1773_CJ0912_30_35bin40	ANI95_03062
primary	bac120	NEE60_G_03038	qaidam_basin_mmag_1773_CJ0912_30_35bin41	ANI95_03063
primary	bac120	NEE60_G_03039	qaidam_basin_mmag_1773_CJ0912_30_35bin43	ANI95_03064
primary	bac120	NEE60_G_03040	qaidam_basin_mmag_1773_CJ0912_30_35bin46	ANI95_03065
primary	bac120	NEE60_G_03041	qaidam_basin_mmag_1773_CJ0912_30_35bin47	ANI95_03066
primary	bac120	NEE60_G_03042	qaidam_basin_mmag_1773_CJ0912_30_35bin48	ANI95_03067
primary	bac120	NEE60_G_03043	qaidam_basin_mmag_1773_CJ0912_30_35bin49	ANI95_03068
primary	bac120	NEE60_G_03044	qaidam_basin_mmag_1773_CJ0912_30_35bin5	ANI95_03069
primary	bac120	NEE60_G_03045	qaidam_basin_mmag_1773_CJ0912_30_35bin50	ANI95_03070
primary	bac120	NEE60_G_03046	qaidam_basin_mmag_1773_CJ0912_30_35bin51	ANI95_03071
primary	bac120	NEE60_G_03047	qaidam_basin_mmag_1773_CJ0912_30_35bin52	ANI95_03072
primary	bac120	NEE60_G_03048	qaidam_basin_mmag_1773_CJ0912_30_35bin53	ANI95_03073
primary	bac120	NEE60_G_03049	qaidam_basin_mmag_1773_CJ0912_30_35bin54	ANI95_03074
primary	bac120	NEE60_G_03051	qaidam_basin_mmag_1773_CJ0912_30_35bin57	ANI95_03076
primary	bac120	NEE60_G_03052	qaidam_basin_mmag_1773_CJ0912_30_35bin58	ANI95_03077
primary	bac120	NEE60_G_03053	qaidam_basin_mmag_1773_CJ0912_30_35bin7	ANI95_03078
primary	bac120	NEE60_G_03054	qaidam_basin_mmag_1773_CJ0912_30_35bin8	ANI95_03079
primary	bac120	NEE60_G_03055	qaidam_basin_mmag_1773_CJ0912_30_35bin9	ANI95_03080
primary	bac120	NEE60_G_03057	qaidam_basin_mmag_1773_CJ0912_35_40bin13	ANI95_03082
primary	bac120	NEE60_G_03058	qaidam_basin_mmag_1773_CJ0912_35_40bin19	ANI95_03083
primary	bac120	NEE60_G_03060	qaidam_basin_mmag_1773_CJ0912_35_40bin20	ANI95_03085
primary	bac120	NEE60_G_03062	qaidam_basin_mmag_1773_CJ0912_35_40bin22	ANI95_03087
primary	bac120	NEE60_G_03063	qaidam_basin_mmag_1773_CJ0912_35_40bin23	ANI95_03041
primary	bac120	NEE60_G_03064	qaidam_basin_mmag_1773_CJ0912_35_40bin24	ANI95_03088
primary	bac120	NEE60_G_03065	qaidam_basin_mmag_1773_CJ0912_35_40bin26	ANI95_03089
primary	bac120	NEE60_G_03066	qaidam_basin_mmag_1773_CJ0912_35_40bin27	ANI95_03090
primary	bac120	NEE60_G_03067	qaidam_basin_mmag_1773_CJ0912_35_40bin29	ANI95_03092
primary	bac120	NEE60_G_03068	qaidam_basin_mmag_1773_CJ0912_35_40bin3	ANI95_03093
primary	bac120	NEE60_G_03069	qaidam_basin_mmag_1773_CJ0912_35_40bin32	ANI95_02844
primary	bac120	NEE60_G_03070	qaidam_basin_mmag_1773_CJ0912_35_40bin33	ANI95_03094
primary	bac120	NEE60_G_03071	qaidam_basin_mmag_1773_CJ0912_35_40bin37	ANI95_03095
primary	bac120	NEE60_G_03073	qaidam_basin_mmag_1773_CJ0912_35_40bin40	ANI95_03097
primary	bac120	NEE60_G_03074	qaidam_basin_mmag_1773_CJ0912_35_40bin42	ANI95_03098
primary	bac120	NEE60_G_03075	qaidam_basin_mmag_1773_CJ0912_35_40bin44	ANI95_03099
primary	bac120	NEE60_G_03076	qaidam_basin_mmag_1773_CJ0912_35_40bin45	ANI95_03100
primary	bac120	NEE60_G_03077	qaidam_basin_mmag_1773_CJ0912_35_40bin46	ANI95_03101
primary	bac120	NEE60_G_03078	qaidam_basin_mmag_1773_CJ0912_35_40bin47	ANI95_03102
primary	bac120	NEE60_G_03079	qaidam_basin_mmag_1773_CJ0912_35_40bin48	ANI95_03103
primary	bac120	NEE60_G_03080	qaidam_basin_mmag_1773_CJ0912_35_40bin49	ANI95_03104
primary	bac120	NEE60_G_03081	qaidam_basin_mmag_1773_CJ0912_40_45bin14	ANI95_03106
primary	bac120	NEE60_G_03082	qaidam_basin_mmag_1773_CJ0912_40_45bin18	ANI95_03107
primary	bac120	NEE60_G_03085	qaidam_basin_mmag_1773_CJ0912_40_45bin23	ANI95_03105
primary	bac120	NEE60_G_03086	qaidam_basin_mmag_1773_CJ0912_40_45bin24	ANI95_03058
primary	bac120	NEE60_G_03088	qaidam_basin_mmag_1773_CJ0912_40_45bin28	ANI95_03111
primary	bac120	NEE60_G_03089	qaidam_basin_mmag_1773_CJ0912_40_45bin29	ANI95_03112
primary	bac120	NEE60_G_03090	qaidam_basin_mmag_1773_CJ0912_40_45bin3	ANI95_03113
primary	bac120	NEE60_G_03091	qaidam_basin_mmag_1773_CJ0912_40_45bin30	ANI95_03114
primary	bac120	NEE60_G_03094	qaidam_basin_mmag_1773_CJ0912_40_45bin33	ANI95_03117
primary	bac120	NEE60_G_03095	qaidam_basin_mmag_1773_CJ0912_40_45bin34	ANI95_03118
primary	bac120	NEE60_G_03096	qaidam_basin_mmag_1773_CJ0912_40_45bin35	ANI95_02994
primary	bac120	NEE60_G_03097	qaidam_basin_mmag_1773_CJ0912_40_45bin39	ANI95_03120
primary	bac120	NEE60_G_03098	qaidam_basin_mmag_1773_CJ0912_40_45bin4	ANI95_03121
primary	bac120	NEE60_G_03099	qaidam_basin_mmag_1773_CJ0912_40_45bin40	ANI95_03122
primary	bac120	NEE60_G_03100	qaidam_basin_mmag_1773_CJ0912_40_45bin42	ANI95_03123
primary	bac120	NEE60_G_03101	qaidam_basin_mmag_1773_CJ0912_40_45bin43	ANI95_03124
primary	bac120	NEE60_G_03102	qaidam_basin_mmag_1773_CJ0912_40_45bin44	ANI95_03125
primary	bac120	NEE60_G_03103	qaidam_basin_mmag_1773_CJ0912_40_45bin46	ANI95_03126
primary	bac120	NEE60_G_03104	qaidam_basin_mmag_1773_CJ0912_40_45bin47	ANI95_03127
primary	bac120	NEE60_G_03105	qaidam_basin_mmag_1773_CJ0912_40_45bin5	ANI95_03128
primary	bac120	NEE60_G_03107	qaidam_basin_mmag_1773_CJ0912_40_45bin8	ANI95_03130
primary	bac120	NEE60_G_03108	qaidam_basin_mmag_1773_CJ0912_45_50bin1	ANI95_03131
primary	bac120	NEE60_G_03109	qaidam_basin_mmag_1773_CJ0912_45_50bin10	ANI95_03132
primary	bac120	NEE60_G_03110	qaidam_basin_mmag_1773_CJ0912_45_50bin11	ANI95_03133
primary	bac120	NEE60_G_03112	qaidam_basin_mmag_1773_CJ0912_45_50bin6	ANI95_03135
primary	bac120	NEE60_G_03113	qaidam_basin_mmag_1773_CJ0912_5_10bin1	ANI95_03136
primary	bac120	NEE60_G_03114	qaidam_basin_mmag_1773_CJ0912_5_10bin10	ANI95_03137
primary	bac120	NEE60_G_03115	qaidam_basin_mmag_1773_CJ0912_5_10bin13	ANI95_03138
primary	bac120	NEE60_G_03116	qaidam_basin_mmag_1773_CJ0912_5_10bin15	ANI95_03140
primary	bac120	NEE60_G_03117	qaidam_basin_mmag_1773_CJ0912_5_10bin16	ANI95_03141
primary	bac120	NEE60_G_03118	qaidam_basin_mmag_1773_CJ0912_5_10bin17	ANI95_03142
primary	bac120	NEE60_G_03119	qaidam_basin_mmag_1773_CJ0912_5_10bin18	ANI95_03143
primary	bac120	NEE60_G_03120	qaidam_basin_mmag_1773_CJ0912_5_10bin19	ANI95_02980
primary	bac120	NEE60_G_03121	qaidam_basin_mmag_1773_CJ0912_5_10bin2	ANI95_03144
primary	bac120	NEE60_G_03122	qaidam_basin_mmag_1773_CJ0912_5_10bin24	ANI95_03145
primary	bac120	NEE60_G_03124	qaidam_basin_mmag_1773_CJ0912_5_10bin27	ANI95_03147
primary	bac120	NEE60_G_03125	qaidam_basin_mmag_1773_CJ0912_5_10bin28	ANI95_03148
primary	bac120	NEE60_G_03126	qaidam_basin_mmag_1773_CJ0912_5_10bin29	ANI95_03149
primary	bac120	NEE60_G_03127	qaidam_basin_mmag_1773_CJ0912_5_10bin30	ANI95_03150
primary	bac120	NEE60_G_03128	qaidam_basin_mmag_1773_CJ0912_5_10bin34	ANI95_03151
primary	bac120	NEE60_G_03130	qaidam_basin_mmag_1773_CJ0912_5_10bin36	ANI95_03153
primary	bac120	NEE60_G_03131	qaidam_basin_mmag_1773_CJ0912_5_10bin38	ANI95_03154
primary	bac120	NEE60_G_03132	qaidam_basin_mmag_1773_CJ0912_5_10bin39	ANI95_03155
primary	bac120	NEE60_G_03133	qaidam_basin_mmag_1773_CJ0912_5_10bin4	ANI95_03156
primary	bac120	NEE60_G_03134	qaidam_basin_mmag_1773_CJ0912_5_10bin41	ANI95_03157
primary	bac120	NEE60_G_03135	qaidam_basin_mmag_1773_CJ0912_5_10bin43	ANI95_03158
primary	bac120	NEE60_G_03136	qaidam_basin_mmag_1773_CJ0912_5_10bin44	ANI95_03159
primary	bac120	NEE60_G_03137	qaidam_basin_mmag_1773_CJ0912_5_10bin46	ANI95_03160
primary	bac120	NEE60_G_03138	qaidam_basin_mmag_1773_CJ0912_5_10bin47	ANI95_03161
primary	bac120	NEE60_G_03139	qaidam_basin_mmag_1773_CJ0912_5_10bin48	ANI95_03162
primary	bac120	NEE60_G_03140	qaidam_basin_mmag_1773_CJ0912_5_10bin5	ANI95_03163
primary	bac120	NEE60_G_03141	qaidam_basin_mmag_1773_CJ0912_5_10bin6	ANI95_03091
primary	bac120	NEE60_G_03142	qaidam_basin_mmag_1773_CJS_1_0912bin1	ANI95_03164
primary	bac120	NEE60_G_03143	qaidam_basin_mmag_1773_CJS_1_0912bin11	ANI95_03165
primary	bac120	NEE60_G_03144	qaidam_basin_mmag_1773_CJS_1_0912bin12	ANI95_03166
primary	bac120	NEE60_G_03145	qaidam_basin_mmag_1773_CJS_1_0912bin13	ANI95_03167
primary	bac120	NEE60_G_03146	qaidam_basin_mmag_1773_CJS_1_0912bin14	ANI95_03168
primary	bac120	NEE60_G_03147	qaidam_basin_mmag_1773_CJS_1_0912bin15	ANI95_03169
primary	bac120	NEE60_G_03148	qaidam_basin_mmag_1773_CJS_1_0912bin17	ANI95_03171
primary	bac120	NEE60_G_03150	qaidam_basin_mmag_1773_CJS_1_0912bin19	ANI95_03173
primary	bac120	NEE60_G_03151	qaidam_basin_mmag_1773_CJS_1_0912bin2	ANI95_03174
primary	bac120	NEE60_G_03152	qaidam_basin_mmag_1773_CJS_1_0912bin20	ANI95_03175
primary	bac120	NEE60_G_03153	qaidam_basin_mmag_1773_CJS_1_0912bin21	ANI95_03176
primary	bac120	NEE60_G_03154	qaidam_basin_mmag_1773_CJS_1_0912bin22	ANI95_03177
primary	bac120	NEE60_G_03155	qaidam_basin_mmag_1773_CJS_1_0912bin23	ANI95_03178
primary	bac120	NEE60_G_03156	qaidam_basin_mmag_1773_CJS_1_0912bin25	ANI95_03179
primary	bac120	NEE60_G_03157	qaidam_basin_mmag_1773_CJS_1_0912bin26	ANI95_03180
primary	bac120	NEE60_G_03158	qaidam_basin_mmag_1773_CJS_1_0912bin27	ANI95_03181
primary	bac120	NEE60_G_03161	qaidam_basin_mmag_1773_CJS_1_0912bin3	ANI95_03184
primary	bac120	NEE60_G_03162	qaidam_basin_mmag_1773_CJS_1_0912bin30	ANI95_03185
primary	bac120	NEE60_G_03163	qaidam_basin_mmag_1773_CJS_1_0912bin31	ANI95_03186
primary	bac120	NEE60_G_03164	qaidam_basin_mmag_1773_CJS_1_0912bin32	ANI95_03187
primary	bac120	NEE60_G_03165	qaidam_basin_mmag_1773_CJS_1_0912bin34	ANI95_03188
primary	bac120	NEE60_G_03167	qaidam_basin_mmag_1773_CJS_1_0912bin37	ANI95_03190
primary	bac120	NEE60_G_03168	qaidam_basin_mmag_1773_CJS_1_0912bin39	ANI95_03191
primary	bac120	NEE60_G_03169	qaidam_basin_mmag_1773_CJS_1_0912bin4	ANI95_03192
primary	bac120	NEE60_G_03170	qaidam_basin_mmag_1773_CJS_1_0912bin40	ANI95_03193
primary	bac120	NEE60_G_03172	qaidam_basin_mmag_1773_CJS_1_0912bin42	ANI95_03194
primary	bac120	NEE60_G_03175	qaidam_basin_mmag_1773_CJS_1_0912bin45	ANI95_03197
primary	bac120	NEE60_G_03177	qaidam_basin_mmag_1773_CJS_1_0912bin47	ANI95_03199
primary	bac120	NEE60_G_03178	qaidam_basin_mmag_1773_CJS_1_0912bin48	ANI95_03200
primary	bac120	NEE60_G_03179	qaidam_basin_mmag_1773_CJS_1_0912bin49	ANI95_03201
primary	bac120	NEE60_G_03181	qaidam_basin_mmag_1773_CJS_1_0912bin8	ANI95_03203
primary	bac120	NEE60_G_03182	qaidam_basin_mmag_1773_DLTCJS0_5bin16	ANI95_03205
primary	bac120	NEE60_G_03183	qaidam_basin_mmag_1773_DLTCJS0_5bin27	ANI95_03207
primary	bac120	NEE60_G_03184	qaidam_basin_mmag_1773_DLTCJS0_5bin33	ANI95_03209
primary	bac120	NEE60_G_03185	qaidam_basin_mmag_1773_DLTCJS0_5bin37	ANI95_03211
primary	bac120	NEE60_G_03186	qaidam_basin_mmag_1773_DLTCJS0_5bin56	ANI95_03214
primary	bac120	NEE60_G_03187	qaidam_basin_mmag_1773_DLTCJS0_5bin59	ANI95_03215
primary	bac120	NEE60_G_03188	qaidam_basin_mmag_1773_DLTCJS0_5bin61	ANI95_03216
primary	bac120	NEE60_G_03189	qaidam_basin_mmag_1773_DLTCJS0_5bin63	ANI95_03217
primary	bac120	NEE60_G_03190	qaidam_basin_mmag_1773_DLTCJS0_5bin73	ANI95_03218
primary	bac120	NEE60_G_03191	qaidam_basin_mmag_1773_DLTCJS10_15bin11	ANI95_03219
primary	bac120	NEE60_G_03192	qaidam_basin_mmag_1773_DLTCJS10_15bin15	ANI95_03220
primary	bac120	NEE60_G_03193	qaidam_basin_mmag_1773_DLTCJS10_15bin18	ANI95_03221
primary	bac120	NEE60_G_03194	qaidam_basin_mmag_1773_DLTCJS10_15bin24	ANI95_03222
primary	bac120	NEE60_G_03195	qaidam_basin_mmag_1773_DLTCJS10_15bin27	ANI95_03223
primary	bac120	NEE60_G_03196	qaidam_basin_mmag_1773_DLTCJS10_15bin29	ANI95_03224
primary	bac120	NEE60_G_03198	qaidam_basin_mmag_1773_DLTCJS10_15bin32	ANI95_03225
primary	bac120	NEE60_G_03199	qaidam_basin_mmag_1773_DLTCJS10_15bin36	ANI95_03226
primary	bac120	NEE60_G_03200	qaidam_basin_mmag_1773_DLTCJS10_15bin38	ANI95_03227
primary	bac120	NEE60_G_03201	qaidam_basin_mmag_1773_DLTCJS10_15bin4	ANI95_03228
primary	bac120	NEE60_G_03202	qaidam_basin_mmag_1773_DLTCJS10_15bin40	ANI95_03229
primary	bac120	NEE60_G_03203	qaidam_basin_mmag_1773_DLTCJS10_15bin49	ANI95_03230
primary	bac120	NEE60_G_03204	qaidam_basin_mmag_1773_DLTCJS10_15bin51	ANI95_03231
primary	bac120	NEE60_G_03205	qaidam_basin_mmag_1773_DLTCJS10_15bin52	ANI95_03232
primary	bac120	NEE60_G_03206	qaidam_basin_mmag_1773_DLTCJS10_15bin58	ANI95_03233
primary	bac120	NEE60_G_03207	qaidam_basin_mmag_1773_DLTCJS10_15bin59	ANI95_03234
primary	bac120	NEE60_G_03208	qaidam_basin_mmag_1773_DLTCJS10_15bin60	ANI95_03235
primary	bac120	NEE60_G_03209	qaidam_basin_mmag_1773_DLTCJS10_15bin62	ANI95_03236
primary	bac120	NEE60_G_03210	qaidam_basin_mmag_1773_DLTCJS10_15bin69	ANI95_03237
primary	bac120	NEE60_G_03211	qaidam_basin_mmag_1773_DLTCJS10_15bin70	ANI95_03238
primary	bac120	NEE60_G_03212	qaidam_basin_mmag_1773_DLTCJS10_15bin71	ANI95_03239
primary	bac120	NEE60_G_03213	qaidam_basin_mmag_1773_DLTCJS10_15bin73	ANI95_03240
primary	bac120	NEE60_G_03214	qaidam_basin_mmag_1773_DLTCJS10_15bin74	ANI95_03241
primary	bac120	NEE60_G_03215	qaidam_basin_mmag_1773_DLTCJS10_15bin78	ANI95_03243
primary	bac120	NEE60_G_03216	qaidam_basin_mmag_1773_DLTCJS10_15bin81	ANI95_03244
primary	bac120	NEE60_G_03217	qaidam_basin_mmag_1773_DLTCJS15_20bin15	ANI95_03245
primary	bac120	NEE60_G_03218	qaidam_basin_mmag_1773_DLTCJS15_20bin28	ANI95_03247
primary	bac120	NEE60_G_03219	qaidam_basin_mmag_1773_DLTCJS15_20bin34	ANI95_03248
primary	bac120	NEE60_G_03220	qaidam_basin_mmag_1773_DLTCJS15_20bin35	ANI95_03249
primary	bac120	NEE60_G_03221	qaidam_basin_mmag_1773_DLTCJS15_20bin41	ANI95_03250
primary	bac120	NEE60_G_03222	qaidam_basin_mmag_1773_DLTCJS15_20bin44	ANI95_03252
primary	bac120	NEE60_G_03223	qaidam_basin_mmag_1773_DLTCJS15_20bin45	ANI95_03253
primary	bac120	NEE60_G_03224	qaidam_basin_mmag_1773_DLTCJS15_20bin46	ANI95_03254
primary	bac120	NEE60_G_03225	qaidam_basin_mmag_1773_DLTCJS15_20bin51	ANI95_03255
primary	bac120	NEE60_G_03226	qaidam_basin_mmag_1773_DLTCJS15_20bin53	ANI95_03256
primary	bac120	NEE60_G_03227	qaidam_basin_mmag_1773_DLTCJS15_20bin55	ANI95_03257
primary	bac120	NEE60_G_03228	qaidam_basin_mmag_1773_DLTCJS15_20bin60	ANI95_03259
primary	bac120	NEE60_G_03229	qaidam_basin_mmag_1773_DLTCJS15_20bin62	ANI95_03260
primary	bac120	NEE60_G_03230	qaidam_basin_mmag_1773_DLTCJS15_20bin63	ANI95_03261
primary	bac120	NEE60_G_03231	qaidam_basin_mmag_1773_DLTCJS15_20bin68	ANI95_03242
primary	bac120	NEE60_G_03232	qaidam_basin_mmag_1773_DLTCJS15_20bin69	ANI95_03263
primary	bac120	NEE60_G_03233	qaidam_basin_mmag_1773_DLTCJS15_20bin73	ANI95_03264
primary	bac120	NEE60_G_03234	qaidam_basin_mmag_1773_DLTCJS15_20bin79	ANI95_03265
primary	bac120	NEE60_G_03235	qaidam_basin_mmag_1773_DLTCJS15_20bin80	ANI95_03266
primary	bac120	NEE60_G_03236	qaidam_basin_mmag_1773_DLTCJS20_25bin10	ANI95_03267
primary	bac120	NEE60_G_03237	qaidam_basin_mmag_1773_DLTCJS20_25bin11	ANI95_03268
primary	bac120	NEE60_G_03238	qaidam_basin_mmag_1773_DLTCJS20_25bin16	ANI95_03269
primary	bac120	NEE60_G_03239	qaidam_basin_mmag_1773_DLTCJS20_25bin20	ANI95_03270
primary	bac120	NEE60_G_03240	qaidam_basin_mmag_1773_DLTCJS20_25bin22	ANI95_03271
primary	bac120	NEE60_G_03241	qaidam_basin_mmag_1773_DLTCJS20_25bin24	ANI95_03272
primary	bac120	NEE60_G_03242	qaidam_basin_mmag_1773_DLTCJS20_25bin25	ANI95_03273
primary	bac120	NEE60_G_03243	qaidam_basin_mmag_1773_DLTCJS20_25bin26	ANI95_03274
primary	bac120	NEE60_G_03244	qaidam_basin_mmag_1773_DLTCJS20_25bin27	ANI95_03246
primary	bac120	NEE60_G_03245	qaidam_basin_mmag_1773_DLTCJS20_25bin29	ANI95_03275
primary	bac120	NEE60_G_03246	qaidam_basin_mmag_1773_DLTCJS20_25bin30	ANI95_03276
primary	bac120	NEE60_G_03247	qaidam_basin_mmag_1773_DLTCJS20_25bin31	ANI95_03251
primary	bac120	NEE60_G_03248	qaidam_basin_mmag_1773_DLTCJS20_25bin32	ANI95_03277
primary	bac120	NEE60_G_03249	qaidam_basin_mmag_1773_DLTCJS20_25bin34	ANI95_03278
primary	bac120	NEE60_G_03250	qaidam_basin_mmag_1773_DLTCJS20_25bin4	ANI95_03279
primary	bac120	NEE60_G_03251	qaidam_basin_mmag_1773_DLTCJS20_25bin43	ANI95_03280
primary	bac120	NEE60_G_03252	qaidam_basin_mmag_1773_DLTCJS20_25bin45	ANI95_03281
primary	bac120	NEE60_G_03253	qaidam_basin_mmag_1773_DLTCJS20_25bin46	ANI95_03282
primary	bac120	NEE60_G_03254	qaidam_basin_mmag_1773_DLTCJS20_25bin48	ANI95_03283
primary	bac120	NEE60_G_03255	qaidam_basin_mmag_1773_DLTCJS20_25bin49	ANI95_03284
primary	bac120	NEE60_G_03256	qaidam_basin_mmag_1773_DLTCJS20_25bin51	ANI95_03285
primary	bac120	NEE60_G_03257	qaidam_basin_mmag_1773_DLTCJS20_25bin52	ANI95_03286
primary	bac120	NEE60_G_03258	qaidam_basin_mmag_1773_DLTCJS20_25bin54	ANI95_03287
primary	bac120	NEE60_G_03259	qaidam_basin_mmag_1773_DLTCJS20_25bin58	ANI95_03288
primary	bac120	NEE60_G_03260	qaidam_basin_mmag_1773_DLTCJS20_25bin6	ANI95_03204
primary	bac120	NEE60_G_03261	qaidam_basin_mmag_1773_DLTCJS20_25bin60	ANI95_03289
primary	bac120	NEE60_G_03262	qaidam_basin_mmag_1773_DLTCJS20_25bin63	ANI95_03290
primary	bac120	NEE60_G_03263	qaidam_basin_mmag_1773_DLTCJS20_25bin68	ANI95_03291
primary	bac120	NEE60_G_03264	qaidam_basin_mmag_1773_DLTCJS20_25bin71	ANI95_03292
primary	bac120	NEE60_G_03265	qaidam_basin_mmag_1773_DLTCJS20_25bin77	ANI95_03293
primary	bac120	NEE60_G_03266	qaidam_basin_mmag_1773_DLTCJS20_25bin81	ANI95_03294
primary	bac120	NEE60_G_03267	qaidam_basin_mmag_1773_DLTCJS20_25bin83	ANI95_03295
primary	bac120	NEE60_G_03268	qaidam_basin_mmag_1773_DLTCJS20_25bin86	ANI95_03296
primary	bac120	NEE60_G_03269	qaidam_basin_mmag_1773_DLTCJS20_25bin88	ANI95_03297
primary	bac120	NEE60_G_03270	qaidam_basin_mmag_1773_DLTCJS25_30bin1	ANI95_03298
primary	bac120	NEE60_G_03271	qaidam_basin_mmag_1773_DLTCJS25_30bin10	ANI95_03299
primary	bac120	NEE60_G_03274	qaidam_basin_mmag_1773_DLTCJS25_30bin16	ANI95_03206
primary	bac120	NEE60_G_03275	qaidam_basin_mmag_1773_DLTCJS25_30bin18	ANI95_03302
primary	bac120	NEE60_G_03276	qaidam_basin_mmag_1773_DLTCJS25_30bin19	ANI95_03303
primary	bac120	NEE60_G_03277	qaidam_basin_mmag_1773_DLTCJS25_30bin24	ANI95_03304
primary	bac120	NEE60_G_03278	qaidam_basin_mmag_1773_DLTCJS25_30bin25	ANI95_03305
primary	bac120	NEE60_G_03279	qaidam_basin_mmag_1773_DLTCJS25_30bin29	ANI95_03306
primary	bac120	NEE60_G_03280	qaidam_basin_mmag_1773_DLTCJS25_30bin3	ANI95_03307
primary	bac120	NEE60_G_03281	qaidam_basin_mmag_1773_DLTCJS25_30bin30	ANI95_03308
primary	bac120	NEE60_G_03282	qaidam_basin_mmag_1773_DLTCJS25_30bin32	ANI95_03309
primary	bac120	NEE60_G_03283	qaidam_basin_mmag_1773_DLTCJS25_30bin33	ANI95_03310
primary	bac120	NEE60_G_03284	qaidam_basin_mmag_1773_DLTCJS25_30bin37	ANI95_03311
primary	bac120	NEE60_G_03285	qaidam_basin_mmag_1773_DLTCJS25_30bin39	ANI95_03312
primary	bac120	NEE60_G_03286	qaidam_basin_mmag_1773_DLTCJS25_30bin4	ANI95_03313
primary	bac120	NEE60_G_03287	qaidam_basin_mmag_1773_DLTCJS25_30bin40	ANI95_03314
primary	bac120	NEE60_G_03288	qaidam_basin_mmag_1773_DLTCJS25_30bin42	ANI95_03315
primary	bac120	NEE60_G_03289	qaidam_basin_mmag_1773_DLTCJS25_30bin43	ANI95_03316
primary	bac120	NEE60_G_03290	qaidam_basin_mmag_1773_DLTCJS25_30bin44	ANI95_03317
primary	bac120	NEE60_G_03291	qaidam_basin_mmag_1773_DLTCJS25_30bin45	ANI95_03318
primary	bac120	NEE60_G_03293	qaidam_basin_mmag_1773_DLTCJS25_30bin47	ANI95_03320
primary	bac120	NEE60_G_03294	qaidam_basin_mmag_1773_DLTCJS25_30bin48	ANI95_03321
primary	bac120	NEE60_G_03295	qaidam_basin_mmag_1773_DLTCJS25_30bin49	ANI95_03322
primary	bac120	NEE60_G_03296	qaidam_basin_mmag_1773_DLTCJS25_30bin5	ANI95_03323
primary	bac120	NEE60_G_03298	qaidam_basin_mmag_1773_DLTCJS25_30bin52	ANI95_03325
primary	bac120	NEE60_G_03299	qaidam_basin_mmag_1773_DLTCJS25_30bin53	ANI95_03326
primary	bac120	NEE60_G_03300	qaidam_basin_mmag_1773_DLTCJS25_30bin55	ANI95_03327
primary	bac120	NEE60_G_03301	qaidam_basin_mmag_1773_DLTCJS25_30bin56	ANI95_03328
primary	bac120	NEE60_G_03302	qaidam_basin_mmag_1773_DLTCJS25_30bin57	ANI95_03329
primary	bac120	NEE60_G_03303	qaidam_basin_mmag_1773_DLTCJS25_30bin58	ANI95_03330
primary	bac120	NEE60_G_03304	qaidam_basin_mmag_1773_DLTCJS25_30bin6	ANI95_03331
primary	bac120	NEE60_G_03305	qaidam_basin_mmag_1773_DLTCJS25_30bin63	ANI95_03258
primary	bac120	NEE60_G_03306	qaidam_basin_mmag_1773_DLTCJS25_30bin64	ANI95_03332
primary	bac120	NEE60_G_03307	qaidam_basin_mmag_1773_DLTCJS25_30bin65	ANI95_03333
primary	bac120	NEE60_G_03308	qaidam_basin_mmag_1773_DLTCJS25_30bin67	ANI95_03334
primary	bac120	NEE60_G_03309	qaidam_basin_mmag_1773_DLTCJS25_30bin68	ANI95_03208
primary	bac120	NEE60_G_03310	qaidam_basin_mmag_1773_DLTCJS25_30bin69	ANI95_03335
primary	bac120	NEE60_G_03311	qaidam_basin_mmag_1773_DLTCJS25_30bin70	ANI95_03336
primary	bac120	NEE60_G_03313	qaidam_basin_mmag_1773_DLTCJS25_30bin73	ANI95_03338
primary	bac120	NEE60_G_03314	qaidam_basin_mmag_1773_DLTCJS25_30bin8	ANI95_03339
primary	bac120	NEE60_G_03315	qaidam_basin_mmag_1773_DLTCJS25_30bin9	ANI95_03340
primary	bac120	NEE60_G_03316	qaidam_basin_mmag_1773_DLTCJS5_10bin13	ANI95_03341
primary	bac120	NEE60_G_03317	qaidam_basin_mmag_1773_DLTCJS5_10bin17	ANI95_03342
primary	bac120	NEE60_G_03318	qaidam_basin_mmag_1773_DLTCJS5_10bin2	ANI95_03343
primary	bac120	NEE60_G_03319	qaidam_basin_mmag_1773_DLTCJS5_10bin23	ANI95_03344
primary	bac120	NEE60_G_03320	qaidam_basin_mmag_1773_DLTCJS5_10bin25	ANI95_03345
primary	bac120	NEE60_G_03321	qaidam_basin_mmag_1773_DLTCJS5_10bin36	ANI95_03346
primary	bac120	NEE60_G_03322	qaidam_basin_mmag_1773_DLTCJS5_10bin39	ANI95_03347
primary	bac120	NEE60_G_03323	qaidam_basin_mmag_1773_DLTCJS5_10bin4	ANI95_03213
primary	bac120	NEE60_G_03324	qaidam_basin_mmag_1773_DLTCJS5_10bin40	ANI95_03348
primary	bac120	NEE60_G_03325	qaidam_basin_mmag_1773_DLTCJS5_10bin46	ANI95_03349
primary	bac120	NEE60_G_03326	qaidam_basin_mmag_1773_DLTCJS5_10bin5	ANI95_03350
primary	bac120	NEE60_G_03327	qaidam_basin_mmag_1773_DLTCJS5_10bin51	ANI95_03351
primary	bac120	NEE60_G_03328	qaidam_basin_mmag_1773_DLTCJS5_10bin65	ANI95_03352
primary	bac120	NEE60_G_03329	qaidam_basin_mmag_1773_DLTCJS5_10bin74	ANI95_03353
primary	bac120	NEE60_G_03330	qaidam_basin_mmag_1773_DLTCJS5_10bin76	ANI95_03354
primary	bac120	NEE60_G_03331	qaidam_basin_mmag_1773_DLTFbin10	ANI95_03355
primary	bac120	NEE60_G_03332	qaidam_basin_mmag_1773_DLTFbin14	ANI95_03356
primary	bac120	NEE60_G_03333	qaidam_basin_mmag_1773_DLTFbin2	ANI95_03357
primary	bac120	NEE60_G_03334	qaidam_basin_mmag_1773_DLTFbin24	ANI95_03212
primary	bac120	NEE60_G_03335	qaidam_basin_mmag_1773_DLTFbin26	ANI95_03358
primary	bac120	NEE60_G_03336	qaidam_basin_mmag_1773_DLTFbin28	ANI95_03359
primary	bac120	NEE60_G_03337	qaidam_basin_mmag_1773_DLTFbin3	ANI95_03360
primary	bac120	NEE60_G_03338	qaidam_basin_mmag_1773_DLTFbin33	ANI95_03361
primary	bac120	NEE60_G_03339	qaidam_basin_mmag_1773_DLTFbin42	ANI95_03362
primary	bac120	NEE60_G_03340	qaidam_basin_mmag_1773_DLTFbin44	ANI95_03363
primary	bac120	NEE60_G_03341	qaidam_basin_mmag_1773_DLTFbin49	ANI95_03364
primary	bac120	NEE60_G_03342	qaidam_basin_mmag_1773_DLTFbin53	ANI95_03365
primary	bac120	NEE60_G_03343	qaidam_basin_mmag_1773_DLTFbin56	ANI95_03366
primary	bac120	NEE60_G_03344	qaidam_basin_mmag_1773_DLTFbin58	ANI95_03367
primary	bac120	NEE60_G_03345	qaidam_basin_mmag_1773_DLTFbin67	ANI95_03368
primary	bac120	NEE60_G_03346	qaidam_basin_mmag_1773_DLTFbin71	ANI95_03369
primary	bac120	NEE60_G_03347	qaidam_basin_mmag_1773_DLTFbin76	ANI95_03370
primary	bac120	NEE60_G_03349	qaidam_basin_mmag_1773_DLTSQ0_15bin1	ANI95_03372
primary	bac120	NEE60_G_03350	qaidam_basin_mmag_1773_DLTSQ0_15bin11	ANI95_03373
primary	bac120	NEE60_G_03351	qaidam_basin_mmag_1773_DLTSQ0_15bin12	ANI95_03374
primary	bac120	NEE60_G_03352	qaidam_basin_mmag_1773_DLTSQ0_15bin13	ANI95_03375
primary	bac120	NEE60_G_03353	qaidam_basin_mmag_1773_DLTSQ0_15bin14	ANI95_03376
primary	bac120	NEE60_G_03354	qaidam_basin_mmag_1773_DLTSQ0_15bin15	ANI95_03377
primary	bac120	NEE60_G_03355	qaidam_basin_mmag_1773_DLTSQ0_15bin18	ANI95_03378
primary	bac120	NEE60_G_03356	qaidam_basin_mmag_1773_DLTSQ0_15bin2	ANI95_03379
primary	bac120	NEE60_G_03358	qaidam_basin_mmag_1773_DLTSQ0_15bin22	ANI95_03381
primary	bac120	NEE60_G_03359	qaidam_basin_mmag_1773_DLTSQ0_15bin23	ANI95_03382
primary	bac120	NEE60_G_03360	qaidam_basin_mmag_1773_DLTSQ0_15bin25	ANI95_03384
primary	bac120	NEE60_G_03361	qaidam_basin_mmag_1773_DLTSQ0_15bin27	ANI95_03385
primary	bac120	NEE60_G_03362	qaidam_basin_mmag_1773_DLTSQ0_15bin28	ANI95_03386
primary	bac120	NEE60_G_03363	qaidam_basin_mmag_1773_DLTSQ0_15bin29	ANI95_03387
primary	bac120	NEE60_G_03364	qaidam_basin_mmag_1773_DLTSQ0_15bin30	ANI95_03388
primary	bac120	NEE60_G_03365	qaidam_basin_mmag_1773_DLTSQ0_15bin32	ANI95_03389
primary	bac120	NEE60_G_03366	qaidam_basin_mmag_1773_DLTSQ0_15bin34	ANI95_03390
primary	bac120	NEE60_G_03367	qaidam_basin_mmag_1773_DLTSQ0_15bin36	ANI95_03391
primary	bac120	NEE60_G_03368	qaidam_basin_mmag_1773_DLTSQ0_15bin37	ANI95_03392
primary	bac120	NEE60_G_03369	qaidam_basin_mmag_1773_DLTSQ0_15bin38	ANI95_03393
primary	bac120	NEE60_G_03370	qaidam_basin_mmag_1773_DLTSQ0_15bin4	ANI95_03394
primary	bac120	NEE60_G_03371	qaidam_basin_mmag_1773_DLTSQ0_15bin40	ANI95_03395
primary	bac120	NEE60_G_03372	qaidam_basin_mmag_1773_DLTSQ0_15bin41	ANI95_03396
primary	bac120	NEE60_G_03373	qaidam_basin_mmag_1773_DLTSQ0_15bin42	ANI95_03397
primary	bac120	NEE60_G_03374	qaidam_basin_mmag_1773_DLTSQ0_15bin43	ANI95_03398
primary	bac120	NEE60_G_03375	qaidam_basin_mmag_1773_DLTSQ0_15bin44	ANI95_03399
primary	bac120	NEE60_G_03376	qaidam_basin_mmag_1773_DLTSQ0_15bin46	ANI95_03400
primary	bac120	NEE60_G_03377	qaidam_basin_mmag_1773_DLTSQ0_15bin47	ANI95_03401
primary	bac120	NEE60_G_03378	qaidam_basin_mmag_1773_DLTSQ0_15bin5	ANI95_03402
primary	bac120	NEE60_G_03379	qaidam_basin_mmag_1773_DLTSQ0_15bin51	ANI95_03403
primary	bac120	NEE60_G_03380	qaidam_basin_mmag_1773_DLTSQ0_15bin52	ANI95_03404
primary	bac120	NEE60_G_03381	qaidam_basin_mmag_1773_DLTSQ0_15bin56	ANI95_03405
primary	bac120	NEE60_G_03382	qaidam_basin_mmag_1773_DLTSQ0_15bin57	ANI95_03406
primary	bac120	NEE60_G_03383	qaidam_basin_mmag_1773_DLTSQ0_15bin58	ANI95_03407
primary	bac120	NEE60_G_03384	qaidam_basin_mmag_1773_DLTSQ0_15bin6	ANI95_03408
primary	bac120	NEE60_G_03385	qaidam_basin_mmag_1773_DLTSQ0_15bin60	ANI95_03409
primary	bac120	NEE60_G_03386	qaidam_basin_mmag_1773_DLTSQ0_15bin62	ANI95_03410
primary	bac120	NEE60_G_03388	qaidam_basin_mmag_1773_DLTSQ0_15bin64	ANI95_03412
primary	bac120	NEE60_G_03390	qaidam_basin_mmag_1773_DLTSQ0_15bin8	ANI95_03414
primary	bac120	NEE60_G_03391	qaidam_basin_mmag_1773_DLTSQ15_20bin1	ANI95_03416
primary	bac120	NEE60_G_03392	qaidam_basin_mmag_1773_DLTSQ15_20bin19	ANI95_03418
primary	bac120	NEE60_G_03393	qaidam_basin_mmag_1773_DLTSQ15_20bin20	ANI95_03419
primary	bac120	NEE60_G_03394	qaidam_basin_mmag_1773_DLTSQ15_20bin24	ANI95_03421
primary	bac120	NEE60_G_03395	qaidam_basin_mmag_1773_DLTSQ15_20bin28	ANI95_03422
primary	bac120	NEE60_G_03396	qaidam_basin_mmag_1773_DLTSQ15_20bin3	ANI95_03423
primary	bac120	NEE60_G_03397	qaidam_basin_mmag_1773_DLTSQ15_20bin32	ANI95_03424
primary	bac120	NEE60_G_03398	qaidam_basin_mmag_1773_DLTSQ15_20bin35	ANI95_03425
primary	bac120	NEE60_G_03399	qaidam_basin_mmag_1773_DLTSQ15_20bin38	ANI95_03426
primary	bac120	NEE60_G_03400	qaidam_basin_mmag_1773_DLTSQ15_20bin43	ANI95_03428
primary	bac120	NEE60_G_03401	qaidam_basin_mmag_1773_DLTSQ15_20bin44	ANI95_03429
primary	bac120	NEE60_G_03402	qaidam_basin_mmag_1773_DLTSQ15_20bin46	ANI95_03430
primary	bac120	NEE60_G_03403	qaidam_basin_mmag_1773_DLTSQ15_20bin47	ANI95_03431
primary	bac120	NEE60_G_03404	qaidam_basin_mmag_1773_DLTSQ15_20bin48	ANI95_03432
primary	bac120	NEE60_G_03405	qaidam_basin_mmag_1773_DLTSQ15_20bin50	ANI95_03433
primary	bac120	NEE60_G_03406	qaidam_basin_mmag_1773_DLTSQ15_20bin51	ANI95_03434
primary	bac120	NEE60_G_03407	qaidam_basin_mmag_1773_DLTSQ15_20bin56	ANI95_03435
primary	bac120	NEE60_G_03408	qaidam_basin_mmag_1773_DLTSQ15_20bin58	ANI95_03436
primary	bac120	NEE60_G_03409	qaidam_basin_mmag_1773_DLTSQ15_20bin6	ANI95_03437
primary	bac120	NEE60_G_03410	qaidam_basin_mmag_1773_DLTSQ15_20bin7	ANI95_03438
primary	bac120	NEE60_G_03411	qaidam_basin_mmag_1773_DLTSQ20_25bin10	ANI95_03439
primary	bac120	NEE60_G_03412	qaidam_basin_mmag_1773_DLTSQ20_25bin11	ANI95_03440
primary	bac120	NEE60_G_03415	qaidam_basin_mmag_1773_DLTSQ20_25bin14	ANI95_03443
primary	bac120	NEE60_G_03416	qaidam_basin_mmag_1773_DLTSQ20_25bin15	ANI95_03444
primary	bac120	NEE60_G_03417	qaidam_basin_mmag_1773_DLTSQ20_25bin16	ANI95_03445
primary	bac120	NEE60_G_03418	qaidam_basin_mmag_1773_DLTSQ20_25bin17	ANI95_03446
primary	bac120	NEE60_G_03420	qaidam_basin_mmag_1773_DLTSQ20_25bin2	ANI95_03448
primary	bac120	NEE60_G_03421	qaidam_basin_mmag_1773_DLTSQ20_25bin20	ANI95_03449
primary	bac120	NEE60_G_03423	qaidam_basin_mmag_1773_DLTSQ20_25bin25	ANI95_03451
primary	bac120	NEE60_G_03424	qaidam_basin_mmag_1773_DLTSQ20_25bin26	ANI95_03452
primary	bac120	NEE60_G_03425	qaidam_basin_mmag_1773_DLTSQ20_25bin28	ANI95_03454
primary	bac120	NEE60_G_03426	qaidam_basin_mmag_1773_DLTSQ20_25bin32	ANI95_03455
primary	bac120	NEE60_G_03428	qaidam_basin_mmag_1773_DLTSQ20_25bin41	ANI95_03457
primary	bac120	NEE60_G_03429	qaidam_basin_mmag_1773_DLTSQ20_25bin42	ANI95_03420
primary	bac120	NEE60_G_03430	qaidam_basin_mmag_1773_DLTSQ20_25bin43	ANI95_03458
primary	bac120	NEE60_G_03431	qaidam_basin_mmag_1773_DLTSQ20_25bin47	ANI95_03459
primary	bac120	NEE60_G_03433	qaidam_basin_mmag_1773_DLTSQ20_25bin55	ANI95_03462
primary	bac120	NEE60_G_03434	qaidam_basin_mmag_1773_DLTSQ20_25bin56	ANI95_03463
primary	bac120	NEE60_G_03435	qaidam_basin_mmag_1773_DLTSQ20_25bin64	ANI95_03465
primary	bac120	NEE60_G_03436	qaidam_basin_mmag_1773_DLTSQ20_25bin65	ANI95_03415
primary	bac120	NEE60_G_03437	qaidam_basin_mmag_1773_DLTSQ20_25bin66	ANI95_03466
primary	bac120	NEE60_G_03438	qaidam_basin_mmag_1773_DLTSQ20_25bin7	ANI95_03467
primary	bac120	NEE60_G_03439	qaidam_basin_mmag_1773_DLTSQ20_25bin8	ANI95_03468
primary	bac120	NEE60_G_03440	qaidam_basin_mmag_1773_DLTYbin1	ANI95_03469
primary	bac120	NEE60_G_03441	qaidam_basin_mmag_1773_DLTYbin10	ANI95_03470
primary	bac120	NEE60_G_03442	qaidam_basin_mmag_1773_DLTYbin11	ANI95_03471
primary	bac120	NEE60_G_03443	qaidam_basin_mmag_1773_DLTYbin13	ANI95_03472
primary	bac120	NEE60_G_03445	qaidam_basin_mmag_1773_DLTYbin15	ANI95_03473
primary	bac120	NEE60_G_03446	qaidam_basin_mmag_1773_DLTYbin17	ANI95_03474
primary	bac120	NEE60_G_03447	qaidam_basin_mmag_1773_DLTYbin20	ANI95_03475
primary	bac120	NEE60_G_03448	qaidam_basin_mmag_1773_DLTYbin21	ANI95_03476
primary	bac120	NEE60_G_03449	qaidam_basin_mmag_1773_DLTYbin23	ANI95_03477
primary	bac120	NEE60_G_03450	qaidam_basin_mmag_1773_DLTYbin24	ANI95_03478
primary	bac120	NEE60_G_03451	qaidam_basin_mmag_1773_DLTYbin25	ANI95_03479
primary	bac120	NEE60_G_03452	qaidam_basin_mmag_1773_DLTYbin26	ANI95_03480
primary	bac120	NEE60_G_03453	qaidam_basin_mmag_1773_DLTYbin27	ANI95_03481
primary	bac120	NEE60_G_03454	qaidam_basin_mmag_1773_DLTYbin28	ANI95_03482
primary	bac120	NEE60_G_03455	qaidam_basin_mmag_1773_DLTYbin29	ANI95_03483
primary	bac120	NEE60_G_03456	qaidam_basin_mmag_1773_DLTYbin3	ANI95_03484
primary	bac120	NEE60_G_03457	qaidam_basin_mmag_1773_DLTYbin30	ANI95_03485
primary	bac120	NEE60_G_03458	qaidam_basin_mmag_1773_DLTYbin31	ANI95_03486
primary	bac120	NEE60_G_03459	qaidam_basin_mmag_1773_DLTYbin5	ANI95_03487
primary	bac120	NEE60_G_03462	qaidam_basin_mmag_1773_DLTYbin9	ANI95_03490
primary	bac120	NEE60_G_03463	qaidam_basin_mmag_1773_FCHGbin10	ANI95_03491
primary	bac120	NEE60_G_03464	qaidam_basin_mmag_1773_FCHGbin11	ANI95_03492
primary	bac120	NEE60_G_03465	qaidam_basin_mmag_1773_FCHGbin12	ANI95_03493
primary	bac120	NEE60_G_03466	qaidam_basin_mmag_1773_FCHGbin14	ANI95_03494
primary	bac120	NEE60_G_03467	qaidam_basin_mmag_1773_FCHGbin15	ANI95_02935
primary	bac120	NEE60_G_03468	qaidam_basin_mmag_1773_FCHGbin16	ANI95_03495
primary	bac120	NEE60_G_03469	qaidam_basin_mmag_1773_FCHGbin17	ANI95_03496
primary	bac120	NEE60_G_03470	qaidam_basin_mmag_1773_FCHGbin19	ANI95_03497
primary	bac120	NEE60_G_03471	qaidam_basin_mmag_1773_FCHGbin2	ANI95_03498
primary	bac120	NEE60_G_03472	qaidam_basin_mmag_1773_FCHGbin20	ANI95_03499
primary	bac120	NEE60_G_03473	qaidam_basin_mmag_1773_FCHGbin21	ANI95_03500
primary	bac120	NEE60_G_03474	qaidam_basin_mmag_1773_FCHGbin24	ANI95_03501
primary	bac120	NEE60_G_03476	qaidam_basin_mmag_1773_FCHGbin26	ANI95_03503
primary	bac120	NEE60_G_03478	qaidam_basin_mmag_1773_FCHGbin28	ANI95_03505
primary	bac120	NEE60_G_03479	qaidam_basin_mmag_1773_FCHGbin29	ANI95_03506
primary	bac120	NEE60_G_03480	qaidam_basin_mmag_1773_FCHGbin3	ANI95_03507
primary	bac120	NEE60_G_03481	qaidam_basin_mmag_1773_FCHGbin30	ANI95_03508
primary	bac120	NEE60_G_03482	qaidam_basin_mmag_1773_FCHGbin31	ANI95_03509
primary	bac120	NEE60_G_03483	qaidam_basin_mmag_1773_FCHGbin33	ANI95_03417
primary	bac120	NEE60_G_03484	qaidam_basin_mmag_1773_FCHGbin34	ANI95_02845
primary	bac120	NEE60_G_03485	qaidam_basin_mmag_1773_FCHGbin36	ANI95_03510
primary	bac120	NEE60_G_03486	qaidam_basin_mmag_1773_FCHGbin37	ANI95_02977
primary	bac120	NEE60_G_03487	qaidam_basin_mmag_1773_FCHGbin38	ANI95_03511
primary	bac120	NEE60_G_03488	qaidam_basin_mmag_1773_FCHGbin4	ANI95_03512
primary	bac120	NEE60_G_03489	qaidam_basin_mmag_1773_FCHGbin42	ANI95_03513
primary	bac120	NEE60_G_03490	qaidam_basin_mmag_1773_FCHGbin43	ANI95_03514
primary	bac120	NEE60_G_03491	qaidam_basin_mmag_1773_FCHGbin44	ANI95_03515
primary	bac120	NEE60_G_03492	qaidam_basin_mmag_1773_FCHGbin45	ANI95_03516
primary	bac120	NEE60_G_03493	qaidam_basin_mmag_1773_FCHGbin46	ANI95_03517
primary	bac120	NEE60_G_03494	qaidam_basin_mmag_1773_FCHGbin49	ANI95_03518
primary	bac120	NEE60_G_03495	qaidam_basin_mmag_1773_FCHGbin5	ANI95_03519
primary	bac120	NEE60_G_03496	qaidam_basin_mmag_1773_FCHGbin52	ANI95_03520
primary	bac120	NEE60_G_03497	qaidam_basin_mmag_1773_FCHGbin6	ANI95_03521
primary	bac120	NEE60_G_03498	qaidam_basin_mmag_1773_FCHGbin7	ANI95_03522
primary	bac120	NEE60_G_03499	qaidam_basin_mmag_1773_FCHGbin8	ANI95_03523
primary	bac120	NEE60_G_03500	qaidam_basin_mmag_1773_FCHGbin9	ANI95_02863
primary	bac120	NEE60_G_03501	qaidam_basin_mmag_1773_L_0707_10_15bin10	ANI95_03525
primary	bac120	NEE60_G_03502	qaidam_basin_mmag_1773_L_0707_10_15bin12	ANI95_03526
primary	bac120	NEE60_G_03503	qaidam_basin_mmag_1773_L_0707_10_15bin13	ANI95_03527
primary	bac120	NEE60_G_03504	qaidam_basin_mmag_1773_L_0707_10_15bin14	ANI95_03528
primary	bac120	NEE60_G_03505	qaidam_basin_mmag_1773_L_0707_10_15bin15	ANI95_03529
primary	bac120	NEE60_G_03506	qaidam_basin_mmag_1773_L_0707_10_15bin16	ANI95_03530
primary	bac120	NEE60_G_03507	qaidam_basin_mmag_1773_L_0707_10_15bin17	ANI95_03531
primary	bac120	NEE60_G_03508	qaidam_basin_mmag_1773_L_0707_10_15bin18	ANI95_03532
primary	bac120	NEE60_G_03509	qaidam_basin_mmag_1773_L_0707_10_15bin19	ANI95_03533
primary	bac120	NEE60_G_03510	qaidam_basin_mmag_1773_L_0707_10_15bin2	ANI95_03534
primary	bac120	NEE60_G_03511	qaidam_basin_mmag_1773_L_0707_10_15bin20	ANI95_03535
primary	bac120	NEE60_G_03512	qaidam_basin_mmag_1773_L_0707_10_15bin22	ANI95_02158
primary	bac120	NEE60_G_03513	qaidam_basin_mmag_1773_L_0707_10_15bin24	ANI95_03536
primary	bac120	NEE60_G_03514	qaidam_basin_mmag_1773_L_0707_10_15bin25	ANI95_03537
primary	bac120	NEE60_G_03515	qaidam_basin_mmag_1773_L_0707_10_15bin26	ANI95_03538
primary	bac120	NEE60_G_03516	qaidam_basin_mmag_1773_L_0707_10_15bin27	ANI95_03539
primary	bac120	NEE60_G_03517	qaidam_basin_mmag_1773_L_0707_10_15bin28	ANI95_03540
primary	bac120	NEE60_G_03518	qaidam_basin_mmag_1773_L_0707_10_15bin3	ANI95_03541
primary	bac120	NEE60_G_03519	qaidam_basin_mmag_1773_L_0707_10_15bin30	ANI95_03542
primary	bac120	NEE60_G_03520	qaidam_basin_mmag_1773_L_0707_10_15bin31	ANI95_03543
primary	bac120	NEE60_G_03521	qaidam_basin_mmag_1773_L_0707_10_15bin32	ANI95_03544
primary	bac120	NEE60_G_03522	qaidam_basin_mmag_1773_L_0707_10_15bin33	ANI95_03545
primary	bac120	NEE60_G_03523	qaidam_basin_mmag_1773_L_0707_10_15bin34	ANI95_03546
primary	bac120	NEE60_G_03524	qaidam_basin_mmag_1773_L_0707_10_15bin35	ANI95_03547
primary	bac120	NEE60_G_03525	qaidam_basin_mmag_1773_L_0707_10_15bin37	ANI95_03548
primary	bac120	NEE60_G_03526	qaidam_basin_mmag_1773_L_0707_10_15bin38	ANI95_03549
primary	bac120	NEE60_G_03527	qaidam_basin_mmag_1773_L_0707_10_15bin39	ANI95_03550
primary	bac120	NEE60_G_03528	qaidam_basin_mmag_1773_L_0707_10_15bin4	ANI95_03551
primary	bac120	NEE60_G_03529	qaidam_basin_mmag_1773_L_0707_10_15bin41	ANI95_03552
primary	bac120	NEE60_G_03530	qaidam_basin_mmag_1773_L_0707_10_15bin42	ANI95_03553
primary	bac120	NEE60_G_03531	qaidam_basin_mmag_1773_L_0707_10_15bin43	ANI95_03554
primary	bac120	NEE60_G_03532	qaidam_basin_mmag_1773_L_0707_10_15bin44	ANI95_03555
primary	bac120	NEE60_G_03533	qaidam_basin_mmag_1773_L_0707_10_15bin48	ANI95_03556
primary	bac120	NEE60_G_03534	qaidam_basin_mmag_1773_L_0707_10_15bin49	ANI95_03557
primary	bac120	NEE60_G_03535	qaidam_basin_mmag_1773_L_0707_10_15bin5	ANI95_03558
primary	bac120	NEE60_G_03536	qaidam_basin_mmag_1773_L_0707_10_15bin50	ANI95_03559
primary	bac120	NEE60_G_03537	qaidam_basin_mmag_1773_L_0707_10_15bin51	ANI95_03560
primary	bac120	NEE60_G_03538	qaidam_basin_mmag_1773_L_0707_10_15bin52	ANI95_03561
primary	bac120	NEE60_G_03539	qaidam_basin_mmag_1773_L_0707_10_15bin53	ANI95_03562
primary	bac120	NEE60_G_03540	qaidam_basin_mmag_1773_L_0707_10_15bin54	ANI95_03563
primary	bac120	NEE60_G_03541	qaidam_basin_mmag_1773_L_0707_10_15bin55	ANI95_03564
primary	bac120	NEE60_G_03542	qaidam_basin_mmag_1773_L_0707_10_15bin56	ANI95_03565
primary	bac120	NEE60_G_03543	qaidam_basin_mmag_1773_L_0707_10_15bin57	ANI95_03566
primary	bac120	NEE60_G_03544	qaidam_basin_mmag_1773_L_0707_10_15bin58	ANI95_03567
primary	bac120	NEE60_G_03545	qaidam_basin_mmag_1773_L_0707_10_15bin59	ANI95_03568
primary	bac120	NEE60_G_03546	qaidam_basin_mmag_1773_L_0707_10_15bin6	ANI95_03569
primary	bac120	NEE60_G_03547	qaidam_basin_mmag_1773_L_0707_10_15bin60	ANI95_03570
primary	bac120	NEE60_G_03548	qaidam_basin_mmag_1773_L_0707_10_15bin61	ANI95_03571
primary	bac120	NEE60_G_03549	qaidam_basin_mmag_1773_L_0707_10_15bin62	ANI95_03572
primary	bac120	NEE60_G_03550	qaidam_basin_mmag_1773_L_0707_10_15bin63	ANI95_03573
primary	bac120	NEE60_G_03551	qaidam_basin_mmag_1773_L_0707_10_15bin64	ANI95_03574
primary	bac120	NEE60_G_03552	qaidam_basin_mmag_1773_L_0707_10_15bin67	ANI95_03575
primary	bac120	NEE60_G_03553	qaidam_basin_mmag_1773_L_0707_10_15bin68	ANI95_03576
primary	bac120	NEE60_G_03554	qaidam_basin_mmag_1773_L_0707_10_15bin69	ANI95_03577
primary	bac120	NEE60_G_03555	qaidam_basin_mmag_1773_L_0707_10_15bin7	ANI95_03578
primary	bac120	NEE60_G_03556	qaidam_basin_mmag_1773_L_0707_10_15bin70	ANI95_03579
primary	bac120	NEE60_G_03557	qaidam_basin_mmag_1773_L_0707_10_15bin72	ANI95_03580
primary	bac120	NEE60_G_03558	qaidam_basin_mmag_1773_L_0707_10_15bin73	ANI95_03581
primary	bac120	NEE60_G_03559	qaidam_basin_mmag_1773_L_0707_10_15bin76	ANI95_03582
primary	bac120	NEE60_G_03560	qaidam_basin_mmag_1773_L_0707_10_15bin77	ANI95_03583
primary	bac120	NEE60_G_03561	qaidam_basin_mmag_1773_L_0707_10_15bin79	ANI95_03584
primary	bac120	NEE60_G_03562	qaidam_basin_mmag_1773_L_0707_10_15bin8	ANI95_03585
primary	bac120	NEE60_G_03563	qaidam_basin_mmag_1773_L_0707_10_15bin80	ANI95_03586
primary	bac120	NEE60_G_03564	qaidam_basin_mmag_1773_L_0707_10_15bin82	ANI95_03587
primary	bac120	NEE60_G_03565	qaidam_basin_mmag_1773_L_0707_10_15bin9	ANI95_03588
primary	bac120	NEE60_G_03566	qaidam_basin_mmag_1773_L_0707_15_20bin1	ANI95_03524
primary	bac120	NEE60_G_03567	qaidam_basin_mmag_1773_L_0707_15_20bin10	ANI95_03589
primary	bac120	NEE60_G_03568	qaidam_basin_mmag_1773_L_0707_15_20bin12	ANI95_03590
primary	bac120	NEE60_G_03569	qaidam_basin_mmag_1773_L_0707_15_20bin13	ANI95_03591
primary	bac120	NEE60_G_03570	qaidam_basin_mmag_1773_L_0707_15_20bin14	ANI95_03592
primary	bac120	NEE60_G_03571	qaidam_basin_mmag_1773_L_0707_15_20bin16	ANI95_03593
primary	bac120	NEE60_G_03572	qaidam_basin_mmag_1773_L_0707_15_20bin17	ANI95_03594
primary	bac120	NEE60_G_03573	qaidam_basin_mmag_1773_L_0707_15_20bin18	ANI95_03595
primary	bac120	NEE60_G_03574	qaidam_basin_mmag_1773_L_0707_15_20bin19	ANI95_03596
primary	bac120	NEE60_G_03575	qaidam_basin_mmag_1773_L_0707_15_20bin2	ANI95_03597
primary	bac120	NEE60_G_03576	qaidam_basin_mmag_1773_L_0707_15_20bin20	ANI95_03598
primary	bac120	NEE60_G_03577	qaidam_basin_mmag_1773_L_0707_15_20bin21	ANI95_03599
primary	bac120	NEE60_G_03578	qaidam_basin_mmag_1773_L_0707_15_20bin22	ANI95_03600
primary	bac120	NEE60_G_03579	qaidam_basin_mmag_1773_L_0707_15_20bin23	ANI95_03601
primary	bac120	NEE60_G_03580	qaidam_basin_mmag_1773_L_0707_15_20bin24	ANI95_03602
primary	bac120	NEE60_G_03581	qaidam_basin_mmag_1773_L_0707_15_20bin25	ANI95_03170
primary	bac120	NEE60_G_03582	qaidam_basin_mmag_1773_L_0707_15_20bin26	ANI95_03603
primary	bac120	NEE60_G_03583	qaidam_basin_mmag_1773_L_0707_15_20bin27	ANI95_03604
primary	bac120	NEE60_G_03584	qaidam_basin_mmag_1773_L_0707_15_20bin28	ANI95_03605
primary	bac120	NEE60_G_03585	qaidam_basin_mmag_1773_L_0707_15_20bin3	ANI95_03606
primary	bac120	NEE60_G_03586	qaidam_basin_mmag_1773_L_0707_15_20bin30	ANI95_03607
primary	bac120	NEE60_G_03587	qaidam_basin_mmag_1773_L_0707_15_20bin31	ANI95_03608
primary	bac120	NEE60_G_03588	qaidam_basin_mmag_1773_L_0707_15_20bin34	ANI95_03610
primary	bac120	NEE60_G_03589	qaidam_basin_mmag_1773_L_0707_15_20bin35	ANI95_03611
primary	bac120	NEE60_G_03590	qaidam_basin_mmag_1773_L_0707_15_20bin36	ANI95_03612
primary	bac120	NEE60_G_03591	qaidam_basin_mmag_1773_L_0707_15_20bin38	ANI95_03613
primary	bac120	NEE60_G_03592	qaidam_basin_mmag_1773_L_0707_15_20bin4	ANI95_03614
primary	bac120	NEE60_G_03593	qaidam_basin_mmag_1773_L_0707_15_20bin40	ANI95_03615
primary	bac120	NEE60_G_03594	qaidam_basin_mmag_1773_L_0707_15_20bin42	ANI95_03616
primary	bac120	NEE60_G_03595	qaidam_basin_mmag_1773_L_0707_15_20bin44	ANI95_03617
primary	bac120	NEE60_G_03596	qaidam_basin_mmag_1773_L_0707_15_20bin47	ANI95_03618
primary	bac120	NEE60_G_03597	qaidam_basin_mmag_1773_L_0707_15_20bin49	ANI95_03619
primary	bac120	NEE60_G_03598	qaidam_basin_mmag_1773_L_0707_15_20bin50	ANI95_03620
primary	bac120	NEE60_G_03599	qaidam_basin_mmag_1773_L_0707_15_20bin51	ANI95_03621
primary	bac120	NEE60_G_03600	qaidam_basin_mmag_1773_L_0707_15_20bin52	ANI95_03622
primary	bac120	NEE60_G_03601	qaidam_basin_mmag_1773_L_0707_15_20bin53	ANI95_03623
primary	bac120	NEE60_G_03602	qaidam_basin_mmag_1773_L_0707_15_20bin54	ANI95_03624
primary	bac120	NEE60_G_03603	qaidam_basin_mmag_1773_L_0707_15_20bin56	ANI95_03625
primary	bac120	NEE60_G_03604	qaidam_basin_mmag_1773_L_0707_15_20bin57	ANI95_03626
primary	bac120	NEE60_G_03605	qaidam_basin_mmag_1773_L_0707_15_20bin58	ANI95_03627
primary	bac120	NEE60_G_03606	qaidam_basin_mmag_1773_L_0707_15_20bin59	ANI95_03628
primary	bac120	NEE60_G_03607	qaidam_basin_mmag_1773_L_0707_15_20bin6	ANI95_03629
primary	bac120	NEE60_G_03608	qaidam_basin_mmag_1773_L_0707_15_20bin60	ANI95_03630
primary	bac120	NEE60_G_03609	qaidam_basin_mmag_1773_L_0707_15_20bin61	ANI95_03631
primary	bac120	NEE60_G_03610	qaidam_basin_mmag_1773_L_0707_15_20bin62	ANI95_03632
primary	bac120	NEE60_G_03611	qaidam_basin_mmag_1773_L_0707_15_20bin63	ANI95_03633
primary	bac120	NEE60_G_03612	qaidam_basin_mmag_1773_L_0707_15_20bin64	ANI95_03634
primary	bac120	NEE60_G_03613	qaidam_basin_mmag_1773_L_0707_15_20bin7	ANI95_03635
primary	bac120	NEE60_G_03614	qaidam_basin_mmag_1773_L_0707_15_20bin8	ANI95_03636
primary	bac120	NEE60_G_03615	qaidam_basin_mmag_1773_L_0707_15_20bin9	ANI95_03637
primary	bac120	NEE60_G_03616	qaidam_basin_mmag_1773_L_0707_2_5bin1	ANI95_03638
primary	bac120	NEE60_G_03617	qaidam_basin_mmag_1773_L_0707_2_5bin11	ANI95_03639
primary	bac120	NEE60_G_03618	qaidam_basin_mmag_1773_L_0707_2_5bin12	ANI95_03640
primary	bac120	NEE60_G_03619	qaidam_basin_mmag_1773_L_0707_2_5bin13	ANI95_03641
primary	bac120	NEE60_G_03620	qaidam_basin_mmag_1773_L_0707_2_5bin15	ANI95_03642
primary	bac120	NEE60_G_03621	qaidam_basin_mmag_1773_L_0707_2_5bin17	ANI95_03643
primary	bac120	NEE60_G_03622	qaidam_basin_mmag_1773_L_0707_2_5bin18	ANI95_03644
primary	bac120	NEE60_G_03623	qaidam_basin_mmag_1773_L_0707_2_5bin19	ANI95_03645
primary	bac120	NEE60_G_03624	qaidam_basin_mmag_1773_L_0707_2_5bin2	ANI95_03646
primary	bac120	NEE60_G_03625	qaidam_basin_mmag_1773_L_0707_2_5bin20	ANI95_03647
primary	bac120	NEE60_G_03626	qaidam_basin_mmag_1773_L_0707_2_5bin21	ANI95_03648
primary	bac120	NEE60_G_03627	qaidam_basin_mmag_1773_L_0707_2_5bin22	ANI95_03649
primary	bac120	NEE60_G_03628	qaidam_basin_mmag_1773_L_0707_2_5bin24	ANI95_03650
primary	bac120	NEE60_G_03629	qaidam_basin_mmag_1773_L_0707_2_5bin26	ANI95_03651
primary	bac120	NEE60_G_03630	qaidam_basin_mmag_1773_L_0707_2_5bin27	ANI95_03652
primary	bac120	NEE60_G_03631	qaidam_basin_mmag_1773_L_0707_2_5bin29	ANI95_03653
primary	bac120	NEE60_G_03632	qaidam_basin_mmag_1773_L_0707_2_5bin3	ANI95_03654
primary	bac120	NEE60_G_03633	qaidam_basin_mmag_1773_L_0707_2_5bin30	ANI95_03655
primary	bac120	NEE60_G_03634	qaidam_basin_mmag_1773_L_0707_2_5bin31	ANI95_03656
primary	bac120	NEE60_G_03635	qaidam_basin_mmag_1773_L_0707_2_5bin32	ANI95_03657
primary	bac120	NEE60_G_03636	qaidam_basin_mmag_1773_L_0707_2_5bin33	ANI95_03658
primary	bac120	NEE60_G_03637	qaidam_basin_mmag_1773_L_0707_2_5bin35	ANI95_03659
primary	bac120	NEE60_G_03638	qaidam_basin_mmag_1773_L_0707_2_5bin36	ANI95_03660
primary	bac120	NEE60_G_03639	qaidam_basin_mmag_1773_L_0707_2_5bin37	ANI95_03661
primary	bac120	NEE60_G_03640	qaidam_basin_mmag_1773_L_0707_2_5bin39	ANI95_03662
primary	bac120	NEE60_G_03641	qaidam_basin_mmag_1773_L_0707_2_5bin4	ANI95_03663
primary	bac120	NEE60_G_03642	qaidam_basin_mmag_1773_L_0707_2_5bin40	ANI95_03664
primary	bac120	NEE60_G_03643	qaidam_basin_mmag_1773_L_0707_2_5bin42	ANI95_03665
primary	bac120	NEE60_G_03644	qaidam_basin_mmag_1773_L_0707_2_5bin45	ANI95_03666
primary	bac120	NEE60_G_03645	qaidam_basin_mmag_1773_L_0707_2_5bin46	ANI95_03667
primary	bac120	NEE60_G_03646	qaidam_basin_mmag_1773_L_0707_2_5bin47	ANI95_03668
primary	bac120	NEE60_G_03647	qaidam_basin_mmag_1773_L_0707_2_5bin48	ANI95_03669
primary	bac120	NEE60_G_03648	qaidam_basin_mmag_1773_L_0707_2_5bin49	ANI95_03670
primary	bac120	NEE60_G_03649	qaidam_basin_mmag_1773_L_0707_2_5bin5	ANI95_03671
primary	bac120	NEE60_G_03650	qaidam_basin_mmag_1773_L_0707_2_5bin50	ANI95_03672
primary	bac120	NEE60_G_03651	qaidam_basin_mmag_1773_L_0707_2_5bin52	ANI95_03673
primary	bac120	NEE60_G_03652	qaidam_basin_mmag_1773_L_0707_2_5bin55	ANI95_03674
primary	bac120	NEE60_G_03653	qaidam_basin_mmag_1773_L_0707_2_5bin56	ANI95_03675
primary	bac120	NEE60_G_03654	qaidam_basin_mmag_1773_L_0707_2_5bin59	ANI95_03676
primary	bac120	NEE60_G_03655	qaidam_basin_mmag_1773_L_0707_2_5bin6	ANI95_03677
primary	bac120	NEE60_G_03656	qaidam_basin_mmag_1773_L_0707_2_5bin60	ANI95_03678
primary	bac120	NEE60_G_03657	qaidam_basin_mmag_1773_L_0707_2_5bin61	ANI95_03679
primary	bac120	NEE60_G_03658	qaidam_basin_mmag_1773_L_0707_2_5bin62	ANI95_03680
primary	bac120	NEE60_G_03659	qaidam_basin_mmag_1773_L_0707_2_5bin63	ANI95_03681
primary	bac120	NEE60_G_03660	qaidam_basin_mmag_1773_L_0707_2_5bin7	ANI95_03682
primary	bac120	NEE60_G_03661	qaidam_basin_mmag_1773_L_0707_2_5bin8	ANI95_03683
primary	bac120	NEE60_G_03662	qaidam_basin_mmag_1773_L_0707_2_5bin9	ANI95_03684
primary	bac120	NEE60_G_03663	qaidam_basin_mmag_1773_L_0707_40_50bin1	ANI95_03685
primary	bac120	NEE60_G_03664	qaidam_basin_mmag_1773_L_0707_40_50bin10	ANI95_03686
primary	bac120	NEE60_G_03665	qaidam_basin_mmag_1773_L_0707_40_50bin11	ANI95_03687
primary	bac120	NEE60_G_03666	qaidam_basin_mmag_1773_L_0707_40_50bin12	ANI95_03688
primary	bac120	NEE60_G_03667	qaidam_basin_mmag_1773_L_0707_40_50bin13	ANI95_03689
primary	bac120	NEE60_G_03668	qaidam_basin_mmag_1773_L_0707_40_50bin14	ANI95_03690
primary	bac120	NEE60_G_03669	qaidam_basin_mmag_1773_L_0707_40_50bin16	ANI95_03691
primary	bac120	NEE60_G_03670	qaidam_basin_mmag_1773_L_0707_40_50bin17	ANI95_03692
primary	bac120	NEE60_G_03671	qaidam_basin_mmag_1773_L_0707_40_50bin19	ANI95_03693
primary	bac120	NEE60_G_03672	qaidam_basin_mmag_1773_L_0707_40_50bin2	ANI95_03694
primary	bac120	NEE60_G_03673	qaidam_basin_mmag_1773_L_0707_40_50bin20	ANI95_03695
primary	bac120	NEE60_G_03674	qaidam_basin_mmag_1773_L_0707_40_50bin21	ANI95_03696
primary	bac120	NEE60_G_03675	qaidam_basin_mmag_1773_L_0707_40_50bin22	ANI95_03697
primary	bac120	NEE60_G_03676	qaidam_basin_mmag_1773_L_0707_40_50bin23	ANI95_03698
primary	bac120	NEE60_G_03677	qaidam_basin_mmag_1773_L_0707_40_50bin24	ANI95_03699
primary	bac120	NEE60_G_03678	qaidam_basin_mmag_1773_L_0707_40_50bin25	ANI95_03700
primary	bac120	NEE60_G_03679	qaidam_basin_mmag_1773_L_0707_40_50bin27	ANI95_03701
primary	bac120	NEE60_G_03680	qaidam_basin_mmag_1773_L_0707_40_50bin28	ANI95_03702
primary	bac120	NEE60_G_03681	qaidam_basin_mmag_1773_L_0707_40_50bin29	ANI95_03703
primary	bac120	NEE60_G_03682	qaidam_basin_mmag_1773_L_0707_40_50bin3	ANI95_03704
primary	bac120	NEE60_G_03683	qaidam_basin_mmag_1773_L_0707_40_50bin30	ANI95_03705
primary	bac120	NEE60_G_03684	qaidam_basin_mmag_1773_L_0707_40_50bin31	ANI95_03706
primary	bac120	NEE60_G_03685	qaidam_basin_mmag_1773_L_0707_40_50bin32	ANI95_03707
primary	bac120	NEE60_G_03686	qaidam_basin_mmag_1773_L_0707_40_50bin33	ANI95_03708
primary	bac120	NEE60_G_03687	qaidam_basin_mmag_1773_L_0707_40_50bin34	ANI95_03709
primary	bac120	NEE60_G_03689	qaidam_basin_mmag_1773_L_0707_40_50bin36	ANI95_03710
primary	bac120	NEE60_G_03690	qaidam_basin_mmag_1773_L_0707_40_50bin37	ANI95_03711
primary	bac120	NEE60_G_03691	qaidam_basin_mmag_1773_L_0707_40_50bin38	ANI95_03712
primary	bac120	NEE60_G_03692	qaidam_basin_mmag_1773_L_0707_40_50bin39	ANI95_03713
primary	bac120	NEE60_G_03693	qaidam_basin_mmag_1773_L_0707_40_50bin4	ANI95_03714
primary	bac120	NEE60_G_03694	qaidam_basin_mmag_1773_L_0707_40_50bin40	ANI95_03715
primary	bac120	NEE60_G_03695	qaidam_basin_mmag_1773_L_0707_40_50bin41	ANI95_03716
primary	bac120	NEE60_G_03696	qaidam_basin_mmag_1773_L_0707_40_50bin42	ANI95_03717
primary	bac120	NEE60_G_03697	qaidam_basin_mmag_1773_L_0707_40_50bin43	ANI95_03718
primary	bac120	NEE60_G_03698	qaidam_basin_mmag_1773_L_0707_40_50bin44	ANI95_03719
primary	bac120	NEE60_G_03699	qaidam_basin_mmag_1773_L_0707_40_50bin45	ANI95_03720
primary	bac120	NEE60_G_03700	qaidam_basin_mmag_1773_L_0707_40_50bin46	ANI95_03721
primary	bac120	NEE60_G_03701	qaidam_basin_mmag_1773_L_0707_40_50bin47	ANI95_03722
primary	bac120	NEE60_G_03702	qaidam_basin_mmag_1773_L_0707_40_50bin48	ANI95_03723
primary	bac120	NEE60_G_03703	qaidam_basin_mmag_1773_L_0707_40_50bin49	ANI95_03724
primary	bac120	NEE60_G_03704	qaidam_basin_mmag_1773_L_0707_40_50bin5	ANI95_03725
primary	bac120	NEE60_G_03705	qaidam_basin_mmag_1773_L_0707_40_50bin50	ANI95_03726
primary	bac120	NEE60_G_03706	qaidam_basin_mmag_1773_L_0707_40_50bin52	ANI95_03727
primary	bac120	NEE60_G_03707	qaidam_basin_mmag_1773_L_0707_40_50bin53	ANI95_03728
primary	bac120	NEE60_G_03708	qaidam_basin_mmag_1773_L_0707_40_50bin55	ANI95_03729
primary	bac120	NEE60_G_03710	qaidam_basin_mmag_1773_L_0707_40_50bin58	ANI95_03731
primary	bac120	NEE60_G_03711	qaidam_basin_mmag_1773_L_0707_40_50bin59	ANI95_03732
primary	bac120	NEE60_G_03712	qaidam_basin_mmag_1773_L_0707_40_50bin6	ANI95_03733
primary	bac120	NEE60_G_03713	qaidam_basin_mmag_1773_L_0707_40_50bin60	ANI95_03734
primary	bac120	NEE60_G_03714	qaidam_basin_mmag_1773_L_0707_40_50bin61	ANI95_03735
primary	bac120	NEE60_G_03715	qaidam_basin_mmag_1773_L_0707_40_50bin62	ANI95_02985
primary	bac120	NEE60_G_03716	qaidam_basin_mmag_1773_L_0707_40_50bin63	ANI95_03736
primary	bac120	NEE60_G_03717	qaidam_basin_mmag_1773_L_0707_40_50bin64	ANI95_03737
primary	bac120	NEE60_G_03718	qaidam_basin_mmag_1773_L_0707_40_50bin66	ANI95_03738
primary	bac120	NEE60_G_03719	qaidam_basin_mmag_1773_L_0707_40_50bin67	ANI95_03739
primary	bac120	NEE60_G_03720	qaidam_basin_mmag_1773_L_0707_40_50bin69	ANI95_03740
primary	bac120	NEE60_G_03721	qaidam_basin_mmag_1773_L_0707_40_50bin7	ANI95_03741
primary	bac120	NEE60_G_03722	qaidam_basin_mmag_1773_L_0707_40_50bin71	ANI95_03742
primary	bac120	NEE60_G_03723	qaidam_basin_mmag_1773_L_0707_40_50bin72	ANI95_03743
primary	bac120	NEE60_G_03724	qaidam_basin_mmag_1773_L_0707_40_50bin73	ANI95_03744
primary	bac120	NEE60_G_03725	qaidam_basin_mmag_1773_L_0707_40_50bin74	ANI95_03745
primary	bac120	NEE60_G_03726	qaidam_basin_mmag_1773_L_0707_40_50bin75	ANI95_03746
primary	bac120	NEE60_G_03727	qaidam_basin_mmag_1773_L_0707_40_50bin8	ANI95_03747
primary	bac120	NEE60_G_03728	qaidam_basin_mmag_1773_L_0707_40_50bin9	ANI95_03748
primary	bac120	NEE60_G_03729	qaidam_basin_mmag_1773_L_0712_20_25bin11	ANI95_03749
primary	bac120	NEE60_G_03730	qaidam_basin_mmag_1773_L_0712_20_25bin13	ANI95_03750
primary	bac120	NEE60_G_03731	qaidam_basin_mmag_1773_L_0712_20_25bin14	ANI95_03751
primary	bac120	NEE60_G_03732	qaidam_basin_mmag_1773_L_0712_20_25bin15	ANI95_03752
primary	bac120	NEE60_G_03733	qaidam_basin_mmag_1773_L_0712_20_25bin16	ANI95_03753
primary	bac120	NEE60_G_03734	qaidam_basin_mmag_1773_L_0712_20_25bin17	ANI95_03754
primary	bac120	NEE60_G_03735	qaidam_basin_mmag_1773_L_0712_20_25bin2	ANI95_03755
primary	bac120	NEE60_G_03736	qaidam_basin_mmag_1773_L_0712_20_25bin20	ANI95_03756
primary	bac120	NEE60_G_03737	qaidam_basin_mmag_1773_L_0712_20_25bin21	ANI95_03757
primary	bac120	NEE60_G_03738	qaidam_basin_mmag_1773_L_0712_20_25bin22	ANI95_03758
primary	bac120	NEE60_G_03739	qaidam_basin_mmag_1773_L_0712_20_25bin23	ANI95_03759
primary	bac120	NEE60_G_03740	qaidam_basin_mmag_1773_L_0712_20_25bin24	ANI95_03760
primary	bac120	NEE60_G_03741	qaidam_basin_mmag_1773_L_0712_20_25bin25	ANI95_03761
primary	bac120	NEE60_G_03742	qaidam_basin_mmag_1773_L_0712_20_25bin26	ANI95_03762
primary	bac120	NEE60_G_03743	qaidam_basin_mmag_1773_L_0712_20_25bin27	ANI95_03763
primary	bac120	NEE60_G_03744	qaidam_basin_mmag_1773_L_0712_20_25bin28	ANI95_03764
primary	bac120	NEE60_G_03745	qaidam_basin_mmag_1773_L_0712_20_25bin3	ANI95_03765
primary	bac120	NEE60_G_03746	qaidam_basin_mmag_1773_L_0712_20_25bin30	ANI95_03766
primary	bac120	NEE60_G_03747	qaidam_basin_mmag_1773_L_0712_20_25bin31	ANI95_03262
primary	bac120	NEE60_G_03748	qaidam_basin_mmag_1773_L_0712_20_25bin32	ANI95_03767
primary	bac120	NEE60_G_03750	qaidam_basin_mmag_1773_L_0712_20_25bin34	ANI95_03769
primary	bac120	NEE60_G_03751	qaidam_basin_mmag_1773_L_0712_20_25bin35	ANI95_03770
primary	bac120	NEE60_G_03752	qaidam_basin_mmag_1773_L_0712_20_25bin38	ANI95_03771
primary	bac120	NEE60_G_03753	qaidam_basin_mmag_1773_L_0712_20_25bin39	ANI95_03772
primary	bac120	NEE60_G_03754	qaidam_basin_mmag_1773_L_0712_20_25bin40	ANI95_03773
primary	bac120	NEE60_G_03756	qaidam_basin_mmag_1773_L_0712_20_25bin43	ANI95_03775
primary	bac120	NEE60_G_03757	qaidam_basin_mmag_1773_L_0712_20_25bin44	ANI95_03776
primary	bac120	NEE60_G_03758	qaidam_basin_mmag_1773_L_0712_20_25bin45	ANI95_03777
primary	bac120	NEE60_G_03760	qaidam_basin_mmag_1773_L_0712_20_25bin48	ANI95_03779
primary	bac120	NEE60_G_03761	qaidam_basin_mmag_1773_L_0712_20_25bin5	ANI95_03780
primary	bac120	NEE60_G_03762	qaidam_basin_mmag_1773_L_0712_20_25bin50	ANI95_03781
primary	bac120	NEE60_G_03763	qaidam_basin_mmag_1773_L_0712_20_25bin52	ANI95_03782
primary	bac120	NEE60_G_03764	qaidam_basin_mmag_1773_L_0712_20_25bin53	ANI95_03783
primary	bac120	NEE60_G_03765	qaidam_basin_mmag_1773_L_0712_20_25bin54	ANI95_03784
primary	bac120	NEE60_G_03766	qaidam_basin_mmag_1773_L_0712_20_25bin55	ANI95_03785
primary	bac120	NEE60_G_03767	qaidam_basin_mmag_1773_L_0712_20_25bin56	ANI95_03786
primary	bac120	NEE60_G_03768	qaidam_basin_mmag_1773_L_0712_20_25bin57	ANI95_03210
primary	bac120	NEE60_G_03769	qaidam_basin_mmag_1773_L_0712_20_25bin58	ANI95_03787
primary	bac120	NEE60_G_03770	qaidam_basin_mmag_1773_L_0712_20_25bin59	ANI95_03788
primary	bac120	NEE60_G_03772	qaidam_basin_mmag_1773_L_0712_20_25bin61	ANI95_03453
primary	bac120	NEE60_G_03773	qaidam_basin_mmag_1773_L_0712_20_25bin62	ANI95_03790
primary	bac120	NEE60_G_03774	qaidam_basin_mmag_1773_L_0712_20_25bin64	ANI95_03791
primary	bac120	NEE60_G_03775	qaidam_basin_mmag_1773_L_0712_20_25bin65	ANI95_03792
primary	bac120	NEE60_G_03776	qaidam_basin_mmag_1773_L_0712_20_25bin66	ANI95_03793
primary	bac120	NEE60_G_03777	qaidam_basin_mmag_1773_L_0712_20_25bin68	ANI95_03794
primary	bac120	NEE60_G_03778	qaidam_basin_mmag_1773_L_0712_20_25bin69	ANI95_03795
primary	bac120	NEE60_G_03779	qaidam_basin_mmag_1773_L_0712_20_25bin7	ANI95_03796
primary	bac120	NEE60_G_03780	qaidam_basin_mmag_1773_L_0712_20_25bin9	ANI95_03797
primary	bac120	NEE60_G_03781	qaidam_basin_mmag_1773_L_21_AKQ_4bin10	ANI95_03798
primary	bac120	NEE60_G_03782	qaidam_basin_mmag_1773_L_21_AKQ_4bin12	ANI95_03799
primary	bac120	NEE60_G_03783	qaidam_basin_mmag_1773_L_21_AKQ_4bin14	ANI95_03800
primary	bac120	NEE60_G_03784	qaidam_basin_mmag_1773_L_21_AKQ_4bin16	ANI95_03801
primary	bac120	NEE60_G_03785	qaidam_basin_mmag_1773_L_21_AKQ_4bin17	ANI95_03802
primary	bac120	NEE60_G_03786	qaidam_basin_mmag_1773_L_21_AKQ_4bin2	ANI95_03803
primary	bac120	NEE60_G_03787	qaidam_basin_mmag_1773_L_21_AKQ_4bin20	ANI95_03804
primary	bac120	NEE60_G_03788	qaidam_basin_mmag_1773_L_21_AKQ_4bin21	ANI95_03805
primary	bac120	NEE60_G_03789	qaidam_basin_mmag_1773_L_21_AKQ_4bin22	ANI95_03806
primary	bac120	NEE60_G_03790	qaidam_basin_mmag_1773_L_21_AKQ_4bin24	ANI95_03807
primary	bac120	NEE60_G_03791	qaidam_basin_mmag_1773_L_21_AKQ_4bin26	ANI95_02834
primary	bac120	NEE60_G_03792	qaidam_basin_mmag_1773_L_21_AKQ_4bin28	ANI95_03808
primary	bac120	NEE60_G_03793	qaidam_basin_mmag_1773_L_21_AKQ_4bin29	ANI95_03809
primary	bac120	NEE60_G_03794	qaidam_basin_mmag_1773_L_21_AKQ_4bin30	ANI95_03810
primary	bac120	NEE60_G_03795	qaidam_basin_mmag_1773_L_21_AKQ_4bin31	ANI95_03811
primary	bac120	NEE60_G_03796	qaidam_basin_mmag_1773_L_21_AKQ_4bin33	ANI95_03812
primary	bac120	NEE60_G_03797	qaidam_basin_mmag_1773_L_21_AKQ_4bin35	ANI95_03813
primary	bac120	NEE60_G_03798	qaidam_basin_mmag_1773_L_21_AKQ_4bin37	ANI95_03814
primary	bac120	NEE60_G_03799	qaidam_basin_mmag_1773_L_21_AKQ_4bin39	ANI95_03815
primary	bac120	NEE60_G_03800	qaidam_basin_mmag_1773_L_21_AKQ_4bin4	ANI95_03816
primary	bac120	NEE60_G_03801	qaidam_basin_mmag_1773_L_21_AKQ_4bin43	ANI95_03817
primary	bac120	NEE60_G_03802	qaidam_basin_mmag_1773_L_21_AKQ_4bin45	ANI95_03818
primary	bac120	NEE60_G_03803	qaidam_basin_mmag_1773_L_21_AKQ_4bin47	ANI95_03819
primary	bac120	NEE60_G_03804	qaidam_basin_mmag_1773_L_21_AKQ_4bin5	ANI95_03820
primary	bac120	NEE60_G_03805	qaidam_basin_mmag_1773_L_21_AKQ_4bin50	ANI95_03821
primary	bac120	NEE60_G_03806	qaidam_basin_mmag_1773_L_21_AKQ_4bin51	ANI95_03822
primary	bac120	NEE60_G_03807	qaidam_basin_mmag_1773_L_21_AKQ_4bin52	ANI95_03823
primary	bac120	NEE60_G_03808	qaidam_basin_mmag_1773_L_21_AKQ_4bin56	ANI95_03824
primary	bac120	NEE60_G_03809	qaidam_basin_mmag_1773_L_21_AKQ_4bin57	ANI95_03825
primary	bac120	NEE60_G_03810	qaidam_basin_mmag_1773_L_21_AKQ_4bin58	ANI95_03826
primary	bac120	NEE60_G_03811	qaidam_basin_mmag_1773_L_21_AKQ_4bin59	ANI95_03827
primary	bac120	NEE60_G_03812	qaidam_basin_mmag_1773_L_21_AKQ_4bin6	ANI95_03828
primary	bac120	NEE60_G_03813	qaidam_basin_mmag_1773_L_21_AKQ_4bin60	ANI95_03829
primary	bac120	NEE60_G_03814	qaidam_basin_mmag_1773_L_21_AKQ_4bin63	ANI95_03830
primary	bac120	NEE60_G_03815	qaidam_basin_mmag_1773_L_21_AKQ_4bin64	ANI95_03831
primary	bac120	NEE60_G_03816	qaidam_basin_mmag_1773_L_21_AKQ_4bin65	ANI95_03832
primary	bac120	NEE60_G_03817	qaidam_basin_mmag_1773_L_21_AKQ_4bin66	ANI95_03833
primary	bac120	NEE60_G_03818	qaidam_basin_mmag_1773_L_21_AKQ_4bin67	ANI95_03834
primary	bac120	NEE60_G_03819	qaidam_basin_mmag_1773_L_21_AKQ_4bin69	ANI95_03835
primary	bac120	NEE60_G_03820	qaidam_basin_mmag_1773_L_21_NSL0_5bin1	ANI95_03836
primary	bac120	NEE60_G_03821	qaidam_basin_mmag_1773_L_21_NSL0_5bin11	ANI95_03838
primary	bac120	NEE60_G_03822	qaidam_basin_mmag_1773_L_21_NSL0_5bin12	ANI95_03839
primary	bac120	NEE60_G_03823	qaidam_basin_mmag_1773_L_21_NSL0_5bin13	ANI95_03840
primary	bac120	NEE60_G_03824	qaidam_basin_mmag_1773_L_21_NSL0_5bin16	ANI95_03841
primary	bac120	NEE60_G_03825	qaidam_basin_mmag_1773_L_21_NSL0_5bin18	ANI95_03842
primary	bac120	NEE60_G_03826	qaidam_basin_mmag_1773_L_21_NSL0_5bin19	ANI95_03843
primary	bac120	NEE60_G_03827	qaidam_basin_mmag_1773_L_21_NSL0_5bin3	ANI95_03844
primary	bac120	NEE60_G_03828	qaidam_basin_mmag_1773_L_21_NSL0_5bin5	ANI95_03845
primary	bac120	NEE60_G_03829	qaidam_basin_mmag_1773_L_21_NSL0_5bin7	ANI95_03847
primary	bac120	NEE60_G_03830	qaidam_basin_mmag_1773_L_21_NSL0_5bin8	ANI95_03848
primary	bac120	NEE60_G_03831	qaidam_basin_mmag_1773_L_21_NSL0_5bin9	ANI95_03849
primary	bac120	NEE60_G_03832	qaidam_basin_mmag_1773_L_21_NSL5_10bin11	ANI95_03850
primary	bac120	NEE60_G_03833	qaidam_basin_mmag_1773_L_21_NSL5_10bin13	ANI95_03851
primary	bac120	NEE60_G_03834	qaidam_basin_mmag_1773_L_21_NSL5_10bin14	ANI95_03852
primary	bac120	NEE60_G_03835	qaidam_basin_mmag_1773_L_21_NSL5_10bin15	ANI95_03853
primary	bac120	NEE60_G_03836	qaidam_basin_mmag_1773_L_21_NSL5_10bin19	ANI95_03854
primary	bac120	NEE60_G_03837	qaidam_basin_mmag_1773_L_21_NSL5_10bin2	ANI95_03009
primary	bac120	NEE60_G_03838	qaidam_basin_mmag_1773_L_21_NSL5_10bin3	ANI95_03855
primary	bac120	NEE60_G_03839	qaidam_basin_mmag_1773_L_21_NSL5_10bin5	ANI95_03856
primary	bac120	NEE60_G_03840	qaidam_basin_mmag_1773_L_21_NSL5_10bin6	ANI95_03857
primary	bac120	NEE60_G_03841	qaidam_basin_mmag_1773_NSL0_5_2bin15	ANI95_03858
primary	bac120	NEE60_G_03842	qaidam_basin_mmag_1773_NSL0_5_2bin2	ANI95_02178
primary	bac120	NEE60_G_03843	qaidam_basin_mmag_1773_NSL0_5_2bin25	ANI95_03859
primary	bac120	NEE60_G_03844	qaidam_basin_mmag_1773_NSL0_5_2bin27	ANI95_03860
primary	bac120	NEE60_G_03845	qaidam_basin_mmag_1773_NSL0_5_2bin29	ANI95_03861
primary	bac120	NEE60_G_03846	qaidam_basin_mmag_1773_NSL0_5_2bin3	ANI95_03862
primary	bac120	NEE60_G_03847	qaidam_basin_mmag_1773_NSL0_5_2bin30	ANI95_03863
primary	bac120	NEE60_G_03848	qaidam_basin_mmag_1773_NSL0_5_2bin36	ANI95_03864
primary	bac120	NEE60_G_03849	qaidam_basin_mmag_1773_NSL0_5_2bin37	ANI95_03865
primary	bac120	NEE60_G_03850	qaidam_basin_mmag_1773_NSL0_5_2bin39	ANI95_03866
primary	bac120	NEE60_G_03851	qaidam_basin_mmag_1773_NSL0_5_2bin4	ANI95_03867
primary	bac120	NEE60_G_03852	qaidam_basin_mmag_1773_NSL0_5_2bin41	ANI95_03868
primary	bac120	NEE60_G_03853	qaidam_basin_mmag_1773_NSL0_5_2bin43	ANI95_02925
primary	bac120	NEE60_G_03854	qaidam_basin_mmag_1773_NSL0_5_2bin46	ANI95_03870
primary	bac120	NEE60_G_03855	qaidam_basin_mmag_1773_NSL0_5_2bin49	ANI95_03871
primary	bac120	NEE60_G_03856	qaidam_basin_mmag_1773_NSL0_5_2bin50	ANI95_03872
primary	bac120	NEE60_G_03857	qaidam_basin_mmag_1773_NSL0_5_2bin51	ANI95_03873
primary	bac120	NEE60_G_03858	qaidam_basin_mmag_1773_NSL0_5_2bin52	ANI95_03874
primary	bac120	NEE60_G_03859	qaidam_basin_mmag_1773_NSL1015bin1	ANI95_03875
primary	bac120	NEE60_G_03860	qaidam_basin_mmag_1773_NSL1015bin12	ANI95_03876
primary	bac120	NEE60_G_03861	qaidam_basin_mmag_1773_NSL1015bin16	ANI95_03877
primary	bac120	NEE60_G_03862	qaidam_basin_mmag_1773_NSL1015bin19	ANI95_03878
primary	bac120	NEE60_G_03863	qaidam_basin_mmag_1773_NSL1015bin2	ANI95_03879
primary	bac120	NEE60_G_03864	qaidam_basin_mmag_1773_NSL1015bin20	ANI95_03119
primary	bac120	NEE60_G_03865	qaidam_basin_mmag_1773_NSL1015bin24	ANI95_03880
primary	bac120	NEE60_G_03866	qaidam_basin_mmag_1773_NSL1015bin28	ANI95_03882
primary	bac120	NEE60_G_03867	qaidam_basin_mmag_1773_NSL1015bin29	ANI95_03883
primary	bac120	NEE60_G_03868	qaidam_basin_mmag_1773_NSL1015bin3	ANI95_03884
primary	bac120	NEE60_G_03870	qaidam_basin_mmag_1773_NSL1015bin31	ANI95_03886
primary	bac120	NEE60_G_03871	qaidam_basin_mmag_1773_NSL1015bin32	ANI95_03887
primary	bac120	NEE60_G_03872	qaidam_basin_mmag_1773_NSL1015bin33	ANI95_03888
primary	bac120	NEE60_G_03873	qaidam_basin_mmag_1773_NSL1015bin35	ANI95_03889
primary	bac120	NEE60_G_03874	qaidam_basin_mmag_1773_NSL1015bin36	ANI95_03890
primary	bac120	NEE60_G_03875	qaidam_basin_mmag_1773_NSL1015bin37	ANI95_03891
primary	bac120	NEE60_G_03877	qaidam_basin_mmag_1773_NSL1015bin41	ANI95_03892
primary	bac120	NEE60_G_03878	qaidam_basin_mmag_1773_NSL1015bin5	ANI95_03893
primary	bac120	NEE60_G_03879	qaidam_basin_mmag_1773_NSL1015bin6	ANI95_03894
primary	bac120	NEE60_G_03880	qaidam_basin_mmag_1773_NSL1520bin10	ANI95_03895
primary	bac120	NEE60_G_03881	qaidam_basin_mmag_1773_NSL1520bin14	ANI95_03896
primary	bac120	NEE60_G_03882	qaidam_basin_mmag_1773_NSL1520bin19	ANI95_03897
primary	bac120	NEE60_G_03883	qaidam_basin_mmag_1773_NSL1520bin22	ANI95_03898
primary	bac120	NEE60_G_03884	qaidam_basin_mmag_1773_NSL1520bin25	ANI95_03899
primary	bac120	NEE60_G_03885	qaidam_basin_mmag_1773_NSL1520bin29	ANI95_03901
primary	bac120	NEE60_G_03886	qaidam_basin_mmag_1773_NSL1520bin39	ANI95_03902
primary	bac120	NEE60_G_03887	qaidam_basin_mmag_1773_NSL1520bin4	ANI95_03903
primary	bac120	NEE60_G_03888	qaidam_basin_mmag_1773_NSL1520bin6	ANI95_03904
primary	bac120	NEE60_G_03889	qaidam_basin_mmag_1773_NSL1520bin9	ANI95_03905
primary	bac120	NEE60_G_03890	qaidam_basin_mmag_1773_NSL20_25bin15	ANI95_03116
primary	bac120	NEE60_G_03891	qaidam_basin_mmag_1773_NSL20_25bin20	ANI95_03906
primary	bac120	NEE60_G_03893	qaidam_basin_mmag_1773_NSL20_25bin5	ANI95_03908
primary	bac120	NEE60_G_03894	qaidam_basin_mmag_1773_NSL20_25bin6	ANI95_03909
primary	bac120	NEE60_G_03895	qaidam_basin_mmag_1773_NSL20_25bin7	ANI95_03910
primary	bac120	NEE60_G_03896	qaidam_basin_mmag_1773_NSL20_25bin8	ANI95_03911
primary	bac120	NEE60_G_03898	qaidam_basin_mmag_1773_NSL25_30bin11	ANI95_03912
primary	bac120	NEE60_G_03899	qaidam_basin_mmag_1773_NSL25_30bin13	ANI95_03913
primary	bac120	NEE60_G_03900	qaidam_basin_mmag_1773_NSL25_30bin14	ANI95_03914
primary	bac120	NEE60_G_03901	qaidam_basin_mmag_1773_NSL25_30bin16	ANI95_03915
primary	bac120	NEE60_G_03902	qaidam_basin_mmag_1773_NSL25_30bin17	ANI95_03916
primary	bac120	NEE60_G_03903	qaidam_basin_mmag_1773_NSL25_30bin2	ANI95_03917
primary	bac120	NEE60_G_03904	qaidam_basin_mmag_1773_NSL25_30bin20	ANI95_03730
primary	bac120	NEE60_G_03905	qaidam_basin_mmag_1773_NSL25_30bin23	ANI95_03383
primary	bac120	NEE60_G_03907	qaidam_basin_mmag_1773_NSL25_30bin25	ANI95_03881
primary	bac120	NEE60_G_03908	qaidam_basin_mmag_1773_NSL25_30bin26	ANI95_03918
primary	bac120	NEE60_G_03909	qaidam_basin_mmag_1773_NSL25_30bin29	ANI95_03919
primary	bac120	NEE60_G_03912	qaidam_basin_mmag_1773_NSL25_30bin32	ANI95_03464
primary	bac120	NEE60_G_03913	qaidam_basin_mmag_1773_NSL25_30bin33	ANI95_03922
primary	bac120	NEE60_G_03914	qaidam_basin_mmag_1773_NSL25_30bin7	ANI95_03923
primary	bac120	NEE60_G_03915	qaidam_basin_mmag_1773_NSL25_30bin8	ANI95_03924
primary	bac120	NEE60_G_03916	qaidam_basin_mmag_1773_NSL30_35bin15	ANI95_03925
primary	bac120	NEE60_G_03917	qaidam_basin_mmag_1773_NSL30_35bin16	ANI95_03427
primary	bac120	NEE60_G_03918	qaidam_basin_mmag_1773_NSL30_35bin17	ANI95_03926
primary	bac120	NEE60_G_03919	qaidam_basin_mmag_1773_NSL30_35bin18	ANI95_03927
primary	bac120	NEE60_G_03921	qaidam_basin_mmag_1773_NSL30_35bin2	ANI95_03929
primary	bac120	NEE60_G_03922	qaidam_basin_mmag_1773_NSL30_35bin20	ANI95_03869
primary	bac120	NEE60_G_03923	qaidam_basin_mmag_1773_NSL30_35bin22	ANI95_03930
primary	bac120	NEE60_G_03924	qaidam_basin_mmag_1773_NSL30_35bin28	ANI95_03931
primary	bac120	NEE60_G_03925	qaidam_basin_mmag_1773_NSL30_35bin31	ANI95_03932
primary	bac120	NEE60_G_03926	qaidam_basin_mmag_1773_NSL30_35bin32	ANI95_03933
primary	bac120	NEE60_G_03927	qaidam_basin_mmag_1773_NSL30_35bin33	ANI95_03934
primary	bac120	NEE60_G_03928	qaidam_basin_mmag_1773_NSL30_35bin35	ANI95_03935
primary	bac120	NEE60_G_03929	qaidam_basin_mmag_1773_NSL30_35bin36	ANI95_03936
primary	bac120	NEE60_G_03930	qaidam_basin_mmag_1773_NSL30_35bin37	ANI95_03937
primary	bac120	NEE60_G_03931	qaidam_basin_mmag_1773_NSL30_35bin39	ANI95_03938
primary	bac120	NEE60_G_03932	qaidam_basin_mmag_1773_NSL30_35bin40	ANI95_03139
primary	bac120	NEE60_G_03933	qaidam_basin_mmag_1773_NSL30_35bin41	ANI95_03939
primary	bac120	NEE60_G_03934	qaidam_basin_mmag_1773_NSL30_35bin7	ANI95_03940
primary	bac120	NEE60_G_03935	qaidam_basin_mmag_1773_NSL30_35bin8	ANI95_03941
primary	bac120	NEE60_G_03936	qaidam_basin_mmag_1773_NSL35_40bin1	ANI95_03942
primary	bac120	NEE60_G_03937	qaidam_basin_mmag_1773_NSL35_40bin10	ANI95_03943
primary	bac120	NEE60_G_03938	qaidam_basin_mmag_1773_NSL35_40bin11	ANI95_03846
primary	bac120	NEE60_G_03939	qaidam_basin_mmag_1773_NSL35_40bin12	ANI95_03944
primary	bac120	NEE60_G_03940	qaidam_basin_mmag_1773_NSL35_40bin14	ANI95_03945
primary	bac120	NEE60_G_03941	qaidam_basin_mmag_1773_NSL35_40bin17	ANI95_03946
primary	bac120	NEE60_G_03943	qaidam_basin_mmag_1773_NSL35_40bin20	ANI95_03948
primary	bac120	NEE60_G_03944	qaidam_basin_mmag_1773_NSL35_40bin22	ANI95_03949
primary	bac120	NEE60_G_03945	qaidam_basin_mmag_1773_NSL35_40bin28	ANI95_03950
primary	bac120	NEE60_G_03946	qaidam_basin_mmag_1773_NSL35_40bin3	ANI95_03951
primary	bac120	NEE60_G_03947	qaidam_basin_mmag_1773_NSL35_40bin5	ANI95_03952
primary	bac120	NEE60_G_03948	qaidam_basin_mmag_1773_NSL35_40bin6	ANI95_03837
primary	bac120	NEE60_G_03949	qaidam_basin_mmag_1773_NSL35_40bin8	ANI95_03953
primary	bac120	NEE60_G_03950	qaidam_basin_mmag_1773_NSL35_40bin9	ANI95_03954
primary	bac120	NEE60_G_03952	qaidam_basin_mmag_1773_NSLT11bin10	ANI95_03956
primary	bac120	NEE60_G_03953	qaidam_basin_mmag_1773_NSLT11bin16	ANI95_02941
primary	bac120	NEE60_G_03955	qaidam_basin_mmag_1773_NSLT11bin2	ANI95_03958
primary	bac120	NEE60_G_03956	qaidam_basin_mmag_1773_NSLT11bin20	ANI95_03959
primary	bac120	NEE60_G_03957	qaidam_basin_mmag_1773_NSLT11bin21	ANI95_03960
primary	bac120	NEE60_G_03958	qaidam_basin_mmag_1773_NSLT11bin26	ANI95_03961
primary	bac120	NEE60_G_03959	qaidam_basin_mmag_1773_NSLT11bin4	ANI95_03962
primary	bac120	NEE60_G_03960	qaidam_basin_mmag_1773_NSLT11bin7	ANI95_03963
primary	bac120	NEE60_G_03962	qaidam_basin_mmag_1773_NSLT11bin9	ANI95_03965
primary	bac120	NEE60_G_03963	qaidam_basin_mmag_1773_NSLT12bin10	ANI95_02987
primary	bac120	NEE60_G_03965	qaidam_basin_mmag_1773_NSLT12bin14	ANI95_03967
primary	bac120	NEE60_G_03966	qaidam_basin_mmag_1773_NSLT12bin15	ANI95_03460
primary	bac120	NEE60_G_03967	qaidam_basin_mmag_1773_NSLT12bin4	ANI95_03032
primary	bac120	NEE60_G_03969	qaidam_basin_mmag_1773_NSLT12bin6	ANI95_03969
primary	bac120	NEE60_G_03970	qaidam_basin_mmag_1773_NSLT12bin7	ANI95_03970
primary	bac120	NEE60_G_03972	qaidam_basin_mmag_1773_NSLT21bin1	ANI95_03972
primary	bac120	NEE60_G_03973	qaidam_basin_mmag_1773_NSLT21bin10	ANI95_03973
primary	bac120	NEE60_G_03974	qaidam_basin_mmag_1773_NSLT21bin13	ANI95_03974
primary	bac120	NEE60_G_03975	qaidam_basin_mmag_1773_NSLT21bin14	ANI95_03975
primary	bac120	NEE60_G_03976	qaidam_basin_mmag_1773_NSLT21bin16	ANI95_03976
primary	bac120	NEE60_G_03977	qaidam_basin_mmag_1773_NSLT21bin18	ANI95_03977
primary	bac120	NEE60_G_03978	qaidam_basin_mmag_1773_NSLT21bin2	ANI95_03978
primary	bac120	NEE60_G_03979	qaidam_basin_mmag_1773_NSLT21bin21	ANI95_03979
primary	bac120	NEE60_G_03980	qaidam_basin_mmag_1773_NSLT21bin24	ANI95_03980
primary	bac120	NEE60_G_03981	qaidam_basin_mmag_1773_NSLT21bin25	ANI95_03981
primary	bac120	NEE60_G_03982	qaidam_basin_mmag_1773_NSLT21bin26	ANI95_03982
primary	bac120	NEE60_G_03983	qaidam_basin_mmag_1773_NSLT21bin3	ANI95_03983
primary	bac120	NEE60_G_03984	qaidam_basin_mmag_1773_NSLT21bin30	ANI95_03984
primary	bac120	NEE60_G_03985	qaidam_basin_mmag_1773_NSLT21bin35	ANI95_03985
primary	bac120	NEE60_G_03986	qaidam_basin_mmag_1773_NSLT21bin37	ANI95_03986
primary	bac120	NEE60_G_03987	qaidam_basin_mmag_1773_NSLT21bin5	ANI95_03987
primary	bac120	NEE60_G_03988	qaidam_basin_mmag_1773_NSLT21bin8	ANI95_02875
primary	bac120	NEE60_G_03989	qaidam_basin_mmag_1773_NSLT21bin9	ANI95_03988
primary	bac120	NEE60_G_03990	qaidam_basin_mmag_1773_NSLT22bin1	ANI95_03989
primary	bac120	NEE60_G_03991	qaidam_basin_mmag_1773_NSLT22bin10	ANI95_03990
primary	bac120	NEE60_G_03992	qaidam_basin_mmag_1773_NSLT22bin12	ANI95_03991
primary	bac120	NEE60_G_03993	qaidam_basin_mmag_1773_NSLT22bin13	ANI95_03992
primary	bac120	NEE60_G_03994	qaidam_basin_mmag_1773_NSLT22bin15	ANI95_03993
primary	bac120	NEE60_G_03995	qaidam_basin_mmag_1773_NSLT22bin16	ANI95_03994
primary	bac120	NEE60_G_03996	qaidam_basin_mmag_1773_NSLT22bin17	ANI95_03995
primary	bac120	NEE60_G_03997	qaidam_basin_mmag_1773_NSLT22bin18	ANI95_03996
primary	bac120	NEE60_G_03998	qaidam_basin_mmag_1773_NSLT22bin19	ANI95_03997
primary	bac120	NEE60_G_03999	qaidam_basin_mmag_1773_NSLT22bin21	ANI95_03998
primary	bac120	NEE60_G_04000	qaidam_basin_mmag_1773_NSLT22bin22	ANI95_03999
primary	bac120	NEE60_G_04001	qaidam_basin_mmag_1773_NSLT22bin24	ANI95_04000
primary	bac120	NEE60_G_04002	qaidam_basin_mmag_1773_NSLT22bin25	ANI95_04001
primary	bac120	NEE60_G_04003	qaidam_basin_mmag_1773_NSLT22bin26	ANI95_04002
primary	bac120	NEE60_G_04004	qaidam_basin_mmag_1773_NSLT22bin28	ANI95_04003
primary	bac120	NEE60_G_04005	qaidam_basin_mmag_1773_NSLT22bin29	ANI95_04004
primary	bac120	NEE60_G_04006	qaidam_basin_mmag_1773_NSLT22bin30	ANI95_04005
primary	bac120	NEE60_G_04007	qaidam_basin_mmag_1773_NSLT22bin31	ANI95_04006
primary	bac120	NEE60_G_04008	qaidam_basin_mmag_1773_NSLT22bin32	ANI95_04007
primary	bac120	NEE60_G_04009	qaidam_basin_mmag_1773_NSLT22bin33	ANI95_04008
primary	bac120	NEE60_G_04010	qaidam_basin_mmag_1773_NSLT22bin34	ANI95_04009
primary	bac120	NEE60_G_04011	qaidam_basin_mmag_1773_NSLT22bin35	ANI95_04010
primary	bac120	NEE60_G_04012	qaidam_basin_mmag_1773_NSLT22bin36	ANI95_04011
primary	bac120	NEE60_G_04013	qaidam_basin_mmag_1773_NSLT22bin37	ANI95_04012
primary	bac120	NEE60_G_04014	qaidam_basin_mmag_1773_NSLT22bin38	ANI95_04013
primary	bac120	NEE60_G_04015	qaidam_basin_mmag_1773_NSLT22bin39	ANI95_04014
primary	bac120	NEE60_G_04016	qaidam_basin_mmag_1773_NSLT22bin4	ANI95_04015
primary	bac120	NEE60_G_04017	qaidam_basin_mmag_1773_NSLT22bin40	ANI95_04016
primary	bac120	NEE60_G_04018	qaidam_basin_mmag_1773_NSLT22bin42	ANI95_04017
primary	bac120	NEE60_G_04019	qaidam_basin_mmag_1773_NSLT22bin43	ANI95_04018
primary	bac120	NEE60_G_04020	qaidam_basin_mmag_1773_NSLT22bin44	ANI95_04019
primary	bac120	NEE60_G_04021	qaidam_basin_mmag_1773_NSLT22bin45	ANI95_04020
primary	bac120	NEE60_G_04022	qaidam_basin_mmag_1773_NSLT22bin47	ANI95_04021
primary	bac120	NEE60_G_04023	qaidam_basin_mmag_1773_NSLT22bin50	ANI95_04022
primary	bac120	NEE60_G_04024	qaidam_basin_mmag_1773_NSLT22bin51	ANI95_04023
primary	bac120	NEE60_G_04025	qaidam_basin_mmag_1773_NSLT22bin53	ANI95_04024
primary	bac120	NEE60_G_04026	qaidam_basin_mmag_1773_NSLT22bin54	ANI95_04025
primary	bac120	NEE60_G_04028	qaidam_basin_mmag_1773_NSLT22bin57	ANI95_04027
primary	bac120	NEE60_G_04029	qaidam_basin_mmag_1773_NSLT22bin58	ANI95_04028
primary	bac120	NEE60_G_04030	qaidam_basin_mmag_1773_NSLT22bin59	ANI95_04029
primary	bac120	NEE60_G_04031	qaidam_basin_mmag_1773_NSLT22bin6	ANI95_04030
primary	bac120	NEE60_G_04032	qaidam_basin_mmag_1773_NSLT22bin7	ANI95_04031
primary	bac120	NEE60_G_04033	qaidam_basin_mmag_1773_NSLT22bin9	ANI95_04032
primary	bac120	NEE60_G_04034	qaidam_basin_mmag_1773_S305CJS_Drybin1	ANI95_04033
primary	bac120	NEE60_G_04035	qaidam_basin_mmag_1773_S305CJS_Drybin10	ANI95_04034
primary	bac120	NEE60_G_04036	qaidam_basin_mmag_1773_S305CJS_Drybin11	ANI95_04035
primary	bac120	NEE60_G_04037	qaidam_basin_mmag_1773_S305CJS_Drybin12	ANI95_04036
primary	bac120	NEE60_G_04038	qaidam_basin_mmag_1773_S305CJS_Drybin13	ANI95_04037
primary	bac120	NEE60_G_04039	qaidam_basin_mmag_1773_S305CJS_Drybin14	ANI95_04038
primary	bac120	NEE60_G_04040	qaidam_basin_mmag_1773_S305CJS_Drybin15	ANI95_04039
primary	bac120	NEE60_G_04041	qaidam_basin_mmag_1773_S305CJS_Drybin17	ANI95_04040
primary	bac120	NEE60_G_04042	qaidam_basin_mmag_1773_S305CJS_Drybin18	ANI95_04041
primary	bac120	NEE60_G_04043	qaidam_basin_mmag_1773_S305CJS_Drybin19	ANI95_04042
primary	bac120	NEE60_G_04044	qaidam_basin_mmag_1773_S305CJS_Drybin20	ANI95_04043
primary	bac120	NEE60_G_04045	qaidam_basin_mmag_1773_S305CJS_Drybin21	ANI95_04044
primary	bac120	NEE60_G_04046	qaidam_basin_mmag_1773_S305CJS_Drybin22	ANI95_04045
primary	bac120	NEE60_G_04047	qaidam_basin_mmag_1773_S305CJS_Drybin3	ANI95_04046
primary	bac120	NEE60_G_04048	qaidam_basin_mmag_1773_S305CJS_Drybin4	ANI95_04047
primary	bac120	NEE60_G_04049	qaidam_basin_mmag_1773_S305CJS_Drybin6	ANI95_04048
primary	bac120	NEE60_G_04050	qaidam_basin_mmag_1773_S305CJS_Drybin7	ANI95_04049
primary	bac120	NEE60_G_04051	qaidam_basin_mmag_1773_S305CJS_Drybin8	ANI95_04050
primary	bac120	NEE60_G_04052	qaidam_basin_mmag_1773_S305CJS_Wetbin1	ANI95_04051
primary	bac120	NEE60_G_04053	qaidam_basin_mmag_1773_S305CJS_Wetbin10	ANI95_04052
primary	bac120	NEE60_G_04054	qaidam_basin_mmag_1773_S305CJS_Wetbin11	ANI95_04053
primary	bac120	NEE60_G_04055	qaidam_basin_mmag_1773_S305CJS_Wetbin12	ANI95_04054
primary	bac120	NEE60_G_04056	qaidam_basin_mmag_1773_S305CJS_Wetbin13	ANI95_04055
primary	bac120	NEE60_G_04057	qaidam_basin_mmag_1773_S305CJS_Wetbin14	ANI95_04056
primary	bac120	NEE60_G_04058	qaidam_basin_mmag_1773_S305CJS_Wetbin15	ANI95_04057
primary	bac120	NEE60_G_04059	qaidam_basin_mmag_1773_S305CJS_Wetbin16	ANI95_04058
primary	bac120	NEE60_G_04060	qaidam_basin_mmag_1773_S305CJS_Wetbin17	ANI95_04059
primary	bac120	NEE60_G_04061	qaidam_basin_mmag_1773_S305CJS_Wetbin18	ANI95_04060
primary	bac120	NEE60_G_04062	qaidam_basin_mmag_1773_S305CJS_Wetbin19	ANI95_04061
primary	bac120	NEE60_G_04063	qaidam_basin_mmag_1773_S305CJS_Wetbin2	ANI95_04062
primary	bac120	NEE60_G_04064	qaidam_basin_mmag_1773_S305CJS_Wetbin20	ANI95_04063
primary	bac120	NEE60_G_04065	qaidam_basin_mmag_1773_S305CJS_Wetbin21	ANI95_04064
primary	bac120	NEE60_G_04066	qaidam_basin_mmag_1773_S305CJS_Wetbin23	ANI95_04065
primary	bac120	NEE60_G_04067	qaidam_basin_mmag_1773_S305CJS_Wetbin24	ANI95_04066
primary	bac120	NEE60_G_04068	qaidam_basin_mmag_1773_S305CJS_Wetbin26	ANI95_04067
primary	bac120	NEE60_G_04069	qaidam_basin_mmag_1773_S305CJS_Wetbin27	ANI95_04068
primary	bac120	NEE60_G_04070	qaidam_basin_mmag_1773_S305CJS_Wetbin28	ANI95_04069
primary	bac120	NEE60_G_04071	qaidam_basin_mmag_1773_S305CJS_Wetbin29	ANI95_04070
primary	bac120	NEE60_G_04072	qaidam_basin_mmag_1773_S305CJS_Wetbin3	ANI95_04071
primary	bac120	NEE60_G_04073	qaidam_basin_mmag_1773_S305CJS_Wetbin30	ANI95_04072
primary	bac120	NEE60_G_04074	qaidam_basin_mmag_1773_S305CJS_Wetbin31	ANI95_04073
primary	bac120	NEE60_G_04075	qaidam_basin_mmag_1773_S305CJS_Wetbin32	ANI95_04074
primary	bac120	NEE60_G_04076	qaidam_basin_mmag_1773_S305CJS_Wetbin34	ANI95_04075
primary	bac120	NEE60_G_04077	qaidam_basin_mmag_1773_S305CJS_Wetbin35	ANI95_04076
primary	bac120	NEE60_G_04078	qaidam_basin_mmag_1773_S305CJS_Wetbin36	ANI95_04077
primary	bac120	NEE60_G_04079	qaidam_basin_mmag_1773_S305CJS_Wetbin37	ANI95_04078
primary	bac120	NEE60_G_04080	qaidam_basin_mmag_1773_S305CJS_Wetbin39	ANI95_04079
primary	bac120	NEE60_G_04081	qaidam_basin_mmag_1773_S305CJS_Wetbin5	ANI95_04080
primary	bac120	NEE60_G_04082	qaidam_basin_mmag_1773_S305CJS_Wetbin6	ANI95_04081
primary	bac120	NEE60_G_04083	qaidam_basin_mmag_1773_S305CJS_Wetbin7	ANI95_04082
primary	bac120	NEE60_G_04084	qaidam_basin_mmag_1773_S305CJS_Wetbin8	ANI95_04083
primary	bac120	NEE60_G_04085	qaidam_basin_mmag_1773_S305CJS_Wetbin9	ANI95_04084
primary	bac120	NEE60_G_04086	qaidam_basin_mmag_1773_YPbin2	ANI95_04085
primary	bac120	NEE60_G_04087	qaidam_basin_mmag_1773_YPbin3	ANI95_04086
primary	bac120	NEE60_G_04088	qaidam_basin_mmag_1773_YX1bin1	ANI95_04087
primary	bac120	NEE60_G_04089	qaidam_basin_mmag_1773_YX1bin10	ANI95_04088
primary	bac120	NEE60_G_04090	qaidam_basin_mmag_1773_YX1bin12	ANI95_04089
primary	bac120	NEE60_G_04091	qaidam_basin_mmag_1773_YX1bin2	ANI95_04090
primary	bac120	NEE60_G_04092	qaidam_basin_mmag_1773_YX1bin3	ANI95_04091
primary	bac120	NEE60_G_04093	qaidam_basin_mmag_1773_YX1bin8	ANI95_04092
primary	bac120	NEE60_G_04094	qaidam_basin_mmag_1773_YX2bin1	ANI95_04093
primary	bac120	NEE60_G_04095	qaidam_basin_mmag_1773_YX2bin10	ANI95_04094
primary	bac120	NEE60_G_04096	qaidam_basin_mmag_1773_YX2bin12	ANI95_04095
primary	bac120	NEE60_G_04097	qaidam_basin_mmag_1773_YX2bin14	ANI95_04096
primary	bac120	NEE60_G_04098	qaidam_basin_mmag_1773_YX2bin15	ANI95_04097
primary	bac120	NEE60_G_04099	qaidam_basin_mmag_1773_YX2bin16	ANI95_04098
primary	bac120	NEE60_G_04100	qaidam_basin_mmag_1773_YX2bin17	ANI95_04099
primary	bac120	NEE60_G_04101	qaidam_basin_mmag_1773_YX2bin18	ANI95_04100
primary	bac120	NEE60_G_04102	qaidam_basin_mmag_1773_YX2bin2	ANI95_04101
primary	bac120	NEE60_G_04103	qaidam_basin_mmag_1773_YX2bin20	ANI95_04102
primary	bac120	NEE60_G_04104	qaidam_basin_mmag_1773_YX2bin21	ANI95_04103
primary	bac120	NEE60_G_04105	qaidam_basin_mmag_1773_YX2bin23	ANI95_04104
primary	bac120	NEE60_G_04106	qaidam_basin_mmag_1773_YX2bin3	ANI95_04105
primary	bac120	NEE60_G_04107	qaidam_basin_mmag_1773_YX2bin4	ANI95_04106
primary	bac120	NEE60_G_04108	qaidam_basin_mmag_1773_YX2bin5	ANI95_04107
primary	bac120	NEE60_G_04109	qaidam_basin_mmag_1773_YX2bin7	ANI95_04108
primary	bac120	NEE60_G_04110	qaidam_basin_mmag_1773_YX2bin9	ANI95_04109
primary	bac120	NEE60_G_04111	qaidam_basin_mmag_1773_YX3bin10	ANI95_04110
primary	bac120	NEE60_G_04112	qaidam_basin_mmag_1773_YX3bin13	ANI95_04111
primary	bac120	NEE60_G_04113	qaidam_basin_mmag_1773_YX3bin14	ANI95_04112
primary	bac120	NEE60_G_04114	qaidam_basin_mmag_1773_YX3bin17	ANI95_04113
primary	bac120	NEE60_G_04115	qaidam_basin_mmag_1773_YX3bin18	ANI95_04114
primary	bac120	NEE60_G_04116	qaidam_basin_mmag_1773_YX3bin19	ANI95_04115
primary	bac120	NEE60_G_04117	qaidam_basin_mmag_1773_YX3bin2	ANI95_04116
primary	bac120	NEE60_G_04118	qaidam_basin_mmag_1773_YX3bin21	ANI95_04117
primary	bac120	NEE60_G_04119	qaidam_basin_mmag_1773_YX3bin23	ANI95_04118
primary	bac120	NEE60_G_04120	qaidam_basin_mmag_1773_YX3bin24	ANI95_04119
primary	bac120	NEE60_G_04121	qaidam_basin_mmag_1773_YX3bin25	ANI95_04120
primary	bac120	NEE60_G_04122	qaidam_basin_mmag_1773_YX3bin3	ANI95_04121
primary	bac120	NEE60_G_04123	qaidam_basin_mmag_1773_YX3bin5	ANI95_04122
primary	bac120	NEE60_G_04124	qaidam_basin_mmag_1773_YX3bin7	ANI95_04123
primary	bac120	NEE60_G_04125	stordalen_mire_2019_hybrid_mags_cmr2.MA.201907_E_1_1to5_1.fna	ANI95_04125
primary	bac120	NEE60_G_04126	stordalen_mire_2019_hybrid_mags_cmr2.MA.201907_E_1_1to5_10.fna	ANI95_04126
primary	bac120	NEE60_G_04127	stordalen_mire_2019_hybrid_mags_cmr2.MA.201907_E_1_1to5_13.fna	ANI95_04129
primary	bac120	NEE60_G_04128	stordalen_mire_2019_hybrid_mags_cmr2.MA.201907_E_1_1to5_16.fna	ANI95_04132
primary	bac120	NEE60_G_04129	stordalen_mire_2019_hybrid_mags_cmr2.MA.201907_E_1_1to5_18.fna	ANI95_04134
primary	bac120	NEE60_G_04130	stordalen_mire_2019_hybrid_mags_cmr2.MA.201907_E_1_1to5_3.fna	ANI95_04136
primary	bac120	NEE60_G_04131	stordalen_mire_2019_hybrid_mags_cmr2.MA.201907_E_1_1to5_5.fna	ANI95_04138
primary	bac120	NEE60_G_04132	stordalen_mire_2019_hybrid_mags_cmr2.MA.201907_E_1_1to5_7.fna	ANI95_04140
primary	bac120	NEE60_G_04133	stordalen_mire_2019_hybrid_mags_cmr2.MA.201907_E_1_1to5_8.fna	ANI95_04141
primary	bac120	NEE60_G_04134	stordalen_mire_2019_hybrid_mags_cmr2.MA.201907_E_1_20to24_11.fna	ANI95_04146
primary	bac120	NEE60_G_04135	stordalen_mire_2019_hybrid_mags_cmr2.MA.201907_E_1_20to24_12.fna	ANI95_04147
primary	bac120	NEE60_G_04136	stordalen_mire_2019_hybrid_mags_cmr2.MA.201907_E_1_20to24_14.fna	ANI95_04149
primary	bac120	NEE60_G_04137	stordalen_mire_2019_hybrid_mags_cmr2.MA.201907_E_1_20to24_18.fna	ANI95_04153
primary	bac120	NEE60_G_04138	stordalen_mire_2019_hybrid_mags_cmr2.MA.201907_E_1_20to24_2.fna	ANI95_04155
primary	bac120	NEE60_G_04139	stordalen_mire_2019_hybrid_mags_cmr2.MA.201907_E_1_20to24_21.fna	ANI95_04127
primary	bac120	NEE60_G_04140	stordalen_mire_2019_hybrid_mags_cmr2.MA.201907_E_1_20to24_25.fna	ANI95_04160
primary	bac120	NEE60_G_04141	stordalen_mire_2019_hybrid_mags_cmr2.MA.201907_E_1_20to24_27.fna	ANI95_04162
primary	bac120	NEE60_G_04142	stordalen_mire_2019_hybrid_mags_cmr2.MA.201907_E_1_20to24_28.fna	ANI95_04163
primary	bac120	NEE60_G_04143	stordalen_mire_2019_hybrid_mags_cmr2.MA.201907_E_1_20to24_29.fna	ANI95_04164
primary	bac120	NEE60_G_04144	stordalen_mire_2019_hybrid_mags_cmr2.MA.201907_E_1_20to24_3.fna	ANI95_04165
primary	bac120	NEE60_G_04145	stordalen_mire_2019_hybrid_mags_cmr2.MA.201907_E_1_20to24_30.fna	ANI95_04166
primary	bac120	NEE60_G_04147	stordalen_mire_2019_hybrid_mags_cmr2.MA.201907_E_1_20to24_32.fna	ANI95_04168
primary	bac120	NEE60_G_04148	stordalen_mire_2019_hybrid_mags_cmr2.MA.201907_E_1_20to24_33.fna	ANI95_04169
primary	bac120	NEE60_G_04149	stordalen_mire_2019_hybrid_mags_cmr2.MA.201907_E_1_20to24_34.fna	ANI95_04170
primary	bac120	NEE60_G_04150	stordalen_mire_2019_hybrid_mags_cmr2.MA.201907_E_1_20to24_36.fna	ANI95_04172
primary	bac120	NEE60_G_04151	stordalen_mire_2019_hybrid_mags_cmr2.MA.201907_E_1_20to24_37.fna	ANI95_04173
primary	bac120	NEE60_G_04153	stordalen_mire_2019_hybrid_mags_cmr2.MA.201907_E_1_20to24_42.fna	ANI95_04178
primary	bac120	NEE60_G_04154	stordalen_mire_2019_hybrid_mags_cmr2.MA.201907_E_1_20to24_43.fna	ANI95_04179
primary	bac120	NEE60_G_04155	stordalen_mire_2019_hybrid_mags_cmr2.MA.201907_E_1_20to24_44.fna	ANI95_04180
primary	bac120	NEE60_G_04156	stordalen_mire_2019_hybrid_mags_cmr2.MA.201907_E_1_20to24_47.fna	ANI95_04183
primary	bac120	NEE60_G_04157	stordalen_mire_2019_hybrid_mags_cmr2.MA.201907_E_1_20to24_48.fna	ANI95_04184
primary	bac120	NEE60_G_04158	stordalen_mire_2019_hybrid_mags_cmr2.MA.201907_E_1_20to24_49.fna	ANI95_04185
primary	bac120	NEE60_G_04159	stordalen_mire_2019_hybrid_mags_cmr2.MA.201907_E_1_20to24_5.fna	ANI95_04186
primary	bac120	NEE60_G_04160	stordalen_mire_2019_hybrid_mags_cmr2.MA.201907_E_1_20to24_50.fna	ANI95_04187
primary	bac120	NEE60_G_04161	stordalen_mire_2019_hybrid_mags_cmr2.MA.201907_E_1_20to24_52.fna	ANI95_04189
primary	bac120	NEE60_G_04162	stordalen_mire_2019_hybrid_mags_cmr2.MA.201907_E_1_20to24_53.fna	ANI95_04190
primary	bac120	NEE60_G_04163	stordalen_mire_2019_hybrid_mags_cmr2.MA.201907_E_1_20to24_6.fna	ANI95_04193
primary	bac120	NEE60_G_04164	stordalen_mire_2019_hybrid_mags_cmr2.MA.201907_E_1_20to24_7.fna	ANI95_04194
primary	bac120	NEE60_G_04165	stordalen_mire_2019_hybrid_mags_cmr2.MA.201907_E_1_20to24_9.fna	ANI95_04195
primary	bac120	NEE60_G_04166	stordalen_mire_2019_hybrid_mags_cmr2.MA.201907_P_1_1to5_1.fna	ANI95_04197
primary	bac120	NEE60_G_04167	stordalen_mire_2019_hybrid_mags_cmr2.MA.201907_P_1_1to5_10.fna	ANI95_04198
primary	bac120	NEE60_G_04168	stordalen_mire_2019_hybrid_mags_cmr2.MA.201907_P_1_1to5_14.fna	ANI95_04202
primary	bac120	NEE60_G_04169	stordalen_mire_2019_hybrid_mags_cmr2.MA.201907_P_1_1to5_15.fna	ANI95_04203
primary	bac120	NEE60_G_04170	stordalen_mire_2019_hybrid_mags_cmr2.MA.201907_P_1_1to5_16.fna	ANI95_04204
primary	bac120	NEE60_G_04171	stordalen_mire_2019_hybrid_mags_cmr2.MA.201907_P_1_1to5_22.fna	ANI95_04211
primary	bac120	NEE60_G_04172	stordalen_mire_2019_hybrid_mags_cmr2.MA.201907_P_1_1to5_23.fna	ANI95_04212
primary	bac120	NEE60_G_04173	stordalen_mire_2019_hybrid_mags_cmr2.MA.201907_P_1_1to5_24.fna	ANI95_04213
primary	bac120	NEE60_G_04174	stordalen_mire_2019_hybrid_mags_cmr2.MA.201907_P_1_1to5_25.fna	ANI95_04214
primary	bac120	NEE60_G_04175	stordalen_mire_2019_hybrid_mags_cmr2.MA.201907_P_1_1to5_26.fna	ANI95_04215
primary	bac120	NEE60_G_04176	stordalen_mire_2019_hybrid_mags_cmr2.MA.201907_P_1_1to5_27.fna	ANI95_04216
primary	bac120	NEE60_G_04177	stordalen_mire_2019_hybrid_mags_cmr2.MA.201907_P_1_1to5_28.fna	ANI95_04217
primary	bac120	NEE60_G_04178	stordalen_mire_2019_hybrid_mags_cmr2.MA.201907_P_1_1to5_29.fna	ANI95_04218
primary	bac120	NEE60_G_04179	stordalen_mire_2019_hybrid_mags_cmr2.MA.201907_P_1_1to5_3.fna	ANI95_04219
primary	bac120	NEE60_G_04180	stordalen_mire_2019_hybrid_mags_cmr2.MA.201907_P_1_1to5_5.fna	ANI95_04221
primary	bac120	NEE60_G_04181	stordalen_mire_2019_hybrid_mags_cmr2.MA.201907_P_1_1to5_7.fna	ANI95_04223
primary	bac120	NEE60_G_04182	stordalen_mire_2019_hybrid_mags_cmr2.MA.201907_P_1_1to5_8.fna	ANI95_04224
primary	bac120	NEE60_G_04183	stordalen_mire_2019_hybrid_mags_cmr2.MA.201907_P_1_20to24_0.fna	ANI95_04226
primary	bac120	NEE60_G_04184	stordalen_mire_2019_hybrid_mags_cmr2.MA.201907_P_1_20to24_1.fna	ANI95_04227
primary	bac120	NEE60_G_04185	stordalen_mire_2019_hybrid_mags_cmr2.MA.201907_P_1_20to24_11.fna	ANI95_04228
primary	bac120	NEE60_G_04186	stordalen_mire_2019_hybrid_mags_cmr2.MA.201907_P_1_20to24_12.fna	ANI95_04229
primary	bac120	NEE60_G_04187	stordalen_mire_2019_hybrid_mags_cmr2.MA.201907_P_1_20to24_13.fna	ANI95_04230
primary	bac120	NEE60_G_04188	stordalen_mire_2019_hybrid_mags_cmr2.MA.201907_P_1_20to24_14.fna	ANI95_04231
primary	bac120	NEE60_G_04189	stordalen_mire_2019_hybrid_mags_cmr2.MA.201907_P_1_20to24_15.fna	ANI95_04232
primary	bac120	NEE60_G_04190	stordalen_mire_2019_hybrid_mags_cmr2.MA.201907_P_1_20to24_17.fna	ANI95_04234
primary	bac120	NEE60_G_04191	stordalen_mire_2019_hybrid_mags_cmr2.MA.201907_P_1_20to24_18.fna	ANI95_04235
primary	bac120	NEE60_G_04192	stordalen_mire_2019_hybrid_mags_cmr2.MA.201907_P_1_20to24_20.fna	ANI95_04238
primary	bac120	NEE60_G_04193	stordalen_mire_2019_hybrid_mags_cmr2.MA.201907_P_1_20to24_23.fna	ANI95_04241
primary	bac120	NEE60_G_04194	stordalen_mire_2019_hybrid_mags_cmr2.MA.201907_P_1_20to24_25.fna	ANI95_04243
primary	bac120	NEE60_G_04195	stordalen_mire_2019_hybrid_mags_cmr2.MA.201907_P_1_20to24_27.fna	ANI95_04245
primary	bac120	NEE60_G_04196	stordalen_mire_2019_hybrid_mags_cmr2.MA.201907_P_1_20to24_28.fna	ANI95_04246
primary	bac120	NEE60_G_04197	stordalen_mire_2019_hybrid_mags_cmr2.MA.201907_P_1_20to24_3.fna	ANI95_04248
primary	bac120	NEE60_G_04198	stordalen_mire_2019_hybrid_mags_cmr2.MA.201907_P_1_20to24_30.fna	ANI95_04249
primary	bac120	NEE60_G_04199	stordalen_mire_2019_hybrid_mags_cmr2.MA.201907_P_1_20to24_31.fna	ANI95_04250
primary	bac120	NEE60_G_04200	stordalen_mire_2019_hybrid_mags_cmr2.MA.201907_P_1_20to24_32.fna	ANI95_04251
primary	bac120	NEE60_G_04201	stordalen_mire_2019_hybrid_mags_cmr2.MA.201907_P_1_20to24_33.fna	ANI95_04252
primary	bac120	NEE60_G_04202	stordalen_mire_2019_hybrid_mags_cmr2.MA.201907_P_1_20to24_34.fna	ANI95_04253
primary	bac120	NEE60_G_04203	stordalen_mire_2019_hybrid_mags_cmr2.MA.201907_P_1_20to24_35.fna	ANI95_04254
primary	bac120	NEE60_G_04204	stordalen_mire_2019_hybrid_mags_cmr2.MA.201907_P_1_20to24_36.fna	ANI95_04255
primary	bac120	NEE60_G_04205	stordalen_mire_2019_hybrid_mags_cmr2.MA.201907_P_1_20to24_37.fna	ANI95_04256
primary	bac120	NEE60_G_04206	stordalen_mire_2019_hybrid_mags_cmr2.MA.201907_P_1_20to24_39.fna	ANI95_04258
primary	bac120	NEE60_G_04207	stordalen_mire_2019_hybrid_mags_cmr2.MA.201907_P_1_20to24_4.fna	ANI95_04259
primary	bac120	NEE60_G_04208	stordalen_mire_2019_hybrid_mags_cmr2.MA.201907_P_1_20to24_41.fna	ANI95_04261
primary	bac120	NEE60_G_04209	stordalen_mire_2019_hybrid_mags_cmr2.MA.201907_P_1_20to24_43.fna	ANI95_04263
primary	bac120	NEE60_G_04210	stordalen_mire_2019_hybrid_mags_cmr2.MA.201907_P_1_20to24_44.fna	ANI95_04264
primary	bac120	NEE60_G_04211	stordalen_mire_2019_hybrid_mags_cmr2.MA.201907_P_1_20to24_45.fna	ANI95_04265
primary	bac120	NEE60_G_04212	stordalen_mire_2019_hybrid_mags_cmr2.MA.201907_P_1_20to24_46.fna	ANI95_04266
primary	bac120	NEE60_G_04213	stordalen_mire_2019_hybrid_mags_cmr2.MA.201907_P_1_20to24_47.fna	ANI95_04267
primary	bac120	NEE60_G_04214	stordalen_mire_2019_hybrid_mags_cmr2.MA.201907_P_1_20to24_49.fna	ANI95_04269
primary	bac120	NEE60_G_04215	stordalen_mire_2019_hybrid_mags_cmr2.MA.201907_P_1_20to24_50.fna	ANI95_04271
primary	bac120	NEE60_G_04216	stordalen_mire_2019_hybrid_mags_cmr2.MA.201907_P_1_20to24_51.fna	ANI95_01436
primary	bac120	NEE60_G_04217	stordalen_mire_2019_hybrid_mags_cmr2.MA.201907_P_1_20to24_52.fna	ANI95_04272
primary	bac120	NEE60_G_04218	stordalen_mire_2019_hybrid_mags_cmr2.MA.201907_P_1_20to24_53.fna	ANI95_04273
primary	bac120	NEE60_G_04219	stordalen_mire_2019_hybrid_mags_cmr2.MA.201907_P_1_20to24_54.fna	ANI95_04274
primary	bac120	NEE60_G_04220	stordalen_mire_2019_hybrid_mags_cmr2.MA.201907_P_1_20to24_55.fna	ANI95_04275
primary	bac120	NEE60_G_04221	stordalen_mire_2019_hybrid_mags_cmr2.MA.201907_P_1_20to24_56.fna	ANI95_04276
primary	bac120	NEE60_G_04222	stordalen_mire_2019_hybrid_mags_cmr2.MA.201907_P_1_20to24_58.fna	ANI95_04278
primary	bac120	NEE60_G_04223	stordalen_mire_2019_hybrid_mags_cmr2.MA.201907_P_1_20to24_6.fna	ANI95_04279
primary	bac120	NEE60_G_04224	stordalen_mire_2019_hybrid_mags_cmr2.MA.201907_P_1_20to24_8.fna	ANI95_04281
primary	bac120	NEE60_G_04225	stordalen_mire_2019_hybrid_mags_cmr2.MA.201907_S_1_1to5_0.fna	ANI95_04282
primary	bac120	NEE60_G_04226	stordalen_mire_2019_hybrid_mags_cmr2.MA.201907_S_1_1to5_1.fna	ANI95_04283
primary	bac120	NEE60_G_04227	stordalen_mire_2019_hybrid_mags_cmr2.MA.201907_S_1_1to5_10.fna	ANI95_04284
primary	bac120	NEE60_G_04228	stordalen_mire_2019_hybrid_mags_cmr2.MA.201907_S_1_1to5_11.fna	ANI95_04285
primary	bac120	NEE60_G_04229	stordalen_mire_2019_hybrid_mags_cmr2.MA.201907_S_1_1to5_13.fna	ANI95_04287
primary	bac120	NEE60_G_04230	stordalen_mire_2019_hybrid_mags_cmr2.MA.201907_S_1_1to5_15.fna	ANI95_04289
primary	bac120	NEE60_G_04231	stordalen_mire_2019_hybrid_mags_cmr2.MA.201907_S_1_1to5_16.fna	ANI95_04290
primary	bac120	NEE60_G_04232	stordalen_mire_2019_hybrid_mags_cmr2.MA.201907_S_1_1to5_17.fna	ANI95_04291
primary	bac120	NEE60_G_04233	stordalen_mire_2019_hybrid_mags_cmr2.MA.201907_S_1_1to5_18.fna	ANI95_04292
primary	bac120	NEE60_G_04234	stordalen_mire_2019_hybrid_mags_cmr2.MA.201907_S_1_1to5_19.fna	ANI95_04293
primary	bac120	NEE60_G_04235	stordalen_mire_2019_hybrid_mags_cmr2.MA.201907_S_1_1to5_2.fna	ANI95_04294
primary	bac120	NEE60_G_04236	stordalen_mire_2019_hybrid_mags_cmr2.MA.201907_S_1_1to5_21.fna	ANI95_04296
primary	bac120	NEE60_G_04237	stordalen_mire_2019_hybrid_mags_cmr2.MA.201907_S_1_1to5_23.fna	ANI95_04298
primary	bac120	NEE60_G_04238	stordalen_mire_2019_hybrid_mags_cmr2.MA.201907_S_1_1to5_24.fna	ANI95_04299
primary	bac120	NEE60_G_04239	stordalen_mire_2019_hybrid_mags_cmr2.MA.201907_S_1_1to5_25.fna	ANI95_04300
primary	bac120	NEE60_G_04240	stordalen_mire_2019_hybrid_mags_cmr2.MA.201907_S_1_1to5_27.fna	ANI95_04302
primary	bac120	NEE60_G_04241	stordalen_mire_2019_hybrid_mags_cmr2.MA.201907_S_1_1to5_7.fna	ANI95_04306
primary	bac120	NEE60_G_04242	stordalen_mire_2019_hybrid_mags_cmr2.MA.201907_S_1_20to24_0.fna	ANI95_04309
primary	bac120	NEE60_G_04243	stordalen_mire_2019_hybrid_mags_cmr2.MA.201907_S_1_20to24_10.fna	ANI95_04311
primary	bac120	NEE60_G_04244	stordalen_mire_2019_hybrid_mags_cmr2.MA.201907_S_1_20to24_12.fna	ANI95_04313
primary	bac120	NEE60_G_04245	stordalen_mire_2019_hybrid_mags_cmr2.MA.201907_S_1_20to24_13.fna	ANI95_04314
primary	bac120	NEE60_G_04246	stordalen_mire_2019_hybrid_mags_cmr2.MA.201907_S_1_20to24_15.fna	ANI95_04316
primary	bac120	NEE60_G_04247	stordalen_mire_2019_hybrid_mags_cmr2.MA.201907_S_1_20to24_17.fna	ANI95_04317
primary	bac120	NEE60_G_04248	stordalen_mire_2019_hybrid_mags_cmr2.MA.201907_S_1_20to24_18.fna	ANI95_04318
primary	bac120	NEE60_G_04249	stordalen_mire_2019_hybrid_mags_cmr2.MA.201907_S_1_20to24_19.fna	ANI95_04319
primary	bac120	NEE60_G_04250	stordalen_mire_2019_hybrid_mags_cmr2.MA.201907_S_1_20to24_2.fna	ANI95_04320
primary	bac120	NEE60_G_04251	stordalen_mire_2019_hybrid_mags_cmr2.MA.201907_S_1_20to24_21.fna	ANI95_04321
primary	bac120	NEE60_G_04252	stordalen_mire_2019_hybrid_mags_cmr2.MA.201907_S_1_20to24_22.fna	ANI95_04322
primary	bac120	NEE60_G_04253	stordalen_mire_2019_hybrid_mags_cmr2.MA.201907_S_1_20to24_24.fna	ANI95_04324
primary	bac120	NEE60_G_04254	stordalen_mire_2019_hybrid_mags_cmr2.MA.201907_S_1_20to24_28.fna	ANI95_04326
primary	bac120	NEE60_G_04255	stordalen_mire_2019_hybrid_mags_cmr2.MA.201907_S_1_20to24_29.fna	ANI95_04327
primary	bac120	NEE60_G_04256	stordalen_mire_2019_hybrid_mags_cmr2.MA.201907_S_1_20to24_3.fna	ANI95_04328
primary	bac120	NEE60_G_04257	stordalen_mire_2019_hybrid_mags_cmr2.MA.201907_S_1_20to24_34.fna	ANI95_04331
primary	bac120	NEE60_G_04258	stordalen_mire_2019_hybrid_mags_cmr2.MA.201907_S_1_20to24_38.fna	ANI95_01453
primary	bac120	NEE60_G_04259	stordalen_mire_2019_hybrid_mags_cmr2.MA.201907_S_1_20to24_39.fna	ANI95_01454
primary	bac120	NEE60_G_04260	stordalen_mire_2019_hybrid_mags_cmr2.MA.201907_S_1_20to24_4.fna	ANI95_04333
primary	bac120	NEE60_G_04261	stordalen_mire_2019_hybrid_mags_cmr2.MA.201907_S_1_20to24_40.fna	ANI95_01872
primary	bac120	NEE60_G_04262	stordalen_mire_2019_hybrid_mags_cmr2.MA.201907_S_1_20to24_41.fna	ANI95_04334
primary	bac120	NEE60_G_04263	stordalen_mire_2019_hybrid_mags_cmr2.MA.201907_S_1_20to24_42.fna	ANI95_04335
primary	bac120	NEE60_G_04264	stordalen_mire_2019_hybrid_mags_cmr2.MA.201907_S_1_20to24_44.fna	ANI95_04336
primary	bac120	NEE60_G_04265	stordalen_mire_2019_hybrid_mags_cmr2.MA.201907_S_1_20to24_46.fna	ANI95_04338
primary	bac120	NEE60_G_04266	stordalen_mire_2019_hybrid_mags_cmr2.MA.201907_S_1_20to24_47.fna	ANI95_04339
primary	bac120	NEE60_G_04267	stordalen_mire_2019_hybrid_mags_cmr2.MA.201907_S_1_20to24_48.fna	ANI95_04182
primary	bac120	NEE60_G_04268	stordalen_mire_2019_hybrid_mags_cmr2.MA.201907_S_1_20to24_49.fna	ANI95_04340
primary	bac120	NEE60_G_04269	stordalen_mire_2019_hybrid_mags_cmr2.MA.201907_S_1_20to24_5.fna	ANI95_04341
primary	bac120	NEE60_G_04270	stordalen_mire_2019_hybrid_mags_cmr2.MA.201907_S_1_20to24_51.fna	ANI95_04342
primary	bac120	NEE60_G_04271	stordalen_mire_2019_hybrid_mags_cmr2.MA.201907_S_1_20to24_52.fna	ANI95_04343
primary	bac120	NEE60_G_04272	stordalen_mire_2019_hybrid_mags_cmr2.MA.201907_S_1_20to24_54.fna	ANI95_04345
primary	bac120	NEE60_G_04273	stordalen_mire_2019_hybrid_mags_cmr2.MA.201907_S_1_20to24_56.fna	ANI95_04347
primary	bac120	NEE60_G_04274	stordalen_mire_2019_hybrid_mags_cmr2.MA.201907_S_1_20to24_57.fna	ANI95_04348
primary	bac120	NEE60_G_04275	stordalen_mire_2019_hybrid_mags_cmr2.MA.201907_S_1_20to24_58.fna	ANI95_04349
primary	bac120	NEE60_G_04276	stordalen_mire_2019_hybrid_mags_cmr2.MA.201907_S_1_20to24_59.fna	ANI95_04350
primary	bac120	NEE60_G_04277	stordalen_mire_2019_hybrid_mags_cmr2.MA.201907_S_1_20to24_60.fna	ANI95_04352
primary	bac120	NEE60_G_04278	stordalen_mire_2019_hybrid_mags_cmr2.MA.201907_S_1_20to24_61.fna	ANI95_04353
primary	bac120	NEE60_G_04279	stordalen_mire_2019_hybrid_mags_cmr2.MA.201907_S_1_20to24_62.fna	ANI95_04354
primary	bac120	NEE60_G_04280	stordalen_mire_2019_hybrid_mags_cmr2.MA.201907_S_1_20to24_63.fna	ANI95_04355
primary	bac120	NEE60_G_04281	stordalen_mire_2019_hybrid_mags_cmr2.MA.201907_S_1_20to24_64.fna	ANI95_04356
primary	bac120	NEE60_G_04282	stordalen_mire_2019_hybrid_mags_cmr2.MA.201907_S_1_20to24_65.fna	ANI95_01459
primary	bac120	NEE60_G_04283	stordalen_mire_2019_hybrid_mags_cmr2.MA.201907_S_1_20to24_66.fna	ANI95_04357
primary	bac120	NEE60_G_04284	stordalen_mire_2019_hybrid_mags_cmr2.MA.201907_S_1_20to24_67.fna	ANI95_04358
primary	bac120	NEE60_G_04285	stordalen_mire_2019_hybrid_mags_cmr2.MA.201907_S_1_20to24_68.fna	ANI95_04359
primary	bac120	NEE60_G_04286	stordalen_mire_2019_hybrid_mags_cmr2.MA.201907_S_1_20to24_69.fna	ANI95_04360
primary	bac120	NEE60_G_04287	stordalen_mire_2019_hybrid_mags_cmr2.MA.201907_S_1_20to24_7.fna	ANI95_04361
primary	bac120	NEE60_G_04288	stordalen_mire_2019_hybrid_mags_cmr5.MA.201907_E_1_1to5_2.fna	ANI95_04128
primary	bac120	NEE60_G_04289	stordalen_mire_2019_hybrid_mags_cmr5.MA.201907_E_1_20to24_15.fna	ANI95_04365
primary	bac120	NEE60_G_04290	stordalen_mire_2019_hybrid_mags_cmr5.MA.201907_E_1_20to24_16.fna	ANI95_04154
primary	bac120	NEE60_G_04291	stordalen_mire_2019_hybrid_mags_cmr5.MA.201907_E_1_20to24_17.fna	ANI95_04366
primary	bac120	NEE60_G_04292	stordalen_mire_2019_hybrid_mags_cmr5.MA.201907_P_1_1to5_0.fna	ANI95_04207
primary	bac120	NEE60_G_04293	stordalen_mire_2019_hybrid_mags_cmr5.MA.201907_P_1_1to5_1.fna	ANI95_04368
primary	bac120	NEE60_G_04294	stordalen_mire_2019_hybrid_mags_cmr5.MA.201907_P_1_1to5_11.fna	ANI95_04369
primary	bac120	NEE60_G_04295	stordalen_mire_2019_hybrid_mags_cmr5.MA.201907_P_1_1to5_12.fna	ANI95_04370
primary	bac120	NEE60_G_04296	stordalen_mire_2019_hybrid_mags_cmr5.MA.201907_P_1_1to5_13.fna	ANI95_04225
primary	bac120	NEE60_G_04297	stordalen_mire_2019_hybrid_mags_cmr5.MA.201907_P_1_1to5_15.fna	ANI95_04196
primary	bac120	NEE60_G_04298	stordalen_mire_2019_hybrid_mags_cmr5.MA.201907_P_1_1to5_19.fna	ANI95_04373
primary	bac120	NEE60_G_04299	stordalen_mire_2019_hybrid_mags_cmr5.MA.201907_P_1_1to5_2.fna	ANI95_04374
primary	bac120	NEE60_G_04300	stordalen_mire_2019_hybrid_mags_cmr5.MA.201907_P_1_1to5_20.fna	ANI95_04375
primary	bac120	NEE60_G_04301	stordalen_mire_2019_hybrid_mags_cmr5.MA.201907_P_1_1to5_21.fna	ANI95_04376
primary	bac120	NEE60_G_04302	stordalen_mire_2019_hybrid_mags_cmr5.MA.201907_P_1_1to5_22.fna	ANI95_04199
primary	bac120	NEE60_G_04303	stordalen_mire_2019_hybrid_mags_cmr5.MA.201907_P_1_1to5_23.fna	ANI95_04377
primary	bac120	NEE60_G_04304	stordalen_mire_2019_hybrid_mags_cmr5.MA.201907_P_1_1to5_28.fna	ANI95_04380
primary	bac120	NEE60_G_04305	stordalen_mire_2019_hybrid_mags_cmr5.MA.201907_P_1_1to5_29.fna	ANI95_04381
primary	bac120	NEE60_G_04306	stordalen_mire_2019_hybrid_mags_cmr5.MA.201907_P_1_1to5_31.fna	ANI95_04383
primary	bac120	NEE60_G_04307	stordalen_mire_2019_hybrid_mags_cmr5.MA.201907_P_1_1to5_32.fna	ANI95_04384
primary	bac120	NEE60_G_04308	stordalen_mire_2019_hybrid_mags_cmr5.MA.201907_P_1_1to5_33.fna	ANI95_04210
primary	bac120	NEE60_G_04309	stordalen_mire_2019_hybrid_mags_cmr5.MA.201907_P_1_1to5_35.fna	ANI95_04385
primary	bac120	NEE60_G_04310	stordalen_mire_2019_hybrid_mags_cmr5.MA.201907_P_1_1to5_36.fna	ANI95_04386
primary	bac120	NEE60_G_04311	stordalen_mire_2019_hybrid_mags_cmr5.MA.201907_P_1_1to5_37.fna	ANI95_04387
primary	bac120	NEE60_G_04312	stordalen_mire_2019_hybrid_mags_cmr5.MA.201907_P_1_1to5_38.fna	ANI95_04388
primary	bac120	NEE60_G_04313	stordalen_mire_2019_hybrid_mags_cmr5.MA.201907_P_1_1to5_39.fna	ANI95_04389
primary	bac120	NEE60_G_04314	stordalen_mire_2019_hybrid_mags_cmr5.MA.201907_P_1_1to5_40.fna	ANI95_04390
primary	bac120	NEE60_G_04315	stordalen_mire_2019_hybrid_mags_cmr5.MA.201907_P_1_1to5_42.fna	ANI95_04391
primary	bac120	NEE60_G_04316	stordalen_mire_2019_hybrid_mags_cmr5.MA.201907_P_1_1to5_43.fna	ANI95_04392
primary	bac120	NEE60_G_04317	stordalen_mire_2019_hybrid_mags_cmr5.MA.201907_P_1_1to5_47.fna	ANI95_04394
primary	bac120	NEE60_G_04318	stordalen_mire_2019_hybrid_mags_cmr5.MA.201907_P_1_1to5_48.fna	ANI95_04201
primary	bac120	NEE60_G_04319	stordalen_mire_2019_hybrid_mags_cmr5.MA.201907_P_1_1to5_49.fna	ANI95_04395
primary	bac120	NEE60_G_04321	stordalen_mire_2019_hybrid_mags_cmr5.MA.201907_P_1_1to5_7.fna	ANI95_04200
primary	bac120	NEE60_G_04322	stordalen_mire_2019_hybrid_mags_cmr5.MA.201907_P_1_20to24_13.fna	ANI95_04260
primary	bac120	NEE60_G_04323	stordalen_mire_2019_hybrid_mags_cmr5.MA.201907_P_1_20to24_15.fna	ANI95_04397
primary	bac120	NEE60_G_04324	stordalen_mire_2019_hybrid_mags_cmr5.MA.201907_P_1_20to24_19.fna	ANI95_04280
primary	bac120	NEE60_G_04325	stordalen_mire_2019_hybrid_mags_cmr5.MA.201907_P_1_20to24_2.fna	ANI95_04242
primary	bac120	NEE60_G_04326	stordalen_mire_2019_hybrid_mags_cmr5.MA.201907_P_1_20to24_24.fna	ANI95_04399
primary	bac120	NEE60_G_04327	stordalen_mire_2019_hybrid_mags_cmr5.MA.201907_P_1_20to24_32.fna	ANI95_04257
primary	bac120	NEE60_G_04328	stordalen_mire_2019_hybrid_mags_cmr5.MA.201907_P_1_20to24_8.fna	ANI95_04268
primary	bac120	NEE60_G_04329	stordalen_mire_2019_hybrid_mags_cmr5.MA.201907_P_1_20to24_9.fna	ANI95_04402
primary	bac120	NEE60_G_04330	stordalen_mire_2019_hybrid_mags_cmr5.MA.201907_S_1_1to5_0.fna	ANI95_04403
primary	bac120	NEE60_G_04331	stordalen_mire_2019_hybrid_mags_cmr5.MA.201907_S_1_1to5_1.fna	ANI95_04404
primary	bac120	NEE60_G_04332	stordalen_mire_2019_hybrid_mags_cmr5.MA.201907_S_1_1to5_15.fna	ANI95_04286
primary	bac120	NEE60_G_04333	stordalen_mire_2019_hybrid_mags_cmr5.MA.201907_S_1_1to5_17.fna	ANI95_04406
primary	bac120	NEE60_G_04335	stordalen_mire_2019_hybrid_mags_cmr5.MA.201907_S_1_1to5_22.fna	ANI95_04407
primary	bac120	NEE60_G_04336	stordalen_mire_2019_hybrid_mags_cmr5.MA.201907_S_1_1to5_5.fna	ANI95_04409
primary	bac120	NEE60_G_04337	stordalen_mire_2019_hybrid_mags_cmr5.MA.201907_S_1_1to5_6.fna	ANI95_04410
primary	bac120	NEE60_G_04338	stordalen_mire_2019_hybrid_mags_cmr5.MA.201907_S_1_20to24_11.fna	ANI95_04411
primary	bac120	NEE60_G_04339	stordalen_mire_2019_hybrid_mags_cmr5.MA.201907_S_1_20to24_14.fna	ANI95_04412
primary	bac120	NEE60_G_04340	stordalen_mire_2019_hybrid_mags_cmr5.MA.201907_S_1_20to24_16.fna	ANI95_04413
primary	bac120	NEE60_G_04341	stordalen_mire_2019_hybrid_mags_cmr5.MA.201907_S_1_20to24_20.fna	ANI95_04414
primary	bac120	NEE60_G_04342	stordalen_mire_2019_hybrid_mags_cmr5.MA.201907_S_1_20to24_21.fna	ANI95_04188
primary	bac120	NEE60_G_04343	stordalen_mire_2019_hybrid_mags_cmr5.MA.201907_S_1_20to24_26.fna	ANI95_04362
primary	bac120	NEE60_G_04344	stordalen_mire_2019_hybrid_mags_cmr5.MA.201907_S_1_20to24_28.fna	ANI95_04351
primary	bac120	NEE60_G_04345	stordalen_mire_2019_hybrid_mags_cmr5.MA.201907_S_1_20to24_32.fna	ANI95_04323
primary	bac120	NEE60_G_04346	stordalen_mire_2019_hybrid_mags_cmr5.MA.201907_S_1_20to24_4.fna	ANI95_04312
primary	bac120	NEE60_G_04347	stordalen_mire_2019_hybrid_mags_cmr6.MA.201907_E_1_1to5_0.fna	ANI95_04417
primary	bac120	NEE60_G_04348	stordalen_mire_2019_hybrid_mags_cmr6.MA.201907_E_1_1to5_1.fna	ANI95_04135
primary	bac120	NEE60_G_04349	stordalen_mire_2019_hybrid_mags_cmr6.MA.201907_E_1_1to5_10.fna	ANI95_04418
primary	bac120	NEE60_G_04350	stordalen_mire_2019_hybrid_mags_cmr6.MA.201907_E_1_1to5_11.fna	ANI95_04137
primary	bac120	NEE60_G_04351	stordalen_mire_2019_hybrid_mags_cmr6.MA.201907_E_1_1to5_12.fna	ANI95_04419
primary	bac120	NEE60_G_04352	stordalen_mire_2019_hybrid_mags_cmr6.MA.201907_E_1_1to5_13.fna	ANI95_04124
primary	bac120	NEE60_G_04353	stordalen_mire_2019_hybrid_mags_cmr6.MA.201907_E_1_1to5_14.fna	ANI95_04420
primary	bac120	NEE60_G_04354	stordalen_mire_2019_hybrid_mags_cmr6.MA.201907_E_1_1to5_15.fna	ANI95_04421
primary	bac120	NEE60_G_04355	stordalen_mire_2019_hybrid_mags_cmr6.MA.201907_E_1_1to5_16.fna	ANI95_04130
primary	bac120	NEE60_G_04356	stordalen_mire_2019_hybrid_mags_cmr6.MA.201907_E_1_1to5_17.fna	ANI95_04422
primary	bac120	NEE60_G_04357	stordalen_mire_2019_hybrid_mags_cmr6.MA.201907_E_1_1to5_20.fna	ANI95_04423
primary	bac120	NEE60_G_04358	stordalen_mire_2019_hybrid_mags_cmr6.MA.201907_E_1_1to5_22.fna	ANI95_04424
primary	bac120	NEE60_G_04359	stordalen_mire_2019_hybrid_mags_cmr6.MA.201907_E_1_1to5_24.fna	ANI95_04425
primary	bac120	NEE60_G_04360	stordalen_mire_2019_hybrid_mags_cmr6.MA.201907_E_1_1to5_27.fna	ANI95_04131
primary	bac120	NEE60_G_04361	stordalen_mire_2019_hybrid_mags_cmr6.MA.201907_E_1_1to5_4.fna	ANI95_04426
primary	bac120	NEE60_G_04362	stordalen_mire_2019_hybrid_mags_cmr6.MA.201907_E_1_1to5_5.fna	ANI95_04364
primary	bac120	NEE60_G_04363	stordalen_mire_2019_hybrid_mags_cmr6.MA.201907_E_1_1to5_6.fna	ANI95_04363
primary	bac120	NEE60_G_04364	stordalen_mire_2019_hybrid_mags_cmr6.MA.201907_E_1_1to5_7.fna	ANI95_04427
primary	bac120	NEE60_G_04365	stordalen_mire_2019_hybrid_mags_cmr6.MA.201907_E_1_1to5_8.fna	ANI95_04139
primary	bac120	NEE60_G_04366	stordalen_mire_2019_hybrid_mags_cmr6.MA.201907_E_1_1to5_9.fna	ANI95_04142
primary	bac120	NEE60_G_04367	stordalen_mire_2019_hybrid_mags_cmr6.MA.201907_E_1_20to24_0.fna	ANI95_04428
primary	bac120	NEE60_G_04368	stordalen_mire_2019_hybrid_mags_cmr6.MA.201907_E_1_20to24_1.fna	ANI95_04429
primary	bac120	NEE60_G_04369	stordalen_mire_2019_hybrid_mags_cmr6.MA.201907_E_1_20to24_10.fna	ANI95_04156
primary	bac120	NEE60_G_04370	stordalen_mire_2019_hybrid_mags_cmr6.MA.201907_E_1_20to24_11.fna	ANI95_04430
primary	bac120	NEE60_G_04372	stordalen_mire_2019_hybrid_mags_cmr6.MA.201907_E_1_20to24_17.fna	ANI95_04431
primary	bac120	NEE60_G_04374	stordalen_mire_2019_hybrid_mags_cmr6.MA.201907_E_1_20to24_19.fna	ANI95_04148
primary	bac120	NEE60_G_04375	stordalen_mire_2019_hybrid_mags_cmr6.MA.201907_E_1_20to24_23.fna	ANI95_04192
primary	bac120	NEE60_G_04377	stordalen_mire_2019_hybrid_mags_cmr6.MA.201907_E_1_20to24_27.fna	ANI95_04174
primary	bac120	NEE60_G_04378	stordalen_mire_2019_hybrid_mags_cmr6.MA.201907_E_1_20to24_29.fna	ANI95_04145
primary	bac120	NEE60_G_04379	stordalen_mire_2019_hybrid_mags_cmr6.MA.201907_E_1_20to24_3.fna	ANI95_04433
primary	bac120	NEE60_G_04380	stordalen_mire_2019_hybrid_mags_cmr6.MA.201907_E_1_20to24_30.fna	ANI95_04434
primary	bac120	NEE60_G_04381	stordalen_mire_2019_hybrid_mags_cmr6.MA.201907_E_1_20to24_33.fna	ANI95_04435
primary	bac120	NEE60_G_04382	stordalen_mire_2019_hybrid_mags_cmr6.MA.201907_E_1_20to24_34.fna	ANI95_04161
primary	bac120	NEE60_G_04383	stordalen_mire_2019_hybrid_mags_cmr6.MA.201907_E_1_20to24_38.fna	ANI95_04367
primary	bac120	NEE60_G_04384	stordalen_mire_2019_hybrid_mags_cmr6.MA.201907_E_1_20to24_39.fna	ANI95_04436
primary	bac120	NEE60_G_04385	stordalen_mire_2019_hybrid_mags_cmr6.MA.201907_E_1_20to24_4.fna	ANI95_04437
primary	bac120	NEE60_G_04386	stordalen_mire_2019_hybrid_mags_cmr6.MA.201907_E_1_20to24_40.fna	ANI95_04152
primary	bac120	NEE60_G_04387	stordalen_mire_2019_hybrid_mags_cmr6.MA.201907_E_1_20to24_41.fna	ANI95_04177
primary	bac120	NEE60_G_04388	stordalen_mire_2019_hybrid_mags_cmr6.MA.201907_E_1_20to24_42.fna	ANI95_04176
primary	bac120	NEE60_G_04389	stordalen_mire_2019_hybrid_mags_cmr6.MA.201907_E_1_20to24_44.fna	ANI95_04181
primary	bac120	NEE60_G_04390	stordalen_mire_2019_hybrid_mags_cmr6.MA.201907_E_1_20to24_45.fna	ANI95_04171
primary	bac120	NEE60_G_04391	stordalen_mire_2019_hybrid_mags_cmr6.MA.201907_E_1_20to24_46.fna	ANI95_04438
primary	bac120	NEE60_G_04392	stordalen_mire_2019_hybrid_mags_cmr6.MA.201907_E_1_20to24_47.fna	ANI95_04157
primary	bac120	NEE60_G_04393	stordalen_mire_2019_hybrid_mags_cmr6.MA.201907_E_1_20to24_49.fna	ANI95_04439
primary	bac120	NEE60_G_04394	stordalen_mire_2019_hybrid_mags_cmr6.MA.201907_E_1_20to24_5.fna	ANI95_04143
primary	bac120	NEE60_G_04395	stordalen_mire_2019_hybrid_mags_cmr6.MA.201907_E_1_20to24_50.fna	ANI95_04440
primary	bac120	NEE60_G_04396	stordalen_mire_2019_hybrid_mags_cmr6.MA.201907_E_1_20to24_51.fna	ANI95_04144
primary	bac120	NEE60_G_04398	stordalen_mire_2019_hybrid_mags_cmr6.MA.201907_E_1_20to24_54.fna	ANI95_04151
primary	bac120	NEE60_G_04399	stordalen_mire_2019_hybrid_mags_cmr6.MA.201907_E_1_20to24_55.fna	ANI95_04441
primary	bac120	NEE60_G_04400	stordalen_mire_2019_hybrid_mags_cmr6.MA.201907_E_1_20to24_57.fna	ANI95_04442
primary	bac120	NEE60_G_04401	stordalen_mire_2019_hybrid_mags_cmr6.MA.201907_E_1_20to24_58.fna	ANI95_04443
primary	bac120	NEE60_G_04403	stordalen_mire_2019_hybrid_mags_cmr6.MA.201907_E_1_20to24_61.fna	ANI95_04133
primary	bac120	NEE60_G_04404	stordalen_mire_2019_hybrid_mags_cmr6.MA.201907_E_1_20to24_62.fna	ANI95_04444
primary	bac120	NEE60_G_04405	stordalen_mire_2019_hybrid_mags_cmr6.MA.201907_E_1_20to24_64.fna	ANI95_04150
primary	bac120	NEE60_G_04407	stordalen_mire_2019_hybrid_mags_cmr6.MA.201907_P_1_1to5_13.fna	ANI95_04371
primary	bac120	NEE60_G_04408	stordalen_mire_2019_hybrid_mags_cmr6.MA.201907_P_1_1to5_17.fna	ANI95_04378
primary	bac120	NEE60_G_04409	stordalen_mire_2019_hybrid_mags_cmr6.MA.201907_P_1_1to5_18.fna	ANI95_04396
primary	bac120	NEE60_G_04410	stordalen_mire_2019_hybrid_mags_cmr6.MA.201907_P_1_1to5_2.fna	ANI95_04445
primary	bac120	NEE60_G_04411	stordalen_mire_2019_hybrid_mags_cmr6.MA.201907_P_1_1to5_22.fna	ANI95_04220
primary	bac120	NEE60_G_04412	stordalen_mire_2019_hybrid_mags_cmr6.MA.201907_P_1_1to5_24.fna	ANI95_04208
primary	bac120	NEE60_G_04413	stordalen_mire_2019_hybrid_mags_cmr6.MA.201907_P_1_1to5_29.fna	ANI95_04206
primary	bac120	NEE60_G_04414	stordalen_mire_2019_hybrid_mags_cmr6.MA.201907_P_1_1to5_30.fna	ANI95_04393
primary	bac120	NEE60_G_04415	stordalen_mire_2019_hybrid_mags_cmr6.MA.201907_P_1_1to5_31.fna	ANI95_04379
primary	bac120	NEE60_G_04416	stordalen_mire_2019_hybrid_mags_cmr6.MA.201907_P_1_1to5_33.fna	ANI95_04446
primary	bac120	NEE60_G_04417	stordalen_mire_2019_hybrid_mags_cmr6.MA.201907_P_1_1to5_35.fna	ANI95_04222
primary	bac120	NEE60_G_04418	stordalen_mire_2019_hybrid_mags_cmr6.MA.201907_P_1_1to5_36.fna	ANI95_04205
primary	bac120	NEE60_G_04419	stordalen_mire_2019_hybrid_mags_cmr6.MA.201907_P_1_1to5_38.fna	ANI95_04372
primary	bac120	NEE60_G_04420	stordalen_mire_2019_hybrid_mags_cmr6.MA.201907_P_1_1to5_42.fna	ANI95_04209
primary	bac120	NEE60_G_04421	stordalen_mire_2019_hybrid_mags_cmr6.MA.201907_P_1_1to5_8.fna	ANI95_04382
primary	bac120	NEE60_G_04422	stordalen_mire_2019_hybrid_mags_cmr6.MA.201907_P_1_20to24_11.fna	ANI95_04401
primary	bac120	NEE60_G_04423	stordalen_mire_2019_hybrid_mags_cmr6.MA.201907_P_1_20to24_13.fna	ANI95_04237
primary	bac120	NEE60_G_04424	stordalen_mire_2019_hybrid_mags_cmr6.MA.201907_P_1_20to24_14.fna	ANI95_04240
primary	bac120	NEE60_G_04425	stordalen_mire_2019_hybrid_mags_cmr6.MA.201907_P_1_20to24_15.fna	ANI95_04247
primary	bac120	NEE60_G_04426	stordalen_mire_2019_hybrid_mags_cmr6.MA.201907_P_1_20to24_17.fna	ANI95_04398
primary	bac120	NEE60_G_04427	stordalen_mire_2019_hybrid_mags_cmr6.MA.201907_P_1_20to24_18.fna	ANI95_04447
primary	bac120	NEE60_G_04428	stordalen_mire_2019_hybrid_mags_cmr6.MA.201907_P_1_20to24_19.fna	ANI95_04448
primary	bac120	NEE60_G_04429	stordalen_mire_2019_hybrid_mags_cmr6.MA.201907_P_1_20to24_2.fna	ANI95_04449
primary	bac120	NEE60_G_04430	stordalen_mire_2019_hybrid_mags_cmr6.MA.201907_P_1_20to24_23.fna	ANI95_04239
primary	bac120	NEE60_G_04431	stordalen_mire_2019_hybrid_mags_cmr6.MA.201907_P_1_20to24_25.fna	ANI95_04450
primary	bac120	NEE60_G_04432	stordalen_mire_2019_hybrid_mags_cmr6.MA.201907_P_1_20to24_32.fna	ANI95_04236
primary	bac120	NEE60_G_04433	stordalen_mire_2019_hybrid_mags_cmr6.MA.201907_P_1_20to24_36.fna	ANI95_04451
primary	bac120	NEE60_G_04434	stordalen_mire_2019_hybrid_mags_cmr6.MA.201907_P_1_20to24_37.fna	ANI95_04452
primary	bac120	NEE60_G_04435	stordalen_mire_2019_hybrid_mags_cmr6.MA.201907_P_1_20to24_4.fna	ANI95_04277
primary	bac120	NEE60_G_04436	stordalen_mire_2019_hybrid_mags_cmr6.MA.201907_P_1_20to24_41.fna	ANI95_04453
primary	bac120	NEE60_G_04437	stordalen_mire_2019_hybrid_mags_cmr6.MA.201907_P_1_20to24_44.fna	ANI95_04244
primary	bac120	NEE60_G_04438	stordalen_mire_2019_hybrid_mags_cmr6.MA.201907_P_1_20to24_45.fna	ANI95_04233
primary	bac120	NEE60_G_04439	stordalen_mire_2019_hybrid_mags_cmr6.MA.201907_P_1_20to24_47.fna	ANI95_04454
primary	bac120	NEE60_G_04440	stordalen_mire_2019_hybrid_mags_cmr6.MA.201907_P_1_20to24_5.fna	ANI95_04455
primary	bac120	NEE60_G_04441	stordalen_mire_2019_hybrid_mags_cmr6.MA.201907_P_1_20to24_53.fna	ANI95_04400
primary	bac120	NEE60_G_04442	stordalen_mire_2019_hybrid_mags_cmr6.MA.201907_P_1_20to24_8.fna	ANI95_04262
primary	bac120	NEE60_G_04443	stordalen_mire_2019_hybrid_mags_cmr6.MA.201907_S_1_1to5_1.fna	ANI95_04456
primary	bac120	NEE60_G_04444	stordalen_mire_2019_hybrid_mags_cmr6.MA.201907_S_1_1to5_10.fna	ANI95_04457
primary	bac120	NEE60_G_04445	stordalen_mire_2019_hybrid_mags_cmr6.MA.201907_S_1_1to5_13.fna	ANI95_04303
primary	bac120	NEE60_G_04446	stordalen_mire_2019_hybrid_mags_cmr6.MA.201907_S_1_1to5_14.fna	ANI95_04304
primary	bac120	NEE60_G_04447	stordalen_mire_2019_hybrid_mags_cmr6.MA.201907_S_1_1to5_16.fna	ANI95_04297
primary	bac120	NEE60_G_04448	stordalen_mire_2019_hybrid_mags_cmr6.MA.201907_S_1_1to5_18.fna	ANI95_04405
primary	bac120	NEE60_G_04449	stordalen_mire_2019_hybrid_mags_cmr6.MA.201907_S_1_1to5_24.fna	ANI95_04305
primary	bac120	NEE60_G_04450	stordalen_mire_2019_hybrid_mags_cmr6.MA.201907_S_1_1to5_27.fna	ANI95_04301
primary	bac120	NEE60_G_04451	stordalen_mire_2019_hybrid_mags_cmr6.MA.201907_S_1_1to5_29.fna	ANI95_04458
primary	bac120	NEE60_G_04452	stordalen_mire_2019_hybrid_mags_cmr6.MA.201907_S_1_1to5_3.fna	ANI95_04459
primary	bac120	NEE60_G_04453	stordalen_mire_2019_hybrid_mags_cmr6.MA.201907_S_1_1to5_32.fna	ANI95_04408
primary	bac120	NEE60_G_04454	stordalen_mire_2019_hybrid_mags_cmr6.MA.201907_S_1_1to5_34.fna	ANI95_04308
primary	bac120	NEE60_G_04455	stordalen_mire_2019_hybrid_mags_cmr6.MA.201907_S_1_1to5_35.fna	ANI95_04460
primary	bac120	NEE60_G_04456	stordalen_mire_2019_hybrid_mags_cmr6.MA.201907_S_1_1to5_36.fna	ANI95_04307
primary	bac120	NEE60_G_04457	stordalen_mire_2019_hybrid_mags_cmr6.MA.201907_S_1_1to5_37.fna	ANI95_04295
primary	bac120	NEE60_G_04458	stordalen_mire_2019_hybrid_mags_cmr6.MA.201907_S_1_1to5_38.fna	ANI95_04461
primary	bac120	NEE60_G_04459	stordalen_mire_2019_hybrid_mags_cmr6.MA.201907_S_1_1to5_4.fna	ANI95_04462
primary	bac120	NEE60_G_04460	stordalen_mire_2019_hybrid_mags_cmr6.MA.201907_S_1_1to5_40.fna	ANI95_04288
primary	bac120	NEE60_G_04461	stordalen_mire_2019_hybrid_mags_cmr6.MA.201907_S_1_1to5_5.fna	ANI95_04463
primary	bac120	NEE60_G_04462	stordalen_mire_2019_hybrid_mags_cmr6.MA.201907_S_1_1to5_6.fna	ANI95_04464
primary	bac120	NEE60_G_04463	stordalen_mire_2019_hybrid_mags_cmr6.MA.201907_S_1_20to24_0.fna	ANI95_04325
primary	bac120	NEE60_G_04464	stordalen_mire_2019_hybrid_mags_cmr6.MA.201907_S_1_20to24_13.fna	ANI95_04332
primary	bac120	NEE60_G_04465	stordalen_mire_2019_hybrid_mags_cmr6.MA.201907_S_1_20to24_17.fna	ANI95_04465
primary	bac120	NEE60_G_04466	stordalen_mire_2019_hybrid_mags_cmr6.MA.201907_S_1_20to24_2.fna	ANI95_04310
primary	bac120	NEE60_G_04467	stordalen_mire_2019_hybrid_mags_cmr6.MA.201907_S_1_20to24_23.fna	ANI95_04344
primary	bac120	NEE60_G_04468	stordalen_mire_2019_hybrid_mags_cmr6.MA.201907_S_1_20to24_34.fna	ANI95_04466
primary	bac120	NEE60_G_04469	stordalen_mire_2019_hybrid_mags_cmr6.MA.201907_S_1_20to24_35.fna	ANI95_04329
primary	bac120	NEE60_G_04470	stordalen_mire_2019_hybrid_mags_cmr6.MA.201907_S_1_20to24_36.fna	ANI95_04315
primary	bac120	NEE60_G_04472	stordalen_mire_2019_hybrid_mags_cmr6.MA.201907_S_1_20to24_44.fna	ANI95_04270
primary	bac120	NEE60_G_04473	stordalen_mire_2019_hybrid_mags_cmr6.MA.201907_S_1_20to24_45.fna	ANI95_04346
primary	bac120	NEE60_G_04474	stordalen_mire_2019_hybrid_mags_cmr6.MA.201907_S_1_20to24_47.fna	ANI95_04337
primary	bac120	NEE60_G_04475	stordalen_mire_2019_hybrid_mags_cmr6.MA.201907_S_1_20to24_51.fna	ANI95_04467
primary	bac120	NEE60_G_04476	stordalen_mire_2019_hybrid_mags_cmr6.MA.201907_S_1_20to24_57.fna	ANI95_04416
primary	ar53	NEE60_G_00019	GCA_016782145.1	ANI95_00023
primary	ar53	NEE60_G_00021	GCA_016782245.1	ANI95_00024
primary	ar53	NEE60_G_00068	GCA_046261955.1	ANI95_00071
primary	ar53	NEE60_G_00132	GCA_046352665.1	ANI95_00136
primary	ar53	NEE60_G_00133	GCA_046352715.1	ANI95_00137
primary	ar53	NEE60_G_00707	GCA_050748085.1_genomic	ANI95_00711
primary	ar53	NEE60_G_00712	GCA_050748325.1_genomic	ANI95_00716
primary	ar53	NEE60_G_00714	GCA_050748645.1_genomic	ANI95_00718
primary	ar53	NEE60_G_00715	GCA_050749085.1_genomic	ANI95_00719
primary	ar53	NEE60_G_00716	GCA_050749105.1_genomic	ANI95_00720
primary	ar53	NEE60_G_00717	GCA_050749145.1_genomic	ANI95_00721
primary	ar53	NEE60_G_00718	GCA_050749205.1_genomic	ANI95_00722
primary	ar53	NEE60_G_00719	GCA_050749225.1_genomic	ANI95_00723
primary	ar53	NEE60_G_00720	GCA_050749285.1_genomic	ANI95_00726
primary	ar53	NEE60_G_00721	GCA_050749305.1_genomic	ANI95_00724
primary	ar53	NEE60_G_00722	GCA_050749325.1_genomic	ANI95_00727
primary	ar53	NEE60_G_00723	GCA_050749345.1_genomic	ANI95_00728
primary	ar53	NEE60_G_00724	GCA_050749405.1_genomic	ANI95_00729
primary	ar53	NEE60_G_00725	GCA_050749465.1_genomic	ANI95_00731
primary	ar53	NEE60_G_00726	GCA_050749505.1_genomic	ANI95_00732
primary	ar53	NEE60_G_00727	GCA_050749525.1_genomic	ANI95_00733
primary	ar53	NEE60_G_00728	GCA_050749545.1_genomic	ANI95_00734
primary	ar53	NEE60_G_00729	GCA_050749565.1_genomic	ANI95_00730
primary	ar53	NEE60_G_00730	GCA_050749605.1_genomic	ANI95_00735
primary	ar53	NEE60_G_00731	GCA_050749665.1_genomic	ANI95_00738
primary	ar53	NEE60_G_00732	GCA_050749685.1_genomic	ANI95_00739
primary	ar53	NEE60_G_00733	GCA_050749725.1_genomic	ANI95_00736
primary	ar53	NEE60_G_00734	GCA_050749745.1_genomic	ANI95_00737
primary	ar53	NEE60_G_00735	GCA_050749785.1_genomic	ANI95_00740
primary	ar53	NEE60_G_00736	GCA_050749825.1_genomic	ANI95_00741
primary	ar53	NEE60_G_00739	GCA_050921795.1_genomic	ANI95_00725
primary	ar53	NEE60_G_00812	NEE56_danakil__GCA_034190395.1	ANI95_00816
primary	ar53	NEE60_G_00813	NEE56_danakil__GCA_034190415.1	ANI95_00817
primary	ar53	NEE60_G_00814	NEE56_danakil__GCA_034190435.1	ANI95_00818
primary	ar53	NEE60_G_00815	NEE56_danakil__GCA_034190465.1	ANI95_00819
primary	ar53	NEE60_G_00816	NEE56_danakil__GCA_034190525.1	ANI95_00820
primary	ar53	NEE60_G_00817	NEE56_danakil__GCA_034190535.1	ANI95_00821
primary	ar53	NEE60_G_00818	NEE56_danakil__GCA_034190545.1	ANI95_00822
primary	ar53	NEE60_G_00819	NEE56_danakil__GCA_034190585.1	ANI95_00823
primary	ar53	NEE60_G_00820	NEE56_danakil__GCA_034190605.1	ANI95_00824
primary	ar53	NEE60_G_00821	NEE56_danakil__GCA_034190645.1	ANI95_00825
primary	ar53	NEE60_G_00822	NEE56_danakil__GCA_042215745.1	ANI95_00826
primary	ar53	NEE60_G_00823	NEE56_danakil__GCA_042215785.1	ANI95_00827
primary	ar53	NEE60_G_00824	NEE56_danakil__GCA_042215815.1	ANI95_00828
primary	ar53	NEE60_G_00826	NEE56_danakil__GCA_042215855.1	ANI95_00830
primary	ar53	NEE60_G_00827	NEE56_danakil__GCA_042216015.1	ANI95_00831
primary	ar53	NEE60_G_00828	NEE56_danakil__GCA_042216045.1	ANI95_00832
primary	ar53	NEE60_G_00829	NEE56_danakil__GCA_042216055.1	ANI95_00833
primary	ar53	NEE60_G_00830	NEE56_danakil__GCA_042216105.1	ANI95_00834
primary	ar53	NEE60_G_00831	NEE56_danakil__GCA_042216135.1	ANI95_00835
primary	ar53	NEE60_G_00832	NEE56_danakil__GCA_042216165.1	ANI95_00836
primary	ar53	NEE60_G_00833	NEE56_danakil__GCA_042216245.1	ANI95_00837
primary	ar53	NEE60_G_00834	NEE56_danakil__GCA_042216285.1	ANI95_00838
primary	ar53	NEE60_G_00835	NEE56_danakil__GCA_042216335.1	ANI95_00839
primary	ar53	NEE60_G_00836	NEE56_danakil__GCA_042216345.1	ANI95_00840
primary	ar53	NEE60_G_00837	NEE56_danakil__GCA_042216425.1	ANI95_00841
primary	ar53	NEE60_G_00838	NEE56_danakil__GCA_042216495.1	ANI95_00842
primary	ar53	NEE60_G_00839	NEE56_danakil__GCA_042216515.1	ANI95_00843
primary	ar53	NEE60_G_00840	NEE56_danakil__GCA_042216525.1	ANI95_00844
primary	ar53	NEE60_G_00841	NEE56_danakil__GCA_042216635.1	ANI95_00845
primary	ar53	NEE60_G_00842	NEE56_danakil__GCA_042216675.1	ANI95_00846
primary	ar53	NEE60_G_00843	NEE56_danakil__GCA_042216705.1	ANI95_00847
primary	ar53	NEE60_G_00844	NEE56_danakil__GCA_042216715.1	ANI95_00848
primary	ar53	NEE60_G_00845	NEE56_danakil__GCA_042216725.1	ANI95_00849
primary	ar53	NEE60_G_00846	NEE56_danakil__GCA_042216835.1	ANI95_00850
primary	ar53	NEE60_G_00847	NEE56_danakil__GCA_042216905.1	ANI95_00851
primary	ar53	NEE60_G_00848	NEE56_danakil__GCA_042216915.1	ANI95_00852
primary	ar53	NEE60_G_00849	NEE56_danakil__GCA_042216925.1	ANI95_00853
primary	ar53	NEE60_G_00850	NEE56_danakil__GCA_042216995.1	ANI95_00854
primary	ar53	NEE60_G_00851	NEE56_danakil__GCA_042217005.1	ANI95_00855
primary	ar53	NEE60_G_00852	NEE56_danakil__GCA_042217145.1	ANI95_00856
primary	ar53	NEE60_G_00853	NEE56_danakil__GCA_042217165.1	ANI95_00857
primary	ar53	NEE60_G_00854	NEE56_danakil__GCA_042217185.1	ANI95_00858
primary	ar53	NEE60_G_00855	NEE56_danakil__GCA_042217215.1	ANI95_00859
primary	ar53	NEE60_G_00856	NEE56_danakil__GCA_042217235.1	ANI95_00860
primary	ar53	NEE60_G_00857	NEE56_danakil__GCA_042217265.1	ANI95_00861
primary	ar53	NEE60_G_00858	NEE56_danakil__GCA_042217275.1	ANI95_00862
primary	ar53	NEE60_G_00859	NEE56_danakil__GCA_042217345.1	ANI95_00863
primary	ar53	NEE60_G_00860	NEE56_danakil__GCA_042217365.1	ANI95_00864
primary	ar53	NEE60_G_00861	NEE56_danakil__GCA_042217375.1	ANI95_00865
primary	ar53	NEE60_G_00862	NEE56_danakil__GCA_042217385.1	ANI95_00866
primary	ar53	NEE60_G_00863	NEE56_danakil__GCA_042217395.1	ANI95_00867
primary	ar53	NEE60_G_00864	NEE56_danakil__GCA_042217455.1	ANI95_00868
primary	ar53	NEE60_G_00865	NEE56_danakil__GCA_042217505.1	ANI95_00869
primary	ar53	NEE60_G_00866	NEE56_danakil__GCA_042217545.1	ANI95_00870
primary	ar53	NEE60_G_00867	NEE56_danakil__GCA_042217555.1	ANI95_00871
primary	ar53	NEE60_G_00868	NEE56_danakil__GCA_042217575.1	ANI95_00872
primary	ar53	NEE60_G_00869	NEE56_danakil__GCA_042217585.1	ANI95_00873
primary	ar53	NEE60_G_00870	NEE56_danakil__GCA_042217615.1	ANI95_00874
primary	ar53	NEE60_G_00871	NEE56_danakil__GCA_042217665.1	ANI95_00876
primary	ar53	NEE60_G_00872	NEE56_danakil__GCA_042217675.1	ANI95_00877
primary	ar53	NEE60_G_00873	NEE56_danakil__GCA_042217685.1	ANI95_00878
primary	ar53	NEE60_G_00874	NEE56_danakil__GCA_042217695.1	ANI95_00879
primary	ar53	NEE60_G_00875	NEE56_danakil__GCA_042217745.1	ANI95_00880
primary	ar53	NEE60_G_00876	NEE56_danakil__GCA_042217755.1	ANI95_00881
primary	ar53	NEE60_G_00877	NEE56_danakil__GCA_042217765.1	ANI95_00882
primary	ar53	NEE60_G_00878	NEE56_danakil__GCA_042217785.1	ANI95_00883
primary	ar53	NEE60_G_00879	NEE56_danakil__GCA_042217865.1	ANI95_00884
primary	ar53	NEE60_G_00880	NEE56_danakil__GCA_042217875.1	ANI95_00885
primary	ar53	NEE60_G_00881	NEE56_danakil__GCA_042217945.1	ANI95_00886
primary	ar53	NEE60_G_00884	NEE56_danakil__GCA_042218075.1	ANI95_00889
primary	ar53	NEE60_G_00886	NEE56_danakil__GCA_042218125.1	ANI95_00891
primary	ar53	NEE60_G_00887	NEE56_danakil__GCA_042218225.1	ANI95_00892
primary	ar53	NEE60_G_00888	NEE56_danakil__GCA_042218235.1	ANI95_00893
primary	ar53	NEE60_G_00889	NEE56_danakil__GCA_042218325.1	ANI95_00875
primary	ar53	NEE60_G_00891	NEE56_danakil__GCA_042218365.1	ANI95_00895
primary	ar53	NEE60_G_00892	NEE56_danakil__GCA_042218425.1	ANI95_00896
primary	ar53	NEE60_G_00893	NEE56_danakil__GCA_042218485.1	ANI95_00897
primary	ar53	NEE60_G_00894	NEE56_danakil__GCA_042218495.1	ANI95_00898
primary	ar53	NEE60_G_00895	NEE56_danakil__GCA_042218535.1	ANI95_00899
primary	ar53	NEE60_G_00902	NEE56_danakil__GCA_042219105.1	ANI95_00906
primary	ar53	NEE60_G_00903	NEE56_danakil__GCA_042219135.1	ANI95_00907
primary	ar53	NEE60_G_00904	NEE56_danakil__GCA_042219255.1	ANI95_00908
primary	ar53	NEE60_G_00905	NEE56_danakil__GCA_042219275.1	ANI95_00909
primary	ar53	NEE60_G_00906	NEE56_danakil__GCA_042219325.1	ANI95_00910
primary	ar53	NEE60_G_00907	NEE56_danakil__GCA_042219375.1	ANI95_00911
primary	ar53	NEE60_G_00909	NEE56_danakil__GCA_042219425.1	ANI95_00913
primary	ar53	NEE60_G_00910	NEE56_danakil__GCA_042219465.1	ANI95_00914
primary	ar53	NEE60_G_00911	NEE56_danakil__GCA_042219475.1	ANI95_00915
primary	ar53	NEE60_G_00912	NEE56_danakil__GCA_042219485.1	ANI95_00916
primary	ar53	NEE60_G_00913	NEE56_danakil__GCA_042219495.1	ANI95_00917
primary	ar53	NEE60_G_00915	NEE56_danakil__GCA_042219595.1	ANI95_00919
primary	ar53	NEE60_G_00916	NEE56_danakil__GCA_042219635.1	ANI95_00920
primary	ar53	NEE60_G_00917	NEE56_danakil__GCA_042219685.1	ANI95_00921
primary	ar53	NEE60_G_00919	NEE56_danakil__GCA_042219705.1	ANI95_00923
primary	ar53	NEE60_G_00922	NEE56_danakil__GCF_042216475.1	ANI95_00926
primary	ar53	NEE60_G_00923	NEE56_danakil__GCF_042218505.1	ANI95_00927
primary	ar53	NEE60_G_00929	NEE56_mackay__GCA_013694585.1	ANI95_00934
primary	ar53	NEE60_G_01099	NEE56_mackay__GCA_013811745.1	ANI95_01124
primary	ar53	NEE60_G_01206	NEE56_mackay__GCA_013815875.1	ANI95_01243
primary	ar53	NEE60_G_01285	NEE56_mackay__GCA_013821245.1	ANI95_01324
primary	ar53	NEE60_G_01333	alaska_permafrost_reference_32_merged	ANI95_01376
primary	ar53	NEE60_G_01372	alaska_permafrost_reference_GCA_003141855.1_20120800_E1X_genomic	ANI95_01420
primary	ar53	NEE60_G_01380	alaska_permafrost_reference_GCA_003151535.1_20120700_P3D_genomic	ANI95_01429
primary	ar53	NEE60_G_01466	alaska_permafrost_reference_SRR10489820bin.6	ANI95_01517
primary	ar53	NEE60_G_01492	alaska_permafrost_reference_SRR10489830bin.9	ANI95_01542
primary	ar53	NEE60_G_01500	alaska_permafrost_reference_SRR10489833bin.7	ANI95_01550
primary	ar53	NEE60_G_01559	alaska_permafrost_reference_SRR12756228bin.1	ANI95_01609
primary	ar53	NEE60_G_01566	alaska_permafrost_reference_SRR1586251rbin.4	ANI95_01616
primary	ar53	NEE60_G_01653	alaska_permafrost_reference_SRR3985190rbin.18	ANI95_01699
primary	ar53	NEE60_G_01654	alaska_permafrost_reference_SRR3985190rbin.8	ANI95_01700
primary	ar53	NEE60_G_01705	alaska_permafrost_reference_SRR3989239rbin.29	ANI95_01748
primary	ar53	NEE60_G_01706	alaska_permafrost_reference_SRR3989239rbin.31	ANI95_01749
primary	ar53	NEE60_G_01845	atacama_halite_rainfall_prjna484015_SG1_Actinobacteria_71_7	ANI95_01888
primary	ar53	NEE60_G_01854	atacama_halite_rainfall_prjna484015_SG1_Halobacteria_57_7	ANI95_01897
primary	ar53	NEE60_G_01855	atacama_halite_rainfall_prjna484015_SG1_Halobacteria_63_6	ANI95_01898
primary	ar53	NEE60_G_01856	atacama_halite_rainfall_prjna484015_SG1_Halobacteria_64_42	ANI95_01899
primary	ar53	NEE60_G_01857	atacama_halite_rainfall_prjna484015_SG1_Halobacteria_64_6	ANI95_01900
primary	ar53	NEE60_G_01858	atacama_halite_rainfall_prjna484015_SG1_Halobacteria_65_9	ANI95_01903
primary	ar53	NEE60_G_01859	atacama_halite_rainfall_prjna484015_SG1_Halobacteria_66_13	ANI95_01904
primary	ar53	NEE60_G_01860	atacama_halite_rainfall_prjna484015_SG1_Halobacteria_66_14	ANI95_01905
primary	ar53	NEE60_G_01861	atacama_halite_rainfall_prjna484015_SG1_Halobacteria_66_15	ANI95_01906
primary	ar53	NEE60_G_01862	atacama_halite_rainfall_prjna484015_SG1_Halobacteria_67_11	ANI95_01907
primary	ar53	NEE60_G_01863	atacama_halite_rainfall_prjna484015_SG1_Halobacteria_68_12	ANI95_01908
primary	ar53	NEE60_G_01864	atacama_halite_rainfall_prjna484015_SG1_Halobacteria_68_16	ANI95_01909
primary	ar53	NEE60_G_01865	atacama_halite_rainfall_prjna484015_SG1_Halobacteria_68_18	ANI95_01910
primary	ar53	NEE60_G_01866	atacama_halite_rainfall_prjna484015_SG1_Halobacteria_69_28	ANI95_01912
primary	ar53	NEE60_G_01867	atacama_halite_rainfall_prjna484015_SG1_Halobacteria_70_13	ANI95_01913
primary	ar53	NEE60_G_01868	atacama_halite_rainfall_prjna484015_SG1_Halobacteria_70_17	ANI95_01914
primary	ar53	NEE60_G_01869	atacama_halite_rainfall_prjna484015_SG1_Halobacteria_70_19	ANI95_01915
primary	ar53	NEE60_G_01870	atacama_halite_rainfall_prjna484015_SG1_Halobacteria_73_11	ANI95_01916
primary	ar53	NEE60_G_01871	atacama_halite_rainfall_prjna484015_SG1_Halobacteriaceae_60_4	ANI95_01917
primary	ar53	NEE60_G_01872	atacama_halite_rainfall_prjna484015_SG1_Halobacteriaceae_61_5	ANI95_01918
primary	ar53	NEE60_G_01873	atacama_halite_rainfall_prjna484015_SG1_Halobacteriaceae_62_8	ANI95_01919
primary	ar53	NEE60_G_01874	atacama_halite_rainfall_prjna484015_SG1_Halobacteriaceae_64_14	ANI95_01920
primary	ar53	NEE60_G_01875	atacama_halite_rainfall_prjna484015_SG1_Halobacteriaceae_64_5	ANI95_01921
primary	ar53	NEE60_G_01876	atacama_halite_rainfall_prjna484015_SG1_Halobacteriaceae_64_8	ANI95_01922
primary	ar53	NEE60_G_01877	atacama_halite_rainfall_prjna484015_SG1_Halobacteriaceae_65_15	ANI95_01923
primary	ar53	NEE60_G_01878	atacama_halite_rainfall_prjna484015_SG1_Halobacteriaceae_65_25	ANI95_01924
primary	ar53	NEE60_G_01879	atacama_halite_rainfall_prjna484015_SG1_Halobacteriaceae_65_26	ANI95_01925
primary	ar53	NEE60_G_01880	atacama_halite_rainfall_prjna484015_SG1_Halobacteriaceae_65_7	ANI95_01926
primary	ar53	NEE60_G_01881	atacama_halite_rainfall_prjna484015_SG1_Halobacteriaceae_66_5	ANI95_01928
primary	ar53	NEE60_G_01882	atacama_halite_rainfall_prjna484015_SG1_Halobacteriaceae_66_56	ANI95_01929
primary	ar53	NEE60_G_01883	atacama_halite_rainfall_prjna484015_SG1_Halobacteriaceae_66_7	ANI95_01930
primary	ar53	NEE60_G_01884	atacama_halite_rainfall_prjna484015_SG1_Halobacteriaceae_67_10	ANI95_01931
primary	ar53	NEE60_G_01885	atacama_halite_rainfall_prjna484015_SG1_Halobacteriaceae_67_13	ANI95_01932
primary	ar53	NEE60_G_01886	atacama_halite_rainfall_prjna484015_SG1_Halobacteriaceae_67_5	ANI95_01934
primary	ar53	NEE60_G_01887	atacama_halite_rainfall_prjna484015_SG1_Halobacteriaceae_67_9	ANI95_01935
primary	ar53	NEE60_G_01888	atacama_halite_rainfall_prjna484015_SG1_Halobacteriaceae_68_10	ANI95_01936
primary	ar53	NEE60_G_01889	atacama_halite_rainfall_prjna484015_SG1_Halobacteriaceae_68_17	ANI95_01938
primary	ar53	NEE60_G_01890	atacama_halite_rainfall_prjna484015_SG1_Halobacteriaceae_68_19	ANI95_01939
primary	ar53	NEE60_G_01891	atacama_halite_rainfall_prjna484015_SG1_Halobacteriaceae_68_29	ANI95_01940
primary	ar53	NEE60_G_01892	atacama_halite_rainfall_prjna484015_SG1_Halobacteriaceae_68_34	ANI95_01941
primary	ar53	NEE60_G_01893	atacama_halite_rainfall_prjna484015_SG1_Halobacteriaceae_68_8	ANI95_01942
primary	ar53	NEE60_G_01894	atacama_halite_rainfall_prjna484015_SG1_Halobacteriaceae_69_119	ANI95_01943
primary	ar53	NEE60_G_01895	atacama_halite_rainfall_prjna484015_SG1_Halobacteriaceae_69_17	ANI95_01944
primary	ar53	NEE60_G_01896	atacama_halite_rainfall_prjna484015_SG1_Halobacteriaceae_69_8	ANI95_01946
primary	ar53	NEE60_G_01897	atacama_halite_rainfall_prjna484015_SG1_Halobacteriaceae_70_14	ANI95_01947
primary	ar53	NEE60_G_01898	atacama_halite_rainfall_prjna484015_SG1_Halobacteriaceae_70_5	ANI95_01949
primary	ar53	NEE60_G_01899	atacama_halite_rainfall_prjna484015_SG1_Halobacteriaceae_70_6	ANI95_01951
primary	ar53	NEE60_G_01900	atacama_halite_rainfall_prjna484015_SG1_Halobacteriaceae_70_7	ANI95_01952
primary	ar53	NEE60_G_01901	atacama_halite_rainfall_prjna484015_SG1_Halobacteriaceae_70_8	ANI95_01953
primary	ar53	NEE60_G_01902	atacama_halite_rainfall_prjna484015_SG1_Halobacteriaceae_71_21	ANI95_01954
primary	ar53	NEE60_G_01903	atacama_halite_rainfall_prjna484015_SG1_Halobacteriaceae_71_22	ANI95_01955
primary	ar53	NEE60_G_01904	atacama_halite_rainfall_prjna484015_SG1_Halobacteriaceae_71_5	ANI95_01956
primary	ar53	NEE60_G_01905	atacama_halite_rainfall_prjna484015_SG1_Haloferacaceae_64_39	ANI95_01958
primary	ar53	NEE60_G_01906	atacama_halite_rainfall_prjna484015_SG1_Haloferacaceae_69_12	ANI95_01960
primary	ar53	NEE60_G_01907	atacama_halite_rainfall_prjna484015_SG1_Haloferacaceae_71_12	ANI95_01961
primary	ar53	NEE60_G_01908	atacama_halite_rainfall_prjna484015_SG1_Haloferacaceae_72_5	ANI95_01962
primary	ar53	NEE60_G_01909	atacama_halite_rainfall_prjna484015_SG1_Halolamina_67_18	ANI95_01963
primary	ar53	NEE60_G_01910	atacama_halite_rainfall_prjna484015_SG1_Halorubrum_69_9	ANI95_01965
primary	ar53	NEE60_G_01911	atacama_halite_rainfall_prjna484015_SG1_Nanohaloarchaea_45_10	ANI95_01968
primary	ar53	NEE60_G_01912	atacama_halite_rainfall_prjna484015_SG1_Nanohaloarchaea_45_8	ANI95_01969
primary	ar53	NEE60_G_01913	atacama_halite_rainfall_prjna484015_SG1_Nanohaloarchaea_46_23	ANI95_01970
primary	ar53	NEE60_G_01914	atacama_halite_rainfall_prjna484015_SG1_Natrialbaceae_64_9	ANI95_01971
primary	ar53	NEE60_G_01921	atacama_salt_crust_prjna351262_GCA_003009755.1_ASM300975v1_genomic	ANI95_01887
primary	ar53	NEE60_G_01922	atacama_salt_crust_prjna351262_GCA_003009775.1_ASM300977v1_genomic	ANI95_01978
primary	ar53	NEE60_G_01923	atacama_salt_crust_prjna351262_GCA_003009795.1_ASM300979v1_genomic	ANI95_01979
primary	ar53	NEE60_G_01924	atacama_salt_crust_prjna351262_GCA_003009815.1_ASM300981v1_genomic	ANI95_01980
primary	ar53	NEE60_G_01925	atacama_salt_crust_prjna351262_GCA_003009825.1_ASM300982v1_genomic	ANI95_01981
primary	ar53	NEE60_G_01926	atacama_salt_crust_prjna351262_GCA_003020925.1_ASM302092v1_genomic	ANI95_01927
primary	ar53	NEE60_G_01927	atacama_salt_crust_prjna351262_GCA_003020945.1_ASM302094v1_genomic	ANI95_01982
primary	ar53	NEE60_G_01928	atacama_salt_crust_prjna351262_GCA_003020965.1_ASM302096v1_genomic	ANI95_01983
primary	ar53	NEE60_G_01929	atacama_salt_crust_prjna351262_GCA_003020985.1_ASM302098v1_genomic	ANI95_01948
primary	ar53	NEE60_G_01930	atacama_salt_crust_prjna351262_GCA_003021005.1_ASM302100v1_genomic	ANI95_01984
primary	ar53	NEE60_G_01931	atacama_salt_crust_prjna351262_GCA_003021015.1_ASM302101v1_genomic	ANI95_01985
primary	ar53	NEE60_G_01932	atacama_salt_crust_prjna351262_GCA_003021045.1_ASM302104v1_genomic	ANI95_01986
primary	ar53	NEE60_G_01933	atacama_salt_crust_prjna351262_GCA_003021085.1_ASM302108v1_genomic	ANI95_01987
primary	ar53	NEE60_G_01934	atacama_salt_crust_prjna351262_GCA_003021105.1_ASM302110v1_genomic	ANI95_01988
primary	ar53	NEE60_G_01935	atacama_salt_crust_prjna351262_GCA_003021175.1_ASM302117v1_genomic	ANI95_01989
primary	ar53	NEE60_G_01936	atacama_salt_crust_prjna351262_GCA_003021205.1_ASM302120v1_genomic	ANI95_01990
primary	ar53	NEE60_G_01937	atacama_salt_crust_prjna351262_GCA_003021235.1_ASM302123v1_genomic	ANI95_01901
primary	ar53	NEE60_G_01938	atacama_salt_crust_prjna351262_GCA_003021305.1_ASM302130v1_genomic	ANI95_01937
primary	ar53	NEE60_G_01939	atacama_salt_crust_prjna351262_GCA_003021335.1_ASM302133v1_genomic	ANI95_01992
primary	ar53	NEE60_G_01941	atacama_salt_crust_prjna351262_GCA_003021655.1_ASM302165v1_genomic	ANI95_01950
primary	ar53	NEE60_G_01942	atacama_salt_crust_prjna351262_GCA_003021685.1_ASM302168v1_genomic	ANI95_01993
primary	ar53	NEE60_G_01943	atacama_salt_crust_prjna351262_GCA_003021705.1_ASM302170v1_genomic	ANI95_01994
primary	ar53	NEE60_G_01944	atacama_salt_crust_prjna351262_GCA_003021725.1_ASM302172v1_genomic	ANI95_01902
primary	ar53	NEE60_G_01945	atacama_salt_crust_prjna351262_GCA_003021745.1_ASM302174v1_genomic	ANI95_01995
primary	ar53	NEE60_G_01946	atacama_salt_crust_prjna351262_GCA_003021755.1_ASM302175v1_genomic	ANI95_01996
primary	ar53	NEE60_G_01947	atacama_salt_crust_prjna351262_GCA_003021785.1_ASM302178v1_genomic	ANI95_01911
primary	ar53	NEE60_G_01949	atacama_salt_crust_prjna351262_GCA_003021975.1_ASM302197v1_genomic	ANI95_01957
primary	ar53	NEE60_G_01950	atacama_salt_crust_prjna351262_GCA_003022005.1_ASM302200v1_genomic	ANI95_01998
primary	ar53	NEE60_G_01951	atacama_salt_crust_prjna351262_GCA_003022025.1_ASM302202v1_genomic	ANI95_01999
primary	ar53	NEE60_G_01963	atacama_salt_crust_prjna351262_GCA_003022685.1_ASM302268v1_genomic	ANI95_01933
primary	ar53	NEE60_G_01964	atacama_salt_crust_prjna351262_GCA_003022725.1_ASM302272v1_genomic	ANI95_02011
primary	ar53	NEE60_G_01965	atacama_salt_crust_prjna351262_GCA_003022745.1_ASM302274v1_genomic	ANI95_02012
primary	ar53	NEE60_G_01966	atacama_salt_crust_prjna351262_GCA_003022785.1_ASM302278v1_genomic	ANI95_02013
primary	ar53	NEE60_G_01967	atacama_salt_crust_prjna351262_GCA_003022865.1_ASM302286v1_genomic	ANI95_02014
primary	ar53	NEE60_G_01968	atacama_salt_crust_prjna351262_GCA_003022925.1_ASM302292v1_genomic	ANI95_01959
primary	ar53	NEE60_G_01969	atacama_salt_crust_prjna351262_GCA_003022945.1_ASM302294v1_genomic	ANI95_02015
primary	ar53	NEE60_G_01973	atacama_salt_crust_prjna351262_GCA_003023165.1_ASM302316v1_genomic	ANI95_02000
primary	ar53	NEE60_G_01974	atacama_salt_crust_prjna351262_GCA_003023185.1_ASM302318v1_genomic	ANI95_02019
primary	ar53	NEE60_G_01975	atacama_salt_crust_prjna351262_GCA_003023195.1_ASM302319v1_genomic	ANI95_02020
primary	ar53	NEE60_G_01977	atacama_salt_crust_prjna351262_GCA_003023405.1_ASM302340v1_genomic	ANI95_01964
primary	ar53	NEE60_G_01978	atacama_salt_crust_prjna351262_GCA_003023535.1_ASM302353v1_genomic	ANI95_02022
primary	ar53	NEE60_G_01979	atacama_salt_crust_prjna351262_GCA_003023565.1_ASM302356v1_genomic	ANI95_01945
primary	ar53	NEE60_G_01980	atacama_salt_crust_prjna351262_GCA_003023785.1_ASM302378v1_genomic	ANI95_01991
primary	ar53	NEE60_G_01981	desert2025__GCA_030770685.1	ANI95_02023
primary	ar53	NEE60_G_01983	desert2025__GCA_030772995.1	ANI95_02025
primary	ar53	NEE60_G_01984	desert2025__GCA_030773015.1	ANI95_02026
primary	ar53	NEE60_G_01990	desert2025__GCA_030773175.1	ANI95_02032
primary	ar53	NEE60_G_02036	desert2025__GCA_030774295.1	ANI95_02074
primary	ar53	NEE60_G_02123	desert2025__GCA_030776685.1	ANI95_02162
primary	ar53	NEE60_G_02133	desert2025__GCA_030776915.1	ANI95_02173
primary	ar53	NEE60_G_02147	desert2025__GCA_030777285.1	ANI95_02188
primary	ar53	NEE60_G_02148	desert2025__GCA_030777305.1	ANI95_02189
primary	ar53	NEE60_G_02152	desert2025__GCA_030777405.1	ANI95_02193
primary	ar53	NEE60_G_02161	desert2025__GCA_030852595.1	ANI95_02203
primary	ar53	NEE60_G_02437	desert2025__GCA_030859505.1	ANI95_02444
primary	ar53	NEE60_G_02483	desert2025__GCA_030860585.1	ANI95_02490
primary	ar53	NEE60_G_02492	desert2025__GCA_030860785.1	ANI95_02499
primary	ar53	NEE60_G_02504	desert2025__GCA_030861075.1	ANI95_02511
primary	ar53	NEE60_G_02505	desert2025__GCA_030861105.1	ANI95_02512
primary	ar53	NEE60_G_02514	desert2025__GCA_030861335.1	ANI95_02521
primary	ar53	NEE60_G_02517	desert2025__GCA_030861405.1	ANI95_02524
primary	ar53	NEE60_G_02520	desert2025__GCA_030861465.1	ANI95_02527
primary	ar53	NEE60_G_02522	desert2025__GCA_030861505.1	ANI95_02529
primary	ar53	NEE60_G_02524	desert2025__GCA_030861545.1	ANI95_02531
primary	ar53	NEE60_G_02527	desert2025__GCA_030861605.1	ANI95_02534
primary	ar53	NEE60_G_02537	desert2025__GCA_030861865.1	ANI95_02544
primary	ar53	NEE60_G_02540	desert2025__GCA_030861915.1	ANI95_02547
primary	ar53	NEE60_G_02546	desert2025__GCA_030862035.1	ANI95_02553
primary	ar53	NEE60_G_02558	desert2025__GCA_030862305.1	ANI95_02565
primary	ar53	NEE60_G_02561	desert2025__GCA_030862385.1	ANI95_02567
primary	ar53	NEE60_G_02563	desert2025__GCA_030862435.1	ANI95_02570
primary	ar53	NEE60_G_02570	desert2025__GCA_030862565.1	ANI95_02577
primary	ar53	NEE60_G_02576	desert2025__GCA_030862745.1	ANI95_02583
primary	ar53	NEE60_G_02582	desert2025__GCA_030862885.1	ANI95_02589
primary	ar53	NEE60_G_02594	desert2025__GCA_030863115.1	ANI95_02601
primary	ar53	NEE60_G_02601	desert2025__GCA_030863265.1	ANI95_02608
primary	ar53	NEE60_G_02609	desert2025__GCA_030863445.1	ANI95_02616
primary	ar53	NEE60_G_02613	desert2025__GCA_030867445.1	ANI95_02620
primary	ar53	NEE60_G_02616	desert2025__GCA_030913755.1	ANI95_02624
primary	ar53	NEE60_G_02648	desert2025__GCA_030946485.1	ANI95_02654
primary	ar53	NEE60_G_02674	desert2025__GCA_030947105.1	ANI95_02680
primary	ar53	NEE60_G_02709	desert2025__GCA_030948335.1	ANI95_02715
primary	ar53	NEE60_G_02850	qaidam_basin_mmag_1773_CG2021bin4	ANI95_02862
primary	ar53	NEE60_G_02851	qaidam_basin_mmag_1773_CG2021bin7	ANI95_02864
primary	ar53	NEE60_G_02858	qaidam_basin_mmag_1773_CHGGbin14	ANI95_02870
primary	ar53	NEE60_G_02864	qaidam_basin_mmag_1773_CHGGbin23	ANI95_02877
primary	ar53	NEE60_G_02872	qaidam_basin_mmag_1773_CHGGbin32	ANI95_02885
primary	ar53	NEE60_G_02873	qaidam_basin_mmag_1773_CHGGbin33	ANI95_02886
primary	ar53	NEE60_G_02875	qaidam_basin_mmag_1773_CHGGbin4	ANI95_02889
primary	ar53	NEE60_G_02909	qaidam_basin_mmag_1773_CHGYbin12	ANI95_02923
primary	ar53	NEE60_G_02925	qaidam_basin_mmag_1773_CHGYbin30	ANI95_02940
primary	ar53	NEE60_G_02927	qaidam_basin_mmag_1773_CHGYbin33	ANI95_02943
primary	ar53	NEE60_G_02944	qaidam_basin_mmag_1773_CJ0912_0_5bin18	ANI95_02959
primary	ar53	NEE60_G_02956	qaidam_basin_mmag_1773_CJ0912_0_5bin35	ANI95_02971
primary	ar53	NEE60_G_02962	qaidam_basin_mmag_1773_CJ0912_10_15bin11	ANI95_02978
primary	ar53	NEE60_G_02972	qaidam_basin_mmag_1773_CJ0912_10_15bin4	ANI95_02993
primary	ar53	NEE60_G_02985	qaidam_basin_mmag_1773_CJ0912_15_20bin25	ANI95_03008
primary	ar53	NEE60_G_03003	qaidam_basin_mmag_1773_CJ0912_25_30bin10	ANI95_03027
primary	ar53	NEE60_G_03009	qaidam_basin_mmag_1773_CJ0912_25_30bin2	ANI95_03034
primary	ar53	NEE60_G_03023	qaidam_basin_mmag_1773_CJ0912_30_35bin15	ANI95_03049
primary	ar53	NEE60_G_03028	qaidam_basin_mmag_1773_CJ0912_30_35bin29	ANI95_03054
primary	ar53	NEE60_G_03050	qaidam_basin_mmag_1773_CJ0912_30_35bin55	ANI95_03075
primary	ar53	NEE60_G_03056	qaidam_basin_mmag_1773_CJ0912_35_40bin12	ANI95_03081
primary	ar53	NEE60_G_03059	qaidam_basin_mmag_1773_CJ0912_35_40bin2	ANI95_03084
primary	ar53	NEE60_G_03061	qaidam_basin_mmag_1773_CJ0912_35_40bin21	ANI95_03086
primary	ar53	NEE60_G_03072	qaidam_basin_mmag_1773_CJ0912_35_40bin38	ANI95_03096
primary	ar53	NEE60_G_03083	qaidam_basin_mmag_1773_CJ0912_40_45bin21	ANI95_03108
primary	ar53	NEE60_G_03084	qaidam_basin_mmag_1773_CJ0912_40_45bin22	ANI95_03109
primary	ar53	NEE60_G_03087	qaidam_basin_mmag_1773_CJ0912_40_45bin27	ANI95_03110
primary	ar53	NEE60_G_03092	qaidam_basin_mmag_1773_CJ0912_40_45bin31	ANI95_03115
primary	ar53	NEE60_G_03106	qaidam_basin_mmag_1773_CJ0912_40_45bin7	ANI95_03129
primary	ar53	NEE60_G_03111	qaidam_basin_mmag_1773_CJ0912_45_50bin2	ANI95_03134
primary	ar53	NEE60_G_03123	qaidam_basin_mmag_1773_CJ0912_5_10bin25	ANI95_03146
primary	ar53	NEE60_G_03129	qaidam_basin_mmag_1773_CJ0912_5_10bin35	ANI95_03152
primary	ar53	NEE60_G_03149	qaidam_basin_mmag_1773_CJS_1_0912bin18	ANI95_03172
primary	ar53	NEE60_G_03159	qaidam_basin_mmag_1773_CJS_1_0912bin28	ANI95_03182
primary	ar53	NEE60_G_03160	qaidam_basin_mmag_1773_CJS_1_0912bin29	ANI95_03183
primary	ar53	NEE60_G_03166	qaidam_basin_mmag_1773_CJS_1_0912bin35	ANI95_03189
primary	ar53	NEE60_G_03171	qaidam_basin_mmag_1773_CJS_1_0912bin41	ANI95_02986
primary	ar53	NEE60_G_03173	qaidam_basin_mmag_1773_CJS_1_0912bin43	ANI95_03195
primary	ar53	NEE60_G_03174	qaidam_basin_mmag_1773_CJS_1_0912bin44	ANI95_03196
primary	ar53	NEE60_G_03176	qaidam_basin_mmag_1773_CJS_1_0912bin46	ANI95_03198
primary	ar53	NEE60_G_03180	qaidam_basin_mmag_1773_CJS_1_0912bin6	ANI95_03202
primary	ar53	NEE60_G_03272	qaidam_basin_mmag_1773_DLTCJS25_30bin11	ANI95_03300
primary	ar53	NEE60_G_03273	qaidam_basin_mmag_1773_DLTCJS25_30bin12	ANI95_03301
primary	ar53	NEE60_G_03292	qaidam_basin_mmag_1773_DLTCJS25_30bin46	ANI95_03319
primary	ar53	NEE60_G_03297	qaidam_basin_mmag_1773_DLTCJS25_30bin51	ANI95_03324
primary	ar53	NEE60_G_03312	qaidam_basin_mmag_1773_DLTCJS25_30bin72	ANI95_03337
primary	ar53	NEE60_G_03348	qaidam_basin_mmag_1773_DLTFbin9	ANI95_03371
primary	ar53	NEE60_G_03357	qaidam_basin_mmag_1773_DLTSQ0_15bin20	ANI95_03380
primary	ar53	NEE60_G_03387	qaidam_basin_mmag_1773_DLTSQ0_15bin63	ANI95_03411
primary	ar53	NEE60_G_03389	qaidam_basin_mmag_1773_DLTSQ0_15bin65	ANI95_03413
primary	ar53	NEE60_G_03413	qaidam_basin_mmag_1773_DLTSQ20_25bin12	ANI95_03441
primary	ar53	NEE60_G_03414	qaidam_basin_mmag_1773_DLTSQ20_25bin13	ANI95_03442
primary	ar53	NEE60_G_03419	qaidam_basin_mmag_1773_DLTSQ20_25bin19	ANI95_03447
primary	ar53	NEE60_G_03422	qaidam_basin_mmag_1773_DLTSQ20_25bin24	ANI95_03450
primary	ar53	NEE60_G_03427	qaidam_basin_mmag_1773_DLTSQ20_25bin34	ANI95_03456
primary	ar53	NEE60_G_03432	qaidam_basin_mmag_1773_DLTSQ20_25bin54	ANI95_03461
primary	ar53	NEE60_G_03444	qaidam_basin_mmag_1773_DLTYbin14	ANI95_02887
primary	ar53	NEE60_G_03460	qaidam_basin_mmag_1773_DLTYbin7	ANI95_03488
primary	ar53	NEE60_G_03461	qaidam_basin_mmag_1773_DLTYbin8	ANI95_03489
primary	ar53	NEE60_G_03475	qaidam_basin_mmag_1773_FCHGbin25	ANI95_03502
primary	ar53	NEE60_G_03477	qaidam_basin_mmag_1773_FCHGbin27	ANI95_03504
primary	ar53	NEE60_G_03688	qaidam_basin_mmag_1773_L_0707_40_50bin35	ANI95_03609
primary	ar53	NEE60_G_03749	qaidam_basin_mmag_1773_L_0712_20_25bin33	ANI95_03768
primary	ar53	NEE60_G_03755	qaidam_basin_mmag_1773_L_0712_20_25bin41	ANI95_03774
primary	ar53	NEE60_G_03759	qaidam_basin_mmag_1773_L_0712_20_25bin47	ANI95_03778
primary	ar53	NEE60_G_03771	qaidam_basin_mmag_1773_L_0712_20_25bin6	ANI95_03789
primary	ar53	NEE60_G_03869	qaidam_basin_mmag_1773_NSL1015bin30	ANI95_03885
primary	ar53	NEE60_G_03876	qaidam_basin_mmag_1773_NSL1015bin4	ANI95_02999
primary	ar53	NEE60_G_03892	qaidam_basin_mmag_1773_NSL20_25bin21	ANI95_03907
primary	ar53	NEE60_G_03897	qaidam_basin_mmag_1773_NSL20_25bin9	ANI95_03900
primary	ar53	NEE60_G_03906	qaidam_basin_mmag_1773_NSL25_30bin24	ANI95_02859
primary	ar53	NEE60_G_03910	qaidam_basin_mmag_1773_NSL25_30bin3	ANI95_03920
primary	ar53	NEE60_G_03911	qaidam_basin_mmag_1773_NSL25_30bin30	ANI95_03921
primary	ar53	NEE60_G_03920	qaidam_basin_mmag_1773_NSL30_35bin19	ANI95_03928
primary	ar53	NEE60_G_03942	qaidam_basin_mmag_1773_NSL35_40bin19	ANI95_03947
primary	ar53	NEE60_G_03951	qaidam_basin_mmag_1773_NSLT11bin1	ANI95_03955
primary	ar53	NEE60_G_03954	qaidam_basin_mmag_1773_NSLT11bin18	ANI95_03957
primary	ar53	NEE60_G_03961	qaidam_basin_mmag_1773_NSLT11bin8	ANI95_03964
primary	ar53	NEE60_G_03964	qaidam_basin_mmag_1773_NSLT12bin11	ANI95_03966
primary	ar53	NEE60_G_03968	qaidam_basin_mmag_1773_NSLT12bin5	ANI95_03968
primary	ar53	NEE60_G_03971	qaidam_basin_mmag_1773_NSLT12bin8	ANI95_03971
primary	ar53	NEE60_G_04027	qaidam_basin_mmag_1773_NSLT22bin56	ANI95_04026
primary	ar53	NEE60_G_04146	stordalen_mire_2019_hybrid_mags_cmr2.MA.201907_E_1_20to24_31.fna	ANI95_04167
primary	ar53	NEE60_G_04152	stordalen_mire_2019_hybrid_mags_cmr2.MA.201907_E_1_20to24_39.fna	ANI95_04175
primary	ar53	NEE60_G_04373	stordalen_mire_2019_hybrid_mags_cmr6.MA.201907_E_1_20to24_18.fna	ANI95_04432
primary	ar53	NEE60_G_04376	stordalen_mire_2019_hybrid_mags_cmr6.MA.201907_E_1_20to24_24.fna	ANI95_04191
primary	ar53	NEE60_G_04402	stordalen_mire_2019_hybrid_mags_cmr6.MA.201907_E_1_20to24_59.fna	ANI95_04159
primary	ar53	NEE60_G_04406	stordalen_mire_2019_hybrid_mags_cmr6.MA.201907_E_1_20to24_66.fna	ANI95_04158
primary	ar53	NEE60_G_04471	stordalen_mire_2019_hybrid_mags_cmr6.MA.201907_S_1_20to24_39.fna	ANI95_04330
primary	ar53	NEE60_G_04477	stordalen_mire_2019_hybrid_mags_cmr6.MA.201907_S_1_20to24_8.fna	ANI95_04415
strict	bac120	NEE60_G_00002	GCA_016781135.1	ANI95_00002
strict	bac120	NEE60_G_00004	GCA_016781385.1	ANI95_00004
strict	bac120	NEE60_G_00010	GCA_016781725.1	ANI95_00006
strict	bac120	NEE60_G_00013	GCA_016781805.1	ANI95_00005
strict	bac120	NEE60_G_00016	GCA_016782045.1	ANI95_00008
strict	bac120	NEE60_G_00017	GCA_016782075.1	ANI95_00009
strict	bac120	NEE60_G_00018	GCA_016782125.1	ANI95_00010
strict	bac120	NEE60_G_00020	GCA_016782175.1	ANI95_00007
strict	bac120	NEE60_G_00028	GCA_046260275.1	ANI95_00013
strict	bac120	NEE60_G_00030	GCA_046260335.1	ANI95_00014
strict	bac120	NEE60_G_00035	GCA_046260445.1	ANI95_00015
strict	bac120	NEE60_G_00041	GCA_046260585.1	ANI95_00016
strict	bac120	NEE60_G_00048	GCA_046260765.1	ANI95_00017
strict	bac120	NEE60_G_00050	GCA_046260785.1	ANI95_00018
strict	bac120	NEE60_G_00062	GCA_046261835.1	ANI95_00019
strict	bac120	NEE60_G_00063	GCA_046261855.1	ANI95_00020
strict	bac120	NEE60_G_00064	GCA_046261875.1	ANI95_00021
strict	bac120	NEE60_G_00069	GCA_046261975.1	ANI95_00022
strict	bac120	NEE60_G_00071	GCA_046262015.1	ANI95_00023
strict	bac120	NEE60_G_00073	GCA_046262045.1	ANI95_00024
strict	bac120	NEE60_G_00074	GCA_046262075.1	ANI95_00025
strict	bac120	NEE60_G_00075	GCA_046262115.1	ANI95_00027
strict	bac120	NEE60_G_00082	GCA_046262255.1	ANI95_00028
strict	bac120	NEE60_G_00084	GCA_046262295.1	ANI95_00029
strict	bac120	NEE60_G_00085	GCA_046262315.1	ANI95_00030
strict	bac120	NEE60_G_00087	GCA_046262355.1	ANI95_00031
strict	bac120	NEE60_G_00088	GCA_046262375.1	ANI95_00032
strict	bac120	NEE60_G_00089	GCA_046262395.1	ANI95_00033
strict	bac120	NEE60_G_00090	GCA_046262415.1	ANI95_00034
strict	bac120	NEE60_G_00096	GCA_046262535.1	ANI95_00035
strict	bac120	NEE60_G_00099	GCA_046262595.1	ANI95_00036
strict	bac120	NEE60_G_00103	GCA_046262675.1	ANI95_00037
strict	bac120	NEE60_G_00104	GCA_046262695.1	ANI95_00038
strict	bac120	NEE60_G_00106	GCA_046262735.1	ANI95_00039
strict	bac120	NEE60_G_00107	GCA_046262755.1	ANI95_00040
strict	bac120	NEE60_G_00108	GCA_046262775.1	ANI95_00041
strict	bac120	NEE60_G_00111	GCA_046262835.1	ANI95_00042
strict	bac120	NEE60_G_00113	GCA_046262875.1	ANI95_00043
strict	bac120	NEE60_G_00114	GCA_046262895.1	ANI95_00044
strict	bac120	NEE60_G_00115	GCA_046262915.1	ANI95_00045
strict	bac120	NEE60_G_00116	GCA_046262935.1	ANI95_00046
strict	bac120	NEE60_G_00118	GCA_046262975.1	ANI95_00047
strict	bac120	NEE60_G_00122	GCA_046263055.1	ANI95_00048
strict	bac120	NEE60_G_00124	GCA_046263085.1	ANI95_00049
strict	bac120	NEE60_G_00128	GCA_046263195.1	ANI95_00050
strict	bac120	NEE60_G_00129	GCA_046263215.1	ANI95_00051
strict	bac120	NEE60_G_00131	GCA_046263255.1	ANI95_00052
strict	bac120	NEE60_G_00135	GCA_050692375.1_genomic	ANI95_00053
strict	bac120	NEE60_G_00152	GCA_050695655.1_genomic	ANI95_00054
strict	bac120	NEE60_G_00159	GCA_050696275.1_genomic	ANI95_00055
strict	bac120	NEE60_G_00178	GCA_050696815.1_genomic	ANI95_00056
strict	bac120	NEE60_G_00180	GCA_050696855.1_genomic	ANI95_00057
strict	bac120	NEE60_G_00182	GCA_050697015.1_genomic	ANI95_00058
strict	bac120	NEE60_G_00184	GCA_050697075.1_genomic	ANI95_00059
strict	bac120	NEE60_G_00191	GCA_050697455.1_genomic	ANI95_00060
strict	bac120	NEE60_G_00213	GCA_050698895.1_genomic	ANI95_00061
strict	bac120	NEE60_G_00217	GCA_050699055.1_genomic	ANI95_00062
strict	bac120	NEE60_G_00219	GCA_050699415.1_genomic	ANI95_00063
strict	bac120	NEE60_G_00222	GCA_050699515.1_genomic	ANI95_00064
strict	bac120	NEE60_G_00224	GCA_050699575.1_genomic	ANI95_00065
strict	bac120	NEE60_G_00226	GCA_050699635.1_genomic	ANI95_00066
strict	bac120	NEE60_G_00231	GCA_050699815.1_genomic	ANI95_00067
strict	bac120	NEE60_G_00233	GCA_050699955.1_genomic	ANI95_00068
strict	bac120	NEE60_G_00236	GCA_050700535.1_genomic	ANI95_00069
strict	bac120	NEE60_G_00237	GCA_050700555.1_genomic	ANI95_00070
strict	bac120	NEE60_G_00239	GCA_050700595.1_genomic	ANI95_00071
strict	bac120	NEE60_G_00245	GCA_050700835.1_genomic	ANI95_00072
strict	bac120	NEE60_G_00253	GCA_050701335.1_genomic	ANI95_00073
strict	bac120	NEE60_G_00260	GCA_050701675.1_genomic	ANI95_00074
strict	bac120	NEE60_G_00262	GCA_050701835.1_genomic	ANI95_00075
strict	bac120	NEE60_G_00263	GCA_050701895.1_genomic	ANI95_00076
strict	bac120	NEE60_G_00265	GCA_050725395.1_genomic	ANI95_00077
strict	bac120	NEE60_G_00268	GCA_050725575.1_genomic	ANI95_00078
strict	bac120	NEE60_G_00269	GCA_050725615.1_genomic	ANI95_00079
strict	bac120	NEE60_G_00270	GCA_050725655.1_genomic	ANI95_00080
strict	bac120	NEE60_G_00274	GCA_050725855.1_genomic	ANI95_00081
strict	bac120	NEE60_G_00282	GCA_050726115.1_genomic	ANI95_00082
strict	bac120	NEE60_G_00286	GCA_050728395.1_genomic	ANI95_00083
strict	bac120	NEE60_G_00289	GCA_050728495.1_genomic	ANI95_00084
strict	bac120	NEE60_G_00294	GCA_050728655.1_genomic	ANI95_00085
strict	bac120	NEE60_G_00296	GCA_050728695.1_genomic	ANI95_00086
strict	bac120	NEE60_G_00299	GCA_050728755.1_genomic	ANI95_00087
strict	bac120	NEE60_G_00302	GCA_050728855.1_genomic	ANI95_00088
strict	bac120	NEE60_G_00305	GCA_050728995.1_genomic	ANI95_00089
strict	bac120	NEE60_G_00307	GCA_050729195.1_genomic	ANI95_00090
strict	bac120	NEE60_G_00311	GCA_050729395.1_genomic	ANI95_00091
strict	bac120	NEE60_G_00312	GCA_050729475.1_genomic	ANI95_00092
strict	bac120	NEE60_G_00314	GCA_050729515.1_genomic	ANI95_00093
strict	bac120	NEE60_G_00315	GCA_050729555.1_genomic	ANI95_00094
strict	bac120	NEE60_G_00317	GCA_050729595.1_genomic	ANI95_00095
strict	bac120	NEE60_G_00322	GCA_050729795.1_genomic	ANI95_00097
strict	bac120	NEE60_G_00323	GCA_050729815.1_genomic	ANI95_00098
strict	bac120	NEE60_G_00324	GCA_050729835.1_genomic	ANI95_00099
strict	bac120	NEE60_G_00329	GCA_050730055.1_genomic	ANI95_00096
strict	bac120	NEE60_G_00348	GCA_050730655.1_genomic	ANI95_00100
strict	bac120	NEE60_G_00349	GCA_050730675.1_genomic	ANI95_00101
strict	bac120	NEE60_G_00352	GCA_050730755.1_genomic	ANI95_00102
strict	bac120	NEE60_G_00356	GCA_050730835.1_genomic	ANI95_00103
strict	bac120	NEE60_G_00372	GCA_050731495.1_genomic	ANI95_00104
strict	bac120	NEE60_G_00375	GCA_050731995.1_genomic	ANI95_00105
strict	bac120	NEE60_G_00381	GCA_050732315.1_genomic	ANI95_00106
strict	bac120	NEE60_G_00396	GCA_050733535.1_genomic	ANI95_00107
strict	bac120	NEE60_G_00397	GCA_050733555.1_genomic	ANI95_00108
strict	bac120	NEE60_G_00401	GCA_050733755.1_genomic	ANI95_00109
strict	bac120	NEE60_G_00402	GCA_050733775.1_genomic	ANI95_00110
strict	bac120	NEE60_G_00403	GCA_050733835.1_genomic	ANI95_00111
strict	bac120	NEE60_G_00408	GCA_050734135.1_genomic	ANI95_00112
strict	bac120	NEE60_G_00409	GCA_050734155.1_genomic	ANI95_00113
strict	bac120	NEE60_G_00410	GCA_050734185.1_genomic	ANI95_00114
strict	bac120	NEE60_G_00412	GCA_050734395.1_genomic	ANI95_00115
strict	bac120	NEE60_G_00413	GCA_050734425.1_genomic	ANI95_00116
strict	bac120	NEE60_G_00414	GCA_050734495.1_genomic	ANI95_00117
strict	bac120	NEE60_G_00422	GCA_050734915.1_genomic	ANI95_00118
strict	bac120	NEE60_G_00423	GCA_050735015.1_genomic	ANI95_00119
strict	bac120	NEE60_G_00424	GCA_050735055.1_genomic	ANI95_00120
strict	bac120	NEE60_G_00429	GCA_050735355.1_genomic	ANI95_00121
strict	bac120	NEE60_G_00434	GCA_050735855.1_genomic	ANI95_00122
strict	bac120	NEE60_G_00439	GCA_050736455.1_genomic	ANI95_00123
strict	bac120	NEE60_G_00440	GCA_050736495.1_genomic	ANI95_00124
strict	bac120	NEE60_G_00443	GCA_050736615.1_genomic	ANI95_00125
strict	bac120	NEE60_G_00445	GCA_050736695.1_genomic	ANI95_00126
strict	bac120	NEE60_G_00446	GCA_050736715.1_genomic	ANI95_00127
strict	bac120	NEE60_G_00448	GCA_050736975.1_genomic	ANI95_00128
strict	bac120	NEE60_G_00449	GCA_050737075.1_genomic	ANI95_00129
strict	bac120	NEE60_G_00455	GCA_050737435.1_genomic	ANI95_00130
strict	bac120	NEE60_G_00457	GCA_050737475.1_genomic	ANI95_00131
strict	bac120	NEE60_G_00460	GCA_050737555.1_genomic	ANI95_00132
strict	bac120	NEE60_G_00462	GCA_050737675.1_genomic	ANI95_00133
strict	bac120	NEE60_G_00464	GCA_050737735.1_genomic	ANI95_00134
strict	bac120	NEE60_G_00465	GCA_050737775.1_genomic	ANI95_00135
strict	bac120	NEE60_G_00468	GCA_050737875.1_genomic	ANI95_00136
strict	bac120	NEE60_G_00470	GCA_050737915.1_genomic	ANI95_00137
strict	bac120	NEE60_G_00473	GCA_050737995.1_genomic	ANI95_00138
strict	bac120	NEE60_G_00483	GCA_050738295.1_genomic	ANI95_00139
strict	bac120	NEE60_G_00487	GCA_050738595.1_genomic	ANI95_00140
strict	bac120	NEE60_G_00495	GCA_050738795.1_genomic	ANI95_00141
strict	bac120	NEE60_G_00496	GCA_050738855.1_genomic	ANI95_00142
strict	bac120	NEE60_G_00499	GCA_050738935.1_genomic	ANI95_00143
strict	bac120	NEE60_G_00501	GCA_050739055.1_genomic	ANI95_00144
strict	bac120	NEE60_G_00503	GCA_050739095.1_genomic	ANI95_00145
strict	bac120	NEE60_G_00504	GCA_050739115.1_genomic	ANI95_00146
strict	bac120	NEE60_G_00506	GCA_050739175.1_genomic	ANI95_00147
strict	bac120	NEE60_G_00509	GCA_050739235.1_genomic	ANI95_00148
strict	bac120	NEE60_G_00513	GCA_050739335.1_genomic	ANI95_00149
strict	bac120	NEE60_G_00515	GCA_050739415.1_genomic	ANI95_00150
strict	bac120	NEE60_G_00521	GCA_050739575.1_genomic	ANI95_00151
strict	bac120	NEE60_G_00528	GCA_050739955.1_genomic	ANI95_00153
strict	bac120	NEE60_G_00534	GCA_050740255.1_genomic	ANI95_00154
strict	bac120	NEE60_G_00537	GCA_050740335.1_genomic	ANI95_00155
strict	bac120	NEE60_G_00541	GCA_050740915.1_genomic	ANI95_00156
strict	bac120	NEE60_G_00543	GCA_050741015.1_genomic	ANI95_00157
strict	bac120	NEE60_G_00547	GCA_050741255.1_genomic	ANI95_00158
strict	bac120	NEE60_G_00550	GCA_050741415.1_genomic	ANI95_00159
strict	bac120	NEE60_G_00556	GCA_050741675.1_genomic	ANI95_00160
strict	bac120	NEE60_G_00557	GCA_050741735.1_genomic	ANI95_00161
strict	bac120	NEE60_G_00566	GCA_050742455.1_genomic	ANI95_00162
strict	bac120	NEE60_G_00569	GCA_050742655.1_genomic	ANI95_00163
strict	bac120	NEE60_G_00573	GCA_050742975.1_genomic	ANI95_00164
strict	bac120	NEE60_G_00575	GCA_050743205.1_genomic	ANI95_00165
strict	bac120	NEE60_G_00583	GCA_050743605.1_genomic	ANI95_00166
strict	bac120	NEE60_G_00585	GCA_050743665.1_genomic	ANI95_00167
strict	bac120	NEE60_G_00588	GCA_050743805.1_genomic	ANI95_00168
strict	bac120	NEE60_G_00591	GCA_050743865.1_genomic	ANI95_00169
strict	bac120	NEE60_G_00603	GCA_050744165.1_genomic	ANI95_00170
strict	bac120	NEE60_G_00611	GCA_050744865.1_genomic	ANI95_00171
strict	bac120	NEE60_G_00615	GCA_050745065.1_genomic	ANI95_00172
strict	bac120	NEE60_G_00619	GCA_050745265.1_genomic	ANI95_00174
strict	bac120	NEE60_G_00624	GCA_050745365.1_genomic	ANI95_00175
strict	bac120	NEE60_G_00626	GCA_050745425.1_genomic	ANI95_00176
strict	bac120	NEE60_G_00630	GCA_050745525.1_genomic	ANI95_00177
strict	bac120	NEE60_G_00631	GCA_050745565.1_genomic	ANI95_00178
strict	bac120	NEE60_G_00632	GCA_050745605.1_genomic	ANI95_00179
strict	bac120	NEE60_G_00634	GCA_050745645.1_genomic	ANI95_00173
strict	bac120	NEE60_G_00638	GCA_050745765.1_genomic	ANI95_00180
strict	bac120	NEE60_G_00642	GCA_050745885.1_genomic	ANI95_00181
strict	bac120	NEE60_G_00646	GCA_050745985.1_genomic	ANI95_00182
strict	bac120	NEE60_G_00648	GCA_050746025.1_genomic	ANI95_00183
strict	bac120	NEE60_G_00654	GCA_050746185.1_genomic	ANI95_00184
strict	bac120	NEE60_G_00655	GCA_050746205.1_genomic	ANI95_00185
strict	bac120	NEE60_G_00661	GCA_050746365.1_genomic	ANI95_00186
strict	bac120	NEE60_G_00666	GCA_050746505.1_genomic	ANI95_00187
strict	bac120	NEE60_G_00673	GCA_050746725.1_genomic	ANI95_00188
strict	bac120	NEE60_G_00676	GCA_050746805.1_genomic	ANI95_00189
strict	bac120	NEE60_G_00677	GCA_050746865.1_genomic	ANI95_00190
strict	bac120	NEE60_G_00678	GCA_050746885.1_genomic	ANI95_00191
strict	bac120	NEE60_G_00680	GCA_050746925.1_genomic	ANI95_00192
strict	bac120	NEE60_G_00681	GCA_050746945.1_genomic	ANI95_00193
strict	bac120	NEE60_G_00683	GCA_050747005.1_genomic	ANI95_00194
strict	bac120	NEE60_G_00684	GCA_050747045.1_genomic	ANI95_00195
strict	bac120	NEE60_G_00685	GCA_050747085.1_genomic	ANI95_00196
strict	bac120	NEE60_G_00690	GCA_050747225.1_genomic	ANI95_00197
strict	bac120	NEE60_G_00691	GCA_050747245.1_genomic	ANI95_00198
strict	bac120	NEE60_G_00698	GCA_050747745.1_genomic	ANI95_00199
strict	bac120	NEE60_G_00701	GCA_050747885.1_genomic	ANI95_00200
strict	bac120	NEE60_G_00702	GCA_050747905.1_genomic	ANI95_00201
strict	bac120	NEE60_G_00709	GCA_050748205.1_genomic	ANI95_00202
strict	bac120	NEE60_G_00710	GCA_050748245.1_genomic	ANI95_00203
strict	bac120	NEE60_G_00741	MAG02	ANI95_00213
strict	bac120	NEE60_G_00742	MAG03	ANI95_00214
strict	bac120	NEE60_G_00745	MAG06	ANI95_00215
strict	bac120	NEE60_G_00746	MAG07	ANI95_00216
strict	bac120	NEE60_G_00747	MAG08	ANI95_00217
strict	bac120	NEE60_G_00749	MAG10	ANI95_00218
strict	bac120	NEE60_G_00755	MAG16	ANI95_00219
strict	bac120	NEE60_G_00758	MAG19	ANI95_00220
strict	bac120	NEE60_G_00759	MAG20	ANI95_00221
strict	bac120	NEE60_G_00763	MAG24	ANI95_00222
strict	bac120	NEE60_G_00767	MAG28	ANI95_00223
strict	bac120	NEE60_G_00768	MAG29	ANI95_00224
strict	bac120	NEE60_G_00777	MAG38	ANI95_00225
strict	bac120	NEE60_G_00779	MAG40	ANI95_00226
strict	bac120	NEE60_G_00781	MAG42	ANI95_00227
strict	bac120	NEE60_G_00782	MAG43	ANI95_00228
strict	bac120	NEE60_G_00783	MAG44	ANI95_00229
strict	bac120	NEE60_G_00784	MAG45	ANI95_00230
strict	bac120	NEE60_G_00785	MAG46	ANI95_00231
strict	bac120	NEE60_G_00786	MAG47	ANI95_00232
strict	bac120	NEE60_G_00787	MAG48	ANI95_00233
strict	bac120	NEE60_G_00790	MAG51	ANI95_00234
strict	bac120	NEE60_G_00795	MAG56	ANI95_00235
strict	bac120	NEE60_G_00800	MAG61	ANI95_00236
strict	bac120	NEE60_G_00802	MAG63	ANI95_00237
strict	bac120	NEE60_G_00803	MAG64	ANI95_00238
strict	bac120	NEE60_G_00804	MAG65	ANI95_00239
strict	bac120	NEE60_G_00806	MAG67	ANI95_00240
strict	bac120	NEE60_G_00808	MAG69	ANI95_00241
strict	bac120	NEE60_G_00809	MAG70	ANI95_00242
strict	bac120	NEE60_G_00811	MAG72	ANI95_00243
strict	bac120	NEE60_G_00882	NEE56_danakil__GCA_042218035.1	ANI95_00250
strict	bac120	NEE60_G_00883	NEE56_danakil__GCA_042218065.1	ANI95_00251
strict	bac120	NEE60_G_00896	NEE56_danakil__GCA_042218715.1	ANI95_00254
strict	bac120	NEE60_G_00897	NEE56_danakil__GCA_042218725.1	ANI95_00255
strict	bac120	NEE60_G_00899	NEE56_danakil__GCA_042219045.1	ANI95_00256
strict	bac120	NEE60_G_00931	NEE56_mackay__GCA_013694625.1	ANI95_00261
strict	bac120	NEE60_G_00932	NEE56_mackay__GCA_013694635.1	ANI95_00262
strict	bac120	NEE60_G_00935	NEE56_mackay__GCA_013694695.1	ANI95_00263
strict	bac120	NEE60_G_00943	NEE56_mackay__GCA_013694845.1	ANI95_00264
strict	bac120	NEE60_G_00949	NEE56_mackay__GCA_013694995.1	ANI95_00265
strict	bac120	NEE60_G_00956	NEE56_mackay__GCA_013695145.1	ANI95_00266
strict	bac120	NEE60_G_00957	NEE56_mackay__GCA_013695175.1	ANI95_00267
strict	bac120	NEE60_G_00961	NEE56_mackay__GCA_013695265.1	ANI95_00268
strict	bac120	NEE60_G_00964	NEE56_mackay__GCA_013695335.1	ANI95_00269
strict	bac120	NEE60_G_00965	NEE56_mackay__GCA_013695355.1	ANI95_00270
strict	bac120	NEE60_G_00966	NEE56_mackay__GCA_013695385.1	ANI95_00271
strict	bac120	NEE60_G_00968	NEE56_mackay__GCA_013695405.1	ANI95_00272
strict	bac120	NEE60_G_00969	NEE56_mackay__GCA_013695435.1	ANI95_00273
strict	bac120	NEE60_G_00970	NEE56_mackay__GCA_013695495.1	ANI95_00275
strict	bac120	NEE60_G_00978	NEE56_mackay__GCA_013695685.1	ANI95_00277
strict	bac120	NEE60_G_00980	NEE56_mackay__GCA_013695765.1	ANI95_00279
strict	bac120	NEE60_G_00983	NEE56_mackay__GCA_013695835.1	ANI95_00280
strict	bac120	NEE60_G_00987	NEE56_mackay__GCA_013695915.1	ANI95_00281
strict	bac120	NEE60_G_01004	NEE56_mackay__GCA_013696305.1	ANI95_00282
strict	bac120	NEE60_G_01005	NEE56_mackay__GCA_013696315.1	ANI95_00283
strict	bac120	NEE60_G_01007	NEE56_mackay__GCA_013696365.1	ANI95_00284
strict	bac120	NEE60_G_01011	NEE56_mackay__GCA_013696465.1	ANI95_00285
strict	bac120	NEE60_G_01016	NEE56_mackay__GCA_013696555.1	ANI95_00286
strict	bac120	NEE60_G_01027	NEE56_mackay__GCA_013696785.1	ANI95_00287
strict	bac120	NEE60_G_01034	NEE56_mackay__GCA_013696915.1	ANI95_00288
strict	bac120	NEE60_G_01036	NEE56_mackay__GCA_013696965.1	ANI95_00289
strict	bac120	NEE60_G_01038	NEE56_mackay__GCA_013697005.1	ANI95_00290
strict	bac120	NEE60_G_01040	NEE56_mackay__GCA_013697045.1	ANI95_00291
strict	bac120	NEE60_G_01041	NEE56_mackay__GCA_013697055.1	ANI95_00292
strict	bac120	NEE60_G_01043	NEE56_mackay__GCA_013697245.1	ANI95_00293
strict	bac120	NEE60_G_01045	NEE56_mackay__GCA_013697275.1	ANI95_00294
strict	bac120	NEE60_G_01046	NEE56_mackay__GCA_013697295.1	ANI95_00295
strict	bac120	NEE60_G_01058	NEE56_mackay__GCA_013697585.1	ANI95_00296
strict	bac120	NEE60_G_01060	NEE56_mackay__GCA_013697625.1	ANI95_00297
strict	bac120	NEE60_G_01061	NEE56_mackay__GCA_013697635.1	ANI95_00298
strict	bac120	NEE60_G_01062	NEE56_mackay__GCA_013697645.1	ANI95_00299
strict	bac120	NEE60_G_01063	NEE56_mackay__GCA_013697655.1	ANI95_00300
strict	bac120	NEE60_G_01064	NEE56_mackay__GCA_013697705.1	ANI95_00301
strict	bac120	NEE60_G_01065	NEE56_mackay__GCA_013697725.1	ANI95_00302
strict	bac120	NEE60_G_01066	NEE56_mackay__GCA_013697735.1	ANI95_00303
strict	bac120	NEE60_G_01068	NEE56_mackay__GCA_013697785.1	ANI95_00304
strict	bac120	NEE60_G_01073	NEE56_mackay__GCA_013697905.1	ANI95_00305
strict	bac120	NEE60_G_01074	NEE56_mackay__GCA_013697915.1	ANI95_00306
strict	bac120	NEE60_G_01075	NEE56_mackay__GCA_013697955.1	ANI95_00307
strict	bac120	NEE60_G_01079	NEE56_mackay__GCA_013698095.1	ANI95_00308
strict	bac120	NEE60_G_01082	NEE56_mackay__GCA_013698165.1	ANI95_00309
strict	bac120	NEE60_G_01083	NEE56_mackay__GCA_013698185.1	ANI95_00310
strict	bac120	NEE60_G_01116	NEE56_mackay__GCA_013812145.1	ANI95_00311
strict	bac120	NEE60_G_01121	NEE56_mackay__GCA_013812265.1	ANI95_00312
strict	bac120	NEE60_G_01127	NEE56_mackay__GCA_013812505.1	ANI95_00026
strict	bac120	NEE60_G_01128	NEE56_mackay__GCA_013812515.1	ANI95_00313
strict	bac120	NEE60_G_01130	NEE56_mackay__GCA_013812565.1	ANI95_00314
strict	bac120	NEE60_G_01133	NEE56_mackay__GCA_013812655.1	ANI95_00315
strict	bac120	NEE60_G_01135	NEE56_mackay__GCA_013812695.1	ANI95_00316
strict	bac120	NEE60_G_01138	NEE56_mackay__GCA_013812775.1	ANI95_00317
strict	bac120	NEE60_G_01142	NEE56_mackay__GCA_013812905.1	ANI95_00318
strict	bac120	NEE60_G_01150	NEE56_mackay__GCA_013813135.1	ANI95_00319
strict	bac120	NEE60_G_01152	NEE56_mackay__GCA_013813215.1	ANI95_00320
strict	bac120	NEE60_G_01155	NEE56_mackay__GCA_013813265.1	ANI95_00321
strict	bac120	NEE60_G_01162	NEE56_mackay__GCA_013813435.1	ANI95_00322
strict	bac120	NEE60_G_01173	NEE56_mackay__GCA_013813715.1	ANI95_00323
strict	bac120	NEE60_G_01186	NEE56_mackay__GCA_013815325.1	ANI95_00325
strict	bac120	NEE60_G_01187	NEE56_mackay__GCA_013815345.1	ANI95_00326
strict	bac120	NEE60_G_01188	NEE56_mackay__GCA_013815355.1	ANI95_00327
strict	bac120	NEE60_G_01189	NEE56_mackay__GCA_013815385.1	ANI95_00328
strict	bac120	NEE60_G_01190	NEE56_mackay__GCA_013815395.1	ANI95_00329
strict	bac120	NEE60_G_01192	NEE56_mackay__GCA_013815465.1	ANI95_00330
strict	bac120	NEE60_G_01199	NEE56_mackay__GCA_013815685.1	ANI95_00331
strict	bac120	NEE60_G_01203	NEE56_mackay__GCA_013815775.1	ANI95_00332
strict	bac120	NEE60_G_01204	NEE56_mackay__GCA_013815785.1	ANI95_00333
strict	bac120	NEE60_G_01205	NEE56_mackay__GCA_013815795.1	ANI95_00334
strict	bac120	NEE60_G_01214	NEE56_mackay__GCA_013816135.1	ANI95_00335
strict	bac120	NEE60_G_01217	NEE56_mackay__GCA_013816245.1	ANI95_00336
strict	bac120	NEE60_G_01219	NEE56_mackay__GCA_013816265.1	ANI95_00337
strict	bac120	NEE60_G_01224	NEE56_mackay__GCA_013816405.1	ANI95_00338
strict	bac120	NEE60_G_01226	NEE56_mackay__GCA_013816445.1	ANI95_00339
strict	bac120	NEE60_G_01228	NEE56_mackay__GCA_013816505.1	ANI95_00340
strict	bac120	NEE60_G_01231	NEE56_mackay__GCA_013816585.1	ANI95_00341
strict	bac120	NEE60_G_01233	NEE56_mackay__GCA_013816615.1	ANI95_00342
strict	bac120	NEE60_G_01240	NEE56_mackay__GCA_013816805.1	ANI95_00343
strict	bac120	NEE60_G_01241	NEE56_mackay__GCA_013816845.1	ANI95_00344
strict	bac120	NEE60_G_01242	NEE56_mackay__GCA_013816855.1	ANI95_00345
strict	bac120	NEE60_G_01244	NEE56_mackay__GCA_013816895.1	ANI95_00346
strict	bac120	NEE60_G_01246	NEE56_mackay__GCA_013816965.1	ANI95_00347
strict	bac120	NEE60_G_01253	NEE56_mackay__GCA_013817245.1	ANI95_00349
strict	bac120	NEE60_G_01266	NEE56_mackay__GCA_013820745.1	ANI95_00350
strict	bac120	NEE60_G_01267	NEE56_mackay__GCA_013820755.1	ANI95_00351
strict	bac120	NEE60_G_01270	NEE56_mackay__GCA_013820855.1	ANI95_00352
strict	bac120	NEE60_G_01272	NEE56_mackay__GCA_013820875.1	ANI95_00353
strict	bac120	NEE60_G_01273	NEE56_mackay__GCA_013820885.1	ANI95_00354
strict	bac120	NEE60_G_01279	NEE56_mackay__GCA_013821025.1	ANI95_00276
strict	bac120	NEE60_G_01286	NEE56_mackay__GCA_013821265.1	ANI95_00356
strict	bac120	NEE60_G_01288	NEE56_mackay__GCA_013821315.1	ANI95_00357
strict	bac120	NEE60_G_01291	NEE56_mackay__GCA_013821425.1	ANI95_00358
strict	bac120	NEE60_G_01293	NEE56_mackay__GCA_013821455.1	ANI95_00359
strict	bac120	NEE60_G_01296	NEE56_mackay__GCA_013821525.1	ANI95_00360
strict	bac120	NEE60_G_01299	NEE56_mackay__GCA_013821605.1	ANI95_00361
strict	bac120	NEE60_G_01304	NEE56_mackay__GCF_013697775.1	ANI95_00362
strict	bac120	NEE60_G_01305	NEE56_mackay__GCF_013812825.1	ANI95_00363
strict	bac120	NEE60_G_01306	NEE56_mackay__GCF_013812955.1	ANI95_00364
strict	bac120	NEE60_G_01307	NEE56_mackay__GCF_013815995.1	ANI95_00365
strict	bac120	NEE60_G_01308	NEE56_mackay__GCF_013816785.1	ANI95_00366
strict	bac120	NEE60_G_01309	NEE56_mackay__GCF_013817205.1	ANI95_00367
strict	bac120	NEE60_G_01310	NEE56_mackay__GCF_013817345.1	ANI95_00368
strict	bac120	NEE60_G_01311	NEE56_mackay__GCF_013817365.1	ANI95_00369
strict	bac120	NEE60_G_01317	alaska_permafrost_reference_15p_S15_bin.14	ANI95_00370
strict	bac120	NEE60_G_01322	alaska_permafrost_reference_17_S43_bin.6	ANI95_00372
strict	bac120	NEE60_G_01326	alaska_permafrost_reference_19_S45_bin.5	ANI95_00374
strict	bac120	NEE60_G_01327	alaska_permafrost_reference_20_S46_bin.3	ANI95_00373
strict	bac120	NEE60_G_01329	alaska_permafrost_reference_20_S46_bin.8	ANI95_00375
strict	bac120	NEE60_G_01330	alaska_permafrost_reference_23_S49_bin.11	ANI95_00376
strict	bac120	NEE60_G_01338	alaska_permafrost_reference_GCA_003131315.1_20120500_P39_genomic	ANI95_00377
strict	bac120	NEE60_G_01341	alaska_permafrost_reference_GCA_003132145.1_20120500_P28_genomic	ANI95_00379
strict	bac120	NEE60_G_01343	alaska_permafrost_reference_GCA_003132205.1_20120500_P27_genomic	ANI95_00380
strict	bac120	NEE60_G_01344	alaska_permafrost_reference_GCA_003132585.1_20120500_P19_genomic	ANI95_00381
strict	bac120	NEE60_G_01347	alaska_permafrost_reference_GCA_003133245.1_20120500_P28_genomic	ANI95_00382
strict	bac120	NEE60_G_01350	alaska_permafrost_reference_GCA_003133325.1_20120500_P27_genomic	ANI95_00383
strict	bac120	NEE60_G_01353	alaska_permafrost_reference_GCA_003134555.1_20111000_P3M_genomic	ANI95_00384
strict	bac120	NEE60_G_01354	alaska_permafrost_reference_GCA_003134915.1_20111000_P3D_genomic	ANI95_00385
strict	bac120	NEE60_G_01357	alaska_permafrost_reference_GCA_003136395.1_20111000_P1D_genomic	ANI95_00387
strict	bac120	NEE60_G_01360	alaska_permafrost_reference_GCA_003137035.1_20111000_E3D_genomic	ANI95_00388
strict	bac120	NEE60_G_01363	alaska_permafrost_reference_GCA_003140945.1_20120800_E3X_genomic	ANI95_00389
strict	bac120	NEE60_G_01364	alaska_permafrost_reference_GCA_003141245.1_20120800_E3X_genomic	ANI95_00390
strict	bac120	NEE60_G_01366	alaska_permafrost_reference_GCA_003141435.1_20120800_E3S_genomic	ANI95_00391
strict	bac120	NEE60_G_01367	alaska_permafrost_reference_GCA_003141455.1_20120800_E3S_genomic	ANI95_00392
strict	bac120	NEE60_G_01368	alaska_permafrost_reference_GCA_003141495.1_20120800_E3S_genomic	ANI95_00393
strict	bac120	NEE60_G_01369	alaska_permafrost_reference_GCA_003141525.1_20120800_E3D_genomic	ANI95_00394
strict	bac120	NEE60_G_01370	alaska_permafrost_reference_GCA_003141595.1_20120800_E2X_genomic	ANI95_00395
strict	bac120	NEE60_G_01371	alaska_permafrost_reference_GCA_003141715.1_20120800_E2D_genomic	ANI95_00396
strict	bac120	NEE60_G_01373	alaska_permafrost_reference_GCA_003141895.1_20120800_E1X_genomic	ANI95_00398
strict	bac120	NEE60_G_01374	alaska_permafrost_reference_GCA_003142185.1_20120700_S3X_genomic	ANI95_00399
strict	bac120	NEE60_G_01376	alaska_permafrost_reference_GCA_003142575.1_20120800_E2X_genomic	ANI95_00400
strict	bac120	NEE60_G_01377	alaska_permafrost_reference_GCA_003142815.1_20120800_E1X_genomic	ANI95_00401
strict	bac120	NEE60_G_01378	alaska_permafrost_reference_GCA_003142835.1_20120800_E1X_genomic	ANI95_00402
strict	bac120	NEE60_G_01379	alaska_permafrost_reference_GCA_003151435.1_20120700_P3D_genomic	ANI95_00403
strict	bac120	NEE60_G_01381	alaska_permafrost_reference_GCA_003151575.1_20120700_P3D_genomic	ANI95_00378
strict	bac120	NEE60_G_01384	alaska_permafrost_reference_GCA_003152135.1_20120700_P3D_genomic	ANI95_00386
strict	bac120	NEE60_G_01386	alaska_permafrost_reference_GCA_003152165.1_20120700_P3D_genomic	ANI95_00406
strict	bac120	NEE60_G_01388	alaska_permafrost_reference_GCA_003152315.1_20120700_P3D_genomic	ANI95_00407
strict	bac120	NEE60_G_01389	alaska_permafrost_reference_GCA_003153155.1_20120700_P3D_genomic	ANI95_00409
strict	bac120	NEE60_G_01398	alaska_permafrost_reference_GCA_003158855.1_20120600_E1D_genomic	ANI95_00410
strict	bac120	NEE60_G_01399	alaska_permafrost_reference_GCA_003158895.1_20120600_E1D_genomic	ANI95_00411
strict	bac120	NEE60_G_01402	alaska_permafrost_reference_GCA_003161635.1_20110600_P1D_genomic	ANI95_00412
strict	bac120	NEE60_G_01405	alaska_permafrost_reference_GCA_003167255.1_20110700_P2D_genomic	ANI95_00413
strict	bac120	NEE60_G_01406	alaska_permafrost_reference_GCA_003167275.1_20110700_P2D_genomic	ANI95_00414
strict	bac120	NEE60_G_01408	alaska_permafrost_reference_GCA_003167375.1_20110700_P2D_genomic	ANI95_00415
strict	bac120	NEE60_G_01409	alaska_permafrost_reference_GCA_003168335.1_20110700_P1D_genomic	ANI95_00417
strict	bac120	NEE60_G_01411	alaska_permafrost_reference_GCA_003169695.1_20110800_P1D_genomic	ANI95_00418
strict	bac120	NEE60_G_01412	alaska_permafrost_reference_GCA_003169785.1_20110800_P1D_genomic	ANI95_00419
strict	bac120	NEE60_G_01413	alaska_permafrost_reference_GCA_003169845.1_20110800_P1D_genomic	ANI95_00420
strict	bac120	NEE60_G_01414	alaska_permafrost_reference_GCA_003169895.1_20110800_P1D_genomic	ANI95_00421
strict	bac120	NEE60_G_01415	alaska_permafrost_reference_GCA_003170155.1_20110800_E3D_genomic	ANI95_00422
strict	bac120	NEE60_G_01416	alaska_permafrost_reference_GCA_003170415.1_20110800_E3D_genomic	ANI95_00423
strict	bac120	NEE60_G_01417	alaska_permafrost_reference_GCA_003170815.1_20110800_E2D_genomic	ANI95_00424
strict	bac120	NEE60_G_01421	alaska_permafrost_reference_GCA_003171215.1_20110800_E2D_genomic	ANI95_00425
strict	bac120	NEE60_G_01422	alaska_permafrost_reference_GCA_003171255.1_20110800_E2D_genomic	ANI95_00426
strict	bac120	NEE60_G_01426	alaska_permafrost_reference_S25rbin.15	ANI95_00427
strict	bac120	NEE60_G_01428	alaska_permafrost_reference_S262bin.2	ANI95_00428
strict	bac120	NEE60_G_01430	alaska_permafrost_reference_S42rbin.10	ANI95_00429
strict	bac120	NEE60_G_01431	alaska_permafrost_reference_S46rbin.4	ANI95_00430
strict	bac120	NEE60_G_01437	alaska_permafrost_reference_SRR10360647bin.2	ANI95_00431
strict	bac120	NEE60_G_01438	alaska_permafrost_reference_SRR10489811bin.14	ANI95_00432
strict	bac120	NEE60_G_01440	alaska_permafrost_reference_SRR10489812bin.2	ANI95_00433
strict	bac120	NEE60_G_01443	alaska_permafrost_reference_SRR10489814bin.7	ANI95_00434
strict	bac120	NEE60_G_01446	alaska_permafrost_reference_SRR10489815bin.10	ANI95_00435
strict	bac120	NEE60_G_01448	alaska_permafrost_reference_SRR10489815bin.14	ANI95_00436
strict	bac120	NEE60_G_01449	alaska_permafrost_reference_SRR10489815bin.15	ANI95_00437
strict	bac120	NEE60_G_01454	alaska_permafrost_reference_SRR10489815bin.23	ANI95_00438
strict	bac120	NEE60_G_01457	alaska_permafrost_reference_SRR10489815bin.38	ANI95_00439
strict	bac120	NEE60_G_01460	alaska_permafrost_reference_SRR10489817bin.11	ANI95_00440
strict	bac120	NEE60_G_01461	alaska_permafrost_reference_SRR10489817bin.7	ANI95_00441
strict	bac120	NEE60_G_01471	alaska_permafrost_reference_SRR10489821bin.5	ANI95_00442
strict	bac120	NEE60_G_01479	alaska_permafrost_reference_SRR10489825bin.5	ANI95_00443
strict	bac120	NEE60_G_01480	alaska_permafrost_reference_SRR10489826bin.10	ANI95_00444
strict	bac120	NEE60_G_01483	alaska_permafrost_reference_SRR10489828bin.12	ANI95_00445
strict	bac120	NEE60_G_01484	alaska_permafrost_reference_SRR10489828bin.14	ANI95_00446
strict	bac120	NEE60_G_01485	alaska_permafrost_reference_SRR10489828bin.19	ANI95_00447
strict	bac120	NEE60_G_01486	alaska_permafrost_reference_SRR10489828bin.2	ANI95_00448
strict	bac120	NEE60_G_01487	alaska_permafrost_reference_SRR10489828bin.20	ANI95_00449
strict	bac120	NEE60_G_01488	alaska_permafrost_reference_SRR10489828bin.23	ANI95_00450
strict	bac120	NEE60_G_01493	alaska_permafrost_reference_SRR10489831bin.1	ANI95_00451
strict	bac120	NEE60_G_01494	alaska_permafrost_reference_SRR10489831bin.10	ANI95_00452
strict	bac120	NEE60_G_01497	alaska_permafrost_reference_SRR10489833bin.14	ANI95_00453
strict	bac120	NEE60_G_01499	alaska_permafrost_reference_SRR10489833bin.21	ANI95_00454
strict	bac120	NEE60_G_01503	alaska_permafrost_reference_SRR10489834bin.13	ANI95_00455
strict	bac120	NEE60_G_01504	alaska_permafrost_reference_SRR10489834bin.16	ANI95_00456
strict	bac120	NEE60_G_01506	alaska_permafrost_reference_SRR10489834bin.21	ANI95_00457
strict	bac120	NEE60_G_01511	alaska_permafrost_reference_SRR10489837bin.20	ANI95_00458
strict	bac120	NEE60_G_01512	alaska_permafrost_reference_SRR10489839bin.1	ANI95_00459
strict	bac120	NEE60_G_01513	alaska_permafrost_reference_SRR10489839bin.4	ANI95_00460
strict	bac120	NEE60_G_01516	alaska_permafrost_reference_SRR10695402bin.4	ANI95_00461
strict	bac120	NEE60_G_01518	alaska_permafrost_reference_SRR10954970bin.7	ANI95_00462
strict	bac120	NEE60_G_01519	alaska_permafrost_reference_SRR10954973bin.3	ANI95_00463
strict	bac120	NEE60_G_01521	alaska_permafrost_reference_SRR10998558bin.6	ANI95_00464
strict	bac120	NEE60_G_01523	alaska_permafrost_reference_SRR1153387rbin.5	ANI95_00465
strict	bac120	NEE60_G_01529	alaska_permafrost_reference_SRR11742949bin.18	ANI95_00466
strict	bac120	NEE60_G_01530	alaska_permafrost_reference_SRR11743025bin.14	ANI95_00467
strict	bac120	NEE60_G_01532	alaska_permafrost_reference_SRR11833507bin.12	ANI95_00468
strict	bac120	NEE60_G_01533	alaska_permafrost_reference_SRR11833744bin.13	ANI95_00469
strict	bac120	NEE60_G_01538	alaska_permafrost_reference_SRR11836440bin.55	ANI95_00470
strict	bac120	NEE60_G_01539	alaska_permafrost_reference_SRR11836447bin.1	ANI95_00471
strict	bac120	NEE60_G_01540	alaska_permafrost_reference_SRR11836514bin.4	ANI95_00472
strict	bac120	NEE60_G_01541	alaska_permafrost_reference_SRR11842108bin.17	ANI95_00473
strict	bac120	NEE60_G_01545	alaska_permafrost_reference_SRR12277196bin.3	ANI95_00474
strict	bac120	NEE60_G_01549	alaska_permafrost_reference_SRR12277198bin.4	ANI95_00475
strict	bac120	NEE60_G_01551	alaska_permafrost_reference_SRR12277200bin.7	ANI95_00476
strict	bac120	NEE60_G_01553	alaska_permafrost_reference_SRR12347921bin.3	ANI95_00477
strict	bac120	NEE60_G_01554	alaska_permafrost_reference_SRR12349250bin.11	ANI95_00478
strict	bac120	NEE60_G_01555	alaska_permafrost_reference_SRR12377070bin.3	ANI95_00479
strict	bac120	NEE60_G_01563	alaska_permafrost_reference_SRR12756247bin.2	ANI95_00480
strict	bac120	NEE60_G_01564	alaska_permafrost_reference_SRR12844116bin.1	ANI95_00481
strict	bac120	NEE60_G_01567	alaska_permafrost_reference_SRR1586253rbin.4	ANI95_00482
strict	bac120	NEE60_G_01571	alaska_permafrost_reference_SRR1586264rbin.1	ANI95_00483
strict	bac120	NEE60_G_01572	alaska_permafrost_reference_SRR1586264rbin.5	ANI95_00484
strict	bac120	NEE60_G_01575	alaska_permafrost_reference_SRR1586267rbin.7	ANI95_00371
strict	bac120	NEE60_G_01576	alaska_permafrost_reference_SRR1586267rbin.9	ANI95_00485
strict	bac120	NEE60_G_01577	alaska_permafrost_reference_SRR1586269rbin.19	ANI95_00486
strict	bac120	NEE60_G_01579	alaska_permafrost_reference_SRR1586269rbin.24	ANI95_00487
strict	bac120	NEE60_G_01580	alaska_permafrost_reference_SRR1586270rbin.18	ANI95_00488
strict	bac120	NEE60_G_01581	alaska_permafrost_reference_SRR1586270rbin.25	ANI95_00489
strict	bac120	NEE60_G_01583	alaska_permafrost_reference_SRR1586270rbin.7	ANI95_00490
strict	bac120	NEE60_G_01584	alaska_permafrost_reference_SRR1586270rbin.9	ANI95_00491
strict	bac120	NEE60_G_01585	alaska_permafrost_reference_SRR1586276rbin.1	ANI95_00492
strict	bac120	NEE60_G_01586	alaska_permafrost_reference_SRR1586276rbin.13	ANI95_00493
strict	bac120	NEE60_G_01587	alaska_permafrost_reference_SRR1586276rbin.4	ANI95_00494
strict	bac120	NEE60_G_01593	alaska_permafrost_reference_SRR1586279rbin.36	ANI95_00495
strict	bac120	NEE60_G_01595	alaska_permafrost_reference_SRR1586279rbin.4	ANI95_00496
strict	bac120	NEE60_G_01598	alaska_permafrost_reference_SRR1586285rbin.2	ANI95_00497
strict	bac120	NEE60_G_01599	alaska_permafrost_reference_SRR1586288rbin.2	ANI95_00498
strict	bac120	NEE60_G_01600	alaska_permafrost_reference_SRR1586289rbin.7	ANI95_00499
strict	bac120	NEE60_G_01602	alaska_permafrost_reference_SRR1586297rbin.2	ANI95_00500
strict	bac120	NEE60_G_01603	alaska_permafrost_reference_SRR1586300rbin.1	ANI95_00501
strict	bac120	NEE60_G_01604	alaska_permafrost_reference_SRR1586301rbin.12	ANI95_00502
strict	bac120	NEE60_G_01605	alaska_permafrost_reference_SRR1586301rbin.2	ANI95_00503
strict	bac120	NEE60_G_01606	alaska_permafrost_reference_SRR1586303rbin.3	ANI95_00504
strict	bac120	NEE60_G_01608	alaska_permafrost_reference_SRR1586304rbin.4	ANI95_00505
strict	bac120	NEE60_G_01609	alaska_permafrost_reference_SRR1586305rbin.3	ANI95_00506
strict	bac120	NEE60_G_01612	alaska_permafrost_reference_SRR1586309rbin.2	ANI95_00507
strict	bac120	NEE60_G_01613	alaska_permafrost_reference_SRR1586311rbin.6	ANI95_00508
strict	bac120	NEE60_G_01615	alaska_permafrost_reference_SRR1586315rbin.5	ANI95_00509
strict	bac120	NEE60_G_01618	alaska_permafrost_reference_SRR1586317rbin.11	ANI95_00510
strict	bac120	NEE60_G_01620	alaska_permafrost_reference_SRR1586320rbin.11	ANI95_00511
strict	bac120	NEE60_G_01621	alaska_permafrost_reference_SRR1586320rbin.14	ANI95_00512
strict	bac120	NEE60_G_01623	alaska_permafrost_reference_SRR1586321rbin.10	ANI95_00513
strict	bac120	NEE60_G_01624	alaska_permafrost_reference_SRR1586321rbin.15	ANI95_00514
strict	bac120	NEE60_G_01627	alaska_permafrost_reference_SRR1586324rbin.22	ANI95_00515
strict	bac120	NEE60_G_01629	alaska_permafrost_reference_SRR1586324rbin.8	ANI95_00516
strict	bac120	NEE60_G_01630	alaska_permafrost_reference_SRR1586325rbin.6	ANI95_00517
strict	bac120	NEE60_G_01631	alaska_permafrost_reference_SRR2901746rbin.30	ANI95_00518
strict	bac120	NEE60_G_01634	alaska_permafrost_reference_SRR3747750rbin.3	ANI95_00519
strict	bac120	NEE60_G_01637	alaska_permafrost_reference_SRR3984960rbin.14	ANI95_00520
strict	bac120	NEE60_G_01638	alaska_permafrost_reference_SRR3984960rbin.5	ANI95_00521
strict	bac120	NEE60_G_01641	alaska_permafrost_reference_SRR3984961rbin.1	ANI95_00522
strict	bac120	NEE60_G_01642	alaska_permafrost_reference_SRR3984962rbin.17	ANI95_00523
strict	bac120	NEE60_G_01644	alaska_permafrost_reference_SRR3984962rbin.22	ANI95_00524
strict	bac120	NEE60_G_01647	alaska_permafrost_reference_SRR3984963rbin.13	ANI95_00525
strict	bac120	NEE60_G_01648	alaska_permafrost_reference_SRR3984963rbin.15	ANI95_00526
strict	bac120	NEE60_G_01650	alaska_permafrost_reference_SRR3984963rbin.2	ANI95_00527
strict	bac120	NEE60_G_01663	alaska_permafrost_reference_SRR3985391rbin.2	ANI95_00529
strict	bac120	NEE60_G_01665	alaska_permafrost_reference_SRR3985394rbin.9	ANI95_00530
strict	bac120	NEE60_G_01667	alaska_permafrost_reference_SRR3985395rbin.2	ANI95_00531
strict	bac120	NEE60_G_01668	alaska_permafrost_reference_SRR3985395rbin.20	ANI95_00405
strict	bac120	NEE60_G_01669	alaska_permafrost_reference_SRR3985396rbin.13	ANI95_00532
strict	bac120	NEE60_G_01673	alaska_permafrost_reference_SRR3985396rbin.20	ANI95_00533
strict	bac120	NEE60_G_01674	alaska_permafrost_reference_SRR3985396rbin.6	ANI95_00534
strict	bac120	NEE60_G_01676	alaska_permafrost_reference_SRR3985419rbin.1	ANI95_00535
strict	bac120	NEE60_G_01679	alaska_permafrost_reference_SRR3985420rbin.3	ANI95_00536
strict	bac120	NEE60_G_01684	alaska_permafrost_reference_SRR3985424rbin.5	ANI95_00538
strict	bac120	NEE60_G_01691	alaska_permafrost_reference_SRR3989121rbin.21	ANI95_00539
strict	bac120	NEE60_G_01697	alaska_permafrost_reference_SRR3989121rbin.6	ANI95_00540
strict	bac120	NEE60_G_01701	alaska_permafrost_reference_SRR3989239rbin.22	ANI95_00541
strict	bac120	NEE60_G_01702	alaska_permafrost_reference_SRR3989239rbin.23	ANI95_00542
strict	bac120	NEE60_G_01703	alaska_permafrost_reference_SRR3989239rbin.24	ANI95_00543
strict	bac120	NEE60_G_01709	alaska_permafrost_reference_SRR3989239rbin.9	ANI95_00544
strict	bac120	NEE60_G_01713	alaska_permafrost_reference_SRR3989254rbin.37	ANI95_00545
strict	bac120	NEE60_G_01716	alaska_permafrost_reference_SRR3989254rbin.5	ANI95_00546
strict	bac120	NEE60_G_01720	alaska_permafrost_reference_SRR3989257rbin.29	ANI95_00547
strict	bac120	NEE60_G_01723	alaska_permafrost_reference_SRR3989257rbin.48	ANI95_00548
strict	bac120	NEE60_G_01732	alaska_permafrost_reference_SRR3989258rbin.20	ANI95_00549
strict	bac120	NEE60_G_01734	alaska_permafrost_reference_SRR3989258rbin.23	ANI95_00550
strict	bac120	NEE60_G_01736	alaska_permafrost_reference_SRR3989258rbin.25	ANI95_00551
strict	bac120	NEE60_G_01737	alaska_permafrost_reference_SRR3989258rbin.29	ANI95_00552
strict	bac120	NEE60_G_01741	alaska_permafrost_reference_SRR3989258rbin.8	ANI95_00553
strict	bac120	NEE60_G_01748	alaska_permafrost_reference_SRR4027936rbin.4	ANI95_00554
strict	bac120	NEE60_G_01749	alaska_permafrost_reference_SRR5133179rbin.1	ANI95_00555
strict	bac120	NEE60_G_01750	alaska_permafrost_reference_SRR5153238rbin.1	ANI95_00556
strict	bac120	NEE60_G_01751	alaska_permafrost_reference_SRR5195106rbin.10	ANI95_00557
strict	bac120	NEE60_G_01752	alaska_permafrost_reference_SRR5195139rbin.3	ANI95_00558
strict	bac120	NEE60_G_01754	alaska_permafrost_reference_SRR5450747rbin.4	ANI95_00559
strict	bac120	NEE60_G_01760	alaska_permafrost_reference_SRR5581483rbin.38	ANI95_00560
strict	bac120	NEE60_G_01764	alaska_permafrost_reference_SRR5664280rbin.10	ANI95_00561
strict	bac120	NEE60_G_01767	alaska_permafrost_reference_SRR5664280rbin.2	ANI95_00537
strict	bac120	NEE60_G_01772	alaska_permafrost_reference_SRR5665213rbin.1	ANI95_00562
strict	bac120	NEE60_G_01775	alaska_permafrost_reference_SRR5665213rbin.30	ANI95_00563
strict	bac120	NEE60_G_01782	alaska_permafrost_reference_SRR5665648rbin.10	ANI95_00564
strict	bac120	NEE60_G_01785	alaska_permafrost_reference_SRR5680860rbin.7	ANI95_00565
strict	bac120	NEE60_G_01795	alaska_permafrost_reference_SRR6202162rbin.6	ANI95_00566
strict	bac120	NEE60_G_01797	alaska_permafrost_reference_SRR6202521rbin.9	ANI95_00567
strict	bac120	NEE60_G_01799	alaska_permafrost_reference_SRR6474866rbin.5	ANI95_00568
strict	bac120	NEE60_G_01800	alaska_permafrost_reference_SRR7011028rbin.3	ANI95_00569
strict	bac120	NEE60_G_01805	alaska_permafrost_reference_SRR7026314rbin.1	ANI95_00570
strict	bac120	NEE60_G_01815	alaska_permafrost_reference_SRR7468842rbin.4	ANI95_00571
strict	bac120	NEE60_G_01816	alaska_permafrost_reference_SRR7629280rbin.12	ANI95_00572
strict	bac120	NEE60_G_01817	alaska_permafrost_reference_SRR7741809rbin.26	ANI95_00573
strict	bac120	NEE60_G_01818	alaska_permafrost_reference_SRR7741809rbin.9	ANI95_00574
strict	bac120	NEE60_G_01820	alaska_permafrost_reference_SRR8090375rbin.10	ANI95_00575
strict	bac120	NEE60_G_01821	alaska_permafrost_reference_SRR8090375rbin.11	ANI95_00576
strict	bac120	NEE60_G_01822	alaska_permafrost_reference_SRR8090375rbin.6	ANI95_00577
strict	bac120	NEE60_G_01823	alaska_permafrost_reference_SRR8443320rbin.2	ANI95_00578
strict	bac120	NEE60_G_01824	alaska_permafrost_reference_SRR8554483rbin.107	ANI95_00579
strict	bac120	NEE60_G_01826	alaska_permafrost_reference_SRR8554503rbin.30	ANI95_00580
strict	bac120	NEE60_G_01827	alaska_permafrost_reference_SRR8554504rbin.36	ANI95_00581
strict	bac120	NEE60_G_01828	alaska_permafrost_reference_SRR8554504rbin.72	ANI95_00582
strict	bac120	NEE60_G_01830	alaska_permafrost_reference_SRR8676592rbin.10	ANI95_00583
strict	bac120	NEE60_G_01831	alaska_permafrost_reference_SRR8879134rbin.12	ANI95_00585
strict	bac120	NEE60_G_01832	alaska_permafrost_reference_SRR8879134rbin.43	ANI95_00586
strict	bac120	NEE60_G_01836	alaska_permafrost_reference_SRR9009774bin.118	ANI95_00587
strict	bac120	NEE60_G_01839	alaska_permafrost_reference_SRR9691026rbin.5	ANI95_00588
strict	bac120	NEE60_G_01842	alaska_permafrost_reference_SRR9691041rbin.3	ANI95_00589
strict	bac120	NEE60_G_01846	atacama_halite_rainfall_prjna484015_SG1_Actinobacteria_73_19	ANI95_00590
strict	bac120	NEE60_G_01847	atacama_halite_rainfall_prjna484015_SG1_Burkholderiales_64_6	ANI95_00591
strict	bac120	NEE60_G_01848	atacama_halite_rainfall_prjna484015_SG1_Chromatiales_50_6	ANI95_00592
strict	bac120	NEE60_G_01851	atacama_halite_rainfall_prjna484015_SG1_Ectothiorhodospiraceae_64_8	ANI95_00593
strict	bac120	NEE60_G_01852	atacama_halite_rainfall_prjna484015_SG1_Euhalothece_44_8	ANI95_00594
strict	bac120	NEE60_G_01853	atacama_halite_rainfall_prjna484015_SG1_Gammaproteobacteria_46_8	ANI95_00595
strict	bac120	NEE60_G_01915	atacama_halite_rainfall_prjna484015_SG1_Salinibacter_62_31	ANI95_00602
strict	bac120	NEE60_G_01940	atacama_salt_crust_prjna351262_GCA_003021505.1_ASM302150v1_genomic	ANI95_00597
strict	bac120	NEE60_G_01952	atacama_salt_crust_prjna351262_GCA_003022125.1_ASM302212v1_genomic	ANI95_00608
strict	bac120	NEE60_G_01956	atacama_salt_crust_prjna351262_GCA_003022365.1_ASM302236v1_genomic	ANI95_00609
strict	bac120	NEE60_G_01988	desert2025__GCA_030773115.1	ANI95_00611
strict	bac120	NEE60_G_01993	desert2025__GCA_030773255.1	ANI95_00612
strict	bac120	NEE60_G_01995	desert2025__GCA_030773315.1	ANI95_00003
strict	bac120	NEE60_G_01997	desert2025__GCA_030773375.1	ANI95_00613
strict	bac120	NEE60_G_01999	desert2025__GCA_030773415.1	ANI95_00614
strict	bac120	NEE60_G_02002	desert2025__GCA_030773475.1	ANI95_00001
strict	bac120	NEE60_G_02012	desert2025__GCA_030773755.1	ANI95_00615
strict	bac120	NEE60_G_02024	desert2025__GCA_030774015.1	ANI95_00616
strict	bac120	NEE60_G_02025	desert2025__GCA_030774035.1	ANI95_00617
strict	bac120	NEE60_G_02026	desert2025__GCA_030774055.1	ANI95_00618
strict	bac120	NEE60_G_02033	desert2025__GCA_030774235.1	ANI95_00619
strict	bac120	NEE60_G_02038	desert2025__GCA_030774335.1	ANI95_00620
strict	bac120	NEE60_G_02045	desert2025__GCA_030774475.1	ANI95_00621
strict	bac120	NEE60_G_02050	desert2025__GCA_030774575.1	ANI95_00622
strict	bac120	NEE60_G_02055	desert2025__GCA_030774675.1	ANI95_00623
strict	bac120	NEE60_G_02068	desert2025__GCA_030775045.1	ANI95_00624
strict	bac120	NEE60_G_02070	desert2025__GCA_030775085.1	ANI95_00625
strict	bac120	NEE60_G_02071	desert2025__GCA_030775105.1	ANI95_00626
strict	bac120	NEE60_G_02073	desert2025__GCA_030775165.1	ANI95_00627
strict	bac120	NEE60_G_02080	desert2025__GCA_030775365.1	ANI95_00628
strict	bac120	NEE60_G_02082	desert2025__GCA_030775405.1	ANI95_00629
strict	bac120	NEE60_G_02086	desert2025__GCA_030775485.1	ANI95_00630
strict	bac120	NEE60_G_02092	desert2025__GCA_030775625.1	ANI95_00631
strict	bac120	NEE60_G_02093	desert2025__GCA_030775645.1	ANI95_00632
strict	bac120	NEE60_G_02094	desert2025__GCA_030775685.1	ANI95_00633
strict	bac120	NEE60_G_02099	desert2025__GCA_030775785.1	ANI95_00634
strict	bac120	NEE60_G_02100	desert2025__GCA_030775825.1	ANI95_00635
strict	bac120	NEE60_G_02102	desert2025__GCA_030775865.1	ANI95_00636
strict	bac120	NEE60_G_02110	desert2025__GCA_030776205.1	ANI95_00637
strict	bac120	NEE60_G_02111	desert2025__GCA_030776225.1	ANI95_00638
strict	bac120	NEE60_G_02113	desert2025__GCA_030776305.1	ANI95_00639
strict	bac120	NEE60_G_02114	desert2025__GCA_030776345.1	ANI95_00640
strict	bac120	NEE60_G_02118	desert2025__GCA_030776465.1	ANI95_00641
strict	bac120	NEE60_G_02119	desert2025__GCA_030776545.1	ANI95_00642
strict	bac120	NEE60_G_02121	desert2025__GCA_030776625.1	ANI95_00643
strict	bac120	NEE60_G_02125	desert2025__GCA_030776725.1	ANI95_00644
strict	bac120	NEE60_G_02127	desert2025__GCA_030776765.1	ANI95_00645
strict	bac120	NEE60_G_02138	desert2025__GCA_030777105.1	ANI95_00646
strict	bac120	NEE60_G_02149	desert2025__GCA_030777325.1	ANI95_00647
strict	bac120	NEE60_G_02154	desert2025__GCA_030799355.1	ANI95_00648
strict	bac120	NEE60_G_02159	desert2025__GCA_030852515.1	ANI95_00649
strict	bac120	NEE60_G_02171	desert2025__GCA_030852845.1	ANI95_00650
strict	bac120	NEE60_G_02177	desert2025__GCA_030852965.1	ANI95_00651
strict	bac120	NEE60_G_02179	desert2025__GCA_030853005.1	ANI95_00652
strict	bac120	NEE60_G_02182	desert2025__GCA_030853105.1	ANI95_00653
strict	bac120	NEE60_G_02187	desert2025__GCA_030853195.1	ANI95_00654
strict	bac120	NEE60_G_02192	desert2025__GCA_030853345.1	ANI95_00655
strict	bac120	NEE60_G_02193	desert2025__GCA_030853385.1	ANI95_00656
strict	bac120	NEE60_G_02194	desert2025__GCA_030853405.1	ANI95_00657
strict	bac120	NEE60_G_02196	desert2025__GCA_030853445.1	ANI95_00658
strict	bac120	NEE60_G_02198	desert2025__GCA_030853485.1	ANI95_00659
strict	bac120	NEE60_G_02205	desert2025__GCA_030853635.1	ANI95_00660
strict	bac120	NEE60_G_02211	desert2025__GCA_030853745.1	ANI95_00661
strict	bac120	NEE60_G_02213	desert2025__GCA_030853805.1	ANI95_00662
strict	bac120	NEE60_G_02225	desert2025__GCA_030854055.1	ANI95_00663
strict	bac120	NEE60_G_02226	desert2025__GCA_030854075.1	ANI95_00664
strict	bac120	NEE60_G_02227	desert2025__GCA_030854105.1	ANI95_00665
strict	bac120	NEE60_G_02231	desert2025__GCA_030854185.1	ANI95_00666
strict	bac120	NEE60_G_02238	desert2025__GCA_030854325.1	ANI95_00667
strict	bac120	NEE60_G_02245	desert2025__GCA_030854475.1	ANI95_00668
strict	bac120	NEE60_G_02250	desert2025__GCA_030854615.1	ANI95_00669
strict	bac120	NEE60_G_02255	desert2025__GCA_030854715.1	ANI95_00670
strict	bac120	NEE60_G_02263	desert2025__GCA_030854905.1	ANI95_00671
strict	bac120	NEE60_G_02265	desert2025__GCA_030854945.1	ANI95_00672
strict	bac120	NEE60_G_02266	desert2025__GCA_030854955.1	ANI95_00673
strict	bac120	NEE60_G_02269	desert2025__GCA_030855025.1	ANI95_00674
strict	bac120	NEE60_G_02273	desert2025__GCA_030855105.1	ANI95_00675
strict	bac120	NEE60_G_02274	desert2025__GCA_030855125.1	ANI95_00676
strict	bac120	NEE60_G_02275	desert2025__GCA_030855135.1	ANI95_00677
strict	bac120	NEE60_G_02278	desert2025__GCA_030855205.1	ANI95_00678
strict	bac120	NEE60_G_02279	desert2025__GCA_030855235.1	ANI95_00679
strict	bac120	NEE60_G_02280	desert2025__GCA_030855265.1	ANI95_00680
strict	bac120	NEE60_G_02281	desert2025__GCA_030855295.1	ANI95_00681
strict	bac120	NEE60_G_02284	desert2025__GCA_030855355.1	ANI95_00682
strict	bac120	NEE60_G_02290	desert2025__GCA_030855525.1	ANI95_00683
strict	bac120	NEE60_G_02295	desert2025__GCA_030855635.1	ANI95_00684
strict	bac120	NEE60_G_02297	desert2025__GCA_030855725.1	ANI95_00685
strict	bac120	NEE60_G_02302	desert2025__GCA_030855825.1	ANI95_00686
strict	bac120	NEE60_G_02305	desert2025__GCA_030855855.1	ANI95_00687
strict	bac120	NEE60_G_02309	desert2025__GCA_030855955.1	ANI95_00688
strict	bac120	NEE60_G_02311	desert2025__GCA_030855975.1	ANI95_00689
strict	bac120	NEE60_G_02312	desert2025__GCA_030856025.1	ANI95_00690
strict	bac120	NEE60_G_02320	desert2025__GCA_030856205.1	ANI95_00691
strict	bac120	NEE60_G_02321	desert2025__GCA_030856215.1	ANI95_00692
strict	bac120	NEE60_G_02325	desert2025__GCA_030856345.1	ANI95_00693
strict	bac120	NEE60_G_02326	desert2025__GCA_030856365.1	ANI95_00694
strict	bac120	NEE60_G_02327	desert2025__GCA_030856405.1	ANI95_00695
strict	bac120	NEE60_G_02328	desert2025__GCA_030856445.1	ANI95_00696
strict	bac120	NEE60_G_02335	desert2025__GCA_030856625.1	ANI95_00278
strict	bac120	NEE60_G_02336	desert2025__GCA_030856655.1	ANI95_00697
strict	bac120	NEE60_G_02337	desert2025__GCA_030856685.1	ANI95_00698
strict	bac120	NEE60_G_02340	desert2025__GCA_030856765.1	ANI95_00699
strict	bac120	NEE60_G_02342	desert2025__GCA_030856795.1	ANI95_00700
strict	bac120	NEE60_G_02346	desert2025__GCA_030856925.1	ANI95_00701
strict	bac120	NEE60_G_02350	desert2025__GCA_030857025.1	ANI95_00702
strict	bac120	NEE60_G_02352	desert2025__GCA_030857065.1	ANI95_00703
strict	bac120	NEE60_G_02354	desert2025__GCA_030857095.1	ANI95_00704
strict	bac120	NEE60_G_02357	desert2025__GCA_030857165.1	ANI95_00324
strict	bac120	NEE60_G_02358	desert2025__GCA_030857175.1	ANI95_00705
strict	bac120	NEE60_G_02360	desert2025__GCA_030857225.1	ANI95_00706
strict	bac120	NEE60_G_02361	desert2025__GCA_030857245.1	ANI95_00707
strict	bac120	NEE60_G_02382	desert2025__GCA_030857985.1	ANI95_00708
strict	bac120	NEE60_G_02395	desert2025__GCA_030858465.1	ANI95_00709
strict	bac120	NEE60_G_02407	desert2025__GCA_030858785.1	ANI95_00274
strict	bac120	NEE60_G_02415	desert2025__GCA_030858965.1	ANI95_00348
strict	bac120	NEE60_G_02429	desert2025__GCA_030859345.1	ANI95_00710
strict	bac120	NEE60_G_02432	desert2025__GCA_030859405.1	ANI95_00711
strict	bac120	NEE60_G_02440	desert2025__GCA_030859565.1	ANI95_00712
strict	bac120	NEE60_G_02444	desert2025__GCA_030859685.1	ANI95_00713
strict	bac120	NEE60_G_02446	desert2025__GCA_030859715.1	ANI95_00714
strict	bac120	NEE60_G_02449	desert2025__GCA_030859785.1	ANI95_00715
strict	bac120	NEE60_G_02452	desert2025__GCA_030859905.1	ANI95_00716
strict	bac120	NEE60_G_02454	desert2025__GCA_030859945.1	ANI95_00717
strict	bac120	NEE60_G_02455	desert2025__GCA_030859955.1	ANI95_00718
strict	bac120	NEE60_G_02466	desert2025__GCA_030860205.1	ANI95_00719
strict	bac120	NEE60_G_02480	desert2025__GCA_030860485.1	ANI95_00720
strict	bac120	NEE60_G_02481	desert2025__GCA_030860505.1	ANI95_00721
strict	bac120	NEE60_G_02487	desert2025__GCA_030860665.1	ANI95_00722
strict	bac120	NEE60_G_02489	desert2025__GCA_030860695.1	ANI95_00723
strict	bac120	NEE60_G_02533	desert2025__GCA_030861725.1	ANI95_00724
strict	bac120	NEE60_G_02547	desert2025__GCA_030862065.1	ANI95_00725
strict	bac120	NEE60_G_02548	desert2025__GCA_030862075.1	ANI95_00726
strict	bac120	NEE60_G_02550	desert2025__GCA_030862115.1	ANI95_00727
strict	bac120	NEE60_G_02555	desert2025__GCA_030862235.1	ANI95_00728
strict	bac120	NEE60_G_02560	desert2025__GCA_030862345.1	ANI95_00729
strict	bac120	NEE60_G_02572	desert2025__GCA_030862645.1	ANI95_00730
strict	bac120	NEE60_G_02580	desert2025__GCA_030862825.1	ANI95_00731
strict	bac120	NEE60_G_02611	desert2025__GCA_030863545.1	ANI95_00732
strict	bac120	NEE60_G_02612	desert2025__GCA_030867425.1	ANI95_00733
strict	bac120	NEE60_G_02621	desert2025__GCA_030913905.1	ANI95_00734
strict	bac120	NEE60_G_02624	desert2025__GCA_030913985.1	ANI95_00735
strict	bac120	NEE60_G_02625	desert2025__GCA_030914045.1	ANI95_00736
strict	bac120	NEE60_G_02633	desert2025__GCA_030945745.1	ANI95_00737
strict	bac120	NEE60_G_02655	desert2025__GCA_030946705.1	ANI95_00738
strict	bac120	NEE60_G_02661	desert2025__GCA_030946825.1	ANI95_00739
strict	bac120	NEE60_G_02664	desert2025__GCA_030946875.1	ANI95_00740
strict	bac120	NEE60_G_02666	desert2025__GCA_030946925.1	ANI95_00741
strict	bac120	NEE60_G_02670	desert2025__GCA_030947025.1	ANI95_00742
strict	bac120	NEE60_G_02678	desert2025__GCA_030947185.1	ANI95_00743
strict	bac120	NEE60_G_02684	desert2025__GCA_030947305.1	ANI95_00744
strict	bac120	NEE60_G_02697	desert2025__GCA_030948025.1	ANI95_00745
strict	bac120	NEE60_G_02702	desert2025__GCA_030948185.1	ANI95_00746
strict	bac120	NEE60_G_02706	desert2025__GCA_030948255.1	ANI95_00747
strict	bac120	NEE60_G_02711	desert2025__GCA_030948385.1	ANI95_00748
strict	bac120	NEE60_G_02715	desert2025__GCA_030948475.1	ANI95_00749
strict	bac120	NEE60_G_02722	desert2025__GCA_030948665.1	ANI95_00750
strict	bac120	NEE60_G_02724	desert2025__GCA_030948685.1	ANI95_00751
strict	bac120	NEE60_G_02728	desert2025__GCA_030948775.1	ANI95_00752
strict	bac120	NEE60_G_02735	desert2025__GCA_030948915.1	ANI95_00753
strict	bac120	NEE60_G_02737	desert2025__GCA_030948965.1	ANI95_00754
strict	bac120	NEE60_G_02739	desert2025__GCA_030948995.1	ANI95_00755
strict	bac120	NEE60_G_02745	qaidam_basin_mmag_1773_AKQ1bin10	ANI95_00756
strict	bac120	NEE60_G_02747	qaidam_basin_mmag_1773_AKQ1bin16	ANI95_00757
strict	bac120	NEE60_G_02748	qaidam_basin_mmag_1773_AKQ1bin18	ANI95_00758
strict	bac120	NEE60_G_02751	qaidam_basin_mmag_1773_AKQ1bin24	ANI95_00759
strict	bac120	NEE60_G_02753	qaidam_basin_mmag_1773_AKQ1bin3	ANI95_00760
strict	bac120	NEE60_G_02754	qaidam_basin_mmag_1773_AKQ1bin32	ANI95_00761
strict	bac120	NEE60_G_02755	qaidam_basin_mmag_1773_AKQ1bin33	ANI95_00762
strict	bac120	NEE60_G_02756	qaidam_basin_mmag_1773_AKQ1bin36	ANI95_00763
strict	bac120	NEE60_G_02758	qaidam_basin_mmag_1773_AKQ1bin4	ANI95_00764
strict	bac120	NEE60_G_02759	qaidam_basin_mmag_1773_AKQ1bin41	ANI95_00765
strict	bac120	NEE60_G_02760	qaidam_basin_mmag_1773_AKQ1bin46	ANI95_00766
strict	bac120	NEE60_G_02761	qaidam_basin_mmag_1773_AKQ1bin47	ANI95_00767
strict	bac120	NEE60_G_02762	qaidam_basin_mmag_1773_AKQ1bin48	ANI95_00768
strict	bac120	NEE60_G_02763	qaidam_basin_mmag_1773_AKQ1bin49	ANI95_00769
strict	bac120	NEE60_G_02764	qaidam_basin_mmag_1773_AKQ1bin5	ANI95_00770
strict	bac120	NEE60_G_02765	qaidam_basin_mmag_1773_AKQ1bin51	ANI95_00771
strict	bac120	NEE60_G_02766	qaidam_basin_mmag_1773_AKQ1bin7	ANI95_00772
strict	bac120	NEE60_G_02767	qaidam_basin_mmag_1773_AKQ1bin8	ANI95_00773
strict	bac120	NEE60_G_02768	qaidam_basin_mmag_1773_AKQ2bin10	ANI95_00774
strict	bac120	NEE60_G_02769	qaidam_basin_mmag_1773_AKQ2bin11	ANI95_00775
strict	bac120	NEE60_G_02770	qaidam_basin_mmag_1773_AKQ2bin13	ANI95_00776
strict	bac120	NEE60_G_02771	qaidam_basin_mmag_1773_AKQ2bin15	ANI95_00777
strict	bac120	NEE60_G_02773	qaidam_basin_mmag_1773_AKQ2bin22	ANI95_00778
strict	bac120	NEE60_G_02774	qaidam_basin_mmag_1773_AKQ2bin24	ANI95_00779
strict	bac120	NEE60_G_02777	qaidam_basin_mmag_1773_AKQ2bin35	ANI95_00780
strict	bac120	NEE60_G_02778	qaidam_basin_mmag_1773_AKQ2bin36	ANI95_00781
strict	bac120	NEE60_G_02780	qaidam_basin_mmag_1773_AKQ2bin48	ANI95_00782
strict	bac120	NEE60_G_02781	qaidam_basin_mmag_1773_AKQ2bin50	ANI95_00783
strict	bac120	NEE60_G_02782	qaidam_basin_mmag_1773_AKQ2bin52	ANI95_00784
strict	bac120	NEE60_G_02784	qaidam_basin_mmag_1773_AKQ2bin58	ANI95_00785
strict	bac120	NEE60_G_02787	qaidam_basin_mmag_1773_AKQ2bin69	ANI95_00786
strict	bac120	NEE60_G_02788	qaidam_basin_mmag_1773_AKQ2bin70	ANI95_00787
strict	bac120	NEE60_G_02789	qaidam_basin_mmag_1773_AKQ2bin71	ANI95_00788
strict	bac120	NEE60_G_02790	qaidam_basin_mmag_1773_AKQ2bin73	ANI95_00789
strict	bac120	NEE60_G_02792	qaidam_basin_mmag_1773_AKQ2bin79	ANI95_00790
strict	bac120	NEE60_G_02795	qaidam_basin_mmag_1773_AKQ3bin10	ANI95_00791
strict	bac120	NEE60_G_02797	qaidam_basin_mmag_1773_AKQ3bin14	ANI95_00792
strict	bac120	NEE60_G_02798	qaidam_basin_mmag_1773_AKQ3bin15	ANI95_00793
strict	bac120	NEE60_G_02799	qaidam_basin_mmag_1773_AKQ3bin16	ANI95_00794
strict	bac120	NEE60_G_02803	qaidam_basin_mmag_1773_AKQ3bin20	ANI95_00795
strict	bac120	NEE60_G_02804	qaidam_basin_mmag_1773_AKQ3bin26	ANI95_00796
strict	bac120	NEE60_G_02805	qaidam_basin_mmag_1773_AKQ3bin27	ANI95_00797
strict	bac120	NEE60_G_02806	qaidam_basin_mmag_1773_AKQ3bin28	ANI95_00798
strict	bac120	NEE60_G_02807	qaidam_basin_mmag_1773_AKQ3bin30	ANI95_00799
strict	bac120	NEE60_G_02808	qaidam_basin_mmag_1773_AKQ3bin33	ANI95_00800
strict	bac120	NEE60_G_02809	qaidam_basin_mmag_1773_AKQ3bin34	ANI95_00801
strict	bac120	NEE60_G_02810	qaidam_basin_mmag_1773_AKQ3bin35	ANI95_00802
strict	bac120	NEE60_G_02811	qaidam_basin_mmag_1773_AKQ3bin36	ANI95_00803
strict	bac120	NEE60_G_02812	qaidam_basin_mmag_1773_AKQ3bin38	ANI95_00804
strict	bac120	NEE60_G_02814	qaidam_basin_mmag_1773_AKQ3bin41	ANI95_00805
strict	bac120	NEE60_G_02817	qaidam_basin_mmag_1773_AKQ3bin45	ANI95_00806
strict	bac120	NEE60_G_02819	qaidam_basin_mmag_1773_AKQ3bin5	ANI95_00807
strict	bac120	NEE60_G_02822	qaidam_basin_mmag_1773_AKQ3bin53	ANI95_00808
strict	bac120	NEE60_G_02826	qaidam_basin_mmag_1773_AKQ3bin63	ANI95_00809
strict	bac120	NEE60_G_02829	qaidam_basin_mmag_1773_AKQ3bin77	ANI95_00810
strict	bac120	NEE60_G_02832	qaidam_basin_mmag_1773_AKQ3bin86	ANI95_00811
strict	bac120	NEE60_G_02835	qaidam_basin_mmag_1773_CG2021bin12	ANI95_00812
strict	bac120	NEE60_G_02838	qaidam_basin_mmag_1773_CG2021bin18	ANI95_00813
strict	bac120	NEE60_G_02861	qaidam_basin_mmag_1773_CHGGbin19	ANI95_00814
strict	bac120	NEE60_G_02865	qaidam_basin_mmag_1773_CHGGbin25	ANI95_00815
strict	bac120	NEE60_G_02866	qaidam_basin_mmag_1773_CHGGbin27	ANI95_00816
strict	bac120	NEE60_G_02867	qaidam_basin_mmag_1773_CHGGbin28	ANI95_00817
strict	bac120	NEE60_G_02877	qaidam_basin_mmag_1773_CHGGbin6	ANI95_00818
strict	bac120	NEE60_G_02878	qaidam_basin_mmag_1773_CHGGbin7	ANI95_00819
strict	bac120	NEE60_G_02881	qaidam_basin_mmag_1773_CHGRbin11	ANI95_00820
strict	bac120	NEE60_G_02884	qaidam_basin_mmag_1773_CHGRbin17	ANI95_00821
strict	bac120	NEE60_G_02897	qaidam_basin_mmag_1773_CHGRbin34	ANI95_00822
strict	bac120	NEE60_G_02900	qaidam_basin_mmag_1773_CHGRbin38	ANI95_00823
strict	bac120	NEE60_G_02901	qaidam_basin_mmag_1773_CHGRbin4	ANI95_00824
strict	bac120	NEE60_G_02908	qaidam_basin_mmag_1773_CHGYbin11	ANI95_00825
strict	bac120	NEE60_G_02930	qaidam_basin_mmag_1773_CHGYbin36	ANI95_00827
strict	bac120	NEE60_G_02931	qaidam_basin_mmag_1773_CHGYbin37	ANI95_00828
strict	bac120	NEE60_G_02938	qaidam_basin_mmag_1773_CHGYbin7	ANI95_00829
strict	bac120	NEE60_G_02952	qaidam_basin_mmag_1773_CJ0912_0_5bin28	ANI95_00830
strict	bac120	NEE60_G_02958	qaidam_basin_mmag_1773_CJ0912_0_5bin5	ANI95_00831
strict	bac120	NEE60_G_02967	qaidam_basin_mmag_1773_CJ0912_10_15bin23	ANI95_00832
strict	bac120	NEE60_G_02977	qaidam_basin_mmag_1773_CJ0912_15_20bin15	ANI95_00834
strict	bac120	NEE60_G_02981	qaidam_basin_mmag_1773_CJ0912_15_20bin20	ANI95_00835
strict	bac120	NEE60_G_02983	qaidam_basin_mmag_1773_CJ0912_15_20bin22	ANI95_00836
strict	bac120	NEE60_G_02987	qaidam_basin_mmag_1773_CJ0912_15_20bin32	ANI95_00837
strict	bac120	NEE60_G_02991	qaidam_basin_mmag_1773_CJ0912_15_20bin37	ANI95_00838
strict	bac120	NEE60_G_02994	qaidam_basin_mmag_1773_CJ0912_15_20bin7	ANI95_00839
strict	bac120	NEE60_G_03006	qaidam_basin_mmag_1773_CJ0912_25_30bin14	ANI95_00840
strict	bac120	NEE60_G_03007	qaidam_basin_mmag_1773_CJ0912_25_30bin15	ANI95_00841
strict	bac120	NEE60_G_03013	qaidam_basin_mmag_1773_CJ0912_25_30bin29	ANI95_00842
strict	bac120	NEE60_G_03015	qaidam_basin_mmag_1773_CJ0912_25_30bin30	ANI95_00843
strict	bac120	NEE60_G_03017	qaidam_basin_mmag_1773_CJ0912_25_30bin34	ANI95_00844
strict	bac120	NEE60_G_03022	qaidam_basin_mmag_1773_CJ0912_30_35bin11	ANI95_00845
strict	bac120	NEE60_G_03030	qaidam_basin_mmag_1773_CJ0912_30_35bin32	ANI95_00846
strict	bac120	NEE60_G_03032	qaidam_basin_mmag_1773_CJ0912_30_35bin34	ANI95_00847
strict	bac120	NEE60_G_03033	qaidam_basin_mmag_1773_CJ0912_30_35bin35	ANI95_00848
strict	bac120	NEE60_G_03042	qaidam_basin_mmag_1773_CJ0912_30_35bin48	ANI95_00849
strict	bac120	NEE60_G_03047	qaidam_basin_mmag_1773_CJ0912_30_35bin52	ANI95_00850
strict	bac120	NEE60_G_03057	qaidam_basin_mmag_1773_CJ0912_35_40bin13	ANI95_00851
strict	bac120	NEE60_G_03065	qaidam_basin_mmag_1773_CJ0912_35_40bin26	ANI95_00852
strict	bac120	NEE60_G_03067	qaidam_basin_mmag_1773_CJ0912_35_40bin29	ANI95_00853
strict	bac120	NEE60_G_03085	qaidam_basin_mmag_1773_CJ0912_40_45bin23	ANI95_00854
strict	bac120	NEE60_G_03089	qaidam_basin_mmag_1773_CJ0912_40_45bin29	ANI95_00855
strict	bac120	NEE60_G_03093	qaidam_basin_mmag_1773_CJ0912_40_45bin32	ANI95_00856
strict	bac120	NEE60_G_03096	qaidam_basin_mmag_1773_CJ0912_40_45bin35	ANI95_00857
strict	bac120	NEE60_G_03107	qaidam_basin_mmag_1773_CJ0912_40_45bin8	ANI95_00858
strict	bac120	NEE60_G_03108	qaidam_basin_mmag_1773_CJ0912_45_50bin1	ANI95_00859
strict	bac120	NEE60_G_03110	qaidam_basin_mmag_1773_CJ0912_45_50bin11	ANI95_00860
strict	bac120	NEE60_G_03114	qaidam_basin_mmag_1773_CJ0912_5_10bin10	ANI95_00862
strict	bac120	NEE60_G_03115	qaidam_basin_mmag_1773_CJ0912_5_10bin13	ANI95_00863
strict	bac120	NEE60_G_03125	qaidam_basin_mmag_1773_CJ0912_5_10bin28	ANI95_00864
strict	bac120	NEE60_G_03133	qaidam_basin_mmag_1773_CJ0912_5_10bin4	ANI95_00865
strict	bac120	NEE60_G_03141	qaidam_basin_mmag_1773_CJ0912_5_10bin6	ANI95_00866
strict	bac120	NEE60_G_03144	qaidam_basin_mmag_1773_CJS_1_0912bin12	ANI95_00867
strict	bac120	NEE60_G_03146	qaidam_basin_mmag_1773_CJS_1_0912bin14	ANI95_00868
strict	bac120	NEE60_G_03155	qaidam_basin_mmag_1773_CJS_1_0912bin23	ANI95_00869
strict	bac120	NEE60_G_03170	qaidam_basin_mmag_1773_CJS_1_0912bin40	ANI95_00870
strict	bac120	NEE60_G_03177	qaidam_basin_mmag_1773_CJS_1_0912bin47	ANI95_00872
strict	bac120	NEE60_G_03179	qaidam_basin_mmag_1773_CJS_1_0912bin49	ANI95_00873
strict	bac120	NEE60_G_03181	qaidam_basin_mmag_1773_CJS_1_0912bin8	ANI95_00874
strict	bac120	NEE60_G_03184	qaidam_basin_mmag_1773_DLTCJS0_5bin33	ANI95_00875
strict	bac120	NEE60_G_03189	qaidam_basin_mmag_1773_DLTCJS0_5bin63	ANI95_00876
strict	bac120	NEE60_G_03197	qaidam_basin_mmag_1773_DLTCJS10_15bin31	ANI95_00877
strict	bac120	NEE60_G_03203	qaidam_basin_mmag_1773_DLTCJS10_15bin49	ANI95_00878
strict	bac120	NEE60_G_03205	qaidam_basin_mmag_1773_DLTCJS10_15bin52	ANI95_00879
strict	bac120	NEE60_G_03208	qaidam_basin_mmag_1773_DLTCJS10_15bin60	ANI95_00880
strict	bac120	NEE60_G_03209	qaidam_basin_mmag_1773_DLTCJS10_15bin62	ANI95_00881
strict	bac120	NEE60_G_03211	qaidam_basin_mmag_1773_DLTCJS10_15bin70	ANI95_00882
strict	bac120	NEE60_G_03219	qaidam_basin_mmag_1773_DLTCJS15_20bin34	ANI95_00883
strict	bac120	NEE60_G_03222	qaidam_basin_mmag_1773_DLTCJS15_20bin44	ANI95_00884
strict	bac120	NEE60_G_03223	qaidam_basin_mmag_1773_DLTCJS15_20bin45	ANI95_00885
strict	bac120	NEE60_G_03237	qaidam_basin_mmag_1773_DLTCJS20_25bin11	ANI95_00886
strict	bac120	NEE60_G_03239	qaidam_basin_mmag_1773_DLTCJS20_25bin20	ANI95_00887
strict	bac120	NEE60_G_03241	qaidam_basin_mmag_1773_DLTCJS20_25bin24	ANI95_00888
strict	bac120	NEE60_G_03243	qaidam_basin_mmag_1773_DLTCJS20_25bin26	ANI95_00889
strict	bac120	NEE60_G_03250	qaidam_basin_mmag_1773_DLTCJS20_25bin4	ANI95_00890
strict	bac120	NEE60_G_03253	qaidam_basin_mmag_1773_DLTCJS20_25bin46	ANI95_00891
strict	bac120	NEE60_G_03254	qaidam_basin_mmag_1773_DLTCJS20_25bin48	ANI95_00892
strict	bac120	NEE60_G_03258	qaidam_basin_mmag_1773_DLTCJS20_25bin54	ANI95_00893
strict	bac120	NEE60_G_03259	qaidam_basin_mmag_1773_DLTCJS20_25bin58	ANI95_00894
strict	bac120	NEE60_G_03266	qaidam_basin_mmag_1773_DLTCJS20_25bin81	ANI95_00895
strict	bac120	NEE60_G_03269	qaidam_basin_mmag_1773_DLTCJS20_25bin88	ANI95_00896
strict	bac120	NEE60_G_03281	qaidam_basin_mmag_1773_DLTCJS25_30bin30	ANI95_00897
strict	bac120	NEE60_G_03284	qaidam_basin_mmag_1773_DLTCJS25_30bin37	ANI95_00898
strict	bac120	NEE60_G_03285	qaidam_basin_mmag_1773_DLTCJS25_30bin39	ANI95_00899
strict	bac120	NEE60_G_03287	qaidam_basin_mmag_1773_DLTCJS25_30bin40	ANI95_00900
strict	bac120	NEE60_G_03290	qaidam_basin_mmag_1773_DLTCJS25_30bin44	ANI95_00901
strict	bac120	NEE60_G_03291	qaidam_basin_mmag_1773_DLTCJS25_30bin45	ANI95_00902
strict	bac120	NEE60_G_03307	qaidam_basin_mmag_1773_DLTCJS25_30bin65	ANI95_00903
strict	bac120	NEE60_G_03311	qaidam_basin_mmag_1773_DLTCJS25_30bin70	ANI95_00904
strict	bac120	NEE60_G_03320	qaidam_basin_mmag_1773_DLTCJS5_10bin25	ANI95_00905
strict	bac120	NEE60_G_03321	qaidam_basin_mmag_1773_DLTCJS5_10bin36	ANI95_00906
strict	bac120	NEE60_G_03328	qaidam_basin_mmag_1773_DLTCJS5_10bin65	ANI95_00907
strict	bac120	NEE60_G_03330	qaidam_basin_mmag_1773_DLTCJS5_10bin76	ANI95_00908
strict	bac120	NEE60_G_03332	qaidam_basin_mmag_1773_DLTFbin14	ANI95_00909
strict	bac120	NEE60_G_03337	qaidam_basin_mmag_1773_DLTFbin3	ANI95_00910
strict	bac120	NEE60_G_03338	qaidam_basin_mmag_1773_DLTFbin33	ANI95_00911
strict	bac120	NEE60_G_03339	qaidam_basin_mmag_1773_DLTFbin42	ANI95_00912
strict	bac120	NEE60_G_03344	qaidam_basin_mmag_1773_DLTFbin58	ANI95_00913
strict	bac120	NEE60_G_03346	qaidam_basin_mmag_1773_DLTFbin71	ANI95_00914
strict	bac120	NEE60_G_03358	qaidam_basin_mmag_1773_DLTSQ0_15bin22	ANI95_00915
strict	bac120	NEE60_G_03361	qaidam_basin_mmag_1773_DLTSQ0_15bin27	ANI95_00916
strict	bac120	NEE60_G_03368	qaidam_basin_mmag_1773_DLTSQ0_15bin37	ANI95_00917
strict	bac120	NEE60_G_03372	qaidam_basin_mmag_1773_DLTSQ0_15bin41	ANI95_00918
strict	bac120	NEE60_G_03374	qaidam_basin_mmag_1773_DLTSQ0_15bin43	ANI95_00919
strict	bac120	NEE60_G_03375	qaidam_basin_mmag_1773_DLTSQ0_15bin44	ANI95_00920
strict	bac120	NEE60_G_03376	qaidam_basin_mmag_1773_DLTSQ0_15bin46	ANI95_00921
strict	bac120	NEE60_G_03377	qaidam_basin_mmag_1773_DLTSQ0_15bin47	ANI95_00922
strict	bac120	NEE60_G_03378	qaidam_basin_mmag_1773_DLTSQ0_15bin5	ANI95_00923
strict	bac120	NEE60_G_03382	qaidam_basin_mmag_1773_DLTSQ0_15bin57	ANI95_00924
strict	bac120	NEE60_G_03390	qaidam_basin_mmag_1773_DLTSQ0_15bin8	ANI95_00926
strict	bac120	NEE60_G_03395	qaidam_basin_mmag_1773_DLTSQ15_20bin28	ANI95_00927
strict	bac120	NEE60_G_03401	qaidam_basin_mmag_1773_DLTSQ15_20bin44	ANI95_00928
strict	bac120	NEE60_G_03405	qaidam_basin_mmag_1773_DLTSQ15_20bin50	ANI95_00929
strict	bac120	NEE60_G_03415	qaidam_basin_mmag_1773_DLTSQ20_25bin14	ANI95_00930
strict	bac120	NEE60_G_03420	qaidam_basin_mmag_1773_DLTSQ20_25bin2	ANI95_00931
strict	bac120	NEE60_G_03423	qaidam_basin_mmag_1773_DLTSQ20_25bin25	ANI95_00932
strict	bac120	NEE60_G_03424	qaidam_basin_mmag_1773_DLTSQ20_25bin26	ANI95_00933
strict	bac120	NEE60_G_03425	qaidam_basin_mmag_1773_DLTSQ20_25bin28	ANI95_00934
strict	bac120	NEE60_G_03428	qaidam_basin_mmag_1773_DLTSQ20_25bin41	ANI95_00935
strict	bac120	NEE60_G_03435	qaidam_basin_mmag_1773_DLTSQ20_25bin64	ANI95_00936
strict	bac120	NEE60_G_03443	qaidam_basin_mmag_1773_DLTYbin13	ANI95_00937
strict	bac120	NEE60_G_03446	qaidam_basin_mmag_1773_DLTYbin17	ANI95_00939
strict	bac120	NEE60_G_03448	qaidam_basin_mmag_1773_DLTYbin21	ANI95_00940
strict	bac120	NEE60_G_03449	qaidam_basin_mmag_1773_DLTYbin23	ANI95_00941
strict	bac120	NEE60_G_03453	qaidam_basin_mmag_1773_DLTYbin27	ANI95_00942
strict	bac120	NEE60_G_03467	qaidam_basin_mmag_1773_FCHGbin15	ANI95_00943
strict	bac120	NEE60_G_03471	qaidam_basin_mmag_1773_FCHGbin2	ANI95_00944
strict	bac120	NEE60_G_03478	qaidam_basin_mmag_1773_FCHGbin28	ANI95_00946
strict	bac120	NEE60_G_03487	qaidam_basin_mmag_1773_FCHGbin38	ANI95_00947
strict	bac120	NEE60_G_03491	qaidam_basin_mmag_1773_FCHGbin44	ANI95_00948
strict	bac120	NEE60_G_03493	qaidam_basin_mmag_1773_FCHGbin46	ANI95_00949
strict	bac120	NEE60_G_03501	qaidam_basin_mmag_1773_L_0707_10_15bin10	ANI95_00950
strict	bac120	NEE60_G_03502	qaidam_basin_mmag_1773_L_0707_10_15bin12	ANI95_00951
strict	bac120	NEE60_G_03504	qaidam_basin_mmag_1773_L_0707_10_15bin14	ANI95_00952
strict	bac120	NEE60_G_03508	qaidam_basin_mmag_1773_L_0707_10_15bin18	ANI95_00953
strict	bac120	NEE60_G_03513	qaidam_basin_mmag_1773_L_0707_10_15bin24	ANI95_00954
strict	bac120	NEE60_G_03514	qaidam_basin_mmag_1773_L_0707_10_15bin25	ANI95_00955
strict	bac120	NEE60_G_03516	qaidam_basin_mmag_1773_L_0707_10_15bin27	ANI95_00956
strict	bac120	NEE60_G_03518	qaidam_basin_mmag_1773_L_0707_10_15bin3	ANI95_00957
strict	bac120	NEE60_G_03519	qaidam_basin_mmag_1773_L_0707_10_15bin30	ANI95_00958
strict	bac120	NEE60_G_03532	qaidam_basin_mmag_1773_L_0707_10_15bin44	ANI95_00959
strict	bac120	NEE60_G_03533	qaidam_basin_mmag_1773_L_0707_10_15bin48	ANI95_00960
strict	bac120	NEE60_G_03534	qaidam_basin_mmag_1773_L_0707_10_15bin49	ANI95_00961
strict	bac120	NEE60_G_03538	qaidam_basin_mmag_1773_L_0707_10_15bin52	ANI95_00962
strict	bac120	NEE60_G_03542	qaidam_basin_mmag_1773_L_0707_10_15bin56	ANI95_00963
strict	bac120	NEE60_G_03547	qaidam_basin_mmag_1773_L_0707_10_15bin60	ANI95_00964
strict	bac120	NEE60_G_03548	qaidam_basin_mmag_1773_L_0707_10_15bin61	ANI95_00965
strict	bac120	NEE60_G_03552	qaidam_basin_mmag_1773_L_0707_10_15bin67	ANI95_00966
strict	bac120	NEE60_G_03554	qaidam_basin_mmag_1773_L_0707_10_15bin69	ANI95_00967
strict	bac120	NEE60_G_03562	qaidam_basin_mmag_1773_L_0707_10_15bin8	ANI95_00968
strict	bac120	NEE60_G_03570	qaidam_basin_mmag_1773_L_0707_15_20bin14	ANI95_00969
strict	bac120	NEE60_G_03580	qaidam_basin_mmag_1773_L_0707_15_20bin24	ANI95_00970
strict	bac120	NEE60_G_03584	qaidam_basin_mmag_1773_L_0707_15_20bin28	ANI95_00971
strict	bac120	NEE60_G_03591	qaidam_basin_mmag_1773_L_0707_15_20bin38	ANI95_00972
strict	bac120	NEE60_G_03598	qaidam_basin_mmag_1773_L_0707_15_20bin50	ANI95_00973
strict	bac120	NEE60_G_03603	qaidam_basin_mmag_1773_L_0707_15_20bin56	ANI95_00974
strict	bac120	NEE60_G_03604	qaidam_basin_mmag_1773_L_0707_15_20bin57	ANI95_00975
strict	bac120	NEE60_G_03607	qaidam_basin_mmag_1773_L_0707_15_20bin6	ANI95_00976
strict	bac120	NEE60_G_03610	qaidam_basin_mmag_1773_L_0707_15_20bin62	ANI95_00977
strict	bac120	NEE60_G_03612	qaidam_basin_mmag_1773_L_0707_15_20bin64	ANI95_00978
strict	bac120	NEE60_G_03613	qaidam_basin_mmag_1773_L_0707_15_20bin7	ANI95_00979
strict	bac120	NEE60_G_03617	qaidam_basin_mmag_1773_L_0707_2_5bin11	ANI95_00980
strict	bac120	NEE60_G_03619	qaidam_basin_mmag_1773_L_0707_2_5bin13	ANI95_00981
strict	bac120	NEE60_G_03630	qaidam_basin_mmag_1773_L_0707_2_5bin27	ANI95_00982
strict	bac120	NEE60_G_03632	qaidam_basin_mmag_1773_L_0707_2_5bin3	ANI95_00983
strict	bac120	NEE60_G_03634	qaidam_basin_mmag_1773_L_0707_2_5bin31	ANI95_00984
strict	bac120	NEE60_G_03640	qaidam_basin_mmag_1773_L_0707_2_5bin39	ANI95_00985
strict	bac120	NEE60_G_03641	qaidam_basin_mmag_1773_L_0707_2_5bin4	ANI95_00986
strict	bac120	NEE60_G_03646	qaidam_basin_mmag_1773_L_0707_2_5bin47	ANI95_00987
strict	bac120	NEE60_G_03647	qaidam_basin_mmag_1773_L_0707_2_5bin48	ANI95_00988
strict	bac120	NEE60_G_03655	qaidam_basin_mmag_1773_L_0707_2_5bin6	ANI95_00989
strict	bac120	NEE60_G_03663	qaidam_basin_mmag_1773_L_0707_40_50bin1	ANI95_00990
strict	bac120	NEE60_G_03667	qaidam_basin_mmag_1773_L_0707_40_50bin13	ANI95_00991
strict	bac120	NEE60_G_03670	qaidam_basin_mmag_1773_L_0707_40_50bin17	ANI95_00992
strict	bac120	NEE60_G_03671	qaidam_basin_mmag_1773_L_0707_40_50bin19	ANI95_00993
strict	bac120	NEE60_G_03675	qaidam_basin_mmag_1773_L_0707_40_50bin22	ANI95_00994
strict	bac120	NEE60_G_03676	qaidam_basin_mmag_1773_L_0707_40_50bin23	ANI95_00995
strict	bac120	NEE60_G_03678	qaidam_basin_mmag_1773_L_0707_40_50bin25	ANI95_00996
strict	bac120	NEE60_G_03679	qaidam_basin_mmag_1773_L_0707_40_50bin27	ANI95_00997
strict	bac120	NEE60_G_03680	qaidam_basin_mmag_1773_L_0707_40_50bin28	ANI95_00998
strict	bac120	NEE60_G_03684	qaidam_basin_mmag_1773_L_0707_40_50bin31	ANI95_00999
strict	bac120	NEE60_G_03687	qaidam_basin_mmag_1773_L_0707_40_50bin34	ANI95_01000
strict	bac120	NEE60_G_03690	qaidam_basin_mmag_1773_L_0707_40_50bin37	ANI95_01001
strict	bac120	NEE60_G_03696	qaidam_basin_mmag_1773_L_0707_40_50bin42	ANI95_01002
strict	bac120	NEE60_G_03699	qaidam_basin_mmag_1773_L_0707_40_50bin45	ANI95_01003
strict	bac120	NEE60_G_03701	qaidam_basin_mmag_1773_L_0707_40_50bin47	ANI95_01004
strict	bac120	NEE60_G_03703	qaidam_basin_mmag_1773_L_0707_40_50bin49	ANI95_01005
strict	bac120	NEE60_G_03705	qaidam_basin_mmag_1773_L_0707_40_50bin50	ANI95_01006
strict	bac120	NEE60_G_03706	qaidam_basin_mmag_1773_L_0707_40_50bin52	ANI95_01007
strict	bac120	NEE60_G_03708	qaidam_basin_mmag_1773_L_0707_40_50bin55	ANI95_01008
strict	bac120	NEE60_G_03709	qaidam_basin_mmag_1773_L_0707_40_50bin56	ANI95_01009
strict	bac120	NEE60_G_03712	qaidam_basin_mmag_1773_L_0707_40_50bin6	ANI95_01010
strict	bac120	NEE60_G_03713	qaidam_basin_mmag_1773_L_0707_40_50bin60	ANI95_01011
strict	bac120	NEE60_G_03715	qaidam_basin_mmag_1773_L_0707_40_50bin62	ANI95_00833
strict	bac120	NEE60_G_03717	qaidam_basin_mmag_1773_L_0707_40_50bin64	ANI95_01012
strict	bac120	NEE60_G_03718	qaidam_basin_mmag_1773_L_0707_40_50bin66	ANI95_01013
strict	bac120	NEE60_G_03722	qaidam_basin_mmag_1773_L_0707_40_50bin71	ANI95_01014
strict	bac120	NEE60_G_03727	qaidam_basin_mmag_1773_L_0707_40_50bin8	ANI95_01015
strict	bac120	NEE60_G_03728	qaidam_basin_mmag_1773_L_0707_40_50bin9	ANI95_01016
strict	bac120	NEE60_G_03732	qaidam_basin_mmag_1773_L_0712_20_25bin15	ANI95_01017
strict	bac120	NEE60_G_03742	qaidam_basin_mmag_1773_L_0712_20_25bin26	ANI95_01018
strict	bac120	NEE60_G_03751	qaidam_basin_mmag_1773_L_0712_20_25bin35	ANI95_01019
strict	bac120	NEE60_G_03752	qaidam_basin_mmag_1773_L_0712_20_25bin38	ANI95_01020
strict	bac120	NEE60_G_03753	qaidam_basin_mmag_1773_L_0712_20_25bin39	ANI95_01021
strict	bac120	NEE60_G_03756	qaidam_basin_mmag_1773_L_0712_20_25bin43	ANI95_01022
strict	bac120	NEE60_G_03757	qaidam_basin_mmag_1773_L_0712_20_25bin44	ANI95_01023
strict	bac120	NEE60_G_03761	qaidam_basin_mmag_1773_L_0712_20_25bin5	ANI95_01024
strict	bac120	NEE60_G_03763	qaidam_basin_mmag_1773_L_0712_20_25bin52	ANI95_01025
strict	bac120	NEE60_G_03764	qaidam_basin_mmag_1773_L_0712_20_25bin53	ANI95_01026
strict	bac120	NEE60_G_03765	qaidam_basin_mmag_1773_L_0712_20_25bin54	ANI95_01027
strict	bac120	NEE60_G_03773	qaidam_basin_mmag_1773_L_0712_20_25bin62	ANI95_01028
strict	bac120	NEE60_G_03776	qaidam_basin_mmag_1773_L_0712_20_25bin66	ANI95_01029
strict	bac120	NEE60_G_03781	qaidam_basin_mmag_1773_L_21_AKQ_4bin10	ANI95_01030
strict	bac120	NEE60_G_03782	qaidam_basin_mmag_1773_L_21_AKQ_4bin12	ANI95_01031
strict	bac120	NEE60_G_03783	qaidam_basin_mmag_1773_L_21_AKQ_4bin14	ANI95_01032
strict	bac120	NEE60_G_03786	qaidam_basin_mmag_1773_L_21_AKQ_4bin2	ANI95_01033
strict	bac120	NEE60_G_03787	qaidam_basin_mmag_1773_L_21_AKQ_4bin20	ANI95_01034
strict	bac120	NEE60_G_03788	qaidam_basin_mmag_1773_L_21_AKQ_4bin21	ANI95_01035
strict	bac120	NEE60_G_03789	qaidam_basin_mmag_1773_L_21_AKQ_4bin22	ANI95_01036
strict	bac120	NEE60_G_03790	qaidam_basin_mmag_1773_L_21_AKQ_4bin24	ANI95_01037
strict	bac120	NEE60_G_03791	qaidam_basin_mmag_1773_L_21_AKQ_4bin26	ANI95_01038
strict	bac120	NEE60_G_03792	qaidam_basin_mmag_1773_L_21_AKQ_4bin28	ANI95_01039
strict	bac120	NEE60_G_03794	qaidam_basin_mmag_1773_L_21_AKQ_4bin30	ANI95_01040
strict	bac120	NEE60_G_03796	qaidam_basin_mmag_1773_L_21_AKQ_4bin33	ANI95_01041
strict	bac120	NEE60_G_03797	qaidam_basin_mmag_1773_L_21_AKQ_4bin35	ANI95_01042
strict	bac120	NEE60_G_03798	qaidam_basin_mmag_1773_L_21_AKQ_4bin37	ANI95_01043
strict	bac120	NEE60_G_03800	qaidam_basin_mmag_1773_L_21_AKQ_4bin4	ANI95_01044
strict	bac120	NEE60_G_03801	qaidam_basin_mmag_1773_L_21_AKQ_4bin43	ANI95_01045
strict	bac120	NEE60_G_03802	qaidam_basin_mmag_1773_L_21_AKQ_4bin45	ANI95_01046
strict	bac120	NEE60_G_03803	qaidam_basin_mmag_1773_L_21_AKQ_4bin47	ANI95_01047
strict	bac120	NEE60_G_03804	qaidam_basin_mmag_1773_L_21_AKQ_4bin5	ANI95_01048
strict	bac120	NEE60_G_03805	qaidam_basin_mmag_1773_L_21_AKQ_4bin50	ANI95_01049
strict	bac120	NEE60_G_03806	qaidam_basin_mmag_1773_L_21_AKQ_4bin51	ANI95_01050
strict	bac120	NEE60_G_03809	qaidam_basin_mmag_1773_L_21_AKQ_4bin57	ANI95_01051
strict	bac120	NEE60_G_03810	qaidam_basin_mmag_1773_L_21_AKQ_4bin58	ANI95_01052
strict	bac120	NEE60_G_03814	qaidam_basin_mmag_1773_L_21_AKQ_4bin63	ANI95_01053
strict	bac120	NEE60_G_03815	qaidam_basin_mmag_1773_L_21_AKQ_4bin64	ANI95_01054
strict	bac120	NEE60_G_03818	qaidam_basin_mmag_1773_L_21_AKQ_4bin67	ANI95_01055
strict	bac120	NEE60_G_03837	qaidam_basin_mmag_1773_L_21_NSL5_10bin2	ANI95_01056
strict	bac120	NEE60_G_03856	qaidam_basin_mmag_1773_NSL0_5_2bin50	ANI95_01058
strict	bac120	NEE60_G_03857	qaidam_basin_mmag_1773_NSL0_5_2bin51	ANI95_01059
strict	bac120	NEE60_G_03893	qaidam_basin_mmag_1773_NSL20_25bin5	ANI95_01060
strict	bac120	NEE60_G_03900	qaidam_basin_mmag_1773_NSL25_30bin14	ANI95_01061
strict	bac120	NEE60_G_03917	qaidam_basin_mmag_1773_NSL30_35bin16	ANI95_01057
strict	bac120	NEE60_G_03918	qaidam_basin_mmag_1773_NSL30_35bin17	ANI95_01062
strict	bac120	NEE60_G_03924	qaidam_basin_mmag_1773_NSL30_35bin28	ANI95_01063
strict	bac120	NEE60_G_03935	qaidam_basin_mmag_1773_NSL30_35bin8	ANI95_01064
strict	bac120	NEE60_G_03947	qaidam_basin_mmag_1773_NSL35_40bin5	ANI95_01066
strict	bac120	NEE60_G_03948	qaidam_basin_mmag_1773_NSL35_40bin6	ANI95_01067
strict	bac120	NEE60_G_03953	qaidam_basin_mmag_1773_NSLT11bin16	ANI95_01068
strict	bac120	NEE60_G_03958	qaidam_basin_mmag_1773_NSLT11bin26	ANI95_01069
strict	bac120	NEE60_G_03963	qaidam_basin_mmag_1773_NSLT12bin10	ANI95_01070
strict	bac120	NEE60_G_03967	qaidam_basin_mmag_1773_NSLT12bin4	ANI95_00861
strict	bac120	NEE60_G_03970	qaidam_basin_mmag_1773_NSLT12bin7	ANI95_01071
strict	bac120	NEE60_G_03973	qaidam_basin_mmag_1773_NSLT21bin10	ANI95_01072
strict	bac120	NEE60_G_03975	qaidam_basin_mmag_1773_NSLT21bin14	ANI95_01073
strict	bac120	NEE60_G_03978	qaidam_basin_mmag_1773_NSLT21bin2	ANI95_01074
strict	bac120	NEE60_G_03982	qaidam_basin_mmag_1773_NSLT21bin26	ANI95_01075
strict	bac120	NEE60_G_03983	qaidam_basin_mmag_1773_NSLT21bin3	ANI95_01076
strict	bac120	NEE60_G_04003	qaidam_basin_mmag_1773_NSLT22bin26	ANI95_01077
strict	bac120	NEE60_G_04006	qaidam_basin_mmag_1773_NSLT22bin30	ANI95_01078
strict	bac120	NEE60_G_04010	qaidam_basin_mmag_1773_NSLT22bin34	ANI95_01079
strict	bac120	NEE60_G_04015	qaidam_basin_mmag_1773_NSLT22bin39	ANI95_01080
strict	bac120	NEE60_G_04018	qaidam_basin_mmag_1773_NSLT22bin42	ANI95_01081
strict	bac120	NEE60_G_04022	qaidam_basin_mmag_1773_NSLT22bin47	ANI95_01082
strict	bac120	NEE60_G_04023	qaidam_basin_mmag_1773_NSLT22bin50	ANI95_01083
strict	bac120	NEE60_G_04026	qaidam_basin_mmag_1773_NSLT22bin54	ANI95_01084
strict	bac120	NEE60_G_04031	qaidam_basin_mmag_1773_NSLT22bin6	ANI95_01086
strict	bac120	NEE60_G_04033	qaidam_basin_mmag_1773_NSLT22bin9	ANI95_01087
strict	bac120	NEE60_G_04037	qaidam_basin_mmag_1773_S305CJS_Drybin12	ANI95_01088
strict	bac120	NEE60_G_04038	qaidam_basin_mmag_1773_S305CJS_Drybin13	ANI95_01089
strict	bac120	NEE60_G_04039	qaidam_basin_mmag_1773_S305CJS_Drybin14	ANI95_01090
strict	bac120	NEE60_G_04043	qaidam_basin_mmag_1773_S305CJS_Drybin19	ANI95_01091
strict	bac120	NEE60_G_04048	qaidam_basin_mmag_1773_S305CJS_Drybin4	ANI95_01092
strict	bac120	NEE60_G_04058	qaidam_basin_mmag_1773_S305CJS_Wetbin15	ANI95_01093
strict	bac120	NEE60_G_04066	qaidam_basin_mmag_1773_S305CJS_Wetbin23	ANI95_01094
strict	bac120	NEE60_G_04069	qaidam_basin_mmag_1773_S305CJS_Wetbin27	ANI95_01095
strict	bac120	NEE60_G_04074	qaidam_basin_mmag_1773_S305CJS_Wetbin31	ANI95_01096
strict	bac120	NEE60_G_04081	qaidam_basin_mmag_1773_S305CJS_Wetbin5	ANI95_01097
strict	bac120	NEE60_G_04082	qaidam_basin_mmag_1773_S305CJS_Wetbin6	ANI95_01098
strict	bac120	NEE60_G_04083	qaidam_basin_mmag_1773_S305CJS_Wetbin7	ANI95_01099
strict	bac120	NEE60_G_04088	qaidam_basin_mmag_1773_YX1bin1	ANI95_01100
strict	bac120	NEE60_G_04092	qaidam_basin_mmag_1773_YX1bin3	ANI95_01101
strict	bac120	NEE60_G_04093	qaidam_basin_mmag_1773_YX1bin8	ANI95_01102
strict	bac120	NEE60_G_04100	qaidam_basin_mmag_1773_YX2bin17	ANI95_01103
strict	bac120	NEE60_G_04109	qaidam_basin_mmag_1773_YX2bin7	ANI95_01104
strict	bac120	NEE60_G_04113	qaidam_basin_mmag_1773_YX3bin14	ANI95_01105
strict	bac120	NEE60_G_04130	stordalen_mire_2019_hybrid_mags_cmr2.MA.201907_E_1_1to5_3.fna	ANI95_01108
strict	bac120	NEE60_G_04135	stordalen_mire_2019_hybrid_mags_cmr2.MA.201907_E_1_20to24_12.fna	ANI95_01109
strict	bac120	NEE60_G_04137	stordalen_mire_2019_hybrid_mags_cmr2.MA.201907_E_1_20to24_18.fna	ANI95_01111
strict	bac120	NEE60_G_04147	stordalen_mire_2019_hybrid_mags_cmr2.MA.201907_E_1_20to24_32.fna	ANI95_01114
strict	bac120	NEE60_G_04148	stordalen_mire_2019_hybrid_mags_cmr2.MA.201907_E_1_20to24_33.fna	ANI95_01115
strict	bac120	NEE60_G_04149	stordalen_mire_2019_hybrid_mags_cmr2.MA.201907_E_1_20to24_34.fna	ANI95_01116
strict	bac120	NEE60_G_04150	stordalen_mire_2019_hybrid_mags_cmr2.MA.201907_E_1_20to24_36.fna	ANI95_01118
strict	bac120	NEE60_G_04153	stordalen_mire_2019_hybrid_mags_cmr2.MA.201907_E_1_20to24_42.fna	ANI95_01121
strict	bac120	NEE60_G_04154	stordalen_mire_2019_hybrid_mags_cmr2.MA.201907_E_1_20to24_43.fna	ANI95_01122
strict	bac120	NEE60_G_04161	stordalen_mire_2019_hybrid_mags_cmr2.MA.201907_E_1_20to24_52.fna	ANI95_01126
strict	bac120	NEE60_G_04162	stordalen_mire_2019_hybrid_mags_cmr2.MA.201907_E_1_20to24_53.fna	ANI95_01127
strict	bac120	NEE60_G_04163	stordalen_mire_2019_hybrid_mags_cmr2.MA.201907_E_1_20to24_6.fna	ANI95_01130
strict	bac120	NEE60_G_04166	stordalen_mire_2019_hybrid_mags_cmr2.MA.201907_P_1_1to5_1.fna	ANI95_01131
strict	bac120	NEE60_G_04168	stordalen_mire_2019_hybrid_mags_cmr2.MA.201907_P_1_1to5_14.fna	ANI95_01132
strict	bac120	NEE60_G_04172	stordalen_mire_2019_hybrid_mags_cmr2.MA.201907_P_1_1to5_23.fna	ANI95_01134
strict	bac120	NEE60_G_04175	stordalen_mire_2019_hybrid_mags_cmr2.MA.201907_P_1_1to5_26.fna	ANI95_01135
strict	bac120	NEE60_G_04181	stordalen_mire_2019_hybrid_mags_cmr2.MA.201907_P_1_1to5_7.fna	ANI95_01136
strict	bac120	NEE60_G_04184	stordalen_mire_2019_hybrid_mags_cmr2.MA.201907_P_1_20to24_1.fna	ANI95_01138
strict	bac120	NEE60_G_04186	stordalen_mire_2019_hybrid_mags_cmr2.MA.201907_P_1_20to24_12.fna	ANI95_01139
strict	bac120	NEE60_G_04187	stordalen_mire_2019_hybrid_mags_cmr2.MA.201907_P_1_20to24_13.fna	ANI95_01140
strict	bac120	NEE60_G_04188	stordalen_mire_2019_hybrid_mags_cmr2.MA.201907_P_1_20to24_14.fna	ANI95_01141
strict	bac120	NEE60_G_04191	stordalen_mire_2019_hybrid_mags_cmr2.MA.201907_P_1_20to24_18.fna	ANI95_01142
strict	bac120	NEE60_G_04192	stordalen_mire_2019_hybrid_mags_cmr2.MA.201907_P_1_20to24_20.fna	ANI95_01143
strict	bac120	NEE60_G_04193	stordalen_mire_2019_hybrid_mags_cmr2.MA.201907_P_1_20to24_23.fna	ANI95_01144
strict	bac120	NEE60_G_04194	stordalen_mire_2019_hybrid_mags_cmr2.MA.201907_P_1_20to24_25.fna	ANI95_01146
strict	bac120	NEE60_G_04195	stordalen_mire_2019_hybrid_mags_cmr2.MA.201907_P_1_20to24_27.fna	ANI95_01147
strict	bac120	NEE60_G_04202	stordalen_mire_2019_hybrid_mags_cmr2.MA.201907_P_1_20to24_34.fna	ANI95_01148
strict	bac120	NEE60_G_04203	stordalen_mire_2019_hybrid_mags_cmr2.MA.201907_P_1_20to24_35.fna	ANI95_01149
strict	bac120	NEE60_G_04204	stordalen_mire_2019_hybrid_mags_cmr2.MA.201907_P_1_20to24_36.fna	ANI95_01150
strict	bac120	NEE60_G_04206	stordalen_mire_2019_hybrid_mags_cmr2.MA.201907_P_1_20to24_39.fna	ANI95_01151
strict	bac120	NEE60_G_04207	stordalen_mire_2019_hybrid_mags_cmr2.MA.201907_P_1_20to24_4.fna	ANI95_01152
strict	bac120	NEE60_G_04208	stordalen_mire_2019_hybrid_mags_cmr2.MA.201907_P_1_20to24_41.fna	ANI95_01154
strict	bac120	NEE60_G_04211	stordalen_mire_2019_hybrid_mags_cmr2.MA.201907_P_1_20to24_45.fna	ANI95_01155
strict	bac120	NEE60_G_04212	stordalen_mire_2019_hybrid_mags_cmr2.MA.201907_P_1_20to24_46.fna	ANI95_01156
strict	bac120	NEE60_G_04213	stordalen_mire_2019_hybrid_mags_cmr2.MA.201907_P_1_20to24_47.fna	ANI95_01157
strict	bac120	NEE60_G_04214	stordalen_mire_2019_hybrid_mags_cmr2.MA.201907_P_1_20to24_49.fna	ANI95_01158
strict	bac120	NEE60_G_04216	stordalen_mire_2019_hybrid_mags_cmr2.MA.201907_P_1_20to24_51.fna	ANI95_00408
strict	bac120	NEE60_G_04219	stordalen_mire_2019_hybrid_mags_cmr2.MA.201907_P_1_20to24_54.fna	ANI95_01159
strict	bac120	NEE60_G_04222	stordalen_mire_2019_hybrid_mags_cmr2.MA.201907_P_1_20to24_58.fna	ANI95_01161
strict	bac120	NEE60_G_04230	stordalen_mire_2019_hybrid_mags_cmr2.MA.201907_S_1_1to5_15.fna	ANI95_01162
strict	bac120	NEE60_G_04231	stordalen_mire_2019_hybrid_mags_cmr2.MA.201907_S_1_1to5_16.fna	ANI95_01163
strict	bac120	NEE60_G_04233	stordalen_mire_2019_hybrid_mags_cmr2.MA.201907_S_1_1to5_18.fna	ANI95_01164
strict	bac120	NEE60_G_04236	stordalen_mire_2019_hybrid_mags_cmr2.MA.201907_S_1_1to5_21.fna	ANI95_01165
strict	bac120	NEE60_G_04237	stordalen_mire_2019_hybrid_mags_cmr2.MA.201907_S_1_1to5_23.fna	ANI95_01166
strict	bac120	NEE60_G_04239	stordalen_mire_2019_hybrid_mags_cmr2.MA.201907_S_1_1to5_25.fna	ANI95_01167
strict	bac120	NEE60_G_04240	stordalen_mire_2019_hybrid_mags_cmr2.MA.201907_S_1_1to5_27.fna	ANI95_01168
strict	bac120	NEE60_G_04244	stordalen_mire_2019_hybrid_mags_cmr2.MA.201907_S_1_20to24_12.fna	ANI95_01171
strict	bac120	NEE60_G_04245	stordalen_mire_2019_hybrid_mags_cmr2.MA.201907_S_1_20to24_13.fna	ANI95_01172
strict	bac120	NEE60_G_04246	stordalen_mire_2019_hybrid_mags_cmr2.MA.201907_S_1_20to24_15.fna	ANI95_01173
strict	bac120	NEE60_G_04248	stordalen_mire_2019_hybrid_mags_cmr2.MA.201907_S_1_20to24_18.fna	ANI95_01174
strict	bac120	NEE60_G_04251	stordalen_mire_2019_hybrid_mags_cmr2.MA.201907_S_1_20to24_21.fna	ANI95_01175
strict	bac120	NEE60_G_04252	stordalen_mire_2019_hybrid_mags_cmr2.MA.201907_S_1_20to24_22.fna	ANI95_01176
strict	bac120	NEE60_G_04254	stordalen_mire_2019_hybrid_mags_cmr2.MA.201907_S_1_20to24_28.fna	ANI95_01178
strict	bac120	NEE60_G_04255	stordalen_mire_2019_hybrid_mags_cmr2.MA.201907_S_1_20to24_29.fna	ANI95_01179
strict	bac120	NEE60_G_04257	stordalen_mire_2019_hybrid_mags_cmr2.MA.201907_S_1_20to24_34.fna	ANI95_01181
strict	bac120	NEE60_G_04258	stordalen_mire_2019_hybrid_mags_cmr2.MA.201907_S_1_20to24_38.fna	ANI95_01183
strict	bac120	NEE60_G_04259	stordalen_mire_2019_hybrid_mags_cmr2.MA.201907_S_1_20to24_39.fna	ANI95_01184
strict	bac120	NEE60_G_04261	stordalen_mire_2019_hybrid_mags_cmr2.MA.201907_S_1_20to24_40.fna	ANI95_00584
strict	bac120	NEE60_G_04262	stordalen_mire_2019_hybrid_mags_cmr2.MA.201907_S_1_20to24_41.fna	ANI95_01185
strict	bac120	NEE60_G_04265	stordalen_mire_2019_hybrid_mags_cmr2.MA.201907_S_1_20to24_46.fna	ANI95_01186
strict	bac120	NEE60_G_04266	stordalen_mire_2019_hybrid_mags_cmr2.MA.201907_S_1_20to24_47.fna	ANI95_01187
strict	bac120	NEE60_G_04267	stordalen_mire_2019_hybrid_mags_cmr2.MA.201907_S_1_20to24_48.fna	ANI95_01124
strict	bac120	NEE60_G_04271	stordalen_mire_2019_hybrid_mags_cmr2.MA.201907_S_1_20to24_52.fna	ANI95_01189
strict	bac120	NEE60_G_04272	stordalen_mire_2019_hybrid_mags_cmr2.MA.201907_S_1_20to24_54.fna	ANI95_01191
strict	bac120	NEE60_G_04273	stordalen_mire_2019_hybrid_mags_cmr2.MA.201907_S_1_20to24_56.fna	ANI95_01193
strict	bac120	NEE60_G_04274	stordalen_mire_2019_hybrid_mags_cmr2.MA.201907_S_1_20to24_57.fna	ANI95_01194
strict	bac120	NEE60_G_04275	stordalen_mire_2019_hybrid_mags_cmr2.MA.201907_S_1_20to24_58.fna	ANI95_01195
strict	bac120	NEE60_G_04278	stordalen_mire_2019_hybrid_mags_cmr2.MA.201907_S_1_20to24_61.fna	ANI95_01196
strict	bac120	NEE60_G_04279	stordalen_mire_2019_hybrid_mags_cmr2.MA.201907_S_1_20to24_62.fna	ANI95_01197
strict	bac120	NEE60_G_04280	stordalen_mire_2019_hybrid_mags_cmr2.MA.201907_S_1_20to24_63.fna	ANI95_01198
strict	bac120	NEE60_G_04282	stordalen_mire_2019_hybrid_mags_cmr2.MA.201907_S_1_20to24_65.fna	ANI95_00416
strict	bac120	NEE60_G_04283	stordalen_mire_2019_hybrid_mags_cmr2.MA.201907_S_1_20to24_66.fna	ANI95_01199
strict	bac120	NEE60_G_04284	stordalen_mire_2019_hybrid_mags_cmr2.MA.201907_S_1_20to24_67.fna	ANI95_01200
strict	bac120	NEE60_G_04285	stordalen_mire_2019_hybrid_mags_cmr2.MA.201907_S_1_20to24_68.fna	ANI95_01201
strict	bac120	NEE60_G_04286	stordalen_mire_2019_hybrid_mags_cmr2.MA.201907_S_1_20to24_69.fna	ANI95_01202
strict	bac120	NEE60_G_04287	stordalen_mire_2019_hybrid_mags_cmr2.MA.201907_S_1_20to24_7.fna	ANI95_01203
strict	bac120	NEE60_G_04288	stordalen_mire_2019_hybrid_mags_cmr5.MA.201907_E_1_1to5_2.fna	ANI95_01204
strict	bac120	NEE60_G_04290	stordalen_mire_2019_hybrid_mags_cmr5.MA.201907_E_1_20to24_16.fna	ANI95_01112
strict	bac120	NEE60_G_04292	stordalen_mire_2019_hybrid_mags_cmr5.MA.201907_P_1_1to5_0.fna	ANI95_01133
strict	bac120	NEE60_G_04293	stordalen_mire_2019_hybrid_mags_cmr5.MA.201907_P_1_1to5_1.fna	ANI95_01206
strict	bac120	NEE60_G_04294	stordalen_mire_2019_hybrid_mags_cmr5.MA.201907_P_1_1to5_11.fna	ANI95_01207
strict	bac120	NEE60_G_04295	stordalen_mire_2019_hybrid_mags_cmr5.MA.201907_P_1_1to5_12.fna	ANI95_01208
strict	bac120	NEE60_G_04296	stordalen_mire_2019_hybrid_mags_cmr5.MA.201907_P_1_1to5_13.fna	ANI95_01137
strict	bac120	NEE60_G_04297	stordalen_mire_2019_hybrid_mags_cmr5.MA.201907_P_1_1to5_15.fna	ANI95_01209
strict	bac120	NEE60_G_04302	stordalen_mire_2019_hybrid_mags_cmr5.MA.201907_P_1_1to5_22.fna	ANI95_01211
strict	bac120	NEE60_G_04303	stordalen_mire_2019_hybrid_mags_cmr5.MA.201907_P_1_1to5_23.fna	ANI95_01212
strict	bac120	NEE60_G_04307	stordalen_mire_2019_hybrid_mags_cmr5.MA.201907_P_1_1to5_32.fna	ANI95_01215
strict	bac120	NEE60_G_04320	stordalen_mire_2019_hybrid_mags_cmr5.MA.201907_P_1_1to5_6.fna	ANI95_01216
strict	bac120	NEE60_G_04322	stordalen_mire_2019_hybrid_mags_cmr5.MA.201907_P_1_20to24_13.fna	ANI95_01153
strict	bac120	NEE60_G_04324	stordalen_mire_2019_hybrid_mags_cmr5.MA.201907_P_1_20to24_19.fna	ANI95_01217
strict	bac120	NEE60_G_04325	stordalen_mire_2019_hybrid_mags_cmr5.MA.201907_P_1_20to24_2.fna	ANI95_01145
strict	bac120	NEE60_G_04327	stordalen_mire_2019_hybrid_mags_cmr5.MA.201907_P_1_20to24_32.fna	ANI95_01220
strict	bac120	NEE60_G_04328	stordalen_mire_2019_hybrid_mags_cmr5.MA.201907_P_1_20to24_8.fna	ANI95_01221
strict	bac120	NEE60_G_04332	stordalen_mire_2019_hybrid_mags_cmr5.MA.201907_S_1_1to5_15.fna	ANI95_01222
strict	bac120	NEE60_G_04334	stordalen_mire_2019_hybrid_mags_cmr5.MA.201907_S_1_1to5_21.fna	ANI95_01224
strict	bac120	NEE60_G_04342	stordalen_mire_2019_hybrid_mags_cmr5.MA.201907_S_1_20to24_21.fna	ANI95_01125
strict	bac120	NEE60_G_04343	stordalen_mire_2019_hybrid_mags_cmr5.MA.201907_S_1_20to24_26.fna	ANI95_01225
strict	bac120	NEE60_G_04345	stordalen_mire_2019_hybrid_mags_cmr5.MA.201907_S_1_20to24_32.fna	ANI95_01177
strict	bac120	NEE60_G_04348	stordalen_mire_2019_hybrid_mags_cmr6.MA.201907_E_1_1to5_1.fna	ANI95_01205
strict	bac120	NEE60_G_04350	stordalen_mire_2019_hybrid_mags_cmr6.MA.201907_E_1_1to5_11.fna	ANI95_01227
strict	bac120	NEE60_G_04355	stordalen_mire_2019_hybrid_mags_cmr6.MA.201907_E_1_1to5_16.fna	ANI95_01106
strict	bac120	NEE60_G_04359	stordalen_mire_2019_hybrid_mags_cmr6.MA.201907_E_1_1to5_24.fna	ANI95_01228
strict	bac120	NEE60_G_04360	stordalen_mire_2019_hybrid_mags_cmr6.MA.201907_E_1_1to5_27.fna	ANI95_01107
strict	bac120	NEE60_G_04371	stordalen_mire_2019_hybrid_mags_cmr6.MA.201907_E_1_20to24_13.fna	ANI95_01229
strict	bac120	NEE60_G_04375	stordalen_mire_2019_hybrid_mags_cmr6.MA.201907_E_1_20to24_23.fna	ANI95_01129
strict	bac120	NEE60_G_04377	stordalen_mire_2019_hybrid_mags_cmr6.MA.201907_E_1_20to24_27.fna	ANI95_01119
strict	bac120	NEE60_G_04378	stordalen_mire_2019_hybrid_mags_cmr6.MA.201907_E_1_20to24_29.fna	ANI95_01231
strict	bac120	NEE60_G_04387	stordalen_mire_2019_hybrid_mags_cmr6.MA.201907_E_1_20to24_41.fna	ANI95_01120
strict	bac120	NEE60_G_04389	stordalen_mire_2019_hybrid_mags_cmr6.MA.201907_E_1_20to24_44.fna	ANI95_01123
strict	bac120	NEE60_G_04390	stordalen_mire_2019_hybrid_mags_cmr6.MA.201907_E_1_20to24_45.fna	ANI95_01117
strict	bac120	NEE60_G_04397	stordalen_mire_2019_hybrid_mags_cmr6.MA.201907_E_1_20to24_53.fna	ANI95_01232
strict	bac120	NEE60_G_04398	stordalen_mire_2019_hybrid_mags_cmr6.MA.201907_E_1_20to24_54.fna	ANI95_01110
strict	bac120	NEE60_G_04403	stordalen_mire_2019_hybrid_mags_cmr6.MA.201907_E_1_20to24_61.fna	ANI95_01128
strict	bac120	NEE60_G_04404	stordalen_mire_2019_hybrid_mags_cmr6.MA.201907_E_1_20to24_62.fna	ANI95_01234
strict	bac120	NEE60_G_04405	stordalen_mire_2019_hybrid_mags_cmr6.MA.201907_E_1_20to24_64.fna	ANI95_01235
strict	bac120	NEE60_G_04412	stordalen_mire_2019_hybrid_mags_cmr6.MA.201907_P_1_1to5_24.fna	ANI95_01214
strict	bac120	NEE60_G_04415	stordalen_mire_2019_hybrid_mags_cmr6.MA.201907_P_1_1to5_31.fna	ANI95_01213
strict	bac120	NEE60_G_04420	stordalen_mire_2019_hybrid_mags_cmr6.MA.201907_P_1_1to5_42.fna	ANI95_01210
strict	bac120	NEE60_G_04425	stordalen_mire_2019_hybrid_mags_cmr6.MA.201907_P_1_20to24_15.fna	ANI95_01218
strict	bac120	NEE60_G_04430	stordalen_mire_2019_hybrid_mags_cmr6.MA.201907_P_1_20to24_23.fna	ANI95_01236
strict	bac120	NEE60_G_04435	stordalen_mire_2019_hybrid_mags_cmr6.MA.201907_P_1_20to24_4.fna	ANI95_01160
strict	bac120	NEE60_G_04437	stordalen_mire_2019_hybrid_mags_cmr6.MA.201907_P_1_20to24_44.fna	ANI95_01237
strict	bac120	NEE60_G_04442	stordalen_mire_2019_hybrid_mags_cmr6.MA.201907_P_1_20to24_8.fna	ANI95_01219
strict	bac120	NEE60_G_04443	stordalen_mire_2019_hybrid_mags_cmr6.MA.201907_S_1_1to5_1.fna	ANI95_01238
strict	bac120	NEE60_G_04445	stordalen_mire_2019_hybrid_mags_cmr6.MA.201907_S_1_1to5_13.fna	ANI95_01239
strict	bac120	NEE60_G_04446	stordalen_mire_2019_hybrid_mags_cmr6.MA.201907_S_1_1to5_14.fna	ANI95_01169
strict	bac120	NEE60_G_04447	stordalen_mire_2019_hybrid_mags_cmr6.MA.201907_S_1_1to5_16.fna	ANI95_01240
strict	bac120	NEE60_G_04456	stordalen_mire_2019_hybrid_mags_cmr6.MA.201907_S_1_1to5_36.fna	ANI95_01241
strict	bac120	NEE60_G_04457	stordalen_mire_2019_hybrid_mags_cmr6.MA.201907_S_1_1to5_37.fna	ANI95_01242
strict	bac120	NEE60_G_04460	stordalen_mire_2019_hybrid_mags_cmr6.MA.201907_S_1_1to5_40.fna	ANI95_01223
strict	bac120	NEE60_G_04464	stordalen_mire_2019_hybrid_mags_cmr6.MA.201907_S_1_20to24_13.fna	ANI95_01182
strict	bac120	NEE60_G_04466	stordalen_mire_2019_hybrid_mags_cmr6.MA.201907_S_1_20to24_2.fna	ANI95_01170
strict	bac120	NEE60_G_04467	stordalen_mire_2019_hybrid_mags_cmr6.MA.201907_S_1_20to24_23.fna	ANI95_01190
strict	bac120	NEE60_G_04470	stordalen_mire_2019_hybrid_mags_cmr6.MA.201907_S_1_20to24_36.fna	ANI95_01243
strict	bac120	NEE60_G_04472	stordalen_mire_2019_hybrid_mags_cmr6.MA.201907_S_1_20to24_44.fna	ANI95_01188
strict	bac120	NEE60_G_04473	stordalen_mire_2019_hybrid_mags_cmr6.MA.201907_S_1_20to24_45.fna	ANI95_01192
strict	bac120	NEE60_G_04476	stordalen_mire_2019_hybrid_mags_cmr6.MA.201907_S_1_20to24_57.fna	ANI95_01226
strict	ar53	NEE60_G_00019	GCA_016782145.1	ANI95_00011
strict	ar53	NEE60_G_00021	GCA_016782245.1	ANI95_00012
strict	ar53	NEE60_G_00716	GCA_050749105.1_genomic	ANI95_00204
strict	ar53	NEE60_G_00719	GCA_050749225.1_genomic	ANI95_00205
strict	ar53	NEE60_G_00720	GCA_050749285.1_genomic	ANI95_00206
strict	ar53	NEE60_G_00722	GCA_050749325.1_genomic	ANI95_00207
strict	ar53	NEE60_G_00724	GCA_050749405.1_genomic	ANI95_00208
strict	ar53	NEE60_G_00725	GCA_050749465.1_genomic	ANI95_00209
strict	ar53	NEE60_G_00728	GCA_050749545.1_genomic	ANI95_00210
strict	ar53	NEE60_G_00731	GCA_050749665.1_genomic	ANI95_00211
strict	ar53	NEE60_G_00735	GCA_050749785.1_genomic	ANI95_00212
strict	ar53	NEE60_G_00815	NEE56_danakil__GCA_034190465.1	ANI95_00244
strict	ar53	NEE60_G_00818	NEE56_danakil__GCA_034190545.1	ANI95_00245
strict	ar53	NEE60_G_00835	NEE56_danakil__GCA_042216335.1	ANI95_00246
strict	ar53	NEE60_G_00865	NEE56_danakil__GCA_042217505.1	ANI95_00247
strict	ar53	NEE60_G_00866	NEE56_danakil__GCA_042217545.1	ANI95_00248
strict	ar53	NEE60_G_00867	NEE56_danakil__GCA_042217555.1	ANI95_00249
strict	ar53	NEE60_G_00884	NEE56_danakil__GCA_042218075.1	ANI95_00252
strict	ar53	NEE60_G_00889	NEE56_danakil__GCA_042218325.1	ANI95_00253
strict	ar53	NEE60_G_00913	NEE56_danakil__GCA_042219495.1	ANI95_00257
strict	ar53	NEE60_G_00922	NEE56_danakil__GCF_042216475.1	ANI95_00258
strict	ar53	NEE60_G_00923	NEE56_danakil__GCF_042218505.1	ANI95_00259
strict	ar53	NEE60_G_00929	NEE56_mackay__GCA_013694585.1	ANI95_00260
strict	ar53	NEE60_G_01285	NEE56_mackay__GCA_013821245.1	ANI95_00355
strict	ar53	NEE60_G_01372	alaska_permafrost_reference_GCA_003141855.1_20120800_E1X_genomic	ANI95_00397
strict	ar53	NEE60_G_01380	alaska_permafrost_reference_GCA_003151535.1_20120700_P3D_genomic	ANI95_00404
strict	ar53	NEE60_G_01654	alaska_permafrost_reference_SRR3985190rbin.8	ANI95_00528
strict	ar53	NEE60_G_01889	atacama_halite_rainfall_prjna484015_SG1_Halobacteriaceae_68_17	ANI95_00596
strict	ar53	NEE60_G_01911	atacama_halite_rainfall_prjna484015_SG1_Nanohaloarchaea_45_10	ANI95_00598
strict	ar53	NEE60_G_01912	atacama_halite_rainfall_prjna484015_SG1_Nanohaloarchaea_45_8	ANI95_00599
strict	ar53	NEE60_G_01913	atacama_halite_rainfall_prjna484015_SG1_Nanohaloarchaea_46_23	ANI95_00600
strict	ar53	NEE60_G_01914	atacama_halite_rainfall_prjna484015_SG1_Natrialbaceae_64_9	ANI95_00601
strict	ar53	NEE60_G_01921	atacama_salt_crust_prjna351262_GCA_003009755.1_ASM300975v1_genomic	ANI95_00603
strict	ar53	NEE60_G_01923	atacama_salt_crust_prjna351262_GCA_003009795.1_ASM300979v1_genomic	ANI95_00604
strict	ar53	NEE60_G_01927	atacama_salt_crust_prjna351262_GCA_003020945.1_ASM302094v1_genomic	ANI95_00605
strict	ar53	NEE60_G_01935	atacama_salt_crust_prjna351262_GCA_003021175.1_ASM302117v1_genomic	ANI95_00606
strict	ar53	NEE60_G_01947	atacama_salt_crust_prjna351262_GCA_003021785.1_ASM302178v1_genomic	ANI95_00607
strict	ar53	NEE60_G_01984	desert2025__GCA_030773015.1	ANI95_00610
strict	ar53	NEE60_G_02925	qaidam_basin_mmag_1773_CHGYbin30	ANI95_00826
strict	ar53	NEE60_G_03173	qaidam_basin_mmag_1773_CJS_1_0912bin43	ANI95_00871
strict	ar53	NEE60_G_03387	qaidam_basin_mmag_1773_DLTSQ0_15bin63	ANI95_00925
strict	ar53	NEE60_G_03444	qaidam_basin_mmag_1773_DLTYbin14	ANI95_00938
strict	ar53	NEE60_G_03475	qaidam_basin_mmag_1773_FCHGbin25	ANI95_00945
strict	ar53	NEE60_G_03942	qaidam_basin_mmag_1773_NSL35_40bin19	ANI95_01065
strict	ar53	NEE60_G_04027	qaidam_basin_mmag_1773_NSLT22bin56	ANI95_01085
strict	ar53	NEE60_G_04376	stordalen_mire_2019_hybrid_mags_cmr6.MA.201907_E_1_20to24_24.fna	ANI95_01230
strict	ar53	NEE60_G_04402	stordalen_mire_2019_hybrid_mags_cmr6.MA.201907_E_1_20to24_59.fna	ANI95_01233
strict	ar53	NEE60_G_04406	stordalen_mire_2019_hybrid_mags_cmr6.MA.201907_E_1_20to24_66.fna	ANI95_01113
strict	ar53	NEE60_G_04471	stordalen_mire_2019_hybrid_mags_cmr6.MA.201907_S_1_20to24_39.fna	ANI95_01180
strict	ar53	NEE60_G_04477	stordalen_mire_2019_hybrid_mags_cmr6.MA.201907_S_1_20to24_8.fna	ANI95_01244
