domain,stratum,KO,gene,strategy_axis,module,n_tips,n_present,prevalence,n_sources,observed_score,observed_normalized,n_permutations,null_model,null_mean,null_sd,null_q025,null_q50,null_q975,observed_minus_null,z_score,p_greater,p_less,null_unique_scores,p_greater_bh,p_less_bh,null_interpretation,variable_trait,provenance
Archaea,primary_ANI95_representatives,K00130,"betB, gbsA",cell_maintenance,osmotic_desiccation_salt,233,0,0,6,0,0,999,global_prevalence_preserving,0,0,0,0,0,0,,1,1,1,1,1,not_distinguished_from_null,FALSE,unchanged_trait_archived_raw_statistic
Archaea,primary_ANI95_representatives,K00383,"GSR, gor",cell_maintenance,oxidative_redox,233,0,0,6,0,0,999,global_prevalence_preserving,0,0,0,0,0,0,,1,1,1,1,1,not_distinguished_from_null,FALSE,unchanged_trait_archived_raw_statistic
Archaea,primary_ANI95_representatives,K00384,"trxB, TRR",cell_maintenance,oxidative_redox,233,165,0.708154506437768,6,48,0.206896551724138,999,global_prevalence_preserving,58.8808808808809,2.73711681184933,53.95,59,64,-10.8808808808809,-3.97530745994331,1,0.002,19,1,0.00464285714285714,fewer_transitions_than_null,TRUE,unchanged_trait_archived_raw_statistic
Archaea,primary_ANI95_representatives,K00697,otsA,cell_maintenance,osmotic_desiccation_salt,233,97,0.416309012875536,6,43,0.185344827586207,999,global_prevalence_preserving,74.2402402402403,3.75506903121643,67,74,81,-31.2402402402402,-8.3194849363715,1,0.001,25,1,0.00240740740740741,fewer_transitions_than_null,TRUE,unchanged_trait_archived_raw_statistic
Archaea,primary_ANI95_representatives,K01087,otsB,cell_maintenance,osmotic_desiccation_salt,233,95,0.407725321888412,6,46,0.198275862068966,999,global_prevalence_preserving,73.7437437437438,3.84473176217073,66,74,81,-27.7437437437438,-7.21604144578337,1,0.001,25,1,0.00240740740740741,fewer_transitions_than_null,TRUE,unchanged_trait_archived_raw_statistic
Archaea,primary_ANI95_representatives,K01139,spoT,cell_maintenance,dormancy_resuscitation,233,0,0,6,0,0,999,global_prevalence_preserving,0,0,0,0,0,0,,1,1,1,1,1,not_distinguished_from_null,FALSE,unchanged_trait_archived_raw_statistic
Archaea,primary_ANI95_representatives,K01546,kdpA,cell_maintenance,osmotic_desiccation_salt,233,21,0.0901287553648069,6,15,0.0646551724137931,999,global_prevalence_preserving,20.3653653653654,0.775140844168487,19,21,21,-5.36536536536537,-6.92179415615871,1,0.001,5,1,0.00240740740740741,fewer_transitions_than_null,TRUE,unchanged_trait_archived_raw_statistic
Archaea,primary_ANI95_representatives,K01547,kdpB,cell_maintenance,osmotic_desiccation_salt,233,23,0.0987124463519313,6,14,0.0603448275862069,999,global_prevalence_preserving,22.2182182182182,0.864826154196557,20,22,23,-8.21821821821822,-9.50274014995896,1,0.001,6,1,0.00240740740740741,fewer_transitions_than_null,TRUE,unchanged_trait_archived_raw_statistic
Archaea,primary_ANI95_representatives,K01548,kdpC,cell_maintenance,osmotic_desiccation_salt,233,22,0.0944206008583691,6,16,0.0689655172413793,999,global_prevalence_preserving,21.2892892892893,0.825079941104989,19,21,22,-5.28928928928929,-6.41063856455606,1,0.001,5,1,0.00240740740740741,fewer_transitions_than_null,TRUE,unchanged_trait_archived_raw_statistic
Archaea,primary_ANI95_representatives,K01669,"phr, PHR1",cell_maintenance,dna_repair_radiation,233,80,0.343347639484979,6,45,0.193965517241379,999,global_prevalence_preserving,66.4624624624625,3.30487317695761,60,67,72,-21.4624624624625,-6.49418640694113,1,0.001,21,1,0.00240740740740741,fewer_transitions_than_null,TRUE,unchanged_trait_archived_raw_statistic
Archaea,primary_ANI95_representatives,K02000,proV,cell_maintenance,osmotic_desiccation_salt,233,3,0.0128755364806867,6,3,0.0129310344827586,999,global_prevalence_preserving,2.99399399399399,0.0773040477307302,3,3,3,0.00600600600600609,0.0776932926840591,0.994,1,2,1,1,not_distinguished_from_null,TRUE,unchanged_trait_archived_raw_statistic
Archaea,primary_ANI95_representatives,K02001,proW,cell_maintenance,osmotic_desiccation_salt,233,3,0.0128755364806867,6,3,0.0129310344827586,999,global_prevalence_preserving,2.99099099099099,0.104598281630048,3,3,3,0.00900900900900892,0.0861296081409135,0.992,1,3,1,1,not_distinguished_from_null,TRUE,unchanged_trait_archived_raw_statistic
Archaea,primary_ANI95_representatives,K02002,proX,cell_maintenance,osmotic_desiccation_salt,233,3,0.0128755364806867,6,3,0.0129310344827586,999,global_prevalence_preserving,2.99099099099099,0.0945346100850198,3,3,3,0.00900900900900892,0.0952985261261104,0.991,1,2,1,1,not_distinguished_from_null,TRUE,unchanged_trait_archived_raw_statistic
Archaea,primary_ANI95_representatives,K03386,"PRDX2_4, ahpC",cell_maintenance,oxidative_redox,233,10,0.0429184549356223,6,7,0.0301724137931035,999,global_prevalence_preserving,9.88188188188188,0.341020016076464,9,10,10,-2.88188188188188,-8.45077047100867,1,0.001,3,1,0.00240740740740741,fewer_transitions_than_null,TRUE,unchanged_trait_archived_raw_statistic
Archaea,primary_ANI95_representatives,K03387,ahpF,cell_maintenance,oxidative_redox,233,5,0.0214592274678112,6,3,0.0129310344827586,999,global_prevalence_preserving,4.97297297297297,0.162243385388975,4,5,5,-1.97297297297297,-12.1605757192678,1,0.001,2,1,0.00240740740740741,fewer_transitions_than_null,TRUE,unchanged_trait_archived_raw_statistic
Archaea,primary_ANI95_representatives,K03553,recA,cell_maintenance,dna_repair_radiation,233,3,0.0128755364806867,6,3,0.0129310344827586,999,global_prevalence_preserving,2.99199199199199,0.0891730879535195,3,3,3,0.00800800800800783,0.0898029684940586,0.992,1,2,1,1,not_distinguished_from_null,TRUE,unchanged_trait_archived_raw_statistic
Archaea,primary_ANI95_representatives,K03555,mutS,cell_maintenance,dna_repair_radiation,233,150,0.643776824034335,6,20,0.0862068965517242,999,global_prevalence_preserving,68.0640640640641,3.23927239843186,62,68,74,-48.0640640640641,-14.8379198017839,1,0.001,22,1,0.00240740740740741,fewer_transitions_than_null,TRUE,unchanged_trait_archived_raw_statistic
Archaea,primary_ANI95_representatives,K03572,mutL,cell_maintenance,dna_repair_radiation,233,130,0.55793991416309,6,36,0.155172413793103,999,global_prevalence_preserving,76.3533533533534,3.89494640286983,68.95,76,84,-40.3533533533534,-10.3604386760292,1,0.001,26,1,0.00240740740740741,fewer_transitions_than_null,TRUE,unchanged_trait_archived_raw_statistic
Archaea,primary_ANI95_representatives,K03581,recD,cell_maintenance,dna_repair_radiation,233,1,0.00429184549356223,6,1,0.00431034482758621,999,global_prevalence_preserving,1,0,1,1,1,0,,1,1,1,1,1,not_distinguished_from_null,TRUE,unchanged_trait_archived_raw_statistic
Archaea,primary_ANI95_representatives,K03582,recB,cell_maintenance,dna_repair_radiation,233,0,0,6,0,0,999,global_prevalence_preserving,0,0,0,0,0,0,,1,1,1,1,1,not_distinguished_from_null,FALSE,unchanged_trait_archived_raw_statistic
Archaea,primary_ANI95_representatives,K03583,recC,cell_maintenance,dna_repair_radiation,233,1,0.00429184549356223,6,1,0.00431034482758621,999,global_prevalence_preserving,1,0,1,1,1,0,,1,1,1,1,1,not_distinguished_from_null,TRUE,unchanged_trait_archived_raw_statistic
Archaea,primary_ANI95_representatives,K03657,"uvrD, pcrA",cell_maintenance,dna_repair_radiation,233,8,0.0343347639484979,6,7,0.0301724137931035,999,global_prevalence_preserving,7.90790790790791,0.299511170760538,7,8,8,-0.907907907907908,-3.03129898495101,0.997,0.09,3,1,0.1828125,not_distinguished_from_null,TRUE,unchanged_trait_archived_raw_statistic
Archaea,primary_ANI95_representatives,K03671,"TXN, trxA",cell_maintenance,oxidative_redox,233,132,0.566523605150215,6,45,0.193965517241379,999,global_prevalence_preserving,75.4954954954955,4.02867101038911,67,75,83,-30.4954954954955,-7.56961673386928,1,0.001,25,1,0.00240740740740741,fewer_transitions_than_null,TRUE,unchanged_trait_archived_raw_statistic
Archaea,primary_ANI95_representatives,K03701,uvrA,cell_maintenance,dna_repair_radiation,233,192,0.824034334763949,6,32,0.137931034482759,999,global_prevalence_preserving,38.2432432432432,1.55972991466642,35,38,41,-6.24324324324324,-4.00277200849769,0.999,0.003,10,1,0.00672413793103448,fewer_transitions_than_null,TRUE,unchanged_trait_archived_raw_statistic
Archaea,primary_ANI95_representatives,K03702,uvrB,cell_maintenance,dna_repair_radiation,233,177,0.759656652360515,6,45,0.193965517241379,999,global_prevalence_preserving,50.1941941941942,2.20500576579307,45,50,54,-5.1941941941942,-2.35563746579411,0.986,0.027,15,1,0.0585,not_distinguished_from_null,TRUE,unchanged_trait_archived_raw_statistic
Archaea,primary_ANI95_representatives,K03703,uvrC,cell_maintenance,dna_repair_radiation,233,189,0.811158798283262,6,33,0.142241379310345,999,global_prevalence_preserving,40.6676676676677,1.70278142897301,37,41,44,-7.66766766766767,-4.50302518996359,1,0.001,10,1,0.00240740740740741,fewer_transitions_than_null,TRUE,unchanged_trait_archived_raw_statistic
Archaea,primary_ANI95_representatives,K03704,cspA,cell_maintenance,cold_protein_quality,233,95,0.407725321888412,6,43,0.185344827586207,999,global_prevalence_preserving,73.5395395395395,3.66347243045251,66.95,73,80.05,-30.5395395395395,-8.33622747797431,1,0.001,24,1,0.00240740740740741,fewer_transitions_than_null,TRUE,unchanged_trait_archived_raw_statistic
Archaea,primary_ANI95_representatives,K03781,"katE, CAT, catB, srpA",cell_maintenance,oxidative_redox,233,15,0.0643776824034335,6,13,0.0560344827586207,999,global_prevalence_preserving,14.6966966966967,0.534481468321451,13,15,15,-1.6966966966967,-3.17447245088816,0.999,0.036,4,1,0.0754838709677419,not_distinguished_from_null,TRUE,unchanged_trait_archived_raw_statistic
Archaea,primary_ANI95_representatives,K03782,katG,cell_maintenance,oxidative_redox,233,93,0.399141630901288,6,56,0.241379310344828,999,global_prevalence_preserving,72.6956956956957,3.54409547232088,66,73,79,-16.6956956956957,-4.71084817722542,1,0.001,23,1,0.00240740740740741,fewer_transitions_than_null,TRUE,unchanged_trait_archived_raw_statistic
Archaea,primary_ANI95_representatives,K04047,dps,cell_maintenance,dna_repair_radiation,233,135,0.579399141630901,6,41,0.176724137931034,999,global_prevalence_preserving,74.7977977977978,3.86484530267154,67,75,82,-33.7977977977978,-8.74492900774976,1,0.001,23,1,0.00240740740740741,fewer_transitions_than_null,TRUE,unchanged_trait_archived_raw_statistic
Archaea,primary_ANI95_representatives,K04564,SOD2,cell_maintenance,oxidative_redox,233,195,0.836909871244635,6,29,0.125,999,global_prevalence_preserving,35.6356356356356,1.45313267133196,33,36,38,-6.63563563563564,-4.56643482494502,1,0.001,9,1,0.00240740740740741,fewer_transitions_than_null,TRUE,unchanged_trait_archived_raw_statistic
Archaea,primary_ANI95_representatives,K04565,SOD1,cell_maintenance,oxidative_redox,233,2,0.00858369098712446,6,2,0.00862068965517241,999,global_prevalence_preserving,1.996996996997,0.0547447254163619,2,2,2,0.00300300300300305,0.0548546545838647,0.997,1,2,1,1,not_distinguished_from_null,TRUE,unchanged_trait_archived_raw_statistic
Archaea,primary_ANI95_representatives,K05343,treS,cell_maintenance,osmotic_desiccation_salt,233,40,0.171673819742489,6,27,0.116379310344828,999,global_prevalence_preserving,37.4724724724725,1.54069480233462,34,38,40,-10.4724724724725,-6.797240087137,1,0.001,10,1,0.00240740740740741,fewer_transitions_than_null,TRUE,unchanged_trait_archived_raw_statistic
Archaea,primary_ANI95_representatives,K05592,"deaD, cshA",cell_maintenance,cold_protein_quality,233,25,0.107296137339056,6,14,0.0603448275862069,999,global_prevalence_preserving,24.0900900900901,0.916281088945856,22,24,25,-10.0900900900901,-11.0120029888408,1,0.001,5,1,0.00240740740740741,fewer_transitions_than_null,TRUE,unchanged_trait_archived_raw_statistic
Archaea,primary_ANI95_representatives,K06381,spoIID,cell_maintenance,dormancy_resuscitation,233,0,0,6,0,0,999,global_prevalence_preserving,0,0,0,0,0,0,,1,1,1,1,1,not_distinguished_from_null,FALSE,unchanged_trait_archived_raw_statistic
Archaea,primary_ANI95_representatives,K06390,spoIIIAA,cell_maintenance,dormancy_resuscitation,233,0,0,6,0,0,999,global_prevalence_preserving,0,0,0,0,0,0,,1,1,1,1,1,not_distinguished_from_null,FALSE,unchanged_trait_archived_raw_statistic
Archaea,primary_ANI95_representatives,K06718,ectA,cell_maintenance,osmotic_desiccation_salt,233,1,0.00429184549356223,6,1,0.00431034482758621,999,global_prevalence_preserving,1,0,1,1,1,0,,1,1,1,1,1,not_distinguished_from_null,TRUE,unchanged_trait_archived_raw_statistic
Archaea,primary_ANI95_representatives,K06720,ectC,cell_maintenance,osmotic_desiccation_salt,233,1,0.00429184549356223,6,1,0.00431034482758621,999,global_prevalence_preserving,1,0,1,1,1,0,,1,1,1,1,1,not_distinguished_from_null,TRUE,unchanged_trait_archived_raw_statistic
Archaea,primary_ANI95_representatives,K07646,kdpD,cell_maintenance,osmotic_desiccation_salt,233,7,0.0300429184549356,6,4,0.0172413793103448,999,global_prevalence_preserving,6.93893893893894,0.247786342275176,6,7,7,-2.93893893893894,-11.8607785721908,1,0.001,3,1,0.00240740740740741,fewer_transitions_than_null,TRUE,unchanged_trait_archived_raw_statistic
Archaea,primary_ANI95_representatives,K07667,kdpE,cell_maintenance,osmotic_desiccation_salt,233,0,0,6,0,0,999,global_prevalence_preserving,0,0,0,0,0,0,,1,1,1,1,1,not_distinguished_from_null,FALSE,unchanged_trait_archived_raw_statistic
Archaea,primary_ANI95_representatives,K07699,spo0A,cell_maintenance,dormancy_resuscitation,233,0,0,6,0,0,999,global_prevalence_preserving,0,0,0,0,0,0,,1,1,1,1,1,not_distinguished_from_null,FALSE,unchanged_trait_archived_raw_statistic
Archaea,primary_ANI95_representatives,K10255,"FAD6, desA",cell_maintenance,cold_protein_quality,233,0,0,6,0,0,999,global_prevalence_preserving,0,0,0,0,0,0,,1,1,1,1,1,not_distinguished_from_null,FALSE,unchanged_trait_archived_raw_statistic
Archaea,primary_ANI95_representatives,K10674,ectD,cell_maintenance,osmotic_desiccation_salt,233,0,0,6,0,0,999,global_prevalence_preserving,0,0,0,0,0,0,,1,1,1,1,1,not_distinguished_from_null,FALSE,unchanged_trait_archived_raw_statistic
Archaea,primary_ANI95_representatives,K00436,hoxH,energy_acquisition,trace_gas_energy,233,2,0.00858369098712446,6,2,0.00862068965517241,999,global_prevalence_preserving,1.996996996997,0.0547447254163617,2,2,2,0.00300300300300305,0.0548546545838648,0.997,1,2,1,1,not_distinguished_from_null,TRUE,unchanged_trait_archived_raw_statistic
Archaea,primary_ANI95_representatives,K00437,hydB,energy_acquisition,trace_gas_energy,233,0,0,6,0,0,999,global_prevalence_preserving,0,0,0,0,0,0,,1,1,1,1,1,not_distinguished_from_null,FALSE,unchanged_trait_archived_raw_statistic
Archaea,primary_ANI95_representatives,K00440,frhA,energy_acquisition,trace_gas_energy,233,9,0.0386266094420601,6,5,0.021551724137931,999,global_prevalence_preserving,8.8958958958959,0.318395862132692,8,9,9,-3.8958958958959,-12.2360129613502,1,0.001,3,1,0.00240740740740741,fewer_transitions_than_null,TRUE,unchanged_trait_archived_raw_statistic
Archaea,primary_ANI95_representatives,K00441,frhB,energy_acquisition,trace_gas_energy,233,71,0.304721030042918,6,44,0.189655172413793,999,global_prevalence_preserving,61.03003003003,2.83428393601614,55,61,66,-17.03003003003,-6.0085829135268,1,0.001,18,1,0.00240740740740741,fewer_transitions_than_null,TRUE,unchanged_trait_archived_raw_statistic
Archaea,primary_ANI95_representatives,K01601,"rbcL, cbbL",energy_acquisition,trace_gas_energy,233,41,0.175965665236052,6,29,0.125,999,global_prevalence_preserving,38.2172172172172,1.57887604421305,35,38,41,-9.21721721721722,-5.83783461089329,1,0.001,9,1,0.00240740740740741,fewer_transitions_than_null,TRUE,unchanged_trait_archived_raw_statistic
Archaea,primary_ANI95_representatives,K01602,"rbcS, cbbS",energy_acquisition,trace_gas_energy,233,1,0.00429184549356223,6,1,0.00431034482758621,999,global_prevalence_preserving,1,0,1,1,1,0,,1,1,1,1,1,not_distinguished_from_null,TRUE,unchanged_trait_archived_raw_statistic
Archaea,primary_ANI95_representatives,K03518,coxS,energy_acquisition,trace_gas_energy,233,63,0.270386266094421,6,40,0.172413793103448,999,global_prevalence_preserving,55.6026026026026,2.54483508393808,50,56,60,-15.6026026026026,-6.1310859399415,1,0.001,16,1,0.00240740740740741,fewer_transitions_than_null,TRUE,unchanged_trait_archived_raw_statistic
Archaea,primary_ANI95_representatives,K03519,"coxM, cutM",energy_acquisition,trace_gas_energy,233,65,0.278969957081545,6,39,0.168103448275862,999,global_prevalence_preserving,56.8638638638639,2.55392453815273,52,57,62,-17.8638638638639,-6.99467176770418,1,0.001,17,1,0.00240740740740741,fewer_transitions_than_null,TRUE,unchanged_trait_archived_raw_statistic
Archaea,primary_ANI95_representatives,K03520,"coxL, cutL",energy_acquisition,trace_gas_energy,233,52,0.223175965665236,6,31,0.133620689655172,999,global_prevalence_preserving,47.1481481481481,2.06557674479826,43,47,51,-16.1481481481481,-7.81774300510208,1,0.001,15,1,0.00240740740740741,fewer_transitions_than_null,TRUE,unchanged_trait_archived_raw_statistic
Archaea,primary_ANI95_representatives,K04641,bop,energy_acquisition,light_energy,233,68,0.291845493562232,6,35,0.150862068965517,999,global_prevalence_preserving,58.994994994995,2.75393232696411,53,59,64,-23.994994994995,-8.71299369271236,1,0.001,17,1,0.00240740740740741,fewer_transitions_than_null,TRUE,unchanged_trait_archived_raw_statistic
Archaea,primary_ANI95_representatives,K04642,hop,energy_acquisition,light_energy,233,43,0.184549356223176,6,30,0.129310344827586,999,global_prevalence_preserving,39.8918918918919,1.74826691289452,36,40,43,-9.89189189189189,-5.65811308269535,1,0.001,11,1,0.00240740740740741,fewer_transitions_than_null,TRUE,unchanged_trait_archived_raw_statistic
Archaea,primary_ANI95_representatives,K11180,dsrA,energy_acquisition,sulfur_chemolithotrophy,233,0,0,6,0,0,999,global_prevalence_preserving,0,0,0,0,0,0,,1,1,1,1,1,not_distinguished_from_null,FALSE,unchanged_trait_archived_raw_statistic
Archaea,primary_ANI95_representatives,K11181,dsrB,energy_acquisition,sulfur_chemolithotrophy,233,0,0,6,0,0,999,global_prevalence_preserving,0,0,0,0,0,0,,1,1,1,1,1,not_distinguished_from_null,FALSE,unchanged_trait_archived_raw_statistic
Archaea,primary_ANI95_representatives,K17222,soxA,energy_acquisition,sulfur_chemolithotrophy,233,0,0,6,0,0,999,global_prevalence_preserving,0,0,0,0,0,0,,1,1,1,1,1,not_distinguished_from_null,FALSE,unchanged_trait_archived_raw_statistic
Archaea,primary_ANI95_representatives,K17223,soxX,energy_acquisition,sulfur_chemolithotrophy,233,0,0,6,0,0,999,global_prevalence_preserving,0,0,0,0,0,0,,1,1,1,1,1,not_distinguished_from_null,FALSE,unchanged_trait_archived_raw_statistic
Archaea,primary_ANI95_representatives,K17224,soxB,energy_acquisition,sulfur_chemolithotrophy,233,1,0.00429184549356223,6,1,0.00431034482758621,999,global_prevalence_preserving,1,0,1,1,1,0,,1,1,1,1,1,not_distinguished_from_null,TRUE,unchanged_trait_archived_raw_statistic
Archaea,primary_ANI95_representatives,K17225,soxC,energy_acquisition,sulfur_chemolithotrophy,233,0,0,6,0,0,999,global_prevalence_preserving,0,0,0,0,0,0,,1,1,1,1,1,not_distinguished_from_null,FALSE,unchanged_trait_archived_raw_statistic
Archaea,primary_ANI95_representatives,K17229,fccB,energy_acquisition,sulfur_chemolithotrophy,233,0,0,6,0,0,999,global_prevalence_preserving,0,0,0,0,0,0,,1,1,1,1,1,not_distinguished_from_null,FALSE,unchanged_trait_archived_raw_statistic
Archaea,primary_ANI95_representatives,K00066,algD,surface_retention,biofilm_eps_surface,233,0,0,6,0,0,999,global_prevalence_preserving,0,0,0,0,0,0,,1,1,1,1,1,not_distinguished_from_null,FALSE,unchanged_trait_archived_raw_statistic
Archaea,primary_ANI95_representatives,K00694,bcsA,surface_retention,biofilm_eps_surface,233,0,0,6,0,0,999,global_prevalence_preserving,0,0,0,0,0,0,,1,1,1,1,1,not_distinguished_from_null,FALSE,unchanged_trait_archived_raw_statistic
Archaea,primary_ANI95_representatives,K11935,pgaA,surface_retention,biofilm_eps_surface,233,1,0.00429184549356223,6,1,0.00431034482758621,999,global_prevalence_preserving,1,0,1,1,1,0,,1,1,1,1,1,not_distinguished_from_null,TRUE,unchanged_trait_archived_raw_statistic
Archaea,primary_ANI95_representatives,K20543,bcsC,surface_retention,biofilm_eps_surface,233,1,0.00429184549356223,6,1,0.00431034482758621,999,global_prevalence_preserving,1,0,1,1,1,0,,1,1,1,1,1,not_distinguished_from_null,TRUE,unchanged_trait_archived_raw_statistic
Archaea,primary_ANI95_representatives,K00130,"betB, gbsA",cell_maintenance,osmotic_desiccation_salt,233,0,0,6,0,0,999,within_source_prevalence_preserving,0,0,0,0,0,0,,1,1,1,1,1,not_distinguished_from_null,FALSE,unchanged_trait_archived_raw_statistic
Archaea,primary_ANI95_representatives,K00383,"GSR, gor",cell_maintenance,oxidative_redox,233,0,0,6,0,0,999,within_source_prevalence_preserving,0,0,0,0,0,0,,1,1,1,1,1,not_distinguished_from_null,FALSE,unchanged_trait_archived_raw_statistic
Archaea,primary_ANI95_representatives,K00384,"trxB, TRR",cell_maintenance,oxidative_redox,233,165,0.708154506437768,6,48,0.206896551724138,999,within_source_prevalence_preserving,58.8128128128128,2.81848962451929,53,59,64,-10.8128128128128,-3.83638553030224,0.999,0.002,20,1,0.0068421052631579,fewer_transitions_than_null,TRUE,unchanged_trait_archived_raw_statistic
Archaea,primary_ANI95_representatives,K00697,otsA,cell_maintenance,osmotic_desiccation_salt,233,97,0.416309012875536,6,43,0.185344827586207,999,within_source_prevalence_preserving,63.1721721721722,3.87717052616522,56,63,71,-20.1721721721722,-5.20280757218171,1,0.001,23,1,0.00382352941176471,fewer_transitions_than_null,TRUE,unchanged_trait_archived_raw_statistic
Archaea,primary_ANI95_representatives,K01087,otsB,cell_maintenance,osmotic_desiccation_salt,233,95,0.407725321888412,6,46,0.198275862068966,999,within_source_prevalence_preserving,64.7347347347347,3.72484276338327,57,65,72,-18.7347347347347,-5.02967129751217,1,0.001,24,1,0.00382352941176471,fewer_transitions_than_null,TRUE,unchanged_trait_archived_raw_statistic
Archaea,primary_ANI95_representatives,K01139,spoT,cell_maintenance,dormancy_resuscitation,233,0,0,6,0,0,999,within_source_prevalence_preserving,0,0,0,0,0,0,,1,1,1,1,1,not_distinguished_from_null,FALSE,unchanged_trait_archived_raw_statistic
Archaea,primary_ANI95_representatives,K01546,kdpA,cell_maintenance,osmotic_desiccation_salt,233,21,0.0901287553648069,6,15,0.0646551724137931,999,within_source_prevalence_preserving,18.4914914914915,1.37457505828506,16,19,21,-3.49149149149149,-2.54005153843511,0.999,0.019,8,1,0.0536956521739131,not_distinguished_from_null,TRUE,unchanged_trait_archived_raw_statistic
Archaea,primary_ANI95_representatives,K01547,kdpB,cell_maintenance,osmotic_desiccation_salt,233,23,0.0987124463519313,6,14,0.0603448275862069,999,within_source_prevalence_preserving,17.963963963964,1.62109796741054,15,18,21,-3.96396396396396,-2.44523405966377,0.996,0.024,12,1,0.06,not_distinguished_from_null,TRUE,unchanged_trait_archived_raw_statistic
Archaea,primary_ANI95_representatives,K01548,kdpC,cell_maintenance,osmotic_desiccation_salt,233,22,0.0944206008583691,6,16,0.0689655172413793,999,within_source_prevalence_preserving,18.3463463463463,1.51946758031207,15,18,21,-2.34634634634634,-1.54418980486866,0.969,0.12,10,1,0.26,not_distinguished_from_null,TRUE,unchanged_trait_archived_raw_statistic
Archaea,primary_ANI95_representatives,K01669,"phr, PHR1",cell_maintenance,dna_repair_radiation,233,80,0.343347639484979,6,45,0.193965517241379,999,within_source_prevalence_preserving,45.8418418418418,3.20242440271762,40,46,52,-0.841841841841841,-0.262876413609465,0.658,0.453,20,1,0.949838709677419,not_distinguished_from_null,TRUE,unchanged_trait_archived_raw_statistic
Archaea,primary_ANI95_representatives,K02000,proV,cell_maintenance,osmotic_desiccation_salt,233,3,0.0128755364806867,6,3,0.0129310344827586,999,within_source_prevalence_preserving,2.98498498498499,0.121673265518183,3,3,3,0.015015015015015,0.123404389214581,0.985,1,2,1,1,not_distinguished_from_null,TRUE,unchanged_trait_archived_raw_statistic
Archaea,primary_ANI95_representatives,K02001,proW,cell_maintenance,osmotic_desiccation_salt,233,3,0.0128755364806867,6,3,0.0129310344827586,999,within_source_prevalence_preserving,2.96796796796797,0.181771992037151,2,3,3,0.0320320320320322,0.17622094401367,0.969,1,3,1,1,not_distinguished_from_null,TRUE,unchanged_trait_archived_raw_statistic
Archaea,primary_ANI95_representatives,K02002,proX,cell_maintenance,osmotic_desiccation_salt,233,3,0.0128755364806867,6,3,0.0129310344827586,999,within_source_prevalence_preserving,2.97997997997998,0.140138778909724,3,3,3,0.02002002002002,0.142858530492239,0.98,1,2,1,1,not_distinguished_from_null,TRUE,unchanged_trait_archived_raw_statistic
Archaea,primary_ANI95_representatives,K03386,"PRDX2_4, ahpC",cell_maintenance,oxidative_redox,233,10,0.0429184549356223,6,7,0.0301724137931035,999,within_source_prevalence_preserving,9.82782782782783,0.413192257999262,9,10,10,-2.82782782782783,-6.84385482322585,1,0.001,3,1,0.00382352941176471,fewer_transitions_than_null,TRUE,unchanged_trait_archived_raw_statistic
Archaea,primary_ANI95_representatives,K03387,ahpF,cell_maintenance,oxidative_redox,233,5,0.0214592274678112,6,3,0.0129310344827586,999,within_source_prevalence_preserving,4.68268268268268,0.555903289561326,3,5,5,-1.68268268268268,-3.02693420650653,1,0.047,3,1,0.109107142857143,not_distinguished_from_null,TRUE,unchanged_trait_archived_raw_statistic
Archaea,primary_ANI95_representatives,K03553,recA,cell_maintenance,dna_repair_radiation,233,3,0.0128755364806867,6,3,0.0129310344827586,999,within_source_prevalence_preserving,2.98398398398398,0.125599738584158,3,3,3,0.0160160160160161,0.127516316487271,0.984,1,2,1,1,not_distinguished_from_null,TRUE,unchanged_trait_archived_raw_statistic
Archaea,primary_ANI95_representatives,K03555,mutS,cell_maintenance,dna_repair_radiation,233,150,0.643776824034335,6,20,0.0862068965517242,999,within_source_prevalence_preserving,51.8418418418418,2.57103704251008,47,52,56,-31.8418418418418,-12.3848242228183,1,0.001,16,1,0.00382352941176471,fewer_transitions_than_null,TRUE,unchanged_trait_archived_raw_statistic
Archaea,primary_ANI95_representatives,K03572,mutL,cell_maintenance,dna_repair_radiation,233,130,0.55793991416309,6,36,0.155172413793103,999,within_source_prevalence_preserving,62.5495495495496,3.31137852756264,56,63,69,-26.5495495495496,-8.0176727995792,1,0.001,23,1,0.00382352941176471,fewer_transitions_than_null,TRUE,unchanged_trait_archived_raw_statistic
Archaea,primary_ANI95_representatives,K03581,recD,cell_maintenance,dna_repair_radiation,233,1,0.00429184549356223,6,1,0.00431034482758621,999,within_source_prevalence_preserving,1,0,1,1,1,0,,1,1,1,1,1,not_distinguished_from_null,TRUE,unchanged_trait_archived_raw_statistic
Archaea,primary_ANI95_representatives,K03582,recB,cell_maintenance,dna_repair_radiation,233,0,0,6,0,0,999,within_source_prevalence_preserving,0,0,0,0,0,0,,1,1,1,1,1,not_distinguished_from_null,FALSE,unchanged_trait_archived_raw_statistic
Archaea,primary_ANI95_representatives,K03583,recC,cell_maintenance,dna_repair_radiation,233,1,0.00429184549356223,6,1,0.00431034482758621,999,within_source_prevalence_preserving,1,0,1,1,1,0,,1,1,1,1,1,not_distinguished_from_null,TRUE,unchanged_trait_archived_raw_statistic
Archaea,primary_ANI95_representatives,K03657,"uvrD, pcrA",cell_maintenance,dna_repair_radiation,233,8,0.0343347639484979,6,7,0.0301724137931035,999,within_source_prevalence_preserving,7.8968968968969,0.313970596475663,7,8,8,-0.896896896896897,-2.8566270439481,0.997,0.101,3,1,0.226379310344828,not_distinguished_from_null,TRUE,unchanged_trait_archived_raw_statistic
Archaea,primary_ANI95_representatives,K03671,"TXN, trxA",cell_maintenance,oxidative_redox,233,132,0.566523605150215,6,45,0.193965517241379,999,within_source_prevalence_preserving,69.993993993994,3.94754736822913,62,70,78,-24.993993993994,-6.33152478299615,1,0.001,27,1,0.00382352941176471,fewer_transitions_than_null,TRUE,unchanged_trait_archived_raw_statistic
Archaea,primary_ANI95_representatives,K03701,uvrA,cell_maintenance,dna_repair_radiation,233,192,0.824034334763949,6,32,0.137931034482759,999,within_source_prevalence_preserving,38.1911911911912,1.57716752352978,35,38,41,-6.19119119119119,-3.92551273014741,1,0.001,9,1,0.00382352941176471,fewer_transitions_than_null,TRUE,unchanged_trait_archived_raw_statistic
Archaea,primary_ANI95_representatives,K03702,uvrB,cell_maintenance,dna_repair_radiation,233,177,0.759656652360515,6,45,0.193965517241379,999,within_source_prevalence_preserving,50.3383383383383,2.24135874408382,46,51,54,-5.33833833833834,-2.38174203590976,0.992,0.025,15,1,0.0601851851851852,not_distinguished_from_null,TRUE,unchanged_trait_archived_raw_statistic
Archaea,primary_ANI95_representatives,K03703,uvrC,cell_maintenance,dna_repair_radiation,233,189,0.811158798283262,6,33,0.142241379310345,999,within_source_prevalence_preserving,40.8788788788789,1.71119862839941,37,41,44,-7.87887887887888,-4.60430411065049,1,0.001,10,1,0.00382352941176471,fewer_transitions_than_null,TRUE,unchanged_trait_archived_raw_statistic
Archaea,primary_ANI95_representatives,K03704,cspA,cell_maintenance,cold_protein_quality,233,95,0.407725321888412,6,43,0.185344827586207,999,within_source_prevalence_preserving,67.9399399399399,3.77875036288536,60,68,75,-24.9399399399399,-6.60004963145975,1,0.001,22,1,0.00382352941176471,fewer_transitions_than_null,TRUE,unchanged_trait_archived_raw_statistic
Archaea,primary_ANI95_representatives,K03781,"katE, CAT, catB, srpA",cell_maintenance,oxidative_redox,233,15,0.0643776824034335,6,13,0.0560344827586207,999,within_source_prevalence_preserving,13.4354354354354,1.0871750018073,11,13,15,-0.435435435435435,-0.400520095395476,0.818,0.501,6,1,1,not_distinguished_from_null,TRUE,unchanged_trait_archived_raw_statistic
Archaea,primary_ANI95_representatives,K03782,katG,cell_maintenance,oxidative_redox,233,93,0.399141630901288,6,56,0.241379310344828,999,within_source_prevalence_preserving,66.5905905905906,3.67867051869582,59,67,74,-10.5905905905906,-2.87891795059298,0.998,0.007,23,1,0.02275,fewer_transitions_than_null,TRUE,unchanged_trait_archived_raw_statistic
Archaea,primary_ANI95_representatives,K04047,dps,cell_maintenance,dna_repair_radiation,233,135,0.579399141630901,6,41,0.176724137931034,999,within_source_prevalence_preserving,54.8828828828829,2.85510078601332,49,55,60,-13.8828828828829,-4.86248434762545,1,0.001,19,1,0.00382352941176471,fewer_transitions_than_null,TRUE,unchanged_trait_archived_raw_statistic
Archaea,primary_ANI95_representatives,K04564,SOD2,cell_maintenance,oxidative_redox,233,195,0.836909871244635,6,29,0.125,999,within_source_prevalence_preserving,35.8398398398398,1.43683798012743,32,36,38,-6.83983983983984,-4.76034176047687,1,0.001,9,1,0.00382352941176471,fewer_transitions_than_null,TRUE,unchanged_trait_archived_raw_statistic
Archaea,primary_ANI95_representatives,K04565,SOD1,cell_maintenance,oxidative_redox,233,2,0.00858369098712446,6,2,0.00862068965517241,999,within_source_prevalence_preserving,2,0,2,2,2,0,,1,1,1,1,1,not_distinguished_from_null,TRUE,unchanged_trait_archived_raw_statistic
Archaea,primary_ANI95_representatives,K05343,treS,cell_maintenance,osmotic_desiccation_salt,233,40,0.171673819742489,6,27,0.116379310344828,999,within_source_prevalence_preserving,35.3863863863864,1.90107417553778,31,35,39,-8.38638638638638,-4.41139356596333,1,0.001,13,1,0.00382352941176471,fewer_transitions_than_null,TRUE,unchanged_trait_archived_raw_statistic
Archaea,primary_ANI95_representatives,K05592,"deaD, cshA",cell_maintenance,cold_protein_quality,233,25,0.107296137339056,6,14,0.0603448275862069,999,within_source_prevalence_preserving,21.5105105105105,1.60711083940714,18,22,24,-7.51051051051051,-4.67329964203409,1,0.001,10,1,0.00382352941176471,fewer_transitions_than_null,TRUE,unchanged_trait_archived_raw_statistic
Archaea,primary_ANI95_representatives,K06381,spoIID,cell_maintenance,dormancy_resuscitation,233,0,0,6,0,0,999,within_source_prevalence_preserving,0,0,0,0,0,0,,1,1,1,1,1,not_distinguished_from_null,FALSE,unchanged_trait_archived_raw_statistic
Archaea,primary_ANI95_representatives,K06390,spoIIIAA,cell_maintenance,dormancy_resuscitation,233,0,0,6,0,0,999,within_source_prevalence_preserving,0,0,0,0,0,0,,1,1,1,1,1,not_distinguished_from_null,FALSE,unchanged_trait_archived_raw_statistic
Archaea,primary_ANI95_representatives,K06718,ectA,cell_maintenance,osmotic_desiccation_salt,233,1,0.00429184549356223,6,1,0.00431034482758621,999,within_source_prevalence_preserving,1,0,1,1,1,0,,1,1,1,1,1,not_distinguished_from_null,TRUE,unchanged_trait_archived_raw_statistic
Archaea,primary_ANI95_representatives,K06720,ectC,cell_maintenance,osmotic_desiccation_salt,233,1,0.00429184549356223,6,1,0.00431034482758621,999,within_source_prevalence_preserving,1,0,1,1,1,0,,1,1,1,1,1,not_distinguished_from_null,TRUE,unchanged_trait_archived_raw_statistic
Archaea,primary_ANI95_representatives,K07646,kdpD,cell_maintenance,osmotic_desiccation_salt,233,7,0.0300429184549356,6,4,0.0172413793103448,999,within_source_prevalence_preserving,6.38138138138138,0.781610852498343,5,7,7,-2.38138138138138,-3.04676089612821,1,0.02,4,1,0.0541666666666667,not_distinguished_from_null,TRUE,unchanged_trait_archived_raw_statistic
Archaea,primary_ANI95_representatives,K07667,kdpE,cell_maintenance,osmotic_desiccation_salt,233,0,0,6,0,0,999,within_source_prevalence_preserving,0,0,0,0,0,0,,1,1,1,1,1,not_distinguished_from_null,FALSE,unchanged_trait_archived_raw_statistic
Archaea,primary_ANI95_representatives,K07699,spo0A,cell_maintenance,dormancy_resuscitation,233,0,0,6,0,0,999,within_source_prevalence_preserving,0,0,0,0,0,0,,1,1,1,1,1,not_distinguished_from_null,FALSE,unchanged_trait_archived_raw_statistic
Archaea,primary_ANI95_representatives,K10255,"FAD6, desA",cell_maintenance,cold_protein_quality,233,0,0,6,0,0,999,within_source_prevalence_preserving,0,0,0,0,0,0,,1,1,1,1,1,not_distinguished_from_null,FALSE,unchanged_trait_archived_raw_statistic
Archaea,primary_ANI95_representatives,K10674,ectD,cell_maintenance,osmotic_desiccation_salt,233,0,0,6,0,0,999,within_source_prevalence_preserving,0,0,0,0,0,0,,1,1,1,1,1,not_distinguished_from_null,FALSE,unchanged_trait_archived_raw_statistic
Archaea,primary_ANI95_representatives,K00436,hoxH,energy_acquisition,trace_gas_energy,233,2,0.00858369098712446,6,2,0.00862068965517241,999,within_source_prevalence_preserving,1.98898898898899,0.104406322793965,2,2,2,0.0110110110110111,0.105463066951799,0.989,1,2,1,1,not_distinguished_from_null,TRUE,unchanged_trait_archived_raw_statistic
Archaea,primary_ANI95_representatives,K00437,hydB,energy_acquisition,trace_gas_energy,233,0,0,6,0,0,999,within_source_prevalence_preserving,0,0,0,0,0,0,,1,1,1,1,1,not_distinguished_from_null,FALSE,unchanged_trait_archived_raw_statistic
Archaea,primary_ANI95_representatives,K00440,frhA,energy_acquisition,trace_gas_energy,233,9,0.0386266094420601,6,5,0.021551724137931,999,within_source_prevalence_preserving,7.73873873873874,1.052152489201,6,8,9,-2.73873873873874,-2.60298651274258,0.997,0.023,6,1,0.0598,not_distinguished_from_null,TRUE,unchanged_trait_archived_raw_statistic
Archaea,primary_ANI95_representatives,K00441,frhB,energy_acquisition,trace_gas_energy,233,71,0.304721030042918,6,44,0.189655172413793,999,within_source_prevalence_preserving,53.0520520520521,2.81302675642413,47,53,58,-9.05205205205205,-3.21790471113715,0.999,0.002,18,1,0.0068421052631579,fewer_transitions_than_null,TRUE,unchanged_trait_archived_raw_statistic
Archaea,primary_ANI95_representatives,K01601,"rbcL, cbbL",energy_acquisition,trace_gas_energy,233,41,0.175965665236052,6,29,0.125,999,within_source_prevalence_preserving,36.4874874874875,1.86991624601955,32,37,40,-7.48748748748749,-4.00418334426792,1,0.001,12,1,0.00382352941176471,fewer_transitions_than_null,TRUE,unchanged_trait_archived_raw_statistic
Archaea,primary_ANI95_representatives,K01602,"rbcS, cbbS",energy_acquisition,trace_gas_energy,233,1,0.00429184549356223,6,1,0.00431034482758621,999,within_source_prevalence_preserving,1,0,1,1,1,0,,1,1,1,1,1,not_distinguished_from_null,TRUE,unchanged_trait_archived_raw_statistic
Archaea,primary_ANI95_representatives,K03518,coxS,energy_acquisition,trace_gas_energy,233,63,0.270386266094421,6,40,0.172413793103448,999,within_source_prevalence_preserving,54.4324324324324,2.62239262417737,49,54,59,-14.4324324324324,-5.50353608356407,1,0.001,17,1,0.00382352941176471,fewer_transitions_than_null,TRUE,unchanged_trait_archived_raw_statistic
Archaea,primary_ANI95_representatives,K03519,"coxM, cutM",energy_acquisition,trace_gas_energy,233,65,0.278969957081545,6,39,0.168103448275862,999,within_source_prevalence_preserving,55.8598598598599,2.63899772610306,51,56,61,-16.8598598598599,-6.38873603152222,1,0.001,18,1,0.00382352941176471,fewer_transitions_than_null,TRUE,unchanged_trait_archived_raw_statistic
Archaea,primary_ANI95_representatives,K03520,"coxL, cutL",energy_acquisition,trace_gas_energy,233,52,0.223175965665236,6,31,0.133620689655172,999,within_source_prevalence_preserving,46.8598598598599,2.1338901928381,42,47,51,-15.8598598598599,-7.43236925362409,1,0.001,14,1,0.00382352941176471,fewer_transitions_than_null,TRUE,unchanged_trait_archived_raw_statistic
Archaea,primary_ANI95_representatives,K04641,bop,energy_acquisition,light_energy,233,68,0.291845493562232,6,35,0.150862068965517,999,within_source_prevalence_preserving,43.3383383383383,3.11979291898619,37,43,49,-8.33833833833834,-2.67272173341812,0.996,0.009,21,1,0.0278571428571429,fewer_transitions_than_null,TRUE,unchanged_trait_archived_raw_statistic
Archaea,primary_ANI95_representatives,K04642,hop,energy_acquisition,light_energy,233,43,0.184549356223176,6,30,0.129310344827586,999,within_source_prevalence_preserving,35.6406406406406,2.38523976309403,31,36,40,-5.64064064064064,-2.36481075316464,0.991,0.019,16,1,0.0536956521739131,not_distinguished_from_null,TRUE,unchanged_trait_archived_raw_statistic
Archaea,primary_ANI95_representatives,K11180,dsrA,energy_acquisition,sulfur_chemolithotrophy,233,0,0,6,0,0,999,within_source_prevalence_preserving,0,0,0,0,0,0,,1,1,1,1,1,not_distinguished_from_null,FALSE,unchanged_trait_archived_raw_statistic
Archaea,primary_ANI95_representatives,K11181,dsrB,energy_acquisition,sulfur_chemolithotrophy,233,0,0,6,0,0,999,within_source_prevalence_preserving,0,0,0,0,0,0,,1,1,1,1,1,not_distinguished_from_null,FALSE,unchanged_trait_archived_raw_statistic
Archaea,primary_ANI95_representatives,K17222,soxA,energy_acquisition,sulfur_chemolithotrophy,233,0,0,6,0,0,999,within_source_prevalence_preserving,0,0,0,0,0,0,,1,1,1,1,1,not_distinguished_from_null,FALSE,unchanged_trait_archived_raw_statistic
Archaea,primary_ANI95_representatives,K17223,soxX,energy_acquisition,sulfur_chemolithotrophy,233,0,0,6,0,0,999,within_source_prevalence_preserving,0,0,0,0,0,0,,1,1,1,1,1,not_distinguished_from_null,FALSE,unchanged_trait_archived_raw_statistic
Archaea,primary_ANI95_representatives,K17224,soxB,energy_acquisition,sulfur_chemolithotrophy,233,1,0.00429184549356223,6,1,0.00431034482758621,999,within_source_prevalence_preserving,1,0,1,1,1,0,,1,1,1,1,1,not_distinguished_from_null,TRUE,unchanged_trait_archived_raw_statistic
Archaea,primary_ANI95_representatives,K17225,soxC,energy_acquisition,sulfur_chemolithotrophy,233,0,0,6,0,0,999,within_source_prevalence_preserving,0,0,0,0,0,0,,1,1,1,1,1,not_distinguished_from_null,FALSE,unchanged_trait_archived_raw_statistic
Archaea,primary_ANI95_representatives,K17229,fccB,energy_acquisition,sulfur_chemolithotrophy,233,0,0,6,0,0,999,within_source_prevalence_preserving,0,0,0,0,0,0,,1,1,1,1,1,not_distinguished_from_null,FALSE,unchanged_trait_archived_raw_statistic
Archaea,primary_ANI95_representatives,K00066,algD,surface_retention,biofilm_eps_surface,233,0,0,6,0,0,999,within_source_prevalence_preserving,0,0,0,0,0,0,,1,1,1,1,1,not_distinguished_from_null,FALSE,unchanged_trait_archived_raw_statistic
Archaea,primary_ANI95_representatives,K00694,bcsA,surface_retention,biofilm_eps_surface,233,0,0,6,0,0,999,within_source_prevalence_preserving,0,0,0,0,0,0,,1,1,1,1,1,not_distinguished_from_null,FALSE,unchanged_trait_archived_raw_statistic
Archaea,primary_ANI95_representatives,K11935,pgaA,surface_retention,biofilm_eps_surface,233,1,0.00429184549356223,6,1,0.00431034482758621,999,within_source_prevalence_preserving,1,0,1,1,1,0,,1,1,1,1,1,not_distinguished_from_null,TRUE,unchanged_trait_archived_raw_statistic
Archaea,primary_ANI95_representatives,K20543,bcsC,surface_retention,biofilm_eps_surface,233,1,0.00429184549356223,6,1,0.00431034482758621,999,within_source_prevalence_preserving,1,0,1,1,1,0,,1,1,1,1,1,not_distinguished_from_null,TRUE,unchanged_trait_archived_raw_statistic
Archaea,strict_90_5_ANI95_representatives,K00130,"betB, gbsA",cell_maintenance,osmotic_desiccation_salt,34,0,0,6,0,0,999,global_prevalence_preserving,0,0,0,0,0,0,,1,1,1,1,1,not_distinguished_from_null,FALSE,unchanged_trait_archived_raw_statistic
Archaea,strict_90_5_ANI95_representatives,K00383,"GSR, gor",cell_maintenance,oxidative_redox,34,0,0,6,0,0,999,global_prevalence_preserving,0,0,0,0,0,0,,1,1,1,1,1,not_distinguished_from_null,FALSE,unchanged_trait_archived_raw_statistic
Archaea,strict_90_5_ANI95_representatives,K00384,"trxB, TRR",cell_maintenance,oxidative_redox,34,25,0.735294117647059,6,4,0.121212121212121,999,global_prevalence_preserving,8.15115115115115,0.870454800259479,6,8,9,-4.15115115115115,-4.76894509618847,1,0.002,6,1,0.0216666666666667,fewer_transitions_than_null,TRUE,unchanged_trait_archived_raw_statistic
Archaea,strict_90_5_ANI95_representatives,K00697,otsA,cell_maintenance,osmotic_desiccation_salt,34,7,0.205882352941176,6,4,0.121212121212121,999,global_prevalence_preserving,6.51751751751752,0.663569206358085,5,7,7,-2.51751751751752,-3.79390347441617,1,0.008,4,1,0.073125,not_distinguished_from_null,TRUE,unchanged_trait_archived_raw_statistic
Archaea,strict_90_5_ANI95_representatives,K01087,otsB,cell_maintenance,osmotic_desiccation_salt,34,6,0.176470588235294,6,4,0.121212121212121,999,global_prevalence_preserving,5.66166166166166,0.560598057440136,4,6,6,-1.66166166166166,-2.96408744127534,0.997,0.04,4,1,0.144444444444444,not_distinguished_from_null,TRUE,unchanged_trait_archived_raw_statistic
Archaea,strict_90_5_ANI95_representatives,K01139,spoT,cell_maintenance,dormancy_resuscitation,34,0,0,6,0,0,999,global_prevalence_preserving,0,0,0,0,0,0,,1,1,1,1,1,not_distinguished_from_null,FALSE,unchanged_trait_archived_raw_statistic
Archaea,strict_90_5_ANI95_representatives,K01546,kdpA,cell_maintenance,osmotic_desiccation_salt,34,9,0.264705882352941,6,4,0.121212121212121,999,global_prevalence_preserving,8.08008008008008,0.900675316440333,6,8,9,-4.08008008008008,-4.53002320104148,1,0.002,6,1,0.0216666666666667,fewer_transitions_than_null,TRUE,unchanged_trait_archived_raw_statistic
Archaea,strict_90_5_ANI95_representatives,K01547,kdpB,cell_maintenance,osmotic_desiccation_salt,34,10,0.294117647058824,6,6,0.181818181818182,999,global_prevalence_preserving,8.82482482482483,1.0011738322735,7,9,10,-2.82482482482483,-2.8215128419908,0.998,0.016,6,1,0.102916666666667,not_distinguished_from_null,TRUE,unchanged_trait_archived_raw_statistic
Archaea,strict_90_5_ANI95_representatives,K01548,kdpC,cell_maintenance,osmotic_desiccation_salt,34,11,0.323529411764706,6,7,0.212121212121212,999,global_prevalence_preserving,9.53053053053053,1.05215630235626,7,10,11,-2.53053053053053,-2.40508993280134,0.996,0.036,6,1,0.137647058823529,not_distinguished_from_null,TRUE,unchanged_trait_archived_raw_statistic
Archaea,strict_90_5_ANI95_representatives,K01669,"phr, PHR1",cell_maintenance,dna_repair_radiation,34,10,0.294117647058824,6,6,0.181818181818182,999,global_prevalence_preserving,8.81481481481482,0.975008730622615,7,9,10,-2.81481481481482,-2.88696370238382,0.998,0.022,6,1,0.11,not_distinguished_from_null,TRUE,unchanged_trait_archived_raw_statistic
Archaea,strict_90_5_ANI95_representatives,K02000,proV,cell_maintenance,osmotic_desiccation_salt,34,1,0.0294117647058824,6,1,0.0303030303030303,999,global_prevalence_preserving,1,0,1,1,1,0,,1,1,1,1,1,not_distinguished_from_null,TRUE,unchanged_trait_archived_raw_statistic
Archaea,strict_90_5_ANI95_representatives,K02001,proW,cell_maintenance,osmotic_desiccation_salt,34,1,0.0294117647058824,6,1,0.0303030303030303,999,global_prevalence_preserving,1,0,1,1,1,0,,1,1,1,1,1,not_distinguished_from_null,TRUE,unchanged_trait_archived_raw_statistic
Archaea,strict_90_5_ANI95_representatives,K02002,proX,cell_maintenance,osmotic_desiccation_salt,34,1,0.0294117647058824,6,1,0.0303030303030303,999,global_prevalence_preserving,1,0,1,1,1,0,,1,1,1,1,1,not_distinguished_from_null,TRUE,unchanged_trait_archived_raw_statistic
Archaea,strict_90_5_ANI95_representatives,K03386,"PRDX2_4, ahpC",cell_maintenance,oxidative_redox,34,3,0.0882352941176471,6,3,0.0909090909090909,999,global_prevalence_preserving,2.94094094094094,0.240064110332331,2,3,3,0.059059059059059,0.246013695996878,0.942,1,3,1,1,not_distinguished_from_null,TRUE,unchanged_trait_archived_raw_statistic
Archaea,strict_90_5_ANI95_representatives,K03387,ahpF,cell_maintenance,oxidative_redox,34,2,0.0588235294117647,6,2,0.0606060606060606,999,global_prevalence_preserving,1.97997997997998,0.140138778909723,2,2,2,0.02002002002002,0.14285853049224,0.98,1,2,1,1,not_distinguished_from_null,TRUE,unchanged_trait_archived_raw_statistic
Archaea,strict_90_5_ANI95_representatives,K03553,recA,cell_maintenance,dna_repair_radiation,34,2,0.0588235294117647,6,2,0.0606060606060606,999,global_prevalence_preserving,1.98198198198198,0.133083048775636,2,2,2,0.0180180180180181,0.135389278978681,0.982,1,2,1,1,not_distinguished_from_null,TRUE,unchanged_trait_archived_raw_statistic
Archaea,strict_90_5_ANI95_representatives,K03555,mutS,cell_maintenance,dna_repair_radiation,34,12,0.352941176470588,6,4,0.121212121212121,999,global_prevalence_preserving,10.0540540540541,1.23779859905589,7,10,12,-6.05405405405405,-4.89098473586228,1,0.001,8,1,0.0216666666666667,fewer_transitions_than_null,TRUE,unchanged_trait_archived_raw_statistic
Archaea,strict_90_5_ANI95_representatives,K03572,mutL,cell_maintenance,dna_repair_radiation,34,13,0.382352941176471,6,3,0.0909090909090909,999,global_prevalence_preserving,10.6176176176176,1.315823968227,8,11,13,-7.61761761761762,-5.78923761958976,1,0.001,8,1,0.0216666666666667,fewer_transitions_than_null,TRUE,unchanged_trait_archived_raw_statistic
Archaea,strict_90_5_ANI95_representatives,K03581,recD,cell_maintenance,dna_repair_radiation,34,1,0.0294117647058824,6,1,0.0303030303030303,999,global_prevalence_preserving,1,0,1,1,1,0,,1,1,1,1,1,not_distinguished_from_null,TRUE,unchanged_trait_archived_raw_statistic
Archaea,strict_90_5_ANI95_representatives,K03582,recB,cell_maintenance,dna_repair_radiation,34,0,0,6,0,0,999,global_prevalence_preserving,0,0,0,0,0,0,,1,1,1,1,1,not_distinguished_from_null,FALSE,unchanged_trait_archived_raw_statistic
Archaea,strict_90_5_ANI95_representatives,K03583,recC,cell_maintenance,dna_repair_radiation,34,0,0,6,0,0,999,global_prevalence_preserving,0,0,0,0,0,0,,1,1,1,1,1,not_distinguished_from_null,FALSE,unchanged_trait_archived_raw_statistic
Archaea,strict_90_5_ANI95_representatives,K03657,"uvrD, pcrA",cell_maintenance,dna_repair_radiation,34,3,0.0882352941176471,6,3,0.0909090909090909,999,global_prevalence_preserving,2.93793793793794,0.241389083289232,2,3,3,0.0620620620620622,0.257103847516168,0.938,1,2,1,1,not_distinguished_from_null,TRUE,unchanged_trait_archived_raw_statistic
Archaea,strict_90_5_ANI95_representatives,K03671,"TXN, trxA",cell_maintenance,oxidative_redox,34,29,0.852941176470588,6,4,0.121212121212121,999,global_prevalence_preserving,4.7947947947948,0.432790420445038,4,5,5,-0.794794794794795,-1.8364426688962,0.988,0.194,3,1,0.5096,not_distinguished_from_null,TRUE,unchanged_trait_archived_raw_statistic
Archaea,strict_90_5_ANI95_representatives,K03701,uvrA,cell_maintenance,dna_repair_radiation,34,29,0.852941176470588,6,3,0.0909090909090909,999,global_prevalence_preserving,4.78478478478479,0.457325948065791,4,5,5,-1.78478478478478,-3.90265365945959,0.999,0.019,4,1,0.102916666666667,not_distinguished_from_null,TRUE,unchanged_trait_archived_raw_statistic
Archaea,strict_90_5_ANI95_representatives,K03702,uvrB,cell_maintenance,dna_repair_radiation,34,28,0.823529411764706,6,4,0.121212121212121,999,global_prevalence_preserving,5.6946946946947,0.535214715291735,4,6,6,-1.69469469469469,-3.16638284836946,0.997,0.032,4,1,0.13,not_distinguished_from_null,TRUE,unchanged_trait_archived_raw_statistic
Archaea,strict_90_5_ANI95_representatives,K03703,uvrC,cell_maintenance,dna_repair_radiation,34,29,0.852941176470588,6,3,0.0909090909090909,999,global_prevalence_preserving,4.77077077077077,0.470051490065853,4,5,5,-1.77077077077077,-3.76718467698654,0.998,0.019,4,1,0.102916666666667,not_distinguished_from_null,TRUE,unchanged_trait_archived_raw_statistic
Archaea,strict_90_5_ANI95_representatives,K03704,cspA,cell_maintenance,cold_protein_quality,34,8,0.235294117647059,6,6,0.181818181818182,999,global_prevalence_preserving,7.31731731731732,0.815930079234006,5,7,8,-1.31731731731732,-1.6144977993139,0.969,0.136,6,1,0.384347826086957,not_distinguished_from_null,TRUE,unchanged_trait_archived_raw_statistic
Archaea,strict_90_5_ANI95_representatives,K03781,"katE, CAT, catB, srpA",cell_maintenance,oxidative_redox,34,4,0.117647058823529,6,2,0.0606060606060606,999,global_prevalence_preserving,3.88588588588589,0.321243499175497,3,4,4,-1.88588588588589,-5.870580698835,1,0.002,3,1,0.0216666666666667,fewer_transitions_than_null,TRUE,unchanged_trait_archived_raw_statistic
Archaea,strict_90_5_ANI95_representatives,K03782,katG,cell_maintenance,oxidative_redox,34,12,0.352941176470588,6,7,0.212121212121212,999,global_prevalence_preserving,10.0490490490491,1.2294794981085,7,10,12,-3.04904904904905,-2.47995111243406,0.999,0.027,7,1,0.117,not_distinguished_from_null,TRUE,unchanged_trait_archived_raw_statistic
Archaea,strict_90_5_ANI95_representatives,K04047,dps,cell_maintenance,dna_repair_radiation,34,13,0.382352941176471,6,5,0.151515151515152,999,global_prevalence_preserving,10.6166166166166,1.31438936505517,8,11,13,-5.61661661661662,-4.27317564029506,1,0.002,9,1,0.0216666666666667,fewer_transitions_than_null,TRUE,unchanged_trait_archived_raw_statistic
Archaea,strict_90_5_ANI95_representatives,K04564,SOD2,cell_maintenance,oxidative_redox,34,32,0.941176470588235,6,1,0.0303030303030303,999,global_prevalence_preserving,1.97697697697698,0.150051662681282,2,2,2,-0.976976976976977,-6.51093736330087,1,0.024,2,1,0.111428571428571,not_distinguished_from_null,TRUE,unchanged_trait_archived_raw_statistic
Archaea,strict_90_5_ANI95_representatives,K04565,SOD1,cell_maintenance,oxidative_redox,34,0,0,6,0,0,999,global_prevalence_preserving,0,0,0,0,0,0,,1,1,1,1,1,not_distinguished_from_null,FALSE,unchanged_trait_archived_raw_statistic
Archaea,strict_90_5_ANI95_representatives,K05343,treS,cell_maintenance,osmotic_desiccation_salt,34,5,0.147058823529412,6,4,0.121212121212121,999,global_prevalence_preserving,4.79279279279279,0.436450554221973,4,5,5,-0.792792792792793,-1.81645500303246,0.989,0.196,4,1,0.5096,not_distinguished_from_null,TRUE,unchanged_trait_archived_raw_statistic
Archaea,strict_90_5_ANI95_representatives,K05592,"deaD, cshA",cell_maintenance,cold_protein_quality,34,9,0.264705882352941,6,8,0.242424242424242,999,global_prevalence_preserving,8.0980980980981,0.900003555095617,6,8,9,-0.0980980980980988,-0.108997456224133,0.784,0.62,6,1,1,not_distinguished_from_null,TRUE,unchanged_trait_archived_raw_statistic
Archaea,strict_90_5_ANI95_representatives,K06381,spoIID,cell_maintenance,dormancy_resuscitation,34,0,0,6,0,0,999,global_prevalence_preserving,0,0,0,0,0,0,,1,1,1,1,1,not_distinguished_from_null,FALSE,unchanged_trait_archived_raw_statistic
Archaea,strict_90_5_ANI95_representatives,K06390,spoIIIAA,cell_maintenance,dormancy_resuscitation,34,0,0,6,0,0,999,global_prevalence_preserving,0,0,0,0,0,0,,1,1,1,1,1,not_distinguished_from_null,FALSE,unchanged_trait_archived_raw_statistic
Archaea,strict_90_5_ANI95_representatives,K06718,ectA,cell_maintenance,osmotic_desiccation_salt,34,1,0.0294117647058824,6,1,0.0303030303030303,999,global_prevalence_preserving,1,0,1,1,1,0,,1,1,1,1,1,not_distinguished_from_null,TRUE,unchanged_trait_archived_raw_statistic
Archaea,strict_90_5_ANI95_representatives,K06720,ectC,cell_maintenance,osmotic_desiccation_salt,34,0,0,6,0,0,999,global_prevalence_preserving,0,0,0,0,0,0,,1,1,1,1,1,not_distinguished_from_null,FALSE,unchanged_trait_archived_raw_statistic
Archaea,strict_90_5_ANI95_representatives,K07646,kdpD,cell_maintenance,osmotic_desiccation_salt,34,4,0.117647058823529,6,3,0.0909090909090909,999,global_prevalence_preserving,3.89189189189189,0.317057368743379,3,4,4,-0.891891891891892,-2.81303000597906,0.998,0.107,3,1,0.34775,not_distinguished_from_null,TRUE,unchanged_trait_archived_raw_statistic
Archaea,strict_90_5_ANI95_representatives,K07667,kdpE,cell_maintenance,osmotic_desiccation_salt,34,0,0,6,0,0,999,global_prevalence_preserving,0,0,0,0,0,0,,1,1,1,1,1,not_distinguished_from_null,FALSE,unchanged_trait_archived_raw_statistic
Archaea,strict_90_5_ANI95_representatives,K07699,spo0A,cell_maintenance,dormancy_resuscitation,34,0,0,6,0,0,999,global_prevalence_preserving,0,0,0,0,0,0,,1,1,1,1,1,not_distinguished_from_null,FALSE,unchanged_trait_archived_raw_statistic
Archaea,strict_90_5_ANI95_representatives,K10255,"FAD6, desA",cell_maintenance,cold_protein_quality,34,0,0,6,0,0,999,global_prevalence_preserving,0,0,0,0,0,0,,1,1,1,1,1,not_distinguished_from_null,FALSE,unchanged_trait_archived_raw_statistic
Archaea,strict_90_5_ANI95_representatives,K10674,ectD,cell_maintenance,osmotic_desiccation_salt,34,0,0,6,0,0,999,global_prevalence_preserving,0,0,0,0,0,0,,1,1,1,1,1,not_distinguished_from_null,FALSE,unchanged_trait_archived_raw_statistic
Archaea,strict_90_5_ANI95_representatives,K00436,hoxH,energy_acquisition,trace_gas_energy,34,2,0.0588235294117647,6,1,0.0303030303030303,999,global_prevalence_preserving,1.98798798798799,0.108993646998473,2,2,2,-0.987987987987988,-9.06463830870645,1,0.013,2,1,0.0938888888888889,not_distinguished_from_null,TRUE,unchanged_trait_archived_raw_statistic
Archaea,strict_90_5_ANI95_representatives,K00437,hydB,energy_acquisition,trace_gas_energy,34,0,0,6,0,0,999,global_prevalence_preserving,0,0,0,0,0,0,,1,1,1,1,1,not_distinguished_from_null,FALSE,unchanged_trait_archived_raw_statistic
Archaea,strict_90_5_ANI95_representatives,K00440,frhA,energy_acquisition,trace_gas_energy,34,4,0.117647058823529,6,3,0.0909090909090909,999,global_prevalence_preserving,3.87187187187187,0.343271423424496,3,4,4,-0.871871871871872,-2.53989062991037,0.997,0.126,3,1,0.372272727272727,not_distinguished_from_null,TRUE,unchanged_trait_archived_raw_statistic
Archaea,strict_90_5_ANI95_representatives,K00441,frhB,energy_acquisition,trace_gas_energy,34,11,0.323529411764706,6,6,0.181818181818182,999,global_prevalence_preserving,9.44344344344344,1.12831766629203,7,10,11,-3.44344344344344,-3.05183863225289,0.996,0.009,7,1,0.073125,not_distinguished_from_null,TRUE,unchanged_trait_archived_raw_statistic
Archaea,strict_90_5_ANI95_representatives,K01601,"rbcL, cbbL",energy_acquisition,trace_gas_energy,34,9,0.264705882352941,6,6,0.181818181818182,999,global_prevalence_preserving,8.11711711711712,0.856015667463612,6,8,9,-2.11711711711712,-2.47322239251785,0.993,0.048,5,1,0.164210526315789,not_distinguished_from_null,TRUE,unchanged_trait_archived_raw_statistic
Archaea,strict_90_5_ANI95_representatives,K01602,"rbcS, cbbS",energy_acquisition,trace_gas_energy,34,0,0,6,0,0,999,global_prevalence_preserving,0,0,0,0,0,0,,1,1,1,1,1,not_distinguished_from_null,FALSE,unchanged_trait_archived_raw_statistic
Archaea,strict_90_5_ANI95_representatives,K03518,coxS,energy_acquisition,trace_gas_energy,34,3,0.0882352941176471,6,3,0.0909090909090909,999,global_prevalence_preserving,2.94694694694695,0.233016698439602,2,3,3,0.0530530530530533,0.227679189553038,0.949,1,3,1,1,not_distinguished_from_null,TRUE,unchanged_trait_archived_raw_statistic
Archaea,strict_90_5_ANI95_representatives,K03519,"coxM, cutM",energy_acquisition,trace_gas_energy,34,3,0.0882352941176471,6,3,0.0909090909090909,999,global_prevalence_preserving,2.94794794794795,0.222243284371404,2,3,3,0.0520520520520522,0.234212035694473,0.948,1,2,1,1,not_distinguished_from_null,TRUE,unchanged_trait_archived_raw_statistic
Archaea,strict_90_5_ANI95_representatives,K03520,"coxL, cutL",energy_acquisition,trace_gas_energy,34,3,0.0882352941176471,6,3,0.0909090909090909,999,global_prevalence_preserving,2.94094094094094,0.235853278657774,2,3,3,0.059059059059059,0.250405927766451,0.941,1,2,1,1,not_distinguished_from_null,TRUE,unchanged_trait_archived_raw_statistic
Archaea,strict_90_5_ANI95_representatives,K04641,bop,energy_acquisition,light_energy,34,4,0.117647058823529,6,3,0.0909090909090909,999,global_prevalence_preserving,3.87787787787788,0.345455902630751,3,4,4,-0.877877877877878,-2.54121545237054,0.996,0.118,4,1,0.365238095238095,not_distinguished_from_null,TRUE,unchanged_trait_archived_raw_statistic
Archaea,strict_90_5_ANI95_representatives,K04642,hop,energy_acquisition,light_energy,34,1,0.0294117647058824,6,1,0.0303030303030303,999,global_prevalence_preserving,1,0,1,1,1,0,,1,1,1,1,1,not_distinguished_from_null,TRUE,unchanged_trait_archived_raw_statistic
Archaea,strict_90_5_ANI95_representatives,K11180,dsrA,energy_acquisition,sulfur_chemolithotrophy,34,0,0,6,0,0,999,global_prevalence_preserving,0,0,0,0,0,0,,1,1,1,1,1,not_distinguished_from_null,FALSE,unchanged_trait_archived_raw_statistic
Archaea,strict_90_5_ANI95_representatives,K11181,dsrB,energy_acquisition,sulfur_chemolithotrophy,34,0,0,6,0,0,999,global_prevalence_preserving,0,0,0,0,0,0,,1,1,1,1,1,not_distinguished_from_null,FALSE,unchanged_trait_archived_raw_statistic
Archaea,strict_90_5_ANI95_representatives,K17222,soxA,energy_acquisition,sulfur_chemolithotrophy,34,0,0,6,0,0,999,global_prevalence_preserving,0,0,0,0,0,0,,1,1,1,1,1,not_distinguished_from_null,FALSE,unchanged_trait_archived_raw_statistic
Archaea,strict_90_5_ANI95_representatives,K17223,soxX,energy_acquisition,sulfur_chemolithotrophy,34,0,0,6,0,0,999,global_prevalence_preserving,0,0,0,0,0,0,,1,1,1,1,1,not_distinguished_from_null,FALSE,unchanged_trait_archived_raw_statistic
Archaea,strict_90_5_ANI95_representatives,K17224,soxB,energy_acquisition,sulfur_chemolithotrophy,34,0,0,6,0,0,999,global_prevalence_preserving,0,0,0,0,0,0,,1,1,1,1,1,not_distinguished_from_null,FALSE,unchanged_trait_archived_raw_statistic
Archaea,strict_90_5_ANI95_representatives,K17225,soxC,energy_acquisition,sulfur_chemolithotrophy,34,0,0,6,0,0,999,global_prevalence_preserving,0,0,0,0,0,0,,1,1,1,1,1,not_distinguished_from_null,FALSE,unchanged_trait_archived_raw_statistic
Archaea,strict_90_5_ANI95_representatives,K17229,fccB,energy_acquisition,sulfur_chemolithotrophy,34,0,0,6,0,0,999,global_prevalence_preserving,0,0,0,0,0,0,,1,1,1,1,1,not_distinguished_from_null,FALSE,unchanged_trait_archived_raw_statistic
Archaea,strict_90_5_ANI95_representatives,K00066,algD,surface_retention,biofilm_eps_surface,34,0,0,6,0,0,999,global_prevalence_preserving,0,0,0,0,0,0,,1,1,1,1,1,not_distinguished_from_null,FALSE,unchanged_trait_archived_raw_statistic
Archaea,strict_90_5_ANI95_representatives,K00694,bcsA,surface_retention,biofilm_eps_surface,34,0,0,6,0,0,999,global_prevalence_preserving,0,0,0,0,0,0,,1,1,1,1,1,not_distinguished_from_null,FALSE,unchanged_trait_archived_raw_statistic
Archaea,strict_90_5_ANI95_representatives,K11935,pgaA,surface_retention,biofilm_eps_surface,34,1,0.0294117647058824,6,1,0.0303030303030303,999,global_prevalence_preserving,1,0,1,1,1,0,,1,1,1,1,1,not_distinguished_from_null,TRUE,unchanged_trait_archived_raw_statistic
Archaea,strict_90_5_ANI95_representatives,K20543,bcsC,surface_retention,biofilm_eps_surface,34,1,0.0294117647058824,6,1,0.0303030303030303,999,global_prevalence_preserving,1,0,1,1,1,0,,1,1,1,1,1,not_distinguished_from_null,TRUE,unchanged_trait_archived_raw_statistic
Archaea,strict_90_5_ANI95_representatives,K00130,"betB, gbsA",cell_maintenance,osmotic_desiccation_salt,34,0,0,6,0,0,999,within_source_prevalence_preserving,0,0,0,0,0,0,,1,1,1,1,1,not_distinguished_from_null,FALSE,unchanged_trait_archived_raw_statistic
Archaea,strict_90_5_ANI95_representatives,K00383,"GSR, gor",cell_maintenance,oxidative_redox,34,0,0,6,0,0,999,within_source_prevalence_preserving,0,0,0,0,0,0,,1,1,1,1,1,not_distinguished_from_null,FALSE,unchanged_trait_archived_raw_statistic
Archaea,strict_90_5_ANI95_representatives,K00384,"trxB, TRR",cell_maintenance,oxidative_redox,34,25,0.735294117647059,6,4,0.121212121212121,999,within_source_prevalence_preserving,8.05605605605606,0.921172066887881,6,8,9,-4.05605605605606,-4.40314703610062,1,0.002,6,1,0.026,fewer_transitions_than_null,TRUE,unchanged_trait_archived_raw_statistic
Archaea,strict_90_5_ANI95_representatives,K00697,otsA,cell_maintenance,osmotic_desiccation_salt,34,7,0.205882352941176,6,4,0.121212121212121,999,within_source_prevalence_preserving,6.18118118118118,0.804674597973274,4,6,7,-2.18118118118118,-2.7106375504768,0.998,0.031,5,1,0.221,not_distinguished_from_null,TRUE,unchanged_trait_archived_raw_statistic
Archaea,strict_90_5_ANI95_representatives,K01087,otsB,cell_maintenance,osmotic_desiccation_salt,34,6,0.176470588235294,6,4,0.121212121212121,999,within_source_prevalence_preserving,5.14614614614615,0.829481006499212,3,5,6,-1.14614614614615,-1.38176297849592,0.96,0.196,5,1,0.749411764705882,not_distinguished_from_null,TRUE,unchanged_trait_archived_raw_statistic
Archaea,strict_90_5_ANI95_representatives,K01139,spoT,cell_maintenance,dormancy_resuscitation,34,0,0,6,0,0,999,within_source_prevalence_preserving,0,0,0,0,0,0,,1,1,1,1,1,not_distinguished_from_null,FALSE,unchanged_trait_archived_raw_statistic
Archaea,strict_90_5_ANI95_representatives,K01546,kdpA,cell_maintenance,osmotic_desiccation_salt,34,9,0.264705882352941,6,4,0.121212121212121,999,within_source_prevalence_preserving,7.52252252252252,0.960775427499797,6,8,9,-3.52252252252252,-3.66633286166477,1,0.001,5,1,0.01625,fewer_transitions_than_null,TRUE,unchanged_trait_archived_raw_statistic
Archaea,strict_90_5_ANI95_representatives,K01547,kdpB,cell_maintenance,osmotic_desiccation_salt,34,10,0.294117647058824,6,6,0.181818181818182,999,within_source_prevalence_preserving,6.83983983983984,0.854303249706618,5,7,8,-0.83983983983984,-0.983069934625972,0.959,0.376,4,1,1,not_distinguished_from_null,TRUE,unchanged_trait_archived_raw_statistic
Archaea,strict_90_5_ANI95_representatives,K01548,kdpC,cell_maintenance,osmotic_desiccation_salt,34,11,0.323529411764706,6,7,0.212121212121212,999,within_source_prevalence_preserving,7.75375375375375,0.880325718222387,6,8,9,-0.753753753753753,-0.856221439577823,0.934,0.403,5,1,1,not_distinguished_from_null,TRUE,unchanged_trait_archived_raw_statistic
Archaea,strict_90_5_ANI95_representatives,K01669,"phr, PHR1",cell_maintenance,dna_repair_radiation,34,10,0.294117647058824,6,6,0.181818181818182,999,within_source_prevalence_preserving,6,0,6,6,6,0,,1,1,1,1,1,not_distinguished_from_null,TRUE,unchanged_trait_archived_raw_statistic
Archaea,strict_90_5_ANI95_representatives,K02000,proV,cell_maintenance,osmotic_desiccation_salt,34,1,0.0294117647058824,6,1,0.0303030303030303,999,within_source_prevalence_preserving,1,0,1,1,1,0,,1,1,1,1,1,not_distinguished_from_null,TRUE,unchanged_trait_archived_raw_statistic
Archaea,strict_90_5_ANI95_representatives,K02001,proW,cell_maintenance,osmotic_desiccation_salt,34,1,0.0294117647058824,6,1,0.0303030303030303,999,within_source_prevalence_preserving,1,0,1,1,1,0,,1,1,1,1,1,not_distinguished_from_null,TRUE,unchanged_trait_archived_raw_statistic
Archaea,strict_90_5_ANI95_representatives,K02002,proX,cell_maintenance,osmotic_desiccation_salt,34,1,0.0294117647058824,6,1,0.0303030303030303,999,within_source_prevalence_preserving,1,0,1,1,1,0,,1,1,1,1,1,not_distinguished_from_null,TRUE,unchanged_trait_archived_raw_statistic
Archaea,strict_90_5_ANI95_representatives,K03386,"PRDX2_4, ahpC",cell_maintenance,oxidative_redox,34,3,0.0882352941176471,6,3,0.0909090909090909,999,within_source_prevalence_preserving,3,0,3,3,3,0,,1,1,1,1,1,not_distinguished_from_null,TRUE,unchanged_trait_archived_raw_statistic
Archaea,strict_90_5_ANI95_representatives,K03387,ahpF,cell_maintenance,oxidative_redox,34,2,0.0588235294117647,6,2,0.0606060606060606,999,within_source_prevalence_preserving,2,0,2,2,2,0,,1,1,1,1,1,not_distinguished_from_null,TRUE,unchanged_trait_archived_raw_statistic
Archaea,strict_90_5_ANI95_representatives,K03553,recA,cell_maintenance,dna_repair_radiation,34,2,0.0588235294117647,6,2,0.0606060606060606,999,within_source_prevalence_preserving,2,0,2,2,2,0,,1,1,1,1,1,not_distinguished_from_null,TRUE,unchanged_trait_archived_raw_statistic
Archaea,strict_90_5_ANI95_representatives,K03555,mutS,cell_maintenance,dna_repair_radiation,34,12,0.352941176470588,6,4,0.121212121212121,999,within_source_prevalence_preserving,10.024024024024,1.1410641867924,8,10,12,-6.02402402402402,-5.27930338516534,1,0.001,8,1,0.01625,fewer_transitions_than_null,TRUE,unchanged_trait_archived_raw_statistic
Archaea,strict_90_5_ANI95_representatives,K03572,mutL,cell_maintenance,dna_repair_radiation,34,13,0.382352941176471,6,3,0.0909090909090909,999,within_source_prevalence_preserving,10.6266266266266,1.23806192348546,8,11,13,-7.62662662662663,-6.1601334165546,1,0.001,8,1,0.01625,fewer_transitions_than_null,TRUE,unchanged_trait_archived_raw_statistic
Archaea,strict_90_5_ANI95_representatives,K03581,recD,cell_maintenance,dna_repair_radiation,34,1,0.0294117647058824,6,1,0.0303030303030303,999,within_source_prevalence_preserving,1,0,1,1,1,0,,1,1,1,1,1,not_distinguished_from_null,TRUE,unchanged_trait_archived_raw_statistic
Archaea,strict_90_5_ANI95_representatives,K03582,recB,cell_maintenance,dna_repair_radiation,34,0,0,6,0,0,999,within_source_prevalence_preserving,0,0,0,0,0,0,,1,1,1,1,1,not_distinguished_from_null,FALSE,unchanged_trait_archived_raw_statistic
Archaea,strict_90_5_ANI95_representatives,K03583,recC,cell_maintenance,dna_repair_radiation,34,0,0,6,0,0,999,within_source_prevalence_preserving,0,0,0,0,0,0,,1,1,1,1,1,not_distinguished_from_null,FALSE,unchanged_trait_archived_raw_statistic
Archaea,strict_90_5_ANI95_representatives,K03657,"uvrD, pcrA",cell_maintenance,dna_repair_radiation,34,3,0.0882352941176471,6,3,0.0909090909090909,999,within_source_prevalence_preserving,3,0,3,3,3,0,,1,1,1,1,1,not_distinguished_from_null,TRUE,unchanged_trait_archived_raw_statistic
Archaea,strict_90_5_ANI95_representatives,K03671,"TXN, trxA",cell_maintenance,oxidative_redox,34,29,0.852941176470588,6,4,0.121212121212121,999,within_source_prevalence_preserving,4.6956956956957,0.460342613860334,4,5,5,-0.695695695695695,-1.51125634418622,1,0.305,2,1,0.99125,not_distinguished_from_null,TRUE,unchanged_trait_archived_raw_statistic
Archaea,strict_90_5_ANI95_representatives,K03701,uvrA,cell_maintenance,dna_repair_radiation,34,29,0.852941176470588,6,3,0.0909090909090909,999,within_source_prevalence_preserving,4.68968968968969,0.498297506127641,4,5,5,-1.68968968968969,-3.39092543894223,1,0.018,3,1,0.14625,not_distinguished_from_null,TRUE,unchanged_trait_archived_raw_statistic
Archaea,strict_90_5_ANI95_representatives,K03702,uvrB,cell_maintenance,dna_repair_radiation,34,28,0.823529411764706,6,4,0.121212121212121,999,within_source_prevalence_preserving,5.68068068068068,0.483326334714748,5,6,6,-1.68068068068068,-3.47732072508028,1,0.009,3,1,0.0975,not_distinguished_from_null,TRUE,unchanged_trait_archived_raw_statistic
Archaea,strict_90_5_ANI95_representatives,K03703,uvrC,cell_maintenance,dna_repair_radiation,34,29,0.852941176470588,6,3,0.0909090909090909,999,within_source_prevalence_preserving,4.6946946946947,0.484097699899492,4,5,5,-1.69469469469469,-3.50072866499169,1,0.012,3,1,0.111428571428571,not_distinguished_from_null,TRUE,unchanged_trait_archived_raw_statistic
Archaea,strict_90_5_ANI95_representatives,K03704,cspA,cell_maintenance,cold_protein_quality,34,8,0.235294117647059,6,6,0.181818181818182,999,within_source_prevalence_preserving,6.997997997998,0.821794797607498,5,7,8,-0.997997997997997,-1.21441265009645,0.966,0.271,4,1,0.978611111111111,not_distinguished_from_null,TRUE,unchanged_trait_archived_raw_statistic
Archaea,strict_90_5_ANI95_representatives,K03781,"katE, CAT, catB, srpA",cell_maintenance,oxidative_redox,34,4,0.117647058823529,6,2,0.0606060606060606,999,within_source_prevalence_preserving,3.34634634634635,0.647303768335368,2,3,4,-1.34634634634635,-2.07992972110863,1,0.097,3,1,0.485,not_distinguished_from_null,TRUE,unchanged_trait_archived_raw_statistic
Archaea,strict_90_5_ANI95_representatives,K03782,katG,cell_maintenance,oxidative_redox,34,12,0.352941176470588,6,7,0.212121212121212,999,within_source_prevalence_preserving,9.84184184184184,1.18228872288436,7,10,12,-2.84184184184184,-2.403678379769,0.996,0.034,8,1,0.221,not_distinguished_from_null,TRUE,unchanged_trait_archived_raw_statistic
Archaea,strict_90_5_ANI95_representatives,K04047,dps,cell_maintenance,dna_repair_radiation,34,13,0.382352941176471,6,5,0.151515151515152,999,within_source_prevalence_preserving,9.75175175175175,1.1623840621112,7,10,12,-4.75175175175175,-4.08793608467179,1,0.001,7,1,0.01625,fewer_transitions_than_null,TRUE,unchanged_trait_archived_raw_statistic
Archaea,strict_90_5_ANI95_representatives,K04564,SOD2,cell_maintenance,oxidative_redox,34,32,0.941176470588235,6,1,0.0303030303030303,999,within_source_prevalence_preserving,1.93093093093093,0.253698561593367,1,2,2,-0.930930930930931,-3.66943716623449,1,0.07,2,1,0.411666666666667,not_distinguished_from_null,TRUE,unchanged_trait_archived_raw_statistic
Archaea,strict_90_5_ANI95_representatives,K04565,SOD1,cell_maintenance,oxidative_redox,34,0,0,6,0,0,999,within_source_prevalence_preserving,0,0,0,0,0,0,,1,1,1,1,1,not_distinguished_from_null,FALSE,unchanged_trait_archived_raw_statistic
Archaea,strict_90_5_ANI95_representatives,K05343,treS,cell_maintenance,osmotic_desiccation_salt,34,5,0.147058823529412,6,4,0.121212121212121,999,within_source_prevalence_preserving,4.8028028028028,0.420125174771887,4,5,5,-0.802802802802803,-1.91086573957082,0.991,0.189,3,1,0.749411764705882,not_distinguished_from_null,TRUE,unchanged_trait_archived_raw_statistic
Archaea,strict_90_5_ANI95_representatives,K05592,"deaD, cshA",cell_maintenance,cold_protein_quality,34,9,0.264705882352941,6,8,0.242424242424242,999,within_source_prevalence_preserving,6.85585585585586,0.996609102230423,5,7,8,1.14414414414414,1.14803702031572,0.324,1,5,1,1,not_distinguished_from_null,TRUE,unchanged_trait_archived_raw_statistic
Archaea,strict_90_5_ANI95_representatives,K06381,spoIID,cell_maintenance,dormancy_resuscitation,34,0,0,6,0,0,999,within_source_prevalence_preserving,0,0,0,0,0,0,,1,1,1,1,1,not_distinguished_from_null,FALSE,unchanged_trait_archived_raw_statistic
Archaea,strict_90_5_ANI95_representatives,K06390,spoIIIAA,cell_maintenance,dormancy_resuscitation,34,0,0,6,0,0,999,within_source_prevalence_preserving,0,0,0,0,0,0,,1,1,1,1,1,not_distinguished_from_null,FALSE,unchanged_trait_archived_raw_statistic
Archaea,strict_90_5_ANI95_representatives,K06718,ectA,cell_maintenance,osmotic_desiccation_salt,34,1,0.0294117647058824,6,1,0.0303030303030303,999,within_source_prevalence_preserving,1,0,1,1,1,0,,1,1,1,1,1,not_distinguished_from_null,TRUE,unchanged_trait_archived_raw_statistic
Archaea,strict_90_5_ANI95_representatives,K06720,ectC,cell_maintenance,osmotic_desiccation_salt,34,0,0,6,0,0,999,within_source_prevalence_preserving,0,0,0,0,0,0,,1,1,1,1,1,not_distinguished_from_null,FALSE,unchanged_trait_archived_raw_statistic
Archaea,strict_90_5_ANI95_representatives,K07646,kdpD,cell_maintenance,osmotic_desiccation_salt,34,4,0.117647058823529,6,3,0.0909090909090909,999,within_source_prevalence_preserving,3.32732732732733,0.671465334440039,2,3,4,-0.327327327327327,-0.487482094068636,0.885,0.558,3,1,1,not_distinguished_from_null,TRUE,unchanged_trait_archived_raw_statistic
Archaea,strict_90_5_ANI95_representatives,K07667,kdpE,cell_maintenance,osmotic_desiccation_salt,34,0,0,6,0,0,999,within_source_prevalence_preserving,0,0,0,0,0,0,,1,1,1,1,1,not_distinguished_from_null,FALSE,unchanged_trait_archived_raw_statistic
Archaea,strict_90_5_ANI95_representatives,K07699,spo0A,cell_maintenance,dormancy_resuscitation,34,0,0,6,0,0,999,within_source_prevalence_preserving,0,0,0,0,0,0,,1,1,1,1,1,not_distinguished_from_null,FALSE,unchanged_trait_archived_raw_statistic
Archaea,strict_90_5_ANI95_representatives,K10255,"FAD6, desA",cell_maintenance,cold_protein_quality,34,0,0,6,0,0,999,within_source_prevalence_preserving,0,0,0,0,0,0,,1,1,1,1,1,not_distinguished_from_null,FALSE,unchanged_trait_archived_raw_statistic
Archaea,strict_90_5_ANI95_representatives,K10674,ectD,cell_maintenance,osmotic_desiccation_salt,34,0,0,6,0,0,999,within_source_prevalence_preserving,0,0,0,0,0,0,,1,1,1,1,1,not_distinguished_from_null,FALSE,unchanged_trait_archived_raw_statistic
Archaea,strict_90_5_ANI95_representatives,K00436,hoxH,energy_acquisition,trace_gas_energy,34,2,0.0588235294117647,6,1,0.0303030303030303,999,within_source_prevalence_preserving,1.85185185185185,0.355424714291416,1,2,2,-0.851851851851852,-2.39671530312721,1,0.149,2,1,0.691785714285714,not_distinguished_from_null,TRUE,unchanged_trait_archived_raw_statistic
Archaea,strict_90_5_ANI95_representatives,K00437,hydB,energy_acquisition,trace_gas_energy,34,0,0,6,0,0,999,within_source_prevalence_preserving,0,0,0,0,0,0,,1,1,1,1,1,not_distinguished_from_null,FALSE,unchanged_trait_archived_raw_statistic
Archaea,strict_90_5_ANI95_representatives,K00440,frhA,energy_acquisition,trace_gas_energy,34,4,0.117647058823529,6,3,0.0909090909090909,999,within_source_prevalence_preserving,3.32332332332332,0.764024891371897,1,3,4,-0.323323323323323,-0.423184279693765,0.898,0.535,4,1,1,not_distinguished_from_null,TRUE,unchanged_trait_archived_raw_statistic
Archaea,strict_90_5_ANI95_representatives,K00441,frhB,energy_acquisition,trace_gas_energy,34,11,0.323529411764706,6,6,0.181818181818182,999,within_source_prevalence_preserving,7.7997997997998,0.894180674201913,6,8,9,-1.7997997997998,-2.01279210312411,0.998,0.076,5,1,0.411666666666667,not_distinguished_from_null,TRUE,unchanged_trait_archived_raw_statistic
Archaea,strict_90_5_ANI95_representatives,K01601,"rbcL, cbbL",energy_acquisition,trace_gas_energy,34,9,0.264705882352941,6,6,0.181818181818182,999,within_source_prevalence_preserving,7.5005005005005,0.991825178203292,5,8,9,-1.5005005005005,-1.51286792619913,0.973,0.174,6,1,0.749411764705882,not_distinguished_from_null,TRUE,unchanged_trait_archived_raw_statistic
Archaea,strict_90_5_ANI95_representatives,K01602,"rbcS, cbbS",energy_acquisition,trace_gas_energy,34,0,0,6,0,0,999,within_source_prevalence_preserving,0,0,0,0,0,0,,1,1,1,1,1,not_distinguished_from_null,FALSE,unchanged_trait_archived_raw_statistic
Archaea,strict_90_5_ANI95_representatives,K03518,coxS,energy_acquisition,trace_gas_energy,34,3,0.0882352941176471,6,3,0.0909090909090909,999,within_source_prevalence_preserving,3,0,3,3,3,0,,1,1,1,1,1,not_distinguished_from_null,TRUE,unchanged_trait_archived_raw_statistic
Archaea,strict_90_5_ANI95_representatives,K03519,"coxM, cutM",energy_acquisition,trace_gas_energy,34,3,0.0882352941176471,6,3,0.0909090909090909,999,within_source_prevalence_preserving,3,0,3,3,3,0,,1,1,1,1,1,not_distinguished_from_null,TRUE,unchanged_trait_archived_raw_statistic
Archaea,strict_90_5_ANI95_representatives,K03520,"coxL, cutL",energy_acquisition,trace_gas_energy,34,3,0.0882352941176471,6,3,0.0909090909090909,999,within_source_prevalence_preserving,3,0,3,3,3,0,,1,1,1,1,1,not_distinguished_from_null,TRUE,unchanged_trait_archived_raw_statistic
Archaea,strict_90_5_ANI95_representatives,K04641,bop,energy_acquisition,light_energy,34,4,0.117647058823529,6,3,0.0909090909090909,999,within_source_prevalence_preserving,3.6996996996997,0.458618110252982,3,4,4,-0.6996996996997,-1.52566958010824,1,0.301,2,1,0.99125,not_distinguished_from_null,TRUE,unchanged_trait_archived_raw_statistic
Archaea,strict_90_5_ANI95_representatives,K04642,hop,energy_acquisition,light_energy,34,1,0.0294117647058824,6,1,0.0303030303030303,999,within_source_prevalence_preserving,1,0,1,1,1,0,,1,1,1,1,1,not_distinguished_from_null,TRUE,unchanged_trait_archived_raw_statistic
Archaea,strict_90_5_ANI95_representatives,K11180,dsrA,energy_acquisition,sulfur_chemolithotrophy,34,0,0,6,0,0,999,within_source_prevalence_preserving,0,0,0,0,0,0,,1,1,1,1,1,not_distinguished_from_null,FALSE,unchanged_trait_archived_raw_statistic
Archaea,strict_90_5_ANI95_representatives,K11181,dsrB,energy_acquisition,sulfur_chemolithotrophy,34,0,0,6,0,0,999,within_source_prevalence_preserving,0,0,0,0,0,0,,1,1,1,1,1,not_distinguished_from_null,FALSE,unchanged_trait_archived_raw_statistic
Archaea,strict_90_5_ANI95_representatives,K17222,soxA,energy_acquisition,sulfur_chemolithotrophy,34,0,0,6,0,0,999,within_source_prevalence_preserving,0,0,0,0,0,0,,1,1,1,1,1,not_distinguished_from_null,FALSE,unchanged_trait_archived_raw_statistic
Archaea,strict_90_5_ANI95_representatives,K17223,soxX,energy_acquisition,sulfur_chemolithotrophy,34,0,0,6,0,0,999,within_source_prevalence_preserving,0,0,0,0,0,0,,1,1,1,1,1,not_distinguished_from_null,FALSE,unchanged_trait_archived_raw_statistic
Archaea,strict_90_5_ANI95_representatives,K17224,soxB,energy_acquisition,sulfur_chemolithotrophy,34,0,0,6,0,0,999,within_source_prevalence_preserving,0,0,0,0,0,0,,1,1,1,1,1,not_distinguished_from_null,FALSE,unchanged_trait_archived_raw_statistic
Archaea,strict_90_5_ANI95_representatives,K17225,soxC,energy_acquisition,sulfur_chemolithotrophy,34,0,0,6,0,0,999,within_source_prevalence_preserving,0,0,0,0,0,0,,1,1,1,1,1,not_distinguished_from_null,FALSE,unchanged_trait_archived_raw_statistic
Archaea,strict_90_5_ANI95_representatives,K17229,fccB,energy_acquisition,sulfur_chemolithotrophy,34,0,0,6,0,0,999,within_source_prevalence_preserving,0,0,0,0,0,0,,1,1,1,1,1,not_distinguished_from_null,FALSE,unchanged_trait_archived_raw_statistic
Archaea,strict_90_5_ANI95_representatives,K00066,algD,surface_retention,biofilm_eps_surface,34,0,0,6,0,0,999,within_source_prevalence_preserving,0,0,0,0,0,0,,1,1,1,1,1,not_distinguished_from_null,FALSE,unchanged_trait_archived_raw_statistic
Archaea,strict_90_5_ANI95_representatives,K00694,bcsA,surface_retention,biofilm_eps_surface,34,0,0,6,0,0,999,within_source_prevalence_preserving,0,0,0,0,0,0,,1,1,1,1,1,not_distinguished_from_null,FALSE,unchanged_trait_archived_raw_statistic
Archaea,strict_90_5_ANI95_representatives,K11935,pgaA,surface_retention,biofilm_eps_surface,34,1,0.0294117647058824,6,1,0.0303030303030303,999,within_source_prevalence_preserving,1,0,1,1,1,0,,1,1,1,1,1,not_distinguished_from_null,TRUE,unchanged_trait_archived_raw_statistic
Archaea,strict_90_5_ANI95_representatives,K20543,bcsC,surface_retention,biofilm_eps_surface,34,1,0.0294117647058824,6,1,0.0303030303030303,999,within_source_prevalence_preserving,1,0,1,1,1,0,,1,1,1,1,1,not_distinguished_from_null,TRUE,unchanged_trait_archived_raw_statistic
Bacteria,primary_ANI95_representatives,K00130,"betB, gbsA",cell_maintenance,osmotic_desiccation_salt,2845,368,0.129349736379613,7,228,0.080168776371308,999,global_prevalence_preserving,350.620620620621,4.07509853517162,341,351,358,-122.620620620621,-30.0902222516336,1,0.001,25,1,0.00110169491525424,fewer_transitions_than_null,TRUE,unchanged_trait_archived_raw_statistic
Bacteria,primary_ANI95_representatives,K00383,"GSR, gor",cell_maintenance,oxidative_redox,2845,382,0.13427065026362,7,160,0.0562587904360056,999,global_prevalence_preserving,363.283283283283,4.23399152092081,355,364,371,-203.283283283283,-48.0122084040152,1,0.001,28,1,0.00110169491525424,fewer_transitions_than_null,TRUE,unchanged_trait_archived_raw_statistic
Bacteria,primary_ANI95_representatives,K00384,"trxB, TRR",cell_maintenance,oxidative_redox,2845,2296,0.807029876977153,7,466,0.163853727144866,999,global_prevalence_preserving,506.654654654655,6.29166320678971,493,507,518,-40.6546546546547,-6.46167051834272,1,0.001,40,1,0.00110169491525424,fewer_transitions_than_null,TRUE,unchanged_trait_archived_raw_statistic
Bacteria,primary_ANI95_representatives,K00697,otsA,cell_maintenance,osmotic_desiccation_salt,2845,1069,0.375746924428823,7,467,0.164205344585091,999,global_prevalence_preserving,857.903903903904,12.5607451774806,833,858,882,-390.903903903904,-31.1210758900461,1,0.001,71,1,0.00110169491525424,fewer_transitions_than_null,TRUE,unchanged_trait_archived_raw_statistic
Bacteria,primary_ANI95_representatives,K01087,otsB,cell_maintenance,osmotic_desiccation_salt,2845,978,0.343760984182777,7,510,0.179324894514768,999,global_prevalence_preserving,810.695695695696,11.3855501842242,788,811,834,-300.695695695696,-26.4102911875388,1,0.001,66,1,0.00110169491525424,fewer_transitions_than_null,TRUE,unchanged_trait_archived_raw_statistic
Bacteria,primary_ANI95_representatives,K01139,spoT,cell_maintenance,dormancy_resuscitation,2845,1685,0.592267135325132,7,692,0.243319268635724,999,global_prevalence_preserving,896.590590590591,13.2406261147793,869,897,921,-204.590590590591,-15.4517308182447,1,0.001,73,1,0.00110169491525424,fewer_transitions_than_null,TRUE,unchanged_trait_archived_raw_statistic
Bacteria,primary_ANI95_representatives,K01546,kdpA,cell_maintenance,osmotic_desiccation_salt,2845,843,0.296309314586995,7,398,0.139943741209564,999,global_prevalence_preserving,728.004004004004,10.0838162758628,709,728,749,-330.004004004004,-32.7261023977521,1,0.001,61,1,0.00110169491525424,fewer_transitions_than_null,TRUE,unchanged_trait_archived_raw_statistic
Bacteria,primary_ANI95_representatives,K01547,kdpB,cell_maintenance,osmotic_desiccation_salt,2845,828,0.29103690685413,7,397,0.139592123769339,999,global_prevalence_preserving,717.954954954955,10.083070444669,698,718,738,-320.954954954955,-31.831073353717,1,0.001,56,1,0.00110169491525424,fewer_transitions_than_null,TRUE,unchanged_trait_archived_raw_statistic
Bacteria,primary_ANI95_representatives,K01548,kdpC,cell_maintenance,osmotic_desiccation_salt,2845,824,0.289630931458699,7,401,0.140998593530239,999,global_prevalence_preserving,715.058058058058,9.41849503530647,696,715,733,-314.058058058058,-33.3448238684387,1,0.001,51,1,0.00110169491525424,fewer_transitions_than_null,TRUE,unchanged_trait_archived_raw_statistic
Bacteria,primary_ANI95_representatives,K01669,"phr, PHR1",cell_maintenance,dna_repair_radiation,2845,523,0.183831282952548,7,346,0.121659634317862,999,global_prevalence_preserving,485.768768768769,6.01847402959216,473,486,496,-139.768768768769,-23.223290169824,1,0.001,35,1,0.00110169491525424,fewer_transitions_than_null,TRUE,unchanged_trait_archived_raw_statistic
Bacteria,primary_ANI95_representatives,K02000,proV,cell_maintenance,osmotic_desiccation_salt,2845,280,0.0984182776801406,7,165,0.0580168776371308,999,global_prevalence_preserving,270.429429429429,2.94178227281628,264,271,276,-105.429429429429,-35.838624225748,1,0.001,19,1,0.00110169491525424,fewer_transitions_than_null,TRUE,unchanged_trait_archived_raw_statistic
Bacteria,primary_ANI95_representatives,K02001,proW,cell_maintenance,osmotic_desiccation_salt,2845,292,0.102636203866432,7,160,0.0562587904360056,999,global_prevalence_preserving,281.378378378378,3.17665787952371,275,282,287,-121.378378378378,-38.2094588028401,1,0.001,19,1,0.00110169491525424,fewer_transitions_than_null,TRUE,unchanged_trait_archived_raw_statistic
Bacteria,primary_ANI95_representatives,K02002,proX,cell_maintenance,osmotic_desiccation_salt,2845,298,0.104745166959578,7,154,0.0541490857946554,999,global_prevalence_preserving,286.880880880881,3.26375996099449,280,287,293,-132.880880880881,-40.7140483580144,1,0.001,21,1,0.00110169491525424,fewer_transitions_than_null,TRUE,unchanged_trait_archived_raw_statistic
Bacteria,primary_ANI95_representatives,K03386,"PRDX2_4, ahpC",cell_maintenance,oxidative_redox,2845,376,0.132161687170475,7,189,0.0664556962025316,999,global_prevalence_preserving,357.964964964965,4.26005515382148,349,358,366,-168.964964964965,-39.6626238074395,1,0.001,26,1,0.00110169491525424,fewer_transitions_than_null,TRUE,unchanged_trait_archived_raw_statistic
Bacteria,primary_ANI95_representatives,K03387,ahpF,cell_maintenance,oxidative_redox,2845,130,0.0456942003514939,7,83,0.0291842475386779,999,global_prevalence_preserving,128.065065065065,1.42225750255639,125,128,130,-45.0650650650651,-31.685587865815,1,0.001,8,1,0.00110169491525424,fewer_transitions_than_null,TRUE,unchanged_trait_archived_raw_statistic
Bacteria,primary_ANI95_representatives,K03553,recA,cell_maintenance,dna_repair_radiation,2845,2427,0.853075571177504,7,374,0.131504922644163,999,global_prevalence_preserving,394.953953953954,4.64704981960963,385,395,403.05,-20.9539539539539,-4.50908743554511,1,0.001,28,1,0.00110169491525424,fewer_transitions_than_null,TRUE,unchanged_trait_archived_raw_statistic
Bacteria,primary_ANI95_representatives,K03555,mutS,cell_maintenance,dna_repair_radiation,2845,1401,0.492442882249561,7,451,0.158579465541491,999,global_prevalence_preserving,948.742742742743,14.3632688434291,921,949,978,-497.742742742743,-34.6538624437465,1,0.001,78,1,0.00110169491525424,fewer_transitions_than_null,TRUE,unchanged_trait_archived_raw_statistic
Bacteria,primary_ANI95_representatives,K03572,mutL,cell_maintenance,dna_repair_radiation,2845,1438,0.505448154657294,7,415,0.14592123769339,999,global_prevalence_preserving,947.77977977978,14.5054599474863,919,948,976,-532.77977977978,-36.7296026260862,1,0.001,78,1,0.00110169491525424,fewer_transitions_than_null,TRUE,unchanged_trait_archived_raw_statistic
Bacteria,primary_ANI95_representatives,K03581,recD,cell_maintenance,dna_repair_radiation,2845,767,0.269595782073814,7,354,0.124472573839662,999,global_prevalence_preserving,675.074074074074,8.89543568751187,657,676,692,-321.074074074074,-36.0942493828407,1,0.001,52,1,0.00110169491525424,fewer_transitions_than_null,TRUE,unchanged_trait_archived_raw_statistic
Bacteria,primary_ANI95_representatives,K03582,recB,cell_maintenance,dna_repair_radiation,2845,416,0.14622144112478,7,194,0.0682137834036568,999,global_prevalence_preserving,393.242242242242,4.68222423907991,384,393,402,-199.242242242242,-42.5529047881301,1,0.001,29,1,0.00110169491525424,fewer_transitions_than_null,TRUE,unchanged_trait_archived_raw_statistic
Bacteria,primary_ANI95_representatives,K03583,recC,cell_maintenance,dna_repair_radiation,2845,473,0.166256590509666,7,200,0.070323488045007,999,global_prevalence_preserving,442.950950950951,5.15186179516779,433,443,453,-242.950950950951,-47.1578937111294,1,0.001,35,1,0.00110169491525424,fewer_transitions_than_null,TRUE,unchanged_trait_archived_raw_statistic
Bacteria,primary_ANI95_representatives,K03657,"uvrD, pcrA",cell_maintenance,dna_repair_radiation,2845,2540,0.892794376098418,7,275,0.0966947960618847,999,global_prevalence_preserving,293.521521521522,3.34689268854329,287,293,299,-18.5215215215216,-5.53394543688907,1,0.001,21,1,0.00110169491525424,fewer_transitions_than_null,TRUE,unchanged_trait_archived_raw_statistic
Bacteria,primary_ANI95_representatives,K03671,"TXN, trxA",cell_maintenance,oxidative_redox,2845,2507,0.881195079086116,7,267,0.0938818565400844,999,global_prevalence_preserving,323.33033033033,3.8052530655367,315,323,330,-56.3303303303304,-14.8033072597723,1,0.001,24,1,0.00110169491525424,fewer_transitions_than_null,TRUE,unchanged_trait_archived_raw_statistic
Bacteria,primary_ANI95_representatives,K03701,uvrA,cell_maintenance,dna_repair_radiation,2845,2528,0.888576449912127,7,288,0.10126582278481,999,global_prevalence_preserving,304.515515515516,3.49226306456627,297,305,311,-16.5155155155155,-4.72917280576247,1,0.001,22,1,0.00110169491525424,fewer_transitions_than_null,TRUE,unchanged_trait_archived_raw_statistic
Bacteria,primary_ANI95_representatives,K03702,uvrB,cell_maintenance,dna_repair_radiation,2845,2211,0.777152899824253,7,534,0.187763713080169,999,global_prevalence_preserving,575.612612612613,7.43664497323875,561,576,590,-41.6126126126126,-5.59561640529544,1,0.001,46,1,0.00110169491525424,fewer_transitions_than_null,TRUE,unchanged_trait_archived_raw_statistic
Bacteria,primary_ANI95_representatives,K03703,uvrC,cell_maintenance,dna_repair_radiation,2845,2463,0.86572934973638,7,359,0.126230661040788,999,global_prevalence_preserving,362.985985985986,4.33328495726341,354,363,371.05,-3.98598598598596,-0.919853188815727,0.858,0.205,26,1,0.21844262295082,not_distinguished_from_null,TRUE,unchanged_trait_archived_raw_statistic
Bacteria,primary_ANI95_representatives,K03704,cspA,cell_maintenance,cold_protein_quality,2845,2092,0.735325131810193,7,248,0.0872011251758087,999,global_prevalence_preserving,665.37937937938,8.69335170938697,649,666,682.05,-417.379379379379,-48.0113301902532,1,0.001,50,1,0.00110169491525424,fewer_transitions_than_null,TRUE,unchanged_trait_archived_raw_statistic
Bacteria,primary_ANI95_representatives,K03781,"katE, CAT, catB, srpA",cell_maintenance,oxidative_redox,2845,898,0.315641476274165,7,556,0.19549929676512,999,global_prevalence_preserving,763.356356356356,10.5524331235403,743,763,784,-207.356356356356,-19.6500990746662,1,0.001,62,1,0.00110169491525424,fewer_transitions_than_null,TRUE,unchanged_trait_archived_raw_statistic
Bacteria,primary_ANI95_representatives,K03782,katG,cell_maintenance,oxidative_redox,2845,790,0.27768014059754,7,499,0.175457102672293,999,global_prevalence_preserving,691.985985985986,8.78088901122538,675,692,709,-192.985985985986,-21.9779552775664,1,0.001,53,1,0.00110169491525424,fewer_transitions_than_null,TRUE,unchanged_trait_archived_raw_statistic
Bacteria,primary_ANI95_representatives,K04047,dps,cell_maintenance,dna_repair_radiation,2845,959,0.337082601054482,7,464,0.163150492264416,999,global_prevalence_preserving,800.119119119119,11.1861111647796,778.95,800,822,-336.119119119119,-30.0478972690186,1,0.001,64,1,0.00110169491525424,fewer_transitions_than_null,TRUE,unchanged_trait_archived_raw_statistic
Bacteria,primary_ANI95_representatives,K04564,SOD2,cell_maintenance,oxidative_redox,2845,1998,0.702284710017575,7,363,0.127637130801688,999,global_prevalence_preserving,730.98998998999,9.6930806002501,712,731,750,-367.98998998999,-37.964193754924,1,0.001,58,1,0.00110169491525424,fewer_transitions_than_null,TRUE,unchanged_trait_archived_raw_statistic
Bacteria,primary_ANI95_representatives,K04565,SOD1,cell_maintenance,oxidative_redox,2845,832,0.292442882249561,7,450,0.158227848101266,999,global_prevalence_preserving,720.410410410411,9.97872143587149,700,721,739,-270.41041041041,-27.0987031904047,1,0.001,56,1,0.00110169491525424,fewer_transitions_than_null,TRUE,unchanged_trait_archived_raw_statistic
Bacteria,primary_ANI95_representatives,K05343,treS,cell_maintenance,osmotic_desiccation_salt,2845,1447,0.508611599297012,7,448,0.157524613220816,999,global_prevalence_preserving,948.628628628629,14.21292495205,921,949,977,-500.628628628629,-35.2234765410775,1,0.001,80,1,0.00110169491525424,fewer_transitions_than_null,TRUE,unchanged_trait_archived_raw_statistic
Bacteria,primary_ANI95_representatives,K05592,"deaD, cshA",cell_maintenance,cold_protein_quality,2845,1080,0.379613356766257,7,475,0.167018284106892,999,global_prevalence_preserving,863.145145145145,12.229516593315,839.95,863,887,-388.145145145145,-31.7383882006683,1,0.001,72,1,0.00110169491525424,fewer_transitions_than_null,TRUE,unchanged_trait_archived_raw_statistic
Bacteria,primary_ANI95_representatives,K06381,spoIID,cell_maintenance,dormancy_resuscitation,2845,1099,0.386291739894552,7,296,0.10407876230661,999,global_prevalence_preserving,872.017017017017,12.8407351685972,845,872,896,-576.017017017017,-44.8585699692413,1,0.001,74,1,0.00110169491525424,fewer_transitions_than_null,TRUE,unchanged_trait_archived_raw_statistic
Bacteria,primary_ANI95_representatives,K06390,spoIIIAA,cell_maintenance,dormancy_resuscitation,2845,15,0.00527240773286468,7,7,0.00246132208157525,999,global_prevalence_preserving,14.973973973974,0.159292408689979,14,15,15,-7.97397397397397,-50.0587193046545,1,0.001,2,1,0.00110169491525424,fewer_transitions_than_null,TRUE,unchanged_trait_archived_raw_statistic
Bacteria,primary_ANI95_representatives,K06718,ectA,cell_maintenance,osmotic_desiccation_salt,2845,197,0.0692442882249561,7,112,0.0393811533052039,999,global_prevalence_preserving,192.4004004004,2.10254160535394,188,193,196,-80.4004004004004,-38.2396239844518,1,0.001,14,1,0.00110169491525424,fewer_transitions_than_null,TRUE,unchanged_trait_archived_raw_statistic
Bacteria,primary_ANI95_representatives,K06720,ectC,cell_maintenance,osmotic_desiccation_salt,2845,234,0.0822495606326889,7,135,0.0474683544303798,999,global_prevalence_preserving,227.347347347347,2.60038352159624,222,228,232,-92.3473473473473,-35.5129720598523,1,0.001,16,1,0.00110169491525424,fewer_transitions_than_null,TRUE,unchanged_trait_archived_raw_statistic
Bacteria,primary_ANI95_representatives,K07646,kdpD,cell_maintenance,osmotic_desiccation_salt,2845,1244,0.43725834797891,7,443,0.155766526019691,999,global_prevalence_preserving,924.199199199199,13.8185115654012,894.95,925,949,-481.199199199199,-34.8227952715275,1,0.001,77,1,0.00110169491525424,fewer_transitions_than_null,TRUE,unchanged_trait_archived_raw_statistic
Bacteria,primary_ANI95_representatives,K07667,kdpE,cell_maintenance,osmotic_desiccation_salt,2845,991,0.348330404217926,7,465,0.163502109704641,999,global_prevalence_preserving,817.702702702703,11.6682045189521,794,817,841,-352.702702702703,-30.2276757430695,1,0.001,67,1,0.00110169491525424,fewer_transitions_than_null,TRUE,unchanged_trait_archived_raw_statistic
Bacteria,primary_ANI95_representatives,K07699,spo0A,cell_maintenance,dormancy_resuscitation,2845,17,0.00597539543057996,7,5,0.00175808720112518,999,global_prevalence_preserving,16.962962962963,0.1992712917735,16,17,17,-11.962962962963,-60.0335495218276,1,0.001,3,1,0.00110169491525424,fewer_transitions_than_null,TRUE,unchanged_trait_archived_raw_statistic
Bacteria,primary_ANI95_representatives,K10255,"FAD6, desA",cell_maintenance,cold_protein_quality,2845,376,0.132161687170475,7,251,0.0882559774964838,999,global_prevalence_preserving,357.732732732733,4.25486161165183,349,358,366,-106.732732732733,-25.0848893511478,1,0.001,26,1,0.00110169491525424,fewer_transitions_than_null,TRUE,unchanged_trait_archived_raw_statistic
Bacteria,primary_ANI95_representatives,K10674,ectD,cell_maintenance,osmotic_desiccation_salt,2845,144,0.0506151142355009,7,91,0.0319971870604782,999,global_prevalence_preserving,141.581581581582,1.59505156031435,138,142,144,-50.5815815815816,-31.7115652183765,1,0.001,9,1,0.00110169491525424,fewer_transitions_than_null,TRUE,unchanged_trait_archived_raw_statistic
Bacteria,primary_ANI95_representatives,K00436,hoxH,energy_acquisition,trace_gas_energy,2845,175,0.0615114235500879,7,108,0.0379746835443038,999,global_prevalence_preserving,171.324324324324,1.83729971954436,167,171,175,-63.3243243243243,-34.4659739783928,1,0.001,12,1,0.00110169491525424,fewer_transitions_than_null,TRUE,unchanged_trait_archived_raw_statistic
Bacteria,primary_ANI95_representatives,K00437,hydB,energy_acquisition,trace_gas_energy,2845,4,0.00140597539543058,7,4,0.00140646976090014,999,global_prevalence_preserving,3.998998998999,0.0316385998584167,4,4,4,0.00100100100100109,0.0316385998584194,0.999,1,2,1,1,not_distinguished_from_null,TRUE,unchanged_trait_archived_raw_statistic
Bacteria,primary_ANI95_representatives,K00440,frhA,energy_acquisition,trace_gas_energy,2845,0,0,7,0,0,999,global_prevalence_preserving,0,0,0,0,0,0,,1,1,1,1,1,not_distinguished_from_null,FALSE,unchanged_trait_archived_raw_statistic
Bacteria,primary_ANI95_representatives,K00441,frhB,energy_acquisition,trace_gas_energy,2845,311,0.109314586994728,7,121,0.0425457102672293,999,global_prevalence_preserving,298.884884884885,3.44026635989363,292,299,305,-177.884884884885,-51.7067186886033,1,0.001,21,1,0.00110169491525424,fewer_transitions_than_null,TRUE,unchanged_trait_archived_raw_statistic
Bacteria,primary_ANI95_representatives,K01601,"rbcL, cbbL",energy_acquisition,trace_gas_energy,2845,243,0.0854130052724077,7,161,0.0566104078762307,999,global_prevalence_preserving,235.787787787788,2.70363279155179,230,236,240,-74.7877877877878,-27.6619620909622,1,0.001,17,1,0.00110169491525424,fewer_transitions_than_null,TRUE,unchanged_trait_archived_raw_statistic
Bacteria,primary_ANI95_representatives,K01602,"rbcS, cbbS",energy_acquisition,trace_gas_energy,2845,207,0.0727592267135325,7,143,0.05028129395218,999,global_prevalence_preserving,201.887887887888,2.25646331608495,197,202,206,-58.8878878878879,-26.0974275398638,1,0.001,13,1,0.00110169491525424,fewer_transitions_than_null,TRUE,unchanged_trait_archived_raw_statistic
Bacteria,primary_ANI95_representatives,K03518,coxS,energy_acquisition,trace_gas_energy,2845,927,0.325834797891037,7,400,0.140646976090014,999,global_prevalence_preserving,781.061061061061,10.4441100216133,761,781,802,-381.061061061061,-36.4857379204629,1,0.001,61,1,0.00110169491525424,fewer_transitions_than_null,TRUE,unchanged_trait_archived_raw_statistic
Bacteria,primary_ANI95_representatives,K03519,"coxM, cutM",energy_acquisition,trace_gas_energy,2845,907,0.318804920913884,7,385,0.135372714486639,999,global_prevalence_preserving,768.746746746747,10.829102726387,748,769,790,-383.746746746747,-35.4366152434477,1,0.001,65,1,0.00110169491525424,fewer_transitions_than_null,TRUE,unchanged_trait_archived_raw_statistic
Bacteria,primary_ANI95_representatives,K03520,"coxL, cutL",energy_acquisition,trace_gas_energy,2845,770,0.270650263620387,7,360,0.126582278481013,999,global_prevalence_preserving,677.383383383383,8.76857685398564,659,678,694,-317.383383383383,-36.1955410402911,1,0.001,52,1,0.00110169491525424,fewer_transitions_than_null,TRUE,unchanged_trait_archived_raw_statistic
Bacteria,primary_ANI95_representatives,K04641,bop,energy_acquisition,light_energy,2845,0,0,7,0,0,999,global_prevalence_preserving,0,0,0,0,0,0,,1,1,1,1,1,not_distinguished_from_null,FALSE,unchanged_trait_archived_raw_statistic
Bacteria,primary_ANI95_representatives,K04642,hop,energy_acquisition,light_energy,2845,0,0,7,0,0,999,global_prevalence_preserving,0,0,0,0,0,0,,1,1,1,1,1,not_distinguished_from_null,FALSE,unchanged_trait_archived_raw_statistic
Bacteria,primary_ANI95_representatives,K11180,dsrA,energy_acquisition,sulfur_chemolithotrophy,2845,34,0.0119507908611599,7,27,0.00949367088607595,999,global_prevalence_preserving,33.8828828828829,0.336933741244885,33,34,34,-6.88288288288288,-20.4280012368378,1,0.001,3,1,0.00110169491525424,fewer_transitions_than_null,TRUE,unchanged_trait_archived_raw_statistic
Bacteria,primary_ANI95_representatives,K11181,dsrB,energy_acquisition,sulfur_chemolithotrophy,2845,28,0.00984182776801406,7,23,0.00808720112517581,999,global_prevalence_preserving,27.8988988988989,0.317790450343382,27,28,28,-4.8988988988989,-15.4155006659435,1,0.001,3,1,0.00110169491525424,fewer_transitions_than_null,TRUE,unchanged_trait_archived_raw_statistic
Bacteria,primary_ANI95_representatives,K17222,soxA,energy_acquisition,sulfur_chemolithotrophy,2845,131,0.0460456942003515,7,61,0.0214486638537271,999,global_prevalence_preserving,128.91991991992,1.41265167791634,126,129,131,-67.9199199199199,-48.0797361314871,1,0.001,10,1,0.00110169491525424,fewer_transitions_than_null,TRUE,unchanged_trait_archived_raw_statistic
Bacteria,primary_ANI95_representatives,K17223,soxX,energy_acquisition,sulfur_chemolithotrophy,2845,137,0.0481546572934974,7,71,0.0249648382559775,999,global_prevalence_preserving,134.843843843844,1.43239070294784,132,135,137,-63.8438438438439,-44.5715290614873,1,0.001,8,1,0.00110169491525424,fewer_transitions_than_null,TRUE,unchanged_trait_archived_raw_statistic
Bacteria,primary_ANI95_representatives,K17224,soxB,energy_acquisition,sulfur_chemolithotrophy,2845,141,0.049560632688928,7,79,0.0277777777777778,999,global_prevalence_preserving,138.701701701702,1.51317100159474,135,139,141,-59.7017017017017,-39.4546958927851,1,0.001,10,1,0.00110169491525424,fewer_transitions_than_null,TRUE,unchanged_trait_archived_raw_statistic
Bacteria,primary_ANI95_representatives,K17225,soxC,energy_acquisition,sulfur_chemolithotrophy,2845,146,0.0513181019332162,7,111,0.0390295358649789,999,global_prevalence_preserving,143.453453453453,1.56540300201034,140,144,146,-32.4534534534535,-20.7316923576713,1,0.001,10,1,0.00110169491525424,fewer_transitions_than_null,TRUE,unchanged_trait_archived_raw_statistic
Bacteria,primary_ANI95_representatives,K17229,fccB,energy_acquisition,sulfur_chemolithotrophy,2845,85,0.0298769771528998,7,70,0.0246132208157525,999,global_prevalence_preserving,84.1461461461462,0.929726543427566,82,84,85,-14.1461461461462,-15.2153837557379,1,0.001,6,1,0.00110169491525424,fewer_transitions_than_null,TRUE,unchanged_trait_archived_raw_statistic
Bacteria,primary_ANI95_representatives,K00066,algD,surface_retention,biofilm_eps_surface,2845,243,0.0854130052724077,7,163,0.0573136427566807,999,global_prevalence_preserving,235.874874874875,2.63310193706614,230,236,241,-72.8748748748749,-27.6764351007518,1,0.001,18,1,0.00110169491525424,fewer_transitions_than_null,TRUE,unchanged_trait_archived_raw_statistic
Bacteria,primary_ANI95_representatives,K00694,bcsA,surface_retention,biofilm_eps_surface,2845,80,0.0281195079086116,7,51,0.0179324894514768,999,global_prevalence_preserving,79.2692692692693,0.840225281465517,77,79,80,-28.2692692692693,-33.6448686951696,1,0.001,6,1,0.00110169491525424,fewer_transitions_than_null,TRUE,unchanged_trait_archived_raw_statistic
Bacteria,primary_ANI95_representatives,K11935,pgaA,surface_retention,biofilm_eps_surface,2845,18,0.00632688927943761,7,17,0.0059774964838256,999,global_prevalence_preserving,17.966966966967,0.17881235311119,17,18,18,-0.966966966966968,-5.40771904257468,1,0.034,2,1,0.0368333333333333,fewer_transitions_than_null,TRUE,unchanged_trait_archived_raw_statistic
Bacteria,primary_ANI95_representatives,K20543,bcsC,surface_retention,biofilm_eps_surface,2845,43,0.0151142355008787,7,33,0.0116033755274262,999,global_prevalence_preserving,42.7847847847848,0.461687165520483,42,43,43,-9.78478478478478,-21.1935386459225,1,0.001,4,1,0.00110169491525424,fewer_transitions_than_null,TRUE,unchanged_trait_archived_raw_statistic
Bacteria,primary_ANI95_representatives,K00130,"betB, gbsA",cell_maintenance,osmotic_desiccation_salt,2845,368,0.129349736379613,7,228,0.080168776371308,999,within_source_prevalence_preserving,350.176176176176,4.13850788182999,342,350,358,-122.176176176176,-29.5217937635416,1,0.001,25,1,0.00112068965517241,fewer_transitions_than_null,TRUE,unchanged_trait_archived_raw_statistic
Bacteria,primary_ANI95_representatives,K00383,"GSR, gor",cell_maintenance,oxidative_redox,2845,382,0.13427065026362,7,160,0.0562587904360056,999,within_source_prevalence_preserving,363.043043043043,4.30281041926756,355,363,371,-203.043043043043,-47.1884706176773,1,0.001,27,1,0.00112068965517241,fewer_transitions_than_null,TRUE,unchanged_trait_archived_raw_statistic
Bacteria,primary_ANI95_representatives,K00384,"trxB, TRR",cell_maintenance,oxidative_redox,2845,2296,0.807029876977153,7,466,0.163853727144866,999,within_source_prevalence_preserving,503.970970970971,6.48600761236476,490,504,517,-37.970970970971,-5.85429022602196,1,0.001,41,1,0.00112068965517241,fewer_transitions_than_null,TRUE,unchanged_trait_archived_raw_statistic
Bacteria,primary_ANI95_representatives,K00697,otsA,cell_maintenance,osmotic_desiccation_salt,2845,1069,0.375746924428823,7,467,0.164205344585091,999,within_source_prevalence_preserving,853.862862862863,12.8338469473166,829,855,878.05,-386.862862862863,-30.1439517278763,1,0.001,72,1,0.00112068965517241,fewer_transitions_than_null,TRUE,unchanged_trait_archived_raw_statistic
Bacteria,primary_ANI95_representatives,K01087,otsB,cell_maintenance,osmotic_desiccation_salt,2845,978,0.343760984182777,7,510,0.179324894514768,999,within_source_prevalence_preserving,785.918918918919,11.2383733031714,763,786,807,-275.918918918919,-24.5514997122455,1,0.001,65,1,0.00112068965517241,fewer_transitions_than_null,TRUE,unchanged_trait_archived_raw_statistic
Bacteria,primary_ANI95_representatives,K01139,spoT,cell_maintenance,dormancy_resuscitation,2845,1685,0.592267135325132,7,692,0.243319268635724,999,within_source_prevalence_preserving,892.393393393394,13.4418660878706,868,892,919.05,-200.393393393393,-14.908152787969,1,0.001,75,1,0.00112068965517241,fewer_transitions_than_null,TRUE,unchanged_trait_archived_raw_statistic
Bacteria,primary_ANI95_representatives,K01546,kdpA,cell_maintenance,osmotic_desiccation_salt,2845,843,0.296309314586995,7,398,0.139943741209564,999,within_source_prevalence_preserving,497.067067067067,10.4727199060687,476,497,518,-99.0670670670671,-9.45953562738364,1,0.001,60,1,0.00112068965517241,fewer_transitions_than_null,TRUE,unchanged_trait_archived_raw_statistic
Bacteria,primary_ANI95_representatives,K01547,kdpB,cell_maintenance,osmotic_desiccation_salt,2845,828,0.29103690685413,7,397,0.139592123769339,999,within_source_prevalence_preserving,501.448448448449,10.9435193757653,481,501,522,-104.448448448448,-9.54431978068702,1,0.001,62,1,0.00112068965517241,fewer_transitions_than_null,TRUE,unchanged_trait_archived_raw_statistic
Bacteria,primary_ANI95_representatives,K01548,kdpC,cell_maintenance,osmotic_desiccation_salt,2845,824,0.289630931458699,7,401,0.140998593530239,999,within_source_prevalence_preserving,492.585585585586,10.9115790583915,472,492,513.05,-91.5855855855856,-8.39343096865089,1,0.001,60,1,0.00112068965517241,fewer_transitions_than_null,TRUE,unchanged_trait_archived_raw_statistic
Bacteria,primary_ANI95_representatives,K01669,"phr, PHR1",cell_maintenance,dna_repair_radiation,2845,523,0.183831282952548,7,346,0.121659634317862,999,within_source_prevalence_preserving,480.980980980981,5.99955230783327,469,481,493,-134.980980980981,-22.4985088978629,1,0.001,39,1,0.00112068965517241,fewer_transitions_than_null,TRUE,unchanged_trait_archived_raw_statistic
Bacteria,primary_ANI95_representatives,K02000,proV,cell_maintenance,osmotic_desiccation_salt,2845,280,0.0984182776801406,7,165,0.0580168776371308,999,within_source_prevalence_preserving,268.08008008008,3.38000628380343,261,268,274,-103.08008008008,-30.4970084150515,1,0.001,22,1,0.00112068965517241,fewer_transitions_than_null,TRUE,unchanged_trait_archived_raw_statistic
Bacteria,primary_ANI95_representatives,K02001,proW,cell_maintenance,osmotic_desiccation_salt,2845,292,0.102636203866432,7,160,0.0562587904360056,999,within_source_prevalence_preserving,278.515515515516,3.538155819451,271,279,285,-118.515515515516,-33.4964093056549,1,0.001,23,1,0.00112068965517241,fewer_transitions_than_null,TRUE,unchanged_trait_archived_raw_statistic
Bacteria,primary_ANI95_representatives,K02002,proX,cell_maintenance,osmotic_desiccation_salt,2845,298,0.104745166959578,7,154,0.0541490857946554,999,within_source_prevalence_preserving,282.800800800801,3.68299990986036,275,283,290,-128.800800800801,-34.9717089202112,1,0.001,22,1,0.00112068965517241,fewer_transitions_than_null,TRUE,unchanged_trait_archived_raw_statistic
Bacteria,primary_ANI95_representatives,K03386,"PRDX2_4, ahpC",cell_maintenance,oxidative_redox,2845,376,0.132161687170475,7,189,0.0664556962025316,999,within_source_prevalence_preserving,354.83983983984,4.41172313006234,346,355,363,-165.83983983984,-37.590717946413,1,0.001,27,1,0.00112068965517241,fewer_transitions_than_null,TRUE,unchanged_trait_archived_raw_statistic
Bacteria,primary_ANI95_representatives,K03387,ahpF,cell_maintenance,oxidative_redox,2845,130,0.0456942003514939,7,83,0.0291842475386779,999,within_source_prevalence_preserving,128.008008008008,1.44225383625501,125,128,130,-45.008008008008,-31.2067174838494,1,0.001,10,1,0.00112068965517241,fewer_transitions_than_null,TRUE,unchanged_trait_archived_raw_statistic
Bacteria,primary_ANI95_representatives,K03553,recA,cell_maintenance,dna_repair_radiation,2845,2427,0.853075571177504,7,374,0.131504922644163,999,within_source_prevalence_preserving,392.878878878879,4.91636915983491,383,393,402,-18.8788788788789,-3.8400043335055,1,0.001,30,1,0.00112068965517241,fewer_transitions_than_null,TRUE,unchanged_trait_archived_raw_statistic
Bacteria,primary_ANI95_representatives,K03555,mutS,cell_maintenance,dna_repair_radiation,2845,1401,0.492442882249561,7,451,0.158579465541491,999,within_source_prevalence_preserving,942.467467467467,14.3614482237293,915,942,970,-491.467467467468,-34.2213027412806,1,0.001,78,1,0.00112068965517241,fewer_transitions_than_null,TRUE,unchanged_trait_archived_raw_statistic
Bacteria,primary_ANI95_representatives,K03572,mutL,cell_maintenance,dna_repair_radiation,2845,1438,0.505448154657294,7,415,0.14592123769339,999,within_source_prevalence_preserving,941.202202202202,14.7537283476234,911.95,941,970,-526.202202202202,-35.6657103753009,1,0.001,82,1,0.00112068965517241,fewer_transitions_than_null,TRUE,unchanged_trait_archived_raw_statistic
Bacteria,primary_ANI95_representatives,K03581,recD,cell_maintenance,dna_repair_radiation,2845,767,0.269595782073814,7,354,0.124472573839662,999,within_source_prevalence_preserving,671.914914914915,8.81959967598627,655,672,688,-317.914914914915,-36.046411015743,1,0.001,53,1,0.00112068965517241,fewer_transitions_than_null,TRUE,unchanged_trait_archived_raw_statistic
Bacteria,primary_ANI95_representatives,K03582,recB,cell_maintenance,dna_repair_radiation,2845,416,0.14622144112478,7,194,0.0682137834036568,999,within_source_prevalence_preserving,392.02002002002,4.58646606239298,383,392,400,-198.02002002002,-43.1748577938247,1,0.001,28,1,0.00112068965517241,fewer_transitions_than_null,TRUE,unchanged_trait_archived_raw_statistic
Bacteria,primary_ANI95_representatives,K03583,recC,cell_maintenance,dna_repair_radiation,2845,473,0.166256590509666,7,200,0.070323488045007,999,within_source_prevalence_preserving,441.622622622623,5.22717662602749,431,442,451,-241.622622622623,-46.2243080556184,1,0.001,31,1,0.00112068965517241,fewer_transitions_than_null,TRUE,unchanged_trait_archived_raw_statistic
Bacteria,primary_ANI95_representatives,K03657,"uvrD, pcrA",cell_maintenance,dna_repair_radiation,2845,2540,0.892794376098418,7,275,0.0966947960618847,999,within_source_prevalence_preserving,292.722722722723,3.52747506793514,285,293,299,-17.7227227227227,-5.02419503508978,1,0.001,23,1,0.00112068965517241,fewer_transitions_than_null,TRUE,unchanged_trait_archived_raw_statistic
Bacteria,primary_ANI95_representatives,K03671,"TXN, trxA",cell_maintenance,oxidative_redox,2845,2507,0.881195079086116,7,267,0.0938818565400844,999,within_source_prevalence_preserving,322.538538538539,3.78217873960273,315,323,330,-55.5385385385386,-14.6842712527045,1,0.001,23,1,0.00112068965517241,fewer_transitions_than_null,TRUE,unchanged_trait_archived_raw_statistic
Bacteria,primary_ANI95_representatives,K03701,uvrA,cell_maintenance,dna_repair_radiation,2845,2528,0.888576449912127,7,288,0.10126582278481,999,within_source_prevalence_preserving,302.802802802803,3.64207104751988,295,303,309,-14.8028028028028,-4.06439155350444,1,0.002,23,1,0.00220338983050847,fewer_transitions_than_null,TRUE,unchanged_trait_archived_raw_statistic
Bacteria,primary_ANI95_representatives,K03702,uvrB,cell_maintenance,dna_repair_radiation,2845,2211,0.777152899824253,7,534,0.187763713080169,999,within_source_prevalence_preserving,571.265265265265,7.41192133393398,557,571,585,-37.2652652652653,-5.02774700193508,1,0.001,44,1,0.00112068965517241,fewer_transitions_than_null,TRUE,unchanged_trait_archived_raw_statistic
Bacteria,primary_ANI95_representatives,K03703,uvrC,cell_maintenance,dna_repair_radiation,2845,2463,0.86572934973638,7,359,0.126230661040788,999,within_source_prevalence_preserving,363.043043043043,4.28928257861704,355,363,371,-4.04304304304304,-0.942591906441056,0.858,0.205,27,1,0.21844262295082,not_distinguished_from_null,TRUE,unchanged_trait_archived_raw_statistic
Bacteria,primary_ANI95_representatives,K03704,cspA,cell_maintenance,cold_protein_quality,2845,2092,0.735325131810193,7,248,0.0872011251758087,999,within_source_prevalence_preserving,665.388388388389,8.51635849582226,649,666,681,-417.388388388388,-49.0101947438145,1,0.001,51,1,0.00112068965517241,fewer_transitions_than_null,TRUE,unchanged_trait_archived_raw_statistic
Bacteria,primary_ANI95_representatives,K03781,"katE, CAT, catB, srpA",cell_maintenance,oxidative_redox,2845,898,0.315641476274165,7,556,0.19549929676512,999,within_source_prevalence_preserving,755.306306306306,10.475291582469,734,756,775,-199.306306306306,-19.0263253998444,1,0.001,60,1,0.00112068965517241,fewer_transitions_than_null,TRUE,unchanged_trait_archived_raw_statistic
Bacteria,primary_ANI95_representatives,K03782,katG,cell_maintenance,oxidative_redox,2845,790,0.27768014059754,7,499,0.175457102672293,999,within_source_prevalence_preserving,686.028028028028,8.79465218353024,669,686,703,-187.028028028028,-21.2661085538182,1,0.001,52,1,0.00112068965517241,fewer_transitions_than_null,TRUE,unchanged_trait_archived_raw_statistic
Bacteria,primary_ANI95_representatives,K04047,dps,cell_maintenance,dna_repair_radiation,2845,959,0.337082601054482,7,464,0.163150492264416,999,within_source_prevalence_preserving,786.673673673674,11.0942228740898,764,787,808,-322.673673673674,-29.0848378778533,1,0.001,63,1,0.00112068965517241,fewer_transitions_than_null,TRUE,unchanged_trait_archived_raw_statistic
Bacteria,primary_ANI95_representatives,K04564,SOD2,cell_maintenance,oxidative_redox,2845,1998,0.702284710017575,7,363,0.127637130801688,999,within_source_prevalence_preserving,726.785785785786,10.1213161317407,707,727,746.05,-363.785785785786,-35.9425376157299,1,0.001,61,1,0.00112068965517241,fewer_transitions_than_null,TRUE,unchanged_trait_archived_raw_statistic
Bacteria,primary_ANI95_representatives,K04565,SOD1,cell_maintenance,oxidative_redox,2845,832,0.292442882249561,7,450,0.158227848101266,999,within_source_prevalence_preserving,687.354354354354,10.099036569784,668,687,706.05,-237.354354354354,-23.5026730237329,1,0.001,60,1,0.00112068965517241,fewer_transitions_than_null,TRUE,unchanged_trait_archived_raw_statistic
Bacteria,primary_ANI95_representatives,K05343,treS,cell_maintenance,osmotic_desiccation_salt,2845,1447,0.508611599297012,7,448,0.157524613220816,999,within_source_prevalence_preserving,905.425425425425,13.7214704641153,879.95,906,932,-457.425425425425,-33.3364726923178,1,0.001,74,1,0.00112068965517241,fewer_transitions_than_null,TRUE,unchanged_trait_archived_raw_statistic
Bacteria,primary_ANI95_representatives,K05592,"deaD, cshA",cell_maintenance,cold_protein_quality,2845,1080,0.379613356766257,7,475,0.167018284106892,999,within_source_prevalence_preserving,801.079079079079,12.2946765266331,778.95,801,826,-326.079079079079,-26.5219730159405,1,0.001,70,1,0.00112068965517241,fewer_transitions_than_null,TRUE,unchanged_trait_archived_raw_statistic
Bacteria,primary_ANI95_representatives,K06381,spoIID,cell_maintenance,dormancy_resuscitation,2845,1099,0.386291739894552,7,296,0.10407876230661,999,within_source_prevalence_preserving,854.878878878879,12.6269245182636,830,855,879,-558.878878878879,-44.2608869697856,1,0.001,71,1,0.00112068965517241,fewer_transitions_than_null,TRUE,unchanged_trait_archived_raw_statistic
Bacteria,primary_ANI95_representatives,K06390,spoIIIAA,cell_maintenance,dormancy_resuscitation,2845,15,0.00527240773286468,7,7,0.00246132208157525,999,within_source_prevalence_preserving,14.970970970971,0.179506555214254,14,15,15,-7.97097097097097,-44.4049018792491,1,0.001,3,1,0.00112068965517241,fewer_transitions_than_null,TRUE,unchanged_trait_archived_raw_statistic
Bacteria,primary_ANI95_representatives,K06718,ectA,cell_maintenance,osmotic_desiccation_salt,2845,197,0.0692442882249561,7,112,0.0393811533052039,999,within_source_prevalence_preserving,189.256256256256,2.67707524401587,184,189,194,-77.2562562562563,-28.8584552970444,1,0.001,19,1,0.00112068965517241,fewer_transitions_than_null,TRUE,unchanged_trait_archived_raw_statistic
Bacteria,primary_ANI95_representatives,K06720,ectC,cell_maintenance,osmotic_desiccation_salt,2845,234,0.0822495606326889,7,135,0.0474683544303798,999,within_source_prevalence_preserving,224.055055055055,3.23278111220213,217,224,230,-89.0550550550551,-27.5475053720515,1,0.001,21,1,0.00112068965517241,fewer_transitions_than_null,TRUE,unchanged_trait_archived_raw_statistic
Bacteria,primary_ANI95_representatives,K07646,kdpD,cell_maintenance,osmotic_desiccation_salt,2845,1244,0.43725834797891,7,443,0.155766526019691,999,within_source_prevalence_preserving,615.111111111111,10.97367348184,594,615,637.05,-172.111111111111,-15.6840014782591,1,0.001,62,1,0.00112068965517241,fewer_transitions_than_null,TRUE,unchanged_trait_archived_raw_statistic
Bacteria,primary_ANI95_representatives,K07667,kdpE,cell_maintenance,osmotic_desiccation_salt,2845,991,0.348330404217926,7,465,0.163502109704641,999,within_source_prevalence_preserving,640.362362362362,11.6078555058078,618,640,663,-175.362362362362,-15.1072144440997,1,0.001,66,1,0.00112068965517241,fewer_transitions_than_null,TRUE,unchanged_trait_archived_raw_statistic
Bacteria,primary_ANI95_representatives,K07699,spo0A,cell_maintenance,dormancy_resuscitation,2845,17,0.00597539543057996,7,5,0.00175808720112518,999,within_source_prevalence_preserving,16.962962962963,0.18894716640642,16,17,17,-11.962962962963,-63.313799251326,1,0.001,2,1,0.00112068965517241,fewer_transitions_than_null,TRUE,unchanged_trait_archived_raw_statistic
Bacteria,primary_ANI95_representatives,K10255,"FAD6, desA",cell_maintenance,cold_protein_quality,2845,376,0.132161687170475,7,251,0.0882559774964838,999,within_source_prevalence_preserving,357.124124124124,4.30996057161387,348,357,365,-106.124124124124,-24.6229918721474,1,0.001,28,1,0.00112068965517241,fewer_transitions_than_null,TRUE,unchanged_trait_archived_raw_statistic
Bacteria,primary_ANI95_representatives,K10674,ectD,cell_maintenance,osmotic_desiccation_salt,2845,144,0.0506151142355009,7,91,0.0319971870604782,999,within_source_prevalence_preserving,139.930930930931,1.914566625888,136,140,143,-48.9309309309309,-25.5571836828798,1,0.001,13,1,0.00112068965517241,fewer_transitions_than_null,TRUE,unchanged_trait_archived_raw_statistic
Bacteria,primary_ANI95_representatives,K00436,hoxH,energy_acquisition,trace_gas_energy,2845,175,0.0615114235500879,7,108,0.0379746835443038,999,within_source_prevalence_preserving,159.666666666667,3.60443948040967,152.95,160,166,-51.6666666666667,-14.3341751047501,1,0.001,22,1,0.00112068965517241,fewer_transitions_than_null,TRUE,unchanged_trait_archived_raw_statistic
Bacteria,primary_ANI95_representatives,K00437,hydB,energy_acquisition,trace_gas_energy,2845,4,0.00140597539543058,7,4,0.00140646976090014,999,within_source_prevalence_preserving,3.98998998998999,0.0995978884246915,4,4,4,0.01001001001001,0.10050423927992,0.99,1,2,1,1,not_distinguished_from_null,TRUE,unchanged_trait_archived_raw_statistic
Bacteria,primary_ANI95_representatives,K00440,frhA,energy_acquisition,trace_gas_energy,2845,0,0,7,0,0,999,within_source_prevalence_preserving,0,0,0,0,0,0,,1,1,1,1,1,not_distinguished_from_null,FALSE,unchanged_trait_archived_raw_statistic
Bacteria,primary_ANI95_representatives,K00441,frhB,energy_acquisition,trace_gas_energy,2845,311,0.109314586994728,7,121,0.0425457102672293,999,within_source_prevalence_preserving,297.500500500501,3.67351864405312,290,298,304,-176.500500500501,-48.0467142275781,1,0.001,23,1,0.00112068965517241,fewer_transitions_than_null,TRUE,unchanged_trait_archived_raw_statistic
Bacteria,primary_ANI95_representatives,K01601,"rbcL, cbbL",energy_acquisition,trace_gas_energy,2845,243,0.0854130052724077,7,161,0.0566104078762307,999,within_source_prevalence_preserving,234.645645645646,2.88742671328777,228,235,240,-73.6456456456457,-25.50563285528,1,0.001,18,1,0.00112068965517241,fewer_transitions_than_null,TRUE,unchanged_trait_archived_raw_statistic
Bacteria,primary_ANI95_representatives,K01602,"rbcS, cbbS",energy_acquisition,trace_gas_energy,2845,207,0.0727592267135325,7,143,0.05028129395218,999,within_source_prevalence_preserving,200.826826826827,2.43657851726198,196,201,205,-57.8268268268268,-23.7327984372971,1,0.001,15,1,0.00112068965517241,fewer_transitions_than_null,TRUE,unchanged_trait_archived_raw_statistic
Bacteria,primary_ANI95_representatives,K03518,coxS,energy_acquisition,trace_gas_energy,2845,927,0.325834797891037,7,400,0.140646976090014,999,within_source_prevalence_preserving,772.134134134134,11.0983951441448,751,772,794,-372.134134134134,-33.5304455554965,1,0.001,60,1,0.00112068965517241,fewer_transitions_than_null,TRUE,unchanged_trait_archived_raw_statistic
Bacteria,primary_ANI95_representatives,K03519,"coxM, cutM",energy_acquisition,trace_gas_energy,2845,907,0.318804920913884,7,385,0.135372714486639,999,within_source_prevalence_preserving,759.383383383383,10.8810366271015,738,760,780,-374.383383383383,-34.4069592092818,1,0.001,65,1,0.00112068965517241,fewer_transitions_than_null,TRUE,unchanged_trait_archived_raw_statistic
Bacteria,primary_ANI95_representatives,K03520,"coxL, cutL",energy_acquisition,trace_gas_energy,2845,770,0.270650263620387,7,360,0.126582278481013,999,within_source_prevalence_preserving,671.364364364364,9.24360643315982,653,672,689,-311.364364364364,-33.6842948275469,1,0.001,52,1,0.00112068965517241,fewer_transitions_than_null,TRUE,unchanged_trait_archived_raw_statistic
Bacteria,primary_ANI95_representatives,K04641,bop,energy_acquisition,light_energy,2845,0,0,7,0,0,999,within_source_prevalence_preserving,0,0,0,0,0,0,,1,1,1,1,1,not_distinguished_from_null,FALSE,unchanged_trait_archived_raw_statistic
Bacteria,primary_ANI95_representatives,K04642,hop,energy_acquisition,light_energy,2845,0,0,7,0,0,999,within_source_prevalence_preserving,0,0,0,0,0,0,,1,1,1,1,1,not_distinguished_from_null,FALSE,unchanged_trait_archived_raw_statistic
Bacteria,primary_ANI95_representatives,K11180,dsrA,energy_acquisition,sulfur_chemolithotrophy,2845,34,0.0119507908611599,7,27,0.00949367088607595,999,within_source_prevalence_preserving,33.7237237237237,0.516023554079153,32,34,34,-6.72372372372372,-13.0298775522413,1,0.001,3,1,0.00112068965517241,fewer_transitions_than_null,TRUE,unchanged_trait_archived_raw_statistic
Bacteria,primary_ANI95_representatives,K11181,dsrB,energy_acquisition,sulfur_chemolithotrophy,2845,28,0.00984182776801406,7,23,0.00808720112517581,999,within_source_prevalence_preserving,27.8458458458459,0.395693577246852,27,28,28,-4.84584584584585,-12.2464607072022,1,0.001,4,1,0.00112068965517241,fewer_transitions_than_null,TRUE,unchanged_trait_archived_raw_statistic
Bacteria,primary_ANI95_representatives,K17222,soxA,energy_acquisition,sulfur_chemolithotrophy,2845,131,0.0460456942003515,7,61,0.0214486638537271,999,within_source_prevalence_preserving,128.213213213213,1.62322373571173,125,128,131,-67.2132132132132,-41.4072390234872,1,0.001,10,1,0.00112068965517241,fewer_transitions_than_null,TRUE,unchanged_trait_archived_raw_statistic
Bacteria,primary_ANI95_representatives,K17223,soxX,energy_acquisition,sulfur_chemolithotrophy,2845,137,0.0481546572934974,7,71,0.0249648382559775,999,within_source_prevalence_preserving,134.037037037037,1.67129173448358,130.95,134,137,-63.037037037037,-37.7175544738245,1,0.001,10,1,0.00112068965517241,fewer_transitions_than_null,TRUE,unchanged_trait_archived_raw_statistic
Bacteria,primary_ANI95_representatives,K17224,soxB,energy_acquisition,sulfur_chemolithotrophy,2845,141,0.049560632688928,7,79,0.0277777777777778,999,within_source_prevalence_preserving,137.365365365365,1.90180845313783,133,138,141,-58.3653653653654,-30.6894026415054,1,0.001,12,1,0.00112068965517241,fewer_transitions_than_null,TRUE,unchanged_trait_archived_raw_statistic
Bacteria,primary_ANI95_representatives,K17225,soxC,energy_acquisition,sulfur_chemolithotrophy,2845,146,0.0513181019332162,7,111,0.0390295358649789,999,within_source_prevalence_preserving,143.248248248248,1.67392906404583,140,143,146,-32.2482482482483,-19.2650028850717,1,0.001,11,1,0.00112068965517241,fewer_transitions_than_null,TRUE,unchanged_trait_archived_raw_statistic
Bacteria,primary_ANI95_representatives,K17229,fccB,energy_acquisition,sulfur_chemolithotrophy,2845,85,0.0298769771528998,7,70,0.0246132208157525,999,within_source_prevalence_preserving,83.963963963964,1.03481611481735,81,84,85,-13.963963963964,-13.4941500852338,1,0.001,7,1,0.00112068965517241,fewer_transitions_than_null,TRUE,unchanged_trait_archived_raw_statistic
Bacteria,primary_ANI95_representatives,K00066,algD,surface_retention,biofilm_eps_surface,2845,243,0.0854130052724077,7,163,0.0573136427566807,999,within_source_prevalence_preserving,234.984984984985,2.88746422906381,229,235,240,-71.984984984985,-24.9301737699187,1,0.001,19,1,0.00112068965517241,fewer_transitions_than_null,TRUE,unchanged_trait_archived_raw_statistic
Bacteria,primary_ANI95_representatives,K00694,bcsA,surface_retention,biofilm_eps_surface,2845,80,0.0281195079086116,7,51,0.0179324894514768,999,within_source_prevalence_preserving,78.4734734734735,1.20911992334305,76,79,80,-27.4734734734735,-22.7218764186046,1,0.001,7,1,0.00112068965517241,fewer_transitions_than_null,TRUE,unchanged_trait_archived_raw_statistic
Bacteria,primary_ANI95_representatives,K11935,pgaA,surface_retention,biofilm_eps_surface,2845,18,0.00632688927943761,7,17,0.0059774964838256,999,within_source_prevalence_preserving,17.965965965966,0.186849319450731,17,18,18,-0.965965965965967,-5.16975908076924,0.999,0.034,3,1,0.0368333333333333,fewer_transitions_than_null,TRUE,unchanged_trait_archived_raw_statistic
Bacteria,primary_ANI95_representatives,K20543,bcsC,surface_retention,biofilm_eps_surface,2845,43,0.0151142355008787,7,33,0.0116033755274262,999,within_source_prevalence_preserving,42.3983983983984,0.760654078205608,41,43,43,-9.3983983983984,-12.3556800228684,1,0.001,5,1,0.00112068965517241,fewer_transitions_than_null,TRUE,unchanged_trait_archived_raw_statistic
Bacteria,strict_90_5_ANI95_representatives,K00130,"betB, gbsA",cell_maintenance,osmotic_desiccation_salt,879,150,0.170648464163823,7,84,0.0956719817767654,999,global_prevalence_preserving,140.048048048048,3.07450791045928,133,140,145,-56.0480480480481,-18.2299248141064,1,0.001,21,1,0.00118181818181818,fewer_transitions_than_null,TRUE,unchanged_trait_archived_raw_statistic
Bacteria,strict_90_5_ANI95_representatives,K00383,"GSR, gor",cell_maintenance,oxidative_redox,879,178,0.202502844141069,7,37,0.0421412300683371,999,global_prevalence_preserving,163.902902902903,3.56553047901363,157,164,170,-126.902902902903,-35.5915911110118,1,0.001,23,1,0.00118181818181818,fewer_transitions_than_null,TRUE,unchanged_trait_archived_raw_statistic
Bacteria,strict_90_5_ANI95_representatives,K00384,"trxB, TRR",cell_maintenance,oxidative_redox,879,842,0.957906712172924,7,35,0.0398633257403189,999,global_prevalence_preserving,36.5045045045045,0.688969584165759,35,37,37,-1.5045045045045,-2.18370235650713,0.989,0.088,5,1,0.0986206896551724,not_distinguished_from_null,TRUE,unchanged_trait_archived_raw_statistic
Bacteria,strict_90_5_ANI95_representatives,K00697,otsA,cell_maintenance,osmotic_desiccation_salt,879,388,0.441410693970421,7,151,0.171981776765376,999,global_prevalence_preserving,286.733733733734,7.9433851668537,272,287,303,-135.733733733734,-17.0876434772578,1,0.001,46,1,0.00118181818181818,fewer_transitions_than_null,TRUE,unchanged_trait_archived_raw_statistic
Bacteria,strict_90_5_ANI95_representatives,K01087,otsB,cell_maintenance,osmotic_desiccation_salt,879,324,0.368600682593857,7,149,0.169703872437358,999,global_prevalence_preserving,262.481481481482,6.66845889959581,248,262,276,-113.481481481481,-17.0176472840464,1,0.001,41,1,0.00118181818181818,fewer_transitions_than_null,TRUE,unchanged_trait_archived_raw_statistic
Bacteria,strict_90_5_ANI95_representatives,K01139,spoT,cell_maintenance,dormancy_resuscitation,879,689,0.783845278725825,7,84,0.0956719817767654,999,global_prevalence_preserving,173.19019019019,3.71341389416295,165,173,180,-89.1901901901902,-24.018381126431,1,0.001,25,1,0.00118181818181818,fewer_transitions_than_null,TRUE,unchanged_trait_archived_raw_statistic
Bacteria,strict_90_5_ANI95_representatives,K01546,kdpA,cell_maintenance,osmotic_desiccation_salt,879,352,0.400455062571104,7,153,0.174259681093394,999,global_prevalence_preserving,275.013013013013,7.38199285205332,260,275,289,-122.013013013013,-16.5284653424007,1,0.001,45,1,0.00118181818181818,fewer_transitions_than_null,TRUE,unchanged_trait_archived_raw_statistic
Bacteria,strict_90_5_ANI95_representatives,K01547,kdpB,cell_maintenance,osmotic_desiccation_salt,879,354,0.402730375426621,7,151,0.171981776765376,999,global_prevalence_preserving,275.63963963964,7.30911188197833,261,276,289.05,-124.63963963964,-17.0526380841093,1,0.001,41,1,0.00118181818181818,fewer_transitions_than_null,TRUE,unchanged_trait_archived_raw_statistic
Bacteria,strict_90_5_ANI95_representatives,K01548,kdpC,cell_maintenance,osmotic_desiccation_salt,879,350,0.398179749715586,7,154,0.175398633257403,999,global_prevalence_preserving,273.96996996997,6.99019490061588,260,274,287,-119.96996996997,-17.1626072914505,1,0.001,44,1,0.00118181818181818,fewer_transitions_than_null,TRUE,unchanged_trait_archived_raw_statistic
Bacteria,strict_90_5_ANI95_representatives,K01669,"phr, PHR1",cell_maintenance,dna_repair_radiation,879,245,0.27872582480091,7,130,0.148063781321185,999,global_prevalence_preserving,214.448448448448,4.96067653838992,205,215,224,-84.4484484484485,-17.0235748682493,1,0.001,30,1,0.00118181818181818,fewer_transitions_than_null,TRUE,unchanged_trait_archived_raw_statistic
Bacteria,strict_90_5_ANI95_representatives,K02000,proV,cell_maintenance,osmotic_desiccation_salt,879,85,0.0967007963594994,7,54,0.061503416856492,999,global_prevalence_preserving,82.2302302302302,1.6542430556667,78.95,82,85,-28.2302302302302,-17.0653460708364,1,0.001,10,1,0.00118181818181818,fewer_transitions_than_null,TRUE,unchanged_trait_archived_raw_statistic
Bacteria,strict_90_5_ANI95_representatives,K02001,proW,cell_maintenance,osmotic_desiccation_salt,879,86,0.0978384527872583,7,55,0.0626423690205012,999,global_prevalence_preserving,83.0550550550551,1.66719256057603,79.95,83,86,-28.0550550550551,-16.8277232747258,1,0.001,9,1,0.00118181818181818,fewer_transitions_than_null,TRUE,unchanged_trait_archived_raw_statistic
Bacteria,strict_90_5_ANI95_representatives,K02002,proX,cell_maintenance,osmotic_desiccation_salt,879,88,0.100113765642776,7,58,0.0660592255125285,999,global_prevalence_preserving,85.0960960960961,1.6698357636996,81,85,88,-27.0960960960961,-16.2268030695805,1,0.001,11,1,0.00118181818181818,fewer_transitions_than_null,TRUE,unchanged_trait_archived_raw_statistic
Bacteria,strict_90_5_ANI95_representatives,K03386,"PRDX2_4, ahpC",cell_maintenance,oxidative_redox,879,182,0.207053469852105,7,72,0.082004555808656,999,global_prevalence_preserving,167.028028028028,3.7313618610222,159,167,174,-95.028028028028,-25.4673847156693,1,0.001,25,1,0.00118181818181818,fewer_transitions_than_null,TRUE,unchanged_trait_archived_raw_statistic
Bacteria,strict_90_5_ANI95_representatives,K03387,ahpF,cell_maintenance,oxidative_redox,879,56,0.0637087599544937,7,39,0.0444191343963553,999,global_prevalence_preserving,54.8808808808809,1.05691009206566,52,55,56,-15.8808808808809,-15.0257633076838,1,0.001,7,1,0.00118181818181818,fewer_transitions_than_null,TRUE,unchanged_trait_archived_raw_statistic
Bacteria,strict_90_5_ANI95_representatives,K03553,recA,cell_maintenance,dna_repair_radiation,879,858,0.976109215017065,7,21,0.0239179954441913,999,global_prevalence_preserving,20.8538538538539,0.391112004242248,20,21,21,0.146146146146148,0.373668270370007,0.868,1,3,1,1,not_distinguished_from_null,TRUE,unchanged_trait_archived_raw_statistic
Bacteria,strict_90_5_ANI95_representatives,K03555,mutS,cell_maintenance,dna_repair_radiation,879,608,0.691695108077361,7,52,0.0592255125284738,999,global_prevalence_preserving,231.696696696697,5.56732334947903,221,232,242,-179.696696696697,-32.2770360937473,1,0.001,34,1,0.00118181818181818,fewer_transitions_than_null,TRUE,unchanged_trait_archived_raw_statistic
Bacteria,strict_90_5_ANI95_representatives,K03572,mutL,cell_maintenance,dna_repair_radiation,879,592,0.67349260523322,7,59,0.0671981776765376,999,global_prevalence_preserving,242.079079079079,6.01773870411259,230,242,253,-183.079079079079,-30.4232350523895,1,0.001,34,1,0.00118181818181818,fewer_transitions_than_null,TRUE,unchanged_trait_archived_raw_statistic
Bacteria,strict_90_5_ANI95_representatives,K03581,recD,cell_maintenance,dna_repair_radiation,879,260,0.295790671217292,7,119,0.135535307517084,999,global_prevalence_preserving,224.830830830831,5.55536989585482,214,225,235,-105.830830830831,-19.0501861828854,1,0.001,35,1,0.00118181818181818,fewer_transitions_than_null,TRUE,unchanged_trait_archived_raw_statistic
Bacteria,strict_90_5_ANI95_representatives,K03582,recB,cell_maintenance,dna_repair_radiation,879,151,0.171786120591581,7,72,0.082004555808656,999,global_prevalence_preserving,141.077077077077,2.98443944865874,135,141,147,-69.0770770770771,-23.1457458813988,1,0.001,18,1,0.00118181818181818,fewer_transitions_than_null,TRUE,unchanged_trait_archived_raw_statistic
Bacteria,strict_90_5_ANI95_representatives,K03583,recC,cell_maintenance,dna_repair_radiation,879,157,0.178612059158134,7,73,0.0831435079726652,999,global_prevalence_preserving,146.238238238238,3.03871137704212,140,146,152,-73.2382382382382,-24.1017422028176,1,0.001,19,1,0.00118181818181818,fewer_transitions_than_null,TRUE,unchanged_trait_archived_raw_statistic
Bacteria,strict_90_5_ANI95_representatives,K03657,"uvrD, pcrA",cell_maintenance,dna_repair_radiation,879,869,0.988623435722412,7,10,0.0113895216400911,999,global_prevalence_preserving,9.97097097097097,0.167971983773557,9,10,10,0.0290290290290294,0.172820659593825,0.971,1,2,1,1,not_distinguished_from_null,TRUE,unchanged_trait_archived_raw_statistic
Bacteria,strict_90_5_ANI95_representatives,K03671,"TXN, trxA",cell_maintenance,oxidative_redox,879,848,0.964732650739477,7,17,0.0193621867881549,999,global_prevalence_preserving,30.6476476476477,0.600577520965736,29,31,31,-13.6476476476477,-22.7242065698731,1,0.001,4,1,0.00118181818181818,fewer_transitions_than_null,TRUE,unchanged_trait_archived_raw_statistic
Bacteria,strict_90_5_ANI95_representatives,K03701,uvrA,cell_maintenance,dna_repair_radiation,879,864,0.982935153583618,7,12,0.0136674259681093,999,global_prevalence_preserving,14.9029029029029,0.302927568579014,14,15,15,-2.9029029029029,-9.5828283854123,1,0.001,3,1,0.00118181818181818,fewer_transitions_than_null,TRUE,unchanged_trait_archived_raw_statistic
Bacteria,strict_90_5_ANI95_representatives,K03702,uvrB,cell_maintenance,dna_repair_radiation,879,844,0.960182025028441,7,31,0.0353075170842825,999,global_prevalence_preserving,34.5925925925926,0.640316480793941,33,35,35,-3.5925925925926,-5.61065145182281,1,0.002,5,1,0.00228070175438597,fewer_transitions_than_null,TRUE,unchanged_trait_archived_raw_statistic
Bacteria,strict_90_5_ANI95_representatives,K03703,uvrC,cell_maintenance,dna_repair_radiation,879,864,0.982935153583618,7,15,0.0170842824601367,999,global_prevalence_preserving,14.9199199199199,0.275218247507528,14,15,15,0.0800800800800801,0.290969369964794,0.921,1,3,1,1,not_distinguished_from_null,TRUE,unchanged_trait_archived_raw_statistic
Bacteria,strict_90_5_ANI95_representatives,K03704,cspA,cell_maintenance,cold_protein_quality,879,667,0.758816837315131,7,62,0.0706150341685649,999,global_prevalence_preserving,190.458458458458,4.19609824802043,182,190,198,-128.458458458458,-30.6137871102185,1,0.001,27,1,0.00118181818181818,fewer_transitions_than_null,TRUE,unchanged_trait_archived_raw_statistic
Bacteria,strict_90_5_ANI95_representatives,K03781,"katE, CAT, catB, srpA",cell_maintenance,oxidative_redox,879,331,0.376564277588168,7,205,0.233485193621868,999,global_prevalence_preserving,265.826826826827,6.95843953790261,252,266,280,-60.8268268268269,-8.74144648315233,1,0.001,41,1,0.00118181818181818,fewer_transitions_than_null,TRUE,unchanged_trait_archived_raw_statistic
Bacteria,strict_90_5_ANI95_representatives,K03782,katG,cell_maintenance,oxidative_redox,879,325,0.369738339021616,7,191,0.21753986332574,999,global_prevalence_preserving,262.786786786787,6.59519360921813,249,263,275,-71.7867867867868,-10.8847125710533,1,0.001,41,1,0.00118181818181818,fewer_transitions_than_null,TRUE,unchanged_trait_archived_raw_statistic
Bacteria,strict_90_5_ANI95_representatives,K04047,dps,cell_maintenance,dna_repair_radiation,879,392,0.445961319681456,7,159,0.181093394077449,999,global_prevalence_preserving,287.464464464465,7.88700819608163,272,287,303.05,-128.464464464464,-16.2881109377175,1,0.001,46,1,0.00118181818181818,fewer_transitions_than_null,TRUE,unchanged_trait_archived_raw_statistic
Bacteria,strict_90_5_ANI95_representatives,K04564,SOD2,cell_maintenance,oxidative_redox,879,749,0.852104664391354,7,49,0.0558086560364465,999,global_prevalence_preserving,122.850850850851,2.56748139198186,117.95,123,128,-73.8508508508509,-28.7639283702246,1,0.001,16,1,0.00118181818181818,fewer_transitions_than_null,TRUE,unchanged_trait_archived_raw_statistic
Bacteria,strict_90_5_ANI95_representatives,K04565,SOD1,cell_maintenance,oxidative_redox,879,300,0.341296928327645,7,151,0.171981776765376,999,global_prevalence_preserving,249.492492492493,6.34746203156647,237,250,262,-98.4924924924925,-15.5168305068515,1,0.001,40,1,0.00118181818181818,fewer_transitions_than_null,TRUE,unchanged_trait_archived_raw_statistic
Bacteria,strict_90_5_ANI95_representatives,K05343,treS,cell_maintenance,osmotic_desiccation_salt,879,444,0.505119453924915,7,150,0.170842824601367,999,global_prevalence_preserving,293.469469469469,7.69696728781397,278,293,308,-143.469469469469,-18.6397400566602,1,0.001,44,1,0.00118181818181818,fewer_transitions_than_null,TRUE,unchanged_trait_archived_raw_statistic
Bacteria,strict_90_5_ANI95_representatives,K05592,"deaD, cshA",cell_maintenance,cold_protein_quality,879,411,0.467576791808874,7,120,0.136674259681093,999,global_prevalence_preserving,291.342342342342,8.05311270051859,276,291,306,-171.342342342342,-21.2765360071651,1,0.001,48,1,0.00118181818181818,fewer_transitions_than_null,TRUE,unchanged_trait_archived_raw_statistic
Bacteria,strict_90_5_ANI95_representatives,K06381,spoIID,cell_maintenance,dormancy_resuscitation,879,346,0.393629124004551,7,87,0.0990888382687927,999,global_prevalence_preserving,272.324324324324,7.20991571991625,258,272,286,-185.324324324324,-25.7040902451044,1,0.001,42,1,0.00118181818181818,fewer_transitions_than_null,TRUE,unchanged_trait_archived_raw_statistic
Bacteria,strict_90_5_ANI95_representatives,K06390,spoIIIAA,cell_maintenance,dormancy_resuscitation,879,4,0.00455062571103527,7,2,0.00227790432801822,999,global_prevalence_preserving,3.994994994995,0.0706041419798046,4,4,4,-1.994994994995,-28.2560617416134,1,0.001,2,1,0.00118181818181818,fewer_transitions_than_null,TRUE,unchanged_trait_archived_raw_statistic
Bacteria,strict_90_5_ANI95_representatives,K06718,ectA,cell_maintenance,osmotic_desiccation_salt,879,71,0.080773606370876,7,41,0.0466970387243736,999,global_prevalence_preserving,69.0710710710711,1.33022289103504,66,69,71,-28.0710710710711,-21.1025319593087,1,0.001,7,1,0.00118181818181818,fewer_transitions_than_null,TRUE,unchanged_trait_archived_raw_statistic
Bacteria,strict_90_5_ANI95_representatives,K06720,ectC,cell_maintenance,osmotic_desiccation_salt,879,79,0.0898748577929465,7,46,0.0523917995444191,999,global_prevalence_preserving,76.5095095095095,1.59899130894193,73,77,79,-30.5095095095095,-19.0804723821157,1,0.001,10,1,0.00118181818181818,fewer_transitions_than_null,TRUE,unchanged_trait_archived_raw_statistic
Bacteria,strict_90_5_ANI95_representatives,K07646,kdpD,cell_maintenance,osmotic_desiccation_salt,879,463,0.526734926052332,7,151,0.171981776765376,999,global_prevalence_preserving,291.7997997998,7.53495261975308,277,292,307,-140.7997997998,-18.6862223168716,1,0.001,44,1,0.00118181818181818,fewer_transitions_than_null,TRUE,unchanged_trait_archived_raw_statistic
Bacteria,strict_90_5_ANI95_representatives,K07667,kdpE,cell_maintenance,osmotic_desiccation_salt,879,397,0.45164960182025,7,160,0.182232346241458,999,global_prevalence_preserving,288.565565565566,7.95449580189595,273,289,304,-128.565565565566,-16.1626291304248,1,0.001,47,1,0.00118181818181818,fewer_transitions_than_null,TRUE,unchanged_trait_archived_raw_statistic
Bacteria,strict_90_5_ANI95_representatives,K07699,spo0A,cell_maintenance,dormancy_resuscitation,879,4,0.00455062571103527,7,2,0.00227790432801822,999,global_prevalence_preserving,3.995995995996,0.0631820221251562,4,4,4,-1.995995995996,-31.5912015611365,1,0.001,2,1,0.00118181818181818,fewer_transitions_than_null,TRUE,unchanged_trait_archived_raw_statistic
Bacteria,strict_90_5_ANI95_representatives,K10255,"FAD6, desA",cell_maintenance,cold_protein_quality,879,146,0.166097838452787,7,84,0.0956719817767654,999,global_prevalence_preserving,136.884884884885,2.9828772813364,131,137,142,-52.8848848848849,-17.7294873026728,1,0.001,18,1,0.00118181818181818,fewer_transitions_than_null,TRUE,unchanged_trait_archived_raw_statistic
Bacteria,strict_90_5_ANI95_representatives,K10674,ectD,cell_maintenance,osmotic_desiccation_salt,879,40,0.0455062571103527,7,33,0.0375854214123007,999,global_prevalence_preserving,39.4264264264264,0.742593585218691,38,40,40,-6.42642642642642,-8.65402900636944,1,0.001,5,1,0.00118181818181818,fewer_transitions_than_null,TRUE,unchanged_trait_archived_raw_statistic
Bacteria,strict_90_5_ANI95_representatives,K00436,hoxH,energy_acquisition,trace_gas_energy,879,89,0.101251422070535,7,47,0.0535307517084283,999,global_prevalence_preserving,85.8008008008008,1.81492348430095,82,86,89,-38.8008008008008,-21.3787529537344,1,0.001,10,1,0.00118181818181818,fewer_transitions_than_null,TRUE,unchanged_trait_archived_raw_statistic
Bacteria,strict_90_5_ANI95_representatives,K00437,hydB,energy_acquisition,trace_gas_energy,879,3,0.00341296928327645,7,3,0.00341685649202734,999,global_prevalence_preserving,2.996996996997,0.0547447254163613,3,3,3,0.00300300300300282,0.0548546545838612,0.997,1,2,1,1,not_distinguished_from_null,TRUE,unchanged_trait_archived_raw_statistic
Bacteria,strict_90_5_ANI95_representatives,K00440,frhA,energy_acquisition,trace_gas_energy,879,0,0,7,0,0,999,global_prevalence_preserving,0,0,0,0,0,0,,1,1,1,1,1,not_distinguished_from_null,FALSE,unchanged_trait_archived_raw_statistic
Bacteria,strict_90_5_ANI95_representatives,K00441,frhB,energy_acquisition,trace_gas_energy,879,98,0.111490329920364,7,35,0.0398633257403189,999,global_prevalence_preserving,94.2492492492492,1.92049825932361,90,94,97,-59.2492492492493,-30.8509778447373,1,0.001,12,1,0.00118181818181818,fewer_transitions_than_null,TRUE,unchanged_trait_archived_raw_statistic
Bacteria,strict_90_5_ANI95_representatives,K01601,"rbcL, cbbL",energy_acquisition,trace_gas_energy,879,96,0.109215017064846,7,63,0.071753986332574,999,global_prevalence_preserving,92.2572572572573,1.90213593813354,88,92,95.05,-29.2572572572573,-15.3812651718077,1,0.001,12,1,0.00118181818181818,fewer_transitions_than_null,TRUE,unchanged_trait_archived_raw_statistic
Bacteria,strict_90_5_ANI95_representatives,K01602,"rbcS, cbbS",energy_acquisition,trace_gas_energy,879,82,0.093287827076223,7,53,0.0603644646924829,999,global_prevalence_preserving,79.4044044044044,1.54511986960349,76,80,82,-26.4044044044044,-17.0889035367724,1,0.001,10,1,0.00118181818181818,fewer_transitions_than_null,TRUE,unchanged_trait_archived_raw_statistic
Bacteria,strict_90_5_ANI95_representatives,K03518,coxS,energy_acquisition,trace_gas_energy,879,270,0.307167235494881,7,123,0.140091116173121,999,global_prevalence_preserving,231.391391391391,5.61649856032405,220,232,242.05,-108.391391391391,-19.298748183982,1,0.001,36,1,0.00118181818181818,fewer_transitions_than_null,TRUE,unchanged_trait_archived_raw_statistic
Bacteria,strict_90_5_ANI95_representatives,K03519,"coxM, cutM",energy_acquisition,trace_gas_energy,879,267,0.303754266211604,7,124,0.14123006833713,999,global_prevalence_preserving,229.37037037037,5.56929052545088,219,230,240,-105.37037037037,-18.9198911223687,1,0.001,34,1,0.00118181818181818,fewer_transitions_than_null,TRUE,unchanged_trait_archived_raw_statistic
Bacteria,strict_90_5_ANI95_representatives,K03520,"coxL, cutL",energy_acquisition,trace_gas_energy,879,228,0.25938566552901,7,113,0.12870159453303,999,global_prevalence_preserving,202.346346346346,5.00702554154776,192,202,212,-89.3463463463463,-17.844196240854,1,0.001,31,1,0.00118181818181818,fewer_transitions_than_null,TRUE,unchanged_trait_archived_raw_statistic
Bacteria,strict_90_5_ANI95_representatives,K04641,bop,energy_acquisition,light_energy,879,0,0,7,0,0,999,global_prevalence_preserving,0,0,0,0,0,0,,1,1,1,1,1,not_distinguished_from_null,FALSE,unchanged_trait_archived_raw_statistic
Bacteria,strict_90_5_ANI95_representatives,K04642,hop,energy_acquisition,light_energy,879,0,0,7,0,0,999,global_prevalence_preserving,0,0,0,0,0,0,,1,1,1,1,1,not_distinguished_from_null,FALSE,unchanged_trait_archived_raw_statistic
Bacteria,strict_90_5_ANI95_representatives,K11180,dsrA,energy_acquisition,sulfur_chemolithotrophy,879,15,0.0170648464163823,7,10,0.0113895216400911,999,global_prevalence_preserving,14.9309309309309,0.253698561593367,14,15,15,-4.93093093093093,-19.4361800869581,1,0.001,2,1,0.00118181818181818,fewer_transitions_than_null,TRUE,unchanged_trait_archived_raw_statistic
Bacteria,strict_90_5_ANI95_representatives,K11181,dsrB,energy_acquisition,sulfur_chemolithotrophy,879,13,0.0147895335608646,7,8,0.00911161731207289,999,global_prevalence_preserving,12.952952952953,0.22110305722132,12,13,13,-4.95295295295295,-22.4011056888966,1,0.001,3,1,0.00118181818181818,fewer_transitions_than_null,TRUE,unchanged_trait_archived_raw_statistic
Bacteria,strict_90_5_ANI95_representatives,K17222,soxA,energy_acquisition,sulfur_chemolithotrophy,879,33,0.037542662116041,7,20,0.0227790432801822,999,global_prevalence_preserving,32.6236236236236,0.6076355193133,31,33,33,-12.6236236236236,-20.7749929396652,1,0.001,4,1,0.00118181818181818,fewer_transitions_than_null,TRUE,unchanged_trait_archived_raw_statistic
Bacteria,strict_90_5_ANI95_representatives,K17223,soxX,energy_acquisition,sulfur_chemolithotrophy,879,35,0.0398179749715586,7,22,0.0250569476082005,999,global_prevalence_preserving,34.5535535535536,0.67215211210596,33,35,35,-12.5535535535536,-18.6766556668568,1,0.001,5,1,0.00118181818181818,fewer_transitions_than_null,TRUE,unchanged_trait_archived_raw_statistic
Bacteria,strict_90_5_ANI95_representatives,K17224,soxB,energy_acquisition,sulfur_chemolithotrophy,879,41,0.0466439135381115,7,28,0.0318906605922551,999,global_prevalence_preserving,40.3493493493493,0.812648677364781,38,41,41,-12.3493493493493,-15.1964184441858,1,0.001,6,1,0.00118181818181818,fewer_transitions_than_null,TRUE,unchanged_trait_archived_raw_statistic
Bacteria,strict_90_5_ANI95_representatives,K17225,soxC,energy_acquisition,sulfur_chemolithotrophy,879,43,0.0489192263936291,7,35,0.0398633257403189,999,global_prevalence_preserving,42.3193193193193,0.787640713093853,41,42,43,-7.31931931931932,-9.29271328620003,1,0.001,5,1,0.00118181818181818,fewer_transitions_than_null,TRUE,unchanged_trait_archived_raw_statistic
Bacteria,strict_90_5_ANI95_representatives,K17229,fccB,energy_acquisition,sulfur_chemolithotrophy,879,25,0.0284414106939704,7,22,0.0250569476082005,999,global_prevalence_preserving,24.7727727727728,0.481542506733314,23,25,25,-2.77277277277277,-5.75810594911485,1,0.002,4,1,0.00228070175438597,fewer_transitions_than_null,TRUE,unchanged_trait_archived_raw_statistic
Bacteria,strict_90_5_ANI95_representatives,K00066,algD,surface_retention,biofilm_eps_surface,879,113,0.128555176336746,7,69,0.0785876993166287,999,global_prevalence_preserving,107.864864864865,2.26429034761741,103,108,112,-38.8648648648649,-17.1642585085258,1,0.001,14,1,0.00118181818181818,fewer_transitions_than_null,TRUE,unchanged_trait_archived_raw_statistic
Bacteria,strict_90_5_ANI95_representatives,K00694,bcsA,surface_retention,biofilm_eps_surface,879,34,0.0386803185437998,7,20,0.0227790432801822,999,global_prevalence_preserving,33.6206206206206,0.613161601467539,32,34,34,-13.6206206206206,-22.2137534183828,1,0.001,4,1,0.00118181818181818,fewer_transitions_than_null,TRUE,unchanged_trait_archived_raw_statistic
Bacteria,strict_90_5_ANI95_representatives,K11935,pgaA,surface_retention,biofilm_eps_surface,879,10,0.0113765642775882,7,7,0.00797266514806378,999,global_prevalence_preserving,9.95595595595596,0.205295773876631,9,10,10,-2.95595595595596,-14.3985231655684,1,0.001,2,1,0.00118181818181818,fewer_transitions_than_null,TRUE,unchanged_trait_archived_raw_statistic
Bacteria,strict_90_5_ANI95_representatives,K20543,bcsC,surface_retention,biofilm_eps_surface,879,21,0.0238907849829352,7,13,0.0148063781321185,999,global_prevalence_preserving,20.8498498498499,0.38441256941537,20,21,21,-7.84984984984985,-20.4203776733633,1,0.001,3,1,0.00118181818181818,fewer_transitions_than_null,TRUE,unchanged_trait_archived_raw_statistic
Bacteria,strict_90_5_ANI95_representatives,K00130,"betB, gbsA",cell_maintenance,osmotic_desiccation_salt,879,150,0.170648464163823,7,84,0.0956719817767654,999,within_source_prevalence_preserving,139.826826826827,3.03932822728764,133,140,145,-55.8268268268268,-18.3681467258467,1,0.001,21,1,0.00118181818181818,fewer_transitions_than_null,TRUE,unchanged_trait_archived_raw_statistic
Bacteria,strict_90_5_ANI95_representatives,K00383,"GSR, gor",cell_maintenance,oxidative_redox,879,178,0.202502844141069,7,37,0.0421412300683371,999,within_source_prevalence_preserving,162.182182182182,3.74872628239559,154,162,169,-125.182182182182,-33.39325753658,1,0.001,24,1,0.00118181818181818,fewer_transitions_than_null,TRUE,unchanged_trait_archived_raw_statistic
Bacteria,strict_90_5_ANI95_representatives,K00384,"trxB, TRR",cell_maintenance,oxidative_redox,879,842,0.957906712172924,7,35,0.0398633257403189,999,within_source_prevalence_preserving,36.4194194194194,0.726856177706019,35,37,37,-1.41941941941942,-1.9528201905075,0.982,0.107,4,1,0.119913793103448,not_distinguished_from_null,TRUE,unchanged_trait_archived_raw_statistic
Bacteria,strict_90_5_ANI95_representatives,K00697,otsA,cell_maintenance,osmotic_desiccation_salt,879,388,0.441410693970421,7,151,0.171981776765376,999,within_source_prevalence_preserving,283.117117117117,7.51999987323698,268,283,298,-132.117117117117,-17.5687658702376,1,0.001,43,1,0.00118181818181818,fewer_transitions_than_null,TRUE,unchanged_trait_archived_raw_statistic
Bacteria,strict_90_5_ANI95_representatives,K01087,otsB,cell_maintenance,osmotic_desiccation_salt,879,324,0.368600682593857,7,149,0.169703872437358,999,within_source_prevalence_preserving,252.594594594595,6.83536797264445,239,253,266,-103.594594594595,-15.1556719417574,1,0.001,42,1,0.00118181818181818,fewer_transitions_than_null,TRUE,unchanged_trait_archived_raw_statistic
Bacteria,strict_90_5_ANI95_representatives,K01139,spoT,cell_maintenance,dormancy_resuscitation,879,689,0.783845278725825,7,84,0.0956719817767654,999,within_source_prevalence_preserving,172.831831831832,3.87476132146799,164.95,173,180,-88.8318318318318,-22.9257557980828,1,0.001,23,1,0.00118181818181818,fewer_transitions_than_null,TRUE,unchanged_trait_archived_raw_statistic
Bacteria,strict_90_5_ANI95_representatives,K01546,kdpA,cell_maintenance,osmotic_desiccation_salt,879,352,0.400455062571104,7,153,0.174259681093394,999,within_source_prevalence_preserving,180.603603603604,6.51028375850543,168,180,193.05,-27.6036036036036,-4.2400000718157,1,0.001,41,1,0.00118181818181818,fewer_transitions_than_null,TRUE,unchanged_trait_archived_raw_statistic
Bacteria,strict_90_5_ANI95_representatives,K01547,kdpB,cell_maintenance,osmotic_desiccation_salt,879,354,0.402730375426621,7,151,0.171981776765376,999,within_source_prevalence_preserving,181.495495495496,6.49909271683469,168,181,194.05,-30.4954954954955,-4.69226964811606,1,0.001,40,1,0.00118181818181818,fewer_transitions_than_null,TRUE,unchanged_trait_archived_raw_statistic
Bacteria,strict_90_5_ANI95_representatives,K01548,kdpC,cell_maintenance,osmotic_desiccation_salt,879,350,0.398179749715586,7,154,0.175398633257403,999,within_source_prevalence_preserving,181.894894894895,6.60220737696575,169,182,195,-27.8948948948949,-4.22508614197982,1,0.001,41,1,0.00118181818181818,fewer_transitions_than_null,TRUE,unchanged_trait_archived_raw_statistic
Bacteria,strict_90_5_ANI95_representatives,K01669,"phr, PHR1",cell_maintenance,dna_repair_radiation,879,245,0.27872582480091,7,130,0.148063781321185,999,within_source_prevalence_preserving,208.77977977978,5.28065547029377,199,209,220,-78.7797797797798,-14.9185608155946,1,0.001,34,1,0.00118181818181818,fewer_transitions_than_null,TRUE,unchanged_trait_archived_raw_statistic
Bacteria,strict_90_5_ANI95_representatives,K02000,proV,cell_maintenance,osmotic_desiccation_salt,879,85,0.0967007963594994,7,54,0.061503416856492,999,within_source_prevalence_preserving,81.6546546546547,1.76637936127882,78,82,85,-27.6546546546547,-15.6561241944275,1,0.001,10,1,0.00118181818181818,fewer_transitions_than_null,TRUE,unchanged_trait_archived_raw_statistic
Bacteria,strict_90_5_ANI95_representatives,K02001,proW,cell_maintenance,osmotic_desiccation_salt,879,86,0.0978384527872583,7,55,0.0626423690205012,999,within_source_prevalence_preserving,82.5045045045045,1.82767900650836,78,83,86,-27.5045045045045,-15.0488704015098,1,0.001,11,1,0.00118181818181818,fewer_transitions_than_null,TRUE,unchanged_trait_archived_raw_statistic
Bacteria,strict_90_5_ANI95_representatives,K02002,proX,cell_maintenance,osmotic_desiccation_salt,879,88,0.100113765642776,7,58,0.0660592255125285,999,within_source_prevalence_preserving,84.3713713713714,1.82534517042768,80,84,88,-26.3713713713714,-14.4473340158412,1,0.001,11,1,0.00118181818181818,fewer_transitions_than_null,TRUE,unchanged_trait_archived_raw_statistic
Bacteria,strict_90_5_ANI95_representatives,K03386,"PRDX2_4, ahpC",cell_maintenance,oxidative_redox,879,182,0.207053469852105,7,72,0.082004555808656,999,within_source_prevalence_preserving,163.516516516517,3.98864589423738,155,164,171,-91.5165165165165,-22.9442570093113,1,0.001,25,1,0.00118181818181818,fewer_transitions_than_null,TRUE,unchanged_trait_archived_raw_statistic
Bacteria,strict_90_5_ANI95_representatives,K03387,ahpF,cell_maintenance,oxidative_redox,879,56,0.0637087599544937,7,39,0.0444191343963553,999,within_source_prevalence_preserving,54.7937937937938,1.05344245382867,52,55,56,-15.7937937937938,-14.9925548722592,1,0.001,6,1,0.00118181818181818,fewer_transitions_than_null,TRUE,unchanged_trait_archived_raw_statistic
Bacteria,strict_90_5_ANI95_representatives,K03553,recA,cell_maintenance,dna_repair_radiation,879,858,0.976109215017065,7,21,0.0239179954441913,999,within_source_prevalence_preserving,20.8198198198198,0.421809689784812,20,21,21,0.18018018018018,0.427159888792739,0.833,1,4,1,1,not_distinguished_from_null,TRUE,unchanged_trait_archived_raw_statistic
Bacteria,strict_90_5_ANI95_representatives,K03555,mutS,cell_maintenance,dna_repair_radiation,879,608,0.691695108077361,7,52,0.0592255125284738,999,within_source_prevalence_preserving,232.178178178178,5.98681620068011,220,232,244,-180.178178178178,-30.0958259179077,1,0.001,38,1,0.00118181818181818,fewer_transitions_than_null,TRUE,unchanged_trait_archived_raw_statistic
Bacteria,strict_90_5_ANI95_representatives,K03572,mutL,cell_maintenance,dna_repair_radiation,879,592,0.67349260523322,7,59,0.0671981776765376,999,within_source_prevalence_preserving,241.988988988989,6.094848088782,230.95,242,254,-182.988988988989,-30.0235520760219,1,0.001,36,1,0.00118181818181818,fewer_transitions_than_null,TRUE,unchanged_trait_archived_raw_statistic
Bacteria,strict_90_5_ANI95_representatives,K03581,recD,cell_maintenance,dna_repair_radiation,879,260,0.295790671217292,7,119,0.135535307517084,999,within_source_prevalence_preserving,224.547547547548,5.42386653115533,213.95,225,235,-105.547547547548,-19.4598349611426,1,0.001,33,1,0.00118181818181818,fewer_transitions_than_null,TRUE,unchanged_trait_archived_raw_statistic
Bacteria,strict_90_5_ANI95_representatives,K03582,recB,cell_maintenance,dna_repair_radiation,879,151,0.171786120591581,7,72,0.082004555808656,999,within_source_prevalence_preserving,141.042042042042,3.00003911701856,135,141,146,-69.0420420420421,-23.0137139380556,1,0.001,19,1,0.00118181818181818,fewer_transitions_than_null,TRUE,unchanged_trait_archived_raw_statistic
Bacteria,strict_90_5_ANI95_representatives,K03583,recC,cell_maintenance,dna_repair_radiation,879,157,0.178612059158134,7,73,0.0831435079726652,999,within_source_prevalence_preserving,145.676676676677,3.24524726734635,139,146,152,-72.6766766766767,-22.3948040594468,1,0.001,21,1,0.00118181818181818,fewer_transitions_than_null,TRUE,unchanged_trait_archived_raw_statistic
Bacteria,strict_90_5_ANI95_representatives,K03657,"uvrD, pcrA",cell_maintenance,dna_repair_radiation,879,869,0.988623435722412,7,10,0.0113895216400911,999,within_source_prevalence_preserving,9.97097097097097,0.167971983773557,9,10,10,0.0290290290290294,0.172820659593825,0.971,1,2,1,1,not_distinguished_from_null,TRUE,unchanged_trait_archived_raw_statistic
Bacteria,strict_90_5_ANI95_representatives,K03671,"TXN, trxA",cell_maintenance,oxidative_redox,879,848,0.964732650739477,7,17,0.0193621867881549,999,within_source_prevalence_preserving,30.6716716716717,0.559405198994106,29,31,31,-13.6716716716717,-24.4396578656319,1,0.001,4,1,0.00118181818181818,fewer_transitions_than_null,TRUE,unchanged_trait_archived_raw_statistic
Bacteria,strict_90_5_ANI95_representatives,K03701,uvrA,cell_maintenance,dna_repair_radiation,879,864,0.982935153583618,7,12,0.0136674259681093,999,within_source_prevalence_preserving,14.8978978978979,0.315887885012044,14,15,15,-2.8978978978979,-9.17381778597622,1,0.001,3,1,0.00118181818181818,fewer_transitions_than_null,TRUE,unchanged_trait_archived_raw_statistic
Bacteria,strict_90_5_ANI95_representatives,K03702,uvrB,cell_maintenance,dna_repair_radiation,879,844,0.960182025028441,7,31,0.0353075170842825,999,within_source_prevalence_preserving,34.4734734734735,0.732201670046095,33,35,35,-3.47347347347348,-4.74387537692287,0.998,0.003,5,1,0.00342105263157895,fewer_transitions_than_null,TRUE,unchanged_trait_archived_raw_statistic
Bacteria,strict_90_5_ANI95_representatives,K03703,uvrC,cell_maintenance,dna_repair_radiation,879,864,0.982935153583618,7,15,0.0170842824601367,999,within_source_prevalence_preserving,14.9329329329329,0.25423567425252,14,15,15,0.0670670670670663,0.263798805042804,0.934,1,3,1,1,not_distinguished_from_null,TRUE,unchanged_trait_archived_raw_statistic
Bacteria,strict_90_5_ANI95_representatives,K03704,cspA,cell_maintenance,cold_protein_quality,879,667,0.758816837315131,7,62,0.0706150341685649,999,within_source_prevalence_preserving,189.182182182182,4.27918985023937,180,189,197,-127.182182182182,-29.7210889521688,1,0.001,28,1,0.00118181818181818,fewer_transitions_than_null,TRUE,unchanged_trait_archived_raw_statistic
Bacteria,strict_90_5_ANI95_representatives,K03781,"katE, CAT, catB, srpA",cell_maintenance,oxidative_redox,879,331,0.376564277588168,7,205,0.233485193621868,999,within_source_prevalence_preserving,262.26026026026,6.94339641962147,249.95,262,275,-57.2602602602603,-8.24672203627139,1,0.001,39,1,0.00118181818181818,fewer_transitions_than_null,TRUE,unchanged_trait_archived_raw_statistic
Bacteria,strict_90_5_ANI95_representatives,K03782,katG,cell_maintenance,oxidative_redox,879,325,0.369738339021616,7,191,0.21753986332574,999,within_source_prevalence_preserving,260.294294294294,6.93351460133541,246.95,260,273,-69.2942942942943,-9.99410807917648,1,0.001,42,1,0.00118181818181818,fewer_transitions_than_null,TRUE,unchanged_trait_archived_raw_statistic
Bacteria,strict_90_5_ANI95_representatives,K04047,dps,cell_maintenance,dna_repair_radiation,879,392,0.445961319681456,7,159,0.181093394077449,999,within_source_prevalence_preserving,284.193193193193,7.91916283414485,269,284,300,-125.193193193193,-15.8088924063287,1,0.001,48,1,0.00118181818181818,fewer_transitions_than_null,TRUE,unchanged_trait_archived_raw_statistic
Bacteria,strict_90_5_ANI95_representatives,K04564,SOD2,cell_maintenance,oxidative_redox,879,749,0.852104664391354,7,49,0.0558086560364465,999,within_source_prevalence_preserving,123.164164164164,2.61280128179571,118,123,128,-74.1641641641642,-28.3849233697532,1,0.001,15,1,0.00118181818181818,fewer_transitions_than_null,TRUE,unchanged_trait_archived_raw_statistic
Bacteria,strict_90_5_ANI95_representatives,K04565,SOD1,cell_maintenance,oxidative_redox,879,300,0.341296928327645,7,151,0.171981776765376,999,within_source_prevalence_preserving,235.215215215215,6.26092061782404,222,235,247,-84.2152152152152,-13.4509316370288,1,0.001,39,1,0.00118181818181818,fewer_transitions_than_null,TRUE,unchanged_trait_archived_raw_statistic
Bacteria,strict_90_5_ANI95_representatives,K05343,treS,cell_maintenance,osmotic_desiccation_salt,879,444,0.505119453924915,7,150,0.170842824601367,999,within_source_prevalence_preserving,283.588588588589,7.66703833717018,268,283,299,-133.588588588589,-17.4237538295517,1,0.001,45,1,0.00118181818181818,fewer_transitions_than_null,TRUE,unchanged_trait_archived_raw_statistic
Bacteria,strict_90_5_ANI95_representatives,K05592,"deaD, cshA",cell_maintenance,cold_protein_quality,879,411,0.467576791808874,7,120,0.136674259681093,999,within_source_prevalence_preserving,266.966966966967,7.57553214530033,253,267,282,-146.966966966967,-19.4002169284097,1,0.001,44,1,0.00118181818181818,fewer_transitions_than_null,TRUE,unchanged_trait_archived_raw_statistic
Bacteria,strict_90_5_ANI95_representatives,K06381,spoIID,cell_maintenance,dormancy_resuscitation,879,346,0.393629124004551,7,87,0.0990888382687927,999,within_source_prevalence_preserving,268.454454454454,7.35103755833458,254,268,282,-181.454454454454,-24.6841963484083,1,0.001,49,1,0.00118181818181818,fewer_transitions_than_null,TRUE,unchanged_trait_archived_raw_statistic
Bacteria,strict_90_5_ANI95_representatives,K06390,spoIIIAA,cell_maintenance,dormancy_resuscitation,879,4,0.00455062571103527,7,2,0.00227790432801822,999,within_source_prevalence_preserving,3.996996996997,0.0547447254163614,4,4,4,-1.996996996997,-36.4783452982698,1,0.001,2,1,0.00118181818181818,fewer_transitions_than_null,TRUE,unchanged_trait_archived_raw_statistic
Bacteria,strict_90_5_ANI95_representatives,K06718,ectA,cell_maintenance,osmotic_desiccation_salt,879,71,0.080773606370876,7,41,0.0466970387243736,999,within_source_prevalence_preserving,67.7127127127127,1.72815554616244,64,68,71,-26.7127127127127,-15.4573543868961,1,0.001,11,1,0.00118181818181818,fewer_transitions_than_null,TRUE,unchanged_trait_archived_raw_statistic
Bacteria,strict_90_5_ANI95_representatives,K06720,ectC,cell_maintenance,osmotic_desiccation_salt,879,79,0.0898748577929465,7,46,0.0523917995444191,999,within_source_prevalence_preserving,75.1631631631632,1.92296645951333,71,75,78,-29.1631631631632,-15.1657159795413,1,0.001,13,1,0.00118181818181818,fewer_transitions_than_null,TRUE,unchanged_trait_archived_raw_statistic
Bacteria,strict_90_5_ANI95_representatives,K07646,kdpD,cell_maintenance,osmotic_desiccation_salt,879,463,0.526734926052332,7,151,0.171981776765376,999,within_source_prevalence_preserving,195.46046046046,6.06859488480984,183.95,196,207.05,-44.4604604604605,-7.32631874501104,1,0.001,35,1,0.00118181818181818,fewer_transitions_than_null,TRUE,unchanged_trait_archived_raw_statistic
Bacteria,strict_90_5_ANI95_representatives,K07667,kdpE,cell_maintenance,osmotic_desiccation_salt,879,397,0.45164960182025,7,160,0.182232346241458,999,within_source_prevalence_preserving,217.983983983984,6.92890779779067,204,218,231.05,-57.983983983984,-8.36841615968286,1,0.001,42,1,0.00118181818181818,fewer_transitions_than_null,TRUE,unchanged_trait_archived_raw_statistic
Bacteria,strict_90_5_ANI95_representatives,K07699,spo0A,cell_maintenance,dormancy_resuscitation,879,4,0.00455062571103527,7,2,0.00227790432801822,999,within_source_prevalence_preserving,3.994994994995,0.0706041419798044,4,4,4,-1.994994994995,-28.2560617416135,1,0.001,2,1,0.00118181818181818,fewer_transitions_than_null,TRUE,unchanged_trait_archived_raw_statistic
Bacteria,strict_90_5_ANI95_representatives,K10255,"FAD6, desA",cell_maintenance,cold_protein_quality,879,146,0.166097838452787,7,84,0.0956719817767654,999,within_source_prevalence_preserving,136.615615615616,2.95802234419789,131,137,142,-52.6156156156156,-17.7874300776735,1,0.001,18,1,0.00118181818181818,fewer_transitions_than_null,TRUE,unchanged_trait_archived_raw_statistic
Bacteria,strict_90_5_ANI95_representatives,K10674,ectD,cell_maintenance,osmotic_desiccation_salt,879,40,0.0455062571103527,7,33,0.0375854214123007,999,within_source_prevalence_preserving,38.964964964965,1.02267565962203,37,39,40,-5.96496496496496,-5.83270454209262,1,0.001,7,1,0.00118181818181818,fewer_transitions_than_null,TRUE,unchanged_trait_archived_raw_statistic
Bacteria,strict_90_5_ANI95_representatives,K00436,hoxH,energy_acquisition,trace_gas_energy,879,89,0.101251422070535,7,47,0.0535307517084283,999,within_source_prevalence_preserving,79.6316316316316,2.83381393943341,74,80,85,-32.6316316316316,-11.5150932026808,1,0.001,19,1,0.00118181818181818,fewer_transitions_than_null,TRUE,unchanged_trait_archived_raw_statistic
Bacteria,strict_90_5_ANI95_representatives,K00437,hydB,energy_acquisition,trace_gas_energy,879,3,0.00341296928327645,7,3,0.00341685649202734,999,within_source_prevalence_preserving,2.996996996997,0.0547447254163613,3,3,3,0.00300300300300282,0.0548546545838612,0.997,1,2,1,1,not_distinguished_from_null,TRUE,unchanged_trait_archived_raw_statistic
Bacteria,strict_90_5_ANI95_representatives,K00440,frhA,energy_acquisition,trace_gas_energy,879,0,0,7,0,0,999,within_source_prevalence_preserving,0,0,0,0,0,0,,1,1,1,1,1,not_distinguished_from_null,FALSE,unchanged_trait_archived_raw_statistic
Bacteria,strict_90_5_ANI95_representatives,K00441,frhB,energy_acquisition,trace_gas_energy,879,98,0.111490329920364,7,35,0.0398633257403189,999,within_source_prevalence_preserving,93.9309309309309,2.01801362537984,89,94,97,-58.9309309309309,-29.2024445176076,1,0.001,13,1,0.00118181818181818,fewer_transitions_than_null,TRUE,unchanged_trait_archived_raw_statistic
Bacteria,strict_90_5_ANI95_representatives,K01601,"rbcL, cbbL",energy_acquisition,trace_gas_energy,879,96,0.109215017064846,7,63,0.071753986332574,999,within_source_prevalence_preserving,91.7557557557558,2.076301148032,87,92,95,-28.7557557557558,-13.8495110803226,1,0.001,14,1,0.00118181818181818,fewer_transitions_than_null,TRUE,unchanged_trait_archived_raw_statistic
Bacteria,strict_90_5_ANI95_representatives,K01602,"rbcS, cbbS",energy_acquisition,trace_gas_energy,879,82,0.093287827076223,7,53,0.0603644646924829,999,within_source_prevalence_preserving,78.8108108108108,1.7684734207001,75,79,82,-25.8108108108108,-14.5949667711675,1,0.001,12,1,0.00118181818181818,fewer_transitions_than_null,TRUE,unchanged_trait_archived_raw_statistic
Bacteria,strict_90_5_ANI95_representatives,K03518,coxS,energy_acquisition,trace_gas_energy,879,270,0.307167235494881,7,123,0.140091116173121,999,within_source_prevalence_preserving,228.898898898899,5.82052797266278,217,229,240,-105.898898898899,-18.1940365884802,1,0.001,36,1,0.00118181818181818,fewer_transitions_than_null,TRUE,unchanged_trait_archived_raw_statistic
Bacteria,strict_90_5_ANI95_representatives,K03519,"coxM, cutM",energy_acquisition,trace_gas_energy,879,267,0.303754266211604,7,124,0.14123006833713,999,within_source_prevalence_preserving,225.491491491492,5.8150931457945,214,226,236,-101.491491491492,-17.4531153580731,1,0.001,36,1,0.00118181818181818,fewer_transitions_than_null,TRUE,unchanged_trait_archived_raw_statistic
Bacteria,strict_90_5_ANI95_representatives,K03520,"coxL, cutL",energy_acquisition,trace_gas_energy,879,228,0.25938566552901,7,113,0.12870159453303,999,within_source_prevalence_preserving,199.695695695696,4.71592742038724,190,200,209,-86.6956956956957,-18.3835941411874,1,0.001,28,1,0.00118181818181818,fewer_transitions_than_null,TRUE,unchanged_trait_archived_raw_statistic
Bacteria,strict_90_5_ANI95_representatives,K04641,bop,energy_acquisition,light_energy,879,0,0,7,0,0,999,within_source_prevalence_preserving,0,0,0,0,0,0,,1,1,1,1,1,not_distinguished_from_null,FALSE,unchanged_trait_archived_raw_statistic
Bacteria,strict_90_5_ANI95_representatives,K04642,hop,energy_acquisition,light_energy,879,0,0,7,0,0,999,within_source_prevalence_preserving,0,0,0,0,0,0,,1,1,1,1,1,not_distinguished_from_null,FALSE,unchanged_trait_archived_raw_statistic
Bacteria,strict_90_5_ANI95_representatives,K11180,dsrA,energy_acquisition,sulfur_chemolithotrophy,879,15,0.0170648464163823,7,10,0.0113895216400911,999,within_source_prevalence_preserving,14.8498498498499,0.38959086174677,14,15,15,-4.84984984984985,-12.4485718892508,1,0.001,3,1,0.00118181818181818,fewer_transitions_than_null,TRUE,unchanged_trait_archived_raw_statistic
Bacteria,strict_90_5_ANI95_representatives,K11181,dsrB,energy_acquisition,sulfur_chemolithotrophy,879,13,0.0147895335608646,7,8,0.00911161731207289,999,within_source_prevalence_preserving,12.8768768768769,0.343645223938477,12,13,13,-4.87687687687688,-14.1916038319508,1,0.001,3,1,0.00118181818181818,fewer_transitions_than_null,TRUE,unchanged_trait_archived_raw_statistic
Bacteria,strict_90_5_ANI95_representatives,K17222,soxA,energy_acquisition,sulfur_chemolithotrophy,879,33,0.037542662116041,7,20,0.0227790432801822,999,within_source_prevalence_preserving,32.5385385385385,0.683520787980482,31,33,33,-12.5385385385385,-18.3440485776368,1,0.001,6,1,0.00118181818181818,fewer_transitions_than_null,TRUE,unchanged_trait_archived_raw_statistic
Bacteria,strict_90_5_ANI95_representatives,K17223,soxX,energy_acquisition,sulfur_chemolithotrophy,879,35,0.0398179749715586,7,22,0.0250569476082005,999,within_source_prevalence_preserving,34.4904904904905,0.751524609135279,32,35,35,-12.4904904904905,-16.6202015724573,1,0.001,5,1,0.00118181818181818,fewer_transitions_than_null,TRUE,unchanged_trait_archived_raw_statistic
Bacteria,strict_90_5_ANI95_representatives,K17224,soxB,energy_acquisition,sulfur_chemolithotrophy,879,41,0.0466439135381115,7,28,0.0318906605922551,999,within_source_prevalence_preserving,40.1011011011011,0.957403798224398,38,40,41,-12.1011011011011,-12.6394956062884,1,0.001,7,1,0.00118181818181818,fewer_transitions_than_null,TRUE,unchanged_trait_archived_raw_statistic
Bacteria,strict_90_5_ANI95_representatives,K17225,soxC,energy_acquisition,sulfur_chemolithotrophy,879,43,0.0489192263936291,7,35,0.0398633257403189,999,within_source_prevalence_preserving,42.2982982982983,0.829749405096275,40,42,43,-7.2982982982983,-8.79578611743806,1,0.001,6,1,0.00118181818181818,fewer_transitions_than_null,TRUE,unchanged_trait_archived_raw_statistic
Bacteria,strict_90_5_ANI95_representatives,K17229,fccB,energy_acquisition,sulfur_chemolithotrophy,879,25,0.0284414106939704,7,22,0.0250569476082005,999,within_source_prevalence_preserving,24.7887887887888,0.452597086468519,24,25,25,-2.78878878878879,-6.16174710833621,1,0.003,4,1,0.00342105263157895,fewer_transitions_than_null,TRUE,unchanged_trait_archived_raw_statistic
Bacteria,strict_90_5_ANI95_representatives,K00066,algD,surface_retention,biofilm_eps_surface,879,113,0.128555176336746,7,69,0.0785876993166287,999,within_source_prevalence_preserving,107.147147147147,2.39098368361643,102,107,111.05,-38.1471471471472,-15.9545827972563,1,0.001,15,1,0.00118181818181818,fewer_transitions_than_null,TRUE,unchanged_trait_archived_raw_statistic
Bacteria,strict_90_5_ANI95_representatives,K00694,bcsA,surface_retention,biofilm_eps_surface,879,34,0.0386803185437998,7,20,0.0227790432801822,999,within_source_prevalence_preserving,33.3263263263263,0.804308050748353,31,34,34,-13.3263263263263,-16.5686844908827,1,0.001,5,1,0.00118181818181818,fewer_transitions_than_null,TRUE,unchanged_trait_archived_raw_statistic
Bacteria,strict_90_5_ANI95_representatives,K11935,pgaA,surface_retention,biofilm_eps_surface,879,10,0.0113765642775882,7,7,0.00797266514806378,999,within_source_prevalence_preserving,9.96296296296296,0.18894716640642,9,10,10,-2.96296296296296,-15.6814363470777,1,0.001,2,1,0.00118181818181818,fewer_transitions_than_null,TRUE,unchanged_trait_archived_raw_statistic
Bacteria,strict_90_5_ANI95_representatives,K20543,bcsC,surface_retention,biofilm_eps_surface,879,21,0.0238907849829352,7,13,0.0148063781321185,999,within_source_prevalence_preserving,20.7207207207207,0.517316454125032,19,21,21,-7.72072072072072,-14.924560506739,1,0.001,4,1,0.00118181818181818,fewer_transitions_than_null,TRUE,unchanged_trait_archived_raw_statistic
