target_protein_id	dataset_id	genome_id	target_full_window	target_context_positive	neighbor_protein_id	relative_gene	oriented_gene	neighbor_strand	oriented_strand	gene_class	Description	Preferred_name	KEGG_ko	PFAMs
alaska_permafrost_reference|alaska_permafrost_reference_SRR1586264rbin.5|gnl|X|PKFMBAGH_96_4	alaska_permafrost_reference	alaska_permafrost_reference_SRR1586264rbin.5	0	0	alaska_permafrost_reference|alaska_permafrost_reference_SRR1586264rbin.5|gnl|X|PKFMBAGH_96_1	-3	3	+	-	other	PFAM aminotransferase class-III	hemL	ko:K01845	Aminotran_3
alaska_permafrost_reference|alaska_permafrost_reference_SRR1586264rbin.5|gnl|X|PKFMBAGH_96_4	alaska_permafrost_reference	alaska_permafrost_reference_SRR1586264rbin.5	0	0	alaska_permafrost_reference|alaska_permafrost_reference_SRR1586264rbin.5|gnl|X|PKFMBAGH_96_2	-2	2	-	+	unresolved	-	-	-	-
alaska_permafrost_reference|alaska_permafrost_reference_SRR1586264rbin.5|gnl|X|PKFMBAGH_96_4	alaska_permafrost_reference	alaska_permafrost_reference_SRR1586264rbin.5	0	0	alaska_permafrost_reference|alaska_permafrost_reference_SRR1586264rbin.5|gnl|X|PKFMBAGH_96_3	-1	1	-	+	unresolved	-	-	-	-
alaska_permafrost_reference|alaska_permafrost_reference_SRR1586264rbin.5|gnl|X|PKFMBAGH_96_4	alaska_permafrost_reference	alaska_permafrost_reference_SRR1586264rbin.5	0	0	alaska_permafrost_reference|alaska_permafrost_reference_SRR1586264rbin.5|gnl|X|PKFMBAGH_96_4	0	0	-	+	target	-	-	-	-
alaska_permafrost_reference|alaska_permafrost_reference_SRR1586264rbin.5|gnl|X|PKFMBAGH_96_4	alaska_permafrost_reference	alaska_permafrost_reference_SRR1586264rbin.5	0	0	alaska_permafrost_reference|alaska_permafrost_reference_SRR1586264rbin.5|gnl|X|PKFMBAGH_96_5	1	-1	-	+	other	Rieske 2Fe-2S	-	-	Rieske
alaska_permafrost_reference|alaska_permafrost_reference_SRR1586279rbin.21|gnl|X|CFBIJENJ_46_9	alaska_permafrost_reference	alaska_permafrost_reference_SRR1586279rbin.21	1	1	alaska_permafrost_reference|alaska_permafrost_reference_SRR1586279rbin.21|gnl|X|CFBIJENJ_46_4	-5	5	+	-	unresolved	-	-	-	-
alaska_permafrost_reference|alaska_permafrost_reference_SRR1586279rbin.21|gnl|X|CFBIJENJ_46_9	alaska_permafrost_reference	alaska_permafrost_reference_SRR1586279rbin.21	1	1	alaska_permafrost_reference|alaska_permafrost_reference_SRR1586279rbin.21|gnl|X|CFBIJENJ_46_5	-4	4	+	-	other	Aminotransferase class-III	hemL	ko:K01845	Aminotran_3
alaska_permafrost_reference|alaska_permafrost_reference_SRR1586279rbin.21|gnl|X|CFBIJENJ_46_9	alaska_permafrost_reference	alaska_permafrost_reference_SRR1586279rbin.21	1	1	alaska_permafrost_reference|alaska_permafrost_reference_SRR1586279rbin.21|gnl|X|CFBIJENJ_46_6	-3	3	-	+	other	Domain of unknown function (DUF4265)	-	-	DUF4265
alaska_permafrost_reference|alaska_permafrost_reference_SRR1586279rbin.21|gnl|X|CFBIJENJ_46_9	alaska_permafrost_reference	alaska_permafrost_reference_SRR1586279rbin.21	1	1	alaska_permafrost_reference|alaska_permafrost_reference_SRR1586279rbin.21|gnl|X|CFBIJENJ_46_7	-2	2	-	+	unresolved	-	-	-	-
alaska_permafrost_reference|alaska_permafrost_reference_SRR1586279rbin.21|gnl|X|CFBIJENJ_46_9	alaska_permafrost_reference	alaska_permafrost_reference_SRR1586279rbin.21	1	1	alaska_permafrost_reference|alaska_permafrost_reference_SRR1586279rbin.21|gnl|X|CFBIJENJ_46_8	-1	1	-	+	unresolved	-	-	-	-
alaska_permafrost_reference|alaska_permafrost_reference_SRR1586279rbin.21|gnl|X|CFBIJENJ_46_9	alaska_permafrost_reference	alaska_permafrost_reference_SRR1586279rbin.21	1	1	alaska_permafrost_reference|alaska_permafrost_reference_SRR1586279rbin.21|gnl|X|CFBIJENJ_46_9	0	0	-	+	target	-	-	-	-
alaska_permafrost_reference|alaska_permafrost_reference_SRR1586279rbin.21|gnl|X|CFBIJENJ_46_9	alaska_permafrost_reference	alaska_permafrost_reference_SRR1586279rbin.21	1	1	alaska_permafrost_reference|alaska_permafrost_reference_SRR1586279rbin.21|gnl|X|CFBIJENJ_46_10	1	-1	-	+	other	Rieske 2Fe-2S	-	-	Rieske
alaska_permafrost_reference|alaska_permafrost_reference_SRR1586279rbin.21|gnl|X|CFBIJENJ_46_9	alaska_permafrost_reference	alaska_permafrost_reference_SRR1586279rbin.21	1	1	alaska_permafrost_reference|alaska_permafrost_reference_SRR1586279rbin.21|gnl|X|CFBIJENJ_46_11	2	-2	-	+	cyto_b_C	Component of the ubiquinol-cytochrome c reductase complex (complex III or cytochrome b-c1 complex), which is a respiratory chain that generates an electrochemical potential coupled to ATP synthesis	pcmD	-	Cytochrom_B_C,Cytochrome_B
alaska_permafrost_reference|alaska_permafrost_reference_SRR1586279rbin.21|gnl|X|CFBIJENJ_46_9	alaska_permafrost_reference	alaska_permafrost_reference_SRR1586279rbin.21	1	1	alaska_permafrost_reference|alaska_permafrost_reference_SRR1586279rbin.21|gnl|X|CFBIJENJ_46_12	3	-3	-	+	heme	Cytochrome b	-	ko:K03887	Cytochrome_B
alaska_permafrost_reference|alaska_permafrost_reference_SRR1586279rbin.21|gnl|X|CFBIJENJ_46_9	alaska_permafrost_reference	alaska_permafrost_reference_SRR1586279rbin.21	1	1	alaska_permafrost_reference|alaska_permafrost_reference_SRR1586279rbin.21|gnl|X|CFBIJENJ_46_13	4	-4	-	+	unresolved	-	-	-	-
alaska_permafrost_reference|alaska_permafrost_reference_SRR1586279rbin.21|gnl|X|CFBIJENJ_46_9	alaska_permafrost_reference	alaska_permafrost_reference_SRR1586279rbin.21	1	1	alaska_permafrost_reference|alaska_permafrost_reference_SRR1586279rbin.21|gnl|X|CFBIJENJ_46_14	5	-5	-	+	unresolved	-	-	-	-
australian_basalt_lava_tubes_bay_2025|GCA_050692375.1_genomic|JBOGVK010000043.1_9	australian_basalt_lava_tubes_bay_2025	GCA_050692375.1_genomic	0	1	australian_basalt_lava_tubes_bay_2025|GCA_050692375.1_genomic|JBOGVK010000043.1_4	-5	5	-	+	other	Sigma-70, region 4	sigK	ko:K03088	Sigma70_r2,Sigma70_r4,Sigma70_r4_2
australian_basalt_lava_tubes_bay_2025|GCA_050692375.1_genomic|JBOGVK010000043.1_9	australian_basalt_lava_tubes_bay_2025	GCA_050692375.1_genomic	0	1	australian_basalt_lava_tubes_bay_2025|GCA_050692375.1_genomic|JBOGVK010000043.1_5	-4	4	+	-	other	Glutaredoxin-like domain (DUF836)	-	-	DUF836
australian_basalt_lava_tubes_bay_2025|GCA_050692375.1_genomic|JBOGVK010000043.1_9	australian_basalt_lava_tubes_bay_2025	GCA_050692375.1_genomic	0	1	australian_basalt_lava_tubes_bay_2025|GCA_050692375.1_genomic|JBOGVK010000043.1_6	-3	3	+	-	other	Modulates transcription in response to changes in cellular NADH NAD( ) redox state	rex	ko:K01926	CoA_binding,Put_DNA-bind_N
australian_basalt_lava_tubes_bay_2025|GCA_050692375.1_genomic|JBOGVK010000043.1_9	australian_basalt_lava_tubes_bay_2025	GCA_050692375.1_genomic	0	1	australian_basalt_lava_tubes_bay_2025|GCA_050692375.1_genomic|JBOGVK010000043.1_7	-2	2	-	+	unresolved	-	-	-	-
australian_basalt_lava_tubes_bay_2025|GCA_050692375.1_genomic|JBOGVK010000043.1_9	australian_basalt_lava_tubes_bay_2025	GCA_050692375.1_genomic	0	1	australian_basalt_lava_tubes_bay_2025|GCA_050692375.1_genomic|JBOGVK010000043.1_8	-1	1	-	+	unresolved	-	-	-	-
australian_basalt_lava_tubes_bay_2025|GCA_050692375.1_genomic|JBOGVK010000043.1_9	australian_basalt_lava_tubes_bay_2025	GCA_050692375.1_genomic	0	1	australian_basalt_lava_tubes_bay_2025|GCA_050692375.1_genomic|JBOGVK010000043.1_9	0	0	-	+	target	-	-	-	-
australian_basalt_lava_tubes_bay_2025|GCA_050692375.1_genomic|JBOGVK010000043.1_9	australian_basalt_lava_tubes_bay_2025	GCA_050692375.1_genomic	0	1	australian_basalt_lava_tubes_bay_2025|GCA_050692375.1_genomic|JBOGVK010000043.1_10	1	-1	-	+	other	Rieske 2Fe-2S	-	-	Rieske
australian_basalt_lava_tubes_bay_2025|GCA_050692375.1_genomic|JBOGVK010000043.1_9	australian_basalt_lava_tubes_bay_2025	GCA_050692375.1_genomic	0	1	australian_basalt_lava_tubes_bay_2025|GCA_050692375.1_genomic|JBOGVK010000043.1_11	2	-2	-	+	cyto_b_C	Component of the ubiquinol-cytochrome c reductase complex (complex III or cytochrome b-c1 complex), which is a respiratory chain that generates an electrochemical potential coupled to ATP synthesis	pcmD	-	Cytochrom_B_C,Cytochrome_B
australian_basalt_lava_tubes_bay_2025|GCA_050692375.1_genomic|JBOGVK010000043.1_9	australian_basalt_lava_tubes_bay_2025	GCA_050692375.1_genomic	0	1	australian_basalt_lava_tubes_bay_2025|GCA_050692375.1_genomic|JBOGVK010000043.1_12	3	-3	-	+	cyto_b_N	Cytochrome b/b6/petB	-	ko:K03891	Cytochrom_B_N_2
australian_basalt_lava_tubes_bay_2025|GCA_050742415.1_genomic|JBOGIF010000032.1_19	australian_basalt_lava_tubes_bay_2025	GCA_050742415.1_genomic	0	1	australian_basalt_lava_tubes_bay_2025|GCA_050742415.1_genomic|JBOGIF010000032.1_14	-5	-5	+	+	unresolved	-	-	-	-
australian_basalt_lava_tubes_bay_2025|GCA_050742415.1_genomic|JBOGIF010000032.1_19	australian_basalt_lava_tubes_bay_2025	GCA_050742415.1_genomic	0	1	australian_basalt_lava_tubes_bay_2025|GCA_050742415.1_genomic|JBOGIF010000032.1_15	-4	-4	+	+	other	4Fe-4S dicluster domain	-	-	Fer4,Fer4_10
australian_basalt_lava_tubes_bay_2025|GCA_050742415.1_genomic|JBOGIF010000032.1_19	australian_basalt_lava_tubes_bay_2025	GCA_050742415.1_genomic	0	1	australian_basalt_lava_tubes_bay_2025|GCA_050742415.1_genomic|JBOGIF010000032.1_16	-3	-3	+	+	cyto_b_N	Cytochrome b/b6/petB	-	ko:K03891	Cytochrom_B_N_2
australian_basalt_lava_tubes_bay_2025|GCA_050742415.1_genomic|JBOGIF010000032.1_19	australian_basalt_lava_tubes_bay_2025	GCA_050742415.1_genomic	0	1	australian_basalt_lava_tubes_bay_2025|GCA_050742415.1_genomic|JBOGIF010000032.1_17	-2	-2	+	+	cyto_b_C	Cytochrome b(C-terminal)/b6/petD	-	-	Cytochrom_B_C
australian_basalt_lava_tubes_bay_2025|GCA_050742415.1_genomic|JBOGIF010000032.1_19	australian_basalt_lava_tubes_bay_2025	GCA_050742415.1_genomic	0	1	australian_basalt_lava_tubes_bay_2025|GCA_050742415.1_genomic|JBOGIF010000032.1_18	-1	-1	+	+	other	Rieske 2Fe-2S	-	-	Rieske
australian_basalt_lava_tubes_bay_2025|GCA_050742415.1_genomic|JBOGIF010000032.1_19	australian_basalt_lava_tubes_bay_2025	GCA_050742415.1_genomic	0	1	australian_basalt_lava_tubes_bay_2025|GCA_050742415.1_genomic|JBOGIF010000032.1_19	0	0	+	+	target	-	-	-	-
australian_basalt_lava_tubes_bay_2025|GCA_050742415.1_genomic|JBOGIF010000032.1_19	australian_basalt_lava_tubes_bay_2025	GCA_050742415.1_genomic	0	1	australian_basalt_lava_tubes_bay_2025|GCA_050742415.1_genomic|JBOGIF010000032.1_20	1	1	+	+	unresolved	-	-	-	-
mauna_loa_lava_tube_fishman_2023|MAG40|MAG40_267_3	mauna_loa_lava_tube_fishman_2023	MAG40	0	1	mauna_loa_lava_tube_fishman_2023|MAG40|MAG40_267_1	-2	-2	+	+	cyto_b_C	Cytochrome b(C-terminal)/b6/petD	-	-	Cytochrom_B_C
mauna_loa_lava_tube_fishman_2023|MAG40|MAG40_267_3	mauna_loa_lava_tube_fishman_2023	MAG40	0	1	mauna_loa_lava_tube_fishman_2023|MAG40|MAG40_267_2	-1	-1	+	+	other	Rieske 2Fe-2S	-	-	Rieske
mauna_loa_lava_tube_fishman_2023|MAG40|MAG40_267_3	mauna_loa_lava_tube_fishman_2023	MAG40	0	1	mauna_loa_lava_tube_fishman_2023|MAG40|MAG40_267_3	0	0	+	+	target	-	-	-	-
mauna_loa_lava_tube_fishman_2023|MAG44|MAG44_140_7	mauna_loa_lava_tube_fishman_2023	MAG44	0	1	mauna_loa_lava_tube_fishman_2023|MAG44|MAG44_140_2	-5	5	-	+	unresolved	-	-	-	-
mauna_loa_lava_tube_fishman_2023|MAG44|MAG44_140_7	mauna_loa_lava_tube_fishman_2023	MAG44	0	1	mauna_loa_lava_tube_fishman_2023|MAG44|MAG44_140_3	-4	4	+	-	other	Peptidase family M23	-	ko:K21472	Peptidase_M23
mauna_loa_lava_tube_fishman_2023|MAG44|MAG44_140_7	mauna_loa_lava_tube_fishman_2023	MAG44	0	1	mauna_loa_lava_tube_fishman_2023|MAG44|MAG44_140_4	-3	3	+	-	unresolved	-	-	-	-
mauna_loa_lava_tube_fishman_2023|MAG44|MAG44_140_7	mauna_loa_lava_tube_fishman_2023	MAG44	0	1	mauna_loa_lava_tube_fishman_2023|MAG44|MAG44_140_5	-2	2	-	+	unresolved	-	-	-	-
mauna_loa_lava_tube_fishman_2023|MAG44|MAG44_140_7	mauna_loa_lava_tube_fishman_2023	MAG44	0	1	mauna_loa_lava_tube_fishman_2023|MAG44|MAG44_140_6	-1	1	-	+	unresolved	-	-	-	-
mauna_loa_lava_tube_fishman_2023|MAG44|MAG44_140_7	mauna_loa_lava_tube_fishman_2023	MAG44	0	1	mauna_loa_lava_tube_fishman_2023|MAG44|MAG44_140_7	0	0	-	+	target	-	-	-	-
mauna_loa_lava_tube_fishman_2023|MAG44|MAG44_140_7	mauna_loa_lava_tube_fishman_2023	MAG44	0	1	mauna_loa_lava_tube_fishman_2023|MAG44|MAG44_140_8	1	-1	-	+	other	Rieske 2Fe-2S	-	-	Rieske
mauna_loa_lava_tube_fishman_2023|MAG44|MAG44_140_7	mauna_loa_lava_tube_fishman_2023	MAG44	0	1	mauna_loa_lava_tube_fishman_2023|MAG44|MAG44_140_9	2	-2	-	+	cyto_b_C	Cytochrome b(C-terminal)/b6/petD	-	-	Cytochrom_B_C
mauna_loa_lava_tube_fishman_2023|MAG45|MAG45_111_7	mauna_loa_lava_tube_fishman_2023	MAG45	0	1	mauna_loa_lava_tube_fishman_2023|MAG45|MAG45_111_2	-5	5	+	-	other	Peptidase family M23	-	ko:K21472	Peptidase_M23
mauna_loa_lava_tube_fishman_2023|MAG45|MAG45_111_7	mauna_loa_lava_tube_fishman_2023	MAG45	0	1	mauna_loa_lava_tube_fishman_2023|MAG45|MAG45_111_3	-4	4	+	-	other	ATPase associated with various cellular	-	ko:K03924	AAA_3
mauna_loa_lava_tube_fishman_2023|MAG45|MAG45_111_7	mauna_loa_lava_tube_fishman_2023	MAG45	0	1	mauna_loa_lava_tube_fishman_2023|MAG45|MAG45_111_4	-3	3	+	-	other	Protein of unknown function DUF58	-	-	DUF58
mauna_loa_lava_tube_fishman_2023|MAG45|MAG45_111_7	mauna_loa_lava_tube_fishman_2023	MAG45	0	1	mauna_loa_lava_tube_fishman_2023|MAG45|MAG45_111_5	-2	2	+	-	other	Transglutaminase/protease-like homologues	-	-	DUF3488,DUF58,Transglut_core
mauna_loa_lava_tube_fishman_2023|MAG45|MAG45_111_7	mauna_loa_lava_tube_fishman_2023	MAG45	0	1	mauna_loa_lava_tube_fishman_2023|MAG45|MAG45_111_6	-1	1	-	+	unresolved	-	-	-	-
mauna_loa_lava_tube_fishman_2023|MAG45|MAG45_111_7	mauna_loa_lava_tube_fishman_2023	MAG45	0	1	mauna_loa_lava_tube_fishman_2023|MAG45|MAG45_111_7	0	0	-	+	target	-	-	-	-
mauna_loa_lava_tube_fishman_2023|MAG45|MAG45_111_7	mauna_loa_lava_tube_fishman_2023	MAG45	0	1	mauna_loa_lava_tube_fishman_2023|MAG45|MAG45_111_8	1	-1	-	+	other	Rieske 2Fe-2S	-	-	Rieske
mauna_loa_lava_tube_fishman_2023|MAG45|MAG45_111_7	mauna_loa_lava_tube_fishman_2023	MAG45	0	1	mauna_loa_lava_tube_fishman_2023|MAG45|MAG45_111_9	2	-2	-	+	cyto_b_C	Cytochrome b(C-terminal)/b6/petD	-	-	Cytochrom_B_C
qaidam_basin_mmag_1773|qaidam_basin_mmag_1773_CHGRbin13|k141_1676527_length_2427_cov_16.7135_5	qaidam_basin_mmag_1773	qaidam_basin_mmag_1773_CHGRbin13	0	0	qaidam_basin_mmag_1773|qaidam_basin_mmag_1773_CHGRbin13|k141_1676527_length_2427_cov_16.7135_1	-4	4	+	-	other	PFAM aminotransferase class-III	hemL	ko:K01845	Aminotran_3
qaidam_basin_mmag_1773|qaidam_basin_mmag_1773_CHGRbin13|k141_1676527_length_2427_cov_16.7135_5	qaidam_basin_mmag_1773	qaidam_basin_mmag_1773_CHGRbin13	0	0	qaidam_basin_mmag_1773|qaidam_basin_mmag_1773_CHGRbin13|k141_1676527_length_2427_cov_16.7135_2	-3	3	+	-	unresolved	-	-	-	-
qaidam_basin_mmag_1773|qaidam_basin_mmag_1773_CHGRbin13|k141_1676527_length_2427_cov_16.7135_5	qaidam_basin_mmag_1773	qaidam_basin_mmag_1773_CHGRbin13	0	0	qaidam_basin_mmag_1773|qaidam_basin_mmag_1773_CHGRbin13|k141_1676527_length_2427_cov_16.7135_3	-2	2	-	+	unresolved	-	-	-	-
qaidam_basin_mmag_1773|qaidam_basin_mmag_1773_CHGRbin13|k141_1676527_length_2427_cov_16.7135_5	qaidam_basin_mmag_1773	qaidam_basin_mmag_1773_CHGRbin13	0	0	qaidam_basin_mmag_1773|qaidam_basin_mmag_1773_CHGRbin13|k141_1676527_length_2427_cov_16.7135_4	-1	1	-	+	unresolved	-	-	-	-
qaidam_basin_mmag_1773|qaidam_basin_mmag_1773_CHGRbin13|k141_1676527_length_2427_cov_16.7135_5	qaidam_basin_mmag_1773	qaidam_basin_mmag_1773_CHGRbin13	0	0	qaidam_basin_mmag_1773|qaidam_basin_mmag_1773_CHGRbin13|k141_1676527_length_2427_cov_16.7135_5	0	0	-	+	target	-	-	-	-
qaidam_basin_mmag_1773|qaidam_basin_mmag_1773_CHGRbin21|k141_121601_length_11112_cov_23.0792_5	qaidam_basin_mmag_1773	qaidam_basin_mmag_1773_CHGRbin21	0	1	qaidam_basin_mmag_1773|qaidam_basin_mmag_1773_CHGRbin21|k141_121601_length_11112_cov_23.0792_1	-4	-4	+	+	unresolved	-	-	-	-
qaidam_basin_mmag_1773|qaidam_basin_mmag_1773_CHGRbin21|k141_121601_length_11112_cov_23.0792_5	qaidam_basin_mmag_1773	qaidam_basin_mmag_1773_CHGRbin21	0	1	qaidam_basin_mmag_1773|qaidam_basin_mmag_1773_CHGRbin21|k141_121601_length_11112_cov_23.0792_2	-3	-3	+	+	cyto_b_N	Cytochrome b/b6/petB	-	ko:K03891	Cytochrom_B_N_2
qaidam_basin_mmag_1773|qaidam_basin_mmag_1773_CHGRbin21|k141_121601_length_11112_cov_23.0792_5	qaidam_basin_mmag_1773	qaidam_basin_mmag_1773_CHGRbin21	0	1	qaidam_basin_mmag_1773|qaidam_basin_mmag_1773_CHGRbin21|k141_121601_length_11112_cov_23.0792_3	-2	-2	+	+	cyto_b_C	Cytochrome b(C-terminal)/b6/petD	-	-	Cytochrom_B_C
qaidam_basin_mmag_1773|qaidam_basin_mmag_1773_CHGRbin21|k141_121601_length_11112_cov_23.0792_5	qaidam_basin_mmag_1773	qaidam_basin_mmag_1773_CHGRbin21	0	1	qaidam_basin_mmag_1773|qaidam_basin_mmag_1773_CHGRbin21|k141_121601_length_11112_cov_23.0792_4	-1	-1	+	+	unresolved	-	-	-	-
qaidam_basin_mmag_1773|qaidam_basin_mmag_1773_CHGRbin21|k141_121601_length_11112_cov_23.0792_5	qaidam_basin_mmag_1773	qaidam_basin_mmag_1773_CHGRbin21	0	1	qaidam_basin_mmag_1773|qaidam_basin_mmag_1773_CHGRbin21|k141_121601_length_11112_cov_23.0792_5	0	0	+	+	target	-	-	-	-
qaidam_basin_mmag_1773|qaidam_basin_mmag_1773_CHGRbin21|k141_121601_length_11112_cov_23.0792_5	qaidam_basin_mmag_1773	qaidam_basin_mmag_1773_CHGRbin21	0	1	qaidam_basin_mmag_1773|qaidam_basin_mmag_1773_CHGRbin21|k141_121601_length_11112_cov_23.0792_6	1	1	+	+	unresolved	-	-	-	-
qaidam_basin_mmag_1773|qaidam_basin_mmag_1773_CHGRbin21|k141_121601_length_11112_cov_23.0792_5	qaidam_basin_mmag_1773	qaidam_basin_mmag_1773_CHGRbin21	0	1	qaidam_basin_mmag_1773|qaidam_basin_mmag_1773_CHGRbin21|k141_121601_length_11112_cov_23.0792_7	2	2	+	+	unresolved	-	-	-	-
qaidam_basin_mmag_1773|qaidam_basin_mmag_1773_CHGRbin21|k141_121601_length_11112_cov_23.0792_5	qaidam_basin_mmag_1773	qaidam_basin_mmag_1773_CHGRbin21	0	1	qaidam_basin_mmag_1773|qaidam_basin_mmag_1773_CHGRbin21|k141_121601_length_11112_cov_23.0792_8	3	3	-	-	unresolved	-	-	-	-
qaidam_basin_mmag_1773|qaidam_basin_mmag_1773_CHGRbin21|k141_121601_length_11112_cov_23.0792_5	qaidam_basin_mmag_1773	qaidam_basin_mmag_1773_CHGRbin21	0	1	qaidam_basin_mmag_1773|qaidam_basin_mmag_1773_CHGRbin21|k141_121601_length_11112_cov_23.0792_9	4	4	-	-	other	Aminotransferase class-III	hemL	ko:K01845	Aminotran_3
qaidam_basin_mmag_1773|qaidam_basin_mmag_1773_CHGRbin21|k141_121601_length_11112_cov_23.0792_5	qaidam_basin_mmag_1773	qaidam_basin_mmag_1773_CHGRbin21	0	1	qaidam_basin_mmag_1773|qaidam_basin_mmag_1773_CHGRbin21|k141_121601_length_11112_cov_23.0792_10	5	5	-	-	other	Belongs to the ALAD family	hemB	ko:K01698	ALAD
qaidam_basin_mmag_1773|qaidam_basin_mmag_1773_CJ0912_15_20bin9|k141_546827_length_19332_cov_35.3317_4	qaidam_basin_mmag_1773	qaidam_basin_mmag_1773_CJ0912_15_20bin9	0	1	qaidam_basin_mmag_1773|qaidam_basin_mmag_1773_CJ0912_15_20bin9|k141_546827_length_19332_cov_35.3317_1	-3	-3	+	+	cyto_b_N	Cytochrome b/b6/petB	-	ko:K03891	Cytochrom_B_N_2
qaidam_basin_mmag_1773|qaidam_basin_mmag_1773_CJ0912_15_20bin9|k141_546827_length_19332_cov_35.3317_4	qaidam_basin_mmag_1773	qaidam_basin_mmag_1773_CJ0912_15_20bin9	0	1	qaidam_basin_mmag_1773|qaidam_basin_mmag_1773_CJ0912_15_20bin9|k141_546827_length_19332_cov_35.3317_2	-2	-2	+	+	cyto_b_C	Cytochrome b(C-terminal)/b6/petD	-	-	Cytochrom_B_C
qaidam_basin_mmag_1773|qaidam_basin_mmag_1773_CJ0912_15_20bin9|k141_546827_length_19332_cov_35.3317_4	qaidam_basin_mmag_1773	qaidam_basin_mmag_1773_CJ0912_15_20bin9	0	1	qaidam_basin_mmag_1773|qaidam_basin_mmag_1773_CJ0912_15_20bin9|k141_546827_length_19332_cov_35.3317_3	-1	-1	+	+	unresolved	-	-	-	-
qaidam_basin_mmag_1773|qaidam_basin_mmag_1773_CJ0912_15_20bin9|k141_546827_length_19332_cov_35.3317_4	qaidam_basin_mmag_1773	qaidam_basin_mmag_1773_CJ0912_15_20bin9	0	1	qaidam_basin_mmag_1773|qaidam_basin_mmag_1773_CJ0912_15_20bin9|k141_546827_length_19332_cov_35.3317_4	0	0	+	+	target	-	-	-	-
qaidam_basin_mmag_1773|qaidam_basin_mmag_1773_CJ0912_15_20bin9|k141_546827_length_19332_cov_35.3317_4	qaidam_basin_mmag_1773	qaidam_basin_mmag_1773_CJ0912_15_20bin9	0	1	qaidam_basin_mmag_1773|qaidam_basin_mmag_1773_CJ0912_15_20bin9|k141_546827_length_19332_cov_35.3317_5	1	1	+	+	unresolved	-	-	-	-
qaidam_basin_mmag_1773|qaidam_basin_mmag_1773_CJ0912_15_20bin9|k141_546827_length_19332_cov_35.3317_4	qaidam_basin_mmag_1773	qaidam_basin_mmag_1773_CJ0912_15_20bin9	0	1	qaidam_basin_mmag_1773|qaidam_basin_mmag_1773_CJ0912_15_20bin9|k141_546827_length_19332_cov_35.3317_6	2	2	+	+	unresolved	-	-	-	-
qaidam_basin_mmag_1773|qaidam_basin_mmag_1773_CJ0912_15_20bin9|k141_546827_length_19332_cov_35.3317_4	qaidam_basin_mmag_1773	qaidam_basin_mmag_1773_CJ0912_15_20bin9	0	1	qaidam_basin_mmag_1773|qaidam_basin_mmag_1773_CJ0912_15_20bin9|k141_546827_length_19332_cov_35.3317_7	3	3	-	-	unresolved	-	-	-	-
qaidam_basin_mmag_1773|qaidam_basin_mmag_1773_CJ0912_15_20bin9|k141_546827_length_19332_cov_35.3317_4	qaidam_basin_mmag_1773	qaidam_basin_mmag_1773_CJ0912_15_20bin9	0	1	qaidam_basin_mmag_1773|qaidam_basin_mmag_1773_CJ0912_15_20bin9|k141_546827_length_19332_cov_35.3317_8	4	4	-	-	other	Aminotransferase class-III	hemL	ko:K01845	Aminotran_3
qaidam_basin_mmag_1773|qaidam_basin_mmag_1773_CJ0912_15_20bin9|k141_546827_length_19332_cov_35.3317_4	qaidam_basin_mmag_1773	qaidam_basin_mmag_1773_CJ0912_15_20bin9	0	1	qaidam_basin_mmag_1773|qaidam_basin_mmag_1773_CJ0912_15_20bin9|k141_546827_length_19332_cov_35.3317_9	5	5	-	-	other	Delta-aminolevulinic acid dehydratase	hemB	ko:K01698	ALAD
qaidam_basin_mmag_1773|qaidam_basin_mmag_1773_CJ0912_25_30bin23|k141_602614_length_7556_cov_45.9962_8	qaidam_basin_mmag_1773	qaidam_basin_mmag_1773_CJ0912_25_30bin23	0	1	qaidam_basin_mmag_1773|qaidam_basin_mmag_1773_CJ0912_25_30bin23|k141_602614_length_7556_cov_45.9962_3	-5	5	+	-	other	Delta-aminolevulinic acid dehydratase	hemB	ko:K01698	ALAD
qaidam_basin_mmag_1773|qaidam_basin_mmag_1773_CJ0912_25_30bin23|k141_602614_length_7556_cov_45.9962_8	qaidam_basin_mmag_1773	qaidam_basin_mmag_1773_CJ0912_25_30bin23	0	1	qaidam_basin_mmag_1773|qaidam_basin_mmag_1773_CJ0912_25_30bin23|k141_602614_length_7556_cov_45.9962_4	-4	4	+	-	other	Belongs to the class-III pyridoxal-phosphate-dependent aminotransferase family	hemL	ko:K01845	Aminotran_3
qaidam_basin_mmag_1773|qaidam_basin_mmag_1773_CJ0912_25_30bin23|k141_602614_length_7556_cov_45.9962_8	qaidam_basin_mmag_1773	qaidam_basin_mmag_1773_CJ0912_25_30bin23	0	1	qaidam_basin_mmag_1773|qaidam_basin_mmag_1773_CJ0912_25_30bin23|k141_602614_length_7556_cov_45.9962_5	-3	3	+	-	unresolved	-	-	-	-
qaidam_basin_mmag_1773|qaidam_basin_mmag_1773_CJ0912_25_30bin23|k141_602614_length_7556_cov_45.9962_8	qaidam_basin_mmag_1773	qaidam_basin_mmag_1773_CJ0912_25_30bin23	0	1	qaidam_basin_mmag_1773|qaidam_basin_mmag_1773_CJ0912_25_30bin23|k141_602614_length_7556_cov_45.9962_6	-2	2	-	+	unresolved	-	-	-	-
qaidam_basin_mmag_1773|qaidam_basin_mmag_1773_CJ0912_25_30bin23|k141_602614_length_7556_cov_45.9962_8	qaidam_basin_mmag_1773	qaidam_basin_mmag_1773_CJ0912_25_30bin23	0	1	qaidam_basin_mmag_1773|qaidam_basin_mmag_1773_CJ0912_25_30bin23|k141_602614_length_7556_cov_45.9962_7	-1	1	-	+	unresolved	-	-	-	-
qaidam_basin_mmag_1773|qaidam_basin_mmag_1773_CJ0912_25_30bin23|k141_602614_length_7556_cov_45.9962_8	qaidam_basin_mmag_1773	qaidam_basin_mmag_1773_CJ0912_25_30bin23	0	1	qaidam_basin_mmag_1773|qaidam_basin_mmag_1773_CJ0912_25_30bin23|k141_602614_length_7556_cov_45.9962_8	0	0	-	+	target	-	-	-	-
qaidam_basin_mmag_1773|qaidam_basin_mmag_1773_CJ0912_25_30bin23|k141_602614_length_7556_cov_45.9962_8	qaidam_basin_mmag_1773	qaidam_basin_mmag_1773_CJ0912_25_30bin23	0	1	qaidam_basin_mmag_1773|qaidam_basin_mmag_1773_CJ0912_25_30bin23|k141_602614_length_7556_cov_45.9962_9	1	-1	-	+	unresolved	-	-	-	-
qaidam_basin_mmag_1773|qaidam_basin_mmag_1773_CJ0912_25_30bin23|k141_602614_length_7556_cov_45.9962_8	qaidam_basin_mmag_1773	qaidam_basin_mmag_1773_CJ0912_25_30bin23	0	1	qaidam_basin_mmag_1773|qaidam_basin_mmag_1773_CJ0912_25_30bin23|k141_602614_length_7556_cov_45.9962_10	2	-2	-	+	cyto_b_C	Cytochrome b(C-terminal)/b6/petD	-	-	Cytochrom_B_C
qaidam_basin_mmag_1773|qaidam_basin_mmag_1773_CJ0912_25_30bin23|k141_602614_length_7556_cov_45.9962_8	qaidam_basin_mmag_1773	qaidam_basin_mmag_1773_CJ0912_25_30bin23	0	1	qaidam_basin_mmag_1773|qaidam_basin_mmag_1773_CJ0912_25_30bin23|k141_602614_length_7556_cov_45.9962_11	3	-3	-	+	cyto_b_N	Cytochrome b/b6/petB	-	ko:K03891	Cytochrom_B_N_2
qaidam_basin_mmag_1773|qaidam_basin_mmag_1773_CJ0912_30_35bin52|k141_1489845_length_25643_cov_24.2576_10	qaidam_basin_mmag_1773	qaidam_basin_mmag_1773_CJ0912_30_35bin52	1	1	qaidam_basin_mmag_1773|qaidam_basin_mmag_1773_CJ0912_30_35bin52|k141_1489845_length_25643_cov_24.2576_5	-5	5	+	-	heme	PFAM Uroporphyrinogen III synthase HEM4	-	ko:K01719	HEM4
qaidam_basin_mmag_1773|qaidam_basin_mmag_1773_CJ0912_30_35bin52|k141_1489845_length_25643_cov_24.2576_10	qaidam_basin_mmag_1773	qaidam_basin_mmag_1773_CJ0912_30_35bin52	1	1	qaidam_basin_mmag_1773|qaidam_basin_mmag_1773_CJ0912_30_35bin52|k141_1489845_length_25643_cov_24.2576_6	-4	4	+	-	other	Delta-aminolevulinic acid dehydratase	hemB	ko:K01698	ALAD
qaidam_basin_mmag_1773|qaidam_basin_mmag_1773_CJ0912_30_35bin52|k141_1489845_length_25643_cov_24.2576_10	qaidam_basin_mmag_1773	qaidam_basin_mmag_1773_CJ0912_30_35bin52	1	1	qaidam_basin_mmag_1773|qaidam_basin_mmag_1773_CJ0912_30_35bin52|k141_1489845_length_25643_cov_24.2576_7	-3	3	+	-	other	Aminotransferase class-III	hemL	ko:K01845	Aminotran_3
qaidam_basin_mmag_1773|qaidam_basin_mmag_1773_CJ0912_30_35bin52|k141_1489845_length_25643_cov_24.2576_10	qaidam_basin_mmag_1773	qaidam_basin_mmag_1773_CJ0912_30_35bin52	1	1	qaidam_basin_mmag_1773|qaidam_basin_mmag_1773_CJ0912_30_35bin52|k141_1489845_length_25643_cov_24.2576_8	-2	2	+	-	unresolved	-	-	-	-
qaidam_basin_mmag_1773|qaidam_basin_mmag_1773_CJ0912_30_35bin52|k141_1489845_length_25643_cov_24.2576_10	qaidam_basin_mmag_1773	qaidam_basin_mmag_1773_CJ0912_30_35bin52	1	1	qaidam_basin_mmag_1773|qaidam_basin_mmag_1773_CJ0912_30_35bin52|k141_1489845_length_25643_cov_24.2576_9	-1	1	-	+	unresolved	-	-	-	-
qaidam_basin_mmag_1773|qaidam_basin_mmag_1773_CJ0912_30_35bin52|k141_1489845_length_25643_cov_24.2576_10	qaidam_basin_mmag_1773	qaidam_basin_mmag_1773_CJ0912_30_35bin52	1	1	qaidam_basin_mmag_1773|qaidam_basin_mmag_1773_CJ0912_30_35bin52|k141_1489845_length_25643_cov_24.2576_10	0	0	-	+	target	-	-	-	-
qaidam_basin_mmag_1773|qaidam_basin_mmag_1773_CJ0912_30_35bin52|k141_1489845_length_25643_cov_24.2576_10	qaidam_basin_mmag_1773	qaidam_basin_mmag_1773_CJ0912_30_35bin52	1	1	qaidam_basin_mmag_1773|qaidam_basin_mmag_1773_CJ0912_30_35bin52|k141_1489845_length_25643_cov_24.2576_11	1	-1	-	+	unresolved	-	-	-	-
qaidam_basin_mmag_1773|qaidam_basin_mmag_1773_CJ0912_30_35bin52|k141_1489845_length_25643_cov_24.2576_10	qaidam_basin_mmag_1773	qaidam_basin_mmag_1773_CJ0912_30_35bin52	1	1	qaidam_basin_mmag_1773|qaidam_basin_mmag_1773_CJ0912_30_35bin52|k141_1489845_length_25643_cov_24.2576_12	2	-2	-	+	cyto_b_C	Cytochrome b(C-terminal)/b6/petD	-	-	Cytochrom_B_C
qaidam_basin_mmag_1773|qaidam_basin_mmag_1773_CJ0912_30_35bin52|k141_1489845_length_25643_cov_24.2576_10	qaidam_basin_mmag_1773	qaidam_basin_mmag_1773_CJ0912_30_35bin52	1	1	qaidam_basin_mmag_1773|qaidam_basin_mmag_1773_CJ0912_30_35bin52|k141_1489845_length_25643_cov_24.2576_13	3	-3	-	+	cyto_b_N	Cytochrome b/b6/petB	-	ko:K03891	Cytochrom_B_N_2
qaidam_basin_mmag_1773|qaidam_basin_mmag_1773_CJ0912_30_35bin52|k141_1489845_length_25643_cov_24.2576_10	qaidam_basin_mmag_1773	qaidam_basin_mmag_1773_CJ0912_30_35bin52	1	1	qaidam_basin_mmag_1773|qaidam_basin_mmag_1773_CJ0912_30_35bin52|k141_1489845_length_25643_cov_24.2576_14	4	-4	-	+	unresolved	-	-	-	-
qaidam_basin_mmag_1773|qaidam_basin_mmag_1773_CJ0912_30_35bin52|k141_1489845_length_25643_cov_24.2576_10	qaidam_basin_mmag_1773	qaidam_basin_mmag_1773_CJ0912_30_35bin52	1	1	qaidam_basin_mmag_1773|qaidam_basin_mmag_1773_CJ0912_30_35bin52|k141_1489845_length_25643_cov_24.2576_15	5	-5	-	+	unresolved	-	-	-	-
qaidam_basin_mmag_1773|qaidam_basin_mmag_1773_CJ0912_40_45bin10|k141_1644414_length_13535_cov_32.4121_18	qaidam_basin_mmag_1773	qaidam_basin_mmag_1773_CJ0912_40_45bin10	0	1	qaidam_basin_mmag_1773|qaidam_basin_mmag_1773_CJ0912_40_45bin10|k141_1644414_length_13535_cov_32.4121_13	-5	-5	+	+	unresolved	-	-	-	-
qaidam_basin_mmag_1773|qaidam_basin_mmag_1773_CJ0912_40_45bin10|k141_1644414_length_13535_cov_32.4121_18	qaidam_basin_mmag_1773	qaidam_basin_mmag_1773_CJ0912_40_45bin10	0	1	qaidam_basin_mmag_1773|qaidam_basin_mmag_1773_CJ0912_40_45bin10|k141_1644414_length_13535_cov_32.4121_14	-4	-4	+	+	unresolved	-	-	-	-
qaidam_basin_mmag_1773|qaidam_basin_mmag_1773_CJ0912_40_45bin10|k141_1644414_length_13535_cov_32.4121_18	qaidam_basin_mmag_1773	qaidam_basin_mmag_1773_CJ0912_40_45bin10	0	1	qaidam_basin_mmag_1773|qaidam_basin_mmag_1773_CJ0912_40_45bin10|k141_1644414_length_13535_cov_32.4121_15	-3	-3	+	+	cyto_b_N	Cytochrome b/b6/petB	-	ko:K03891	Cytochrom_B_N_2
qaidam_basin_mmag_1773|qaidam_basin_mmag_1773_CJ0912_40_45bin10|k141_1644414_length_13535_cov_32.4121_18	qaidam_basin_mmag_1773	qaidam_basin_mmag_1773_CJ0912_40_45bin10	0	1	qaidam_basin_mmag_1773|qaidam_basin_mmag_1773_CJ0912_40_45bin10|k141_1644414_length_13535_cov_32.4121_16	-2	-2	+	+	cyto_b_C	Cytochrome b(C-terminal)/b6/petD	-	-	Cytochrom_B_C
qaidam_basin_mmag_1773|qaidam_basin_mmag_1773_CJ0912_40_45bin10|k141_1644414_length_13535_cov_32.4121_18	qaidam_basin_mmag_1773	qaidam_basin_mmag_1773_CJ0912_40_45bin10	0	1	qaidam_basin_mmag_1773|qaidam_basin_mmag_1773_CJ0912_40_45bin10|k141_1644414_length_13535_cov_32.4121_17	-1	-1	+	+	unresolved	-	-	-	-
qaidam_basin_mmag_1773|qaidam_basin_mmag_1773_CJ0912_40_45bin10|k141_1644414_length_13535_cov_32.4121_18	qaidam_basin_mmag_1773	qaidam_basin_mmag_1773_CJ0912_40_45bin10	0	1	qaidam_basin_mmag_1773|qaidam_basin_mmag_1773_CJ0912_40_45bin10|k141_1644414_length_13535_cov_32.4121_18	0	0	+	+	target	-	-	-	-
qaidam_basin_mmag_1773|qaidam_basin_mmag_1773_CJ0912_40_45bin15|k141_1614021_length_24426_cov_38.3336_24	qaidam_basin_mmag_1773	qaidam_basin_mmag_1773_CJ0912_40_45bin15	0	1	qaidam_basin_mmag_1773|qaidam_basin_mmag_1773_CJ0912_40_45bin15|k141_1614021_length_24426_cov_38.3336_19	-5	5	+	-	heme	PFAM Uroporphyrinogen III synthase HEM4	-	ko:K01719	HEM4
qaidam_basin_mmag_1773|qaidam_basin_mmag_1773_CJ0912_40_45bin15|k141_1614021_length_24426_cov_38.3336_24	qaidam_basin_mmag_1773	qaidam_basin_mmag_1773_CJ0912_40_45bin15	0	1	qaidam_basin_mmag_1773|qaidam_basin_mmag_1773_CJ0912_40_45bin15|k141_1614021_length_24426_cov_38.3336_20	-4	4	+	-	other	Delta-aminolevulinic acid dehydratase	hemB	ko:K01698	ALAD
qaidam_basin_mmag_1773|qaidam_basin_mmag_1773_CJ0912_40_45bin15|k141_1614021_length_24426_cov_38.3336_24	qaidam_basin_mmag_1773	qaidam_basin_mmag_1773_CJ0912_40_45bin15	0	1	qaidam_basin_mmag_1773|qaidam_basin_mmag_1773_CJ0912_40_45bin15|k141_1614021_length_24426_cov_38.3336_21	-3	3	+	-	other	Aminotransferase class-III	hemL	ko:K01845	Aminotran_3
qaidam_basin_mmag_1773|qaidam_basin_mmag_1773_CJ0912_40_45bin15|k141_1614021_length_24426_cov_38.3336_24	qaidam_basin_mmag_1773	qaidam_basin_mmag_1773_CJ0912_40_45bin15	0	1	qaidam_basin_mmag_1773|qaidam_basin_mmag_1773_CJ0912_40_45bin15|k141_1614021_length_24426_cov_38.3336_22	-2	2	+	-	unresolved	-	-	-	-
qaidam_basin_mmag_1773|qaidam_basin_mmag_1773_CJ0912_40_45bin15|k141_1614021_length_24426_cov_38.3336_24	qaidam_basin_mmag_1773	qaidam_basin_mmag_1773_CJ0912_40_45bin15	0	1	qaidam_basin_mmag_1773|qaidam_basin_mmag_1773_CJ0912_40_45bin15|k141_1614021_length_24426_cov_38.3336_23	-1	1	-	+	unresolved	-	-	-	-
qaidam_basin_mmag_1773|qaidam_basin_mmag_1773_CJ0912_40_45bin15|k141_1614021_length_24426_cov_38.3336_24	qaidam_basin_mmag_1773	qaidam_basin_mmag_1773_CJ0912_40_45bin15	0	1	qaidam_basin_mmag_1773|qaidam_basin_mmag_1773_CJ0912_40_45bin15|k141_1614021_length_24426_cov_38.3336_24	0	0	-	+	target	-	-	-	-
qaidam_basin_mmag_1773|qaidam_basin_mmag_1773_CJ0912_40_45bin15|k141_1614021_length_24426_cov_38.3336_24	qaidam_basin_mmag_1773	qaidam_basin_mmag_1773_CJ0912_40_45bin15	0	1	qaidam_basin_mmag_1773|qaidam_basin_mmag_1773_CJ0912_40_45bin15|k141_1614021_length_24426_cov_38.3336_25	1	-1	-	+	unresolved	-	-	-	-
qaidam_basin_mmag_1773|qaidam_basin_mmag_1773_CJ0912_40_45bin15|k141_1614021_length_24426_cov_38.3336_24	qaidam_basin_mmag_1773	qaidam_basin_mmag_1773_CJ0912_40_45bin15	0	1	qaidam_basin_mmag_1773|qaidam_basin_mmag_1773_CJ0912_40_45bin15|k141_1614021_length_24426_cov_38.3336_26	2	-2	-	+	cyto_b_C	Cytochrome b(C-terminal)/b6/petD	-	-	Cytochrom_B_C
qaidam_basin_mmag_1773|qaidam_basin_mmag_1773_CJ0912_40_45bin15|k141_1614021_length_24426_cov_38.3336_24	qaidam_basin_mmag_1773	qaidam_basin_mmag_1773_CJ0912_40_45bin15	0	1	qaidam_basin_mmag_1773|qaidam_basin_mmag_1773_CJ0912_40_45bin15|k141_1614021_length_24426_cov_38.3336_27	3	-3	-	+	cyto_b_N	Cytochrome b/b6/petB	-	ko:K03891	Cytochrom_B_N_2
qaidam_basin_mmag_1773|qaidam_basin_mmag_1773_CJ0912_40_45bin15|k141_1614021_length_24426_cov_38.3336_24	qaidam_basin_mmag_1773	qaidam_basin_mmag_1773_CJ0912_40_45bin15	0	1	qaidam_basin_mmag_1773|qaidam_basin_mmag_1773_CJ0912_40_45bin15|k141_1614021_length_24426_cov_38.3336_28	4	-4	-	+	unresolved	-	-	-	-
qaidam_basin_mmag_1773|qaidam_basin_mmag_1773_CJ0912_40_45bin38|k141_353868_length_11104_cov_48.3671_11	qaidam_basin_mmag_1773	qaidam_basin_mmag_1773_CJ0912_40_45bin38	1	1	qaidam_basin_mmag_1773|qaidam_basin_mmag_1773_CJ0912_40_45bin38|k141_353868_length_11104_cov_48.3671_6	-5	-5	+	+	unresolved	-	-	-	-
qaidam_basin_mmag_1773|qaidam_basin_mmag_1773_CJ0912_40_45bin38|k141_353868_length_11104_cov_48.3671_11	qaidam_basin_mmag_1773	qaidam_basin_mmag_1773_CJ0912_40_45bin38	1	1	qaidam_basin_mmag_1773|qaidam_basin_mmag_1773_CJ0912_40_45bin38|k141_353868_length_11104_cov_48.3671_7	-4	-4	+	+	unresolved	-	-	-	-
qaidam_basin_mmag_1773|qaidam_basin_mmag_1773_CJ0912_40_45bin38|k141_353868_length_11104_cov_48.3671_11	qaidam_basin_mmag_1773	qaidam_basin_mmag_1773_CJ0912_40_45bin38	1	1	qaidam_basin_mmag_1773|qaidam_basin_mmag_1773_CJ0912_40_45bin38|k141_353868_length_11104_cov_48.3671_8	-3	-3	+	+	cyto_b_N	Cytochrome b/b6/petB	-	ko:K03891	Cytochrom_B_N_2
qaidam_basin_mmag_1773|qaidam_basin_mmag_1773_CJ0912_40_45bin38|k141_353868_length_11104_cov_48.3671_11	qaidam_basin_mmag_1773	qaidam_basin_mmag_1773_CJ0912_40_45bin38	1	1	qaidam_basin_mmag_1773|qaidam_basin_mmag_1773_CJ0912_40_45bin38|k141_353868_length_11104_cov_48.3671_9	-2	-2	+	+	cyto_b_C	Cytochrome b(C-terminal)/b6/petD	-	-	Cytochrom_B_C
qaidam_basin_mmag_1773|qaidam_basin_mmag_1773_CJ0912_40_45bin38|k141_353868_length_11104_cov_48.3671_11	qaidam_basin_mmag_1773	qaidam_basin_mmag_1773_CJ0912_40_45bin38	1	1	qaidam_basin_mmag_1773|qaidam_basin_mmag_1773_CJ0912_40_45bin38|k141_353868_length_11104_cov_48.3671_10	-1	-1	+	+	unresolved	-	-	-	-
qaidam_basin_mmag_1773|qaidam_basin_mmag_1773_CJ0912_40_45bin38|k141_353868_length_11104_cov_48.3671_11	qaidam_basin_mmag_1773	qaidam_basin_mmag_1773_CJ0912_40_45bin38	1	1	qaidam_basin_mmag_1773|qaidam_basin_mmag_1773_CJ0912_40_45bin38|k141_353868_length_11104_cov_48.3671_11	0	0	+	+	target	-	-	-	-
qaidam_basin_mmag_1773|qaidam_basin_mmag_1773_CJ0912_40_45bin38|k141_353868_length_11104_cov_48.3671_11	qaidam_basin_mmag_1773	qaidam_basin_mmag_1773_CJ0912_40_45bin38	1	1	qaidam_basin_mmag_1773|qaidam_basin_mmag_1773_CJ0912_40_45bin38|k141_353868_length_11104_cov_48.3671_12	1	1	+	+	unresolved	-	-	-	-
qaidam_basin_mmag_1773|qaidam_basin_mmag_1773_CJ0912_40_45bin38|k141_353868_length_11104_cov_48.3671_11	qaidam_basin_mmag_1773	qaidam_basin_mmag_1773_CJ0912_40_45bin38	1	1	qaidam_basin_mmag_1773|qaidam_basin_mmag_1773_CJ0912_40_45bin38|k141_353868_length_11104_cov_48.3671_13	2	2	+	+	unresolved	-	-	-	-
qaidam_basin_mmag_1773|qaidam_basin_mmag_1773_CJ0912_40_45bin38|k141_353868_length_11104_cov_48.3671_11	qaidam_basin_mmag_1773	qaidam_basin_mmag_1773_CJ0912_40_45bin38	1	1	qaidam_basin_mmag_1773|qaidam_basin_mmag_1773_CJ0912_40_45bin38|k141_353868_length_11104_cov_48.3671_14	3	3	+	+	other	Cys/Met metabolism PLP-dependent enzyme	metB	ko:K01739	Cys_Met_Meta_PP
qaidam_basin_mmag_1773|qaidam_basin_mmag_1773_CJ0912_40_45bin38|k141_353868_length_11104_cov_48.3671_11	qaidam_basin_mmag_1773	qaidam_basin_mmag_1773_CJ0912_40_45bin38	1	1	qaidam_basin_mmag_1773|qaidam_basin_mmag_1773_CJ0912_40_45bin38|k141_353868_length_11104_cov_48.3671_15	4	4	-	-	unresolved	-	-	-	-
qaidam_basin_mmag_1773|qaidam_basin_mmag_1773_CJ0912_40_45bin38|k141_353868_length_11104_cov_48.3671_11	qaidam_basin_mmag_1773	qaidam_basin_mmag_1773_CJ0912_40_45bin38	1	1	qaidam_basin_mmag_1773|qaidam_basin_mmag_1773_CJ0912_40_45bin38|k141_353868_length_11104_cov_48.3671_16	5	5	-	-	other	Aminotransferase class-III	hemL	ko:K01845	Aminotran_3
qaidam_basin_mmag_1773|qaidam_basin_mmag_1773_CJS_1_0912bin3|k141_234690_length_3671_cov_45.7527_4	qaidam_basin_mmag_1773	qaidam_basin_mmag_1773_CJS_1_0912bin3	0	1	qaidam_basin_mmag_1773|qaidam_basin_mmag_1773_CJS_1_0912bin3|k141_234690_length_3671_cov_45.7527_1	-3	-3	+	+	cyto_b_N	Cytochrome b/b6/petB	-	ko:K03891	Cytochrom_B_N_2
qaidam_basin_mmag_1773|qaidam_basin_mmag_1773_CJS_1_0912bin3|k141_234690_length_3671_cov_45.7527_4	qaidam_basin_mmag_1773	qaidam_basin_mmag_1773_CJS_1_0912bin3	0	1	qaidam_basin_mmag_1773|qaidam_basin_mmag_1773_CJS_1_0912bin3|k141_234690_length_3671_cov_45.7527_2	-2	-2	+	+	cyto_b_C	Cytochrome b(C-terminal)/b6/petD	-	-	Cytochrom_B_C
qaidam_basin_mmag_1773|qaidam_basin_mmag_1773_CJS_1_0912bin3|k141_234690_length_3671_cov_45.7527_4	qaidam_basin_mmag_1773	qaidam_basin_mmag_1773_CJS_1_0912bin3	0	1	qaidam_basin_mmag_1773|qaidam_basin_mmag_1773_CJS_1_0912bin3|k141_234690_length_3671_cov_45.7527_3	-1	-1	+	+	other	Rieske [2Fe-2S] domain	-	ko:K02636	Rieske
qaidam_basin_mmag_1773|qaidam_basin_mmag_1773_CJS_1_0912bin3|k141_234690_length_3671_cov_45.7527_4	qaidam_basin_mmag_1773	qaidam_basin_mmag_1773_CJS_1_0912bin3	0	1	qaidam_basin_mmag_1773|qaidam_basin_mmag_1773_CJS_1_0912bin3|k141_234690_length_3671_cov_45.7527_4	0	0	+	+	target	-	-	-	-
qaidam_basin_mmag_1773|qaidam_basin_mmag_1773_CJS_1_0912bin3|k141_234690_length_3671_cov_45.7527_4	qaidam_basin_mmag_1773	qaidam_basin_mmag_1773_CJS_1_0912bin3	0	1	qaidam_basin_mmag_1773|qaidam_basin_mmag_1773_CJS_1_0912bin3|k141_234690_length_3671_cov_45.7527_5	1	1	+	+	unresolved	-	-	-	-
qaidam_basin_mmag_1773|qaidam_basin_mmag_1773_DLTCJS10_15bin74|k141_384968_length_16397_cov_18.8614_17	qaidam_basin_mmag_1773	qaidam_basin_mmag_1773_DLTCJS10_15bin74	0	1	qaidam_basin_mmag_1773|qaidam_basin_mmag_1773_DLTCJS10_15bin74|k141_384968_length_16397_cov_18.8614_12	-5	-5	+	+	unresolved	-	-	-	-
qaidam_basin_mmag_1773|qaidam_basin_mmag_1773_DLTCJS10_15bin74|k141_384968_length_16397_cov_18.8614_17	qaidam_basin_mmag_1773	qaidam_basin_mmag_1773_DLTCJS10_15bin74	0	1	qaidam_basin_mmag_1773|qaidam_basin_mmag_1773_DLTCJS10_15bin74|k141_384968_length_16397_cov_18.8614_13	-4	-4	+	+	unresolved	-	-	-	-
qaidam_basin_mmag_1773|qaidam_basin_mmag_1773_DLTCJS10_15bin74|k141_384968_length_16397_cov_18.8614_17	qaidam_basin_mmag_1773	qaidam_basin_mmag_1773_DLTCJS10_15bin74	0	1	qaidam_basin_mmag_1773|qaidam_basin_mmag_1773_DLTCJS10_15bin74|k141_384968_length_16397_cov_18.8614_14	-3	-3	+	+	cyto_b_N	Cytochrome b/b6/petB	-	ko:K03891	Cytochrom_B_N_2
qaidam_basin_mmag_1773|qaidam_basin_mmag_1773_DLTCJS10_15bin74|k141_384968_length_16397_cov_18.8614_17	qaidam_basin_mmag_1773	qaidam_basin_mmag_1773_DLTCJS10_15bin74	0	1	qaidam_basin_mmag_1773|qaidam_basin_mmag_1773_DLTCJS10_15bin74|k141_384968_length_16397_cov_18.8614_15	-2	-2	+	+	cyto_b_C	Cytochrome b(C-terminal)/b6/petD	-	-	Cytochrom_B_C
qaidam_basin_mmag_1773|qaidam_basin_mmag_1773_DLTCJS10_15bin74|k141_384968_length_16397_cov_18.8614_17	qaidam_basin_mmag_1773	qaidam_basin_mmag_1773_DLTCJS10_15bin74	0	1	qaidam_basin_mmag_1773|qaidam_basin_mmag_1773_DLTCJS10_15bin74|k141_384968_length_16397_cov_18.8614_16	-1	-1	+	+	unresolved	-	-	-	-
qaidam_basin_mmag_1773|qaidam_basin_mmag_1773_DLTCJS10_15bin74|k141_384968_length_16397_cov_18.8614_17	qaidam_basin_mmag_1773	qaidam_basin_mmag_1773_DLTCJS10_15bin74	0	1	qaidam_basin_mmag_1773|qaidam_basin_mmag_1773_DLTCJS10_15bin74|k141_384968_length_16397_cov_18.8614_17	0	0	+	+	target	-	-	-	-
qaidam_basin_mmag_1773|qaidam_basin_mmag_1773_DLTCJS10_15bin74|k141_384968_length_16397_cov_18.8614_17	qaidam_basin_mmag_1773	qaidam_basin_mmag_1773_DLTCJS10_15bin74	0	1	qaidam_basin_mmag_1773|qaidam_basin_mmag_1773_DLTCJS10_15bin74|k141_384968_length_16397_cov_18.8614_18	1	1	+	+	unresolved	-	-	-	-
qaidam_basin_mmag_1773|qaidam_basin_mmag_1773_DLTCJS10_15bin74|k141_384968_length_16397_cov_18.8614_17	qaidam_basin_mmag_1773	qaidam_basin_mmag_1773_DLTCJS10_15bin74	0	1	qaidam_basin_mmag_1773|qaidam_basin_mmag_1773_DLTCJS10_15bin74|k141_384968_length_16397_cov_18.8614_19	2	2	+	+	unresolved	-	-	-	-
qaidam_basin_mmag_1773|qaidam_basin_mmag_1773_DLTCJS10_15bin74|k141_384968_length_16397_cov_18.8614_17	qaidam_basin_mmag_1773	qaidam_basin_mmag_1773_DLTCJS10_15bin74	0	1	qaidam_basin_mmag_1773|qaidam_basin_mmag_1773_DLTCJS10_15bin74|k141_384968_length_16397_cov_18.8614_20	3	3	+	+	other	Cys/Met metabolism PLP-dependent enzyme	metB	ko:K01739	Cys_Met_Meta_PP
qaidam_basin_mmag_1773|qaidam_basin_mmag_1773_DLTCJS10_15bin74|k141_384968_length_16397_cov_18.8614_17	qaidam_basin_mmag_1773	qaidam_basin_mmag_1773_DLTCJS10_15bin74	0	1	qaidam_basin_mmag_1773|qaidam_basin_mmag_1773_DLTCJS10_15bin74|k141_384968_length_16397_cov_18.8614_21	4	4	+	+	unresolved	-	-	-	-
qaidam_basin_mmag_1773|qaidam_basin_mmag_1773_DLTCJS25_30bin58|k141_1313972_length_11200_cov_19.5138_5	qaidam_basin_mmag_1773	qaidam_basin_mmag_1773_DLTCJS25_30bin58	0	1	qaidam_basin_mmag_1773|qaidam_basin_mmag_1773_DLTCJS25_30bin58|k141_1313972_length_11200_cov_19.5138_1	-4	-4	+	+	unresolved	-	-	-	-
qaidam_basin_mmag_1773|qaidam_basin_mmag_1773_DLTCJS25_30bin58|k141_1313972_length_11200_cov_19.5138_5	qaidam_basin_mmag_1773	qaidam_basin_mmag_1773_DLTCJS25_30bin58	0	1	qaidam_basin_mmag_1773|qaidam_basin_mmag_1773_DLTCJS25_30bin58|k141_1313972_length_11200_cov_19.5138_2	-3	-3	+	+	cyto_b_N	Cytochrome b/b6/petB	-	ko:K03891	Cytochrom_B_N_2
qaidam_basin_mmag_1773|qaidam_basin_mmag_1773_DLTCJS25_30bin58|k141_1313972_length_11200_cov_19.5138_5	qaidam_basin_mmag_1773	qaidam_basin_mmag_1773_DLTCJS25_30bin58	0	1	qaidam_basin_mmag_1773|qaidam_basin_mmag_1773_DLTCJS25_30bin58|k141_1313972_length_11200_cov_19.5138_3	-2	-2	+	+	cyto_b_C	Cytochrome b(C-terminal)/b6/petD	-	-	Cytochrom_B_C
qaidam_basin_mmag_1773|qaidam_basin_mmag_1773_DLTCJS25_30bin58|k141_1313972_length_11200_cov_19.5138_5	qaidam_basin_mmag_1773	qaidam_basin_mmag_1773_DLTCJS25_30bin58	0	1	qaidam_basin_mmag_1773|qaidam_basin_mmag_1773_DLTCJS25_30bin58|k141_1313972_length_11200_cov_19.5138_4	-1	-1	+	+	unresolved	-	-	-	-
qaidam_basin_mmag_1773|qaidam_basin_mmag_1773_DLTCJS25_30bin58|k141_1313972_length_11200_cov_19.5138_5	qaidam_basin_mmag_1773	qaidam_basin_mmag_1773_DLTCJS25_30bin58	0	1	qaidam_basin_mmag_1773|qaidam_basin_mmag_1773_DLTCJS25_30bin58|k141_1313972_length_11200_cov_19.5138_5	0	0	+	+	target	-	-	-	-
qaidam_basin_mmag_1773|qaidam_basin_mmag_1773_DLTCJS25_30bin58|k141_1313972_length_11200_cov_19.5138_5	qaidam_basin_mmag_1773	qaidam_basin_mmag_1773_DLTCJS25_30bin58	0	1	qaidam_basin_mmag_1773|qaidam_basin_mmag_1773_DLTCJS25_30bin58|k141_1313972_length_11200_cov_19.5138_6	1	1	+	+	unresolved	-	-	-	-
qaidam_basin_mmag_1773|qaidam_basin_mmag_1773_DLTCJS25_30bin58|k141_1313972_length_11200_cov_19.5138_5	qaidam_basin_mmag_1773	qaidam_basin_mmag_1773_DLTCJS25_30bin58	0	1	qaidam_basin_mmag_1773|qaidam_basin_mmag_1773_DLTCJS25_30bin58|k141_1313972_length_11200_cov_19.5138_7	2	2	+	+	unresolved	-	-	-	-
qaidam_basin_mmag_1773|qaidam_basin_mmag_1773_DLTCJS25_30bin58|k141_1313972_length_11200_cov_19.5138_5	qaidam_basin_mmag_1773	qaidam_basin_mmag_1773_DLTCJS25_30bin58	0	1	qaidam_basin_mmag_1773|qaidam_basin_mmag_1773_DLTCJS25_30bin58|k141_1313972_length_11200_cov_19.5138_8	3	3	-	-	unresolved	-	-	-	-
qaidam_basin_mmag_1773|qaidam_basin_mmag_1773_DLTCJS25_30bin58|k141_1313972_length_11200_cov_19.5138_5	qaidam_basin_mmag_1773	qaidam_basin_mmag_1773_DLTCJS25_30bin58	0	1	qaidam_basin_mmag_1773|qaidam_basin_mmag_1773_DLTCJS25_30bin58|k141_1313972_length_11200_cov_19.5138_9	4	4	-	-	other	Aminotransferase class-III	hemL	ko:K01845	Aminotran_3
qaidam_basin_mmag_1773|qaidam_basin_mmag_1773_DLTCJS25_30bin58|k141_1313972_length_11200_cov_19.5138_5	qaidam_basin_mmag_1773	qaidam_basin_mmag_1773_DLTCJS25_30bin58	0	1	qaidam_basin_mmag_1773|qaidam_basin_mmag_1773_DLTCJS25_30bin58|k141_1313972_length_11200_cov_19.5138_10	5	5	-	-	other	Delta-aminolevulinic acid dehydratase	hemB	ko:K01698	ALAD
qaidam_basin_mmag_1773|qaidam_basin_mmag_1773_DLTFbin3|k141_2029015_length_48417_cov_30.7266_17	qaidam_basin_mmag_1773	qaidam_basin_mmag_1773_DLTFbin3	1	1	qaidam_basin_mmag_1773|qaidam_basin_mmag_1773_DLTFbin3|k141_2029015_length_48417_cov_30.7266_12	-5	5	-	+	other	NDH-1 shuttles electrons from NADH, via FMN and iron- sulfur (Fe-S) centers, to quinones in the respiratory chain. The immediate electron acceptor for the enzyme in this species is believed to be a menaquinone. Couples the redox reaction to proton translocation (for every two electrons transferred, four hydrogen ions are translocated across the cytoplasmic membrane), and thus conserves the redox energy in a proton gradient	-	ko:K00333	Complex1_49kDa
qaidam_basin_mmag_1773|qaidam_basin_mmag_1773_DLTFbin3|k141_2029015_length_48417_cov_30.7266_17	qaidam_basin_mmag_1773	qaidam_basin_mmag_1773_DLTFbin3	1	1	qaidam_basin_mmag_1773|qaidam_basin_mmag_1773_DLTFbin3|k141_2029015_length_48417_cov_30.7266_13	-4	4	-	+	other	Respiratory-chain NADH dehydrogenase, 30 Kd subunit	-	ko:K00332	Complex1_30kDa
qaidam_basin_mmag_1773|qaidam_basin_mmag_1773_DLTFbin3|k141_2029015_length_48417_cov_30.7266_17	qaidam_basin_mmag_1773	qaidam_basin_mmag_1773_DLTFbin3	1	1	qaidam_basin_mmag_1773|qaidam_basin_mmag_1773_DLTFbin3|k141_2029015_length_48417_cov_30.7266_14	-3	3	-	+	other	NDH-1 shuttles electrons from NADH, via FMN and iron- sulfur (Fe-S) centers, to quinones in the respiratory chain. The immediate electron acceptor for the enzyme in this species is believed to be a menaquinone. Couples the redox reaction to proton translocation (for every two electrons transferred, four hydrogen ions are translocated across the cytoplasmic membrane), and thus conserves the redox energy in a proton gradient	-	ko:K00331	Oxidored_q6
qaidam_basin_mmag_1773|qaidam_basin_mmag_1773_DLTFbin3|k141_2029015_length_48417_cov_30.7266_17	qaidam_basin_mmag_1773	qaidam_basin_mmag_1773_DLTFbin3	1	1	qaidam_basin_mmag_1773|qaidam_basin_mmag_1773_DLTFbin3|k141_2029015_length_48417_cov_30.7266_15	-2	2	-	+	other	NDH-1 shuttles electrons from NADH, via FMN and iron- sulfur (Fe-S) centers, to quinones in the respiratory chain. The immediate electron acceptor for the enzyme in this species is believed to be a menaquinone. Couples the redox reaction to proton translocation (for every two electrons transferred, four hydrogen ions are translocated across the cytoplasmic membrane), and thus conserves the redox energy in a proton gradient	nuoA	ko:K00330	Oxidored_q4
qaidam_basin_mmag_1773|qaidam_basin_mmag_1773_DLTFbin3|k141_2029015_length_48417_cov_30.7266_17	qaidam_basin_mmag_1773	qaidam_basin_mmag_1773_DLTFbin3	1	1	qaidam_basin_mmag_1773|qaidam_basin_mmag_1773_DLTFbin3|k141_2029015_length_48417_cov_30.7266_16	-1	1	-	+	unresolved	-	-	-	-
qaidam_basin_mmag_1773|qaidam_basin_mmag_1773_DLTFbin3|k141_2029015_length_48417_cov_30.7266_17	qaidam_basin_mmag_1773	qaidam_basin_mmag_1773_DLTFbin3	1	1	qaidam_basin_mmag_1773|qaidam_basin_mmag_1773_DLTFbin3|k141_2029015_length_48417_cov_30.7266_17	0	0	-	+	target	-	-	-	-
qaidam_basin_mmag_1773|qaidam_basin_mmag_1773_DLTFbin3|k141_2029015_length_48417_cov_30.7266_17	qaidam_basin_mmag_1773	qaidam_basin_mmag_1773_DLTFbin3	1	1	qaidam_basin_mmag_1773|qaidam_basin_mmag_1773_DLTFbin3|k141_2029015_length_48417_cov_30.7266_18	1	-1	-	+	other	Rieske 2Fe-2S	-	-	Rieske
qaidam_basin_mmag_1773|qaidam_basin_mmag_1773_DLTFbin3|k141_2029015_length_48417_cov_30.7266_17	qaidam_basin_mmag_1773	qaidam_basin_mmag_1773_DLTFbin3	1	1	qaidam_basin_mmag_1773|qaidam_basin_mmag_1773_DLTFbin3|k141_2029015_length_48417_cov_30.7266_19	2	-2	-	+	cyto_b_C	Cytochrome b(C-terminal)/b6/petD	-	-	Cytochrom_B_C
qaidam_basin_mmag_1773|qaidam_basin_mmag_1773_DLTFbin3|k141_2029015_length_48417_cov_30.7266_17	qaidam_basin_mmag_1773	qaidam_basin_mmag_1773_DLTFbin3	1	1	qaidam_basin_mmag_1773|qaidam_basin_mmag_1773_DLTFbin3|k141_2029015_length_48417_cov_30.7266_20	3	-3	-	+	heme	Cytochrome b	-	ko:K03887	Cytochrome_B
qaidam_basin_mmag_1773|qaidam_basin_mmag_1773_DLTFbin3|k141_2029015_length_48417_cov_30.7266_17	qaidam_basin_mmag_1773	qaidam_basin_mmag_1773_DLTFbin3	1	1	qaidam_basin_mmag_1773|qaidam_basin_mmag_1773_DLTFbin3|k141_2029015_length_48417_cov_30.7266_21	4	-4	-	+	other	4Fe-4S dicluster domain	-	-	Fer4,Fer4_10
qaidam_basin_mmag_1773|qaidam_basin_mmag_1773_DLTFbin3|k141_2029015_length_48417_cov_30.7266_17	qaidam_basin_mmag_1773	qaidam_basin_mmag_1773_DLTFbin3	1	1	qaidam_basin_mmag_1773|qaidam_basin_mmag_1773_DLTFbin3|k141_2029015_length_48417_cov_30.7266_22	5	-5	-	+	unresolved	-	-	-	-
qaidam_basin_mmag_1773|qaidam_basin_mmag_1773_DLTSQ15_20bin48|k141_444110_length_12580_cov_37.3158_8	qaidam_basin_mmag_1773	qaidam_basin_mmag_1773_DLTSQ15_20bin48	1	1	qaidam_basin_mmag_1773|qaidam_basin_mmag_1773_DLTSQ15_20bin48|k141_444110_length_12580_cov_37.3158_3	-5	5	-	+	other	NDH-1 shuttles electrons from NADH, via FMN and iron- sulfur (Fe-S) centers, to quinones in the respiratory chain. The immediate electron acceptor for the enzyme in this species is believed to be a menaquinone. Couples the redox reaction to proton translocation (for every two electrons transferred, four hydrogen ions are translocated across the cytoplasmic membrane), and thus conserves the redox energy in a proton gradient	-	ko:K00333	Complex1_49kDa
qaidam_basin_mmag_1773|qaidam_basin_mmag_1773_DLTSQ15_20bin48|k141_444110_length_12580_cov_37.3158_8	qaidam_basin_mmag_1773	qaidam_basin_mmag_1773_DLTSQ15_20bin48	1	1	qaidam_basin_mmag_1773|qaidam_basin_mmag_1773_DLTSQ15_20bin48|k141_444110_length_12580_cov_37.3158_4	-4	4	-	+	other	Respiratory-chain NADH dehydrogenase, 30 Kd subunit	-	ko:K00332	Complex1_30kDa
qaidam_basin_mmag_1773|qaidam_basin_mmag_1773_DLTSQ15_20bin48|k141_444110_length_12580_cov_37.3158_8	qaidam_basin_mmag_1773	qaidam_basin_mmag_1773_DLTSQ15_20bin48	1	1	qaidam_basin_mmag_1773|qaidam_basin_mmag_1773_DLTSQ15_20bin48|k141_444110_length_12580_cov_37.3158_5	-3	3	-	+	other	NDH-1 shuttles electrons from NADH, via FMN and iron- sulfur (Fe-S) centers, to quinones in the respiratory chain. The immediate electron acceptor for the enzyme in this species is believed to be a menaquinone. Couples the redox reaction to proton translocation (for every two electrons transferred, four hydrogen ions are translocated across the cytoplasmic membrane), and thus conserves the redox energy in a proton gradient	-	ko:K00331	Oxidored_q6
qaidam_basin_mmag_1773|qaidam_basin_mmag_1773_DLTSQ15_20bin48|k141_444110_length_12580_cov_37.3158_8	qaidam_basin_mmag_1773	qaidam_basin_mmag_1773_DLTSQ15_20bin48	1	1	qaidam_basin_mmag_1773|qaidam_basin_mmag_1773_DLTSQ15_20bin48|k141_444110_length_12580_cov_37.3158_6	-2	2	-	+	other	NDH-1 shuttles electrons from NADH, via FMN and iron- sulfur (Fe-S) centers, to quinones in the respiratory chain	-	ko:K00330	Oxidored_q4
qaidam_basin_mmag_1773|qaidam_basin_mmag_1773_DLTSQ15_20bin48|k141_444110_length_12580_cov_37.3158_8	qaidam_basin_mmag_1773	qaidam_basin_mmag_1773_DLTSQ15_20bin48	1	1	qaidam_basin_mmag_1773|qaidam_basin_mmag_1773_DLTSQ15_20bin48|k141_444110_length_12580_cov_37.3158_7	-1	1	-	+	unresolved	-	-	-	-
qaidam_basin_mmag_1773|qaidam_basin_mmag_1773_DLTSQ15_20bin48|k141_444110_length_12580_cov_37.3158_8	qaidam_basin_mmag_1773	qaidam_basin_mmag_1773_DLTSQ15_20bin48	1	1	qaidam_basin_mmag_1773|qaidam_basin_mmag_1773_DLTSQ15_20bin48|k141_444110_length_12580_cov_37.3158_8	0	0	-	+	target	-	-	-	-
qaidam_basin_mmag_1773|qaidam_basin_mmag_1773_DLTSQ15_20bin48|k141_444110_length_12580_cov_37.3158_8	qaidam_basin_mmag_1773	qaidam_basin_mmag_1773_DLTSQ15_20bin48	1	1	qaidam_basin_mmag_1773|qaidam_basin_mmag_1773_DLTSQ15_20bin48|k141_444110_length_12580_cov_37.3158_9	1	-1	-	+	other	Rieske 2Fe-2S	-	-	Rieske
qaidam_basin_mmag_1773|qaidam_basin_mmag_1773_DLTSQ15_20bin48|k141_444110_length_12580_cov_37.3158_8	qaidam_basin_mmag_1773	qaidam_basin_mmag_1773_DLTSQ15_20bin48	1	1	qaidam_basin_mmag_1773|qaidam_basin_mmag_1773_DLTSQ15_20bin48|k141_444110_length_12580_cov_37.3158_10	2	-2	-	+	cyto_b_C	Cytochrome b(C-terminal)/b6/petD	-	-	Cytochrom_B_C
qaidam_basin_mmag_1773|qaidam_basin_mmag_1773_DLTSQ15_20bin48|k141_444110_length_12580_cov_37.3158_8	qaidam_basin_mmag_1773	qaidam_basin_mmag_1773_DLTSQ15_20bin48	1	1	qaidam_basin_mmag_1773|qaidam_basin_mmag_1773_DLTSQ15_20bin48|k141_444110_length_12580_cov_37.3158_11	3	-3	-	+	heme	Cytochrome b	-	ko:K03887	Cytochrome_B
qaidam_basin_mmag_1773|qaidam_basin_mmag_1773_DLTSQ15_20bin48|k141_444110_length_12580_cov_37.3158_8	qaidam_basin_mmag_1773	qaidam_basin_mmag_1773_DLTSQ15_20bin48	1	1	qaidam_basin_mmag_1773|qaidam_basin_mmag_1773_DLTSQ15_20bin48|k141_444110_length_12580_cov_37.3158_12	4	-4	-	+	other	4Fe-4S dicluster domain	-	-	Fer4,Fer4_10
qaidam_basin_mmag_1773|qaidam_basin_mmag_1773_DLTSQ15_20bin48|k141_444110_length_12580_cov_37.3158_8	qaidam_basin_mmag_1773	qaidam_basin_mmag_1773_DLTSQ15_20bin48	1	1	qaidam_basin_mmag_1773|qaidam_basin_mmag_1773_DLTSQ15_20bin48|k141_444110_length_12580_cov_37.3158_13	5	-5	-	+	unresolved	-	-	-	-
qaidam_basin_mmag_1773|qaidam_basin_mmag_1773_L_0707_10_15bin26|k141_1402603_length_18605_cov_12.0000_9	qaidam_basin_mmag_1773	qaidam_basin_mmag_1773_L_0707_10_15bin26	1	1	qaidam_basin_mmag_1773|qaidam_basin_mmag_1773_L_0707_10_15bin26|k141_1402603_length_18605_cov_12.0000_4	-5	5	-	+	other	NDH-1 shuttles electrons from NADH, via FMN and iron- sulfur (Fe-S) centers, to quinones in the respiratory chain. The immediate electron acceptor for the enzyme in this species is believed to be a menaquinone. Couples the redox reaction to proton translocation (for every two electrons transferred, four hydrogen ions are translocated across the cytoplasmic membrane), and thus conserves the redox energy in a proton gradient	-	ko:K00333	Complex1_49kDa
qaidam_basin_mmag_1773|qaidam_basin_mmag_1773_L_0707_10_15bin26|k141_1402603_length_18605_cov_12.0000_9	qaidam_basin_mmag_1773	qaidam_basin_mmag_1773_L_0707_10_15bin26	1	1	qaidam_basin_mmag_1773|qaidam_basin_mmag_1773_L_0707_10_15bin26|k141_1402603_length_18605_cov_12.0000_5	-4	4	-	+	other	Respiratory-chain NADH dehydrogenase, 30 Kd subunit	-	ko:K00332	Complex1_30kDa
qaidam_basin_mmag_1773|qaidam_basin_mmag_1773_L_0707_10_15bin26|k141_1402603_length_18605_cov_12.0000_9	qaidam_basin_mmag_1773	qaidam_basin_mmag_1773_L_0707_10_15bin26	1	1	qaidam_basin_mmag_1773|qaidam_basin_mmag_1773_L_0707_10_15bin26|k141_1402603_length_18605_cov_12.0000_6	-3	3	-	+	other	NDH-1 shuttles electrons from NADH, via FMN and iron- sulfur (Fe-S) centers, to quinones in the respiratory chain. The immediate electron acceptor for the enzyme in this species is believed to be a menaquinone. Couples the redox reaction to proton translocation (for every two electrons transferred, four hydrogen ions are translocated across the cytoplasmic membrane), and thus conserves the redox energy in a proton gradient	-	ko:K00331	Oxidored_q6
qaidam_basin_mmag_1773|qaidam_basin_mmag_1773_L_0707_10_15bin26|k141_1402603_length_18605_cov_12.0000_9	qaidam_basin_mmag_1773	qaidam_basin_mmag_1773_L_0707_10_15bin26	1	1	qaidam_basin_mmag_1773|qaidam_basin_mmag_1773_L_0707_10_15bin26|k141_1402603_length_18605_cov_12.0000_7	-2	2	-	+	other	NDH-1 shuttles electrons from NADH, via FMN and iron- sulfur (Fe-S) centers, to quinones in the respiratory chain	-	ko:K00330	Oxidored_q4
qaidam_basin_mmag_1773|qaidam_basin_mmag_1773_L_0707_10_15bin26|k141_1402603_length_18605_cov_12.0000_9	qaidam_basin_mmag_1773	qaidam_basin_mmag_1773_L_0707_10_15bin26	1	1	qaidam_basin_mmag_1773|qaidam_basin_mmag_1773_L_0707_10_15bin26|k141_1402603_length_18605_cov_12.0000_8	-1	1	-	+	unresolved	-	-	-	-
qaidam_basin_mmag_1773|qaidam_basin_mmag_1773_L_0707_10_15bin26|k141_1402603_length_18605_cov_12.0000_9	qaidam_basin_mmag_1773	qaidam_basin_mmag_1773_L_0707_10_15bin26	1	1	qaidam_basin_mmag_1773|qaidam_basin_mmag_1773_L_0707_10_15bin26|k141_1402603_length_18605_cov_12.0000_9	0	0	-	+	target	-	-	-	-
qaidam_basin_mmag_1773|qaidam_basin_mmag_1773_L_0707_10_15bin26|k141_1402603_length_18605_cov_12.0000_9	qaidam_basin_mmag_1773	qaidam_basin_mmag_1773_L_0707_10_15bin26	1	1	qaidam_basin_mmag_1773|qaidam_basin_mmag_1773_L_0707_10_15bin26|k141_1402603_length_18605_cov_12.0000_10	1	-1	-	+	other	Rieske 2Fe-2S	-	-	Rieske
qaidam_basin_mmag_1773|qaidam_basin_mmag_1773_L_0707_10_15bin26|k141_1402603_length_18605_cov_12.0000_9	qaidam_basin_mmag_1773	qaidam_basin_mmag_1773_L_0707_10_15bin26	1	1	qaidam_basin_mmag_1773|qaidam_basin_mmag_1773_L_0707_10_15bin26|k141_1402603_length_18605_cov_12.0000_11	2	-2	-	+	cyto_b_C	Cytochrome b(C-terminal)/b6/petD	-	-	Cytochrom_B_C
qaidam_basin_mmag_1773|qaidam_basin_mmag_1773_L_0707_10_15bin26|k141_1402603_length_18605_cov_12.0000_9	qaidam_basin_mmag_1773	qaidam_basin_mmag_1773_L_0707_10_15bin26	1	1	qaidam_basin_mmag_1773|qaidam_basin_mmag_1773_L_0707_10_15bin26|k141_1402603_length_18605_cov_12.0000_12	3	-3	-	+	cyto_b_N	Cytochrome b/b6/petB	-	ko:K03891	Cytochrom_B_N_2
qaidam_basin_mmag_1773|qaidam_basin_mmag_1773_L_0707_10_15bin26|k141_1402603_length_18605_cov_12.0000_9	qaidam_basin_mmag_1773	qaidam_basin_mmag_1773_L_0707_10_15bin26	1	1	qaidam_basin_mmag_1773|qaidam_basin_mmag_1773_L_0707_10_15bin26|k141_1402603_length_18605_cov_12.0000_13	4	-4	-	+	other	4Fe-4S dicluster domain	-	-	Fer4,Fer4_10
qaidam_basin_mmag_1773|qaidam_basin_mmag_1773_L_0707_10_15bin26|k141_1402603_length_18605_cov_12.0000_9	qaidam_basin_mmag_1773	qaidam_basin_mmag_1773_L_0707_10_15bin26	1	1	qaidam_basin_mmag_1773|qaidam_basin_mmag_1773_L_0707_10_15bin26|k141_1402603_length_18605_cov_12.0000_14	5	-5	-	+	unresolved	-	-	-	-
qaidam_basin_mmag_1773|qaidam_basin_mmag_1773_L_0707_10_15bin48|k141_103135_length_55457_cov_75.9190_10	qaidam_basin_mmag_1773	qaidam_basin_mmag_1773_L_0707_10_15bin48	1	1	qaidam_basin_mmag_1773|qaidam_basin_mmag_1773_L_0707_10_15bin48|k141_103135_length_55457_cov_75.9190_5	-5	5	+	-	other	Delta-aminolevulinic acid dehydratase	hemB	ko:K01698	ALAD
qaidam_basin_mmag_1773|qaidam_basin_mmag_1773_L_0707_10_15bin48|k141_103135_length_55457_cov_75.9190_10	qaidam_basin_mmag_1773	qaidam_basin_mmag_1773_L_0707_10_15bin48	1	1	qaidam_basin_mmag_1773|qaidam_basin_mmag_1773_L_0707_10_15bin48|k141_103135_length_55457_cov_75.9190_6	-4	4	+	-	other	Aminotransferase class-III	hemL	ko:K01845	Aminotran_3
qaidam_basin_mmag_1773|qaidam_basin_mmag_1773_L_0707_10_15bin48|k141_103135_length_55457_cov_75.9190_10	qaidam_basin_mmag_1773	qaidam_basin_mmag_1773_L_0707_10_15bin48	1	1	qaidam_basin_mmag_1773|qaidam_basin_mmag_1773_L_0707_10_15bin48|k141_103135_length_55457_cov_75.9190_7	-3	3	+	-	unresolved	-	-	-	-
qaidam_basin_mmag_1773|qaidam_basin_mmag_1773_L_0707_10_15bin48|k141_103135_length_55457_cov_75.9190_10	qaidam_basin_mmag_1773	qaidam_basin_mmag_1773_L_0707_10_15bin48	1	1	qaidam_basin_mmag_1773|qaidam_basin_mmag_1773_L_0707_10_15bin48|k141_103135_length_55457_cov_75.9190_8	-2	2	-	+	unresolved	-	-	-	-
qaidam_basin_mmag_1773|qaidam_basin_mmag_1773_L_0707_10_15bin48|k141_103135_length_55457_cov_75.9190_10	qaidam_basin_mmag_1773	qaidam_basin_mmag_1773_L_0707_10_15bin48	1	1	qaidam_basin_mmag_1773|qaidam_basin_mmag_1773_L_0707_10_15bin48|k141_103135_length_55457_cov_75.9190_9	-1	1	-	+	unresolved	-	-	-	-
qaidam_basin_mmag_1773|qaidam_basin_mmag_1773_L_0707_10_15bin48|k141_103135_length_55457_cov_75.9190_10	qaidam_basin_mmag_1773	qaidam_basin_mmag_1773_L_0707_10_15bin48	1	1	qaidam_basin_mmag_1773|qaidam_basin_mmag_1773_L_0707_10_15bin48|k141_103135_length_55457_cov_75.9190_10	0	0	-	+	target	-	-	-	-
qaidam_basin_mmag_1773|qaidam_basin_mmag_1773_L_0707_10_15bin48|k141_103135_length_55457_cov_75.9190_10	qaidam_basin_mmag_1773	qaidam_basin_mmag_1773_L_0707_10_15bin48	1	1	qaidam_basin_mmag_1773|qaidam_basin_mmag_1773_L_0707_10_15bin48|k141_103135_length_55457_cov_75.9190_11	1	-1	-	+	unresolved	-	-	-	-
qaidam_basin_mmag_1773|qaidam_basin_mmag_1773_L_0707_10_15bin48|k141_103135_length_55457_cov_75.9190_10	qaidam_basin_mmag_1773	qaidam_basin_mmag_1773_L_0707_10_15bin48	1	1	qaidam_basin_mmag_1773|qaidam_basin_mmag_1773_L_0707_10_15bin48|k141_103135_length_55457_cov_75.9190_12	2	-2	-	+	cyto_b_C	Cytochrome b(C-terminal)/b6/petD	-	-	Cytochrom_B_C
qaidam_basin_mmag_1773|qaidam_basin_mmag_1773_L_0707_10_15bin48|k141_103135_length_55457_cov_75.9190_10	qaidam_basin_mmag_1773	qaidam_basin_mmag_1773_L_0707_10_15bin48	1	1	qaidam_basin_mmag_1773|qaidam_basin_mmag_1773_L_0707_10_15bin48|k141_103135_length_55457_cov_75.9190_13	3	-3	-	+	cyto_b_N	Cytochrome b/b6/petB	-	ko:K03891	Cytochrom_B_N_2
qaidam_basin_mmag_1773|qaidam_basin_mmag_1773_L_0707_10_15bin48|k141_103135_length_55457_cov_75.9190_10	qaidam_basin_mmag_1773	qaidam_basin_mmag_1773_L_0707_10_15bin48	1	1	qaidam_basin_mmag_1773|qaidam_basin_mmag_1773_L_0707_10_15bin48|k141_103135_length_55457_cov_75.9190_14	4	-4	-	+	unresolved	-	-	-	-
qaidam_basin_mmag_1773|qaidam_basin_mmag_1773_L_0707_10_15bin48|k141_103135_length_55457_cov_75.9190_10	qaidam_basin_mmag_1773	qaidam_basin_mmag_1773_L_0707_10_15bin48	1	1	qaidam_basin_mmag_1773|qaidam_basin_mmag_1773_L_0707_10_15bin48|k141_103135_length_55457_cov_75.9190_15	5	-5	-	+	unresolved	-	-	-	-
qaidam_basin_mmag_1773|qaidam_basin_mmag_1773_L_0707_10_15bin61|k141_453949_length_40267_cov_87.0631_42	qaidam_basin_mmag_1773	qaidam_basin_mmag_1773_L_0707_10_15bin61	1	1	qaidam_basin_mmag_1773|qaidam_basin_mmag_1773_L_0707_10_15bin61|k141_453949_length_40267_cov_87.0631_37	-5	-5	+	+	unresolved	-	-	-	-
qaidam_basin_mmag_1773|qaidam_basin_mmag_1773_L_0707_10_15bin61|k141_453949_length_40267_cov_87.0631_42	qaidam_basin_mmag_1773	qaidam_basin_mmag_1773_L_0707_10_15bin61	1	1	qaidam_basin_mmag_1773|qaidam_basin_mmag_1773_L_0707_10_15bin61|k141_453949_length_40267_cov_87.0631_38	-4	-4	+	+	unresolved	-	-	-	-
qaidam_basin_mmag_1773|qaidam_basin_mmag_1773_L_0707_10_15bin61|k141_453949_length_40267_cov_87.0631_42	qaidam_basin_mmag_1773	qaidam_basin_mmag_1773_L_0707_10_15bin61	1	1	qaidam_basin_mmag_1773|qaidam_basin_mmag_1773_L_0707_10_15bin61|k141_453949_length_40267_cov_87.0631_39	-3	-3	+	+	cyto_b_N	Cytochrome b/b6/petB	-	ko:K03891	Cytochrom_B_N_2
qaidam_basin_mmag_1773|qaidam_basin_mmag_1773_L_0707_10_15bin61|k141_453949_length_40267_cov_87.0631_42	qaidam_basin_mmag_1773	qaidam_basin_mmag_1773_L_0707_10_15bin61	1	1	qaidam_basin_mmag_1773|qaidam_basin_mmag_1773_L_0707_10_15bin61|k141_453949_length_40267_cov_87.0631_40	-2	-2	+	+	cyto_b_C	Cytochrome b(C-terminal)/b6/petD	-	-	Cytochrom_B_C
qaidam_basin_mmag_1773|qaidam_basin_mmag_1773_L_0707_10_15bin61|k141_453949_length_40267_cov_87.0631_42	qaidam_basin_mmag_1773	qaidam_basin_mmag_1773_L_0707_10_15bin61	1	1	qaidam_basin_mmag_1773|qaidam_basin_mmag_1773_L_0707_10_15bin61|k141_453949_length_40267_cov_87.0631_41	-1	-1	+	+	unresolved	-	-	-	-
qaidam_basin_mmag_1773|qaidam_basin_mmag_1773_L_0707_10_15bin61|k141_453949_length_40267_cov_87.0631_42	qaidam_basin_mmag_1773	qaidam_basin_mmag_1773_L_0707_10_15bin61	1	1	qaidam_basin_mmag_1773|qaidam_basin_mmag_1773_L_0707_10_15bin61|k141_453949_length_40267_cov_87.0631_42	0	0	+	+	target	-	-	-	-
qaidam_basin_mmag_1773|qaidam_basin_mmag_1773_L_0707_10_15bin61|k141_453949_length_40267_cov_87.0631_42	qaidam_basin_mmag_1773	qaidam_basin_mmag_1773_L_0707_10_15bin61	1	1	qaidam_basin_mmag_1773|qaidam_basin_mmag_1773_L_0707_10_15bin61|k141_453949_length_40267_cov_87.0631_43	1	1	+	+	unresolved	-	-	-	-
qaidam_basin_mmag_1773|qaidam_basin_mmag_1773_L_0707_10_15bin61|k141_453949_length_40267_cov_87.0631_42	qaidam_basin_mmag_1773	qaidam_basin_mmag_1773_L_0707_10_15bin61	1	1	qaidam_basin_mmag_1773|qaidam_basin_mmag_1773_L_0707_10_15bin61|k141_453949_length_40267_cov_87.0631_44	2	2	+	+	unresolved	-	-	-	-
qaidam_basin_mmag_1773|qaidam_basin_mmag_1773_L_0707_10_15bin61|k141_453949_length_40267_cov_87.0631_42	qaidam_basin_mmag_1773	qaidam_basin_mmag_1773_L_0707_10_15bin61	1	1	qaidam_basin_mmag_1773|qaidam_basin_mmag_1773_L_0707_10_15bin61|k141_453949_length_40267_cov_87.0631_45	3	3	-	-	unresolved	-	-	-	-
qaidam_basin_mmag_1773|qaidam_basin_mmag_1773_L_0707_10_15bin61|k141_453949_length_40267_cov_87.0631_42	qaidam_basin_mmag_1773	qaidam_basin_mmag_1773_L_0707_10_15bin61	1	1	qaidam_basin_mmag_1773|qaidam_basin_mmag_1773_L_0707_10_15bin61|k141_453949_length_40267_cov_87.0631_46	4	4	-	-	other	Aminotransferase class-III	hemL	ko:K01845	Aminotran_3
qaidam_basin_mmag_1773|qaidam_basin_mmag_1773_L_0707_10_15bin61|k141_453949_length_40267_cov_87.0631_42	qaidam_basin_mmag_1773	qaidam_basin_mmag_1773_L_0707_10_15bin61	1	1	qaidam_basin_mmag_1773|qaidam_basin_mmag_1773_L_0707_10_15bin61|k141_453949_length_40267_cov_87.0631_47	5	5	-	-	other	Delta-aminolevulinic acid dehydratase	hemB	ko:K01698	ALAD
qaidam_basin_mmag_1773|qaidam_basin_mmag_1773_L_0707_10_15bin61|k141_547765_length_28453_cov_98.0110_34	qaidam_basin_mmag_1773	qaidam_basin_mmag_1773_L_0707_10_15bin61	0	1	qaidam_basin_mmag_1773|qaidam_basin_mmag_1773_L_0707_10_15bin61|k141_547765_length_28453_cov_98.0110_29	-5	5	+	-	other	Delta-aminolevulinic acid dehydratase	hemB	ko:K01698	ALAD
qaidam_basin_mmag_1773|qaidam_basin_mmag_1773_L_0707_10_15bin61|k141_547765_length_28453_cov_98.0110_34	qaidam_basin_mmag_1773	qaidam_basin_mmag_1773_L_0707_10_15bin61	0	1	qaidam_basin_mmag_1773|qaidam_basin_mmag_1773_L_0707_10_15bin61|k141_547765_length_28453_cov_98.0110_30	-4	4	+	-	other	Aminotransferase class-III	hemL	ko:K01845	Aminotran_3
qaidam_basin_mmag_1773|qaidam_basin_mmag_1773_L_0707_10_15bin61|k141_547765_length_28453_cov_98.0110_34	qaidam_basin_mmag_1773	qaidam_basin_mmag_1773_L_0707_10_15bin61	0	1	qaidam_basin_mmag_1773|qaidam_basin_mmag_1773_L_0707_10_15bin61|k141_547765_length_28453_cov_98.0110_31	-3	3	+	-	unresolved	-	-	-	-
qaidam_basin_mmag_1773|qaidam_basin_mmag_1773_L_0707_10_15bin61|k141_547765_length_28453_cov_98.0110_34	qaidam_basin_mmag_1773	qaidam_basin_mmag_1773_L_0707_10_15bin61	0	1	qaidam_basin_mmag_1773|qaidam_basin_mmag_1773_L_0707_10_15bin61|k141_547765_length_28453_cov_98.0110_32	-2	2	-	+	unresolved	-	-	-	-
qaidam_basin_mmag_1773|qaidam_basin_mmag_1773_L_0707_10_15bin61|k141_547765_length_28453_cov_98.0110_34	qaidam_basin_mmag_1773	qaidam_basin_mmag_1773_L_0707_10_15bin61	0	1	qaidam_basin_mmag_1773|qaidam_basin_mmag_1773_L_0707_10_15bin61|k141_547765_length_28453_cov_98.0110_33	-1	1	-	+	unresolved	-	-	-	-
qaidam_basin_mmag_1773|qaidam_basin_mmag_1773_L_0707_10_15bin61|k141_547765_length_28453_cov_98.0110_34	qaidam_basin_mmag_1773	qaidam_basin_mmag_1773_L_0707_10_15bin61	0	1	qaidam_basin_mmag_1773|qaidam_basin_mmag_1773_L_0707_10_15bin61|k141_547765_length_28453_cov_98.0110_34	0	0	-	+	target	-	-	-	-
qaidam_basin_mmag_1773|qaidam_basin_mmag_1773_L_0707_10_15bin61|k141_547765_length_28453_cov_98.0110_34	qaidam_basin_mmag_1773	qaidam_basin_mmag_1773_L_0707_10_15bin61	0	1	qaidam_basin_mmag_1773|qaidam_basin_mmag_1773_L_0707_10_15bin61|k141_547765_length_28453_cov_98.0110_35	1	-1	-	+	unresolved	-	-	-	-
qaidam_basin_mmag_1773|qaidam_basin_mmag_1773_L_0707_10_15bin61|k141_547765_length_28453_cov_98.0110_34	qaidam_basin_mmag_1773	qaidam_basin_mmag_1773_L_0707_10_15bin61	0	1	qaidam_basin_mmag_1773|qaidam_basin_mmag_1773_L_0707_10_15bin61|k141_547765_length_28453_cov_98.0110_36	2	-2	-	+	cyto_b_C	Cytochrome b(C-terminal)/b6/petD	-	-	Cytochrom_B_C
qaidam_basin_mmag_1773|qaidam_basin_mmag_1773_L_0707_10_15bin61|k141_547765_length_28453_cov_98.0110_34	qaidam_basin_mmag_1773	qaidam_basin_mmag_1773_L_0707_10_15bin61	0	1	qaidam_basin_mmag_1773|qaidam_basin_mmag_1773_L_0707_10_15bin61|k141_547765_length_28453_cov_98.0110_37	3	-3	-	+	cyto_b_N	Cytochrome b/b6/petB	-	ko:K03891	Cytochrom_B_N_2
qaidam_basin_mmag_1773|qaidam_basin_mmag_1773_L_0707_10_15bin61|k141_547765_length_28453_cov_98.0110_34	qaidam_basin_mmag_1773	qaidam_basin_mmag_1773_L_0707_10_15bin61	0	1	qaidam_basin_mmag_1773|qaidam_basin_mmag_1773_L_0707_10_15bin61|k141_547765_length_28453_cov_98.0110_38	4	-4	-	+	unresolved	-	-	-	-
qaidam_basin_mmag_1773|qaidam_basin_mmag_1773_L_0707_10_15bin70|k141_596203_length_12150_cov_67.0000_10	qaidam_basin_mmag_1773	qaidam_basin_mmag_1773_L_0707_10_15bin70	1	1	qaidam_basin_mmag_1773|qaidam_basin_mmag_1773_L_0707_10_15bin70|k141_596203_length_12150_cov_67.0000_5	-5	-5	+	+	unresolved	-	-	-	-
qaidam_basin_mmag_1773|qaidam_basin_mmag_1773_L_0707_10_15bin70|k141_596203_length_12150_cov_67.0000_10	qaidam_basin_mmag_1773	qaidam_basin_mmag_1773_L_0707_10_15bin70	1	1	qaidam_basin_mmag_1773|qaidam_basin_mmag_1773_L_0707_10_15bin70|k141_596203_length_12150_cov_67.0000_6	-4	-4	+	+	other	4Fe-4S dicluster domain	-	-	Fer4,Fer4_10
qaidam_basin_mmag_1773|qaidam_basin_mmag_1773_L_0707_10_15bin70|k141_596203_length_12150_cov_67.0000_10	qaidam_basin_mmag_1773	qaidam_basin_mmag_1773_L_0707_10_15bin70	1	1	qaidam_basin_mmag_1773|qaidam_basin_mmag_1773_L_0707_10_15bin70|k141_596203_length_12150_cov_67.0000_7	-3	-3	+	+	cyto_b_N	Cytochrome b/b6/petB	-	ko:K03891	Cytochrom_B_N_2
qaidam_basin_mmag_1773|qaidam_basin_mmag_1773_L_0707_10_15bin70|k141_596203_length_12150_cov_67.0000_10	qaidam_basin_mmag_1773	qaidam_basin_mmag_1773_L_0707_10_15bin70	1	1	qaidam_basin_mmag_1773|qaidam_basin_mmag_1773_L_0707_10_15bin70|k141_596203_length_12150_cov_67.0000_8	-2	-2	+	+	cyto_b_C	Cytochrome b(C-terminal)/b6/petD	-	-	Cytochrom_B_C
qaidam_basin_mmag_1773|qaidam_basin_mmag_1773_L_0707_10_15bin70|k141_596203_length_12150_cov_67.0000_10	qaidam_basin_mmag_1773	qaidam_basin_mmag_1773_L_0707_10_15bin70	1	1	qaidam_basin_mmag_1773|qaidam_basin_mmag_1773_L_0707_10_15bin70|k141_596203_length_12150_cov_67.0000_9	-1	-1	+	+	other	Rieske 2Fe-2S	-	-	Rieske
qaidam_basin_mmag_1773|qaidam_basin_mmag_1773_L_0707_10_15bin70|k141_596203_length_12150_cov_67.0000_10	qaidam_basin_mmag_1773	qaidam_basin_mmag_1773_L_0707_10_15bin70	1	1	qaidam_basin_mmag_1773|qaidam_basin_mmag_1773_L_0707_10_15bin70|k141_596203_length_12150_cov_67.0000_10	0	0	+	+	target	-	-	-	-
qaidam_basin_mmag_1773|qaidam_basin_mmag_1773_L_0707_10_15bin70|k141_596203_length_12150_cov_67.0000_10	qaidam_basin_mmag_1773	qaidam_basin_mmag_1773_L_0707_10_15bin70	1	1	qaidam_basin_mmag_1773|qaidam_basin_mmag_1773_L_0707_10_15bin70|k141_596203_length_12150_cov_67.0000_11	1	1	+	+	unresolved	-	-	-	-
qaidam_basin_mmag_1773|qaidam_basin_mmag_1773_L_0707_10_15bin70|k141_596203_length_12150_cov_67.0000_10	qaidam_basin_mmag_1773	qaidam_basin_mmag_1773_L_0707_10_15bin70	1	1	qaidam_basin_mmag_1773|qaidam_basin_mmag_1773_L_0707_10_15bin70|k141_596203_length_12150_cov_67.0000_12	2	2	+	+	other	NDH-1 shuttles electrons from NADH, via FMN and iron- sulfur (Fe-S) centers, to quinones in the respiratory chain	-	ko:K00330	Oxidored_q4
qaidam_basin_mmag_1773|qaidam_basin_mmag_1773_L_0707_10_15bin70|k141_596203_length_12150_cov_67.0000_10	qaidam_basin_mmag_1773	qaidam_basin_mmag_1773_L_0707_10_15bin70	1	1	qaidam_basin_mmag_1773|qaidam_basin_mmag_1773_L_0707_10_15bin70|k141_596203_length_12150_cov_67.0000_13	3	3	+	+	other	NDH-1 shuttles electrons from NADH, via FMN and iron- sulfur (Fe-S) centers, to quinones in the respiratory chain. The immediate electron acceptor for the enzyme in this species is believed to be a menaquinone. Couples the redox reaction to proton translocation (for every two electrons transferred, four hydrogen ions are translocated across the cytoplasmic membrane), and thus conserves the redox energy in a proton gradient	-	ko:K00331	Oxidored_q6
qaidam_basin_mmag_1773|qaidam_basin_mmag_1773_L_0707_10_15bin70|k141_596203_length_12150_cov_67.0000_10	qaidam_basin_mmag_1773	qaidam_basin_mmag_1773_L_0707_10_15bin70	1	1	qaidam_basin_mmag_1773|qaidam_basin_mmag_1773_L_0707_10_15bin70|k141_596203_length_12150_cov_67.0000_14	4	4	+	+	other	Respiratory-chain NADH dehydrogenase, 30 Kd subunit	-	ko:K00332	Complex1_30kDa
qaidam_basin_mmag_1773|qaidam_basin_mmag_1773_L_0707_10_15bin70|k141_596203_length_12150_cov_67.0000_10	qaidam_basin_mmag_1773	qaidam_basin_mmag_1773_L_0707_10_15bin70	1	1	qaidam_basin_mmag_1773|qaidam_basin_mmag_1773_L_0707_10_15bin70|k141_596203_length_12150_cov_67.0000_15	5	5	+	+	other	NDH-1 shuttles electrons from NADH, via FMN and iron- sulfur (Fe-S) centers, to quinones in the respiratory chain. The immediate electron acceptor for the enzyme in this species is believed to be a menaquinone. Couples the redox reaction to proton translocation (for every two electrons transferred, four hydrogen ions are translocated across the cytoplasmic membrane), and thus conserves the redox energy in a proton gradient	-	ko:K00333	Complex1_49kDa
qaidam_basin_mmag_1773|qaidam_basin_mmag_1773_L_0707_10_15bin8|k141_894493_length_9067_cov_191.7307_2	qaidam_basin_mmag_1773	qaidam_basin_mmag_1773_L_0707_10_15bin8	0	0	qaidam_basin_mmag_1773|qaidam_basin_mmag_1773_L_0707_10_15bin8|k141_894493_length_9067_cov_191.7307_1	-1	-1	+	+	unresolved	-	-	-	-
qaidam_basin_mmag_1773|qaidam_basin_mmag_1773_L_0707_10_15bin8|k141_894493_length_9067_cov_191.7307_2	qaidam_basin_mmag_1773	qaidam_basin_mmag_1773_L_0707_10_15bin8	0	0	qaidam_basin_mmag_1773|qaidam_basin_mmag_1773_L_0707_10_15bin8|k141_894493_length_9067_cov_191.7307_2	0	0	+	+	target	-	-	-	-
qaidam_basin_mmag_1773|qaidam_basin_mmag_1773_L_0707_10_15bin8|k141_894493_length_9067_cov_191.7307_2	qaidam_basin_mmag_1773	qaidam_basin_mmag_1773_L_0707_10_15bin8	0	0	qaidam_basin_mmag_1773|qaidam_basin_mmag_1773_L_0707_10_15bin8|k141_894493_length_9067_cov_191.7307_3	1	1	+	+	unresolved	-	-	-	-
qaidam_basin_mmag_1773|qaidam_basin_mmag_1773_L_0707_10_15bin8|k141_894493_length_9067_cov_191.7307_2	qaidam_basin_mmag_1773	qaidam_basin_mmag_1773_L_0707_10_15bin8	0	0	qaidam_basin_mmag_1773|qaidam_basin_mmag_1773_L_0707_10_15bin8|k141_894493_length_9067_cov_191.7307_4	2	2	+	+	unresolved	-	-	-	-
qaidam_basin_mmag_1773|qaidam_basin_mmag_1773_L_0707_10_15bin8|k141_894493_length_9067_cov_191.7307_2	qaidam_basin_mmag_1773	qaidam_basin_mmag_1773_L_0707_10_15bin8	0	0	qaidam_basin_mmag_1773|qaidam_basin_mmag_1773_L_0707_10_15bin8|k141_894493_length_9067_cov_191.7307_5	3	3	-	-	unresolved	-	-	-	-
qaidam_basin_mmag_1773|qaidam_basin_mmag_1773_L_0707_10_15bin8|k141_894493_length_9067_cov_191.7307_2	qaidam_basin_mmag_1773	qaidam_basin_mmag_1773_L_0707_10_15bin8	0	0	qaidam_basin_mmag_1773|qaidam_basin_mmag_1773_L_0707_10_15bin8|k141_894493_length_9067_cov_191.7307_6	4	4	-	-	other	Aminotransferase class-III	hemL	ko:K01845	Aminotran_3
qaidam_basin_mmag_1773|qaidam_basin_mmag_1773_L_0707_10_15bin8|k141_894493_length_9067_cov_191.7307_2	qaidam_basin_mmag_1773	qaidam_basin_mmag_1773_L_0707_10_15bin8	0	0	qaidam_basin_mmag_1773|qaidam_basin_mmag_1773_L_0707_10_15bin8|k141_894493_length_9067_cov_191.7307_7	5	5	-	-	other	Delta-aminolevulinic acid dehydratase	hemB	ko:K01698	ALAD
qaidam_basin_mmag_1773|qaidam_basin_mmag_1773_L_0707_15_20bin14|k141_23060_length_86366_cov_200.4849_51	qaidam_basin_mmag_1773	qaidam_basin_mmag_1773_L_0707_15_20bin14	1	1	qaidam_basin_mmag_1773|qaidam_basin_mmag_1773_L_0707_15_20bin14|k141_23060_length_86366_cov_200.4849_46	-5	-5	+	+	unresolved	-	-	-	-
qaidam_basin_mmag_1773|qaidam_basin_mmag_1773_L_0707_15_20bin14|k141_23060_length_86366_cov_200.4849_51	qaidam_basin_mmag_1773	qaidam_basin_mmag_1773_L_0707_15_20bin14	1	1	qaidam_basin_mmag_1773|qaidam_basin_mmag_1773_L_0707_15_20bin14|k141_23060_length_86366_cov_200.4849_47	-4	-4	+	+	other	4Fe-4S dicluster domain	-	-	Fer4,Fer4_10
qaidam_basin_mmag_1773|qaidam_basin_mmag_1773_L_0707_15_20bin14|k141_23060_length_86366_cov_200.4849_51	qaidam_basin_mmag_1773	qaidam_basin_mmag_1773_L_0707_15_20bin14	1	1	qaidam_basin_mmag_1773|qaidam_basin_mmag_1773_L_0707_15_20bin14|k141_23060_length_86366_cov_200.4849_48	-3	-3	+	+	cyto_b_N	Cytochrome b/b6/petB	-	ko:K03891	Cytochrom_B_N_2
qaidam_basin_mmag_1773|qaidam_basin_mmag_1773_L_0707_15_20bin14|k141_23060_length_86366_cov_200.4849_51	qaidam_basin_mmag_1773	qaidam_basin_mmag_1773_L_0707_15_20bin14	1	1	qaidam_basin_mmag_1773|qaidam_basin_mmag_1773_L_0707_15_20bin14|k141_23060_length_86366_cov_200.4849_49	-2	-2	+	+	cyto_b_C	Cytochrome b(C-terminal)/b6/petD	-	-	Cytochrom_B_C
qaidam_basin_mmag_1773|qaidam_basin_mmag_1773_L_0707_15_20bin14|k141_23060_length_86366_cov_200.4849_51	qaidam_basin_mmag_1773	qaidam_basin_mmag_1773_L_0707_15_20bin14	1	1	qaidam_basin_mmag_1773|qaidam_basin_mmag_1773_L_0707_15_20bin14|k141_23060_length_86366_cov_200.4849_50	-1	-1	+	+	other	Rieske 2Fe-2S	-	-	Rieske
qaidam_basin_mmag_1773|qaidam_basin_mmag_1773_L_0707_15_20bin14|k141_23060_length_86366_cov_200.4849_51	qaidam_basin_mmag_1773	qaidam_basin_mmag_1773_L_0707_15_20bin14	1	1	qaidam_basin_mmag_1773|qaidam_basin_mmag_1773_L_0707_15_20bin14|k141_23060_length_86366_cov_200.4849_51	0	0	+	+	target	-	-	-	-
qaidam_basin_mmag_1773|qaidam_basin_mmag_1773_L_0707_15_20bin14|k141_23060_length_86366_cov_200.4849_51	qaidam_basin_mmag_1773	qaidam_basin_mmag_1773_L_0707_15_20bin14	1	1	qaidam_basin_mmag_1773|qaidam_basin_mmag_1773_L_0707_15_20bin14|k141_23060_length_86366_cov_200.4849_52	1	1	+	+	unresolved	-	-	-	-
qaidam_basin_mmag_1773|qaidam_basin_mmag_1773_L_0707_15_20bin14|k141_23060_length_86366_cov_200.4849_51	qaidam_basin_mmag_1773	qaidam_basin_mmag_1773_L_0707_15_20bin14	1	1	qaidam_basin_mmag_1773|qaidam_basin_mmag_1773_L_0707_15_20bin14|k141_23060_length_86366_cov_200.4849_53	2	2	+	+	unresolved	-	-	-	-
qaidam_basin_mmag_1773|qaidam_basin_mmag_1773_L_0707_15_20bin14|k141_23060_length_86366_cov_200.4849_51	qaidam_basin_mmag_1773	qaidam_basin_mmag_1773_L_0707_15_20bin14	1	1	qaidam_basin_mmag_1773|qaidam_basin_mmag_1773_L_0707_15_20bin14|k141_23060_length_86366_cov_200.4849_54	3	3	-	-	unresolved	-	-	-	-
qaidam_basin_mmag_1773|qaidam_basin_mmag_1773_L_0707_15_20bin14|k141_23060_length_86366_cov_200.4849_51	qaidam_basin_mmag_1773	qaidam_basin_mmag_1773_L_0707_15_20bin14	1	1	qaidam_basin_mmag_1773|qaidam_basin_mmag_1773_L_0707_15_20bin14|k141_23060_length_86366_cov_200.4849_55	4	4	-	-	other	Aminotransferase class-III	hemL	ko:K01845	Aminotran_3
qaidam_basin_mmag_1773|qaidam_basin_mmag_1773_L_0707_15_20bin14|k141_23060_length_86366_cov_200.4849_51	qaidam_basin_mmag_1773	qaidam_basin_mmag_1773_L_0707_15_20bin14	1	1	qaidam_basin_mmag_1773|qaidam_basin_mmag_1773_L_0707_15_20bin14|k141_23060_length_86366_cov_200.4849_56	5	5	-	-	other	Delta-aminolevulinic acid dehydratase	hemB	ko:K01698	ALAD
qaidam_basin_mmag_1773|qaidam_basin_mmag_1773_L_0707_15_20bin47|k141_10700_length_6052_cov_282.7467_5	qaidam_basin_mmag_1773	qaidam_basin_mmag_1773_L_0707_15_20bin47	0	1	qaidam_basin_mmag_1773|qaidam_basin_mmag_1773_L_0707_15_20bin47|k141_10700_length_6052_cov_282.7467_1	-4	4	+	-	other	Aminotransferase class-III	hemL	ko:K01845	Aminotran_3
qaidam_basin_mmag_1773|qaidam_basin_mmag_1773_L_0707_15_20bin47|k141_10700_length_6052_cov_282.7467_5	qaidam_basin_mmag_1773	qaidam_basin_mmag_1773_L_0707_15_20bin47	0	1	qaidam_basin_mmag_1773|qaidam_basin_mmag_1773_L_0707_15_20bin47|k141_10700_length_6052_cov_282.7467_2	-3	3	+	-	unresolved	-	-	-	-
qaidam_basin_mmag_1773|qaidam_basin_mmag_1773_L_0707_15_20bin47|k141_10700_length_6052_cov_282.7467_5	qaidam_basin_mmag_1773	qaidam_basin_mmag_1773_L_0707_15_20bin47	0	1	qaidam_basin_mmag_1773|qaidam_basin_mmag_1773_L_0707_15_20bin47|k141_10700_length_6052_cov_282.7467_3	-2	2	-	+	unresolved	-	-	-	-
qaidam_basin_mmag_1773|qaidam_basin_mmag_1773_L_0707_15_20bin47|k141_10700_length_6052_cov_282.7467_5	qaidam_basin_mmag_1773	qaidam_basin_mmag_1773_L_0707_15_20bin47	0	1	qaidam_basin_mmag_1773|qaidam_basin_mmag_1773_L_0707_15_20bin47|k141_10700_length_6052_cov_282.7467_4	-1	1	-	+	unresolved	-	-	-	-
qaidam_basin_mmag_1773|qaidam_basin_mmag_1773_L_0707_15_20bin47|k141_10700_length_6052_cov_282.7467_5	qaidam_basin_mmag_1773	qaidam_basin_mmag_1773_L_0707_15_20bin47	0	1	qaidam_basin_mmag_1773|qaidam_basin_mmag_1773_L_0707_15_20bin47|k141_10700_length_6052_cov_282.7467_5	0	0	-	+	target	-	-	-	-
qaidam_basin_mmag_1773|qaidam_basin_mmag_1773_L_0707_15_20bin47|k141_10700_length_6052_cov_282.7467_5	qaidam_basin_mmag_1773	qaidam_basin_mmag_1773_L_0707_15_20bin47	0	1	qaidam_basin_mmag_1773|qaidam_basin_mmag_1773_L_0707_15_20bin47|k141_10700_length_6052_cov_282.7467_6	1	-1	-	+	other	Rieske [2Fe-2S] domain	-	ko:K02636	Rieske
qaidam_basin_mmag_1773|qaidam_basin_mmag_1773_L_0707_15_20bin47|k141_10700_length_6052_cov_282.7467_5	qaidam_basin_mmag_1773	qaidam_basin_mmag_1773_L_0707_15_20bin47	0	1	qaidam_basin_mmag_1773|qaidam_basin_mmag_1773_L_0707_15_20bin47|k141_10700_length_6052_cov_282.7467_7	2	-2	-	+	cyto_b_C	Cytochrome b(C-terminal)/b6/petD	-	-	Cytochrom_B_C
qaidam_basin_mmag_1773|qaidam_basin_mmag_1773_L_0707_15_20bin47|k141_10700_length_6052_cov_282.7467_5	qaidam_basin_mmag_1773	qaidam_basin_mmag_1773_L_0707_15_20bin47	0	1	qaidam_basin_mmag_1773|qaidam_basin_mmag_1773_L_0707_15_20bin47|k141_10700_length_6052_cov_282.7467_8	3	-3	-	+	cyto_b_N	Cytochrome b/b6/petB	-	ko:K03891	Cytochrom_B_N_2
qaidam_basin_mmag_1773|qaidam_basin_mmag_1773_L_0707_15_20bin47|k141_10700_length_6052_cov_282.7467_5	qaidam_basin_mmag_1773	qaidam_basin_mmag_1773_L_0707_15_20bin47	0	1	qaidam_basin_mmag_1773|qaidam_basin_mmag_1773_L_0707_15_20bin47|k141_10700_length_6052_cov_282.7467_9	4	-4	-	+	unresolved	-	-	-	-
qaidam_basin_mmag_1773|qaidam_basin_mmag_1773_L_0707_15_20bin63|k141_1326789_length_88520_cov_39.3672_46	qaidam_basin_mmag_1773	qaidam_basin_mmag_1773_L_0707_15_20bin63	1	1	qaidam_basin_mmag_1773|qaidam_basin_mmag_1773_L_0707_15_20bin63|k141_1326789_length_88520_cov_39.3672_41	-5	5	-	+	other	NDH-1 shuttles electrons from NADH, via FMN and iron- sulfur (Fe-S) centers, to quinones in the respiratory chain. The immediate electron acceptor for the enzyme in this species is believed to be a menaquinone. Couples the redox reaction to proton translocation (for every two electrons transferred, four hydrogen ions are translocated across the cytoplasmic membrane), and thus conserves the redox energy in a proton gradient	-	ko:K00333	Complex1_49kDa
qaidam_basin_mmag_1773|qaidam_basin_mmag_1773_L_0707_15_20bin63|k141_1326789_length_88520_cov_39.3672_46	qaidam_basin_mmag_1773	qaidam_basin_mmag_1773_L_0707_15_20bin63	1	1	qaidam_basin_mmag_1773|qaidam_basin_mmag_1773_L_0707_15_20bin63|k141_1326789_length_88520_cov_39.3672_42	-4	4	-	+	other	Respiratory-chain NADH dehydrogenase, 30 Kd subunit	-	ko:K00332	Complex1_30kDa
qaidam_basin_mmag_1773|qaidam_basin_mmag_1773_L_0707_15_20bin63|k141_1326789_length_88520_cov_39.3672_46	qaidam_basin_mmag_1773	qaidam_basin_mmag_1773_L_0707_15_20bin63	1	1	qaidam_basin_mmag_1773|qaidam_basin_mmag_1773_L_0707_15_20bin63|k141_1326789_length_88520_cov_39.3672_43	-3	3	-	+	other	NDH-1 shuttles electrons from NADH, via FMN and iron- sulfur (Fe-S) centers, to quinones in the respiratory chain. The immediate electron acceptor for the enzyme in this species is believed to be a menaquinone. Couples the redox reaction to proton translocation (for every two electrons transferred, four hydrogen ions are translocated across the cytoplasmic membrane), and thus conserves the redox energy in a proton gradient	-	ko:K00331	Oxidored_q6
qaidam_basin_mmag_1773|qaidam_basin_mmag_1773_L_0707_15_20bin63|k141_1326789_length_88520_cov_39.3672_46	qaidam_basin_mmag_1773	qaidam_basin_mmag_1773_L_0707_15_20bin63	1	1	qaidam_basin_mmag_1773|qaidam_basin_mmag_1773_L_0707_15_20bin63|k141_1326789_length_88520_cov_39.3672_44	-2	2	-	+	other	NDH-1 shuttles electrons from NADH, via FMN and iron- sulfur (Fe-S) centers, to quinones in the respiratory chain	-	ko:K00330	Oxidored_q4
qaidam_basin_mmag_1773|qaidam_basin_mmag_1773_L_0707_15_20bin63|k141_1326789_length_88520_cov_39.3672_46	qaidam_basin_mmag_1773	qaidam_basin_mmag_1773_L_0707_15_20bin63	1	1	qaidam_basin_mmag_1773|qaidam_basin_mmag_1773_L_0707_15_20bin63|k141_1326789_length_88520_cov_39.3672_45	-1	1	-	+	unresolved	-	-	-	-
qaidam_basin_mmag_1773|qaidam_basin_mmag_1773_L_0707_15_20bin63|k141_1326789_length_88520_cov_39.3672_46	qaidam_basin_mmag_1773	qaidam_basin_mmag_1773_L_0707_15_20bin63	1	1	qaidam_basin_mmag_1773|qaidam_basin_mmag_1773_L_0707_15_20bin63|k141_1326789_length_88520_cov_39.3672_46	0	0	-	+	target	-	-	-	-
qaidam_basin_mmag_1773|qaidam_basin_mmag_1773_L_0707_15_20bin63|k141_1326789_length_88520_cov_39.3672_46	qaidam_basin_mmag_1773	qaidam_basin_mmag_1773_L_0707_15_20bin63	1	1	qaidam_basin_mmag_1773|qaidam_basin_mmag_1773_L_0707_15_20bin63|k141_1326789_length_88520_cov_39.3672_47	1	-1	-	+	other	Rieske 2Fe-2S	-	-	Rieske
qaidam_basin_mmag_1773|qaidam_basin_mmag_1773_L_0707_15_20bin63|k141_1326789_length_88520_cov_39.3672_46	qaidam_basin_mmag_1773	qaidam_basin_mmag_1773_L_0707_15_20bin63	1	1	qaidam_basin_mmag_1773|qaidam_basin_mmag_1773_L_0707_15_20bin63|k141_1326789_length_88520_cov_39.3672_48	2	-2	-	+	cyto_b_C	Cytochrome b(C-terminal)/b6/petD	-	-	Cytochrom_B_C
qaidam_basin_mmag_1773|qaidam_basin_mmag_1773_L_0707_15_20bin63|k141_1326789_length_88520_cov_39.3672_46	qaidam_basin_mmag_1773	qaidam_basin_mmag_1773_L_0707_15_20bin63	1	1	qaidam_basin_mmag_1773|qaidam_basin_mmag_1773_L_0707_15_20bin63|k141_1326789_length_88520_cov_39.3672_49	3	-3	-	+	cyto_b_N	Cytochrome b/b6/petB	-	ko:K03891	Cytochrom_B_N_2
qaidam_basin_mmag_1773|qaidam_basin_mmag_1773_L_0707_15_20bin63|k141_1326789_length_88520_cov_39.3672_46	qaidam_basin_mmag_1773	qaidam_basin_mmag_1773_L_0707_15_20bin63	1	1	qaidam_basin_mmag_1773|qaidam_basin_mmag_1773_L_0707_15_20bin63|k141_1326789_length_88520_cov_39.3672_50	4	-4	-	+	other	4Fe-4S dicluster domain	-	-	Fer4,Fer4_10
qaidam_basin_mmag_1773|qaidam_basin_mmag_1773_L_0707_15_20bin63|k141_1326789_length_88520_cov_39.3672_46	qaidam_basin_mmag_1773	qaidam_basin_mmag_1773_L_0707_15_20bin63	1	1	qaidam_basin_mmag_1773|qaidam_basin_mmag_1773_L_0707_15_20bin63|k141_1326789_length_88520_cov_39.3672_51	5	-5	-	+	unresolved	-	-	-	-
qaidam_basin_mmag_1773|qaidam_basin_mmag_1773_L_0707_15_20bin6|k141_1173871_length_6333_cov_26.1633_1	qaidam_basin_mmag_1773	qaidam_basin_mmag_1773_L_0707_15_20bin6	0	1	qaidam_basin_mmag_1773|qaidam_basin_mmag_1773_L_0707_15_20bin6|k141_1173871_length_6333_cov_26.1633_1	0	0	-	+	target	-	-	-	-
qaidam_basin_mmag_1773|qaidam_basin_mmag_1773_L_0707_15_20bin6|k141_1173871_length_6333_cov_26.1633_1	qaidam_basin_mmag_1773	qaidam_basin_mmag_1773_L_0707_15_20bin6	0	1	qaidam_basin_mmag_1773|qaidam_basin_mmag_1773_L_0707_15_20bin6|k141_1173871_length_6333_cov_26.1633_2	1	-1	-	+	other	Rieske 2Fe-2S	-	-	Rieske
qaidam_basin_mmag_1773|qaidam_basin_mmag_1773_L_0707_15_20bin6|k141_1173871_length_6333_cov_26.1633_1	qaidam_basin_mmag_1773	qaidam_basin_mmag_1773_L_0707_15_20bin6	0	1	qaidam_basin_mmag_1773|qaidam_basin_mmag_1773_L_0707_15_20bin6|k141_1173871_length_6333_cov_26.1633_3	2	-2	-	+	cyto_b_C	Cytochrome b(C-terminal)/b6/petD	-	-	Cytochrom_B_C
qaidam_basin_mmag_1773|qaidam_basin_mmag_1773_L_0707_15_20bin6|k141_1173871_length_6333_cov_26.1633_1	qaidam_basin_mmag_1773	qaidam_basin_mmag_1773_L_0707_15_20bin6	0	1	qaidam_basin_mmag_1773|qaidam_basin_mmag_1773_L_0707_15_20bin6|k141_1173871_length_6333_cov_26.1633_4	3	-3	-	+	cyto_b_N	Cytochrome b/b6/petB	-	ko:K03891	Cytochrom_B_N_2
qaidam_basin_mmag_1773|qaidam_basin_mmag_1773_L_0707_15_20bin6|k141_1173871_length_6333_cov_26.1633_1	qaidam_basin_mmag_1773	qaidam_basin_mmag_1773_L_0707_15_20bin6	0	1	qaidam_basin_mmag_1773|qaidam_basin_mmag_1773_L_0707_15_20bin6|k141_1173871_length_6333_cov_26.1633_5	4	-4	-	+	unresolved	-	-	-	-
qaidam_basin_mmag_1773|qaidam_basin_mmag_1773_L_0707_15_20bin6|k141_1173871_length_6333_cov_26.1633_1	qaidam_basin_mmag_1773	qaidam_basin_mmag_1773_L_0707_15_20bin6	0	1	qaidam_basin_mmag_1773|qaidam_basin_mmag_1773_L_0707_15_20bin6|k141_1173871_length_6333_cov_26.1633_6	5	-5	-	+	unresolved	-	-	-	-
qaidam_basin_mmag_1773|qaidam_basin_mmag_1773_L_0707_2_5bin11|k141_47600_length_31998_cov_409.8271_32	qaidam_basin_mmag_1773	qaidam_basin_mmag_1773_L_0707_2_5bin11	1	1	qaidam_basin_mmag_1773|qaidam_basin_mmag_1773_L_0707_2_5bin11|k141_47600_length_31998_cov_409.8271_27	-5	-5	+	+	unresolved	-	-	-	-
qaidam_basin_mmag_1773|qaidam_basin_mmag_1773_L_0707_2_5bin11|k141_47600_length_31998_cov_409.8271_32	qaidam_basin_mmag_1773	qaidam_basin_mmag_1773_L_0707_2_5bin11	1	1	qaidam_basin_mmag_1773|qaidam_basin_mmag_1773_L_0707_2_5bin11|k141_47600_length_31998_cov_409.8271_28	-4	-4	+	+	unresolved	-	-	-	-
qaidam_basin_mmag_1773|qaidam_basin_mmag_1773_L_0707_2_5bin11|k141_47600_length_31998_cov_409.8271_32	qaidam_basin_mmag_1773	qaidam_basin_mmag_1773_L_0707_2_5bin11	1	1	qaidam_basin_mmag_1773|qaidam_basin_mmag_1773_L_0707_2_5bin11|k141_47600_length_31998_cov_409.8271_29	-3	-3	+	+	cyto_b_N	Cytochrome b/b6/petB	-	ko:K03891	Cytochrom_B_N_2
qaidam_basin_mmag_1773|qaidam_basin_mmag_1773_L_0707_2_5bin11|k141_47600_length_31998_cov_409.8271_32	qaidam_basin_mmag_1773	qaidam_basin_mmag_1773_L_0707_2_5bin11	1	1	qaidam_basin_mmag_1773|qaidam_basin_mmag_1773_L_0707_2_5bin11|k141_47600_length_31998_cov_409.8271_30	-2	-2	+	+	cyto_b_C	Cytochrome b(C-terminal)/b6/petD	-	-	Cytochrom_B_C
qaidam_basin_mmag_1773|qaidam_basin_mmag_1773_L_0707_2_5bin11|k141_47600_length_31998_cov_409.8271_32	qaidam_basin_mmag_1773	qaidam_basin_mmag_1773_L_0707_2_5bin11	1	1	qaidam_basin_mmag_1773|qaidam_basin_mmag_1773_L_0707_2_5bin11|k141_47600_length_31998_cov_409.8271_31	-1	-1	+	+	unresolved	-	-	-	-
qaidam_basin_mmag_1773|qaidam_basin_mmag_1773_L_0707_2_5bin11|k141_47600_length_31998_cov_409.8271_32	qaidam_basin_mmag_1773	qaidam_basin_mmag_1773_L_0707_2_5bin11	1	1	qaidam_basin_mmag_1773|qaidam_basin_mmag_1773_L_0707_2_5bin11|k141_47600_length_31998_cov_409.8271_32	0	0	+	+	target	-	-	-	-
qaidam_basin_mmag_1773|qaidam_basin_mmag_1773_L_0707_2_5bin11|k141_47600_length_31998_cov_409.8271_32	qaidam_basin_mmag_1773	qaidam_basin_mmag_1773_L_0707_2_5bin11	1	1	qaidam_basin_mmag_1773|qaidam_basin_mmag_1773_L_0707_2_5bin11|k141_47600_length_31998_cov_409.8271_33	1	1	+	+	unresolved	-	-	-	-
qaidam_basin_mmag_1773|qaidam_basin_mmag_1773_L_0707_2_5bin11|k141_47600_length_31998_cov_409.8271_32	qaidam_basin_mmag_1773	qaidam_basin_mmag_1773_L_0707_2_5bin11	1	1	qaidam_basin_mmag_1773|qaidam_basin_mmag_1773_L_0707_2_5bin11|k141_47600_length_31998_cov_409.8271_34	2	2	+	+	unresolved	-	-	-	-
qaidam_basin_mmag_1773|qaidam_basin_mmag_1773_L_0707_2_5bin11|k141_47600_length_31998_cov_409.8271_32	qaidam_basin_mmag_1773	qaidam_basin_mmag_1773_L_0707_2_5bin11	1	1	qaidam_basin_mmag_1773|qaidam_basin_mmag_1773_L_0707_2_5bin11|k141_47600_length_31998_cov_409.8271_35	3	3	-	-	unresolved	-	-	-	-
qaidam_basin_mmag_1773|qaidam_basin_mmag_1773_L_0707_2_5bin11|k141_47600_length_31998_cov_409.8271_32	qaidam_basin_mmag_1773	qaidam_basin_mmag_1773_L_0707_2_5bin11	1	1	qaidam_basin_mmag_1773|qaidam_basin_mmag_1773_L_0707_2_5bin11|k141_47600_length_31998_cov_409.8271_36	4	4	-	-	other	Aminotransferase class-III	hemL	ko:K01845	Aminotran_3
qaidam_basin_mmag_1773|qaidam_basin_mmag_1773_L_0707_2_5bin11|k141_47600_length_31998_cov_409.8271_32	qaidam_basin_mmag_1773	qaidam_basin_mmag_1773_L_0707_2_5bin11	1	1	qaidam_basin_mmag_1773|qaidam_basin_mmag_1773_L_0707_2_5bin11|k141_47600_length_31998_cov_409.8271_37	5	5	-	-	other	Delta-aminolevulinic acid dehydratase	hemB	ko:K01698	ALAD
qaidam_basin_mmag_1773|qaidam_basin_mmag_1773_L_0707_2_5bin30|k141_1525004_length_20847_cov_29.8884_22	qaidam_basin_mmag_1773	qaidam_basin_mmag_1773_L_0707_2_5bin30	0	1	qaidam_basin_mmag_1773|qaidam_basin_mmag_1773_L_0707_2_5bin30|k141_1525004_length_20847_cov_29.8884_17	-5	5	+	-	other	Delta-aminolevulinic acid dehydratase	hemB	ko:K01698	ALAD
qaidam_basin_mmag_1773|qaidam_basin_mmag_1773_L_0707_2_5bin30|k141_1525004_length_20847_cov_29.8884_22	qaidam_basin_mmag_1773	qaidam_basin_mmag_1773_L_0707_2_5bin30	0	1	qaidam_basin_mmag_1773|qaidam_basin_mmag_1773_L_0707_2_5bin30|k141_1525004_length_20847_cov_29.8884_18	-4	4	+	-	other	Aminotransferase class-III	hemL	ko:K01845	Aminotran_3
qaidam_basin_mmag_1773|qaidam_basin_mmag_1773_L_0707_2_5bin30|k141_1525004_length_20847_cov_29.8884_22	qaidam_basin_mmag_1773	qaidam_basin_mmag_1773_L_0707_2_5bin30	0	1	qaidam_basin_mmag_1773|qaidam_basin_mmag_1773_L_0707_2_5bin30|k141_1525004_length_20847_cov_29.8884_19	-3	3	+	-	unresolved	-	-	-	-
qaidam_basin_mmag_1773|qaidam_basin_mmag_1773_L_0707_2_5bin30|k141_1525004_length_20847_cov_29.8884_22	qaidam_basin_mmag_1773	qaidam_basin_mmag_1773_L_0707_2_5bin30	0	1	qaidam_basin_mmag_1773|qaidam_basin_mmag_1773_L_0707_2_5bin30|k141_1525004_length_20847_cov_29.8884_20	-2	2	-	+	unresolved	-	-	-	-
qaidam_basin_mmag_1773|qaidam_basin_mmag_1773_L_0707_2_5bin30|k141_1525004_length_20847_cov_29.8884_22	qaidam_basin_mmag_1773	qaidam_basin_mmag_1773_L_0707_2_5bin30	0	1	qaidam_basin_mmag_1773|qaidam_basin_mmag_1773_L_0707_2_5bin30|k141_1525004_length_20847_cov_29.8884_21	-1	1	-	+	unresolved	-	-	-	-
qaidam_basin_mmag_1773|qaidam_basin_mmag_1773_L_0707_2_5bin30|k141_1525004_length_20847_cov_29.8884_22	qaidam_basin_mmag_1773	qaidam_basin_mmag_1773_L_0707_2_5bin30	0	1	qaidam_basin_mmag_1773|qaidam_basin_mmag_1773_L_0707_2_5bin30|k141_1525004_length_20847_cov_29.8884_22	0	0	-	+	target	-	-	-	-
qaidam_basin_mmag_1773|qaidam_basin_mmag_1773_L_0707_2_5bin30|k141_1525004_length_20847_cov_29.8884_22	qaidam_basin_mmag_1773	qaidam_basin_mmag_1773_L_0707_2_5bin30	0	1	qaidam_basin_mmag_1773|qaidam_basin_mmag_1773_L_0707_2_5bin30|k141_1525004_length_20847_cov_29.8884_23	1	-1	-	+	unresolved	-	-	-	-
qaidam_basin_mmag_1773|qaidam_basin_mmag_1773_L_0707_2_5bin30|k141_1525004_length_20847_cov_29.8884_22	qaidam_basin_mmag_1773	qaidam_basin_mmag_1773_L_0707_2_5bin30	0	1	qaidam_basin_mmag_1773|qaidam_basin_mmag_1773_L_0707_2_5bin30|k141_1525004_length_20847_cov_29.8884_24	2	-2	-	+	cyto_b_C	Cytochrome b(C-terminal)/b6/petD	-	-	Cytochrom_B_C
qaidam_basin_mmag_1773|qaidam_basin_mmag_1773_L_0707_2_5bin30|k141_1525004_length_20847_cov_29.8884_22	qaidam_basin_mmag_1773	qaidam_basin_mmag_1773_L_0707_2_5bin30	0	1	qaidam_basin_mmag_1773|qaidam_basin_mmag_1773_L_0707_2_5bin30|k141_1525004_length_20847_cov_29.8884_25	3	-3	-	+	cyto_b_N	Cytochrome b/b6/petB	-	ko:K03891	Cytochrom_B_N_2
qaidam_basin_mmag_1773|qaidam_basin_mmag_1773_L_0707_2_5bin30|k141_1525004_length_20847_cov_29.8884_22	qaidam_basin_mmag_1773	qaidam_basin_mmag_1773_L_0707_2_5bin30	0	1	qaidam_basin_mmag_1773|qaidam_basin_mmag_1773_L_0707_2_5bin30|k141_1525004_length_20847_cov_29.8884_26	4	-4	-	+	unresolved	-	-	-	-
qaidam_basin_mmag_1773|qaidam_basin_mmag_1773_L_0707_2_5bin60|k141_519793_length_3328_cov_17.0000_2	qaidam_basin_mmag_1773	qaidam_basin_mmag_1773_L_0707_2_5bin60	0	1	qaidam_basin_mmag_1773|qaidam_basin_mmag_1773_L_0707_2_5bin60|k141_519793_length_3328_cov_17.0000_1	-1	1	-	+	unresolved	-	-	-	-
qaidam_basin_mmag_1773|qaidam_basin_mmag_1773_L_0707_2_5bin60|k141_519793_length_3328_cov_17.0000_2	qaidam_basin_mmag_1773	qaidam_basin_mmag_1773_L_0707_2_5bin60	0	1	qaidam_basin_mmag_1773|qaidam_basin_mmag_1773_L_0707_2_5bin60|k141_519793_length_3328_cov_17.0000_2	0	0	-	+	target	-	-	-	-
qaidam_basin_mmag_1773|qaidam_basin_mmag_1773_L_0707_2_5bin60|k141_519793_length_3328_cov_17.0000_2	qaidam_basin_mmag_1773	qaidam_basin_mmag_1773_L_0707_2_5bin60	0	1	qaidam_basin_mmag_1773|qaidam_basin_mmag_1773_L_0707_2_5bin60|k141_519793_length_3328_cov_17.0000_3	1	-1	-	+	other	Rieske 2Fe-2S	-	-	Rieske
qaidam_basin_mmag_1773|qaidam_basin_mmag_1773_L_0707_2_5bin60|k141_519793_length_3328_cov_17.0000_2	qaidam_basin_mmag_1773	qaidam_basin_mmag_1773_L_0707_2_5bin60	0	1	qaidam_basin_mmag_1773|qaidam_basin_mmag_1773_L_0707_2_5bin60|k141_519793_length_3328_cov_17.0000_4	2	-2	-	+	cyto_b_C	Cytochrome b(C-terminal)/b6/petD	-	-	Cytochrom_B_C
qaidam_basin_mmag_1773|qaidam_basin_mmag_1773_L_0707_2_5bin63|k141_1149615_length_21874_cov_13.4926_2	qaidam_basin_mmag_1773	qaidam_basin_mmag_1773_L_0707_2_5bin63	0	0	qaidam_basin_mmag_1773|qaidam_basin_mmag_1773_L_0707_2_5bin63|k141_1149615_length_21874_cov_13.4926_1	-1	-1	+	+	other	Rieske 2Fe-2S	-	-	Rieske
qaidam_basin_mmag_1773|qaidam_basin_mmag_1773_L_0707_2_5bin63|k141_1149615_length_21874_cov_13.4926_2	qaidam_basin_mmag_1773	qaidam_basin_mmag_1773_L_0707_2_5bin63	0	0	qaidam_basin_mmag_1773|qaidam_basin_mmag_1773_L_0707_2_5bin63|k141_1149615_length_21874_cov_13.4926_2	0	0	+	+	target	-	-	-	-
qaidam_basin_mmag_1773|qaidam_basin_mmag_1773_L_0707_2_5bin63|k141_1149615_length_21874_cov_13.4926_2	qaidam_basin_mmag_1773	qaidam_basin_mmag_1773_L_0707_2_5bin63	0	0	qaidam_basin_mmag_1773|qaidam_basin_mmag_1773_L_0707_2_5bin63|k141_1149615_length_21874_cov_13.4926_3	1	1	+	+	unresolved	-	-	-	-
qaidam_basin_mmag_1773|qaidam_basin_mmag_1773_L_0707_2_5bin63|k141_1149615_length_21874_cov_13.4926_2	qaidam_basin_mmag_1773	qaidam_basin_mmag_1773_L_0707_2_5bin63	0	0	qaidam_basin_mmag_1773|qaidam_basin_mmag_1773_L_0707_2_5bin63|k141_1149615_length_21874_cov_13.4926_4	2	2	+	+	other	NDH-1 shuttles electrons from NADH, via FMN and iron- sulfur (Fe-S) centers, to quinones in the respiratory chain	-	ko:K00330	Oxidored_q4
qaidam_basin_mmag_1773|qaidam_basin_mmag_1773_L_0707_2_5bin63|k141_1149615_length_21874_cov_13.4926_2	qaidam_basin_mmag_1773	qaidam_basin_mmag_1773_L_0707_2_5bin63	0	0	qaidam_basin_mmag_1773|qaidam_basin_mmag_1773_L_0707_2_5bin63|k141_1149615_length_21874_cov_13.4926_5	3	3	+	+	other	NDH-1 shuttles electrons from NADH, via FMN and iron- sulfur (Fe-S) centers, to quinones in the respiratory chain. The immediate electron acceptor for the enzyme in this species is believed to be a menaquinone. Couples the redox reaction to proton translocation (for every two electrons transferred, four hydrogen ions are translocated across the cytoplasmic membrane), and thus conserves the redox energy in a proton gradient	-	ko:K00331	Oxidored_q6
qaidam_basin_mmag_1773|qaidam_basin_mmag_1773_L_0707_2_5bin63|k141_1149615_length_21874_cov_13.4926_2	qaidam_basin_mmag_1773	qaidam_basin_mmag_1773_L_0707_2_5bin63	0	0	qaidam_basin_mmag_1773|qaidam_basin_mmag_1773_L_0707_2_5bin63|k141_1149615_length_21874_cov_13.4926_6	4	4	+	+	other	Respiratory-chain NADH dehydrogenase, 30 Kd subunit	-	ko:K00332	Complex1_30kDa
qaidam_basin_mmag_1773|qaidam_basin_mmag_1773_L_0707_2_5bin63|k141_1149615_length_21874_cov_13.4926_2	qaidam_basin_mmag_1773	qaidam_basin_mmag_1773_L_0707_2_5bin63	0	0	qaidam_basin_mmag_1773|qaidam_basin_mmag_1773_L_0707_2_5bin63|k141_1149615_length_21874_cov_13.4926_7	5	5	+	+	other	NDH-1 shuttles electrons from NADH, via FMN and iron- sulfur (Fe-S) centers, to quinones in the respiratory chain. The immediate electron acceptor for the enzyme in this species is believed to be a menaquinone. Couples the redox reaction to proton translocation (for every two electrons transferred, four hydrogen ions are translocated across the cytoplasmic membrane), and thus conserves the redox energy in a proton gradient	-	ko:K00333	Complex1_49kDa
qaidam_basin_mmag_1773|qaidam_basin_mmag_1773_L_0707_40_50bin16|k141_944051_length_17341_cov_27.3513_18	qaidam_basin_mmag_1773	qaidam_basin_mmag_1773_L_0707_40_50bin16	0	1	qaidam_basin_mmag_1773|qaidam_basin_mmag_1773_L_0707_40_50bin16|k141_944051_length_17341_cov_27.3513_13	-5	-5	+	+	unresolved	-	-	-	-
qaidam_basin_mmag_1773|qaidam_basin_mmag_1773_L_0707_40_50bin16|k141_944051_length_17341_cov_27.3513_18	qaidam_basin_mmag_1773	qaidam_basin_mmag_1773_L_0707_40_50bin16	0	1	qaidam_basin_mmag_1773|qaidam_basin_mmag_1773_L_0707_40_50bin16|k141_944051_length_17341_cov_27.3513_14	-4	-4	+	+	other	4Fe-4S dicluster domain	-	-	Fer4,Fer4_10
qaidam_basin_mmag_1773|qaidam_basin_mmag_1773_L_0707_40_50bin16|k141_944051_length_17341_cov_27.3513_18	qaidam_basin_mmag_1773	qaidam_basin_mmag_1773_L_0707_40_50bin16	0	1	qaidam_basin_mmag_1773|qaidam_basin_mmag_1773_L_0707_40_50bin16|k141_944051_length_17341_cov_27.3513_15	-3	-3	+	+	cyto_b_N	Cytochrome b/b6/petB	-	ko:K03891	Cytochrom_B_N_2
qaidam_basin_mmag_1773|qaidam_basin_mmag_1773_L_0707_40_50bin16|k141_944051_length_17341_cov_27.3513_18	qaidam_basin_mmag_1773	qaidam_basin_mmag_1773_L_0707_40_50bin16	0	1	qaidam_basin_mmag_1773|qaidam_basin_mmag_1773_L_0707_40_50bin16|k141_944051_length_17341_cov_27.3513_16	-2	-2	+	+	cyto_b_C	Cytochrome b(C-terminal)/b6/petD	-	-	Cytochrom_B_C
qaidam_basin_mmag_1773|qaidam_basin_mmag_1773_L_0707_40_50bin16|k141_944051_length_17341_cov_27.3513_18	qaidam_basin_mmag_1773	qaidam_basin_mmag_1773_L_0707_40_50bin16	0	1	qaidam_basin_mmag_1773|qaidam_basin_mmag_1773_L_0707_40_50bin16|k141_944051_length_17341_cov_27.3513_17	-1	-1	+	+	other	Rieske 2Fe-2S	-	-	Rieske
qaidam_basin_mmag_1773|qaidam_basin_mmag_1773_L_0707_40_50bin16|k141_944051_length_17341_cov_27.3513_18	qaidam_basin_mmag_1773	qaidam_basin_mmag_1773_L_0707_40_50bin16	0	1	qaidam_basin_mmag_1773|qaidam_basin_mmag_1773_L_0707_40_50bin16|k141_944051_length_17341_cov_27.3513_18	0	0	+	+	target	-	-	-	-
qaidam_basin_mmag_1773|qaidam_basin_mmag_1773_L_0707_40_50bin52|k141_94661_length_85364_cov_256.0000_81	qaidam_basin_mmag_1773	qaidam_basin_mmag_1773_L_0707_40_50bin52	0	1	qaidam_basin_mmag_1773|qaidam_basin_mmag_1773_L_0707_40_50bin52|k141_94661_length_85364_cov_256.0000_76	-5	5	+	-	other	Belongs to the ALAD family	hemB	ko:K01698	ALAD
qaidam_basin_mmag_1773|qaidam_basin_mmag_1773_L_0707_40_50bin52|k141_94661_length_85364_cov_256.0000_81	qaidam_basin_mmag_1773	qaidam_basin_mmag_1773_L_0707_40_50bin52	0	1	qaidam_basin_mmag_1773|qaidam_basin_mmag_1773_L_0707_40_50bin52|k141_94661_length_85364_cov_256.0000_77	-4	4	+	-	other	PFAM aminotransferase class-III	hemL	ko:K01845	Aminotran_3
qaidam_basin_mmag_1773|qaidam_basin_mmag_1773_L_0707_40_50bin52|k141_94661_length_85364_cov_256.0000_81	qaidam_basin_mmag_1773	qaidam_basin_mmag_1773_L_0707_40_50bin52	0	1	qaidam_basin_mmag_1773|qaidam_basin_mmag_1773_L_0707_40_50bin52|k141_94661_length_85364_cov_256.0000_78	-3	3	-	+	other	helicase	dinG	ko:K03722	DEAD,Helicase_C_2
qaidam_basin_mmag_1773|qaidam_basin_mmag_1773_L_0707_40_50bin52|k141_94661_length_85364_cov_256.0000_81	qaidam_basin_mmag_1773	qaidam_basin_mmag_1773_L_0707_40_50bin52	0	1	qaidam_basin_mmag_1773|qaidam_basin_mmag_1773_L_0707_40_50bin52|k141_94661_length_85364_cov_256.0000_79	-2	2	-	+	unresolved	-	-	-	-
qaidam_basin_mmag_1773|qaidam_basin_mmag_1773_L_0707_40_50bin52|k141_94661_length_85364_cov_256.0000_81	qaidam_basin_mmag_1773	qaidam_basin_mmag_1773_L_0707_40_50bin52	0	1	qaidam_basin_mmag_1773|qaidam_basin_mmag_1773_L_0707_40_50bin52|k141_94661_length_85364_cov_256.0000_80	-1	1	-	+	unresolved	-	-	-	-
qaidam_basin_mmag_1773|qaidam_basin_mmag_1773_L_0707_40_50bin52|k141_94661_length_85364_cov_256.0000_81	qaidam_basin_mmag_1773	qaidam_basin_mmag_1773_L_0707_40_50bin52	0	1	qaidam_basin_mmag_1773|qaidam_basin_mmag_1773_L_0707_40_50bin52|k141_94661_length_85364_cov_256.0000_81	0	0	-	+	target	-	-	-	-
qaidam_basin_mmag_1773|qaidam_basin_mmag_1773_L_0707_40_50bin52|k141_94661_length_85364_cov_256.0000_81	qaidam_basin_mmag_1773	qaidam_basin_mmag_1773_L_0707_40_50bin52	0	1	qaidam_basin_mmag_1773|qaidam_basin_mmag_1773_L_0707_40_50bin52|k141_94661_length_85364_cov_256.0000_82	1	-1	-	+	other	oxidoreductase activity, acting on diphenols and related substances as donors	-	ko:K02636,ko:K03886	Rieske
qaidam_basin_mmag_1773|qaidam_basin_mmag_1773_L_0707_40_50bin52|k141_94661_length_85364_cov_256.0000_81	qaidam_basin_mmag_1773	qaidam_basin_mmag_1773_L_0707_40_50bin52	0	1	qaidam_basin_mmag_1773|qaidam_basin_mmag_1773_L_0707_40_50bin52|k141_94661_length_85364_cov_256.0000_83	2	-2	-	+	cyto_b_C	Cytochrome b(C-terminal)/b6/petD	-	-	Cytochrom_B_C
qaidam_basin_mmag_1773|qaidam_basin_mmag_1773_L_0707_40_50bin52|k141_94661_length_85364_cov_256.0000_81	qaidam_basin_mmag_1773	qaidam_basin_mmag_1773_L_0707_40_50bin52	0	1	qaidam_basin_mmag_1773|qaidam_basin_mmag_1773_L_0707_40_50bin52|k141_94661_length_85364_cov_256.0000_84	3	-3	-	+	other	Cupin domain	-	-	Cupin_2
qaidam_basin_mmag_1773|qaidam_basin_mmag_1773_L_0707_40_50bin5|k141_191208_length_18020_cov_12.0000_9	qaidam_basin_mmag_1773	qaidam_basin_mmag_1773_L_0707_40_50bin5	1	1	qaidam_basin_mmag_1773|qaidam_basin_mmag_1773_L_0707_40_50bin5|k141_191208_length_18020_cov_12.0000_4	-5	5	+	-	other	Belongs to the precorrin methyltransferase family	cobA	ko:K13542	HEM4,TP_methylase
qaidam_basin_mmag_1773|qaidam_basin_mmag_1773_L_0707_40_50bin5|k141_191208_length_18020_cov_12.0000_9	qaidam_basin_mmag_1773	qaidam_basin_mmag_1773_L_0707_40_50bin5	1	1	qaidam_basin_mmag_1773|qaidam_basin_mmag_1773_L_0707_40_50bin5|k141_191208_length_18020_cov_12.0000_5	-4	4	+	-	other	Belongs to the ALAD family	hemB	ko:K01698	ALAD
qaidam_basin_mmag_1773|qaidam_basin_mmag_1773_L_0707_40_50bin5|k141_191208_length_18020_cov_12.0000_9	qaidam_basin_mmag_1773	qaidam_basin_mmag_1773_L_0707_40_50bin5	1	1	qaidam_basin_mmag_1773|qaidam_basin_mmag_1773_L_0707_40_50bin5|k141_191208_length_18020_cov_12.0000_6	-3	3	+	-	other	Aminotransferase class-III	hemL	ko:K01845	Aminotran_3
qaidam_basin_mmag_1773|qaidam_basin_mmag_1773_L_0707_40_50bin5|k141_191208_length_18020_cov_12.0000_9	qaidam_basin_mmag_1773	qaidam_basin_mmag_1773_L_0707_40_50bin5	1	1	qaidam_basin_mmag_1773|qaidam_basin_mmag_1773_L_0707_40_50bin5|k141_191208_length_18020_cov_12.0000_7	-2	2	-	+	unresolved	-	-	-	-
qaidam_basin_mmag_1773|qaidam_basin_mmag_1773_L_0707_40_50bin5|k141_191208_length_18020_cov_12.0000_9	qaidam_basin_mmag_1773	qaidam_basin_mmag_1773_L_0707_40_50bin5	1	1	qaidam_basin_mmag_1773|qaidam_basin_mmag_1773_L_0707_40_50bin5|k141_191208_length_18020_cov_12.0000_8	-1	1	-	+	unresolved	-	-	-	-
qaidam_basin_mmag_1773|qaidam_basin_mmag_1773_L_0707_40_50bin5|k141_191208_length_18020_cov_12.0000_9	qaidam_basin_mmag_1773	qaidam_basin_mmag_1773_L_0707_40_50bin5	1	1	qaidam_basin_mmag_1773|qaidam_basin_mmag_1773_L_0707_40_50bin5|k141_191208_length_18020_cov_12.0000_9	0	0	-	+	target	-	-	-	-
qaidam_basin_mmag_1773|qaidam_basin_mmag_1773_L_0707_40_50bin5|k141_191208_length_18020_cov_12.0000_9	qaidam_basin_mmag_1773	qaidam_basin_mmag_1773_L_0707_40_50bin5	1	1	qaidam_basin_mmag_1773|qaidam_basin_mmag_1773_L_0707_40_50bin5|k141_191208_length_18020_cov_12.0000_10	1	-1	-	+	other	Rieske 2Fe-2S	-	-	Rieske
qaidam_basin_mmag_1773|qaidam_basin_mmag_1773_L_0707_40_50bin5|k141_191208_length_18020_cov_12.0000_9	qaidam_basin_mmag_1773	qaidam_basin_mmag_1773_L_0707_40_50bin5	1	1	qaidam_basin_mmag_1773|qaidam_basin_mmag_1773_L_0707_40_50bin5|k141_191208_length_18020_cov_12.0000_11	2	-2	-	+	cyto_b_C	Cytochrome b(C-terminal)/b6/petD	-	-	Cytochrom_B_C
qaidam_basin_mmag_1773|qaidam_basin_mmag_1773_L_0707_40_50bin5|k141_191208_length_18020_cov_12.0000_9	qaidam_basin_mmag_1773	qaidam_basin_mmag_1773_L_0707_40_50bin5	1	1	qaidam_basin_mmag_1773|qaidam_basin_mmag_1773_L_0707_40_50bin5|k141_191208_length_18020_cov_12.0000_12	3	-3	-	+	cyto_b_N	Cytochrome b/b6/petB	-	ko:K03891	Cytochrom_B_N_2
qaidam_basin_mmag_1773|qaidam_basin_mmag_1773_L_0707_40_50bin5|k141_191208_length_18020_cov_12.0000_9	qaidam_basin_mmag_1773	qaidam_basin_mmag_1773_L_0707_40_50bin5	1	1	qaidam_basin_mmag_1773|qaidam_basin_mmag_1773_L_0707_40_50bin5|k141_191208_length_18020_cov_12.0000_13	4	-4	-	+	other	4Fe-4S dicluster domain	-	-	Fer4,Fer4_10
qaidam_basin_mmag_1773|qaidam_basin_mmag_1773_L_0707_40_50bin5|k141_191208_length_18020_cov_12.0000_9	qaidam_basin_mmag_1773	qaidam_basin_mmag_1773_L_0707_40_50bin5	1	1	qaidam_basin_mmag_1773|qaidam_basin_mmag_1773_L_0707_40_50bin5|k141_191208_length_18020_cov_12.0000_14	5	-5	-	+	unresolved	-	-	-	-
qaidam_basin_mmag_1773|qaidam_basin_mmag_1773_L_0707_40_50bin69|k141_994956_length_9011_cov_26.0000_3	qaidam_basin_mmag_1773	qaidam_basin_mmag_1773_L_0707_40_50bin69	0	1	qaidam_basin_mmag_1773|qaidam_basin_mmag_1773_L_0707_40_50bin69|k141_994956_length_9011_cov_26.0000_1	-2	-2	+	+	cyto_b_C	Cytochrome b(C-terminal)/b6/petD	-	-	Cytochrom_B_C
qaidam_basin_mmag_1773|qaidam_basin_mmag_1773_L_0707_40_50bin69|k141_994956_length_9011_cov_26.0000_3	qaidam_basin_mmag_1773	qaidam_basin_mmag_1773_L_0707_40_50bin69	0	1	qaidam_basin_mmag_1773|qaidam_basin_mmag_1773_L_0707_40_50bin69|k141_994956_length_9011_cov_26.0000_2	-1	-1	+	+	other	oxidoreductase activity, acting on diphenols and related substances as donors	-	ko:K02636,ko:K03886	Rieske
qaidam_basin_mmag_1773|qaidam_basin_mmag_1773_L_0707_40_50bin69|k141_994956_length_9011_cov_26.0000_3	qaidam_basin_mmag_1773	qaidam_basin_mmag_1773_L_0707_40_50bin69	0	1	qaidam_basin_mmag_1773|qaidam_basin_mmag_1773_L_0707_40_50bin69|k141_994956_length_9011_cov_26.0000_3	0	0	+	+	target	-	-	-	-
qaidam_basin_mmag_1773|qaidam_basin_mmag_1773_L_0707_40_50bin69|k141_994956_length_9011_cov_26.0000_3	qaidam_basin_mmag_1773	qaidam_basin_mmag_1773_L_0707_40_50bin69	0	1	qaidam_basin_mmag_1773|qaidam_basin_mmag_1773_L_0707_40_50bin69|k141_994956_length_9011_cov_26.0000_4	1	1	+	+	unresolved	-	-	-	-
qaidam_basin_mmag_1773|qaidam_basin_mmag_1773_L_0707_40_50bin69|k141_994956_length_9011_cov_26.0000_3	qaidam_basin_mmag_1773	qaidam_basin_mmag_1773_L_0707_40_50bin69	0	1	qaidam_basin_mmag_1773|qaidam_basin_mmag_1773_L_0707_40_50bin69|k141_994956_length_9011_cov_26.0000_5	2	2	+	+	unresolved	-	-	-	-
qaidam_basin_mmag_1773|qaidam_basin_mmag_1773_L_0707_40_50bin69|k141_994956_length_9011_cov_26.0000_3	qaidam_basin_mmag_1773	qaidam_basin_mmag_1773_L_0707_40_50bin69	0	1	qaidam_basin_mmag_1773|qaidam_basin_mmag_1773_L_0707_40_50bin69|k141_994956_length_9011_cov_26.0000_6	3	3	-	-	other	Aminotransferase class-III	hemL	ko:K01845	Aminotran_3
qaidam_basin_mmag_1773|qaidam_basin_mmag_1773_L_0707_40_50bin69|k141_994956_length_9011_cov_26.0000_3	qaidam_basin_mmag_1773	qaidam_basin_mmag_1773_L_0707_40_50bin69	0	1	qaidam_basin_mmag_1773|qaidam_basin_mmag_1773_L_0707_40_50bin69|k141_994956_length_9011_cov_26.0000_7	4	4	-	-	other	Delta-aminolevulinic acid dehydratase	hemB	ko:K01698	ALAD
qaidam_basin_mmag_1773|qaidam_basin_mmag_1773_L_0707_40_50bin69|k141_994956_length_9011_cov_26.0000_3	qaidam_basin_mmag_1773	qaidam_basin_mmag_1773_L_0707_40_50bin69	0	1	qaidam_basin_mmag_1773|qaidam_basin_mmag_1773_L_0707_40_50bin69|k141_994956_length_9011_cov_26.0000_8	5	5	-	-	heme	Tetrapolymerization of the monopyrrole PBG into the hydroxymethylbilane pre-uroporphyrinogen in several discrete steps	hemC	ko:K01749	Porphobil_deam,Porphobil_deamC
qaidam_basin_mmag_1773|qaidam_basin_mmag_1773_L_21_NSL5_10bin15|k141_1003652_length_2725_cov_53.6389_2	qaidam_basin_mmag_1773	qaidam_basin_mmag_1773_L_21_NSL5_10bin15	0	0	qaidam_basin_mmag_1773|qaidam_basin_mmag_1773_L_21_NSL5_10bin15|k141_1003652_length_2725_cov_53.6389_1	-1	1	-	+	unresolved	-	-	-	-
qaidam_basin_mmag_1773|qaidam_basin_mmag_1773_L_21_NSL5_10bin15|k141_1003652_length_2725_cov_53.6389_2	qaidam_basin_mmag_1773	qaidam_basin_mmag_1773_L_21_NSL5_10bin15	0	0	qaidam_basin_mmag_1773|qaidam_basin_mmag_1773_L_21_NSL5_10bin15|k141_1003652_length_2725_cov_53.6389_2	0	0	-	+	target	-	-	-	-
qaidam_basin_mmag_1773|qaidam_basin_mmag_1773_L_21_NSL5_10bin15|k141_1003652_length_2725_cov_53.6389_2	qaidam_basin_mmag_1773	qaidam_basin_mmag_1773_L_21_NSL5_10bin15	0	0	qaidam_basin_mmag_1773|qaidam_basin_mmag_1773_L_21_NSL5_10bin15|k141_1003652_length_2725_cov_53.6389_3	1	-1	-	+	other	Rieske [2Fe-2S] domain	-	ko:K02636	Rieske
qaidam_basin_mmag_1773|qaidam_basin_mmag_1773_NSL1015bin20|k141_260066_length_8084_cov_131.4498_4	qaidam_basin_mmag_1773	qaidam_basin_mmag_1773_NSL1015bin20	0	1	qaidam_basin_mmag_1773|qaidam_basin_mmag_1773_NSL1015bin20|k141_260066_length_8084_cov_131.4498_1	-3	-3	+	+	cyto_b_N	Cytochrome b/b6/petB	-	ko:K03891	Cytochrom_B_N_2
qaidam_basin_mmag_1773|qaidam_basin_mmag_1773_NSL1015bin20|k141_260066_length_8084_cov_131.4498_4	qaidam_basin_mmag_1773	qaidam_basin_mmag_1773_NSL1015bin20	0	1	qaidam_basin_mmag_1773|qaidam_basin_mmag_1773_NSL1015bin20|k141_260066_length_8084_cov_131.4498_2	-2	-2	+	+	cyto_b_C	Cytochrome b(C-terminal)/b6/petD	-	-	Cytochrom_B_C
qaidam_basin_mmag_1773|qaidam_basin_mmag_1773_NSL1015bin20|k141_260066_length_8084_cov_131.4498_4	qaidam_basin_mmag_1773	qaidam_basin_mmag_1773_NSL1015bin20	0	1	qaidam_basin_mmag_1773|qaidam_basin_mmag_1773_NSL1015bin20|k141_260066_length_8084_cov_131.4498_3	-1	-1	+	+	unresolved	-	-	-	-
qaidam_basin_mmag_1773|qaidam_basin_mmag_1773_NSL1015bin20|k141_260066_length_8084_cov_131.4498_4	qaidam_basin_mmag_1773	qaidam_basin_mmag_1773_NSL1015bin20	0	1	qaidam_basin_mmag_1773|qaidam_basin_mmag_1773_NSL1015bin20|k141_260066_length_8084_cov_131.4498_4	0	0	+	+	target	-	-	-	-
qaidam_basin_mmag_1773|qaidam_basin_mmag_1773_NSL1015bin20|k141_260066_length_8084_cov_131.4498_4	qaidam_basin_mmag_1773	qaidam_basin_mmag_1773_NSL1015bin20	0	1	qaidam_basin_mmag_1773|qaidam_basin_mmag_1773_NSL1015bin20|k141_260066_length_8084_cov_131.4498_5	1	1	+	+	unresolved	-	-	-	-
qaidam_basin_mmag_1773|qaidam_basin_mmag_1773_NSL1015bin20|k141_260066_length_8084_cov_131.4498_4	qaidam_basin_mmag_1773	qaidam_basin_mmag_1773_NSL1015bin20	0	1	qaidam_basin_mmag_1773|qaidam_basin_mmag_1773_NSL1015bin20|k141_260066_length_8084_cov_131.4498_6	2	2	+	+	unresolved	-	-	-	-
qaidam_basin_mmag_1773|qaidam_basin_mmag_1773_NSL1015bin20|k141_260066_length_8084_cov_131.4498_4	qaidam_basin_mmag_1773	qaidam_basin_mmag_1773_NSL1015bin20	0	1	qaidam_basin_mmag_1773|qaidam_basin_mmag_1773_NSL1015bin20|k141_260066_length_8084_cov_131.4498_7	3	3	+	+	other	Cys/Met metabolism PLP-dependent enzyme	metB	ko:K01739	Cys_Met_Meta_PP
qaidam_basin_mmag_1773|qaidam_basin_mmag_1773_NSL1015bin20|k141_260066_length_8084_cov_131.4498_4	qaidam_basin_mmag_1773	qaidam_basin_mmag_1773_NSL1015bin20	0	1	qaidam_basin_mmag_1773|qaidam_basin_mmag_1773_NSL1015bin20|k141_260066_length_8084_cov_131.4498_8	4	4	-	-	unresolved	-	-	-	-
qaidam_basin_mmag_1773|qaidam_basin_mmag_1773_NSL1015bin20|k141_260066_length_8084_cov_131.4498_4	qaidam_basin_mmag_1773	qaidam_basin_mmag_1773_NSL1015bin20	0	1	qaidam_basin_mmag_1773|qaidam_basin_mmag_1773_NSL1015bin20|k141_260066_length_8084_cov_131.4498_9	5	5	-	-	other	Aminotransferase class-III	hemL	ko:K01845	Aminotran_3
qaidam_basin_mmag_1773|qaidam_basin_mmag_1773_NSL1520bin14|k141_84623_length_4635_cov_29.6179_1	qaidam_basin_mmag_1773	qaidam_basin_mmag_1773_NSL1520bin14	0	1	qaidam_basin_mmag_1773|qaidam_basin_mmag_1773_NSL1520bin14|k141_84623_length_4635_cov_29.6179_1	0	0	-	+	target	-	-	-	-
qaidam_basin_mmag_1773|qaidam_basin_mmag_1773_NSL1520bin14|k141_84623_length_4635_cov_29.6179_1	qaidam_basin_mmag_1773	qaidam_basin_mmag_1773_NSL1520bin14	0	1	qaidam_basin_mmag_1773|qaidam_basin_mmag_1773_NSL1520bin14|k141_84623_length_4635_cov_29.6179_2	1	-1	-	+	other	Rieske [2Fe-2S] domain	-	ko:K02636	Rieske
qaidam_basin_mmag_1773|qaidam_basin_mmag_1773_NSL1520bin14|k141_84623_length_4635_cov_29.6179_1	qaidam_basin_mmag_1773	qaidam_basin_mmag_1773_NSL1520bin14	0	1	qaidam_basin_mmag_1773|qaidam_basin_mmag_1773_NSL1520bin14|k141_84623_length_4635_cov_29.6179_3	2	-2	-	+	cyto_b_C	Cytochrome b(C-terminal)/b6/petD	-	-	Cytochrom_B_C
qaidam_basin_mmag_1773|qaidam_basin_mmag_1773_NSL1520bin14|k141_84623_length_4635_cov_29.6179_1	qaidam_basin_mmag_1773	qaidam_basin_mmag_1773_NSL1520bin14	0	1	qaidam_basin_mmag_1773|qaidam_basin_mmag_1773_NSL1520bin14|k141_84623_length_4635_cov_29.6179_4	3	-3	-	+	cyto_b_N	Cytochrome b/b6/petB	-	ko:K03891	Cytochrom_B_N_2
qaidam_basin_mmag_1773|qaidam_basin_mmag_1773_NSL1520bin14|k141_84623_length_4635_cov_29.6179_1	qaidam_basin_mmag_1773	qaidam_basin_mmag_1773_NSL1520bin14	0	1	qaidam_basin_mmag_1773|qaidam_basin_mmag_1773_NSL1520bin14|k141_84623_length_4635_cov_29.6179_5	4	-4	-	+	unresolved	-	-	-	-
qaidam_basin_mmag_1773|qaidam_basin_mmag_1773_NSL1520bin14|k141_84623_length_4635_cov_29.6179_1	qaidam_basin_mmag_1773	qaidam_basin_mmag_1773_NSL1520bin14	0	1	qaidam_basin_mmag_1773|qaidam_basin_mmag_1773_NSL1520bin14|k141_84623_length_4635_cov_29.6179_6	5	-5	-	+	unresolved	-	-	-	-
qaidam_basin_mmag_1773|qaidam_basin_mmag_1773_NSL1520bin4|k141_1027367_length_19498_cov_38.7398_21	qaidam_basin_mmag_1773	qaidam_basin_mmag_1773_NSL1520bin4	0	1	qaidam_basin_mmag_1773|qaidam_basin_mmag_1773_NSL1520bin4|k141_1027367_length_19498_cov_38.7398_16	-5	-5	+	+	unresolved	-	-	-	-
qaidam_basin_mmag_1773|qaidam_basin_mmag_1773_NSL1520bin4|k141_1027367_length_19498_cov_38.7398_21	qaidam_basin_mmag_1773	qaidam_basin_mmag_1773_NSL1520bin4	0	1	qaidam_basin_mmag_1773|qaidam_basin_mmag_1773_NSL1520bin4|k141_1027367_length_19498_cov_38.7398_17	-4	-4	+	+	other	Dihydroprymidine dehydrogenase domain II, 4Fe-4S cluster	MA20_01050	ko:K15022	Fer4_20,Fer4_7,NADH_4Fe-4S,Pyr_redox_2,Pyr_redox_3
qaidam_basin_mmag_1773|qaidam_basin_mmag_1773_NSL1520bin4|k141_1027367_length_19498_cov_38.7398_21	qaidam_basin_mmag_1773	qaidam_basin_mmag_1773_NSL1520bin4	0	1	qaidam_basin_mmag_1773|qaidam_basin_mmag_1773_NSL1520bin4|k141_1027367_length_19498_cov_38.7398_18	-3	-3	+	+	cyto_b_N	Cytochrome b/b6/petB	-	ko:K03891	Cytochrom_B_N_2
qaidam_basin_mmag_1773|qaidam_basin_mmag_1773_NSL1520bin4|k141_1027367_length_19498_cov_38.7398_21	qaidam_basin_mmag_1773	qaidam_basin_mmag_1773_NSL1520bin4	0	1	qaidam_basin_mmag_1773|qaidam_basin_mmag_1773_NSL1520bin4|k141_1027367_length_19498_cov_38.7398_19	-2	-2	+	+	cyto_b_C	Cytochrome b(C-terminal)/b6/petD	-	-	Cytochrom_B_C
qaidam_basin_mmag_1773|qaidam_basin_mmag_1773_NSL1520bin4|k141_1027367_length_19498_cov_38.7398_21	qaidam_basin_mmag_1773	qaidam_basin_mmag_1773_NSL1520bin4	0	1	qaidam_basin_mmag_1773|qaidam_basin_mmag_1773_NSL1520bin4|k141_1027367_length_19498_cov_38.7398_20	-1	-1	+	+	other	Rieske 2Fe-2S	-	-	Rieske
qaidam_basin_mmag_1773|qaidam_basin_mmag_1773_NSL1520bin4|k141_1027367_length_19498_cov_38.7398_21	qaidam_basin_mmag_1773	qaidam_basin_mmag_1773_NSL1520bin4	0	1	qaidam_basin_mmag_1773|qaidam_basin_mmag_1773_NSL1520bin4|k141_1027367_length_19498_cov_38.7398_21	0	0	+	+	target	-	-	-	-
qaidam_basin_mmag_1773|qaidam_basin_mmag_1773_NSL20_25bin7|k141_1269121_length_2263_cov_16.0000_3	qaidam_basin_mmag_1773	qaidam_basin_mmag_1773_NSL20_25bin7	0	1	qaidam_basin_mmag_1773|qaidam_basin_mmag_1773_NSL20_25bin7|k141_1269121_length_2263_cov_16.0000_1	-2	-2	+	+	cyto_b_C	Cytochrome b(C-terminal)/b6/petD	-	-	Cytochrom_B_C
qaidam_basin_mmag_1773|qaidam_basin_mmag_1773_NSL20_25bin7|k141_1269121_length_2263_cov_16.0000_3	qaidam_basin_mmag_1773	qaidam_basin_mmag_1773_NSL20_25bin7	0	1	qaidam_basin_mmag_1773|qaidam_basin_mmag_1773_NSL20_25bin7|k141_1269121_length_2263_cov_16.0000_2	-1	-1	+	+	other	Rieske 2Fe-2S	-	-	Rieske
qaidam_basin_mmag_1773|qaidam_basin_mmag_1773_NSL20_25bin7|k141_1269121_length_2263_cov_16.0000_3	qaidam_basin_mmag_1773	qaidam_basin_mmag_1773_NSL20_25bin7	0	1	qaidam_basin_mmag_1773|qaidam_basin_mmag_1773_NSL20_25bin7|k141_1269121_length_2263_cov_16.0000_3	0	0	+	+	target	-	-	-	-
qaidam_basin_mmag_1773|qaidam_basin_mmag_1773_NSL30_35bin32|k141_94050_length_8607_cov_17.8285_1	qaidam_basin_mmag_1773	qaidam_basin_mmag_1773_NSL30_35bin32	0	0	qaidam_basin_mmag_1773|qaidam_basin_mmag_1773_NSL30_35bin32|k141_94050_length_8607_cov_17.8285_1	0	0	+	+	target	-	-	-	-
qaidam_basin_mmag_1773|qaidam_basin_mmag_1773_NSL30_35bin32|k141_94050_length_8607_cov_17.8285_1	qaidam_basin_mmag_1773	qaidam_basin_mmag_1773_NSL30_35bin32	0	0	qaidam_basin_mmag_1773|qaidam_basin_mmag_1773_NSL30_35bin32|k141_94050_length_8607_cov_17.8285_2	1	1	+	+	unresolved	-	-	-	-
qaidam_basin_mmag_1773|qaidam_basin_mmag_1773_NSL30_35bin32|k141_94050_length_8607_cov_17.8285_1	qaidam_basin_mmag_1773	qaidam_basin_mmag_1773_NSL30_35bin32	0	0	qaidam_basin_mmag_1773|qaidam_basin_mmag_1773_NSL30_35bin32|k141_94050_length_8607_cov_17.8285_3	2	2	+	+	unresolved	-	-	-	-
qaidam_basin_mmag_1773|qaidam_basin_mmag_1773_NSL30_35bin32|k141_94050_length_8607_cov_17.8285_1	qaidam_basin_mmag_1773	qaidam_basin_mmag_1773_NSL30_35bin32	0	0	qaidam_basin_mmag_1773|qaidam_basin_mmag_1773_NSL30_35bin32|k141_94050_length_8607_cov_17.8285_4	3	3	-	-	unresolved	-	-	-	-
qaidam_basin_mmag_1773|qaidam_basin_mmag_1773_NSL30_35bin32|k141_94050_length_8607_cov_17.8285_1	qaidam_basin_mmag_1773	qaidam_basin_mmag_1773_NSL30_35bin32	0	0	qaidam_basin_mmag_1773|qaidam_basin_mmag_1773_NSL30_35bin32|k141_94050_length_8607_cov_17.8285_5	4	4	-	-	other	Aminotransferase class-III	hemL	ko:K01845	Aminotran_3
qaidam_basin_mmag_1773|qaidam_basin_mmag_1773_NSL30_35bin32|k141_94050_length_8607_cov_17.8285_1	qaidam_basin_mmag_1773	qaidam_basin_mmag_1773_NSL30_35bin32	0	0	qaidam_basin_mmag_1773|qaidam_basin_mmag_1773_NSL30_35bin32|k141_94050_length_8607_cov_17.8285_6	5	5	-	-	other	Delta-aminolevulinic acid dehydratase	hemB	ko:K01698	ALAD
qaidam_basin_mmag_1773|qaidam_basin_mmag_1773_NSL35_40bin1|k141_1156276_length_6822_cov_49.7283_9	qaidam_basin_mmag_1773	qaidam_basin_mmag_1773_NSL35_40bin1	0	1	qaidam_basin_mmag_1773|qaidam_basin_mmag_1773_NSL35_40bin1|k141_1156276_length_6822_cov_49.7283_4	-5	-5	+	+	unresolved	-	-	-	-
qaidam_basin_mmag_1773|qaidam_basin_mmag_1773_NSL35_40bin1|k141_1156276_length_6822_cov_49.7283_9	qaidam_basin_mmag_1773	qaidam_basin_mmag_1773_NSL35_40bin1	0	1	qaidam_basin_mmag_1773|qaidam_basin_mmag_1773_NSL35_40bin1|k141_1156276_length_6822_cov_49.7283_5	-4	-4	+	+	other	4Fe-4S dicluster domain	-	-	Fer4,Fer4_10
qaidam_basin_mmag_1773|qaidam_basin_mmag_1773_NSL35_40bin1|k141_1156276_length_6822_cov_49.7283_9	qaidam_basin_mmag_1773	qaidam_basin_mmag_1773_NSL35_40bin1	0	1	qaidam_basin_mmag_1773|qaidam_basin_mmag_1773_NSL35_40bin1|k141_1156276_length_6822_cov_49.7283_6	-3	-3	+	+	heme	Cytochrome b	-	ko:K03887	Cytochrome_B
qaidam_basin_mmag_1773|qaidam_basin_mmag_1773_NSL35_40bin1|k141_1156276_length_6822_cov_49.7283_9	qaidam_basin_mmag_1773	qaidam_basin_mmag_1773_NSL35_40bin1	0	1	qaidam_basin_mmag_1773|qaidam_basin_mmag_1773_NSL35_40bin1|k141_1156276_length_6822_cov_49.7283_7	-2	-2	+	+	cyto_b_C	Cytochrome b(C-terminal)/b6/petD	-	-	Cytochrom_B_C
qaidam_basin_mmag_1773|qaidam_basin_mmag_1773_NSL35_40bin1|k141_1156276_length_6822_cov_49.7283_9	qaidam_basin_mmag_1773	qaidam_basin_mmag_1773_NSL35_40bin1	0	1	qaidam_basin_mmag_1773|qaidam_basin_mmag_1773_NSL35_40bin1|k141_1156276_length_6822_cov_49.7283_8	-1	-1	+	+	other	Rieske 2Fe-2S	-	-	Rieske
qaidam_basin_mmag_1773|qaidam_basin_mmag_1773_NSL35_40bin1|k141_1156276_length_6822_cov_49.7283_9	qaidam_basin_mmag_1773	qaidam_basin_mmag_1773_NSL35_40bin1	0	1	qaidam_basin_mmag_1773|qaidam_basin_mmag_1773_NSL35_40bin1|k141_1156276_length_6822_cov_49.7283_9	0	0	+	+	target	-	-	-	-
qaidam_basin_mmag_1773|qaidam_basin_mmag_1773_NSL35_40bin20|k141_355820_length_11977_cov_48.3172_3	qaidam_basin_mmag_1773	qaidam_basin_mmag_1773_NSL35_40bin20	0	1	qaidam_basin_mmag_1773|qaidam_basin_mmag_1773_NSL35_40bin20|k141_355820_length_11977_cov_48.3172_1	-2	-2	+	+	cyto_b_C	Cytochrome b(C-terminal)/b6/petD	-	-	Cytochrom_B_C
qaidam_basin_mmag_1773|qaidam_basin_mmag_1773_NSL35_40bin20|k141_355820_length_11977_cov_48.3172_3	qaidam_basin_mmag_1773	qaidam_basin_mmag_1773_NSL35_40bin20	0	1	qaidam_basin_mmag_1773|qaidam_basin_mmag_1773_NSL35_40bin20|k141_355820_length_11977_cov_48.3172_2	-1	-1	+	+	other	Rieske [2Fe-2S] domain	-	ko:K02636	Rieske
qaidam_basin_mmag_1773|qaidam_basin_mmag_1773_NSL35_40bin20|k141_355820_length_11977_cov_48.3172_3	qaidam_basin_mmag_1773	qaidam_basin_mmag_1773_NSL35_40bin20	0	1	qaidam_basin_mmag_1773|qaidam_basin_mmag_1773_NSL35_40bin20|k141_355820_length_11977_cov_48.3172_3	0	0	+	+	target	-	-	-	-
qaidam_basin_mmag_1773|qaidam_basin_mmag_1773_NSL35_40bin20|k141_355820_length_11977_cov_48.3172_3	qaidam_basin_mmag_1773	qaidam_basin_mmag_1773_NSL35_40bin20	0	1	qaidam_basin_mmag_1773|qaidam_basin_mmag_1773_NSL35_40bin20|k141_355820_length_11977_cov_48.3172_4	1	1	+	+	unresolved	-	-	-	-
qaidam_basin_mmag_1773|qaidam_basin_mmag_1773_NSL35_40bin20|k141_355820_length_11977_cov_48.3172_3	qaidam_basin_mmag_1773	qaidam_basin_mmag_1773_NSL35_40bin20	0	1	qaidam_basin_mmag_1773|qaidam_basin_mmag_1773_NSL35_40bin20|k141_355820_length_11977_cov_48.3172_5	2	2	+	+	unresolved	-	-	-	-
qaidam_basin_mmag_1773|qaidam_basin_mmag_1773_NSL35_40bin20|k141_355820_length_11977_cov_48.3172_3	qaidam_basin_mmag_1773	qaidam_basin_mmag_1773_NSL35_40bin20	0	1	qaidam_basin_mmag_1773|qaidam_basin_mmag_1773_NSL35_40bin20|k141_355820_length_11977_cov_48.3172_6	3	3	-	-	unresolved	-	-	-	-
qaidam_basin_mmag_1773|qaidam_basin_mmag_1773_NSL35_40bin20|k141_355820_length_11977_cov_48.3172_3	qaidam_basin_mmag_1773	qaidam_basin_mmag_1773_NSL35_40bin20	0	1	qaidam_basin_mmag_1773|qaidam_basin_mmag_1773_NSL35_40bin20|k141_355820_length_11977_cov_48.3172_7	4	4	-	-	other	Aminotransferase class-III	hemL	ko:K01845	Aminotran_3
qaidam_basin_mmag_1773|qaidam_basin_mmag_1773_NSL35_40bin20|k141_355820_length_11977_cov_48.3172_3	qaidam_basin_mmag_1773	qaidam_basin_mmag_1773_NSL35_40bin20	0	1	qaidam_basin_mmag_1773|qaidam_basin_mmag_1773_NSL35_40bin20|k141_355820_length_11977_cov_48.3172_8	5	5	-	-	other	Delta-aminolevulinic acid dehydratase	hemB	ko:K01698	ALAD
qaidam_basin_mmag_1773|qaidam_basin_mmag_1773_NSL35_40bin22|k141_1664726_length_8377_cov_26.0000_10	qaidam_basin_mmag_1773	qaidam_basin_mmag_1773_NSL35_40bin22	0	0	qaidam_basin_mmag_1773|qaidam_basin_mmag_1773_NSL35_40bin22|k141_1664726_length_8377_cov_26.0000_5	-5	5	+	-	other	Belongs to the ALAD family	hemB	ko:K01698	ALAD
qaidam_basin_mmag_1773|qaidam_basin_mmag_1773_NSL35_40bin22|k141_1664726_length_8377_cov_26.0000_10	qaidam_basin_mmag_1773	qaidam_basin_mmag_1773_NSL35_40bin22	0	0	qaidam_basin_mmag_1773|qaidam_basin_mmag_1773_NSL35_40bin22|k141_1664726_length_8377_cov_26.0000_6	-4	4	+	-	other	Belongs to the class-III pyridoxal-phosphate-dependent aminotransferase family	hemL	ko:K01845	Aminotran_3
qaidam_basin_mmag_1773|qaidam_basin_mmag_1773_NSL35_40bin22|k141_1664726_length_8377_cov_26.0000_10	qaidam_basin_mmag_1773	qaidam_basin_mmag_1773_NSL35_40bin22	0	0	qaidam_basin_mmag_1773|qaidam_basin_mmag_1773_NSL35_40bin22|k141_1664726_length_8377_cov_26.0000_7	-3	3	+	-	unresolved	-	-	-	-
qaidam_basin_mmag_1773|qaidam_basin_mmag_1773_NSL35_40bin22|k141_1664726_length_8377_cov_26.0000_10	qaidam_basin_mmag_1773	qaidam_basin_mmag_1773_NSL35_40bin22	0	0	qaidam_basin_mmag_1773|qaidam_basin_mmag_1773_NSL35_40bin22|k141_1664726_length_8377_cov_26.0000_8	-2	2	-	+	unresolved	-	-	-	-
qaidam_basin_mmag_1773|qaidam_basin_mmag_1773_NSL35_40bin22|k141_1664726_length_8377_cov_26.0000_10	qaidam_basin_mmag_1773	qaidam_basin_mmag_1773_NSL35_40bin22	0	0	qaidam_basin_mmag_1773|qaidam_basin_mmag_1773_NSL35_40bin22|k141_1664726_length_8377_cov_26.0000_9	-1	1	-	+	unresolved	-	-	-	-
qaidam_basin_mmag_1773|qaidam_basin_mmag_1773_NSL35_40bin22|k141_1664726_length_8377_cov_26.0000_10	qaidam_basin_mmag_1773	qaidam_basin_mmag_1773_NSL35_40bin22	0	0	qaidam_basin_mmag_1773|qaidam_basin_mmag_1773_NSL35_40bin22|k141_1664726_length_8377_cov_26.0000_10	0	0	-	+	target	-	-	-	-
qaidam_basin_mmag_1773|qaidam_basin_mmag_1773_NSLT11bin7|k141_334755_length_5868_cov_32.7512_7	qaidam_basin_mmag_1773	qaidam_basin_mmag_1773_NSLT11bin7	0	1	qaidam_basin_mmag_1773|qaidam_basin_mmag_1773_NSLT11bin7|k141_334755_length_5868_cov_32.7512_2	-5	-5	+	+	other	4Fe-4S dicluster domain	-	-	Fer4,Fer4_10
qaidam_basin_mmag_1773|qaidam_basin_mmag_1773_NSLT11bin7|k141_334755_length_5868_cov_32.7512_7	qaidam_basin_mmag_1773	qaidam_basin_mmag_1773_NSLT11bin7	0	1	qaidam_basin_mmag_1773|qaidam_basin_mmag_1773_NSLT11bin7|k141_334755_length_5868_cov_32.7512_3	-4	-4	+	+	heme	Cytochrome b	-	ko:K03887	Cytochrome_B
qaidam_basin_mmag_1773|qaidam_basin_mmag_1773_NSLT11bin7|k141_334755_length_5868_cov_32.7512_7	qaidam_basin_mmag_1773	qaidam_basin_mmag_1773_NSLT11bin7	0	1	qaidam_basin_mmag_1773|qaidam_basin_mmag_1773_NSLT11bin7|k141_334755_length_5868_cov_32.7512_4	-3	-3	+	+	cyto_b_C	Cytochrome b(C-terminal)/b6/petD	-	-	Cytochrom_B_C
qaidam_basin_mmag_1773|qaidam_basin_mmag_1773_NSLT11bin7|k141_334755_length_5868_cov_32.7512_7	qaidam_basin_mmag_1773	qaidam_basin_mmag_1773_NSLT11bin7	0	1	qaidam_basin_mmag_1773|qaidam_basin_mmag_1773_NSLT11bin7|k141_334755_length_5868_cov_32.7512_5	-2	-2	+	+	cyto_b_C	Cytochrome b(C-terminal)/b6/petD	-	-	Cytochrom_B_C
qaidam_basin_mmag_1773|qaidam_basin_mmag_1773_NSLT11bin7|k141_334755_length_5868_cov_32.7512_7	qaidam_basin_mmag_1773	qaidam_basin_mmag_1773_NSLT11bin7	0	1	qaidam_basin_mmag_1773|qaidam_basin_mmag_1773_NSLT11bin7|k141_334755_length_5868_cov_32.7512_6	-1	-1	+	+	other	Rieske 2Fe-2S	-	-	Rieske
qaidam_basin_mmag_1773|qaidam_basin_mmag_1773_NSLT11bin7|k141_334755_length_5868_cov_32.7512_7	qaidam_basin_mmag_1773	qaidam_basin_mmag_1773_NSLT11bin7	0	1	qaidam_basin_mmag_1773|qaidam_basin_mmag_1773_NSLT11bin7|k141_334755_length_5868_cov_32.7512_7	0	0	+	+	target	-	-	-	-
qaidam_basin_mmag_1773|qaidam_basin_mmag_1773_NSLT11bin7|k141_334755_length_5868_cov_32.7512_7	qaidam_basin_mmag_1773	qaidam_basin_mmag_1773_NSLT11bin7	0	1	qaidam_basin_mmag_1773|qaidam_basin_mmag_1773_NSLT11bin7|k141_334755_length_5868_cov_32.7512_8	1	1	+	+	unresolved	-	-	-	-
qaidam_basin_mmag_1773|qaidam_basin_mmag_1773_NSLT11bin7|k141_334755_length_5868_cov_32.7512_7	qaidam_basin_mmag_1773	qaidam_basin_mmag_1773_NSLT11bin7	0	1	qaidam_basin_mmag_1773|qaidam_basin_mmag_1773_NSLT11bin7|k141_334755_length_5868_cov_32.7512_9	2	2	-	-	other	Glycosyl transferases group 1	-	-	Glyco_transf_4,Glycos_transf_1
qaidam_basin_mmag_1773|qaidam_basin_mmag_1773_NSLT11bin7|k141_334755_length_5868_cov_32.7512_7	qaidam_basin_mmag_1773	qaidam_basin_mmag_1773_NSLT11bin7	0	1	qaidam_basin_mmag_1773|qaidam_basin_mmag_1773_NSLT11bin7|k141_334755_length_5868_cov_32.7512_10	3	3	-	-	unresolved	-	-	-	-
qaidam_basin_mmag_1773|qaidam_basin_mmag_1773_NSLT21bin10|k141_369569_length_43633_cov_81.1505_20	qaidam_basin_mmag_1773	qaidam_basin_mmag_1773_NSLT21bin10	1	1	qaidam_basin_mmag_1773|qaidam_basin_mmag_1773_NSLT21bin10|k141_369569_length_43633_cov_81.1505_15	-5	5	-	+	other	NDH-1 shuttles electrons from NADH, via FMN and iron- sulfur (Fe-S) centers, to quinones in the respiratory chain. The immediate electron acceptor for the enzyme in this species is believed to be a menaquinone. Couples the redox reaction to proton translocation (for every two electrons transferred, four hydrogen ions are translocated across the cytoplasmic membrane), and thus conserves the redox energy in a proton gradient	-	ko:K00333	Complex1_49kDa
qaidam_basin_mmag_1773|qaidam_basin_mmag_1773_NSLT21bin10|k141_369569_length_43633_cov_81.1505_20	qaidam_basin_mmag_1773	qaidam_basin_mmag_1773_NSLT21bin10	1	1	qaidam_basin_mmag_1773|qaidam_basin_mmag_1773_NSLT21bin10|k141_369569_length_43633_cov_81.1505_16	-4	4	-	+	other	Respiratory-chain NADH dehydrogenase, 30 Kd subunit	-	ko:K00332	Complex1_30kDa
qaidam_basin_mmag_1773|qaidam_basin_mmag_1773_NSLT21bin10|k141_369569_length_43633_cov_81.1505_20	qaidam_basin_mmag_1773	qaidam_basin_mmag_1773_NSLT21bin10	1	1	qaidam_basin_mmag_1773|qaidam_basin_mmag_1773_NSLT21bin10|k141_369569_length_43633_cov_81.1505_17	-3	3	-	+	other	NDH-1 shuttles electrons from NADH, via FMN and iron- sulfur (Fe-S) centers, to quinones in the respiratory chain. The immediate electron acceptor for the enzyme in this species is believed to be a menaquinone. Couples the redox reaction to proton translocation (for every two electrons transferred, four hydrogen ions are translocated across the cytoplasmic membrane), and thus conserves the redox energy in a proton gradient	-	ko:K00331	Oxidored_q6
qaidam_basin_mmag_1773|qaidam_basin_mmag_1773_NSLT21bin10|k141_369569_length_43633_cov_81.1505_20	qaidam_basin_mmag_1773	qaidam_basin_mmag_1773_NSLT21bin10	1	1	qaidam_basin_mmag_1773|qaidam_basin_mmag_1773_NSLT21bin10|k141_369569_length_43633_cov_81.1505_18	-2	2	-	+	other	NDH-1 shuttles electrons from NADH, via FMN and iron- sulfur (Fe-S) centers, to quinones in the respiratory chain	-	ko:K00330	Oxidored_q4
qaidam_basin_mmag_1773|qaidam_basin_mmag_1773_NSLT21bin10|k141_369569_length_43633_cov_81.1505_20	qaidam_basin_mmag_1773	qaidam_basin_mmag_1773_NSLT21bin10	1	1	qaidam_basin_mmag_1773|qaidam_basin_mmag_1773_NSLT21bin10|k141_369569_length_43633_cov_81.1505_19	-1	1	-	+	unresolved	-	-	-	-
qaidam_basin_mmag_1773|qaidam_basin_mmag_1773_NSLT21bin10|k141_369569_length_43633_cov_81.1505_20	qaidam_basin_mmag_1773	qaidam_basin_mmag_1773_NSLT21bin10	1	1	qaidam_basin_mmag_1773|qaidam_basin_mmag_1773_NSLT21bin10|k141_369569_length_43633_cov_81.1505_20	0	0	-	+	target	-	-	-	-
qaidam_basin_mmag_1773|qaidam_basin_mmag_1773_NSLT21bin10|k141_369569_length_43633_cov_81.1505_20	qaidam_basin_mmag_1773	qaidam_basin_mmag_1773_NSLT21bin10	1	1	qaidam_basin_mmag_1773|qaidam_basin_mmag_1773_NSLT21bin10|k141_369569_length_43633_cov_81.1505_21	1	-1	-	+	other	Rieske 2Fe-2S	-	-	Rieske
qaidam_basin_mmag_1773|qaidam_basin_mmag_1773_NSLT21bin10|k141_369569_length_43633_cov_81.1505_20	qaidam_basin_mmag_1773	qaidam_basin_mmag_1773_NSLT21bin10	1	1	qaidam_basin_mmag_1773|qaidam_basin_mmag_1773_NSLT21bin10|k141_369569_length_43633_cov_81.1505_22	2	-2	-	+	cyto_b_C	Cytochrome b(C-terminal)/b6/petD	-	-	Cytochrom_B_C
qaidam_basin_mmag_1773|qaidam_basin_mmag_1773_NSLT21bin10|k141_369569_length_43633_cov_81.1505_20	qaidam_basin_mmag_1773	qaidam_basin_mmag_1773_NSLT21bin10	1	1	qaidam_basin_mmag_1773|qaidam_basin_mmag_1773_NSLT21bin10|k141_369569_length_43633_cov_81.1505_23	3	-3	-	+	cyto_b_N	Cytochrome b/b6/petB	-	ko:K03891	Cytochrom_B_N_2
qaidam_basin_mmag_1773|qaidam_basin_mmag_1773_NSLT21bin10|k141_369569_length_43633_cov_81.1505_20	qaidam_basin_mmag_1773	qaidam_basin_mmag_1773_NSLT21bin10	1	1	qaidam_basin_mmag_1773|qaidam_basin_mmag_1773_NSLT21bin10|k141_369569_length_43633_cov_81.1505_24	4	-4	-	+	other	4Fe-4S dicluster domain	-	-	Fer4,Fer4_10
qaidam_basin_mmag_1773|qaidam_basin_mmag_1773_NSLT21bin10|k141_369569_length_43633_cov_81.1505_20	qaidam_basin_mmag_1773	qaidam_basin_mmag_1773_NSLT21bin10	1	1	qaidam_basin_mmag_1773|qaidam_basin_mmag_1773_NSLT21bin10|k141_369569_length_43633_cov_81.1505_25	5	-5	-	+	unresolved	-	-	-	-
qaidam_basin_mmag_1773|qaidam_basin_mmag_1773_NSLT21bin14|k141_1126522_length_322413_cov_28.1246_274	qaidam_basin_mmag_1773	qaidam_basin_mmag_1773_NSLT21bin14	1	1	qaidam_basin_mmag_1773|qaidam_basin_mmag_1773_NSLT21bin14|k141_1126522_length_322413_cov_28.1246_269	-5	5	+	-	other	Delta-aminolevulinic acid dehydratase	hemB	ko:K01698	ALAD
qaidam_basin_mmag_1773|qaidam_basin_mmag_1773_NSLT21bin14|k141_1126522_length_322413_cov_28.1246_274	qaidam_basin_mmag_1773	qaidam_basin_mmag_1773_NSLT21bin14	1	1	qaidam_basin_mmag_1773|qaidam_basin_mmag_1773_NSLT21bin14|k141_1126522_length_322413_cov_28.1246_270	-4	4	+	-	other	Belongs to the class-III pyridoxal-phosphate-dependent aminotransferase family	hemL	ko:K01845	Aminotran_3
qaidam_basin_mmag_1773|qaidam_basin_mmag_1773_NSLT21bin14|k141_1126522_length_322413_cov_28.1246_274	qaidam_basin_mmag_1773	qaidam_basin_mmag_1773_NSLT21bin14	1	1	qaidam_basin_mmag_1773|qaidam_basin_mmag_1773_NSLT21bin14|k141_1126522_length_322413_cov_28.1246_271	-3	3	+	-	unresolved	-	-	-	-
qaidam_basin_mmag_1773|qaidam_basin_mmag_1773_NSLT21bin14|k141_1126522_length_322413_cov_28.1246_274	qaidam_basin_mmag_1773	qaidam_basin_mmag_1773_NSLT21bin14	1	1	qaidam_basin_mmag_1773|qaidam_basin_mmag_1773_NSLT21bin14|k141_1126522_length_322413_cov_28.1246_272	-2	2	-	+	unresolved	-	-	-	-
qaidam_basin_mmag_1773|qaidam_basin_mmag_1773_NSLT21bin14|k141_1126522_length_322413_cov_28.1246_274	qaidam_basin_mmag_1773	qaidam_basin_mmag_1773_NSLT21bin14	1	1	qaidam_basin_mmag_1773|qaidam_basin_mmag_1773_NSLT21bin14|k141_1126522_length_322413_cov_28.1246_273	-1	1	-	+	unresolved	-	-	-	-
qaidam_basin_mmag_1773|qaidam_basin_mmag_1773_NSLT21bin14|k141_1126522_length_322413_cov_28.1246_274	qaidam_basin_mmag_1773	qaidam_basin_mmag_1773_NSLT21bin14	1	1	qaidam_basin_mmag_1773|qaidam_basin_mmag_1773_NSLT21bin14|k141_1126522_length_322413_cov_28.1246_274	0	0	-	+	target	-	-	-	-
qaidam_basin_mmag_1773|qaidam_basin_mmag_1773_NSLT21bin14|k141_1126522_length_322413_cov_28.1246_274	qaidam_basin_mmag_1773	qaidam_basin_mmag_1773_NSLT21bin14	1	1	qaidam_basin_mmag_1773|qaidam_basin_mmag_1773_NSLT21bin14|k141_1126522_length_322413_cov_28.1246_275	1	-1	-	+	unresolved	-	-	-	-
qaidam_basin_mmag_1773|qaidam_basin_mmag_1773_NSLT21bin14|k141_1126522_length_322413_cov_28.1246_274	qaidam_basin_mmag_1773	qaidam_basin_mmag_1773_NSLT21bin14	1	1	qaidam_basin_mmag_1773|qaidam_basin_mmag_1773_NSLT21bin14|k141_1126522_length_322413_cov_28.1246_276	2	-2	-	+	cyto_b_C	Cytochrome b(C-terminal)/b6/petD	-	-	Cytochrom_B_C
qaidam_basin_mmag_1773|qaidam_basin_mmag_1773_NSLT21bin14|k141_1126522_length_322413_cov_28.1246_274	qaidam_basin_mmag_1773	qaidam_basin_mmag_1773_NSLT21bin14	1	1	qaidam_basin_mmag_1773|qaidam_basin_mmag_1773_NSLT21bin14|k141_1126522_length_322413_cov_28.1246_277	3	-3	-	+	cyto_b_N	Cytochrome b/b6/petB	-	ko:K03891	Cytochrom_B_N_2
qaidam_basin_mmag_1773|qaidam_basin_mmag_1773_NSLT21bin14|k141_1126522_length_322413_cov_28.1246_274	qaidam_basin_mmag_1773	qaidam_basin_mmag_1773_NSLT21bin14	1	1	qaidam_basin_mmag_1773|qaidam_basin_mmag_1773_NSLT21bin14|k141_1126522_length_322413_cov_28.1246_278	4	-4	-	+	unresolved	-	-	-	-
qaidam_basin_mmag_1773|qaidam_basin_mmag_1773_NSLT21bin14|k141_1126522_length_322413_cov_28.1246_274	qaidam_basin_mmag_1773	qaidam_basin_mmag_1773_NSLT21bin14	1	1	qaidam_basin_mmag_1773|qaidam_basin_mmag_1773_NSLT21bin14|k141_1126522_length_322413_cov_28.1246_279	5	-5	-	+	unresolved	-	-	-	-
qaidam_basin_mmag_1773|qaidam_basin_mmag_1773_NSLT22bin15|k141_906223_length_49601_cov_44.8945_47	qaidam_basin_mmag_1773	qaidam_basin_mmag_1773_NSLT22bin15	0	1	qaidam_basin_mmag_1773|qaidam_basin_mmag_1773_NSLT22bin15|k141_906223_length_49601_cov_44.8945_42	-5	5	-	+	other	NDH-1 shuttles electrons from NADH, via FMN and iron- sulfur (Fe-S) centers, to quinones in the respiratory chain. The immediate electron acceptor for the enzyme in this species is believed to be a menaquinone. Couples the redox reaction to proton translocation (for every two electrons transferred, four hydrogen ions are translocated across the cytoplasmic membrane), and thus conserves the redox energy in a proton gradient	-	ko:K00333	Complex1_49kDa
qaidam_basin_mmag_1773|qaidam_basin_mmag_1773_NSLT22bin15|k141_906223_length_49601_cov_44.8945_47	qaidam_basin_mmag_1773	qaidam_basin_mmag_1773_NSLT22bin15	0	1	qaidam_basin_mmag_1773|qaidam_basin_mmag_1773_NSLT22bin15|k141_906223_length_49601_cov_44.8945_43	-4	4	-	+	other	Respiratory-chain NADH dehydrogenase, 30 Kd subunit	-	ko:K00332	Complex1_30kDa
qaidam_basin_mmag_1773|qaidam_basin_mmag_1773_NSLT22bin15|k141_906223_length_49601_cov_44.8945_47	qaidam_basin_mmag_1773	qaidam_basin_mmag_1773_NSLT22bin15	0	1	qaidam_basin_mmag_1773|qaidam_basin_mmag_1773_NSLT22bin15|k141_906223_length_49601_cov_44.8945_44	-3	3	-	+	other	NDH-1 shuttles electrons from NADH, via FMN and iron- sulfur (Fe-S) centers, to quinones in the respiratory chain. The immediate electron acceptor for the enzyme in this species is believed to be a menaquinone. Couples the redox reaction to proton translocation (for every two electrons transferred, four hydrogen ions are translocated across the cytoplasmic membrane), and thus conserves the redox energy in a proton gradient	-	ko:K00331	Oxidored_q6
qaidam_basin_mmag_1773|qaidam_basin_mmag_1773_NSLT22bin15|k141_906223_length_49601_cov_44.8945_47	qaidam_basin_mmag_1773	qaidam_basin_mmag_1773_NSLT22bin15	0	1	qaidam_basin_mmag_1773|qaidam_basin_mmag_1773_NSLT22bin15|k141_906223_length_49601_cov_44.8945_45	-2	2	-	+	other	NDH-1 shuttles electrons from NADH, via FMN and iron- sulfur (Fe-S) centers, to quinones in the respiratory chain	-	ko:K00330	Oxidored_q4
qaidam_basin_mmag_1773|qaidam_basin_mmag_1773_NSLT22bin15|k141_906223_length_49601_cov_44.8945_47	qaidam_basin_mmag_1773	qaidam_basin_mmag_1773_NSLT22bin15	0	1	qaidam_basin_mmag_1773|qaidam_basin_mmag_1773_NSLT22bin15|k141_906223_length_49601_cov_44.8945_46	-1	1	-	+	unresolved	-	-	-	-
qaidam_basin_mmag_1773|qaidam_basin_mmag_1773_NSLT22bin15|k141_906223_length_49601_cov_44.8945_47	qaidam_basin_mmag_1773	qaidam_basin_mmag_1773_NSLT22bin15	0	1	qaidam_basin_mmag_1773|qaidam_basin_mmag_1773_NSLT22bin15|k141_906223_length_49601_cov_44.8945_47	0	0	-	+	target	-	-	-	-
qaidam_basin_mmag_1773|qaidam_basin_mmag_1773_NSLT22bin15|k141_906223_length_49601_cov_44.8945_47	qaidam_basin_mmag_1773	qaidam_basin_mmag_1773_NSLT22bin15	0	1	qaidam_basin_mmag_1773|qaidam_basin_mmag_1773_NSLT22bin15|k141_906223_length_49601_cov_44.8945_48	1	-1	-	+	other	Rieske 2Fe-2S	-	-	Rieske
qaidam_basin_mmag_1773|qaidam_basin_mmag_1773_NSLT22bin15|k141_906223_length_49601_cov_44.8945_47	qaidam_basin_mmag_1773	qaidam_basin_mmag_1773_NSLT22bin15	0	1	qaidam_basin_mmag_1773|qaidam_basin_mmag_1773_NSLT22bin15|k141_906223_length_49601_cov_44.8945_49	2	-2	-	+	cyto_b_C	Cytochrome b(C-terminal)/b6/petD	-	-	Cytochrom_B_C
qaidam_basin_mmag_1773|qaidam_basin_mmag_1773_NSLT22bin15|k141_906223_length_49601_cov_44.8945_47	qaidam_basin_mmag_1773	qaidam_basin_mmag_1773_NSLT22bin15	0	1	qaidam_basin_mmag_1773|qaidam_basin_mmag_1773_NSLT22bin15|k141_906223_length_49601_cov_44.8945_50	3	-3	-	+	heme	Cytochrome b	-	ko:K03887	Cytochrome_B
qaidam_basin_mmag_1773|qaidam_basin_mmag_1773_NSLT22bin24|k141_564290_length_18360_cov_25.0316_5	qaidam_basin_mmag_1773	qaidam_basin_mmag_1773_NSLT22bin24	0	1	qaidam_basin_mmag_1773|qaidam_basin_mmag_1773_NSLT22bin24|k141_564290_length_18360_cov_25.0316_1	-4	-4	+	+	unresolved	-	-	-	-
qaidam_basin_mmag_1773|qaidam_basin_mmag_1773_NSLT22bin24|k141_564290_length_18360_cov_25.0316_5	qaidam_basin_mmag_1773	qaidam_basin_mmag_1773_NSLT22bin24	0	1	qaidam_basin_mmag_1773|qaidam_basin_mmag_1773_NSLT22bin24|k141_564290_length_18360_cov_25.0316_2	-3	-3	+	+	cyto_b_N	Cytochrome b/b6/petB	-	ko:K03891	Cytochrom_B_N_2
qaidam_basin_mmag_1773|qaidam_basin_mmag_1773_NSLT22bin24|k141_564290_length_18360_cov_25.0316_5	qaidam_basin_mmag_1773	qaidam_basin_mmag_1773_NSLT22bin24	0	1	qaidam_basin_mmag_1773|qaidam_basin_mmag_1773_NSLT22bin24|k141_564290_length_18360_cov_25.0316_3	-2	-2	+	+	cyto_b_C	Cytochrome b(C-terminal)/b6/petD	-	-	Cytochrom_B_C
qaidam_basin_mmag_1773|qaidam_basin_mmag_1773_NSLT22bin24|k141_564290_length_18360_cov_25.0316_5	qaidam_basin_mmag_1773	qaidam_basin_mmag_1773_NSLT22bin24	0	1	qaidam_basin_mmag_1773|qaidam_basin_mmag_1773_NSLT22bin24|k141_564290_length_18360_cov_25.0316_4	-1	-1	+	+	unresolved	-	-	-	-
qaidam_basin_mmag_1773|qaidam_basin_mmag_1773_NSLT22bin24|k141_564290_length_18360_cov_25.0316_5	qaidam_basin_mmag_1773	qaidam_basin_mmag_1773_NSLT22bin24	0	1	qaidam_basin_mmag_1773|qaidam_basin_mmag_1773_NSLT22bin24|k141_564290_length_18360_cov_25.0316_5	0	0	+	+	target	-	-	-	-
qaidam_basin_mmag_1773|qaidam_basin_mmag_1773_NSLT22bin24|k141_564290_length_18360_cov_25.0316_5	qaidam_basin_mmag_1773	qaidam_basin_mmag_1773_NSLT22bin24	0	1	qaidam_basin_mmag_1773|qaidam_basin_mmag_1773_NSLT22bin24|k141_564290_length_18360_cov_25.0316_6	1	1	+	+	unresolved	-	-	-	-
qaidam_basin_mmag_1773|qaidam_basin_mmag_1773_NSLT22bin24|k141_564290_length_18360_cov_25.0316_5	qaidam_basin_mmag_1773	qaidam_basin_mmag_1773_NSLT22bin24	0	1	qaidam_basin_mmag_1773|qaidam_basin_mmag_1773_NSLT22bin24|k141_564290_length_18360_cov_25.0316_7	2	2	-	-	unresolved	-	-	-	-
qaidam_basin_mmag_1773|qaidam_basin_mmag_1773_NSLT22bin24|k141_564290_length_18360_cov_25.0316_5	qaidam_basin_mmag_1773	qaidam_basin_mmag_1773_NSLT22bin24	0	1	qaidam_basin_mmag_1773|qaidam_basin_mmag_1773_NSLT22bin24|k141_564290_length_18360_cov_25.0316_8	3	3	-	-	other	Aminotransferase class-III	hemL	ko:K01845	Aminotran_3
qaidam_basin_mmag_1773|qaidam_basin_mmag_1773_NSLT22bin24|k141_564290_length_18360_cov_25.0316_5	qaidam_basin_mmag_1773	qaidam_basin_mmag_1773_NSLT22bin24	0	1	qaidam_basin_mmag_1773|qaidam_basin_mmag_1773_NSLT22bin24|k141_564290_length_18360_cov_25.0316_9	4	4	-	-	other	Delta-aminolevulinic acid dehydratase	hemB	ko:K01698	ALAD
qaidam_basin_mmag_1773|qaidam_basin_mmag_1773_NSLT22bin24|k141_564290_length_18360_cov_25.0316_5	qaidam_basin_mmag_1773	qaidam_basin_mmag_1773_NSLT22bin24	0	1	qaidam_basin_mmag_1773|qaidam_basin_mmag_1773_NSLT22bin24|k141_564290_length_18360_cov_25.0316_10	5	5	-	-	heme	PFAM Uroporphyrinogen III synthase HEM4	-	ko:K01719	HEM4
qaidam_basin_mmag_1773|qaidam_basin_mmag_1773_NSLT22bin34|k141_85724_length_181751_cov_37.4608_49	qaidam_basin_mmag_1773	qaidam_basin_mmag_1773_NSLT22bin34	1	1	qaidam_basin_mmag_1773|qaidam_basin_mmag_1773_NSLT22bin34|k141_85724_length_181751_cov_37.4608_44	-5	5	+	-	unresolved	-	-	-	-
qaidam_basin_mmag_1773|qaidam_basin_mmag_1773_NSLT22bin34|k141_85724_length_181751_cov_37.4608_49	qaidam_basin_mmag_1773	qaidam_basin_mmag_1773_NSLT22bin34	1	1	qaidam_basin_mmag_1773|qaidam_basin_mmag_1773_NSLT22bin34|k141_85724_length_181751_cov_37.4608_45	-4	4	-	+	other	ErfK YbiS YcfS YnhG family protein	-	-	YkuD
qaidam_basin_mmag_1773|qaidam_basin_mmag_1773_NSLT22bin34|k141_85724_length_181751_cov_37.4608_49	qaidam_basin_mmag_1773	qaidam_basin_mmag_1773_NSLT22bin34	1	1	qaidam_basin_mmag_1773|qaidam_basin_mmag_1773_NSLT22bin34|k141_85724_length_181751_cov_37.4608_46	-3	3	-	+	unresolved	-	-	-	-
qaidam_basin_mmag_1773|qaidam_basin_mmag_1773_NSLT22bin34|k141_85724_length_181751_cov_37.4608_49	qaidam_basin_mmag_1773	qaidam_basin_mmag_1773_NSLT22bin34	1	1	qaidam_basin_mmag_1773|qaidam_basin_mmag_1773_NSLT22bin34|k141_85724_length_181751_cov_37.4608_47	-2	2	-	+	unresolved	-	-	-	-
qaidam_basin_mmag_1773|qaidam_basin_mmag_1773_NSLT22bin34|k141_85724_length_181751_cov_37.4608_49	qaidam_basin_mmag_1773	qaidam_basin_mmag_1773_NSLT22bin34	1	1	qaidam_basin_mmag_1773|qaidam_basin_mmag_1773_NSLT22bin34|k141_85724_length_181751_cov_37.4608_48	-1	1	-	+	unresolved	-	-	-	-
qaidam_basin_mmag_1773|qaidam_basin_mmag_1773_NSLT22bin34|k141_85724_length_181751_cov_37.4608_49	qaidam_basin_mmag_1773	qaidam_basin_mmag_1773_NSLT22bin34	1	1	qaidam_basin_mmag_1773|qaidam_basin_mmag_1773_NSLT22bin34|k141_85724_length_181751_cov_37.4608_49	0	0	-	+	target	-	-	-	-
qaidam_basin_mmag_1773|qaidam_basin_mmag_1773_NSLT22bin34|k141_85724_length_181751_cov_37.4608_49	qaidam_basin_mmag_1773	qaidam_basin_mmag_1773_NSLT22bin34	1	1	qaidam_basin_mmag_1773|qaidam_basin_mmag_1773_NSLT22bin34|k141_85724_length_181751_cov_37.4608_50	1	-1	-	+	unresolved	-	-	-	-
qaidam_basin_mmag_1773|qaidam_basin_mmag_1773_NSLT22bin34|k141_85724_length_181751_cov_37.4608_49	qaidam_basin_mmag_1773	qaidam_basin_mmag_1773_NSLT22bin34	1	1	qaidam_basin_mmag_1773|qaidam_basin_mmag_1773_NSLT22bin34|k141_85724_length_181751_cov_37.4608_51	2	-2	-	+	cyto_b_C	Cytochrome b(C-terminal)/b6/petD	-	-	Cytochrom_B_C
qaidam_basin_mmag_1773|qaidam_basin_mmag_1773_NSLT22bin34|k141_85724_length_181751_cov_37.4608_49	qaidam_basin_mmag_1773	qaidam_basin_mmag_1773_NSLT22bin34	1	1	qaidam_basin_mmag_1773|qaidam_basin_mmag_1773_NSLT22bin34|k141_85724_length_181751_cov_37.4608_52	3	-3	-	+	cyto_b_N	Cytochrome b/b6/petB	-	ko:K03891	Cytochrom_B_N_2
qaidam_basin_mmag_1773|qaidam_basin_mmag_1773_NSLT22bin34|k141_85724_length_181751_cov_37.4608_49	qaidam_basin_mmag_1773	qaidam_basin_mmag_1773_NSLT22bin34	1	1	qaidam_basin_mmag_1773|qaidam_basin_mmag_1773_NSLT22bin34|k141_85724_length_181751_cov_37.4608_53	4	-4	-	+	unresolved	-	-	-	-
qaidam_basin_mmag_1773|qaidam_basin_mmag_1773_NSLT22bin34|k141_85724_length_181751_cov_37.4608_49	qaidam_basin_mmag_1773	qaidam_basin_mmag_1773_NSLT22bin34	1	1	qaidam_basin_mmag_1773|qaidam_basin_mmag_1773_NSLT22bin34|k141_85724_length_181751_cov_37.4608_54	5	-5	-	+	unresolved	-	-	-	-
qaidam_basin_mmag_1773|qaidam_basin_mmag_1773_NSLT22bin36|k141_1091258_length_20826_cov_47.3131_9	qaidam_basin_mmag_1773	qaidam_basin_mmag_1773_NSLT22bin36	1	1	qaidam_basin_mmag_1773|qaidam_basin_mmag_1773_NSLT22bin36|k141_1091258_length_20826_cov_47.3131_4	-5	-5	+	+	unresolved	-	-	-	-
qaidam_basin_mmag_1773|qaidam_basin_mmag_1773_NSLT22bin36|k141_1091258_length_20826_cov_47.3131_9	qaidam_basin_mmag_1773	qaidam_basin_mmag_1773_NSLT22bin36	1	1	qaidam_basin_mmag_1773|qaidam_basin_mmag_1773_NSLT22bin36|k141_1091258_length_20826_cov_47.3131_5	-4	-4	+	+	unresolved	-	-	-	-
qaidam_basin_mmag_1773|qaidam_basin_mmag_1773_NSLT22bin36|k141_1091258_length_20826_cov_47.3131_9	qaidam_basin_mmag_1773	qaidam_basin_mmag_1773_NSLT22bin36	1	1	qaidam_basin_mmag_1773|qaidam_basin_mmag_1773_NSLT22bin36|k141_1091258_length_20826_cov_47.3131_6	-3	-3	+	+	cyto_b_N	Cytochrome b/b6/petB	-	ko:K03891	Cytochrom_B_N_2
qaidam_basin_mmag_1773|qaidam_basin_mmag_1773_NSLT22bin36|k141_1091258_length_20826_cov_47.3131_9	qaidam_basin_mmag_1773	qaidam_basin_mmag_1773_NSLT22bin36	1	1	qaidam_basin_mmag_1773|qaidam_basin_mmag_1773_NSLT22bin36|k141_1091258_length_20826_cov_47.3131_7	-2	-2	+	+	cyto_b_C	Cytochrome b(C-terminal)/b6/petD	-	-	Cytochrom_B_C
qaidam_basin_mmag_1773|qaidam_basin_mmag_1773_NSLT22bin36|k141_1091258_length_20826_cov_47.3131_9	qaidam_basin_mmag_1773	qaidam_basin_mmag_1773_NSLT22bin36	1	1	qaidam_basin_mmag_1773|qaidam_basin_mmag_1773_NSLT22bin36|k141_1091258_length_20826_cov_47.3131_8	-1	-1	+	+	unresolved	-	-	-	-
qaidam_basin_mmag_1773|qaidam_basin_mmag_1773_NSLT22bin36|k141_1091258_length_20826_cov_47.3131_9	qaidam_basin_mmag_1773	qaidam_basin_mmag_1773_NSLT22bin36	1	1	qaidam_basin_mmag_1773|qaidam_basin_mmag_1773_NSLT22bin36|k141_1091258_length_20826_cov_47.3131_9	0	0	+	+	target	-	-	-	-
qaidam_basin_mmag_1773|qaidam_basin_mmag_1773_NSLT22bin36|k141_1091258_length_20826_cov_47.3131_9	qaidam_basin_mmag_1773	qaidam_basin_mmag_1773_NSLT22bin36	1	1	qaidam_basin_mmag_1773|qaidam_basin_mmag_1773_NSLT22bin36|k141_1091258_length_20826_cov_47.3131_10	1	1	+	+	unresolved	-	-	-	-
qaidam_basin_mmag_1773|qaidam_basin_mmag_1773_NSLT22bin36|k141_1091258_length_20826_cov_47.3131_9	qaidam_basin_mmag_1773	qaidam_basin_mmag_1773_NSLT22bin36	1	1	qaidam_basin_mmag_1773|qaidam_basin_mmag_1773_NSLT22bin36|k141_1091258_length_20826_cov_47.3131_11	2	2	-	-	unresolved	-	-	-	-
qaidam_basin_mmag_1773|qaidam_basin_mmag_1773_NSLT22bin36|k141_1091258_length_20826_cov_47.3131_9	qaidam_basin_mmag_1773	qaidam_basin_mmag_1773_NSLT22bin36	1	1	qaidam_basin_mmag_1773|qaidam_basin_mmag_1773_NSLT22bin36|k141_1091258_length_20826_cov_47.3131_12	3	3	-	-	other	Aminotransferase class-III	hemL	ko:K01845	Aminotran_3
qaidam_basin_mmag_1773|qaidam_basin_mmag_1773_NSLT22bin36|k141_1091258_length_20826_cov_47.3131_9	qaidam_basin_mmag_1773	qaidam_basin_mmag_1773_NSLT22bin36	1	1	qaidam_basin_mmag_1773|qaidam_basin_mmag_1773_NSLT22bin36|k141_1091258_length_20826_cov_47.3131_13	4	4	-	-	other	Delta-aminolevulinic acid dehydratase	hemB	ko:K01698	ALAD
qaidam_basin_mmag_1773|qaidam_basin_mmag_1773_NSLT22bin36|k141_1091258_length_20826_cov_47.3131_9	qaidam_basin_mmag_1773	qaidam_basin_mmag_1773_NSLT22bin36	1	1	qaidam_basin_mmag_1773|qaidam_basin_mmag_1773_NSLT22bin36|k141_1091258_length_20826_cov_47.3131_14	5	5	+	+	unresolved	-	-	-	-
qaidam_basin_mmag_1773|qaidam_basin_mmag_1773_NSLT22bin51|k141_692999_length_2620_cov_275.0904_3	qaidam_basin_mmag_1773	qaidam_basin_mmag_1773_NSLT22bin51	0	1	qaidam_basin_mmag_1773|qaidam_basin_mmag_1773_NSLT22bin51|k141_692999_length_2620_cov_275.0904_1	-2	-2	+	+	cyto_b_C	Cytochrome b(C-terminal)/b6/petD	-	-	Cytochrom_B_C
qaidam_basin_mmag_1773|qaidam_basin_mmag_1773_NSLT22bin51|k141_692999_length_2620_cov_275.0904_3	qaidam_basin_mmag_1773	qaidam_basin_mmag_1773_NSLT22bin51	0	1	qaidam_basin_mmag_1773|qaidam_basin_mmag_1773_NSLT22bin51|k141_692999_length_2620_cov_275.0904_2	-1	-1	+	+	other	Rieske 2Fe-2S	-	-	Rieske
qaidam_basin_mmag_1773|qaidam_basin_mmag_1773_NSLT22bin51|k141_692999_length_2620_cov_275.0904_3	qaidam_basin_mmag_1773	qaidam_basin_mmag_1773_NSLT22bin51	0	1	qaidam_basin_mmag_1773|qaidam_basin_mmag_1773_NSLT22bin51|k141_692999_length_2620_cov_275.0904_3	0	0	+	+	target	-	-	-	-
qaidam_basin_mmag_1773|qaidam_basin_mmag_1773_NSLT22bin51|k141_692999_length_2620_cov_275.0904_3	qaidam_basin_mmag_1773	qaidam_basin_mmag_1773_NSLT22bin51	0	1	qaidam_basin_mmag_1773|qaidam_basin_mmag_1773_NSLT22bin51|k141_692999_length_2620_cov_275.0904_4	1	1	+	+	unresolved	-	-	-	-
qaidam_basin_mmag_1773|qaidam_basin_mmag_1773_NSLT22bin54|k141_331993_length_5921_cov_31.1827_7	qaidam_basin_mmag_1773	qaidam_basin_mmag_1773_NSLT22bin54	0	0	qaidam_basin_mmag_1773|qaidam_basin_mmag_1773_NSLT22bin54|k141_331993_length_5921_cov_31.1827_2	-5	5	+	-	other	Delta-aminolevulinic acid dehydratase	hemB	ko:K01698	ALAD
qaidam_basin_mmag_1773|qaidam_basin_mmag_1773_NSLT22bin54|k141_331993_length_5921_cov_31.1827_7	qaidam_basin_mmag_1773	qaidam_basin_mmag_1773_NSLT22bin54	0	0	qaidam_basin_mmag_1773|qaidam_basin_mmag_1773_NSLT22bin54|k141_331993_length_5921_cov_31.1827_3	-4	4	+	-	other	Belongs to the class-III pyridoxal-phosphate-dependent aminotransferase family	hemL	ko:K01845	Aminotran_3
qaidam_basin_mmag_1773|qaidam_basin_mmag_1773_NSLT22bin54|k141_331993_length_5921_cov_31.1827_7	qaidam_basin_mmag_1773	qaidam_basin_mmag_1773_NSLT22bin54	0	0	qaidam_basin_mmag_1773|qaidam_basin_mmag_1773_NSLT22bin54|k141_331993_length_5921_cov_31.1827_4	-3	3	+	-	unresolved	-	-	-	-
qaidam_basin_mmag_1773|qaidam_basin_mmag_1773_NSLT22bin54|k141_331993_length_5921_cov_31.1827_7	qaidam_basin_mmag_1773	qaidam_basin_mmag_1773_NSLT22bin54	0	0	qaidam_basin_mmag_1773|qaidam_basin_mmag_1773_NSLT22bin54|k141_331993_length_5921_cov_31.1827_5	-2	2	-	+	unresolved	-	-	-	-
qaidam_basin_mmag_1773|qaidam_basin_mmag_1773_NSLT22bin54|k141_331993_length_5921_cov_31.1827_7	qaidam_basin_mmag_1773	qaidam_basin_mmag_1773_NSLT22bin54	0	0	qaidam_basin_mmag_1773|qaidam_basin_mmag_1773_NSLT22bin54|k141_331993_length_5921_cov_31.1827_6	-1	1	-	+	unresolved	-	-	-	-
qaidam_basin_mmag_1773|qaidam_basin_mmag_1773_NSLT22bin54|k141_331993_length_5921_cov_31.1827_7	qaidam_basin_mmag_1773	qaidam_basin_mmag_1773_NSLT22bin54	0	0	qaidam_basin_mmag_1773|qaidam_basin_mmag_1773_NSLT22bin54|k141_331993_length_5921_cov_31.1827_7	0	0	-	+	target	-	-	-	-
qaidam_basin_mmag_1773|qaidam_basin_mmag_1773_NSLT22bin54|k141_331993_length_5921_cov_31.1827_7	qaidam_basin_mmag_1773	qaidam_basin_mmag_1773_NSLT22bin54	0	0	qaidam_basin_mmag_1773|qaidam_basin_mmag_1773_NSLT22bin54|k141_331993_length_5921_cov_31.1827_8	1	-1	-	+	unresolved	-	-	-	-
qaidam_basin_mmag_1773|qaidam_basin_mmag_1773_NSLT22bin54|k141_501752_length_24403_cov_75.1165_5	qaidam_basin_mmag_1773	qaidam_basin_mmag_1773_NSLT22bin54	0	1	qaidam_basin_mmag_1773|qaidam_basin_mmag_1773_NSLT22bin54|k141_501752_length_24403_cov_75.1165_1	-4	-4	+	+	unresolved	-	-	-	-
qaidam_basin_mmag_1773|qaidam_basin_mmag_1773_NSLT22bin54|k141_501752_length_24403_cov_75.1165_5	qaidam_basin_mmag_1773	qaidam_basin_mmag_1773_NSLT22bin54	0	1	qaidam_basin_mmag_1773|qaidam_basin_mmag_1773_NSLT22bin54|k141_501752_length_24403_cov_75.1165_2	-3	-3	+	+	cyto_b_N	Cytochrome b/b6/petB	-	ko:K03891	Cytochrom_B_N_2
qaidam_basin_mmag_1773|qaidam_basin_mmag_1773_NSLT22bin54|k141_501752_length_24403_cov_75.1165_5	qaidam_basin_mmag_1773	qaidam_basin_mmag_1773_NSLT22bin54	0	1	qaidam_basin_mmag_1773|qaidam_basin_mmag_1773_NSLT22bin54|k141_501752_length_24403_cov_75.1165_3	-2	-2	+	+	cyto_b_C	Cytochrome b(C-terminal)/b6/petD	-	-	Cytochrom_B_C
qaidam_basin_mmag_1773|qaidam_basin_mmag_1773_NSLT22bin54|k141_501752_length_24403_cov_75.1165_5	qaidam_basin_mmag_1773	qaidam_basin_mmag_1773_NSLT22bin54	0	1	qaidam_basin_mmag_1773|qaidam_basin_mmag_1773_NSLT22bin54|k141_501752_length_24403_cov_75.1165_4	-1	-1	+	+	unresolved	-	-	-	-
qaidam_basin_mmag_1773|qaidam_basin_mmag_1773_NSLT22bin54|k141_501752_length_24403_cov_75.1165_5	qaidam_basin_mmag_1773	qaidam_basin_mmag_1773_NSLT22bin54	0	1	qaidam_basin_mmag_1773|qaidam_basin_mmag_1773_NSLT22bin54|k141_501752_length_24403_cov_75.1165_5	0	0	+	+	target	-	-	-	-
qaidam_basin_mmag_1773|qaidam_basin_mmag_1773_NSLT22bin54|k141_501752_length_24403_cov_75.1165_5	qaidam_basin_mmag_1773	qaidam_basin_mmag_1773_NSLT22bin54	0	1	qaidam_basin_mmag_1773|qaidam_basin_mmag_1773_NSLT22bin54|k141_501752_length_24403_cov_75.1165_6	1	1	+	+	unresolved	-	-	-	-
qaidam_basin_mmag_1773|qaidam_basin_mmag_1773_NSLT22bin54|k141_501752_length_24403_cov_75.1165_5	qaidam_basin_mmag_1773	qaidam_basin_mmag_1773_NSLT22bin54	0	1	qaidam_basin_mmag_1773|qaidam_basin_mmag_1773_NSLT22bin54|k141_501752_length_24403_cov_75.1165_7	2	2	+	+	unresolved	-	-	-	-
qaidam_basin_mmag_1773|qaidam_basin_mmag_1773_NSLT22bin54|k141_501752_length_24403_cov_75.1165_5	qaidam_basin_mmag_1773	qaidam_basin_mmag_1773_NSLT22bin54	0	1	qaidam_basin_mmag_1773|qaidam_basin_mmag_1773_NSLT22bin54|k141_501752_length_24403_cov_75.1165_8	3	3	-	-	unresolved	-	-	-	-
qaidam_basin_mmag_1773|qaidam_basin_mmag_1773_NSLT22bin54|k141_501752_length_24403_cov_75.1165_5	qaidam_basin_mmag_1773	qaidam_basin_mmag_1773_NSLT22bin54	0	1	qaidam_basin_mmag_1773|qaidam_basin_mmag_1773_NSLT22bin54|k141_501752_length_24403_cov_75.1165_9	4	4	-	-	other	Aminotransferase class-III	hemL	ko:K01845	Aminotran_3
qaidam_basin_mmag_1773|qaidam_basin_mmag_1773_NSLT22bin54|k141_501752_length_24403_cov_75.1165_5	qaidam_basin_mmag_1773	qaidam_basin_mmag_1773_NSLT22bin54	0	1	qaidam_basin_mmag_1773|qaidam_basin_mmag_1773_NSLT22bin54|k141_501752_length_24403_cov_75.1165_10	5	5	-	-	other	Delta-aminolevulinic acid dehydratase	hemB	ko:K01698	ALAD
qaidam_basin_mmag_1773|qaidam_basin_mmag_1773_S305CJS_Drybin11|k141_536458_length_4641_cov_17.2724_1	qaidam_basin_mmag_1773	qaidam_basin_mmag_1773_S305CJS_Drybin11	0	1	qaidam_basin_mmag_1773|qaidam_basin_mmag_1773_S305CJS_Drybin11|k141_536458_length_4641_cov_17.2724_1	0	0	-	+	target	-	-	-	-
qaidam_basin_mmag_1773|qaidam_basin_mmag_1773_S305CJS_Drybin11|k141_536458_length_4641_cov_17.2724_1	qaidam_basin_mmag_1773	qaidam_basin_mmag_1773_S305CJS_Drybin11	0	1	qaidam_basin_mmag_1773|qaidam_basin_mmag_1773_S305CJS_Drybin11|k141_536458_length_4641_cov_17.2724_2	1	-1	-	+	other	Rieske 2Fe-2S	-	-	Rieske
qaidam_basin_mmag_1773|qaidam_basin_mmag_1773_S305CJS_Drybin11|k141_536458_length_4641_cov_17.2724_1	qaidam_basin_mmag_1773	qaidam_basin_mmag_1773_S305CJS_Drybin11	0	1	qaidam_basin_mmag_1773|qaidam_basin_mmag_1773_S305CJS_Drybin11|k141_536458_length_4641_cov_17.2724_3	2	-2	-	+	cyto_b_C	Cytochrome b(C-terminal)/b6/petD	-	-	Cytochrom_B_C
qaidam_basin_mmag_1773|qaidam_basin_mmag_1773_S305CJS_Drybin11|k141_536458_length_4641_cov_17.2724_1	qaidam_basin_mmag_1773	qaidam_basin_mmag_1773_S305CJS_Drybin11	0	1	qaidam_basin_mmag_1773|qaidam_basin_mmag_1773_S305CJS_Drybin11|k141_536458_length_4641_cov_17.2724_4	3	-3	-	+	cyto_b_N	Cytochrome b/b6/petB	-	ko:K03891	Cytochrom_B_N_2
qaidam_basin_mmag_1773|qaidam_basin_mmag_1773_S305CJS_Drybin11|k141_536458_length_4641_cov_17.2724_1	qaidam_basin_mmag_1773	qaidam_basin_mmag_1773_S305CJS_Drybin11	0	1	qaidam_basin_mmag_1773|qaidam_basin_mmag_1773_S305CJS_Drybin11|k141_536458_length_4641_cov_17.2724_5	4	-4	-	+	other	4Fe-4S dicluster domain	-	-	Fer4,Fer4_10
qaidam_basin_mmag_1773|qaidam_basin_mmag_1773_S305CJS_Drybin11|k141_536458_length_4641_cov_17.2724_1	qaidam_basin_mmag_1773	qaidam_basin_mmag_1773_S305CJS_Drybin11	0	1	qaidam_basin_mmag_1773|qaidam_basin_mmag_1773_S305CJS_Drybin11|k141_536458_length_4641_cov_17.2724_6	5	-5	-	+	unresolved	-	-	-	-
qaidam_basin_mmag_1773|qaidam_basin_mmag_1773_S305CJS_Drybin13|k141_735875_length_5255_cov_15.0000_7	qaidam_basin_mmag_1773	qaidam_basin_mmag_1773_S305CJS_Drybin13	0	1	qaidam_basin_mmag_1773|qaidam_basin_mmag_1773_S305CJS_Drybin13|k141_735875_length_5255_cov_15.0000_2	-5	5	+	-	other	periplasmic protein thiol disulfide oxidoreductases, DsbE subfamily	-	ko:K02199	AhpC-TSA
qaidam_basin_mmag_1773|qaidam_basin_mmag_1773_S305CJS_Drybin13|k141_735875_length_5255_cov_15.0000_7	qaidam_basin_mmag_1773	qaidam_basin_mmag_1773_S305CJS_Drybin13	0	1	qaidam_basin_mmag_1773|qaidam_basin_mmag_1773_S305CJS_Drybin13|k141_735875_length_5255_cov_15.0000_3	-4	4	+	-	heme	Cytochrome C biogenesis protein transmembrane region	MA20_17170	ko:K06196	DsbD
qaidam_basin_mmag_1773|qaidam_basin_mmag_1773_S305CJS_Drybin13|k141_735875_length_5255_cov_15.0000_7	qaidam_basin_mmag_1773	qaidam_basin_mmag_1773_S305CJS_Drybin13	0	1	qaidam_basin_mmag_1773|qaidam_basin_mmag_1773_S305CJS_Drybin13|k141_735875_length_5255_cov_15.0000_4	-3	3	+	-	unresolved	-	-	-	-
qaidam_basin_mmag_1773|qaidam_basin_mmag_1773_S305CJS_Drybin13|k141_735875_length_5255_cov_15.0000_7	qaidam_basin_mmag_1773	qaidam_basin_mmag_1773_S305CJS_Drybin13	0	1	qaidam_basin_mmag_1773|qaidam_basin_mmag_1773_S305CJS_Drybin13|k141_735875_length_5255_cov_15.0000_5	-2	2	+	-	other	Modulates transcription in response to changes in cellular NADH NAD( ) redox state	rex	ko:K01926	CoA_binding,Put_DNA-bind_N
qaidam_basin_mmag_1773|qaidam_basin_mmag_1773_S305CJS_Drybin13|k141_735875_length_5255_cov_15.0000_7	qaidam_basin_mmag_1773	qaidam_basin_mmag_1773_S305CJS_Drybin13	0	1	qaidam_basin_mmag_1773|qaidam_basin_mmag_1773_S305CJS_Drybin13|k141_735875_length_5255_cov_15.0000_6	-1	1	-	+	other	The 2-oxoglutarate dehydrogenase complex catalyzes the overall conversion of 2-oxoglutarate to succinyl-CoA and CO(2)	odhB	ko:K00658	2-oxoacid_dh,Biotin_lipoyl,E3_binding
qaidam_basin_mmag_1773|qaidam_basin_mmag_1773_S305CJS_Drybin13|k141_735875_length_5255_cov_15.0000_7	qaidam_basin_mmag_1773	qaidam_basin_mmag_1773_S305CJS_Drybin13	0	1	qaidam_basin_mmag_1773|qaidam_basin_mmag_1773_S305CJS_Drybin13|k141_735875_length_5255_cov_15.0000_7	0	0	-	+	target	-	-	-	-
qaidam_basin_mmag_1773|qaidam_basin_mmag_1773_S305CJS_Drybin13|k141_735875_length_5255_cov_15.0000_7	qaidam_basin_mmag_1773	qaidam_basin_mmag_1773_S305CJS_Drybin13	0	1	qaidam_basin_mmag_1773|qaidam_basin_mmag_1773_S305CJS_Drybin13|k141_735875_length_5255_cov_15.0000_8	1	-1	-	+	unresolved	-	-	-	-
qaidam_basin_mmag_1773|qaidam_basin_mmag_1773_S305CJS_Drybin18|k141_651879_length_20597_cov_383.3555_15	qaidam_basin_mmag_1773	qaidam_basin_mmag_1773_S305CJS_Drybin18	1	1	qaidam_basin_mmag_1773|qaidam_basin_mmag_1773_S305CJS_Drybin18|k141_651879_length_20597_cov_383.3555_10	-5	-5	+	+	unresolved	-	-	-	-
qaidam_basin_mmag_1773|qaidam_basin_mmag_1773_S305CJS_Drybin18|k141_651879_length_20597_cov_383.3555_15	qaidam_basin_mmag_1773	qaidam_basin_mmag_1773_S305CJS_Drybin18	1	1	qaidam_basin_mmag_1773|qaidam_basin_mmag_1773_S305CJS_Drybin18|k141_651879_length_20597_cov_383.3555_11	-4	-4	+	+	other	4Fe-4S dicluster domain	-	-	Fer4,Fer4_10
qaidam_basin_mmag_1773|qaidam_basin_mmag_1773_S305CJS_Drybin18|k141_651879_length_20597_cov_383.3555_15	qaidam_basin_mmag_1773	qaidam_basin_mmag_1773_S305CJS_Drybin18	1	1	qaidam_basin_mmag_1773|qaidam_basin_mmag_1773_S305CJS_Drybin18|k141_651879_length_20597_cov_383.3555_12	-3	-3	+	+	cyto_b_N	Cytochrome b/b6/petB	-	ko:K03891	Cytochrom_B_N_2
qaidam_basin_mmag_1773|qaidam_basin_mmag_1773_S305CJS_Drybin18|k141_651879_length_20597_cov_383.3555_15	qaidam_basin_mmag_1773	qaidam_basin_mmag_1773_S305CJS_Drybin18	1	1	qaidam_basin_mmag_1773|qaidam_basin_mmag_1773_S305CJS_Drybin18|k141_651879_length_20597_cov_383.3555_13	-2	-2	+	+	cyto_b_C	Cytochrome b(C-terminal)/b6/petD	-	-	Cytochrom_B_C
qaidam_basin_mmag_1773|qaidam_basin_mmag_1773_S305CJS_Drybin18|k141_651879_length_20597_cov_383.3555_15	qaidam_basin_mmag_1773	qaidam_basin_mmag_1773_S305CJS_Drybin18	1	1	qaidam_basin_mmag_1773|qaidam_basin_mmag_1773_S305CJS_Drybin18|k141_651879_length_20597_cov_383.3555_14	-1	-1	+	+	other	Rieske 2Fe-2S	-	-	Rieske
qaidam_basin_mmag_1773|qaidam_basin_mmag_1773_S305CJS_Drybin18|k141_651879_length_20597_cov_383.3555_15	qaidam_basin_mmag_1773	qaidam_basin_mmag_1773_S305CJS_Drybin18	1	1	qaidam_basin_mmag_1773|qaidam_basin_mmag_1773_S305CJS_Drybin18|k141_651879_length_20597_cov_383.3555_15	0	0	+	+	target	-	-	-	-
qaidam_basin_mmag_1773|qaidam_basin_mmag_1773_S305CJS_Drybin18|k141_651879_length_20597_cov_383.3555_15	qaidam_basin_mmag_1773	qaidam_basin_mmag_1773_S305CJS_Drybin18	1	1	qaidam_basin_mmag_1773|qaidam_basin_mmag_1773_S305CJS_Drybin18|k141_651879_length_20597_cov_383.3555_16	1	1	+	+	unresolved	-	-	-	-
qaidam_basin_mmag_1773|qaidam_basin_mmag_1773_S305CJS_Drybin18|k141_651879_length_20597_cov_383.3555_15	qaidam_basin_mmag_1773	qaidam_basin_mmag_1773_S305CJS_Drybin18	1	1	qaidam_basin_mmag_1773|qaidam_basin_mmag_1773_S305CJS_Drybin18|k141_651879_length_20597_cov_383.3555_17	2	2	+	+	other	NDH-1 shuttles electrons from NADH, via FMN and iron- sulfur (Fe-S) centers, to quinones in the respiratory chain	-	ko:K00330	Oxidored_q4
qaidam_basin_mmag_1773|qaidam_basin_mmag_1773_S305CJS_Drybin18|k141_651879_length_20597_cov_383.3555_15	qaidam_basin_mmag_1773	qaidam_basin_mmag_1773_S305CJS_Drybin18	1	1	qaidam_basin_mmag_1773|qaidam_basin_mmag_1773_S305CJS_Drybin18|k141_651879_length_20597_cov_383.3555_18	3	3	+	+	other	NDH-1 shuttles electrons from NADH, via FMN and iron- sulfur (Fe-S) centers, to quinones in the respiratory chain. The immediate electron acceptor for the enzyme in this species is believed to be a menaquinone. Couples the redox reaction to proton translocation (for every two electrons transferred, four hydrogen ions are translocated across the cytoplasmic membrane), and thus conserves the redox energy in a proton gradient	-	ko:K00331	Oxidored_q6
qaidam_basin_mmag_1773|qaidam_basin_mmag_1773_S305CJS_Drybin18|k141_651879_length_20597_cov_383.3555_15	qaidam_basin_mmag_1773	qaidam_basin_mmag_1773_S305CJS_Drybin18	1	1	qaidam_basin_mmag_1773|qaidam_basin_mmag_1773_S305CJS_Drybin18|k141_651879_length_20597_cov_383.3555_19	4	4	+	+	other	Respiratory-chain NADH dehydrogenase, 30 Kd subunit	-	ko:K00332	Complex1_30kDa
qaidam_basin_mmag_1773|qaidam_basin_mmag_1773_S305CJS_Drybin18|k141_651879_length_20597_cov_383.3555_15	qaidam_basin_mmag_1773	qaidam_basin_mmag_1773_S305CJS_Drybin18	1	1	qaidam_basin_mmag_1773|qaidam_basin_mmag_1773_S305CJS_Drybin18|k141_651879_length_20597_cov_383.3555_20	5	5	+	+	other	NDH-1 shuttles electrons from NADH, via FMN and iron- sulfur (Fe-S) centers, to quinones in the respiratory chain. The immediate electron acceptor for the enzyme in this species is believed to be a menaquinone. Couples the redox reaction to proton translocation (for every two electrons transferred, four hydrogen ions are translocated across the cytoplasmic membrane), and thus conserves the redox energy in a proton gradient	-	ko:K00333	Complex1_49kDa
qaidam_basin_mmag_1773|qaidam_basin_mmag_1773_YX2bin12|k141_1284666_length_3763_cov_71.9464_3	qaidam_basin_mmag_1773	qaidam_basin_mmag_1773_YX2bin12	0	1	qaidam_basin_mmag_1773|qaidam_basin_mmag_1773_YX2bin12|k141_1284666_length_3763_cov_71.9464_1	-2	-2	+	+	cyto_b_C	Cytochrome b(C-terminal)/b6/petD	-	-	Cytochrom_B_C
qaidam_basin_mmag_1773|qaidam_basin_mmag_1773_YX2bin12|k141_1284666_length_3763_cov_71.9464_3	qaidam_basin_mmag_1773	qaidam_basin_mmag_1773_YX2bin12	0	1	qaidam_basin_mmag_1773|qaidam_basin_mmag_1773_YX2bin12|k141_1284666_length_3763_cov_71.9464_2	-1	-1	+	+	unresolved	-	-	-	-
qaidam_basin_mmag_1773|qaidam_basin_mmag_1773_YX2bin12|k141_1284666_length_3763_cov_71.9464_3	qaidam_basin_mmag_1773	qaidam_basin_mmag_1773_YX2bin12	0	1	qaidam_basin_mmag_1773|qaidam_basin_mmag_1773_YX2bin12|k141_1284666_length_3763_cov_71.9464_3	0	0	+	+	target	-	-	-	-
qaidam_basin_mmag_1773|qaidam_basin_mmag_1773_YX2bin12|k141_1284666_length_3763_cov_71.9464_3	qaidam_basin_mmag_1773	qaidam_basin_mmag_1773_YX2bin12	0	1	qaidam_basin_mmag_1773|qaidam_basin_mmag_1773_YX2bin12|k141_1284666_length_3763_cov_71.9464_4	1	1	+	+	unresolved	-	-	-	-
qaidam_basin_mmag_1773|qaidam_basin_mmag_1773_YX2bin12|k141_1284666_length_3763_cov_71.9464_3	qaidam_basin_mmag_1773	qaidam_basin_mmag_1773_YX2bin12	0	1	qaidam_basin_mmag_1773|qaidam_basin_mmag_1773_YX2bin12|k141_1284666_length_3763_cov_71.9464_5	2	2	+	+	unresolved	-	-	-	-
qaidam_basin_mmag_1773|qaidam_basin_mmag_1773_YX2bin12|k141_1284666_length_3763_cov_71.9464_3	qaidam_basin_mmag_1773	qaidam_basin_mmag_1773_YX2bin12	0	1	qaidam_basin_mmag_1773|qaidam_basin_mmag_1773_YX2bin12|k141_1284666_length_3763_cov_71.9464_6	3	3	-	-	other	PFAM Aminotransferase class-III	hemL	ko:K01845	Aminotran_3
qaidam_basin_mmag_1773|qaidam_basin_mmag_1773_YX2bin5|k141_719502_length_2099_cov_56.9259_2	qaidam_basin_mmag_1773	qaidam_basin_mmag_1773_YX2bin5	0	0	qaidam_basin_mmag_1773|qaidam_basin_mmag_1773_YX2bin5|k141_719502_length_2099_cov_56.9259_1	-1	1	-	+	unresolved	-	-	-	-
qaidam_basin_mmag_1773|qaidam_basin_mmag_1773_YX2bin5|k141_719502_length_2099_cov_56.9259_2	qaidam_basin_mmag_1773	qaidam_basin_mmag_1773_YX2bin5	0	0	qaidam_basin_mmag_1773|qaidam_basin_mmag_1773_YX2bin5|k141_719502_length_2099_cov_56.9259_2	0	0	-	+	target	-	-	-	-
qaidam_basin_mmag_1773|qaidam_basin_mmag_1773_YX2bin5|k141_719502_length_2099_cov_56.9259_2	qaidam_basin_mmag_1773	qaidam_basin_mmag_1773_YX2bin5	0	0	qaidam_basin_mmag_1773|qaidam_basin_mmag_1773_YX2bin5|k141_719502_length_2099_cov_56.9259_3	1	-1	-	+	other	Rieske 2Fe-2S	-	-	Rieske
qaidam_basin_mmag_1773|qaidam_basin_mmag_1773_YX3bin23|k141_399218_length_6240_cov_20.6049_1	qaidam_basin_mmag_1773	qaidam_basin_mmag_1773_YX3bin23	0	1	qaidam_basin_mmag_1773|qaidam_basin_mmag_1773_YX3bin23|k141_399218_length_6240_cov_20.6049_1	0	0	+	+	target	-	-	-	-
qaidam_basin_mmag_1773|qaidam_basin_mmag_1773_YX3bin23|k141_399218_length_6240_cov_20.6049_1	qaidam_basin_mmag_1773	qaidam_basin_mmag_1773_YX3bin23	0	1	qaidam_basin_mmag_1773|qaidam_basin_mmag_1773_YX3bin23|k141_399218_length_6240_cov_20.6049_2	1	1	+	+	unresolved	-	-	-	-
qaidam_basin_mmag_1773|qaidam_basin_mmag_1773_YX3bin23|k141_399218_length_6240_cov_20.6049_1	qaidam_basin_mmag_1773	qaidam_basin_mmag_1773_YX3bin23	0	1	qaidam_basin_mmag_1773|qaidam_basin_mmag_1773_YX3bin23|k141_399218_length_6240_cov_20.6049_3	2	2	-	-	other	Glutaredoxin-like domain (DUF836)	-	-	DUF836
qaidam_basin_mmag_1773|qaidam_basin_mmag_1773_YX3bin23|k141_399218_length_6240_cov_20.6049_1	qaidam_basin_mmag_1773	qaidam_basin_mmag_1773_YX3bin23	0	1	qaidam_basin_mmag_1773|qaidam_basin_mmag_1773_YX3bin23|k141_399218_length_6240_cov_20.6049_4	3	3	-	-	heme	Cytochrome c biogenesis protein	ccdA	ko:K06196	DsbD
qaidam_basin_mmag_1773|qaidam_basin_mmag_1773_YX3bin23|k141_399218_length_6240_cov_20.6049_1	qaidam_basin_mmag_1773	qaidam_basin_mmag_1773_YX3bin23	0	1	qaidam_basin_mmag_1773|qaidam_basin_mmag_1773_YX3bin23|k141_399218_length_6240_cov_20.6049_5	4	4	-	-	unresolved	-	-	-	-
qaidam_basin_mmag_1773|qaidam_basin_mmag_1773_YX3bin23|k141_399218_length_6240_cov_20.6049_1	qaidam_basin_mmag_1773	qaidam_basin_mmag_1773_YX3bin23	0	1	qaidam_basin_mmag_1773|qaidam_basin_mmag_1773_YX3bin23|k141_399218_length_6240_cov_20.6049_6	5	5	+	+	other	response regulator	-	ko:K02282	GerE,Response_reg
