filename	sample_id	mate	gate	KO	role	accepted_read_count
SRR18183467_1.fastq.gz	SRR18183467	1	broad	K00066	amended_target	34
SRR18183467_1.fastq.gz	SRR18183467	1	broad	K00130	amended_target	41
SRR18183467_1.fastq.gz	SRR18183467	1	broad	K00383	amended_target	24
SRR18183467_1.fastq.gz	SRR18183467	1	broad	K00384	amended_target	273
SRR18183467_1.fastq.gz	SRR18183467	1	broad	K00436	amended_target	0
SRR18183467_1.fastq.gz	SRR18183467	1	broad	K00437	amended_target	0
SRR18183467_1.fastq.gz	SRR18183467	1	broad	K00440	amended_target	0
SRR18183467_1.fastq.gz	SRR18183467	1	broad	K00441	amended_target	50
SRR18183467_1.fastq.gz	SRR18183467	1	broad	K00609	normalization_marker	154
SRR18183467_1.fastq.gz	SRR18183467	1	broad	K00694	amended_target	5
SRR18183467_1.fastq.gz	SRR18183467	1	broad	K00697	amended_target	47
SRR18183467_1.fastq.gz	SRR18183467	1	broad	K00764	normalization_marker	273
SRR18183467_1.fastq.gz	SRR18183467	1	broad	K00800	normalization_marker	193
SRR18183467_1.fastq.gz	SRR18183467	1	broad	K00940	normalization_marker	94
SRR18183467_1.fastq.gz	SRR18183467	1	broad	K01087	amended_target	64
SRR18183467_1.fastq.gz	SRR18183467	1	broad	K01139	amended_target	256
SRR18183467_1.fastq.gz	SRR18183467	1	broad	K01546	amended_target	53
SRR18183467_1.fastq.gz	SRR18183467	1	broad	K01547	amended_target	26
SRR18183467_1.fastq.gz	SRR18183467	1	broad	K01548	amended_target	13
SRR18183467_1.fastq.gz	SRR18183467	1	broad	K01601	amended_target	113
SRR18183467_1.fastq.gz	SRR18183467	1	broad	K01602	amended_target	33
SRR18183467_1.fastq.gz	SRR18183467	1	broad	K01669	amended_target	39
SRR18183467_1.fastq.gz	SRR18183467	1	broad	K01866	normalization_marker	286
SRR18183467_1.fastq.gz	SRR18183467	1	broad	K01870	normalization_marker	544
SRR18183467_1.fastq.gz	SRR18183467	1	broad	K01873	normalization_marker	447
SRR18183467_1.fastq.gz	SRR18183467	1	broad	K01875	normalization_marker	270
SRR18183467_1.fastq.gz	SRR18183467	1	broad	K01889	normalization_marker	226
SRR18183467_1.fastq.gz	SRR18183467	1	broad	K01890	normalization_marker	377
SRR18183467_1.fastq.gz	SRR18183467	1	broad	K01892	normalization_marker	208
SRR18183467_1.fastq.gz	SRR18183467	1	broad	K01933	normalization_marker	184
SRR18183467_1.fastq.gz	SRR18183467	1	broad	K02000	amended_target	107
SRR18183467_1.fastq.gz	SRR18183467	1	broad	K02001	amended_target	38
SRR18183467_1.fastq.gz	SRR18183467	1	broad	K02002	amended_target	164
SRR18183467_1.fastq.gz	SRR18183467	1	broad	K02600	normalization_marker	240
SRR18183467_1.fastq.gz	SRR18183467	1	broad	K02863	normalization_marker	126
SRR18183467_1.fastq.gz	SRR18183467	1	broad	K02867	normalization_marker	95
SRR18183467_1.fastq.gz	SRR18183467	1	broad	K02931	normalization_marker	159
SRR18183467_1.fastq.gz	SRR18183467	1	broad	K02982	normalization_marker	157
SRR18183467_1.fastq.gz	SRR18183467	1	broad	K03106	normalization_marker	249
SRR18183467_1.fastq.gz	SRR18183467	1	broad	K03386	amended_target	10
SRR18183467_1.fastq.gz	SRR18183467	1	broad	K03387	amended_target	0
SRR18183467_1.fastq.gz	SRR18183467	1	broad	K03518	amended_target	173
SRR18183467_1.fastq.gz	SRR18183467	1	broad	K03519	amended_target	187
SRR18183467_1.fastq.gz	SRR18183467	1	broad	K03520	amended_target	255
SRR18183467_1.fastq.gz	SRR18183467	1	broad	K03553	amended_target	365
SRR18183467_1.fastq.gz	SRR18183467	1	broad	K03555	amended_target	268
SRR18183467_1.fastq.gz	SRR18183467	1	broad	K03572	amended_target	212
SRR18183467_1.fastq.gz	SRR18183467	1	broad	K03581	amended_target	81
SRR18183467_1.fastq.gz	SRR18183467	1	broad	K03582	amended_target	57
SRR18183467_1.fastq.gz	SRR18183467	1	broad	K03583	amended_target	60
SRR18183467_1.fastq.gz	SRR18183467	1	broad	K03657	amended_target	850
SRR18183467_1.fastq.gz	SRR18183467	1	broad	K03671	amended_target	116
SRR18183467_1.fastq.gz	SRR18183467	1	broad	K03701	amended_target	943
SRR18183467_1.fastq.gz	SRR18183467	1	broad	K03702	amended_target	425
SRR18183467_1.fastq.gz	SRR18183467	1	broad	K03703	amended_target	413
SRR18183467_1.fastq.gz	SRR18183467	1	broad	K03704	amended_target	201
SRR18183467_1.fastq.gz	SRR18183467	1	broad	K03781	amended_target	414
SRR18183467_1.fastq.gz	SRR18183467	1	broad	K03782	amended_target	43
SRR18183467_1.fastq.gz	SRR18183467	1	broad	K04047	amended_target	54
SRR18183467_1.fastq.gz	SRR18183467	1	broad	K04564	amended_target	211
SRR18183467_1.fastq.gz	SRR18183467	1	broad	K04565	amended_target	94
SRR18183467_1.fastq.gz	SRR18183467	1	broad	K04641	amended_target	0
SRR18183467_1.fastq.gz	SRR18183467	1	broad	K04642	amended_target	0
SRR18183467_1.fastq.gz	SRR18183467	1	broad	K05343	amended_target	185
SRR18183467_1.fastq.gz	SRR18183467	1	broad	K05592	amended_target	105
SRR18183467_1.fastq.gz	SRR18183467	1	broad	K05896	normalization_marker	140
SRR18183467_1.fastq.gz	SRR18183467	1	broad	K06381	amended_target	134
SRR18183467_1.fastq.gz	SRR18183467	1	broad	K06390	amended_target	0
SRR18183467_1.fastq.gz	SRR18183467	1	broad	K06718	amended_target	3
SRR18183467_1.fastq.gz	SRR18183467	1	broad	K06720	amended_target	7
SRR18183467_1.fastq.gz	SRR18183467	1	broad	K07646	amended_target	73
SRR18183467_1.fastq.gz	SRR18183467	1	broad	K07667	amended_target	23
SRR18183467_1.fastq.gz	SRR18183467	1	broad	K07699	amended_target	0
SRR18183467_1.fastq.gz	SRR18183467	1	broad	K09903	normalization_marker	158
SRR18183467_1.fastq.gz	SRR18183467	1	broad	K10255	amended_target	12
SRR18183467_1.fastq.gz	SRR18183467	1	broad	K10674	amended_target	1
SRR18183467_1.fastq.gz	SRR18183467	1	broad	K11180	amended_target	0
SRR18183467_1.fastq.gz	SRR18183467	1	broad	K11181	amended_target	0
SRR18183467_1.fastq.gz	SRR18183467	1	broad	K11935	amended_target	3
SRR18183467_1.fastq.gz	SRR18183467	1	broad	K17222	amended_target	4
SRR18183467_1.fastq.gz	SRR18183467	1	broad	K17223	amended_target	0
SRR18183467_1.fastq.gz	SRR18183467	1	broad	K17224	amended_target	10
SRR18183467_1.fastq.gz	SRR18183467	1	broad	K17225	amended_target	10
SRR18183467_1.fastq.gz	SRR18183467	1	broad	K17229	amended_target	3
SRR18183467_1.fastq.gz	SRR18183467	1	broad	K20543	amended_target	1
SRR18183467_1.fastq.gz	SRR18183467	1	primary	K00066	amended_target	31
SRR18183467_1.fastq.gz	SRR18183467	1	primary	K00130	amended_target	40
SRR18183467_1.fastq.gz	SRR18183467	1	primary	K00383	amended_target	22
SRR18183467_1.fastq.gz	SRR18183467	1	primary	K00384	amended_target	244
SRR18183467_1.fastq.gz	SRR18183467	1	primary	K00436	amended_target	0
SRR18183467_1.fastq.gz	SRR18183467	1	primary	K00437	amended_target	0
SRR18183467_1.fastq.gz	SRR18183467	1	primary	K00440	amended_target	0
SRR18183467_1.fastq.gz	SRR18183467	1	primary	K00441	amended_target	47
SRR18183467_1.fastq.gz	SRR18183467	1	primary	K00609	normalization_marker	139
SRR18183467_1.fastq.gz	SRR18183467	1	primary	K00694	amended_target	4
SRR18183467_1.fastq.gz	SRR18183467	1	primary	K00697	amended_target	44
SRR18183467_1.fastq.gz	SRR18183467	1	primary	K00764	normalization_marker	262
SRR18183467_1.fastq.gz	SRR18183467	1	primary	K00800	normalization_marker	178
SRR18183467_1.fastq.gz	SRR18183467	1	primary	K00940	normalization_marker	77
SRR18183467_1.fastq.gz	SRR18183467	1	primary	K01087	amended_target	55
SRR18183467_1.fastq.gz	SRR18183467	1	primary	K01139	amended_target	242
SRR18183467_1.fastq.gz	SRR18183467	1	primary	K01546	amended_target	51
SRR18183467_1.fastq.gz	SRR18183467	1	primary	K01547	amended_target	24
SRR18183467_1.fastq.gz	SRR18183467	1	primary	K01548	amended_target	7
SRR18183467_1.fastq.gz	SRR18183467	1	primary	K01601	amended_target	104
SRR18183467_1.fastq.gz	SRR18183467	1	primary	K01602	amended_target	26
SRR18183467_1.fastq.gz	SRR18183467	1	primary	K01669	amended_target	38
SRR18183467_1.fastq.gz	SRR18183467	1	primary	K01866	normalization_marker	260
SRR18183467_1.fastq.gz	SRR18183467	1	primary	K01870	normalization_marker	523
SRR18183467_1.fastq.gz	SRR18183467	1	primary	K01873	normalization_marker	427
SRR18183467_1.fastq.gz	SRR18183467	1	primary	K01875	normalization_marker	250
SRR18183467_1.fastq.gz	SRR18183467	1	primary	K01889	normalization_marker	210
SRR18183467_1.fastq.gz	SRR18183467	1	primary	K01890	normalization_marker	368
SRR18183467_1.fastq.gz	SRR18183467	1	primary	K01892	normalization_marker	197
SRR18183467_1.fastq.gz	SRR18183467	1	primary	K01933	normalization_marker	166
SRR18183467_1.fastq.gz	SRR18183467	1	primary	K02000	amended_target	95
SRR18183467_1.fastq.gz	SRR18183467	1	primary	K02001	amended_target	34
SRR18183467_1.fastq.gz	SRR18183467	1	primary	K02002	amended_target	152
SRR18183467_1.fastq.gz	SRR18183467	1	primary	K02600	normalization_marker	230
SRR18183467_1.fastq.gz	SRR18183467	1	primary	K02863	normalization_marker	116
SRR18183467_1.fastq.gz	SRR18183467	1	primary	K02867	normalization_marker	76
SRR18183467_1.fastq.gz	SRR18183467	1	primary	K02931	normalization_marker	143
SRR18183467_1.fastq.gz	SRR18183467	1	primary	K02982	normalization_marker	144
SRR18183467_1.fastq.gz	SRR18183467	1	primary	K03106	normalization_marker	233
SRR18183467_1.fastq.gz	SRR18183467	1	primary	K03386	amended_target	9
SRR18183467_1.fastq.gz	SRR18183467	1	primary	K03387	amended_target	0
SRR18183467_1.fastq.gz	SRR18183467	1	primary	K03518	amended_target	147
SRR18183467_1.fastq.gz	SRR18183467	1	primary	K03519	amended_target	173
SRR18183467_1.fastq.gz	SRR18183467	1	primary	K03520	amended_target	246
SRR18183467_1.fastq.gz	SRR18183467	1	primary	K03553	amended_target	333
SRR18183467_1.fastq.gz	SRR18183467	1	primary	K03555	amended_target	254
SRR18183467_1.fastq.gz	SRR18183467	1	primary	K03572	amended_target	203
SRR18183467_1.fastq.gz	SRR18183467	1	primary	K03581	amended_target	75
SRR18183467_1.fastq.gz	SRR18183467	1	primary	K03582	amended_target	55
SRR18183467_1.fastq.gz	SRR18183467	1	primary	K03583	amended_target	59
SRR18183467_1.fastq.gz	SRR18183467	1	primary	K03657	amended_target	797
SRR18183467_1.fastq.gz	SRR18183467	1	primary	K03671	amended_target	94
SRR18183467_1.fastq.gz	SRR18183467	1	primary	K03701	amended_target	895
SRR18183467_1.fastq.gz	SRR18183467	1	primary	K03702	amended_target	406
SRR18183467_1.fastq.gz	SRR18183467	1	primary	K03703	amended_target	391
SRR18183467_1.fastq.gz	SRR18183467	1	primary	K03704	amended_target	132
SRR18183467_1.fastq.gz	SRR18183467	1	primary	K03781	amended_target	390
SRR18183467_1.fastq.gz	SRR18183467	1	primary	K03782	amended_target	42
SRR18183467_1.fastq.gz	SRR18183467	1	primary	K04047	amended_target	47
SRR18183467_1.fastq.gz	SRR18183467	1	primary	K04564	amended_target	178
SRR18183467_1.fastq.gz	SRR18183467	1	primary	K04565	amended_target	83
SRR18183467_1.fastq.gz	SRR18183467	1	primary	K04641	amended_target	0
SRR18183467_1.fastq.gz	SRR18183467	1	primary	K04642	amended_target	0
SRR18183467_1.fastq.gz	SRR18183467	1	primary	K05343	amended_target	176
SRR18183467_1.fastq.gz	SRR18183467	1	primary	K05592	amended_target	97
SRR18183467_1.fastq.gz	SRR18183467	1	primary	K05896	normalization_marker	126
SRR18183467_1.fastq.gz	SRR18183467	1	primary	K06381	amended_target	125
SRR18183467_1.fastq.gz	SRR18183467	1	primary	K06390	amended_target	0
SRR18183467_1.fastq.gz	SRR18183467	1	primary	K06718	amended_target	3
SRR18183467_1.fastq.gz	SRR18183467	1	primary	K06720	amended_target	6
SRR18183467_1.fastq.gz	SRR18183467	1	primary	K07646	amended_target	62
SRR18183467_1.fastq.gz	SRR18183467	1	primary	K07667	amended_target	18
SRR18183467_1.fastq.gz	SRR18183467	1	primary	K07699	amended_target	0
SRR18183467_1.fastq.gz	SRR18183467	1	primary	K09903	normalization_marker	141
SRR18183467_1.fastq.gz	SRR18183467	1	primary	K10255	amended_target	12
SRR18183467_1.fastq.gz	SRR18183467	1	primary	K10674	amended_target	1
SRR18183467_1.fastq.gz	SRR18183467	1	primary	K11180	amended_target	0
SRR18183467_1.fastq.gz	SRR18183467	1	primary	K11181	amended_target	0
SRR18183467_1.fastq.gz	SRR18183467	1	primary	K11935	amended_target	3
SRR18183467_1.fastq.gz	SRR18183467	1	primary	K17222	amended_target	3
SRR18183467_1.fastq.gz	SRR18183467	1	primary	K17223	amended_target	0
SRR18183467_1.fastq.gz	SRR18183467	1	primary	K17224	amended_target	10
SRR18183467_1.fastq.gz	SRR18183467	1	primary	K17225	amended_target	10
SRR18183467_1.fastq.gz	SRR18183467	1	primary	K17229	amended_target	3
SRR18183467_1.fastq.gz	SRR18183467	1	primary	K20543	amended_target	1
SRR18183467_1.fastq.gz	SRR18183467	1	stringent	K00066	amended_target	29
SRR18183467_1.fastq.gz	SRR18183467	1	stringent	K00130	amended_target	38
SRR18183467_1.fastq.gz	SRR18183467	1	stringent	K00383	amended_target	21
SRR18183467_1.fastq.gz	SRR18183467	1	stringent	K00384	amended_target	228
SRR18183467_1.fastq.gz	SRR18183467	1	stringent	K00436	amended_target	0
SRR18183467_1.fastq.gz	SRR18183467	1	stringent	K00437	amended_target	0
SRR18183467_1.fastq.gz	SRR18183467	1	stringent	K00440	amended_target	0
SRR18183467_1.fastq.gz	SRR18183467	1	stringent	K00441	amended_target	47
SRR18183467_1.fastq.gz	SRR18183467	1	stringent	K00609	normalization_marker	128
SRR18183467_1.fastq.gz	SRR18183467	1	stringent	K00694	amended_target	3
SRR18183467_1.fastq.gz	SRR18183467	1	stringent	K00697	amended_target	43
SRR18183467_1.fastq.gz	SRR18183467	1	stringent	K00764	normalization_marker	249
SRR18183467_1.fastq.gz	SRR18183467	1	stringent	K00800	normalization_marker	160
SRR18183467_1.fastq.gz	SRR18183467	1	stringent	K00940	normalization_marker	62
SRR18183467_1.fastq.gz	SRR18183467	1	stringent	K01087	amended_target	48
SRR18183467_1.fastq.gz	SRR18183467	1	stringent	K01139	amended_target	232
SRR18183467_1.fastq.gz	SRR18183467	1	stringent	K01546	amended_target	49
SRR18183467_1.fastq.gz	SRR18183467	1	stringent	K01547	amended_target	23
SRR18183467_1.fastq.gz	SRR18183467	1	stringent	K01548	amended_target	5
SRR18183467_1.fastq.gz	SRR18183467	1	stringent	K01601	amended_target	99
SRR18183467_1.fastq.gz	SRR18183467	1	stringent	K01602	amended_target	21
SRR18183467_1.fastq.gz	SRR18183467	1	stringent	K01669	amended_target	32
SRR18183467_1.fastq.gz	SRR18183467	1	stringent	K01866	normalization_marker	245
SRR18183467_1.fastq.gz	SRR18183467	1	stringent	K01870	normalization_marker	499
SRR18183467_1.fastq.gz	SRR18183467	1	stringent	K01873	normalization_marker	395
SRR18183467_1.fastq.gz	SRR18183467	1	stringent	K01875	normalization_marker	230
SRR18183467_1.fastq.gz	SRR18183467	1	stringent	K01889	normalization_marker	193
SRR18183467_1.fastq.gz	SRR18183467	1	stringent	K01890	normalization_marker	331
SRR18183467_1.fastq.gz	SRR18183467	1	stringent	K01892	normalization_marker	179
SRR18183467_1.fastq.gz	SRR18183467	1	stringent	K01933	normalization_marker	154
SRR18183467_1.fastq.gz	SRR18183467	1	stringent	K02000	amended_target	89
SRR18183467_1.fastq.gz	SRR18183467	1	stringent	K02001	amended_target	32
SRR18183467_1.fastq.gz	SRR18183467	1	stringent	K02002	amended_target	131
SRR18183467_1.fastq.gz	SRR18183467	1	stringent	K02600	normalization_marker	212
SRR18183467_1.fastq.gz	SRR18183467	1	stringent	K02863	normalization_marker	105
SRR18183467_1.fastq.gz	SRR18183467	1	stringent	K02867	normalization_marker	57
SRR18183467_1.fastq.gz	SRR18183467	1	stringent	K02931	normalization_marker	129
SRR18183467_1.fastq.gz	SRR18183467	1	stringent	K02982	normalization_marker	131
SRR18183467_1.fastq.gz	SRR18183467	1	stringent	K03106	normalization_marker	213
SRR18183467_1.fastq.gz	SRR18183467	1	stringent	K03386	amended_target	9
SRR18183467_1.fastq.gz	SRR18183467	1	stringent	K03387	amended_target	0
SRR18183467_1.fastq.gz	SRR18183467	1	stringent	K03518	amended_target	122
SRR18183467_1.fastq.gz	SRR18183467	1	stringent	K03519	amended_target	155
SRR18183467_1.fastq.gz	SRR18183467	1	stringent	K03520	amended_target	232
SRR18183467_1.fastq.gz	SRR18183467	1	stringent	K03553	amended_target	319
SRR18183467_1.fastq.gz	SRR18183467	1	stringent	K03555	amended_target	239
SRR18183467_1.fastq.gz	SRR18183467	1	stringent	K03572	amended_target	190
SRR18183467_1.fastq.gz	SRR18183467	1	stringent	K03581	amended_target	60
SRR18183467_1.fastq.gz	SRR18183467	1	stringent	K03582	amended_target	47
SRR18183467_1.fastq.gz	SRR18183467	1	stringent	K03583	amended_target	57
SRR18183467_1.fastq.gz	SRR18183467	1	stringent	K03657	amended_target	738
SRR18183467_1.fastq.gz	SRR18183467	1	stringent	K03671	amended_target	70
SRR18183467_1.fastq.gz	SRR18183467	1	stringent	K03701	amended_target	836
SRR18183467_1.fastq.gz	SRR18183467	1	stringent	K03702	amended_target	388
SRR18183467_1.fastq.gz	SRR18183467	1	stringent	K03703	amended_target	368
SRR18183467_1.fastq.gz	SRR18183467	1	stringent	K03704	amended_target	60
SRR18183467_1.fastq.gz	SRR18183467	1	stringent	K03781	amended_target	371
SRR18183467_1.fastq.gz	SRR18183467	1	stringent	K03782	amended_target	38
SRR18183467_1.fastq.gz	SRR18183467	1	stringent	K04047	amended_target	42
SRR18183467_1.fastq.gz	SRR18183467	1	stringent	K04564	amended_target	151
SRR18183467_1.fastq.gz	SRR18183467	1	stringent	K04565	amended_target	69
SRR18183467_1.fastq.gz	SRR18183467	1	stringent	K04641	amended_target	0
SRR18183467_1.fastq.gz	SRR18183467	1	stringent	K04642	amended_target	0
SRR18183467_1.fastq.gz	SRR18183467	1	stringent	K05343	amended_target	161
SRR18183467_1.fastq.gz	SRR18183467	1	stringent	K05592	amended_target	86
SRR18183467_1.fastq.gz	SRR18183467	1	stringent	K05896	normalization_marker	113
SRR18183467_1.fastq.gz	SRR18183467	1	stringent	K06381	amended_target	106
SRR18183467_1.fastq.gz	SRR18183467	1	stringent	K06390	amended_target	0
SRR18183467_1.fastq.gz	SRR18183467	1	stringent	K06718	amended_target	3
SRR18183467_1.fastq.gz	SRR18183467	1	stringent	K06720	amended_target	6
SRR18183467_1.fastq.gz	SRR18183467	1	stringent	K07646	amended_target	54
SRR18183467_1.fastq.gz	SRR18183467	1	stringent	K07667	amended_target	15
SRR18183467_1.fastq.gz	SRR18183467	1	stringent	K07699	amended_target	0
SRR18183467_1.fastq.gz	SRR18183467	1	stringent	K09903	normalization_marker	129
SRR18183467_1.fastq.gz	SRR18183467	1	stringent	K10255	amended_target	12
SRR18183467_1.fastq.gz	SRR18183467	1	stringent	K10674	amended_target	1
SRR18183467_1.fastq.gz	SRR18183467	1	stringent	K11180	amended_target	0
SRR18183467_1.fastq.gz	SRR18183467	1	stringent	K11181	amended_target	0
SRR18183467_1.fastq.gz	SRR18183467	1	stringent	K11935	amended_target	2
SRR18183467_1.fastq.gz	SRR18183467	1	stringent	K17222	amended_target	3
SRR18183467_1.fastq.gz	SRR18183467	1	stringent	K17223	amended_target	0
SRR18183467_1.fastq.gz	SRR18183467	1	stringent	K17224	amended_target	9
SRR18183467_1.fastq.gz	SRR18183467	1	stringent	K17225	amended_target	10
SRR18183467_1.fastq.gz	SRR18183467	1	stringent	K17229	amended_target	3
SRR18183467_1.fastq.gz	SRR18183467	1	stringent	K20543	amended_target	0
SRR18183467_2.fastq.gz	SRR18183467	2	broad	K00066	amended_target	37
SRR18183467_2.fastq.gz	SRR18183467	2	broad	K00130	amended_target	38
SRR18183467_2.fastq.gz	SRR18183467	2	broad	K00383	amended_target	22
SRR18183467_2.fastq.gz	SRR18183467	2	broad	K00384	amended_target	271
SRR18183467_2.fastq.gz	SRR18183467	2	broad	K00436	amended_target	0
SRR18183467_2.fastq.gz	SRR18183467	2	broad	K00437	amended_target	0
SRR18183467_2.fastq.gz	SRR18183467	2	broad	K00440	amended_target	0
SRR18183467_2.fastq.gz	SRR18183467	2	broad	K00441	amended_target	47
SRR18183467_2.fastq.gz	SRR18183467	2	broad	K00609	normalization_marker	145
SRR18183467_2.fastq.gz	SRR18183467	2	broad	K00694	amended_target	2
SRR18183467_2.fastq.gz	SRR18183467	2	broad	K00697	amended_target	57
SRR18183467_2.fastq.gz	SRR18183467	2	broad	K00764	normalization_marker	281
SRR18183467_2.fastq.gz	SRR18183467	2	broad	K00800	normalization_marker	179
SRR18183467_2.fastq.gz	SRR18183467	2	broad	K00940	normalization_marker	90
SRR18183467_2.fastq.gz	SRR18183467	2	broad	K01087	amended_target	60
SRR18183467_2.fastq.gz	SRR18183467	2	broad	K01139	amended_target	258
SRR18183467_2.fastq.gz	SRR18183467	2	broad	K01546	amended_target	49
SRR18183467_2.fastq.gz	SRR18183467	2	broad	K01547	amended_target	25
SRR18183467_2.fastq.gz	SRR18183467	2	broad	K01548	amended_target	14
SRR18183467_2.fastq.gz	SRR18183467	2	broad	K01601	amended_target	108
SRR18183467_2.fastq.gz	SRR18183467	2	broad	K01602	amended_target	37
SRR18183467_2.fastq.gz	SRR18183467	2	broad	K01669	amended_target	37
SRR18183467_2.fastq.gz	SRR18183467	2	broad	K01866	normalization_marker	281
SRR18183467_2.fastq.gz	SRR18183467	2	broad	K01870	normalization_marker	521
SRR18183467_2.fastq.gz	SRR18183467	2	broad	K01873	normalization_marker	431
SRR18183467_2.fastq.gz	SRR18183467	2	broad	K01875	normalization_marker	265
SRR18183467_2.fastq.gz	SRR18183467	2	broad	K01889	normalization_marker	218
SRR18183467_2.fastq.gz	SRR18183467	2	broad	K01890	normalization_marker	375
SRR18183467_2.fastq.gz	SRR18183467	2	broad	K01892	normalization_marker	172
SRR18183467_2.fastq.gz	SRR18183467	2	broad	K01933	normalization_marker	175
SRR18183467_2.fastq.gz	SRR18183467	2	broad	K02000	amended_target	99
SRR18183467_2.fastq.gz	SRR18183467	2	broad	K02001	amended_target	36
SRR18183467_2.fastq.gz	SRR18183467	2	broad	K02002	amended_target	160
SRR18183467_2.fastq.gz	SRR18183467	2	broad	K02600	normalization_marker	235
SRR18183467_2.fastq.gz	SRR18183467	2	broad	K02863	normalization_marker	128
SRR18183467_2.fastq.gz	SRR18183467	2	broad	K02867	normalization_marker	98
SRR18183467_2.fastq.gz	SRR18183467	2	broad	K02931	normalization_marker	156
SRR18183467_2.fastq.gz	SRR18183467	2	broad	K02982	normalization_marker	157
SRR18183467_2.fastq.gz	SRR18183467	2	broad	K03106	normalization_marker	232
SRR18183467_2.fastq.gz	SRR18183467	2	broad	K03386	amended_target	5
SRR18183467_2.fastq.gz	SRR18183467	2	broad	K03387	amended_target	0
SRR18183467_2.fastq.gz	SRR18183467	2	broad	K03518	amended_target	183
SRR18183467_2.fastq.gz	SRR18183467	2	broad	K03519	amended_target	178
SRR18183467_2.fastq.gz	SRR18183467	2	broad	K03520	amended_target	246
SRR18183467_2.fastq.gz	SRR18183467	2	broad	K03553	amended_target	348
SRR18183467_2.fastq.gz	SRR18183467	2	broad	K03555	amended_target	260
SRR18183467_2.fastq.gz	SRR18183467	2	broad	K03572	amended_target	193
SRR18183467_2.fastq.gz	SRR18183467	2	broad	K03581	amended_target	69
SRR18183467_2.fastq.gz	SRR18183467	2	broad	K03582	amended_target	55
SRR18183467_2.fastq.gz	SRR18183467	2	broad	K03583	amended_target	54
SRR18183467_2.fastq.gz	SRR18183467	2	broad	K03657	amended_target	789
SRR18183467_2.fastq.gz	SRR18183467	2	broad	K03671	amended_target	135
SRR18183467_2.fastq.gz	SRR18183467	2	broad	K03701	amended_target	888
SRR18183467_2.fastq.gz	SRR18183467	2	broad	K03702	amended_target	417
SRR18183467_2.fastq.gz	SRR18183467	2	broad	K03703	amended_target	405
SRR18183467_2.fastq.gz	SRR18183467	2	broad	K03704	amended_target	178
SRR18183467_2.fastq.gz	SRR18183467	2	broad	K03781	amended_target	411
SRR18183467_2.fastq.gz	SRR18183467	2	broad	K03782	amended_target	37
SRR18183467_2.fastq.gz	SRR18183467	2	broad	K04047	amended_target	61
SRR18183467_2.fastq.gz	SRR18183467	2	broad	K04564	amended_target	210
SRR18183467_2.fastq.gz	SRR18183467	2	broad	K04565	amended_target	73
SRR18183467_2.fastq.gz	SRR18183467	2	broad	K04641	amended_target	1
SRR18183467_2.fastq.gz	SRR18183467	2	broad	K04642	amended_target	0
SRR18183467_2.fastq.gz	SRR18183467	2	broad	K05343	amended_target	183
SRR18183467_2.fastq.gz	SRR18183467	2	broad	K05592	amended_target	109
SRR18183467_2.fastq.gz	SRR18183467	2	broad	K05896	normalization_marker	125
SRR18183467_2.fastq.gz	SRR18183467	2	broad	K06381	amended_target	121
SRR18183467_2.fastq.gz	SRR18183467	2	broad	K06390	amended_target	0
SRR18183467_2.fastq.gz	SRR18183467	2	broad	K06718	amended_target	3
SRR18183467_2.fastq.gz	SRR18183467	2	broad	K06720	amended_target	5
SRR18183467_2.fastq.gz	SRR18183467	2	broad	K07646	amended_target	75
SRR18183467_2.fastq.gz	SRR18183467	2	broad	K07667	amended_target	19
SRR18183467_2.fastq.gz	SRR18183467	2	broad	K07699	amended_target	0
SRR18183467_2.fastq.gz	SRR18183467	2	broad	K09903	normalization_marker	145
SRR18183467_2.fastq.gz	SRR18183467	2	broad	K10255	amended_target	9
SRR18183467_2.fastq.gz	SRR18183467	2	broad	K10674	amended_target	2
SRR18183467_2.fastq.gz	SRR18183467	2	broad	K11180	amended_target	0
SRR18183467_2.fastq.gz	SRR18183467	2	broad	K11181	amended_target	0
SRR18183467_2.fastq.gz	SRR18183467	2	broad	K11935	amended_target	0
SRR18183467_2.fastq.gz	SRR18183467	2	broad	K17222	amended_target	4
SRR18183467_2.fastq.gz	SRR18183467	2	broad	K17223	amended_target	2
SRR18183467_2.fastq.gz	SRR18183467	2	broad	K17224	amended_target	11
SRR18183467_2.fastq.gz	SRR18183467	2	broad	K17225	amended_target	11
SRR18183467_2.fastq.gz	SRR18183467	2	broad	K17229	amended_target	5
SRR18183467_2.fastq.gz	SRR18183467	2	broad	K20543	amended_target	2
SRR18183467_2.fastq.gz	SRR18183467	2	primary	K00066	amended_target	34
SRR18183467_2.fastq.gz	SRR18183467	2	primary	K00130	amended_target	35
SRR18183467_2.fastq.gz	SRR18183467	2	primary	K00383	amended_target	22
SRR18183467_2.fastq.gz	SRR18183467	2	primary	K00384	amended_target	245
SRR18183467_2.fastq.gz	SRR18183467	2	primary	K00436	amended_target	0
SRR18183467_2.fastq.gz	SRR18183467	2	primary	K00437	amended_target	0
SRR18183467_2.fastq.gz	SRR18183467	2	primary	K00440	amended_target	0
SRR18183467_2.fastq.gz	SRR18183467	2	primary	K00441	amended_target	41
SRR18183467_2.fastq.gz	SRR18183467	2	primary	K00609	normalization_marker	134
SRR18183467_2.fastq.gz	SRR18183467	2	primary	K00694	amended_target	2
SRR18183467_2.fastq.gz	SRR18183467	2	primary	K00697	amended_target	52
SRR18183467_2.fastq.gz	SRR18183467	2	primary	K00764	normalization_marker	266
SRR18183467_2.fastq.gz	SRR18183467	2	primary	K00800	normalization_marker	163
SRR18183467_2.fastq.gz	SRR18183467	2	primary	K00940	normalization_marker	70
SRR18183467_2.fastq.gz	SRR18183467	2	primary	K01087	amended_target	50
SRR18183467_2.fastq.gz	SRR18183467	2	primary	K01139	amended_target	247
SRR18183467_2.fastq.gz	SRR18183467	2	primary	K01546	amended_target	45
SRR18183467_2.fastq.gz	SRR18183467	2	primary	K01547	amended_target	23
SRR18183467_2.fastq.gz	SRR18183467	2	primary	K01548	amended_target	11
SRR18183467_2.fastq.gz	SRR18183467	2	primary	K01601	amended_target	103
SRR18183467_2.fastq.gz	SRR18183467	2	primary	K01602	amended_target	32
SRR18183467_2.fastq.gz	SRR18183467	2	primary	K01669	amended_target	35
SRR18183467_2.fastq.gz	SRR18183467	2	primary	K01866	normalization_marker	257
SRR18183467_2.fastq.gz	SRR18183467	2	primary	K01870	normalization_marker	496
SRR18183467_2.fastq.gz	SRR18183467	2	primary	K01873	normalization_marker	408
SRR18183467_2.fastq.gz	SRR18183467	2	primary	K01875	normalization_marker	243
SRR18183467_2.fastq.gz	SRR18183467	2	primary	K01889	normalization_marker	208
SRR18183467_2.fastq.gz	SRR18183467	2	primary	K01890	normalization_marker	358
SRR18183467_2.fastq.gz	SRR18183467	2	primary	K01892	normalization_marker	160
SRR18183467_2.fastq.gz	SRR18183467	2	primary	K01933	normalization_marker	172
SRR18183467_2.fastq.gz	SRR18183467	2	primary	K02000	amended_target	96
SRR18183467_2.fastq.gz	SRR18183467	2	primary	K02001	amended_target	33
SRR18183467_2.fastq.gz	SRR18183467	2	primary	K02002	amended_target	146
SRR18183467_2.fastq.gz	SRR18183467	2	primary	K02600	normalization_marker	222
SRR18183467_2.fastq.gz	SRR18183467	2	primary	K02863	normalization_marker	119
SRR18183467_2.fastq.gz	SRR18183467	2	primary	K02867	normalization_marker	80
SRR18183467_2.fastq.gz	SRR18183467	2	primary	K02931	normalization_marker	133
SRR18183467_2.fastq.gz	SRR18183467	2	primary	K02982	normalization_marker	142
SRR18183467_2.fastq.gz	SRR18183467	2	primary	K03106	normalization_marker	214
SRR18183467_2.fastq.gz	SRR18183467	2	primary	K03386	amended_target	5
SRR18183467_2.fastq.gz	SRR18183467	2	primary	K03387	amended_target	0
SRR18183467_2.fastq.gz	SRR18183467	2	primary	K03518	amended_target	159
SRR18183467_2.fastq.gz	SRR18183467	2	primary	K03519	amended_target	166
SRR18183467_2.fastq.gz	SRR18183467	2	primary	K03520	amended_target	235
SRR18183467_2.fastq.gz	SRR18183467	2	primary	K03553	amended_target	332
SRR18183467_2.fastq.gz	SRR18183467	2	primary	K03555	amended_target	241
SRR18183467_2.fastq.gz	SRR18183467	2	primary	K03572	amended_target	182
SRR18183467_2.fastq.gz	SRR18183467	2	primary	K03581	amended_target	63
SRR18183467_2.fastq.gz	SRR18183467	2	primary	K03582	amended_target	52
SRR18183467_2.fastq.gz	SRR18183467	2	primary	K03583	amended_target	53
SRR18183467_2.fastq.gz	SRR18183467	2	primary	K03657	amended_target	736
SRR18183467_2.fastq.gz	SRR18183467	2	primary	K03671	amended_target	114
SRR18183467_2.fastq.gz	SRR18183467	2	primary	K03701	amended_target	848
SRR18183467_2.fastq.gz	SRR18183467	2	primary	K03702	amended_target	393
SRR18183467_2.fastq.gz	SRR18183467	2	primary	K03703	amended_target	380
SRR18183467_2.fastq.gz	SRR18183467	2	primary	K03704	amended_target	135
SRR18183467_2.fastq.gz	SRR18183467	2	primary	K03781	amended_target	388
SRR18183467_2.fastq.gz	SRR18183467	2	primary	K03782	amended_target	34
SRR18183467_2.fastq.gz	SRR18183467	2	primary	K04047	amended_target	48
SRR18183467_2.fastq.gz	SRR18183467	2	primary	K04564	amended_target	172
SRR18183467_2.fastq.gz	SRR18183467	2	primary	K04565	amended_target	67
SRR18183467_2.fastq.gz	SRR18183467	2	primary	K04641	amended_target	0
SRR18183467_2.fastq.gz	SRR18183467	2	primary	K04642	amended_target	0
SRR18183467_2.fastq.gz	SRR18183467	2	primary	K05343	amended_target	176
SRR18183467_2.fastq.gz	SRR18183467	2	primary	K05592	amended_target	100
SRR18183467_2.fastq.gz	SRR18183467	2	primary	K05896	normalization_marker	112
SRR18183467_2.fastq.gz	SRR18183467	2	primary	K06381	amended_target	109
SRR18183467_2.fastq.gz	SRR18183467	2	primary	K06390	amended_target	0
SRR18183467_2.fastq.gz	SRR18183467	2	primary	K06718	amended_target	3
SRR18183467_2.fastq.gz	SRR18183467	2	primary	K06720	amended_target	5
SRR18183467_2.fastq.gz	SRR18183467	2	primary	K07646	amended_target	65
SRR18183467_2.fastq.gz	SRR18183467	2	primary	K07667	amended_target	16
SRR18183467_2.fastq.gz	SRR18183467	2	primary	K07699	amended_target	0
SRR18183467_2.fastq.gz	SRR18183467	2	primary	K09903	normalization_marker	123
SRR18183467_2.fastq.gz	SRR18183467	2	primary	K10255	amended_target	8
SRR18183467_2.fastq.gz	SRR18183467	2	primary	K10674	amended_target	2
SRR18183467_2.fastq.gz	SRR18183467	2	primary	K11180	amended_target	0
SRR18183467_2.fastq.gz	SRR18183467	2	primary	K11181	amended_target	0
SRR18183467_2.fastq.gz	SRR18183467	2	primary	K11935	amended_target	0
SRR18183467_2.fastq.gz	SRR18183467	2	primary	K17222	amended_target	4
SRR18183467_2.fastq.gz	SRR18183467	2	primary	K17223	amended_target	1
SRR18183467_2.fastq.gz	SRR18183467	2	primary	K17224	amended_target	11
SRR18183467_2.fastq.gz	SRR18183467	2	primary	K17225	amended_target	10
SRR18183467_2.fastq.gz	SRR18183467	2	primary	K17229	amended_target	5
SRR18183467_2.fastq.gz	SRR18183467	2	primary	K20543	amended_target	1
SRR18183467_2.fastq.gz	SRR18183467	2	stringent	K00066	amended_target	31
SRR18183467_2.fastq.gz	SRR18183467	2	stringent	K00130	amended_target	33
SRR18183467_2.fastq.gz	SRR18183467	2	stringent	K00383	amended_target	16
SRR18183467_2.fastq.gz	SRR18183467	2	stringent	K00384	amended_target	216
SRR18183467_2.fastq.gz	SRR18183467	2	stringent	K00436	amended_target	0
SRR18183467_2.fastq.gz	SRR18183467	2	stringent	K00437	amended_target	0
SRR18183467_2.fastq.gz	SRR18183467	2	stringent	K00440	amended_target	0
SRR18183467_2.fastq.gz	SRR18183467	2	stringent	K00441	amended_target	38
SRR18183467_2.fastq.gz	SRR18183467	2	stringent	K00609	normalization_marker	117
SRR18183467_2.fastq.gz	SRR18183467	2	stringent	K00694	amended_target	0
SRR18183467_2.fastq.gz	SRR18183467	2	stringent	K00697	amended_target	47
SRR18183467_2.fastq.gz	SRR18183467	2	stringent	K00764	normalization_marker	244
SRR18183467_2.fastq.gz	SRR18183467	2	stringent	K00800	normalization_marker	146
SRR18183467_2.fastq.gz	SRR18183467	2	stringent	K00940	normalization_marker	60
SRR18183467_2.fastq.gz	SRR18183467	2	stringent	K01087	amended_target	42
SRR18183467_2.fastq.gz	SRR18183467	2	stringent	K01139	amended_target	234
SRR18183467_2.fastq.gz	SRR18183467	2	stringent	K01546	amended_target	44
SRR18183467_2.fastq.gz	SRR18183467	2	stringent	K01547	amended_target	22
SRR18183467_2.fastq.gz	SRR18183467	2	stringent	K01548	amended_target	11
SRR18183467_2.fastq.gz	SRR18183467	2	stringent	K01601	amended_target	95
SRR18183467_2.fastq.gz	SRR18183467	2	stringent	K01602	amended_target	27
SRR18183467_2.fastq.gz	SRR18183467	2	stringent	K01669	amended_target	30
SRR18183467_2.fastq.gz	SRR18183467	2	stringent	K01866	normalization_marker	241
SRR18183467_2.fastq.gz	SRR18183467	2	stringent	K01870	normalization_marker	461
SRR18183467_2.fastq.gz	SRR18183467	2	stringent	K01873	normalization_marker	380
SRR18183467_2.fastq.gz	SRR18183467	2	stringent	K01875	normalization_marker	224
SRR18183467_2.fastq.gz	SRR18183467	2	stringent	K01889	normalization_marker	183
SRR18183467_2.fastq.gz	SRR18183467	2	stringent	K01890	normalization_marker	317
SRR18183467_2.fastq.gz	SRR18183467	2	stringent	K01892	normalization_marker	141
SRR18183467_2.fastq.gz	SRR18183467	2	stringent	K01933	normalization_marker	154
SRR18183467_2.fastq.gz	SRR18183467	2	stringent	K02000	amended_target	78
SRR18183467_2.fastq.gz	SRR18183467	2	stringent	K02001	amended_target	32
SRR18183467_2.fastq.gz	SRR18183467	2	stringent	K02002	amended_target	124
SRR18183467_2.fastq.gz	SRR18183467	2	stringent	K02600	normalization_marker	207
SRR18183467_2.fastq.gz	SRR18183467	2	stringent	K02863	normalization_marker	108
SRR18183467_2.fastq.gz	SRR18183467	2	stringent	K02867	normalization_marker	59
SRR18183467_2.fastq.gz	SRR18183467	2	stringent	K02931	normalization_marker	117
SRR18183467_2.fastq.gz	SRR18183467	2	stringent	K02982	normalization_marker	121
SRR18183467_2.fastq.gz	SRR18183467	2	stringent	K03106	normalization_marker	200
SRR18183467_2.fastq.gz	SRR18183467	2	stringent	K03386	amended_target	4
SRR18183467_2.fastq.gz	SRR18183467	2	stringent	K03387	amended_target	0
SRR18183467_2.fastq.gz	SRR18183467	2	stringent	K03518	amended_target	133
SRR18183467_2.fastq.gz	SRR18183467	2	stringent	K03519	amended_target	147
SRR18183467_2.fastq.gz	SRR18183467	2	stringent	K03520	amended_target	212
SRR18183467_2.fastq.gz	SRR18183467	2	stringent	K03553	amended_target	304
SRR18183467_2.fastq.gz	SRR18183467	2	stringent	K03555	amended_target	221
SRR18183467_2.fastq.gz	SRR18183467	2	stringent	K03572	amended_target	170
SRR18183467_2.fastq.gz	SRR18183467	2	stringent	K03581	amended_target	53
SRR18183467_2.fastq.gz	SRR18183467	2	stringent	K03582	amended_target	42
SRR18183467_2.fastq.gz	SRR18183467	2	stringent	K03583	amended_target	48
SRR18183467_2.fastq.gz	SRR18183467	2	stringent	K03657	amended_target	664
SRR18183467_2.fastq.gz	SRR18183467	2	stringent	K03671	amended_target	89
SRR18183467_2.fastq.gz	SRR18183467	2	stringent	K03701	amended_target	787
SRR18183467_2.fastq.gz	SRR18183467	2	stringent	K03702	amended_target	367
SRR18183467_2.fastq.gz	SRR18183467	2	stringent	K03703	amended_target	359
SRR18183467_2.fastq.gz	SRR18183467	2	stringent	K03704	amended_target	68
SRR18183467_2.fastq.gz	SRR18183467	2	stringent	K03781	amended_target	363
SRR18183467_2.fastq.gz	SRR18183467	2	stringent	K03782	amended_target	32
SRR18183467_2.fastq.gz	SRR18183467	2	stringent	K04047	amended_target	41
SRR18183467_2.fastq.gz	SRR18183467	2	stringent	K04564	amended_target	148
SRR18183467_2.fastq.gz	SRR18183467	2	stringent	K04565	amended_target	60
SRR18183467_2.fastq.gz	SRR18183467	2	stringent	K04641	amended_target	0
SRR18183467_2.fastq.gz	SRR18183467	2	stringent	K04642	amended_target	0
SRR18183467_2.fastq.gz	SRR18183467	2	stringent	K05343	amended_target	161
SRR18183467_2.fastq.gz	SRR18183467	2	stringent	K05592	amended_target	90
SRR18183467_2.fastq.gz	SRR18183467	2	stringent	K05896	normalization_marker	100
SRR18183467_2.fastq.gz	SRR18183467	2	stringent	K06381	amended_target	90
SRR18183467_2.fastq.gz	SRR18183467	2	stringent	K06390	amended_target	0
SRR18183467_2.fastq.gz	SRR18183467	2	stringent	K06718	amended_target	3
SRR18183467_2.fastq.gz	SRR18183467	2	stringent	K06720	amended_target	5
SRR18183467_2.fastq.gz	SRR18183467	2	stringent	K07646	amended_target	53
SRR18183467_2.fastq.gz	SRR18183467	2	stringent	K07667	amended_target	13
SRR18183467_2.fastq.gz	SRR18183467	2	stringent	K07699	amended_target	0
SRR18183467_2.fastq.gz	SRR18183467	2	stringent	K09903	normalization_marker	108
SRR18183467_2.fastq.gz	SRR18183467	2	stringent	K10255	amended_target	7
SRR18183467_2.fastq.gz	SRR18183467	2	stringent	K10674	amended_target	2
SRR18183467_2.fastq.gz	SRR18183467	2	stringent	K11180	amended_target	0
SRR18183467_2.fastq.gz	SRR18183467	2	stringent	K11181	amended_target	0
SRR18183467_2.fastq.gz	SRR18183467	2	stringent	K11935	amended_target	0
SRR18183467_2.fastq.gz	SRR18183467	2	stringent	K17222	amended_target	4
SRR18183467_2.fastq.gz	SRR18183467	2	stringent	K17223	amended_target	0
SRR18183467_2.fastq.gz	SRR18183467	2	stringent	K17224	amended_target	11
SRR18183467_2.fastq.gz	SRR18183467	2	stringent	K17225	amended_target	10
SRR18183467_2.fastq.gz	SRR18183467	2	stringent	K17229	amended_target	5
SRR18183467_2.fastq.gz	SRR18183467	2	stringent	K20543	amended_target	0
SRR18183468_1.fastq.gz	SRR18183468	1	broad	K00066	amended_target	15
SRR18183468_1.fastq.gz	SRR18183468	1	broad	K00130	amended_target	636
SRR18183468_1.fastq.gz	SRR18183468	1	broad	K00383	amended_target	32
SRR18183468_1.fastq.gz	SRR18183468	1	broad	K00384	amended_target	685
SRR18183468_1.fastq.gz	SRR18183468	1	broad	K00436	amended_target	0
SRR18183468_1.fastq.gz	SRR18183468	1	broad	K00437	amended_target	0
SRR18183468_1.fastq.gz	SRR18183468	1	broad	K00440	amended_target	0
SRR18183468_1.fastq.gz	SRR18183468	1	broad	K00441	amended_target	394
SRR18183468_1.fastq.gz	SRR18183468	1	broad	K00609	normalization_marker	559
SRR18183468_1.fastq.gz	SRR18183468	1	broad	K00694	amended_target	3
SRR18183468_1.fastq.gz	SRR18183468	1	broad	K00697	amended_target	453
SRR18183468_1.fastq.gz	SRR18183468	1	broad	K00764	normalization_marker	1048
SRR18183468_1.fastq.gz	SRR18183468	1	broad	K00800	normalization_marker	724
SRR18183468_1.fastq.gz	SRR18183468	1	broad	K00940	normalization_marker	335
SRR18183468_1.fastq.gz	SRR18183468	1	broad	K01087	amended_target	437
SRR18183468_1.fastq.gz	SRR18183468	1	broad	K01139	amended_target	1215
SRR18183468_1.fastq.gz	SRR18183468	1	broad	K01546	amended_target	2
SRR18183468_1.fastq.gz	SRR18183468	1	broad	K01547	amended_target	9
SRR18183468_1.fastq.gz	SRR18183468	1	broad	K01548	amended_target	0
SRR18183468_1.fastq.gz	SRR18183468	1	broad	K01601	amended_target	491
SRR18183468_1.fastq.gz	SRR18183468	1	broad	K01602	amended_target	148
SRR18183468_1.fastq.gz	SRR18183468	1	broad	K01669	amended_target	429
SRR18183468_1.fastq.gz	SRR18183468	1	broad	K01866	normalization_marker	865
SRR18183468_1.fastq.gz	SRR18183468	1	broad	K01870	normalization_marker	1871
SRR18183468_1.fastq.gz	SRR18183468	1	broad	K01873	normalization_marker	1569
SRR18183468_1.fastq.gz	SRR18183468	1	broad	K01875	normalization_marker	803
SRR18183468_1.fastq.gz	SRR18183468	1	broad	K01889	normalization_marker	637
SRR18183468_1.fastq.gz	SRR18183468	1	broad	K01890	normalization_marker	1259
SRR18183468_1.fastq.gz	SRR18183468	1	broad	K01892	normalization_marker	664
SRR18183468_1.fastq.gz	SRR18183468	1	broad	K01933	normalization_marker	613
SRR18183468_1.fastq.gz	SRR18183468	1	broad	K02000	amended_target	438
SRR18183468_1.fastq.gz	SRR18183468	1	broad	K02001	amended_target	159
SRR18183468_1.fastq.gz	SRR18183468	1	broad	K02002	amended_target	831
SRR18183468_1.fastq.gz	SRR18183468	1	broad	K02600	normalization_marker	906
SRR18183468_1.fastq.gz	SRR18183468	1	broad	K02863	normalization_marker	530
SRR18183468_1.fastq.gz	SRR18183468	1	broad	K02867	normalization_marker	379
SRR18183468_1.fastq.gz	SRR18183468	1	broad	K02931	normalization_marker	484
SRR18183468_1.fastq.gz	SRR18183468	1	broad	K02982	normalization_marker	563
SRR18183468_1.fastq.gz	SRR18183468	1	broad	K03106	normalization_marker	889
SRR18183468_1.fastq.gz	SRR18183468	1	broad	K03386	amended_target	39
SRR18183468_1.fastq.gz	SRR18183468	1	broad	K03387	amended_target	26
SRR18183468_1.fastq.gz	SRR18183468	1	broad	K03518	amended_target	613
SRR18183468_1.fastq.gz	SRR18183468	1	broad	K03519	amended_target	662
SRR18183468_1.fastq.gz	SRR18183468	1	broad	K03520	amended_target	1507
SRR18183468_1.fastq.gz	SRR18183468	1	broad	K03553	amended_target	1167
SRR18183468_1.fastq.gz	SRR18183468	1	broad	K03555	amended_target	735
SRR18183468_1.fastq.gz	SRR18183468	1	broad	K03572	amended_target	736
SRR18183468_1.fastq.gz	SRR18183468	1	broad	K03581	amended_target	513
SRR18183468_1.fastq.gz	SRR18183468	1	broad	K03582	amended_target	396
SRR18183468_1.fastq.gz	SRR18183468	1	broad	K03583	amended_target	392
SRR18183468_1.fastq.gz	SRR18183468	1	broad	K03657	amended_target	2990
SRR18183468_1.fastq.gz	SRR18183468	1	broad	K03671	amended_target	546
SRR18183468_1.fastq.gz	SRR18183468	1	broad	K03701	amended_target	2697
SRR18183468_1.fastq.gz	SRR18183468	1	broad	K03702	amended_target	1623
SRR18183468_1.fastq.gz	SRR18183468	1	broad	K03703	amended_target	1236
SRR18183468_1.fastq.gz	SRR18183468	1	broad	K03704	amended_target	496
SRR18183468_1.fastq.gz	SRR18183468	1	broad	K03781	amended_target	1656
SRR18183468_1.fastq.gz	SRR18183468	1	broad	K03782	amended_target	364
SRR18183468_1.fastq.gz	SRR18183468	1	broad	K04047	amended_target	107
SRR18183468_1.fastq.gz	SRR18183468	1	broad	K04564	amended_target	669
SRR18183468_1.fastq.gz	SRR18183468	1	broad	K04565	amended_target	428
SRR18183468_1.fastq.gz	SRR18183468	1	broad	K04641	amended_target	0
SRR18183468_1.fastq.gz	SRR18183468	1	broad	K04642	amended_target	0
SRR18183468_1.fastq.gz	SRR18183468	1	broad	K05343	amended_target	1743
SRR18183468_1.fastq.gz	SRR18183468	1	broad	K05592	amended_target	390
SRR18183468_1.fastq.gz	SRR18183468	1	broad	K05896	normalization_marker	404
SRR18183468_1.fastq.gz	SRR18183468	1	broad	K06381	amended_target	787
SRR18183468_1.fastq.gz	SRR18183468	1	broad	K06390	amended_target	12
SRR18183468_1.fastq.gz	SRR18183468	1	broad	K06718	amended_target	83
SRR18183468_1.fastq.gz	SRR18183468	1	broad	K06720	amended_target	104
SRR18183468_1.fastq.gz	SRR18183468	1	broad	K07646	amended_target	30
SRR18183468_1.fastq.gz	SRR18183468	1	broad	K07667	amended_target	62
SRR18183468_1.fastq.gz	SRR18183468	1	broad	K07699	amended_target	46
SRR18183468_1.fastq.gz	SRR18183468	1	broad	K09903	normalization_marker	574
SRR18183468_1.fastq.gz	SRR18183468	1	broad	K10255	amended_target	21
SRR18183468_1.fastq.gz	SRR18183468	1	broad	K10674	amended_target	128
SRR18183468_1.fastq.gz	SRR18183468	1	broad	K11180	amended_target	0
SRR18183468_1.fastq.gz	SRR18183468	1	broad	K11181	amended_target	0
SRR18183468_1.fastq.gz	SRR18183468	1	broad	K11935	amended_target	1
SRR18183468_1.fastq.gz	SRR18183468	1	broad	K17222	amended_target	5
SRR18183468_1.fastq.gz	SRR18183468	1	broad	K17223	amended_target	4
SRR18183468_1.fastq.gz	SRR18183468	1	broad	K17224	amended_target	4
SRR18183468_1.fastq.gz	SRR18183468	1	broad	K17225	amended_target	20
SRR18183468_1.fastq.gz	SRR18183468	1	broad	K17229	amended_target	18
SRR18183468_1.fastq.gz	SRR18183468	1	broad	K20543	amended_target	0
SRR18183468_1.fastq.gz	SRR18183468	1	primary	K00066	amended_target	15
SRR18183468_1.fastq.gz	SRR18183468	1	primary	K00130	amended_target	608
SRR18183468_1.fastq.gz	SRR18183468	1	primary	K00383	amended_target	28
SRR18183468_1.fastq.gz	SRR18183468	1	primary	K00384	amended_target	615
SRR18183468_1.fastq.gz	SRR18183468	1	primary	K00436	amended_target	0
SRR18183468_1.fastq.gz	SRR18183468	1	primary	K00437	amended_target	0
SRR18183468_1.fastq.gz	SRR18183468	1	primary	K00440	amended_target	0
SRR18183468_1.fastq.gz	SRR18183468	1	primary	K00441	amended_target	376
SRR18183468_1.fastq.gz	SRR18183468	1	primary	K00609	normalization_marker	514
SRR18183468_1.fastq.gz	SRR18183468	1	primary	K00694	amended_target	3
SRR18183468_1.fastq.gz	SRR18183468	1	primary	K00697	amended_target	432
SRR18183468_1.fastq.gz	SRR18183468	1	primary	K00764	normalization_marker	999
SRR18183468_1.fastq.gz	SRR18183468	1	primary	K00800	normalization_marker	663
SRR18183468_1.fastq.gz	SRR18183468	1	primary	K00940	normalization_marker	275
SRR18183468_1.fastq.gz	SRR18183468	1	primary	K01087	amended_target	401
SRR18183468_1.fastq.gz	SRR18183468	1	primary	K01139	amended_target	1177
SRR18183468_1.fastq.gz	SRR18183468	1	primary	K01546	amended_target	1
SRR18183468_1.fastq.gz	SRR18183468	1	primary	K01547	amended_target	9
SRR18183468_1.fastq.gz	SRR18183468	1	primary	K01548	amended_target	0
SRR18183468_1.fastq.gz	SRR18183468	1	primary	K01601	amended_target	468
SRR18183468_1.fastq.gz	SRR18183468	1	primary	K01602	amended_target	126
SRR18183468_1.fastq.gz	SRR18183468	1	primary	K01669	amended_target	394
SRR18183468_1.fastq.gz	SRR18183468	1	primary	K01866	normalization_marker	830
SRR18183468_1.fastq.gz	SRR18183468	1	primary	K01870	normalization_marker	1818
SRR18183468_1.fastq.gz	SRR18183468	1	primary	K01873	normalization_marker	1504
SRR18183468_1.fastq.gz	SRR18183468	1	primary	K01875	normalization_marker	756
SRR18183468_1.fastq.gz	SRR18183468	1	primary	K01889	normalization_marker	597
SRR18183468_1.fastq.gz	SRR18183468	1	primary	K01890	normalization_marker	1213
SRR18183468_1.fastq.gz	SRR18183468	1	primary	K01892	normalization_marker	637
SRR18183468_1.fastq.gz	SRR18183468	1	primary	K01933	normalization_marker	571
SRR18183468_1.fastq.gz	SRR18183468	1	primary	K02000	amended_target	403
SRR18183468_1.fastq.gz	SRR18183468	1	primary	K02001	amended_target	153
SRR18183468_1.fastq.gz	SRR18183468	1	primary	K02002	amended_target	786
SRR18183468_1.fastq.gz	SRR18183468	1	primary	K02600	normalization_marker	860
SRR18183468_1.fastq.gz	SRR18183468	1	primary	K02863	normalization_marker	492
SRR18183468_1.fastq.gz	SRR18183468	1	primary	K02867	normalization_marker	318
SRR18183468_1.fastq.gz	SRR18183468	1	primary	K02931	normalization_marker	411
SRR18183468_1.fastq.gz	SRR18183468	1	primary	K02982	normalization_marker	500
SRR18183468_1.fastq.gz	SRR18183468	1	primary	K03106	normalization_marker	850
SRR18183468_1.fastq.gz	SRR18183468	1	primary	K03386	amended_target	32
SRR18183468_1.fastq.gz	SRR18183468	1	primary	K03387	amended_target	24
SRR18183468_1.fastq.gz	SRR18183468	1	primary	K03518	amended_target	511
SRR18183468_1.fastq.gz	SRR18183468	1	primary	K03519	amended_target	600
SRR18183468_1.fastq.gz	SRR18183468	1	primary	K03520	amended_target	1463
SRR18183468_1.fastq.gz	SRR18183468	1	primary	K03553	amended_target	1115
SRR18183468_1.fastq.gz	SRR18183468	1	primary	K03555	amended_target	711
SRR18183468_1.fastq.gz	SRR18183468	1	primary	K03572	amended_target	698
SRR18183468_1.fastq.gz	SRR18183468	1	primary	K03581	amended_target	468
SRR18183468_1.fastq.gz	SRR18183468	1	primary	K03582	amended_target	353
SRR18183468_1.fastq.gz	SRR18183468	1	primary	K03583	amended_target	354
SRR18183468_1.fastq.gz	SRR18183468	1	primary	K03657	amended_target	2865
SRR18183468_1.fastq.gz	SRR18183468	1	primary	K03671	amended_target	444
SRR18183468_1.fastq.gz	SRR18183468	1	primary	K03701	amended_target	2592
SRR18183468_1.fastq.gz	SRR18183468	1	primary	K03702	amended_target	1575
SRR18183468_1.fastq.gz	SRR18183468	1	primary	K03703	amended_target	1181
SRR18183468_1.fastq.gz	SRR18183468	1	primary	K03704	amended_target	342
SRR18183468_1.fastq.gz	SRR18183468	1	primary	K03781	amended_target	1577
SRR18183468_1.fastq.gz	SRR18183468	1	primary	K03782	amended_target	354
SRR18183468_1.fastq.gz	SRR18183468	1	primary	K04047	amended_target	91
SRR18183468_1.fastq.gz	SRR18183468	1	primary	K04564	amended_target	588
SRR18183468_1.fastq.gz	SRR18183468	1	primary	K04565	amended_target	390
SRR18183468_1.fastq.gz	SRR18183468	1	primary	K04641	amended_target	0
SRR18183468_1.fastq.gz	SRR18183468	1	primary	K04642	amended_target	0
SRR18183468_1.fastq.gz	SRR18183468	1	primary	K05343	amended_target	1708
SRR18183468_1.fastq.gz	SRR18183468	1	primary	K05592	amended_target	376
SRR18183468_1.fastq.gz	SRR18183468	1	primary	K05896	normalization_marker	362
SRR18183468_1.fastq.gz	SRR18183468	1	primary	K06381	amended_target	734
SRR18183468_1.fastq.gz	SRR18183468	1	primary	K06390	amended_target	11
SRR18183468_1.fastq.gz	SRR18183468	1	primary	K06718	amended_target	72
SRR18183468_1.fastq.gz	SRR18183468	1	primary	K06720	amended_target	82
SRR18183468_1.fastq.gz	SRR18183468	1	primary	K07646	amended_target	28
SRR18183468_1.fastq.gz	SRR18183468	1	primary	K07667	amended_target	58
SRR18183468_1.fastq.gz	SRR18183468	1	primary	K07699	amended_target	40
SRR18183468_1.fastq.gz	SRR18183468	1	primary	K09903	normalization_marker	513
SRR18183468_1.fastq.gz	SRR18183468	1	primary	K10255	amended_target	19
SRR18183468_1.fastq.gz	SRR18183468	1	primary	K10674	amended_target	121
SRR18183468_1.fastq.gz	SRR18183468	1	primary	K11180	amended_target	0
SRR18183468_1.fastq.gz	SRR18183468	1	primary	K11181	amended_target	0
SRR18183468_1.fastq.gz	SRR18183468	1	primary	K11935	amended_target	0
SRR18183468_1.fastq.gz	SRR18183468	1	primary	K17222	amended_target	4
SRR18183468_1.fastq.gz	SRR18183468	1	primary	K17223	amended_target	4
SRR18183468_1.fastq.gz	SRR18183468	1	primary	K17224	amended_target	4
SRR18183468_1.fastq.gz	SRR18183468	1	primary	K17225	amended_target	19
SRR18183468_1.fastq.gz	SRR18183468	1	primary	K17229	amended_target	16
SRR18183468_1.fastq.gz	SRR18183468	1	primary	K20543	amended_target	0
SRR18183468_1.fastq.gz	SRR18183468	1	stringent	K00066	amended_target	14
SRR18183468_1.fastq.gz	SRR18183468	1	stringent	K00130	amended_target	584
SRR18183468_1.fastq.gz	SRR18183468	1	stringent	K00383	amended_target	23
SRR18183468_1.fastq.gz	SRR18183468	1	stringent	K00384	amended_target	565
SRR18183468_1.fastq.gz	SRR18183468	1	stringent	K00436	amended_target	0
SRR18183468_1.fastq.gz	SRR18183468	1	stringent	K00437	amended_target	0
SRR18183468_1.fastq.gz	SRR18183468	1	stringent	K00440	amended_target	0
SRR18183468_1.fastq.gz	SRR18183468	1	stringent	K00441	amended_target	358
SRR18183468_1.fastq.gz	SRR18183468	1	stringent	K00609	normalization_marker	476
SRR18183468_1.fastq.gz	SRR18183468	1	stringent	K00694	amended_target	0
SRR18183468_1.fastq.gz	SRR18183468	1	stringent	K00697	amended_target	409
SRR18183468_1.fastq.gz	SRR18183468	1	stringent	K00764	normalization_marker	952
SRR18183468_1.fastq.gz	SRR18183468	1	stringent	K00800	normalization_marker	619
SRR18183468_1.fastq.gz	SRR18183468	1	stringent	K00940	normalization_marker	225
SRR18183468_1.fastq.gz	SRR18183468	1	stringent	K01087	amended_target	353
SRR18183468_1.fastq.gz	SRR18183468	1	stringent	K01139	amended_target	1134
SRR18183468_1.fastq.gz	SRR18183468	1	stringent	K01546	amended_target	1
SRR18183468_1.fastq.gz	SRR18183468	1	stringent	K01547	amended_target	9
SRR18183468_1.fastq.gz	SRR18183468	1	stringent	K01548	amended_target	0
SRR18183468_1.fastq.gz	SRR18183468	1	stringent	K01601	amended_target	446
SRR18183468_1.fastq.gz	SRR18183468	1	stringent	K01602	amended_target	98
SRR18183468_1.fastq.gz	SRR18183468	1	stringent	K01669	amended_target	370
SRR18183468_1.fastq.gz	SRR18183468	1	stringent	K01866	normalization_marker	765
SRR18183468_1.fastq.gz	SRR18183468	1	stringent	K01870	normalization_marker	1759
SRR18183468_1.fastq.gz	SRR18183468	1	stringent	K01873	normalization_marker	1443
SRR18183468_1.fastq.gz	SRR18183468	1	stringent	K01875	normalization_marker	719
SRR18183468_1.fastq.gz	SRR18183468	1	stringent	K01889	normalization_marker	550
SRR18183468_1.fastq.gz	SRR18183468	1	stringent	K01890	normalization_marker	1139
SRR18183468_1.fastq.gz	SRR18183468	1	stringent	K01892	normalization_marker	593
SRR18183468_1.fastq.gz	SRR18183468	1	stringent	K01933	normalization_marker	527
SRR18183468_1.fastq.gz	SRR18183468	1	stringent	K02000	amended_target	381
SRR18183468_1.fastq.gz	SRR18183468	1	stringent	K02001	amended_target	136
SRR18183468_1.fastq.gz	SRR18183468	1	stringent	K02002	amended_target	678
SRR18183468_1.fastq.gz	SRR18183468	1	stringent	K02600	normalization_marker	805
SRR18183468_1.fastq.gz	SRR18183468	1	stringent	K02863	normalization_marker	438
SRR18183468_1.fastq.gz	SRR18183468	1	stringent	K02867	normalization_marker	252
SRR18183468_1.fastq.gz	SRR18183468	1	stringent	K02931	normalization_marker	367
SRR18183468_1.fastq.gz	SRR18183468	1	stringent	K02982	normalization_marker	460
SRR18183468_1.fastq.gz	SRR18183468	1	stringent	K03106	normalization_marker	810
SRR18183468_1.fastq.gz	SRR18183468	1	stringent	K03386	amended_target	30
SRR18183468_1.fastq.gz	SRR18183468	1	stringent	K03387	amended_target	24
SRR18183468_1.fastq.gz	SRR18183468	1	stringent	K03518	amended_target	438
SRR18183468_1.fastq.gz	SRR18183468	1	stringent	K03519	amended_target	526
SRR18183468_1.fastq.gz	SRR18183468	1	stringent	K03520	amended_target	1399
SRR18183468_1.fastq.gz	SRR18183468	1	stringent	K03553	amended_target	1059
SRR18183468_1.fastq.gz	SRR18183468	1	stringent	K03555	amended_target	678
SRR18183468_1.fastq.gz	SRR18183468	1	stringent	K03572	amended_target	620
SRR18183468_1.fastq.gz	SRR18183468	1	stringent	K03581	amended_target	388
SRR18183468_1.fastq.gz	SRR18183468	1	stringent	K03582	amended_target	274
SRR18183468_1.fastq.gz	SRR18183468	1	stringent	K03583	amended_target	274
SRR18183468_1.fastq.gz	SRR18183468	1	stringent	K03657	amended_target	2581
SRR18183468_1.fastq.gz	SRR18183468	1	stringent	K03671	amended_target	366
SRR18183468_1.fastq.gz	SRR18183468	1	stringent	K03701	amended_target	2515
SRR18183468_1.fastq.gz	SRR18183468	1	stringent	K03702	amended_target	1514
SRR18183468_1.fastq.gz	SRR18183468	1	stringent	K03703	amended_target	1129
SRR18183468_1.fastq.gz	SRR18183468	1	stringent	K03704	amended_target	152
SRR18183468_1.fastq.gz	SRR18183468	1	stringent	K03781	amended_target	1473
SRR18183468_1.fastq.gz	SRR18183468	1	stringent	K03782	amended_target	340
SRR18183468_1.fastq.gz	SRR18183468	1	stringent	K04047	amended_target	77
SRR18183468_1.fastq.gz	SRR18183468	1	stringent	K04564	amended_target	531
SRR18183468_1.fastq.gz	SRR18183468	1	stringent	K04565	amended_target	321
SRR18183468_1.fastq.gz	SRR18183468	1	stringent	K04641	amended_target	0
SRR18183468_1.fastq.gz	SRR18183468	1	stringent	K04642	amended_target	0
SRR18183468_1.fastq.gz	SRR18183468	1	stringent	K05343	amended_target	1644
SRR18183468_1.fastq.gz	SRR18183468	1	stringent	K05592	amended_target	354
SRR18183468_1.fastq.gz	SRR18183468	1	stringent	K05896	normalization_marker	306
SRR18183468_1.fastq.gz	SRR18183468	1	stringent	K06381	amended_target	653
SRR18183468_1.fastq.gz	SRR18183468	1	stringent	K06390	amended_target	9
SRR18183468_1.fastq.gz	SRR18183468	1	stringent	K06718	amended_target	59
SRR18183468_1.fastq.gz	SRR18183468	1	stringent	K06720	amended_target	68
SRR18183468_1.fastq.gz	SRR18183468	1	stringent	K07646	amended_target	20
SRR18183468_1.fastq.gz	SRR18183468	1	stringent	K07667	amended_target	51
SRR18183468_1.fastq.gz	SRR18183468	1	stringent	K07699	amended_target	36
SRR18183468_1.fastq.gz	SRR18183468	1	stringent	K09903	normalization_marker	470
SRR18183468_1.fastq.gz	SRR18183468	1	stringent	K10255	amended_target	16
SRR18183468_1.fastq.gz	SRR18183468	1	stringent	K10674	amended_target	113
SRR18183468_1.fastq.gz	SRR18183468	1	stringent	K11180	amended_target	0
SRR18183468_1.fastq.gz	SRR18183468	1	stringent	K11181	amended_target	0
SRR18183468_1.fastq.gz	SRR18183468	1	stringent	K11935	amended_target	0
SRR18183468_1.fastq.gz	SRR18183468	1	stringent	K17222	amended_target	3
SRR18183468_1.fastq.gz	SRR18183468	1	stringent	K17223	amended_target	4
SRR18183468_1.fastq.gz	SRR18183468	1	stringent	K17224	amended_target	3
SRR18183468_1.fastq.gz	SRR18183468	1	stringent	K17225	amended_target	18
SRR18183468_1.fastq.gz	SRR18183468	1	stringent	K17229	amended_target	15
SRR18183468_1.fastq.gz	SRR18183468	1	stringent	K20543	amended_target	0
SRR18183468_2.fastq.gz	SRR18183468	2	broad	K00066	amended_target	13
SRR18183468_2.fastq.gz	SRR18183468	2	broad	K00130	amended_target	636
SRR18183468_2.fastq.gz	SRR18183468	2	broad	K00383	amended_target	34
SRR18183468_2.fastq.gz	SRR18183468	2	broad	K00384	amended_target	673
SRR18183468_2.fastq.gz	SRR18183468	2	broad	K00436	amended_target	0
SRR18183468_2.fastq.gz	SRR18183468	2	broad	K00437	amended_target	0
SRR18183468_2.fastq.gz	SRR18183468	2	broad	K00440	amended_target	0
SRR18183468_2.fastq.gz	SRR18183468	2	broad	K00441	amended_target	395
SRR18183468_2.fastq.gz	SRR18183468	2	broad	K00609	normalization_marker	527
SRR18183468_2.fastq.gz	SRR18183468	2	broad	K00694	amended_target	1
SRR18183468_2.fastq.gz	SRR18183468	2	broad	K00697	amended_target	432
SRR18183468_2.fastq.gz	SRR18183468	2	broad	K00764	normalization_marker	1007
SRR18183468_2.fastq.gz	SRR18183468	2	broad	K00800	normalization_marker	705
SRR18183468_2.fastq.gz	SRR18183468	2	broad	K00940	normalization_marker	338
SRR18183468_2.fastq.gz	SRR18183468	2	broad	K01087	amended_target	423
SRR18183468_2.fastq.gz	SRR18183468	2	broad	K01139	amended_target	1202
SRR18183468_2.fastq.gz	SRR18183468	2	broad	K01546	amended_target	1
SRR18183468_2.fastq.gz	SRR18183468	2	broad	K01547	amended_target	7
SRR18183468_2.fastq.gz	SRR18183468	2	broad	K01548	amended_target	0
SRR18183468_2.fastq.gz	SRR18183468	2	broad	K01601	amended_target	501
SRR18183468_2.fastq.gz	SRR18183468	2	broad	K01602	amended_target	138
SRR18183468_2.fastq.gz	SRR18183468	2	broad	K01669	amended_target	412
SRR18183468_2.fastq.gz	SRR18183468	2	broad	K01866	normalization_marker	841
SRR18183468_2.fastq.gz	SRR18183468	2	broad	K01870	normalization_marker	1826
SRR18183468_2.fastq.gz	SRR18183468	2	broad	K01873	normalization_marker	1539
SRR18183468_2.fastq.gz	SRR18183468	2	broad	K01875	normalization_marker	790
SRR18183468_2.fastq.gz	SRR18183468	2	broad	K01889	normalization_marker	643
SRR18183468_2.fastq.gz	SRR18183468	2	broad	K01890	normalization_marker	1223
SRR18183468_2.fastq.gz	SRR18183468	2	broad	K01892	normalization_marker	657
SRR18183468_2.fastq.gz	SRR18183468	2	broad	K01933	normalization_marker	597
SRR18183468_2.fastq.gz	SRR18183468	2	broad	K02000	amended_target	438
SRR18183468_2.fastq.gz	SRR18183468	2	broad	K02001	amended_target	139
SRR18183468_2.fastq.gz	SRR18183468	2	broad	K02002	amended_target	821
SRR18183468_2.fastq.gz	SRR18183468	2	broad	K02600	normalization_marker	901
SRR18183468_2.fastq.gz	SRR18183468	2	broad	K02863	normalization_marker	536
SRR18183468_2.fastq.gz	SRR18183468	2	broad	K02867	normalization_marker	378
SRR18183468_2.fastq.gz	SRR18183468	2	broad	K02931	normalization_marker	479
SRR18183468_2.fastq.gz	SRR18183468	2	broad	K02982	normalization_marker	551
SRR18183468_2.fastq.gz	SRR18183468	2	broad	K03106	normalization_marker	890
SRR18183468_2.fastq.gz	SRR18183468	2	broad	K03386	amended_target	41
SRR18183468_2.fastq.gz	SRR18183468	2	broad	K03387	amended_target	28
SRR18183468_2.fastq.gz	SRR18183468	2	broad	K03518	amended_target	613
SRR18183468_2.fastq.gz	SRR18183468	2	broad	K03519	amended_target	659
SRR18183468_2.fastq.gz	SRR18183468	2	broad	K03520	amended_target	1479
SRR18183468_2.fastq.gz	SRR18183468	2	broad	K03553	amended_target	1163
SRR18183468_2.fastq.gz	SRR18183468	2	broad	K03555	amended_target	716
SRR18183468_2.fastq.gz	SRR18183468	2	broad	K03572	amended_target	724
SRR18183468_2.fastq.gz	SRR18183468	2	broad	K03581	amended_target	506
SRR18183468_2.fastq.gz	SRR18183468	2	broad	K03582	amended_target	376
SRR18183468_2.fastq.gz	SRR18183468	2	broad	K03583	amended_target	384
SRR18183468_2.fastq.gz	SRR18183468	2	broad	K03657	amended_target	2942
SRR18183468_2.fastq.gz	SRR18183468	2	broad	K03671	amended_target	525
SRR18183468_2.fastq.gz	SRR18183468	2	broad	K03701	amended_target	2659
SRR18183468_2.fastq.gz	SRR18183468	2	broad	K03702	amended_target	1647
SRR18183468_2.fastq.gz	SRR18183468	2	broad	K03703	amended_target	1227
SRR18183468_2.fastq.gz	SRR18183468	2	broad	K03704	amended_target	463
SRR18183468_2.fastq.gz	SRR18183468	2	broad	K03781	amended_target	1630
SRR18183468_2.fastq.gz	SRR18183468	2	broad	K03782	amended_target	363
SRR18183468_2.fastq.gz	SRR18183468	2	broad	K04047	amended_target	103
SRR18183468_2.fastq.gz	SRR18183468	2	broad	K04564	amended_target	649
SRR18183468_2.fastq.gz	SRR18183468	2	broad	K04565	amended_target	406
SRR18183468_2.fastq.gz	SRR18183468	2	broad	K04641	amended_target	0
SRR18183468_2.fastq.gz	SRR18183468	2	broad	K04642	amended_target	0
SRR18183468_2.fastq.gz	SRR18183468	2	broad	K05343	amended_target	1727
SRR18183468_2.fastq.gz	SRR18183468	2	broad	K05592	amended_target	378
SRR18183468_2.fastq.gz	SRR18183468	2	broad	K05896	normalization_marker	384
SRR18183468_2.fastq.gz	SRR18183468	2	broad	K06381	amended_target	748
SRR18183468_2.fastq.gz	SRR18183468	2	broad	K06390	amended_target	15
SRR18183468_2.fastq.gz	SRR18183468	2	broad	K06718	amended_target	93
SRR18183468_2.fastq.gz	SRR18183468	2	broad	K06720	amended_target	99
SRR18183468_2.fastq.gz	SRR18183468	2	broad	K07646	amended_target	37
SRR18183468_2.fastq.gz	SRR18183468	2	broad	K07667	amended_target	57
SRR18183468_2.fastq.gz	SRR18183468	2	broad	K07699	amended_target	43
SRR18183468_2.fastq.gz	SRR18183468	2	broad	K09903	normalization_marker	585
SRR18183468_2.fastq.gz	SRR18183468	2	broad	K10255	amended_target	18
SRR18183468_2.fastq.gz	SRR18183468	2	broad	K10674	amended_target	124
SRR18183468_2.fastq.gz	SRR18183468	2	broad	K11180	amended_target	0
SRR18183468_2.fastq.gz	SRR18183468	2	broad	K11181	amended_target	0
SRR18183468_2.fastq.gz	SRR18183468	2	broad	K11935	amended_target	1
SRR18183468_2.fastq.gz	SRR18183468	2	broad	K17222	amended_target	7
SRR18183468_2.fastq.gz	SRR18183468	2	broad	K17223	amended_target	3
SRR18183468_2.fastq.gz	SRR18183468	2	broad	K17224	amended_target	3
SRR18183468_2.fastq.gz	SRR18183468	2	broad	K17225	amended_target	20
SRR18183468_2.fastq.gz	SRR18183468	2	broad	K17229	amended_target	17
SRR18183468_2.fastq.gz	SRR18183468	2	broad	K20543	amended_target	0
SRR18183468_2.fastq.gz	SRR18183468	2	primary	K00066	amended_target	13
SRR18183468_2.fastq.gz	SRR18183468	2	primary	K00130	amended_target	609
SRR18183468_2.fastq.gz	SRR18183468	2	primary	K00383	amended_target	33
SRR18183468_2.fastq.gz	SRR18183468	2	primary	K00384	amended_target	618
SRR18183468_2.fastq.gz	SRR18183468	2	primary	K00436	amended_target	0
SRR18183468_2.fastq.gz	SRR18183468	2	primary	K00437	amended_target	0
SRR18183468_2.fastq.gz	SRR18183468	2	primary	K00440	amended_target	0
SRR18183468_2.fastq.gz	SRR18183468	2	primary	K00441	amended_target	373
SRR18183468_2.fastq.gz	SRR18183468	2	primary	K00609	normalization_marker	485
SRR18183468_2.fastq.gz	SRR18183468	2	primary	K00694	amended_target	1
SRR18183468_2.fastq.gz	SRR18183468	2	primary	K00697	amended_target	403
SRR18183468_2.fastq.gz	SRR18183468	2	primary	K00764	normalization_marker	951
SRR18183468_2.fastq.gz	SRR18183468	2	primary	K00800	normalization_marker	654
SRR18183468_2.fastq.gz	SRR18183468	2	primary	K00940	normalization_marker	274
SRR18183468_2.fastq.gz	SRR18183468	2	primary	K01087	amended_target	376
SRR18183468_2.fastq.gz	SRR18183468	2	primary	K01139	amended_target	1170
SRR18183468_2.fastq.gz	SRR18183468	2	primary	K01546	amended_target	0
SRR18183468_2.fastq.gz	SRR18183468	2	primary	K01547	amended_target	7
SRR18183468_2.fastq.gz	SRR18183468	2	primary	K01548	amended_target	0
SRR18183468_2.fastq.gz	SRR18183468	2	primary	K01601	amended_target	477
SRR18183468_2.fastq.gz	SRR18183468	2	primary	K01602	amended_target	116
SRR18183468_2.fastq.gz	SRR18183468	2	primary	K01669	amended_target	380
SRR18183468_2.fastq.gz	SRR18183468	2	primary	K01866	normalization_marker	800
SRR18183468_2.fastq.gz	SRR18183468	2	primary	K01870	normalization_marker	1786
SRR18183468_2.fastq.gz	SRR18183468	2	primary	K01873	normalization_marker	1480
SRR18183468_2.fastq.gz	SRR18183468	2	primary	K01875	normalization_marker	746
SRR18183468_2.fastq.gz	SRR18183468	2	primary	K01889	normalization_marker	595
SRR18183468_2.fastq.gz	SRR18183468	2	primary	K01890	normalization_marker	1175
SRR18183468_2.fastq.gz	SRR18183468	2	primary	K01892	normalization_marker	609
SRR18183468_2.fastq.gz	SRR18183468	2	primary	K01933	normalization_marker	574
SRR18183468_2.fastq.gz	SRR18183468	2	primary	K02000	amended_target	418
SRR18183468_2.fastq.gz	SRR18183468	2	primary	K02001	amended_target	132
SRR18183468_2.fastq.gz	SRR18183468	2	primary	K02002	amended_target	766
SRR18183468_2.fastq.gz	SRR18183468	2	primary	K02600	normalization_marker	850
SRR18183468_2.fastq.gz	SRR18183468	2	primary	K02863	normalization_marker	492
SRR18183468_2.fastq.gz	SRR18183468	2	primary	K02867	normalization_marker	313
SRR18183468_2.fastq.gz	SRR18183468	2	primary	K02931	normalization_marker	432
SRR18183468_2.fastq.gz	SRR18183468	2	primary	K02982	normalization_marker	504
SRR18183468_2.fastq.gz	SRR18183468	2	primary	K03106	normalization_marker	851
SRR18183468_2.fastq.gz	SRR18183468	2	primary	K03386	amended_target	33
SRR18183468_2.fastq.gz	SRR18183468	2	primary	K03387	amended_target	27
SRR18183468_2.fastq.gz	SRR18183468	2	primary	K03518	amended_target	527
SRR18183468_2.fastq.gz	SRR18183468	2	primary	K03519	amended_target	596
SRR18183468_2.fastq.gz	SRR18183468	2	primary	K03520	amended_target	1434
SRR18183468_2.fastq.gz	SRR18183468	2	primary	K03553	amended_target	1103
SRR18183468_2.fastq.gz	SRR18183468	2	primary	K03555	amended_target	691
SRR18183468_2.fastq.gz	SRR18183468	2	primary	K03572	amended_target	691
SRR18183468_2.fastq.gz	SRR18183468	2	primary	K03581	amended_target	455
SRR18183468_2.fastq.gz	SRR18183468	2	primary	K03582	amended_target	326
SRR18183468_2.fastq.gz	SRR18183468	2	primary	K03583	amended_target	344
SRR18183468_2.fastq.gz	SRR18183468	2	primary	K03657	amended_target	2829
SRR18183468_2.fastq.gz	SRR18183468	2	primary	K03671	amended_target	414
SRR18183468_2.fastq.gz	SRR18183468	2	primary	K03701	amended_target	2570
SRR18183468_2.fastq.gz	SRR18183468	2	primary	K03702	amended_target	1591
SRR18183468_2.fastq.gz	SRR18183468	2	primary	K03703	amended_target	1186
SRR18183468_2.fastq.gz	SRR18183468	2	primary	K03704	amended_target	301
SRR18183468_2.fastq.gz	SRR18183468	2	primary	K03781	amended_target	1550
SRR18183468_2.fastq.gz	SRR18183468	2	primary	K03782	amended_target	347
SRR18183468_2.fastq.gz	SRR18183468	2	primary	K04047	amended_target	88
SRR18183468_2.fastq.gz	SRR18183468	2	primary	K04564	amended_target	568
SRR18183468_2.fastq.gz	SRR18183468	2	primary	K04565	amended_target	367
SRR18183468_2.fastq.gz	SRR18183468	2	primary	K04641	amended_target	0
SRR18183468_2.fastq.gz	SRR18183468	2	primary	K04642	amended_target	0
SRR18183468_2.fastq.gz	SRR18183468	2	primary	K05343	amended_target	1674
SRR18183468_2.fastq.gz	SRR18183468	2	primary	K05592	amended_target	355
SRR18183468_2.fastq.gz	SRR18183468	2	primary	K05896	normalization_marker	353
SRR18183468_2.fastq.gz	SRR18183468	2	primary	K06381	amended_target	694
SRR18183468_2.fastq.gz	SRR18183468	2	primary	K06390	amended_target	11
SRR18183468_2.fastq.gz	SRR18183468	2	primary	K06718	amended_target	77
SRR18183468_2.fastq.gz	SRR18183468	2	primary	K06720	amended_target	78
SRR18183468_2.fastq.gz	SRR18183468	2	primary	K07646	amended_target	30
SRR18183468_2.fastq.gz	SRR18183468	2	primary	K07667	amended_target	53
SRR18183468_2.fastq.gz	SRR18183468	2	primary	K07699	amended_target	40
SRR18183468_2.fastq.gz	SRR18183468	2	primary	K09903	normalization_marker	513
SRR18183468_2.fastq.gz	SRR18183468	2	primary	K10255	amended_target	16
SRR18183468_2.fastq.gz	SRR18183468	2	primary	K10674	amended_target	114
SRR18183468_2.fastq.gz	SRR18183468	2	primary	K11180	amended_target	0
SRR18183468_2.fastq.gz	SRR18183468	2	primary	K11181	amended_target	0
SRR18183468_2.fastq.gz	SRR18183468	2	primary	K11935	amended_target	0
SRR18183468_2.fastq.gz	SRR18183468	2	primary	K17222	amended_target	6
SRR18183468_2.fastq.gz	SRR18183468	2	primary	K17223	amended_target	3
SRR18183468_2.fastq.gz	SRR18183468	2	primary	K17224	amended_target	3
SRR18183468_2.fastq.gz	SRR18183468	2	primary	K17225	amended_target	19
SRR18183468_2.fastq.gz	SRR18183468	2	primary	K17229	amended_target	16
SRR18183468_2.fastq.gz	SRR18183468	2	primary	K20543	amended_target	0
SRR18183468_2.fastq.gz	SRR18183468	2	stringent	K00066	amended_target	12
SRR18183468_2.fastq.gz	SRR18183468	2	stringent	K00130	amended_target	576
SRR18183468_2.fastq.gz	SRR18183468	2	stringent	K00383	amended_target	30
SRR18183468_2.fastq.gz	SRR18183468	2	stringent	K00384	amended_target	564
SRR18183468_2.fastq.gz	SRR18183468	2	stringent	K00436	amended_target	0
SRR18183468_2.fastq.gz	SRR18183468	2	stringent	K00437	amended_target	0
SRR18183468_2.fastq.gz	SRR18183468	2	stringent	K00440	amended_target	0
SRR18183468_2.fastq.gz	SRR18183468	2	stringent	K00441	amended_target	350
SRR18183468_2.fastq.gz	SRR18183468	2	stringent	K00609	normalization_marker	446
SRR18183468_2.fastq.gz	SRR18183468	2	stringent	K00694	amended_target	0
SRR18183468_2.fastq.gz	SRR18183468	2	stringent	K00697	amended_target	381
SRR18183468_2.fastq.gz	SRR18183468	2	stringent	K00764	normalization_marker	900
SRR18183468_2.fastq.gz	SRR18183468	2	stringent	K00800	normalization_marker	606
SRR18183468_2.fastq.gz	SRR18183468	2	stringent	K00940	normalization_marker	231
SRR18183468_2.fastq.gz	SRR18183468	2	stringent	K01087	amended_target	328
SRR18183468_2.fastq.gz	SRR18183468	2	stringent	K01139	amended_target	1130
SRR18183468_2.fastq.gz	SRR18183468	2	stringent	K01546	amended_target	0
SRR18183468_2.fastq.gz	SRR18183468	2	stringent	K01547	amended_target	7
SRR18183468_2.fastq.gz	SRR18183468	2	stringent	K01548	amended_target	0
SRR18183468_2.fastq.gz	SRR18183468	2	stringent	K01601	amended_target	453
SRR18183468_2.fastq.gz	SRR18183468	2	stringent	K01602	amended_target	100
SRR18183468_2.fastq.gz	SRR18183468	2	stringent	K01669	amended_target	344
SRR18183468_2.fastq.gz	SRR18183468	2	stringent	K01866	normalization_marker	747
SRR18183468_2.fastq.gz	SRR18183468	2	stringent	K01870	normalization_marker	1717
SRR18183468_2.fastq.gz	SRR18183468	2	stringent	K01873	normalization_marker	1409
SRR18183468_2.fastq.gz	SRR18183468	2	stringent	K01875	normalization_marker	698
SRR18183468_2.fastq.gz	SRR18183468	2	stringent	K01889	normalization_marker	538
SRR18183468_2.fastq.gz	SRR18183468	2	stringent	K01890	normalization_marker	1067
SRR18183468_2.fastq.gz	SRR18183468	2	stringent	K01892	normalization_marker	563
SRR18183468_2.fastq.gz	SRR18183468	2	stringent	K01933	normalization_marker	524
SRR18183468_2.fastq.gz	SRR18183468	2	stringent	K02000	amended_target	400
SRR18183468_2.fastq.gz	SRR18183468	2	stringent	K02001	amended_target	118
SRR18183468_2.fastq.gz	SRR18183468	2	stringent	K02002	amended_target	638
SRR18183468_2.fastq.gz	SRR18183468	2	stringent	K02600	normalization_marker	786
SRR18183468_2.fastq.gz	SRR18183468	2	stringent	K02863	normalization_marker	435
SRR18183468_2.fastq.gz	SRR18183468	2	stringent	K02867	normalization_marker	262
SRR18183468_2.fastq.gz	SRR18183468	2	stringent	K02931	normalization_marker	383
SRR18183468_2.fastq.gz	SRR18183468	2	stringent	K02982	normalization_marker	451
SRR18183468_2.fastq.gz	SRR18183468	2	stringent	K03106	normalization_marker	809
SRR18183468_2.fastq.gz	SRR18183468	2	stringent	K03386	amended_target	27
SRR18183468_2.fastq.gz	SRR18183468	2	stringent	K03387	amended_target	27
SRR18183468_2.fastq.gz	SRR18183468	2	stringent	K03518	amended_target	448
SRR18183468_2.fastq.gz	SRR18183468	2	stringent	K03519	amended_target	501
SRR18183468_2.fastq.gz	SRR18183468	2	stringent	K03520	amended_target	1361
SRR18183468_2.fastq.gz	SRR18183468	2	stringent	K03553	amended_target	1054
SRR18183468_2.fastq.gz	SRR18183468	2	stringent	K03555	amended_target	660
SRR18183468_2.fastq.gz	SRR18183468	2	stringent	K03572	amended_target	609
SRR18183468_2.fastq.gz	SRR18183468	2	stringent	K03581	amended_target	346
SRR18183468_2.fastq.gz	SRR18183468	2	stringent	K03582	amended_target	259
SRR18183468_2.fastq.gz	SRR18183468	2	stringent	K03583	amended_target	257
SRR18183468_2.fastq.gz	SRR18183468	2	stringent	K03657	amended_target	2532
SRR18183468_2.fastq.gz	SRR18183468	2	stringent	K03671	amended_target	344
SRR18183468_2.fastq.gz	SRR18183468	2	stringent	K03701	amended_target	2467
SRR18183468_2.fastq.gz	SRR18183468	2	stringent	K03702	amended_target	1536
SRR18183468_2.fastq.gz	SRR18183468	2	stringent	K03703	amended_target	1108
SRR18183468_2.fastq.gz	SRR18183468	2	stringent	K03704	amended_target	129
SRR18183468_2.fastq.gz	SRR18183468	2	stringent	K03781	amended_target	1449
SRR18183468_2.fastq.gz	SRR18183468	2	stringent	K03782	amended_target	334
SRR18183468_2.fastq.gz	SRR18183468	2	stringent	K04047	amended_target	72
SRR18183468_2.fastq.gz	SRR18183468	2	stringent	K04564	amended_target	502
SRR18183468_2.fastq.gz	SRR18183468	2	stringent	K04565	amended_target	298
SRR18183468_2.fastq.gz	SRR18183468	2	stringent	K04641	amended_target	0
SRR18183468_2.fastq.gz	SRR18183468	2	stringent	K04642	amended_target	0
SRR18183468_2.fastq.gz	SRR18183468	2	stringent	K05343	amended_target	1604
SRR18183468_2.fastq.gz	SRR18183468	2	stringent	K05592	amended_target	331
SRR18183468_2.fastq.gz	SRR18183468	2	stringent	K05896	normalization_marker	304
SRR18183468_2.fastq.gz	SRR18183468	2	stringent	K06381	amended_target	616
SRR18183468_2.fastq.gz	SRR18183468	2	stringent	K06390	amended_target	7
SRR18183468_2.fastq.gz	SRR18183468	2	stringent	K06718	amended_target	65
SRR18183468_2.fastq.gz	SRR18183468	2	stringent	K06720	amended_target	57
SRR18183468_2.fastq.gz	SRR18183468	2	stringent	K07646	amended_target	18
SRR18183468_2.fastq.gz	SRR18183468	2	stringent	K07667	amended_target	41
SRR18183468_2.fastq.gz	SRR18183468	2	stringent	K07699	amended_target	38
SRR18183468_2.fastq.gz	SRR18183468	2	stringent	K09903	normalization_marker	464
SRR18183468_2.fastq.gz	SRR18183468	2	stringent	K10255	amended_target	15
SRR18183468_2.fastq.gz	SRR18183468	2	stringent	K10674	amended_target	104
SRR18183468_2.fastq.gz	SRR18183468	2	stringent	K11180	amended_target	0
SRR18183468_2.fastq.gz	SRR18183468	2	stringent	K11181	amended_target	0
SRR18183468_2.fastq.gz	SRR18183468	2	stringent	K11935	amended_target	0
SRR18183468_2.fastq.gz	SRR18183468	2	stringent	K17222	amended_target	6
SRR18183468_2.fastq.gz	SRR18183468	2	stringent	K17223	amended_target	3
SRR18183468_2.fastq.gz	SRR18183468	2	stringent	K17224	amended_target	3
SRR18183468_2.fastq.gz	SRR18183468	2	stringent	K17225	amended_target	15
SRR18183468_2.fastq.gz	SRR18183468	2	stringent	K17229	amended_target	15
SRR18183468_2.fastq.gz	SRR18183468	2	stringent	K20543	amended_target	0
SRR18183469_1.fastq.gz	SRR18183469	1	broad	K00066	amended_target	73
SRR18183469_1.fastq.gz	SRR18183469	1	broad	K00130	amended_target	77
SRR18183469_1.fastq.gz	SRR18183469	1	broad	K00383	amended_target	61
SRR18183469_1.fastq.gz	SRR18183469	1	broad	K00384	amended_target	378
SRR18183469_1.fastq.gz	SRR18183469	1	broad	K00436	amended_target	0
SRR18183469_1.fastq.gz	SRR18183469	1	broad	K00437	amended_target	0
SRR18183469_1.fastq.gz	SRR18183469	1	broad	K00440	amended_target	0
SRR18183469_1.fastq.gz	SRR18183469	1	broad	K00441	amended_target	12
SRR18183469_1.fastq.gz	SRR18183469	1	broad	K00609	normalization_marker	339
SRR18183469_1.fastq.gz	SRR18183469	1	broad	K00694	amended_target	7
SRR18183469_1.fastq.gz	SRR18183469	1	broad	K00697	amended_target	334
SRR18183469_1.fastq.gz	SRR18183469	1	broad	K00764	normalization_marker	535
SRR18183469_1.fastq.gz	SRR18183469	1	broad	K00800	normalization_marker	389
SRR18183469_1.fastq.gz	SRR18183469	1	broad	K00940	normalization_marker	156
SRR18183469_1.fastq.gz	SRR18183469	1	broad	K01087	amended_target	95
SRR18183469_1.fastq.gz	SRR18183469	1	broad	K01139	amended_target	328
SRR18183469_1.fastq.gz	SRR18183469	1	broad	K01546	amended_target	83
SRR18183469_1.fastq.gz	SRR18183469	1	broad	K01547	amended_target	92
SRR18183469_1.fastq.gz	SRR18183469	1	broad	K01548	amended_target	14
SRR18183469_1.fastq.gz	SRR18183469	1	broad	K01601	amended_target	75
SRR18183469_1.fastq.gz	SRR18183469	1	broad	K01602	amended_target	17
SRR18183469_1.fastq.gz	SRR18183469	1	broad	K01669	amended_target	4
SRR18183469_1.fastq.gz	SRR18183469	1	broad	K01866	normalization_marker	499
SRR18183469_1.fastq.gz	SRR18183469	1	broad	K01870	normalization_marker	727
SRR18183469_1.fastq.gz	SRR18183469	1	broad	K01873	normalization_marker	701
SRR18183469_1.fastq.gz	SRR18183469	1	broad	K01875	normalization_marker	484
SRR18183469_1.fastq.gz	SRR18183469	1	broad	K01889	normalization_marker	327
SRR18183469_1.fastq.gz	SRR18183469	1	broad	K01890	normalization_marker	714
SRR18183469_1.fastq.gz	SRR18183469	1	broad	K01892	normalization_marker	324
SRR18183469_1.fastq.gz	SRR18183469	1	broad	K01933	normalization_marker	347
SRR18183469_1.fastq.gz	SRR18183469	1	broad	K02000	amended_target	38
SRR18183469_1.fastq.gz	SRR18183469	1	broad	K02001	amended_target	44
SRR18183469_1.fastq.gz	SRR18183469	1	broad	K02002	amended_target	29
SRR18183469_1.fastq.gz	SRR18183469	1	broad	K02600	normalization_marker	428
SRR18183469_1.fastq.gz	SRR18183469	1	broad	K02863	normalization_marker	249
SRR18183469_1.fastq.gz	SRR18183469	1	broad	K02867	normalization_marker	178
SRR18183469_1.fastq.gz	SRR18183469	1	broad	K02931	normalization_marker	242
SRR18183469_1.fastq.gz	SRR18183469	1	broad	K02982	normalization_marker	244
SRR18183469_1.fastq.gz	SRR18183469	1	broad	K03106	normalization_marker	409
SRR18183469_1.fastq.gz	SRR18183469	1	broad	K03386	amended_target	29
SRR18183469_1.fastq.gz	SRR18183469	1	broad	K03387	amended_target	8
SRR18183469_1.fastq.gz	SRR18183469	1	broad	K03518	amended_target	114
SRR18183469_1.fastq.gz	SRR18183469	1	broad	K03519	amended_target	148
SRR18183469_1.fastq.gz	SRR18183469	1	broad	K03520	amended_target	333
SRR18183469_1.fastq.gz	SRR18183469	1	broad	K03553	amended_target	367
SRR18183469_1.fastq.gz	SRR18183469	1	broad	K03555	amended_target	374
SRR18183469_1.fastq.gz	SRR18183469	1	broad	K03572	amended_target	282
SRR18183469_1.fastq.gz	SRR18183469	1	broad	K03581	amended_target	213
SRR18183469_1.fastq.gz	SRR18183469	1	broad	K03582	amended_target	159
SRR18183469_1.fastq.gz	SRR18183469	1	broad	K03583	amended_target	163
SRR18183469_1.fastq.gz	SRR18183469	1	broad	K03657	amended_target	863
SRR18183469_1.fastq.gz	SRR18183469	1	broad	K03671	amended_target	341
SRR18183469_1.fastq.gz	SRR18183469	1	broad	K03701	amended_target	1539
SRR18183469_1.fastq.gz	SRR18183469	1	broad	K03702	amended_target	756
SRR18183469_1.fastq.gz	SRR18183469	1	broad	K03703	amended_target	591
SRR18183469_1.fastq.gz	SRR18183469	1	broad	K03704	amended_target	233
SRR18183469_1.fastq.gz	SRR18183469	1	broad	K03781	amended_target	83
SRR18183469_1.fastq.gz	SRR18183469	1	broad	K03782	amended_target	159
SRR18183469_1.fastq.gz	SRR18183469	1	broad	K04047	amended_target	65
SRR18183469_1.fastq.gz	SRR18183469	1	broad	K04564	amended_target	259
SRR18183469_1.fastq.gz	SRR18183469	1	broad	K04565	amended_target	77
SRR18183469_1.fastq.gz	SRR18183469	1	broad	K04641	amended_target	0
SRR18183469_1.fastq.gz	SRR18183469	1	broad	K04642	amended_target	0
SRR18183469_1.fastq.gz	SRR18183469	1	broad	K05343	amended_target	337
SRR18183469_1.fastq.gz	SRR18183469	1	broad	K05592	amended_target	104
SRR18183469_1.fastq.gz	SRR18183469	1	broad	K05896	normalization_marker	230
SRR18183469_1.fastq.gz	SRR18183469	1	broad	K06381	amended_target	102
SRR18183469_1.fastq.gz	SRR18183469	1	broad	K06390	amended_target	0
SRR18183469_1.fastq.gz	SRR18183469	1	broad	K06718	amended_target	4
SRR18183469_1.fastq.gz	SRR18183469	1	broad	K06720	amended_target	5
SRR18183469_1.fastq.gz	SRR18183469	1	broad	K07646	amended_target	187
SRR18183469_1.fastq.gz	SRR18183469	1	broad	K07667	amended_target	98
SRR18183469_1.fastq.gz	SRR18183469	1	broad	K07699	amended_target	0
SRR18183469_1.fastq.gz	SRR18183469	1	broad	K09903	normalization_marker	232
SRR18183469_1.fastq.gz	SRR18183469	1	broad	K10255	amended_target	76
SRR18183469_1.fastq.gz	SRR18183469	1	broad	K10674	amended_target	5
SRR18183469_1.fastq.gz	SRR18183469	1	broad	K11180	amended_target	1
SRR18183469_1.fastq.gz	SRR18183469	1	broad	K11181	amended_target	1
SRR18183469_1.fastq.gz	SRR18183469	1	broad	K11935	amended_target	31
SRR18183469_1.fastq.gz	SRR18183469	1	broad	K17222	amended_target	15
SRR18183469_1.fastq.gz	SRR18183469	1	broad	K17223	amended_target	14
SRR18183469_1.fastq.gz	SRR18183469	1	broad	K17224	amended_target	15
SRR18183469_1.fastq.gz	SRR18183469	1	broad	K17225	amended_target	37
SRR18183469_1.fastq.gz	SRR18183469	1	broad	K17229	amended_target	31
SRR18183469_1.fastq.gz	SRR18183469	1	broad	K20543	amended_target	2
SRR18183469_1.fastq.gz	SRR18183469	1	primary	K00066	amended_target	69
SRR18183469_1.fastq.gz	SRR18183469	1	primary	K00130	amended_target	73
SRR18183469_1.fastq.gz	SRR18183469	1	primary	K00383	amended_target	57
SRR18183469_1.fastq.gz	SRR18183469	1	primary	K00384	amended_target	355
SRR18183469_1.fastq.gz	SRR18183469	1	primary	K00436	amended_target	0
SRR18183469_1.fastq.gz	SRR18183469	1	primary	K00437	amended_target	0
SRR18183469_1.fastq.gz	SRR18183469	1	primary	K00440	amended_target	0
SRR18183469_1.fastq.gz	SRR18183469	1	primary	K00441	amended_target	10
SRR18183469_1.fastq.gz	SRR18183469	1	primary	K00609	normalization_marker	317
SRR18183469_1.fastq.gz	SRR18183469	1	primary	K00694	amended_target	6
SRR18183469_1.fastq.gz	SRR18183469	1	primary	K00697	amended_target	318
SRR18183469_1.fastq.gz	SRR18183469	1	primary	K00764	normalization_marker	510
SRR18183469_1.fastq.gz	SRR18183469	1	primary	K00800	normalization_marker	361
SRR18183469_1.fastq.gz	SRR18183469	1	primary	K00940	normalization_marker	142
SRR18183469_1.fastq.gz	SRR18183469	1	primary	K01087	amended_target	81
SRR18183469_1.fastq.gz	SRR18183469	1	primary	K01139	amended_target	313
SRR18183469_1.fastq.gz	SRR18183469	1	primary	K01546	amended_target	77
SRR18183469_1.fastq.gz	SRR18183469	1	primary	K01547	amended_target	87
SRR18183469_1.fastq.gz	SRR18183469	1	primary	K01548	amended_target	12
SRR18183469_1.fastq.gz	SRR18183469	1	primary	K01601	amended_target	67
SRR18183469_1.fastq.gz	SRR18183469	1	primary	K01602	amended_target	15
SRR18183469_1.fastq.gz	SRR18183469	1	primary	K01669	amended_target	3
SRR18183469_1.fastq.gz	SRR18183469	1	primary	K01866	normalization_marker	453
SRR18183469_1.fastq.gz	SRR18183469	1	primary	K01870	normalization_marker	713
SRR18183469_1.fastq.gz	SRR18183469	1	primary	K01873	normalization_marker	674
SRR18183469_1.fastq.gz	SRR18183469	1	primary	K01875	normalization_marker	447
SRR18183469_1.fastq.gz	SRR18183469	1	primary	K01889	normalization_marker	299
SRR18183469_1.fastq.gz	SRR18183469	1	primary	K01890	normalization_marker	676
SRR18183469_1.fastq.gz	SRR18183469	1	primary	K01892	normalization_marker	302
SRR18183469_1.fastq.gz	SRR18183469	1	primary	K01933	normalization_marker	312
SRR18183469_1.fastq.gz	SRR18183469	1	primary	K02000	amended_target	34
SRR18183469_1.fastq.gz	SRR18183469	1	primary	K02001	amended_target	42
SRR18183469_1.fastq.gz	SRR18183469	1	primary	K02002	amended_target	24
SRR18183469_1.fastq.gz	SRR18183469	1	primary	K02600	normalization_marker	403
SRR18183469_1.fastq.gz	SRR18183469	1	primary	K02863	normalization_marker	228
SRR18183469_1.fastq.gz	SRR18183469	1	primary	K02867	normalization_marker	151
SRR18183469_1.fastq.gz	SRR18183469	1	primary	K02931	normalization_marker	207
SRR18183469_1.fastq.gz	SRR18183469	1	primary	K02982	normalization_marker	220
SRR18183469_1.fastq.gz	SRR18183469	1	primary	K03106	normalization_marker	382
SRR18183469_1.fastq.gz	SRR18183469	1	primary	K03386	amended_target	28
SRR18183469_1.fastq.gz	SRR18183469	1	primary	K03387	amended_target	8
SRR18183469_1.fastq.gz	SRR18183469	1	primary	K03518	amended_target	94
SRR18183469_1.fastq.gz	SRR18183469	1	primary	K03519	amended_target	141
SRR18183469_1.fastq.gz	SRR18183469	1	primary	K03520	amended_target	324
SRR18183469_1.fastq.gz	SRR18183469	1	primary	K03553	amended_target	332
SRR18183469_1.fastq.gz	SRR18183469	1	primary	K03555	amended_target	358
SRR18183469_1.fastq.gz	SRR18183469	1	primary	K03572	amended_target	256
SRR18183469_1.fastq.gz	SRR18183469	1	primary	K03581	amended_target	198
SRR18183469_1.fastq.gz	SRR18183469	1	primary	K03582	amended_target	135
SRR18183469_1.fastq.gz	SRR18183469	1	primary	K03583	amended_target	149
SRR18183469_1.fastq.gz	SRR18183469	1	primary	K03657	amended_target	808
SRR18183469_1.fastq.gz	SRR18183469	1	primary	K03671	amended_target	285
SRR18183469_1.fastq.gz	SRR18183469	1	primary	K03701	amended_target	1477
SRR18183469_1.fastq.gz	SRR18183469	1	primary	K03702	amended_target	727
SRR18183469_1.fastq.gz	SRR18183469	1	primary	K03703	amended_target	555
SRR18183469_1.fastq.gz	SRR18183469	1	primary	K03704	amended_target	130
SRR18183469_1.fastq.gz	SRR18183469	1	primary	K03781	amended_target	82
SRR18183469_1.fastq.gz	SRR18183469	1	primary	K03782	amended_target	154
SRR18183469_1.fastq.gz	SRR18183469	1	primary	K04047	amended_target	51
SRR18183469_1.fastq.gz	SRR18183469	1	primary	K04564	amended_target	216
SRR18183469_1.fastq.gz	SRR18183469	1	primary	K04565	amended_target	66
SRR18183469_1.fastq.gz	SRR18183469	1	primary	K04641	amended_target	0
SRR18183469_1.fastq.gz	SRR18183469	1	primary	K04642	amended_target	0
SRR18183469_1.fastq.gz	SRR18183469	1	primary	K05343	amended_target	324
SRR18183469_1.fastq.gz	SRR18183469	1	primary	K05592	amended_target	98
SRR18183469_1.fastq.gz	SRR18183469	1	primary	K05896	normalization_marker	197
SRR18183469_1.fastq.gz	SRR18183469	1	primary	K06381	amended_target	85
SRR18183469_1.fastq.gz	SRR18183469	1	primary	K06390	amended_target	0
SRR18183469_1.fastq.gz	SRR18183469	1	primary	K06718	amended_target	4
SRR18183469_1.fastq.gz	SRR18183469	1	primary	K06720	amended_target	5
SRR18183469_1.fastq.gz	SRR18183469	1	primary	K07646	amended_target	161
SRR18183469_1.fastq.gz	SRR18183469	1	primary	K07667	amended_target	89
SRR18183469_1.fastq.gz	SRR18183469	1	primary	K07699	amended_target	0
SRR18183469_1.fastq.gz	SRR18183469	1	primary	K09903	normalization_marker	214
SRR18183469_1.fastq.gz	SRR18183469	1	primary	K10255	amended_target	67
SRR18183469_1.fastq.gz	SRR18183469	1	primary	K10674	amended_target	5
SRR18183469_1.fastq.gz	SRR18183469	1	primary	K11180	amended_target	1
SRR18183469_1.fastq.gz	SRR18183469	1	primary	K11181	amended_target	1
SRR18183469_1.fastq.gz	SRR18183469	1	primary	K11935	amended_target	11
SRR18183469_1.fastq.gz	SRR18183469	1	primary	K17222	amended_target	14
SRR18183469_1.fastq.gz	SRR18183469	1	primary	K17223	amended_target	12
SRR18183469_1.fastq.gz	SRR18183469	1	primary	K17224	amended_target	14
SRR18183469_1.fastq.gz	SRR18183469	1	primary	K17225	amended_target	35
SRR18183469_1.fastq.gz	SRR18183469	1	primary	K17229	amended_target	30
SRR18183469_1.fastq.gz	SRR18183469	1	primary	K20543	amended_target	1
SRR18183469_1.fastq.gz	SRR18183469	1	stringent	K00066	amended_target	60
SRR18183469_1.fastq.gz	SRR18183469	1	stringent	K00130	amended_target	70
SRR18183469_1.fastq.gz	SRR18183469	1	stringent	K00383	amended_target	49
SRR18183469_1.fastq.gz	SRR18183469	1	stringent	K00384	amended_target	326
SRR18183469_1.fastq.gz	SRR18183469	1	stringent	K00436	amended_target	0
SRR18183469_1.fastq.gz	SRR18183469	1	stringent	K00437	amended_target	0
SRR18183469_1.fastq.gz	SRR18183469	1	stringent	K00440	amended_target	0
SRR18183469_1.fastq.gz	SRR18183469	1	stringent	K00441	amended_target	7
SRR18183469_1.fastq.gz	SRR18183469	1	stringent	K00609	normalization_marker	292
SRR18183469_1.fastq.gz	SRR18183469	1	stringent	K00694	amended_target	6
SRR18183469_1.fastq.gz	SRR18183469	1	stringent	K00697	amended_target	276
SRR18183469_1.fastq.gz	SRR18183469	1	stringent	K00764	normalization_marker	489
SRR18183469_1.fastq.gz	SRR18183469	1	stringent	K00800	normalization_marker	319
SRR18183469_1.fastq.gz	SRR18183469	1	stringent	K00940	normalization_marker	109
SRR18183469_1.fastq.gz	SRR18183469	1	stringent	K01087	amended_target	49
SRR18183469_1.fastq.gz	SRR18183469	1	stringent	K01139	amended_target	290
SRR18183469_1.fastq.gz	SRR18183469	1	stringent	K01546	amended_target	73
SRR18183469_1.fastq.gz	SRR18183469	1	stringent	K01547	amended_target	85
SRR18183469_1.fastq.gz	SRR18183469	1	stringent	K01548	amended_target	10
SRR18183469_1.fastq.gz	SRR18183469	1	stringent	K01601	amended_target	60
SRR18183469_1.fastq.gz	SRR18183469	1	stringent	K01602	amended_target	15
SRR18183469_1.fastq.gz	SRR18183469	1	stringent	K01669	amended_target	2
SRR18183469_1.fastq.gz	SRR18183469	1	stringent	K01866	normalization_marker	412
SRR18183469_1.fastq.gz	SRR18183469	1	stringent	K01870	normalization_marker	656
SRR18183469_1.fastq.gz	SRR18183469	1	stringent	K01873	normalization_marker	621
SRR18183469_1.fastq.gz	SRR18183469	1	stringent	K01875	normalization_marker	417
SRR18183469_1.fastq.gz	SRR18183469	1	stringent	K01889	normalization_marker	260
SRR18183469_1.fastq.gz	SRR18183469	1	stringent	K01890	normalization_marker	573
SRR18183469_1.fastq.gz	SRR18183469	1	stringent	K01892	normalization_marker	259
SRR18183469_1.fastq.gz	SRR18183469	1	stringent	K01933	normalization_marker	285
SRR18183469_1.fastq.gz	SRR18183469	1	stringent	K02000	amended_target	30
SRR18183469_1.fastq.gz	SRR18183469	1	stringent	K02001	amended_target	40
SRR18183469_1.fastq.gz	SRR18183469	1	stringent	K02002	amended_target	22
SRR18183469_1.fastq.gz	SRR18183469	1	stringent	K02600	normalization_marker	376
SRR18183469_1.fastq.gz	SRR18183469	1	stringent	K02863	normalization_marker	203
SRR18183469_1.fastq.gz	SRR18183469	1	stringent	K02867	normalization_marker	122
SRR18183469_1.fastq.gz	SRR18183469	1	stringent	K02931	normalization_marker	181
SRR18183469_1.fastq.gz	SRR18183469	1	stringent	K02982	normalization_marker	195
SRR18183469_1.fastq.gz	SRR18183469	1	stringent	K03106	normalization_marker	370
SRR18183469_1.fastq.gz	SRR18183469	1	stringent	K03386	amended_target	28
SRR18183469_1.fastq.gz	SRR18183469	1	stringent	K03387	amended_target	8
SRR18183469_1.fastq.gz	SRR18183469	1	stringent	K03518	amended_target	78
SRR18183469_1.fastq.gz	SRR18183469	1	stringent	K03519	amended_target	121
SRR18183469_1.fastq.gz	SRR18183469	1	stringent	K03520	amended_target	303
SRR18183469_1.fastq.gz	SRR18183469	1	stringent	K03553	amended_target	312
SRR18183469_1.fastq.gz	SRR18183469	1	stringent	K03555	amended_target	344
SRR18183469_1.fastq.gz	SRR18183469	1	stringent	K03572	amended_target	207
SRR18183469_1.fastq.gz	SRR18183469	1	stringent	K03581	amended_target	170
SRR18183469_1.fastq.gz	SRR18183469	1	stringent	K03582	amended_target	97
SRR18183469_1.fastq.gz	SRR18183469	1	stringent	K03583	amended_target	86
SRR18183469_1.fastq.gz	SRR18183469	1	stringent	K03657	amended_target	711
SRR18183469_1.fastq.gz	SRR18183469	1	stringent	K03671	amended_target	219
SRR18183469_1.fastq.gz	SRR18183469	1	stringent	K03701	amended_target	1407
SRR18183469_1.fastq.gz	SRR18183469	1	stringent	K03702	amended_target	702
SRR18183469_1.fastq.gz	SRR18183469	1	stringent	K03703	amended_target	502
SRR18183469_1.fastq.gz	SRR18183469	1	stringent	K03704	amended_target	27
SRR18183469_1.fastq.gz	SRR18183469	1	stringent	K03781	amended_target	69
SRR18183469_1.fastq.gz	SRR18183469	1	stringent	K03782	amended_target	151
SRR18183469_1.fastq.gz	SRR18183469	1	stringent	K04047	amended_target	44
SRR18183469_1.fastq.gz	SRR18183469	1	stringent	K04564	amended_target	188
SRR18183469_1.fastq.gz	SRR18183469	1	stringent	K04565	amended_target	49
SRR18183469_1.fastq.gz	SRR18183469	1	stringent	K04641	amended_target	0
SRR18183469_1.fastq.gz	SRR18183469	1	stringent	K04642	amended_target	0
SRR18183469_1.fastq.gz	SRR18183469	1	stringent	K05343	amended_target	298
SRR18183469_1.fastq.gz	SRR18183469	1	stringent	K05592	amended_target	88
SRR18183469_1.fastq.gz	SRR18183469	1	stringent	K05896	normalization_marker	168
SRR18183469_1.fastq.gz	SRR18183469	1	stringent	K06381	amended_target	55
SRR18183469_1.fastq.gz	SRR18183469	1	stringent	K06390	amended_target	0
SRR18183469_1.fastq.gz	SRR18183469	1	stringent	K06718	amended_target	3
SRR18183469_1.fastq.gz	SRR18183469	1	stringent	K06720	amended_target	4
SRR18183469_1.fastq.gz	SRR18183469	1	stringent	K07646	amended_target	127
SRR18183469_1.fastq.gz	SRR18183469	1	stringent	K07667	amended_target	69
SRR18183469_1.fastq.gz	SRR18183469	1	stringent	K07699	amended_target	0
SRR18183469_1.fastq.gz	SRR18183469	1	stringent	K09903	normalization_marker	192
SRR18183469_1.fastq.gz	SRR18183469	1	stringent	K10255	amended_target	60
SRR18183469_1.fastq.gz	SRR18183469	1	stringent	K10674	amended_target	4
SRR18183469_1.fastq.gz	SRR18183469	1	stringent	K11180	amended_target	1
SRR18183469_1.fastq.gz	SRR18183469	1	stringent	K11181	amended_target	1
SRR18183469_1.fastq.gz	SRR18183469	1	stringent	K11935	amended_target	2
SRR18183469_1.fastq.gz	SRR18183469	1	stringent	K17222	amended_target	13
SRR18183469_1.fastq.gz	SRR18183469	1	stringent	K17223	amended_target	10
SRR18183469_1.fastq.gz	SRR18183469	1	stringent	K17224	amended_target	14
SRR18183469_1.fastq.gz	SRR18183469	1	stringent	K17225	amended_target	34
SRR18183469_1.fastq.gz	SRR18183469	1	stringent	K17229	amended_target	28
SRR18183469_1.fastq.gz	SRR18183469	1	stringent	K20543	amended_target	0
SRR18183469_2.fastq.gz	SRR18183469	2	broad	K00066	amended_target	67
SRR18183469_2.fastq.gz	SRR18183469	2	broad	K00130	amended_target	85
SRR18183469_2.fastq.gz	SRR18183469	2	broad	K00383	amended_target	50
SRR18183469_2.fastq.gz	SRR18183469	2	broad	K00384	amended_target	356
SRR18183469_2.fastq.gz	SRR18183469	2	broad	K00436	amended_target	0
SRR18183469_2.fastq.gz	SRR18183469	2	broad	K00437	amended_target	0
SRR18183469_2.fastq.gz	SRR18183469	2	broad	K00440	amended_target	0
SRR18183469_2.fastq.gz	SRR18183469	2	broad	K00441	amended_target	12
SRR18183469_2.fastq.gz	SRR18183469	2	broad	K00609	normalization_marker	299
SRR18183469_2.fastq.gz	SRR18183469	2	broad	K00694	amended_target	9
SRR18183469_2.fastq.gz	SRR18183469	2	broad	K00697	amended_target	337
SRR18183469_2.fastq.gz	SRR18183469	2	broad	K00764	normalization_marker	522
SRR18183469_2.fastq.gz	SRR18183469	2	broad	K00800	normalization_marker	378
SRR18183469_2.fastq.gz	SRR18183469	2	broad	K00940	normalization_marker	154
SRR18183469_2.fastq.gz	SRR18183469	2	broad	K01087	amended_target	85
SRR18183469_2.fastq.gz	SRR18183469	2	broad	K01139	amended_target	328
SRR18183469_2.fastq.gz	SRR18183469	2	broad	K01546	amended_target	93
SRR18183469_2.fastq.gz	SRR18183469	2	broad	K01547	amended_target	85
SRR18183469_2.fastq.gz	SRR18183469	2	broad	K01548	amended_target	22
SRR18183469_2.fastq.gz	SRR18183469	2	broad	K01601	amended_target	72
SRR18183469_2.fastq.gz	SRR18183469	2	broad	K01602	amended_target	16
SRR18183469_2.fastq.gz	SRR18183469	2	broad	K01669	amended_target	3
SRR18183469_2.fastq.gz	SRR18183469	2	broad	K01866	normalization_marker	497
SRR18183469_2.fastq.gz	SRR18183469	2	broad	K01870	normalization_marker	729
SRR18183469_2.fastq.gz	SRR18183469	2	broad	K01873	normalization_marker	683
SRR18183469_2.fastq.gz	SRR18183469	2	broad	K01875	normalization_marker	454
SRR18183469_2.fastq.gz	SRR18183469	2	broad	K01889	normalization_marker	351
SRR18183469_2.fastq.gz	SRR18183469	2	broad	K01890	normalization_marker	705
SRR18183469_2.fastq.gz	SRR18183469	2	broad	K01892	normalization_marker	318
SRR18183469_2.fastq.gz	SRR18183469	2	broad	K01933	normalization_marker	348
SRR18183469_2.fastq.gz	SRR18183469	2	broad	K02000	amended_target	29
SRR18183469_2.fastq.gz	SRR18183469	2	broad	K02001	amended_target	50
SRR18183469_2.fastq.gz	SRR18183469	2	broad	K02002	amended_target	25
SRR18183469_2.fastq.gz	SRR18183469	2	broad	K02600	normalization_marker	436
SRR18183469_2.fastq.gz	SRR18183469	2	broad	K02863	normalization_marker	245
SRR18183469_2.fastq.gz	SRR18183469	2	broad	K02867	normalization_marker	158
SRR18183469_2.fastq.gz	SRR18183469	2	broad	K02931	normalization_marker	242
SRR18183469_2.fastq.gz	SRR18183469	2	broad	K02982	normalization_marker	216
SRR18183469_2.fastq.gz	SRR18183469	2	broad	K03106	normalization_marker	374
SRR18183469_2.fastq.gz	SRR18183469	2	broad	K03386	amended_target	35
SRR18183469_2.fastq.gz	SRR18183469	2	broad	K03387	amended_target	7
SRR18183469_2.fastq.gz	SRR18183469	2	broad	K03518	amended_target	89
SRR18183469_2.fastq.gz	SRR18183469	2	broad	K03519	amended_target	145
SRR18183469_2.fastq.gz	SRR18183469	2	broad	K03520	amended_target	305
SRR18183469_2.fastq.gz	SRR18183469	2	broad	K03553	amended_target	357
SRR18183469_2.fastq.gz	SRR18183469	2	broad	K03555	amended_target	382
SRR18183469_2.fastq.gz	SRR18183469	2	broad	K03572	amended_target	258
SRR18183469_2.fastq.gz	SRR18183469	2	broad	K03581	amended_target	201
SRR18183469_2.fastq.gz	SRR18183469	2	broad	K03582	amended_target	149
SRR18183469_2.fastq.gz	SRR18183469	2	broad	K03583	amended_target	160
SRR18183469_2.fastq.gz	SRR18183469	2	broad	K03657	amended_target	856
SRR18183469_2.fastq.gz	SRR18183469	2	broad	K03671	amended_target	325
SRR18183469_2.fastq.gz	SRR18183469	2	broad	K03701	amended_target	1505
SRR18183469_2.fastq.gz	SRR18183469	2	broad	K03702	amended_target	740
SRR18183469_2.fastq.gz	SRR18183469	2	broad	K03703	amended_target	570
SRR18183469_2.fastq.gz	SRR18183469	2	broad	K03704	amended_target	238
SRR18183469_2.fastq.gz	SRR18183469	2	broad	K03781	amended_target	90
SRR18183469_2.fastq.gz	SRR18183469	2	broad	K03782	amended_target	149
SRR18183469_2.fastq.gz	SRR18183469	2	broad	K04047	amended_target	65
SRR18183469_2.fastq.gz	SRR18183469	2	broad	K04564	amended_target	234
SRR18183469_2.fastq.gz	SRR18183469	2	broad	K04565	amended_target	87
SRR18183469_2.fastq.gz	SRR18183469	2	broad	K04641	amended_target	0
SRR18183469_2.fastq.gz	SRR18183469	2	broad	K04642	amended_target	0
SRR18183469_2.fastq.gz	SRR18183469	2	broad	K05343	amended_target	346
SRR18183469_2.fastq.gz	SRR18183469	2	broad	K05592	amended_target	91
SRR18183469_2.fastq.gz	SRR18183469	2	broad	K05896	normalization_marker	234
SRR18183469_2.fastq.gz	SRR18183469	2	broad	K06381	amended_target	107
SRR18183469_2.fastq.gz	SRR18183469	2	broad	K06390	amended_target	0
SRR18183469_2.fastq.gz	SRR18183469	2	broad	K06718	amended_target	1
SRR18183469_2.fastq.gz	SRR18183469	2	broad	K06720	amended_target	3
SRR18183469_2.fastq.gz	SRR18183469	2	broad	K07646	amended_target	178
SRR18183469_2.fastq.gz	SRR18183469	2	broad	K07667	amended_target	90
SRR18183469_2.fastq.gz	SRR18183469	2	broad	K07699	amended_target	0
SRR18183469_2.fastq.gz	SRR18183469	2	broad	K09903	normalization_marker	256
SRR18183469_2.fastq.gz	SRR18183469	2	broad	K10255	amended_target	92
SRR18183469_2.fastq.gz	SRR18183469	2	broad	K10674	amended_target	6
SRR18183469_2.fastq.gz	SRR18183469	2	broad	K11180	amended_target	1
SRR18183469_2.fastq.gz	SRR18183469	2	broad	K11181	amended_target	1
SRR18183469_2.fastq.gz	SRR18183469	2	broad	K11935	amended_target	25
SRR18183469_2.fastq.gz	SRR18183469	2	broad	K17222	amended_target	13
SRR18183469_2.fastq.gz	SRR18183469	2	broad	K17223	amended_target	14
SRR18183469_2.fastq.gz	SRR18183469	2	broad	K17224	amended_target	15
SRR18183469_2.fastq.gz	SRR18183469	2	broad	K17225	amended_target	32
SRR18183469_2.fastq.gz	SRR18183469	2	broad	K17229	amended_target	33
SRR18183469_2.fastq.gz	SRR18183469	2	broad	K20543	amended_target	1
SRR18183469_2.fastq.gz	SRR18183469	2	primary	K00066	amended_target	64
SRR18183469_2.fastq.gz	SRR18183469	2	primary	K00130	amended_target	75
SRR18183469_2.fastq.gz	SRR18183469	2	primary	K00383	amended_target	43
SRR18183469_2.fastq.gz	SRR18183469	2	primary	K00384	amended_target	327
SRR18183469_2.fastq.gz	SRR18183469	2	primary	K00436	amended_target	0
SRR18183469_2.fastq.gz	SRR18183469	2	primary	K00437	amended_target	0
SRR18183469_2.fastq.gz	SRR18183469	2	primary	K00440	amended_target	0
SRR18183469_2.fastq.gz	SRR18183469	2	primary	K00441	amended_target	11
SRR18183469_2.fastq.gz	SRR18183469	2	primary	K00609	normalization_marker	280
SRR18183469_2.fastq.gz	SRR18183469	2	primary	K00694	amended_target	9
SRR18183469_2.fastq.gz	SRR18183469	2	primary	K00697	amended_target	310
SRR18183469_2.fastq.gz	SRR18183469	2	primary	K00764	normalization_marker	488
SRR18183469_2.fastq.gz	SRR18183469	2	primary	K00800	normalization_marker	350
SRR18183469_2.fastq.gz	SRR18183469	2	primary	K00940	normalization_marker	128
SRR18183469_2.fastq.gz	SRR18183469	2	primary	K01087	amended_target	74
SRR18183469_2.fastq.gz	SRR18183469	2	primary	K01139	amended_target	309
SRR18183469_2.fastq.gz	SRR18183469	2	primary	K01546	amended_target	86
SRR18183469_2.fastq.gz	SRR18183469	2	primary	K01547	amended_target	80
SRR18183469_2.fastq.gz	SRR18183469	2	primary	K01548	amended_target	18
SRR18183469_2.fastq.gz	SRR18183469	2	primary	K01601	amended_target	64
SRR18183469_2.fastq.gz	SRR18183469	2	primary	K01602	amended_target	15
SRR18183469_2.fastq.gz	SRR18183469	2	primary	K01669	amended_target	3
SRR18183469_2.fastq.gz	SRR18183469	2	primary	K01866	normalization_marker	459
SRR18183469_2.fastq.gz	SRR18183469	2	primary	K01870	normalization_marker	703
SRR18183469_2.fastq.gz	SRR18183469	2	primary	K01873	normalization_marker	654
SRR18183469_2.fastq.gz	SRR18183469	2	primary	K01875	normalization_marker	429
SRR18183469_2.fastq.gz	SRR18183469	2	primary	K01889	normalization_marker	321
SRR18183469_2.fastq.gz	SRR18183469	2	primary	K01890	normalization_marker	659
SRR18183469_2.fastq.gz	SRR18183469	2	primary	K01892	normalization_marker	294
SRR18183469_2.fastq.gz	SRR18183469	2	primary	K01933	normalization_marker	318
SRR18183469_2.fastq.gz	SRR18183469	2	primary	K02000	amended_target	28
SRR18183469_2.fastq.gz	SRR18183469	2	primary	K02001	amended_target	49
SRR18183469_2.fastq.gz	SRR18183469	2	primary	K02002	amended_target	19
SRR18183469_2.fastq.gz	SRR18183469	2	primary	K02600	normalization_marker	415
SRR18183469_2.fastq.gz	SRR18183469	2	primary	K02863	normalization_marker	217
SRR18183469_2.fastq.gz	SRR18183469	2	primary	K02867	normalization_marker	141
SRR18183469_2.fastq.gz	SRR18183469	2	primary	K02931	normalization_marker	200
SRR18183469_2.fastq.gz	SRR18183469	2	primary	K02982	normalization_marker	196
SRR18183469_2.fastq.gz	SRR18183469	2	primary	K03106	normalization_marker	363
SRR18183469_2.fastq.gz	SRR18183469	2	primary	K03386	amended_target	31
SRR18183469_2.fastq.gz	SRR18183469	2	primary	K03387	amended_target	7
SRR18183469_2.fastq.gz	SRR18183469	2	primary	K03518	amended_target	69
SRR18183469_2.fastq.gz	SRR18183469	2	primary	K03519	amended_target	133
SRR18183469_2.fastq.gz	SRR18183469	2	primary	K03520	amended_target	283
SRR18183469_2.fastq.gz	SRR18183469	2	primary	K03553	amended_target	328
SRR18183469_2.fastq.gz	SRR18183469	2	primary	K03555	amended_target	362
SRR18183469_2.fastq.gz	SRR18183469	2	primary	K03572	amended_target	236
SRR18183469_2.fastq.gz	SRR18183469	2	primary	K03581	amended_target	183
SRR18183469_2.fastq.gz	SRR18183469	2	primary	K03582	amended_target	129
SRR18183469_2.fastq.gz	SRR18183469	2	primary	K03583	amended_target	134
SRR18183469_2.fastq.gz	SRR18183469	2	primary	K03657	amended_target	802
SRR18183469_2.fastq.gz	SRR18183469	2	primary	K03671	amended_target	251
SRR18183469_2.fastq.gz	SRR18183469	2	primary	K03701	amended_target	1437
SRR18183469_2.fastq.gz	SRR18183469	2	primary	K03702	amended_target	713
SRR18183469_2.fastq.gz	SRR18183469	2	primary	K03703	amended_target	535
SRR18183469_2.fastq.gz	SRR18183469	2	primary	K03704	amended_target	154
SRR18183469_2.fastq.gz	SRR18183469	2	primary	K03781	amended_target	87
SRR18183469_2.fastq.gz	SRR18183469	2	primary	K03782	amended_target	144
SRR18183469_2.fastq.gz	SRR18183469	2	primary	K04047	amended_target	56
SRR18183469_2.fastq.gz	SRR18183469	2	primary	K04564	amended_target	207
SRR18183469_2.fastq.gz	SRR18183469	2	primary	K04565	amended_target	71
SRR18183469_2.fastq.gz	SRR18183469	2	primary	K04641	amended_target	0
SRR18183469_2.fastq.gz	SRR18183469	2	primary	K04642	amended_target	0
SRR18183469_2.fastq.gz	SRR18183469	2	primary	K05343	amended_target	330
SRR18183469_2.fastq.gz	SRR18183469	2	primary	K05592	amended_target	87
SRR18183469_2.fastq.gz	SRR18183469	2	primary	K05896	normalization_marker	200
SRR18183469_2.fastq.gz	SRR18183469	2	primary	K06381	amended_target	95
SRR18183469_2.fastq.gz	SRR18183469	2	primary	K06390	amended_target	0
SRR18183469_2.fastq.gz	SRR18183469	2	primary	K06718	amended_target	1
SRR18183469_2.fastq.gz	SRR18183469	2	primary	K06720	amended_target	2
SRR18183469_2.fastq.gz	SRR18183469	2	primary	K07646	amended_target	151
SRR18183469_2.fastq.gz	SRR18183469	2	primary	K07667	amended_target	76
SRR18183469_2.fastq.gz	SRR18183469	2	primary	K07699	amended_target	0
SRR18183469_2.fastq.gz	SRR18183469	2	primary	K09903	normalization_marker	222
SRR18183469_2.fastq.gz	SRR18183469	2	primary	K10255	amended_target	85
SRR18183469_2.fastq.gz	SRR18183469	2	primary	K10674	amended_target	6
SRR18183469_2.fastq.gz	SRR18183469	2	primary	K11180	amended_target	1
SRR18183469_2.fastq.gz	SRR18183469	2	primary	K11181	amended_target	1
SRR18183469_2.fastq.gz	SRR18183469	2	primary	K11935	amended_target	8
SRR18183469_2.fastq.gz	SRR18183469	2	primary	K17222	amended_target	13
SRR18183469_2.fastq.gz	SRR18183469	2	primary	K17223	amended_target	13
SRR18183469_2.fastq.gz	SRR18183469	2	primary	K17224	amended_target	15
SRR18183469_2.fastq.gz	SRR18183469	2	primary	K17225	amended_target	32
SRR18183469_2.fastq.gz	SRR18183469	2	primary	K17229	amended_target	33
SRR18183469_2.fastq.gz	SRR18183469	2	primary	K20543	amended_target	0
SRR18183469_2.fastq.gz	SRR18183469	2	stringent	K00066	amended_target	53
SRR18183469_2.fastq.gz	SRR18183469	2	stringent	K00130	amended_target	70
SRR18183469_2.fastq.gz	SRR18183469	2	stringent	K00383	amended_target	38
SRR18183469_2.fastq.gz	SRR18183469	2	stringent	K00384	amended_target	295
SRR18183469_2.fastq.gz	SRR18183469	2	stringent	K00436	amended_target	0
SRR18183469_2.fastq.gz	SRR18183469	2	stringent	K00437	amended_target	0
SRR18183469_2.fastq.gz	SRR18183469	2	stringent	K00440	amended_target	0
SRR18183469_2.fastq.gz	SRR18183469	2	stringent	K00441	amended_target	10
SRR18183469_2.fastq.gz	SRR18183469	2	stringent	K00609	normalization_marker	252
SRR18183469_2.fastq.gz	SRR18183469	2	stringent	K00694	amended_target	6
SRR18183469_2.fastq.gz	SRR18183469	2	stringent	K00697	amended_target	269
SRR18183469_2.fastq.gz	SRR18183469	2	stringent	K00764	normalization_marker	451
SRR18183469_2.fastq.gz	SRR18183469	2	stringent	K00800	normalization_marker	300
SRR18183469_2.fastq.gz	SRR18183469	2	stringent	K00940	normalization_marker	102
SRR18183469_2.fastq.gz	SRR18183469	2	stringent	K01087	amended_target	39
SRR18183469_2.fastq.gz	SRR18183469	2	stringent	K01139	amended_target	288
SRR18183469_2.fastq.gz	SRR18183469	2	stringent	K01546	amended_target	78
SRR18183469_2.fastq.gz	SRR18183469	2	stringent	K01547	amended_target	74
SRR18183469_2.fastq.gz	SRR18183469	2	stringent	K01548	amended_target	15
SRR18183469_2.fastq.gz	SRR18183469	2	stringent	K01601	amended_target	60
SRR18183469_2.fastq.gz	SRR18183469	2	stringent	K01602	amended_target	12
SRR18183469_2.fastq.gz	SRR18183469	2	stringent	K01669	amended_target	3
SRR18183469_2.fastq.gz	SRR18183469	2	stringent	K01866	normalization_marker	391
SRR18183469_2.fastq.gz	SRR18183469	2	stringent	K01870	normalization_marker	632
SRR18183469_2.fastq.gz	SRR18183469	2	stringent	K01873	normalization_marker	589
SRR18183469_2.fastq.gz	SRR18183469	2	stringent	K01875	normalization_marker	393
SRR18183469_2.fastq.gz	SRR18183469	2	stringent	K01889	normalization_marker	269
SRR18183469_2.fastq.gz	SRR18183469	2	stringent	K01890	normalization_marker	541
SRR18183469_2.fastq.gz	SRR18183469	2	stringent	K01892	normalization_marker	252
SRR18183469_2.fastq.gz	SRR18183469	2	stringent	K01933	normalization_marker	274
SRR18183469_2.fastq.gz	SRR18183469	2	stringent	K02000	amended_target	28
SRR18183469_2.fastq.gz	SRR18183469	2	stringent	K02001	amended_target	43
SRR18183469_2.fastq.gz	SRR18183469	2	stringent	K02002	amended_target	17
SRR18183469_2.fastq.gz	SRR18183469	2	stringent	K02600	normalization_marker	367
SRR18183469_2.fastq.gz	SRR18183469	2	stringent	K02863	normalization_marker	194
SRR18183469_2.fastq.gz	SRR18183469	2	stringent	K02867	normalization_marker	122
SRR18183469_2.fastq.gz	SRR18183469	2	stringent	K02931	normalization_marker	176
SRR18183469_2.fastq.gz	SRR18183469	2	stringent	K02982	normalization_marker	171
SRR18183469_2.fastq.gz	SRR18183469	2	stringent	K03106	normalization_marker	342
SRR18183469_2.fastq.gz	SRR18183469	2	stringent	K03386	amended_target	22
SRR18183469_2.fastq.gz	SRR18183469	2	stringent	K03387	amended_target	6
SRR18183469_2.fastq.gz	SRR18183469	2	stringent	K03518	amended_target	57
SRR18183469_2.fastq.gz	SRR18183469	2	stringent	K03519	amended_target	107
SRR18183469_2.fastq.gz	SRR18183469	2	stringent	K03520	amended_target	243
SRR18183469_2.fastq.gz	SRR18183469	2	stringent	K03553	amended_target	296
SRR18183469_2.fastq.gz	SRR18183469	2	stringent	K03555	amended_target	324
SRR18183469_2.fastq.gz	SRR18183469	2	stringent	K03572	amended_target	184
SRR18183469_2.fastq.gz	SRR18183469	2	stringent	K03581	amended_target	164
SRR18183469_2.fastq.gz	SRR18183469	2	stringent	K03582	amended_target	83
SRR18183469_2.fastq.gz	SRR18183469	2	stringent	K03583	amended_target	69
SRR18183469_2.fastq.gz	SRR18183469	2	stringent	K03657	amended_target	699
SRR18183469_2.fastq.gz	SRR18183469	2	stringent	K03671	amended_target	175
SRR18183469_2.fastq.gz	SRR18183469	2	stringent	K03701	amended_target	1346
SRR18183469_2.fastq.gz	SRR18183469	2	stringent	K03702	amended_target	665
SRR18183469_2.fastq.gz	SRR18183469	2	stringent	K03703	amended_target	465
SRR18183469_2.fastq.gz	SRR18183469	2	stringent	K03704	amended_target	30
SRR18183469_2.fastq.gz	SRR18183469	2	stringent	K03781	amended_target	76
SRR18183469_2.fastq.gz	SRR18183469	2	stringent	K03782	amended_target	134
SRR18183469_2.fastq.gz	SRR18183469	2	stringent	K04047	amended_target	47
SRR18183469_2.fastq.gz	SRR18183469	2	stringent	K04564	amended_target	165
SRR18183469_2.fastq.gz	SRR18183469	2	stringent	K04565	amended_target	52
SRR18183469_2.fastq.gz	SRR18183469	2	stringent	K04641	amended_target	0
SRR18183469_2.fastq.gz	SRR18183469	2	stringent	K04642	amended_target	0
SRR18183469_2.fastq.gz	SRR18183469	2	stringent	K05343	amended_target	277
SRR18183469_2.fastq.gz	SRR18183469	2	stringent	K05592	amended_target	77
SRR18183469_2.fastq.gz	SRR18183469	2	stringent	K05896	normalization_marker	170
SRR18183469_2.fastq.gz	SRR18183469	2	stringent	K06381	amended_target	60
SRR18183469_2.fastq.gz	SRR18183469	2	stringent	K06390	amended_target	0
SRR18183469_2.fastq.gz	SRR18183469	2	stringent	K06718	amended_target	1
SRR18183469_2.fastq.gz	SRR18183469	2	stringent	K06720	amended_target	2
SRR18183469_2.fastq.gz	SRR18183469	2	stringent	K07646	amended_target	118
SRR18183469_2.fastq.gz	SRR18183469	2	stringent	K07667	amended_target	60
SRR18183469_2.fastq.gz	SRR18183469	2	stringent	K07699	amended_target	0
SRR18183469_2.fastq.gz	SRR18183469	2	stringent	K09903	normalization_marker	194
SRR18183469_2.fastq.gz	SRR18183469	2	stringent	K10255	amended_target	66
SRR18183469_2.fastq.gz	SRR18183469	2	stringent	K10674	amended_target	4
SRR18183469_2.fastq.gz	SRR18183469	2	stringent	K11180	amended_target	1
SRR18183469_2.fastq.gz	SRR18183469	2	stringent	K11181	amended_target	1
SRR18183469_2.fastq.gz	SRR18183469	2	stringent	K11935	amended_target	3
SRR18183469_2.fastq.gz	SRR18183469	2	stringent	K17222	amended_target	12
SRR18183469_2.fastq.gz	SRR18183469	2	stringent	K17223	amended_target	11
SRR18183469_2.fastq.gz	SRR18183469	2	stringent	K17224	amended_target	15
SRR18183469_2.fastq.gz	SRR18183469	2	stringent	K17225	amended_target	31
SRR18183469_2.fastq.gz	SRR18183469	2	stringent	K17229	amended_target	30
SRR18183469_2.fastq.gz	SRR18183469	2	stringent	K20543	amended_target	0
SRR18183470_1.fastq.gz	SRR18183470	1	broad	K00066	amended_target	180
SRR18183470_1.fastq.gz	SRR18183470	1	broad	K00130	amended_target	184
SRR18183470_1.fastq.gz	SRR18183470	1	broad	K00383	amended_target	103
SRR18183470_1.fastq.gz	SRR18183470	1	broad	K00384	amended_target	736
SRR18183470_1.fastq.gz	SRR18183470	1	broad	K00436	amended_target	0
SRR18183470_1.fastq.gz	SRR18183470	1	broad	K00437	amended_target	0
SRR18183470_1.fastq.gz	SRR18183470	1	broad	K00440	amended_target	0
SRR18183470_1.fastq.gz	SRR18183470	1	broad	K00441	amended_target	121
SRR18183470_1.fastq.gz	SRR18183470	1	broad	K00609	normalization_marker	565
SRR18183470_1.fastq.gz	SRR18183470	1	broad	K00694	amended_target	1
SRR18183470_1.fastq.gz	SRR18183470	1	broad	K00697	amended_target	411
SRR18183470_1.fastq.gz	SRR18183470	1	broad	K00764	normalization_marker	923
SRR18183470_1.fastq.gz	SRR18183470	1	broad	K00800	normalization_marker	598
SRR18183470_1.fastq.gz	SRR18183470	1	broad	K00940	normalization_marker	312
SRR18183470_1.fastq.gz	SRR18183470	1	broad	K01087	amended_target	290
SRR18183470_1.fastq.gz	SRR18183470	1	broad	K01139	amended_target	993
SRR18183470_1.fastq.gz	SRR18183470	1	broad	K01546	amended_target	59
SRR18183470_1.fastq.gz	SRR18183470	1	broad	K01547	amended_target	62
SRR18183470_1.fastq.gz	SRR18183470	1	broad	K01548	amended_target	27
SRR18183470_1.fastq.gz	SRR18183470	1	broad	K01601	amended_target	422
SRR18183470_1.fastq.gz	SRR18183470	1	broad	K01602	amended_target	100
SRR18183470_1.fastq.gz	SRR18183470	1	broad	K01669	amended_target	277
SRR18183470_1.fastq.gz	SRR18183470	1	broad	K01866	normalization_marker	741
SRR18183470_1.fastq.gz	SRR18183470	1	broad	K01870	normalization_marker	1663
SRR18183470_1.fastq.gz	SRR18183470	1	broad	K01873	normalization_marker	1504
SRR18183470_1.fastq.gz	SRR18183470	1	broad	K01875	normalization_marker	887
SRR18183470_1.fastq.gz	SRR18183470	1	broad	K01889	normalization_marker	636
SRR18183470_1.fastq.gz	SRR18183470	1	broad	K01890	normalization_marker	1297
SRR18183470_1.fastq.gz	SRR18183470	1	broad	K01892	normalization_marker	765
SRR18183470_1.fastq.gz	SRR18183470	1	broad	K01933	normalization_marker	523
SRR18183470_1.fastq.gz	SRR18183470	1	broad	K02000	amended_target	128
SRR18183470_1.fastq.gz	SRR18183470	1	broad	K02001	amended_target	82
SRR18183470_1.fastq.gz	SRR18183470	1	broad	K02002	amended_target	295
SRR18183470_1.fastq.gz	SRR18183470	1	broad	K02600	normalization_marker	841
SRR18183470_1.fastq.gz	SRR18183470	1	broad	K02863	normalization_marker	459
SRR18183470_1.fastq.gz	SRR18183470	1	broad	K02867	normalization_marker	300
SRR18183470_1.fastq.gz	SRR18183470	1	broad	K02931	normalization_marker	394
SRR18183470_1.fastq.gz	SRR18183470	1	broad	K02982	normalization_marker	473
SRR18183470_1.fastq.gz	SRR18183470	1	broad	K03106	normalization_marker	830
SRR18183470_1.fastq.gz	SRR18183470	1	broad	K03386	amended_target	27
SRR18183470_1.fastq.gz	SRR18183470	1	broad	K03387	amended_target	1
SRR18183470_1.fastq.gz	SRR18183470	1	broad	K03518	amended_target	606
SRR18183470_1.fastq.gz	SRR18183470	1	broad	K03519	amended_target	783
SRR18183470_1.fastq.gz	SRR18183470	1	broad	K03520	amended_target	1613
SRR18183470_1.fastq.gz	SRR18183470	1	broad	K03553	amended_target	1134
SRR18183470_1.fastq.gz	SRR18183470	1	broad	K03555	amended_target	578
SRR18183470_1.fastq.gz	SRR18183470	1	broad	K03572	amended_target	568
SRR18183470_1.fastq.gz	SRR18183470	1	broad	K03581	amended_target	237
SRR18183470_1.fastq.gz	SRR18183470	1	broad	K03582	amended_target	263
SRR18183470_1.fastq.gz	SRR18183470	1	broad	K03583	amended_target	275
SRR18183470_1.fastq.gz	SRR18183470	1	broad	K03657	amended_target	2749
SRR18183470_1.fastq.gz	SRR18183470	1	broad	K03671	amended_target	538
SRR18183470_1.fastq.gz	SRR18183470	1	broad	K03701	amended_target	2927
SRR18183470_1.fastq.gz	SRR18183470	1	broad	K03702	amended_target	1359
SRR18183470_1.fastq.gz	SRR18183470	1	broad	K03703	amended_target	1337
SRR18183470_1.fastq.gz	SRR18183470	1	broad	K03704	amended_target	643
SRR18183470_1.fastq.gz	SRR18183470	1	broad	K03781	amended_target	1567
SRR18183470_1.fastq.gz	SRR18183470	1	broad	K03782	amended_target	316
SRR18183470_1.fastq.gz	SRR18183470	1	broad	K04047	amended_target	141
SRR18183470_1.fastq.gz	SRR18183470	1	broad	K04564	amended_target	575
SRR18183470_1.fastq.gz	SRR18183470	1	broad	K04565	amended_target	256
SRR18183470_1.fastq.gz	SRR18183470	1	broad	K04641	amended_target	0
SRR18183470_1.fastq.gz	SRR18183470	1	broad	K04642	amended_target	0
SRR18183470_1.fastq.gz	SRR18183470	1	broad	K05343	amended_target	1141
SRR18183470_1.fastq.gz	SRR18183470	1	broad	K05592	amended_target	403
SRR18183470_1.fastq.gz	SRR18183470	1	broad	K05896	normalization_marker	443
SRR18183470_1.fastq.gz	SRR18183470	1	broad	K06381	amended_target	243
SRR18183470_1.fastq.gz	SRR18183470	1	broad	K06390	amended_target	0
SRR18183470_1.fastq.gz	SRR18183470	1	broad	K06718	amended_target	91
SRR18183470_1.fastq.gz	SRR18183470	1	broad	K06720	amended_target	84
SRR18183470_1.fastq.gz	SRR18183470	1	broad	K07646	amended_target	148
SRR18183470_1.fastq.gz	SRR18183470	1	broad	K07667	amended_target	65
SRR18183470_1.fastq.gz	SRR18183470	1	broad	K07699	amended_target	0
SRR18183470_1.fastq.gz	SRR18183470	1	broad	K09903	normalization_marker	565
SRR18183470_1.fastq.gz	SRR18183470	1	broad	K10255	amended_target	75
SRR18183470_1.fastq.gz	SRR18183470	1	broad	K10674	amended_target	58
SRR18183470_1.fastq.gz	SRR18183470	1	broad	K11180	amended_target	0
SRR18183470_1.fastq.gz	SRR18183470	1	broad	K11181	amended_target	0
SRR18183470_1.fastq.gz	SRR18183470	1	broad	K11935	amended_target	4
SRR18183470_1.fastq.gz	SRR18183470	1	broad	K17222	amended_target	18
SRR18183470_1.fastq.gz	SRR18183470	1	broad	K17223	amended_target	10
SRR18183470_1.fastq.gz	SRR18183470	1	broad	K17224	amended_target	27
SRR18183470_1.fastq.gz	SRR18183470	1	broad	K17225	amended_target	33
SRR18183470_1.fastq.gz	SRR18183470	1	broad	K17229	amended_target	36
SRR18183470_1.fastq.gz	SRR18183470	1	broad	K20543	amended_target	1
SRR18183470_1.fastq.gz	SRR18183470	1	primary	K00066	amended_target	169
SRR18183470_1.fastq.gz	SRR18183470	1	primary	K00130	amended_target	176
SRR18183470_1.fastq.gz	SRR18183470	1	primary	K00383	amended_target	101
SRR18183470_1.fastq.gz	SRR18183470	1	primary	K00384	amended_target	671
SRR18183470_1.fastq.gz	SRR18183470	1	primary	K00436	amended_target	0
SRR18183470_1.fastq.gz	SRR18183470	1	primary	K00437	amended_target	0
SRR18183470_1.fastq.gz	SRR18183470	1	primary	K00440	amended_target	0
SRR18183470_1.fastq.gz	SRR18183470	1	primary	K00441	amended_target	113
SRR18183470_1.fastq.gz	SRR18183470	1	primary	K00609	normalization_marker	533
SRR18183470_1.fastq.gz	SRR18183470	1	primary	K00694	amended_target	1
SRR18183470_1.fastq.gz	SRR18183470	1	primary	K00697	amended_target	384
SRR18183470_1.fastq.gz	SRR18183470	1	primary	K00764	normalization_marker	885
SRR18183470_1.fastq.gz	SRR18183470	1	primary	K00800	normalization_marker	566
SRR18183470_1.fastq.gz	SRR18183470	1	primary	K00940	normalization_marker	260
SRR18183470_1.fastq.gz	SRR18183470	1	primary	K01087	amended_target	257
SRR18183470_1.fastq.gz	SRR18183470	1	primary	K01139	amended_target	969
SRR18183470_1.fastq.gz	SRR18183470	1	primary	K01546	amended_target	50
SRR18183470_1.fastq.gz	SRR18183470	1	primary	K01547	amended_target	59
SRR18183470_1.fastq.gz	SRR18183470	1	primary	K01548	amended_target	19
SRR18183470_1.fastq.gz	SRR18183470	1	primary	K01601	amended_target	404
SRR18183470_1.fastq.gz	SRR18183470	1	primary	K01602	amended_target	82
SRR18183470_1.fastq.gz	SRR18183470	1	primary	K01669	amended_target	253
SRR18183470_1.fastq.gz	SRR18183470	1	primary	K01866	normalization_marker	692
SRR18183470_1.fastq.gz	SRR18183470	1	primary	K01870	normalization_marker	1611
SRR18183470_1.fastq.gz	SRR18183470	1	primary	K01873	normalization_marker	1451
SRR18183470_1.fastq.gz	SRR18183470	1	primary	K01875	normalization_marker	838
SRR18183470_1.fastq.gz	SRR18183470	1	primary	K01889	normalization_marker	590
SRR18183470_1.fastq.gz	SRR18183470	1	primary	K01890	normalization_marker	1255
SRR18183470_1.fastq.gz	SRR18183470	1	primary	K01892	normalization_marker	713
SRR18183470_1.fastq.gz	SRR18183470	1	primary	K01933	normalization_marker	498
SRR18183470_1.fastq.gz	SRR18183470	1	primary	K02000	amended_target	123
SRR18183470_1.fastq.gz	SRR18183470	1	primary	K02001	amended_target	74
SRR18183470_1.fastq.gz	SRR18183470	1	primary	K02002	amended_target	281
SRR18183470_1.fastq.gz	SRR18183470	1	primary	K02600	normalization_marker	796
SRR18183470_1.fastq.gz	SRR18183470	1	primary	K02863	normalization_marker	416
SRR18183470_1.fastq.gz	SRR18183470	1	primary	K02867	normalization_marker	264
SRR18183470_1.fastq.gz	SRR18183470	1	primary	K02931	normalization_marker	356
SRR18183470_1.fastq.gz	SRR18183470	1	primary	K02982	normalization_marker	426
SRR18183470_1.fastq.gz	SRR18183470	1	primary	K03106	normalization_marker	800
SRR18183470_1.fastq.gz	SRR18183470	1	primary	K03386	amended_target	22
SRR18183470_1.fastq.gz	SRR18183470	1	primary	K03387	amended_target	1
SRR18183470_1.fastq.gz	SRR18183470	1	primary	K03518	amended_target	522
SRR18183470_1.fastq.gz	SRR18183470	1	primary	K03519	amended_target	696
SRR18183470_1.fastq.gz	SRR18183470	1	primary	K03520	amended_target	1534
SRR18183470_1.fastq.gz	SRR18183470	1	primary	K03553	amended_target	1079
SRR18183470_1.fastq.gz	SRR18183470	1	primary	K03555	amended_target	557
SRR18183470_1.fastq.gz	SRR18183470	1	primary	K03572	amended_target	548
SRR18183470_1.fastq.gz	SRR18183470	1	primary	K03581	amended_target	222
SRR18183470_1.fastq.gz	SRR18183470	1	primary	K03582	amended_target	241
SRR18183470_1.fastq.gz	SRR18183470	1	primary	K03583	amended_target	261
SRR18183470_1.fastq.gz	SRR18183470	1	primary	K03657	amended_target	2630
SRR18183470_1.fastq.gz	SRR18183470	1	primary	K03671	amended_target	459
SRR18183470_1.fastq.gz	SRR18183470	1	primary	K03701	amended_target	2838
SRR18183470_1.fastq.gz	SRR18183470	1	primary	K03702	amended_target	1312
SRR18183470_1.fastq.gz	SRR18183470	1	primary	K03703	amended_target	1288
SRR18183470_1.fastq.gz	SRR18183470	1	primary	K03704	amended_target	445
SRR18183470_1.fastq.gz	SRR18183470	1	primary	K03781	amended_target	1493
SRR18183470_1.fastq.gz	SRR18183470	1	primary	K03782	amended_target	308
SRR18183470_1.fastq.gz	SRR18183470	1	primary	K04047	amended_target	125
SRR18183470_1.fastq.gz	SRR18183470	1	primary	K04564	amended_target	480
SRR18183470_1.fastq.gz	SRR18183470	1	primary	K04565	amended_target	236
SRR18183470_1.fastq.gz	SRR18183470	1	primary	K04641	amended_target	0
SRR18183470_1.fastq.gz	SRR18183470	1	primary	K04642	amended_target	0
SRR18183470_1.fastq.gz	SRR18183470	1	primary	K05343	amended_target	1105
SRR18183470_1.fastq.gz	SRR18183470	1	primary	K05592	amended_target	379
SRR18183470_1.fastq.gz	SRR18183470	1	primary	K05896	normalization_marker	397
SRR18183470_1.fastq.gz	SRR18183470	1	primary	K06381	amended_target	226
SRR18183470_1.fastq.gz	SRR18183470	1	primary	K06390	amended_target	0
SRR18183470_1.fastq.gz	SRR18183470	1	primary	K06718	amended_target	81
SRR18183470_1.fastq.gz	SRR18183470	1	primary	K06720	amended_target	74
SRR18183470_1.fastq.gz	SRR18183470	1	primary	K07646	amended_target	141
SRR18183470_1.fastq.gz	SRR18183470	1	primary	K07667	amended_target	59
SRR18183470_1.fastq.gz	SRR18183470	1	primary	K07699	amended_target	0
SRR18183470_1.fastq.gz	SRR18183470	1	primary	K09903	normalization_marker	506
SRR18183470_1.fastq.gz	SRR18183470	1	primary	K10255	amended_target	68
SRR18183470_1.fastq.gz	SRR18183470	1	primary	K10674	amended_target	56
SRR18183470_1.fastq.gz	SRR18183470	1	primary	K11180	amended_target	0
SRR18183470_1.fastq.gz	SRR18183470	1	primary	K11181	amended_target	0
SRR18183470_1.fastq.gz	SRR18183470	1	primary	K11935	amended_target	3
SRR18183470_1.fastq.gz	SRR18183470	1	primary	K17222	amended_target	16
SRR18183470_1.fastq.gz	SRR18183470	1	primary	K17223	amended_target	9
SRR18183470_1.fastq.gz	SRR18183470	1	primary	K17224	amended_target	25
SRR18183470_1.fastq.gz	SRR18183470	1	primary	K17225	amended_target	33
SRR18183470_1.fastq.gz	SRR18183470	1	primary	K17229	amended_target	36
SRR18183470_1.fastq.gz	SRR18183470	1	primary	K20543	amended_target	1
SRR18183470_1.fastq.gz	SRR18183470	1	stringent	K00066	amended_target	155
SRR18183470_1.fastq.gz	SRR18183470	1	stringent	K00130	amended_target	169
SRR18183470_1.fastq.gz	SRR18183470	1	stringent	K00383	amended_target	95
SRR18183470_1.fastq.gz	SRR18183470	1	stringent	K00384	amended_target	616
SRR18183470_1.fastq.gz	SRR18183470	1	stringent	K00436	amended_target	0
SRR18183470_1.fastq.gz	SRR18183470	1	stringent	K00437	amended_target	0
SRR18183470_1.fastq.gz	SRR18183470	1	stringent	K00440	amended_target	0
SRR18183470_1.fastq.gz	SRR18183470	1	stringent	K00441	amended_target	105
SRR18183470_1.fastq.gz	SRR18183470	1	stringent	K00609	normalization_marker	497
SRR18183470_1.fastq.gz	SRR18183470	1	stringent	K00694	amended_target	1
SRR18183470_1.fastq.gz	SRR18183470	1	stringent	K00697	amended_target	362
SRR18183470_1.fastq.gz	SRR18183470	1	stringent	K00764	normalization_marker	843
SRR18183470_1.fastq.gz	SRR18183470	1	stringent	K00800	normalization_marker	521
SRR18183470_1.fastq.gz	SRR18183470	1	stringent	K00940	normalization_marker	219
SRR18183470_1.fastq.gz	SRR18183470	1	stringent	K01087	amended_target	229
SRR18183470_1.fastq.gz	SRR18183470	1	stringent	K01139	amended_target	926
SRR18183470_1.fastq.gz	SRR18183470	1	stringent	K01546	amended_target	49
SRR18183470_1.fastq.gz	SRR18183470	1	stringent	K01547	amended_target	55
SRR18183470_1.fastq.gz	SRR18183470	1	stringent	K01548	amended_target	16
SRR18183470_1.fastq.gz	SRR18183470	1	stringent	K01601	amended_target	382
SRR18183470_1.fastq.gz	SRR18183470	1	stringent	K01602	amended_target	66
SRR18183470_1.fastq.gz	SRR18183470	1	stringent	K01669	amended_target	232
SRR18183470_1.fastq.gz	SRR18183470	1	stringent	K01866	normalization_marker	634
SRR18183470_1.fastq.gz	SRR18183470	1	stringent	K01870	normalization_marker	1532
SRR18183470_1.fastq.gz	SRR18183470	1	stringent	K01873	normalization_marker	1382
SRR18183470_1.fastq.gz	SRR18183470	1	stringent	K01875	normalization_marker	786
SRR18183470_1.fastq.gz	SRR18183470	1	stringent	K01889	normalization_marker	556
SRR18183470_1.fastq.gz	SRR18183470	1	stringent	K01890	normalization_marker	1184
SRR18183470_1.fastq.gz	SRR18183470	1	stringent	K01892	normalization_marker	653
SRR18183470_1.fastq.gz	SRR18183470	1	stringent	K01933	normalization_marker	452
SRR18183470_1.fastq.gz	SRR18183470	1	stringent	K02000	amended_target	115
SRR18183470_1.fastq.gz	SRR18183470	1	stringent	K02001	amended_target	70
SRR18183470_1.fastq.gz	SRR18183470	1	stringent	K02002	amended_target	251
SRR18183470_1.fastq.gz	SRR18183470	1	stringent	K02600	normalization_marker	752
SRR18183470_1.fastq.gz	SRR18183470	1	stringent	K02863	normalization_marker	372
SRR18183470_1.fastq.gz	SRR18183470	1	stringent	K02867	normalization_marker	204
SRR18183470_1.fastq.gz	SRR18183470	1	stringent	K02931	normalization_marker	319
SRR18183470_1.fastq.gz	SRR18183470	1	stringent	K02982	normalization_marker	384
SRR18183470_1.fastq.gz	SRR18183470	1	stringent	K03106	normalization_marker	753
SRR18183470_1.fastq.gz	SRR18183470	1	stringent	K03386	amended_target	20
SRR18183470_1.fastq.gz	SRR18183470	1	stringent	K03387	amended_target	1
SRR18183470_1.fastq.gz	SRR18183470	1	stringent	K03518	amended_target	444
SRR18183470_1.fastq.gz	SRR18183470	1	stringent	K03519	amended_target	615
SRR18183470_1.fastq.gz	SRR18183470	1	stringent	K03520	amended_target	1446
SRR18183470_1.fastq.gz	SRR18183470	1	stringent	K03553	amended_target	1019
SRR18183470_1.fastq.gz	SRR18183470	1	stringent	K03555	amended_target	531
SRR18183470_1.fastq.gz	SRR18183470	1	stringent	K03572	amended_target	502
SRR18183470_1.fastq.gz	SRR18183470	1	stringent	K03581	amended_target	195
SRR18183470_1.fastq.gz	SRR18183470	1	stringent	K03582	amended_target	216
SRR18183470_1.fastq.gz	SRR18183470	1	stringent	K03583	amended_target	226
SRR18183470_1.fastq.gz	SRR18183470	1	stringent	K03657	amended_target	2447
SRR18183470_1.fastq.gz	SRR18183470	1	stringent	K03671	amended_target	391
SRR18183470_1.fastq.gz	SRR18183470	1	stringent	K03701	amended_target	2752
SRR18183470_1.fastq.gz	SRR18183470	1	stringent	K03702	amended_target	1269
SRR18183470_1.fastq.gz	SRR18183470	1	stringent	K03703	amended_target	1226
SRR18183470_1.fastq.gz	SRR18183470	1	stringent	K03704	amended_target	199
SRR18183470_1.fastq.gz	SRR18183470	1	stringent	K03781	amended_target	1422
SRR18183470_1.fastq.gz	SRR18183470	1	stringent	K03782	amended_target	296
SRR18183470_1.fastq.gz	SRR18183470	1	stringent	K04047	amended_target	108
SRR18183470_1.fastq.gz	SRR18183470	1	stringent	K04564	amended_target	411
SRR18183470_1.fastq.gz	SRR18183470	1	stringent	K04565	amended_target	198
SRR18183470_1.fastq.gz	SRR18183470	1	stringent	K04641	amended_target	0
SRR18183470_1.fastq.gz	SRR18183470	1	stringent	K04642	amended_target	0
SRR18183470_1.fastq.gz	SRR18183470	1	stringent	K05343	amended_target	1046
SRR18183470_1.fastq.gz	SRR18183470	1	stringent	K05592	amended_target	350
SRR18183470_1.fastq.gz	SRR18183470	1	stringent	K05896	normalization_marker	358
SRR18183470_1.fastq.gz	SRR18183470	1	stringent	K06381	amended_target	173
SRR18183470_1.fastq.gz	SRR18183470	1	stringent	K06390	amended_target	0
SRR18183470_1.fastq.gz	SRR18183470	1	stringent	K06718	amended_target	67
SRR18183470_1.fastq.gz	SRR18183470	1	stringent	K06720	amended_target	59
SRR18183470_1.fastq.gz	SRR18183470	1	stringent	K07646	amended_target	118
SRR18183470_1.fastq.gz	SRR18183470	1	stringent	K07667	amended_target	46
SRR18183470_1.fastq.gz	SRR18183470	1	stringent	K07699	amended_target	0
SRR18183470_1.fastq.gz	SRR18183470	1	stringent	K09903	normalization_marker	453
SRR18183470_1.fastq.gz	SRR18183470	1	stringent	K10255	amended_target	55
SRR18183470_1.fastq.gz	SRR18183470	1	stringent	K10674	amended_target	52
SRR18183470_1.fastq.gz	SRR18183470	1	stringent	K11180	amended_target	0
SRR18183470_1.fastq.gz	SRR18183470	1	stringent	K11181	amended_target	0
SRR18183470_1.fastq.gz	SRR18183470	1	stringent	K11935	amended_target	0
SRR18183470_1.fastq.gz	SRR18183470	1	stringent	K17222	amended_target	12
SRR18183470_1.fastq.gz	SRR18183470	1	stringent	K17223	amended_target	8
SRR18183470_1.fastq.gz	SRR18183470	1	stringent	K17224	amended_target	25
SRR18183470_1.fastq.gz	SRR18183470	1	stringent	K17225	amended_target	28
SRR18183470_1.fastq.gz	SRR18183470	1	stringent	K17229	amended_target	30
SRR18183470_1.fastq.gz	SRR18183470	1	stringent	K20543	amended_target	1
SRR18183470_2.fastq.gz	SRR18183470	2	broad	K00066	amended_target	171
SRR18183470_2.fastq.gz	SRR18183470	2	broad	K00130	amended_target	194
SRR18183470_2.fastq.gz	SRR18183470	2	broad	K00383	amended_target	111
SRR18183470_2.fastq.gz	SRR18183470	2	broad	K00384	amended_target	711
SRR18183470_2.fastq.gz	SRR18183470	2	broad	K00436	amended_target	0
SRR18183470_2.fastq.gz	SRR18183470	2	broad	K00437	amended_target	0
SRR18183470_2.fastq.gz	SRR18183470	2	broad	K00440	amended_target	0
SRR18183470_2.fastq.gz	SRR18183470	2	broad	K00441	amended_target	118
SRR18183470_2.fastq.gz	SRR18183470	2	broad	K00609	normalization_marker	563
SRR18183470_2.fastq.gz	SRR18183470	2	broad	K00694	amended_target	3
SRR18183470_2.fastq.gz	SRR18183470	2	broad	K00697	amended_target	389
SRR18183470_2.fastq.gz	SRR18183470	2	broad	K00764	normalization_marker	921
SRR18183470_2.fastq.gz	SRR18183470	2	broad	K00800	normalization_marker	585
SRR18183470_2.fastq.gz	SRR18183470	2	broad	K00940	normalization_marker	314
SRR18183470_2.fastq.gz	SRR18183470	2	broad	K01087	amended_target	289
SRR18183470_2.fastq.gz	SRR18183470	2	broad	K01139	amended_target	982
SRR18183470_2.fastq.gz	SRR18183470	2	broad	K01546	amended_target	64
SRR18183470_2.fastq.gz	SRR18183470	2	broad	K01547	amended_target	63
SRR18183470_2.fastq.gz	SRR18183470	2	broad	K01548	amended_target	25
SRR18183470_2.fastq.gz	SRR18183470	2	broad	K01601	amended_target	426
SRR18183470_2.fastq.gz	SRR18183470	2	broad	K01602	amended_target	92
SRR18183470_2.fastq.gz	SRR18183470	2	broad	K01669	amended_target	274
SRR18183470_2.fastq.gz	SRR18183470	2	broad	K01866	normalization_marker	745
SRR18183470_2.fastq.gz	SRR18183470	2	broad	K01870	normalization_marker	1664
SRR18183470_2.fastq.gz	SRR18183470	2	broad	K01873	normalization_marker	1479
SRR18183470_2.fastq.gz	SRR18183470	2	broad	K01875	normalization_marker	886
SRR18183470_2.fastq.gz	SRR18183470	2	broad	K01889	normalization_marker	644
SRR18183470_2.fastq.gz	SRR18183470	2	broad	K01890	normalization_marker	1269
SRR18183470_2.fastq.gz	SRR18183470	2	broad	K01892	normalization_marker	771
SRR18183470_2.fastq.gz	SRR18183470	2	broad	K01933	normalization_marker	533
SRR18183470_2.fastq.gz	SRR18183470	2	broad	K02000	amended_target	117
SRR18183470_2.fastq.gz	SRR18183470	2	broad	K02001	amended_target	83
SRR18183470_2.fastq.gz	SRR18183470	2	broad	K02002	amended_target	301
SRR18183470_2.fastq.gz	SRR18183470	2	broad	K02600	normalization_marker	831
SRR18183470_2.fastq.gz	SRR18183470	2	broad	K02863	normalization_marker	478
SRR18183470_2.fastq.gz	SRR18183470	2	broad	K02867	normalization_marker	289
SRR18183470_2.fastq.gz	SRR18183470	2	broad	K02931	normalization_marker	421
SRR18183470_2.fastq.gz	SRR18183470	2	broad	K02982	normalization_marker	477
SRR18183470_2.fastq.gz	SRR18183470	2	broad	K03106	normalization_marker	812
SRR18183470_2.fastq.gz	SRR18183470	2	broad	K03386	amended_target	23
SRR18183470_2.fastq.gz	SRR18183470	2	broad	K03387	amended_target	1
SRR18183470_2.fastq.gz	SRR18183470	2	broad	K03518	amended_target	651
SRR18183470_2.fastq.gz	SRR18183470	2	broad	K03519	amended_target	763
SRR18183470_2.fastq.gz	SRR18183470	2	broad	K03520	amended_target	1547
SRR18183470_2.fastq.gz	SRR18183470	2	broad	K03553	amended_target	1132
SRR18183470_2.fastq.gz	SRR18183470	2	broad	K03555	amended_target	576
SRR18183470_2.fastq.gz	SRR18183470	2	broad	K03572	amended_target	583
SRR18183470_2.fastq.gz	SRR18183470	2	broad	K03581	amended_target	232
SRR18183470_2.fastq.gz	SRR18183470	2	broad	K03582	amended_target	243
SRR18183470_2.fastq.gz	SRR18183470	2	broad	K03583	amended_target	262
SRR18183470_2.fastq.gz	SRR18183470	2	broad	K03657	amended_target	2692
SRR18183470_2.fastq.gz	SRR18183470	2	broad	K03671	amended_target	519
SRR18183470_2.fastq.gz	SRR18183470	2	broad	K03701	amended_target	2904
SRR18183470_2.fastq.gz	SRR18183470	2	broad	K03702	amended_target	1333
SRR18183470_2.fastq.gz	SRR18183470	2	broad	K03703	amended_target	1321
SRR18183470_2.fastq.gz	SRR18183470	2	broad	K03704	amended_target	590
SRR18183470_2.fastq.gz	SRR18183470	2	broad	K03781	amended_target	1558
SRR18183470_2.fastq.gz	SRR18183470	2	broad	K03782	amended_target	312
SRR18183470_2.fastq.gz	SRR18183470	2	broad	K04047	amended_target	143
SRR18183470_2.fastq.gz	SRR18183470	2	broad	K04564	amended_target	561
SRR18183470_2.fastq.gz	SRR18183470	2	broad	K04565	amended_target	260
SRR18183470_2.fastq.gz	SRR18183470	2	broad	K04641	amended_target	0
SRR18183470_2.fastq.gz	SRR18183470	2	broad	K04642	amended_target	0
SRR18183470_2.fastq.gz	SRR18183470	2	broad	K05343	amended_target	1128
SRR18183470_2.fastq.gz	SRR18183470	2	broad	K05592	amended_target	397
SRR18183470_2.fastq.gz	SRR18183470	2	broad	K05896	normalization_marker	466
SRR18183470_2.fastq.gz	SRR18183470	2	broad	K06381	amended_target	244
SRR18183470_2.fastq.gz	SRR18183470	2	broad	K06390	amended_target	0
SRR18183470_2.fastq.gz	SRR18183470	2	broad	K06718	amended_target	96
SRR18183470_2.fastq.gz	SRR18183470	2	broad	K06720	amended_target	77
SRR18183470_2.fastq.gz	SRR18183470	2	broad	K07646	amended_target	138
SRR18183470_2.fastq.gz	SRR18183470	2	broad	K07667	amended_target	68
SRR18183470_2.fastq.gz	SRR18183470	2	broad	K07699	amended_target	0
SRR18183470_2.fastq.gz	SRR18183470	2	broad	K09903	normalization_marker	571
SRR18183470_2.fastq.gz	SRR18183470	2	broad	K10255	amended_target	81
SRR18183470_2.fastq.gz	SRR18183470	2	broad	K10674	amended_target	58
SRR18183470_2.fastq.gz	SRR18183470	2	broad	K11180	amended_target	0
SRR18183470_2.fastq.gz	SRR18183470	2	broad	K11181	amended_target	0
SRR18183470_2.fastq.gz	SRR18183470	2	broad	K11935	amended_target	2
SRR18183470_2.fastq.gz	SRR18183470	2	broad	K17222	amended_target	17
SRR18183470_2.fastq.gz	SRR18183470	2	broad	K17223	amended_target	8
SRR18183470_2.fastq.gz	SRR18183470	2	broad	K17224	amended_target	27
SRR18183470_2.fastq.gz	SRR18183470	2	broad	K17225	amended_target	39
SRR18183470_2.fastq.gz	SRR18183470	2	broad	K17229	amended_target	34
SRR18183470_2.fastq.gz	SRR18183470	2	broad	K20543	amended_target	2
SRR18183470_2.fastq.gz	SRR18183470	2	primary	K00066	amended_target	162
SRR18183470_2.fastq.gz	SRR18183470	2	primary	K00130	amended_target	188
SRR18183470_2.fastq.gz	SRR18183470	2	primary	K00383	amended_target	105
SRR18183470_2.fastq.gz	SRR18183470	2	primary	K00384	amended_target	669
SRR18183470_2.fastq.gz	SRR18183470	2	primary	K00436	amended_target	0
SRR18183470_2.fastq.gz	SRR18183470	2	primary	K00437	amended_target	0
SRR18183470_2.fastq.gz	SRR18183470	2	primary	K00440	amended_target	0
SRR18183470_2.fastq.gz	SRR18183470	2	primary	K00441	amended_target	111
SRR18183470_2.fastq.gz	SRR18183470	2	primary	K00609	normalization_marker	506
SRR18183470_2.fastq.gz	SRR18183470	2	primary	K00694	amended_target	3
SRR18183470_2.fastq.gz	SRR18183470	2	primary	K00697	amended_target	369
SRR18183470_2.fastq.gz	SRR18183470	2	primary	K00764	normalization_marker	885
SRR18183470_2.fastq.gz	SRR18183470	2	primary	K00800	normalization_marker	551
SRR18183470_2.fastq.gz	SRR18183470	2	primary	K00940	normalization_marker	254
SRR18183470_2.fastq.gz	SRR18183470	2	primary	K01087	amended_target	263
SRR18183470_2.fastq.gz	SRR18183470	2	primary	K01139	amended_target	954
SRR18183470_2.fastq.gz	SRR18183470	2	primary	K01546	amended_target	58
SRR18183470_2.fastq.gz	SRR18183470	2	primary	K01547	amended_target	59
SRR18183470_2.fastq.gz	SRR18183470	2	primary	K01548	amended_target	18
SRR18183470_2.fastq.gz	SRR18183470	2	primary	K01601	amended_target	401
SRR18183470_2.fastq.gz	SRR18183470	2	primary	K01602	amended_target	65
SRR18183470_2.fastq.gz	SRR18183470	2	primary	K01669	amended_target	256
SRR18183470_2.fastq.gz	SRR18183470	2	primary	K01866	normalization_marker	681
SRR18183470_2.fastq.gz	SRR18183470	2	primary	K01870	normalization_marker	1612
SRR18183470_2.fastq.gz	SRR18183470	2	primary	K01873	normalization_marker	1430
SRR18183470_2.fastq.gz	SRR18183470	2	primary	K01875	normalization_marker	837
SRR18183470_2.fastq.gz	SRR18183470	2	primary	K01889	normalization_marker	587
SRR18183470_2.fastq.gz	SRR18183470	2	primary	K01890	normalization_marker	1231
SRR18183470_2.fastq.gz	SRR18183470	2	primary	K01892	normalization_marker	727
SRR18183470_2.fastq.gz	SRR18183470	2	primary	K01933	normalization_marker	500
SRR18183470_2.fastq.gz	SRR18183470	2	primary	K02000	amended_target	113
SRR18183470_2.fastq.gz	SRR18183470	2	primary	K02001	amended_target	74
SRR18183470_2.fastq.gz	SRR18183470	2	primary	K02002	amended_target	283
SRR18183470_2.fastq.gz	SRR18183470	2	primary	K02600	normalization_marker	790
SRR18183470_2.fastq.gz	SRR18183470	2	primary	K02863	normalization_marker	444
SRR18183470_2.fastq.gz	SRR18183470	2	primary	K02867	normalization_marker	250
SRR18183470_2.fastq.gz	SRR18183470	2	primary	K02931	normalization_marker	387
SRR18183470_2.fastq.gz	SRR18183470	2	primary	K02982	normalization_marker	421
SRR18183470_2.fastq.gz	SRR18183470	2	primary	K03106	normalization_marker	760
SRR18183470_2.fastq.gz	SRR18183470	2	primary	K03386	amended_target	23
SRR18183470_2.fastq.gz	SRR18183470	2	primary	K03387	amended_target	1
SRR18183470_2.fastq.gz	SRR18183470	2	primary	K03518	amended_target	563
SRR18183470_2.fastq.gz	SRR18183470	2	primary	K03519	amended_target	688
SRR18183470_2.fastq.gz	SRR18183470	2	primary	K03520	amended_target	1477
SRR18183470_2.fastq.gz	SRR18183470	2	primary	K03553	amended_target	1071
SRR18183470_2.fastq.gz	SRR18183470	2	primary	K03555	amended_target	558
SRR18183470_2.fastq.gz	SRR18183470	2	primary	K03572	amended_target	553
SRR18183470_2.fastq.gz	SRR18183470	2	primary	K03581	amended_target	217
SRR18183470_2.fastq.gz	SRR18183470	2	primary	K03582	amended_target	230
SRR18183470_2.fastq.gz	SRR18183470	2	primary	K03583	amended_target	250
SRR18183470_2.fastq.gz	SRR18183470	2	primary	K03657	amended_target	2559
SRR18183470_2.fastq.gz	SRR18183470	2	primary	K03671	amended_target	444
SRR18183470_2.fastq.gz	SRR18183470	2	primary	K03701	amended_target	2812
SRR18183470_2.fastq.gz	SRR18183470	2	primary	K03702	amended_target	1285
SRR18183470_2.fastq.gz	SRR18183470	2	primary	K03703	amended_target	1262
SRR18183470_2.fastq.gz	SRR18183470	2	primary	K03704	amended_target	413
SRR18183470_2.fastq.gz	SRR18183470	2	primary	K03781	amended_target	1492
SRR18183470_2.fastq.gz	SRR18183470	2	primary	K03782	amended_target	306
SRR18183470_2.fastq.gz	SRR18183470	2	primary	K04047	amended_target	122
SRR18183470_2.fastq.gz	SRR18183470	2	primary	K04564	amended_target	465
SRR18183470_2.fastq.gz	SRR18183470	2	primary	K04565	amended_target	236
SRR18183470_2.fastq.gz	SRR18183470	2	primary	K04641	amended_target	0
SRR18183470_2.fastq.gz	SRR18183470	2	primary	K04642	amended_target	0
SRR18183470_2.fastq.gz	SRR18183470	2	primary	K05343	amended_target	1084
SRR18183470_2.fastq.gz	SRR18183470	2	primary	K05592	amended_target	382
SRR18183470_2.fastq.gz	SRR18183470	2	primary	K05896	normalization_marker	412
SRR18183470_2.fastq.gz	SRR18183470	2	primary	K06381	amended_target	223
SRR18183470_2.fastq.gz	SRR18183470	2	primary	K06390	amended_target	0
SRR18183470_2.fastq.gz	SRR18183470	2	primary	K06718	amended_target	84
SRR18183470_2.fastq.gz	SRR18183470	2	primary	K06720	amended_target	68
SRR18183470_2.fastq.gz	SRR18183470	2	primary	K07646	amended_target	123
SRR18183470_2.fastq.gz	SRR18183470	2	primary	K07667	amended_target	59
SRR18183470_2.fastq.gz	SRR18183470	2	primary	K07699	amended_target	0
SRR18183470_2.fastq.gz	SRR18183470	2	primary	K09903	normalization_marker	487
SRR18183470_2.fastq.gz	SRR18183470	2	primary	K10255	amended_target	67
SRR18183470_2.fastq.gz	SRR18183470	2	primary	K10674	amended_target	51
SRR18183470_2.fastq.gz	SRR18183470	2	primary	K11180	amended_target	0
SRR18183470_2.fastq.gz	SRR18183470	2	primary	K11181	amended_target	0
SRR18183470_2.fastq.gz	SRR18183470	2	primary	K11935	amended_target	2
SRR18183470_2.fastq.gz	SRR18183470	2	primary	K17222	amended_target	15
SRR18183470_2.fastq.gz	SRR18183470	2	primary	K17223	amended_target	7
SRR18183470_2.fastq.gz	SRR18183470	2	primary	K17224	amended_target	26
SRR18183470_2.fastq.gz	SRR18183470	2	primary	K17225	amended_target	36
SRR18183470_2.fastq.gz	SRR18183470	2	primary	K17229	amended_target	34
SRR18183470_2.fastq.gz	SRR18183470	2	primary	K20543	amended_target	2
SRR18183470_2.fastq.gz	SRR18183470	2	stringent	K00066	amended_target	153
SRR18183470_2.fastq.gz	SRR18183470	2	stringent	K00130	amended_target	173
SRR18183470_2.fastq.gz	SRR18183470	2	stringent	K00383	amended_target	98
SRR18183470_2.fastq.gz	SRR18183470	2	stringent	K00384	amended_target	603
SRR18183470_2.fastq.gz	SRR18183470	2	stringent	K00436	amended_target	0
SRR18183470_2.fastq.gz	SRR18183470	2	stringent	K00437	amended_target	0
SRR18183470_2.fastq.gz	SRR18183470	2	stringent	K00440	amended_target	0
SRR18183470_2.fastq.gz	SRR18183470	2	stringent	K00441	amended_target	99
SRR18183470_2.fastq.gz	SRR18183470	2	stringent	K00609	normalization_marker	475
SRR18183470_2.fastq.gz	SRR18183470	2	stringent	K00694	amended_target	1
SRR18183470_2.fastq.gz	SRR18183470	2	stringent	K00697	amended_target	354
SRR18183470_2.fastq.gz	SRR18183470	2	stringent	K00764	normalization_marker	840
SRR18183470_2.fastq.gz	SRR18183470	2	stringent	K00800	normalization_marker	499
SRR18183470_2.fastq.gz	SRR18183470	2	stringent	K00940	normalization_marker	215
SRR18183470_2.fastq.gz	SRR18183470	2	stringent	K01087	amended_target	233
SRR18183470_2.fastq.gz	SRR18183470	2	stringent	K01139	amended_target	909
SRR18183470_2.fastq.gz	SRR18183470	2	stringent	K01546	amended_target	52
SRR18183470_2.fastq.gz	SRR18183470	2	stringent	K01547	amended_target	55
SRR18183470_2.fastq.gz	SRR18183470	2	stringent	K01548	amended_target	14
SRR18183470_2.fastq.gz	SRR18183470	2	stringent	K01601	amended_target	380
SRR18183470_2.fastq.gz	SRR18183470	2	stringent	K01602	amended_target	53
SRR18183470_2.fastq.gz	SRR18183470	2	stringent	K01669	amended_target	232
SRR18183470_2.fastq.gz	SRR18183470	2	stringent	K01866	normalization_marker	629
SRR18183470_2.fastq.gz	SRR18183470	2	stringent	K01870	normalization_marker	1526
SRR18183470_2.fastq.gz	SRR18183470	2	stringent	K01873	normalization_marker	1353
SRR18183470_2.fastq.gz	SRR18183470	2	stringent	K01875	normalization_marker	749
SRR18183470_2.fastq.gz	SRR18183470	2	stringent	K01889	normalization_marker	541
SRR18183470_2.fastq.gz	SRR18183470	2	stringent	K01890	normalization_marker	1171
SRR18183470_2.fastq.gz	SRR18183470	2	stringent	K01892	normalization_marker	663
SRR18183470_2.fastq.gz	SRR18183470	2	stringent	K01933	normalization_marker	459
SRR18183470_2.fastq.gz	SRR18183470	2	stringent	K02000	amended_target	103
SRR18183470_2.fastq.gz	SRR18183470	2	stringent	K02001	amended_target	68
SRR18183470_2.fastq.gz	SRR18183470	2	stringent	K02002	amended_target	255
SRR18183470_2.fastq.gz	SRR18183470	2	stringent	K02600	normalization_marker	751
SRR18183470_2.fastq.gz	SRR18183470	2	stringent	K02863	normalization_marker	395
SRR18183470_2.fastq.gz	SRR18183470	2	stringent	K02867	normalization_marker	210
SRR18183470_2.fastq.gz	SRR18183470	2	stringent	K02931	normalization_marker	331
SRR18183470_2.fastq.gz	SRR18183470	2	stringent	K02982	normalization_marker	384
SRR18183470_2.fastq.gz	SRR18183470	2	stringent	K03106	normalization_marker	707
SRR18183470_2.fastq.gz	SRR18183470	2	stringent	K03386	amended_target	17
SRR18183470_2.fastq.gz	SRR18183470	2	stringent	K03387	amended_target	1
SRR18183470_2.fastq.gz	SRR18183470	2	stringent	K03518	amended_target	481
SRR18183470_2.fastq.gz	SRR18183470	2	stringent	K03519	amended_target	615
SRR18183470_2.fastq.gz	SRR18183470	2	stringent	K03520	amended_target	1392
SRR18183470_2.fastq.gz	SRR18183470	2	stringent	K03553	amended_target	1009
SRR18183470_2.fastq.gz	SRR18183470	2	stringent	K03555	amended_target	518
SRR18183470_2.fastq.gz	SRR18183470	2	stringent	K03572	amended_target	508
SRR18183470_2.fastq.gz	SRR18183470	2	stringent	K03581	amended_target	188
SRR18183470_2.fastq.gz	SRR18183470	2	stringent	K03582	amended_target	196
SRR18183470_2.fastq.gz	SRR18183470	2	stringent	K03583	amended_target	216
SRR18183470_2.fastq.gz	SRR18183470	2	stringent	K03657	amended_target	2362
SRR18183470_2.fastq.gz	SRR18183470	2	stringent	K03671	amended_target	370
SRR18183470_2.fastq.gz	SRR18183470	2	stringent	K03701	amended_target	2692
SRR18183470_2.fastq.gz	SRR18183470	2	stringent	K03702	amended_target	1235
SRR18183470_2.fastq.gz	SRR18183470	2	stringent	K03703	amended_target	1194
SRR18183470_2.fastq.gz	SRR18183470	2	stringent	K03704	amended_target	207
SRR18183470_2.fastq.gz	SRR18183470	2	stringent	K03781	amended_target	1405
SRR18183470_2.fastq.gz	SRR18183470	2	stringent	K03782	amended_target	296
SRR18183470_2.fastq.gz	SRR18183470	2	stringent	K04047	amended_target	110
SRR18183470_2.fastq.gz	SRR18183470	2	stringent	K04564	amended_target	398
SRR18183470_2.fastq.gz	SRR18183470	2	stringent	K04565	amended_target	193
SRR18183470_2.fastq.gz	SRR18183470	2	stringent	K04641	amended_target	0
SRR18183470_2.fastq.gz	SRR18183470	2	stringent	K04642	amended_target	0
SRR18183470_2.fastq.gz	SRR18183470	2	stringent	K05343	amended_target	1027
SRR18183470_2.fastq.gz	SRR18183470	2	stringent	K05592	amended_target	345
SRR18183470_2.fastq.gz	SRR18183470	2	stringent	K05896	normalization_marker	375
SRR18183470_2.fastq.gz	SRR18183470	2	stringent	K06381	amended_target	164
SRR18183470_2.fastq.gz	SRR18183470	2	stringent	K06390	amended_target	0
SRR18183470_2.fastq.gz	SRR18183470	2	stringent	K06718	amended_target	70
SRR18183470_2.fastq.gz	SRR18183470	2	stringent	K06720	amended_target	61
SRR18183470_2.fastq.gz	SRR18183470	2	stringent	K07646	amended_target	99
SRR18183470_2.fastq.gz	SRR18183470	2	stringent	K07667	amended_target	41
SRR18183470_2.fastq.gz	SRR18183470	2	stringent	K07699	amended_target	0
SRR18183470_2.fastq.gz	SRR18183470	2	stringent	K09903	normalization_marker	430
SRR18183470_2.fastq.gz	SRR18183470	2	stringent	K10255	amended_target	61
SRR18183470_2.fastq.gz	SRR18183470	2	stringent	K10674	amended_target	48
SRR18183470_2.fastq.gz	SRR18183470	2	stringent	K11180	amended_target	0
SRR18183470_2.fastq.gz	SRR18183470	2	stringent	K11181	amended_target	0
SRR18183470_2.fastq.gz	SRR18183470	2	stringent	K11935	amended_target	0
SRR18183470_2.fastq.gz	SRR18183470	2	stringent	K17222	amended_target	15
SRR18183470_2.fastq.gz	SRR18183470	2	stringent	K17223	amended_target	5
SRR18183470_2.fastq.gz	SRR18183470	2	stringent	K17224	amended_target	24
SRR18183470_2.fastq.gz	SRR18183470	2	stringent	K17225	amended_target	26
SRR18183470_2.fastq.gz	SRR18183470	2	stringent	K17229	amended_target	30
SRR18183470_2.fastq.gz	SRR18183470	2	stringent	K20543	amended_target	2
