sample_id	gate	KO	gene	strategy_axis	module	submodule	accepted_read_count	R1_count	R2_count	mate_replicated	primary_detected_at_least_3_reads	median_reference_length_aa	RPK	RPM	marker_median_RPK	marker_normalized_abundance	total_sample_reads
SRR18183467	broad	K00066	algD	surface_retention	biofilm_eps_surface	alginate	71	34	37	True	False	437.0	162.47139588100686	32.92671163249709	1126.55273270923	0.14421996517666935	2156304
SRR18183467	broad	K00130	betB, gbsA	cell_maintenance	osmotic_desiccation_salt	betaine	79	41	38	True	False	492.0	160.5691056910569	36.63676364742634	1126.55273270923	0.14253137117239656	2156304
SRR18183467	broad	K00383	GSR, gor	cell_maintenance	oxidative_redox	thiol_redox	46	24	22	True	False	452.0	101.76991150442477	21.332799085843185	1126.55273270923	0.09033745917927856	2156304
SRR18183467	broad	K00384	trxB, TRR	cell_maintenance	oxidative_redox	thiol_redox	544	273	271	True	False	327.0	1663.6085626911315	252.28353701518895	1126.55273270923	1.4767249808984475	2156304
SRR18183467	broad	K00436	hoxH	energy_acquisition	trace_gas_energy	hydrogenase	0	0	0	False	False	474.0	0.0	0.0	1126.55273270923	0.0	2156304
SRR18183467	broad	K00437	hydB	energy_acquisition	trace_gas_energy	hydrogenase	0	0	0	False	False	568.0	0.0	0.0	1126.55273270923	0.0	2156304
SRR18183467	broad	K00440	frhA	energy_acquisition	trace_gas_energy	hydrogenase	0	0	0	False	False	415.0	0.0	0.0	1126.55273270923	0.0	2156304
SRR18183467	broad	K00441	frhB	energy_acquisition	trace_gas_energy	hydrogenase	97	50	47	True	False	387.0	250.64599483204134	44.98438068101715	1126.55273270923	0.2224893585134417	2156304
SRR18183467	broad	K00694	bcsA	surface_retention	biofilm_eps_surface	cellulose	7	5	2	True	False	1408.0	4.971590909090909	3.2462955130630933	1126.55273270923	0.004413100927050972	2156304
SRR18183467	broad	K00697	otsA	cell_maintenance	osmotic_desiccation_salt	trehalose	104	47	57	True	False	503.0	206.75944333996023	48.23067619408024	1126.55273270923	0.18353285854868728	2156304
SRR18183467	broad	K01087	otsB	cell_maintenance	osmotic_desiccation_salt	trehalose	124	64	60	True	False	269.0	460.96654275092936	57.50580623140337	1126.55273270923	0.40918328043318286	2156304
SRR18183467	broad	K01139	spoT	cell_maintenance	dormancy_resuscitation	stringent_response	514	256	258	True	False	736.0	698.3695652173914	238.37084195920428	1126.55273270923	0.6199173327092223	2156304
SRR18183467	broad	K01546	kdpA	cell_maintenance	osmotic_desiccation_salt	potassium_homeostasis	102	53	49	True	False	567.0	179.8941798941799	47.30316319034793	1126.55273270923	0.15968553860905832	2156304
SRR18183467	broad	K01547	kdpB	cell_maintenance	osmotic_desiccation_salt	potassium_homeostasis	51	26	25	True	False	677.0	75.33234859675036	23.651581595173965	1126.55273270923	0.06686979349433977	2156304
SRR18183467	broad	K01548	kdpC	cell_maintenance	osmotic_desiccation_salt	potassium_homeostasis	27	13	14	True	False	194.0	139.17525773195877	12.521425550386217	1126.55273270923	0.12354082830837243	2156304
SRR18183467	broad	K01601	rbcL, cbbL	energy_acquisition	trace_gas_energy	carbon_fixation	221	113	108	True	False	476.0	464.28571428571433	102.49018691242051	1126.55273270923	0.41212958861602556	2156304
SRR18183467	broad	K01602	rbcS, cbbS	energy_acquisition	trace_gas_energy	carbon_fixation	70	33	37	True	False	140.0	499.99999999999994	32.46295513063093	1126.55273270923	0.443831864663412	2156304
SRR18183467	broad	K01669	phr, PHR1	cell_maintenance	dna_repair_radiation	photorepair	76	39	37	True	False	468.0	162.39316239316238	35.24549414182787	1126.55273270923	0.1441505201470911	2156304
SRR18183467	broad	K02000	proV	cell_maintenance	osmotic_desiccation_salt	compatible_solute_transport	206	107	99	True	False	392.0	525.5102040816327	95.53383938442818	1126.55273270923	0.4664763475544025	2156304
SRR18183467	broad	K02001	proW	cell_maintenance	osmotic_desiccation_salt	compatible_solute_transport	74	38	36	True	False	301.0	245.84717607973423	34.317981138095554	1126.55273270923	0.21822962116340527	2156304
SRR18183467	broad	K02002	proX	cell_maintenance	osmotic_desiccation_salt	compatible_solute_transport	324	164	160	True	False	315.0	1028.5714285714287	150.2571066046346	1126.55273270923	0.9130255501647335	2156304
SRR18183467	broad	K03386	PRDX2_4, ahpC	cell_maintenance	oxidative_redox	peroxide_detox	15	10	5	True	False	201.0	74.62686567164178	6.956347527992342	1126.55273270923	0.06624356189006149	2156304
SRR18183467	broad	K03387	ahpF	cell_maintenance	oxidative_redox	peroxide_detox	0	0	0	False	False	520.0	0.0	0.0	1126.55273270923	0.0	2156304
SRR18183467	broad	K03518	coxS	energy_acquisition	trace_gas_energy	carbon_monoxide	356	173	183	True	False	164.0	2170.731707317073	165.09731466435161	1126.55273270923	1.926879802685057	2156304
SRR18183467	broad	K03519	coxM, cutM	energy_acquisition	trace_gas_energy	carbon_monoxide	365	187	178	True	False	286.0	1276.2237762237764	169.271123181147	1126.55273270923	1.1328575566583596	2156304
SRR18183467	broad	K03520	coxL, cutL	energy_acquisition	trace_gas_energy	carbon_monoxide	501	255	246	True	False	785.0	638.2165605095541	232.34200743494424	1126.55273270923	0.5665216922200496	2156304
SRR18183467	broad	K03553	recA	cell_maintenance	dna_repair_radiation	recombination	713	365	348	True	False	349.0	2042.9799426934098	330.65838583056933	1126.55273270923	1.8134791948711337	2156304
SRR18183467	broad	K03555	mutS	cell_maintenance	dna_repair_radiation	mismatch_repair	528	268	260	True	False	869.0	607.5949367088608	244.86343298533043	1126.55273270923	0.5393399874390831	2156304
SRR18183467	broad	K03572	mutL	cell_maintenance	dna_repair_radiation	mismatch_repair	405	212	193	True	False	605.0	669.4214876033058	187.82138325579325	1126.55273270923	0.5942211741774608	2156304
SRR18183467	broad	K03581	recD	cell_maintenance	dna_repair_radiation	recombination	150	81	69	True	False	652.0	230.06134969325151	69.56347527992342	1126.55273270923	0.20421711564267425	2156304
SRR18183467	broad	K03582	recB	cell_maintenance	dna_repair_radiation	recombination	112	57	55	True	False	1135.0	98.6784140969163	51.94072820900949	1126.55273270923	0.08759324906132537	2156304
SRR18183467	broad	K03583	recC	cell_maintenance	dna_repair_radiation	recombination	114	60	54	True	False	1073.0	106.24417520969246	52.8682412127418	1126.55273270923	0.09430910078588813	2156304
SRR18183467	broad	K03657	uvrD, pcrA	cell_maintenance	dna_repair_radiation	nucleotide_excision	1639	850	789	True	False	730.0	2245.205479452055	760.0969065586299	1126.55273270923	1.9929874689954314	2156304
SRR18183467	broad	K03671	TXN, trxA	cell_maintenance	oxidative_redox	thiol_redox	251	116	135	True	False	110.0	2281.818181818182	116.4028819684052	1126.55273270923	2.025487236918481	2156304
SRR18183467	broad	K03701	uvrA	cell_maintenance	dna_repair_radiation	nucleotide_excision	1831	943	888	True	False	866.0	2114.3187066974597	849.138154916932	1126.55273270923	1.8768040281725347	2156304
SRR18183467	broad	K03702	uvrB	cell_maintenance	dna_repair_radiation	nucleotide_excision	842	425	417	True	False	666.0	1264.2642642642643	390.4829745713035	1126.55273270923	1.1222415316714505	2156304
SRR18183467	broad	K03703	uvrC	cell_maintenance	dna_repair_radiation	nucleotide_excision	818	413	405	True	False	607.0	1347.6112026359144	379.3528185265157	1126.55273270923	1.1962255858144024	2156304
SRR18183467	broad	K03704	cspA	cell_maintenance	cold_protein_quality	cold_shock	379	201	178	True	False	68.0	5573.529411764705	175.76371420727318	1126.55273270923	4.9474199031597985	2156304
SRR18183467	broad	K03781	katE, CAT, catB, srpA	cell_maintenance	oxidative_redox	peroxide_detox	825	414	411	True	False	485.0	1701.0309278350517	382.59911403957886	1126.55273270923	1.5099434571023298	2156304
SRR18183467	broad	K03782	katG	cell_maintenance	oxidative_redox	peroxide_detox	80	43	37	True	False	726.0	110.19283746556474	37.10052014929249	1126.55273270923	0.09781418504978778	2156304
SRR18183467	broad	K04047	dps	cell_maintenance	dna_repair_radiation	dna_protection	115	54	61	True	False	172.0	668.6046511627908	53.33199771460796	1126.55273270923	0.5934960980964232	2156304
SRR18183467	broad	K04564	SOD2	cell_maintenance	oxidative_redox	superoxide_detox	421	211	210	True	False	203.0	2073.8916256157636	195.24148728565174	1126.55273270923	1.8409183746137585	2156304
SRR18183467	broad	K04565	SOD1	cell_maintenance	oxidative_redox	superoxide_detox	167	94	73	True	False	186.0	897.8494623655914	77.44733581164807	1126.55273270923	0.796988402137525	2156304
SRR18183467	broad	K04641	bop	energy_acquisition	light_energy	rhodopsin	1	0	1	False	False	250.0	4.0	0.4637565018661562	1126.55273270923	0.0035506549173072964	2156304
SRR18183467	broad	K04642	hop	energy_acquisition	light_energy	rhodopsin	0	0	0	False	False	283.0	0.0	0.0	1126.55273270923	0.0	2156304
SRR18183467	broad	K05343	treS	cell_maintenance	osmotic_desiccation_salt	trehalose	368	185	183	True	False	561.0	655.9714795008912	170.66239268674548	1126.55273270923	0.5822820898257954	2156304
SRR18183467	broad	K05592	deaD, cshA	cell_maintenance	cold_protein_quality	rna_helicase	214	105	109	True	False	563.5	379.7692990239574	99.24389139935741	1126.55273270923	0.3371074322554399	2156304
SRR18183467	broad	K06381	spoIID	cell_maintenance	dormancy_resuscitation	sporulation	255	134	121	True	False	464.0	549.5689655172414	118.25790797586983	1126.55273270923	0.48783243745331933	2156304
SRR18183467	broad	K06390	spoIIIAA	cell_maintenance	dormancy_resuscitation	sporulation	0	0	0	False	False	326.0	0.0	0.0	1126.55273270923	0.0	2156304
SRR18183467	broad	K06718	ectA	cell_maintenance	osmotic_desiccation_salt	ectoine	6	3	3	True	False	176.0	34.09090909090909	2.782539011196937	1126.55273270923	0.030261263499778097	2156304
SRR18183467	broad	K06720	ectC	cell_maintenance	osmotic_desiccation_salt	ectoine	12	7	5	True	False	132.0	90.9090909090909	5.565078022393874	1126.55273270923	0.08069670266607493	2156304
SRR18183467	broad	K07646	kdpD	cell_maintenance	osmotic_desiccation_salt	potassium_homeostasis	148	73	75	True	False	491.0	301.4256619144603	68.63596227619111	1126.55273270923	0.2675646271697963	2156304
SRR18183467	broad	K07667	kdpE	cell_maintenance	osmotic_desiccation_salt	potassium_homeostasis	42	23	19	True	False	232.0	181.03448275862067	19.477773078378558	1126.55273270923	0.16069774410226986	2156304
SRR18183467	broad	K07699	spo0A	cell_maintenance	dormancy_resuscitation	sporulation	0	0	0	False	False	266.0	0.0	0.0	1126.55273270923	0.0	2156304
SRR18183467	broad	K10255	FAD6, desA	cell_maintenance	cold_protein_quality	membrane_adaptation	21	12	9	True	False	350.0	60.00000000000001	9.738886539189279	1126.55273270923	0.053259823759609456	2156304
SRR18183467	broad	K10674	ectD	cell_maintenance	osmotic_desiccation_salt	ectoine	3	1	2	True	False	302.0	9.933774834437086	1.3912695055984685	1126.55273270923	0.008817851615829379	2156304
SRR18183467	broad	K11180	dsrA	energy_acquisition	sulfur_chemolithotrophy	dissimilatory_sulfite	0	0	0	False	False	408.0	0.0	0.0	1126.55273270923	0.0	2156304
SRR18183467	broad	K11181	dsrB	energy_acquisition	sulfur_chemolithotrophy	dissimilatory_sulfite	0	0	0	False	False	359.0	0.0	0.0	1126.55273270923	0.0	2156304
SRR18183467	broad	K11935	pgaA	surface_retention	biofilm_eps_surface	pga	3	3	0	False	False	812.5	3.6923076923076925	1.3912695055984685	1126.55273270923	0.003277527615975966	2156304
SRR18183467	broad	K17222	soxA	energy_acquisition	sulfur_chemolithotrophy	sox	8	4	4	True	False	275.0	29.09090909090909	3.7100520149292495	1126.55273270923	0.025822944853143976	2156304
SRR18183467	broad	K17223	soxX	energy_acquisition	sulfur_chemolithotrophy	sox	2	0	2	False	False	154.0	12.987012987012987	0.9275130037323124	1126.55273270923	0.011528100380867845	2156304
SRR18183467	broad	K17224	soxB	energy_acquisition	sulfur_chemolithotrophy	sox	21	10	11	True	False	563.0	37.30017761989343	9.738886539189279	1126.55273270923	0.03311001477062755	2156304
SRR18183467	broad	K17225	soxC	energy_acquisition	sulfur_chemolithotrophy	sox	21	10	11	True	False	424.0	49.528301886792455	9.738886539189279	1126.55273270923	0.04396447716005497	2156304
SRR18183467	broad	K17229	fccB	energy_acquisition	sulfur_chemolithotrophy	sox	8	3	5	True	False	424.0	18.867924528301888	3.7100520149292495	1126.55273270923	0.016748372251449515	2156304
SRR18183467	broad	K20543	bcsC	surface_retention	biofilm_eps_surface	cellulose	3	1	2	True	False	1565.0	1.9169329073482428	1.3912695055984685	1126.55273270923	0.0017015918134060527	2156304
SRR18183467	primary	K00066	algD	surface_retention	biofilm_eps_surface	alginate	65	31	34	True	True	437.0	148.74141876430207	30.14417262130015	1057.949790794979	0.1405940244598307	2156304
SRR18183467	primary	K00130	betB, gbsA	cell_maintenance	osmotic_desiccation_salt	betaine	75	40	35	True	True	492.0	152.4390243902439	34.78173763996171	1057.949790794979	0.14408909167201225	2156304
SRR18183467	primary	K00383	GSR, gor	cell_maintenance	oxidative_redox	thiol_redox	44	22	22	True	True	452.0	97.34513274336283	20.40528608211087	1057.949790794979	0.0920129987172779	2156304
SRR18183467	primary	K00384	trxB, TRR	cell_maintenance	oxidative_redox	thiol_redox	489	244	245	True	True	327.0	1495.4128440366972	226.77692941255034	1057.949790794979	1.4135007701197178	2156304
SRR18183467	primary	K00436	hoxH	energy_acquisition	trace_gas_energy	hydrogenase	0	0	0	False	False	474.0	0.0	0.0	1057.949790794979	0.0	2156304
SRR18183467	primary	K00437	hydB	energy_acquisition	trace_gas_energy	hydrogenase	0	0	0	False	False	568.0	0.0	0.0	1057.949790794979	0.0	2156304
SRR18183467	primary	K00440	frhA	energy_acquisition	trace_gas_energy	hydrogenase	0	0	0	False	False	415.0	0.0	0.0	1057.949790794979	0.0	2156304
SRR18183467	primary	K00441	frhB	energy_acquisition	trace_gas_energy	hydrogenase	88	47	41	True	True	387.0	227.39018087855297	40.81057216422174	1057.949790794979	0.21493475669358975	2156304
SRR18183467	primary	K00694	bcsA	surface_retention	biofilm_eps_surface	cellulose	6	4	2	True	True	1408.0	4.261363636363637	2.782539011196937	1057.949790794979	0.004027945062649433	2156304
SRR18183467	primary	K00697	otsA	cell_maintenance	osmotic_desiccation_salt	trehalose	96	44	52	True	True	503.0	190.8548707753479	44.52062417915099	1057.949790794979	0.18040068861106645	2156304
SRR18183467	primary	K01087	otsB	cell_maintenance	osmotic_desiccation_salt	trehalose	105	55	50	True	True	269.0	390.3345724907063	48.6944326959464	1057.949790794979	0.36895377822930125	2156304
SRR18183467	primary	K01139	spoT	cell_maintenance	dormancy_resuscitation	stringent_response	489	242	247	True	True	736.0	664.4021739130435	226.77692941255034	1057.949790794979	0.6280091736809073	2156304
SRR18183467	primary	K01546	kdpA	cell_maintenance	osmotic_desiccation_salt	potassium_homeostasis	96	51	45	True	True	567.0	169.31216931216932	44.52062417915099	1057.949790794979	0.16003800065496726	2156304
SRR18183467	primary	K01547	kdpB	cell_maintenance	osmotic_desiccation_salt	potassium_homeostasis	47	24	23	True	True	677.0	69.42392909896603	21.79655558770934	1057.949790794979	0.06562119460016959	2156304
SRR18183467	primary	K01548	kdpC	cell_maintenance	osmotic_desiccation_salt	potassium_homeostasis	18	7	11	True	True	194.0	92.78350515463917	8.34761703359081	1057.949790794979	0.08770123682799591	2156304
SRR18183467	primary	K01601	rbcL, cbbL	energy_acquisition	trace_gas_energy	carbon_fixation	207	104	103	True	True	476.0	434.87394957983196	95.99759588629432	1057.949790794979	0.41105348605726655	2156304
SRR18183467	primary	K01602	rbcS, cbbS	energy_acquisition	trace_gas_energy	carbon_fixation	58	26	32	True	True	140.0	414.2857142857142	26.897877108237058	1057.949790794979	0.39159298285262295	2156304
SRR18183467	primary	K01669	phr, PHR1	cell_maintenance	dna_repair_radiation	photorepair	73	38	35	True	True	468.0	155.98290598290598	33.854224636229404	1057.949790794979	0.147438855170712	2156304
SRR18183467	primary	K02000	proV	cell_maintenance	osmotic_desiccation_salt	compatible_solute_transport	191	95	96	True	True	392.0	487.2448979591837	88.57749185643583	1057.949790794979	0.4605557864830726	2156304
SRR18183467	primary	K02001	proW	cell_maintenance	osmotic_desiccation_salt	compatible_solute_transport	67	34	33	True	True	301.0	222.59136212624585	31.071685625032465	1057.949790794979	0.21039879591921204	2156304
SRR18183467	primary	K02002	proX	cell_maintenance	osmotic_desiccation_salt	compatible_solute_transport	298	152	146	True	True	315.0	946.031746031746	138.19943755611453	1057.949790794979	0.8942123286596295	2156304
SRR18183467	primary	K03386	PRDX2_4, ahpC	cell_maintenance	oxidative_redox	peroxide_detox	14	9	5	True	True	201.0	69.65174129353234	6.4925910261261865	1057.949790794979	0.06583652825451544	2156304
SRR18183467	primary	K03387	ahpF	cell_maintenance	oxidative_redox	peroxide_detox	0	0	0	False	False	520.0	0.0	0.0	1057.949790794979	0.0	2156304
SRR18183467	primary	K03518	coxS	energy_acquisition	trace_gas_energy	carbon_monoxide	306	147	159	True	True	164.0	1865.8536585365853	141.9094895710438	1057.949790794979	1.7636504820654297	2156304
SRR18183467	primary	K03519	coxM, cutM	energy_acquisition	trace_gas_energy	carbon_monoxide	339	173	166	True	True	286.0	1185.3146853146854	157.21345413262694	1057.949790794979	1.1203884112723348	2156304
SRR18183467	primary	K03520	coxL, cutL	energy_acquisition	trace_gas_energy	carbon_monoxide	481	246	235	True	True	785.0	612.7388535031847	223.0668773976211	1057.949790794979	0.5791757405072618	2156304
SRR18183467	primary	K03553	recA	cell_maintenance	dna_repair_radiation	recombination	665	333	332	True	True	349.0	1905.4441260744986	308.3980737409939	1057.949790794979	1.8010723596274678	2156304
SRR18183467	primary	K03555	mutS	cell_maintenance	dna_repair_radiation	mismatch_repair	495	254	241	True	True	869.0	569.620253164557	229.5594684237473	1057.949790794979	0.5384189855895951	2156304
SRR18183467	primary	K03572	mutL	cell_maintenance	dna_repair_radiation	mismatch_repair	385	203	182	True	True	605.0	636.3636363636364	178.5462532184701	1057.949790794979	0.601506462688982	2156304
SRR18183467	primary	K03581	recD	cell_maintenance	dna_repair_radiation	recombination	138	75	63	True	True	652.0	211.6564417177914	63.99839725752955	1057.949790794979	0.20006284188472276	2156304
SRR18183467	primary	K03582	recB	cell_maintenance	dna_repair_radiation	recombination	107	55	52	True	True	1135.0	94.27312775330397	49.621945699678705	1057.949790794979	0.08910926451666858	2156304
SRR18183467	primary	K03583	recC	cell_maintenance	dna_repair_radiation	recombination	112	59	53	True	True	1073.0	104.3802423112768	51.94072820900949	1057.949790794979	0.09866275622857489	2156304
SRR18183467	primary	K03657	uvrD, pcrA	cell_maintenance	dna_repair_radiation	nucleotide_excision	1533	797	736	True	True	730.0	2100.0	710.9387173608173	1057.949790794979	1.9849713268736406	2156304
SRR18183467	primary	K03671	TXN, trxA	cell_maintenance	oxidative_redox	thiol_redox	208	94	114	True	True	110.0	1890.909090909091	96.46135238816048	1057.949790794979	1.7873334891329753	2156304
SRR18183467	primary	K03701	uvrA	cell_maintenance	dna_repair_radiation	nucleotide_excision	1743	895	848	True	True	866.0	2012.70207852194	808.3275827527102	1057.949790794979	1.9024551978119189	2156304
SRR18183467	primary	K03702	uvrB	cell_maintenance	dna_repair_radiation	nucleotide_excision	799	406	393	True	True	666.0	1199.6996996996995	370.54144499105877	1057.949790794979	1.1339854784584862	2156304
SRR18183467	primary	K03703	uvrC	cell_maintenance	dna_repair_radiation	nucleotide_excision	771	391	380	True	True	607.0	1270.1812191103788	357.5562629388064	1057.949790794979	1.2006063332702415	2156304
SRR18183467	primary	K03704	cspA	cell_maintenance	cold_protein_quality	cold_shock	267	132	135	True	True	68.0	3926.4705882352937	123.82298599826369	1057.949790794979	3.7113959683141595	2156304
SRR18183467	primary	K03781	katE, CAT, catB, srpA	cell_maintenance	oxidative_redox	peroxide_detox	778	390	388	True	True	485.0	1604.1237113402062	360.8025584518695	1057.949790794979	1.5162569389373515	2156304
SRR18183467	primary	K03782	katG	cell_maintenance	oxidative_redox	peroxide_detox	76	42	34	True	True	726.0	104.68319559228651	35.24549414182787	1057.949790794979	0.09894911507437801	2156304
SRR18183467	primary	K04047	dps	cell_maintenance	dna_repair_radiation	dna_protection	95	47	48	True	True	172.0	552.3255813953489	44.05686767728484	1057.949790794979	0.5220716391278956	2156304
SRR18183467	primary	K04564	SOD2	cell_maintenance	oxidative_redox	superoxide_detox	350	178	172	True	True	203.0	1724.1379310344826	162.31477565315464	1057.949790794979	1.6296973127041383	2156304
SRR18183467	primary	K04565	SOD1	cell_maintenance	oxidative_redox	superoxide_detox	150	83	67	True	True	186.0	806.4516129032259	69.56347527992342	1057.949790794979	0.7622777752970971	2156304
SRR18183467	primary	K04641	bop	energy_acquisition	light_energy	rhodopsin	0	0	0	False	False	250.0	0.0	0.0	1057.949790794979	0.0	2156304
SRR18183467	primary	K04642	hop	energy_acquisition	light_energy	rhodopsin	0	0	0	False	False	283.0	0.0	0.0	1057.949790794979	0.0	2156304
SRR18183467	primary	K05343	treS	cell_maintenance	osmotic_desiccation_salt	trehalose	352	176	176	True	True	561.0	627.4509803921568	163.24228865688696	1057.949790794979	0.5930820024272315	2156304
SRR18183467	primary	K05592	deaD, cshA	cell_maintenance	cold_protein_quality	rna_helicase	197	97	100	True	True	563.5	349.60070984915706	91.36003086763277	1057.949790794979	0.3304511356691657	2156304
SRR18183467	primary	K06381	spoIID	cell_maintenance	dormancy_resuscitation	sporulation	234	125	109	True	True	464.0	504.31034482758616	108.51902143668053	1057.949790794979	0.4766864639659605	2156304
SRR18183467	primary	K06390	spoIIIAA	cell_maintenance	dormancy_resuscitation	sporulation	0	0	0	False	False	326.0	0.0	0.0	1057.949790794979	0.0	2156304
SRR18183467	primary	K06718	ectA	cell_maintenance	osmotic_desiccation_salt	ectoine	6	3	3	True	True	176.0	34.09090909090909	2.782539011196937	1057.949790794979	0.032223560501195465	2156304
SRR18183467	primary	K06720	ectC	cell_maintenance	osmotic_desiccation_salt	ectoine	11	6	5	True	True	132.0	83.33333333333333	5.101321520527717	1057.949790794979	0.0787687034473667	2156304
SRR18183467	primary	K07646	kdpD	cell_maintenance	osmotic_desiccation_salt	potassium_homeostasis	127	62	65	True	True	491.0	258.65580448065174	58.89707573700183	1057.949790794979	0.24448778829691822	2156304
SRR18183467	primary	K07667	kdpE	cell_maintenance	osmotic_desiccation_salt	potassium_homeostasis	34	18	16	True	True	232.0	146.55172413793102	15.76772106344931	1057.949790794979	0.13852427157985175	2156304
SRR18183467	primary	K07699	spo0A	cell_maintenance	dormancy_resuscitation	sporulation	0	0	0	False	False	266.0	0.0	0.0	1057.949790794979	0.0	2156304
SRR18183467	primary	K10255	FAD6, desA	cell_maintenance	cold_protein_quality	membrane_adaptation	20	12	8	True	True	350.0	57.142857142857146	9.275130037323123	1057.949790794979	0.05401282522105145	2156304
SRR18183467	primary	K10674	ectD	cell_maintenance	osmotic_desiccation_salt	ectoine	3	1	2	True	True	302.0	9.933774834437086	1.3912695055984685	1057.949790794979	0.009389646768560269	2156304
SRR18183467	primary	K11180	dsrA	energy_acquisition	sulfur_chemolithotrophy	dissimilatory_sulfite	0	0	0	False	False	408.0	0.0	0.0	1057.949790794979	0.0	2156304
SRR18183467	primary	K11181	dsrB	energy_acquisition	sulfur_chemolithotrophy	dissimilatory_sulfite	0	0	0	False	False	359.0	0.0	0.0	1057.949790794979	0.0	2156304
SRR18183467	primary	K11935	pgaA	surface_retention	biofilm_eps_surface	pga	3	3	0	False	True	812.5	3.6923076923076925	1.3912695055984685	1057.949790794979	0.003490059475821786	2156304
SRR18183467	primary	K17222	soxA	energy_acquisition	sulfur_chemolithotrophy	sox	7	3	4	True	True	275.0	25.454545454545453	3.2462955130630933	1057.949790794979	0.02406025850755928	2156304
SRR18183467	primary	K17223	soxX	energy_acquisition	sulfur_chemolithotrophy	sox	1	0	1	False	False	154.0	6.4935064935064934	0.4637565018661562	1057.949790794979	0.006137821047846755	2156304
SRR18183467	primary	K17224	soxB	energy_acquisition	sulfur_chemolithotrophy	sox	21	10	11	True	True	563.0	37.30017761989343	9.738886539189279	1057.949790794979	0.03525703955370588	2156304
SRR18183467	primary	K17225	soxC	energy_acquisition	sulfur_chemolithotrophy	sox	20	10	10	True	True	424.0	47.16981132075472	9.275130037323123	1057.949790794979	0.044586058555113224	2156304
SRR18183467	primary	K17229	fccB	energy_acquisition	sulfur_chemolithotrophy	sox	8	3	5	True	True	424.0	18.867924528301888	3.7100520149292495	1057.949790794979	0.01783442342204529	2156304
SRR18183467	primary	K20543	bcsC	surface_retention	biofilm_eps_surface	cellulose	2	1	1	True	False	1565.0	1.2779552715654952	0.9275130037323124	1057.949790794979	0.0012079545576592974	2156304
SRR18183467	stringent	K00066	algD	surface_retention	biofilm_eps_surface	alginate	60	29	31	True	False	437.0	137.29977116704805	27.82539011196937	914.9529419601648	0.15006211234525524	2156304
SRR18183467	stringent	K00130	betB, gbsA	cell_maintenance	osmotic_desiccation_salt	betaine	71	38	33	True	False	492.0	144.3089430894309	32.92671163249709	914.9529419601648	0.1577228035141001	2156304
SRR18183467	stringent	K00383	GSR, gor	cell_maintenance	oxidative_redox	thiol_redox	37	21	16	True	False	452.0	81.85840707964601	17.158990569047777	914.9529419601648	0.08946734124301002	2156304
SRR18183467	stringent	K00384	trxB, TRR	cell_maintenance	oxidative_redox	thiol_redox	444	228	216	True	False	327.0	1357.7981651376147	205.9078868285733	914.9529419601648	1.484008742819836	2156304
SRR18183467	stringent	K00436	hoxH	energy_acquisition	trace_gas_energy	hydrogenase	0	0	0	False	False	474.0	0.0	0.0	914.9529419601648	0.0	2156304
SRR18183467	stringent	K00437	hydB	energy_acquisition	trace_gas_energy	hydrogenase	0	0	0	False	False	568.0	0.0	0.0	914.9529419601648	0.0	2156304
SRR18183467	stringent	K00440	frhA	energy_acquisition	trace_gas_energy	hydrogenase	0	0	0	False	False	415.0	0.0	0.0	914.9529419601648	0.0	2156304
SRR18183467	stringent	K00441	frhB	energy_acquisition	trace_gas_energy	hydrogenase	85	47	38	True	False	387.0	219.63824289405684	39.41930265862327	914.9529419601648	0.24005414138951361	2156304
SRR18183467	stringent	K00694	bcsA	surface_retention	biofilm_eps_surface	cellulose	3	3	0	False	False	1408.0	2.1306818181818183	1.3912695055984685	914.9529419601648	0.002328733774676014	2156304
SRR18183467	stringent	K00697	otsA	cell_maintenance	osmotic_desiccation_salt	trehalose	90	43	47	True	False	503.0	178.92644135188866	41.738085167954054	914.9529419601648	0.19555808079983064	2156304
SRR18183467	stringent	K01087	otsB	cell_maintenance	osmotic_desiccation_salt	trehalose	90	48	42	True	False	269.0	334.5724907063197	41.738085167954054	914.9529419601648	0.36567180164429297	2156304
SRR18183467	stringent	K01139	spoT	cell_maintenance	dormancy_resuscitation	stringent_response	466	232	234	True	False	736.0	633.1521739130435	216.11052986962878	914.9529419601648	0.6920051784921302	2156304
SRR18183467	stringent	K01546	kdpA	cell_maintenance	osmotic_desiccation_salt	potassium_homeostasis	93	49	44	True	False	567.0	164.02116402116403	43.12935467355253	914.9529419601648	0.17926732239340148	2156304
SRR18183467	stringent	K01547	kdpB	cell_maintenance	osmotic_desiccation_salt	potassium_homeostasis	45	23	22	True	False	677.0	66.46971935007385	20.869042583977027	914.9529419601648	0.07264823828826794	2156304
SRR18183467	stringent	K01548	kdpC	cell_maintenance	osmotic_desiccation_salt	potassium_homeostasis	16	5	11	True	False	194.0	82.4742268041237	7.420104029858499	914.9529419601648	0.09014040287955538	2156304
SRR18183467	stringent	K01601	rbcL, cbbL	energy_acquisition	trace_gas_energy	carbon_fixation	194	99	95	True	False	476.0	407.56302521008405	89.9687613620343	914.9529419601648	0.44544698040637426	2156304
SRR18183467	stringent	K01602	rbcS, cbbS	energy_acquisition	trace_gas_energy	carbon_fixation	48	21	27	True	False	140.0	342.85714285714283	22.260312089575496	914.9529419601648	0.3747265319707231	2156304
SRR18183467	stringent	K01669	phr, PHR1	cell_maintenance	dna_repair_radiation	photorepair	62	32	30	True	False	468.0	132.47863247863248	28.752903115701685	914.9529419601648	0.14479283731774734	2156304
SRR18183467	stringent	K02000	proV	cell_maintenance	osmotic_desiccation_salt	compatible_solute_transport	167	89	78	True	False	392.0	426.0204081632653	77.44733581164807	914.9529419601648	0.465620021124336	2156304
SRR18183467	stringent	K02001	proW	cell_maintenance	osmotic_desiccation_salt	compatible_solute_transport	64	32	32	True	False	301.0	212.62458471760797	29.680416119433996	914.9529419601648	0.23238854695858796	2156304
SRR18183467	stringent	K02002	proX	cell_maintenance	osmotic_desiccation_salt	compatible_solute_transport	255	131	124	True	False	315.0	809.5238095238095	118.25790797586983	914.9529419601648	0.8847709782642073	2156304
SRR18183467	stringent	K03386	PRDX2_4, ahpC	cell_maintenance	oxidative_redox	peroxide_detox	13	9	4	True	False	201.0	64.67661691542288	6.02883452426003	914.9529419601648	0.07068846270591998	2156304
SRR18183467	stringent	K03387	ahpF	cell_maintenance	oxidative_redox	peroxide_detox	0	0	0	False	False	520.0	0.0	0.0	914.9529419601648	0.0	2156304
SRR18183467	stringent	K03518	coxS	energy_acquisition	trace_gas_energy	carbon_monoxide	255	122	133	True	False	164.0	1554.8780487804877	118.25790797586983	914.9529419601648	1.6994076716660078	2156304
SRR18183467	stringent	K03519	coxM, cutM	energy_acquisition	trace_gas_energy	carbon_monoxide	302	155	147	True	False	286.0	1055.9440559440561	140.05446356357916	914.9529419601648	1.1540965742804614	2156304
SRR18183467	stringent	K03520	coxL, cutL	energy_acquisition	trace_gas_energy	carbon_monoxide	444	232	212	True	False	785.0	565.6050955414013	205.9078868285733	914.9529419601648	0.6181794380918298	2156304
SRR18183467	stringent	K03553	recA	cell_maintenance	dna_repair_radiation	recombination	623	319	304	True	False	349.0	1785.1002865329515	288.92030066261526	914.9529419601648	1.9510296154779412	2156304
SRR18183467	stringent	K03555	mutS	cell_maintenance	dna_repair_radiation	mismatch_repair	460	239	221	True	False	869.0	529.3440736478711	213.32799085843183	914.9529419601648	0.5785478677338552	2156304
SRR18183467	stringent	K03572	mutL	cell_maintenance	dna_repair_radiation	mismatch_repair	360	190	170	True	False	605.0	595.0413223140496	166.95234067181622	914.9529419601648	0.650351832345883	2156304
SRR18183467	stringent	K03581	recD	cell_maintenance	dna_repair_radiation	recombination	113	60	53	True	False	652.0	173.31288343558282	52.40448471087564	914.9529419601648	0.18942272928734788	2156304
SRR18183467	stringent	K03582	recB	cell_maintenance	dna_repair_radiation	recombination	89	47	42	True	False	1135.0	78.41409691629956	41.274328666087904	914.9529419601648	0.08570287423559489	2156304
SRR18183467	stringent	K03583	recC	cell_maintenance	dna_repair_radiation	recombination	105	57	48	True	False	1073.0	97.856477166822	48.6944326959464	914.9529419601648	0.1069524700988201	2156304
SRR18183467	stringent	K03657	uvrD, pcrA	cell_maintenance	dna_repair_radiation	nucleotide_excision	1402	738	664	True	False	730.0	1920.5479452054794	650.186615616351	914.9529419601648	2.0990674570551806	2156304
SRR18183467	stringent	K03671	TXN, trxA	cell_maintenance	oxidative_redox	thiol_redox	159	70	89	True	False	110.0	1445.4545454545455	73.73728379671883	914.9529419601648	1.5798129927402076	2156304
SRR18183467	stringent	K03701	uvrA	cell_maintenance	dna_repair_radiation	nucleotide_excision	1623	836	787	True	False	866.0	1874.133949191686	752.6768025287715	914.9529419601648	2.048339169418488	2156304
SRR18183467	stringent	K03702	uvrB	cell_maintenance	dna_repair_radiation	nucleotide_excision	755	388	367	True	False	666.0	1133.6336336336335	350.13615890894795	914.9529419601648	1.239007583499294	2156304
SRR18183467	stringent	K03703	uvrC	cell_maintenance	dna_repair_radiation	nucleotide_excision	727	368	359	True	False	607.0	1197.6935749588138	337.1509768566955	914.9529419601648	1.3090220491481395	2156304
SRR18183467	stringent	K03704	cspA	cell_maintenance	cold_protein_quality	cold_shock	128	60	68	True	False	68.0	1882.3529411764705	59.36083223886799	914.9529419601648	2.0573221363098524	2156304
SRR18183467	stringent	K03781	katE, CAT, catB, srpA	cell_maintenance	oxidative_redox	peroxide_detox	734	371	363	True	False	485.0	1513.4020618556701	340.39727236975864	914.9529419601648	1.6540763928398414	2156304
SRR18183467	stringent	K03782	katG	cell_maintenance	oxidative_redox	peroxide_detox	70	38	32	True	False	726.0	96.41873278236915	32.46295513063093	914.9529419601648	0.10538108394493476	2156304
SRR18183467	stringent	K04047	dps	cell_maintenance	dna_repair_radiation	dna_protection	83	42	41	True	False	172.0	482.55813953488376	38.491789654890965	914.9529419601648	0.5274130694646079	2156304
SRR18183467	stringent	K04564	SOD2	cell_maintenance	oxidative_redox	superoxide_detox	299	151	148	True	False	203.0	1472.9064039408865	138.6631940579807	914.9529419601648	1.6098165669431925	2156304
SRR18183467	stringent	K04565	SOD1	cell_maintenance	oxidative_redox	superoxide_detox	129	69	60	True	False	186.0	693.5483870967741	59.82458874073414	914.9529419601648	0.7580153637310998	2156304
SRR18183467	stringent	K04641	bop	energy_acquisition	light_energy	rhodopsin	0	0	0	False	False	250.0	0.0	0.0	914.9529419601648	0.0	2156304
SRR18183467	stringent	K04642	hop	energy_acquisition	light_energy	rhodopsin	0	0	0	False	False	283.0	0.0	0.0	914.9529419601648	0.0	2156304
SRR18183467	stringent	K05343	treS	cell_maintenance	osmotic_desiccation_salt	trehalose	322	161	161	True	False	561.0	573.9750445632798	149.32959360090229	914.9529419601648	0.6273273938369056	2156304
SRR18183467	stringent	K05592	deaD, cshA	cell_maintenance	cold_protein_quality	rna_helicase	176	86	90	True	False	563.5	312.33362910381544	81.62114432844348	914.9529419601648	0.34136578481805	2156304
SRR18183467	stringent	K06381	spoIID	cell_maintenance	dormancy_resuscitation	sporulation	196	106	90	True	False	464.0	422.41379310344826	90.8962743657666	914.9529419601648	0.46167816259324	2156304
SRR18183467	stringent	K06390	spoIIIAA	cell_maintenance	dormancy_resuscitation	sporulation	0	0	0	False	False	326.0	0.0	0.0	914.9529419601648	0.0	2156304
SRR18183467	stringent	K06718	ectA	cell_maintenance	osmotic_desiccation_salt	ectoine	6	3	3	True	False	176.0	34.09090909090909	2.782539011196937	914.9529419601648	0.03725974039481622	2156304
SRR18183467	stringent	K06720	ectC	cell_maintenance	osmotic_desiccation_salt	ectoine	11	6	5	True	False	132.0	83.33333333333333	5.101321520527717	914.9529419601648	0.09107936540955075	2156304
SRR18183467	stringent	K07646	kdpD	cell_maintenance	osmotic_desiccation_salt	potassium_homeostasis	107	54	53	True	False	491.0	217.9226069246436	49.621945699678705	914.9529419601648	0.2381790329650981	2156304
SRR18183467	stringent	K07667	kdpE	cell_maintenance	osmotic_desiccation_salt	potassium_homeostasis	28	15	13	True	False	232.0	120.6896551724138	12.985182052252373	914.9529419601648	0.13190804645521143	2156304
SRR18183467	stringent	K07699	spo0A	cell_maintenance	dormancy_resuscitation	sporulation	0	0	0	False	False	266.0	0.0	0.0	914.9529419601648	0.0	2156304
SRR18183467	stringent	K10255	FAD6, desA	cell_maintenance	cold_protein_quality	membrane_adaptation	19	12	7	True	False	350.0	54.28571428571429	8.811373535456967	914.9529419601648	0.0593317008953645	2156304
SRR18183467	stringent	K10674	ectD	cell_maintenance	osmotic_desiccation_salt	ectoine	3	1	2	True	False	302.0	9.933774834437086	1.3912695055984685	914.9529419601648	0.010857142896502739	2156304
SRR18183467	stringent	K11180	dsrA	energy_acquisition	sulfur_chemolithotrophy	dissimilatory_sulfite	0	0	0	False	False	408.0	0.0	0.0	914.9529419601648	0.0	2156304
SRR18183467	stringent	K11181	dsrB	energy_acquisition	sulfur_chemolithotrophy	dissimilatory_sulfite	0	0	0	False	False	359.0	0.0	0.0	914.9529419601648	0.0	2156304
SRR18183467	stringent	K11935	pgaA	surface_retention	biofilm_eps_surface	pga	2	2	0	False	False	812.5	2.4615384615384617	0.9275130037323124	914.9529419601648	0.002690344332097499	2156304
SRR18183467	stringent	K17222	soxA	energy_acquisition	sulfur_chemolithotrophy	sox	7	3	4	True	False	275.0	25.454545454545453	3.2462955130630933	914.9529419601648	0.027820606161462775	2156304
SRR18183467	stringent	K17223	soxX	energy_acquisition	sulfur_chemolithotrophy	sox	0	0	0	False	False	154.0	0.0	0.0	914.9529419601648	0.0	2156304
SRR18183467	stringent	K17224	soxB	energy_acquisition	sulfur_chemolithotrophy	sox	20	9	11	True	False	563.0	35.52397868561279	9.275130037323123	914.9529419601648	0.038826017226096236	2156304
SRR18183467	stringent	K17225	soxC	energy_acquisition	sulfur_chemolithotrophy	sox	20	10	10	True	False	424.0	47.16981132075472	9.275130037323123	914.9529419601648	0.05155435777899099	2156304
SRR18183467	stringent	K17229	fccB	energy_acquisition	sulfur_chemolithotrophy	sox	8	3	5	True	False	424.0	18.867924528301888	3.7100520149292495	914.9529419601648	0.020621743111596397	2156304
SRR18183467	stringent	K20543	bcsC	surface_retention	biofilm_eps_surface	cellulose	0	0	0	False	False	1565.0	0.0	0.0	914.9529419601648	0.0	2156304
SRR18183468	broad	K00066	algD	surface_retention	biofilm_eps_surface	alginate	28	15	13	True	False	437.0	64.07322654462243	4.327845419253842	3905.861219604969	0.016404378686834826	6469732
SRR18183468	broad	K00130	betB, gbsA	cell_maintenance	osmotic_desiccation_salt	betaine	1272	636	636	True	False	492.0	2585.3658536585367	196.60783476038884	3905.861219604969	0.6619195379194798	6469732
SRR18183468	broad	K00383	GSR, gor	cell_maintenance	oxidative_redox	thiol_redox	66	32	34	True	False	452.0	146.01769911504425	10.201349916812628	3905.861219604969	0.037384251745076647	6469732
SRR18183468	broad	K00384	trxB, TRR	cell_maintenance	oxidative_redox	thiol_redox	1358	685	673	True	False	327.0	4152.905198776758	209.90050283381134	3905.861219604969	1.0632495537557207	6469732
SRR18183468	broad	K00436	hoxH	energy_acquisition	trace_gas_energy	hydrogenase	0	0	0	False	False	474.0	0.0	0.0	3905.861219604969	0.0	6469732
SRR18183468	broad	K00437	hydB	energy_acquisition	trace_gas_energy	hydrogenase	0	0	0	False	False	568.0	0.0	0.0	3905.861219604969	0.0	6469732
SRR18183468	broad	K00440	frhA	energy_acquisition	trace_gas_energy	hydrogenase	0	0	0	False	False	415.0	0.0	0.0	3905.861219604969	0.0	6469732
SRR18183468	broad	K00441	frhB	energy_acquisition	trace_gas_energy	hydrogenase	789	394	395	True	False	387.0	2038.7596899224807	121.95250127826006	3905.861219604969	0.5219744315771354	6469732
SRR18183468	broad	K00694	bcsA	surface_retention	biofilm_eps_surface	cellulose	4	3	1	True	False	1408.0	2.8409090909090913	0.6182636313219775	3905.861219604969	0.0007273451183184679	6469732
SRR18183468	broad	K00697	otsA	cell_maintenance	osmotic_desiccation_salt	trehalose	885	453	432	True	False	503.0	1759.4433399602385	136.79082842998753	3905.861219604969	0.45046232854586293	6469732
SRR18183468	broad	K01087	otsB	cell_maintenance	osmotic_desiccation_salt	trehalose	860	437	423	True	False	269.0	3197.0260223048326	132.92668073422516	3905.861219604969	0.8185201272021061	6469732
SRR18183468	broad	K01139	spoT	cell_maintenance	dormancy_resuscitation	stringent_response	2417	1215	1202	True	False	736.0	3283.967391304348	373.58579922630486	3905.861219604969	0.8407793330753524	6469732
SRR18183468	broad	K01546	kdpA	cell_maintenance	osmotic_desiccation_salt	potassium_homeostasis	3	2	1	True	False	567.0	5.291005291005291	0.4636977234914831	3905.861219604969	0.0013546321780322785	6469732
SRR18183468	broad	K01547	kdpB	cell_maintenance	osmotic_desiccation_salt	potassium_homeostasis	16	9	7	True	False	677.0	23.63367799113737	2.47305452528791	3905.861219604969	0.00605082379079706	6469732
SRR18183468	broad	K01548	kdpC	cell_maintenance	osmotic_desiccation_salt	potassium_homeostasis	0	0	0	False	False	194.0	0.0	0.0	3905.861219604969	0.0	6469732
SRR18183468	broad	K01601	rbcL, cbbL	energy_acquisition	trace_gas_energy	carbon_fixation	992	491	501	True	False	476.0	2084.0336134453783	153.32938056785042	3905.861219604969	0.5335657096531846	6469732
SRR18183468	broad	K01602	rbcS, cbbS	energy_acquisition	trace_gas_energy	carbon_fixation	286	148	138	True	False	140.0	2042.8571428571427	44.20584963952139	3905.861219604969	0.5230234839382627	6469732
SRR18183468	broad	K01669	phr, PHR1	cell_maintenance	dna_repair_radiation	photorepair	841	429	412	True	False	468.0	1797.0085470085469	129.98992848544577	3905.861219604969	0.4600799787736167	6469732
SRR18183468	broad	K02000	proV	cell_maintenance	osmotic_desiccation_salt	compatible_solute_transport	876	438	438	True	False	392.0	2234.6938775510203	135.39973525951308	3905.861219604969	0.5721385763360616	6469732
SRR18183468	broad	K02001	proW	cell_maintenance	osmotic_desiccation_salt	compatible_solute_transport	298	159	139	True	False	301.0	990.0332225913621	46.06064053348732	3905.861219604969	0.25347373266157475	6469732
SRR18183468	broad	K02002	proX	cell_maintenance	osmotic_desiccation_salt	compatible_solute_transport	1652	831	821	True	False	315.0	5244.444444444444	255.3428797359767	3905.861219604969	1.3427114148655945	6469732
SRR18183468	broad	K03386	PRDX2_4, ahpC	cell_maintenance	oxidative_redox	peroxide_detox	80	39	41	True	False	201.0	398.0099502487562	12.36527262643955	3905.861219604969	0.10190068921317438	6469732
SRR18183468	broad	K03387	ahpF	cell_maintenance	oxidative_redox	peroxide_detox	54	26	28	True	False	520.0	103.84615384615384	8.346559022846696	3905.861219604969	0.026587261555764297	6469732
SRR18183468	broad	K03518	coxS	energy_acquisition	trace_gas_energy	carbon_monoxide	1226	613	613	True	False	164.0	7475.60975609756	189.4978030001861	3905.861219604969	1.9139465884181182	6469732
SRR18183468	broad	K03519	coxM, cutM	energy_acquisition	trace_gas_energy	carbon_monoxide	1321	662	659	True	False	286.0	4618.88111888112	204.18156424408306	3905.861219604969	1.1825512631368567	6469732
SRR18183468	broad	K03520	coxL, cutL	energy_acquisition	trace_gas_energy	carbon_monoxide	2986	1507	1479	True	False	785.0	3803.8216560509554	461.53380078185614	3905.861219604969	0.9738752715939217	6469732
SRR18183468	broad	K03553	recA	cell_maintenance	dna_repair_radiation	recombination	2330	1167	1163	True	False	349.0	6676.21776504298	360.13856524505184	3905.861219604969	1.7092818688827351	6469732
SRR18183468	broad	K03555	mutS	cell_maintenance	dna_repair_radiation	mismatch_repair	1451	735	716	True	False	869.0	1669.7353279631761	224.27513226204732	3905.861219604969	0.42749479156662146	6469732
SRR18183468	broad	K03572	mutL	cell_maintenance	dna_repair_radiation	mismatch_repair	1460	736	724	True	False	605.0	2413.223140495868	225.6662254325218	3905.861219604969	0.6178466168697967	6469732
SRR18183468	broad	K03581	recD	cell_maintenance	dna_repair_radiation	recombination	1019	513	506	True	False	652.0	1562.8834355828221	157.50266007927377	3905.861219604969	0.4001379843549303	6469732
SRR18183468	broad	K03582	recB	cell_maintenance	dna_repair_radiation	recombination	772	396	376	True	False	1135.0	680.1762114537445	119.32488084514166	3905.861219604969	0.1741424421430253	6469732
SRR18183468	broad	K03583	recC	cell_maintenance	dna_repair_radiation	recombination	776	392	384	True	False	1073.0	723.205964585275	119.94314447646363	3905.861219604969	0.18515915541372424	6469732
SRR18183468	broad	K03657	uvrD, pcrA	cell_maintenance	dna_repair_radiation	nucleotide_excision	5932	2990	2942	True	False	730.0	8126.0273972602745	916.8849652504925	3905.861219604969	2.0804700782692236	6469732
SRR18183468	broad	K03671	TXN, trxA	cell_maintenance	oxidative_redox	thiol_redox	1071	546	525	True	False	110.0	9736.363636363636	165.54008728645945	3905.861219604969	2.4927571895010527	6469732
SRR18183468	broad	K03701	uvrA	cell_maintenance	dna_repair_radiation	nucleotide_excision	5356	2697	2659	True	False	866.0	6184.757505773672	827.8550023401278	3905.861219604969	1.58345551929241	6469732
SRR18183468	broad	K03702	uvrB	cell_maintenance	dna_repair_radiation	nucleotide_excision	3270	1623	1647	True	False	666.0	4909.909909909909	505.4305186057166	3905.861219604969	1.257062049533467	6469732
SRR18183468	broad	K03703	uvrC	cell_maintenance	dna_repair_radiation	nucleotide_excision	2463	1236	1227	True	False	607.0	4057.660626029654	380.69583098650764	3905.861219604969	1.0388645161437757	6469732
SRR18183468	broad	K03704	cspA	cell_maintenance	cold_protein_quality	cold_shock	959	496	463	True	False	68.0	14102.941176470587	148.2287056094441	3905.861219604969	3.6107123073607132	6469732
SRR18183468	broad	K03781	katE, CAT, catB, srpA	cell_maintenance	oxidative_redox	peroxide_detox	3286	1656	1630	True	False	485.0	6775.257731958763	507.9035731310045	3905.861219604969	1.7346386241147602	6469732
SRR18183468	broad	K03782	katG	cell_maintenance	oxidative_redox	peroxide_detox	727	364	363	True	False	726.0	1001.3774104683196	112.3694149927694	3905.861219604969	0.2563781338266793	6469732
SRR18183468	broad	K04047	dps	cell_maintenance	dna_repair_radiation	dna_protection	210	107	103	True	False	172.0	1220.9302325581396	32.45884064440382	3905.861219604969	0.31258925084942524	6469732
SRR18183468	broad	K04564	SOD2	cell_maintenance	oxidative_redox	superoxide_detox	1318	669	649	True	False	203.0	6492.610837438423	203.71786652059157	3905.861219604969	1.6622738168088504	6469732
SRR18183468	broad	K04565	SOD1	cell_maintenance	oxidative_redox	superoxide_detox	834	428	406	True	False	186.0	4483.870967741936	128.9079671306323	3905.861219604969	1.1479852241640642	6469732
SRR18183468	broad	K04641	bop	energy_acquisition	light_energy	rhodopsin	0	0	0	False	False	250.0	0.0	0.0	3905.861219604969	0.0	6469732
SRR18183468	broad	K04642	hop	energy_acquisition	light_energy	rhodopsin	0	0	0	False	False	283.0	0.0	0.0	3905.861219604969	0.0	6469732
SRR18183468	broad	K05343	treS	cell_maintenance	osmotic_desiccation_salt	trehalose	3470	1743	1727	True	False	561.0	6185.383244206773	536.3437001718155	3905.861219604969	1.5836157242761304	6469732
SRR18183468	broad	K05592	deaD, cshA	cell_maintenance	cold_protein_quality	rna_helicase	768	390	378	True	False	563.5	1362.9103815439219	118.70661721381967	3905.861219604969	0.3489397868779792	6469732
SRR18183468	broad	K06381	spoIID	cell_maintenance	dormancy_resuscitation	sporulation	1535	787	748	True	False	464.0	3308.1896551724135	237.25866851980885	3905.861219604969	0.8469808498487812	6469732
SRR18183468	broad	K06390	spoIIIAA	cell_maintenance	dormancy_resuscitation	sporulation	27	12	15	True	False	326.0	82.82208588957054	4.173279511423348	3905.861219604969	0.02120456443097766	6469732
SRR18183468	broad	K06718	ectA	cell_maintenance	osmotic_desiccation_salt	ectoine	176	83	93	True	False	176.0	1000.0000000000001	27.20359977816701	3905.861219604969	0.2560254816481007	6469732
SRR18183468	broad	K06720	ectC	cell_maintenance	osmotic_desiccation_salt	ectoine	203	104	99	True	False	132.0	1537.8787878787878	31.376879289590356	3905.861219604969	0.39373615738306383	6469732
SRR18183468	broad	K07646	kdpD	cell_maintenance	osmotic_desiccation_salt	potassium_homeostasis	67	30	37	True	False	491.0	136.4562118126273	10.355915824643123	3905.861219604969	0.03493626735320314	6469732
SRR18183468	broad	K07667	kdpE	cell_maintenance	osmotic_desiccation_salt	potassium_homeostasis	119	62	57	True	False	232.0	512.9310344827586	18.39334303182883	3905.861219604969	0.1313234151557068	6469732
SRR18183468	broad	K07699	spo0A	cell_maintenance	dormancy_resuscitation	sporulation	89	46	43	True	False	266.0	334.5864661654135	13.756365796914	3905.861219604969	0.08566266115293593	6469732
SRR18183468	broad	K10255	FAD6, desA	cell_maintenance	cold_protein_quality	membrane_adaptation	39	21	18	True	False	350.0	111.42857142857143	6.02807040538928	3905.861219604969	0.028528553669359788	6469732
SRR18183468	broad	K10674	ectD	cell_maintenance	osmotic_desiccation_salt	ectoine	252	128	124	True	False	302.0	834.4370860927153	38.95060877328458	3905.861219604969	0.21363715687192505	6469732
SRR18183468	broad	K11180	dsrA	energy_acquisition	sulfur_chemolithotrophy	dissimilatory_sulfite	0	0	0	False	False	408.0	0.0	0.0	3905.861219604969	0.0	6469732
SRR18183468	broad	K11181	dsrB	energy_acquisition	sulfur_chemolithotrophy	dissimilatory_sulfite	0	0	0	False	False	359.0	0.0	0.0	3905.861219604969	0.0	6469732
SRR18183468	broad	K11935	pgaA	surface_retention	biofilm_eps_surface	pga	2	1	1	True	False	812.5	2.4615384615384617	0.30913181566098874	3905.861219604969	0.0006302165702107093	6469732
SRR18183468	broad	K17222	soxA	energy_acquisition	sulfur_chemolithotrophy	sox	12	5	7	True	False	275.0	43.63636363636363	1.8547908939659323	3905.861219604969	0.011172021017371664	6469732
SRR18183468	broad	K17223	soxX	energy_acquisition	sulfur_chemolithotrophy	sox	7	4	3	True	False	154.0	45.45454545454545	1.0819613548134606	3905.861219604969	0.011637521893095484	6469732
SRR18183468	broad	K17224	soxB	energy_acquisition	sulfur_chemolithotrophy	sox	7	4	3	True	False	563.0	12.433392539964478	1.0819613548134606	3905.861219604969	0.003183265313564307	6469732
SRR18183468	broad	K17225	soxC	energy_acquisition	sulfur_chemolithotrophy	sox	40	20	20	True	False	424.0	94.33962264150944	6.182636313219775	3905.861219604969	0.024153347325292514	6469732
SRR18183468	broad	K17229	fccB	energy_acquisition	sulfur_chemolithotrophy	sox	35	18	17	True	False	424.0	82.54716981132076	5.409806774067303	3905.861219604969	0.02113417890963095	6469732
SRR18183468	broad	K20543	bcsC	surface_retention	biofilm_eps_surface	cellulose	0	0	0	False	False	1565.0	0.0	0.0	3905.861219604969	0.0	6469732
SRR18183468	primary	K00066	algD	surface_retention	biofilm_eps_surface	alginate	28	15	13	True	True	437.0	64.07322654462243	4.327845419253842	3770.746551132305	0.0169921859440227	6469732
SRR18183468	primary	K00130	betB, gbsA	cell_maintenance	osmotic_desiccation_salt	betaine	1217	608	609	True	True	492.0	2473.5772357723577	188.10670982971163	3770.746551132305	0.6559913805475935	6469732
SRR18183468	primary	K00383	GSR, gor	cell_maintenance	oxidative_redox	thiol_redox	61	28	33	True	True	452.0	134.95575221238937	9.428520377660158	3770.746551132305	0.035790194430294964	6469732
SRR18183468	primary	K00384	trxB, TRR	cell_maintenance	oxidative_redox	thiol_redox	1233	615	618	True	True	327.0	3770.642201834862	190.57976435499955	3770.746551132305	0.9999723266212598	6469732
SRR18183468	primary	K00436	hoxH	energy_acquisition	trace_gas_energy	hydrogenase	0	0	0	False	False	474.0	0.0	0.0	3770.746551132305	0.0	6469732
SRR18183468	primary	K00437	hydB	energy_acquisition	trace_gas_energy	hydrogenase	0	0	0	False	False	568.0	0.0	0.0	3770.746551132305	0.0	6469732
SRR18183468	primary	K00440	frhA	energy_acquisition	trace_gas_energy	hydrogenase	0	0	0	False	False	415.0	0.0	0.0	3770.746551132305	0.0	6469732
SRR18183468	primary	K00441	frhB	energy_acquisition	trace_gas_energy	hydrogenase	749	376	373	True	True	387.0	1935.4005167958655	115.76986496504028	3770.746551132305	0.5132671980339518	6469732
SRR18183468	primary	K00694	bcsA	surface_retention	biofilm_eps_surface	cellulose	4	3	1	True	True	1408.0	2.8409090909090913	0.6182636313219775	3770.746551132305	0.0007534075951235715	6469732
SRR18183468	primary	K00697	otsA	cell_maintenance	osmotic_desiccation_salt	trehalose	835	432	403	True	True	503.0	1660.0397614314115	129.06253303846282	3770.746551132305	0.4402416706932806	6469732
SRR18183468	primary	K01087	otsB	cell_maintenance	osmotic_desiccation_salt	trehalose	777	401	376	True	True	269.0	2888.4758364312265	120.09771038429413	3770.746551132305	0.7660222709913653	6469732
SRR18183468	primary	K01139	spoT	cell_maintenance	dormancy_resuscitation	stringent_response	2347	1177	1170	True	True	736.0	3188.858695652174	362.7661856781703	3770.746551132305	0.845683647100228	6469732
SRR18183468	primary	K01546	kdpA	cell_maintenance	osmotic_desiccation_salt	potassium_homeostasis	1	1	0	False	False	567.0	1.7636684303350971	0.15456590783049437	3770.746551132305	0.0004677239391243336	6469732
SRR18183468	primary	K01547	kdpB	cell_maintenance	osmotic_desiccation_salt	potassium_homeostasis	16	9	7	True	True	677.0	23.63367799113737	2.47305452528791	3770.746551132305	0.006267638959728145	6469732
SRR18183468	primary	K01548	kdpC	cell_maintenance	osmotic_desiccation_salt	potassium_homeostasis	0	0	0	False	False	194.0	0.0	0.0	3770.746551132305	0.0	6469732
SRR18183468	primary	K01601	rbcL, cbbL	energy_acquisition	trace_gas_energy	carbon_fixation	945	468	477	True	True	476.0	1985.294117647059	146.0647828998172	3770.746551132305	0.5264989547098841	6469732
SRR18183468	primary	K01602	rbcS, cbbS	energy_acquisition	trace_gas_energy	carbon_fixation	242	126	116	True	True	140.0	1728.5714285714284	37.404949694979635	3770.746551132305	0.4584162327357593	6469732
SRR18183468	primary	K01669	phr, PHR1	cell_maintenance	dna_repair_radiation	photorepair	774	394	380	True	True	468.0	1653.8461538461538	119.63401266080264	3770.746551132305	0.43859912922270683	6469732
SRR18183468	primary	K02000	proV	cell_maintenance	osmotic_desiccation_salt	compatible_solute_transport	821	403	418	True	True	392.0	2094.387755102041	126.89861032883589	3770.746551132305	0.5554305299233449	6469732
SRR18183468	primary	K02001	proW	cell_maintenance	osmotic_desiccation_salt	compatible_solute_transport	285	153	132	True	True	301.0	946.843853820598	44.051283731690894	3770.746551132305	0.25110249150430797	6469732
SRR18183468	primary	K02002	proX	cell_maintenance	osmotic_desiccation_salt	compatible_solute_transport	1552	786	766	True	True	315.0	4926.984126984127	239.88628895292726	3770.746551132305	1.3066335963377385	6469732
SRR18183468	primary	K03386	PRDX2_4, ahpC	cell_maintenance	oxidative_redox	peroxide_detox	65	32	33	True	True	201.0	323.3830845771144	10.046784008982133	3770.746551132305	0.08576102376331997	6469732
SRR18183468	primary	K03387	ahpF	cell_maintenance	oxidative_redox	peroxide_detox	51	24	27	True	True	520.0	98.07692307692308	7.882861299355214	3770.746551132305	0.02600994836088145	6469732
SRR18183468	primary	K03518	coxS	energy_acquisition	trace_gas_energy	carbon_monoxide	1038	511	527	True	True	164.0	6329.268292682927	160.43941232805315	3770.746551132305	1.6785186187553052	6469732
SRR18183468	primary	K03519	coxM, cutM	energy_acquisition	trace_gas_energy	carbon_monoxide	1196	600	596	True	True	286.0	4181.818181818182	184.86082576527124	3770.746551132305	1.1090159800218973	6469732
SRR18183468	primary	K03520	coxL, cutL	energy_acquisition	trace_gas_energy	carbon_monoxide	2897	1463	1434	True	True	785.0	3690.4458598726114	447.77743498494215	3770.746551132305	0.9787042989575685	6469732
SRR18183468	primary	K03553	recA	cell_maintenance	dna_repair_radiation	recombination	2218	1115	1103	True	True	349.0	6355.300859598854	342.8271835680365	3770.746551132305	1.685422441794833	6469732
SRR18183468	primary	K03555	mutS	cell_maintenance	dna_repair_radiation	mismatch_repair	1402	711	691	True	True	869.0	1613.348676639816	216.7014027783531	3770.746551132305	0.4278592195901761	6469732
SRR18183468	primary	K03572	mutL	cell_maintenance	dna_repair_radiation	mismatch_repair	1389	698	691	True	True	605.0	2295.8677685950415	214.69204597655667	3770.746551132305	0.6088629234191365	6469732
SRR18183468	primary	K03581	recD	cell_maintenance	dna_repair_radiation	recombination	923	468	455	True	True	652.0	1415.644171779141	142.6643329275463	3770.746551132305	0.3754280889958096	6469732
SRR18183468	primary	K03582	recB	cell_maintenance	dna_repair_radiation	recombination	679	353	326	True	True	1135.0	598.237885462555	104.95025141690567	3770.746551132305	0.15865237224255027	6469732
SRR18183468	primary	K03583	recC	cell_maintenance	dna_repair_radiation	recombination	698	354	344	True	True	1073.0	650.5125815470643	107.88700366568507	3770.746551132305	0.17251559412067197	6469732
SRR18183468	primary	K03657	uvrD, pcrA	cell_maintenance	dna_repair_radiation	nucleotide_excision	5694	2865	2829	True	True	730.0	7800.0	880.0982791868349	3770.746551132305	2.0685558931712777	6469732
SRR18183468	primary	K03671	TXN, trxA	cell_maintenance	oxidative_redox	thiol_redox	858	444	414	True	True	110.0	7800.0	132.61754891856415	3770.746551132305	2.0685558931712777	6469732
SRR18183468	primary	K03701	uvrA	cell_maintenance	dna_repair_radiation	nucleotide_excision	5162	2592	2570	True	True	866.0	5960.7390300230945	797.8692162210119	3770.746551132305	1.5807848523346562	6469732
SRR18183468	primary	K03702	uvrB	cell_maintenance	dna_repair_radiation	nucleotide_excision	3166	1575	1591	True	True	666.0	4753.753753753754	489.35566419134517	3770.746551132305	1.2606929925656936	6469732
SRR18183468	primary	K03703	uvrC	cell_maintenance	dna_repair_radiation	nucleotide_excision	2367	1181	1186	True	True	607.0	3899.505766062603	365.8575038347802	3770.746551132305	1.0341468760056636	6469732
SRR18183468	primary	K03704	cspA	cell_maintenance	cold_protein_quality	cold_shock	643	342	301	True	True	68.0	9455.882352941177	99.38587873500788	3770.746551132305	2.5076950213218923	6469732
SRR18183468	primary	K03781	katE, CAT, catB, srpA	cell_maintenance	oxidative_redox	peroxide_detox	3127	1577	1550	True	True	485.0	6447.422680412371	483.32759378595586	3770.746551132305	1.7098531001709187	6469732
SRR18183468	primary	K03782	katG	cell_maintenance	oxidative_redox	peroxide_detox	701	354	347	True	True	726.0	965.564738292011	108.35070138917655	3770.746551132305	0.25606726020927206	6469732
SRR18183468	primary	K04047	dps	cell_maintenance	dna_repair_radiation	dna_protection	179	91	88	True	True	172.0	1040.6976744186047	27.667297501658492	3770.746551132305	0.27599247531131393	6469732
SRR18183468	primary	K04564	SOD2	cell_maintenance	oxidative_redox	superoxide_detox	1156	588	568	True	True	203.0	5694.581280788177	178.6781894520515	3770.746551132305	1.5101999573740033	6469732
SRR18183468	primary	K04565	SOD1	cell_maintenance	oxidative_redox	superoxide_detox	757	390	367	True	True	186.0	4069.8924731182797	117.00639222768423	3770.746551132305	1.0793333410054158	6469732
SRR18183468	primary	K04641	bop	energy_acquisition	light_energy	rhodopsin	0	0	0	False	False	250.0	0.0	0.0	3770.746551132305	0.0	6469732
SRR18183468	primary	K04642	hop	energy_acquisition	light_energy	rhodopsin	0	0	0	False	False	283.0	0.0	0.0	3770.746551132305	0.0	6469732
SRR18183468	primary	K05343	treS	cell_maintenance	osmotic_desiccation_salt	trehalose	3382	1708	1674	True	True	561.0	6028.520499108734	522.741900282732	3770.746551132305	1.5987604622481058	6469732
SRR18183468	primary	K05592	deaD, cshA	cell_maintenance	cold_protein_quality	rna_helicase	731	376	355	True	True	563.5	1297.2493345164153	112.98767862409139	3770.746551132305	0.3440298404905704	6469732
SRR18183468	primary	K06381	spoIID	cell_maintenance	dormancy_resuscitation	sporulation	1428	734	694	True	True	464.0	3077.5862068965516	220.72011638194596	3770.746551132305	0.8161742416690386	6469732
SRR18183468	primary	K06390	spoIIIAA	cell_maintenance	dormancy_resuscitation	sporulation	22	11	11	True	True	326.0	67.48466257668711	3.4004499722708763	3770.746551132305	0.017896896983548887	6469732
SRR18183468	primary	K06718	ectA	cell_maintenance	osmotic_desiccation_salt	ectoine	149	72	77	True	True	176.0	846.5909090909091	23.03032026674366	3770.746551132305	0.2245154633468243	6469732
SRR18183468	primary	K06720	ectC	cell_maintenance	osmotic_desiccation_salt	ectoine	160	82	78	True	True	132.0	1212.121212121212	24.7305452528791	3770.746551132305	0.32145390725272377	6469732
SRR18183468	primary	K07646	kdpD	cell_maintenance	osmotic_desiccation_salt	potassium_homeostasis	58	28	30	True	True	491.0	118.12627291242363	8.964822654168675	3770.746551132305	0.03132702538094264	6469732
SRR18183468	primary	K07667	kdpE	cell_maintenance	osmotic_desiccation_salt	potassium_homeostasis	111	58	53	True	True	232.0	478.44827586206895	17.156815769184874	3770.746551132305	0.1268842308477077	6469732
SRR18183468	primary	K07699	spo0A	cell_maintenance	dormancy_resuscitation	sporulation	80	40	40	True	True	266.0	300.7518796992481	12.36527262643955	3770.746551132305	0.07975924014541266	6469732
SRR18183468	primary	K10255	FAD6, desA	cell_maintenance	cold_protein_quality	membrane_adaptation	35	19	16	True	True	350.0	100.0	5.409806774067303	3770.746551132305	0.026519947348349716	6469732
SRR18183468	primary	K10674	ectD	cell_maintenance	osmotic_desiccation_salt	ectoine	235	121	114	True	True	302.0	778.1456953642385	36.32298834016618	3770.746551132305	0.20636382870404582	6469732
SRR18183468	primary	K11180	dsrA	energy_acquisition	sulfur_chemolithotrophy	dissimilatory_sulfite	0	0	0	False	False	408.0	0.0	0.0	3770.746551132305	0.0	6469732
SRR18183468	primary	K11181	dsrB	energy_acquisition	sulfur_chemolithotrophy	dissimilatory_sulfite	0	0	0	False	False	359.0	0.0	0.0	3770.746551132305	0.0	6469732
SRR18183468	primary	K11935	pgaA	surface_retention	biofilm_eps_surface	pga	0	0	0	False	False	812.5	0.0	0.0	3770.746551132305	0.0	6469732
SRR18183468	primary	K17222	soxA	energy_acquisition	sulfur_chemolithotrophy	sox	10	4	6	True	True	275.0	36.36363636363636	1.5456590783049438	3770.746551132305	0.009643617217581713	6469732
SRR18183468	primary	K17223	soxX	energy_acquisition	sulfur_chemolithotrophy	sox	7	4	3	True	True	154.0	45.45454545454545	1.0819613548134606	3770.746551132305	0.012054521521977142	6469732
SRR18183468	primary	K17224	soxB	energy_acquisition	sulfur_chemolithotrophy	sox	7	4	3	True	True	563.0	12.433392539964478	1.0819613548134606	3770.746551132305	0.003297329155212221	6469732
SRR18183468	primary	K17225	soxC	energy_acquisition	sulfur_chemolithotrophy	sox	38	19	19	True	True	424.0	89.62264150943396	5.873504497558787	3770.746551132305	0.023767877340502102	6469732
SRR18183468	primary	K17229	fccB	energy_acquisition	sulfur_chemolithotrophy	sox	32	16	16	True	True	424.0	75.47169811320755	4.94610905057582	3770.746551132305	0.020015054602528087	6469732
SRR18183468	primary	K20543	bcsC	surface_retention	biofilm_eps_surface	cellulose	0	0	0	False	False	1565.0	0.0	0.0	3770.746551132305	0.0	6469732
SRR18183468	stringent	K00066	algD	surface_retention	biofilm_eps_surface	alginate	26	14	12	True	False	437.0	59.496567505720826	4.018713603592853	3465.8907877672254	0.01716631340944512	6469732
SRR18183468	stringent	K00130	betB, gbsA	cell_maintenance	osmotic_desiccation_salt	betaine	1160	584	576	True	False	492.0	2357.7235772357726	179.29645308337345	3465.8907877672254	0.6802648212567167	6469732
SRR18183468	stringent	K00383	GSR, gor	cell_maintenance	oxidative_redox	thiol_redox	53	23	30	True	False	452.0	117.2566371681416	8.191993115016201	3465.8907877672254	0.033831601844465486	6469732
SRR18183468	stringent	K00384	trxB, TRR	cell_maintenance	oxidative_redox	thiol_redox	1129	565	564	True	False	327.0	3452.599388379205	174.50490994062812	3465.8907877672254	0.9961650841870343	6469732
SRR18183468	stringent	K00436	hoxH	energy_acquisition	trace_gas_energy	hydrogenase	0	0	0	False	False	474.0	0.0	0.0	3465.8907877672254	0.0	6469732
SRR18183468	stringent	K00437	hydB	energy_acquisition	trace_gas_energy	hydrogenase	0	0	0	False	False	568.0	0.0	0.0	3465.8907877672254	0.0	6469732
SRR18183468	stringent	K00440	frhA	energy_acquisition	trace_gas_energy	hydrogenase	0	0	0	False	False	415.0	0.0	0.0	3465.8907877672254	0.0	6469732
SRR18183468	stringent	K00441	frhB	energy_acquisition	trace_gas_energy	hydrogenase	708	358	350	True	False	387.0	1829.4573643410852	109.43266274399001	3465.8907877672254	0.5278462237754603	6469732
SRR18183468	stringent	K00694	bcsA	surface_retention	biofilm_eps_surface	cellulose	0	0	0	False	False	1408.0	0.0	0.0	3465.8907877672254	0.0	6469732
SRR18183468	stringent	K00697	otsA	cell_maintenance	osmotic_desiccation_salt	trehalose	790	409	381	True	False	503.0	1570.5765407554672	122.10706718609056	3465.8907877672254	0.45315234579773195	6469732
SRR18183468	stringent	K01087	otsB	cell_maintenance	osmotic_desiccation_salt	trehalose	681	353	328	True	False	269.0	2531.598513011152	105.25938323256666	3465.8907877672254	0.7304322807707518	6469732
SRR18183468	stringent	K01139	spoT	cell_maintenance	dormancy_resuscitation	stringent_response	2264	1134	1130	True	False	736.0	3076.086956521739	349.9372153282393	3465.8907877672254	0.8875314154094845	6469732
SRR18183468	stringent	K01546	kdpA	cell_maintenance	osmotic_desiccation_salt	potassium_homeostasis	1	1	0	False	False	567.0	1.7636684303350971	0.15456590783049437	3465.8907877672254	0.0005088643983128148	6469732
SRR18183468	stringent	K01547	kdpB	cell_maintenance	osmotic_desiccation_salt	potassium_homeostasis	16	9	7	True	False	677.0	23.63367799113737	2.47305452528791	3465.8907877672254	0.006818933266608354	6469732
SRR18183468	stringent	K01548	kdpC	cell_maintenance	osmotic_desiccation_salt	potassium_homeostasis	0	0	0	False	False	194.0	0.0	0.0	3465.8907877672254	0.0	6469732
SRR18183468	stringent	K01601	rbcL, cbbL	energy_acquisition	trace_gas_energy	carbon_fixation	899	446	453	True	False	476.0	1888.655462184874	138.95475113961442	3465.8907877672254	0.544926420893248	6469732
SRR18183468	stringent	K01602	rbcS, cbbS	energy_acquisition	trace_gas_energy	carbon_fixation	198	98	100	True	False	140.0	1414.2857142857142	30.604049750437888	3465.8907877672254	0.4080583610070462	6469732
SRR18183468	stringent	K01669	phr, PHR1	cell_maintenance	dna_repair_radiation	photorepair	714	370	344	True	False	468.0	1525.6410256410256	110.36005819097298	3465.8907877672254	0.44018727624821224	6469732
SRR18183468	stringent	K02000	proV	cell_maintenance	osmotic_desiccation_salt	compatible_solute_transport	781	381	400	True	False	392.0	1992.3469387755101	120.7159740156161	3465.8907877672254	0.5748441196726246	6469732
SRR18183468	stringent	K02001	proW	cell_maintenance	osmotic_desiccation_salt	compatible_solute_transport	254	136	118	True	False	301.0	843.8538205980067	39.25974058894557	3465.8907877672254	0.24347386350901984	6469732
SRR18183468	stringent	K02002	proX	cell_maintenance	osmotic_desiccation_salt	compatible_solute_transport	1316	678	638	True	False	315.0	4177.777777777777	203.4087347049306	3465.8907877672254	1.2053979867233957	6469732
SRR18183468	stringent	K03386	PRDX2_4, ahpC	cell_maintenance	oxidative_redox	peroxide_detox	57	30	27	True	False	201.0	283.5820895522388	8.81025674633818	3465.8907877672254	0.08182083825408887	6469732
SRR18183468	stringent	K03387	ahpF	cell_maintenance	oxidative_redox	peroxide_detox	51	24	27	True	False	520.0	98.07692307692308	7.882861299355214	3465.8907877672254	0.02829775347309936	6469732
SRR18183468	stringent	K03518	coxS	energy_acquisition	trace_gas_energy	carbon_monoxide	886	438	448	True	False	164.0	5402.4390243902435	136.94539433781802	3465.8907877672254	1.5587447369830627	6469732
SRR18183468	stringent	K03519	coxM, cutM	energy_acquisition	trace_gas_energy	carbon_monoxide	1027	526	501	True	False	286.0	3590.909090909091	158.73918734191773	3465.8907877672254	1.0360710451648143	6469732
SRR18183468	stringent	K03520	coxL, cutL	energy_acquisition	trace_gas_energy	carbon_monoxide	2760	1399	1361	True	False	785.0	3515.9235668789806	426.60190561216444	3465.8907877672254	1.0144357633218983	6469732
SRR18183468	stringent	K03553	recA	cell_maintenance	dna_repair_radiation	recombination	2113	1059	1054	True	False	349.0	6054.441260744986	326.59776324583464	3465.8907877672254	1.7468644084556801	6469732
SRR18183468	stringent	K03555	mutS	cell_maintenance	dna_repair_radiation	mismatch_repair	1338	678	660	True	False	869.0	1539.7008055235904	206.80918467720147	3465.8907877672254	0.4442438898992218	6469732
SRR18183468	stringent	K03572	mutL	cell_maintenance	dna_repair_radiation	mismatch_repair	1229	620	609	True	False	605.0	2031.404958677686	189.96150072367757	3465.8907877672254	0.5861133783694162	6469732
SRR18183468	stringent	K03581	recD	cell_maintenance	dna_repair_radiation	recombination	734	388	346	True	False	652.0	1125.766871165644	113.45137634758287	3465.8907877672254	0.32481314043102855	6469732
SRR18183468	stringent	K03582	recB	cell_maintenance	dna_repair_radiation	recombination	533	274	259	True	False	1135.0	469.6035242290749	82.38362887365349	3465.8907877672254	0.13549287989296394	6469732
SRR18183468	stringent	K03583	recC	cell_maintenance	dna_repair_radiation	recombination	531	274	257	True	False	1073.0	494.87418452935697	82.0744970579925	3465.8907877672254	0.14278412530366016	6469732
SRR18183468	stringent	K03657	uvrD, pcrA	cell_maintenance	dna_repair_radiation	nucleotide_excision	5113	2581	2532	True	False	730.0	7004.109589041096	790.2954867373178	3465.8907877672254	2.0208685206590826	6469732
SRR18183468	stringent	K03671	TXN, trxA	cell_maintenance	oxidative_redox	thiol_redox	710	366	344	True	False	110.0	6454.545454545455	109.741794559651	3465.8907877672254	1.8623049166253625	6469732
SRR18183468	stringent	K03701	uvrA	cell_maintenance	dna_repair_radiation	nucleotide_excision	4982	2515	2467	True	False	866.0	5752.886836027714	770.047352811523	3465.8907877672254	1.659858082179734	6469732
SRR18183468	stringent	K03702	uvrB	cell_maintenance	dna_repair_radiation	nucleotide_excision	3050	1514	1536	True	False	666.0	4579.579579579579	471.4260188830078	3465.8907877672254	1.321328299132532	6469732
SRR18183468	stringent	K03703	uvrC	cell_maintenance	dna_repair_radiation	nucleotide_excision	2237	1129	1108	True	False	607.0	3685.3377265238883	345.76393581681594	3465.8907877672254	1.063316172434283	6469732
SRR18183468	stringent	K03704	cspA	cell_maintenance	cold_protein_quality	cold_shock	281	152	129	True	False	68.0	4132.35294117647	43.433020100368914	3465.8907877672254	1.1922917351468507	6469732
SRR18183468	stringent	K03781	katE, CAT, catB, srpA	cell_maintenance	oxidative_redox	peroxide_detox	2922	1473	1449	True	False	485.0	6024.742268041237	451.6415826807045	3465.8907877672254	1.7382954735058052	6469732
SRR18183468	stringent	K03782	katG	cell_maintenance	oxidative_redox	peroxide_detox	674	340	334	True	False	726.0	928.374655647383	104.1774218777532	3465.8907877672254	0.26786033158461253	6469732
SRR18183468	stringent	K04047	dps	cell_maintenance	dna_repair_radiation	dna_protection	149	77	72	True	False	172.0	866.2790697674419	23.03032026674366	3465.8907877672254	0.24994413350384614	6469732
SRR18183468	stringent	K04564	SOD2	cell_maintenance	oxidative_redox	superoxide_detox	1033	531	502	True	False	203.0	5088.669950738916	159.66658278890068	3465.8907877672254	1.4682141655182122	6469732
SRR18183468	stringent	K04565	SOD1	cell_maintenance	oxidative_redox	superoxide_detox	619	321	298	True	False	186.0	3327.956989247312	95.67629694707601	3465.8907877672254	0.9602024971453955	6469732
SRR18183468	stringent	K04641	bop	energy_acquisition	light_energy	rhodopsin	0	0	0	False	False	250.0	0.0	0.0	3465.8907877672254	0.0	6469732
SRR18183468	stringent	K04642	hop	energy_acquisition	light_energy	rhodopsin	0	0	0	False	False	283.0	0.0	0.0	3465.8907877672254	0.0	6469732
SRR18183468	stringent	K05343	treS	cell_maintenance	osmotic_desiccation_salt	trehalose	3248	1644	1604	True	False	561.0	5789.661319073083	502.0300686334457	3465.8907877672254	1.670468480861413	6469732
SRR18183468	stringent	K05592	deaD, cshA	cell_maintenance	cold_protein_quality	rna_helicase	685	354	331	True	False	563.5	1215.6166814551907	105.87764686388864	3465.8907877672254	0.35073715702343516	6469732
SRR18183468	stringent	K06381	spoIID	cell_maintenance	dormancy_resuscitation	sporulation	1269	653	616	True	False	464.0	2734.913793103448	196.14413703689735	3465.8907877672254	0.7890940484207574	6469732
SRR18183468	stringent	K06390	spoIIIAA	cell_maintenance	dormancy_resuscitation	sporulation	16	9	7	True	False	326.0	49.079754601226995	2.47305452528791	3465.8907877672254	0.014160790863478087	6469732
SRR18183468	stringent	K06718	ectA	cell_maintenance	osmotic_desiccation_salt	ectoine	124	59	65	True	False	176.0	704.5454545454546	19.166172570981303	3465.8907877672254	0.2032797620260079	6469732
SRR18183468	stringent	K06720	ectC	cell_maintenance	osmotic_desiccation_salt	ectoine	125	68	57	True	False	132.0	946.9696969696969	19.320738478811798	3465.8907877672254	0.27322548659409657	6469732
SRR18183468	stringent	K07646	kdpD	cell_maintenance	osmotic_desiccation_salt	potassium_homeostasis	38	20	18	True	False	491.0	77.39307535641548	5.873504497558787	3465.8907877672254	0.02232992327097334	6469732
SRR18183468	stringent	K07667	kdpE	cell_maintenance	osmotic_desiccation_salt	potassium_homeostasis	92	51	41	True	False	232.0	396.551724137931	14.220063520405482	3465.8907877672254	0.11441552790340374	6469732
SRR18183468	stringent	K07699	spo0A	cell_maintenance	dormancy_resuscitation	sporulation	74	36	38	True	False	266.0	278.1954887218045	11.437877179456583	3465.8907877672254	0.08026666324965821	6469732
SRR18183468	stringent	K10255	FAD6, desA	cell_maintenance	cold_protein_quality	membrane_adaptation	31	16	15	True	False	350.0	88.57142857142858	4.791543142745326	3465.8907877672254	0.025555170083269563	6469732
SRR18183468	stringent	K10674	ectD	cell_maintenance	osmotic_desiccation_salt	ectoine	217	113	104	True	False	302.0	718.5430463576159	33.54080199921727	3465.8907877672254	0.20731843279473652	6469732
SRR18183468	stringent	K11180	dsrA	energy_acquisition	sulfur_chemolithotrophy	dissimilatory_sulfite	0	0	0	False	False	408.0	0.0	0.0	3465.8907877672254	0.0	6469732
SRR18183468	stringent	K11181	dsrB	energy_acquisition	sulfur_chemolithotrophy	dissimilatory_sulfite	0	0	0	False	False	359.0	0.0	0.0	3465.8907877672254	0.0	6469732
SRR18183468	stringent	K11935	pgaA	surface_retention	biofilm_eps_surface	pga	0	0	0	False	False	812.5	0.0	0.0	3465.8907877672254	0.0	6469732
SRR18183468	stringent	K17222	soxA	energy_acquisition	sulfur_chemolithotrophy	sox	9	3	6	True	False	275.0	32.72727272727273	1.3910931704744494	3465.8907877672254	0.009442672816691979	6469732
SRR18183468	stringent	K17223	soxX	energy_acquisition	sulfur_chemolithotrophy	sox	7	4	3	True	False	154.0	45.45454545454545	1.0819613548134606	3465.8907877672254	0.013114823356516637	6469732
SRR18183468	stringent	K17224	soxB	energy_acquisition	sulfur_chemolithotrophy	sox	6	3	3	True	False	563.0	10.657193605683837	0.9273954469829662	3465.8907877672254	0.003074878655524327	6469732
SRR18183468	stringent	K17225	soxC	energy_acquisition	sulfur_chemolithotrophy	sox	33	18	15	True	False	424.0	77.83018867924528	5.100674958406314	3465.8907877672254	0.02245604187931858	6469732
SRR18183468	stringent	K17229	fccB	energy_acquisition	sulfur_chemolithotrophy	sox	30	15	15	True	False	424.0	70.75471698113208	4.6369772349148315	3465.8907877672254	0.020414583526653256	6469732
SRR18183468	stringent	K20543	bcsC	surface_retention	biofilm_eps_surface	cellulose	0	0	0	False	False	1565.0	0.0	0.0	3465.8907877672254	0.0	6469732
SRR18183469	broad	K00066	algD	surface_retention	biofilm_eps_surface	alginate	140	73	67	True	False	437.0	320.3661327231121	43.5192662900385	2011.2616310892172	0.15928615540167934	3216966
SRR18183469	broad	K00130	betB, gbsA	cell_maintenance	osmotic_desiccation_salt	betaine	162	77	85	True	False	492.0	329.2682926829268	50.35800813561598	2011.2616310892172	0.16371231250735319	3216966
SRR18183469	broad	K00383	GSR, gor	cell_maintenance	oxidative_redox	thiol_redox	111	61	50	True	False	452.0	245.57522123893804	34.5045611299591	2011.2616310892172	0.12210008754850284	3216966
SRR18183469	broad	K00384	trxB, TRR	cell_maintenance	oxidative_redox	thiol_redox	734	378	356	True	False	327.0	2244.6483180428136	228.16529612063044	2011.2616310892172	1.116039943956572	3216966
SRR18183469	broad	K00436	hoxH	energy_acquisition	trace_gas_energy	hydrogenase	0	0	0	False	False	474.0	0.0	0.0	2011.2616310892172	0.0	3216966
SRR18183469	broad	K00437	hydB	energy_acquisition	trace_gas_energy	hydrogenase	0	0	0	False	False	568.0	0.0	0.0	2011.2616310892172	0.0	3216966
SRR18183469	broad	K00440	frhA	energy_acquisition	trace_gas_energy	hydrogenase	0	0	0	False	False	415.0	0.0	0.0	2011.2616310892172	0.0	3216966
SRR18183469	broad	K00441	frhB	energy_acquisition	trace_gas_energy	hydrogenase	24	12	12	True	False	387.0	62.01550387596899	7.460445649720886	2011.2616310892172	0.030834130635895404	3216966
SRR18183469	broad	K00694	bcsA	surface_retention	biofilm_eps_surface	cellulose	16	7	9	True	False	1408.0	11.363636363636365	4.973630433147258	2011.2616310892172	0.005650004051179699	3216966
SRR18183469	broad	K00697	otsA	cell_maintenance	osmotic_desiccation_salt	trehalose	671	334	337	True	False	503.0	1333.9960238568588	208.58162629011312	2011.2616310892172	0.6632632986362997	3216966
SRR18183469	broad	K01087	otsB	cell_maintenance	osmotic_desiccation_salt	trehalose	180	95	85	True	False	269.0	669.1449814126394	55.95334237290665	2011.2616310892172	0.33269912331110185	3216966
SRR18183469	broad	K01139	spoT	cell_maintenance	dormancy_resuscitation	stringent_response	656	328	328	True	False	736.0	891.304347826087	203.91884775903756	2011.2616310892172	0.4431568394925294	3216966
SRR18183469	broad	K01546	kdpA	cell_maintenance	osmotic_desiccation_salt	potassium_homeostasis	176	83	93	True	False	567.0	310.4056437389771	54.70993476461983	2011.2616310892172	0.1543337967278151	3216966
SRR18183469	broad	K01547	kdpB	cell_maintenance	osmotic_desiccation_salt	potassium_homeostasis	177	92	85	True	False	677.0	261.44756277695717	55.020786666691535	2011.2616310892172	0.12999182141975624	3216966
SRR18183469	broad	K01548	kdpC	cell_maintenance	osmotic_desiccation_salt	potassium_homeostasis	36	14	22	True	False	194.0	185.56701030927834	11.19066847458133	2011.2616310892172	0.09226398368112	3216966
SRR18183469	broad	K01601	rbcL, cbbL	energy_acquisition	trace_gas_energy	carbon_fixation	147	75	72	True	False	476.0	308.8235294117647	45.69522960454043	2011.2616310892172	0.1535471689202953	3216966
SRR18183469	broad	K01602	rbcS, cbbS	energy_acquisition	trace_gas_energy	carbon_fixation	33	17	16	True	False	140.0	235.7142857142857	10.258112768366217	2011.2616310892172	0.11719722689018458	3216966
SRR18183469	broad	K01669	phr, PHR1	cell_maintenance	dna_repair_radiation	photorepair	7	4	3	True	False	468.0	14.957264957264956	2.1759633145019253	2011.2616310892172	0.0074367574690741315	3216966
SRR18183469	broad	K02000	proV	cell_maintenance	osmotic_desiccation_salt	compatible_solute_transport	67	38	29	True	False	392.0	170.91836734693877	20.82707743880414	2011.2616310892172	0.08498067317794769	3216966
SRR18183469	broad	K02001	proW	cell_maintenance	osmotic_desiccation_salt	compatible_solute_transport	94	44	50	True	False	301.0	312.2923588039867	29.220078794740136	2011.2616310892172	0.155271872130759	3216966
SRR18183469	broad	K02002	proX	cell_maintenance	osmotic_desiccation_salt	compatible_solute_transport	54	29	25	True	False	315.0	171.42857142857142	16.786002711871994	2011.2616310892172	0.08523434682922515	3216966
SRR18183469	broad	K03386	PRDX2_4, ahpC	cell_maintenance	oxidative_redox	peroxide_detox	64	29	35	True	False	201.0	318.40796019900495	19.89452173258903	2011.2616310892172	0.1583125513245973	3216966
SRR18183469	broad	K03387	ahpF	cell_maintenance	oxidative_redox	peroxide_detox	15	8	7	True	False	520.0	28.846153846153847	4.662778531075554	2011.2616310892172	0.01434231797607154	3216966
SRR18183469	broad	K03518	coxS	energy_acquisition	trace_gas_energy	carbon_monoxide	203	114	89	True	False	164.0	1237.8048780487804	63.10293612055583	2011.2616310892172	0.6154370266480129	3216966
SRR18183469	broad	K03519	coxM, cutM	energy_acquisition	trace_gas_energy	carbon_monoxide	293	148	145	True	False	286.0	1024.4755244755245	91.07960730700916	2011.2616310892172	0.5093695959986619	3216966
SRR18183469	broad	K03520	coxL, cutL	energy_acquisition	trace_gas_energy	carbon_monoxide	638	333	305	True	False	785.0	812.7388535031847	198.3235135217469	2011.2616310892172	0.404094047706284	3216966
SRR18183469	broad	K03553	recA	cell_maintenance	dna_repair_radiation	recombination	724	367	357	True	False	349.0	2074.4985673352435	225.0567770999134	2011.2616310892172	1.0314414272457333	3216966
SRR18183469	broad	K03555	mutS	cell_maintenance	dna_repair_radiation	mismatch_repair	756	374	382	True	False	869.0	869.9654775604142	235.00403796620793	2011.2616310892172	0.4325471455890482	3216966
SRR18183469	broad	K03572	mutL	cell_maintenance	dna_repair_radiation	mismatch_repair	540	282	258	True	False	605.0	892.5619834710744	167.86002711871993	2011.2616310892172	0.443782136383569	3216966
SRR18183469	broad	K03581	recD	cell_maintenance	dna_repair_radiation	recombination	414	213	201	True	False	652.0	634.9693251533743	128.69268745768528	2011.2616310892172	0.31570697483524346	3216966
SRR18183469	broad	K03582	recB	cell_maintenance	dna_repair_radiation	recombination	308	159	149	True	False	1135.0	271.3656387665198	95.7423858380847	2011.2616310892172	0.1349230923375987	3216966
SRR18183469	broad	K03583	recC	cell_maintenance	dna_repair_radiation	recombination	323	163	160	True	False	1073.0	301.02516309412863	100.40516436916026	2011.2616310892172	0.14966981840701932	3216966
SRR18183469	broad	K03657	uvrD, pcrA	cell_maintenance	dna_repair_radiation	nucleotide_excision	1719	863	856	True	False	730.0	2354.7945205479455	534.3544196612585	2011.2616310892172	1.1708046751096648	3216966
SRR18183469	broad	K03671	TXN, trxA	cell_maintenance	oxidative_redox	thiol_redox	666	341	325	True	False	110.0	6054.545454545455	207.02736677975457	2011.2616310892172	3.010322158468543	3216966
SRR18183469	broad	K03701	uvrA	cell_maintenance	dna_repair_radiation	nucleotide_excision	3044	1539	1505	True	False	866.0	3515.011547344111	946.2331899062657	2011.2616310892172	1.7476649944545128	3216966
SRR18183469	broad	K03702	uvrB	cell_maintenance	dna_repair_radiation	nucleotide_excision	1496	756	740	True	False	666.0	2246.2462462462463	465.0344454992686	2011.2616310892172	1.1168344344289862	3216966
SRR18183469	broad	K03703	uvrC	cell_maintenance	dna_repair_radiation	nucleotide_excision	1161	591	570	True	False	607.0	1912.685337726524	360.8990583052479	2011.2616310892172	0.9509878317972444	3216966
SRR18183469	broad	K03704	cspA	cell_maintenance	cold_protein_quality	cold_shock	471	233	238	True	False	68.0	6926.470588235294	146.4112458757724	2011.2616310892172	3.4438436457837662	3216966
SRR18183469	broad	K03781	katE, CAT, catB, srpA	cell_maintenance	oxidative_redox	peroxide_detox	173	83	90	True	False	485.0	356.70103092783506	53.77737905840472	2011.2616310892172	0.17735187974259736	3216966
SRR18183469	broad	K03782	katG	cell_maintenance	oxidative_redox	peroxide_detox	308	159	149	True	False	726.0	424.24242424242425	95.7423858380847	2011.2616310892172	0.21093348457737537	3216966
SRR18183469	broad	K04047	dps	cell_maintenance	dna_repair_radiation	dna_protection	130	65	65	True	False	172.0	755.8139534883721	40.41074726932147	2011.2616310892172	0.3757909671249753	3216966
SRR18183469	broad	K04564	SOD2	cell_maintenance	oxidative_redox	superoxide_detox	493	259	234	True	False	203.0	2428.5714285714284	153.24998772134987	2011.2616310892172	1.2074865800806895	3216966
SRR18183469	broad	K04565	SOD1	cell_maintenance	oxidative_redox	superoxide_detox	164	77	87	True	False	186.0	881.7204301075269	50.97971193975939	2011.2616310892172	0.4383917121861581	3216966
SRR18183469	broad	K04641	bop	energy_acquisition	light_energy	rhodopsin	0	0	0	False	False	250.0	0.0	0.0	2011.2616310892172	0.0	3216966
SRR18183469	broad	K04642	hop	energy_acquisition	light_energy	rhodopsin	0	0	0	False	False	283.0	0.0	0.0	2011.2616310892172	0.0	3216966
SRR18183469	broad	K05343	treS	cell_maintenance	osmotic_desiccation_salt	trehalose	683	337	346	True	False	561.0	1217.4688057040996	212.31184911497357	2011.2616310892172	0.6053259242283503	3216966
SRR18183469	broad	K05592	deaD, cshA	cell_maintenance	cold_protein_quality	rna_helicase	195	104	91	True	False	563.5	346.05146406388644	60.6161209039822	2011.2616310892172	0.1720569113012309	3216966
SRR18183469	broad	K06381	spoIID	cell_maintenance	dormancy_resuscitation	sporulation	209	102	107	True	False	464.0	450.4310344827586	64.96804753298605	2011.2616310892172	0.22395447092520904	3216966
SRR18183469	broad	K06390	spoIIIAA	cell_maintenance	dormancy_resuscitation	sporulation	0	0	0	False	False	326.0	0.0	0.0	2011.2616310892172	0.0	3216966
SRR18183469	broad	K06718	ectA	cell_maintenance	osmotic_desiccation_salt	ectoine	5	4	1	True	False	176.0	28.40909090909091	1.554259510358518	2011.2616310892172	0.014125010127949245	3216966
SRR18183469	broad	K06720	ectC	cell_maintenance	osmotic_desiccation_salt	ectoine	8	5	3	True	False	132.0	60.6060606060606	2.486815216573629	2011.2616310892172	0.030133354939625052	3216966
SRR18183469	broad	K07646	kdpD	cell_maintenance	osmotic_desiccation_salt	potassium_homeostasis	365	187	178	True	False	491.0	743.3808553971487	113.4609442561718	2011.2616310892172	0.3696092263215721	3216966
SRR18183469	broad	K07667	kdpE	cell_maintenance	osmotic_desiccation_salt	potassium_homeostasis	188	98	90	True	False	232.0	810.3448275862069	58.44015758948027	2011.2616310892172	0.40290373716688327	3216966
SRR18183469	broad	K07699	spo0A	cell_maintenance	dormancy_resuscitation	sporulation	0	0	0	False	False	266.0	0.0	0.0	2011.2616310892172	0.0	3216966
SRR18183469	broad	K10255	FAD6, desA	cell_maintenance	cold_protein_quality	membrane_adaptation	168	76	92	True	False	350.0	480.00000000000006	52.223119548046206	2011.2616310892172	0.23865617112183046	3216966
SRR18183469	broad	K10674	ectD	cell_maintenance	osmotic_desiccation_salt	ectoine	11	5	6	True	False	302.0	36.42384105960265	3.4193709227887394	2011.2616310892172	0.018109946760072673	3216966
SRR18183469	broad	K11180	dsrA	energy_acquisition	sulfur_chemolithotrophy	dissimilatory_sulfite	2	1	1	True	False	408.0	4.901960784313726	0.6217038041434072	2011.2616310892172	0.002437256649528497	3216966
SRR18183469	broad	K11181	dsrB	energy_acquisition	sulfur_chemolithotrophy	dissimilatory_sulfite	2	1	1	True	False	359.0	5.571030640668524	0.6217038041434072	2011.2616310892172	0.002769918420634058	3216966
SRR18183469	broad	K11935	pgaA	surface_retention	biofilm_eps_surface	pga	56	31	25	True	False	812.5	68.92307692307692	17.407706516015402	2011.2616310892172	0.034268578417493596	3216966
SRR18183469	broad	K17222	soxA	energy_acquisition	sulfur_chemolithotrophy	sox	28	15	13	True	False	275.0	101.81818181818181	8.703853258007701	2011.2616310892172	0.05062403629857009	3216966
SRR18183469	broad	K17223	soxX	energy_acquisition	sulfur_chemolithotrophy	sox	28	14	14	True	False	154.0	181.8181818181818	8.703853258007701	2011.2616310892172	0.09040006481887516	3216966
SRR18183469	broad	K17224	soxB	energy_acquisition	sulfur_chemolithotrophy	sox	30	15	15	True	False	563.0	53.28596802841919	9.325557062151107	2011.2616310892172	0.026493802300380825	3216966
SRR18183469	broad	K17225	soxC	energy_acquisition	sulfur_chemolithotrophy	sox	69	37	32	True	False	424.0	162.73584905660377	21.448781242947547	2011.2616310892172	0.08091232216689416	3216966
SRR18183469	broad	K17229	fccB	energy_acquisition	sulfur_chemolithotrophy	sox	64	31	33	True	False	424.0	150.9433962264151	19.89452173258903	2011.2616310892172	0.07504911041566995	3216966
SRR18183469	broad	K20543	bcsC	surface_retention	biofilm_eps_surface	cellulose	3	2	1	True	False	1565.0	1.9169329073482428	0.9325557062151107	2011.2616310892172	0.0009530997249274379	3216966
SRR18183469	primary	K00066	algD	surface_retention	biofilm_eps_surface	alginate	133	69	64	True	True	437.0	304.3478260869565	41.34330297553658	1813.5057471264367	0.16782291788664375	3216966
SRR18183469	primary	K00130	betB, gbsA	cell_maintenance	osmotic_desiccation_salt	betaine	148	73	75	True	True	492.0	300.8130081300813	46.00608150661213	1813.5057471264367	0.16587375507727506	3216966
SRR18183469	primary	K00383	GSR, gor	cell_maintenance	oxidative_redox	thiol_redox	100	57	43	True	True	452.0	221.23893805309734	31.08519020717036	1813.5057471264367	0.12199516786955772	3216966
SRR18183469	primary	K00384	trxB, TRR	cell_maintenance	oxidative_redox	thiol_redox	682	355	327	True	True	327.0	2085.6269113149847	212.00099721290186	1813.5057471264367	1.150052551319307	3216966
SRR18183469	primary	K00436	hoxH	energy_acquisition	trace_gas_energy	hydrogenase	0	0	0	False	False	474.0	0.0	0.0	1813.5057471264367	0.0	3216966
SRR18183469	primary	K00437	hydB	energy_acquisition	trace_gas_energy	hydrogenase	0	0	0	False	False	568.0	0.0	0.0	1813.5057471264367	0.0	3216966
SRR18183469	primary	K00440	frhA	energy_acquisition	trace_gas_energy	hydrogenase	0	0	0	False	False	415.0	0.0	0.0	1813.5057471264367	0.0	3216966
SRR18183469	primary	K00441	frhB	energy_acquisition	trace_gas_energy	hydrogenase	21	10	11	True	True	387.0	54.263565891472865	6.527889943505776	1813.5057471264367	0.029921915592192296	3216966
SRR18183469	primary	K00694	bcsA	surface_retention	biofilm_eps_surface	cellulose	15	6	9	True	True	1408.0	10.653409090909092	4.662778531075554	1813.5057471264367	0.005874483225536942	3216966
SRR18183469	primary	K00697	otsA	cell_maintenance	osmotic_desiccation_salt	trehalose	628	318	310	True	True	503.0	1248.5089463220677	195.21499450102985	1813.5057471264367	0.6884505043892879	3216966
SRR18183469	primary	K01087	otsB	cell_maintenance	osmotic_desiccation_salt	trehalose	155	81	74	True	True	269.0	576.2081784386617	48.18204482111406	1813.5057471264367	0.3177316528230934	3216966
SRR18183469	primary	K01139	spoT	cell_maintenance	dormancy_resuscitation	stringent_response	622	313	309	True	True	736.0	845.1086956521739	193.34988308859963	1813.5057471264367	0.46600828091737684	3216966
SRR18183469	primary	K01546	kdpA	cell_maintenance	osmotic_desiccation_salt	potassium_homeostasis	163	77	86	True	True	567.0	287.4779541446208	50.668860037687686	1813.5057471264367	0.15852056416150856	3216966
SRR18183469	primary	K01547	kdpB	cell_maintenance	osmotic_desiccation_salt	potassium_homeostasis	167	87	80	True	True	677.0	246.6765140324963	51.912267645974495	1813.5057471264367	0.13602190917970006	3216966
SRR18183469	primary	K01548	kdpC	cell_maintenance	osmotic_desiccation_salt	potassium_homeostasis	30	12	18	True	True	194.0	154.63917525773195	9.325557062151107	1813.5057471264367	0.08527084929439188	3216966
SRR18183469	primary	K01601	rbcL, cbbL	energy_acquisition	trace_gas_energy	carbon_fixation	131	67	64	True	True	476.0	275.21008403361344	40.72159917139317	1813.5057471264367	0.15175583781286242	3216966
SRR18183469	primary	K01602	rbcS, cbbS	energy_acquisition	trace_gas_energy	carbon_fixation	30	15	15	True	True	140.0	214.28571428571428	9.325557062151107	1813.5057471264367	0.11816103402222876	3216966
SRR18183469	primary	K01669	phr, PHR1	cell_maintenance	dna_repair_radiation	photorepair	6	3	3	True	True	468.0	12.82051282051282	1.8651114124302215	1813.5057471264367	0.007069463573979498	3216966
SRR18183469	primary	K02000	proV	cell_maintenance	osmotic_desiccation_salt	compatible_solute_transport	62	34	28	True	True	392.0	158.16326530612244	19.272817928445622	1813.5057471264367	0.08721409654021646	3216966
SRR18183469	primary	K02001	proW	cell_maintenance	osmotic_desiccation_salt	compatible_solute_transport	91	42	49	True	True	301.0	302.3255813953488	28.287523088525024	1813.5057471264367	0.16670781544221422	3216966
SRR18183469	primary	K02002	proX	cell_maintenance	osmotic_desiccation_salt	compatible_solute_transport	43	24	19	True	True	315.0	136.5079365079365	13.366631789083254	1813.5057471264367	0.07527295500675314	3216966
SRR18183469	primary	K03386	PRDX2_4, ahpC	cell_maintenance	oxidative_redox	peroxide_detox	59	28	31	True	True	201.0	293.53233830845767	18.340262222230514	1813.5057471264367	0.16185906152962015	3216966
SRR18183469	primary	K03387	ahpF	cell_maintenance	oxidative_redox	peroxide_detox	15	8	7	True	True	520.0	28.846153846153847	4.662778531075554	1813.5057471264367	0.015906293041453873	3216966
SRR18183469	primary	K03518	coxS	energy_acquisition	trace_gas_energy	carbon_monoxide	163	94	69	True	True	164.0	993.9024390243902	50.668860037687686	1813.5057471264367	0.5480558529242399	3216966
SRR18183469	primary	K03519	coxM, cutM	energy_acquisition	trace_gas_energy	carbon_monoxide	274	141	133	True	True	286.0	958.0419580419581	85.17342116764678	1813.5057471264367	0.5282817325282863	3216966
SRR18183469	primary	K03520	coxL, cutL	energy_acquisition	trace_gas_energy	carbon_monoxide	607	324	283	True	True	785.0	773.248407643312	188.6871045575241	1813.5057471264367	0.4263832132148195	3216966
SRR18183469	primary	K03553	recA	cell_maintenance	dna_repair_radiation	recombination	660	332	328	True	True	349.0	1891.1174785100288	205.16225536732438	1813.5057471264367	1.0427965180185232	3216966
SRR18183469	primary	K03555	mutS	cell_maintenance	dna_repair_radiation	mismatch_repair	720	358	362	True	True	869.0	828.5385500575373	223.8133694916266	1813.5057471264367	0.45687120174302487	3216966
SRR18183469	primary	K03572	mutL	cell_maintenance	dna_repair_radiation	mismatch_repair	492	256	236	True	True	605.0	813.2231404958678	152.93913581927816	1813.5057471264367	0.44842600680171446	3216966
SRR18183469	primary	K03581	recD	cell_maintenance	dna_repair_radiation	recombination	381	198	183	True	True	652.0	584.3558282208588	118.43457468931906	1813.5057471264367	0.32222441486429865	3216966
SRR18183469	primary	K03582	recB	cell_maintenance	dna_repair_radiation	recombination	264	135	129	True	True	1135.0	232.59911894273128	82.06490214692974	1813.5057471264367	0.12825937789901837	3216966
SRR18183469	primary	K03583	recC	cell_maintenance	dna_repair_radiation	recombination	283	149	134	True	True	1073.0	263.7465051258155	87.97108828629212	1813.5057471264367	0.14543461223860527	3216966
SRR18183469	primary	K03657	uvrD, pcrA	cell_maintenance	dna_repair_radiation	nucleotide_excision	1610	808	802	True	True	730.0	2205.4794520547944	500.4715623354428	1813.5057471264367	1.2161414186580073	3216966
SRR18183469	primary	K03671	TXN, trxA	cell_maintenance	oxidative_redox	thiol_redox	536	285	251	True	True	110.0	4872.727272727273	166.6166195104331	1813.5057471264367	2.68691030091759	3216966
SRR18183469	primary	K03701	uvrA	cell_maintenance	dna_repair_radiation	nucleotide_excision	2914	1477	1437	True	True	866.0	3364.896073903002	905.8224426369443	1813.5057471264367	1.8554647975253442	3216966
SRR18183469	primary	K03702	uvrB	cell_maintenance	dna_repair_radiation	nucleotide_excision	1440	727	713	True	True	666.0	2162.162162162162	447.6267389832532	1813.5057471264367	1.1922554784224884	3216966
SRR18183469	primary	K03703	uvrC	cell_maintenance	dna_repair_radiation	nucleotide_excision	1090	555	535	True	True	607.0	1795.7166392092258	338.82857325815695	1813.5057471264367	0.9901907628661236	3216966
SRR18183469	primary	K03704	cspA	cell_maintenance	cold_protein_quality	cold_shock	284	130	154	True	True	68.0	4176.470588235294	88.28194018836382	1813.5057471264367	2.3029817219234388	3216966
SRR18183469	primary	K03781	katE, CAT, catB, srpA	cell_maintenance	oxidative_redox	peroxide_detox	169	82	87	True	True	485.0	348.45360824742266	52.5339714501179	1813.5057471264367	0.1921436470766964	3216966
SRR18183469	primary	K03782	katG	cell_maintenance	oxidative_redox	peroxide_detox	298	154	144	True	True	726.0	410.4683195592287	92.63386681736768	1813.5057471264367	0.22633968500493043	3216966
SRR18183469	primary	K04047	dps	cell_maintenance	dna_repair_radiation	dna_protection	107	51	56	True	True	172.0	622.093023255814	33.261153521672284	1813.5057471264367	0.3430333894676332	3216966
SRR18183469	primary	K04564	SOD2	cell_maintenance	oxidative_redox	superoxide_detox	423	216	207	True	True	203.0	2083.7438423645317	131.49035457633062	1813.5057471264367	1.1490141929058106	3216966
SRR18183469	primary	K04565	SOD1	cell_maintenance	oxidative_redox	superoxide_detox	137	66	71	True	True	186.0	736.5591397849463	42.58671058382339	1813.5057471264367	0.40615208468572545	3216966
SRR18183469	primary	K04641	bop	energy_acquisition	light_energy	rhodopsin	0	0	0	False	False	250.0	0.0	0.0	1813.5057471264367	0.0	3216966
SRR18183469	primary	K04642	hop	energy_acquisition	light_energy	rhodopsin	0	0	0	False	False	283.0	0.0	0.0	1813.5057471264367	0.0	3216966
SRR18183469	primary	K05343	treS	cell_maintenance	osmotic_desiccation_salt	trehalose	654	324	330	True	True	561.0	1165.7754010695187	203.29714395489412	1813.5057471264367	0.6428297251975796	3216966
SRR18183469	primary	K05592	deaD, cshA	cell_maintenance	cold_protein_quality	rna_helicase	185	98	87	True	True	563.5	328.30523513753326	57.50760188326516	1813.5057471264367	0.18103346827422212	3216966
SRR18183469	primary	K06381	spoIID	cell_maintenance	dormancy_resuscitation	sporulation	180	85	95	True	True	464.0	387.9310344827586	55.95334237290665	1813.5057471264367	0.21391221676437966	3216966
SRR18183469	primary	K06390	spoIIIAA	cell_maintenance	dormancy_resuscitation	sporulation	0	0	0	False	False	326.0	0.0	0.0	1813.5057471264367	0.0	3216966
SRR18183469	primary	K06718	ectA	cell_maintenance	osmotic_desiccation_salt	ectoine	5	4	1	True	True	176.0	28.40909090909091	1.554259510358518	1813.5057471264367	0.015665288601431845	3216966
SRR18183469	primary	K06720	ectC	cell_maintenance	osmotic_desiccation_salt	ectoine	7	5	2	True	True	132.0	53.03030303030303	2.1759633145019253	1813.5057471264367	0.029241872056006108	3216966
SRR18183469	primary	K07646	kdpD	cell_maintenance	osmotic_desiccation_salt	potassium_homeostasis	312	161	151	True	True	491.0	635.4378818737271	96.98579344637152	1813.5057471264367	0.3503919868357741	3216966
SRR18183469	primary	K07667	kdpE	cell_maintenance	osmotic_desiccation_salt	potassium_homeostasis	165	89	76	True	True	232.0	711.2068965517241	51.290563841831094	1813.5057471264367	0.39217239740136267	3216966
SRR18183469	primary	K07699	spo0A	cell_maintenance	dormancy_resuscitation	sporulation	0	0	0	False	False	266.0	0.0	0.0	1813.5057471264367	0.0	3216966
SRR18183469	primary	K10255	FAD6, desA	cell_maintenance	cold_protein_quality	membrane_adaptation	152	67	85	True	True	350.0	434.28571428571433	47.24948911489895	1813.5057471264367	0.239473028951717	3216966
SRR18183469	primary	K10674	ectD	cell_maintenance	osmotic_desiccation_salt	ectoine	11	5	6	True	True	302.0	36.42384105960265	3.4193709227887394	1813.5057471264367	0.02008476737243182	3216966
SRR18183469	primary	K11180	dsrA	energy_acquisition	sulfur_chemolithotrophy	dissimilatory_sulfite	2	1	1	True	False	408.0	4.901960784313726	0.6217038041434072	1813.5057471264367	0.002703030190050985	3216966
SRR18183469	primary	K11181	dsrB	energy_acquisition	sulfur_chemolithotrophy	dissimilatory_sulfite	2	1	1	True	False	359.0	5.571030640668524	0.6217038041434072	1813.5057471264367	0.0030719674583309245	3216966
SRR18183469	primary	K11935	pgaA	surface_retention	biofilm_eps_surface	pga	19	11	8	True	True	812.5	23.384615384615383	5.906186139362369	1813.5057471264367	0.012894701558938605	3216966
SRR18183469	primary	K17222	soxA	energy_acquisition	sulfur_chemolithotrophy	sox	27	14	13	True	True	275.0	98.18181818181817	8.393001355935997	1813.5057471264367	0.05413923740654845	3216966
SRR18183469	primary	K17223	soxX	energy_acquisition	sulfur_chemolithotrophy	sox	25	12	13	True	True	154.0	162.33766233766235	7.77129755179259	1813.5057471264367	0.08951593486532483	3216966
SRR18183469	primary	K17224	soxB	energy_acquisition	sulfur_chemolithotrophy	sox	29	14	15	True	True	563.0	51.50976909413855	9.014705160079403	1813.5057471264367	0.02840342203257838	3216966
SRR18183469	primary	K17225	soxC	energy_acquisition	sulfur_chemolithotrophy	sox	67	35	32	True	True	424.0	158.0188679245283	20.82707743880414	1813.5057471264367	0.08713447320192656	3216966
SRR18183469	primary	K17229	fccB	energy_acquisition	sulfur_chemolithotrophy	sox	63	30	33	True	True	424.0	148.58490566037736	19.583669830517326	1813.5057471264367	0.081932415100319	3216966
SRR18183469	primary	K20543	bcsC	surface_retention	biofilm_eps_surface	cellulose	1	1	0	False	False	1565.0	0.6389776357827476	0.3108519020717036	1813.5057471264367	0.0003523438714187865	3216966
SRR18183469	stringent	K00066	algD	surface_retention	biofilm_eps_surface	alginate	113	60	53	True	False	437.0	258.5812356979405	35.1262649341025	1592.5179040191656	0.16237257681394865	3216966
SRR18183469	stringent	K00130	betB, gbsA	cell_maintenance	osmotic_desiccation_salt	betaine	140	70	70	True	False	492.0	284.5528455284553	43.5192662900385	1592.5179040191656	0.17868109665223	3216966
SRR18183469	stringent	K00383	GSR, gor	cell_maintenance	oxidative_redox	thiol_redox	87	49	38	True	False	452.0	192.47787610619469	27.04411548023821	1592.5179040191656	0.12086386948644205	3216966
SRR18183469	stringent	K00384	trxB, TRR	cell_maintenance	oxidative_redox	thiol_redox	621	326	295	True	False	327.0	1899.0825688073394	193.03903118652792	1592.5179040191656	1.1925031197542406	3216966
SRR18183469	stringent	K00436	hoxH	energy_acquisition	trace_gas_energy	hydrogenase	0	0	0	False	False	474.0	0.0	0.0	1592.5179040191656	0.0	3216966
SRR18183469	stringent	K00437	hydB	energy_acquisition	trace_gas_energy	hydrogenase	0	0	0	False	False	568.0	0.0	0.0	1592.5179040191656	0.0	3216966
SRR18183469	stringent	K00440	frhA	energy_acquisition	trace_gas_energy	hydrogenase	0	0	0	False	False	415.0	0.0	0.0	1592.5179040191656	0.0	3216966
SRR18183469	stringent	K00441	frhB	energy_acquisition	trace_gas_energy	hydrogenase	17	7	10	True	False	387.0	43.92764857881137	5.284482335218962	1592.5179040191656	0.02758377062383263	3216966
SRR18183469	stringent	K00694	bcsA	surface_retention	biofilm_eps_surface	cellulose	12	6	6	True	False	1408.0	8.522727272727273	3.730222824860443	1592.5179040191656	0.005351730898106565	3216966
SRR18183469	stringent	K00697	otsA	cell_maintenance	osmotic_desiccation_salt	trehalose	545	276	269	True	False	503.0	1083.4990059642148	169.41428662907848	1592.5179040191656	0.6803684927056086	3216966
SRR18183469	stringent	K01087	otsB	cell_maintenance	osmotic_desiccation_salt	trehalose	88	49	39	True	False	269.0	327.13754646840147	27.354967382309916	1592.5179040191656	0.20542158153624404	3216966
SRR18183469	stringent	K01139	spoT	cell_maintenance	dormancy_resuscitation	stringent_response	578	290	288	True	False	736.0	785.3260869565217	179.67239939744468	1592.5179040191656	0.49313485579944255	3216966
SRR18183469	stringent	K01546	kdpA	cell_maintenance	osmotic_desiccation_salt	potassium_homeostasis	151	73	78	True	False	567.0	266.31393298059965	46.93863721282724	1592.5179040191656	0.16722821910415056	3216966
SRR18183469	stringent	K01547	kdpB	cell_maintenance	osmotic_desiccation_salt	potassium_homeostasis	159	85	74	True	False	677.0	234.8596750369276	49.42545242940087	1592.5179040191656	0.1474769448080887	3216966
SRR18183469	stringent	K01548	kdpC	cell_maintenance	osmotic_desiccation_salt	potassium_homeostasis	25	10	15	True	False	194.0	128.86597938144328	7.77129755179259	1592.5179040191656	0.08091964244559753	3216966
SRR18183469	stringent	K01601	rbcL, cbbL	energy_acquisition	trace_gas_energy	carbon_fixation	120	60	60	True	False	476.0	252.10084033613447	37.30222824860443	1592.5179040191656	0.15830330051542107	3216966
SRR18183469	stringent	K01602	rbcS, cbbS	energy_acquisition	trace_gas_energy	carbon_fixation	27	15	12	True	False	140.0	192.85714285714283	8.393001355935997	1592.5179040191656	0.1211020248942971	3216966
SRR18183469	stringent	K01669	phr, PHR1	cell_maintenance	dna_repair_radiation	photorepair	5	2	3	True	False	468.0	10.683760683760683	1.554259510358518	1592.5179040191656	0.006708722493352958	3216966
SRR18183469	stringent	K02000	proV	cell_maintenance	osmotic_desiccation_salt	compatible_solute_transport	58	30	28	True	False	392.0	147.95918367346937	18.029410320158807	1592.5179040191656	0.09290896089774116	3216966
SRR18183469	stringent	K02001	proW	cell_maintenance	osmotic_desiccation_salt	compatible_solute_transport	83	40	43	True	False	301.0	275.74750830564784	25.800707871951396	1592.5179040191656	0.17315190467229388	3216966
SRR18183469	stringent	K02002	proX	cell_maintenance	osmotic_desiccation_salt	compatible_solute_transport	39	22	17	True	False	315.0	123.80952380952381	12.12322418079644	1592.5179040191656	0.07774450980868457	3216966
SRR18183469	stringent	K03386	PRDX2_4, ahpC	cell_maintenance	oxidative_redox	peroxide_detox	50	28	22	True	False	201.0	248.75621890547262	15.54259510358518	1592.5179040191656	0.15620309089000917	3216966
SRR18183469	stringent	K03387	ahpF	cell_maintenance	oxidative_redox	peroxide_detox	14	8	6	True	False	520.0	26.923076923076923	4.3519266290038505	1592.5179040191656	0.016905980683249455	3216966
SRR18183469	stringent	K03518	coxS	energy_acquisition	trace_gas_energy	carbon_monoxide	135	78	57	True	False	164.0	823.170731707317	41.96500677967998	1592.5179040191656	0.5168988867439511	3216966
SRR18183469	stringent	K03519	coxM, cutM	energy_acquisition	trace_gas_energy	carbon_monoxide	228	121	107	True	False	286.0	797.2027972027972	70.87423367234842	1592.5179040191656	0.5005926747767371	3216966
SRR18183469	stringent	K03520	coxL, cutL	energy_acquisition	trace_gas_energy	carbon_monoxide	546	303	243	True	False	785.0	695.5414012738853	169.72513853115018	1592.5179040191656	0.4367557812182152	3216966
SRR18183469	stringent	K03553	recA	cell_maintenance	dna_repair_radiation	recombination	608	312	296	True	False	349.0	1742.1203438395416	188.9979564595958	1592.5179040191656	1.09394082128861	3216966
SRR18183469	stringent	K03555	mutS	cell_maintenance	dna_repair_radiation	mismatch_repair	668	344	324	True	False	869.0	768.6996547756041	207.64907058389798	1592.5179040191656	0.4826945134089701	3216966
SRR18183469	stringent	K03572	mutL	cell_maintenance	dna_repair_radiation	mismatch_repair	391	207	184	True	False	605.0	646.2809917355372	121.5430937100361	1592.5179040191656	0.4058233757400566	3216966
SRR18183469	stringent	K03581	recD	cell_maintenance	dna_repair_radiation	recombination	334	170	164	True	False	652.0	512.2699386503067	103.82453529194899	1592.5179040191656	0.3216729541045974	3216966
SRR18183469	stringent	K03582	recB	cell_maintenance	dna_repair_radiation	recombination	180	97	83	True	False	1135.0	158.59030837004406	55.95334237290665	1592.5179040191656	0.09958463133745431	3216966
SRR18183469	stringent	K03583	recC	cell_maintenance	dna_repair_radiation	recombination	155	86	69	True	False	1073.0	144.45479962721342	48.18204482111406	1592.5179040191656	0.09070843050658409	3216966
SRR18183469	stringent	K03657	uvrD, pcrA	cell_maintenance	dna_repair_radiation	nucleotide_excision	1410	711	699	True	False	730.0	1931.5068493150686	438.30118192110206	1592.5179040191656	1.2128635065517124	3216966
SRR18183469	stringent	K03671	TXN, trxA	cell_maintenance	oxidative_redox	thiol_redox	394	219	175	True	False	110.0	3581.818181818182	122.47564941625123	1592.5179040191656	2.2491541054442523	3216966
SRR18183469	stringent	K03701	uvrA	cell_maintenance	dna_repair_radiation	nucleotide_excision	2753	1407	1346	True	False	866.0	3178.983833718245	855.7752864034	1592.5179040191656	1.9961997448789666	3216966
SRR18183469	stringent	K03702	uvrB	cell_maintenance	dna_repair_radiation	nucleotide_excision	1367	702	665	True	False	666.0	2052.5525525525522	424.9345501320188	1592.5179040191656	1.2888725127500045	3216966
SRR18183469	stringent	K03703	uvrC	cell_maintenance	dna_repair_radiation	nucleotide_excision	967	502	465	True	False	607.0	1593.0807248764415	300.59378930333736	1592.5179040191656	1.000353415717246	3216966
SRR18183469	stringent	K03704	cspA	cell_maintenance	cold_protein_quality	cold_shock	57	27	30	True	False	68.0	838.235294117647	17.718558418087106	1592.5179040191656	0.526358474213775	3216966
SRR18183469	stringent	K03781	katE, CAT, catB, srpA	cell_maintenance	oxidative_redox	peroxide_detox	145	69	76	True	False	485.0	298.96907216494844	45.073525800397015	1592.5179040191656	0.18773357047378628	3216966
SRR18183469	stringent	K03782	katG	cell_maintenance	oxidative_redox	peroxide_detox	285	151	134	True	False	726.0	392.56198347107437	88.59279209043552	1592.5179040191656	0.24650396864005994	3216966
SRR18183469	stringent	K04047	dps	cell_maintenance	dna_repair_radiation	dna_protection	91	44	47	True	False	172.0	529.0697674418606	28.287523088525024	1592.5179040191656	0.3322221785429254	3216966
SRR18183469	stringent	K04564	SOD2	cell_maintenance	oxidative_redox	superoxide_detox	353	188	165	True	False	203.0	1738.9162561576354	109.73072143131137	1592.5179040191656	1.0919288579230366	3216966
SRR18183469	stringent	K04565	SOD1	cell_maintenance	oxidative_redox	superoxide_detox	101	49	52	True	False	186.0	543.010752688172	31.39604210924206	1592.5179040191656	0.3409762309847394	3216966
SRR18183469	stringent	K04641	bop	energy_acquisition	light_energy	rhodopsin	0	0	0	False	False	250.0	0.0	0.0	1592.5179040191656	0.0	3216966
SRR18183469	stringent	K04642	hop	energy_acquisition	light_energy	rhodopsin	0	0	0	False	False	283.0	0.0	0.0	1592.5179040191656	0.0	3216966
SRR18183469	stringent	K05343	treS	cell_maintenance	osmotic_desiccation_salt	trehalose	575	298	277	True	False	561.0	1024.9554367201424	178.73984369122957	1592.5179040191656	0.6436068531056259	3216966
SRR18183469	stringent	K05592	deaD, cshA	cell_maintenance	cold_protein_quality	rna_helicase	165	88	77	True	False	563.5	292.81277728482695	51.290563841831094	1592.5179040191656	0.1838678086731909	3216966
SRR18183469	stringent	K06381	spoIID	cell_maintenance	dormancy_resuscitation	sporulation	115	55	60	True	False	464.0	247.8448275862069	35.747968738245916	1592.5179040191656	0.15563079508286906	3216966
SRR18183469	stringent	K06390	spoIIIAA	cell_maintenance	dormancy_resuscitation	sporulation	0	0	0	False	False	326.0	0.0	0.0	1592.5179040191656	0.0	3216966
SRR18183469	stringent	K06718	ectA	cell_maintenance	osmotic_desiccation_salt	ectoine	4	3	1	True	False	176.0	22.72727272727273	1.2434076082868144	1592.5179040191656	0.01427128239495084	3216966
SRR18183469	stringent	K06720	ectC	cell_maintenance	osmotic_desiccation_salt	ectoine	6	4	2	True	False	132.0	45.45454545454545	1.8651114124302215	1592.5179040191656	0.028542564789901675	3216966
SRR18183469	stringent	K07646	kdpD	cell_maintenance	osmotic_desiccation_salt	potassium_homeostasis	245	127	118	True	False	491.0	498.9816700610998	76.15871600756738	1592.5179040191656	0.3133287662272302	3216966
SRR18183469	stringent	K07667	kdpE	cell_maintenance	osmotic_desiccation_salt	potassium_homeostasis	129	69	60	True	False	232.0	556.0344827586207	40.09989536724976	1592.5179040191656	0.3491543054902628	3216966
SRR18183469	stringent	K07699	spo0A	cell_maintenance	dormancy_resuscitation	sporulation	0	0	0	False	False	266.0	0.0	0.0	1592.5179040191656	0.0	3216966
SRR18183469	stringent	K10255	FAD6, desA	cell_maintenance	cold_protein_quality	membrane_adaptation	126	60	66	True	False	350.0	360.0	39.16733966103465	1592.5179040191656	0.22605711313602128	3216966
SRR18183469	stringent	K10674	ectD	cell_maintenance	osmotic_desiccation_salt	ectoine	8	4	4	True	False	302.0	26.490066225165563	2.486815216573629	1592.5179040191656	0.016634077493452634	3216966
SRR18183469	stringent	K11180	dsrA	energy_acquisition	sulfur_chemolithotrophy	dissimilatory_sulfite	2	1	1	True	False	408.0	4.901960784313726	0.6217038041434072	1592.5179040191656	0.003078119732244299	3216966
SRR18183469	stringent	K11181	dsrB	energy_acquisition	sulfur_chemolithotrophy	dissimilatory_sulfite	2	1	1	True	False	359.0	5.571030640668524	0.6217038041434072	1592.5179040191656	0.0034982530661717935	3216966
SRR18183469	stringent	K11935	pgaA	surface_retention	biofilm_eps_surface	pga	5	2	3	True	False	812.5	6.153846153846154	1.554259510358518	1592.5179040191656	0.003864224156171304	3216966
SRR18183469	stringent	K17222	soxA	energy_acquisition	sulfur_chemolithotrophy	sox	25	13	12	True	False	275.0	90.9090909090909	7.77129755179259	1592.5179040191656	0.05708512957980335	3216966
SRR18183469	stringent	K17223	soxX	energy_acquisition	sulfur_chemolithotrophy	sox	21	10	11	True	False	154.0	136.36363636363637	6.527889943505776	1592.5179040191656	0.08562769436970503	3216966
SRR18183469	stringent	K17224	soxB	energy_acquisition	sulfur_chemolithotrophy	sox	29	14	15	True	False	563.0	51.50976909413855	9.014705160079403	1592.5179040191656	0.03234486027701114	3216966
SRR18183469	stringent	K17225	soxC	energy_acquisition	sulfur_chemolithotrophy	sox	65	34	31	True	False	424.0	153.30188679245285	20.205373634660734	1592.5179040191656	0.09626383879613067	3216966
SRR18183469	stringent	K17229	fccB	energy_acquisition	sulfur_chemolithotrophy	sox	58	28	30	True	False	424.0	136.7924528301887	18.029410320158807	1592.5179040191656	0.08589696384885506	3216966
SRR18183469	stringent	K20543	bcsC	surface_retention	biofilm_eps_surface	cellulose	0	0	0	False	False	1565.0	0.0	0.0	1592.5179040191656	0.0	3216966
SRR18183470	broad	K00066	algD	surface_retention	biofilm_eps_surface	alginate	351	180	171	True	False	437.0	803.2036613272311	58.09963541237333	3676.150895140665	0.21849039504579346	6041346
SRR18183470	broad	K00130	betB, gbsA	cell_maintenance	osmotic_desiccation_salt	betaine	378	184	194	True	False	492.0	768.2926829268292	62.56883813640205	3676.150895140665	0.20899378312854353	6041346
SRR18183470	broad	K00383	GSR, gor	cell_maintenance	oxidative_redox	thiol_redox	214	103	111	True	False	452.0	473.4513274336283	35.422569738597986	3676.150895140665	0.12878996018891986	6041346
SRR18183470	broad	K00384	trxB, TRR	cell_maintenance	oxidative_redox	thiol_redox	1447	736	711	True	False	327.0	4425.076452599388	239.5161608025761	3676.150895140665	1.203725466886763	6041346
SRR18183470	broad	K00436	hoxH	energy_acquisition	trace_gas_energy	hydrogenase	0	0	0	False	False	474.0	0.0	0.0	3676.150895140665	0.0	6041346
SRR18183470	broad	K00437	hydB	energy_acquisition	trace_gas_energy	hydrogenase	0	0	0	False	False	568.0	0.0	0.0	3676.150895140665	0.0	6041346
SRR18183470	broad	K00440	frhA	energy_acquisition	trace_gas_energy	hydrogenase	0	0	0	False	False	415.0	0.0	0.0	3676.150895140665	0.0	6041346
SRR18183470	broad	K00441	frhB	energy_acquisition	trace_gas_energy	hydrogenase	239	121	118	True	False	387.0	617.5710594315245	39.56072040899495	3676.150895140665	0.1679939363337515	6041346
SRR18183470	broad	K00694	bcsA	surface_retention	biofilm_eps_surface	cellulose	4	1	3	True	False	1408.0	2.8409090909090913	0.6621041072635138	3676.150895140665	0.0007727944722465986	6041346
SRR18183470	broad	K00697	otsA	cell_maintenance	osmotic_desiccation_salt	trehalose	800	411	389	True	False	503.0	1590.4572564612326	132.42082145270277	3676.150895140665	0.43264199480048143	6041346
SRR18183470	broad	K01087	otsB	cell_maintenance	osmotic_desiccation_salt	trehalose	579	290	289	True	False	269.0	2152.4163568773233	95.83956952639362	3676.150895140665	0.5855081628239209	6041346
SRR18183470	broad	K01139	spoT	cell_maintenance	dormancy_resuscitation	stringent_response	1975	993	982	True	False	736.0	2683.4239130434785	326.91390296135995	3676.150895140665	0.7299547786764067	6041346
SRR18183470	broad	K01546	kdpA	cell_maintenance	osmotic_desiccation_salt	potassium_homeostasis	123	59	64	True	False	567.0	216.93121693121694	20.35970129835305	3676.150895140665	0.059010422346364604	6041346
SRR18183470	broad	K01547	kdpB	cell_maintenance	osmotic_desiccation_salt	potassium_homeostasis	125	62	63	True	False	677.0	184.6381093057607	20.690753351984807	3676.150895140665	0.0502259332036194	6041346
SRR18183470	broad	K01548	kdpC	cell_maintenance	osmotic_desiccation_salt	potassium_homeostasis	52	27	25	True	False	194.0	268.0412371134021	8.60735339442568	3676.150895140665	0.07291355680413268	6041346
SRR18183470	broad	K01601	rbcL, cbbL	energy_acquisition	trace_gas_energy	carbon_fixation	848	422	426	True	False	476.0	1781.512605042017	140.36607073986494	3676.150895140665	0.48461356888176615	6041346
SRR18183470	broad	K01602	rbcS, cbbS	energy_acquisition	trace_gas_energy	carbon_fixation	192	100	92	True	False	140.0	1371.4285714285713	31.780997148648662	3676.150895140665	0.3730610115165294	6041346
SRR18183470	broad	K01669	phr, PHR1	cell_maintenance	dna_repair_radiation	photorepair	551	277	274	True	False	468.0	1177.3504273504273	91.20484077554903	3676.150895140665	0.3202671655580604	6041346
SRR18183470	broad	K02000	proV	cell_maintenance	osmotic_desiccation_salt	compatible_solute_transport	245	128	117	True	False	392.0	625.0	40.553876569890214	3676.150895140665	0.17001478389425168	6041346
SRR18183470	broad	K02001	proW	cell_maintenance	osmotic_desiccation_salt	compatible_solute_transport	165	82	83	True	False	301.0	548.1727574750831	27.311794424619944	3676.150895140665	0.14911595663814767	6041346
SRR18183470	broad	K02002	proX	cell_maintenance	osmotic_desiccation_salt	compatible_solute_transport	596	295	301	True	False	315.0	1892.063492063492	98.65351198226355	3676.150895140665	0.5146860251478045	6041346
SRR18183470	broad	K03386	PRDX2_4, ahpC	cell_maintenance	oxidative_redox	peroxide_detox	50	27	23	True	False	201.0	248.75621890547262	8.276301340793923	3676.150895140665	0.06766757567930415	6041346
SRR18183470	broad	K03387	ahpF	cell_maintenance	oxidative_redox	peroxide_detox	2	1	1	True	False	520.0	3.846153846153846	0.3310520536317569	3676.150895140665	0.0010462448239646257	6041346
SRR18183470	broad	K03518	coxS	energy_acquisition	trace_gas_energy	carbon_monoxide	1257	606	651	True	False	164.0	7664.634146341463	208.0662157075592	3676.150895140665	2.0849617888299936	6041346
SRR18183470	broad	K03519	coxM, cutM	energy_acquisition	trace_gas_energy	carbon_monoxide	1546	783	763	True	False	286.0	5405.594405594406	255.9032374573481	3676.150895140665	1.470449543499374	6041346
SRR18183470	broad	K03520	coxL, cutL	energy_acquisition	trace_gas_energy	carbon_monoxide	3160	1613	1547	True	False	785.0	4025.477707006369	523.0622447381759	3676.150895140665	1.095025155884505	6041346
SRR18183470	broad	K03553	recA	cell_maintenance	dna_repair_radiation	recombination	2266	1134	1132	True	False	349.0	6492.836676217766	375.08197676478056	3676.150895140665	1.7662051589885357	6041346
SRR18183470	broad	K03555	mutS	cell_maintenance	dna_repair_radiation	mismatch_repair	1154	578	576	True	False	869.0	1327.963176064442	191.01703494552373	3676.150895140665	0.3612373958369923	6041346
SRR18183470	broad	K03572	mutL	cell_maintenance	dna_repair_radiation	mismatch_repair	1151	568	583	True	False	605.0	1902.4793388429753	190.52045686507608	3676.150895140665	0.5175193818506676	6041346
SRR18183470	broad	K03581	recD	cell_maintenance	dna_repair_radiation	recombination	469	237	232	True	False	652.0	719.3251533742331	77.63170657664699	3676.150895140665	0.1956734568009915	6041346
SRR18183470	broad	K03582	recB	cell_maintenance	dna_repair_radiation	recombination	506	263	243	True	False	1135.0	445.81497797356826	83.7561695688345	3676.150895140665	0.12127221941919485	6041346
SRR18183470	broad	K03583	recC	cell_maintenance	dna_repair_radiation	recombination	537	275	262	True	False	1073.0	500.4659832246039	88.88747640012673	3676.150895140665	0.13613858557496836	6041346
SRR18183470	broad	K03657	uvrD, pcrA	cell_maintenance	dna_repair_radiation	nucleotide_excision	5441	2749	2692	True	False	730.0	7453.424657534247	900.6271119051946	3676.150895140665	2.027507811876435	6041346
SRR18183470	broad	K03671	TXN, trxA	cell_maintenance	oxidative_redox	thiol_redox	1057	538	519	True	False	110.0	9609.09090909091	174.96101034438354	3676.150895140665	2.613900022926895	6041346
SRR18183470	broad	K03701	uvrA	cell_maintenance	dna_repair_radiation	nucleotide_excision	5831	2927	2904	True	False	866.0	6733.256351039261	965.1822623633873	3676.150895140665	1.8316049974824602	6041346
SRR18183470	broad	K03702	uvrB	cell_maintenance	dna_repair_radiation	nucleotide_excision	2692	1359	1333	True	False	666.0	4042.042042042042	445.59606418834477	3676.150895140665	1.099531046830812	6041346
SRR18183470	broad	K03703	uvrC	cell_maintenance	dna_repair_radiation	nucleotide_excision	2658	1337	1321	True	False	607.0	4378.9126853377265	439.9681792766049	3676.150895140665	1.1911678302231854	6041346
SRR18183470	broad	K03704	cspA	cell_maintenance	cold_protein_quality	cold_shock	1233	643	590	True	False	68.0	18132.35294117647	204.09359106397812	3676.150895140665	4.932428906861466	6041346
SRR18183470	broad	K03781	katE, CAT, catB, srpA	cell_maintenance	oxidative_redox	peroxide_detox	3125	1567	1558	True	False	485.0	6443.298969072165	517.2688337996201	3676.150895140665	1.752729730868574	6041346
SRR18183470	broad	K03782	katG	cell_maintenance	oxidative_redox	peroxide_detox	628	316	312	True	False	726.0	865.0137741046832	103.95034484037167	3676.150895140665	0.235304207791934	6041346
SRR18183470	broad	K04047	dps	cell_maintenance	dna_repair_radiation	dna_protection	284	141	143	True	False	172.0	1651.1627906976746	47.00939161570948	3676.150895140665	0.44915533605551144	6041346
SRR18183470	broad	K04564	SOD2	cell_maintenance	oxidative_redox	superoxide_detox	1136	575	561	True	False	203.0	5596.059113300492	188.03756646283793	3676.150895140665	1.5222604492915852	6041346
SRR18183470	broad	K04565	SOD1	cell_maintenance	oxidative_redox	superoxide_detox	516	256	260	True	False	186.0	2774.1935483870966	85.41142983699328	3676.150895140665	0.7546462665757752	6041346
SRR18183470	broad	K04641	bop	energy_acquisition	light_energy	rhodopsin	0	0	0	False	False	250.0	0.0	0.0	3676.150895140665	0.0	6041346
SRR18183470	broad	K04642	hop	energy_acquisition	light_energy	rhodopsin	0	0	0	False	False	283.0	0.0	0.0	3676.150895140665	0.0	6041346
SRR18183470	broad	K05343	treS	cell_maintenance	osmotic_desiccation_salt	trehalose	2269	1141	1128	True	False	561.0	4044.563279857397	375.5785548452282	3676.150895140665	1.1002168831545298	6041346
SRR18183470	broad	K05592	deaD, cshA	cell_maintenance	cold_protein_quality	rna_helicase	800	403	397	True	False	563.5	1419.698314108252	132.42082145270277	3676.150895140665	0.3861915233090366	6041346
SRR18183470	broad	K06381	spoIID	cell_maintenance	dormancy_resuscitation	sporulation	487	243	244	True	False	464.0	1049.5689655172414	80.6111750593328	3676.150895140665	0.28550758536724336	6041346
SRR18183470	broad	K06390	spoIIIAA	cell_maintenance	dormancy_resuscitation	sporulation	0	0	0	False	False	326.0	0.0	0.0	3676.150895140665	0.0	6041346
SRR18183470	broad	K06718	ectA	cell_maintenance	osmotic_desiccation_salt	ectoine	187	91	96	True	False	176.0	1062.5	30.95336701456927	3676.150895140665	0.28902513262022783	6041346
SRR18183470	broad	K06720	ectC	cell_maintenance	osmotic_desiccation_salt	ectoine	161	84	77	True	False	132.0	1219.6969696969697	26.64969031735643	3676.150895140665	0.3317864267512063	6041346
SRR18183470	broad	K07646	kdpD	cell_maintenance	osmotic_desiccation_salt	potassium_homeostasis	286	148	138	True	False	491.0	582.4847250509165	47.340443669341234	3676.150895140665	0.15844962344197466	6041346
SRR18183470	broad	K07667	kdpE	cell_maintenance	osmotic_desiccation_salt	potassium_homeostasis	133	65	68	True	False	232.0	573.2758620689655	22.014961566511833	3676.150895140665	0.1559445948823136	6041346
SRR18183470	broad	K07699	spo0A	cell_maintenance	dormancy_resuscitation	sporulation	0	0	0	False	False	266.0	0.0	0.0	3676.150895140665	0.0	6041346
SRR18183470	broad	K10255	FAD6, desA	cell_maintenance	cold_protein_quality	membrane_adaptation	156	75	81	True	False	350.0	445.7142857142857	25.82206018327704	3676.150895140665	0.12124482874287205	6041346
SRR18183470	broad	K10674	ectD	cell_maintenance	osmotic_desiccation_salt	ectoine	116	58	58	True	False	302.0	384.10596026490066	19.2010191106419	3676.150895140665	0.10448590692308977	6041346
SRR18183470	broad	K11180	dsrA	energy_acquisition	sulfur_chemolithotrophy	dissimilatory_sulfite	0	0	0	False	False	408.0	0.0	0.0	3676.150895140665	0.0	6041346
SRR18183470	broad	K11181	dsrB	energy_acquisition	sulfur_chemolithotrophy	dissimilatory_sulfite	0	0	0	False	False	359.0	0.0	0.0	3676.150895140665	0.0	6041346
SRR18183470	broad	K11935	pgaA	surface_retention	biofilm_eps_surface	pga	6	4	2	True	False	812.5	7.384615384615385	0.9931561608952707	3676.150895140665	0.0020087900620120815	6041346
SRR18183470	broad	K17222	soxA	energy_acquisition	sulfur_chemolithotrophy	sox	35	18	17	True	False	275.0	127.27272727272727	5.793410938555746	3676.150895140665	0.03462119235664761	6041346
SRR18183470	broad	K17223	soxX	energy_acquisition	sulfur_chemolithotrophy	sox	18	10	8	True	False	154.0	116.88311688311688	2.979468482685812	3676.150895140665	0.03179497257243148	6041346
SRR18183470	broad	K17224	soxB	energy_acquisition	sulfur_chemolithotrophy	sox	54	27	27	True	False	563.0	95.91474245115454	8.938405448057436	3676.150895140665	0.026091078736169355	6041346
SRR18183470	broad	K17225	soxC	energy_acquisition	sulfur_chemolithotrophy	sox	72	33	39	True	False	424.0	169.81132075471697	11.917873930743248	3676.150895140665	0.046192696001457055	6041346
SRR18183470	broad	K17229	fccB	energy_acquisition	sulfur_chemolithotrophy	sox	70	36	34	True	False	424.0	165.0943396226415	11.586821877111491	3676.150895140665	0.04490956555697214	6041346
SRR18183470	broad	K20543	bcsC	surface_retention	biofilm_eps_surface	cellulose	3	1	2	True	False	1565.0	1.9169329073482428	0.49657808044763535	3676.150895140665	0.0005214510943721458	6041346
SRR18183470	primary	K00066	algD	surface_retention	biofilm_eps_surface	alginate	331	169	162	True	True	437.0	757.4370709382151	54.78911487605576	3435.2871236222245	0.22048726749208689	6041346
SRR18183470	primary	K00130	betB, gbsA	cell_maintenance	osmotic_desiccation_salt	betaine	364	176	188	True	True	492.0	739.8373983739838	60.251473760979756	3435.2871236222245	0.2153640647055687	6041346
SRR18183470	primary	K00383	GSR, gor	cell_maintenance	oxidative_redox	thiol_redox	206	101	105	True	True	452.0	455.75221238938053	34.09836152407096	3435.2871236222245	0.13266786617499027	6041346
SRR18183470	primary	K00384	trxB, TRR	cell_maintenance	oxidative_redox	thiol_redox	1340	671	669	True	True	327.0	4097.859327217126	221.80487593327712	3435.2871236222245	1.192872438242156	6041346
SRR18183470	primary	K00436	hoxH	energy_acquisition	trace_gas_energy	hydrogenase	0	0	0	False	False	474.0	0.0	0.0	3435.2871236222245	0.0	6041346
SRR18183470	primary	K00437	hydB	energy_acquisition	trace_gas_energy	hydrogenase	0	0	0	False	False	568.0	0.0	0.0	3435.2871236222245	0.0	6041346
SRR18183470	primary	K00440	frhA	energy_acquisition	trace_gas_energy	hydrogenase	0	0	0	False	False	415.0	0.0	0.0	3435.2871236222245	0.0	6041346
SRR18183470	primary	K00441	frhB	energy_acquisition	trace_gas_energy	hydrogenase	224	113	111	True	True	387.0	578.8113695090439	37.07783000675677	3435.2871236222245	0.16848995402129166	6041346
SRR18183470	primary	K00694	bcsA	surface_retention	biofilm_eps_surface	cellulose	4	1	3	True	True	1408.0	2.8409090909090913	0.6621041072635138	3435.2871236222245	0.0008269786450669629	6041346
SRR18183470	primary	K00697	otsA	cell_maintenance	osmotic_desiccation_salt	trehalose	753	384	369	True	True	503.0	1497.0178926441351	124.64109819235647	3435.2871236222245	0.43577664363194607	6041346
SRR18183470	primary	K01087	otsB	cell_maintenance	osmotic_desiccation_salt	trehalose	520	257	263	True	True	269.0	1933.085501858736	86.0735339442568	3435.2871236222245	0.562714391052256	6041346
SRR18183470	primary	K01139	spoT	cell_maintenance	dormancy_resuscitation	stringent_response	1923	969	954	True	True	736.0	2612.771739130435	318.3065495669342	3435.2871236222245	0.7605686643087594	6041346
SRR18183470	primary	K01546	kdpA	cell_maintenance	osmotic_desiccation_salt	potassium_homeostasis	108	50	58	True	True	567.0	190.47619047619048	17.876810896114872	3435.2871236222245	0.05544694915496588	6041346
SRR18183470	primary	K01547	kdpB	cell_maintenance	osmotic_desiccation_salt	potassium_homeostasis	118	59	59	True	True	677.0	174.2983751846381	19.532071164273656	3435.2871236222245	0.05073764401994293	6041346
SRR18183470	primary	K01548	kdpC	cell_maintenance	osmotic_desiccation_salt	potassium_homeostasis	37	19	18	True	True	194.0	190.72164948453607	6.124462992187502	3435.2871236222245	0.055518401409031554	6041346
SRR18183470	primary	K01601	rbcL, cbbL	energy_acquisition	trace_gas_energy	carbon_fixation	805	404	401	True	True	476.0	1691.1764705882354	133.24845158678212	3435.2871236222245	0.49229552282809785	6041346
SRR18183470	primary	K01602	rbcS, cbbS	energy_acquisition	trace_gas_energy	carbon_fixation	147	82	65	True	True	140.0	1050.0	24.332325941934133	3435.2871236222245	0.30565130721674943	6041346
SRR18183470	primary	K01669	phr, PHR1	cell_maintenance	dna_repair_radiation	photorepair	509	253	256	True	True	468.0	1087.6068376068376	84.25274764928213	3435.2871236222245	0.3165985253832427	6041346
SRR18183470	primary	K02000	proV	cell_maintenance	osmotic_desiccation_salt	compatible_solute_transport	236	123	113	True	True	392.0	602.0408163265306	39.06414232854731	3435.2871236222245	0.1752519642933743	6041346
SRR18183470	primary	K02001	proW	cell_maintenance	osmotic_desiccation_salt	compatible_solute_transport	148	74	74	True	True	301.0	491.69435215946845	24.49785196875001	3435.2871236222245	0.14313049665584215	6041346
SRR18183470	primary	K02002	proX	cell_maintenance	osmotic_desiccation_salt	compatible_solute_transport	564	281	283	True	True	315.0	1790.4761904761904	93.35667912415545	3435.2871236222245	0.5212013220566792	6041346
SRR18183470	primary	K03386	PRDX2_4, ahpC	cell_maintenance	oxidative_redox	peroxide_detox	45	22	23	True	True	201.0	223.88059701492537	7.44867120671453	3435.2871236222245	0.06517085441721736	6041346
SRR18183470	primary	K03387	ahpF	cell_maintenance	oxidative_redox	peroxide_detox	2	1	1	True	False	520.0	3.846153846153846	0.3310520536317569	3435.2871236222245	0.001119601857936811	6041346
SRR18183470	primary	K03518	coxS	energy_acquisition	trace_gas_energy	carbon_monoxide	1085	522	563	True	True	164.0	6615.8536585365855	179.5957390952281	3435.2871236222245	1.9258517324632587	6041346
SRR18183470	primary	K03519	coxM, cutM	energy_acquisition	trace_gas_energy	carbon_monoxide	1384	696	688	True	True	286.0	4839.16083916084	229.08802111317578	3435.2871236222245	1.4086627012586788	6041346
SRR18183470	primary	K03520	coxL, cutL	energy_acquisition	trace_gas_energy	carbon_monoxide	3011	1534	1477	True	True	785.0	3835.668789808917	498.39886674261004	3435.2871236222245	1.1165496949100788	6041346
SRR18183470	primary	K03553	recA	cell_maintenance	dna_repair_radiation	recombination	2150	1079	1071	True	True	349.0	6160.458452722063	355.8809576541386	3435.2871236222245	1.7932877896466402	6041346
SRR18183470	primary	K03555	mutS	cell_maintenance	dna_repair_radiation	mismatch_repair	1115	557	558	True	True	869.0	1283.0840046029919	184.56151989970448	3435.2871236222245	0.3735012412150535	6041346
SRR18183470	primary	K03572	mutL	cell_maintenance	dna_repair_radiation	mismatch_repair	1101	548	553	True	True	605.0	1819.8347107438017	182.24415552428218	3435.2871236222245	0.5297474840545314	6041346
SRR18183470	primary	K03581	recD	cell_maintenance	dna_repair_radiation	recombination	439	222	217	True	True	652.0	673.3128834355828	72.66592577217064	3435.2871236222245	0.1959990123694902	6041346
SRR18183470	primary	K03582	recB	cell_maintenance	dna_repair_radiation	recombination	471	241	230	True	True	1135.0	414.9779735682819	77.96275863027876	3435.2871236222245	0.12079862865457434	6041346
SRR18183470	primary	K03583	recC	cell_maintenance	dna_repair_radiation	recombination	511	261	250	True	True	1073.0	476.2348555452004	84.5837997029139	3435.2871236222245	0.13863029156149556	6041346
SRR18183470	primary	K03657	uvrD, pcrA	cell_maintenance	dna_repair_radiation	nucleotide_excision	5189	2630	2559	True	True	730.0	7108.219178082192	858.9145531475933	3435.2871236222245	2.0691776035847527	6041346
SRR18183470	primary	K03671	TXN, trxA	cell_maintenance	oxidative_redox	thiol_redox	903	459	444	True	True	110.0	8209.09090909091	149.47000221473823	3435.2871236222245	2.3896374927854955	6041346
SRR18183470	primary	K03701	uvrA	cell_maintenance	dna_repair_radiation	nucleotide_excision	5650	2838	2812	True	True	866.0	6524.249422632794	935.2220515097133	3435.2871236222245	1.8991860615579395	6041346
SRR18183470	primary	K03702	uvrB	cell_maintenance	dna_repair_radiation	nucleotide_excision	2597	1312	1285	True	True	666.0	3899.399399399399	429.8710916408363	3435.2871236222245	1.1351014512253657	6041346
SRR18183470	primary	K03703	uvrC	cell_maintenance	dna_repair_radiation	nucleotide_excision	2550	1288	1262	True	True	607.0	4200.988467874794	422.09136838049005	3435.2871236222245	1.2228929683889715	6041346
SRR18183470	primary	K03704	cspA	cell_maintenance	cold_protein_quality	cold_shock	858	445	413	True	True	68.0	12617.647058823528	142.0213310080237	3435.2871236222245	3.672952683360938	6041346
SRR18183470	primary	K03781	katE, CAT, catB, srpA	cell_maintenance	oxidative_redox	peroxide_detox	2985	1493	1492	True	True	485.0	6154.639175257732	494.09519004539715	3435.2871236222245	1.7915938184428022	6041346
SRR18183470	primary	K03782	katG	cell_maintenance	oxidative_redox	peroxide_detox	614	308	306	True	True	726.0	845.7300275482094	101.63298046494936	3435.2871236222245	0.24618903664054065	6041346
SRR18183470	primary	K04047	dps	cell_maintenance	dna_repair_radiation	dna_protection	247	125	122	True	True	172.0	1436.0465116279072	40.88492862352197	3435.2871236222245	0.41802808905059313	6041346
SRR18183470	primary	K04564	SOD2	cell_maintenance	oxidative_redox	superoxide_detox	945	480	465	True	True	203.0	4655.172413793103	156.42209534100513	3435.2871236222245	1.3551043177097264	6041346
SRR18183470	primary	K04565	SOD1	cell_maintenance	oxidative_redox	superoxide_detox	472	236	236	True	True	186.0	2537.6344086021504	78.12828465709462	3435.2871236222245	0.7386964516451906	6041346
SRR18183470	primary	K04641	bop	energy_acquisition	light_energy	rhodopsin	0	0	0	False	False	250.0	0.0	0.0	3435.2871236222245	0.0	6041346
SRR18183470	primary	K04642	hop	energy_acquisition	light_energy	rhodopsin	0	0	0	False	False	283.0	0.0	0.0	3435.2871236222245	0.0	6041346
SRR18183470	primary	K05343	treS	cell_maintenance	osmotic_desiccation_salt	trehalose	2189	1105	1084	True	True	561.0	3901.960784313725	362.33647269995794	3435.2871236222245	1.1358470613656981	6041346
SRR18183470	primary	K05592	deaD, cshA	cell_maintenance	cold_protein_quality	rna_helicase	761	379	382	True	True	563.5	1350.4880212954747	125.9653064068835	3435.2871236222245	0.3931223134185935	6041346
SRR18183470	primary	K06381	spoIID	cell_maintenance	dormancy_resuscitation	sporulation	449	226	223	True	True	464.0	967.6724137931034	74.32118604032942	3435.2871236222245	0.28168603641280887	6041346
SRR18183470	primary	K06390	spoIIIAA	cell_maintenance	dormancy_resuscitation	sporulation	0	0	0	False	False	326.0	0.0	0.0	3435.2871236222245	0.0	6041346
SRR18183470	primary	K06718	ectA	cell_maintenance	osmotic_desiccation_salt	ectoine	165	81	84	True	True	176.0	937.5	27.311794424619944	3435.2871236222245	0.2729029528720977	6041346
SRR18183470	primary	K06720	ectC	cell_maintenance	osmotic_desiccation_salt	ectoine	142	74	68	True	True	132.0	1075.7575757575758	23.50469580785474	3435.2871236222245	0.31314924693202323	6041346
SRR18183470	primary	K07646	kdpD	cell_maintenance	osmotic_desiccation_salt	potassium_homeostasis	264	141	123	True	True	491.0	537.6782077393076	43.698871079391914	3435.2871236222245	0.1565162352928365	6041346
SRR18183470	primary	K07667	kdpE	cell_maintenance	osmotic_desiccation_salt	potassium_homeostasis	118	59	59	True	True	232.0	508.6206896551724	19.532071164273656	3435.2871236222245	0.14805769397198862	6041346
SRR18183470	primary	K07699	spo0A	cell_maintenance	dormancy_resuscitation	sporulation	0	0	0	False	False	266.0	0.0	0.0	3435.2871236222245	0.0	6041346
SRR18183470	primary	K10255	FAD6, desA	cell_maintenance	cold_protein_quality	membrane_adaptation	135	68	67	True	True	350.0	385.7142857142857	22.34601362014359	3435.2871236222245	0.11228007203880591	6041346
SRR18183470	primary	K10674	ectD	cell_maintenance	osmotic_desiccation_salt	ectoine	107	56	51	True	True	302.0	354.3046357615894	17.711284869298993	3435.2871236222245	0.10313683340331815	6041346
SRR18183470	primary	K11180	dsrA	energy_acquisition	sulfur_chemolithotrophy	dissimilatory_sulfite	0	0	0	False	False	408.0	0.0	0.0	3435.2871236222245	0.0	6041346
SRR18183470	primary	K11181	dsrB	energy_acquisition	sulfur_chemolithotrophy	dissimilatory_sulfite	0	0	0	False	False	359.0	0.0	0.0	3435.2871236222245	0.0	6041346
SRR18183470	primary	K11935	pgaA	surface_retention	biofilm_eps_surface	pga	5	3	2	True	True	812.5	6.153846153846154	0.8276301340793922	3435.2871236222245	0.001791362972698898	6041346
SRR18183470	primary	K17222	soxA	energy_acquisition	sulfur_chemolithotrophy	sox	31	16	15	True	True	275.0	112.72727272727272	5.131306831292232	3435.2871236222245	0.03281451263625708	6041346
SRR18183470	primary	K17223	soxX	energy_acquisition	sulfur_chemolithotrophy	sox	16	9	7	True	True	154.0	103.8961038961039	2.648416429054055	3435.2871236222245	0.030243790448163207	6041346
SRR18183470	primary	K17224	soxB	energy_acquisition	sulfur_chemolithotrophy	sox	51	25	26	True	True	563.0	90.58614564831262	8.4418273676098	3435.2871236222245	0.026369308412508202	6041346
SRR18183470	primary	K17225	soxC	energy_acquisition	sulfur_chemolithotrophy	sox	69	33	36	True	True	424.0	162.73584905660377	11.421295850295612	3435.2871236222245	0.04737183332874149	6041346
SRR18183470	primary	K17229	fccB	energy_acquisition	sulfur_chemolithotrophy	sox	70	36	34	True	True	424.0	165.0943396226415	11.586821877111491	3435.2871236222245	0.048058381637853684	6041346
SRR18183470	primary	K20543	bcsC	surface_retention	biofilm_eps_surface	cellulose	3	1	2	True	True	1565.0	1.9169329073482428	0.49657808044763535	3435.2871236222245	0.0005580124275978995	6041346
SRR18183470	stringent	K00066	algD	surface_retention	biofilm_eps_surface	alginate	308	155	153	True	False	437.0	704.8054919908467	50.98201625929056	3174.646458735639	0.22201070297180378	6041346
SRR18183470	stringent	K00130	betB, gbsA	cell_maintenance	osmotic_desiccation_salt	betaine	342	169	173	True	False	492.0	695.1219512195122	56.60990117103043	3174.646458735639	0.21896042921779618	6041346
SRR18183470	stringent	K00383	GSR, gor	cell_maintenance	oxidative_redox	thiol_redox	193	95	98	True	False	452.0	426.9911504424779	31.94652317546454	3174.646458735639	0.1345003785437371	6041346
SRR18183470	stringent	K00384	trxB, TRR	cell_maintenance	oxidative_redox	thiol_redox	1219	616	603	True	False	327.0	3727.82874617737	201.77622668855585	3174.646458735639	1.1742500447316095	6041346
SRR18183470	stringent	K00436	hoxH	energy_acquisition	trace_gas_energy	hydrogenase	0	0	0	False	False	474.0	0.0	0.0	3174.646458735639	0.0	6041346
SRR18183470	stringent	K00437	hydB	energy_acquisition	trace_gas_energy	hydrogenase	0	0	0	False	False	568.0	0.0	0.0	3174.646458735639	0.0	6041346
SRR18183470	stringent	K00440	frhA	energy_acquisition	trace_gas_energy	hydrogenase	0	0	0	False	False	415.0	0.0	0.0	3174.646458735639	0.0	6041346
SRR18183470	stringent	K00441	frhB	energy_acquisition	trace_gas_energy	hydrogenase	204	105	99	True	False	387.0	527.1317829457364	33.7673094704392	3174.646458735639	0.1660442476973251	6041346
SRR18183470	stringent	K00694	bcsA	surface_retention	biofilm_eps_surface	cellulose	2	1	1	True	False	1408.0	1.4204545454545456	0.3310520536317569	3174.646458735639	0.00044743708123652534	6041346
SRR18183470	stringent	K00697	otsA	cell_maintenance	osmotic_desiccation_salt	trehalose	716	362	354	True	False	503.0	1423.4592445328033	118.51663520016896	3174.646458735639	0.44838354854156637	6041346
SRR18183470	stringent	K01087	otsB	cell_maintenance	osmotic_desiccation_salt	trehalose	462	229	233	True	False	269.0	1717.4721189591078	76.47302438893584	3174.646458735639	0.5409963412565701	6041346
SRR18183470	stringent	K01139	spoT	cell_maintenance	dormancy_resuscitation	stringent_response	1835	926	909	True	False	736.0	2493.2065217391305	303.74025920713694	3174.646458735639	0.7853493465008055	6041346
SRR18183470	stringent	K01546	kdpA	cell_maintenance	osmotic_desiccation_salt	potassium_homeostasis	101	49	52	True	False	567.0	178.1305114638448	16.71812870840372	3174.646458735639	0.0561103460745007	6041346
SRR18183470	stringent	K01547	kdpB	cell_maintenance	osmotic_desiccation_salt	potassium_homeostasis	110	55	55	True	False	677.0	162.4815361890694	18.20786294974663	3174.646458735639	0.0511809860723139	6041346
SRR18183470	stringent	K01548	kdpC	cell_maintenance	osmotic_desiccation_salt	potassium_homeostasis	30	16	14	True	False	194.0	154.63917525773195	4.965780804476354	3174.646458735639	0.04871067606038873	6041346
SRR18183470	stringent	K01601	rbcL, cbbL	energy_acquisition	trace_gas_energy	carbon_fixation	762	382	380	True	False	476.0	1600.8403361344538	126.13083243369938	3174.646458735639	0.5042578305780914	6041346
SRR18183470	stringent	K01602	rbcS, cbbS	energy_acquisition	trace_gas_energy	carbon_fixation	119	66	53	True	False	140.0	849.9999999999999	19.697597191089535	3174.646458735639	0.2677463494119367	6041346
SRR18183470	stringent	K01669	phr, PHR1	cell_maintenance	dna_repair_radiation	photorepair	464	232	232	True	False	468.0	991.4529914529913	76.8040764425676	3174.646458735639	0.31230343420597945	6041346
SRR18183470	stringent	K02000	proV	cell_maintenance	osmotic_desiccation_salt	compatible_solute_transport	218	115	103	True	False	392.0	556.1224489795918	36.0846738458615	3174.646458735639	0.17517618298860205	6041346
SRR18183470	stringent	K02001	proW	cell_maintenance	osmotic_desiccation_salt	compatible_solute_transport	138	70	68	True	False	301.0	458.4717607973422	22.842591700591225	3174.646458735639	0.14441663560229537	6041346
SRR18183470	stringent	K02002	proX	cell_maintenance	osmotic_desiccation_salt	compatible_solute_transport	506	251	255	True	False	315.0	1606.3492063492063	83.7561695688345	3174.646458735639	0.5059931010361904	6041346
SRR18183470	stringent	K03386	PRDX2_4, ahpC	cell_maintenance	oxidative_redox	peroxide_detox	37	20	17	True	False	201.0	184.07960199004975	6.124462992187502	3174.646458735639	0.05798428404004483	6041346
SRR18183470	stringent	K03387	ahpF	cell_maintenance	oxidative_redox	peroxide_detox	2	1	1	True	False	520.0	3.846153846153846	0.3310520536317569	3174.646458735639	0.0012115219430404375	6041346
SRR18183470	stringent	K03518	coxS	energy_acquisition	trace_gas_energy	carbon_monoxide	925	444	481	True	False	164.0	5640.243902439024	153.11157480468756	3174.646458735639	1.776652605495276	6041346
SRR18183470	stringent	K03519	coxM, cutM	energy_acquisition	trace_gas_energy	carbon_monoxide	1230	615	615	True	False	286.0	4300.699300699301	203.59701298353048	3174.646458735639	1.3547018090361258	6041346
SRR18183470	stringent	K03520	coxL, cutL	energy_acquisition	trace_gas_energy	carbon_monoxide	2838	1446	1392	True	False	785.0	3615.2866242038217	469.762864103463	3174.646458735639	1.1387997596569148	6041346
SRR18183470	stringent	K03553	recA	cell_maintenance	dna_repair_radiation	recombination	2028	1019	1009	True	False	349.0	5810.888252148998	335.6867823826015	3174.646458735639	1.8304048427689457	6041346
SRR18183470	stringent	K03555	mutS	cell_maintenance	dna_repair_radiation	mismatch_repair	1049	531	518	True	False	869.0	1207.1346375143844	173.6368021298565	3174.646458735639	0.3802422264037388	6041346
SRR18183470	stringent	K03572	mutL	cell_maintenance	dna_repair_radiation	mismatch_repair	1010	502	508	True	False	605.0	1669.4214876033059	167.18128708403722	3174.646458735639	0.5258605987477999	6041346
SRR18183470	stringent	K03581	recD	cell_maintenance	dna_repair_radiation	recombination	383	195	188	True	False	652.0	587.4233128834355	63.39646827048145	3174.646458735639	0.18503582068706562	6041346
SRR18183470	stringent	K03582	recB	cell_maintenance	dna_repair_radiation	recombination	412	216	196	True	False	1135.0	362.9955947136564	68.19672304814192	3174.646458735639	0.11434205333787813	6041346
SRR18183470	stringent	K03583	recC	cell_maintenance	dna_repair_radiation	recombination	442	226	216	True	False	1073.0	411.9291705498602	73.16250385261829	3174.646458735639	0.12975591956589663	6041346
SRR18183470	stringent	K03657	uvrD, pcrA	cell_maintenance	dna_repair_radiation	nucleotide_excision	4809	2447	2362	True	False	730.0	6587.671232876713	796.0146629575595	3174.646458735639	2.0750881455632615	6041346
SRR18183470	stringent	K03671	TXN, trxA	cell_maintenance	oxidative_redox	thiol_redox	761	391	370	True	False	110.0	6918.181818181818	125.9653064068835	3174.646458735639	2.1791975604543725	6041346
SRR18183470	stringent	K03701	uvrA	cell_maintenance	dna_repair_radiation	nucleotide_excision	5444	2752	2692	True	False	866.0	6286.374133949192	901.1236899856423	3174.646458735639	1.9801808534147312	6041346
SRR18183470	stringent	K03702	uvrB	cell_maintenance	dna_repair_radiation	nucleotide_excision	2504	1269	1235	True	False	666.0	3759.7597597597596	414.4771711469596	3174.646458735639	1.1843081768724422	6041346
SRR18183470	stringent	K03703	uvrC	cell_maintenance	dna_repair_radiation	nucleotide_excision	2420	1226	1194	True	False	607.0	3986.820428336079	400.5729848944259	3174.646458735639	1.2558313122916696	6041346
SRR18183470	stringent	K03704	cspA	cell_maintenance	cold_protein_quality	cold_shock	406	199	207	True	False	68.0	5970.588235294117	67.20356688724665	3174.646458735639	1.8807096515786559	6041346
SRR18183470	stringent	K03781	katE, CAT, catB, srpA	cell_maintenance	oxidative_redox	peroxide_detox	2827	1422	1405	True	False	485.0	5828.865979381443	467.94207780848836	3174.646458735639	1.8360677496362525	6041346
SRR18183470	stringent	K03782	katG	cell_maintenance	oxidative_redox	peroxide_detox	592	296	296	True	False	726.0	815.4269972451791	97.99140787500004	3174.646458735639	0.25685600202862835	6041346
SRR18183470	stringent	K04047	dps	cell_maintenance	dna_repair_radiation	dna_protection	218	108	110	True	False	172.0	1267.4418604651164	36.0846738458615	3174.646458735639	0.39923874262518616	6041346
SRR18183470	stringent	K04564	SOD2	cell_maintenance	oxidative_redox	superoxide_detox	809	411	398	True	False	203.0	3985.221674876847	133.91055569404566	3174.646458735639	1.255327711818353	6041346
SRR18183470	stringent	K04565	SOD1	cell_maintenance	oxidative_redox	superoxide_detox	391	198	193	True	False	186.0	2102.1505376344085	64.72067648500848	3174.646458735639	0.6621683910187682	6041346
SRR18183470	stringent	K04641	bop	energy_acquisition	light_energy	rhodopsin	0	0	0	False	False	250.0	0.0	0.0	3174.646458735639	0.0	6041346
SRR18183470	stringent	K04642	hop	energy_acquisition	light_energy	rhodopsin	0	0	0	False	False	283.0	0.0	0.0	3174.646458735639	0.0	6041346
SRR18183470	stringent	K05343	treS	cell_maintenance	osmotic_desiccation_salt	trehalose	2073	1046	1027	True	False	561.0	3695.187165775401	343.135453589316	3174.646458735639	1.1639680870943585	6041346
SRR18183470	stringent	K05592	deaD, cshA	cell_maintenance	cold_protein_quality	rna_helicase	695	350	345	True	False	563.5	1233.362910381544	115.04058863703553	3174.646458735639	0.3885040197114589	6041346
SRR18183470	stringent	K06381	spoIID	cell_maintenance	dormancy_resuscitation	sporulation	337	173	164	True	False	464.0	726.2931034482758	55.78227103695104	3174.646458735639	0.22877920829569642	6041346
SRR18183470	stringent	K06390	spoIIIAA	cell_maintenance	dormancy_resuscitation	sporulation	0	0	0	False	False	326.0	0.0	0.0	3174.646458735639	0.0	6041346
SRR18183470	stringent	K06718	ectA	cell_maintenance	osmotic_desiccation_salt	ectoine	137	67	70	True	False	176.0	778.409090909091	22.677065673775346	3174.646458735639	0.2451955205176159	6041346
SRR18183470	stringent	K06720	ectC	cell_maintenance	osmotic_desiccation_salt	ectoine	120	59	61	True	False	132.0	909.090909090909	19.863123217905414	3174.646458735639	0.28635973199137615	6041346
SRR18183470	stringent	K07646	kdpD	cell_maintenance	osmotic_desiccation_salt	potassium_homeostasis	217	118	99	True	False	491.0	441.9551934826884	35.91914781904563	3174.646458735639	0.1392139878336894	6041346
SRR18183470	stringent	K07667	kdpE	cell_maintenance	osmotic_desiccation_salt	potassium_homeostasis	87	46	41	True	False	232.0	375.0	14.400764332981426	3174.646458735639	0.11812338944644267	6041346
SRR18183470	stringent	K07699	spo0A	cell_maintenance	dormancy_resuscitation	sporulation	0	0	0	False	False	266.0	0.0	0.0	3174.646458735639	0.0	6041346
SRR18183470	stringent	K10255	FAD6, desA	cell_maintenance	cold_protein_quality	membrane_adaptation	116	55	61	True	False	350.0	331.42857142857144	19.2010191106419	3174.646458735639	0.10439857657742743	6041346
SRR18183470	stringent	K10674	ectD	cell_maintenance	osmotic_desiccation_salt	ectoine	100	52	48	True	False	302.0	331.12582781456956	16.552602681587846	3174.646458735639	0.10430321363924298	6041346
SRR18183470	stringent	K11180	dsrA	energy_acquisition	sulfur_chemolithotrophy	dissimilatory_sulfite	0	0	0	False	False	408.0	0.0	0.0	3174.646458735639	0.0	6041346
SRR18183470	stringent	K11181	dsrB	energy_acquisition	sulfur_chemolithotrophy	dissimilatory_sulfite	0	0	0	False	False	359.0	0.0	0.0	3174.646458735639	0.0	6041346
SRR18183470	stringent	K11935	pgaA	surface_retention	biofilm_eps_surface	pga	0	0	0	False	False	812.5	0.0	0.0	3174.646458735639	0.0	6041346
SRR18183470	stringent	K17222	soxA	energy_acquisition	sulfur_chemolithotrophy	sox	27	12	15	True	False	275.0	98.18181818181817	4.469202724028718	3174.646458735639	0.030926851055068625	6041346
SRR18183470	stringent	K17223	soxX	energy_acquisition	sulfur_chemolithotrophy	sox	13	8	5	True	False	154.0	84.41558441558442	2.15183834860642	3174.646458735639	0.02659054654205636	6041346
SRR18183470	stringent	K17224	soxB	energy_acquisition	sulfur_chemolithotrophy	sox	49	25	24	True	False	563.0	87.03374777975134	8.110775313978044	3174.646458735639	0.027415256757256087	6041346
SRR18183470	stringent	K17225	soxC	energy_acquisition	sulfur_chemolithotrophy	sox	54	28	26	True	False	424.0	127.35849056603774	8.938405448057436	3174.646458735639	0.04011737754784846	6041346
SRR18183470	stringent	K17229	fccB	energy_acquisition	sulfur_chemolithotrophy	sox	60	30	30	True	False	424.0	141.50943396226415	9.931561608952707	3174.646458735639	0.044574863942053844	6041346
SRR18183470	stringent	K20543	bcsC	surface_retention	biofilm_eps_surface	cellulose	3	1	2	True	False	1565.0	1.9169329073482428	0.49657808044763535	3174.646458735639	0.0006038256329530616	6041346
