url	md5	bytes	filename
https://ftp.ncbi.nlm.nih.gov/genomes/all/GCA/034/188/085/GCA_034188085.1_ASM3418808v1/GCA_034188085.1_ASM3418808v1_genomic.fna.gz	f937c6ef079afab1b2a2e2b4451e4405	185716	danakil__GCA_034188085.1.fna.gz
https://ftp.ncbi.nlm.nih.gov/genomes/all/GCA/034/190/395/GCA_034190395.1_ASM3419039v1/GCA_034190395.1_ASM3419039v1_genomic.fna.gz	343bfc426228b698bb8220478e8ade53	862402	danakil__GCA_034190395.1.fna.gz
https://ftp.ncbi.nlm.nih.gov/genomes/all/GCA/034/190/415/GCA_034190415.1_ASM3419041v1/GCA_034190415.1_ASM3419041v1_genomic.fna.gz	5ff2333881f079ab7115110227d7716f	138819	danakil__GCA_034190415.1.fna.gz
https://ftp.ncbi.nlm.nih.gov/genomes/all/GCA/034/190/435/GCA_034190435.1_ASM3419043v1/GCA_034190435.1_ASM3419043v1_genomic.fna.gz	ab0fc4bf27adaeffe0d22af5de3e0d9a	181499	danakil__GCA_034190435.1.fna.gz
https://ftp.ncbi.nlm.nih.gov/genomes/all/GCA/034/190/465/GCA_034190465.1_ASM3419046v1/GCA_034190465.1_ASM3419046v1_genomic.fna.gz	ccea906c8869a0a038cbe3cf20f3b027	353629	danakil__GCA_034190465.1.fna.gz
https://ftp.ncbi.nlm.nih.gov/genomes/all/GCA/034/190/485/GCA_034190485.1_ASM3419048v1/GCA_034190485.1_ASM3419048v1_genomic.fna.gz	38203537dae38494c8637f45c2731989	415294	danakil__GCA_034190485.1.fna.gz
https://ftp.ncbi.nlm.nih.gov/genomes/all/GCA/034/190/505/GCA_034190505.1_ASM3419050v1/GCA_034190505.1_ASM3419050v1_genomic.fna.gz	b480a76b1158dd4094ee58f5803fd0a5	395773	danakil__GCA_034190505.1.fna.gz
https://ftp.ncbi.nlm.nih.gov/genomes/all/GCA/034/190/525/GCA_034190525.1_ASM3419052v1/GCA_034190525.1_ASM3419052v1_genomic.fna.gz	542632fc6e6490f7b23fa823eebf8983	202563	danakil__GCA_034190525.1.fna.gz
https://ftp.ncbi.nlm.nih.gov/genomes/all/GCA/034/190/535/GCA_034190535.1_ASM3419053v1/GCA_034190535.1_ASM3419053v1_genomic.fna.gz	96cb0bbbd623af3b13111366c07a7074	188689	danakil__GCA_034190535.1.fna.gz
https://ftp.ncbi.nlm.nih.gov/genomes/all/GCA/034/190/545/GCA_034190545.1_ASM3419054v1/GCA_034190545.1_ASM3419054v1_genomic.fna.gz	a38222dd1088c5d8658130fb4240b0ee	559781	danakil__GCA_034190545.1.fna.gz
https://ftp.ncbi.nlm.nih.gov/genomes/all/GCA/034/190/585/GCA_034190585.1_ASM3419058v1/GCA_034190585.1_ASM3419058v1_genomic.fna.gz	fc9d5ccabf8f7c4db44f8c89c3052446	167149	danakil__GCA_034190585.1.fna.gz
https://ftp.ncbi.nlm.nih.gov/genomes/all/GCA/034/190/605/GCA_034190605.1_ASM3419060v1/GCA_034190605.1_ASM3419060v1_genomic.fna.gz	41dd802ba899919990eea61e8b504a01	337350	danakil__GCA_034190605.1.fna.gz
https://ftp.ncbi.nlm.nih.gov/genomes/all/GCA/034/190/645/GCA_034190645.1_ASM3419064v1/GCA_034190645.1_ASM3419064v1_genomic.fna.gz	c07688d8356e65ee02f2c2a11d3cae5a	436439	danakil__GCA_034190645.1.fna.gz
https://ftp.ncbi.nlm.nih.gov/genomes/all/GCA/034/211/295/GCA_034211295.1_ASM3421129v1/GCA_034211295.1_ASM3421129v1_genomic.fna.gz	6fe5265a7f5fde03d9e17027022df119	516141	danakil__GCA_034211295.1.fna.gz
https://ftp.ncbi.nlm.nih.gov/genomes/all/GCA/042/215/745/GCA_042215745.1_DAN-LK9-140_67C4R/GCA_042215745.1_DAN-LK9-140_67C4R_genomic.fna.gz	8fcea3aeb51b7190c2f8beeb446d7130	247316	danakil__GCA_042215745.1.fna.gz
https://ftp.ncbi.nlm.nih.gov/genomes/all/GCA/042/215/755/GCA_042215755.1_DAL-WCL_44_49C1R/GCA_042215755.1_DAL-WCL_44_49C1R_genomic.fna.gz	76d36f6bfdb3a34447b6192dfa242e7d	277856	danakil__GCA_042215755.1.fna.gz
https://ftp.ncbi.nlm.nih.gov/genomes/all/GCA/042/215/785/GCA_042215785.1_DAN-LK4-188_58C1R/GCA_042215785.1_DAN-LK4-188_58C1R_genomic.fna.gz	ac29252b82f5ddebafc29d201d55f3e2	311825	danakil__GCA_042215785.1.fna.gz
https://ftp.ncbi.nlm.nih.gov/genomes/all/GCA/042/215/795/GCA_042215795.1_DAL-WCL_7_50C4R/GCA_042215795.1_DAL-WCL_7_50C4R_genomic.fna.gz	4844996c15e470247b2f523cb238d988	297777	danakil__GCA_042215795.1.fna.gz
https://ftp.ncbi.nlm.nih.gov/genomes/all/GCA/042/215/815/GCA_042215815.1_DAL-WCL_83C5R/GCA_042215815.1_DAL-WCL_83C5R_genomic.fna.gz	a1a5112fc66a0c99ebdb0a3ad7f64716	546862	danakil__GCA_042215815.1.fna.gz
https://ftp.ncbi.nlm.nih.gov/genomes/all/GCA/042/215/845/GCA_042215845.1_DAL-WCL_38_83C4R/GCA_042215845.1_DAL-WCL_38_83C4R_genomic.fna.gz	7a69ffec630b65887d8ff9dee164755c	605574	danakil__GCA_042215845.1.fna.gz
https://ftp.ncbi.nlm.nih.gov/genomes/all/GCA/042/215/855/GCA_042215855.1_DAL-WCL_39_63C4R/GCA_042215855.1_DAL-WCL_39_63C4R_genomic.fna.gz	94bfebe1317b4f5bde2e5506ffaabbbe	526244	danakil__GCA_042215855.1.fna.gz
https://ftp.ncbi.nlm.nih.gov/genomes/all/GCA/042/215/865/GCA_042215865.1_DAL-WCL_37_42C1R/GCA_042215865.1_DAL-WCL_37_42C1R_genomic.fna.gz	c7dd3dd342227e3a19bc13c7434d647b	150864	danakil__GCA_042215865.1.fna.gz
https://ftp.ncbi.nlm.nih.gov/genomes/all/GCA/042/215/875/GCA_042215875.1_DAL-WCL_37_46C4R/GCA_042215875.1_DAL-WCL_37_46C4R_genomic.fna.gz	586f062928141aeb5a7a3e3fbafa39f5	248404	danakil__GCA_042215875.1.fna.gz
https://ftp.ncbi.nlm.nih.gov/genomes/all/GCA/042/216/015/GCA_042216015.1_DAL-WCL_35_78C3R/GCA_042216015.1_DAL-WCL_35_78C3R_genomic.fna.gz	24acd5b41e14803e053a4cd52b3e47a0	489722	danakil__GCA_042216015.1.fna.gz
https://ftp.ncbi.nlm.nih.gov/genomes/all/GCA/042/216/045/GCA_042216045.1_DAL-WCL_35_67C4R/GCA_042216045.1_DAL-WCL_35_67C4R_genomic.fna.gz	1cfc434856947ae135bc982f685deba9	415702	danakil__GCA_042216045.1.fna.gz
https://ftp.ncbi.nlm.nih.gov/genomes/all/GCA/042/216/055/GCA_042216055.1_DAL-WCL_35_76C4R/GCA_042216055.1_DAL-WCL_35_76C4R_genomic.fna.gz	56c726cdad2c43d017cdfafe06aad2d4	590747	danakil__GCA_042216055.1.fna.gz
https://ftp.ncbi.nlm.nih.gov/genomes/all/GCA/042/216/105/GCA_042216105.1_DAL-WCL_35_70C5R/GCA_042216105.1_DAL-WCL_35_70C5R_genomic.fna.gz	6da9559b1be9b981310bcfc38e17a0a9	694677	danakil__GCA_042216105.1.fna.gz
https://ftp.ncbi.nlm.nih.gov/genomes/all/GCA/042/216/135/GCA_042216135.1_DAL-WCL_35_76C3R/GCA_042216135.1_DAL-WCL_35_76C3R_genomic.fna.gz	3c5c6a95e81f12e715f970d78ca65401	535502	danakil__GCA_042216135.1.fna.gz
https://ftp.ncbi.nlm.nih.gov/genomes/all/GCA/042/216/165/GCA_042216165.1_DAL-WCL_35_62C3R/GCA_042216165.1_DAL-WCL_35_62C3R_genomic.fna.gz	f41feb809f956577b734c60a295c06f4	531396	danakil__GCA_042216165.1.fna.gz
https://ftp.ncbi.nlm.nih.gov/genomes/all/GCA/042/216/245/GCA_042216245.1_DAL-WCL_35_53C3R/GCA_042216245.1_DAL-WCL_35_53C3R_genomic.fna.gz	bf1911df4eaeb34808172d2f209e00c1	539890	danakil__GCA_042216245.1.fna.gz
https://ftp.ncbi.nlm.nih.gov/genomes/all/GCA/042/216/285/GCA_042216285.1_DAL-WCL_35_54C4R/GCA_042216285.1_DAL-WCL_35_54C4R_genomic.fna.gz	ee90fbaf81f61c6402a72ff6996bb75e	481333	danakil__GCA_042216285.1.fna.gz
https://ftp.ncbi.nlm.nih.gov/genomes/all/GCA/042/216/315/GCA_042216315.1_DAL-WCL_35_48C1R/GCA_042216315.1_DAL-WCL_35_48C1R_genomic.fna.gz	ff3b0fd3f9f95c5472f64f6ac4a46206	383998	danakil__GCA_042216315.1.fna.gz
https://ftp.ncbi.nlm.nih.gov/genomes/all/GCA/042/216/335/GCA_042216335.1_DAL-WCL_33_80C1R/GCA_042216335.1_DAL-WCL_33_80C1R_genomic.fna.gz	f858a22324f42b2f0c89b37e51c4e78a	307473	danakil__GCA_042216335.1.fna.gz
https://ftp.ncbi.nlm.nih.gov/genomes/all/GCA/042/216/345/GCA_042216345.1_DAL-WCL_35_50C1R/GCA_042216345.1_DAL-WCL_35_50C1R_genomic.fna.gz	9a4a47f6be9cd9f7558906e137f94a29	480924	danakil__GCA_042216345.1.fna.gz
https://ftp.ncbi.nlm.nih.gov/genomes/all/GCA/042/216/425/GCA_042216425.1_DAL-WCL_33_51C3R/GCA_042216425.1_DAL-WCL_33_51C3R_genomic.fna.gz	45e68fe1e6d3df873f8cbe800b970bbc	264367	danakil__GCA_042216425.1.fna.gz
https://ftp.ncbi.nlm.nih.gov/genomes/all/GCA/042/216/495/GCA_042216495.1_DAL-WCL_32_90C3R/GCA_042216495.1_DAL-WCL_32_90C3R_genomic.fna.gz	6a454ba41b6d704db7e77117b1a1d5db	670852	danakil__GCA_042216495.1.fna.gz
https://ftp.ncbi.nlm.nih.gov/genomes/all/GCA/042/216/515/GCA_042216515.1_DAL-WCL_33_41C3R/GCA_042216515.1_DAL-WCL_33_41C3R_genomic.fna.gz	566ee696310d14f40f7b624ae6083c1e	267451	danakil__GCA_042216515.1.fna.gz
https://ftp.ncbi.nlm.nih.gov/genomes/all/GCA/042/216/525/GCA_042216525.1_DAL-WCL_32_83C3R/GCA_042216525.1_DAL-WCL_32_83C3R_genomic.fna.gz	21c8cf79ff5aa243278765f41c599ab9	483903	danakil__GCA_042216525.1.fna.gz
https://ftp.ncbi.nlm.nih.gov/genomes/all/GCA/042/216/635/GCA_042216635.1_DAL-WCL_32_74C3R/GCA_042216635.1_DAL-WCL_32_74C3R_genomic.fna.gz	48c437aebcbf364e9153167f1d2f8c5d	544630	danakil__GCA_042216635.1.fna.gz
https://ftp.ncbi.nlm.nih.gov/genomes/all/GCA/042/216/675/GCA_042216675.1_DAL-WCL_32_78C3R/GCA_042216675.1_DAL-WCL_32_78C3R_genomic.fna.gz	ccdf8be64c77bec12a2b87cb520d0c1f	610458	danakil__GCA_042216675.1.fna.gz
https://ftp.ncbi.nlm.nih.gov/genomes/all/GCA/042/216/705/GCA_042216705.1_DAL-WCL_32_72C4R/GCA_042216705.1_DAL-WCL_32_72C4R_genomic.fna.gz	004b271100ecfe6b2877355075ab32da	691292	danakil__GCA_042216705.1.fna.gz
https://ftp.ncbi.nlm.nih.gov/genomes/all/GCA/042/216/715/GCA_042216715.1_DAL-WCL_32_62C3R/GCA_042216715.1_DAL-WCL_32_62C3R_genomic.fna.gz	a2dcf0dad3dac55a58a8e0b7ea162abc	354434	danakil__GCA_042216715.1.fna.gz
https://ftp.ncbi.nlm.nih.gov/genomes/all/GCA/042/216/725/GCA_042216725.1_DAL-WCL_32_72C3R/GCA_042216725.1_DAL-WCL_32_72C3R_genomic.fna.gz	0169a6b3aa01e2ad0320bf63f7b369d6	675736	danakil__GCA_042216725.1.fna.gz
https://ftp.ncbi.nlm.nih.gov/genomes/all/GCA/042/216/825/GCA_042216825.1_DAL-WCL_31_49C1R/GCA_042216825.1_DAL-WCL_31_49C1R_genomic.fna.gz	c14a9205539c3f15e799d8bdb4f85aad	276190	danakil__GCA_042216825.1.fna.gz
https://ftp.ncbi.nlm.nih.gov/genomes/all/GCA/042/216/835/GCA_042216835.1_DAL-WCL_31_84C4R/GCA_042216835.1_DAL-WCL_31_84C4R_genomic.fna.gz	4ceda33b0e7608dc18fd8284a5c4cdbb	482059	danakil__GCA_042216835.1.fna.gz
https://ftp.ncbi.nlm.nih.gov/genomes/all/GCA/042/216/905/GCA_042216905.1_DAL-WCL_29_91C5R/GCA_042216905.1_DAL-WCL_29_91C5R_genomic.fna.gz	7694ffe2e8067e2587f9888024b33083	678281	danakil__GCA_042216905.1.fna.gz
https://ftp.ncbi.nlm.nih.gov/genomes/all/GCA/042/216/915/GCA_042216915.1_DAL-WCL_29_75C1R/GCA_042216915.1_DAL-WCL_29_75C1R_genomic.fna.gz	fdff5fdfe5183ad81b41ac4c6e6a7cb0	417020	danakil__GCA_042216915.1.fna.gz
https://ftp.ncbi.nlm.nih.gov/genomes/all/GCA/042/216/925/GCA_042216925.1_DAL-WCL_29_70C3R/GCA_042216925.1_DAL-WCL_29_70C3R_genomic.fna.gz	33a2ce3148f38e303537d145ef280240	488072	danakil__GCA_042216925.1.fna.gz
https://ftp.ncbi.nlm.nih.gov/genomes/all/GCA/042/216/995/GCA_042216995.1_DAL-WCL_29_65C4R/GCA_042216995.1_DAL-WCL_29_65C4R_genomic.fna.gz	07e64293d9461d538ae841e63ced1fbe	462741	danakil__GCA_042216995.1.fna.gz
https://ftp.ncbi.nlm.nih.gov/genomes/all/GCA/042/217/005/GCA_042217005.1_DAL-WCL_29_53C3R/GCA_042217005.1_DAL-WCL_29_53C3R_genomic.fna.gz	b25806288447d11d25845935e08c9acd	427035	danakil__GCA_042217005.1.fna.gz
https://ftp.ncbi.nlm.nih.gov/genomes/all/GCA/042/217/145/GCA_042217145.1_DAL-WCL_29_52C5R/GCA_042217145.1_DAL-WCL_29_52C5R_genomic.fna.gz	64ab90b25639b7ceb3d5d9ae0a5d59f3	470325	danakil__GCA_042217145.1.fna.gz
https://ftp.ncbi.nlm.nih.gov/genomes/all/GCA/042/217/165/GCA_042217165.1_DAL-WCL_28_81C4R/GCA_042217165.1_DAL-WCL_28_81C4R_genomic.fna.gz	c999d0e6db4e516d1069bd0852e2ef62	615351	danakil__GCA_042217165.1.fna.gz
https://ftp.ncbi.nlm.nih.gov/genomes/all/GCA/042/217/175/GCA_042217175.1_DAL-WCL_29_44C4R/GCA_042217175.1_DAL-WCL_29_44C4R_genomic.fna.gz	737c40cda82bbb3adb1624ae98dec23a	603834	danakil__GCA_042217175.1.fna.gz
https://ftp.ncbi.nlm.nih.gov/genomes/all/GCA/042/217/185/GCA_042217185.1_DAL-WCL_29_47C4R/GCA_042217185.1_DAL-WCL_29_47C4R_genomic.fna.gz	c4024e61f4aa8f443deb952e954f5899	467097	danakil__GCA_042217185.1.fna.gz
https://ftp.ncbi.nlm.nih.gov/genomes/all/GCA/042/217/215/GCA_042217215.1_DAL-WCL_28_75C5R/GCA_042217215.1_DAL-WCL_28_75C5R_genomic.fna.gz	b297fe4bb2a52ef06d04cf8f90120af2	544629	danakil__GCA_042217215.1.fna.gz
https://ftp.ncbi.nlm.nih.gov/genomes/all/GCA/042/217/235/GCA_042217235.1_DAL-WCL_28_69C4R/GCA_042217235.1_DAL-WCL_28_69C4R_genomic.fna.gz	d8fabb16a371dfd46a49022fdb1b0595	589423	danakil__GCA_042217235.1.fna.gz
https://ftp.ncbi.nlm.nih.gov/genomes/all/GCA/042/217/265/GCA_042217265.1_DAL-WCL_28_44C1R/GCA_042217265.1_DAL-WCL_28_44C1R_genomic.fna.gz	5e996dc4a2ec8332090afed6f11dc0a2	462608	danakil__GCA_042217265.1.fna.gz
https://ftp.ncbi.nlm.nih.gov/genomes/all/GCA/042/217/275/GCA_042217275.1_DAL-WCL_28_51C4R/GCA_042217275.1_DAL-WCL_28_51C4R_genomic.fna.gz	55fbfd63171c8ce425925f8fb243853c	487504	danakil__GCA_042217275.1.fna.gz
https://ftp.ncbi.nlm.nih.gov/genomes/all/GCA/042/217/285/GCA_042217285.1_DAL-WCL_25_41C4R/GCA_042217285.1_DAL-WCL_25_41C4R_genomic.fna.gz	a849601bcd6f91a8b2b9f4876680a9ae	141553	danakil__GCA_042217285.1.fna.gz
https://ftp.ncbi.nlm.nih.gov/genomes/all/GCA/042/217/305/GCA_042217305.1_DAL-WCL_25_35C5R/GCA_042217305.1_DAL-WCL_25_35C5R_genomic.fna.gz	b98dfcf452f8acd6e4fb53a5ef872843	137348	danakil__GCA_042217305.1.fna.gz
https://ftp.ncbi.nlm.nih.gov/genomes/all/GCA/042/217/345/GCA_042217345.1_DAL-WCL_24_70C4R/GCA_042217345.1_DAL-WCL_24_70C4R_genomic.fna.gz	33ce7a5afca0a45216f3ded26617e946	815592	danakil__GCA_042217345.1.fna.gz
https://ftp.ncbi.nlm.nih.gov/genomes/all/GCA/042/217/365/GCA_042217365.1_DAL-WCL_24_49C3R/GCA_042217365.1_DAL-WCL_24_49C3R_genomic.fna.gz	ed0ad24eaad93a8d63cfab4354c12833	712362	danakil__GCA_042217365.1.fna.gz
https://ftp.ncbi.nlm.nih.gov/genomes/all/GCA/042/217/375/GCA_042217375.1_DAL-WCL_24_61C3R/GCA_042217375.1_DAL-WCL_24_61C3R_genomic.fna.gz	8969ef02eb18d109589d24753db689d3	540037	danakil__GCA_042217375.1.fna.gz
https://ftp.ncbi.nlm.nih.gov/genomes/all/GCA/042/217/385/GCA_042217385.1_DAL-WCL_24_46C4R/GCA_042217385.1_DAL-WCL_24_46C4R_genomic.fna.gz	3cc5d5784ef5a3b0d42c4fa15c8aaddd	692843	danakil__GCA_042217385.1.fna.gz
https://ftp.ncbi.nlm.nih.gov/genomes/all/GCA/042/217/395/GCA_042217395.1_DAL-WCL_24_53C4R/GCA_042217395.1_DAL-WCL_24_53C4R_genomic.fna.gz	a0ff38b10fced380e0af8037b3129b82	830307	danakil__GCA_042217395.1.fna.gz
https://ftp.ncbi.nlm.nih.gov/genomes/all/GCA/042/217/425/GCA_042217425.1_DAL-WCL_24_46C3R/GCA_042217425.1_DAL-WCL_24_46C3R_genomic.fna.gz	c4c162aff0c91919a07438114af2633c	329930	danakil__GCA_042217425.1.fna.gz
https://ftp.ncbi.nlm.nih.gov/genomes/all/GCA/042/217/455/GCA_042217455.1_DAL-WCL_23_72C3R/GCA_042217455.1_DAL-WCL_23_72C3R_genomic.fna.gz	ffb867accef55617b02e2900694b0104	549892	danakil__GCA_042217455.1.fna.gz
https://ftp.ncbi.nlm.nih.gov/genomes/all/GCA/042/217/465/GCA_042217465.1_DAL-WCL_23_62C2R/GCA_042217465.1_DAL-WCL_23_62C2R_genomic.fna.gz	d735da7f9835e65c59c2f4845c70aa44	418721	danakil__GCA_042217465.1.fna.gz
https://ftp.ncbi.nlm.nih.gov/genomes/all/GCA/042/217/505/GCA_042217505.1_DAL-WCL_22_80C3R/GCA_042217505.1_DAL-WCL_22_80C3R_genomic.fna.gz	d5ff4a83049ec93c9499e8cdc301f522	304099	danakil__GCA_042217505.1.fna.gz
https://ftp.ncbi.nlm.nih.gov/genomes/all/GCA/042/217/525/GCA_042217525.1_DAL-WCL_23_43C1R/GCA_042217525.1_DAL-WCL_23_43C1R_genomic.fna.gz	749bb2223ab3d8e15c27e7c04a6039f3	350481	danakil__GCA_042217525.1.fna.gz
https://ftp.ncbi.nlm.nih.gov/genomes/all/GCA/042/217/545/GCA_042217545.1_DAL-WCL_22_76C1R/GCA_042217545.1_DAL-WCL_22_76C1R_genomic.fna.gz	f9d8a922754a41678dde24de45804f28	309658	danakil__GCA_042217545.1.fna.gz
https://ftp.ncbi.nlm.nih.gov/genomes/all/GCA/042/217/555/GCA_042217555.1_DAL-WCL_22_75C1R/GCA_042217555.1_DAL-WCL_22_75C1R_genomic.fna.gz	3b2203e9a3a209a7f23583e5ffc0c149	392519	danakil__GCA_042217555.1.fna.gz
https://ftp.ncbi.nlm.nih.gov/genomes/all/GCA/042/217/575/GCA_042217575.1_DAL-WCL_22_74C2R/GCA_042217575.1_DAL-WCL_22_74C2R_genomic.fna.gz	2420915254e740d301cd088a7db7d8a7	295601	danakil__GCA_042217575.1.fna.gz
https://ftp.ncbi.nlm.nih.gov/genomes/all/GCA/042/217/585/GCA_042217585.1_DAL-WCL_22_74C1R/GCA_042217585.1_DAL-WCL_22_74C1R_genomic.fna.gz	0b97faec85bd85723a53181f411ef77c	290523	danakil__GCA_042217585.1.fna.gz
https://ftp.ncbi.nlm.nih.gov/genomes/all/GCA/042/217/615/GCA_042217615.1_DAL-WCL_22_66C1R/GCA_042217615.1_DAL-WCL_22_66C1R_genomic.fna.gz	654e35479c7afddeace1dc00a9f0a22b	261560	danakil__GCA_042217615.1.fna.gz
https://ftp.ncbi.nlm.nih.gov/genomes/all/GCA/042/217/645/GCA_042217645.1_DAL-WCL_22_61C1R/GCA_042217645.1_DAL-WCL_22_61C1R_genomic.fna.gz	a692132c39d8cf4233cecf7944002331	217123	danakil__GCA_042217645.1.fna.gz
https://ftp.ncbi.nlm.nih.gov/genomes/all/GCA/042/217/665/GCA_042217665.1_DAL-WCL_22_64C1R/GCA_042217665.1_DAL-WCL_22_64C1R_genomic.fna.gz	79cda8b65041d96e962de32630345f7a	295015	danakil__GCA_042217665.1.fna.gz
https://ftp.ncbi.nlm.nih.gov/genomes/all/GCA/042/217/675/GCA_042217675.1_DAL-WCL_22_57C1R/GCA_042217675.1_DAL-WCL_22_57C1R_genomic.fna.gz	62eb264170d78f374ef15c742f3ca670	199760	danakil__GCA_042217675.1.fna.gz
https://ftp.ncbi.nlm.nih.gov/genomes/all/GCA/042/217/685/GCA_042217685.1_DAL-WCL_22_52C4R/GCA_042217685.1_DAL-WCL_22_52C4R_genomic.fna.gz	c029d6eb28d0621c14b07108733e7b55	204134	danakil__GCA_042217685.1.fna.gz
https://ftp.ncbi.nlm.nih.gov/genomes/all/GCA/042/217/695/GCA_042217695.1_DAL-WCL_22_54C1R/GCA_042217695.1_DAL-WCL_22_54C1R_genomic.fna.gz	feca26f13cbdf81831f7c6ee92e74b39	226941	danakil__GCA_042217695.1.fna.gz
https://ftp.ncbi.nlm.nih.gov/genomes/all/GCA/042/217/745/GCA_042217745.1_DAL-WCL_22_40C1R/GCA_042217745.1_DAL-WCL_22_40C1R_genomic.fna.gz	fac8b97afb86c44bc15ba94947ca3e1c	208949	danakil__GCA_042217745.1.fna.gz
https://ftp.ncbi.nlm.nih.gov/genomes/all/GCA/042/217/755/GCA_042217755.1_DAL-WCL_21_75C5R/GCA_042217755.1_DAL-WCL_21_75C5R_genomic.fna.gz	13b6b2fca77d401ca72873add658bba3	789289	danakil__GCA_042217755.1.fna.gz
https://ftp.ncbi.nlm.nih.gov/genomes/all/GCA/042/217/765/GCA_042217765.1_DAL-WCL_21_77C4R/GCA_042217765.1_DAL-WCL_21_77C4R_genomic.fna.gz	80c2363d7f71727006f45f9beec4057d	659230	danakil__GCA_042217765.1.fna.gz
https://ftp.ncbi.nlm.nih.gov/genomes/all/GCA/042/217/785/GCA_042217785.1_DAL-WCL_21_44C3R/GCA_042217785.1_DAL-WCL_21_44C3R_genomic.fna.gz	8f18cd61ad805413d299b1923183d43b	546996	danakil__GCA_042217785.1.fna.gz
https://ftp.ncbi.nlm.nih.gov/genomes/all/GCA/042/217/795/GCA_042217795.1_DAL-WCL_19_56C3R/GCA_042217795.1_DAL-WCL_19_56C3R_genomic.fna.gz	75bd6ee100d9009bf6c4d0a536806865	310346	danakil__GCA_042217795.1.fna.gz
https://ftp.ncbi.nlm.nih.gov/genomes/all/GCA/042/217/845/GCA_042217845.1_DAL-WCL_19_41C4R/GCA_042217845.1_DAL-WCL_19_41C4R_genomic.fna.gz	09d9ab08e85ea4dd41d09e36a871fe0a	562487	danakil__GCA_042217845.1.fna.gz
https://ftp.ncbi.nlm.nih.gov/genomes/all/GCA/042/217/865/GCA_042217865.1_DAL-WCL_12_46C3R/GCA_042217865.1_DAL-WCL_12_46C3R_genomic.fna.gz	d2b84a61417987a08bf545b624d9ab6c	683816	danakil__GCA_042217865.1.fna.gz
https://ftp.ncbi.nlm.nih.gov/genomes/all/GCA/042/217/875/GCA_042217875.1_DAL-WCL_12_47C1R/GCA_042217875.1_DAL-WCL_12_47C1R_genomic.fna.gz	91cfe68fa6b62a08c6c06969444e4305	596613	danakil__GCA_042217875.1.fna.gz
https://ftp.ncbi.nlm.nih.gov/genomes/all/GCA/042/217/885/GCA_042217885.1_DAL-WCL_12_44C3R/GCA_042217885.1_DAL-WCL_12_44C3R_genomic.fna.gz	56fd1f8449dd9b1e9973053f72b69b1a	429186	danakil__GCA_042217885.1.fna.gz
https://ftp.ncbi.nlm.nih.gov/genomes/all/GCA/042/217/895/GCA_042217895.1_DAL-WCL_14_43C4R/GCA_042217895.1_DAL-WCL_14_43C4R_genomic.fna.gz	cc53d05ad75328d9cec1c44acbad5fb8	705050	danakil__GCA_042217895.1.fna.gz
https://ftp.ncbi.nlm.nih.gov/genomes/all/GCA/042/217/945/GCA_042217945.1_DAL-WCL_10_48C4R/GCA_042217945.1_DAL-WCL_10_48C4R_genomic.fna.gz	41e36d1df7c1fdf5f398424dd1cd1b45	101878	danakil__GCA_042217945.1.fna.gz
https://ftp.ncbi.nlm.nih.gov/genomes/all/GCA/042/217/965/GCA_042217965.1_DAL-Ass_7_54C4R/GCA_042217965.1_DAL-Ass_7_54C4R_genomic.fna.gz	073734eca122686b7fcf7bc1e6072ee8	324322	danakil__GCA_042217965.1.fna.gz
https://ftp.ncbi.nlm.nih.gov/genomes/all/GCA/042/217/975/GCA_042217975.1_DAL-Ass_8_41C4R/GCA_042217975.1_DAL-Ass_8_41C4R_genomic.fna.gz	59db056d1951031022c7d66bf684f67a	569511	danakil__GCA_042217975.1.fna.gz
https://ftp.ncbi.nlm.nih.gov/genomes/all/GCA/042/217/985/GCA_042217985.1_DAL-Ass_51_66C3R/GCA_042217985.1_DAL-Ass_51_66C3R_genomic.fna.gz	bfe0ca5d3cb452492c4b49cb5e7d2c4d	673688	danakil__GCA_042217985.1.fna.gz
https://ftp.ncbi.nlm.nih.gov/genomes/all/GCA/042/217/995/GCA_042217995.1_DAL-Ass_7_41C2R/GCA_042217995.1_DAL-Ass_7_41C2R_genomic.fna.gz	16e14e058e34deacb209311e687d0628	261134	danakil__GCA_042217995.1.fna.gz
https://ftp.ncbi.nlm.nih.gov/genomes/all/GCA/042/218/035/GCA_042218035.1_DAL-Ass_45c_73C1R/GCA_042218035.1_DAL-Ass_45c_73C1R_genomic.fna.gz	4baadd2f7c3fe58ae6a869d4d5ab3ef3	202816	danakil__GCA_042218035.1.fna.gz
https://ftp.ncbi.nlm.nih.gov/genomes/all/GCA/042/218/065/GCA_042218065.1_DAL-Ass_45_85C1R/GCA_042218065.1_DAL-Ass_45_85C1R_genomic.fna.gz	6ec086f42e1af814ae50acfeec0a5659	350157	danakil__GCA_042218065.1.fna.gz
https://ftp.ncbi.nlm.nih.gov/genomes/all/GCA/042/218/075/GCA_042218075.1_DAL-Ass_45_77C1R/GCA_042218075.1_DAL-Ass_45_77C1R_genomic.fna.gz	c182cc14327e6902a088438388cab05c	331047	danakil__GCA_042218075.1.fna.gz
https://ftp.ncbi.nlm.nih.gov/genomes/all/GCA/042/218/115/GCA_042218115.1_DAL-Ass_45_73C1R/GCA_042218115.1_DAL-Ass_45_73C1R_genomic.fna.gz	3fbd6a67e7d55d4a54565c53ad508658	292028	danakil__GCA_042218115.1.fna.gz
https://ftp.ncbi.nlm.nih.gov/genomes/all/GCA/042/218/125/GCA_042218125.1_DAL-Ass_48_95C3R/GCA_042218125.1_DAL-Ass_48_95C3R_genomic.fna.gz	116d9fcf8f0d3e08edbfe64657fcaf12	815313	danakil__GCA_042218125.1.fna.gz
https://ftp.ncbi.nlm.nih.gov/genomes/all/GCA/042/218/225/GCA_042218225.1_DAL-Ass_44_86C3R/GCA_042218225.1_DAL-Ass_44_86C3R_genomic.fna.gz	d13f4dcaaf5f5ab41a2db16dfc1c322a	679621	danakil__GCA_042218225.1.fna.gz
https://ftp.ncbi.nlm.nih.gov/genomes/all/GCA/042/218/235/GCA_042218235.1_DAL-Ass_45_63C1R/GCA_042218235.1_DAL-Ass_45_63C1R_genomic.fna.gz	77079841547eae13cd49ab8a52cd0421	233740	danakil__GCA_042218235.1.fna.gz
https://ftp.ncbi.nlm.nih.gov/genomes/all/GCA/042/218/325/GCA_042218325.1_DAL-Ass_40_79C3R/GCA_042218325.1_DAL-Ass_40_79C3R_genomic.fna.gz	efaeb1e23ceef0d7c97f7a868d2ff3df	321090	danakil__GCA_042218325.1.fna.gz
https://ftp.ncbi.nlm.nih.gov/genomes/all/GCA/042/218/355/GCA_042218355.1_DAL-Ass_41_94C3R/GCA_042218355.1_DAL-Ass_41_94C3R_genomic.fna.gz	f18b457641e2444c92334dd8442739dc	1153242	danakil__GCA_042218355.1.fna.gz
https://ftp.ncbi.nlm.nih.gov/genomes/all/GCA/042/218/365/GCA_042218365.1_DAL-Ass_401_76C3R/GCA_042218365.1_DAL-Ass_401_76C3R_genomic.fna.gz	267e76629a9bbdd96153db0ff7873b85	347618	danakil__GCA_042218365.1.fna.gz
https://ftp.ncbi.nlm.nih.gov/genomes/all/GCA/042/218/425/GCA_042218425.1_DAL-Ass_40_74C4R/GCA_042218425.1_DAL-Ass_40_74C4R_genomic.fna.gz	f8e8e2509eb1c2863bff693ffb511323	213942	danakil__GCA_042218425.1.fna.gz
https://ftp.ncbi.nlm.nih.gov/genomes/all/GCA/042/218/485/GCA_042218485.1_DAL-Ass_39_84C2R/GCA_042218485.1_DAL-Ass_39_84C2R_genomic.fna.gz	1c2735397bfb3cf7a0eb8b58d3637456	612997	danakil__GCA_042218485.1.fna.gz
https://ftp.ncbi.nlm.nih.gov/genomes/all/GCA/042/218/495/GCA_042218495.1_DAL-Ass_40_71C5R/GCA_042218495.1_DAL-Ass_40_71C5R_genomic.fna.gz	38c42222f5184e103098918466128c0d	319708	danakil__GCA_042218495.1.fna.gz
https://ftp.ncbi.nlm.nih.gov/genomes/all/GCA/042/218/535/GCA_042218535.1_DAL-Ass_38_67C3R/GCA_042218535.1_DAL-Ass_38_67C3R_genomic.fna.gz	0985635a9a9125aaaa0250551a49b553	450011	danakil__GCA_042218535.1.fna.gz
https://ftp.ncbi.nlm.nih.gov/genomes/all/GCA/042/218/595/GCA_042218595.1_DAL-Ass_37_70C3R/GCA_042218595.1_DAL-Ass_37_70C3R_genomic.fna.gz	7376ec3f8421de2d97aa1fa84bf8c87e	394215	danakil__GCA_042218595.1.fna.gz
https://ftp.ncbi.nlm.nih.gov/genomes/all/GCA/042/218/665/GCA_042218665.1_DAL-Ass_37_40C3R/GCA_042218665.1_DAL-Ass_37_40C3R_genomic.fna.gz	010f3a419dc4a8354bfe8348fc0b6154	283215	danakil__GCA_042218665.1.fna.gz
https://ftp.ncbi.nlm.nih.gov/genomes/all/GCA/042/218/715/GCA_042218715.1_DAL-Ass_33_96C0R/GCA_042218715.1_DAL-Ass_33_96C0R_genomic.fna.gz	521eadf5e74a2146ef099e974aa5cfa8	537453	danakil__GCA_042218715.1.fna.gz
https://ftp.ncbi.nlm.nih.gov/genomes/all/GCA/042/218/725/GCA_042218725.1_DAL-Ass_34_100C4R/GCA_042218725.1_DAL-Ass_34_100C4R_genomic.fna.gz	f2dc8f6456c0c873b8eb83372583a4b7	1048106	danakil__GCA_042218725.1.fna.gz
https://ftp.ncbi.nlm.nih.gov/genomes/all/GCA/042/218/745/GCA_042218745.1_DAL-Ass_36_41C5R/GCA_042218745.1_DAL-Ass_36_41C5R_genomic.fna.gz	a27281142d59aea9f3e1462d3a2a9d32	218475	danakil__GCA_042218745.1.fna.gz
https://ftp.ncbi.nlm.nih.gov/genomes/all/GCA/042/218/865/GCA_042218865.1_DAL-Ass_29_42C3R/GCA_042218865.1_DAL-Ass_29_42C3R_genomic.fna.gz	227db0ad619c2f47a33627550e1a7677	453118	danakil__GCA_042218865.1.fna.gz
https://ftp.ncbi.nlm.nih.gov/genomes/all/GCA/042/218/875/GCA_042218875.1_DAL-Ass_29_64C5R/GCA_042218875.1_DAL-Ass_29_64C5R_genomic.fna.gz	77affa21dfac377bb4c048fae0192249	525787	danakil__GCA_042218875.1.fna.gz
https://ftp.ncbi.nlm.nih.gov/genomes/all/GCA/042/218/885/GCA_042218885.1_DAL-Ass_33_39C1R/GCA_042218885.1_DAL-Ass_33_39C1R_genomic.fna.gz	a62a733d1477d176d08010ce15cd6925	247301	danakil__GCA_042218885.1.fna.gz
https://ftp.ncbi.nlm.nih.gov/genomes/all/GCA/042/218/975/GCA_042218975.1_DAL-Ass_25_91C1R/GCA_042218975.1_DAL-Ass_25_91C1R_genomic.fna.gz	57318e788f6e5c99169bf2feeef7ddfa	1080306	danakil__GCA_042218975.1.fna.gz
https://ftp.ncbi.nlm.nih.gov/genomes/all/GCA/042/219/045/GCA_042219045.1_DAL-Ass_25_90C3R/GCA_042219045.1_DAL-Ass_25_90C3R_genomic.fna.gz	2f4970d4df88b5041002e237a40a6a9a	712813	danakil__GCA_042219045.1.fna.gz
https://ftp.ncbi.nlm.nih.gov/genomes/all/GCA/042/219/055/GCA_042219055.1_DAL-Ass_25_87C3R/GCA_042219055.1_DAL-Ass_25_87C3R_genomic.fna.gz	f6748ec1b760bdab2d1efcc9f665f8b9	1084670	danakil__GCA_042219055.1.fna.gz
https://ftp.ncbi.nlm.nih.gov/genomes/all/GCA/042/219/065/GCA_042219065.1_DAL-Ass_25_84C1R/GCA_042219065.1_DAL-Ass_25_84C1R_genomic.fna.gz	256ebe8a1ae5ba36919be4f17b97023d	899723	danakil__GCA_042219065.1.fna.gz
https://ftp.ncbi.nlm.nih.gov/genomes/all/GCA/042/219/105/GCA_042219105.1_DAL-Ass_21_92C4R/GCA_042219105.1_DAL-Ass_21_92C4R_genomic.fna.gz	8046943a7962e6ae9beb922ccedd8deb	759989	danakil__GCA_042219105.1.fna.gz
https://ftp.ncbi.nlm.nih.gov/genomes/all/GCA/042/219/135/GCA_042219135.1_DAL-Ass_2_46C3R/GCA_042219135.1_DAL-Ass_2_46C3R_genomic.fna.gz	c7ff52a59b7bbda1647eeef77c562aca	503055	danakil__GCA_042219135.1.fna.gz
https://ftp.ncbi.nlm.nih.gov/genomes/all/GCA/042/219/225/GCA_042219225.1_DAL-Ass_2_41C2R/GCA_042219225.1_DAL-Ass_2_41C2R_genomic.fna.gz	7e4dec6253c097322e49fdf53359bb6f	465030	danakil__GCA_042219225.1.fna.gz
https://ftp.ncbi.nlm.nih.gov/genomes/all/GCA/042/219/235/GCA_042219235.1_DAL-Ass_14_40C5R/GCA_042219235.1_DAL-Ass_14_40C5R_genomic.fna.gz	52cc81cae3e831f9375e707e64a8f1b0	110963	danakil__GCA_042219235.1.fna.gz
https://ftp.ncbi.nlm.nih.gov/genomes/all/GCA/042/219/245/GCA_042219245.1_DAL-Ass_18_47C1R/GCA_042219245.1_DAL-Ass_18_47C1R_genomic.fna.gz	13d921626b1da708595f158feca6df00	202853	danakil__GCA_042219245.1.fna.gz
https://ftp.ncbi.nlm.nih.gov/genomes/all/GCA/042/219/255/GCA_042219255.1_DAL-9Gt_87_97C3R/GCA_042219255.1_DAL-9Gt_87_97C3R_genomic.fna.gz	6e8231498cf01bd19074ff203a995919	707457	danakil__GCA_042219255.1.fna.gz
https://ftp.ncbi.nlm.nih.gov/genomes/all/GCA/042/219/275/GCA_042219275.1_DAL-Ass_13_78C3R/GCA_042219275.1_DAL-Ass_13_78C3R_genomic.fna.gz	b1e09f0629d592fa31d139ae4065d246	696546	danakil__GCA_042219275.1.fna.gz
https://ftp.ncbi.nlm.nih.gov/genomes/all/GCA/042/219/325/GCA_042219325.1_DAL-9Gt_61m_68C1R/GCA_042219325.1_DAL-9Gt_61m_68C1R_genomic.fna.gz	2c2dd080d80d4bb8d3fd0374130c93ea	600901	danakil__GCA_042219325.1.fna.gz
https://ftp.ncbi.nlm.nih.gov/genomes/all/GCA/042/219/335/GCA_042219335.1_DAL-9Gt_72_70C0R/GCA_042219335.1_DAL-9Gt_72_70C0R_genomic.fna.gz	7ef3db1e8dd9d0c8d521f85cd9e15f5a	248248	danakil__GCA_042219335.1.fna.gz
https://ftp.ncbi.nlm.nih.gov/genomes/all/GCA/042/219/355/GCA_042219355.1_DAL-9Gt_87_85C3R/GCA_042219355.1_DAL-9Gt_87_85C3R_genomic.fna.gz	5069ef450f7b9e11b902670048289ce0	712166	danakil__GCA_042219355.1.fna.gz
https://ftp.ncbi.nlm.nih.gov/genomes/all/GCA/042/219/375/GCA_042219375.1_DAL-9Gt_73d_58C1R/GCA_042219375.1_DAL-9Gt_73d_58C1R_genomic.fna.gz	216cceb4a9a687fb3465e880decd84f0	609335	danakil__GCA_042219375.1.fna.gz
https://ftp.ncbi.nlm.nih.gov/genomes/all/GCA/042/219/385/GCA_042219385.1_DAL-9Gt_78_85C4R/GCA_042219385.1_DAL-9Gt_78_85C4R_genomic.fna.gz	76638f15241662fd25affa0cb1ac3718	593894	danakil__GCA_042219385.1.fna.gz
https://ftp.ncbi.nlm.nih.gov/genomes/all/GCA/042/219/425/GCA_042219425.1_DAL-9Gt_49m_66C1R/GCA_042219425.1_DAL-9Gt_49m_66C1R_genomic.fna.gz	8a8c6f491c8a14aa61bcf62c9a4e9d44	818744	danakil__GCA_042219425.1.fna.gz
https://ftp.ncbi.nlm.nih.gov/genomes/all/GCA/042/219/435/GCA_042219435.1_DAL-9Gt_53m_45C0R/GCA_042219435.1_DAL-9Gt_53m_45C0R_genomic.fna.gz	f99a755af1b447a7848121d72338b13b	85509	danakil__GCA_042219435.1.fna.gz
https://ftp.ncbi.nlm.nih.gov/genomes/all/GCA/042/219/465/GCA_042219465.1_DAL-9Gt_44m_45C4R/GCA_042219465.1_DAL-9Gt_44m_45C4R_genomic.fna.gz	af75ba728af006c44378ebc19fc3bda5	445737	danakil__GCA_042219465.1.fna.gz
https://ftp.ncbi.nlm.nih.gov/genomes/all/GCA/042/219/475/GCA_042219475.1_DAL-9Gt_45d_68C3R/GCA_042219475.1_DAL-9Gt_45d_68C3R_genomic.fna.gz	af9e8adc1e74481768209fd4fe7f6a4a	772334	danakil__GCA_042219475.1.fna.gz
https://ftp.ncbi.nlm.nih.gov/genomes/all/GCA/042/219/485/GCA_042219485.1_DAL-9Gt_38m_75C3R/GCA_042219485.1_DAL-9Gt_38m_75C3R_genomic.fna.gz	a205d7bc4f27e28f4b7fd950beaf5da9	485225	danakil__GCA_042219485.1.fna.gz
https://ftp.ncbi.nlm.nih.gov/genomes/all/GCA/042/219/495/GCA_042219495.1_DAL-9Gt_34_97C3R/GCA_042219495.1_DAL-9Gt_34_97C3R_genomic.fna.gz	a6ed1cc2385f3f52b5d5eac720691ad0	980727	danakil__GCA_042219495.1.fna.gz
https://ftp.ncbi.nlm.nih.gov/genomes/all/GCA/042/219/525/GCA_042219525.1_DAL-9Gt_34_99C0R/GCA_042219525.1_DAL-9Gt_34_99C0R_genomic.fna.gz	3569b03fd6e1d2951e9f29c2bbdb3a77	934004	danakil__GCA_042219525.1.fna.gz
https://ftp.ncbi.nlm.nih.gov/genomes/all/GCA/042/219/565/GCA_042219565.1_DAL-9Gt_28_52C3R/GCA_042219565.1_DAL-9Gt_28_52C3R_genomic.fna.gz	273dcba2d9f3f581c64ed8de91cd627d	603485	danakil__GCA_042219565.1.fna.gz
https://ftp.ncbi.nlm.nih.gov/genomes/all/GCA/042/219/575/GCA_042219575.1_DAL-9Gt_33m_70C1R/GCA_042219575.1_DAL-9Gt_33m_70C1R_genomic.fna.gz	66c829fff5a5af3111370f00a1013711	673852	danakil__GCA_042219575.1.fna.gz
https://ftp.ncbi.nlm.nih.gov/genomes/all/GCA/042/219/585/GCA_042219585.1_DAL-9Gt_24_90C0R/GCA_042219585.1_DAL-9Gt_24_90C0R_genomic.fna.gz	839f5d3564cec4ab106fbcf4c35270dc	756883	danakil__GCA_042219585.1.fna.gz
https://ftp.ncbi.nlm.nih.gov/genomes/all/GCA/042/219/595/GCA_042219595.1_DAL-9Gt_24_95C0R/GCA_042219595.1_DAL-9Gt_24_95C0R_genomic.fna.gz	bfb5afb9a0039fa674ae35467f98deed	757379	danakil__GCA_042219595.1.fna.gz
https://ftp.ncbi.nlm.nih.gov/genomes/all/GCA/042/219/635/GCA_042219635.1_DAL-9Gt_1m_76C1R/GCA_042219635.1_DAL-9Gt_1m_76C1R_genomic.fna.gz	6133251ef5c5228b861d8ad095f7115a	467407	danakil__GCA_042219635.1.fna.gz
https://ftp.ncbi.nlm.nih.gov/genomes/all/GCA/042/219/665/GCA_042219665.1_DAL-9Gt_17m_51C0R/GCA_042219665.1_DAL-9Gt_17m_51C0R_genomic.fna.gz	6837845ca5f389fc3c4b7ab2b24e9518	637388	danakil__GCA_042219665.1.fna.gz
https://ftp.ncbi.nlm.nih.gov/genomes/all/GCA/042/219/685/GCA_042219685.1_DAL-8mg-83m_91C4R/GCA_042219685.1_DAL-8mg-83m_91C4R_genomic.fna.gz	3754cc11f30f06ac0edd9fedaea13837	702399	danakil__GCA_042219685.1.fna.gz
https://ftp.ncbi.nlm.nih.gov/genomes/all/GCA/042/219/695/GCA_042219695.1_DAL-3Gt_29_2_75C1R/GCA_042219695.1_DAL-3Gt_29_2_75C1R_genomic.fna.gz	9bbd72732ded2c0027814c2d23ce3cb0	747790	danakil__GCA_042219695.1.fna.gz
https://ftp.ncbi.nlm.nih.gov/genomes/all/GCA/042/219/705/GCA_042219705.1_DAL-8mg-143m_86C3R/GCA_042219705.1_DAL-8mg-143m_86C3R_genomic.fna.gz	9415b8941919a9b7719c38bdaed93dba	595209	danakil__GCA_042219705.1.fna.gz
https://ftp.ncbi.nlm.nih.gov/genomes/all/GCA/042/219/715/GCA_042219715.1_DAL-3Gt_33_52C0R/GCA_042219715.1_DAL-3Gt_33_52C0R_genomic.fna.gz	0bc84f60e4414dc63cecde98ce4aadef	157948	danakil__GCA_042219715.1.fna.gz
https://ftp.ncbi.nlm.nih.gov/genomes/all/GCA/042/219/765/GCA_042219765.1_DAL-3Gt_29_1_96C5R/GCA_042219765.1_DAL-3Gt_29_1_96C5R_genomic.fna.gz	2e3e7f3882eebf67a6a815fec70dcca4	1148404	danakil__GCA_042219765.1.fna.gz
https://ftp.ncbi.nlm.nih.gov/genomes/all/GCA/042/219/785/GCA_042219785.1_DAL-3Gt_26_1_60C4R/GCA_042219785.1_DAL-3Gt_26_1_60C4R_genomic.fna.gz	4a802bfa0be1dfc0399927b7e3d862d8	1238293	danakil__GCA_042219785.1.fna.gz
https://ftp.ncbi.nlm.nih.gov/genomes/all/GCA/042/219/805/GCA_042219805.1_DAL-3Gt_18_1_76C5R/GCA_042219805.1_DAL-3Gt_18_1_76C5R_genomic.fna.gz	05fd453ec1dad224c8a08ba18ee67bdc	480751	danakil__GCA_042219805.1.fna.gz
https://ftp.ncbi.nlm.nih.gov/genomes/all/GCF/042/216/475/GCF_042216475.1_DAL-WCL_32_99C4R/GCF_042216475.1_DAL-WCL_32_99C4R_genomic.fna.gz	46623980ac7709315962184bc0c6fd27	715049	danakil__GCF_042216475.1.fna.gz
https://ftp.ncbi.nlm.nih.gov/genomes/all/GCF/042/218/505/GCF_042218505.1_DAL-Ass_37_98C3R/GCF_042218505.1_DAL-Ass_37_98C3R_genomic.fna.gz	81615fa32ee5975a8d5372e0c521fc4f	856169	danakil__GCF_042218505.1.fna.gz
https://ftp.ncbi.nlm.nih.gov/genomes/all/GCF/042/218/895/GCF_042218895.1_DAL-Ass_25_94C1R/GCF_042218895.1_DAL-Ass_25_94C1R_genomic.fna.gz	ce3b3655676de130e495acecf955f47d	1111720	danakil__GCF_042218895.1.fna.gz
https://ftp.ncbi.nlm.nih.gov/genomes/all/GCA/013/694/485/GCA_013694485.1_ASM1369448v1/GCA_013694485.1_ASM1369448v1_genomic.fna.gz	968fb6b0edc8cefa522f26e55938fe9f	388542	mackay__GCA_013694485.1.fna.gz
https://ftp.ncbi.nlm.nih.gov/genomes/all/GCA/013/694/495/GCA_013694495.1_ASM1369449v1/GCA_013694495.1_ASM1369449v1_genomic.fna.gz	a19c3697d78d5062f81d9f11168d7a54	1108511	mackay__GCA_013694495.1.fna.gz
https://ftp.ncbi.nlm.nih.gov/genomes/all/GCA/013/694/505/GCA_013694505.1_ASM1369450v1/GCA_013694505.1_ASM1369450v1_genomic.fna.gz	4a6f9552c294eb2c08a35c3af1d64abb	491535	mackay__GCA_013694505.1.fna.gz
https://ftp.ncbi.nlm.nih.gov/genomes/all/GCA/013/694/535/GCA_013694535.1_ASM1369453v1/GCA_013694535.1_ASM1369453v1_genomic.fna.gz	5531d02f2b80deef6cba9c1ccbbcb07c	603422	mackay__GCA_013694535.1.fna.gz
https://ftp.ncbi.nlm.nih.gov/genomes/all/GCA/013/694/545/GCA_013694545.1_ASM1369454v1/GCA_013694545.1_ASM1369454v1_genomic.fna.gz	f32e5324a8ab6b49ce29c7e81eac5d29	757121	mackay__GCA_013694545.1.fna.gz
https://ftp.ncbi.nlm.nih.gov/genomes/all/GCA/013/694/585/GCA_013694585.1_ASM1369458v1/GCA_013694585.1_ASM1369458v1_genomic.fna.gz	14e6afb0e8b362a0789f22f23fc86fe0	632458	mackay__GCA_013694585.1.fna.gz
https://ftp.ncbi.nlm.nih.gov/genomes/all/GCA/013/694/595/GCA_013694595.1_ASM1369459v1/GCA_013694595.1_ASM1369459v1_genomic.fna.gz	b428e09d03a7b2de4e47513e69e6934b	1002874	mackay__GCA_013694595.1.fna.gz
https://ftp.ncbi.nlm.nih.gov/genomes/all/GCA/013/694/625/GCA_013694625.1_ASM1369462v1/GCA_013694625.1_ASM1369462v1_genomic.fna.gz	883e5e439f3ef277bc7eadf56b1d9181	810781	mackay__GCA_013694625.1.fna.gz
https://ftp.ncbi.nlm.nih.gov/genomes/all/GCA/013/694/635/GCA_013694635.1_ASM1369463v1/GCA_013694635.1_ASM1369463v1_genomic.fna.gz	839921b2feda18b87cc51fe9e4e146e8	1097859	mackay__GCA_013694635.1.fna.gz
https://ftp.ncbi.nlm.nih.gov/genomes/all/GCA/013/694/645/GCA_013694645.1_ASM1369464v1/GCA_013694645.1_ASM1369464v1_genomic.fna.gz	7ee11abfd1933ebe0bfb907682e2bf73	533622	mackay__GCA_013694645.1.fna.gz
https://ftp.ncbi.nlm.nih.gov/genomes/all/GCA/013/694/685/GCA_013694685.1_ASM1369468v1/GCA_013694685.1_ASM1369468v1_genomic.fna.gz	1351dcb29a2adf6dc00830247e75529b	730187	mackay__GCA_013694685.1.fna.gz
https://ftp.ncbi.nlm.nih.gov/genomes/all/GCA/013/694/695/GCA_013694695.1_ASM1369469v1/GCA_013694695.1_ASM1369469v1_genomic.fna.gz	efd97568837c66d144fb00135a68b0d7	817274	mackay__GCA_013694695.1.fna.gz
https://ftp.ncbi.nlm.nih.gov/genomes/all/GCA/013/694/705/GCA_013694705.1_ASM1369470v1/GCA_013694705.1_ASM1369470v1_genomic.fna.gz	f6cc3113963bfe3fc631dc25cdf7c9f1	664628	mackay__GCA_013694705.1.fna.gz
https://ftp.ncbi.nlm.nih.gov/genomes/all/GCA/013/694/735/GCA_013694735.1_ASM1369473v1/GCA_013694735.1_ASM1369473v1_genomic.fna.gz	c34ad91a5d62c14972d947eb862c7e13	700193	mackay__GCA_013694735.1.fna.gz
https://ftp.ncbi.nlm.nih.gov/genomes/all/GCA/013/694/745/GCA_013694745.1_ASM1369474v1/GCA_013694745.1_ASM1369474v1_genomic.fna.gz	4aee65e48b6ed027d247ea96b4126629	817936	mackay__GCA_013694745.1.fna.gz
https://ftp.ncbi.nlm.nih.gov/genomes/all/GCA/013/694/785/GCA_013694785.1_ASM1369478v1/GCA_013694785.1_ASM1369478v1_genomic.fna.gz	c685ef5bbdfc369a3c20d8abae8d5e72	940749	mackay__GCA_013694785.1.fna.gz
https://ftp.ncbi.nlm.nih.gov/genomes/all/GCA/013/694/795/GCA_013694795.1_ASM1369479v1/GCA_013694795.1_ASM1369479v1_genomic.fna.gz	df050fc719474f33db8b3813cf43a586	457465	mackay__GCA_013694795.1.fna.gz
https://ftp.ncbi.nlm.nih.gov/genomes/all/GCA/013/694/825/GCA_013694825.1_ASM1369482v1/GCA_013694825.1_ASM1369482v1_genomic.fna.gz	8d2440421a7fe25163fae13b621072f9	421313	mackay__GCA_013694825.1.fna.gz
https://ftp.ncbi.nlm.nih.gov/genomes/all/GCA/013/694/835/GCA_013694835.1_ASM1369483v1/GCA_013694835.1_ASM1369483v1_genomic.fna.gz	786cb46fa5ad1a8b1a83ea34370b34ec	585011	mackay__GCA_013694835.1.fna.gz
https://ftp.ncbi.nlm.nih.gov/genomes/all/GCA/013/694/845/GCA_013694845.1_ASM1369484v1/GCA_013694845.1_ASM1369484v1_genomic.fna.gz	8b15b44e77cc64255c75d192d7a12f51	1680106	mackay__GCA_013694845.1.fna.gz
https://ftp.ncbi.nlm.nih.gov/genomes/all/GCA/013/694/885/GCA_013694885.1_ASM1369488v1/GCA_013694885.1_ASM1369488v1_genomic.fna.gz	b9483843bc51c2a8d7caa960a11f0559	789338	mackay__GCA_013694885.1.fna.gz
https://ftp.ncbi.nlm.nih.gov/genomes/all/GCA/013/694/895/GCA_013694895.1_ASM1369489v1/GCA_013694895.1_ASM1369489v1_genomic.fna.gz	08f078a6707dca8675626cb97ac0e973	410168	mackay__GCA_013694895.1.fna.gz
https://ftp.ncbi.nlm.nih.gov/genomes/all/GCA/013/694/915/GCA_013694915.1_ASM1369491v1/GCA_013694915.1_ASM1369491v1_genomic.fna.gz	ed47188fbbe08870f6cb321376a0fa4c	462680	mackay__GCA_013694915.1.fna.gz
https://ftp.ncbi.nlm.nih.gov/genomes/all/GCA/013/694/935/GCA_013694935.1_ASM1369493v1/GCA_013694935.1_ASM1369493v1_genomic.fna.gz	551d465b6d0c059d0e70a297258cf25d	1653438	mackay__GCA_013694935.1.fna.gz
https://ftp.ncbi.nlm.nih.gov/genomes/all/GCA/013/694/945/GCA_013694945.1_ASM1369494v1/GCA_013694945.1_ASM1369494v1_genomic.fna.gz	e01085bf131136abbeb70e955d992a36	590552	mackay__GCA_013694945.1.fna.gz
https://ftp.ncbi.nlm.nih.gov/genomes/all/GCA/013/694/985/GCA_013694985.1_ASM1369498v1/GCA_013694985.1_ASM1369498v1_genomic.fna.gz	39b361b0a4e255d93fdeb6bcd3c07c31	278026	mackay__GCA_013694985.1.fna.gz
https://ftp.ncbi.nlm.nih.gov/genomes/all/GCA/013/694/995/GCA_013694995.1_ASM1369499v1/GCA_013694995.1_ASM1369499v1_genomic.fna.gz	e2af757041e410e36eb8d950e0cef93c	232081	mackay__GCA_013694995.1.fna.gz
https://ftp.ncbi.nlm.nih.gov/genomes/all/GCA/013/695/005/GCA_013695005.1_ASM1369500v1/GCA_013695005.1_ASM1369500v1_genomic.fna.gz	9b748da06d50116115169721100c98fe	860563	mackay__GCA_013695005.1.fna.gz
https://ftp.ncbi.nlm.nih.gov/genomes/all/GCA/013/695/045/GCA_013695045.1_ASM1369504v1/GCA_013695045.1_ASM1369504v1_genomic.fna.gz	97b1155bf7724278a3cd5bba473f7d13	594969	mackay__GCA_013695045.1.fna.gz
https://ftp.ncbi.nlm.nih.gov/genomes/all/GCA/013/695/055/GCA_013695055.1_ASM1369505v1/GCA_013695055.1_ASM1369505v1_genomic.fna.gz	47fb0ca95b4aa2cc04a6cbb097a2a1d0	694431	mackay__GCA_013695055.1.fna.gz
https://ftp.ncbi.nlm.nih.gov/genomes/all/GCA/013/695/075/GCA_013695075.1_ASM1369507v1/GCA_013695075.1_ASM1369507v1_genomic.fna.gz	46f1c7b79a40f1fd512d68aa62c23f4f	706239	mackay__GCA_013695075.1.fna.gz
https://ftp.ncbi.nlm.nih.gov/genomes/all/GCA/013/695/095/GCA_013695095.1_ASM1369509v1/GCA_013695095.1_ASM1369509v1_genomic.fna.gz	e629bb8621c34d27592d8169911051c8	493516	mackay__GCA_013695095.1.fna.gz
https://ftp.ncbi.nlm.nih.gov/genomes/all/GCA/013/695/115/GCA_013695115.1_ASM1369511v1/GCA_013695115.1_ASM1369511v1_genomic.fna.gz	10c44b3a1f29b39808ae678351a82dec	753495	mackay__GCA_013695115.1.fna.gz
https://ftp.ncbi.nlm.nih.gov/genomes/all/GCA/013/695/145/GCA_013695145.1_ASM1369514v1/GCA_013695145.1_ASM1369514v1_genomic.fna.gz	dbdfb07713506ab9bb31f97103e14106	940630	mackay__GCA_013695145.1.fna.gz
https://ftp.ncbi.nlm.nih.gov/genomes/all/GCA/013/695/155/GCA_013695155.1_ASM1369515v1/GCA_013695155.1_ASM1369515v1_genomic.fna.gz	f252a56fa5e26a6f4e9e1a0d8cf51a05	672076	mackay__GCA_013695155.1.fna.gz
https://ftp.ncbi.nlm.nih.gov/genomes/all/GCA/013/695/175/GCA_013695175.1_ASM1369517v1/GCA_013695175.1_ASM1369517v1_genomic.fna.gz	bec9f3ff817430720b06dd11f8cb2125	948533	mackay__GCA_013695175.1.fna.gz
https://ftp.ncbi.nlm.nih.gov/genomes/all/GCA/013/695/195/GCA_013695195.1_ASM1369519v1/GCA_013695195.1_ASM1369519v1_genomic.fna.gz	c131e002fd028a02d2b3106137d0b1b5	852108	mackay__GCA_013695195.1.fna.gz
https://ftp.ncbi.nlm.nih.gov/genomes/all/GCA/013/695/205/GCA_013695205.1_ASM1369520v1/GCA_013695205.1_ASM1369520v1_genomic.fna.gz	545d32276e772a456565d76930f73948	801400	mackay__GCA_013695205.1.fna.gz
https://ftp.ncbi.nlm.nih.gov/genomes/all/GCA/013/695/245/GCA_013695245.1_ASM1369524v1/GCA_013695245.1_ASM1369524v1_genomic.fna.gz	9587a712c143216fcd3080f1085e5b2d	953608	mackay__GCA_013695245.1.fna.gz
https://ftp.ncbi.nlm.nih.gov/genomes/all/GCA/013/695/255/GCA_013695255.1_ASM1369525v1/GCA_013695255.1_ASM1369525v1_genomic.fna.gz	ccc0b770234c549def1109e700ce4a25	663967	mackay__GCA_013695255.1.fna.gz
https://ftp.ncbi.nlm.nih.gov/genomes/all/GCA/013/695/265/GCA_013695265.1_ASM1369526v1/GCA_013695265.1_ASM1369526v1_genomic.fna.gz	c65bc320c0527194473d56691d5754fc	870360	mackay__GCA_013695265.1.fna.gz
https://ftp.ncbi.nlm.nih.gov/genomes/all/GCA/013/695/295/GCA_013695295.1_ASM1369529v1/GCA_013695295.1_ASM1369529v1_genomic.fna.gz	3455e88dcfa2051d34bfa76e2a05c767	653231	mackay__GCA_013695295.1.fna.gz
https://ftp.ncbi.nlm.nih.gov/genomes/all/GCA/013/695/315/GCA_013695315.1_ASM1369531v1/GCA_013695315.1_ASM1369531v1_genomic.fna.gz	54d79286338ab8947601756542f1d731	392731	mackay__GCA_013695315.1.fna.gz
https://ftp.ncbi.nlm.nih.gov/genomes/all/GCA/013/695/335/GCA_013695335.1_ASM1369533v1/GCA_013695335.1_ASM1369533v1_genomic.fna.gz	28d7528dcaa18d8f982d71fd5afee1d2	861944	mackay__GCA_013695335.1.fna.gz
https://ftp.ncbi.nlm.nih.gov/genomes/all/GCA/013/695/355/GCA_013695355.1_ASM1369535v1/GCA_013695355.1_ASM1369535v1_genomic.fna.gz	b5489107ce7732a3b8f5c0cb7524428a	937751	mackay__GCA_013695355.1.fna.gz
https://ftp.ncbi.nlm.nih.gov/genomes/all/GCA/013/695/385/GCA_013695385.1_ASM1369538v1/GCA_013695385.1_ASM1369538v1_genomic.fna.gz	38a7ce9b06a63a18f35d86c16939a260	677313	mackay__GCA_013695385.1.fna.gz
https://ftp.ncbi.nlm.nih.gov/genomes/all/GCA/013/695/395/GCA_013695395.1_ASM1369539v1/GCA_013695395.1_ASM1369539v1_genomic.fna.gz	4fd11488843c9e6f426146a9e2b3b180	925902	mackay__GCA_013695395.1.fna.gz
https://ftp.ncbi.nlm.nih.gov/genomes/all/GCA/013/695/405/GCA_013695405.1_ASM1369540v1/GCA_013695405.1_ASM1369540v1_genomic.fna.gz	09b83dd65fa8bcc766a3875b3d3219b9	1116237	mackay__GCA_013695405.1.fna.gz
https://ftp.ncbi.nlm.nih.gov/genomes/all/GCA/013/695/435/GCA_013695435.1_ASM1369543v1/GCA_013695435.1_ASM1369543v1_genomic.fna.gz	9418a4c5d1161d01ffcec1a2d7b66d33	879459	mackay__GCA_013695435.1.fna.gz
https://ftp.ncbi.nlm.nih.gov/genomes/all/GCA/013/695/465/GCA_013695465.1_ASM1369546v1/GCA_013695465.1_ASM1369546v1_genomic.fna.gz	7b2af5f8e9482b060cf6a228aaffeae6	756766	mackay__GCA_013695465.1.fna.gz
https://ftp.ncbi.nlm.nih.gov/genomes/all/GCA/013/695/475/GCA_013695475.1_ASM1369547v1/GCA_013695475.1_ASM1369547v1_genomic.fna.gz	a1610b3c8f5b4b2a88bc0c07466798c0	960561	mackay__GCA_013695475.1.fna.gz
https://ftp.ncbi.nlm.nih.gov/genomes/all/GCA/013/695/495/GCA_013695495.1_ASM1369549v1/GCA_013695495.1_ASM1369549v1_genomic.fna.gz	4a4d54195b28cfd38bb4756fd1f988dd	749952	mackay__GCA_013695495.1.fna.gz
https://ftp.ncbi.nlm.nih.gov/genomes/all/GCA/013/695/505/GCA_013695505.1_ASM1369550v1/GCA_013695505.1_ASM1369550v1_genomic.fna.gz	9868e93501f83709100ca726588af16e	728290	mackay__GCA_013695505.1.fna.gz
https://ftp.ncbi.nlm.nih.gov/genomes/all/GCA/013/695/535/GCA_013695535.1_ASM1369553v1/GCA_013695535.1_ASM1369553v1_genomic.fna.gz	90d4a18e094e6c61071e8d6940ec7397	515657	mackay__GCA_013695535.1.fna.gz
https://ftp.ncbi.nlm.nih.gov/genomes/all/GCA/013/695/565/GCA_013695565.1_ASM1369556v1/GCA_013695565.1_ASM1369556v1_genomic.fna.gz	f5828da49087c78802e8bad9a8ffdfa0	1733231	mackay__GCA_013695565.1.fna.gz
https://ftp.ncbi.nlm.nih.gov/genomes/all/GCA/013/695/575/GCA_013695575.1_ASM1369557v1/GCA_013695575.1_ASM1369557v1_genomic.fna.gz	253eb5bc642779293895ae0ce4020208	676346	mackay__GCA_013695575.1.fna.gz
https://ftp.ncbi.nlm.nih.gov/genomes/all/GCA/013/695/595/GCA_013695595.1_ASM1369559v1/GCA_013695595.1_ASM1369559v1_genomic.fna.gz	97320e3af808ebb45a5240093b4de06f	2043997	mackay__GCA_013695595.1.fna.gz
https://ftp.ncbi.nlm.nih.gov/genomes/all/GCA/013/695/605/GCA_013695605.1_ASM1369560v1/GCA_013695605.1_ASM1369560v1_genomic.fna.gz	734e9503535ad5dbd32cbe73ab7aec9d	853216	mackay__GCA_013695605.1.fna.gz
https://ftp.ncbi.nlm.nih.gov/genomes/all/GCA/013/695/615/GCA_013695615.1_ASM1369561v1/GCA_013695615.1_ASM1369561v1_genomic.fna.gz	e82d968e469cd4e5f8a2ff6ae644c9ce	587812	mackay__GCA_013695615.1.fna.gz
https://ftp.ncbi.nlm.nih.gov/genomes/all/GCA/013/695/665/GCA_013695665.1_ASM1369566v1/GCA_013695665.1_ASM1369566v1_genomic.fna.gz	34de3c3b1d769f72a96966aa78d8a20f	697066	mackay__GCA_013695665.1.fna.gz
https://ftp.ncbi.nlm.nih.gov/genomes/all/GCA/013/695/675/GCA_013695675.1_ASM1369567v1/GCA_013695675.1_ASM1369567v1_genomic.fna.gz	88751927c0b86bed651dcb9a2afb4330	832802	mackay__GCA_013695675.1.fna.gz
https://ftp.ncbi.nlm.nih.gov/genomes/all/GCA/013/695/685/GCA_013695685.1_ASM1369568v1/GCA_013695685.1_ASM1369568v1_genomic.fna.gz	ca6d1f3cb5af716331a127af25d3051b	855991	mackay__GCA_013695685.1.fna.gz
https://ftp.ncbi.nlm.nih.gov/genomes/all/GCA/013/695/705/GCA_013695705.1_ASM1369570v1/GCA_013695705.1_ASM1369570v1_genomic.fna.gz	14c4d62d020869f6d8fade9411f9d06e	880242	mackay__GCA_013695705.1.fna.gz
https://ftp.ncbi.nlm.nih.gov/genomes/all/GCA/013/695/715/GCA_013695715.1_ASM1369571v1/GCA_013695715.1_ASM1369571v1_genomic.fna.gz	27ae428d0ed1b71d8b1a200bf2258888	577151	mackay__GCA_013695715.1.fna.gz
https://ftp.ncbi.nlm.nih.gov/genomes/all/GCA/013/695/765/GCA_013695765.1_ASM1369576v1/GCA_013695765.1_ASM1369576v1_genomic.fna.gz	8657fe89315c6b0a63bc51ee034e81b5	937554	mackay__GCA_013695765.1.fna.gz
https://ftp.ncbi.nlm.nih.gov/genomes/all/GCA/013/695/775/GCA_013695775.1_ASM1369577v1/GCA_013695775.1_ASM1369577v1_genomic.fna.gz	fde7294f60255d2a7d1ef63c9e7ac0b2	681362	mackay__GCA_013695775.1.fna.gz
https://ftp.ncbi.nlm.nih.gov/genomes/all/GCA/013/695/785/GCA_013695785.1_ASM1369578v1/GCA_013695785.1_ASM1369578v1_genomic.fna.gz	a53948d3b311538f449e9e381161880a	597130	mackay__GCA_013695785.1.fna.gz
https://ftp.ncbi.nlm.nih.gov/genomes/all/GCA/013/695/815/GCA_013695815.1_ASM1369581v1/GCA_013695815.1_ASM1369581v1_genomic.fna.gz	bda8fd30c92891ec6a59ff3887f98f2a	431620	mackay__GCA_013695815.1.fna.gz
https://ftp.ncbi.nlm.nih.gov/genomes/all/GCA/013/695/835/GCA_013695835.1_ASM1369583v1/GCA_013695835.1_ASM1369583v1_genomic.fna.gz	3c8e3d377169496e7efca7919671a62b	741479	mackay__GCA_013695835.1.fna.gz
https://ftp.ncbi.nlm.nih.gov/genomes/all/GCA/013/695/855/GCA_013695855.1_ASM1369585v1/GCA_013695855.1_ASM1369585v1_genomic.fna.gz	40b5a766080cceceab7c4a95877bd14f	532224	mackay__GCA_013695855.1.fna.gz
https://ftp.ncbi.nlm.nih.gov/genomes/all/GCA/013/695/885/GCA_013695885.1_ASM1369588v1/GCA_013695885.1_ASM1369588v1_genomic.fna.gz	9604b5c9e3a443befc5d12c43c7693ae	591063	mackay__GCA_013695885.1.fna.gz
https://ftp.ncbi.nlm.nih.gov/genomes/all/GCA/013/695/905/GCA_013695905.1_ASM1369590v1/GCA_013695905.1_ASM1369590v1_genomic.fna.gz	c8c755dfbf426b7f4eabd0f632dee0fc	832898	mackay__GCA_013695905.1.fna.gz
https://ftp.ncbi.nlm.nih.gov/genomes/all/GCA/013/695/915/GCA_013695915.1_ASM1369591v1/GCA_013695915.1_ASM1369591v1_genomic.fna.gz	e3b16369081a5962a8794f524cc4a2a0	804439	mackay__GCA_013695915.1.fna.gz
https://ftp.ncbi.nlm.nih.gov/genomes/all/GCA/013/695/925/GCA_013695925.1_ASM1369592v1/GCA_013695925.1_ASM1369592v1_genomic.fna.gz	468a18bab73ea570515c0a7d902b3b3e	978763	mackay__GCA_013695925.1.fna.gz
https://ftp.ncbi.nlm.nih.gov/genomes/all/GCA/013/695/965/GCA_013695965.1_ASM1369596v1/GCA_013695965.1_ASM1369596v1_genomic.fna.gz	9b068397370e3c4365b2f9b7ce79c215	565919	mackay__GCA_013695965.1.fna.gz
https://ftp.ncbi.nlm.nih.gov/genomes/all/GCA/013/695/975/GCA_013695975.1_ASM1369597v1/GCA_013695975.1_ASM1369597v1_genomic.fna.gz	e89c768ae8df8dfa1d5cd5d834b90cb4	1452181	mackay__GCA_013695975.1.fna.gz
https://ftp.ncbi.nlm.nih.gov/genomes/all/GCA/013/696/005/GCA_013696005.1_ASM1369600v1/GCA_013696005.1_ASM1369600v1_genomic.fna.gz	23398d7831d5bac9521bc449ada6d3a5	438803	mackay__GCA_013696005.1.fna.gz
https://ftp.ncbi.nlm.nih.gov/genomes/all/GCA/013/696/015/GCA_013696015.1_ASM1369601v1/GCA_013696015.1_ASM1369601v1_genomic.fna.gz	6a77f982a30b9d3c899e8d916301924c	661513	mackay__GCA_013696015.1.fna.gz
https://ftp.ncbi.nlm.nih.gov/genomes/all/GCA/013/696/045/GCA_013696045.1_ASM1369604v1/GCA_013696045.1_ASM1369604v1_genomic.fna.gz	2704dcf60a3c27a6a3f043d28d23c1af	994895	mackay__GCA_013696045.1.fna.gz
https://ftp.ncbi.nlm.nih.gov/genomes/all/GCA/013/696/055/GCA_013696055.1_ASM1369605v1/GCA_013696055.1_ASM1369605v1_genomic.fna.gz	cad87890ff84ffa58f1923d489ae4e41	476924	mackay__GCA_013696055.1.fna.gz
https://ftp.ncbi.nlm.nih.gov/genomes/all/GCA/013/696/065/GCA_013696065.1_ASM1369606v1/GCA_013696065.1_ASM1369606v1_genomic.fna.gz	6996494a376c812a5290512c6df1a68a	763682	mackay__GCA_013696065.1.fna.gz
https://ftp.ncbi.nlm.nih.gov/genomes/all/GCA/013/696/105/GCA_013696105.1_ASM1369610v1/GCA_013696105.1_ASM1369610v1_genomic.fna.gz	6f41f06822f2809c7d6888802931a9fd	1252122	mackay__GCA_013696105.1.fna.gz
https://ftp.ncbi.nlm.nih.gov/genomes/all/GCA/013/696/125/GCA_013696125.1_ASM1369612v1/GCA_013696125.1_ASM1369612v1_genomic.fna.gz	12019f4f72359fe6b7421a254fdaea5e	762539	mackay__GCA_013696125.1.fna.gz
https://ftp.ncbi.nlm.nih.gov/genomes/all/GCA/013/696/135/GCA_013696135.1_ASM1369613v1/GCA_013696135.1_ASM1369613v1_genomic.fna.gz	e07da3fe1ea35d009baec982b32b6e3a	804437	mackay__GCA_013696135.1.fna.gz
https://ftp.ncbi.nlm.nih.gov/genomes/all/GCA/013/696/165/GCA_013696165.1_ASM1369616v1/GCA_013696165.1_ASM1369616v1_genomic.fna.gz	7b2aa04a6ba0ffad97407c702ed2417a	705641	mackay__GCA_013696165.1.fna.gz
https://ftp.ncbi.nlm.nih.gov/genomes/all/GCA/013/696/175/GCA_013696175.1_ASM1369617v1/GCA_013696175.1_ASM1369617v1_genomic.fna.gz	cd31570c0c7648f50dfc823dde355aef	1041198	mackay__GCA_013696175.1.fna.gz
https://ftp.ncbi.nlm.nih.gov/genomes/all/GCA/013/696/185/GCA_013696185.1_ASM1369618v1/GCA_013696185.1_ASM1369618v1_genomic.fna.gz	1c61423f4b44859d8d16b410ff3291e5	661827	mackay__GCA_013696185.1.fna.gz
https://ftp.ncbi.nlm.nih.gov/genomes/all/GCA/013/696/225/GCA_013696225.1_ASM1369622v1/GCA_013696225.1_ASM1369622v1_genomic.fna.gz	bdc926587ebb2ef324b0ec271982dc9d	505913	mackay__GCA_013696225.1.fna.gz
https://ftp.ncbi.nlm.nih.gov/genomes/all/GCA/013/696/235/GCA_013696235.1_ASM1369623v1/GCA_013696235.1_ASM1369623v1_genomic.fna.gz	c2b716762a99c105b77f13e55f3bdc21	543731	mackay__GCA_013696235.1.fna.gz
https://ftp.ncbi.nlm.nih.gov/genomes/all/GCA/013/696/265/GCA_013696265.1_ASM1369626v1/GCA_013696265.1_ASM1369626v1_genomic.fna.gz	0c299efbb98ff2f4b038d2417932ccf3	875058	mackay__GCA_013696265.1.fna.gz
https://ftp.ncbi.nlm.nih.gov/genomes/all/GCA/013/696/275/GCA_013696275.1_ASM1369627v1/GCA_013696275.1_ASM1369627v1_genomic.fna.gz	18c7f8675ddad953281ffaa65327384c	686366	mackay__GCA_013696275.1.fna.gz
https://ftp.ncbi.nlm.nih.gov/genomes/all/GCA/013/696/305/GCA_013696305.1_ASM1369630v1/GCA_013696305.1_ASM1369630v1_genomic.fna.gz	bf5c904d159719644be62c9f9dd7f064	980392	mackay__GCA_013696305.1.fna.gz
https://ftp.ncbi.nlm.nih.gov/genomes/all/GCA/013/696/315/GCA_013696315.1_ASM1369631v1/GCA_013696315.1_ASM1369631v1_genomic.fna.gz	2936a23b71e51f171cec52a1bc51a546	912399	mackay__GCA_013696315.1.fna.gz
https://ftp.ncbi.nlm.nih.gov/genomes/all/GCA/013/696/325/GCA_013696325.1_ASM1369632v1/GCA_013696325.1_ASM1369632v1_genomic.fna.gz	3298b44fa7b3138d0da24e658b2f2d62	654751	mackay__GCA_013696325.1.fna.gz
https://ftp.ncbi.nlm.nih.gov/genomes/all/GCA/013/696/365/GCA_013696365.1_ASM1369636v1/GCA_013696365.1_ASM1369636v1_genomic.fna.gz	bda80e580989c9c434d74a19cacbd935	758581	mackay__GCA_013696365.1.fna.gz
https://ftp.ncbi.nlm.nih.gov/genomes/all/GCA/013/696/385/GCA_013696385.1_ASM1369638v1/GCA_013696385.1_ASM1369638v1_genomic.fna.gz	7150c3eaf587cbaea1e35531ab70d651	663254	mackay__GCA_013696385.1.fna.gz
https://ftp.ncbi.nlm.nih.gov/genomes/all/GCA/013/696/395/GCA_013696395.1_ASM1369639v1/GCA_013696395.1_ASM1369639v1_genomic.fna.gz	6c8bbe2a60de16065cd7d916be291baa	1021554	mackay__GCA_013696395.1.fna.gz
https://ftp.ncbi.nlm.nih.gov/genomes/all/GCA/013/696/425/GCA_013696425.1_ASM1369642v1/GCA_013696425.1_ASM1369642v1_genomic.fna.gz	f5d9a93bc75c1545f98f7d9dc32df77c	687024	mackay__GCA_013696425.1.fna.gz
https://ftp.ncbi.nlm.nih.gov/genomes/all/GCA/013/696/435/GCA_013696435.1_ASM1369643v1/GCA_013696435.1_ASM1369643v1_genomic.fna.gz	6656e67d46858543efd775c5ba1946e6	720180	mackay__GCA_013696435.1.fna.gz
https://ftp.ncbi.nlm.nih.gov/genomes/all/GCA/013/696/465/GCA_013696465.1_ASM1369646v1/GCA_013696465.1_ASM1369646v1_genomic.fna.gz	fff96f9a7094c8b79a2aded20235a00b	973137	mackay__GCA_013696465.1.fna.gz
https://ftp.ncbi.nlm.nih.gov/genomes/all/GCA/013/696/475/GCA_013696475.1_ASM1369647v1/GCA_013696475.1_ASM1369647v1_genomic.fna.gz	347776676dea2785638eaf2a0e65ab3a	763574	mackay__GCA_013696475.1.fna.gz
https://ftp.ncbi.nlm.nih.gov/genomes/all/GCA/013/696/495/GCA_013696495.1_ASM1369649v1/GCA_013696495.1_ASM1369649v1_genomic.fna.gz	927d2c66d0c13cb71ab2382bc7c08528	619162	mackay__GCA_013696495.1.fna.gz
https://ftp.ncbi.nlm.nih.gov/genomes/all/GCA/013/696/525/GCA_013696525.1_ASM1369652v1/GCA_013696525.1_ASM1369652v1_genomic.fna.gz	9be909f5bef30674ba457e9417363d99	1066983	mackay__GCA_013696525.1.fna.gz
https://ftp.ncbi.nlm.nih.gov/genomes/all/GCA/013/696/535/GCA_013696535.1_ASM1369653v1/GCA_013696535.1_ASM1369653v1_genomic.fna.gz	a830d948165396fa2650597732364cae	618202	mackay__GCA_013696535.1.fna.gz
https://ftp.ncbi.nlm.nih.gov/genomes/all/GCA/013/696/555/GCA_013696555.1_ASM1369655v1/GCA_013696555.1_ASM1369655v1_genomic.fna.gz	6f4821fd7527b9ac21361f7fd903435b	816314	mackay__GCA_013696555.1.fna.gz
https://ftp.ncbi.nlm.nih.gov/genomes/all/GCA/013/696/585/GCA_013696585.1_ASM1369658v1/GCA_013696585.1_ASM1369658v1_genomic.fna.gz	0314268a5febb74a48bd463868806845	621513	mackay__GCA_013696585.1.fna.gz
https://ftp.ncbi.nlm.nih.gov/genomes/all/GCA/013/696/595/GCA_013696595.1_ASM1369659v1/GCA_013696595.1_ASM1369659v1_genomic.fna.gz	9c596ab57fe6e763ce84c6a95eea250e	532321	mackay__GCA_013696595.1.fna.gz
https://ftp.ncbi.nlm.nih.gov/genomes/all/GCA/013/696/625/GCA_013696625.1_ASM1369662v1/GCA_013696625.1_ASM1369662v1_genomic.fna.gz	806b4a912d8e7545fa97194a2a389448	1378199	mackay__GCA_013696625.1.fna.gz
https://ftp.ncbi.nlm.nih.gov/genomes/all/GCA/013/696/635/GCA_013696635.1_ASM1369663v1/GCA_013696635.1_ASM1369663v1_genomic.fna.gz	b8df4bb076f8ed3525fa6bf37ab2d45a	566781	mackay__GCA_013696635.1.fna.gz
https://ftp.ncbi.nlm.nih.gov/genomes/all/GCA/013/696/665/GCA_013696665.1_ASM1369666v1/GCA_013696665.1_ASM1369666v1_genomic.fna.gz	a57da706828b95f18ae2bec7e37e8fd4	755161	mackay__GCA_013696665.1.fna.gz
https://ftp.ncbi.nlm.nih.gov/genomes/all/GCA/013/696/675/GCA_013696675.1_ASM1369667v1/GCA_013696675.1_ASM1369667v1_genomic.fna.gz	8b425ee49868b04ddd6244496b1756f5	387111	mackay__GCA_013696675.1.fna.gz
https://ftp.ncbi.nlm.nih.gov/genomes/all/GCA/013/696/695/GCA_013696695.1_ASM1369669v1/GCA_013696695.1_ASM1369669v1_genomic.fna.gz	31878a7b5ca471ea901a2ebd1a65d5c4	2079743	mackay__GCA_013696695.1.fna.gz
https://ftp.ncbi.nlm.nih.gov/genomes/all/GCA/013/696/725/GCA_013696725.1_ASM1369672v1/GCA_013696725.1_ASM1369672v1_genomic.fna.gz	998aa92f8374696118d5dddcf2c103c3	718685	mackay__GCA_013696725.1.fna.gz
https://ftp.ncbi.nlm.nih.gov/genomes/all/GCA/013/696/745/GCA_013696745.1_ASM1369674v1/GCA_013696745.1_ASM1369674v1_genomic.fna.gz	2516cec4e9cca9c4baaf991376594782	744675	mackay__GCA_013696745.1.fna.gz
https://ftp.ncbi.nlm.nih.gov/genomes/all/GCA/013/696/755/GCA_013696755.1_ASM1369675v1/GCA_013696755.1_ASM1369675v1_genomic.fna.gz	50249662d3a7c0d7602b9322bfb42b60	704826	mackay__GCA_013696755.1.fna.gz
https://ftp.ncbi.nlm.nih.gov/genomes/all/GCA/013/696/785/GCA_013696785.1_ASM1369678v1/GCA_013696785.1_ASM1369678v1_genomic.fna.gz	c6aaf0f689ff155e71894f8832c2e04c	1000940	mackay__GCA_013696785.1.fna.gz
https://ftp.ncbi.nlm.nih.gov/genomes/all/GCA/013/696/805/GCA_013696805.1_ASM1369680v1/GCA_013696805.1_ASM1369680v1_genomic.fna.gz	359944237e507b302efbfee66300750c	475475	mackay__GCA_013696805.1.fna.gz
https://ftp.ncbi.nlm.nih.gov/genomes/all/GCA/013/696/825/GCA_013696825.1_ASM1369682v1/GCA_013696825.1_ASM1369682v1_genomic.fna.gz	60a8b0a0f1e4e902ed6397c760721426	810202	mackay__GCA_013696825.1.fna.gz
https://ftp.ncbi.nlm.nih.gov/genomes/all/GCA/013/696/835/GCA_013696835.1_ASM1369683v1/GCA_013696835.1_ASM1369683v1_genomic.fna.gz	f6b3d15a1c2eba88e7b47db01a5717a6	683283	mackay__GCA_013696835.1.fna.gz
https://ftp.ncbi.nlm.nih.gov/genomes/all/GCA/013/696/865/GCA_013696865.1_ASM1369686v1/GCA_013696865.1_ASM1369686v1_genomic.fna.gz	2cfa0dffe9d18c6b9402af8f8482ec53	478952	mackay__GCA_013696865.1.fna.gz
https://ftp.ncbi.nlm.nih.gov/genomes/all/GCA/013/696/875/GCA_013696875.1_ASM1369687v1/GCA_013696875.1_ASM1369687v1_genomic.fna.gz	0c6e2c32fd71894b81e9a96ebc32414c	369709	mackay__GCA_013696875.1.fna.gz
https://ftp.ncbi.nlm.nih.gov/genomes/all/GCA/013/696/905/GCA_013696905.1_ASM1369690v1/GCA_013696905.1_ASM1369690v1_genomic.fna.gz	d527708b8e6d18f9d8615aeb0fb009bc	634085	mackay__GCA_013696905.1.fna.gz
https://ftp.ncbi.nlm.nih.gov/genomes/all/GCA/013/696/915/GCA_013696915.1_ASM1369691v1/GCA_013696915.1_ASM1369691v1_genomic.fna.gz	5b493ba0966de1f4712ac9ba2ad32f78	1147431	mackay__GCA_013696915.1.fna.gz
https://ftp.ncbi.nlm.nih.gov/genomes/all/GCA/013/696/945/GCA_013696945.1_ASM1369694v1/GCA_013696945.1_ASM1369694v1_genomic.fna.gz	b7770d81c473002c0bacdd711664a27c	506902	mackay__GCA_013696945.1.fna.gz
https://ftp.ncbi.nlm.nih.gov/genomes/all/GCA/013/696/965/GCA_013696965.1_ASM1369696v1/GCA_013696965.1_ASM1369696v1_genomic.fna.gz	6c796f770b55cfcadf19cf60195be61d	1131388	mackay__GCA_013696965.1.fna.gz
https://ftp.ncbi.nlm.nih.gov/genomes/all/GCA/013/696/975/GCA_013696975.1_ASM1369697v1/GCA_013696975.1_ASM1369697v1_genomic.fna.gz	8c2cf1b52c6b64a9b9029f47d60dcf7c	552928	mackay__GCA_013696975.1.fna.gz
https://ftp.ncbi.nlm.nih.gov/genomes/all/GCA/013/697/005/GCA_013697005.1_ASM1369700v1/GCA_013697005.1_ASM1369700v1_genomic.fna.gz	75ff4a988efc1528c9ee71377ed3ceac	1195538	mackay__GCA_013697005.1.fna.gz
https://ftp.ncbi.nlm.nih.gov/genomes/all/GCA/013/697/015/GCA_013697015.1_ASM1369701v1/GCA_013697015.1_ASM1369701v1_genomic.fna.gz	927d72708ea7907110b73522dd5c59eb	614555	mackay__GCA_013697015.1.fna.gz
https://ftp.ncbi.nlm.nih.gov/genomes/all/GCA/013/697/045/GCA_013697045.1_ASM1369704v1/GCA_013697045.1_ASM1369704v1_genomic.fna.gz	77b8c61fd31115cae9c73d0c69e2b80c	1357760	mackay__GCA_013697045.1.fna.gz
https://ftp.ncbi.nlm.nih.gov/genomes/all/GCA/013/697/055/GCA_013697055.1_ASM1369705v1/GCA_013697055.1_ASM1369705v1_genomic.fna.gz	b009c4b766a8ec3fd8c70d7744b275b1	1107821	mackay__GCA_013697055.1.fna.gz
https://ftp.ncbi.nlm.nih.gov/genomes/all/GCA/013/697/195/GCA_013697195.1_ASM1369719v1/GCA_013697195.1_ASM1369719v1_genomic.fna.gz	9736bd542659276b2dc70e8d5d5a22b5	578358	mackay__GCA_013697195.1.fna.gz
https://ftp.ncbi.nlm.nih.gov/genomes/all/GCA/013/697/225/GCA_013697225.1_ASM1369722v1/GCA_013697225.1_ASM1369722v1_genomic.fna.gz	db15919981e66e18ec8b7fb80582d22d	1019782	mackay__GCA_013697225.1.fna.gz
https://ftp.ncbi.nlm.nih.gov/genomes/all/GCA/013/697/245/GCA_013697245.1_ASM1369724v1/GCA_013697245.1_ASM1369724v1_genomic.fna.gz	7d04ca528ec4856e4bd0db84f60c3402	1309215	mackay__GCA_013697245.1.fna.gz
https://ftp.ncbi.nlm.nih.gov/genomes/all/GCA/013/697/265/GCA_013697265.1_ASM1369726v1/GCA_013697265.1_ASM1369726v1_genomic.fna.gz	830818fb3402dff2b27906c9d7fee4d9	794875	mackay__GCA_013697265.1.fna.gz
https://ftp.ncbi.nlm.nih.gov/genomes/all/GCA/013/697/275/GCA_013697275.1_ASM1369727v1/GCA_013697275.1_ASM1369727v1_genomic.fna.gz	a66b5636110c0d83487b8d17d43c1c39	624370	mackay__GCA_013697275.1.fna.gz
https://ftp.ncbi.nlm.nih.gov/genomes/all/GCA/013/697/295/GCA_013697295.1_ASM1369729v1/GCA_013697295.1_ASM1369729v1_genomic.fna.gz	aea7a32cbbfc44ed1266049b06f04697	791258	mackay__GCA_013697295.1.fna.gz
https://ftp.ncbi.nlm.nih.gov/genomes/all/GCA/013/697/315/GCA_013697315.1_ASM1369731v1/GCA_013697315.1_ASM1369731v1_genomic.fna.gz	283ed1fe008c737fd190e2a68d13c3cb	774571	mackay__GCA_013697315.1.fna.gz
https://ftp.ncbi.nlm.nih.gov/genomes/all/GCA/013/697/345/GCA_013697345.1_ASM1369734v1/GCA_013697345.1_ASM1369734v1_genomic.fna.gz	72bb6636068f8f7fcc58f62b76127229	581635	mackay__GCA_013697345.1.fna.gz
https://ftp.ncbi.nlm.nih.gov/genomes/all/GCA/013/697/365/GCA_013697365.1_ASM1369736v1/GCA_013697365.1_ASM1369736v1_genomic.fna.gz	fed4a873549395b2d87aba81c210964e	614213	mackay__GCA_013697365.1.fna.gz
https://ftp.ncbi.nlm.nih.gov/genomes/all/GCA/013/697/385/GCA_013697385.1_ASM1369738v1/GCA_013697385.1_ASM1369738v1_genomic.fna.gz	e3d7fed229648fb8941f65afb62c58d2	692513	mackay__GCA_013697385.1.fna.gz
https://ftp.ncbi.nlm.nih.gov/genomes/all/GCA/013/697/395/GCA_013697395.1_ASM1369739v1/GCA_013697395.1_ASM1369739v1_genomic.fna.gz	3da8f2fd21b2bbf7119c89547dc0110b	987635	mackay__GCA_013697395.1.fna.gz
https://ftp.ncbi.nlm.nih.gov/genomes/all/GCA/013/697/415/GCA_013697415.1_ASM1369741v1/GCA_013697415.1_ASM1369741v1_genomic.fna.gz	0574607cdf1252074a49635724d85489	486541	mackay__GCA_013697415.1.fna.gz
https://ftp.ncbi.nlm.nih.gov/genomes/all/GCA/013/697/425/GCA_013697425.1_ASM1369742v1/GCA_013697425.1_ASM1369742v1_genomic.fna.gz	97952732a557459b19bbc6aa2f818c19	529341	mackay__GCA_013697425.1.fna.gz
https://ftp.ncbi.nlm.nih.gov/genomes/all/GCA/013/697/465/GCA_013697465.1_ASM1369746v1/GCA_013697465.1_ASM1369746v1_genomic.fna.gz	24a839358616314d67ff85633cec2331	672723	mackay__GCA_013697465.1.fna.gz
https://ftp.ncbi.nlm.nih.gov/genomes/all/GCA/013/697/475/GCA_013697475.1_ASM1369747v1/GCA_013697475.1_ASM1369747v1_genomic.fna.gz	027f19af18134dbb4c3fe756373c1384	380622	mackay__GCA_013697475.1.fna.gz
https://ftp.ncbi.nlm.nih.gov/genomes/all/GCA/013/697/505/GCA_013697505.1_ASM1369750v1/GCA_013697505.1_ASM1369750v1_genomic.fna.gz	dbd18e8507ea47749b76c284df5b8914	876886	mackay__GCA_013697505.1.fna.gz
https://ftp.ncbi.nlm.nih.gov/genomes/all/GCA/013/697/515/GCA_013697515.1_ASM1369751v1/GCA_013697515.1_ASM1369751v1_genomic.fna.gz	8be8f1f5bf48aa27132ec1d7a88212c2	322518	mackay__GCA_013697515.1.fna.gz
https://ftp.ncbi.nlm.nih.gov/genomes/all/GCA/013/697/535/GCA_013697535.1_ASM1369753v1/GCA_013697535.1_ASM1369753v1_genomic.fna.gz	a3816633fac1cdbc568f825af0f3925b	452566	mackay__GCA_013697535.1.fna.gz
https://ftp.ncbi.nlm.nih.gov/genomes/all/GCA/013/697/555/GCA_013697555.1_ASM1369755v1/GCA_013697555.1_ASM1369755v1_genomic.fna.gz	167779df3fb89aa82a21fb464b6cba63	270335	mackay__GCA_013697555.1.fna.gz
https://ftp.ncbi.nlm.nih.gov/genomes/all/GCA/013/697/585/GCA_013697585.1_ASM1369758v1/GCA_013697585.1_ASM1369758v1_genomic.fna.gz	fbd16d8c895857b6d6572c53138e0171	840551	mackay__GCA_013697585.1.fna.gz
https://ftp.ncbi.nlm.nih.gov/genomes/all/GCA/013/697/605/GCA_013697605.1_ASM1369760v1/GCA_013697605.1_ASM1369760v1_genomic.fna.gz	ba4dcdc1f5031ce29c2b7ac4c2ff8c1f	1852498	mackay__GCA_013697605.1.fna.gz
https://ftp.ncbi.nlm.nih.gov/genomes/all/GCA/013/697/625/GCA_013697625.1_ASM1369762v1/GCA_013697625.1_ASM1369762v1_genomic.fna.gz	cd50e8c8c848bf876987c3b21d7c3f5a	892303	mackay__GCA_013697625.1.fna.gz
https://ftp.ncbi.nlm.nih.gov/genomes/all/GCA/013/697/635/GCA_013697635.1_ASM1369763v1/GCA_013697635.1_ASM1369763v1_genomic.fna.gz	5a7dd49ae436fd64c240e0af8174494c	1821719	mackay__GCA_013697635.1.fna.gz
https://ftp.ncbi.nlm.nih.gov/genomes/all/GCA/013/697/645/GCA_013697645.1_ASM1369764v1/GCA_013697645.1_ASM1369764v1_genomic.fna.gz	4d29b56cc27b3117273f99fda7f4e01b	944696	mackay__GCA_013697645.1.fna.gz
https://ftp.ncbi.nlm.nih.gov/genomes/all/GCA/013/697/655/GCA_013697655.1_ASM1369765v1/GCA_013697655.1_ASM1369765v1_genomic.fna.gz	6cffee012793ace45a3bdaf76ebca351	915722	mackay__GCA_013697655.1.fna.gz
https://ftp.ncbi.nlm.nih.gov/genomes/all/GCA/013/697/705/GCA_013697705.1_ASM1369770v1/GCA_013697705.1_ASM1369770v1_genomic.fna.gz	635236402c3fc0b18bdf5a4f468a1f4c	684413	mackay__GCA_013697705.1.fna.gz
https://ftp.ncbi.nlm.nih.gov/genomes/all/GCA/013/697/725/GCA_013697725.1_ASM1369772v1/GCA_013697725.1_ASM1369772v1_genomic.fna.gz	4903db487774ab031671f35768c503da	900098	mackay__GCA_013697725.1.fna.gz
https://ftp.ncbi.nlm.nih.gov/genomes/all/GCA/013/697/735/GCA_013697735.1_ASM1369773v1/GCA_013697735.1_ASM1369773v1_genomic.fna.gz	03e1b430c6a7c71b5ab7c22e60153f6a	1001910	mackay__GCA_013697735.1.fna.gz
https://ftp.ncbi.nlm.nih.gov/genomes/all/GCA/013/697/765/GCA_013697765.1_ASM1369776v1/GCA_013697765.1_ASM1369776v1_genomic.fna.gz	3db88892c23046da4c8b16db1e6cc3c5	937951	mackay__GCA_013697765.1.fna.gz
https://ftp.ncbi.nlm.nih.gov/genomes/all/GCA/013/697/785/GCA_013697785.1_ASM1369778v1/GCA_013697785.1_ASM1369778v1_genomic.fna.gz	57e62f01a2544ef2feb3926ef52cf6b2	1110219	mackay__GCA_013697785.1.fna.gz
https://ftp.ncbi.nlm.nih.gov/genomes/all/GCA/013/697/825/GCA_013697825.1_ASM1369782v1/GCA_013697825.1_ASM1369782v1_genomic.fna.gz	568f28948fd768690f97dcd139fa2cbd	929867	mackay__GCA_013697825.1.fna.gz
https://ftp.ncbi.nlm.nih.gov/genomes/all/GCA/013/697/845/GCA_013697845.1_ASM1369784v1/GCA_013697845.1_ASM1369784v1_genomic.fna.gz	9e7341596ef37c08e20393485356631f	460488	mackay__GCA_013697845.1.fna.gz
https://ftp.ncbi.nlm.nih.gov/genomes/all/GCA/013/697/855/GCA_013697855.1_ASM1369785v1/GCA_013697855.1_ASM1369785v1_genomic.fna.gz	3da9068cb0033cfc1535ff572f2f2f2e	819035	mackay__GCA_013697855.1.fna.gz
https://ftp.ncbi.nlm.nih.gov/genomes/all/GCA/013/697/865/GCA_013697865.1_ASM1369786v1/GCA_013697865.1_ASM1369786v1_genomic.fna.gz	50a7f6e6528c816ff8bec6775c7781df	765976	mackay__GCA_013697865.1.fna.gz
https://ftp.ncbi.nlm.nih.gov/genomes/all/GCA/013/697/905/GCA_013697905.1_ASM1369790v1/GCA_013697905.1_ASM1369790v1_genomic.fna.gz	e1c100eef2720c4c4dd5bac88093c7ca	835320	mackay__GCA_013697905.1.fna.gz
https://ftp.ncbi.nlm.nih.gov/genomes/all/GCA/013/697/915/GCA_013697915.1_ASM1369791v1/GCA_013697915.1_ASM1369791v1_genomic.fna.gz	463ee5c367bd74f7c58b5a3c1ea06c33	1361177	mackay__GCA_013697915.1.fna.gz
https://ftp.ncbi.nlm.nih.gov/genomes/all/GCA/013/697/945/GCA_013697945.1_ASM1369794v1/GCA_013697945.1_ASM1369794v1_genomic.fna.gz	35c012e32e0ce981a2a3d5385c9ae01c	803039	mackay__GCA_013697945.1.fna.gz
https://ftp.ncbi.nlm.nih.gov/genomes/all/GCA/013/697/955/GCA_013697955.1_ASM1369795v1/GCA_013697955.1_ASM1369795v1_genomic.fna.gz	c05ada49e82f9c9f2ff0118334b40c90	994625	mackay__GCA_013697955.1.fna.gz
https://ftp.ncbi.nlm.nih.gov/genomes/all/GCA/013/697/965/GCA_013697965.1_ASM1369796v1/GCA_013697965.1_ASM1369796v1_genomic.fna.gz	43dd8bb9f0f7664f78fb352c2f29c599	586749	mackay__GCA_013697965.1.fna.gz
https://ftp.ncbi.nlm.nih.gov/genomes/all/GCA/013/698/005/GCA_013698005.1_ASM1369800v1/GCA_013698005.1_ASM1369800v1_genomic.fna.gz	5af1a286abb22475df2ff2568f886d74	846694	mackay__GCA_013698005.1.fna.gz
https://ftp.ncbi.nlm.nih.gov/genomes/all/GCA/013/698/015/GCA_013698015.1_ASM1369801v1/GCA_013698015.1_ASM1369801v1_genomic.fna.gz	5f9febc2493456ba3f38a458b4cb638d	884350	mackay__GCA_013698015.1.fna.gz
https://ftp.ncbi.nlm.nih.gov/genomes/all/GCA/013/698/045/GCA_013698045.1_ASM1369804v1/GCA_013698045.1_ASM1369804v1_genomic.fna.gz	5ce6f565f0cfd917231f496950596714	563179	mackay__GCA_013698045.1.fna.gz
https://ftp.ncbi.nlm.nih.gov/genomes/all/GCA/013/698/055/GCA_013698055.1_ASM1369805v1/GCA_013698055.1_ASM1369805v1_genomic.fna.gz	274cf86a1a1b8564747a7d8268b0bae5	1152263	mackay__GCA_013698055.1.fna.gz
https://ftp.ncbi.nlm.nih.gov/genomes/all/GCA/013/698/085/GCA_013698085.1_ASM1369808v1/GCA_013698085.1_ASM1369808v1_genomic.fna.gz	db2562a317b259d844ed0b928557bceb	775354	mackay__GCA_013698085.1.fna.gz
https://ftp.ncbi.nlm.nih.gov/genomes/all/GCA/013/698/095/GCA_013698095.1_ASM1369809v1/GCA_013698095.1_ASM1369809v1_genomic.fna.gz	d6905cbd5dc862e751cfc8dc5a487285	1117456	mackay__GCA_013698095.1.fna.gz
https://ftp.ncbi.nlm.nih.gov/genomes/all/GCA/013/698/125/GCA_013698125.1_ASM1369812v1/GCA_013698125.1_ASM1369812v1_genomic.fna.gz	d33e283aced25d82ba680364325fe0d6	571017	mackay__GCA_013698125.1.fna.gz
https://ftp.ncbi.nlm.nih.gov/genomes/all/GCA/013/698/135/GCA_013698135.1_ASM1369813v1/GCA_013698135.1_ASM1369813v1_genomic.fna.gz	c780d19a2e3632bca13b1f19bbf98c44	559654	mackay__GCA_013698135.1.fna.gz
https://ftp.ncbi.nlm.nih.gov/genomes/all/GCA/013/698/165/GCA_013698165.1_ASM1369816v1/GCA_013698165.1_ASM1369816v1_genomic.fna.gz	332d64851c0dd5da3a1dd8347684f04f	897096	mackay__GCA_013698165.1.fna.gz
https://ftp.ncbi.nlm.nih.gov/genomes/all/GCA/013/698/185/GCA_013698185.1_ASM1369818v1/GCA_013698185.1_ASM1369818v1_genomic.fna.gz	95ae91d5a9d8bf042b89b9d756966c6c	640641	mackay__GCA_013698185.1.fna.gz
https://ftp.ncbi.nlm.nih.gov/genomes/all/GCA/013/698/195/GCA_013698195.1_ASM1369819v1/GCA_013698195.1_ASM1369819v1_genomic.fna.gz	4ef3b002c6b1f183fe20e8b0307e2af5	594496	mackay__GCA_013698195.1.fna.gz
https://ftp.ncbi.nlm.nih.gov/genomes/all/GCA/013/698/215/GCA_013698215.1_ASM1369821v1/GCA_013698215.1_ASM1369821v1_genomic.fna.gz	531a86f46f77fcf790fce3472f39d3f4	1023257	mackay__GCA_013698215.1.fna.gz
https://ftp.ncbi.nlm.nih.gov/genomes/all/GCA/013/698/225/GCA_013698225.1_ASM1369822v1/GCA_013698225.1_ASM1369822v1_genomic.fna.gz	fd1112f4a9525a8b655dcd5f5afbc446	758176	mackay__GCA_013698225.1.fna.gz
https://ftp.ncbi.nlm.nih.gov/genomes/all/GCA/013/698/235/GCA_013698235.1_ASM1369823v1/GCA_013698235.1_ASM1369823v1_genomic.fna.gz	0271c47ebe64d8aab290ce0aa575908b	535538	mackay__GCA_013698235.1.fna.gz
https://ftp.ncbi.nlm.nih.gov/genomes/all/GCA/013/698/285/GCA_013698285.1_ASM1369828v1/GCA_013698285.1_ASM1369828v1_genomic.fna.gz	5f37f09376ecb5ead3f9d03260a45d12	922262	mackay__GCA_013698285.1.fna.gz
https://ftp.ncbi.nlm.nih.gov/genomes/all/GCA/013/698/295/GCA_013698295.1_ASM1369829v1/GCA_013698295.1_ASM1369829v1_genomic.fna.gz	6e48340c9d1606a19564a3043e549777	546352	mackay__GCA_013698295.1.fna.gz
https://ftp.ncbi.nlm.nih.gov/genomes/all/GCA/013/698/305/GCA_013698305.1_ASM1369830v1/GCA_013698305.1_ASM1369830v1_genomic.fna.gz	16f73445af9097f00851f63c52cfc91d	696064	mackay__GCA_013698305.1.fna.gz
https://ftp.ncbi.nlm.nih.gov/genomes/all/GCA/013/698/335/GCA_013698335.1_ASM1369833v1/GCA_013698335.1_ASM1369833v1_genomic.fna.gz	356a05a9814eaecb71897b2cd148e710	596372	mackay__GCA_013698335.1.fna.gz
https://ftp.ncbi.nlm.nih.gov/genomes/all/GCA/013/698/355/GCA_013698355.1_ASM1369835v1/GCA_013698355.1_ASM1369835v1_genomic.fna.gz	d9a450d00f182c65744b08665ca535c9	820133	mackay__GCA_013698355.1.fna.gz
https://ftp.ncbi.nlm.nih.gov/genomes/all/GCA/013/698/385/GCA_013698385.1_ASM1369838v1/GCA_013698385.1_ASM1369838v1_genomic.fna.gz	e04a92227bfe57a9228235aee0278219	602436	mackay__GCA_013698385.1.fna.gz
https://ftp.ncbi.nlm.nih.gov/genomes/all/GCA/013/698/395/GCA_013698395.1_ASM1369839v1/GCA_013698395.1_ASM1369839v1_genomic.fna.gz	318ff37d2adb1f662b5dbb2d0fd34afa	800374	mackay__GCA_013698395.1.fna.gz
https://ftp.ncbi.nlm.nih.gov/genomes/all/GCA/013/698/425/GCA_013698425.1_ASM1369842v1/GCA_013698425.1_ASM1369842v1_genomic.fna.gz	d3fcec449104b0a800dd2bef4949482e	518875	mackay__GCA_013698425.1.fna.gz
https://ftp.ncbi.nlm.nih.gov/genomes/all/GCA/013/698/435/GCA_013698435.1_ASM1369843v1/GCA_013698435.1_ASM1369843v1_genomic.fna.gz	9ce93050876ed8d62189a9fab2631ba3	747194	mackay__GCA_013698435.1.fna.gz
https://ftp.ncbi.nlm.nih.gov/genomes/all/GCA/013/698/465/GCA_013698465.1_ASM1369846v1/GCA_013698465.1_ASM1369846v1_genomic.fna.gz	36bd72ee43bbf6edd81df8414a998f7f	523364	mackay__GCA_013698465.1.fna.gz
https://ftp.ncbi.nlm.nih.gov/genomes/all/GCA/013/698/485/GCA_013698485.1_ASM1369848v1/GCA_013698485.1_ASM1369848v1_genomic.fna.gz	a89de7b8009973a8ecf43ff18ae07e86	613166	mackay__GCA_013698485.1.fna.gz
https://ftp.ncbi.nlm.nih.gov/genomes/all/GCA/013/698/495/GCA_013698495.1_ASM1369849v1/GCA_013698495.1_ASM1369849v1_genomic.fna.gz	4a7f3084be3521a5406f8776f9b2ff20	671925	mackay__GCA_013698495.1.fna.gz
https://ftp.ncbi.nlm.nih.gov/genomes/all/GCA/013/698/525/GCA_013698525.1_ASM1369852v1/GCA_013698525.1_ASM1369852v1_genomic.fna.gz	ad15277e37255054793c7a6de72be76f	890373	mackay__GCA_013698525.1.fna.gz
https://ftp.ncbi.nlm.nih.gov/genomes/all/GCA/013/811/645/GCA_013811645.1_ASM1381164v1/GCA_013811645.1_ASM1381164v1_genomic.fna.gz	981d77a7037b8242db454da1b512b93e	408549	mackay__GCA_013811645.1.fna.gz
https://ftp.ncbi.nlm.nih.gov/genomes/all/GCA/013/811/665/GCA_013811665.1_ASM1381166v1/GCA_013811665.1_ASM1381166v1_genomic.fna.gz	0ea96170e94b8ca58bcf36390372b0d6	738076	mackay__GCA_013811665.1.fna.gz
https://ftp.ncbi.nlm.nih.gov/genomes/all/GCA/013/811/705/GCA_013811705.1_ASM1381170v1/GCA_013811705.1_ASM1381170v1_genomic.fna.gz	57ec1b7e678291b6c289acd56249be4b	502103	mackay__GCA_013811705.1.fna.gz
https://ftp.ncbi.nlm.nih.gov/genomes/all/GCA/013/811/715/GCA_013811715.1_ASM1381171v1/GCA_013811715.1_ASM1381171v1_genomic.fna.gz	a8d43dfc0fe680f94d4266c0a54ff002	887077	mackay__GCA_013811715.1.fna.gz
https://ftp.ncbi.nlm.nih.gov/genomes/all/GCA/013/811/745/GCA_013811745.1_ASM1381174v1/GCA_013811745.1_ASM1381174v1_genomic.fna.gz	1c1edcd557af6123524878ee4b00be4c	864542	mackay__GCA_013811745.1.fna.gz
https://ftp.ncbi.nlm.nih.gov/genomes/all/GCA/013/811/765/GCA_013811765.1_ASM1381176v1/GCA_013811765.1_ASM1381176v1_genomic.fna.gz	e88defdd99f566b150334fbd4ac9cfe2	443395	mackay__GCA_013811765.1.fna.gz
https://ftp.ncbi.nlm.nih.gov/genomes/all/GCA/013/811/775/GCA_013811775.1_ASM1381177v1/GCA_013811775.1_ASM1381177v1_genomic.fna.gz	7184b0d7436180d296330ace6025e2a2	696365	mackay__GCA_013811775.1.fna.gz
https://ftp.ncbi.nlm.nih.gov/genomes/all/GCA/013/811/805/GCA_013811805.1_ASM1381180v1/GCA_013811805.1_ASM1381180v1_genomic.fna.gz	9588fb1713ed8db718f5c78d73d75c7a	957540	mackay__GCA_013811805.1.fna.gz
https://ftp.ncbi.nlm.nih.gov/genomes/all/GCA/013/811/815/GCA_013811815.1_ASM1381181v1/GCA_013811815.1_ASM1381181v1_genomic.fna.gz	4692bec80ad65ed7eee093532a24f8df	1047079	mackay__GCA_013811815.1.fna.gz
https://ftp.ncbi.nlm.nih.gov/genomes/all/GCA/013/811/855/GCA_013811855.1_ASM1381185v1/GCA_013811855.1_ASM1381185v1_genomic.fna.gz	7ac11032474edf1d5ca300da18be1ebf	898298	mackay__GCA_013811855.1.fna.gz
https://ftp.ncbi.nlm.nih.gov/genomes/all/GCA/013/811/885/GCA_013811885.1_ASM1381188v1/GCA_013811885.1_ASM1381188v1_genomic.fna.gz	175904a4bf885b768b40ec20d2b87211	887529	mackay__GCA_013811885.1.fna.gz
https://ftp.ncbi.nlm.nih.gov/genomes/all/GCA/013/811/895/GCA_013811895.1_ASM1381189v1/GCA_013811895.1_ASM1381189v1_genomic.fna.gz	40e343eb33652c15879944ee50d8f2e5	601991	mackay__GCA_013811895.1.fna.gz
https://ftp.ncbi.nlm.nih.gov/genomes/all/GCA/013/811/925/GCA_013811925.1_ASM1381192v1/GCA_013811925.1_ASM1381192v1_genomic.fna.gz	3baa9573a3f9704945d55efb26afa3a9	500459	mackay__GCA_013811925.1.fna.gz
https://ftp.ncbi.nlm.nih.gov/genomes/all/GCA/013/811/945/GCA_013811945.1_ASM1381194v1/GCA_013811945.1_ASM1381194v1_genomic.fna.gz	e615410c1a0bad94f8554fa8def3abd6	1204984	mackay__GCA_013811945.1.fna.gz
https://ftp.ncbi.nlm.nih.gov/genomes/all/GCA/013/811/965/GCA_013811965.1_ASM1381196v1/GCA_013811965.1_ASM1381196v1_genomic.fna.gz	1fa372b67f43203e52e8b2cceb610312	707570	mackay__GCA_013811965.1.fna.gz
https://ftp.ncbi.nlm.nih.gov/genomes/all/GCA/013/811/975/GCA_013811975.1_ASM1381197v1/GCA_013811975.1_ASM1381197v1_genomic.fna.gz	246817adaa51ed19e05b3fa4d7a5bd3a	777100	mackay__GCA_013811975.1.fna.gz
https://ftp.ncbi.nlm.nih.gov/genomes/all/GCA/013/812/005/GCA_013812005.1_ASM1381200v1/GCA_013812005.1_ASM1381200v1_genomic.fna.gz	bd74feadb7cad71d735e0261d141a202	460835	mackay__GCA_013812005.1.fna.gz
https://ftp.ncbi.nlm.nih.gov/genomes/all/GCA/013/812/025/GCA_013812025.1_ASM1381202v1/GCA_013812025.1_ASM1381202v1_genomic.fna.gz	c6351705f23771bef26757138c4985b5	985696	mackay__GCA_013812025.1.fna.gz
https://ftp.ncbi.nlm.nih.gov/genomes/all/GCA/013/812/065/GCA_013812065.1_ASM1381206v1/GCA_013812065.1_ASM1381206v1_genomic.fna.gz	d9ed269f0118e335932dd4af238f04d6	689397	mackay__GCA_013812065.1.fna.gz
https://ftp.ncbi.nlm.nih.gov/genomes/all/GCA/013/812/085/GCA_013812085.1_ASM1381208v1/GCA_013812085.1_ASM1381208v1_genomic.fna.gz	e8b98474db51815e84cdc3eea962b554	398084	mackay__GCA_013812085.1.fna.gz
https://ftp.ncbi.nlm.nih.gov/genomes/all/GCA/013/812/095/GCA_013812095.1_ASM1381209v1/GCA_013812095.1_ASM1381209v1_genomic.fna.gz	cd09bd29c888f3cced4c017b242c4e3c	397526	mackay__GCA_013812095.1.fna.gz
https://ftp.ncbi.nlm.nih.gov/genomes/all/GCA/013/812/125/GCA_013812125.1_ASM1381212v1/GCA_013812125.1_ASM1381212v1_genomic.fna.gz	f2d14bd589e7f658f66ffe2cb02ddad3	939456	mackay__GCA_013812125.1.fna.gz
https://ftp.ncbi.nlm.nih.gov/genomes/all/GCA/013/812/135/GCA_013812135.1_ASM1381213v1/GCA_013812135.1_ASM1381213v1_genomic.fna.gz	1924b16039b423c8de215cdf9036a06b	622948	mackay__GCA_013812135.1.fna.gz
https://ftp.ncbi.nlm.nih.gov/genomes/all/GCA/013/812/145/GCA_013812145.1_ASM1381214v1/GCA_013812145.1_ASM1381214v1_genomic.fna.gz	6b73dd1e32a4d48fd50d72c607953a7e	885455	mackay__GCA_013812145.1.fna.gz
https://ftp.ncbi.nlm.nih.gov/genomes/all/GCA/013/812/185/GCA_013812185.1_ASM1381218v1/GCA_013812185.1_ASM1381218v1_genomic.fna.gz	4f53cf250395d9a191a413f94b7a9751	693982	mackay__GCA_013812185.1.fna.gz
https://ftp.ncbi.nlm.nih.gov/genomes/all/GCA/013/812/195/GCA_013812195.1_ASM1381219v1/GCA_013812195.1_ASM1381219v1_genomic.fna.gz	c435db1601cf60485803b7f8a2d6123d	742127	mackay__GCA_013812195.1.fna.gz
https://ftp.ncbi.nlm.nih.gov/genomes/all/GCA/013/812/235/GCA_013812235.1_ASM1381223v1/GCA_013812235.1_ASM1381223v1_genomic.fna.gz	0ac91e942da1d90ad066499d36f5a622	495275	mackay__GCA_013812235.1.fna.gz
https://ftp.ncbi.nlm.nih.gov/genomes/all/GCA/013/812/245/GCA_013812245.1_ASM1381224v1/GCA_013812245.1_ASM1381224v1_genomic.fna.gz	6b3c556125c03ed9698732af829f6d7e	1064555	mackay__GCA_013812245.1.fna.gz
https://ftp.ncbi.nlm.nih.gov/genomes/all/GCA/013/812/255/GCA_013812255.1_ASM1381225v1/GCA_013812255.1_ASM1381225v1_genomic.fna.gz	3aae3462fe02dabaa52ba98fe34675c9	682401	mackay__GCA_013812255.1.fna.gz
https://ftp.ncbi.nlm.nih.gov/genomes/all/GCA/013/812/265/GCA_013812265.1_ASM1381226v1/GCA_013812265.1_ASM1381226v1_genomic.fna.gz	ace3327260e9b094de2331cab6ae4b22	764825	mackay__GCA_013812265.1.fna.gz
https://ftp.ncbi.nlm.nih.gov/genomes/all/GCA/013/812/275/GCA_013812275.1_ASM1381227v1/GCA_013812275.1_ASM1381227v1_genomic.fna.gz	b217a01285905e8232c70e02154c81c8	844225	mackay__GCA_013812275.1.fna.gz
https://ftp.ncbi.nlm.nih.gov/genomes/all/GCA/013/812/345/GCA_013812345.1_ASM1381234v1/GCA_013812345.1_ASM1381234v1_genomic.fna.gz	1501b5f1fc5e1d49e5fc7ee127edd551	354668	mackay__GCA_013812345.1.fna.gz
https://ftp.ncbi.nlm.nih.gov/genomes/all/GCA/013/812/365/GCA_013812365.1_ASM1381236v1/GCA_013812365.1_ASM1381236v1_genomic.fna.gz	7e27886b0e16f62c5b04a7d5b7a4e1e2	801799	mackay__GCA_013812365.1.fna.gz
https://ftp.ncbi.nlm.nih.gov/genomes/all/GCA/013/812/375/GCA_013812375.1_ASM1381237v1/GCA_013812375.1_ASM1381237v1_genomic.fna.gz	9e29a62b8b539394b758be92dc3fbd99	503839	mackay__GCA_013812375.1.fna.gz
https://ftp.ncbi.nlm.nih.gov/genomes/all/GCA/013/812/385/GCA_013812385.1_ASM1381238v1/GCA_013812385.1_ASM1381238v1_genomic.fna.gz	aa83ddaa9b585eb97682faf8e9ecd704	738297	mackay__GCA_013812385.1.fna.gz
https://ftp.ncbi.nlm.nih.gov/genomes/all/GCA/013/812/395/GCA_013812395.1_ASM1381239v1/GCA_013812395.1_ASM1381239v1_genomic.fna.gz	c4f63ca235e74314ed7698891ca59b5e	626930	mackay__GCA_013812395.1.fna.gz
https://ftp.ncbi.nlm.nih.gov/genomes/all/GCA/013/812/465/GCA_013812465.1_ASM1381246v1/GCA_013812465.1_ASM1381246v1_genomic.fna.gz	860a999358c74e0abd5099295ad86126	724687	mackay__GCA_013812465.1.fna.gz
https://ftp.ncbi.nlm.nih.gov/genomes/all/GCA/013/812/485/GCA_013812485.1_ASM1381248v1/GCA_013812485.1_ASM1381248v1_genomic.fna.gz	e80ec9a63372f920bc555351049f5550	516855	mackay__GCA_013812485.1.fna.gz
https://ftp.ncbi.nlm.nih.gov/genomes/all/GCA/013/812/505/GCA_013812505.1_ASM1381250v1/GCA_013812505.1_ASM1381250v1_genomic.fna.gz	b0a06bd4d93e4e7f530ab7f3a63a2504	836827	mackay__GCA_013812505.1.fna.gz
https://ftp.ncbi.nlm.nih.gov/genomes/all/GCA/013/812/515/GCA_013812515.1_ASM1381251v1/GCA_013812515.1_ASM1381251v1_genomic.fna.gz	4584e932676ffe3f0477f0e9982c2269	815885	mackay__GCA_013812515.1.fna.gz
https://ftp.ncbi.nlm.nih.gov/genomes/all/GCA/013/812/525/GCA_013812525.1_ASM1381252v1/GCA_013812525.1_ASM1381252v1_genomic.fna.gz	0e48a069f81664f4ad95933815a38040	878416	mackay__GCA_013812525.1.fna.gz
https://ftp.ncbi.nlm.nih.gov/genomes/all/GCA/013/812/565/GCA_013812565.1_ASM1381256v1/GCA_013812565.1_ASM1381256v1_genomic.fna.gz	fd2813abe02cc6cf59a00eb06715993c	1616130	mackay__GCA_013812565.1.fna.gz
https://ftp.ncbi.nlm.nih.gov/genomes/all/GCA/013/812/605/GCA_013812605.1_ASM1381260v1/GCA_013812605.1_ASM1381260v1_genomic.fna.gz	23e07c0ed80ccc4042fd79dfd646ef4b	572817	mackay__GCA_013812605.1.fna.gz
https://ftp.ncbi.nlm.nih.gov/genomes/all/GCA/013/812/615/GCA_013812615.1_ASM1381261v1/GCA_013812615.1_ASM1381261v1_genomic.fna.gz	e2caf36eba475a6762cbc9fb11cd86c6	717324	mackay__GCA_013812615.1.fna.gz
https://ftp.ncbi.nlm.nih.gov/genomes/all/GCA/013/812/645/GCA_013812645.1_ASM1381264v1/GCA_013812645.1_ASM1381264v1_genomic.fna.gz	1d52956f39ff9f9565da2653b0d26d19	684539	mackay__GCA_013812645.1.fna.gz
https://ftp.ncbi.nlm.nih.gov/genomes/all/GCA/013/812/655/GCA_013812655.1_ASM1381265v1/GCA_013812655.1_ASM1381265v1_genomic.fna.gz	b8ad3d6b616d82a9a56a88be5b50629d	2296977	mackay__GCA_013812655.1.fna.gz
https://ftp.ncbi.nlm.nih.gov/genomes/all/GCA/013/812/685/GCA_013812685.1_ASM1381268v1/GCA_013812685.1_ASM1381268v1_genomic.fna.gz	dbe1ee32bcc819b73739ea699ef8c7c7	839467	mackay__GCA_013812685.1.fna.gz
https://ftp.ncbi.nlm.nih.gov/genomes/all/GCA/013/812/695/GCA_013812695.1_ASM1381269v1/GCA_013812695.1_ASM1381269v1_genomic.fna.gz	fcc958f43642e4ead4006a50a4ff5a1a	950465	mackay__GCA_013812695.1.fna.gz
https://ftp.ncbi.nlm.nih.gov/genomes/all/GCA/013/812/705/GCA_013812705.1_ASM1381270v1/GCA_013812705.1_ASM1381270v1_genomic.fna.gz	6655dcdeb87ef079ef2bf14d0da5d254	593472	mackay__GCA_013812705.1.fna.gz
https://ftp.ncbi.nlm.nih.gov/genomes/all/GCA/013/812/765/GCA_013812765.1_ASM1381276v1/GCA_013812765.1_ASM1381276v1_genomic.fna.gz	802c6116ac5af795c362ba9f7b86b460	589238	mackay__GCA_013812765.1.fna.gz
https://ftp.ncbi.nlm.nih.gov/genomes/all/GCA/013/812/775/GCA_013812775.1_ASM1381277v1/GCA_013812775.1_ASM1381277v1_genomic.fna.gz	856f7d4e90adadf558a0c2c930f8faa5	988819	mackay__GCA_013812775.1.fna.gz
https://ftp.ncbi.nlm.nih.gov/genomes/all/GCA/013/812/805/GCA_013812805.1_ASM1381280v1/GCA_013812805.1_ASM1381280v1_genomic.fna.gz	b5f4fd5a1a4b02bd648d2083165e2d99	656474	mackay__GCA_013812805.1.fna.gz
https://ftp.ncbi.nlm.nih.gov/genomes/all/GCA/013/812/815/GCA_013812815.1_ASM1381281v1/GCA_013812815.1_ASM1381281v1_genomic.fna.gz	5233882227ca219d3f3fe9dd02588d90	1213383	mackay__GCA_013812815.1.fna.gz
https://ftp.ncbi.nlm.nih.gov/genomes/all/GCA/013/812/865/GCA_013812865.1_ASM1381286v1/GCA_013812865.1_ASM1381286v1_genomic.fna.gz	a5fb05730d7f8ab6dada5a6e385cec04	435298	mackay__GCA_013812865.1.fna.gz
https://ftp.ncbi.nlm.nih.gov/genomes/all/GCA/013/812/895/GCA_013812895.1_ASM1381289v1/GCA_013812895.1_ASM1381289v1_genomic.fna.gz	e40f3efbf14018682ced166ccab5f6b2	1302261	mackay__GCA_013812895.1.fna.gz
https://ftp.ncbi.nlm.nih.gov/genomes/all/GCA/013/812/905/GCA_013812905.1_ASM1381290v1/GCA_013812905.1_ASM1381290v1_genomic.fna.gz	e936983aa765c5313038ff966a721540	1151219	mackay__GCA_013812905.1.fna.gz
https://ftp.ncbi.nlm.nih.gov/genomes/all/GCA/013/812/945/GCA_013812945.1_ASM1381294v1/GCA_013812945.1_ASM1381294v1_genomic.fna.gz	db3bb9fc671a8931a7bbd304b94832e4	705527	mackay__GCA_013812945.1.fna.gz
https://ftp.ncbi.nlm.nih.gov/genomes/all/GCA/013/812/985/GCA_013812985.1_ASM1381298v1/GCA_013812985.1_ASM1381298v1_genomic.fna.gz	2d8199abc8074121b672643073065e78	1342599	mackay__GCA_013812985.1.fna.gz
https://ftp.ncbi.nlm.nih.gov/genomes/all/GCA/013/812/995/GCA_013812995.1_ASM1381299v1/GCA_013812995.1_ASM1381299v1_genomic.fna.gz	3794fa13c3bb9106d006e2ae5b7abfa2	1515678	mackay__GCA_013812995.1.fna.gz
https://ftp.ncbi.nlm.nih.gov/genomes/all/GCA/013/813/005/GCA_013813005.1_ASM1381300v1/GCA_013813005.1_ASM1381300v1_genomic.fna.gz	722cbdb5d2ed4dfd58e0fe67f88bbb51	528538	mackay__GCA_013813005.1.fna.gz
https://ftp.ncbi.nlm.nih.gov/genomes/all/GCA/013/813/065/GCA_013813065.1_ASM1381306v1/GCA_013813065.1_ASM1381306v1_genomic.fna.gz	02db97844c096b11d2ce25e18579d4c1	860101	mackay__GCA_013813065.1.fna.gz
https://ftp.ncbi.nlm.nih.gov/genomes/all/GCA/013/813/075/GCA_013813075.1_ASM1381307v1/GCA_013813075.1_ASM1381307v1_genomic.fna.gz	c6dc78462cd47a3e2c77746c80260d47	999412	mackay__GCA_013813075.1.fna.gz
https://ftp.ncbi.nlm.nih.gov/genomes/all/GCA/013/813/105/GCA_013813105.1_ASM1381310v1/GCA_013813105.1_ASM1381310v1_genomic.fna.gz	c7ab74037da76cb2965aaa5230e08173	575693	mackay__GCA_013813105.1.fna.gz
https://ftp.ncbi.nlm.nih.gov/genomes/all/GCA/013/813/125/GCA_013813125.1_ASM1381312v1/GCA_013813125.1_ASM1381312v1_genomic.fna.gz	05c7a6ce54faf049780e639b083a5afa	531550	mackay__GCA_013813125.1.fna.gz
https://ftp.ncbi.nlm.nih.gov/genomes/all/GCA/013/813/135/GCA_013813135.1_ASM1381313v1/GCA_013813135.1_ASM1381313v1_genomic.fna.gz	cfd2340b23e1ecbd64aa6f025189bba5	1042265	mackay__GCA_013813135.1.fna.gz
https://ftp.ncbi.nlm.nih.gov/genomes/all/GCA/013/813/145/GCA_013813145.1_ASM1381314v1/GCA_013813145.1_ASM1381314v1_genomic.fna.gz	dd4108548a8a9f75e16542bf5a9a6d85	870169	mackay__GCA_013813145.1.fna.gz
https://ftp.ncbi.nlm.nih.gov/genomes/all/GCA/013/813/185/GCA_013813185.1_ASM1381318v1/GCA_013813185.1_ASM1381318v1_genomic.fna.gz	d1697e9f8061d54b0a286593d8b06c68	673328	mackay__GCA_013813185.1.fna.gz
https://ftp.ncbi.nlm.nih.gov/genomes/all/GCA/013/813/215/GCA_013813215.1_ASM1381321v1/GCA_013813215.1_ASM1381321v1_genomic.fna.gz	6ddc95eb7847bfae2e5e0ba6be0fee23	1039509	mackay__GCA_013813215.1.fna.gz
https://ftp.ncbi.nlm.nih.gov/genomes/all/GCA/013/813/245/GCA_013813245.1_ASM1381324v1/GCA_013813245.1_ASM1381324v1_genomic.fna.gz	457d269c9188634869dbbd71e8294856	894139	mackay__GCA_013813245.1.fna.gz
https://ftp.ncbi.nlm.nih.gov/genomes/all/GCA/013/813/255/GCA_013813255.1_ASM1381325v1/GCA_013813255.1_ASM1381325v1_genomic.fna.gz	154f36bfca387f9a645ae4141d88d2da	1450058	mackay__GCA_013813255.1.fna.gz
https://ftp.ncbi.nlm.nih.gov/genomes/all/GCA/013/813/265/GCA_013813265.1_ASM1381326v1/GCA_013813265.1_ASM1381326v1_genomic.fna.gz	32b337d3377a1f40dc6f852d325ce29f	1086759	mackay__GCA_013813265.1.fna.gz
https://ftp.ncbi.nlm.nih.gov/genomes/all/GCA/013/813/275/GCA_013813275.1_ASM1381327v1/GCA_013813275.1_ASM1381327v1_genomic.fna.gz	ec0fc5ee6e9613616ed18b032029a869	679119	mackay__GCA_013813275.1.fna.gz
https://ftp.ncbi.nlm.nih.gov/genomes/all/GCA/013/813/325/GCA_013813325.1_ASM1381332v1/GCA_013813325.1_ASM1381332v1_genomic.fna.gz	9ee0b9e9c651b3c2216cd31466b6c6ca	559076	mackay__GCA_013813325.1.fna.gz
https://ftp.ncbi.nlm.nih.gov/genomes/all/GCA/013/813/345/GCA_013813345.1_ASM1381334v1/GCA_013813345.1_ASM1381334v1_genomic.fna.gz	82171537ac38261b8b68399cab65bcaf	704513	mackay__GCA_013813345.1.fna.gz
https://ftp.ncbi.nlm.nih.gov/genomes/all/GCA/013/813/355/GCA_013813355.1_ASM1381335v1/GCA_013813355.1_ASM1381335v1_genomic.fna.gz	de7aa9661539c304858ece51012201ad	357989	mackay__GCA_013813355.1.fna.gz
https://ftp.ncbi.nlm.nih.gov/genomes/all/GCA/013/813/375/GCA_013813375.1_ASM1381337v1/GCA_013813375.1_ASM1381337v1_genomic.fna.gz	a31a65b499af0e11a8c739449ed2357d	1195305	mackay__GCA_013813375.1.fna.gz
https://ftp.ncbi.nlm.nih.gov/genomes/all/GCA/013/813/385/GCA_013813385.1_ASM1381338v1/GCA_013813385.1_ASM1381338v1_genomic.fna.gz	7c7ccb5642af28a1fbffb3c651c53e06	626754	mackay__GCA_013813385.1.fna.gz
https://ftp.ncbi.nlm.nih.gov/genomes/all/GCA/013/813/435/GCA_013813435.1_ASM1381343v1/GCA_013813435.1_ASM1381343v1_genomic.fna.gz	a53f415a3ee8ed8f7a94c8505b29eee6	852729	mackay__GCA_013813435.1.fna.gz
https://ftp.ncbi.nlm.nih.gov/genomes/all/GCA/013/813/465/GCA_013813465.1_ASM1381346v1/GCA_013813465.1_ASM1381346v1_genomic.fna.gz	b5852adbb1bd897edab1f03033641dfa	919530	mackay__GCA_013813465.1.fna.gz
https://ftp.ncbi.nlm.nih.gov/genomes/all/GCA/013/813/475/GCA_013813475.1_ASM1381347v1/GCA_013813475.1_ASM1381347v1_genomic.fna.gz	2ea24004e0e9da81d4b18859f67e3708	386915	mackay__GCA_013813475.1.fna.gz
https://ftp.ncbi.nlm.nih.gov/genomes/all/GCA/013/813/485/GCA_013813485.1_ASM1381348v1/GCA_013813485.1_ASM1381348v1_genomic.fna.gz	3a996138db674fea2819828acaac9b61	513454	mackay__GCA_013813485.1.fna.gz
https://ftp.ncbi.nlm.nih.gov/genomes/all/GCA/013/813/495/GCA_013813495.1_ASM1381349v1/GCA_013813495.1_ASM1381349v1_genomic.fna.gz	0cc57bb576fb3520a028e0d3c7ae14d9	976271	mackay__GCA_013813495.1.fna.gz
https://ftp.ncbi.nlm.nih.gov/genomes/all/GCA/013/813/545/GCA_013813545.1_ASM1381354v1/GCA_013813545.1_ASM1381354v1_genomic.fna.gz	5f814199c26d9ea2488504b9aca79775	562949	mackay__GCA_013813545.1.fna.gz
https://ftp.ncbi.nlm.nih.gov/genomes/all/GCA/013/813/565/GCA_013813565.1_ASM1381356v1/GCA_013813565.1_ASM1381356v1_genomic.fna.gz	10c05a5c435ecf1afb2734f101ad3152	1234027	mackay__GCA_013813565.1.fna.gz
https://ftp.ncbi.nlm.nih.gov/genomes/all/GCA/013/813/605/GCA_013813605.1_ASM1381360v1/GCA_013813605.1_ASM1381360v1_genomic.fna.gz	e182e867fdcb5a822d4bd567c50a4937	633006	mackay__GCA_013813605.1.fna.gz
https://ftp.ncbi.nlm.nih.gov/genomes/all/GCA/013/813/615/GCA_013813615.1_ASM1381361v1/GCA_013813615.1_ASM1381361v1_genomic.fna.gz	2c895f8bf1513e37cd7c75dbf7af3465	961266	mackay__GCA_013813615.1.fna.gz
https://ftp.ncbi.nlm.nih.gov/genomes/all/GCA/013/813/625/GCA_013813625.1_ASM1381362v1/GCA_013813625.1_ASM1381362v1_genomic.fna.gz	13130f8d56ad420997a129a85b9df562	575894	mackay__GCA_013813625.1.fna.gz
https://ftp.ncbi.nlm.nih.gov/genomes/all/GCA/013/813/655/GCA_013813655.1_ASM1381365v1/GCA_013813655.1_ASM1381365v1_genomic.fna.gz	a5e4459b7e4b082feaa91708f4ae209c	1747096	mackay__GCA_013813655.1.fna.gz
https://ftp.ncbi.nlm.nih.gov/genomes/all/GCA/013/813/675/GCA_013813675.1_ASM1381367v1/GCA_013813675.1_ASM1381367v1_genomic.fna.gz	909333612eb11c6bcb8c310e66063b01	980377	mackay__GCA_013813675.1.fna.gz
https://ftp.ncbi.nlm.nih.gov/genomes/all/GCA/013/813/705/GCA_013813705.1_ASM1381370v1/GCA_013813705.1_ASM1381370v1_genomic.fna.gz	e2e0ef224e1f630e0f57ba0a18ed470e	677990	mackay__GCA_013813705.1.fna.gz
https://ftp.ncbi.nlm.nih.gov/genomes/all/GCA/013/813/715/GCA_013813715.1_ASM1381371v1/GCA_013813715.1_ASM1381371v1_genomic.fna.gz	4c9499e0087575d1e5fa517d99cb6c91	1107717	mackay__GCA_013813715.1.fna.gz
https://ftp.ncbi.nlm.nih.gov/genomes/all/GCA/013/813/755/GCA_013813755.1_ASM1381375v1/GCA_013813755.1_ASM1381375v1_genomic.fna.gz	61e99ce92a6d85e0c6b73966e4bb97f4	590406	mackay__GCA_013813755.1.fna.gz
https://ftp.ncbi.nlm.nih.gov/genomes/all/GCA/013/813/765/GCA_013813765.1_ASM1381376v1/GCA_013813765.1_ASM1381376v1_genomic.fna.gz	4e9e08781273baf419e0b7fe6288fa76	2309919	mackay__GCA_013813765.1.fna.gz
https://ftp.ncbi.nlm.nih.gov/genomes/all/GCA/013/813/775/GCA_013813775.1_ASM1381377v1/GCA_013813775.1_ASM1381377v1_genomic.fna.gz	15cccae79624f7e95601f0c6dd7504a9	1688892	mackay__GCA_013813775.1.fna.gz
https://ftp.ncbi.nlm.nih.gov/genomes/all/GCA/013/813/825/GCA_013813825.1_ASM1381382v1/GCA_013813825.1_ASM1381382v1_genomic.fna.gz	ba89fb5bf068f445995ee9dbc29af59a	1181815	mackay__GCA_013813825.1.fna.gz
https://ftp.ncbi.nlm.nih.gov/genomes/all/GCA/013/813/835/GCA_013813835.1_ASM1381383v1/GCA_013813835.1_ASM1381383v1_genomic.fna.gz	377144f992ce1bdbf10490950562b9ca	507950	mackay__GCA_013813835.1.fna.gz
https://ftp.ncbi.nlm.nih.gov/genomes/all/GCA/013/813/865/GCA_013813865.1_ASM1381386v1/GCA_013813865.1_ASM1381386v1_genomic.fna.gz	0233e573b81fa8636533824d6d83b51b	465366	mackay__GCA_013813865.1.fna.gz
https://ftp.ncbi.nlm.nih.gov/genomes/all/GCA/013/813/875/GCA_013813875.1_ASM1381387v1/GCA_013813875.1_ASM1381387v1_genomic.fna.gz	4fcb9b7b13dd5fcf699d5926c48ff15b	965632	mackay__GCA_013813875.1.fna.gz
https://ftp.ncbi.nlm.nih.gov/genomes/all/GCA/013/813/905/GCA_013813905.1_ASM1381390v1/GCA_013813905.1_ASM1381390v1_genomic.fna.gz	8d49624b84ced8d978e9c3ef7d0a5ddd	381031	mackay__GCA_013813905.1.fna.gz
https://ftp.ncbi.nlm.nih.gov/genomes/all/GCA/013/813/945/GCA_013813945.1_ASM1381394v1/GCA_013813945.1_ASM1381394v1_genomic.fna.gz	0826c86c2cf7fc4d8b16063b722c645a	1992316	mackay__GCA_013813945.1.fna.gz
https://ftp.ncbi.nlm.nih.gov/genomes/all/GCA/013/813/955/GCA_013813955.1_ASM1381395v1/GCA_013813955.1_ASM1381395v1_genomic.fna.gz	856081fa3fafef70ef50ddee1305c1f6	637165	mackay__GCA_013813955.1.fna.gz
https://ftp.ncbi.nlm.nih.gov/genomes/all/GCA/013/813/985/GCA_013813985.1_ASM1381398v1/GCA_013813985.1_ASM1381398v1_genomic.fna.gz	bcc00dfbf934274afa78696a18121309	474605	mackay__GCA_013813985.1.fna.gz
https://ftp.ncbi.nlm.nih.gov/genomes/all/GCA/013/813/995/GCA_013813995.1_ASM1381399v1/GCA_013813995.1_ASM1381399v1_genomic.fna.gz	9ed8481e124aad72ac5d4e96ec47e054	811879	mackay__GCA_013813995.1.fna.gz
https://ftp.ncbi.nlm.nih.gov/genomes/all/GCA/013/814/015/GCA_013814015.1_ASM1381401v1/GCA_013814015.1_ASM1381401v1_genomic.fna.gz	25cf93856cf4346bb6ba12b6576a8c34	850648	mackay__GCA_013814015.1.fna.gz
https://ftp.ncbi.nlm.nih.gov/genomes/all/GCA/013/814/045/GCA_013814045.1_ASM1381404v1/GCA_013814045.1_ASM1381404v1_genomic.fna.gz	411ab03ec4e9fbe41cc26d0607afc2bd	761550	mackay__GCA_013814045.1.fna.gz
https://ftp.ncbi.nlm.nih.gov/genomes/all/GCA/013/815/325/GCA_013815325.1_ASM1381532v1/GCA_013815325.1_ASM1381532v1_genomic.fna.gz	0e1db3a8798f4d35d17f0d59d7a8df42	1243645	mackay__GCA_013815325.1.fna.gz
https://ftp.ncbi.nlm.nih.gov/genomes/all/GCA/013/815/345/GCA_013815345.1_ASM1381534v1/GCA_013815345.1_ASM1381534v1_genomic.fna.gz	2fd527d3b0ab76631d013b0a838d66e7	254880	mackay__GCA_013815345.1.fna.gz
https://ftp.ncbi.nlm.nih.gov/genomes/all/GCA/013/815/355/GCA_013815355.1_ASM1381535v1/GCA_013815355.1_ASM1381535v1_genomic.fna.gz	0ebaa29dd07be1c9e0209fc6a1887547	926287	mackay__GCA_013815355.1.fna.gz
https://ftp.ncbi.nlm.nih.gov/genomes/all/GCA/013/815/385/GCA_013815385.1_ASM1381538v1/GCA_013815385.1_ASM1381538v1_genomic.fna.gz	cf4da78e93f6a8cfa457da37bbbe8e0b	972624	mackay__GCA_013815385.1.fna.gz
https://ftp.ncbi.nlm.nih.gov/genomes/all/GCA/013/815/395/GCA_013815395.1_ASM1381539v1/GCA_013815395.1_ASM1381539v1_genomic.fna.gz	838ac07fb8410d44a1f8ea9cda2af211	815135	mackay__GCA_013815395.1.fna.gz
https://ftp.ncbi.nlm.nih.gov/genomes/all/GCA/013/815/405/GCA_013815405.1_ASM1381540v1/GCA_013815405.1_ASM1381540v1_genomic.fna.gz	76be7d268ee1502255ec5ae7052023d7	794143	mackay__GCA_013815405.1.fna.gz
https://ftp.ncbi.nlm.nih.gov/genomes/all/GCA/013/815/465/GCA_013815465.1_ASM1381546v1/GCA_013815465.1_ASM1381546v1_genomic.fna.gz	8d3052fb4526d009b975521074cc059f	682390	mackay__GCA_013815465.1.fna.gz
https://ftp.ncbi.nlm.nih.gov/genomes/all/GCA/013/815/485/GCA_013815485.1_ASM1381548v1/GCA_013815485.1_ASM1381548v1_genomic.fna.gz	4e1c3d8f5f442c8865527787112ad7b0	756435	mackay__GCA_013815485.1.fna.gz
https://ftp.ncbi.nlm.nih.gov/genomes/all/GCA/013/815/505/GCA_013815505.1_ASM1381550v1/GCA_013815505.1_ASM1381550v1_genomic.fna.gz	297dc427840ecde7d403e21d14408942	734610	mackay__GCA_013815505.1.fna.gz
https://ftp.ncbi.nlm.nih.gov/genomes/all/GCA/013/815/515/GCA_013815515.1_ASM1381551v1/GCA_013815515.1_ASM1381551v1_genomic.fna.gz	5346ab002ecd35c2bea2ecef67122e57	420737	mackay__GCA_013815515.1.fna.gz
https://ftp.ncbi.nlm.nih.gov/genomes/all/GCA/013/815/535/GCA_013815535.1_ASM1381553v1/GCA_013815535.1_ASM1381553v1_genomic.fna.gz	a04e0cddaa8d504d03a4bd9c6b6fb4aa	1473864	mackay__GCA_013815535.1.fna.gz
https://ftp.ncbi.nlm.nih.gov/genomes/all/GCA/013/815/565/GCA_013815565.1_ASM1381556v1/GCA_013815565.1_ASM1381556v1_genomic.fna.gz	ddffd176d9157cc5dbd500fbaa518a25	494100	mackay__GCA_013815565.1.fna.gz
https://ftp.ncbi.nlm.nih.gov/genomes/all/GCA/013/815/575/GCA_013815575.1_ASM1381557v1/GCA_013815575.1_ASM1381557v1_genomic.fna.gz	d2c4c58ab9c427ed80931c7fbdec87fa	794302	mackay__GCA_013815575.1.fna.gz
https://ftp.ncbi.nlm.nih.gov/genomes/all/GCA/013/815/585/GCA_013815585.1_ASM1381558v1/GCA_013815585.1_ASM1381558v1_genomic.fna.gz	50fb046a98d6253643aa6e4d6531993e	746153	mackay__GCA_013815585.1.fna.gz
https://ftp.ncbi.nlm.nih.gov/genomes/all/GCA/013/815/615/GCA_013815615.1_ASM1381561v1/GCA_013815615.1_ASM1381561v1_genomic.fna.gz	f7747d298e8868c2504dccaf7659b7a6	1401671	mackay__GCA_013815615.1.fna.gz
https://ftp.ncbi.nlm.nih.gov/genomes/all/GCA/013/815/635/GCA_013815635.1_ASM1381563v1/GCA_013815635.1_ASM1381563v1_genomic.fna.gz	083baffceead5f94a789784eaec47eb5	1025560	mackay__GCA_013815635.1.fna.gz
https://ftp.ncbi.nlm.nih.gov/genomes/all/GCA/013/815/665/GCA_013815665.1_ASM1381566v1/GCA_013815665.1_ASM1381566v1_genomic.fna.gz	ad233188217e35a1ee2cf98141011f71	822697	mackay__GCA_013815665.1.fna.gz
https://ftp.ncbi.nlm.nih.gov/genomes/all/GCA/013/815/675/GCA_013815675.1_ASM1381567v1/GCA_013815675.1_ASM1381567v1_genomic.fna.gz	3656001c243e0574be1e6b8dbc5c6cf2	774467	mackay__GCA_013815675.1.fna.gz
https://ftp.ncbi.nlm.nih.gov/genomes/all/GCA/013/815/685/GCA_013815685.1_ASM1381568v1/GCA_013815685.1_ASM1381568v1_genomic.fna.gz	02f0659f4cfd270cad9623979f99816e	1215324	mackay__GCA_013815685.1.fna.gz
https://ftp.ncbi.nlm.nih.gov/genomes/all/GCA/013/815/715/GCA_013815715.1_ASM1381571v1/GCA_013815715.1_ASM1381571v1_genomic.fna.gz	6f24f39f3a2806624522cdbfc196d039	766688	mackay__GCA_013815715.1.fna.gz
https://ftp.ncbi.nlm.nih.gov/genomes/all/GCA/013/815/725/GCA_013815725.1_ASM1381572v1/GCA_013815725.1_ASM1381572v1_genomic.fna.gz	78236bf7fae7212cf8fbdc14b0fb2178	967949	mackay__GCA_013815725.1.fna.gz
https://ftp.ncbi.nlm.nih.gov/genomes/all/GCA/013/815/765/GCA_013815765.1_ASM1381576v1/GCA_013815765.1_ASM1381576v1_genomic.fna.gz	83041f0c70a11afcf43050ba4b92a32b	567829	mackay__GCA_013815765.1.fna.gz
https://ftp.ncbi.nlm.nih.gov/genomes/all/GCA/013/815/775/GCA_013815775.1_ASM1381577v1/GCA_013815775.1_ASM1381577v1_genomic.fna.gz	861f2138d41e5843663f63c439dfabcc	226208	mackay__GCA_013815775.1.fna.gz
https://ftp.ncbi.nlm.nih.gov/genomes/all/GCA/013/815/785/GCA_013815785.1_ASM1381578v1/GCA_013815785.1_ASM1381578v1_genomic.fna.gz	7c10e1652e232d1e9d327c1fa3a8bb7e	249100	mackay__GCA_013815785.1.fna.gz
https://ftp.ncbi.nlm.nih.gov/genomes/all/GCA/013/815/795/GCA_013815795.1_ASM1381579v1/GCA_013815795.1_ASM1381579v1_genomic.fna.gz	caac885a04587068b51697365caed004	495025	mackay__GCA_013815795.1.fna.gz
https://ftp.ncbi.nlm.nih.gov/genomes/all/GCA/013/815/805/GCA_013815805.1_ASM1381580v1/GCA_013815805.1_ASM1381580v1_genomic.fna.gz	14651cfdba5d981917745de46693dfc8	793981	mackay__GCA_013815805.1.fna.gz
https://ftp.ncbi.nlm.nih.gov/genomes/all/GCA/013/815/875/GCA_013815875.1_ASM1381587v1/GCA_013815875.1_ASM1381587v1_genomic.fna.gz	8086c8ef4783edefb5b9337fdd693f31	487714	mackay__GCA_013815875.1.fna.gz
https://ftp.ncbi.nlm.nih.gov/genomes/all/GCA/013/815/885/GCA_013815885.1_ASM1381588v1/GCA_013815885.1_ASM1381588v1_genomic.fna.gz	8d58a82ead782e0ffc0aa1fe6aab3c7f	369331	mackay__GCA_013815885.1.fna.gz
https://ftp.ncbi.nlm.nih.gov/genomes/all/GCA/013/815/905/GCA_013815905.1_ASM1381590v1/GCA_013815905.1_ASM1381590v1_genomic.fna.gz	f9780bc885634e75a8fb229a0e6f71ca	620708	mackay__GCA_013815905.1.fna.gz
https://ftp.ncbi.nlm.nih.gov/genomes/all/GCA/013/815/915/GCA_013815915.1_ASM1381591v1/GCA_013815915.1_ASM1381591v1_genomic.fna.gz	a948423a5bd1524bd9e0fbc0c04780c9	746788	mackay__GCA_013815915.1.fna.gz
https://ftp.ncbi.nlm.nih.gov/genomes/all/GCA/013/815/965/GCA_013815965.1_ASM1381596v1/GCA_013815965.1_ASM1381596v1_genomic.fna.gz	04be910ddd44c8f057a8bdf355103142	594089	mackay__GCA_013815965.1.fna.gz
https://ftp.ncbi.nlm.nih.gov/genomes/all/GCA/013/815/985/GCA_013815985.1_ASM1381598v1/GCA_013815985.1_ASM1381598v1_genomic.fna.gz	4f47632c2828d1a5e5c880e23f86834f	1032445	mackay__GCA_013815985.1.fna.gz
https://ftp.ncbi.nlm.nih.gov/genomes/all/GCA/013/816/005/GCA_013816005.1_ASM1381600v1/GCA_013816005.1_ASM1381600v1_genomic.fna.gz	1120a5c9780d0db5aa63bd9531dd44a0	674666	mackay__GCA_013816005.1.fna.gz
https://ftp.ncbi.nlm.nih.gov/genomes/all/GCA/013/816/015/GCA_013816015.1_ASM1381601v1/GCA_013816015.1_ASM1381601v1_genomic.fna.gz	5476731a7ae0fbf126bbd3127b672d6a	464887	mackay__GCA_013816015.1.fna.gz
https://ftp.ncbi.nlm.nih.gov/genomes/all/GCA/013/816/075/GCA_013816075.1_ASM1381607v1/GCA_013816075.1_ASM1381607v1_genomic.fna.gz	d5b87cff5017731ad3747d9b0f65bf3f	847080	mackay__GCA_013816075.1.fna.gz
https://ftp.ncbi.nlm.nih.gov/genomes/all/GCA/013/816/105/GCA_013816105.1_ASM1381610v1/GCA_013816105.1_ASM1381610v1_genomic.fna.gz	7618584e1b9bcdfe3c37392b3c45228a	425481	mackay__GCA_013816105.1.fna.gz
https://ftp.ncbi.nlm.nih.gov/genomes/all/GCA/013/816/115/GCA_013816115.1_ASM1381611v1/GCA_013816115.1_ASM1381611v1_genomic.fna.gz	dfd4b5c454224667d2f9b80f9e85d40b	535268	mackay__GCA_013816115.1.fna.gz
https://ftp.ncbi.nlm.nih.gov/genomes/all/GCA/013/816/125/GCA_013816125.1_ASM1381612v1/GCA_013816125.1_ASM1381612v1_genomic.fna.gz	0a3fb9780e650477bbf8f7deaa5c6932	526400	mackay__GCA_013816125.1.fna.gz
https://ftp.ncbi.nlm.nih.gov/genomes/all/GCA/013/816/135/GCA_013816135.1_ASM1381613v1/GCA_013816135.1_ASM1381613v1_genomic.fna.gz	a862fcea7c051841364c17d0282fb820	237447	mackay__GCA_013816135.1.fna.gz
https://ftp.ncbi.nlm.nih.gov/genomes/all/GCA/013/816/185/GCA_013816185.1_ASM1381618v1/GCA_013816185.1_ASM1381618v1_genomic.fna.gz	59622f65feccff96499f42e4beb334e9	394669	mackay__GCA_013816185.1.fna.gz
https://ftp.ncbi.nlm.nih.gov/genomes/all/GCA/013/816/225/GCA_013816225.1_ASM1381622v1/GCA_013816225.1_ASM1381622v1_genomic.fna.gz	b35930dc30e566997787cf02c4c18bea	815112	mackay__GCA_013816225.1.fna.gz
https://ftp.ncbi.nlm.nih.gov/genomes/all/GCA/013/816/245/GCA_013816245.1_ASM1381624v1/GCA_013816245.1_ASM1381624v1_genomic.fna.gz	a42ffcc7f3af4ce836850d4717b26b20	920263	mackay__GCA_013816245.1.fna.gz
https://ftp.ncbi.nlm.nih.gov/genomes/all/GCA/013/816/255/GCA_013816255.1_ASM1381625v1/GCA_013816255.1_ASM1381625v1_genomic.fna.gz	0a60b6195c685e57f50f68f9ca3bbb11	470268	mackay__GCA_013816255.1.fna.gz
https://ftp.ncbi.nlm.nih.gov/genomes/all/GCA/013/816/265/GCA_013816265.1_ASM1381626v1/GCA_013816265.1_ASM1381626v1_genomic.fna.gz	38585c3ddb2f2259254619873253c2eb	979085	mackay__GCA_013816265.1.fna.gz
https://ftp.ncbi.nlm.nih.gov/genomes/all/GCA/013/816/275/GCA_013816275.1_ASM1381627v1/GCA_013816275.1_ASM1381627v1_genomic.fna.gz	bff0d13ced2be2cde719d0f837a5a78e	518458	mackay__GCA_013816275.1.fna.gz
https://ftp.ncbi.nlm.nih.gov/genomes/all/GCA/013/816/325/GCA_013816325.1_ASM1381632v1/GCA_013816325.1_ASM1381632v1_genomic.fna.gz	09be74fca7e05b7bf242492f0a7bf42e	638646	mackay__GCA_013816325.1.fna.gz
https://ftp.ncbi.nlm.nih.gov/genomes/all/GCA/013/816/365/GCA_013816365.1_ASM1381636v1/GCA_013816365.1_ASM1381636v1_genomic.fna.gz	5fbc1a0b3897739854eb3d34175db74e	521815	mackay__GCA_013816365.1.fna.gz
https://ftp.ncbi.nlm.nih.gov/genomes/all/GCA/013/816/375/GCA_013816375.1_ASM1381637v1/GCA_013816375.1_ASM1381637v1_genomic.fna.gz	e8ff4d279765d91fe39ed3c903eb7163	892926	mackay__GCA_013816375.1.fna.gz
https://ftp.ncbi.nlm.nih.gov/genomes/all/GCA/013/816/405/GCA_013816405.1_ASM1381640v1/GCA_013816405.1_ASM1381640v1_genomic.fna.gz	1e4b0280577ec5651103225ae323965b	727170	mackay__GCA_013816405.1.fna.gz
https://ftp.ncbi.nlm.nih.gov/genomes/all/GCA/013/816/415/GCA_013816415.1_ASM1381641v1/GCA_013816415.1_ASM1381641v1_genomic.fna.gz	e3c7d3b6f1688dbb6304a129948cc06d	1157247	mackay__GCA_013816415.1.fna.gz
https://ftp.ncbi.nlm.nih.gov/genomes/all/GCA/013/816/445/GCA_013816445.1_ASM1381644v1/GCA_013816445.1_ASM1381644v1_genomic.fna.gz	f00bf56fadd28fb2b9032956cf563da2	264312	mackay__GCA_013816445.1.fna.gz
https://ftp.ncbi.nlm.nih.gov/genomes/all/GCA/013/816/455/GCA_013816455.1_ASM1381645v1/GCA_013816455.1_ASM1381645v1_genomic.fna.gz	94cc1b62e82011094a2bd1096a2fcb4c	849736	mackay__GCA_013816455.1.fna.gz
https://ftp.ncbi.nlm.nih.gov/genomes/all/GCA/013/816/485/GCA_013816485.1_ASM1381648v1/GCA_013816485.1_ASM1381648v1_genomic.fna.gz	c74c4142c3a0742ebed26115dad67c46	1518612	mackay__GCA_013816485.1.fna.gz
https://ftp.ncbi.nlm.nih.gov/genomes/all/GCA/013/816/505/GCA_013816505.1_ASM1381650v1/GCA_013816505.1_ASM1381650v1_genomic.fna.gz	95bd7e8c5e2b7cc3c089457995cffe9b	1916494	mackay__GCA_013816505.1.fna.gz
https://ftp.ncbi.nlm.nih.gov/genomes/all/GCA/013/816/525/GCA_013816525.1_ASM1381652v1/GCA_013816525.1_ASM1381652v1_genomic.fna.gz	5a121c57e5cd14c1bbeec5a2ff478684	875253	mackay__GCA_013816525.1.fna.gz
https://ftp.ncbi.nlm.nih.gov/genomes/all/GCA/013/816/565/GCA_013816565.1_ASM1381656v1/GCA_013816565.1_ASM1381656v1_genomic.fna.gz	bea5d8370f80b1693342a8949c860776	696166	mackay__GCA_013816565.1.fna.gz
https://ftp.ncbi.nlm.nih.gov/genomes/all/GCA/013/816/585/GCA_013816585.1_ASM1381658v1/GCA_013816585.1_ASM1381658v1_genomic.fna.gz	a0683c05e8720036b650ec93232a311d	836368	mackay__GCA_013816585.1.fna.gz
https://ftp.ncbi.nlm.nih.gov/genomes/all/GCA/013/816/595/GCA_013816595.1_ASM1381659v1/GCA_013816595.1_ASM1381659v1_genomic.fna.gz	b2c87eb69d2cf7558614f70a114b2b65	563129	mackay__GCA_013816595.1.fna.gz
https://ftp.ncbi.nlm.nih.gov/genomes/all/GCA/013/816/615/GCA_013816615.1_ASM1381661v1/GCA_013816615.1_ASM1381661v1_genomic.fna.gz	b1e5f2ce9f6f0ef2850de87aa98a52f3	1385552	mackay__GCA_013816615.1.fna.gz
https://ftp.ncbi.nlm.nih.gov/genomes/all/GCA/013/816/645/GCA_013816645.1_ASM1381664v1/GCA_013816645.1_ASM1381664v1_genomic.fna.gz	30bd8a8978f8554c4e943b1e6db8768b	1120857	mackay__GCA_013816645.1.fna.gz
https://ftp.ncbi.nlm.nih.gov/genomes/all/GCA/013/816/685/GCA_013816685.1_ASM1381668v1/GCA_013816685.1_ASM1381668v1_genomic.fna.gz	83131a300ea66f2d2434bafdbec43e48	591621	mackay__GCA_013816685.1.fna.gz
https://ftp.ncbi.nlm.nih.gov/genomes/all/GCA/013/816/695/GCA_013816695.1_ASM1381669v1/GCA_013816695.1_ASM1381669v1_genomic.fna.gz	e9888172bd3091825ee2a0e79af83fb2	662553	mackay__GCA_013816695.1.fna.gz
https://ftp.ncbi.nlm.nih.gov/genomes/all/GCA/013/816/705/GCA_013816705.1_ASM1381670v1/GCA_013816705.1_ASM1381670v1_genomic.fna.gz	42ee35796de897aa85234978b54ac576	840955	mackay__GCA_013816705.1.fna.gz
https://ftp.ncbi.nlm.nih.gov/genomes/all/GCA/013/816/725/GCA_013816725.1_ASM1381672v1/GCA_013816725.1_ASM1381672v1_genomic.fna.gz	a49c638be7ac19f16f20d55fc6288b08	821159	mackay__GCA_013816725.1.fna.gz
https://ftp.ncbi.nlm.nih.gov/genomes/all/GCA/013/816/765/GCA_013816765.1_ASM1381676v1/GCA_013816765.1_ASM1381676v1_genomic.fna.gz	eb1dbad34df444e0765c70cbf35b9be8	737556	mackay__GCA_013816765.1.fna.gz
https://ftp.ncbi.nlm.nih.gov/genomes/all/GCA/013/816/805/GCA_013816805.1_ASM1381680v1/GCA_013816805.1_ASM1381680v1_genomic.fna.gz	302075e92cef8edfce022475dedc1ee6	1063380	mackay__GCA_013816805.1.fna.gz
https://ftp.ncbi.nlm.nih.gov/genomes/all/GCA/013/816/845/GCA_013816845.1_ASM1381684v1/GCA_013816845.1_ASM1381684v1_genomic.fna.gz	36007e3ef83839d32aadee7b5bc7902d	834871	mackay__GCA_013816845.1.fna.gz
https://ftp.ncbi.nlm.nih.gov/genomes/all/GCA/013/816/855/GCA_013816855.1_ASM1381685v1/GCA_013816855.1_ASM1381685v1_genomic.fna.gz	f84f6de9d3e8242531902a23e3317853	739174	mackay__GCA_013816855.1.fna.gz
https://ftp.ncbi.nlm.nih.gov/genomes/all/GCA/013/816/885/GCA_013816885.1_ASM1381688v1/GCA_013816885.1_ASM1381688v1_genomic.fna.gz	e4ec9895930a91b2631ab89fb41e0482	531772	mackay__GCA_013816885.1.fna.gz
https://ftp.ncbi.nlm.nih.gov/genomes/all/GCA/013/816/895/GCA_013816895.1_ASM1381689v1/GCA_013816895.1_ASM1381689v1_genomic.fna.gz	b9ff6741fe2335643838864a2bcd567c	1229497	mackay__GCA_013816895.1.fna.gz
https://ftp.ncbi.nlm.nih.gov/genomes/all/GCA/013/816/925/GCA_013816925.1_ASM1381692v1/GCA_013816925.1_ASM1381692v1_genomic.fna.gz	bfae39b926275d5a15e0c38625d2b752	632129	mackay__GCA_013816925.1.fna.gz
https://ftp.ncbi.nlm.nih.gov/genomes/all/GCA/013/816/955/GCA_013816955.1_ASM1381695v1/GCA_013816955.1_ASM1381695v1_genomic.fna.gz	4908e43faf4f2582413eed953fb2fe2e	837281	mackay__GCA_013816955.1.fna.gz
https://ftp.ncbi.nlm.nih.gov/genomes/all/GCA/013/816/965/GCA_013816965.1_ASM1381696v1/GCA_013816965.1_ASM1381696v1_genomic.fna.gz	1baf81ba070c8ebf126becf80c23d3a0	1092041	mackay__GCA_013816965.1.fna.gz
https://ftp.ncbi.nlm.nih.gov/genomes/all/GCA/013/817/005/GCA_013817005.1_ASM1381700v1/GCA_013817005.1_ASM1381700v1_genomic.fna.gz	5647d08ca162e7c2a40b86fba9309817	713641	mackay__GCA_013817005.1.fna.gz
https://ftp.ncbi.nlm.nih.gov/genomes/all/GCA/013/817/025/GCA_013817025.1_ASM1381702v1/GCA_013817025.1_ASM1381702v1_genomic.fna.gz	a17ff1daa0a8bd1109e38b8b3eabaca2	394401	mackay__GCA_013817025.1.fna.gz
https://ftp.ncbi.nlm.nih.gov/genomes/all/GCA/013/817/045/GCA_013817045.1_ASM1381704v1/GCA_013817045.1_ASM1381704v1_genomic.fna.gz	975ac137b0e8ddf3ee49af39c88b859f	902559	mackay__GCA_013817045.1.fna.gz
https://ftp.ncbi.nlm.nih.gov/genomes/all/GCA/013/817/065/GCA_013817065.1_ASM1381706v1/GCA_013817065.1_ASM1381706v1_genomic.fna.gz	5148b81289ced204d4b6d3c0e026a521	1495371	mackay__GCA_013817065.1.fna.gz
https://ftp.ncbi.nlm.nih.gov/genomes/all/GCA/013/817/085/GCA_013817085.1_ASM1381708v1/GCA_013817085.1_ASM1381708v1_genomic.fna.gz	9b2ceb12e1d48952e3f5b1be86f8b086	926753	mackay__GCA_013817085.1.fna.gz
https://ftp.ncbi.nlm.nih.gov/genomes/all/GCA/013/817/115/GCA_013817115.1_ASM1381711v1/GCA_013817115.1_ASM1381711v1_genomic.fna.gz	6e6e9054411eea2c82c71bf011855d35	862334	mackay__GCA_013817115.1.fna.gz
https://ftp.ncbi.nlm.nih.gov/genomes/all/GCA/013/817/125/GCA_013817125.1_ASM1381712v1/GCA_013817125.1_ASM1381712v1_genomic.fna.gz	8630a95e2581a3c7cbc22d5c4b732f68	588190	mackay__GCA_013817125.1.fna.gz
https://ftp.ncbi.nlm.nih.gov/genomes/all/GCA/013/817/135/GCA_013817135.1_ASM1381713v1/GCA_013817135.1_ASM1381713v1_genomic.fna.gz	dd7a2de720c8472743d917ee490f5d30	994169	mackay__GCA_013817135.1.fna.gz
https://ftp.ncbi.nlm.nih.gov/genomes/all/GCA/013/817/175/GCA_013817175.1_ASM1381717v1/GCA_013817175.1_ASM1381717v1_genomic.fna.gz	d846881a8a1b360b3f51cee9453e892a	874973	mackay__GCA_013817175.1.fna.gz
https://ftp.ncbi.nlm.nih.gov/genomes/all/GCA/013/817/225/GCA_013817225.1_ASM1381722v1/GCA_013817225.1_ASM1381722v1_genomic.fna.gz	ab7d7a00bc23f80fd312008e41cc6287	661465	mackay__GCA_013817225.1.fna.gz
https://ftp.ncbi.nlm.nih.gov/genomes/all/GCA/013/817/235/GCA_013817235.1_ASM1381723v1/GCA_013817235.1_ASM1381723v1_genomic.fna.gz	a8d1c9c40f292992bca17041f537a49b	662298	mackay__GCA_013817235.1.fna.gz
https://ftp.ncbi.nlm.nih.gov/genomes/all/GCA/013/817/245/GCA_013817245.1_ASM1381724v1/GCA_013817245.1_ASM1381724v1_genomic.fna.gz	46a48809f080385549dfd75851e838be	675904	mackay__GCA_013817245.1.fna.gz
https://ftp.ncbi.nlm.nih.gov/genomes/all/GCA/013/817/265/GCA_013817265.1_ASM1381726v1/GCA_013817265.1_ASM1381726v1_genomic.fna.gz	7130c06ab7458a6232dfe90d2cae077f	799704	mackay__GCA_013817265.1.fna.gz
https://ftp.ncbi.nlm.nih.gov/genomes/all/GCA/013/817/305/GCA_013817305.1_ASM1381730v1/GCA_013817305.1_ASM1381730v1_genomic.fna.gz	1c41ec51238ac387259e6824b4b98b26	756445	mackay__GCA_013817305.1.fna.gz
https://ftp.ncbi.nlm.nih.gov/genomes/all/GCA/013/817/355/GCA_013817355.1_ASM1381735v1/GCA_013817355.1_ASM1381735v1_genomic.fna.gz	b51ec75070f49a9a19834ff91770c62b	510430	mackay__GCA_013817355.1.fna.gz
https://ftp.ncbi.nlm.nih.gov/genomes/all/GCA/013/817/375/GCA_013817375.1_ASM1381737v1/GCA_013817375.1_ASM1381737v1_genomic.fna.gz	287955c3f5116ca2e5f101a188cb68c8	659234	mackay__GCA_013817375.1.fna.gz
https://ftp.ncbi.nlm.nih.gov/genomes/all/GCA/013/817/425/GCA_013817425.1_ASM1381742v1/GCA_013817425.1_ASM1381742v1_genomic.fna.gz	70208fa8295b2ec7528be791c9c25d7c	350870	mackay__GCA_013817425.1.fna.gz
https://ftp.ncbi.nlm.nih.gov/genomes/all/GCA/013/817/435/GCA_013817435.1_ASM1381743v1/GCA_013817435.1_ASM1381743v1_genomic.fna.gz	3be07daaa78d9e0776b96760ce36c917	652444	mackay__GCA_013817435.1.fna.gz
https://ftp.ncbi.nlm.nih.gov/genomes/all/GCA/013/817/455/GCA_013817455.1_ASM1381745v1/GCA_013817455.1_ASM1381745v1_genomic.fna.gz	c7a4f0b03d71225cdf972012e075d2e7	781723	mackay__GCA_013817455.1.fna.gz
https://ftp.ncbi.nlm.nih.gov/genomes/all/GCA/013/817/465/GCA_013817465.1_ASM1381746v1/GCA_013817465.1_ASM1381746v1_genomic.fna.gz	2b33e2d6616f85fa9849e77fd8fd7f9b	839139	mackay__GCA_013817465.1.fna.gz
https://ftp.ncbi.nlm.nih.gov/genomes/all/GCA/013/817/485/GCA_013817485.1_ASM1381748v1/GCA_013817485.1_ASM1381748v1_genomic.fna.gz	f0f8b4af54da624c94f53e966bbdda82	904879	mackay__GCA_013817485.1.fna.gz
https://ftp.ncbi.nlm.nih.gov/genomes/all/GCA/013/817/545/GCA_013817545.1_ASM1381754v1/GCA_013817545.1_ASM1381754v1_genomic.fna.gz	d3476fea33be040b1191af4bac9cb042	1333317	mackay__GCA_013817545.1.fna.gz
https://ftp.ncbi.nlm.nih.gov/genomes/all/GCA/013/817/555/GCA_013817555.1_ASM1381755v1/GCA_013817555.1_ASM1381755v1_genomic.fna.gz	a70af011348b1edc15c093047af9b02c	658953	mackay__GCA_013817555.1.fna.gz
https://ftp.ncbi.nlm.nih.gov/genomes/all/GCA/013/817/565/GCA_013817565.1_ASM1381756v1/GCA_013817565.1_ASM1381756v1_genomic.fna.gz	7f2444cdcbdb2fd0dbb01047014744ea	177849	mackay__GCA_013817565.1.fna.gz
https://ftp.ncbi.nlm.nih.gov/genomes/all/GCA/013/817/595/GCA_013817595.1_ASM1381759v1/GCA_013817595.1_ASM1381759v1_genomic.fna.gz	4951417de1e5d5d5bc6873ec82dfb485	891774	mackay__GCA_013817595.1.fna.gz
https://ftp.ncbi.nlm.nih.gov/genomes/all/GCA/013/817/605/GCA_013817605.1_ASM1381760v1/GCA_013817605.1_ASM1381760v1_genomic.fna.gz	4e93dbce06e2635780b4ef4cc99a9225	1040421	mackay__GCA_013817605.1.fna.gz
https://ftp.ncbi.nlm.nih.gov/genomes/all/GCA/013/817/655/GCA_013817655.1_ASM1381765v1/GCA_013817655.1_ASM1381765v1_genomic.fna.gz	a908a802b9a9f1a3c8d6994125d93070	521836	mackay__GCA_013817655.1.fna.gz
https://ftp.ncbi.nlm.nih.gov/genomes/all/GCA/013/820/745/GCA_013820745.1_ASM1382074v1/GCA_013820745.1_ASM1382074v1_genomic.fna.gz	ae8ee68790db4919eee606a5f1b34ab8	1361606	mackay__GCA_013820745.1.fna.gz
https://ftp.ncbi.nlm.nih.gov/genomes/all/GCA/013/820/755/GCA_013820755.1_ASM1382075v1/GCA_013820755.1_ASM1382075v1_genomic.fna.gz	b151b061518eb1ba289473f2bd0238ef	908879	mackay__GCA_013820755.1.fna.gz
https://ftp.ncbi.nlm.nih.gov/genomes/all/GCA/013/820/785/GCA_013820785.1_ASM1382078v1/GCA_013820785.1_ASM1382078v1_genomic.fna.gz	4250a3e42e0097b2de6848b5f67c43ca	617891	mackay__GCA_013820785.1.fna.gz
https://ftp.ncbi.nlm.nih.gov/genomes/all/GCA/013/820/825/GCA_013820825.1_ASM1382082v1/GCA_013820825.1_ASM1382082v1_genomic.fna.gz	4c8eb11a4fce77f9e95af46c9a4e49aa	785620	mackay__GCA_013820825.1.fna.gz
https://ftp.ncbi.nlm.nih.gov/genomes/all/GCA/013/820/855/GCA_013820855.1_ASM1382085v1/GCA_013820855.1_ASM1382085v1_genomic.fna.gz	7dc8fd599f25f0bb8ba0928ab4522b12	1010639	mackay__GCA_013820855.1.fna.gz
https://ftp.ncbi.nlm.nih.gov/genomes/all/GCA/013/820/865/GCA_013820865.1_ASM1382086v1/GCA_013820865.1_ASM1382086v1_genomic.fna.gz	5ff9edcdd64096ba5d5cbfa71aa1abc3	615778	mackay__GCA_013820865.1.fna.gz
https://ftp.ncbi.nlm.nih.gov/genomes/all/GCA/013/820/875/GCA_013820875.1_ASM1382087v1/GCA_013820875.1_ASM1382087v1_genomic.fna.gz	08301230348db3fe30713df0efae746e	1712831	mackay__GCA_013820875.1.fna.gz
https://ftp.ncbi.nlm.nih.gov/genomes/all/GCA/013/820/885/GCA_013820885.1_ASM1382088v1/GCA_013820885.1_ASM1382088v1_genomic.fna.gz	74d81d9857e9119dd61a71b55f9c01ab	1429737	mackay__GCA_013820885.1.fna.gz
https://ftp.ncbi.nlm.nih.gov/genomes/all/GCA/013/820/915/GCA_013820915.1_ASM1382091v1/GCA_013820915.1_ASM1382091v1_genomic.fna.gz	fbd26c09fa87a926c03b8de84ba5c3e8	1415978	mackay__GCA_013820915.1.fna.gz
https://ftp.ncbi.nlm.nih.gov/genomes/all/GCA/013/820/965/GCA_013820965.1_ASM1382096v1/GCA_013820965.1_ASM1382096v1_genomic.fna.gz	29ce660a2c18188a12b9a79538974536	713137	mackay__GCA_013820965.1.fna.gz
https://ftp.ncbi.nlm.nih.gov/genomes/all/GCA/013/820/975/GCA_013820975.1_ASM1382097v1/GCA_013820975.1_ASM1382097v1_genomic.fna.gz	bc67813f00d75525691254f6be9f2511	924473	mackay__GCA_013820975.1.fna.gz
https://ftp.ncbi.nlm.nih.gov/genomes/all/GCA/013/820/985/GCA_013820985.1_ASM1382098v1/GCA_013820985.1_ASM1382098v1_genomic.fna.gz	94af182b4a4bd402ecf1824e141742be	1105432	mackay__GCA_013820985.1.fna.gz
https://ftp.ncbi.nlm.nih.gov/genomes/all/GCA/013/821/005/GCA_013821005.1_ASM1382100v1/GCA_013821005.1_ASM1382100v1_genomic.fna.gz	22ada8c5370ce9d56896a4ae17bc6fb9	407508	mackay__GCA_013821005.1.fna.gz
https://ftp.ncbi.nlm.nih.gov/genomes/all/GCA/013/821/025/GCA_013821025.1_ASM1382102v1/GCA_013821025.1_ASM1382102v1_genomic.fna.gz	d633b96aee85063e5758c6370605ce81	826199	mackay__GCA_013821025.1.fna.gz
https://ftp.ncbi.nlm.nih.gov/genomes/all/GCA/013/821/085/GCA_013821085.1_ASM1382108v1/GCA_013821085.1_ASM1382108v1_genomic.fna.gz	284e7188acafd7e67a9c590e055c597a	420493	mackay__GCA_013821085.1.fna.gz
https://ftp.ncbi.nlm.nih.gov/genomes/all/GCA/013/821/095/GCA_013821095.1_ASM1382109v1/GCA_013821095.1_ASM1382109v1_genomic.fna.gz	08efb04ef21182a91e999d7b198f9604	897337	mackay__GCA_013821095.1.fna.gz
https://ftp.ncbi.nlm.nih.gov/genomes/all/GCA/013/821/115/GCA_013821115.1_ASM1382111v1/GCA_013821115.1_ASM1382111v1_genomic.fna.gz	94ebad6dc7524db8459835eba90b6630	527424	mackay__GCA_013821115.1.fna.gz
https://ftp.ncbi.nlm.nih.gov/genomes/all/GCA/013/821/125/GCA_013821125.1_ASM1382112v1/GCA_013821125.1_ASM1382112v1_genomic.fna.gz	1935437367a0b15da21583fa0825846b	540839	mackay__GCA_013821125.1.fna.gz
https://ftp.ncbi.nlm.nih.gov/genomes/all/GCA/013/821/145/GCA_013821145.1_ASM1382114v1/GCA_013821145.1_ASM1382114v1_genomic.fna.gz	b4a05d82ee552882fdfaf6b9a9e66e24	475300	mackay__GCA_013821145.1.fna.gz
https://ftp.ncbi.nlm.nih.gov/genomes/all/GCA/013/821/195/GCA_013821195.1_ASM1382119v1/GCA_013821195.1_ASM1382119v1_genomic.fna.gz	e4c3fe840f45210d2f84cf7ac2aeca34	713473	mackay__GCA_013821195.1.fna.gz
https://ftp.ncbi.nlm.nih.gov/genomes/all/GCA/013/821/205/GCA_013821205.1_ASM1382120v1/GCA_013821205.1_ASM1382120v1_genomic.fna.gz	95cbde61bcc5c62c28f4492afb2fe2a3	456198	mackay__GCA_013821205.1.fna.gz
https://ftp.ncbi.nlm.nih.gov/genomes/all/GCA/013/821/245/GCA_013821245.1_ASM1382124v1/GCA_013821245.1_ASM1382124v1_genomic.fna.gz	c28f886f61cc8d3c2a228045d55045a4	680473	mackay__GCA_013821245.1.fna.gz
https://ftp.ncbi.nlm.nih.gov/genomes/all/GCA/013/821/255/GCA_013821255.1_ASM1382125v1/GCA_013821255.1_ASM1382125v1_genomic.fna.gz	652c2d0defec43db2e82cdd3699c7d42	549413	mackay__GCA_013821255.1.fna.gz
https://ftp.ncbi.nlm.nih.gov/genomes/all/GCA/013/821/265/GCA_013821265.1_ASM1382126v1/GCA_013821265.1_ASM1382126v1_genomic.fna.gz	e42fb2961e057627b106a6533a4b3723	757452	mackay__GCA_013821265.1.fna.gz
https://ftp.ncbi.nlm.nih.gov/genomes/all/GCA/013/821/305/GCA_013821305.1_ASM1382130v1/GCA_013821305.1_ASM1382130v1_genomic.fna.gz	1f9b6bc04a4614cd600af5eda1f40f40	1049068	mackay__GCA_013821305.1.fna.gz
https://ftp.ncbi.nlm.nih.gov/genomes/all/GCA/013/821/315/GCA_013821315.1_ASM1382131v1/GCA_013821315.1_ASM1382131v1_genomic.fna.gz	6522d0ba90ed2c3cad4ab6e6da27bfe7	425884	mackay__GCA_013821315.1.fna.gz
https://ftp.ncbi.nlm.nih.gov/genomes/all/GCA/013/821/325/GCA_013821325.1_ASM1382132v1/GCA_013821325.1_ASM1382132v1_genomic.fna.gz	76b03eb61904be7b1a08d1cc9f1e0709	598891	mackay__GCA_013821325.1.fna.gz
https://ftp.ncbi.nlm.nih.gov/genomes/all/GCA/013/821/365/GCA_013821365.1_ASM1382136v1/GCA_013821365.1_ASM1382136v1_genomic.fna.gz	8b543e839c38e2aea819343a510a4aa2	960979	mackay__GCA_013821365.1.fna.gz
https://ftp.ncbi.nlm.nih.gov/genomes/all/GCA/013/821/375/GCA_013821375.1_ASM1382137v1/GCA_013821375.1_ASM1382137v1_genomic.fna.gz	7cae6fc235bd0c40440a07015e2c6449	1259178	mackay__GCA_013821375.1.fna.gz
https://ftp.ncbi.nlm.nih.gov/genomes/all/GCA/013/821/425/GCA_013821425.1_ASM1382142v1/GCA_013821425.1_ASM1382142v1_genomic.fna.gz	0ddba095e3bc8c2b10412d09213e5840	947404	mackay__GCA_013821425.1.fna.gz
https://ftp.ncbi.nlm.nih.gov/genomes/all/GCA/013/821/445/GCA_013821445.1_ASM1382144v1/GCA_013821445.1_ASM1382144v1_genomic.fna.gz	f289d8e90331da02963b4de301377c37	860217	mackay__GCA_013821445.1.fna.gz
https://ftp.ncbi.nlm.nih.gov/genomes/all/GCA/013/821/455/GCA_013821455.1_ASM1382145v1/GCA_013821455.1_ASM1382145v1_genomic.fna.gz	d03dc4467e94a233c90da1c7c37d93c4	1283515	mackay__GCA_013821455.1.fna.gz
https://ftp.ncbi.nlm.nih.gov/genomes/all/GCA/013/821/465/GCA_013821465.1_ASM1382146v1/GCA_013821465.1_ASM1382146v1_genomic.fna.gz	7d50a65586570d722f07cd90c7f9d11f	509398	mackay__GCA_013821465.1.fna.gz
https://ftp.ncbi.nlm.nih.gov/genomes/all/GCA/013/821/475/GCA_013821475.1_ASM1382147v1/GCA_013821475.1_ASM1382147v1_genomic.fna.gz	a5248b73d61a9eb994b4a62f208cf579	782315	mackay__GCA_013821475.1.fna.gz
https://ftp.ncbi.nlm.nih.gov/genomes/all/GCA/013/821/525/GCA_013821525.1_ASM1382152v1/GCA_013821525.1_ASM1382152v1_genomic.fna.gz	c4ace63a1016fe80b4f83b6b00e42f3f	1059094	mackay__GCA_013821525.1.fna.gz
https://ftp.ncbi.nlm.nih.gov/genomes/all/GCA/013/821/565/GCA_013821565.1_ASM1382156v1/GCA_013821565.1_ASM1382156v1_genomic.fna.gz	1d8ce9848e0315674a06f8808fde9a58	828998	mackay__GCA_013821565.1.fna.gz
https://ftp.ncbi.nlm.nih.gov/genomes/all/GCA/013/821/585/GCA_013821585.1_ASM1382158v1/GCA_013821585.1_ASM1382158v1_genomic.fna.gz	a04bbe5ad59a44ef0aadcf7358135dcf	825575	mackay__GCA_013821585.1.fna.gz
https://ftp.ncbi.nlm.nih.gov/genomes/all/GCA/013/821/605/GCA_013821605.1_ASM1382160v1/GCA_013821605.1_ASM1382160v1_genomic.fna.gz	4b8902491ec568d9cd9e4a4021ca5a8c	1778751	mackay__GCA_013821605.1.fna.gz
https://ftp.ncbi.nlm.nih.gov/genomes/all/GCA/013/821/615/GCA_013821615.1_ASM1382161v1/GCA_013821615.1_ASM1382161v1_genomic.fna.gz	b159a9ff0610d0eaadb1a2d5fcdac861	1245837	mackay__GCA_013821615.1.fna.gz
https://ftp.ncbi.nlm.nih.gov/genomes/all/GCA/013/821/625/GCA_013821625.1_ASM1382162v1/GCA_013821625.1_ASM1382162v1_genomic.fna.gz	2f94e5712e5f3a546522b65ab32a8988	1346148	mackay__GCA_013821625.1.fna.gz
https://ftp.ncbi.nlm.nih.gov/genomes/all/GCA/013/821/665/GCA_013821665.1_ASM1382166v1/GCA_013821665.1_ASM1382166v1_genomic.fna.gz	73659632b375a29b7cebbfba652dbf23	2467076	mackay__GCA_013821665.1.fna.gz
https://ftp.ncbi.nlm.nih.gov/genomes/all/GCA/013/821/685/GCA_013821685.1_ASM1382168v1/GCA_013821685.1_ASM1382168v1_genomic.fna.gz	b3f1dfd00795918b29852a842d1c280c	1463795	mackay__GCA_013821685.1.fna.gz
https://ftp.ncbi.nlm.nih.gov/genomes/all/GCA/013/697/775/GCA_013697775.1_ASM1369777v1/GCA_013697775.1_ASM1369777v1_genomic.fna.gz	4a05328f6840b297975b3c0c61e24422	1387502	mackay__GCF_013697775.1.fna.gz
https://ftp.ncbi.nlm.nih.gov/genomes/all/GCA/013/812/825/GCA_013812825.1_ASM1381282v1/GCA_013812825.1_ASM1381282v1_genomic.fna.gz	dc813944c5677a2e94a81c1e339a6782	711010	mackay__GCF_013812825.1.fna.gz
https://ftp.ncbi.nlm.nih.gov/genomes/all/GCA/013/812/955/GCA_013812955.1_ASM1381295v1/GCA_013812955.1_ASM1381295v1_genomic.fna.gz	2865420bf49231a41c0abf1d8c401ba2	1863437	mackay__GCF_013812955.1.fna.gz
https://ftp.ncbi.nlm.nih.gov/genomes/all/GCA/013/815/995/GCA_013815995.1_ASM1381599v1/GCA_013815995.1_ASM1381599v1_genomic.fna.gz	90146e07bdebab2626584ef57e586175	1288478	mackay__GCF_013815995.1.fna.gz
https://ftp.ncbi.nlm.nih.gov/genomes/all/GCA/013/816/785/GCA_013816785.1_ASM1381678v1/GCA_013816785.1_ASM1381678v1_genomic.fna.gz	f0f5c51de2d3bb7771138d9514834608	669416	mackay__GCF_013816785.1.fna.gz
https://ftp.ncbi.nlm.nih.gov/genomes/all/GCA/013/817/205/GCA_013817205.1_ASM1381720v1/GCA_013817205.1_ASM1381720v1_genomic.fna.gz	2be25d4ad85088acc86e4c5ca8dd1810	1115966	mackay__GCF_013817205.1.fna.gz
https://ftp.ncbi.nlm.nih.gov/genomes/all/GCA/013/817/345/GCA_013817345.1_ASM1381734v1/GCA_013817345.1_ASM1381734v1_genomic.fna.gz	f9b734710da0ff8cc372893f2d8184d9	1199328	mackay__GCF_013817345.1.fna.gz
https://ftp.ncbi.nlm.nih.gov/genomes/all/GCA/013/817/365/GCA_013817365.1_ASM1381736v1/GCA_013817365.1_ASM1381736v1_genomic.fna.gz	d887c8a38a0241819d071f50b0734c52	1209787	mackay__GCF_013817365.1.fna.gz
